
════════════════════════════════════════════════════════
    ARISE BERU RANGO — MANOS ON
    Santo: SKHYUSDT_LINEAL · mercado=linear · perfil=feria · Vacío ±2.2% · masa $5.0 · Red $5.0
    FASE: HIERRO | SIM=False | TESTNET=False
════════════════════════════════════════════════════════
[2026-08-31 08:01:15] [BRIDGE] LEVERAGE_ERROR: SKHYUSD 25x: params error: symbol invalid SKHYUSD (ErrCode: 10001) (ErrTime: 14:01:15).
Request → POST https://api.bybit.com/v5/position/set-leverage: {"category": "inverse", "symbol": "SKHYUSD", "buyLeverage": "25", "sellLeverage": "25"}.
[BELLION OIDO · CRITICO] BRIDGE LEVERAGE_ERROR
[2026-08-31 08:01:15] [BRIDGE] LEVERAGE_ERROR: SKHYUSD 20x: params error: symbol invalid SKHYUSD (ErrCode: 10001) (ErrTime: 14:01:15).
Request → POST https://api.bybit.com/v5/position/set-leverage: {"category": "inverse", "symbol": "SKHYUSD", "buyLeverage": "20", "sellLeverage": "20"}.
[BELLION OIDO · CRITICO] BRIDGE LEVERAGE_ERROR
[2026-08-31 08:01:15] [BRIDGE] LEVERAGE_ERROR: SKHYUSD 15x: params error: symbol invalid SKHYUSD (ErrCode: 10001) (ErrTime: 14:01:15).
Request → POST https://api.bybit.com/v5/position/set-leverage: {"category": "inverse", "symbol": "SKHYUSD", "buyLeverage": "15", "sellLeverage": "15"}.
[BELLION OIDO · CRITICO] BRIDGE LEVERAGE_ERROR
[2026-08-31 08:01:15] [BRIDGE] LEVERAGE_ERROR: SKHYUSD 12x: params error: symbol invalid SKHYUSD (ErrCode: 10001) (ErrTime: 14:01:15).
Request → POST https://api.bybit.com/v5/position/set-leverage: {"category": "inverse", "symbol": "SKHYUSD", "buyLeverage": "12", "sellLeverage": "12"}.
[BELLION OIDO · CRITICO] BRIDGE LEVERAGE_ERROR
[2026-08-31 08:01:16] [BRIDGE] LEVERAGE_ERROR: SKHYUSD 10x: params error: symbol invalid SKHYUSD (ErrCode: 10001) (ErrTime: 14:01:16).
Request → POST https://api.bybit.com/v5/position/set-leverage: {"category": "inverse", "symbol": "SKHYUSD", "buyLeverage": "10", "sellLeverage": "10"}.
[BELLION OIDO · CRITICO] BRIDGE LEVERAGE_ERROR
[2026-08-31 08:01:16] [BRIDGE] LEVERAGE_ERROR: SKHYUSD 8x: params error: symbol invalid SKHYUSD (ErrCode: 10001) (ErrTime: 14:01:16).
Request → POST https://api.bybit.com/v5/position/set-leverage: {"category": "inverse", "symbol": "SKHYUSD", "buyLeverage": "8", "sellLeverage": "8"}.
[BELLION OIDO · CRITICO] BRIDGE LEVERAGE_ERROR
[2026-08-31 08:01:16] [BRIDGE] LEVERAGE_ERROR: SKHYUSD 5x: params error: symbol invalid SKHYUSD (ErrCode: 10001) (ErrTime: 14:01:16).
Request → POST https://api.bybit.com/v5/position/set-leverage: {"category": "inverse", "symbol": "SKHYUSD", "buyLeverage": "5", "sellLeverage": "5"}.
[BELLION OIDO · CRITICO] BRIDGE LEVERAGE_ERROR
[2026-08-31 08:01:16] [BRIDGE] LEVERAGE_ERROR: SKHYUSD 3x: params error: symbol invalid SKHYUSD (ErrCode: 10001) (ErrTime: 14:01:16).
Request → POST https://api.bybit.com/v5/position/set-leverage: {"category": "inverse", "symbol": "SKHYUSD", "buyLeverage": "3", "sellLeverage": "3"}.
[BELLION OIDO · CRITICO] BRIDGE LEVERAGE_ERROR
[2026-08-31 08:01:17] [BRIDGE] LEVERAGE_ERROR: SKHYUSD 2x: params error: symbol invalid SKHYUSD (ErrCode: 10001) (ErrTime: 14:01:17).
Request → POST https://api.bybit.com/v5/position/set-leverage: {"category": "inverse", "symbol": "SKHYUSD", "buyLeverage": "2", "sellLeverage": "2"}.
[BELLION OIDO · CRITICO] BRIDGE LEVERAGE_ERROR
[2026-08-31 08:01:17] [BRIDGE] LEVERAGE_ERROR: SKHYUSD 1x: params error: symbol invalid SKHYUSD (ErrCode: 10001) (ErrTime: 14:01:17).
Request → POST https://api.bybit.com/v5/position/set-leverage: {"category": "inverse", "symbol": "SKHYUSD", "buyLeverage": "1", "sellLeverage": "1"}.
[BELLION OIDO · CRITICO] BRIDGE LEVERAGE_ERROR
[2026-08-31 08:01:17] [BRIDGE] LEVERAGE_ERROR: SKHYUSD 23x: params error: symbol invalid SKHYUSD (ErrCode: 10001) (ErrTime: 14:01:17).
Request → POST https://api.bybit.com/v5/position/set-leverage: {"category": "inverse", "symbol": "SKHYUSD", "buyLeverage": "23", "sellLeverage": "23"}.
[BELLION OIDO · CRITICO] BRIDGE LEVERAGE_ERROR
[2026-08-31 08:01:17] [BRIDGE] LEVERAGE_ERROR: SKHYUSD 21x: params error: symbol invalid SKHYUSD (ErrCode: 10001) (ErrTime: 14:01:17).
Request → POST https://api.bybit.com/v5/position/set-leverage: {"category": "inverse", "symbol": "SKHYUSD", "buyLeverage": "21", "sellLeverage": "21"}.
[BELLION OIDO · CRITICO] BRIDGE LEVERAGE_ERROR
[2026-08-31 08:01:18] [BRIDGE] LEVERAGE_ERROR: SKHYUSD 19x: params error: symbol invalid SKHYUSD (ErrCode: 10001) (ErrTime: 14:01:18).
Request → POST https://api.bybit.com/v5/position/set-leverage: {"category": "inverse", "symbol": "SKHYUSD", "buyLeverage": "19", "sellLeverage": "19"}.
[BELLION OIDO · CRITICO] BRIDGE LEVERAGE_ERROR
[2026-08-31 08:01:18] [BRIDGE] LEVERAGE_ERROR: SKHYUSD 17x: params error: symbol invalid SKHYUSD (ErrCode: 10001) (ErrTime: 14:01:18).
Request → POST https://api.bybit.com/v5/position/set-leverage: {"category": "inverse", "symbol": "SKHYUSD", "buyLeverage": "17", "sellLeverage": "17"}.
[BELLION OIDO · CRITICO] BRIDGE LEVERAGE_ERROR
[2026-08-31 08:01:18] [BRIDGE] LEVERAGE_ERROR: SKHYUSD 13x: params error: symbol invalid SKHYUSD (ErrCode: 10001) (ErrTime: 14:01:18).
Request → POST https://api.bybit.com/v5/position/set-leverage: {"category": "inverse", "symbol": "SKHYUSD", "buyLeverage": "13", "sellLeverage": "13"}.
[BELLION OIDO · CRITICO] BRIDGE LEVERAGE_ERROR
[2026-08-31 08:01:18] [BRIDGE] LEVERAGE_ERROR: SKHYUSD 11x: params error: symbol invalid SKHYUSD (ErrCode: 10001) (ErrTime: 14:01:18).
Request → POST https://api.bybit.com/v5/position/set-leverage: {"category": "inverse", "symbol": "SKHYUSD", "buyLeverage": "11", "sellLeverage": "11"}.
[BELLION OIDO · CRITICO] BRIDGE LEVERAGE_ERROR
[2026-08-31 08:01:19] [BRIDGE] LEVERAGE_ERROR: SKHYUSD 9x: params error: symbol invalid SKHYUSD (ErrCode: 10001) (ErrTime: 14:01:19).
Request → POST https://api.bybit.com/v5/position/set-leverage: {"category": "inverse", "symbol": "SKHYUSD", "buyLeverage": "9", "sellLeverage": "9"}.
[BELLION OIDO · CRITICO] BRIDGE LEVERAGE_ERROR
[2026-08-31 08:01:19] [BRIDGE] LEVERAGE_ERROR: SKHYUSD 7x: params error: symbol invalid SKHYUSD (ErrCode: 10001) (ErrTime: 14:01:19).
Request → POST https://api.bybit.com/v5/position/set-leverage: {"category": "inverse", "symbol": "SKHYUSD", "buyLeverage": "7", "sellLeverage": "7"}.
[BELLION OIDO · CRITICO] BRIDGE LEVERAGE_ERROR
[2026-08-31 08:01:19] [BRIDGE] LEVERAGE_ERROR: SKHYUSD 24x: params error: symbol invalid SKHYUSD (ErrCode: 10001) (ErrTime: 14:01:19).
Request → POST https://api.bybit.com/v5/position/set-leverage: {"category": "inverse", "symbol": "SKHYUSD", "buyLeverage": "24", "sellLeverage": "24"}.
[BELLION OIDO · CRITICO] BRIDGE LEVERAGE_ERROR
[2026-08-31 08:01:19] [BRIDGE] LEVERAGE_ERROR: SKHYUSD 22x: params error: symbol invalid SKHYUSD (ErrCode: 10001) (ErrTime: 14:01:19).
Request → POST https://api.bybit.com/v5/position/set-leverage: {"category": "inverse", "symbol": "SKHYUSD", "buyLeverage": "22", "sellLeverage": "22"}.
[BELLION OIDO · CRITICO] BRIDGE LEVERAGE_ERROR
[2026-08-31 08:01:20] [BRIDGE] LEVERAGE_ERROR: SKHYUSD 18x: params error: symbol invalid SKHYUSD (ErrCode: 10001) (ErrTime: 14:01:20).
Request → POST https://api.bybit.com/v5/position/set-leverage: {"category": "inverse", "symbol": "SKHYUSD", "buyLeverage": "18", "sellLeverage": "18"}.
[BELLION OIDO · CRITICO] BRIDGE LEVERAGE_ERROR
[2026-08-31 08:01:20] [BRIDGE] LEVERAGE_ERROR: SKHYUSD 16x: params error: symbol invalid SKHYUSD (ErrCode: 10001) (ErrTime: 14:01:20).
Request → POST https://api.bybit.com/v5/position/set-leverage: {"category": "inverse", "symbol": "SKHYUSD", "buyLeverage": "16", "sellLeverage": "16"}.
[BELLION OIDO · CRITICO] BRIDGE LEVERAGE_ERROR
[2026-08-31 08:01:20] [BRIDGE] LEVERAGE_ERROR: SKHYUSD 14x: params error: symbol invalid SKHYUSD (ErrCode: 10001) (ErrTime: 14:01:20).
Request → POST https://api.bybit.com/v5/position/set-leverage: {"category": "inverse", "symbol": "SKHYUSD", "buyLeverage": "14", "sellLeverage": "14"}.
[BELLION OIDO · CRITICO] BRIDGE LEVERAGE_ERROR
[2026-08-31 08:01:20] [BRIDGE] LEVERAGE_ERROR: SKHYUSD 6x: params error: symbol invalid SKHYUSD (ErrCode: 10001) (ErrTime: 14:01:20).
Request → POST https://api.bybit.com/v5/position/set-leverage: {"category": "inverse", "symbol": "SKHYUSD", "buyLeverage": "6", "sellLeverage": "6"}.
[BELLION OIDO · CRITICO] BRIDGE LEVERAGE_ERROR
[2026-08-31 08:01:21] [BRIDGE] LEVERAGE_ERROR: SKHYUSD 4x: params error: symbol invalid SKHYUSD (ErrCode: 10001) (ErrTime: 14:01:21).
Request → POST https://api.bybit.com/v5/position/set-leverage: {"category": "inverse", "symbol": "SKHYUSD", "buyLeverage": "4", "sellLeverage": "4"}.
[BELLION OIDO · CRITICO] BRIDGE LEVERAGE_ERROR
[2026-08-31 08:01:21] [IGRIS] LEVERAGE_MAX_AVISO: SKHY · SKHYUSD (inverse): pedido 25x · Bybit NO dejó · params error: symbol invalid SKHYUSD (ErrCode: 10001) (ErrTime: 14:01:21).
Request → POST https://api.bybit.com/v5/position/set-leverage: {"category": "inverse", "symbol": "SKHYUSD", "buyLeverage": "4", "sellLeverage": "4"}.
[BELLION OIDO · CRITICO] IGRIS LEVERAGE_MAX_AVISO
[2026-08-31 08:01:21] [IGRIS] LEVERAGE_MAX_OK: SKHY · SKHYUSDT (linear): 25x (techo catálogo)
[RANGO] apalanc SKHY AVISO: [{'ok': False, 'activo': 'SKHY', 'symbol': 'SKHYUSD', 'category': 'inverse', 'pedido': 25, 'aplicado': None, 'motivo': 'params error: symbol invalid SKHYUSD (ErrCode: 10001) (ErrTime: 14:01:21).\nRequest → POST https://api.bybit.com/v5/position/set-leverage: {"category": "inverse", "symbol": "SKHYUSD", "buyLeverage": "4", "sellLeverage": "4"}.'}]
[2026-08-31 08:01:23] [TUSK] RECONCILIACIÓN: WDCUSDT_LINEAL: interno L:0.000000/S:0.000000 -> real L:0.020000/S:0.000000
[2026-08-31 08:01:23] [TUSK] RECONCILIACIÓN: BLUAIUSDT_LINEAL: interno L:0.000000/S:0.000000 -> real L:850.000000/S:0.000000
[2026-08-31 08:01:23] [TUSK] RECONCILIACIÓN: COTIUSDT_LINEAL: interno L:0.000000/S:0.000000 -> real L:1588.000000/S:0.000000
[2026-08-31 08:01:23] [TUSK] RECONCILIACIÓN: SAMSUNGUSDT_LINEAL: interno L:0.000000/S:0.000000 -> real L:0.000000/S:0.110000
[2026-08-31 08:01:24] [TUSK] RECONCILIACIÓN: AEHRUSDT_LINEAL: interno L:0.000000/S:0.000000 -> real L:0.020000/S:0.000000
[2026-08-31 08:01:24] [TUSK] RECONCILIACIÓN: LITUSDT_LINEAL: interno L:0.000000/S:0.000000 -> real L:0.000000/S:20.800000
[2026-08-31 08:01:24] [TUSK] RECONCILIACIÓN: BSPUSDT_LINEAL: interno L:0.000000/S:0.000000 -> real L:0.290000/S:0.000000
[2026-08-31 08:01:24] [TUSK] RECONCILIACIÓN: PLTRUSDT_LINEAL: interno L:0.000000/S:0.000000 -> real L:0.030000/S:0.000000
[2026-08-31 08:01:24] [TUSK] RECONCILIACIÓN: BIOUSDT_LINEAL: interno L:0.000000/S:0.000000 -> real L:1016.000000/S:0.000000
[2026-08-31 08:01:24] [TUSK] RECONCILIACIÓN: TSLLUSDT_LINEAL: interno L:0.000000/S:0.000000 -> real L:1.150000/S:0.000000
[2026-08-31 08:01:24] [TUSK] RECONCILIACIÓN: POWERUSDT_LINEAL: interno L:0.000000/S:0.000000 -> real L:67.000000/S:0.000000
[2026-08-31 08:01:24] [TUSK] RECONCILIACIÓN: SNXXUSDT_LINEAL: interno L:0.000000/S:0.000000 -> real L:6.450000/S:0.000000
[2026-08-31 08:01:24] [TUSK] RECONCILIACIÓN: KSMUSDT_LINEAL: interno L:0.000000/S:0.000000 -> real L:13.470000/S:0.000000
[2026-08-31 08:01:24] [TUSK] RECONCILIACIÓN: MRVLUSDT_LINEAL: interno L:0.000000/S:0.000000 -> real L:1.050000/S:0.000000
[2026-08-31 08:01:24] [TUSK] RECONCILIACIÓN: CRCLUSDT_LINEAL: interno L:0.000000/S:0.000000 -> real L:0.410000/S:0.000000
[2026-08-31 08:01:24] [TUSK] RECONCILIACIÓN: MVLLUSDT_LINEAL: interno L:0.000000/S:0.000000 -> real L:3.550000/S:0.000000
[2026-08-31 08:01:24] [TUSK] RECONCILIACIÓN: CRDOUSDT_LINEAL: interno L:0.000000/S:0.000000 -> real L:0.110000/S:0.000000
[2026-08-31 08:01:24] [TUSK] RECONCILIACIÓN: ZBCNUSDT_LINEAL: interno L:0.000000/S:0.000000 -> real L:9700.000000/S:0.000000
[2026-08-31 08:01:24] [TUSK] RECONCILIACIÓN: FLYUSDT_LINEAL: interno L:0.000000/S:0.000000 -> real L:0.090000/S:0.000000
[2026-08-31 08:01:24] [TUSK] RECONCILIACIÓN: INTWUSDT_LINEAL: interno L:0.000000/S:0.000000 -> real L:2.120000/S:0.000000
[2026-08-31 08:01:24] [TUSK] RECONCILIACIÓN: LTCUSD_INVERSE: interno L:0.000000/S:0.000000 -> real L:234.000000/S:0.000000
[2026-08-31 08:01:24] [TUSK] RECONCILIACIÓN: DOGEUSD_INVERSE: interno L:0.000000/S:0.000000 -> real L:219.000000/S:0.000000
[2026-08-31 08:01:24] [TUSK] RECONCILIACIÓN: ETHUSD_INVERSE: interno L:0.000000/S:0.000000 -> real L:190.000000/S:0.000000
[2026-08-31 08:01:24] [TUSK] RECONCILIACIÓN: HYPEUSD_INVERSE: interno L:0.000000/S:0.000000 -> real L:291.000000/S:0.000000
[2026-08-31 08:01:24] [TUSK] RECONCILIACIÓN: SOLUSD_INVERSE: interno L:0.000000/S:0.000000 -> real L:201.000000/S:0.000000
[2026-08-31 08:01:24] [TUSK] RECONCILIACIÓN: BTCUSD_INVERSE: interno L:0.000000/S:0.000000 -> real L:202.000000/S:0.000000
[2026-08-31 08:01:24] [TUSK] RECONCILIACIÓN: XRPUSD_INVERSE: interno L:0.000000/S:0.000000 -> real L:230.000000/S:0.000000
[2026-08-31 08:01:24] [TUSK] RECONCILIACIÓN: FILUSD_INVERSE: interno L:0.000000/S:0.000000 -> real L:198.000000/S:0.000000
[2026-08-31 08:01:24] [TUSK] RECONCILIACIÓN: MNTUSD_INVERSE: interno L:0.000000/S:0.000000 -> real L:69.000000/S:0.000000
[2026-08-31 08:01:24] [TUSK] RECONCILIACIÓN: AAVEUSD_INVERSE: interno L:0.000000/S:0.000000 -> real L:178.000000/S:0.000000
[2026-08-31 08:01:24] [TUSK] RECONCILIACIÓN: APTUSD_INVERSE: interno L:0.000000/S:0.000000 -> real L:210.000000/S:0.000000
[2026-08-31 08:01:24] [TUSK] RECONCILIACIÓN: AVAXUSD_INVERSE: interno L:0.000000/S:0.000000 -> real L:200.000000/S:0.000000
[2026-08-31 08:01:24] [TUSK] RECONCILIACIÓN: BCHUSD_INVERSE: interno L:0.000000/S:0.000000 -> real L:180.000000/S:0.000000
[2026-08-31 08:01:24] [TUSK] RECONCILIACIÓN: ETCUSD_INVERSE: interno L:0.000000/S:0.000000 -> real L:283.000000/S:0.000000
[2026-08-31 08:01:24] [TUSK] RECONCILIACIÓN: LINKUSD_INVERSE: interno L:0.000000/S:0.000000 -> real L:199.000000/S:0.000000
[2026-08-31 08:01:24] [TUSK] RECONCILIACIÓN: NEARUSD_INVERSE: interno L:0.000000/S:0.000000 -> real L:113.000000/S:0.000000
[2026-08-31 08:01:24] [TUSK] RECONCILIACIÓN: OPUSD_INVERSE: interno L:0.000000/S:0.000000 -> real L:225.000000/S:0.000000
[2026-08-31 08:01:24] [TUSK] RECONCILIACIÓN: SUIUSD_INVERSE: interno L:0.000000/S:0.000000 -> real L:208.000000/S:0.000000
[2026-08-31 08:01:24] [TUSK] RECONCILIACIÓN: XLMUSD_INVERSE: interno L:0.000000/S:0.000000 -> real L:206.000000/S:0.000000
[2026-08-31 08:01:24] [TUSK] RECONCILIACIÓN: DOTUSD_INVERSE: interno L:0.000000/S:0.000000 -> real L:200.000000/S:0.000000
[2026-08-31 08:01:24] [TUSK] RECONCILIACIÓN_OK: 40 frentes alineados con exchange
[RANGO] Checkpoint SEMILLA · forzado --desde-cero · edad=—s · pos=0
[2026-08-31 08:01:24] [BERU_RANGO] WAKE: RANGO_SKHY_71dc0622 0=164.910000 Vacío ±2.2% → trailing Oz 0.2% · masa $5.00 · Red→$5.
[BERU_RANGO] WAKE RANGO_SKHY_71dc0622 0=164.91 precio=164.91 masa_usd=5.0
[RANGO] Wake SKHY 0=164.91 · Red=— · sangre=— · estado=ACECHANDO · Oz=— · manos=True · bridge=ON · SEMILLA

[RANGO] Hilo vivo · Stop/amend/Market permitidos · Ctrl+C sella.

[TANK] Trinidad 22 activos | pentiverso ['LTC', 'BTC'] | beru ['ETHUSDT_SPOT'] | ref: ETH (HIERRO).
[2026-08-31 08:01:24] [BRIDGE] TRINIDAD: Sentidos[beru_rango]: catalog 803+40 lin | 0+0 inv | 0 spot · WS 1 shards · tickers=1 · books=OFF · trades=ON · bases=SKHY
[RANGO] SKHYUSDT_LINEAL last=164.88 · río=WS · mercado=linear · estado=ACECHANDO · dir=— · 0=164.91 · Oz=— · Red=— · manos=ON · pos=flat · latido=1.50s
[RANGO] autosello SKHY · ACECHANDO · Oz=0.0 link=— · manos_feria_informe.json
[RANGO] SKHYUSDT_LINEAL last=165.05 · río=WS · mercado=linear · estado=ACECHANDO · dir=— · 0=164.91 · Oz=— · Red=— · manos=ON · pos=flat · latido=1.50s
[RANGO] autosello SKHY · ACECHANDO · Oz=0.0 link=— · manos_feria_informe.json
[RANGO] SKHYUSDT_LINEAL last=164.8 · río=WS · mercado=linear · estado=ACECHANDO · dir=— · 0=164.91 · Oz=— · Red=— · manos=ON · pos=flat · latido=1.50s
[RANGO] SKHYUSDT_LINEAL last=164.62 · río=WS · mercado=linear · estado=ACECHANDO · dir=— · 0=164.91 · Oz=— · Red=— · manos=ON · pos=flat · latido=1.50s
[RANGO] autosello SKHY · ACECHANDO · Oz=0.0 link=— · manos_feria_informe.json
[RANGO] SKHYUSDT_LINEAL last=164.7 · río=WS · mercado=linear · estado=ACECHANDO · dir=— · 0=164.91 · Oz=— · Red=— · manos=ON · pos=flat · latido=1.50s
[RANGO] autosello SKHY · ACECHANDO · Oz=0.0 link=— · manos_feria_informe.json
[RANGO] SKHYUSDT_LINEAL last=164.5 · río=WS · mercado=linear · estado=ACECHANDO · dir=— · 0=164.91 · Oz=— · Red=— · manos=ON · pos=flat · latido=1.50s
[RANGO] SKHYUSDT_LINEAL last=164.56 · río=WS · mercado=linear · estado=ACECHANDO · dir=— · 0=164.91 · Oz=— · Red=— · manos=ON · pos=flat · latido=1.50s
[RANGO] autosello SKHY · ACECHANDO · Oz=0.0 link=— · manos_feria_informe.json
[RANGO] SKHYUSDT_LINEAL last=164.46 · río=WS · mercado=linear · estado=ACECHANDO · dir=— · 0=164.91 · Oz=— · Red=— · manos=ON · pos=flat · latido=1.50s
[RANGO] autosello SKHY · ACECHANDO · Oz=0.0 link=— · manos_feria_informe.json
[RANGO] SKHYUSDT_LINEAL last=164.26 · río=WS · mercado=linear · estado=ACECHANDO · dir=— · 0=164.91 · Oz=— · Red=— · manos=ON · pos=flat · latido=1.50s
[RANGO] SKHYUSDT_LINEAL last=164.23 · río=WS · mercado=linear · estado=ACECHANDO · dir=— · 0=164.91 · Oz=— · Red=— · manos=ON · pos=flat · latido=1.50s
[RANGO] autosello SKHY · ACECHANDO · Oz=0.0 link=— · manos_feria_informe.json
[RANGO] SKHYUSDT_LINEAL last=164.26 · río=WS · mercado=linear · estado=ACECHANDO · dir=— · 0=164.91 · Oz=— · Red=— · manos=ON · pos=flat · latido=1.50s
[RANGO] autosello SKHY · ACECHANDO · Oz=0.0 link=— · manos_feria_informe.json
[RANGO] SKHYUSDT_LINEAL last=164.23 · río=WS · mercado=linear · estado=ACECHANDO · dir=— · 0=164.91 · Oz=— · Red=— · manos=ON · pos=flat · latido=1.50s
[2026-08-31 08:03:28] [TUSK] RECONCILIACIÓN: BSPUSDT_LINEAL: interno L:0.290000/S:0.000000 -> real L:0.170000/S:0.000000
[2026-08-31 08:03:28] [TUSK] RECONCILIACIÓN_OK: 1 frentes alineados con exchange
[RANGO] SKHYUSDT_LINEAL last=164.08 · río=WS · mercado=linear · estado=ACECHANDO · dir=— · 0=164.91 · Oz=— · Red=— · manos=ON · pos=flat · latido=1.50s
[RANGO] autosello SKHY · ACECHANDO · Oz=0.0 link=— · manos_feria_informe.json
[RANGO] SKHYUSDT_LINEAL last=164.16 · río=WS · mercado=linear · estado=ACECHANDO · dir=— · 0=164.91 · Oz=— · Red=— · manos=ON · pos=flat · latido=1.50s
[RANGO] autosello SKHY · ACECHANDO · Oz=0.0 link=— · manos_feria_informe.json
[RANGO] SKHYUSDT_LINEAL last=164.08 · río=WS · mercado=linear · estado=ACECHANDO · dir=— · 0=164.91 · Oz=— · Red=— · manos=ON · pos=flat · latido=1.50s
[RANGO] SKHYUSDT_LINEAL last=164.07 · río=WS · mercado=linear · estado=ACECHANDO · dir=— · 0=164.91 · Oz=— · Red=— · manos=ON · pos=flat · latido=1.50s
[RANGO] autosello SKHY · ACECHANDO · Oz=0.0 link=— · manos_feria_informe.json
[RANGO] SKHYUSDT_LINEAL last=164.12 · río=WS · mercado=linear · estado=ACECHANDO · dir=— · 0=164.91 · Oz=— · Red=— · manos=ON · pos=flat · latido=1.50s
[RANGO] autosello SKHY · ACECHANDO · Oz=0.0 link=— · manos_feria_informe.json
[RANGO] SKHYUSDT_LINEAL last=164.3 · río=WS · mercado=linear · estado=ACECHANDO · dir=— · 0=164.91 · Oz=— · Red=— · manos=ON · pos=flat · latido=1.50s
[RANGO] SKHYUSDT_LINEAL last=164.4 · río=WS · mercado=linear · estado=ACECHANDO · dir=— · 0=164.91 · Oz=— · Red=— · manos=ON · pos=flat · latido=1.50s
[2026-08-31 08:04:30] [TUSK] RECONCILIACIÓN: AEHRUSDT_LINEAL: interno L:0.020000/S:0.000000 -> real L:0.090000/S:0.000000
[2026-08-31 08:04:30] [TUSK] RECONCILIACIÓN_OK: 1 frentes alineados con exchange
[RANGO] autosello SKHY · ACECHANDO · Oz=0.0 link=— · manos_feria_informe.json
[RANGO] SKHYUSDT_LINEAL last=164.26 · río=WS · mercado=linear · estado=ACECHANDO · dir=— · 0=164.91 · Oz=— · Red=— · manos=ON · pos=flat · latido=1.50s
[RANGO] autosello SKHY · ACECHANDO · Oz=0.0 link=— · manos_feria_informe.json
[RANGO] SKHYUSDT_LINEAL last=164.26 · río=WS · mercado=linear · estado=ACECHANDO · dir=— · 0=164.91 · Oz=— · Red=— · manos=ON · pos=flat · latido=1.50s
[RANGO] SKHYUSDT_LINEAL last=164.5 · río=WS · mercado=linear · estado=ACECHANDO · dir=— · 0=164.91 · Oz=— · Red=— · manos=ON · pos=flat · latido=1.50s
[RANGO] autosello SKHY · ACECHANDO · Oz=0.0 link=— · manos_feria_informe.json
[RANGO] SKHYUSDT_LINEAL last=164.35 · río=WS · mercado=linear · estado=ACECHANDO · dir=— · 0=164.91 · Oz=— · Red=— · manos=ON · pos=flat · latido=1.50s
[RANGO] autosello SKHY · ACECHANDO · Oz=0.0 link=— · manos_feria_informe.json
[RANGO] SKHYUSDT_LINEAL last=164.48 · río=WS · mercado=linear · estado=ACECHANDO · dir=— · 0=164.91 · Oz=— · Red=— · manos=ON · pos=flat · latido=1.50s
[RANGO] SKHYUSDT_LINEAL last=164.38 · río=WS · mercado=linear · estado=ACECHANDO · dir=— · 0=164.91 · Oz=— · Red=— · manos=ON · pos=flat · latido=1.50s
[RANGO] autosello SKHY · ACECHANDO · Oz=0.0 link=— · manos_feria_informe.json
[RANGO] SKHYUSDT_LINEAL last=164.49 · río=WS · mercado=linear · estado=ACECHANDO · dir=— · 0=164.91 · Oz=— · Red=— · manos=ON · pos=flat · latido=1.50s
[RANGO] autosello SKHY · ACECHANDO · Oz=0.0 link=— · manos_feria_informe.json
[RANGO] SKHYUSDT_LINEAL last=164.48 · río=WS · mercado=linear · estado=ACECHANDO · dir=— · 0=164.91 · Oz=— · Red=— · manos=ON · pos=flat · latido=1.50s
[RANGO] SKHYUSDT_LINEAL last=164.59 · río=WS · mercado=linear · estado=ACECHANDO · dir=— · 0=164.91 · Oz=— · Red=— · manos=ON · pos=flat · latido=1.50s
[RANGO] autosello SKHY · ACECHANDO · Oz=0.0 link=— · manos_feria_informe.json
[RANGO] SKHYUSDT_LINEAL last=164.18 · río=WS · mercado=linear · estado=ACECHANDO · dir=— · 0=164.91 · Oz=— · Red=— · manos=ON · pos=flat · latido=1.50s
[RANGO] autosello SKHY · ACECHANDO · Oz=0.0 link=— · manos_feria_informe.json
[RANGO] SKHYUSDT_LINEAL last=164.11 · río=WS · mercado=linear · estado=ACECHANDO · dir=— · 0=164.91 · Oz=— · Red=— · manos=ON · pos=flat · latido=1.50s
[RANGO] SKHYUSDT_LINEAL last=164.34 · río=WS · mercado=linear · estado=ACECHANDO · dir=— · 0=164.91 · Oz=— · Red=— · manos=ON · pos=flat · latido=1.50s
[2026-08-31 08:06:32] [TUSK] RECONCILIACIÓN: NILUSDT_LINEAL: interno L:0.000000/S:0.000000 -> real L:220.000000/S:0.000000
[2026-08-31 08:06:32] [TUSK] RECONCILIACIÓN: QNTXUSDT_LINEAL: interno L:0.000000/S:0.000000 -> real L:0.200000/S:0.000000
[2026-08-31 08:06:32] [TUSK] RECONCILIACIÓN_FANTASMA: FLYUSDT_LINEAL existe interno pero no en exchange -> reseteando
[2026-08-31 08:06:32] [TUSK] RECONCILIACIÓN_FANTASMA: INTWUSDT_LINEAL existe interno pero no en exchange -> reseteando
[2026-08-31 08:06:32] [TUSK] RECONCILIACIÓN_OK: 4 frentes alineados con exchange
[RANGO] autosello SKHY · ACECHANDO · Oz=0.0 link=— · manos_feria_informe.json
[RANGO] SKHYUSDT_LINEAL last=164.29 · río=WS · mercado=linear · estado=ACECHANDO · dir=— · 0=164.91 · Oz=— · Red=— · manos=ON · pos=flat · latido=1.50s
[RANGO] autosello SKHY · ACECHANDO · Oz=0.0 link=— · manos_feria_informe.json
[RANGO] SKHYUSDT_LINEAL last=164.29 · río=WS · mercado=linear · estado=ACECHANDO · dir=— · 0=164.91 · Oz=— · Red=— · manos=ON · pos=flat · latido=1.50s
[RANGO] SKHYUSDT_LINEAL last=164.09 · río=WS · mercado=linear · estado=ACECHANDO · dir=— · 0=164.91 · Oz=— · Red=— · manos=ON · pos=flat · latido=1.50s
[RANGO] autosello SKHY · ACECHANDO · Oz=0.0 link=— · manos_feria_informe.json
[RANGO] SKHYUSDT_LINEAL last=163.87 · río=WS · mercado=linear · estado=ACECHANDO · dir=— · 0=164.91 · Oz=— · Red=— · manos=ON · pos=flat · latido=1.50s
[RANGO] autosello SKHY · ACECHANDO · Oz=0.0 link=— · manos_feria_informe.json
[RANGO] SKHYUSDT_LINEAL last=164.18 · río=WS · mercado=linear · estado=ACECHANDO · dir=— · 0=164.91 · Oz=— · Red=— · manos=ON · pos=flat · latido=1.50s
[RANGO] SKHYUSDT_LINEAL last=164.21 · río=WS · mercado=linear · estado=ACECHANDO · dir=— · 0=164.91 · Oz=— · Red=— · manos=ON · pos=flat · latido=1.50s
[RANGO] autosello SKHY · ACECHANDO · Oz=0.0 link=— · manos_feria_informe.json
[2026-08-31 08:07:33] [TUSK] RECONCILIACIÓN: NBISUSDT_LINEAL: interno L:0.000000/S:0.000000 -> real L:0.000000/S:0.050000
[2026-08-31 08:07:33] [TUSK] RECONCILIACIÓN_FANTASMA: ZBCNUSDT_LINEAL existe interno pero no en exchange -> reseteando
[2026-08-31 08:07:33] [TUSK] RECONCILIACIÓN_OK: 2 frentes alineados con exchange
[RANGO] SKHYUSDT_LINEAL last=164.04 · río=WS · mercado=linear · estado=ACECHANDO · dir=— · 0=164.91 · Oz=— · Red=— · manos=ON · pos=flat · latido=1.50s
[RANGO] autosello SKHY · ACECHANDO · Oz=0.0 link=— · manos_feria_informe.json
[RANGO] SKHYUSDT_LINEAL last=164.06 · río=WS · mercado=linear · estado=ACECHANDO · dir=— · 0=164.91 · Oz=— · Red=— · manos=ON · pos=flat · latido=1.50s
[RANGO] SKHYUSDT_LINEAL last=163.98 · río=WS · mercado=linear · estado=ACECHANDO · dir=— · 0=164.91 · Oz=— · Red=— · manos=ON · pos=flat · latido=1.50s
[RANGO] autosello SKHY · ACECHANDO · Oz=0.0 link=— · manos_feria_informe.json
[RANGO] SKHYUSDT_LINEAL last=164.08 · río=WS · mercado=linear · estado=ACECHANDO · dir=— · 0=164.91 · Oz=— · Red=— · manos=ON · pos=flat · latido=1.50s
[RANGO] autosello SKHY · ACECHANDO · Oz=0.0 link=— · manos_feria_informe.json
[RANGO] SKHYUSDT_LINEAL last=164.14 · río=WS · mercado=linear · estado=ACECHANDO · dir=— · 0=164.91 · Oz=— · Red=— · manos=ON · pos=flat · latido=1.50s
[RANGO] SKHYUSDT_LINEAL last=164.26 · río=WS · mercado=linear · estado=ACECHANDO · dir=— · 0=164.91 · Oz=— · Red=— · manos=ON · pos=flat · latido=1.50s
[RANGO] autosello SKHY · ACECHANDO · Oz=0.0 link=— · manos_feria_informe.json
[2026-08-31 08:08:34] [TUSK] RECONCILIACIÓN: CRCLUSDT_LINEAL: interno L:0.410000/S:0.000000 -> real L:0.470000/S:0.000000
[2026-08-31 08:08:34] [TUSK] RECONCILIACIÓN_OK: 1 frentes alineados con exchange
[RANGO] SKHYUSDT_LINEAL last=164.24 · río=WS · mercado=linear · estado=ACECHANDO · dir=— · 0=164.91 · Oz=— · Red=— · manos=ON · pos=flat · latido=1.50s
[RANGO] autosello SKHY · ACECHANDO · Oz=0.0 link=— · manos_feria_informe.json
[RANGO] SKHYUSDT_LINEAL last=164.27 · río=WS · mercado=linear · estado=ACECHANDO · dir=— · 0=164.91 · Oz=— · Red=— · manos=ON · pos=flat · latido=1.50s
[RANGO] SKHYUSDT_LINEAL last=164.12 · río=WS · mercado=linear · estado=ACECHANDO · dir=— · 0=164.91 · Oz=— · Red=— · manos=ON · pos=flat · latido=1.50s
[RANGO] autosello SKHY · ACECHANDO · Oz=0.0 link=— · manos_feria_informe.json
[RANGO] SKHYUSDT_LINEAL last=163.97 · río=WS · mercado=linear · estado=ACECHANDO · dir=— · 0=164.91 · Oz=— · Red=— · manos=ON · pos=flat · latido=1.50s
[RANGO] autosello SKHY · ACECHANDO · Oz=0.0 link=— · manos_feria_informe.json
[RANGO] SKHYUSDT_LINEAL last=164.08 · río=WS · mercado=linear · estado=ACECHANDO · dir=— · 0=164.91 · Oz=— · Red=— · manos=ON · pos=flat · latido=1.50s
[RANGO] SKHYUSDT_LINEAL last=163.95 · río=WS · mercado=linear · estado=ACECHANDO · dir=— · 0=164.91 · Oz=— · Red=— · manos=ON · pos=flat · latido=1.50s
[RANGO] autosello SKHY · ACECHANDO · Oz=0.0 link=— · manos_feria_informe.json
[2026-08-31 08:09:35] [TUSK] RECONCILIACIÓN: VVVUSDT_LINEAL: interno L:0.000000/S:0.000000 -> real L:3.180000/S:0.000000
[2026-08-31 08:09:35] [TUSK] RECONCILIACIÓN_FANTASMA: CRDOUSDT_LINEAL existe interno pero no en exchange -> reseteando
[2026-08-31 08:09:35] [TUSK] RECONCILIACIÓN_OK: 2 frentes alineados con exchange
[RANGO] SKHYUSDT_LINEAL last=163.95 · río=WS · mercado=linear · estado=ACECHANDO · dir=— · 0=164.91 · Oz=— · Red=— · manos=ON · pos=flat · latido=1.50s
[RANGO] autosello SKHY · ACECHANDO · Oz=0.0 link=— · manos_feria_informe.json
[RANGO] SKHYUSDT_LINEAL last=163.81 · río=WS · mercado=linear · estado=ACECHANDO · dir=— · 0=164.91 · Oz=— · Red=— · manos=ON · pos=flat · latido=1.50s
[RANGO] SKHYUSDT_LINEAL last=163.76 · río=WS · mercado=linear · estado=ACECHANDO · dir=— · 0=164.91 · Oz=— · Red=— · manos=ON · pos=flat · latido=1.50s
[RANGO] autosello SKHY · ACECHANDO · Oz=0.0 link=— · manos_feria_informe.json
[RANGO] SKHYUSDT_LINEAL last=163.91 · río=WS · mercado=linear · estado=ACECHANDO · dir=— · 0=164.91 · Oz=— · Red=— · manos=ON · pos=flat · latido=1.50s
[RANGO] autosello SKHY · ACECHANDO · Oz=0.0 link=— · manos_feria_informe.json
[RANGO] SKHYUSDT_LINEAL last=163.75 · río=WS · mercado=linear · estado=ACECHANDO · dir=— · 0=164.91 · Oz=— · Red=— · manos=ON · pos=flat · latido=1.50s
[RANGO] SKHYUSDT_LINEAL last=163.98 · río=WS · mercado=linear · estado=ACECHANDO · dir=— · 0=164.91 · Oz=— · Red=— · manos=ON · pos=flat · latido=1.50s
[RANGO] autosello SKHY · ACECHANDO · Oz=0.0 link=— · manos_feria_informe.json
[RANGO] SKHYUSDT_LINEAL last=163.92 · río=WS · mercado=linear · estado=ACECHANDO · dir=— · 0=164.91 · Oz=— · Red=— · manos=ON · pos=flat · latido=1.50s
[RANGO] autosello SKHY · ACECHANDO · Oz=0.0 link=— · manos_feria_informe.json
[RANGO] SKHYUSDT_LINEAL last=163.96 · río=WS · mercado=linear · estado=ACECHANDO · dir=— · 0=164.91 · Oz=— · Red=— · manos=ON · pos=flat · latido=1.50s
[RANGO] SKHYUSDT_LINEAL last=164.04 · río=WS · mercado=linear · estado=ACECHANDO · dir=— · 0=164.91 · Oz=— · Red=— · manos=ON · pos=flat · latido=1.50s
[RANGO] autosello SKHY · ACECHANDO · Oz=0.0 link=— · manos_feria_informe.json
[RANGO] SKHYUSDT_LINEAL last=164.03 · río=WS · mercado=linear · estado=ACECHANDO · dir=— · 0=164.91 · Oz=— · Red=— · manos=ON · pos=flat · latido=1.50s
[RANGO] autosello SKHY · ACECHANDO · Oz=0.0 link=— · manos_feria_informe.json
[RANGO] SKHYUSDT_LINEAL last=164.12 · río=WS · mercado=linear · estado=ACECHANDO · dir=— · 0=164.91 · Oz=— · Red=— · manos=ON · pos=flat · latido=1.50s
[RANGO] SKHYUSDT_LINEAL last=163.97 · río=WS · mercado=linear · estado=ACECHANDO · dir=— · 0=164.91 · Oz=— · Red=— · manos=ON · pos=flat · latido=1.50s
[RANGO] autosello SKHY · ACECHANDO · Oz=0.0 link=— · manos_feria_informe.json
[2026-08-31 08:11:38] [TUSK] RECONCILIACIÓN: BSPUSDT_LINEAL: interno L:0.170000/S:0.000000 -> real L:0.290000/S:0.000000
[2026-08-31 08:11:38] [TUSK] RECONCILIACIÓN_OK: 1 frentes alineados con exchange
[RANGO] SKHYUSDT_LINEAL last=164.03 · río=WS · mercado=linear · estado=ACECHANDO · dir=— · 0=164.91 · Oz=— · Red=— · manos=ON · pos=flat · latido=1.50s
[RANGO] autosello SKHY · ACECHANDO · Oz=0.0 link=— · manos_feria_informe.json
[RANGO] SKHYUSDT_LINEAL last=164.13 · río=WS · mercado=linear · estado=ACECHANDO · dir=— · 0=164.91 · Oz=— · Red=— · manos=ON · pos=flat · latido=1.50s
[RANGO] SKHYUSDT_LINEAL last=163.85 · río=WS · mercado=linear · estado=ACECHANDO · dir=— · 0=164.91 · Oz=— · Red=— · manos=ON · pos=flat · latido=1.50s
[RANGO] autosello SKHY · ACECHANDO · Oz=0.0 link=— · manos_feria_informe.json
[RANGO] SKHYUSDT_LINEAL last=163.9 · río=WS · mercado=linear · estado=ACECHANDO · dir=— · 0=164.91 · Oz=— · Red=— · manos=ON · pos=flat · latido=1.50s
[RANGO] autosello SKHY · ACECHANDO · Oz=0.0 link=— · manos_feria_informe.json
[RANGO] SKHYUSDT_LINEAL last=163.81 · río=WS · mercado=linear · estado=ACECHANDO · dir=— · 0=164.91 · Oz=— · Red=— · manos=ON · pos=flat · latido=1.50s
[RANGO] SKHYUSDT_LINEAL last=163.67 · río=WS · mercado=linear · estado=ACECHANDO · dir=— · 0=164.91 · Oz=— · Red=— · manos=ON · pos=flat · latido=1.50s
[RANGO] autosello SKHY · ACECHANDO · Oz=0.0 link=— · manos_feria_informe.json
[2026-08-31 08:12:39] [TUSK] RECONCILIACIÓN: SNXXUSDT_LINEAL: interno L:6.450000/S:0.000000 -> real L:6.830000/S:0.000000
[2026-08-31 08:12:39] [TUSK] RECONCILIACIÓN_OK: 1 frentes alineados con exchange
[RANGO] SKHYUSDT_LINEAL last=163.9 · río=WS · mercado=linear · estado=ACECHANDO · dir=— · 0=164.91 · Oz=— · Red=— · manos=ON · pos=flat · latido=1.50s
[RANGO] autosello SKHY · ACECHANDO · Oz=0.0 link=— · manos_feria_informe.json
[RANGO] SKHYUSDT_LINEAL last=163.75 · río=WS · mercado=linear · estado=ACECHANDO · dir=— · 0=164.91 · Oz=— · Red=— · manos=ON · pos=flat · latido=1.50s
[RANGO] SKHYUSDT_LINEAL last=163.7 · río=WS · mercado=linear · estado=ACECHANDO · dir=— · 0=164.91 · Oz=— · Red=— · manos=ON · pos=flat · latido=1.50s
[RANGO] autosello SKHY · ACECHANDO · Oz=0.0 link=— · manos_feria_informe.json
[RANGO] SKHYUSDT_LINEAL last=163.79 · río=WS · mercado=linear · estado=ACECHANDO · dir=— · 0=164.91 · Oz=— · Red=— · manos=ON · pos=flat · latido=1.50s
[RANGO] autosello SKHY · ACECHANDO · Oz=0.0 link=— · manos_feria_informe.json
[RANGO] SKHYUSDT_LINEAL last=163.75 · río=WS · mercado=linear · estado=ACECHANDO · dir=— · 0=164.91 · Oz=— · Red=— · manos=ON · pos=flat · latido=1.50s
[RANGO] SKHYUSDT_LINEAL last=163.62 · río=WS · mercado=linear · estado=ACECHANDO · dir=— · 0=164.91 · Oz=— · Red=— · manos=ON · pos=flat · latido=1.50s
[RANGO] autosello SKHY · ACECHANDO · Oz=0.0 link=— · manos_feria_informe.json
[RANGO] SKHYUSDT_LINEAL last=163.55 · río=WS · mercado=linear · estado=ACECHANDO · dir=— · 0=164.91 · Oz=— · Red=— · manos=ON · pos=flat · latido=1.50s
[2026-08-31 08:13:40] [TUSK] RECONCILIACIÓN: ZBCNUSDT_LINEAL: interno L:0.000000/S:0.000000 -> real L:9700.000000/S:0.000000
[2026-08-31 08:13:40] [TUSK] RECONCILIACIÓN_FANTASMA: MVLLUSDT_LINEAL existe interno pero no en exchange -> reseteando
[2026-08-31 08:13:40] [TUSK] RECONCILIACIÓN_OK: 2 frentes alineados con exchange
[RANGO] autosello SKHY · ACECHANDO · Oz=0.0 link=— · manos_feria_informe.json
[RANGO] SKHYUSDT_LINEAL last=163.61 · río=WS · mercado=linear · estado=ACECHANDO · dir=— · 0=164.91 · Oz=— · Red=— · manos=ON · pos=flat · latido=1.50s
[RANGO] SKHYUSDT_LINEAL last=163.63 · río=WS · mercado=linear · estado=ACECHANDO · dir=— · 0=164.91 · Oz=— · Red=— · manos=ON · pos=flat · latido=1.50s
[RANGO] autosello SKHY · ACECHANDO · Oz=0.0 link=— · manos_feria_informe.json
[RANGO] SKHYUSDT_LINEAL last=163.71 · río=WS · mercado=linear · estado=ACECHANDO · dir=— · 0=164.91 · Oz=— · Red=— · manos=ON · pos=flat · latido=1.50s
[RANGO] autosello SKHY · ACECHANDO · Oz=0.0 link=— · manos_feria_informe.json
[RANGO] SKHYUSDT_LINEAL last=163.76 · río=WS · mercado=linear · estado=ACECHANDO · dir=— · 0=164.91 · Oz=— · Red=— · manos=ON · pos=flat · latido=1.50s
[RANGO] SKHYUSDT_LINEAL last=163.79 · río=WS · mercado=linear · estado=ACECHANDO · dir=— · 0=164.91 · Oz=— · Red=— · manos=ON · pos=flat · latido=1.50s
[RANGO] autosello SKHY · ACECHANDO · Oz=0.0 link=— · manos_feria_informe.json
[RANGO] SKHYUSDT_LINEAL last=163.88 · río=WS · mercado=linear · estado=ACECHANDO · dir=— · 0=164.91 · Oz=— · Red=— · manos=ON · pos=flat · latido=1.50s
[2026-08-31 08:14:41] [TUSK] RECONCILIACIÓN: AEHRUSDT_LINEAL: interno L:0.090000/S:0.000000 -> real L:0.160000/S:0.000000
[2026-08-31 08:14:41] [TUSK] RECONCILIACIÓN: AAOIUSDT_LINEAL: interno L:0.000000/S:0.000000 -> real L:0.530000/S:0.000000
[2026-08-31 08:14:41] [TUSK] RECONCILIACIÓN_FANTASMA: MRVLUSDT_LINEAL existe interno pero no en exchange -> reseteando
[2026-08-31 08:14:41] [TUSK] RECONCILIACIÓN_OK: 3 frentes alineados con exchange
[RANGO] autosello SKHY · ACECHANDO · Oz=0.0 link=— · manos_feria_informe.json
[RANGO] SKHYUSDT_LINEAL last=163.88 · río=WS · mercado=linear · estado=ACECHANDO · dir=— · 0=164.91 · Oz=— · Red=— · manos=ON · pos=flat · latido=1.50s
[RANGO] SKHYUSDT_LINEAL last=163.85 · río=WS · mercado=linear · estado=ACECHANDO · dir=— · 0=164.91 · Oz=— · Red=— · manos=ON · pos=flat · latido=1.50s
[RANGO] autosello SKHY · ACECHANDO · Oz=0.0 link=— · manos_feria_informe.json
[RANGO] SKHYUSDT_LINEAL last=163.78 · río=WS · mercado=linear · estado=ACECHANDO · dir=— · 0=164.91 · Oz=— · Red=— · manos=ON · pos=flat · latido=1.50s
[RANGO] autosello SKHY · ACECHANDO · Oz=0.0 link=— · manos_feria_informe.json
[RANGO] SKHYUSDT_LINEAL last=163.68 · río=WS · mercado=linear · estado=ACECHANDO · dir=— · 0=164.91 · Oz=— · Red=— · manos=ON · pos=flat · latido=1.50s
[RANGO] SKHYUSDT_LINEAL last=163.6 · río=WS · mercado=linear · estado=ACECHANDO · dir=— · 0=164.91 · Oz=— · Red=— · manos=ON · pos=flat · latido=1.50s
[RANGO] autosello SKHY · ACECHANDO · Oz=0.0 link=— · manos_feria_informe.json
[RANGO] SKHYUSDT_LINEAL last=163.69 · río=WS · mercado=linear · estado=ACECHANDO · dir=— · 0=164.91 · Oz=— · Red=— · manos=ON · pos=flat · latido=1.50s
[2026-08-31 08:15:42] [TUSK] RECONCILIACIÓN: SNXXUSDT_LINEAL: interno L:6.830000/S:0.000000 -> real L:7.210000/S:0.000000
[2026-08-31 08:15:42] [TUSK] RECONCILIACIÓN_OK: 1 frentes alineados con exchange
[RANGO] autosello SKHY · ACECHANDO · Oz=0.0 link=— · manos_feria_informe.json
[RANGO] SKHYUSDT_LINEAL last=163.8 · río=WS · mercado=linear · estado=ACECHANDO · dir=— · 0=164.91 · Oz=— · Red=— · manos=ON · pos=flat · latido=1.50s
[RANGO] SKHYUSDT_LINEAL last=163.79 · río=WS · mercado=linear · estado=ACECHANDO · dir=— · 0=164.91 · Oz=— · Red=— · manos=ON · pos=flat · latido=1.50s
[RANGO] autosello SKHY · ACECHANDO · Oz=0.0 link=— · manos_feria_informe.json
[RANGO] SKHYUSDT_LINEAL last=163.77 · río=WS · mercado=linear · estado=ACECHANDO · dir=— · 0=164.91 · Oz=— · Red=— · manos=ON · pos=flat · latido=1.50s
[RANGO] autosello SKHY · ACECHANDO · Oz=0.0 link=— · manos_feria_informe.json
[RANGO] SKHYUSDT_LINEAL last=164.1 · río=WS · mercado=linear · estado=ACECHANDO · dir=— · 0=164.91 · Oz=— · Red=— · manos=ON · pos=flat · latido=1.50s
[RANGO] SKHYUSDT_LINEAL last=164.16 · río=WS · mercado=linear · estado=ACECHANDO · dir=— · 0=164.91 · Oz=— · Red=— · manos=ON · pos=flat · latido=1.50s
[RANGO] autosello SKHY · ACECHANDO · Oz=0.0 link=— · manos_feria_informe.json
[RANGO] SKHYUSDT_LINEAL last=164.09 · río=WS · mercado=linear · estado=ACECHANDO · dir=— · 0=164.91 · Oz=— · Red=— · manos=ON · pos=flat · latido=1.50s
[2026-08-31 08:16:43] [TUSK] RECONCILIACIÓN: AXTIUSDT_LINEAL: interno L:0.000000/S:0.000000 -> real L:1.690000/S:0.000000
[2026-08-31 08:16:43] [TUSK] RECONCILIACIÓN: ZKPUSDT_LINEAL: interno L:0.000000/S:0.000000 -> real L:1281.000000/S:0.000000
[2026-08-31 08:16:43] [TUSK] RECONCILIACIÓN_FANTASMA: TSLLUSDT_LINEAL existe interno pero no en exchange -> reseteando
[2026-08-31 08:16:43] [TUSK] RECONCILIACIÓN_FANTASMA: POWERUSDT_LINEAL existe interno pero no en exchange -> reseteando
[2026-08-31 08:16:43] [TUSK] RECONCILIACIÓN_OK: 4 frentes alineados con exchange
[RANGO] autosello SKHY · ACECHANDO · Oz=0.0 link=— · manos_feria_informe.json
[RANGO] SKHYUSDT_LINEAL last=164.27 · río=WS · mercado=linear · estado=ACECHANDO · dir=— · 0=164.91 · Oz=— · Red=— · manos=ON · pos=flat · latido=1.50s
[RANGO] SKHYUSDT_LINEAL last=164.33 · río=WS · mercado=linear · estado=ACECHANDO · dir=— · 0=164.91 · Oz=— · Red=— · manos=ON · pos=flat · latido=1.50s
[RANGO] autosello SKHY · ACECHANDO · Oz=0.0 link=— · manos_feria_informe.json
[RANGO] SKHYUSDT_LINEAL last=164.24 · río=WS · mercado=linear · estado=ACECHANDO · dir=— · 0=164.91 · Oz=— · Red=— · manos=ON · pos=flat · latido=1.50s
[RANGO] autosello SKHY · ACECHANDO · Oz=0.0 link=— · manos_feria_informe.json
[RANGO] SKHYUSDT_LINEAL last=164.25 · río=WS · mercado=linear · estado=ACECHANDO · dir=— · 0=164.91 · Oz=— · Red=— · manos=ON · pos=flat · latido=1.50s
[RANGO] SKHYUSDT_LINEAL last=164.16 · río=WS · mercado=linear · estado=ACECHANDO · dir=— · 0=164.91 · Oz=— · Red=— · manos=ON · pos=flat · latido=1.50s
[RANGO] autosello SKHY · ACECHANDO · Oz=0.0 link=— · manos_feria_informe.json
[RANGO] SKHYUSDT_LINEAL last=164.17 · río=WS · mercado=linear · estado=ACECHANDO · dir=— · 0=164.91 · Oz=— · Red=— · manos=ON · pos=flat · latido=1.50s
[RANGO] autosello SKHY · ACECHANDO · Oz=0.0 link=— · manos_feria_informe.json
[RANGO] SKHYUSDT_LINEAL last=164.22 · río=WS · mercado=linear · estado=ACECHANDO · dir=— · 0=164.91 · Oz=— · Red=— · manos=ON · pos=flat · latido=1.50s
[RANGO] SKHYUSDT_LINEAL last=164.29 · río=WS · mercado=linear · estado=ACECHANDO · dir=— · 0=164.91 · Oz=— · Red=— · manos=ON · pos=flat · latido=1.50s
[RANGO] autosello SKHY · ACECHANDO · Oz=0.0 link=— · manos_feria_informe.json
[RANGO] SKHYUSDT_LINEAL last=164.32 · río=WS · mercado=linear · estado=ACECHANDO · dir=— · 0=164.91 · Oz=— · Red=— · manos=ON · pos=flat · latido=1.50s
[RANGO] autosello SKHY · ACECHANDO · Oz=0.0 link=— · manos_feria_informe.json
[RANGO] SKHYUSDT_LINEAL last=164.56 · río=WS · mercado=linear · estado=ACECHANDO · dir=— · 0=164.91 · Oz=— · Red=— · manos=ON · pos=flat · latido=1.50s
[RANGO] SKHYUSDT_LINEAL last=164.65 · río=WS · mercado=linear · estado=ACECHANDO · dir=— · 0=164.91 · Oz=— · Red=— · manos=ON · pos=flat · latido=1.50s
[RANGO] autosello SKHY · ACECHANDO · Oz=0.0 link=— · manos_feria_informe.json
[RANGO] SKHYUSDT_LINEAL last=164.44 · río=WS · mercado=linear · estado=ACECHANDO · dir=— · 0=164.91 · Oz=— · Red=— · manos=ON · pos=flat · latido=1.50s
[RANGO] autosello SKHY · ACECHANDO · Oz=0.0 link=— · manos_feria_informe.json
[RANGO] SKHYUSDT_LINEAL last=164.24 · río=WS · mercado=linear · estado=ACECHANDO · dir=— · 0=164.91 · Oz=— · Red=— · manos=ON · pos=flat · latido=1.50s
[RANGO] SKHYUSDT_LINEAL last=164.25 · río=WS · mercado=linear · estado=ACECHANDO · dir=— · 0=164.91 · Oz=— · Red=— · manos=ON · pos=flat · latido=1.50s
[RANGO] autosello SKHY · ACECHANDO · Oz=0.0 link=— · manos_feria_informe.json
[RANGO] SKHYUSDT_LINEAL last=164.24 · río=WS · mercado=linear · estado=ACECHANDO · dir=— · 0=164.91 · Oz=— · Red=— · manos=ON · pos=flat · latido=1.50s
[RANGO] autosello SKHY · ACECHANDO · Oz=0.0 link=— · manos_feria_informe.json
[RANGO] SKHYUSDT_LINEAL last=164.34 · río=WS · mercado=linear · estado=ACECHANDO · dir=— · 0=164.91 · Oz=— · Red=— · manos=ON · pos=flat · latido=1.50s
[RANGO] SKHYUSDT_LINEAL last=164.39 · río=WS · mercado=linear · estado=ACECHANDO · dir=— · 0=164.91 · Oz=— · Red=— · manos=ON · pos=flat · latido=1.50s
[RANGO] autosello SKHY · ACECHANDO · Oz=0.0 link=— · manos_feria_informe.json
[RANGO] SKHYUSDT_LINEAL last=164.3 · río=WS · mercado=linear · estado=ACECHANDO · dir=— · 0=164.91 · Oz=— · Red=— · manos=ON · pos=flat · latido=1.50s
[RANGO] autosello SKHY · ACECHANDO · Oz=0.0 link=— · manos_feria_informe.json
[RANGO] SKHYUSDT_LINEAL last=164.4 · río=WS · mercado=linear · estado=ACECHANDO · dir=— · 0=164.91 · Oz=— · Red=— · manos=ON · pos=flat · latido=1.50s
[RANGO] SKHYUSDT_LINEAL last=164.44 · río=WS · mercado=linear · estado=ACECHANDO · dir=— · 0=164.91 · Oz=— · Red=— · manos=ON · pos=flat · latido=1.50s
[RANGO] autosello SKHY · ACECHANDO · Oz=0.0 link=— · manos_feria_informe.json
[RANGO] SKHYUSDT_LINEAL last=164.39 · río=WS · mercado=linear · estado=ACECHANDO · dir=— · 0=164.91 · Oz=— · Red=— · manos=ON · pos=flat · latido=1.50s
[RANGO] autosello SKHY · ACECHANDO · Oz=0.0 link=— · manos_feria_informe.json
[RANGO] SKHYUSDT_LINEAL last=164.42 · río=WS · mercado=linear · estado=ACECHANDO · dir=— · 0=164.91 · Oz=— · Red=— · manos=ON · pos=flat · latido=1.50s
[RANGO] SKHYUSDT_LINEAL last=164.32 · río=WS · mercado=linear · estado=ACECHANDO · dir=— · 0=164.91 · Oz=— · Red=— · manos=ON · pos=flat · latido=1.50s
[RANGO] autosello SKHY · ACECHANDO · Oz=0.0 link=— · manos_feria_informe.json
[RANGO] SKHYUSDT_LINEAL last=164.26 · río=WS · mercado=linear · estado=ACECHANDO · dir=— · 0=164.91 · Oz=— · Red=— · manos=ON · pos=flat · latido=1.50s
[RANGO] autosello SKHY · ACECHANDO · Oz=0.0 link=— · manos_feria_informe.json
[2026-08-31 08:20:48] [TUSK] RECONCILIACIÓN: SNXXUSDT_LINEAL: interno L:7.210000/S:0.000000 -> real L:6.830000/S:0.000000
[2026-08-31 08:20:48] [TUSK] RECONCILIACIÓN: MSTRUSDT_LINEAL: interno L:0.000000/S:0.000000 -> real L:0.240000/S:0.000000
[2026-08-31 08:20:48] [TUSK] RECONCILIACIÓN_FANTASMA: BIOUSDT_LINEAL existe interno pero no en exchange -> reseteando
[2026-08-31 08:20:48] [TUSK] RECONCILIACIÓN_OK: 3 frentes alineados con exchange
[RANGO] SKHYUSDT_LINEAL last=164.03 · río=WS · mercado=linear · estado=ACECHANDO · dir=— · 0=164.91 · Oz=— · Red=— · manos=ON · pos=flat · latido=1.50s
[RANGO] SKHYUSDT_LINEAL last=164.09 · río=WS · mercado=linear · estado=ACECHANDO · dir=— · 0=164.91 · Oz=— · Red=— · manos=ON · pos=flat · latido=1.50s
[RANGO] autosello SKHY · ACECHANDO · Oz=0.0 link=— · manos_feria_informe.json
[RANGO] SKHYUSDT_LINEAL last=164.09 · río=WS · mercado=linear · estado=ACECHANDO · dir=— · 0=164.91 · Oz=— · Red=— · manos=ON · pos=flat · latido=1.50s
[RANGO] autosello SKHY · ACECHANDO · Oz=0.0 link=— · manos_feria_informe.json
[RANGO] SKHYUSDT_LINEAL last=164.2 · río=WS · mercado=linear · estado=ACECHANDO · dir=— · 0=164.91 · Oz=— · Red=— · manos=ON · pos=flat · latido=1.50s
[RANGO] SKHYUSDT_LINEAL last=164.13 · río=WS · mercado=linear · estado=ACECHANDO · dir=— · 0=164.91 · Oz=— · Red=— · manos=ON · pos=flat · latido=1.50s
[RANGO] autosello SKHY · ACECHANDO · Oz=0.0 link=— · manos_feria_informe.json
[RANGO] SKHYUSDT_LINEAL last=164.22 · río=WS · mercado=linear · estado=ACECHANDO · dir=— · 0=164.91 · Oz=— · Red=— · manos=ON · pos=flat · latido=1.50s
[RANGO] autosello SKHY · ACECHANDO · Oz=0.0 link=— · manos_feria_informe.json
[RANGO] SKHYUSDT_LINEAL last=164.29 · río=WS · mercado=linear · estado=ACECHANDO · dir=— · 0=164.91 · Oz=— · Red=— · manos=ON · pos=flat · latido=1.50s
[RANGO] SKHYUSDT_LINEAL last=164.24 · río=WS · mercado=linear · estado=ACECHANDO · dir=— · 0=164.91 · Oz=— · Red=— · manos=ON · pos=flat · latido=1.50s
[RANGO] autosello SKHY · ACECHANDO · Oz=0.0 link=— · manos_feria_informe.json
[RANGO] SKHYUSDT_LINEAL last=164.2 · río=WS · mercado=linear · estado=ACECHANDO · dir=— · 0=164.91 · Oz=— · Red=— · manos=ON · pos=flat · latido=1.50s
[RANGO] autosello SKHY · ACECHANDO · Oz=0.0 link=— · manos_feria_informe.json
[RANGO] SKHYUSDT_LINEAL last=164.14 · río=WS · mercado=linear · estado=ACECHANDO · dir=— · 0=164.91 · Oz=— · Red=— · manos=ON · pos=flat · latido=1.50s
[RANGO] SKHYUSDT_LINEAL last=164.2 · río=WS · mercado=linear · estado=ACECHANDO · dir=— · 0=164.91 · Oz=— · Red=— · manos=ON · pos=flat · latido=1.50s
[RANGO] autosello SKHY · ACECHANDO · Oz=0.0 link=— · manos_feria_informe.json
[RANGO] SKHYUSDT_LINEAL last=164.08 · río=WS · mercado=linear · estado=ACECHANDO · dir=— · 0=164.91 · Oz=— · Red=— · manos=ON · pos=flat · latido=1.50s
[RANGO] autosello SKHY · ACECHANDO · Oz=0.0 link=— · manos_feria_informe.json
[RANGO] SKHYUSDT_LINEAL last=164.03 · río=WS · mercado=linear · estado=ACECHANDO · dir=— · 0=164.91 · Oz=— · Red=— · manos=ON · pos=flat · latido=1.50s
[2026-08-31 08:22:50] [TUSK] RECONCILIACIÓN: POWERUSDT_LINEAL: interno L:0.000000/S:0.000000 -> real L:67.000000/S:0.000000
[2026-08-31 08:22:50] [TUSK] RECONCILIACIÓN_FANTASMA: PLTRUSDT_LINEAL existe interno pero no en exchange -> reseteando
[2026-08-31 08:22:50] [TUSK] RECONCILIACIÓN_OK: 2 frentes alineados con exchange
[RANGO] SKHYUSDT_LINEAL last=163.92 · río=WS · mercado=linear · estado=ACECHANDO · dir=— · 0=164.91 · Oz=— · Red=— · manos=ON · pos=flat · latido=1.50s
[RANGO] autosello SKHY · ACECHANDO · Oz=0.0 link=— · manos_feria_informe.json
[RANGO] SKHYUSDT_LINEAL last=163.88 · río=WS · mercado=linear · estado=ACECHANDO · dir=— · 0=164.91 · Oz=— · Red=— · manos=ON · pos=flat · latido=1.50s
[RANGO] autosello SKHY · ACECHANDO · Oz=0.0 link=— · manos_feria_informe.json
[RANGO] SKHYUSDT_LINEAL last=163.73 · río=WS · mercado=linear · estado=ACECHANDO · dir=— · 0=164.91 · Oz=— · Red=— · manos=ON · pos=flat · latido=1.50s
[RANGO] SKHYUSDT_LINEAL last=163.69 · río=WS · mercado=linear · estado=ACECHANDO · dir=— · 0=164.91 · Oz=— · Red=— · manos=ON · pos=flat · latido=1.50s
[RANGO] autosello SKHY · ACECHANDO · Oz=0.0 link=— · manos_feria_informe.json
[RANGO] SKHYUSDT_LINEAL last=163.68 · río=WS · mercado=linear · estado=ACECHANDO · dir=— · 0=164.91 · Oz=— · Red=— · manos=ON · pos=flat · latido=1.50s
[RANGO] autosello SKHY · ACECHANDO · Oz=0.0 link=— · manos_feria_informe.json
[RANGO] SKHYUSDT_LINEAL last=163.68 · río=WS · mercado=linear · estado=ACECHANDO · dir=— · 0=164.91 · Oz=— · Red=— · manos=ON · pos=flat · latido=1.50s
[RANGO] SKHYUSDT_LINEAL last=163.72 · río=WS · mercado=linear · estado=ACECHANDO · dir=— · 0=164.91 · Oz=— · Red=— · manos=ON · pos=flat · latido=1.50s
[RANGO] autosello SKHY · ACECHANDO · Oz=0.0 link=— · manos_feria_informe.json
[RANGO] SKHYUSDT_LINEAL last=163.65 · río=WS · mercado=linear · estado=ACECHANDO · dir=— · 0=164.91 · Oz=— · Red=— · manos=ON · pos=flat · latido=1.50s
[RANGO] autosello SKHY · ACECHANDO · Oz=0.0 link=— · manos_feria_informe.json
[RANGO] SKHYUSDT_LINEAL last=163.64 · río=WS · mercado=linear · estado=ACECHANDO · dir=— · 0=164.91 · Oz=— · Red=— · manos=ON · pos=flat · latido=1.50s
[RANGO] SKHYUSDT_LINEAL last=163.69 · río=WS · mercado=linear · estado=ACECHANDO · dir=— · 0=164.91 · Oz=— · Red=— · manos=ON · pos=flat · latido=1.50s
[RANGO] autosello SKHY · ACECHANDO · Oz=0.0 link=— · manos_feria_informe.json
[RANGO] SKHYUSDT_LINEAL last=163.71 · río=WS · mercado=linear · estado=ACECHANDO · dir=— · 0=164.91 · Oz=— · Red=— · manos=ON · pos=flat · latido=1.50s
[RANGO] autosello SKHY · ACECHANDO · Oz=0.0 link=— · manos_feria_informe.json
[RANGO] SKHYUSDT_LINEAL last=163.74 · río=WS · mercado=linear · estado=ACECHANDO · dir=— · 0=164.91 · Oz=— · Red=— · manos=ON · pos=flat · latido=1.50s
[RANGO] SKHYUSDT_LINEAL last=163.59 · río=WS · mercado=linear · estado=ACECHANDO · dir=— · 0=164.91 · Oz=— · Red=— · manos=ON · pos=flat · latido=1.50s
[RANGO] autosello SKHY · ACECHANDO · Oz=0.0 link=— · manos_feria_informe.json
[RANGO] SKHYUSDT_LINEAL last=163.47 · río=WS · mercado=linear · estado=ACECHANDO · dir=— · 0=164.91 · Oz=— · Red=— · manos=ON · pos=flat · latido=1.50s
[RANGO] autosello SKHY · ACECHANDO · Oz=0.0 link=— · manos_feria_informe.json
[RANGO] SKHYUSDT_LINEAL last=163.56 · río=WS · mercado=linear · estado=ACECHANDO · dir=— · 0=164.91 · Oz=— · Red=— · manos=ON · pos=flat · latido=1.50s
[RANGO] SKHYUSDT_LINEAL last=163.46 · río=WS · mercado=linear · estado=ACECHANDO · dir=— · 0=164.91 · Oz=— · Red=— · manos=ON · pos=flat · latido=1.50s
[RANGO] autosello SKHY · ACECHANDO · Oz=0.0 link=— · manos_feria_informe.json
[RANGO] SKHYUSDT_LINEAL last=163.49 · río=WS · mercado=linear · estado=ACECHANDO · dir=— · 0=164.91 · Oz=— · Red=— · manos=ON · pos=flat · latido=1.50s
[RANGO] autosello SKHY · ACECHANDO · Oz=0.0 link=— · manos_feria_informe.json
[RANGO] SKHYUSDT_LINEAL last=163.44 · río=WS · mercado=linear · estado=ACECHANDO · dir=— · 0=164.91 · Oz=— · Red=— · manos=ON · pos=flat · latido=1.50s
[RANGO] SKHYUSDT_LINEAL last=163.53 · río=WS · mercado=linear · estado=ACECHANDO · dir=— · 0=164.91 · Oz=— · Red=— · manos=ON · pos=flat · latido=1.50s
[RANGO] autosello SKHY · ACECHANDO · Oz=0.0 link=— · manos_feria_informe.json
[RANGO] SKHYUSDT_LINEAL last=163.5 · río=WS · mercado=linear · estado=ACECHANDO · dir=— · 0=164.91 · Oz=— · Red=— · manos=ON · pos=flat · latido=1.50s
[RANGO] autosello SKHY · ACECHANDO · Oz=0.0 link=— · manos_feria_informe.json
[RANGO] SKHYUSDT_LINEAL last=163.57 · río=WS · mercado=linear · estado=ACECHANDO · dir=— · 0=164.91 · Oz=— · Red=— · manos=ON · pos=flat · latido=1.50s
[RANGO] SKHYUSDT_LINEAL last=163.57 · río=WS · mercado=linear · estado=ACECHANDO · dir=— · 0=164.91 · Oz=— · Red=— · manos=ON · pos=flat · latido=1.50s
[RANGO] autosello SKHY · ACECHANDO · Oz=0.0 link=— · manos_feria_informe.json
[RANGO] SKHYUSDT_LINEAL last=163.51 · río=WS · mercado=linear · estado=ACECHANDO · dir=— · 0=164.91 · Oz=— · Red=— · manos=ON · pos=flat · latido=1.50s
[RANGO] autosello SKHY · ACECHANDO · Oz=0.0 link=— · manos_feria_informe.json
[RANGO] SKHYUSDT_LINEAL last=163.56 · río=WS · mercado=linear · estado=ACECHANDO · dir=— · 0=164.91 · Oz=— · Red=— · manos=ON · pos=flat · latido=1.50s
[RANGO] SKHYUSDT_LINEAL last=163.48 · río=WS · mercado=linear · estado=ACECHANDO · dir=— · 0=164.91 · Oz=— · Red=— · manos=ON · pos=flat · latido=1.50s
[RANGO] autosello SKHY · ACECHANDO · Oz=0.0 link=— · manos_feria_informe.json
[RANGO] SKHYUSDT_LINEAL last=163.47 · río=WS · mercado=linear · estado=ACECHANDO · dir=— · 0=164.91 · Oz=— · Red=— · manos=ON · pos=flat · latido=1.50s
[RANGO] autosello SKHY · ACECHANDO · Oz=0.0 link=— · manos_feria_informe.json
[RANGO] SKHYUSDT_LINEAL last=163.56 · río=WS · mercado=linear · estado=ACECHANDO · dir=— · 0=164.91 · Oz=— · Red=— · manos=ON · pos=flat · latido=1.50s
[RANGO] SKHYUSDT_LINEAL last=163.67 · río=WS · mercado=linear · estado=ACECHANDO · dir=— · 0=164.91 · Oz=— · Red=— · manos=ON · pos=flat · latido=1.50s
[RANGO] autosello SKHY · ACECHANDO · Oz=0.0 link=— · manos_feria_informe.json
[RANGO] SKHYUSDT_LINEAL last=163.75 · río=WS · mercado=linear · estado=ACECHANDO · dir=— · 0=164.91 · Oz=— · Red=— · manos=ON · pos=flat · latido=1.50s
[RANGO] autosello SKHY · ACECHANDO · Oz=0.0 link=— · manos_feria_informe.json
[RANGO] SKHYUSDT_LINEAL last=163.77 · río=WS · mercado=linear · estado=ACECHANDO · dir=— · 0=164.91 · Oz=— · Red=— · manos=ON · pos=flat · latido=1.50s
[2026-08-31 08:27:56] [TUSK] RECONCILIACIÓN: POWERUSDT_LINEAL: interno L:67.000000/S:0.000000 -> real L:6.000000/S:0.000000
[2026-08-31 08:27:56] [TUSK] RECONCILIACIÓN_OK: 1 frentes alineados con exchange
[RANGO] SKHYUSDT_LINEAL last=163.86 · río=WS · mercado=linear · estado=ACECHANDO · dir=— · 0=164.91 · Oz=— · Red=— · manos=ON · pos=flat · latido=1.50s
[RANGO] autosello SKHY · ACECHANDO · Oz=0.0 link=— · manos_feria_informe.json
[RANGO] SKHYUSDT_LINEAL last=163.79 · río=WS · mercado=linear · estado=ACECHANDO · dir=— · 0=164.91 · Oz=— · Red=— · manos=ON · pos=flat · latido=1.50s
[RANGO] autosello SKHY · ACECHANDO · Oz=0.0 link=— · manos_feria_informe.json
[RANGO] SKHYUSDT_LINEAL last=163.96 · río=WS · mercado=linear · estado=ACECHANDO · dir=— · 0=164.91 · Oz=— · Red=— · manos=ON · pos=flat · latido=1.50s
[RANGO] SKHYUSDT_LINEAL last=163.95 · río=WS · mercado=linear · estado=ACECHANDO · dir=— · 0=164.91 · Oz=— · Red=— · manos=ON · pos=flat · latido=1.50s
[RANGO] autosello SKHY · ACECHANDO · Oz=0.0 link=— · manos_feria_informe.json
[RANGO] SKHYUSDT_LINEAL last=163.86 · río=WS · mercado=linear · estado=ACECHANDO · dir=— · 0=164.91 · Oz=— · Red=— · manos=ON · pos=flat · latido=1.50s
[RANGO] autosello SKHY · ACECHANDO · Oz=0.0 link=— · manos_feria_informe.json
[RANGO] SKHYUSDT_LINEAL last=163.92 · río=WS · mercado=linear · estado=ACECHANDO · dir=— · 0=164.91 · Oz=— · Red=— · manos=ON · pos=flat · latido=1.50s
[RANGO] SKHYUSDT_LINEAL last=163.84 · río=WS · mercado=linear · estado=ACECHANDO · dir=— · 0=164.91 · Oz=— · Red=— · manos=ON · pos=flat · latido=1.50s
[RANGO] autosello SKHY · ACECHANDO · Oz=0.0 link=— · manos_feria_informe.json
[RANGO] SKHYUSDT_LINEAL last=163.78 · río=WS · mercado=linear · estado=ACECHANDO · dir=— · 0=164.91 · Oz=— · Red=— · manos=ON · pos=flat · latido=1.50s
[RANGO] autosello SKHY · ACECHANDO · Oz=0.0 link=— · manos_feria_informe.json
[RANGO] SKHYUSDT_LINEAL last=163.74 · río=WS · mercado=linear · estado=ACECHANDO · dir=— · 0=164.91 · Oz=— · Red=— · manos=ON · pos=flat · latido=1.50s
[RANGO] SKHYUSDT_LINEAL last=163.86 · río=WS · mercado=linear · estado=ACECHANDO · dir=— · 0=164.91 · Oz=— · Red=— · manos=ON · pos=flat · latido=1.50s
[RANGO] autosello SKHY · ACECHANDO · Oz=0.0 link=— · manos_feria_informe.json
[RANGO] SKHYUSDT_LINEAL last=163.81 · río=WS · mercado=linear · estado=ACECHANDO · dir=— · 0=164.91 · Oz=— · Red=— · manos=ON · pos=flat · latido=1.50s
[RANGO] autosello SKHY · ACECHANDO · Oz=0.0 link=— · manos_feria_informe.json
[RANGO] SKHYUSDT_LINEAL last=163.74 · río=WS · mercado=linear · estado=ACECHANDO · dir=— · 0=164.91 · Oz=— · Red=— · manos=ON · pos=flat · latido=1.50s
[RANGO] SKHYUSDT_LINEAL last=163.8 · río=WS · mercado=linear · estado=ACECHANDO · dir=— · 0=164.91 · Oz=— · Red=— · manos=ON · pos=flat · latido=1.50s
[RANGO] autosello SKHY · ACECHANDO · Oz=0.0 link=— · manos_feria_informe.json
[RANGO] SKHYUSDT_LINEAL last=163.82 · río=WS · mercado=linear · estado=ACECHANDO · dir=— · 0=164.91 · Oz=— · Red=— · manos=ON · pos=flat · latido=1.50s
[RANGO] autosello SKHY · ACECHANDO · Oz=0.0 link=— · manos_feria_informe.json
[RANGO] SKHYUSDT_LINEAL last=163.8 · río=WS · mercado=linear · estado=ACECHANDO · dir=— · 0=164.91 · Oz=— · Red=— · manos=ON · pos=flat · latido=1.50s
[RANGO] SKHYUSDT_LINEAL last=163.96 · río=WS · mercado=linear · estado=ACECHANDO · dir=— · 0=164.91 · Oz=— · Red=— · manos=ON · pos=flat · latido=1.50s
[RANGO] autosello SKHY · ACECHANDO · Oz=0.0 link=— · manos_feria_informe.json
[RANGO] SKHYUSDT_LINEAL last=163.91 · río=WS · mercado=linear · estado=ACECHANDO · dir=— · 0=164.91 · Oz=— · Red=— · manos=ON · pos=flat · latido=1.50s
[RANGO] autosello SKHY · ACECHANDO · Oz=0.0 link=— · manos_feria_informe.json
[RANGO] SKHYUSDT_LINEAL last=163.89 · río=WS · mercado=linear · estado=ACECHANDO · dir=— · 0=164.91 · Oz=— · Red=— · manos=ON · pos=flat · latido=1.50s
[RANGO] SKHYUSDT_LINEAL last=163.87 · río=WS · mercado=linear · estado=ACECHANDO · dir=— · 0=164.91 · Oz=— · Red=— · manos=ON · pos=flat · latido=1.50s
[RANGO] autosello SKHY · ACECHANDO · Oz=0.0 link=— · manos_feria_informe.json
[RANGO] SKHYUSDT_LINEAL last=163.8 · río=WS · mercado=linear · estado=ACECHANDO · dir=— · 0=164.91 · Oz=— · Red=— · manos=ON · pos=flat · latido=1.50s
[RANGO] autosello SKHY · ACECHANDO · Oz=0.0 link=— · manos_feria_informe.json
[RANGO] SKHYUSDT_LINEAL last=163.82 · río=WS · mercado=linear · estado=ACECHANDO · dir=— · 0=164.91 · Oz=— · Red=— · manos=ON · pos=flat · latido=1.50s
[RANGO] SKHYUSDT_LINEAL last=163.87 · río=WS · mercado=linear · estado=ACECHANDO · dir=— · 0=164.91 · Oz=— · Red=— · manos=ON · pos=flat · latido=1.50s
[RANGO] autosello SKHY · ACECHANDO · Oz=0.0 link=— · manos_feria_informe.json
[RANGO] SKHYUSDT_LINEAL last=163.73 · río=WS · mercado=linear · estado=ACECHANDO · dir=— · 0=164.91 · Oz=— · Red=— · manos=ON · pos=flat · latido=1.50s
[RANGO] autosello SKHY · ACECHANDO · Oz=0.0 link=— · manos_feria_informe.json
[RANGO] SKHYUSDT_LINEAL last=163.69 · río=WS · mercado=linear · estado=ACECHANDO · dir=— · 0=164.91 · Oz=— · Red=— · manos=ON · pos=flat · latido=1.50s
[RANGO] SKHYUSDT_LINEAL last=163.75 · río=WS · mercado=linear · estado=ACECHANDO · dir=— · 0=164.91 · Oz=— · Red=— · manos=ON · pos=flat · latido=1.50s
[RANGO] autosello SKHY · ACECHANDO · Oz=0.0 link=— · manos_feria_informe.json
[RANGO] SKHYUSDT_LINEAL last=163.75 · río=WS · mercado=linear · estado=ACECHANDO · dir=— · 0=164.91 · Oz=— · Red=— · manos=ON · pos=flat · latido=1.50s
[RANGO] autosello SKHY · ACECHANDO · Oz=0.0 link=— · manos_feria_informe.json
[RANGO] SKHYUSDT_LINEAL last=163.82 · río=WS · mercado=linear · estado=ACECHANDO · dir=— · 0=164.91 · Oz=— · Red=— · manos=ON · pos=flat · latido=1.50s
[RANGO] SKHYUSDT_LINEAL last=163.91 · río=WS · mercado=linear · estado=ACECHANDO · dir=— · 0=164.91 · Oz=— · Red=— · manos=ON · pos=flat · latido=1.50s
[RANGO] autosello SKHY · ACECHANDO · Oz=0.0 link=— · manos_feria_informe.json
[RANGO] SKHYUSDT_LINEAL last=163.89 · río=WS · mercado=linear · estado=ACECHANDO · dir=— · 0=164.91 · Oz=— · Red=— · manos=ON · pos=flat · latido=1.50s
[RANGO] autosello SKHY · ACECHANDO · Oz=0.0 link=— · manos_feria_informe.json
[RANGO] SKHYUSDT_LINEAL last=163.94 · río=WS · mercado=linear · estado=ACECHANDO · dir=— · 0=164.91 · Oz=— · Red=— · manos=ON · pos=flat · latido=1.50s
[RANGO] SKHYUSDT_LINEAL last=163.93 · río=WS · mercado=linear · estado=ACECHANDO · dir=— · 0=164.91 · Oz=— · Red=— · manos=ON · pos=flat · latido=1.50s
[RANGO] autosello SKHY · ACECHANDO · Oz=0.0 link=— · manos_feria_informe.json
[RANGO] SKHYUSDT_LINEAL last=163.93 · río=WS · mercado=linear · estado=ACECHANDO · dir=— · 0=164.91 · Oz=— · Red=— · manos=ON · pos=flat · latido=1.50s
[RANGO] autosello SKHY · ACECHANDO · Oz=0.0 link=— · manos_feria_informe.json
[RANGO] SKHYUSDT_LINEAL last=163.91 · río=WS · mercado=linear · estado=ACECHANDO · dir=— · 0=164.91 · Oz=— · Red=— · manos=ON · pos=flat · latido=1.50s
[RANGO] SKHYUSDT_LINEAL last=163.93 · río=WS · mercado=linear · estado=ACECHANDO · dir=— · 0=164.91 · Oz=— · Red=— · manos=ON · pos=flat · latido=1.50s
[RANGO] autosello SKHY · ACECHANDO · Oz=0.0 link=— · manos_feria_informe.json
[RANGO] SKHYUSDT_LINEAL last=163.87 · río=WS · mercado=linear · estado=ACECHANDO · dir=— · 0=164.91 · Oz=— · Red=— · manos=ON · pos=flat · latido=1.50s
[RANGO] autosello SKHY · ACECHANDO · Oz=0.0 link=— · manos_feria_informe.json
[RANGO] SKHYUSDT_LINEAL last=163.91 · río=WS · mercado=linear · estado=ACECHANDO · dir=— · 0=164.91 · Oz=— · Red=— · manos=ON · pos=flat · latido=1.50s
[RANGO] SKHYUSDT_LINEAL last=163.85 · río=WS · mercado=linear · estado=ACECHANDO · dir=— · 0=164.91 · Oz=— · Red=— · manos=ON · pos=flat · latido=1.50s
[RANGO] autosello SKHY · ACECHANDO · Oz=0.0 link=— · manos_feria_informe.json
[RANGO] SKHYUSDT_LINEAL last=164.06 · río=WS · mercado=linear · estado=ACECHANDO · dir=— · 0=164.91 · Oz=— · Red=— · manos=ON · pos=flat · latido=1.50s
[RANGO] autosello SKHY · ACECHANDO · Oz=0.0 link=— · manos_feria_informe.json
[RANGO] SKHYUSDT_LINEAL last=163.9 · río=WS · mercado=linear · estado=ACECHANDO · dir=— · 0=164.91 · Oz=— · Red=— · manos=ON · pos=flat · latido=1.50s
[RANGO] SKHYUSDT_LINEAL last=163.83 · río=WS · mercado=linear · estado=ACECHANDO · dir=— · 0=164.91 · Oz=— · Red=— · manos=ON · pos=flat · latido=1.50s
[RANGO] autosello SKHY · ACECHANDO · Oz=0.0 link=— · manos_feria_informe.json
[RANGO] SKHYUSDT_LINEAL last=163.88 · río=WS · mercado=linear · estado=ACECHANDO · dir=— · 0=164.91 · Oz=— · Red=— · manos=ON · pos=flat · latido=1.50s
[RANGO] autosello SKHY · ACECHANDO · Oz=0.0 link=— · manos_feria_informe.json
[RANGO] SKHYUSDT_LINEAL last=163.87 · río=WS · mercado=linear · estado=ACECHANDO · dir=— · 0=164.91 · Oz=— · Red=— · manos=ON · pos=flat · latido=1.50s
[RANGO] SKHYUSDT_LINEAL last=163.87 · río=WS · mercado=linear · estado=ACECHANDO · dir=— · 0=164.91 · Oz=— · Red=— · manos=ON · pos=flat · latido=1.50s
[RANGO] autosello SKHY · ACECHANDO · Oz=0.0 link=— · manos_feria_informe.json
[RANGO] SKHYUSDT_LINEAL last=163.75 · río=WS · mercado=linear · estado=ACECHANDO · dir=— · 0=164.91 · Oz=— · Red=— · manos=ON · pos=flat · latido=1.50s
[RANGO] autosello SKHY · ACECHANDO · Oz=0.0 link=— · manos_feria_informe.json
[RANGO] SKHYUSDT_LINEAL last=164.03 · río=WS · mercado=linear · estado=ACECHANDO · dir=— · 0=164.91 · Oz=— · Red=— · manos=ON · pos=flat · latido=1.50s
[RANGO] SKHYUSDT_LINEAL last=164.01 · río=WS · mercado=linear · estado=ACECHANDO · dir=— · 0=164.91 · Oz=— · Red=— · manos=ON · pos=flat · latido=1.50s
[RANGO] autosello SKHY · ACECHANDO · Oz=0.0 link=— · manos_feria_informe.json
[RANGO] SKHYUSDT_LINEAL last=164.3 · río=WS · mercado=linear · estado=ACECHANDO · dir=— · 0=164.91 · Oz=— · Red=— · manos=ON · pos=flat · latido=1.50s
[RANGO] autosello SKHY · ACECHANDO · Oz=0.0 link=— · manos_feria_informe.json
[RANGO] SKHYUSDT_LINEAL last=164.44 · río=WS · mercado=linear · estado=ACECHANDO · dir=— · 0=164.91 · Oz=— · Red=— · manos=ON · pos=flat · latido=1.50s
[RANGO] SKHYUSDT_LINEAL last=164.59 · río=WS · mercado=linear · estado=ACECHANDO · dir=— · 0=164.91 · Oz=— · Red=— · manos=ON · pos=flat · latido=1.50s
[RANGO] autosello SKHY · ACECHANDO · Oz=0.0 link=— · manos_feria_informe.json
[2026-08-31 08:36:04] [TUSK] RECONCILIACIÓN: TSLLUSDT_LINEAL: interno L:0.000000/S:0.000000 -> real L:0.630000/S:0.000000
[2026-08-31 08:36:04] [TUSK] RECONCILIACIÓN_FANTASMA: COTIUSDT_LINEAL existe interno pero no en exchange -> reseteando
[2026-08-31 08:36:04] [TUSK] RECONCILIACIÓN_OK: 2 frentes alineados con exchange
[RANGO] SKHYUSDT_LINEAL last=164.6 · río=WS · mercado=linear · estado=ACECHANDO · dir=— · 0=164.91 · Oz=— · Red=— · manos=ON · pos=flat · latido=1.50s
[RANGO] autosello SKHY · ACECHANDO · Oz=0.0 link=— · manos_feria_informe.json
[RANGO] SKHYUSDT_LINEAL last=164.58 · río=WS · mercado=linear · estado=ACECHANDO · dir=— · 0=164.91 · Oz=— · Red=— · manos=ON · pos=flat · latido=1.50s
[RANGO] SKHYUSDT_LINEAL last=164.64 · río=WS · mercado=linear · estado=ACECHANDO · dir=— · 0=164.91 · Oz=— · Red=— · manos=ON · pos=flat · latido=1.50s
[RANGO] autosello SKHY · ACECHANDO · Oz=0.0 link=— · manos_feria_informe.json
[RANGO] SKHYUSDT_LINEAL last=164.63 · río=WS · mercado=linear · estado=ACECHANDO · dir=— · 0=164.91 · Oz=— · Red=— · manos=ON · pos=flat · latido=1.50s
[RANGO] autosello SKHY · ACECHANDO · Oz=0.0 link=— · manos_feria_informe.json
[RANGO] SKHYUSDT_LINEAL last=164.62 · río=WS · mercado=linear · estado=ACECHANDO · dir=— · 0=164.91 · Oz=— · Red=— · manos=ON · pos=flat · latido=1.50s
[RANGO] SKHYUSDT_LINEAL last=164.49 · río=WS · mercado=linear · estado=ACECHANDO · dir=— · 0=164.91 · Oz=— · Red=— · manos=ON · pos=flat · latido=1.50s
[RANGO] autosello SKHY · ACECHANDO · Oz=0.0 link=— · manos_feria_informe.json
[RANGO] SKHYUSDT_LINEAL last=164.44 · río=WS · mercado=linear · estado=ACECHANDO · dir=— · 0=164.91 · Oz=— · Red=— · manos=ON · pos=flat · latido=1.50s
[RANGO] autosello SKHY · ACECHANDO · Oz=0.0 link=— · manos_feria_informe.json
[RANGO] SKHYUSDT_LINEAL last=164.42 · río=WS · mercado=linear · estado=ACECHANDO · dir=— · 0=164.91 · Oz=— · Red=— · manos=ON · pos=flat · latido=1.50s
[RANGO] SKHYUSDT_LINEAL last=164.43 · río=WS · mercado=linear · estado=ACECHANDO · dir=— · 0=164.91 · Oz=— · Red=— · manos=ON · pos=flat · latido=1.50s
[RANGO] autosello SKHY · ACECHANDO · Oz=0.0 link=— · manos_feria_informe.json
[RANGO] SKHYUSDT_LINEAL last=164.46 · río=WS · mercado=linear · estado=ACECHANDO · dir=— · 0=164.91 · Oz=— · Red=— · manos=ON · pos=flat · latido=1.50s
[RANGO] autosello SKHY · ACECHANDO · Oz=0.0 link=— · manos_feria_informe.json
[RANGO] SKHYUSDT_LINEAL last=164.34 · río=WS · mercado=linear · estado=ACECHANDO · dir=— · 0=164.91 · Oz=— · Red=— · manos=ON · pos=flat · latido=1.50s
[RANGO] SKHYUSDT_LINEAL last=164.32 · río=WS · mercado=linear · estado=ACECHANDO · dir=— · 0=164.91 · Oz=— · Red=— · manos=ON · pos=flat · latido=1.50s
[RANGO] autosello SKHY · ACECHANDO · Oz=0.0 link=— · manos_feria_informe.json
[2026-08-31 08:38:07] [TUSK] RECONCILIACIÓN: APRUSDT_LINEAL: interno L:0.000000/S:0.000000 -> real L:73.000000/S:0.000000
[2026-08-31 08:38:07] [TUSK] RECONCILIACIÓN: BROCCOLIUSDT_LINEAL: interno L:0.000000/S:0.000000 -> real L:2781.000000/S:0.000000
[2026-08-31 08:38:07] [TUSK] RECONCILIACIÓN_FANTASMA: NILUSDT_LINEAL existe interno pero no en exchange -> reseteando
[2026-08-31 08:38:07] [TUSK] RECONCILIACIÓN_FANTASMA: QNTXUSDT_LINEAL existe interno pero no en exchange -> reseteando
[2026-08-31 08:38:07] [TUSK] RECONCILIACIÓN_OK: 4 frentes alineados con exchange
[RANGO] SKHYUSDT_LINEAL last=164.33 · río=WS · mercado=linear · estado=ACECHANDO · dir=— · 0=164.91 · Oz=— · Red=— · manos=ON · pos=flat · latido=1.50s
[RANGO] autosello SKHY · ACECHANDO · Oz=0.0 link=— · manos_feria_informe.json
[RANGO] SKHYUSDT_LINEAL last=164.38 · río=WS · mercado=linear · estado=ACECHANDO · dir=— · 0=164.91 · Oz=— · Red=— · manos=ON · pos=flat · latido=1.50s
[RANGO] SKHYUSDT_LINEAL last=164.36 · río=WS · mercado=linear · estado=ACECHANDO · dir=— · 0=164.91 · Oz=— · Red=— · manos=ON · pos=flat · latido=1.50s
[RANGO] autosello SKHY · ACECHANDO · Oz=0.0 link=— · manos_feria_informe.json
[RANGO] SKHYUSDT_LINEAL last=164.34 · río=WS · mercado=linear · estado=ACECHANDO · dir=— · 0=164.91 · Oz=— · Red=— · manos=ON · pos=flat · latido=1.50s
[RANGO] autosello SKHY · ACECHANDO · Oz=0.0 link=— · manos_feria_informe.json
[RANGO] SKHYUSDT_LINEAL last=164.31 · río=WS · mercado=linear · estado=ACECHANDO · dir=— · 0=164.91 · Oz=— · Red=— · manos=ON · pos=flat · latido=1.50s
[RANGO] SKHYUSDT_LINEAL last=164.14 · río=WS · mercado=linear · estado=ACECHANDO · dir=— · 0=164.91 · Oz=— · Red=— · manos=ON · pos=flat · latido=1.50s
[RANGO] autosello SKHY · ACECHANDO · Oz=0.0 link=— · manos_feria_informe.json
[2026-08-31 08:39:08] [TUSK] RECONCILIACIÓN: DASHUSDT_LINEAL: interno L:0.000000/S:0.000000 -> real L:0.000000/S:0.220000
[2026-08-31 08:39:08] [TUSK] RECONCILIACIÓN_FANTASMA: CRCLUSDT_LINEAL existe interno pero no en exchange -> reseteando
[2026-08-31 08:39:08] [TUSK] RECONCILIACIÓN_OK: 2 frentes alineados con exchange
[RANGO] SKHYUSDT_LINEAL last=164.15 · río=WS · mercado=linear · estado=ACECHANDO · dir=— · 0=164.91 · Oz=— · Red=— · manos=ON · pos=flat · latido=1.50s
[RANGO] autosello SKHY · ACECHANDO · Oz=0.0 link=— · manos_feria_informe.json
[RANGO] SKHYUSDT_LINEAL last=164.17 · río=WS · mercado=linear · estado=ACECHANDO · dir=— · 0=164.91 · Oz=— · Red=— · manos=ON · pos=flat · latido=1.50s
[RANGO] SKHYUSDT_LINEAL last=164.16 · río=WS · mercado=linear · estado=ACECHANDO · dir=— · 0=164.91 · Oz=— · Red=— · manos=ON · pos=flat · latido=1.50s
[RANGO] autosello SKHY · ACECHANDO · Oz=0.0 link=— · manos_feria_informe.json
[RANGO] SKHYUSDT_LINEAL last=164.11 · río=WS · mercado=linear · estado=ACECHANDO · dir=— · 0=164.91 · Oz=— · Red=— · manos=ON · pos=flat · latido=1.50s
[RANGO] autosello SKHY · ACECHANDO · Oz=0.0 link=— · manos_feria_informe.json
[RANGO] SKHYUSDT_LINEAL last=164.09 · río=WS · mercado=linear · estado=ACECHANDO · dir=— · 0=164.91 · Oz=— · Red=— · manos=ON · pos=flat · latido=1.50s
[RANGO] SKHYUSDT_LINEAL last=164.18 · río=WS · mercado=linear · estado=ACECHANDO · dir=— · 0=164.91 · Oz=— · Red=— · manos=ON · pos=flat · latido=1.50s
[RANGO] autosello SKHY · ACECHANDO · Oz=0.0 link=— · manos_feria_informe.json
[2026-08-31 08:40:09] [TUSK] RECONCILIACIÓN: POWERUSDT_LINEAL: interno L:6.000000/S:0.000000 -> real L:0.000000/S:54.000000
[2026-08-31 08:40:09] [TUSK] RECONCILIACIÓN_OK: 1 frentes alineados con exchange
[RANGO] SKHYUSDT_LINEAL last=164.18 · río=WS · mercado=linear · estado=ACECHANDO · dir=— · 0=164.91 · Oz=— · Red=— · manos=ON · pos=flat · latido=1.50s
[RANGO] autosello SKHY · ACECHANDO · Oz=0.0 link=— · manos_feria_informe.json
[RANGO] SKHYUSDT_LINEAL last=164.25 · río=WS · mercado=linear · estado=ACECHANDO · dir=— · 0=164.91 · Oz=— · Red=— · manos=ON · pos=flat · latido=1.50s
[RANGO] SKHYUSDT_LINEAL last=164.36 · río=WS · mercado=linear · estado=ACECHANDO · dir=— · 0=164.91 · Oz=— · Red=— · manos=ON · pos=flat · latido=1.50s
[RANGO] autosello SKHY · ACECHANDO · Oz=0.0 link=— · manos_feria_informe.json
[RANGO] SKHYUSDT_LINEAL last=164.6 · río=WS · mercado=linear · estado=ACECHANDO · dir=— · 0=164.91 · Oz=— · Red=— · manos=ON · pos=flat · latido=1.50s
[RANGO] autosello SKHY · ACECHANDO · Oz=0.0 link=— · manos_feria_informe.json
[RANGO] SKHYUSDT_LINEAL last=164.53 · río=WS · mercado=linear · estado=ACECHANDO · dir=— · 0=164.91 · Oz=— · Red=— · manos=ON · pos=flat · latido=1.50s
[RANGO] SKHYUSDT_LINEAL last=164.47 · río=WS · mercado=linear · estado=ACECHANDO · dir=— · 0=164.91 · Oz=— · Red=— · manos=ON · pos=flat · latido=1.50s
[RANGO] autosello SKHY · ACECHANDO · Oz=0.0 link=— · manos_feria_informe.json
[2026-08-31 08:41:10] [TUSK] RECONCILIACIÓN: SNXXUSDT_LINEAL: interno L:6.830000/S:0.000000 -> real L:6.460000/S:0.000000
[2026-08-31 08:41:10] [TUSK] RECONCILIACIÓN_OK: 1 frentes alineados con exchange
[RANGO] SKHYUSDT_LINEAL last=164.41 · río=WS · mercado=linear · estado=ACECHANDO · dir=— · 0=164.91 · Oz=— · Red=— · manos=ON · pos=flat · latido=1.50s
[RANGO] autosello SKHY · ACECHANDO · Oz=0.0 link=— · manos_feria_informe.json
[RANGO] SKHYUSDT_LINEAL last=164.4 · río=WS · mercado=linear · estado=ACECHANDO · dir=— · 0=164.91 · Oz=— · Red=— · manos=ON · pos=flat · latido=1.50s
[RANGO] SKHYUSDT_LINEAL last=164.43 · río=WS · mercado=linear · estado=ACECHANDO · dir=— · 0=164.91 · Oz=— · Red=— · manos=ON · pos=flat · latido=1.50s
[RANGO] autosello SKHY · ACECHANDO · Oz=0.0 link=— · manos_feria_informe.json
[RANGO] SKHYUSDT_LINEAL last=164.5 · río=WS · mercado=linear · estado=ACECHANDO · dir=— · 0=164.91 · Oz=— · Red=— · manos=ON · pos=flat · latido=1.50s
[RANGO] autosello SKHY · ACECHANDO · Oz=0.0 link=— · manos_feria_informe.json
[RANGO] SKHYUSDT_LINEAL last=164.46 · río=WS · mercado=linear · estado=ACECHANDO · dir=— · 0=164.91 · Oz=— · Red=— · manos=ON · pos=flat · latido=1.50s
[RANGO] SKHYUSDT_LINEAL last=164.43 · río=WS · mercado=linear · estado=ACECHANDO · dir=— · 0=164.91 · Oz=— · Red=— · manos=ON · pos=flat · latido=1.50s
[RANGO] autosello SKHY · ACECHANDO · Oz=0.0 link=— · manos_feria_informe.json
[RANGO] SKHYUSDT_LINEAL last=164.42 · río=WS · mercado=linear · estado=ACECHANDO · dir=— · 0=164.91 · Oz=— · Red=— · manos=ON · pos=flat · latido=1.50s
[2026-08-31 08:42:11] [TUSK] RECONCILIACIÓN: MORPHOUSDT_LINEAL: interno L:0.000000/S:0.000000 -> real L:27.000000/S:0.000000
[2026-08-31 08:42:11] [TUSK] RECONCILIACIÓN_FANTASMA: BSPUSDT_LINEAL existe interno pero no en exchange -> reseteando
[2026-08-31 08:42:11] [TUSK] RECONCILIACIÓN_OK: 2 frentes alineados con exchange
[RANGO] autosello SKHY · ACECHANDO · Oz=0.0 link=— · manos_feria_informe.json
[RANGO] SKHYUSDT_LINEAL last=164.4 · río=WS · mercado=linear · estado=ACECHANDO · dir=— · 0=164.91 · Oz=— · Red=— · manos=ON · pos=flat · latido=1.50s
[RANGO] SKHYUSDT_LINEAL last=164.46 · río=WS · mercado=linear · estado=ACECHANDO · dir=— · 0=164.91 · Oz=— · Red=— · manos=ON · pos=flat · latido=1.50s
[RANGO] autosello SKHY · ACECHANDO · Oz=0.0 link=— · manos_feria_informe.json
[RANGO] SKHYUSDT_LINEAL last=164.47 · río=WS · mercado=linear · estado=ACECHANDO · dir=— · 0=164.91 · Oz=— · Red=— · manos=ON · pos=flat · latido=1.50s
[RANGO] autosello SKHY · ACECHANDO · Oz=0.0 link=— · manos_feria_informe.json
[RANGO] SKHYUSDT_LINEAL last=164.67 · río=WS · mercado=linear · estado=ACECHANDO · dir=— · 0=164.91 · Oz=— · Red=— · manos=ON · pos=flat · latido=1.50s
[RANGO] SKHYUSDT_LINEAL last=164.56 · río=WS · mercado=linear · estado=ACECHANDO · dir=— · 0=164.91 · Oz=— · Red=— · manos=ON · pos=flat · latido=1.50s
[RANGO] autosello SKHY · ACECHANDO · Oz=0.0 link=— · manos_feria_informe.json
[RANGO] SKHYUSDT_LINEAL last=164.51 · río=WS · mercado=linear · estado=ACECHANDO · dir=— · 0=164.91 · Oz=— · Red=— · manos=ON · pos=flat · latido=1.50s
[2026-08-31 08:43:12] [TUSK] RECONCILIACIÓN: TRBUSDT_LINEAL: interno L:0.000000/S:0.000000 -> real L:5.240000/S:0.000000
[2026-08-31 08:43:12] [TUSK] RECONCILIACIÓN_FANTASMA: SAMSUNGUSDT_LINEAL existe interno pero no en exchange -> reseteando
[2026-08-31 08:43:12] [TUSK] RECONCILIACIÓN_OK: 2 frentes alineados con exchange
[RANGO] autosello SKHY · ACECHANDO · Oz=0.0 link=— · manos_feria_informe.json
[RANGO] SKHYUSDT_LINEAL last=164.62 · río=WS · mercado=linear · estado=ACECHANDO · dir=— · 0=164.91 · Oz=— · Red=— · manos=ON · pos=flat · latido=1.50s
[RANGO] SKHYUSDT_LINEAL last=164.62 · río=WS · mercado=linear · estado=ACECHANDO · dir=— · 0=164.91 · Oz=— · Red=— · manos=ON · pos=flat · latido=1.50s
[RANGO] autosello SKHY · ACECHANDO · Oz=0.0 link=— · manos_feria_informe.json
[RANGO] SKHYUSDT_LINEAL last=164.61 · río=WS · mercado=linear · estado=ACECHANDO · dir=— · 0=164.91 · Oz=— · Red=— · manos=ON · pos=flat · latido=1.50s
[RANGO] autosello SKHY · ACECHANDO · Oz=0.0 link=— · manos_feria_informe.json
[RANGO] SKHYUSDT_LINEAL last=164.66 · río=WS · mercado=linear · estado=ACECHANDO · dir=— · 0=164.91 · Oz=— · Red=— · manos=ON · pos=flat · latido=1.50s
[RANGO] SKHYUSDT_LINEAL last=164.78 · río=WS · mercado=linear · estado=ACECHANDO · dir=— · 0=164.91 · Oz=— · Red=— · manos=ON · pos=flat · latido=1.50s
[RANGO] autosello SKHY · ACECHANDO · Oz=0.0 link=— · manos_feria_informe.json
[RANGO] SKHYUSDT_LINEAL last=164.84 · río=WS · mercado=linear · estado=ACECHANDO · dir=— · 0=164.91 · Oz=— · Red=— · manos=ON · pos=flat · latido=1.50s
[2026-08-31 08:44:14] [TUSK] RECONCILIACIÓN: CRCLUSDT_LINEAL: interno L:0.000000/S:0.000000 -> real L:0.410000/S:0.000000
[2026-08-31 08:44:14] [TUSK] RECONCILIACIÓN: PURRUSDT_LINEAL: interno L:0.000000/S:0.000000 -> real L:4.800000/S:0.000000
[2026-08-31 08:44:14] [TUSK] RECONCILIACIÓN: UNIUSDT_LINEAL: interno L:0.000000/S:0.000000 -> real L:0.900000/S:0.000000
[2026-08-31 08:44:14] [TUSK] RECONCILIACIÓN_FANTASMA: AEHRUSDT_LINEAL existe interno pero no en exchange -> reseteando
[2026-08-31 08:44:14] [TUSK] RECONCILIACIÓN_FANTASMA: KSMUSDT_LINEAL existe interno pero no en exchange -> reseteando
[2026-08-31 08:44:14] [TUSK] RECONCILIACIÓN_FANTASMA: AAOIUSDT_LINEAL existe interno pero no en exchange -> reseteando
[2026-08-31 08:44:14] [TUSK] RECONCILIACIÓN_OK: 6 frentes alineados con exchange
[RANGO] autosello SKHY · ACECHANDO · Oz=0.0 link=— · manos_feria_informe.json
[RANGO] SKHYUSDT_LINEAL last=164.79 · río=WS · mercado=linear · estado=ACECHANDO · dir=— · 0=164.91 · Oz=— · Red=— · manos=ON · pos=flat · latido=1.50s
[RANGO] SKHYUSDT_LINEAL last=164.85 · río=WS · mercado=linear · estado=ACECHANDO · dir=— · 0=164.91 · Oz=— · Red=— · manos=ON · pos=flat · latido=1.50s
[RANGO] autosello SKHY · ACECHANDO · Oz=0.0 link=— · manos_feria_informe.json
[RANGO] SKHYUSDT_LINEAL last=164.81 · río=WS · mercado=linear · estado=ACECHANDO · dir=— · 0=164.91 · Oz=— · Red=— · manos=ON · pos=flat · latido=1.50s
[RANGO] autosello SKHY · ACECHANDO · Oz=0.0 link=— · manos_feria_informe.json
[RANGO] SKHYUSDT_LINEAL last=164.68 · río=WS · mercado=linear · estado=ACECHANDO · dir=— · 0=164.91 · Oz=— · Red=— · manos=ON · pos=flat · latido=1.50s
[RANGO] SKHYUSDT_LINEAL last=164.8 · río=WS · mercado=linear · estado=ACECHANDO · dir=— · 0=164.91 · Oz=— · Red=— · manos=ON · pos=flat · latido=1.50s
[RANGO] autosello SKHY · ACECHANDO · Oz=0.0 link=— · manos_feria_informe.json
[RANGO] SKHYUSDT_LINEAL last=164.9 · río=WS · mercado=linear · estado=ACECHANDO · dir=— · 0=164.91 · Oz=— · Red=— · manos=ON · pos=flat · latido=1.50s
[RANGO] autosello SKHY · ACECHANDO · Oz=0.0 link=— · manos_feria_informe.json
[RANGO] SKHYUSDT_LINEAL last=164.97 · río=WS · mercado=linear · estado=ACECHANDO · dir=— · 0=164.91 · Oz=— · Red=— · manos=ON · pos=flat · latido=1.50s
[RANGO] SKHYUSDT_LINEAL last=164.88 · río=WS · mercado=linear · estado=ACECHANDO · dir=— · 0=164.91 · Oz=— · Red=— · manos=ON · pos=flat · latido=1.50s
[RANGO] autosello SKHY · ACECHANDO · Oz=0.0 link=— · manos_feria_informe.json
[RANGO] SKHYUSDT_LINEAL last=164.8 · río=WS · mercado=linear · estado=ACECHANDO · dir=— · 0=164.91 · Oz=— · Red=— · manos=ON · pos=flat · latido=1.50s
[RANGO] autosello SKHY · ACECHANDO · Oz=0.0 link=— · manos_feria_informe.json
[RANGO] SKHYUSDT_LINEAL last=164.85 · río=WS · mercado=linear · estado=ACECHANDO · dir=— · 0=164.91 · Oz=— · Red=— · manos=ON · pos=flat · latido=1.50s
[RANGO] SKHYUSDT_LINEAL last=164.88 · río=WS · mercado=linear · estado=ACECHANDO · dir=— · 0=164.91 · Oz=— · Red=— · manos=ON · pos=flat · latido=1.50s
[RANGO] autosello SKHY · ACECHANDO · Oz=0.0 link=— · manos_feria_informe.json
[RANGO] SKHYUSDT_LINEAL last=164.87 · río=WS · mercado=linear · estado=ACECHANDO · dir=— · 0=164.91 · Oz=— · Red=— · manos=ON · pos=flat · latido=1.50s
[2026-08-31 08:46:16] [TUSK] RECONCILIACIÓN: KSMUSDT_LINEAL: interno L:0.000000/S:0.000000 -> real L:13.470000/S:0.000000
[2026-08-31 08:46:16] [TUSK] RECONCILIACIÓN: BIOUSDT_LINEAL: interno L:0.000000/S:0.000000 -> real L:1016.000000/S:0.000000
[2026-08-31 08:46:16] [TUSK] RECONCILIACIÓN_FANTASMA: AXTIUSDT_LINEAL existe interno pero no en exchange -> reseteando
[2026-08-31 08:46:16] [TUSK] RECONCILIACIÓN_FANTASMA: ZKPUSDT_LINEAL existe interno pero no en exchange -> reseteando
[2026-08-31 08:46:16] [TUSK] RECONCILIACIÓN_OK: 4 frentes alineados con exchange
[RANGO] autosello SKHY · ACECHANDO · Oz=0.0 link=— · manos_feria_informe.json
[RANGO] SKHYUSDT_LINEAL last=164.86 · río=WS · mercado=linear · estado=ACECHANDO · dir=— · 0=164.91 · Oz=— · Red=— · manos=ON · pos=flat · latido=1.50s
[RANGO] SKHYUSDT_LINEAL last=164.76 · río=WS · mercado=linear · estado=ACECHANDO · dir=— · 0=164.91 · Oz=— · Red=— · manos=ON · pos=flat · latido=1.50s
[RANGO] autosello SKHY · ACECHANDO · Oz=0.0 link=— · manos_feria_informe.json
[RANGO] SKHYUSDT_LINEAL last=164.75 · río=WS · mercado=linear · estado=ACECHANDO · dir=— · 0=164.91 · Oz=— · Red=— · manos=ON · pos=flat · latido=1.50s
[RANGO] autosello SKHY · ACECHANDO · Oz=0.0 link=— · manos_feria_informe.json
[RANGO] SKHYUSDT_LINEAL last=164.69 · río=WS · mercado=linear · estado=ACECHANDO · dir=— · 0=164.91 · Oz=— · Red=— · manos=ON · pos=flat · latido=1.50s
[RANGO] SKHYUSDT_LINEAL last=164.7 · río=WS · mercado=linear · estado=ACECHANDO · dir=— · 0=164.91 · Oz=— · Red=— · manos=ON · pos=flat · latido=1.50s
[RANGO] autosello SKHY · ACECHANDO · Oz=0.0 link=— · manos_feria_informe.json
[RANGO] SKHYUSDT_LINEAL last=164.66 · río=WS · mercado=linear · estado=ACECHANDO · dir=— · 0=164.91 · Oz=— · Red=— · manos=ON · pos=flat · latido=1.50s
[2026-08-31 08:47:17] [TUSK] RECONCILIACIÓN: POWERUSDT_LINEAL: interno L:0.000000/S:54.000000 -> real L:0.000000/S:114.000000
[2026-08-31 08:47:17] [TUSK] RECONCILIACIÓN_OK: 1 frentes alineados con exchange
[RANGO] autosello SKHY · ACECHANDO · Oz=0.0 link=— · manos_feria_informe.json
[RANGO] SKHYUSDT_LINEAL last=164.59 · río=WS · mercado=linear · estado=ACECHANDO · dir=— · 0=164.91 · Oz=— · Red=— · manos=ON · pos=flat · latido=1.50s
[RANGO] SKHYUSDT_LINEAL last=164.51 · río=WS · mercado=linear · estado=ACECHANDO · dir=— · 0=164.91 · Oz=— · Red=— · manos=ON · pos=flat · latido=1.50s
[RANGO] autosello SKHY · ACECHANDO · Oz=0.0 link=— · manos_feria_informe.json
[RANGO] SKHYUSDT_LINEAL last=164.37 · río=WS · mercado=linear · estado=ACECHANDO · dir=— · 0=164.91 · Oz=— · Red=— · manos=ON · pos=flat · latido=1.50s
[RANGO] autosello SKHY · ACECHANDO · Oz=0.0 link=— · manos_feria_informe.json
[RANGO] SKHYUSDT_LINEAL last=164.36 · río=WS · mercado=linear · estado=ACECHANDO · dir=— · 0=164.91 · Oz=— · Red=— · manos=ON · pos=flat · latido=1.50s
[RANGO] SKHYUSDT_LINEAL last=164.37 · río=WS · mercado=linear · estado=ACECHANDO · dir=— · 0=164.91 · Oz=— · Red=— · manos=ON · pos=flat · latido=1.50s
[RANGO] autosello SKHY · ACECHANDO · Oz=0.0 link=— · manos_feria_informe.json
[RANGO] SKHYUSDT_LINEAL last=164.2 · río=WS · mercado=linear · estado=ACECHANDO · dir=— · 0=164.91 · Oz=— · Red=— · manos=ON · pos=flat · latido=1.50s
[2026-08-31 08:48:18] [TUSK] RECONCILIACIÓN: ZKPUSDT_LINEAL: interno L:0.000000/S:0.000000 -> real L:1388.000000/S:0.000000
[2026-08-31 08:48:18] [TUSK] RECONCILIACIÓN: SAMSUNGUSDT_LINEAL: interno L:0.000000/S:0.000000 -> real L:0.000000/S:0.110000
[2026-08-31 08:48:18] [TUSK] RECONCILIACIÓN_FANTASMA: WDCUSDT_LINEAL existe interno pero no en exchange -> reseteando
[2026-08-31 08:48:18] [TUSK] RECONCILIACIÓN_FANTASMA: ZBCNUSDT_LINEAL existe interno pero no en exchange -> reseteando
[2026-08-31 08:48:18] [TUSK] RECONCILIACIÓN_OK: 4 frentes alineados con exchange
[RANGO] autosello SKHY · ACECHANDO · Oz=0.0 link=— · manos_feria_informe.json
[RANGO] SKHYUSDT_LINEAL last=164.25 · río=WS · mercado=linear · estado=ACECHANDO · dir=— · 0=164.91 · Oz=— · Red=— · manos=ON · pos=flat · latido=1.50s
[RANGO] SKHYUSDT_LINEAL last=164.31 · río=WS · mercado=linear · estado=ACECHANDO · dir=— · 0=164.91 · Oz=— · Red=— · manos=ON · pos=flat · latido=1.50s
[RANGO] autosello SKHY · ACECHANDO · Oz=0.0 link=— · manos_feria_informe.json
[RANGO] SKHYUSDT_LINEAL last=164.29 · río=WS · mercado=linear · estado=ACECHANDO · dir=— · 0=164.91 · Oz=— · Red=— · manos=ON · pos=flat · latido=1.50s
[RANGO] autosello SKHY · ACECHANDO · Oz=0.0 link=— · manos_feria_informe.json
[RANGO] SKHYUSDT_LINEAL last=164.22 · río=WS · mercado=linear · estado=ACECHANDO · dir=— · 0=164.91 · Oz=— · Red=— · manos=ON · pos=flat · latido=1.50s
[RANGO] SKHYUSDT_LINEAL last=164.13 · río=WS · mercado=linear · estado=ACECHANDO · dir=— · 0=164.91 · Oz=— · Red=— · manos=ON · pos=flat · latido=1.50s
[RANGO] autosello SKHY · ACECHANDO · Oz=0.0 link=— · manos_feria_informe.json
[RANGO] SKHYUSDT_LINEAL last=164.27 · río=WS · mercado=linear · estado=ACECHANDO · dir=— · 0=164.91 · Oz=— · Red=— · manos=ON · pos=flat · latido=1.50s
[2026-08-31 08:49:19] [TUSK] RECONCILIACIÓN: TSEMUSDT_LINEAL: interno L:0.000000/S:0.000000 -> real L:0.090000/S:0.000000
[2026-08-31 08:49:19] [TUSK] RECONCILIACIÓN: CRDOUSDT_LINEAL: interno L:0.000000/S:0.000000 -> real L:0.140000/S:0.000000
[2026-08-31 08:49:19] [TUSK] RECONCILIACIÓN_FANTASMA: TSLLUSDT_LINEAL existe interno pero no en exchange -> reseteando
[2026-08-31 08:49:19] [TUSK] RECONCILIACIÓN_FANTASMA: MSTRUSDT_LINEAL existe interno pero no en exchange -> reseteando
[2026-08-31 08:49:19] [TUSK] RECONCILIACIÓN_OK: 4 frentes alineados con exchange
[RANGO] autosello SKHY · ACECHANDO · Oz=0.0 link=— · manos_feria_informe.json
[RANGO] SKHYUSDT_LINEAL last=164.2 · río=WS · mercado=linear · estado=ACECHANDO · dir=— · 0=164.91 · Oz=— · Red=— · manos=ON · pos=flat · latido=1.50s
[RANGO] SKHYUSDT_LINEAL last=164.13 · río=WS · mercado=linear · estado=ACECHANDO · dir=— · 0=164.91 · Oz=— · Red=— · manos=ON · pos=flat · latido=1.50s
[RANGO] autosello SKHY · ACECHANDO · Oz=0.0 link=— · manos_feria_informe.json
[RANGO] SKHYUSDT_LINEAL last=164.18 · río=WS · mercado=linear · estado=ACECHANDO · dir=— · 0=164.91 · Oz=— · Red=— · manos=ON · pos=flat · latido=1.50s
[RANGO] autosello SKHY · ACECHANDO · Oz=0.0 link=— · manos_feria_informe.json
[RANGO] SKHYUSDT_LINEAL last=164.06 · río=WS · mercado=linear · estado=ACECHANDO · dir=— · 0=164.91 · Oz=— · Red=— · manos=ON · pos=flat · latido=1.50s
[RANGO] SKHYUSDT_LINEAL last=164.09 · río=WS · mercado=linear · estado=ACECHANDO · dir=— · 0=164.91 · Oz=— · Red=— · manos=ON · pos=flat · latido=1.50s
[RANGO] autosello SKHY · ACECHANDO · Oz=0.0 link=— · manos_feria_informe.json
[RANGO] SKHYUSDT_LINEAL last=164.04 · río=WS · mercado=linear · estado=ACECHANDO · dir=— · 0=164.91 · Oz=— · Red=— · manos=ON · pos=flat · latido=1.50s
[RANGO] autosello SKHY · ACECHANDO · Oz=0.0 link=— · manos_feria_informe.json
[2026-08-31 08:50:20] [TUSK] RECONCILIACIÓN: BSPUSDT_LINEAL: interno L:0.000000/S:0.000000 -> real L:0.440000/S:0.000000
[2026-08-31 08:50:20] [TUSK] RECONCILIACIÓN: ADAUSD_INVERSE: interno L:0.000000/S:0.000000 -> real L:207.000000/S:0.000000
[2026-08-31 08:50:20] [TUSK] RECONCILIACIÓN_FANTASMA: BTCUSD_INVERSE existe interno pero no en exchange -> reseteando
[2026-08-31 08:50:20] [TUSK] RECONCILIACIÓN_FANTASMA: BROCCOLIUSDT_LINEAL existe interno pero no en exchange -> reseteando
[2026-08-31 08:50:20] [TUSK] RECONCILIACIÓN_OK: 4 frentes alineados con exchange
[RANGO] SKHYUSDT_LINEAL last=164.09 · río=WS · mercado=linear · estado=ACECHANDO · dir=— · 0=164.91 · Oz=— · Red=— · manos=ON · pos=flat · latido=1.50s
[RANGO] SKHYUSDT_LINEAL last=164.1 · río=WS · mercado=linear · estado=ACECHANDO · dir=— · 0=164.91 · Oz=— · Red=— · manos=ON · pos=flat · latido=1.50s
[RANGO] autosello SKHY · ACECHANDO · Oz=0.0 link=— · manos_feria_informe.json
[RANGO] SKHYUSDT_LINEAL last=164.08 · río=WS · mercado=linear · estado=ACECHANDO · dir=— · 0=164.91 · Oz=— · Red=— · manos=ON · pos=flat · latido=1.50s
[RANGO] autosello SKHY · ACECHANDO · Oz=0.0 link=— · manos_feria_informe.json
[RANGO] SKHYUSDT_LINEAL last=164.14 · río=WS · mercado=linear · estado=ACECHANDO · dir=— · 0=164.91 · Oz=— · Red=— · manos=ON · pos=flat · latido=1.50s
[RANGO] SKHYUSDT_LINEAL last=164.14 · río=WS · mercado=linear · estado=ACECHANDO · dir=— · 0=164.91 · Oz=— · Red=— · manos=ON · pos=flat · latido=1.50s
[RANGO] autosello SKHY · ACECHANDO · Oz=0.0 link=— · manos_feria_informe.json
[RANGO] SKHYUSDT_LINEAL last=164.16 · río=WS · mercado=linear · estado=ACECHANDO · dir=— · 0=164.91 · Oz=— · Red=— · manos=ON · pos=flat · latido=1.50s
[RANGO] autosello SKHY · ACECHANDO · Oz=0.0 link=— · manos_feria_informe.json
[2026-08-31 08:51:21] [TUSK] RECONCILIACIÓN: UNIUSDT_LINEAL: interno L:0.900000/S:0.000000 -> real L:0.000000/S:0.100000
[2026-08-31 08:51:21] [TUSK] RECONCILIACIÓN_OK: 1 frentes alineados con exchange
[RANGO] SKHYUSDT_LINEAL last=164.23 · río=WS · mercado=linear · estado=ACECHANDO · dir=— · 0=164.91 · Oz=— · Red=— · manos=ON · pos=flat · latido=1.50s
[RANGO] SKHYUSDT_LINEAL last=164.26 · río=WS · mercado=linear · estado=ACECHANDO · dir=— · 0=164.91 · Oz=— · Red=— · manos=ON · pos=flat · latido=1.50s
[RANGO] autosello SKHY · ACECHANDO · Oz=0.0 link=— · manos_feria_informe.json
[RANGO] SKHYUSDT_LINEAL last=164.11 · río=WS · mercado=linear · estado=ACECHANDO · dir=— · 0=164.91 · Oz=— · Red=— · manos=ON · pos=flat · latido=1.50s
[RANGO] autosello SKHY · ACECHANDO · Oz=0.0 link=— · manos_feria_informe.json
[RANGO] SKHYUSDT_LINEAL last=164.17 · río=WS · mercado=linear · estado=ACECHANDO · dir=— · 0=164.91 · Oz=— · Red=— · manos=ON · pos=flat · latido=1.50s
[RANGO] SKHYUSDT_LINEAL last=164.16 · río=WS · mercado=linear · estado=ACECHANDO · dir=— · 0=164.91 · Oz=— · Red=— · manos=ON · pos=flat · latido=1.50s
[RANGO] autosello SKHY · ACECHANDO · Oz=0.0 link=— · manos_feria_informe.json
[RANGO] SKHYUSDT_LINEAL last=164.18 · río=WS · mercado=linear · estado=ACECHANDO · dir=— · 0=164.91 · Oz=— · Red=— · manos=ON · pos=flat · latido=1.50s
[RANGO] autosello SKHY · ACECHANDO · Oz=0.0 link=— · manos_feria_informe.json
[RANGO] SKHYUSDT_LINEAL last=164.09 · río=WS · mercado=linear · estado=ACECHANDO · dir=— · 0=164.91 · Oz=— · Red=— · manos=ON · pos=flat · latido=1.50s
[2026-08-31 08:52:22] [TUSK] RECONCILIACIÓN: NILUSDT_LINEAL: interno L:0.000000/S:0.000000 -> real L:220.000000/S:0.000000
[2026-08-31 08:52:22] [TUSK] RECONCILIACIÓN: FLNCUSDT_LINEAL: interno L:0.000000/S:0.000000 -> real L:3.300000/S:0.000000
[2026-08-31 08:52:22] [TUSK] RECONCILIACIÓN: AAVEUSD_INVERSE: interno L:178.000000/S:0.000000 -> real L:89.000000/S:0.000000
[2026-08-31 08:52:22] [TUSK] RECONCILIACIÓN_FANTASMA: VVVUSDT_LINEAL existe interno pero no en exchange -> reseteando
[2026-08-31 08:52:22] [TUSK] RECONCILIACIÓN_FANTASMA: DASHUSDT_LINEAL existe interno pero no en exchange -> reseteando
[2026-08-31 08:52:22] [TUSK] RECONCILIACIÓN_OK: 5 frentes alineados con exchange
[RANGO] SKHYUSDT_LINEAL last=164.07 · río=WS · mercado=linear · estado=ACECHANDO · dir=— · 0=164.91 · Oz=— · Red=— · manos=ON · pos=flat · latido=1.50s
[RANGO] autosello SKHY · ACECHANDO · Oz=0.0 link=— · manos_feria_informe.json
[RANGO] SKHYUSDT_LINEAL last=164.22 · río=WS · mercado=linear · estado=ACECHANDO · dir=— · 0=164.91 · Oz=— · Red=— · manos=ON · pos=flat · latido=1.50s
[RANGO] autosello SKHY · ACECHANDO · Oz=0.0 link=— · manos_feria_informe.json
[RANGO] SKHYUSDT_LINEAL last=164.2 · río=WS · mercado=linear · estado=ACECHANDO · dir=— · 0=164.91 · Oz=— · Red=— · manos=ON · pos=flat · latido=1.50s
[RANGO] SKHYUSDT_LINEAL last=164.23 · río=WS · mercado=linear · estado=ACECHANDO · dir=— · 0=164.91 · Oz=— · Red=— · manos=ON · pos=flat · latido=1.50s
[RANGO] autosello SKHY · ACECHANDO · Oz=0.0 link=— · manos_feria_informe.json
[RANGO] SKHYUSDT_LINEAL last=164.13 · río=WS · mercado=linear · estado=ACECHANDO · dir=— · 0=164.91 · Oz=— · Red=— · manos=ON · pos=flat · latido=1.50s
[RANGO] autosello SKHY · ACECHANDO · Oz=0.0 link=— · manos_feria_informe.json
[RANGO] SKHYUSDT_LINEAL last=164.08 · río=WS · mercado=linear · estado=ACECHANDO · dir=— · 0=164.91 · Oz=— · Red=— · manos=ON · pos=flat · latido=1.50s
[2026-08-31 08:53:23] [TUSK] RECONCILIACIÓN: MORPHOUSDT_LINEAL: interno L:27.000000/S:0.000000 -> real L:25.000000/S:0.000000
[2026-08-31 08:53:23] [TUSK] RECONCILIACIÓN: CRVUSDT_LINEAL: interno L:0.000000/S:0.000000 -> real L:4.800000/S:0.000000
[2026-08-31 08:53:23] [TUSK] RECONCILIACIÓN_FANTASMA: SNXXUSDT_LINEAL existe interno pero no en exchange -> reseteando
[2026-08-31 08:53:23] [TUSK] RECONCILIACIÓN_OK: 3 frentes alineados con exchange
[RANGO] SKHYUSDT_LINEAL last=163.94 · río=WS · mercado=linear · estado=ACECHANDO · dir=— · 0=164.91 · Oz=— · Red=— · manos=ON · pos=flat · latido=1.50s
[RANGO] autosello SKHY · ACECHANDO · Oz=0.0 link=— · manos_feria_informe.json
[RANGO] SKHYUSDT_LINEAL last=163.91 · río=WS · mercado=linear · estado=ACECHANDO · dir=— · 0=164.91 · Oz=— · Red=— · manos=ON · pos=flat · latido=1.50s
[RANGO] autosello SKHY · ACECHANDO · Oz=0.0 link=— · manos_feria_informe.json
[RANGO] SKHYUSDT_LINEAL last=163.97 · río=WS · mercado=linear · estado=ACECHANDO · dir=— · 0=164.91 · Oz=— · Red=— · manos=ON · pos=flat · latido=1.50s
[RANGO] SKHYUSDT_LINEAL last=163.96 · río=WS · mercado=linear · estado=ACECHANDO · dir=— · 0=164.91 · Oz=— · Red=— · manos=ON · pos=flat · latido=1.50s
[RANGO] autosello SKHY · ACECHANDO · Oz=0.0 link=— · manos_feria_informe.json
[RANGO] SKHYUSDT_LINEAL last=164.0 · río=WS · mercado=linear · estado=ACECHANDO · dir=— · 0=164.91 · Oz=— · Red=— · manos=ON · pos=flat · latido=1.50s
[RANGO] autosello SKHY · ACECHANDO · Oz=0.0 link=— · manos_feria_informe.json
[RANGO] SKHYUSDT_LINEAL last=164.03 · río=WS · mercado=linear · estado=ACECHANDO · dir=— · 0=164.91 · Oz=— · Red=— · manos=ON · pos=flat · latido=1.50s
[RANGO] SKHYUSDT_LINEAL last=164.04 · río=WS · mercado=linear · estado=ACECHANDO · dir=— · 0=164.91 · Oz=— · Red=— · manos=ON · pos=flat · latido=1.50s
[RANGO] autosello SKHY · ACECHANDO · Oz=0.0 link=— · manos_feria_informe.json
[RANGO] SKHYUSDT_LINEAL last=164.07 · río=WS · mercado=linear · estado=ACECHANDO · dir=— · 0=164.91 · Oz=— · Red=— · manos=ON · pos=flat · latido=1.50s
[RANGO] autosello SKHY · ACECHANDO · Oz=0.0 link=— · manos_feria_informe.json
[RANGO] SKHYUSDT_LINEAL last=164.15 · río=WS · mercado=linear · estado=ACECHANDO · dir=— · 0=164.91 · Oz=— · Red=— · manos=ON · pos=flat · latido=1.50s
[RANGO] SKHYUSDT_LINEAL last=164.25 · río=WS · mercado=linear · estado=ACECHANDO · dir=— · 0=164.91 · Oz=— · Red=— · manos=ON · pos=flat · latido=1.50s
[RANGO] autosello SKHY · ACECHANDO · Oz=0.0 link=— · manos_feria_informe.json
[RANGO] SKHYUSDT_LINEAL last=164.34 · río=WS · mercado=linear · estado=ACECHANDO · dir=— · 0=164.91 · Oz=— · Red=— · manos=ON · pos=flat · latido=1.50s
[RANGO] autosello SKHY · ACECHANDO · Oz=0.0 link=— · manos_feria_informe.json
[RANGO] SKHYUSDT_LINEAL last=164.46 · río=WS · mercado=linear · estado=ACECHANDO · dir=— · 0=164.91 · Oz=— · Red=— · manos=ON · pos=flat · latido=1.50s
[RANGO] SKHYUSDT_LINEAL last=164.51 · río=WS · mercado=linear · estado=ACECHANDO · dir=— · 0=164.91 · Oz=— · Red=— · manos=ON · pos=flat · latido=1.50s
[RANGO] autosello SKHY · ACECHANDO · Oz=0.0 link=— · manos_feria_informe.json
[RANGO] SKHYUSDT_LINEAL last=164.49 · río=WS · mercado=linear · estado=ACECHANDO · dir=— · 0=164.91 · Oz=— · Red=— · manos=ON · pos=flat · latido=1.50s
[RANGO] autosello SKHY · ACECHANDO · Oz=0.0 link=— · manos_feria_informe.json
[RANGO] SKHYUSDT_LINEAL last=164.38 · río=WS · mercado=linear · estado=ACECHANDO · dir=— · 0=164.91 · Oz=— · Red=— · manos=ON · pos=flat · latido=1.50s
[RANGO] SKHYUSDT_LINEAL last=164.36 · río=WS · mercado=linear · estado=ACECHANDO · dir=— · 0=164.91 · Oz=— · Red=— · manos=ON · pos=flat · latido=1.50s
[RANGO] autosello SKHY · ACECHANDO · Oz=0.0 link=— · manos_feria_informe.json
[RANGO] SKHYUSDT_LINEAL last=164.47 · río=WS · mercado=linear · estado=ACECHANDO · dir=— · 0=164.91 · Oz=— · Red=— · manos=ON · pos=flat · latido=1.50s
[RANGO] autosello SKHY · ACECHANDO · Oz=0.0 link=— · manos_feria_informe.json
[RANGO] SKHYUSDT_LINEAL last=164.47 · río=WS · mercado=linear · estado=ACECHANDO · dir=— · 0=164.91 · Oz=— · Red=— · manos=ON · pos=flat · latido=1.50s
[2026-08-31 08:56:27] [TUSK] RECONCILIACIÓN: WDCUSDT_LINEAL: interno L:0.000000/S:0.000000 -> real L:0.020000/S:0.000000
[2026-08-31 08:56:27] [TUSK] RECONCILIACIÓN_FANTASMA: LITUSDT_LINEAL existe interno pero no en exchange -> reseteando
[2026-08-31 08:56:27] [TUSK] RECONCILIACIÓN_OK: 2 frentes alineados con exchange
[RANGO] SKHYUSDT_LINEAL last=164.48 · río=WS · mercado=linear · estado=ACECHANDO · dir=— · 0=164.91 · Oz=— · Red=— · manos=ON · pos=flat · latido=1.50s
[RANGO] autosello SKHY · ACECHANDO · Oz=0.0 link=— · manos_feria_informe.json
[RANGO] SKHYUSDT_LINEAL last=164.44 · río=WS · mercado=linear · estado=ACECHANDO · dir=— · 0=164.91 · Oz=— · Red=— · manos=ON · pos=flat · latido=1.50s
[RANGO] autosello SKHY · ACECHANDO · Oz=0.0 link=— · manos_feria_informe.json
[RANGO] SKHYUSDT_LINEAL last=164.42 · río=WS · mercado=linear · estado=ACECHANDO · dir=— · 0=164.91 · Oz=— · Red=— · manos=ON · pos=flat · latido=1.50s
[RANGO] SKHYUSDT_LINEAL last=164.28 · río=WS · mercado=linear · estado=ACECHANDO · dir=— · 0=164.91 · Oz=— · Red=— · manos=ON · pos=flat · latido=1.50s
[RANGO] autosello SKHY · ACECHANDO · Oz=0.0 link=— · manos_feria_informe.json
[RANGO] SKHYUSDT_LINEAL last=164.39 · río=WS · mercado=linear · estado=ACECHANDO · dir=— · 0=164.91 · Oz=— · Red=— · manos=ON · pos=flat · latido=1.50s
[RANGO] autosello SKHY · ACECHANDO · Oz=0.0 link=— · manos_feria_informe.json
[RANGO] SKHYUSDT_LINEAL last=164.38 · río=WS · mercado=linear · estado=ACECHANDO · dir=— · 0=164.91 · Oz=— · Red=— · manos=ON · pos=flat · latido=1.50s
[RANGO] SKHYUSDT_LINEAL last=164.26 · río=WS · mercado=linear · estado=ACECHANDO · dir=— · 0=164.91 · Oz=— · Red=— · manos=ON · pos=flat · latido=1.50s
[RANGO] autosello SKHY · ACECHANDO · Oz=0.0 link=— · manos_feria_informe.json
[RANGO] SKHYUSDT_LINEAL last=164.31 · río=WS · mercado=linear · estado=ACECHANDO · dir=— · 0=164.91 · Oz=— · Red=— · manos=ON · pos=flat · latido=1.50s
[RANGO] autosello SKHY · ACECHANDO · Oz=0.0 link=— · manos_feria_informe.json
[RANGO] SKHYUSDT_LINEAL last=164.37 · río=WS · mercado=linear · estado=ACECHANDO · dir=— · 0=164.91 · Oz=— · Red=— · manos=ON · pos=flat · latido=1.50s
[RANGO] SKHYUSDT_LINEAL last=164.35 · río=WS · mercado=linear · estado=ACECHANDO · dir=— · 0=164.91 · Oz=— · Red=— · manos=ON · pos=flat · latido=1.50s
[RANGO] autosello SKHY · ACECHANDO · Oz=0.0 link=— · manos_feria_informe.json
[RANGO] SKHYUSDT_LINEAL last=164.2 · río=WS · mercado=linear · estado=ACECHANDO · dir=— · 0=164.91 · Oz=— · Red=— · manos=ON · pos=flat · latido=1.50s
[RANGO] autosello SKHY · ACECHANDO · Oz=0.0 link=— · manos_feria_informe.json
[RANGO] SKHYUSDT_LINEAL last=164.12 · río=WS · mercado=linear · estado=ACECHANDO · dir=— · 0=164.91 · Oz=— · Red=— · manos=ON · pos=flat · latido=1.50s
[2026-08-31 08:58:29] [TUSK] RECONCILIACIÓN: NEARUSDT_LINEAL: interno L:0.000000/S:0.000000 -> real L:0.000000/S:24.600000
[2026-08-31 08:58:29] [TUSK] RECONCILIACIÓN_FANTASMA: TRBUSDT_LINEAL existe interno pero no en exchange -> reseteando
[2026-08-31 08:58:29] [TUSK] RECONCILIACIÓN_OK: 2 frentes alineados con exchange
[RANGO] SKHYUSDT_LINEAL last=164.06 · río=WS · mercado=linear · estado=ACECHANDO · dir=— · 0=164.91 · Oz=— · Red=— · manos=ON · pos=flat · latido=1.50s
[RANGO] autosello SKHY · ACECHANDO · Oz=0.0 link=— · manos_feria_informe.json
[RANGO] SKHYUSDT_LINEAL last=163.89 · río=WS · mercado=linear · estado=ACECHANDO · dir=— · 0=164.91 · Oz=— · Red=— · manos=ON · pos=flat · latido=1.50s
[RANGO] autosello SKHY · ACECHANDO · Oz=0.0 link=— · manos_feria_informe.json
[RANGO] SKHYUSDT_LINEAL last=163.78 · río=WS · mercado=linear · estado=ACECHANDO · dir=— · 0=164.91 · Oz=— · Red=— · manos=ON · pos=flat · latido=1.50s
[RANGO] SKHYUSDT_LINEAL last=163.75 · río=WS · mercado=linear · estado=ACECHANDO · dir=— · 0=164.91 · Oz=— · Red=— · manos=ON · pos=flat · latido=1.50s
[RANGO] autosello SKHY · ACECHANDO · Oz=0.0 link=— · manos_feria_informe.json
[RANGO] SKHYUSDT_LINEAL last=163.67 · río=WS · mercado=linear · estado=ACECHANDO · dir=— · 0=164.91 · Oz=— · Red=— · manos=ON · pos=flat · latido=1.50s
[RANGO] autosello SKHY · ACECHANDO · Oz=0.0 link=— · manos_feria_informe.json
[RANGO] SKHYUSDT_LINEAL last=163.7 · río=WS · mercado=linear · estado=ACECHANDO · dir=— · 0=164.91 · Oz=— · Red=— · manos=ON · pos=flat · latido=1.50s
[RANGO] SKHYUSDT_LINEAL last=163.66 · río=WS · mercado=linear · estado=ACECHANDO · dir=— · 0=164.91 · Oz=— · Red=— · manos=ON · pos=flat · latido=1.50s
[RANGO] autosello SKHY · ACECHANDO · Oz=0.0 link=— · manos_feria_informe.json
[RANGO] SKHYUSDT_LINEAL last=163.51 · río=WS · mercado=linear · estado=ACECHANDO · dir=— · 0=164.91 · Oz=— · Red=— · manos=ON · pos=flat · latido=1.50s
[RANGO] autosello SKHY · ACECHANDO · Oz=0.0 link=— · manos_feria_informe.json
[RANGO] SKHYUSDT_LINEAL last=163.58 · río=WS · mercado=linear · estado=ACECHANDO · dir=— · 0=164.91 · Oz=— · Red=— · manos=ON · pos=flat · latido=1.50s
[RANGO] SKHYUSDT_LINEAL last=163.64 · río=WS · mercado=linear · estado=ACECHANDO · dir=— · 0=164.91 · Oz=— · Red=— · manos=ON · pos=flat · latido=1.50s
[RANGO] autosello SKHY · ACECHANDO · Oz=0.0 link=— · manos_feria_informe.json
[RANGO] SKHYUSDT_LINEAL last=163.66 · río=WS · mercado=linear · estado=ACECHANDO · dir=— · 0=164.91 · Oz=— · Red=— · manos=ON · pos=flat · latido=1.50s
[RANGO] autosello SKHY · ACECHANDO · Oz=0.0 link=— · manos_feria_informe.json
[RANGO] SKHYUSDT_LINEAL last=163.64 · río=WS · mercado=linear · estado=ACECHANDO · dir=— · 0=164.91 · Oz=— · Red=— · manos=ON · pos=flat · latido=1.50s
[RANGO] SKHYUSDT_LINEAL last=163.83 · río=WS · mercado=linear · estado=ACECHANDO · dir=— · 0=164.91 · Oz=— · Red=— · manos=ON · pos=flat · latido=1.50s
[2026-08-31 09:00:32] [TUSK] RECONCILIACIÓN: COTIUSDT_LINEAL: interno L:0.000000/S:0.000000 -> real L:1588.000000/S:0.000000
[2026-08-31 09:00:32] [TUSK] RECONCILIACIÓN_FANTASMA: PURRUSDT_LINEAL existe interno pero no en exchange -> reseteando
[2026-08-31 09:00:32] [TUSK] RECONCILIACIÓN_OK: 2 frentes alineados con exchange
[RANGO] autosello SKHY · ACECHANDO · Oz=0.0 link=— · manos_feria_informe.json
[RANGO] SKHYUSDT_LINEAL last=163.89 · río=WS · mercado=linear · estado=ACECHANDO · dir=— · 0=164.91 · Oz=— · Red=— · manos=ON · pos=flat · latido=1.50s
[RANGO] autosello SKHY · ACECHANDO · Oz=0.0 link=— · manos_feria_informe.json
[RANGO] SKHYUSDT_LINEAL last=163.93 · río=WS · mercado=linear · estado=ACECHANDO · dir=— · 0=164.91 · Oz=— · Red=— · manos=ON · pos=flat · latido=1.50s
[RANGO] SKHYUSDT_LINEAL last=163.96 · río=WS · mercado=linear · estado=ACECHANDO · dir=— · 0=164.91 · Oz=— · Red=— · manos=ON · pos=flat · latido=1.50s
[RANGO] autosello SKHY · ACECHANDO · Oz=0.0 link=— · manos_feria_informe.json
[RANGO] SKHYUSDT_LINEAL last=163.96 · río=WS · mercado=linear · estado=ACECHANDO · dir=— · 0=164.91 · Oz=— · Red=— · manos=ON · pos=flat · latido=1.50s
[RANGO] autosello SKHY · ACECHANDO · Oz=0.0 link=— · manos_feria_informe.json
[RANGO] SKHYUSDT_LINEAL last=164.02 · río=WS · mercado=linear · estado=ACECHANDO · dir=— · 0=164.91 · Oz=— · Red=— · manos=ON · pos=flat · latido=1.50s
[RANGO] SKHYUSDT_LINEAL last=163.9 · río=WS · mercado=linear · estado=ACECHANDO · dir=— · 0=164.91 · Oz=— · Red=— · manos=ON · pos=flat · latido=1.50s
[RANGO] autosello SKHY · ACECHANDO · Oz=0.0 link=— · manos_feria_informe.json
[RANGO] SKHYUSDT_LINEAL last=163.78 · río=WS · mercado=linear · estado=ACECHANDO · dir=— · 0=164.91 · Oz=— · Red=— · manos=ON · pos=flat · latido=1.50s
[RANGO] autosello SKHY · ACECHANDO · Oz=0.0 link=— · manos_feria_informe.json
[RANGO] SKHYUSDT_LINEAL last=163.79 · río=WS · mercado=linear · estado=ACECHANDO · dir=— · 0=164.91 · Oz=— · Red=— · manos=ON · pos=flat · latido=1.50s
[RANGO] SKHYUSDT_LINEAL last=163.85 · río=WS · mercado=linear · estado=ACECHANDO · dir=— · 0=164.91 · Oz=— · Red=— · manos=ON · pos=flat · latido=1.50s
[RANGO] autosello SKHY · ACECHANDO · Oz=0.0 link=— · manos_feria_informe.json
[RANGO] SKHYUSDT_LINEAL last=163.83 · río=WS · mercado=linear · estado=ACECHANDO · dir=— · 0=164.91 · Oz=— · Red=— · manos=ON · pos=flat · latido=1.50s
[RANGO] autosello SKHY · ACECHANDO · Oz=0.0 link=— · manos_feria_informe.json
[RANGO] SKHYUSDT_LINEAL last=163.79 · río=WS · mercado=linear · estado=ACECHANDO · dir=— · 0=164.91 · Oz=— · Red=— · manos=ON · pos=flat · latido=1.50s
[RANGO] SKHYUSDT_LINEAL last=163.64 · río=WS · mercado=linear · estado=ACECHANDO · dir=— · 0=164.91 · Oz=— · Red=— · manos=ON · pos=flat · latido=1.50s
[RANGO] autosello SKHY · ACECHANDO · Oz=0.0 link=— · manos_feria_informe.json
[RANGO] SKHYUSDT_LINEAL last=163.59 · río=WS · mercado=linear · estado=ACECHANDO · dir=— · 0=164.91 · Oz=— · Red=— · manos=ON · pos=flat · latido=1.50s
[RANGO] autosello SKHY · ACECHANDO · Oz=0.0 link=— · manos_feria_informe.json
[RANGO] SKHYUSDT_LINEAL last=163.57 · río=WS · mercado=linear · estado=ACECHANDO · dir=— · 0=164.91 · Oz=— · Red=— · manos=ON · pos=flat · latido=1.50s
[RANGO] SKHYUSDT_LINEAL last=163.57 · río=WS · mercado=linear · estado=ACECHANDO · dir=— · 0=164.91 · Oz=— · Red=— · manos=ON · pos=flat · latido=1.50s
[RANGO] autosello SKHY · ACECHANDO · Oz=0.0 link=— · manos_feria_informe.json
[RANGO] SKHYUSDT_LINEAL last=163.5 · río=WS · mercado=linear · estado=ACECHANDO · dir=— · 0=164.91 · Oz=— · Red=— · manos=ON · pos=flat · latido=1.50s
[RANGO] autosello SKHY · ACECHANDO · Oz=0.0 link=— · manos_feria_informe.json
[RANGO] SKHYUSDT_LINEAL last=163.3 · río=WS · mercado=linear · estado=ACECHANDO · dir=— · 0=164.91 · Oz=— · Red=— · manos=ON · pos=flat · latido=1.50s
[RANGO] SKHYUSDT_LINEAL last=163.29 · río=WS · mercado=linear · estado=ACECHANDO · dir=— · 0=164.91 · Oz=— · Red=— · manos=ON · pos=flat · latido=1.50s
[RANGO] autosello SKHY · ACECHANDO · Oz=0.0 link=— · manos_feria_informe.json
[RANGO] SKHYUSDT_LINEAL last=163.38 · río=WS · mercado=linear · estado=ACECHANDO · dir=— · 0=164.91 · Oz=— · Red=— · manos=ON · pos=flat · latido=1.50s
[RANGO] autosello SKHY · ACECHANDO · Oz=0.0 link=— · manos_feria_informe.json
[RANGO] SKHYUSDT_LINEAL last=163.41 · río=WS · mercado=linear · estado=ACECHANDO · dir=— · 0=164.91 · Oz=— · Red=— · manos=ON · pos=flat · latido=1.50s
[RANGO] SKHYUSDT_LINEAL last=163.48 · río=WS · mercado=linear · estado=ACECHANDO · dir=— · 0=164.91 · Oz=— · Red=— · manos=ON · pos=flat · latido=1.50s
[RANGO] autosello SKHY · ACECHANDO · Oz=0.0 link=— · manos_feria_informe.json
[RANGO] SKHYUSDT_LINEAL last=163.5 · río=WS · mercado=linear · estado=ACECHANDO · dir=— · 0=164.91 · Oz=— · Red=— · manos=ON · pos=flat · latido=1.50s
[RANGO] autosello SKHY · ACECHANDO · Oz=0.0 link=— · manos_feria_informe.json
[RANGO] SKHYUSDT_LINEAL last=163.51 · río=WS · mercado=linear · estado=ACECHANDO · dir=— · 0=164.91 · Oz=— · Red=— · manos=ON · pos=flat · latido=1.50s
[RANGO] SKHYUSDT_LINEAL last=163.44 · río=WS · mercado=linear · estado=ACECHANDO · dir=— · 0=164.91 · Oz=— · Red=— · manos=ON · pos=flat · latido=1.50s
[RANGO] autosello SKHY · ACECHANDO · Oz=0.0 link=— · manos_feria_informe.json
[2026-08-31 09:04:36] [TUSK] RECONCILIACIÓN: BSPUSDT_LINEAL: interno L:0.440000/S:0.000000 -> real L:0.560000/S:0.000000
[2026-08-31 09:04:36] [TUSK] RECONCILIACIÓN: CRCLUSDT_LINEAL: interno L:0.410000/S:0.000000 -> real L:0.350000/S:0.000000
[2026-08-31 09:04:36] [TUSK] RECONCILIACIÓN: DASHUSDT_LINEAL: interno L:0.000000/S:0.000000 -> real L:0.000000/S:0.340000
[2026-08-31 09:04:36] [TUSK] RECONCILIACIÓN: INTWUSDT_LINEAL: interno L:0.000000/S:0.000000 -> real L:2.400000/S:0.000000
[2026-08-31 09:04:36] [TUSK] RECONCILIACIÓN_FANTASMA: KSMUSDT_LINEAL existe interno pero no en exchange -> reseteando
[2026-08-31 09:04:36] [TUSK] RECONCILIACIÓN_FANTASMA: APRUSDT_LINEAL existe interno pero no en exchange -> reseteando
[2026-08-31 09:04:36] [TUSK] RECONCILIACIÓN_OK: 6 frentes alineados con exchange
[RANGO] SKHYUSDT_LINEAL last=163.58 · río=WS · mercado=linear · estado=ACECHANDO · dir=— · 0=164.91 · Oz=— · Red=— · manos=ON · pos=flat · latido=1.50s
[RANGO] autosello SKHY · ACECHANDO · Oz=0.0 link=— · manos_feria_informe.json
[RANGO] SKHYUSDT_LINEAL last=163.6 · río=WS · mercado=linear · estado=ACECHANDO · dir=— · 0=164.91 · Oz=— · Red=— · manos=ON · pos=flat · latido=1.50s
[RANGO] SKHYUSDT_LINEAL last=163.69 · río=WS · mercado=linear · estado=ACECHANDO · dir=— · 0=164.91 · Oz=— · Red=— · manos=ON · pos=flat · latido=1.50s
[RANGO] autosello SKHY · ACECHANDO · Oz=0.0 link=— · manos_feria_informe.json
[RANGO] SKHYUSDT_LINEAL last=163.59 · río=WS · mercado=linear · estado=ACECHANDO · dir=— · 0=164.91 · Oz=— · Red=— · manos=ON · pos=flat · latido=1.50s
[RANGO] autosello SKHY · ACECHANDO · Oz=0.0 link=— · manos_feria_informe.json
[RANGO] SKHYUSDT_LINEAL last=163.66 · río=WS · mercado=linear · estado=ACECHANDO · dir=— · 0=164.91 · Oz=— · Red=— · manos=ON · pos=flat · latido=1.50s
[RANGO] SKHYUSDT_LINEAL last=163.64 · río=WS · mercado=linear · estado=ACECHANDO · dir=— · 0=164.91 · Oz=— · Red=— · manos=ON · pos=flat · latido=1.50s
[RANGO] autosello SKHY · ACECHANDO · Oz=0.0 link=— · manos_feria_informe.json
[2026-08-31 09:05:38] [TUSK] RECONCILIACIÓN: AAOIUSDT_LINEAL: interno L:0.000000/S:0.000000 -> real L:0.480000/S:0.000000
[2026-08-31 09:05:38] [TUSK] RECONCILIACIÓN_FANTASMA: ZKPUSDT_LINEAL existe interno pero no en exchange -> reseteando
[2026-08-31 09:05:38] [TUSK] RECONCILIACIÓN_OK: 2 frentes alineados con exchange
[RANGO] SKHYUSDT_LINEAL last=163.67 · río=WS · mercado=linear · estado=ACECHANDO · dir=— · 0=164.91 · Oz=— · Red=— · manos=ON · pos=flat · latido=1.50s
[RANGO] autosello SKHY · ACECHANDO · Oz=0.0 link=— · manos_feria_informe.json
[RANGO] SKHYUSDT_LINEAL last=163.72 · río=WS · mercado=linear · estado=ACECHANDO · dir=— · 0=164.91 · Oz=— · Red=— · manos=ON · pos=flat · latido=1.50s
[RANGO] SKHYUSDT_LINEAL last=163.74 · río=WS · mercado=linear · estado=ACECHANDO · dir=— · 0=164.91 · Oz=— · Red=— · manos=ON · pos=flat · latido=1.50s
[RANGO] autosello SKHY · ACECHANDO · Oz=0.0 link=— · manos_feria_informe.json
[RANGO] SKHYUSDT_LINEAL last=163.73 · río=WS · mercado=linear · estado=ACECHANDO · dir=— · 0=164.91 · Oz=— · Red=— · manos=ON · pos=flat · latido=1.50s
[RANGO] autosello SKHY · ACECHANDO · Oz=0.0 link=— · manos_feria_informe.json
[RANGO] SKHYUSDT_LINEAL last=163.68 · río=WS · mercado=linear · estado=ACECHANDO · dir=— · 0=164.91 · Oz=— · Red=— · manos=ON · pos=flat · latido=1.50s
[RANGO] SKHYUSDT_LINEAL last=163.63 · río=WS · mercado=linear · estado=ACECHANDO · dir=— · 0=164.91 · Oz=— · Red=— · manos=ON · pos=flat · latido=1.50s
[RANGO] autosello SKHY · ACECHANDO · Oz=0.0 link=— · manos_feria_informe.json
[2026-08-31 09:06:39] [TUSK] RECONCILIACIÓN: CRVUSDT_LINEAL: interno L:4.800000/S:0.000000 -> real L:0.000000/S:14.500000
[2026-08-31 09:06:39] [TUSK] RECONCILIACIÓN_OK: 1 frentes alineados con exchange
[RANGO] SKHYUSDT_LINEAL last=163.71 · río=WS · mercado=linear · estado=ACECHANDO · dir=— · 0=164.91 · Oz=— · Red=— · manos=ON · pos=flat · latido=1.50s
[RANGO] autosello SKHY · ACECHANDO · Oz=0.0 link=— · manos_feria_informe.json
[RANGO] SKHYUSDT_LINEAL last=163.77 · río=WS · mercado=linear · estado=ACECHANDO · dir=— · 0=164.91 · Oz=— · Red=— · manos=ON · pos=flat · latido=1.50s
[RANGO] SKHYUSDT_LINEAL last=163.86 · río=WS · mercado=linear · estado=ACECHANDO · dir=— · 0=164.91 · Oz=— · Red=— · manos=ON · pos=flat · latido=1.50s
[RANGO] autosello SKHY · ACECHANDO · Oz=0.0 link=— · manos_feria_informe.json
[RANGO] SKHYUSDT_LINEAL last=163.81 · río=WS · mercado=linear · estado=ACECHANDO · dir=— · 0=164.91 · Oz=— · Red=— · manos=ON · pos=flat · latido=1.50s
[RANGO] autosello SKHY · ACECHANDO · Oz=0.0 link=— · manos_feria_informe.json
[RANGO] SKHYUSDT_LINEAL last=163.83 · río=WS · mercado=linear · estado=ACECHANDO · dir=— · 0=164.91 · Oz=— · Red=— · manos=ON · pos=flat · latido=1.50s
[RANGO] SKHYUSDT_LINEAL last=163.89 · río=WS · mercado=linear · estado=ACECHANDO · dir=— · 0=164.91 · Oz=— · Red=— · manos=ON · pos=flat · latido=1.50s
[RANGO] autosello SKHY · ACECHANDO · Oz=0.0 link=— · manos_feria_informe.json
[RANGO] SKHYUSDT_LINEAL last=163.93 · río=WS · mercado=linear · estado=ACECHANDO · dir=— · 0=164.91 · Oz=— · Red=— · manos=ON · pos=flat · latido=1.50s
[RANGO] autosello SKHY · ACECHANDO · Oz=0.0 link=— · manos_feria_informe.json
[RANGO] SKHYUSDT_LINEAL last=163.94 · río=WS · mercado=linear · estado=ACECHANDO · dir=— · 0=164.91 · Oz=— · Red=— · manos=ON · pos=flat · latido=1.50s
[RANGO] SKHYUSDT_LINEAL last=163.88 · río=WS · mercado=linear · estado=ACECHANDO · dir=— · 0=164.91 · Oz=— · Red=— · manos=ON · pos=flat · latido=1.50s
[RANGO] autosello SKHY · ACECHANDO · Oz=0.0 link=— · manos_feria_informe.json
[RANGO] SKHYUSDT_LINEAL last=163.7 · río=WS · mercado=linear · estado=ACECHANDO · dir=— · 0=164.91 · Oz=— · Red=— · manos=ON · pos=flat · latido=1.50s
[RANGO] autosello SKHY · ACECHANDO · Oz=0.0 link=— · manos_feria_informe.json
[RANGO] SKHYUSDT_LINEAL last=163.74 · río=WS · mercado=linear · estado=ACECHANDO · dir=— · 0=164.91 · Oz=— · Red=— · manos=ON · pos=flat · latido=1.50s
[RANGO] SKHYUSDT_LINEAL last=163.78 · río=WS · mercado=linear · estado=ACECHANDO · dir=— · 0=164.91 · Oz=— · Red=— · manos=ON · pos=flat · latido=1.50s
[RANGO] autosello SKHY · ACECHANDO · Oz=0.0 link=— · manos_feria_informe.json
[2026-08-31 09:08:41] [TUSK] RECONCILIACIÓN: LITUSDT_LINEAL: interno L:0.000000/S:0.000000 -> real L:0.000000/S:22.200000
[2026-08-31 09:08:41] [TUSK] RECONCILIACIÓN: PLTRUSDT_LINEAL: interno L:0.000000/S:0.000000 -> real L:0.030000/S:0.000000
[2026-08-31 09:08:41] [TUSK] RECONCILIACIÓN_FANTASMA: POWERUSDT_LINEAL existe interno pero no en exchange -> reseteando
[2026-08-31 09:08:41] [TUSK] RECONCILIACIÓN_FANTASMA: CRDOUSDT_LINEAL existe interno pero no en exchange -> reseteando
[2026-08-31 09:08:41] [TUSK] RECONCILIACIÓN_OK: 4 frentes alineados con exchange
[RANGO] SKHYUSDT_LINEAL last=163.76 · río=WS · mercado=linear · estado=ACECHANDO · dir=— · 0=164.91 · Oz=— · Red=— · manos=ON · pos=flat · latido=1.50s
[RANGO] autosello SKHY · ACECHANDO · Oz=0.0 link=— · manos_feria_informe.json
[RANGO] SKHYUSDT_LINEAL last=163.74 · río=WS · mercado=linear · estado=ACECHANDO · dir=— · 0=164.91 · Oz=— · Red=— · manos=ON · pos=flat · latido=1.50s
[RANGO] SKHYUSDT_LINEAL last=163.68 · río=WS · mercado=linear · estado=ACECHANDO · dir=— · 0=164.91 · Oz=— · Red=— · manos=ON · pos=flat · latido=1.50s
[RANGO] autosello SKHY · ACECHANDO · Oz=0.0 link=— · manos_feria_informe.json
[RANGO] SKHYUSDT_LINEAL last=163.6 · río=WS · mercado=linear · estado=ACECHANDO · dir=— · 0=164.91 · Oz=— · Red=— · manos=ON · pos=flat · latido=1.50s
[RANGO] autosello SKHY · ACECHANDO · Oz=0.0 link=— · manos_feria_informe.json
[RANGO] SKHYUSDT_LINEAL last=163.72 · río=WS · mercado=linear · estado=ACECHANDO · dir=— · 0=164.91 · Oz=— · Red=— · manos=ON · pos=flat · latido=1.50s
[RANGO] SKHYUSDT_LINEAL last=163.71 · río=WS · mercado=linear · estado=ACECHANDO · dir=— · 0=164.91 · Oz=— · Red=— · manos=ON · pos=flat · latido=1.50s
[RANGO] autosello SKHY · ACECHANDO · Oz=0.0 link=— · manos_feria_informe.json
[2026-08-31 09:09:42] [TUSK] RECONCILIACIÓN: APRUSDT_LINEAL: interno L:0.000000/S:0.000000 -> real L:73.000000/S:0.000000
[2026-08-31 09:09:42] [TUSK] RECONCILIACIÓN_FANTASMA: TSEMUSDT_LINEAL existe interno pero no en exchange -> reseteando
[2026-08-31 09:09:42] [TUSK] RECONCILIACIÓN_OK: 2 frentes alineados con exchange
[RANGO] SKHYUSDT_LINEAL last=163.65 · río=WS · mercado=linear · estado=ACECHANDO · dir=— · 0=164.91 · Oz=— · Red=— · manos=ON · pos=flat · latido=1.50s
[RANGO] autosello SKHY · ACECHANDO · Oz=0.0 link=— · manos_feria_informe.json
[RANGO] SKHYUSDT_LINEAL last=163.61 · río=WS · mercado=linear · estado=ACECHANDO · dir=— · 0=164.91 · Oz=— · Red=— · manos=ON · pos=flat · latido=1.50s
[RANGO] SKHYUSDT_LINEAL last=163.55 · río=WS · mercado=linear · estado=ACECHANDO · dir=— · 0=164.91 · Oz=— · Red=— · manos=ON · pos=flat · latido=1.50s
[RANGO] autosello SKHY · ACECHANDO · Oz=0.0 link=— · manos_feria_informe.json
[RANGO] SKHYUSDT_LINEAL last=163.6 · río=WS · mercado=linear · estado=ACECHANDO · dir=— · 0=164.91 · Oz=— · Red=— · manos=ON · pos=flat · latido=1.50s
[RANGO] autosello SKHY · ACECHANDO · Oz=0.0 link=— · manos_feria_informe.json
[RANGO] SKHYUSDT_LINEAL last=163.65 · río=WS · mercado=linear · estado=ACECHANDO · dir=— · 0=164.91 · Oz=— · Red=— · manos=ON · pos=flat · latido=1.50s
[RANGO] SKHYUSDT_LINEAL last=163.78 · río=WS · mercado=linear · estado=ACECHANDO · dir=— · 0=164.91 · Oz=— · Red=— · manos=ON · pos=flat · latido=1.50s
[RANGO] autosello SKHY · ACECHANDO · Oz=0.0 link=— · manos_feria_informe.json
[RANGO] SKHYUSDT_LINEAL last=163.79 · río=WS · mercado=linear · estado=ACECHANDO · dir=— · 0=164.91 · Oz=— · Red=— · manos=ON · pos=flat · latido=1.50s
[2026-08-31 09:10:43] [TUSK] RECONCILIACIÓN: SOXLUSDT_LINEAL: interno L:0.000000/S:0.000000 -> real L:0.180000/S:0.000000
[2026-08-31 09:10:43] [TUSK] RECONCILIACIÓN: TRBUSDT_LINEAL: interno L:0.000000/S:0.000000 -> real L:5.240000/S:0.000000
[2026-08-31 09:10:43] [TUSK] RECONCILIACIÓN_FANTASMA: UNIUSDT_LINEAL existe interno pero no en exchange -> reseteando
[2026-08-31 09:10:43] [TUSK] RECONCILIACIÓN_FANTASMA: FLNCUSDT_LINEAL existe interno pero no en exchange -> reseteando
[2026-08-31 09:10:43] [TUSK] RECONCILIACIÓN_OK: 4 frentes alineados con exchange
[RANGO] autosello SKHY · ACECHANDO · Oz=0.0 link=— · manos_feria_informe.json
[RANGO] SKHYUSDT_LINEAL last=163.69 · río=WS · mercado=linear · estado=ACECHANDO · dir=— · 0=164.91 · Oz=— · Red=— · manos=ON · pos=flat · latido=1.50s
[RANGO] SKHYUSDT_LINEAL last=163.62 · río=WS · mercado=linear · estado=ACECHANDO · dir=— · 0=164.91 · Oz=— · Red=— · manos=ON · pos=flat · latido=1.50s
[RANGO] autosello SKHY · ACECHANDO · Oz=0.0 link=— · manos_feria_informe.json
[RANGO] SKHYUSDT_LINEAL last=163.64 · río=WS · mercado=linear · estado=ACECHANDO · dir=— · 0=164.91 · Oz=— · Red=— · manos=ON · pos=flat · latido=1.50s
[RANGO] autosello SKHY · ACECHANDO · Oz=0.0 link=— · manos_feria_informe.json
[RANGO] SKHYUSDT_LINEAL last=163.3 · río=WS · mercado=linear · estado=ACECHANDO · dir=— · 0=164.91 · Oz=— · Red=— · manos=ON · pos=flat · latido=1.50s
[RANGO] SKHYUSDT_LINEAL last=163.33 · río=WS · mercado=linear · estado=ACECHANDO · dir=— · 0=164.91 · Oz=— · Red=— · manos=ON · pos=flat · latido=1.50s
[RANGO] autosello SKHY · ACECHANDO · Oz=0.0 link=— · manos_feria_informe.json
[RANGO] SKHYUSDT_LINEAL last=163.48 · río=WS · mercado=linear · estado=ACECHANDO · dir=— · 0=164.91 · Oz=— · Red=— · manos=ON · pos=flat · latido=1.50s
[2026-08-31 09:11:44] [TUSK] RECONCILIACIÓN: KSMUSDT_LINEAL: interno L:0.000000/S:0.000000 -> real L:13.470000/S:0.000000
[2026-08-31 09:11:44] [TUSK] RECONCILIACIÓN_FANTASMA: NILUSDT_LINEAL existe interno pero no en exchange -> reseteando
[2026-08-31 09:11:44] [TUSK] RECONCILIACIÓN_OK: 2 frentes alineados con exchange
[RANGO] autosello SKHY · ACECHANDO · Oz=0.0 link=— · manos_feria_informe.json
[RANGO] SKHYUSDT_LINEAL last=163.46 · río=WS · mercado=linear · estado=ACECHANDO · dir=— · 0=164.91 · Oz=— · Red=— · manos=ON · pos=flat · latido=1.50s
[RANGO] SKHYUSDT_LINEAL last=163.42 · río=WS · mercado=linear · estado=ACECHANDO · dir=— · 0=164.91 · Oz=— · Red=— · manos=ON · pos=flat · latido=1.50s
[RANGO] autosello SKHY · ACECHANDO · Oz=0.0 link=— · manos_feria_informe.json
[RANGO] SKHYUSDT_LINEAL last=163.45 · río=WS · mercado=linear · estado=ACECHANDO · dir=— · 0=164.91 · Oz=— · Red=— · manos=ON · pos=flat · latido=1.50s
[RANGO] autosello SKHY · ACECHANDO · Oz=0.0 link=— · manos_feria_informe.json
[RANGO] SKHYUSDT_LINEAL last=163.48 · río=WS · mercado=linear · estado=ACECHANDO · dir=— · 0=164.91 · Oz=— · Red=— · manos=ON · pos=flat · latido=1.50s
[RANGO] SKHYUSDT_LINEAL last=163.51 · río=WS · mercado=linear · estado=ACECHANDO · dir=— · 0=164.91 · Oz=— · Red=— · manos=ON · pos=flat · latido=1.50s
[RANGO] autosello SKHY · ACECHANDO · Oz=0.0 link=— · manos_feria_informe.json
[RANGO] SKHYUSDT_LINEAL last=163.64 · río=WS · mercado=linear · estado=ACECHANDO · dir=— · 0=164.91 · Oz=— · Red=— · manos=ON · pos=flat · latido=1.50s
[2026-08-31 09:12:45] [TUSK] RECONCILIACIÓN: POWERUSDT_LINEAL: interno L:0.000000/S:0.000000 -> real L:0.000000/S:173.000000
[2026-08-31 09:12:45] [TUSK] RECONCILIACIÓN: SOXSUSDT_LINEAL: interno L:0.000000/S:0.000000 -> real L:0.000000/S:0.450000
[2026-08-31 09:12:45] [TUSK] RECONCILIACIÓN: AEHRUSDT_LINEAL: interno L:0.000000/S:0.000000 -> real L:0.230000/S:0.000000
[2026-08-31 09:12:45] [TUSK] RECONCILIACIÓN_FANTASMA: SAMSUNGUSDT_LINEAL existe interno pero no en exchange -> reseteando
[2026-08-31 09:12:45] [TUSK] RECONCILIACIÓN_FANTASMA: MORPHOUSDT_LINEAL existe interno pero no en exchange -> reseteando
[2026-08-31 09:12:45] [TUSK] RECONCILIACIÓN_FANTASMA: NEARUSDT_LINEAL existe interno pero no en exchange -> reseteando
[2026-08-31 09:12:45] [TUSK] RECONCILIACIÓN_OK: 6 frentes alineados con exchange
[RANGO] autosello SKHY · ACECHANDO · Oz=0.0 link=— · manos_feria_informe.json
[RANGO] SKHYUSDT_LINEAL last=163.66 · río=WS · mercado=linear · estado=ACECHANDO · dir=— · 0=164.91 · Oz=— · Red=— · manos=ON · pos=flat · latido=1.50s
[RANGO] SKHYUSDT_LINEAL last=163.67 · río=WS · mercado=linear · estado=ACECHANDO · dir=— · 0=164.91 · Oz=— · Red=— · manos=ON · pos=flat · latido=1.50s
[RANGO] autosello SKHY · ACECHANDO · Oz=0.0 link=— · manos_feria_informe.json
[RANGO] SKHYUSDT_LINEAL last=163.79 · río=WS · mercado=linear · estado=ACECHANDO · dir=— · 0=164.91 · Oz=— · Red=— · manos=ON · pos=flat · latido=1.50s
[RANGO] autosello SKHY · ACECHANDO · Oz=0.0 link=— · manos_feria_informe.json
[RANGO] SKHYUSDT_LINEAL last=163.75 · río=WS · mercado=linear · estado=ACECHANDO · dir=— · 0=164.91 · Oz=— · Red=— · manos=ON · pos=flat · latido=1.50s
[RANGO] SKHYUSDT_LINEAL last=163.73 · río=WS · mercado=linear · estado=ACECHANDO · dir=— · 0=164.91 · Oz=— · Red=— · manos=ON · pos=flat · latido=1.50s
[RANGO] autosello SKHY · ACECHANDO · Oz=0.0 link=— · manos_feria_informe.json
[RANGO] SKHYUSDT_LINEAL last=163.58 · río=WS · mercado=linear · estado=ACECHANDO · dir=— · 0=164.91 · Oz=— · Red=— · manos=ON · pos=flat · latido=1.50s
[2026-08-31 09:13:47] [TUSK] RECONCILIACIÓN: ARMUSDT_LINEAL: interno L:0.000000/S:0.000000 -> real L:0.450000/S:0.000000
[2026-08-31 09:13:47] [TUSK] RECONCILIACIÓN_FANTASMA: WDCUSDT_LINEAL existe interno pero no en exchange -> reseteando
[2026-08-31 09:13:47] [TUSK] RECONCILIACIÓN_OK: 2 frentes alineados con exchange
[RANGO] autosello SKHY · ACECHANDO · Oz=0.0 link=— · manos_feria_informe.json
[RANGO] SKHYUSDT_LINEAL last=163.62 · río=WS · mercado=linear · estado=ACECHANDO · dir=— · 0=164.91 · Oz=— · Red=— · manos=ON · pos=flat · latido=1.50s
[RANGO] SKHYUSDT_LINEAL last=163.53 · río=WS · mercado=linear · estado=ACECHANDO · dir=— · 0=164.91 · Oz=— · Red=— · manos=ON · pos=flat · latido=1.50s
[RANGO] autosello SKHY · ACECHANDO · Oz=0.0 link=— · manos_feria_informe.json
[RANGO] SKHYUSDT_LINEAL last=163.61 · río=WS · mercado=linear · estado=ACECHANDO · dir=— · 0=164.91 · Oz=— · Red=— · manos=ON · pos=flat · latido=1.50s
[RANGO] autosello SKHY · ACECHANDO · Oz=0.0 link=— · manos_feria_informe.json
[RANGO] SKHYUSDT_LINEAL last=163.55 · río=WS · mercado=linear · estado=ACECHANDO · dir=— · 0=164.91 · Oz=— · Red=— · manos=ON · pos=flat · latido=1.50s
[RANGO] SKHYUSDT_LINEAL last=163.49 · río=WS · mercado=linear · estado=ACECHANDO · dir=— · 0=164.91 · Oz=— · Red=— · manos=ON · pos=flat · latido=1.50s
[RANGO] autosello SKHY · ACECHANDO · Oz=0.0 link=— · manos_feria_informe.json
[RANGO] SKHYUSDT_LINEAL last=163.52 · río=WS · mercado=linear · estado=ACECHANDO · dir=— · 0=164.91 · Oz=— · Red=— · manos=ON · pos=flat · latido=1.50s
[2026-08-31 09:14:48] [TUSK] RECONCILIACIÓN: KORUUSDT_LINEAL: interno L:0.000000/S:0.000000 -> real L:0.000000/S:4.870000
[2026-08-31 09:14:48] [TUSK] RECONCILIACIÓN_FANTASMA: BLUAIUSDT_LINEAL existe interno pero no en exchange -> reseteando
[2026-08-31 09:14:48] [TUSK] RECONCILIACIÓN_OK: 2 frentes alineados con exchange
[RANGO] autosello SKHY · ACECHANDO · Oz=0.0 link=— · manos_feria_informe.json
[RANGO] SKHYUSDT_LINEAL last=163.43 · río=WS · mercado=linear · estado=ACECHANDO · dir=— · 0=164.91 · Oz=— · Red=— · manos=ON · pos=flat · latido=1.50s
[RANGO] SKHYUSDT_LINEAL last=163.45 · río=WS · mercado=linear · estado=ACECHANDO · dir=— · 0=164.91 · Oz=— · Red=— · manos=ON · pos=flat · latido=1.50s
[RANGO] autosello SKHY · ACECHANDO · Oz=0.0 link=— · manos_feria_informe.json
[RANGO] SKHYUSDT_LINEAL last=163.54 · río=WS · mercado=linear · estado=ACECHANDO · dir=— · 0=164.91 · Oz=— · Red=— · manos=ON · pos=flat · latido=1.50s
[RANGO] autosello SKHY · ACECHANDO · Oz=0.0 link=— · manos_feria_informe.json
[RANGO] SKHYUSDT_LINEAL last=163.51 · río=WS · mercado=linear · estado=ACECHANDO · dir=— · 0=164.91 · Oz=— · Red=— · manos=ON · pos=flat · latido=1.50s
[RANGO] SKHYUSDT_LINEAL last=163.47 · río=WS · mercado=linear · estado=ACECHANDO · dir=— · 0=164.91 · Oz=— · Red=— · manos=ON · pos=flat · latido=1.50s
[RANGO] autosello SKHY · ACECHANDO · Oz=0.0 link=— · manos_feria_informe.json
[RANGO] SKHYUSDT_LINEAL last=163.44 · río=WS · mercado=linear · estado=ACECHANDO · dir=— · 0=164.91 · Oz=— · Red=— · manos=ON · pos=flat · latido=1.50s
[RANGO] autosello SKHY · ACECHANDO · Oz=0.0 link=— · manos_feria_informe.json
[RANGO] SKHYUSDT_LINEAL last=163.41 · río=WS · mercado=linear · estado=ACECHANDO · dir=— · 0=164.91 · Oz=— · Red=— · manos=ON · pos=flat · latido=1.50s
[RANGO] SKHYUSDT_LINEAL last=163.43 · río=WS · mercado=linear · estado=ACECHANDO · dir=— · 0=164.91 · Oz=— · Red=— · manos=ON · pos=flat · latido=1.50s
[RANGO] autosello SKHY · ACECHANDO · Oz=0.0 link=— · manos_feria_informe.json
[RANGO] SKHYUSDT_LINEAL last=163.47 · río=WS · mercado=linear · estado=ACECHANDO · dir=— · 0=164.91 · Oz=— · Red=— · manos=ON · pos=flat · latido=1.50s
[RANGO] autosello SKHY · ACECHANDO · Oz=0.0 link=— · manos_feria_informe.json
[RANGO] SKHYUSDT_LINEAL last=163.46 · río=WS · mercado=linear · estado=ACECHANDO · dir=— · 0=164.91 · Oz=— · Red=— · manos=ON · pos=flat · latido=1.50s
[RANGO] SKHYUSDT_LINEAL last=163.42 · río=WS · mercado=linear · estado=ACECHANDO · dir=— · 0=164.91 · Oz=— · Red=— · manos=ON · pos=flat · latido=1.50s
[RANGO] autosello SKHY · ACECHANDO · Oz=0.0 link=— · manos_feria_informe.json
[RANGO] SKHYUSDT_LINEAL last=163.42 · río=WS · mercado=linear · estado=ACECHANDO · dir=— · 0=164.91 · Oz=— · Red=— · manos=ON · pos=flat · latido=1.50s
[RANGO] autosello SKHY · ACECHANDO · Oz=0.0 link=— · manos_feria_informe.json
[RANGO] SKHYUSDT_LINEAL last=163.36 · río=WS · mercado=linear · estado=ACECHANDO · dir=— · 0=164.91 · Oz=— · Red=— · manos=ON · pos=flat · latido=1.50s
[RANGO] SKHYUSDT_LINEAL last=163.21 · río=WS · mercado=linear · estado=ACECHANDO · dir=— · 0=164.91 · Oz=— · Red=— · manos=ON · pos=flat · latido=1.50s
[RANGO] autosello SKHY · ACECHANDO · Oz=0.0 link=— · manos_feria_informe.json
[RANGO] SKHYUSDT_LINEAL last=163.12 · río=WS · mercado=linear · estado=ACECHANDO · dir=— · 0=164.91 · Oz=— · Red=— · manos=ON · pos=flat · latido=1.50s
[RANGO] autosello SKHY · ACECHANDO · Oz=0.0 link=— · manos_feria_informe.json
[RANGO] SKHYUSDT_LINEAL last=163.14 · río=WS · mercado=linear · estado=ACECHANDO · dir=— · 0=164.91 · Oz=— · Red=— · manos=ON · pos=flat · latido=1.50s
[RANGO] SKHYUSDT_LINEAL last=163.03 · río=WS · mercado=linear · estado=ACECHANDO · dir=— · 0=164.91 · Oz=— · Red=— · manos=ON · pos=flat · latido=1.50s
[RANGO] autosello SKHY · ACECHANDO · Oz=0.0 link=— · manos_feria_informe.json
[RANGO] SKHYUSDT_LINEAL last=163.03 · río=WS · mercado=linear · estado=ACECHANDO · dir=— · 0=164.91 · Oz=— · Red=— · manos=ON · pos=flat · latido=1.50s
[RANGO] autosello SKHY · ACECHANDO · Oz=0.0 link=— · manos_feria_informe.json
[2026-08-31 09:17:51] [TUSK] RECONCILIACIÓN: QNTXUSDT_LINEAL: interno L:0.000000/S:0.000000 -> real L:0.400000/S:0.000000
[2026-08-31 09:17:51] [TUSK] RECONCILIACIÓN: XANUSDT_LINEAL: interno L:0.000000/S:0.000000 -> real L:107.000000/S:0.000000
[2026-08-31 09:17:51] [TUSK] RECONCILIACIÓN: POWERUSDT_LINEAL: interno L:0.000000/S:173.000000 -> real L:0.000000/S:232.000000
[2026-08-31 09:17:51] [TUSK] RECONCILIACIÓN: CRVUSDT_LINEAL: interno L:0.000000/S:14.500000 -> real L:0.000000/S:30.400000
[2026-08-31 09:17:51] [TUSK] RECONCILIACIÓN_FANTASMA: COTIUSDT_LINEAL existe interno pero no en exchange -> reseteando
[2026-08-31 09:17:51] [TUSK] RECONCILIACIÓN_FANTASMA: INTWUSDT_LINEAL existe interno pero no en exchange -> reseteando
[2026-08-31 09:17:51] [TUSK] RECONCILIACIÓN_OK: 6 frentes alineados con exchange
[RANGO] SKHYUSDT_LINEAL last=163.05 · río=WS · mercado=linear · estado=ACECHANDO · dir=— · 0=164.91 · Oz=— · Red=— · manos=ON · pos=flat · latido=1.50s
[RANGO] SKHYUSDT_LINEAL last=163.02 · río=WS · mercado=linear · estado=ACECHANDO · dir=— · 0=164.91 · Oz=— · Red=— · manos=ON · pos=flat · latido=1.50s
[RANGO] autosello SKHY · ACECHANDO · Oz=0.0 link=— · manos_feria_informe.json
[RANGO] SKHYUSDT_LINEAL last=163.06 · río=WS · mercado=linear · estado=ACECHANDO · dir=— · 0=164.91 · Oz=— · Red=— · manos=ON · pos=flat · latido=1.50s
[RANGO] autosello SKHY · ACECHANDO · Oz=0.0 link=— · manos_feria_informe.json
[RANGO] SKHYUSDT_LINEAL last=163.03 · río=WS · mercado=linear · estado=ACECHANDO · dir=— · 0=164.91 · Oz=— · Red=— · manos=ON · pos=flat · latido=1.50s
[RANGO] SKHYUSDT_LINEAL last=163.0 · río=WS · mercado=linear · estado=ACECHANDO · dir=— · 0=164.91 · Oz=— · Red=— · manos=ON · pos=flat · latido=1.50s
[RANGO] autosello SKHY · ACECHANDO · Oz=0.0 link=— · manos_feria_informe.json
[RANGO] SKHYUSDT_LINEAL last=163.02 · río=WS · mercado=linear · estado=ACECHANDO · dir=— · 0=164.91 · Oz=— · Red=— · manos=ON · pos=flat · latido=1.50s
[RANGO] autosello SKHY · ACECHANDO · Oz=0.0 link=— · manos_feria_informe.json
[2026-08-31 09:18:52] [TUSK] RECONCILIACIÓN: BROCCOLIUSDT_LINEAL: interno L:0.000000/S:0.000000 -> real L:3070.000000/S:0.000000
[2026-08-31 09:18:52] [TUSK] RECONCILIACIÓN_FANTASMA: DASHUSDT_LINEAL existe interno pero no en exchange -> reseteando
[2026-08-31 09:18:52] [TUSK] RECONCILIACIÓN_OK: 2 frentes alineados con exchange
[RANGO] SKHYUSDT_LINEAL last=163.01 · río=WS · mercado=linear · estado=ACECHANDO · dir=— · 0=164.91 · Oz=— · Red=— · manos=ON · pos=flat · latido=1.50s
[RANGO] SKHYUSDT_LINEAL last=163.01 · río=WS · mercado=linear · estado=ACECHANDO · dir=— · 0=164.91 · Oz=— · Red=— · manos=ON · pos=flat · latido=1.50s
[RANGO] autosello SKHY · ACECHANDO · Oz=0.0 link=— · manos_feria_informe.json
[RANGO] SKHYUSDT_LINEAL last=163.14 · río=WS · mercado=linear · estado=ACECHANDO · dir=— · 0=164.91 · Oz=— · Red=— · manos=ON · pos=flat · latido=1.50s
[RANGO] autosello SKHY · ACECHANDO · Oz=0.0 link=— · manos_feria_informe.json
[RANGO] SKHYUSDT_LINEAL last=163.22 · río=WS · mercado=linear · estado=ACECHANDO · dir=— · 0=164.91 · Oz=— · Red=— · manos=ON · pos=flat · latido=1.50s
[RANGO] SKHYUSDT_LINEAL last=163.2 · río=WS · mercado=linear · estado=ACECHANDO · dir=— · 0=164.91 · Oz=— · Red=— · manos=ON · pos=flat · latido=1.50s
[RANGO] autosello SKHY · ACECHANDO · Oz=0.0 link=— · manos_feria_informe.json
[RANGO] SKHYUSDT_LINEAL last=163.31 · río=WS · mercado=linear · estado=ACECHANDO · dir=— · 0=164.91 · Oz=— · Red=— · manos=ON · pos=flat · latido=1.50s
[RANGO] autosello SKHY · ACECHANDO · Oz=0.0 link=— · manos_feria_informe.json
[RANGO] SKHYUSDT_LINEAL last=163.24 · río=WS · mercado=linear · estado=ACECHANDO · dir=— · 0=164.91 · Oz=— · Red=— · manos=ON · pos=flat · latido=1.50s
[RANGO] SKHYUSDT_LINEAL last=163.27 · río=WS · mercado=linear · estado=ACECHANDO · dir=— · 0=164.91 · Oz=— · Red=— · manos=ON · pos=flat · latido=1.50s
[RANGO] autosello SKHY · ACECHANDO · Oz=0.0 link=— · manos_feria_informe.json
[RANGO] SKHYUSDT_LINEAL last=163.19 · río=WS · mercado=linear · estado=ACECHANDO · dir=— · 0=164.91 · Oz=— · Red=— · manos=ON · pos=flat · latido=1.50s
[RANGO] autosello SKHY · ACECHANDO · Oz=0.0 link=— · manos_feria_informe.json
[RANGO] SKHYUSDT_LINEAL last=163.18 · río=WS · mercado=linear · estado=ACECHANDO · dir=— · 0=164.91 · Oz=— · Red=— · manos=ON · pos=flat · latido=1.50s
[RANGO] SKHYUSDT_LINEAL last=163.14 · río=WS · mercado=linear · estado=ACECHANDO · dir=— · 0=164.91 · Oz=— · Red=— · manos=ON · pos=flat · latido=1.50s
[RANGO] autosello SKHY · ACECHANDO · Oz=0.0 link=— · manos_feria_informe.json
[RANGO] SKHYUSDT_LINEAL last=163.2 · río=WS · mercado=linear · estado=ACECHANDO · dir=— · 0=164.91 · Oz=— · Red=— · manos=ON · pos=flat · latido=1.50s
[RANGO] autosello SKHY · ACECHANDO · Oz=0.0 link=— · manos_feria_informe.json
[RANGO] SKHYUSDT_LINEAL last=163.24 · río=WS · mercado=linear · estado=ACECHANDO · dir=— · 0=164.91 · Oz=— · Red=— · manos=ON · pos=flat · latido=1.50s
[2026-08-31 09:20:55] [TUSK] RECONCILIACIÓN: MUBARAKUSDT_LINEAL: interno L:0.000000/S:0.000000 -> real L:9963.000000/S:0.000000
[2026-08-31 09:20:55] [TUSK] RECONCILIACIÓN_FANTASMA: CRCLUSDT_LINEAL existe interno pero no en exchange -> reseteando
[2026-08-31 09:20:55] [TUSK] RECONCILIACIÓN_OK: 2 frentes alineados con exchange
[RANGO] SKHYUSDT_LINEAL last=163.22 · río=WS · mercado=linear · estado=ACECHANDO · dir=— · 0=164.91 · Oz=— · Red=— · manos=ON · pos=flat · latido=1.50s
[RANGO] autosello SKHY · ACECHANDO · Oz=0.0 link=— · manos_feria_informe.json
[RANGO] SKHYUSDT_LINEAL last=163.22 · río=WS · mercado=linear · estado=ACECHANDO · dir=— · 0=164.91 · Oz=— · Red=— · manos=ON · pos=flat · latido=1.50s
[RANGO] autosello SKHY · ACECHANDO · Oz=0.0 link=— · manos_feria_informe.json
[RANGO] SKHYUSDT_LINEAL last=163.3 · río=WS · mercado=linear · estado=ACECHANDO · dir=— · 0=164.91 · Oz=— · Red=— · manos=ON · pos=flat · latido=1.50s
[RANGO] SKHYUSDT_LINEAL last=163.31 · río=WS · mercado=linear · estado=ACECHANDO · dir=— · 0=164.91 · Oz=— · Red=— · manos=ON · pos=flat · latido=1.50s
[RANGO] autosello SKHY · ACECHANDO · Oz=0.0 link=— · manos_feria_informe.json
[RANGO] SKHYUSDT_LINEAL last=163.31 · río=WS · mercado=linear · estado=ACECHANDO · dir=— · 0=164.91 · Oz=— · Red=— · manos=ON · pos=flat · latido=1.50s
[RANGO] autosello SKHY · ACECHANDO · Oz=0.0 link=— · manos_feria_informe.json
[RANGO] SKHYUSDT_LINEAL last=163.41 · río=WS · mercado=linear · estado=ACECHANDO · dir=— · 0=164.91 · Oz=— · Red=— · manos=ON · pos=flat · latido=1.50s
[RANGO] SKHYUSDT_LINEAL last=163.41 · río=WS · mercado=linear · estado=ACECHANDO · dir=— · 0=164.91 · Oz=— · Red=— · manos=ON · pos=flat · latido=1.50s
[RANGO] autosello SKHY · ACECHANDO · Oz=0.0 link=— · manos_feria_informe.json
[RANGO] SKHYUSDT_LINEAL last=163.4 · río=WS · mercado=linear · estado=ACECHANDO · dir=— · 0=164.91 · Oz=— · Red=— · manos=ON · pos=flat · latido=1.50s
[RANGO] autosello SKHY · ACECHANDO · Oz=0.0 link=— · manos_feria_informe.json
[RANGO] SKHYUSDT_LINEAL last=163.44 · río=WS · mercado=linear · estado=ACECHANDO · dir=— · 0=164.91 · Oz=— · Red=— · manos=ON · pos=flat · latido=1.50s
[RANGO] SKHYUSDT_LINEAL last=163.41 · río=WS · mercado=linear · estado=ACECHANDO · dir=— · 0=164.91 · Oz=— · Red=— · manos=ON · pos=flat · latido=1.50s
[RANGO] autosello SKHY · ACECHANDO · Oz=0.0 link=— · manos_feria_informe.json
[RANGO] SKHYUSDT_LINEAL last=163.47 · río=WS · mercado=linear · estado=ACECHANDO · dir=— · 0=164.91 · Oz=— · Red=— · manos=ON · pos=flat · latido=1.50s
[RANGO] autosello SKHY · ACECHANDO · Oz=0.0 link=— · manos_feria_informe.json
[RANGO] SKHYUSDT_LINEAL last=163.47 · río=WS · mercado=linear · estado=ACECHANDO · dir=— · 0=164.91 · Oz=— · Red=— · manos=ON · pos=flat · latido=1.50s
[2026-08-31 09:22:57] [TUSK] RECONCILIACIÓN: CHIPUSDT_LINEAL: interno L:0.000000/S:0.000000 -> real L:390.000000/S:0.000000
[2026-08-31 09:22:57] [TUSK] RECONCILIACIÓN: LITUSDT_LINEAL: interno L:0.000000/S:22.200000 -> real L:0.000000/S:23.600000
[2026-08-31 09:22:57] [TUSK] RECONCILIACIÓN: SNXXUSDT_LINEAL: interno L:0.000000/S:0.000000 -> real L:6.090000/S:0.000000
[2026-08-31 09:22:57] [TUSK] RECONCILIACIÓN_FANTASMA: BSPUSDT_LINEAL existe interno pero no en exchange -> reseteando
[2026-08-31 09:22:57] [TUSK] RECONCILIACIÓN_FANTASMA: AAOIUSDT_LINEAL existe interno pero no en exchange -> reseteando
[2026-08-31 09:22:57] [TUSK] RECONCILIACIÓN_OK: 5 frentes alineados con exchange
[RANGO] SKHYUSDT_LINEAL last=163.43 · río=WS · mercado=linear · estado=ACECHANDO · dir=— · 0=164.91 · Oz=— · Red=— · manos=ON · pos=flat · latido=1.50s
[RANGO] autosello SKHY · ACECHANDO · Oz=0.0 link=— · manos_feria_informe.json
[RANGO] SKHYUSDT_LINEAL last=163.37 · río=WS · mercado=linear · estado=ACECHANDO · dir=— · 0=164.91 · Oz=— · Red=— · manos=ON · pos=flat · latido=1.50s
[RANGO] autosello SKHY · ACECHANDO · Oz=0.0 link=— · manos_feria_informe.json
[RANGO] SKHYUSDT_LINEAL last=163.38 · río=WS · mercado=linear · estado=ACECHANDO · dir=— · 0=164.91 · Oz=— · Red=— · manos=ON · pos=flat · latido=1.50s
[RANGO] SKHYUSDT_LINEAL last=163.36 · río=WS · mercado=linear · estado=ACECHANDO · dir=— · 0=164.91 · Oz=— · Red=— · manos=ON · pos=flat · latido=1.50s
[RANGO] autosello SKHY · ACECHANDO · Oz=0.0 link=— · manos_feria_informe.json
[RANGO] SKHYUSDT_LINEAL last=163.26 · río=WS · mercado=linear · estado=ACECHANDO · dir=— · 0=164.91 · Oz=— · Red=— · manos=ON · pos=flat · latido=1.50s
[RANGO] autosello SKHY · ACECHANDO · Oz=0.0 link=— · manos_feria_informe.json
[RANGO] SKHYUSDT_LINEAL last=163.21 · río=WS · mercado=linear · estado=ACECHANDO · dir=— · 0=164.91 · Oz=— · Red=— · manos=ON · pos=flat · latido=1.50s
[2026-08-31 09:23:58] [TUSK] RECONCILIACIÓN: POWERUSDT_LINEAL: interno L:0.000000/S:232.000000 -> real L:0.000000/S:290.000000
[2026-08-31 09:23:58] [TUSK] RECONCILIACIÓN_OK: 1 frentes alineados con exchange
[RANGO] SKHYUSDT_LINEAL last=163.19 · río=WS · mercado=linear · estado=ACECHANDO · dir=— · 0=164.91 · Oz=— · Red=— · manos=ON · pos=flat · latido=1.50s
[RANGO] autosello SKHY · ACECHANDO · Oz=0.0 link=— · manos_feria_informe.json
[RANGO] SKHYUSDT_LINEAL last=163.13 · río=WS · mercado=linear · estado=ACECHANDO · dir=— · 0=164.91 · Oz=— · Red=— · manos=ON · pos=flat · latido=1.50s
[RANGO] autosello SKHY · ACECHANDO · Oz=0.0 link=— · manos_feria_informe.json
[RANGO] SKHYUSDT_LINEAL last=163.23 · río=WS · mercado=linear · estado=ACECHANDO · dir=— · 0=164.91 · Oz=— · Red=— · manos=ON · pos=flat · latido=1.50s
[RANGO] SKHYUSDT_LINEAL last=163.26 · río=WS · mercado=linear · estado=ACECHANDO · dir=— · 0=164.91 · Oz=— · Red=— · manos=ON · pos=flat · latido=1.50s
[RANGO] autosello SKHY · ACECHANDO · Oz=0.0 link=— · manos_feria_informe.json
[RANGO] SKHYUSDT_LINEAL last=163.24 · río=WS · mercado=linear · estado=ACECHANDO · dir=— · 0=164.91 · Oz=— · Red=— · manos=ON · pos=flat · latido=1.50s
[RANGO] autosello SKHY · ACECHANDO · Oz=0.0 link=— · manos_feria_informe.json
[RANGO] SKHYUSDT_LINEAL last=163.26 · río=WS · mercado=linear · estado=ACECHANDO · dir=— · 0=164.91 · Oz=— · Red=— · manos=ON · pos=flat · latido=1.50s
[RANGO] SKHYUSDT_LINEAL last=163.29 · río=WS · mercado=linear · estado=ACECHANDO · dir=— · 0=164.91 · Oz=— · Red=— · manos=ON · pos=flat · latido=1.50s
[RANGO] autosello SKHY · ACECHANDO · Oz=0.0 link=— · manos_feria_informe.json
[RANGO] SKHYUSDT_LINEAL last=163.38 · río=WS · mercado=linear · estado=ACECHANDO · dir=— · 0=164.91 · Oz=— · Red=— · manos=ON · pos=flat · latido=1.50s
[RANGO] autosello SKHY · ACECHANDO · Oz=0.0 link=— · manos_feria_informe.json
[RANGO] SKHYUSDT_LINEAL last=163.33 · río=WS · mercado=linear · estado=ACECHANDO · dir=— · 0=164.91 · Oz=— · Red=— · manos=ON · pos=flat · latido=1.50s
[RANGO] SKHYUSDT_LINEAL last=163.29 · río=WS · mercado=linear · estado=ACECHANDO · dir=— · 0=164.91 · Oz=— · Red=— · manos=ON · pos=flat · latido=1.50s
[RANGO] autosello SKHY · ACECHANDO · Oz=0.0 link=— · manos_feria_informe.json
[RANGO] SKHYUSDT_LINEAL last=163.23 · río=WS · mercado=linear · estado=ACECHANDO · dir=— · 0=164.91 · Oz=— · Red=— · manos=ON · pos=flat · latido=1.50s
[RANGO] autosello SKHY · ACECHANDO · Oz=0.0 link=— · manos_feria_informe.json
[RANGO] SKHYUSDT_LINEAL last=163.25 · río=WS · mercado=linear · estado=ACECHANDO · dir=— · 0=164.91 · Oz=— · Red=— · manos=ON · pos=flat · latido=1.50s
[2026-08-31 09:26:01] [TUSK] RECONCILIACIÓN: AXTIUSDT_LINEAL: interno L:0.000000/S:0.000000 -> real L:1.600000/S:0.000000
[2026-08-31 09:26:01] [TUSK] RECONCILIACIÓN: NILUSDT_LINEAL: interno L:0.000000/S:0.000000 -> real L:126.000000/S:0.000000
[2026-08-31 09:26:01] [TUSK] RECONCILIACIÓN_FANTASMA: PLTRUSDT_LINEAL existe interno pero no en exchange -> reseteando
[2026-08-31 09:26:01] [TUSK] RECONCILIACIÓN_FANTASMA: BIOUSDT_LINEAL existe interno pero no en exchange -> reseteando
[2026-08-31 09:26:01] [TUSK] RECONCILIACIÓN_OK: 4 frentes alineados con exchange
[RANGO] SKHYUSDT_LINEAL last=163.29 · río=WS · mercado=linear · estado=ACECHANDO · dir=— · 0=164.91 · Oz=— · Red=— · manos=ON · pos=flat · latido=1.50s
[RANGO] autosello SKHY · ACECHANDO · Oz=0.0 link=— · manos_feria_informe.json
[RANGO] SKHYUSDT_LINEAL last=163.17 · río=WS · mercado=linear · estado=ACECHANDO · dir=— · 0=164.91 · Oz=— · Red=— · manos=ON · pos=flat · latido=1.50s
[RANGO] autosello SKHY · ACECHANDO · Oz=0.0 link=— · manos_feria_informe.json
[RANGO] SKHYUSDT_LINEAL last=163.18 · río=WS · mercado=linear · estado=ACECHANDO · dir=— · 0=164.91 · Oz=— · Red=— · manos=ON · pos=flat · latido=1.50s
[RANGO] SKHYUSDT_LINEAL last=163.23 · río=WS · mercado=linear · estado=ACECHANDO · dir=— · 0=164.91 · Oz=— · Red=— · manos=ON · pos=flat · latido=1.50s
[RANGO] autosello SKHY · ACECHANDO · Oz=0.0 link=— · manos_feria_informe.json
[RANGO] SKHYUSDT_LINEAL last=163.23 · río=WS · mercado=linear · estado=ACECHANDO · dir=— · 0=164.91 · Oz=— · Red=— · manos=ON · pos=flat · latido=1.50s
[RANGO] autosello SKHY · ACECHANDO · Oz=0.0 link=— · manos_feria_informe.json
[RANGO] SKHYUSDT_LINEAL last=163.24 · río=WS · mercado=linear · estado=ACECHANDO · dir=— · 0=164.91 · Oz=— · Red=— · manos=ON · pos=flat · latido=1.50s
[2026-08-31 09:27:02] [TUSK] RECONCILIACIÓN: PLTRUSDT_LINEAL: interno L:0.000000/S:0.000000 -> real L:0.030000/S:0.000000
[2026-08-31 09:27:02] [TUSK] RECONCILIACIÓN: ZKPUSDT_LINEAL: interno L:0.000000/S:0.000000 -> real L:1496.000000/S:0.000000
[2026-08-31 09:27:02] [TUSK] RECONCILIACIÓN_FANTASMA: TRBUSDT_LINEAL existe interno pero no en exchange -> reseteando
[2026-08-31 09:27:02] [TUSK] RECONCILIACIÓN_FANTASMA: SOXLUSDT_LINEAL existe interno pero no en exchange -> reseteando
[2026-08-31 09:27:02] [TUSK] RECONCILIACIÓN_OK: 4 frentes alineados con exchange
[RANGO] SKHYUSDT_LINEAL last=163.23 · río=WS · mercado=linear · estado=ACECHANDO · dir=— · 0=164.91 · Oz=— · Red=— · manos=ON · pos=flat · latido=1.50s
[RANGO] autosello SKHY · ACECHANDO · Oz=0.0 link=— · manos_feria_informe.json
[RANGO] SKHYUSDT_LINEAL last=163.22 · río=WS · mercado=linear · estado=ACECHANDO · dir=— · 0=164.91 · Oz=— · Red=— · manos=ON · pos=flat · latido=1.50s
[RANGO] autosello SKHY · ACECHANDO · Oz=0.0 link=— · manos_feria_informe.json
[RANGO] SKHYUSDT_LINEAL last=163.31 · río=WS · mercado=linear · estado=ACECHANDO · dir=— · 0=164.91 · Oz=— · Red=— · manos=ON · pos=flat · latido=1.50s
[RANGO] SKHYUSDT_LINEAL last=163.31 · río=WS · mercado=linear · estado=ACECHANDO · dir=— · 0=164.91 · Oz=— · Red=— · manos=ON · pos=flat · latido=1.50s
[RANGO] autosello SKHY · ACECHANDO · Oz=0.0 link=— · manos_feria_informe.json
[RANGO] SKHYUSDT_LINEAL last=163.34 · río=WS · mercado=linear · estado=ACECHANDO · dir=— · 0=164.91 · Oz=— · Red=— · manos=ON · pos=flat · latido=1.50s
[RANGO] autosello SKHY · ACECHANDO · Oz=0.0 link=— · manos_feria_informe.json
[RANGO] SKHYUSDT_LINEAL last=163.39 · río=WS · mercado=linear · estado=ACECHANDO · dir=— · 0=164.91 · Oz=— · Red=— · manos=ON · pos=flat · latido=1.50s
[RANGO] SKHYUSDT_LINEAL last=163.43 · río=WS · mercado=linear · estado=ACECHANDO · dir=— · 0=164.91 · Oz=— · Red=— · manos=ON · pos=flat · latido=1.50s
[RANGO] autosello SKHY · ACECHANDO · Oz=0.0 link=— · manos_feria_informe.json
[RANGO] SKHYUSDT_LINEAL last=163.49 · río=WS · mercado=linear · estado=ACECHANDO · dir=— · 0=164.91 · Oz=— · Red=— · manos=ON · pos=flat · latido=1.50s
[RANGO] autosello SKHY · ACECHANDO · Oz=0.0 link=— · manos_feria_informe.json
[RANGO] SKHYUSDT_LINEAL last=163.52 · río=WS · mercado=linear · estado=ACECHANDO · dir=— · 0=164.91 · Oz=— · Red=— · manos=ON · pos=flat · latido=1.50s
[RANGO] SKHYUSDT_LINEAL last=163.48 · río=WS · mercado=linear · estado=ACECHANDO · dir=— · 0=164.91 · Oz=— · Red=— · manos=ON · pos=flat · latido=1.50s
[RANGO] autosello SKHY · ACECHANDO · Oz=0.0 link=— · manos_feria_informe.json
[RANGO] SKHYUSDT_LINEAL last=163.47 · río=WS · mercado=linear · estado=ACECHANDO · dir=— · 0=164.91 · Oz=— · Red=— · manos=ON · pos=flat · latido=1.50s
[RANGO] autosello SKHY · ACECHANDO · Oz=0.0 link=— · manos_feria_informe.json
[RANGO] SKHYUSDT_LINEAL last=163.44 · río=WS · mercado=linear · estado=ACECHANDO · dir=— · 0=164.91 · Oz=— · Red=— · manos=ON · pos=flat · latido=1.50s
[RANGO] SKHYUSDT_LINEAL last=163.37 · río=WS · mercado=linear · estado=ACECHANDO · dir=— · 0=164.91 · Oz=— · Red=— · manos=ON · pos=flat · latido=1.50s
[2026-08-31 09:29:05] [TUSK] RECONCILIACIÓN: SAMSUNGUSDT_LINEAL: interno L:0.000000/S:0.000000 -> real L:0.000000/S:0.110000
[2026-08-31 09:29:05] [TUSK] RECONCILIACIÓN_FANTASMA: KSMUSDT_LINEAL existe interno pero no en exchange -> reseteando
[2026-08-31 09:29:05] [TUSK] RECONCILIACIÓN_OK: 2 frentes alineados con exchange
[RANGO] autosello SKHY · ACECHANDO · Oz=0.0 link=— · manos_feria_informe.json
[RANGO] SKHYUSDT_LINEAL last=163.38 · río=WS · mercado=linear · estado=ACECHANDO · dir=— · 0=164.91 · Oz=— · Red=— · manos=ON · pos=flat · latido=1.50s
[RANGO] autosello SKHY · ACECHANDO · Oz=0.0 link=— · manos_feria_informe.json
[RANGO] SKHYUSDT_LINEAL last=163.32 · río=WS · mercado=linear · estado=ACECHANDO · dir=— · 0=164.91 · Oz=— · Red=— · manos=ON · pos=flat · latido=1.50s
[RANGO] SKHYUSDT_LINEAL last=163.36 · río=WS · mercado=linear · estado=ACECHANDO · dir=— · 0=164.91 · Oz=— · Red=— · manos=ON · pos=flat · latido=1.50s
[RANGO] autosello SKHY · ACECHANDO · Oz=0.0 link=— · manos_feria_informe.json
[RANGO] SKHYUSDT_LINEAL last=163.29 · río=WS · mercado=linear · estado=ACECHANDO · dir=— · 0=164.91 · Oz=— · Red=— · manos=ON · pos=flat · latido=1.50s
[RANGO] autosello SKHY · ACECHANDO · Oz=0.0 link=— · manos_feria_informe.json
[RANGO] SKHYUSDT_LINEAL last=163.31 · río=WS · mercado=linear · estado=ACECHANDO · dir=— · 0=164.91 · Oz=— · Red=— · manos=ON · pos=flat · latido=1.50s
[RANGO] SKHYUSDT_LINEAL last=163.23 · río=WS · mercado=linear · estado=ACECHANDO · dir=— · 0=164.91 · Oz=— · Red=— · manos=ON · pos=flat · latido=1.50s
[2026-08-31 09:30:06] [TUSK] RECONCILIACIÓN: POWERUSDT_LINEAL: interno L:0.000000/S:290.000000 -> real L:0.000000/S:347.000000
[2026-08-31 09:30:06] [TUSK] RECONCILIACIÓN_OK: 1 frentes alineados con exchange
[RANGO] autosello SKHY · ACECHANDO · Oz=0.0 link=— · manos_feria_informe.json
[RANGO] SKHYUSDT_LINEAL last=163.17 · río=WS · mercado=linear · estado=ACECHANDO · dir=— · 0=164.91 · Oz=— · Red=— · manos=ON · pos=flat · latido=1.50s
[RANGO] autosello SKHY · ACECHANDO · Oz=0.0 link=— · manos_feria_informe.json
[RANGO] SKHYUSDT_LINEAL last=163.14 · río=WS · mercado=linear · estado=ACECHANDO · dir=— · 0=164.91 · Oz=— · Red=— · manos=ON · pos=flat · latido=1.50s
[RANGO] SKHYUSDT_LINEAL last=163.13 · río=WS · mercado=linear · estado=ACECHANDO · dir=— · 0=164.91 · Oz=— · Red=— · manos=ON · pos=flat · latido=1.50s
[RANGO] autosello SKHY · ACECHANDO · Oz=0.0 link=— · manos_feria_informe.json
[RANGO] SKHYUSDT_LINEAL last=163.15 · río=WS · mercado=linear · estado=ACECHANDO · dir=— · 0=164.91 · Oz=— · Red=— · manos=ON · pos=flat · latido=1.50s
[RANGO] autosello SKHY · ACECHANDO · Oz=0.0 link=— · manos_feria_informe.json
[RANGO] SKHYUSDT_LINEAL last=163.16 · río=WS · mercado=linear · estado=ACECHANDO · dir=— · 0=164.91 · Oz=— · Red=— · manos=ON · pos=flat · latido=1.50s
[RANGO] SKHYUSDT_LINEAL last=163.17 · río=WS · mercado=linear · estado=ACECHANDO · dir=— · 0=164.91 · Oz=— · Red=— · manos=ON · pos=flat · latido=1.50s
[RANGO] autosello SKHY · ACECHANDO · Oz=0.0 link=— · manos_feria_informe.json
[RANGO] SKHYUSDT_LINEAL last=163.11 · río=WS · mercado=linear · estado=ACECHANDO · dir=— · 0=164.91 · Oz=— · Red=— · manos=ON · pos=flat · latido=1.50s
[RANGO] autosello SKHY · ACECHANDO · Oz=0.0 link=— · manos_feria_informe.json
[RANGO] SKHYUSDT_LINEAL last=163.03 · río=WS · mercado=linear · estado=ACECHANDO · dir=— · 0=164.91 · Oz=— · Red=— · manos=ON · pos=flat · latido=1.50s
[RANGO] SKHYUSDT_LINEAL last=162.93 · río=WS · mercado=linear · estado=ACECHANDO · dir=— · 0=164.91 · Oz=— · Red=— · manos=ON · pos=flat · latido=1.50s
[RANGO] autosello SKHY · ACECHANDO · Oz=0.0 link=— · manos_feria_informe.json
[RANGO] SKHYUSDT_LINEAL last=162.97 · río=WS · mercado=linear · estado=ACECHANDO · dir=— · 0=164.91 · Oz=— · Red=— · manos=ON · pos=flat · latido=1.50s
[RANGO] autosello SKHY · ACECHANDO · Oz=0.0 link=— · manos_feria_informe.json
[RANGO] SKHYUSDT_LINEAL last=163.02 · río=WS · mercado=linear · estado=ACECHANDO · dir=— · 0=164.91 · Oz=— · Red=— · manos=ON · pos=flat · latido=1.50s
[RANGO] SKHYUSDT_LINEAL last=163.09 · río=WS · mercado=linear · estado=ACECHANDO · dir=— · 0=164.91 · Oz=— · Red=— · manos=ON · pos=flat · latido=1.50s
[RANGO] autosello SKHY · ACECHANDO · Oz=0.0 link=— · manos_feria_informe.json
[RANGO] SKHYUSDT_LINEAL last=163.05 · río=WS · mercado=linear · estado=ACECHANDO · dir=— · 0=164.91 · Oz=— · Red=— · manos=ON · pos=flat · latido=1.50s
[RANGO] autosello SKHY · ACECHANDO · Oz=0.0 link=— · manos_feria_informe.json
[RANGO] SKHYUSDT_LINEAL last=162.99 · río=WS · mercado=linear · estado=ACECHANDO · dir=— · 0=164.91 · Oz=— · Red=— · manos=ON · pos=flat · latido=1.50s
[RANGO] SKHYUSDT_LINEAL last=162.97 · río=WS · mercado=linear · estado=ACECHANDO · dir=— · 0=164.91 · Oz=— · Red=— · manos=ON · pos=flat · latido=1.50s
[RANGO] autosello SKHY · ACECHANDO · Oz=0.0 link=— · manos_feria_informe.json
[RANGO] SKHYUSDT_LINEAL last=163.06 · río=WS · mercado=linear · estado=ACECHANDO · dir=— · 0=164.91 · Oz=— · Red=— · manos=ON · pos=flat · latido=1.50s
[RANGO] autosello SKHY · ACECHANDO · Oz=0.0 link=— · manos_feria_informe.json
[RANGO] SKHYUSDT_LINEAL last=162.95 · río=WS · mercado=linear · estado=ACECHANDO · dir=— · 0=164.91 · Oz=— · Red=— · manos=ON · pos=flat · latido=1.50s
[RANGO] SKHYUSDT_LINEAL last=162.94 · río=WS · mercado=linear · estado=ACECHANDO · dir=— · 0=164.91 · Oz=— · Red=— · manos=ON · pos=flat · latido=1.50s
[RANGO] autosello SKHY · ACECHANDO · Oz=0.0 link=— · manos_feria_informe.json
[2026-08-31 09:33:09] [TUSK] RECONCILIACIÓN: BIOUSDT_LINEAL: interno L:0.000000/S:0.000000 -> real L:1016.000000/S:0.000000
[2026-08-31 09:33:09] [TUSK] RECONCILIACIÓN_FANTASMA: AEHRUSDT_LINEAL existe interno pero no en exchange -> reseteando
[2026-08-31 09:33:09] [TUSK] RECONCILIACIÓN_OK: 2 frentes alineados con exchange
[RANGO] SKHYUSDT_LINEAL last=162.94 · río=WS · mercado=linear · estado=ACECHANDO · dir=— · 0=164.91 · Oz=— · Red=— · manos=ON · pos=flat · latido=1.50s
[RANGO] autosello SKHY · ACECHANDO · Oz=0.0 link=— · manos_feria_informe.json
[RANGO] SKHYUSDT_LINEAL last=162.98 · río=WS · mercado=linear · estado=ACECHANDO · dir=— · 0=164.91 · Oz=— · Red=— · manos=ON · pos=flat · latido=1.50s
[RANGO] SKHYUSDT_LINEAL last=162.98 · río=WS · mercado=linear · estado=ACECHANDO · dir=— · 0=164.91 · Oz=— · Red=— · manos=ON · pos=flat · latido=1.50s
[RANGO] autosello SKHY · ACECHANDO · Oz=0.0 link=— · manos_feria_informe.json
[RANGO] SKHYUSDT_LINEAL last=162.99 · río=WS · mercado=linear · estado=ACECHANDO · dir=— · 0=164.91 · Oz=— · Red=— · manos=ON · pos=flat · latido=1.50s
[RANGO] autosello SKHY · ACECHANDO · Oz=0.0 link=— · manos_feria_informe.json
[RANGO] SKHYUSDT_LINEAL last=162.94 · río=WS · mercado=linear · estado=ACECHANDO · dir=— · 0=164.91 · Oz=— · Red=— · manos=ON · pos=flat · latido=1.50s
[RANGO] SKHYUSDT_LINEAL last=162.95 · río=WS · mercado=linear · estado=ACECHANDO · dir=— · 0=164.91 · Oz=— · Red=— · manos=ON · pos=flat · latido=1.50s
[RANGO] autosello SKHY · ACECHANDO · Oz=0.0 link=— · manos_feria_informe.json
[2026-08-31 09:34:10] [TUSK] RECONCILIACIÓN: MSTRUSDT_LINEAL: interno L:0.000000/S:0.000000 -> real L:0.200000/S:0.000000
[2026-08-31 09:34:10] [TUSK] RECONCILIACIÓN: PURRUSDT_LINEAL: interno L:0.000000/S:0.000000 -> real L:4.300000/S:0.000000
[2026-08-31 09:34:10] [TUSK] RECONCILIACIÓN_FANTASMA: SOXSUSDT_LINEAL existe interno pero no en exchange -> reseteando
[2026-08-31 09:34:10] [TUSK] RECONCILIACIÓN_FANTASMA: KORUUSDT_LINEAL existe interno pero no en exchange -> reseteando
[2026-08-31 09:34:10] [TUSK] RECONCILIACIÓN_OK: 4 frentes alineados con exchange
[RANGO] SKHYUSDT_LINEAL last=162.92 · río=WS · mercado=linear · estado=ACECHANDO · dir=— · 0=164.91 · Oz=— · Red=— · manos=ON · pos=flat · latido=1.50s
[RANGO] autosello SKHY · ACECHANDO · Oz=0.0 link=— · manos_feria_informe.json
[RANGO] SKHYUSDT_LINEAL last=162.9 · río=WS · mercado=linear · estado=ACECHANDO · dir=— · 0=164.91 · Oz=— · Red=— · manos=ON · pos=flat · latido=1.50s
[RANGO] SKHYUSDT_LINEAL last=162.9 · río=WS · mercado=linear · estado=ACECHANDO · dir=— · 0=164.91 · Oz=— · Red=— · manos=ON · pos=flat · latido=1.50s
[RANGO] autosello SKHY · ACECHANDO · Oz=0.0 link=— · manos_feria_informe.json
[RANGO] SKHYUSDT_LINEAL last=162.89 · río=WS · mercado=linear · estado=ACECHANDO · dir=— · 0=164.91 · Oz=— · Red=— · manos=ON · pos=flat · latido=1.50s
[RANGO] autosello SKHY · ACECHANDO · Oz=0.0 link=— · manos_feria_informe.json
[RANGO] SKHYUSDT_LINEAL last=162.89 · río=WS · mercado=linear · estado=ACECHANDO · dir=— · 0=164.91 · Oz=— · Red=— · manos=ON · pos=flat · latido=1.50s
[RANGO] SKHYUSDT_LINEAL last=162.78 · río=WS · mercado=linear · estado=ACECHANDO · dir=— · 0=164.91 · Oz=— · Red=— · manos=ON · pos=flat · latido=1.50s
[RANGO] autosello SKHY · ACECHANDO · Oz=0.0 link=— · manos_feria_informe.json
[2026-08-31 09:35:11] [TUSK] RECONCILIACIÓN: PURRUSDT_LINEAL: interno L:4.300000/S:0.000000 -> real L:3.800000/S:0.000000
[2026-08-31 09:35:11] [TUSK] RECONCILIACIÓN_OK: 1 frentes alineados con exchange
[RANGO] SKHYUSDT_LINEAL last=162.75 · río=WS · mercado=linear · estado=ACECHANDO · dir=— · 0=164.91 · Oz=— · Red=— · manos=ON · pos=flat · latido=1.50s
[RANGO] autosello SKHY · ACECHANDO · Oz=0.0 link=— · manos_feria_informe.json
[RANGO] SKHYUSDT_LINEAL last=162.76 · río=WS · mercado=linear · estado=ACECHANDO · dir=— · 0=164.91 · Oz=— · Red=— · manos=ON · pos=flat · latido=1.50s
[RANGO] SKHYUSDT_LINEAL last=162.75 · río=WS · mercado=linear · estado=ACECHANDO · dir=— · 0=164.91 · Oz=— · Red=— · manos=ON · pos=flat · latido=1.50s
[RANGO] autosello SKHY · ACECHANDO · Oz=0.0 link=— · manos_feria_informe.json
[RANGO] SKHYUSDT_LINEAL last=162.77 · río=WS · mercado=linear · estado=ACECHANDO · dir=— · 0=164.91 · Oz=— · Red=— · manos=ON · pos=flat · latido=1.50s
[RANGO] autosello SKHY · ACECHANDO · Oz=0.0 link=— · manos_feria_informe.json
[RANGO] SKHYUSDT_LINEAL last=162.73 · río=WS · mercado=linear · estado=ACECHANDO · dir=— · 0=164.91 · Oz=— · Red=— · manos=ON · pos=flat · latido=1.50s
[RANGO] SKHYUSDT_LINEAL last=162.65 · río=WS · mercado=linear · estado=ACECHANDO · dir=— · 0=164.91 · Oz=— · Red=— · manos=ON · pos=flat · latido=1.50s
[RANGO] autosello SKHY · ACECHANDO · Oz=0.0 link=— · manos_feria_informe.json
[2026-08-31 09:36:12] [TUSK] RECONCILIACIÓN: SYRUPUSDT_LINEAL: interno L:0.000000/S:0.000000 -> real L:482.000000/S:0.000000
[2026-08-31 09:36:12] [TUSK] RECONCILIACIÓN: COTIUSDT_LINEAL: interno L:0.000000/S:0.000000 -> real L:1213.000000/S:0.000000
[2026-08-31 09:36:12] [TUSK] RECONCILIACIÓN_FANTASMA: APRUSDT_LINEAL existe interno pero no en exchange -> reseteando
[2026-08-31 09:36:12] [TUSK] RECONCILIACIÓN_FANTASMA: CRVUSDT_LINEAL existe interno pero no en exchange -> reseteando
[2026-08-31 09:36:12] [TUSK] RECONCILIACIÓN_OK: 4 frentes alineados con exchange
[RANGO] SKHYUSDT_LINEAL last=162.69 · río=WS · mercado=linear · estado=ACECHANDO · dir=— · 0=164.91 · Oz=— · Red=— · manos=ON · pos=flat · latido=1.50s
[RANGO] autosello SKHY · ACECHANDO · Oz=0.0 link=— · manos_feria_informe.json
[RANGO] SKHYUSDT_LINEAL last=162.66 · río=WS · mercado=linear · estado=ACECHANDO · dir=— · 0=164.91 · Oz=— · Red=— · manos=ON · pos=flat · latido=1.50s
[RANGO] SKHYUSDT_LINEAL last=162.77 · río=WS · mercado=linear · estado=ACECHANDO · dir=— · 0=164.91 · Oz=— · Red=— · manos=ON · pos=flat · latido=1.50s
[RANGO] autosello SKHY · ACECHANDO · Oz=0.0 link=— · manos_feria_informe.json
[RANGO] SKHYUSDT_LINEAL last=162.76 · río=WS · mercado=linear · estado=ACECHANDO · dir=— · 0=164.91 · Oz=— · Red=— · manos=ON · pos=flat · latido=1.50s
[RANGO] autosello SKHY · ACECHANDO · Oz=0.0 link=— · manos_feria_informe.json
[RANGO] SKHYUSDT_LINEAL last=162.81 · río=WS · mercado=linear · estado=ACECHANDO · dir=— · 0=164.91 · Oz=— · Red=— · manos=ON · pos=flat · latido=1.50s
[RANGO] SKHYUSDT_LINEAL last=162.81 · río=WS · mercado=linear · estado=ACECHANDO · dir=— · 0=164.91 · Oz=— · Red=— · manos=ON · pos=flat · latido=1.50s
[RANGO] autosello SKHY · ACECHANDO · Oz=0.0 link=— · manos_feria_informe.json
[2026-08-31 09:37:13] [TUSK] RECONCILIACIÓN: FWDIUSDT_LINEAL: interno L:0.000000/S:0.000000 -> real L:0.000000/S:4.200000
[2026-08-31 09:37:13] [TUSK] RECONCILIACIÓN: POWERUSDT_LINEAL: interno L:0.000000/S:347.000000 -> real L:0.000000/S:404.000000
[2026-08-31 09:37:13] [TUSK] RECONCILIACIÓN: PURRUSDT_LINEAL: interno L:3.800000/S:0.000000 -> real L:4.300000/S:0.000000
[2026-08-31 09:37:13] [TUSK] RECONCILIACIÓN_FANTASMA: XANUSDT_LINEAL existe interno pero no en exchange -> reseteando
[2026-08-31 09:37:14] [TUSK] RECONCILIACIÓN_OK: 4 frentes alineados con exchange
[RANGO] SKHYUSDT_LINEAL last=162.8 · río=WS · mercado=linear · estado=ACECHANDO · dir=— · 0=164.91 · Oz=— · Red=— · manos=ON · pos=flat · latido=1.50s
[RANGO] autosello SKHY · ACECHANDO · Oz=0.0 link=— · manos_feria_informe.json
[RANGO] SKHYUSDT_LINEAL last=162.66 · río=WS · mercado=linear · estado=ACECHANDO · dir=— · 0=164.91 · Oz=— · Red=— · manos=ON · pos=flat · latido=1.50s
[RANGO] SKHYUSDT_LINEAL last=162.63 · río=WS · mercado=linear · estado=ACECHANDO · dir=— · 0=164.91 · Oz=— · Red=— · manos=ON · pos=flat · latido=1.50s
[RANGO] autosello SKHY · ACECHANDO · Oz=0.0 link=— · manos_feria_informe.json
[RANGO] SKHYUSDT_LINEAL last=162.62 · río=WS · mercado=linear · estado=ACECHANDO · dir=— · 0=164.91 · Oz=— · Red=— · manos=ON · pos=flat · latido=1.50s
[RANGO] autosello SKHY · ACECHANDO · Oz=0.0 link=— · manos_feria_informe.json
[RANGO] SKHYUSDT_LINEAL last=162.73 · río=WS · mercado=linear · estado=ACECHANDO · dir=— · 0=164.91 · Oz=— · Red=— · manos=ON · pos=flat · latido=1.50s
[RANGO] SKHYUSDT_LINEAL last=162.72 · río=WS · mercado=linear · estado=ACECHANDO · dir=— · 0=164.91 · Oz=— · Red=— · manos=ON · pos=flat · latido=1.50s
[RANGO] autosello SKHY · ACECHANDO · Oz=0.0 link=— · manos_feria_informe.json
[RANGO] SKHYUSDT_LINEAL last=162.7 · río=WS · mercado=linear · estado=ACECHANDO · dir=— · 0=164.91 · Oz=— · Red=— · manos=ON · pos=flat · latido=1.50s
[RANGO] autosello SKHY · ACECHANDO · Oz=0.0 link=— · manos_feria_informe.json
[RANGO] SKHYUSDT_LINEAL last=162.76 · río=WS · mercado=linear · estado=ACECHANDO · dir=— · 0=164.91 · Oz=— · Red=— · manos=ON · pos=flat · latido=1.50s
[RANGO] SKHYUSDT_LINEAL last=162.75 · río=WS · mercado=linear · estado=ACECHANDO · dir=— · 0=164.91 · Oz=— · Red=— · manos=ON · pos=flat · latido=1.50s
[RANGO] autosello SKHY · ACECHANDO · Oz=0.0 link=— · manos_feria_informe.json
[RANGO] SKHYUSDT_LINEAL last=162.71 · río=WS · mercado=linear · estado=ACECHANDO · dir=— · 0=164.91 · Oz=— · Red=— · manos=ON · pos=flat · latido=1.50s
[RANGO] autosello SKHY · ACECHANDO · Oz=0.0 link=— · manos_feria_informe.json
[RANGO] SKHYUSDT_LINEAL last=162.73 · río=WS · mercado=linear · estado=ACECHANDO · dir=— · 0=164.91 · Oz=— · Red=— · manos=ON · pos=flat · latido=1.50s
[RANGO] SKHYUSDT_LINEAL last=162.83 · río=WS · mercado=linear · estado=ACECHANDO · dir=— · 0=164.91 · Oz=— · Red=— · manos=ON · pos=flat · latido=1.50s
[RANGO] autosello SKHY · ACECHANDO · Oz=0.0 link=— · manos_feria_informe.json
[RANGO] SKHYUSDT_LINEAL last=162.83 · río=WS · mercado=linear · estado=ACECHANDO · dir=— · 0=164.91 · Oz=— · Red=— · manos=ON · pos=flat · latido=1.50s
[2026-08-31 09:39:17] [TUSK] RECONCILIACIÓN: XANUSDT_LINEAL: interno L:0.000000/S:0.000000 -> real L:0.000000/S:260.000000
[2026-08-31 09:39:17] [TUSK] RECONCILIACIÓN: SHAZUSDT_LINEAL: interno L:0.000000/S:0.000000 -> real L:1.260000/S:0.000000
[2026-08-31 09:39:17] [TUSK] RECONCILIACIÓN: POWERUSDT_LINEAL: interno L:0.000000/S:404.000000 -> real L:0.000000/S:460.000000
[2026-08-31 09:39:17] [TUSK] RECONCILIACIÓN_FANTASMA: QNTXUSDT_LINEAL existe interno pero no en exchange -> reseteando
[2026-08-31 09:39:17] [TUSK] RECONCILIACIÓN_FANTASMA: BROCCOLIUSDT_LINEAL existe interno pero no en exchange -> reseteando
[2026-08-31 09:39:17] [TUSK] RECONCILIACIÓN_OK: 5 frentes alineados con exchange
[RANGO] autosello SKHY · ACECHANDO · Oz=0.0 link=— · manos_feria_informe.json
[RANGO] SKHYUSDT_LINEAL last=162.87 · río=WS · mercado=linear · estado=ACECHANDO · dir=— · 0=164.91 · Oz=— · Red=— · manos=ON · pos=flat · latido=1.50s
[RANGO] SKHYUSDT_LINEAL last=162.7 · río=WS · mercado=linear · estado=ACECHANDO · dir=— · 0=164.91 · Oz=— · Red=— · manos=ON · pos=flat · latido=1.50s
[RANGO] autosello SKHY · ACECHANDO · Oz=0.0 link=— · manos_feria_informe.json
[RANGO] SKHYUSDT_LINEAL last=162.73 · río=WS · mercado=linear · estado=ACECHANDO · dir=— · 0=164.91 · Oz=— · Red=— · manos=ON · pos=flat · latido=1.50s
[RANGO] autosello SKHY · ACECHANDO · Oz=0.0 link=— · manos_feria_informe.json
[RANGO] SKHYUSDT_LINEAL last=162.84 · río=WS · mercado=linear · estado=ACECHANDO · dir=— · 0=164.91 · Oz=— · Red=— · manos=ON · pos=flat · latido=1.50s
[RANGO] SKHYUSDT_LINEAL last=162.85 · río=WS · mercado=linear · estado=ACECHANDO · dir=— · 0=164.91 · Oz=— · Red=— · manos=ON · pos=flat · latido=1.50s
[RANGO] autosello SKHY · ACECHANDO · Oz=0.0 link=— · manos_feria_informe.json
[RANGO] SKHYUSDT_LINEAL last=162.85 · río=WS · mercado=linear · estado=ACECHANDO · dir=— · 0=164.91 · Oz=— · Red=— · manos=ON · pos=flat · latido=1.50s
[2026-08-31 09:40:18] [TUSK] RECONCILIACIÓN: POWERUSDT_LINEAL: interno L:0.000000/S:460.000000 -> real L:0.000000/S:516.000000
[2026-08-31 09:40:18] [TUSK] RECONCILIACIÓN: SNXXUSDT_LINEAL: interno L:6.090000/S:0.000000 -> real L:6.470000/S:0.000000
[2026-08-31 09:40:18] [TUSK] RECONCILIACIÓN_OK: 2 frentes alineados con exchange
[RANGO] autosello SKHY · ACECHANDO · Oz=0.0 link=— · manos_feria_informe.json
[RANGO] SKHYUSDT_LINEAL last=162.82 · río=WS · mercado=linear · estado=ACECHANDO · dir=— · 0=164.91 · Oz=— · Red=— · manos=ON · pos=flat · latido=1.50s
[RANGO] SKHYUSDT_LINEAL last=163.33 · río=WS · mercado=linear · estado=ACECHANDO · dir=— · 0=164.91 · Oz=— · Red=— · manos=ON · pos=flat · latido=1.50s
[RANGO] autosello SKHY · ACECHANDO · Oz=0.0 link=— · manos_feria_informe.json
[RANGO] SKHYUSDT_LINEAL last=163.33 · río=WS · mercado=linear · estado=ACECHANDO · dir=— · 0=164.91 · Oz=— · Red=— · manos=ON · pos=flat · latido=1.50s
[RANGO] autosello SKHY · ACECHANDO · Oz=0.0 link=— · manos_feria_informe.json
[RANGO] SKHYUSDT_LINEAL last=163.37 · río=WS · mercado=linear · estado=ACECHANDO · dir=— · 0=164.91 · Oz=— · Red=— · manos=ON · pos=flat · latido=1.50s
[RANGO] SKHYUSDT_LINEAL last=163.35 · río=WS · mercado=linear · estado=ACECHANDO · dir=— · 0=164.91 · Oz=— · Red=— · manos=ON · pos=flat · latido=1.50s
[RANGO] autosello SKHY · ACECHANDO · Oz=0.0 link=— · manos_feria_informe.json
[RANGO] SKHYUSDT_LINEAL last=163.3 · río=WS · mercado=linear · estado=ACECHANDO · dir=— · 0=164.91 · Oz=— · Red=— · manos=ON · pos=flat · latido=1.50s
[2026-08-31 09:41:19] [TUSK] RECONCILIACIÓN: XANUSDT_LINEAL: interno L:0.000000/S:260.000000 -> real L:0.000000/S:623.000000
[2026-08-31 09:41:19] [TUSK] RECONCILIACIÓN_OK: 1 frentes alineados con exchange
[RANGO] autosello SKHY · ACECHANDO · Oz=0.0 link=— · manos_feria_informe.json
[RANGO] SKHYUSDT_LINEAL last=163.36 · río=WS · mercado=linear · estado=ACECHANDO · dir=— · 0=164.91 · Oz=— · Red=— · manos=ON · pos=flat · latido=1.50s
[RANGO] SKHYUSDT_LINEAL last=163.35 · río=WS · mercado=linear · estado=ACECHANDO · dir=— · 0=164.91 · Oz=— · Red=— · manos=ON · pos=flat · latido=1.50s
[RANGO] autosello SKHY · ACECHANDO · Oz=0.0 link=— · manos_feria_informe.json
[RANGO] SKHYUSDT_LINEAL last=163.24 · río=WS · mercado=linear · estado=ACECHANDO · dir=— · 0=164.91 · Oz=— · Red=— · manos=ON · pos=flat · latido=1.50s
[RANGO] autosello SKHY · ACECHANDO · Oz=0.0 link=— · manos_feria_informe.json
[RANGO] SKHYUSDT_LINEAL last=163.32 · río=WS · mercado=linear · estado=ACECHANDO · dir=— · 0=164.91 · Oz=— · Red=— · manos=ON · pos=flat · latido=1.50s
[RANGO] SKHYUSDT_LINEAL last=163.18 · río=WS · mercado=linear · estado=ACECHANDO · dir=— · 0=164.91 · Oz=— · Red=— · manos=ON · pos=flat · latido=1.50s
[RANGO] autosello SKHY · ACECHANDO · Oz=0.0 link=— · manos_feria_informe.json
[RANGO] SKHYUSDT_LINEAL last=162.9 · río=WS · mercado=linear · estado=ACECHANDO · dir=— · 0=164.91 · Oz=— · Red=— · manos=ON · pos=flat · latido=1.50s
[RANGO] autosello SKHY · ACECHANDO · Oz=0.0 link=— · manos_feria_informe.json
[RANGO] SKHYUSDT_LINEAL last=162.98 · río=WS · mercado=linear · estado=ACECHANDO · dir=— · 0=164.91 · Oz=— · Red=— · manos=ON · pos=flat · latido=1.50s
[RANGO] SKHYUSDT_LINEAL last=162.99 · río=WS · mercado=linear · estado=ACECHANDO · dir=— · 0=164.91 · Oz=— · Red=— · manos=ON · pos=flat · latido=1.50s
[RANGO] autosello SKHY · ACECHANDO · Oz=0.0 link=— · manos_feria_informe.json
[RANGO] SKHYUSDT_LINEAL last=162.95 · río=WS · mercado=linear · estado=ACECHANDO · dir=— · 0=164.91 · Oz=— · Red=— · manos=ON · pos=flat · latido=1.50s
[RANGO] autosello SKHY · ACECHANDO · Oz=0.0 link=— · manos_feria_informe.json
[RANGO] SKHYUSDT_LINEAL last=162.97 · río=WS · mercado=linear · estado=ACECHANDO · dir=— · 0=164.91 · Oz=— · Red=— · manos=ON · pos=flat · latido=1.50s
[RANGO] SKHYUSDT_LINEAL last=163.07 · río=WS · mercado=linear · estado=ACECHANDO · dir=— · 0=164.91 · Oz=— · Red=— · manos=ON · pos=flat · latido=1.50s
[RANGO] autosello SKHY · ACECHANDO · Oz=0.0 link=— · manos_feria_informe.json
[RANGO] SKHYUSDT_LINEAL last=163.13 · río=WS · mercado=linear · estado=ACECHANDO · dir=— · 0=164.91 · Oz=— · Red=— · manos=ON · pos=flat · latido=1.50s
[RANGO] autosello SKHY · ACECHANDO · Oz=0.0 link=— · manos_feria_informe.json
[RANGO] SKHYUSDT_LINEAL last=162.99 · río=WS · mercado=linear · estado=ACECHANDO · dir=— · 0=164.91 · Oz=— · Red=— · manos=ON · pos=flat · latido=1.50s
[RANGO] SKHYUSDT_LINEAL last=162.98 · río=WS · mercado=linear · estado=ACECHANDO · dir=— · 0=164.91 · Oz=— · Red=— · manos=ON · pos=flat · latido=1.50s
[RANGO] autosello SKHY · ACECHANDO · Oz=0.0 link=— · manos_feria_informe.json
[RANGO] SKHYUSDT_LINEAL last=163.0 · río=WS · mercado=linear · estado=ACECHANDO · dir=— · 0=164.91 · Oz=— · Red=— · manos=ON · pos=flat · latido=1.50s
[RANGO] autosello SKHY · ACECHANDO · Oz=0.0 link=— · manos_feria_informe.json
[RANGO] SKHYUSDT_LINEAL last=162.98 · río=WS · mercado=linear · estado=ACECHANDO · dir=— · 0=164.91 · Oz=— · Red=— · manos=ON · pos=flat · latido=1.50s
[RANGO] SKHYUSDT_LINEAL last=162.97 · río=WS · mercado=linear · estado=ACECHANDO · dir=— · 0=164.91 · Oz=— · Red=— · manos=ON · pos=flat · latido=1.50s
[RANGO] autosello SKHY · ACECHANDO · Oz=0.0 link=— · manos_feria_informe.json
[RANGO] SKHYUSDT_LINEAL last=163.03 · río=WS · mercado=linear · estado=ACECHANDO · dir=— · 0=164.91 · Oz=— · Red=— · manos=ON · pos=flat · latido=1.50s
[RANGO] autosello SKHY · ACECHANDO · Oz=0.0 link=— · manos_feria_informe.json
[RANGO] SKHYUSDT_LINEAL last=162.88 · río=WS · mercado=linear · estado=ACECHANDO · dir=— · 0=164.91 · Oz=— · Red=— · manos=ON · pos=flat · latido=1.50s
[RANGO] SKHYUSDT_LINEAL last=163.06 · río=WS · mercado=linear · estado=ACECHANDO · dir=— · 0=164.91 · Oz=— · Red=— · manos=ON · pos=flat · latido=1.50s
[RANGO] autosello SKHY · ACECHANDO · Oz=0.0 link=— · manos_feria_informe.json
[RANGO] SKHYUSDT_LINEAL last=163.04 · río=WS · mercado=linear · estado=ACECHANDO · dir=— · 0=164.91 · Oz=— · Red=— · manos=ON · pos=flat · latido=1.50s
[RANGO] autosello SKHY · ACECHANDO · Oz=0.0 link=— · manos_feria_informe.json
[RANGO] SKHYUSDT_LINEAL last=163.11 · río=WS · mercado=linear · estado=ACECHANDO · dir=— · 0=164.91 · Oz=— · Red=— · manos=ON · pos=flat · latido=1.50s
[RANGO] SKHYUSDT_LINEAL last=163.12 · río=WS · mercado=linear · estado=ACECHANDO · dir=— · 0=164.91 · Oz=— · Red=— · manos=ON · pos=flat · latido=1.50s
[RANGO] autosello SKHY · ACECHANDO · Oz=0.0 link=— · manos_feria_informe.json
[RANGO] SKHYUSDT_LINEAL last=163.11 · río=WS · mercado=linear · estado=ACECHANDO · dir=— · 0=164.91 · Oz=— · Red=— · manos=ON · pos=flat · latido=1.50s
[RANGO] autosello SKHY · ACECHANDO · Oz=0.0 link=— · manos_feria_informe.json
[2026-08-31 09:45:24] [TUSK] RECONCILIACIÓN: XANUSDT_LINEAL: interno L:0.000000/S:623.000000 -> real L:0.000000/S:982.000000
[2026-08-31 09:45:24] [TUSK] RECONCILIACIÓN: POWERUSDT_LINEAL: interno L:0.000000/S:516.000000 -> real L:0.000000/S:571.000000
[2026-08-31 09:45:24] [TUSK] RECONCILIACIÓN_OK: 2 frentes alineados con exchange
[RANGO] SKHYUSDT_LINEAL last=163.11 · río=WS · mercado=linear · estado=ACECHANDO · dir=— · 0=164.91 · Oz=— · Red=— · manos=ON · pos=flat · latido=1.50s
[RANGO] SKHYUSDT_LINEAL last=163.08 · río=WS · mercado=linear · estado=ACECHANDO · dir=— · 0=164.91 · Oz=— · Red=— · manos=ON · pos=flat · latido=1.50s
[RANGO] autosello SKHY · ACECHANDO · Oz=0.0 link=— · manos_feria_informe.json
[RANGO] SKHYUSDT_LINEAL last=162.88 · río=WS · mercado=linear · estado=ACECHANDO · dir=— · 0=164.91 · Oz=— · Red=— · manos=ON · pos=flat · latido=1.50s
[RANGO] autosello SKHY · ACECHANDO · Oz=0.0 link=— · manos_feria_informe.json
[RANGO] SKHYUSDT_LINEAL last=162.71 · río=WS · mercado=linear · estado=ACECHANDO · dir=— · 0=164.91 · Oz=— · Red=— · manos=ON · pos=flat · latido=1.50s
[RANGO] SKHYUSDT_LINEAL last=162.85 · río=WS · mercado=linear · estado=ACECHANDO · dir=— · 0=164.91 · Oz=— · Red=— · manos=ON · pos=flat · latido=1.50s
[RANGO] autosello SKHY · ACECHANDO · Oz=0.0 link=— · manos_feria_informe.json
[RANGO] SKHYUSDT_LINEAL last=162.97 · río=WS · mercado=linear · estado=ACECHANDO · dir=— · 0=164.91 · Oz=— · Red=— · manos=ON · pos=flat · latido=1.50s
[RANGO] autosello SKHY · ACECHANDO · Oz=0.0 link=— · manos_feria_informe.json
[2026-08-31 09:46:25] [TUSK] RECONCILIACIÓN: HYPEUSDT_LINEAL: interno L:0.000000/S:0.000000 -> real L:0.000000/S:0.270000
[2026-08-31 09:46:25] [TUSK] RECONCILIACIÓN_FANTASMA: ARMUSDT_LINEAL existe interno pero no en exchange -> reseteando
[2026-08-31 09:46:25] [TUSK] RECONCILIACIÓN_OK: 2 frentes alineados con exchange
[RANGO] SKHYUSDT_LINEAL last=162.99 · río=WS · mercado=linear · estado=ACECHANDO · dir=— · 0=164.91 · Oz=— · Red=— · manos=ON · pos=flat · latido=1.50s
[RANGO] SKHYUSDT_LINEAL last=163.04 · río=WS · mercado=linear · estado=ACECHANDO · dir=— · 0=164.91 · Oz=— · Red=— · manos=ON · pos=flat · latido=1.50s
[RANGO] autosello SKHY · ACECHANDO · Oz=0.0 link=— · manos_feria_informe.json
[RANGO] SKHYUSDT_LINEAL last=163.05 · río=WS · mercado=linear · estado=ACECHANDO · dir=— · 0=164.91 · Oz=— · Red=— · manos=ON · pos=flat · latido=1.50s
[RANGO] autosello SKHY · ACECHANDO · Oz=0.0 link=— · manos_feria_informe.json
[RANGO] SKHYUSDT_LINEAL last=163.04 · río=WS · mercado=linear · estado=ACECHANDO · dir=— · 0=164.91 · Oz=— · Red=— · manos=ON · pos=flat · latido=1.50s
[RANGO] SKHYUSDT_LINEAL last=162.94 · río=WS · mercado=linear · estado=ACECHANDO · dir=— · 0=164.91 · Oz=— · Red=— · manos=ON · pos=flat · latido=1.50s
[RANGO] autosello SKHY · ACECHANDO · Oz=0.0 link=— · manos_feria_informe.json
[RANGO] SKHYUSDT_LINEAL last=162.94 · río=WS · mercado=linear · estado=ACECHANDO · dir=— · 0=164.91 · Oz=— · Red=— · manos=ON · pos=flat · latido=1.50s
[RANGO] autosello SKHY · ACECHANDO · Oz=0.0 link=— · manos_feria_informe.json
[RANGO] SKHYUSDT_LINEAL last=162.91 · río=WS · mercado=linear · estado=ACECHANDO · dir=— · 0=164.91 · Oz=— · Red=— · manos=ON · pos=flat · latido=1.50s
[RANGO] SKHYUSDT_LINEAL last=162.89 · río=WS · mercado=linear · estado=ACECHANDO · dir=— · 0=164.91 · Oz=— · Red=— · manos=ON · pos=flat · latido=1.50s
[RANGO] autosello SKHY · ACECHANDO · Oz=0.0 link=— · manos_feria_informe.json
[RANGO] SKHYUSDT_LINEAL last=162.91 · río=WS · mercado=linear · estado=ACECHANDO · dir=— · 0=164.91 · Oz=— · Red=— · manos=ON · pos=flat · latido=1.50s
[RANGO] autosello SKHY · ACECHANDO · Oz=0.0 link=— · manos_feria_informe.json
[RANGO] SKHYUSDT_LINEAL last=162.92 · río=WS · mercado=linear · estado=ACECHANDO · dir=— · 0=164.91 · Oz=— · Red=— · manos=ON · pos=flat · latido=1.50s
[RANGO] SKHYUSDT_LINEAL last=162.82 · río=WS · mercado=linear · estado=ACECHANDO · dir=— · 0=164.91 · Oz=— · Red=— · manos=ON · pos=flat · latido=1.50s
[RANGO] autosello SKHY · ACECHANDO · Oz=0.0 link=— · manos_feria_informe.json
[RANGO] SKHYUSDT_LINEAL last=162.88 · río=WS · mercado=linear · estado=ACECHANDO · dir=— · 0=164.91 · Oz=— · Red=— · manos=ON · pos=flat · latido=1.50s
[RANGO] autosello SKHY · ACECHANDO · Oz=0.0 link=— · manos_feria_informe.json
[RANGO] SKHYUSDT_LINEAL last=162.87 · río=WS · mercado=linear · estado=ACECHANDO · dir=— · 0=164.91 · Oz=— · Red=— · manos=ON · pos=flat · latido=1.50s
[2026-08-31 09:48:27] [TUSK] RECONCILIACIÓN: POWERUSDT_LINEAL: interno L:0.000000/S:571.000000 -> real L:0.000000/S:625.000000
[2026-08-31 09:48:27] [TUSK] RECONCILIACIÓN_OK: 1 frentes alineados con exchange
[RANGO] SKHYUSDT_LINEAL last=162.87 · río=WS · mercado=linear · estado=ACECHANDO · dir=— · 0=164.91 · Oz=— · Red=— · manos=ON · pos=flat · latido=1.50s
[RANGO] autosello SKHY · ACECHANDO · Oz=0.0 link=— · manos_feria_informe.json
[RANGO] SKHYUSDT_LINEAL last=162.93 · río=WS · mercado=linear · estado=ACECHANDO · dir=— · 0=164.91 · Oz=— · Red=— · manos=ON · pos=flat · latido=1.50s
[RANGO] autosello SKHY · ACECHANDO · Oz=0.0 link=— · manos_feria_informe.json
[RANGO] SKHYUSDT_LINEAL last=162.91 · río=WS · mercado=linear · estado=ACECHANDO · dir=— · 0=164.91 · Oz=— · Red=— · manos=ON · pos=flat · latido=1.50s
[RANGO] SKHYUSDT_LINEAL last=162.86 · río=WS · mercado=linear · estado=ACECHANDO · dir=— · 0=164.91 · Oz=— · Red=— · manos=ON · pos=flat · latido=1.50s
[RANGO] autosello SKHY · ACECHANDO · Oz=0.0 link=— · manos_feria_informe.json
[RANGO] SKHYUSDT_LINEAL last=162.88 · río=WS · mercado=linear · estado=ACECHANDO · dir=— · 0=164.91 · Oz=— · Red=— · manos=ON · pos=flat · latido=1.50s
[RANGO] autosello SKHY · ACECHANDO · Oz=0.0 link=— · manos_feria_informe.json
[RANGO] SKHYUSDT_LINEAL last=162.87 · río=WS · mercado=linear · estado=ACECHANDO · dir=— · 0=164.91 · Oz=— · Red=— · manos=ON · pos=flat · latido=1.50s
[RANGO] SKHYUSDT_LINEAL last=162.85 · río=WS · mercado=linear · estado=ACECHANDO · dir=— · 0=164.91 · Oz=— · Red=— · manos=ON · pos=flat · latido=1.50s
[RANGO] autosello SKHY · ACECHANDO · Oz=0.0 link=— · manos_feria_informe.json
[RANGO] SKHYUSDT_LINEAL last=162.8 · río=WS · mercado=linear · estado=ACECHANDO · dir=— · 0=164.91 · Oz=— · Red=— · manos=ON · pos=flat · latido=1.50s
[RANGO] autosello SKHY · ACECHANDO · Oz=0.0 link=— · manos_feria_informe.json
[RANGO] SKHYUSDT_LINEAL last=162.76 · río=WS · mercado=linear · estado=ACECHANDO · dir=— · 0=164.91 · Oz=— · Red=— · manos=ON · pos=flat · latido=1.50s
[RANGO] SKHYUSDT_LINEAL last=162.76 · río=WS · mercado=linear · estado=ACECHANDO · dir=— · 0=164.91 · Oz=— · Red=— · manos=ON · pos=flat · latido=1.50s
[RANGO] autosello SKHY · ACECHANDO · Oz=0.0 link=— · manos_feria_informe.json
[RANGO] SKHYUSDT_LINEAL last=162.68 · río=WS · mercado=linear · estado=ACECHANDO · dir=— · 0=164.91 · Oz=— · Red=— · manos=ON · pos=flat · latido=1.50s
[RANGO] autosello SKHY · ACECHANDO · Oz=0.0 link=— · manos_feria_informe.json
[RANGO] SKHYUSDT_LINEAL last=162.68 · río=WS · mercado=linear · estado=ACECHANDO · dir=— · 0=164.91 · Oz=— · Red=— · manos=ON · pos=flat · latido=1.50s
[RANGO] SKHYUSDT_LINEAL last=162.63 · río=WS · mercado=linear · estado=ACECHANDO · dir=— · 0=164.91 · Oz=— · Red=— · manos=ON · pos=flat · latido=1.50s
[RANGO] autosello SKHY · ACECHANDO · Oz=0.0 link=— · manos_feria_informe.json
[RANGO] SKHYUSDT_LINEAL last=162.69 · río=WS · mercado=linear · estado=ACECHANDO · dir=— · 0=164.91 · Oz=— · Red=— · manos=ON · pos=flat · latido=1.50s
[RANGO] autosello SKHY · ACECHANDO · Oz=0.0 link=— · manos_feria_informe.json
[RANGO] SKHYUSDT_LINEAL last=162.7 · río=WS · mercado=linear · estado=ACECHANDO · dir=— · 0=164.91 · Oz=— · Red=— · manos=ON · pos=flat · latido=1.50s
[RANGO] SKHYUSDT_LINEAL last=162.68 · río=WS · mercado=linear · estado=ACECHANDO · dir=— · 0=164.91 · Oz=— · Red=— · manos=ON · pos=flat · latido=1.50s
[RANGO] autosello SKHY · ACECHANDO · Oz=0.0 link=— · manos_feria_informe.json
[RANGO] SKHYUSDT_LINEAL last=162.71 · río=WS · mercado=linear · estado=ACECHANDO · dir=— · 0=164.91 · Oz=— · Red=— · manos=ON · pos=flat · latido=1.50s
[RANGO] autosello SKHY · ACECHANDO · Oz=0.0 link=— · manos_feria_informe.json
[RANGO] SKHYUSDT_LINEAL last=162.7 · río=WS · mercado=linear · estado=ACECHANDO · dir=— · 0=164.91 · Oz=— · Red=— · manos=ON · pos=flat · latido=1.50s
[2026-08-31 09:51:31] [TUSK] RECONCILIACIÓN: POWERUSDT_LINEAL: interno L:0.000000/S:625.000000 -> real L:0.000000/S:571.000000
[2026-08-31 09:51:31] [TUSK] RECONCILIACIÓN_OK: 1 frentes alineados con exchange
[RANGO] SKHYUSDT_LINEAL last=162.63 · río=WS · mercado=linear · estado=ACECHANDO · dir=— · 0=164.91 · Oz=— · Red=— · manos=ON · pos=flat · latido=1.50s
[RANGO] autosello SKHY · ACECHANDO · Oz=0.0 link=— · manos_feria_informe.json
[RANGO] SKHYUSDT_LINEAL last=162.7 · río=WS · mercado=linear · estado=ACECHANDO · dir=— · 0=164.91 · Oz=— · Red=— · manos=ON · pos=flat · latido=1.50s
[RANGO] autosello SKHY · ACECHANDO · Oz=0.0 link=— · manos_feria_informe.json
[RANGO] SKHYUSDT_LINEAL last=162.68 · río=WS · mercado=linear · estado=ACECHANDO · dir=— · 0=164.91 · Oz=— · Red=— · manos=ON · pos=flat · latido=1.50s
[RANGO] SKHYUSDT_LINEAL last=162.64 · río=WS · mercado=linear · estado=ACECHANDO · dir=— · 0=164.91 · Oz=— · Red=— · manos=ON · pos=flat · latido=1.50s
[RANGO] autosello SKHY · ACECHANDO · Oz=0.0 link=— · manos_feria_informe.json
[RANGO] SKHYUSDT_LINEAL last=162.63 · río=WS · mercado=linear · estado=ACECHANDO · dir=— · 0=164.91 · Oz=— · Red=— · manos=ON · pos=flat · latido=1.50s
[RANGO] autosello SKHY · ACECHANDO · Oz=0.0 link=— · manos_feria_informe.json
[RANGO] SKHYUSDT_LINEAL last=162.63 · río=WS · mercado=linear · estado=ACECHANDO · dir=— · 0=164.91 · Oz=— · Red=— · manos=ON · pos=flat · latido=1.50s
[2026-08-31 09:52:32] [TUSK] RECONCILIACIÓN: POWERUSDT_LINEAL: interno L:0.000000/S:571.000000 -> real L:0.000000/S:516.000000
[2026-08-31 09:52:32] [TUSK] RECONCILIACIÓN_OK: 1 frentes alineados con exchange
[RANGO] SKHYUSDT_LINEAL last=162.6 · río=WS · mercado=linear · estado=ACECHANDO · dir=— · 0=164.91 · Oz=— · Red=— · manos=ON · pos=flat · latido=1.50s
[RANGO] autosello SKHY · ACECHANDO · Oz=0.0 link=— · manos_feria_informe.json
[RANGO] SKHYUSDT_LINEAL last=162.55 · río=WS · mercado=linear · estado=ACECHANDO · dir=— · 0=164.91 · Oz=— · Red=— · manos=ON · pos=flat · latido=1.50s
[RANGO] autosello SKHY · ACECHANDO · Oz=0.0 link=— · manos_feria_informe.json
[RANGO] SKHYUSDT_LINEAL last=162.62 · río=WS · mercado=linear · estado=ACECHANDO · dir=— · 0=164.91 · Oz=— · Red=— · manos=ON · pos=flat · latido=1.50s
[RANGO] SKHYUSDT_LINEAL last=162.59 · río=WS · mercado=linear · estado=ACECHANDO · dir=— · 0=164.91 · Oz=— · Red=— · manos=ON · pos=flat · latido=1.50s
[RANGO] autosello SKHY · ACECHANDO · Oz=0.0 link=— · manos_feria_informe.json
[RANGO] SKHYUSDT_LINEAL last=162.6 · río=WS · mercado=linear · estado=ACECHANDO · dir=— · 0=164.91 · Oz=— · Red=— · manos=ON · pos=flat · latido=1.50s
[RANGO] autosello SKHY · ACECHANDO · Oz=0.0 link=— · manos_feria_informe.json
[RANGO] SKHYUSDT_LINEAL last=162.59 · río=WS · mercado=linear · estado=ACECHANDO · dir=— · 0=164.91 · Oz=— · Red=— · manos=ON · pos=flat · latido=1.50s
[RANGO] SKHYUSDT_LINEAL last=162.7 · río=WS · mercado=linear · estado=ACECHANDO · dir=— · 0=164.91 · Oz=— · Red=— · manos=ON · pos=flat · latido=1.50s
[RANGO] autosello SKHY · ACECHANDO · Oz=0.0 link=— · manos_feria_informe.json
[RANGO] SKHYUSDT_LINEAL last=162.63 · río=WS · mercado=linear · estado=ACECHANDO · dir=— · 0=164.91 · Oz=— · Red=— · manos=ON · pos=flat · latido=1.50s
[RANGO] autosello SKHY · ACECHANDO · Oz=0.0 link=— · manos_feria_informe.json
[RANGO] SKHYUSDT_LINEAL last=162.61 · río=WS · mercado=linear · estado=ACECHANDO · dir=— · 0=164.91 · Oz=— · Red=— · manos=ON · pos=flat · latido=1.50s
[RANGO] SKHYUSDT_LINEAL last=162.56 · río=WS · mercado=linear · estado=ACECHANDO · dir=— · 0=164.91 · Oz=— · Red=— · manos=ON · pos=flat · latido=1.50s
[RANGO] autosello SKHY · ACECHANDO · Oz=0.0 link=— · manos_feria_informe.json
[RANGO] SKHYUSDT_LINEAL last=162.54 · río=WS · mercado=linear · estado=ACECHANDO · dir=— · 0=164.91 · Oz=— · Red=— · manos=ON · pos=flat · latido=1.50s
[RANGO] autosello SKHY · ACECHANDO · Oz=0.0 link=— · manos_feria_informe.json
[RANGO] SKHYUSDT_LINEAL last=162.53 · río=WS · mercado=linear · estado=ACECHANDO · dir=— · 0=164.91 · Oz=— · Red=— · manos=ON · pos=flat · latido=1.50s
[2026-08-31 09:54:34] [TUSK] RECONCILIACIÓN: POWERUSDT_LINEAL: interno L:0.000000/S:516.000000 -> real L:0.000000/S:645.000000
[2026-08-31 09:54:34] [TUSK] RECONCILIACIÓN_OK: 1 frentes alineados con exchange
[RANGO] SKHYUSDT_LINEAL last=162.52 · río=WS · mercado=linear · estado=ACECHANDO · dir=— · 0=164.91 · Oz=— · Red=— · manos=ON · pos=flat · latido=1.50s
[RANGO] autosello SKHY · ACECHANDO · Oz=0.0 link=— · manos_feria_informe.json
[RANGO] SKHYUSDT_LINEAL last=162.53 · río=WS · mercado=linear · estado=ACECHANDO · dir=— · 0=164.91 · Oz=— · Red=— · manos=ON · pos=flat · latido=1.50s
[RANGO] autosello SKHY · ACECHANDO · Oz=0.0 link=— · manos_feria_informe.json
[RANGO] SKHYUSDT_LINEAL last=162.52 · río=WS · mercado=linear · estado=ACECHANDO · dir=— · 0=164.91 · Oz=— · Red=— · manos=ON · pos=flat · latido=1.50s
[RANGO] SKHYUSDT_LINEAL last=162.52 · río=WS · mercado=linear · estado=ACECHANDO · dir=— · 0=164.91 · Oz=— · Red=— · manos=ON · pos=flat · latido=1.50s
[RANGO] autosello SKHY · ACECHANDO · Oz=0.0 link=— · manos_feria_informe.json
[RANGO] SKHYUSDT_LINEAL last=162.51 · río=WS · mercado=linear · estado=ACECHANDO · dir=— · 0=164.91 · Oz=— · Red=— · manos=ON · pos=flat · latido=1.50s
[RANGO] autosello SKHY · ACECHANDO · Oz=0.0 link=— · manos_feria_informe.json
[RANGO] SKHYUSDT_LINEAL last=162.52 · río=WS · mercado=linear · estado=ACECHANDO · dir=— · 0=164.91 · Oz=— · Red=— · manos=ON · pos=flat · latido=1.50s
[2026-08-31 09:55:35] [TUSK] RECONCILIACIÓN: SNXXUSDT_LINEAL: interno L:6.470000/S:0.000000 -> real L:6.850000/S:0.000000
[2026-08-31 09:55:35] [TUSK] RECONCILIACIÓN_OK: 1 frentes alineados con exchange
[RANGO] SKHYUSDT_LINEAL last=162.51 · río=WS · mercado=linear · estado=ACECHANDO · dir=— · 0=164.91 · Oz=— · Red=— · manos=ON · pos=flat · latido=1.50s
[RANGO] autosello SKHY · ACECHANDO · Oz=0.0 link=— · manos_feria_informe.json
[RANGO] SKHYUSDT_LINEAL last=162.51 · río=WS · mercado=linear · estado=ACECHANDO · dir=— · 0=164.91 · Oz=— · Red=— · manos=ON · pos=flat · latido=1.50s
[RANGO] autosello SKHY · ACECHANDO · Oz=0.0 link=— · manos_feria_informe.json
[RANGO] SKHYUSDT_LINEAL last=162.44 · río=WS · mercado=linear · estado=ACECHANDO · dir=— · 0=164.91 · Oz=— · Red=— · manos=ON · pos=flat · latido=1.50s
[RANGO] SKHYUSDT_LINEAL last=162.5 · río=WS · mercado=linear · estado=ACECHANDO · dir=— · 0=164.91 · Oz=— · Red=— · manos=ON · pos=flat · latido=1.50s
[RANGO] autosello SKHY · ACECHANDO · Oz=0.0 link=— · manos_feria_informe.json
[RANGO] SKHYUSDT_LINEAL last=162.52 · río=WS · mercado=linear · estado=ACECHANDO · dir=— · 0=164.91 · Oz=— · Red=— · manos=ON · pos=flat · latido=1.50s
[RANGO] autosello SKHY · ACECHANDO · Oz=0.0 link=— · manos_feria_informe.json
[RANGO] SKHYUSDT_LINEAL last=162.52 · río=WS · mercado=linear · estado=ACECHANDO · dir=— · 0=164.91 · Oz=— · Red=— · manos=ON · pos=flat · latido=1.50s
[RANGO] SKHYUSDT_LINEAL last=162.5 · río=WS · mercado=linear · estado=ACECHANDO · dir=— · 0=164.91 · Oz=— · Red=— · manos=ON · pos=flat · latido=1.50s
[2026-08-31 09:56:36] [TUSK] RECONCILIACIÓN: POWERUSDT_LINEAL: interno L:0.000000/S:645.000000 -> real L:0.000000/S:590.000000
[2026-08-31 09:56:36] [TUSK] RECONCILIACIÓN: ROSEUSDT_LINEAL: interno L:0.000000/S:0.000000 -> real L:0.000000/S:2258.000000
[2026-08-31 09:56:36] [TUSK] RECONCILIACIÓN_FANTASMA: LITUSDT_LINEAL existe interno pero no en exchange -> reseteando
[2026-08-31 09:56:36] [TUSK] RECONCILIACIÓN_OK: 3 frentes alineados con exchange
[RANGO] autosello SKHY · ACECHANDO · Oz=0.0 link=— · manos_feria_informe.json
[RANGO] SKHYUSDT_LINEAL last=162.49 · río=WS · mercado=linear · estado=ACECHANDO · dir=— · 0=164.91 · Oz=— · Red=— · manos=ON · pos=flat · latido=1.50s
[RANGO] autosello SKHY · ACECHANDO · Oz=0.0 link=— · manos_feria_informe.json
[RANGO] SKHYUSDT_LINEAL last=162.36 · río=WS · mercado=linear · estado=ACECHANDO · dir=— · 0=164.91 · Oz=— · Red=— · manos=ON · pos=flat · latido=1.50s
[RANGO] SKHYUSDT_LINEAL last=162.3 · río=WS · mercado=linear · estado=ACECHANDO · dir=— · 0=164.91 · Oz=— · Red=— · manos=ON · pos=flat · latido=1.50s
[RANGO] autosello SKHY · ACECHANDO · Oz=0.0 link=— · manos_feria_informe.json
[RANGO] SKHYUSDT_LINEAL last=162.21 · río=WS · mercado=linear · estado=ACECHANDO · dir=— · 0=164.91 · Oz=— · Red=— · manos=ON · pos=flat · latido=1.50s
[RANGO] autosello SKHY · ACECHANDO · Oz=0.0 link=— · manos_feria_informe.json
[RANGO] SKHYUSDT_LINEAL last=162.18 · río=WS · mercado=linear · estado=ACECHANDO · dir=— · 0=164.91 · Oz=— · Red=— · manos=ON · pos=flat · latido=1.50s
[RANGO] SKHYUSDT_LINEAL last=162.28 · río=WS · mercado=linear · estado=ACECHANDO · dir=— · 0=164.91 · Oz=— · Red=— · manos=ON · pos=flat · latido=1.50s
[2026-08-31 09:57:37] [TUSK] RECONCILIACIÓN: INTWUSDT_LINEAL: interno L:0.000000/S:0.000000 -> real L:2.680000/S:0.000000
[2026-08-31 09:57:37] [TUSK] RECONCILIACIÓN_FANTASMA: CHIPUSDT_LINEAL existe interno pero no en exchange -> reseteando
[2026-08-31 09:57:37] [TUSK] RECONCILIACIÓN_OK: 2 frentes alineados con exchange
[RANGO] autosello SKHY · ACECHANDO · Oz=0.0 link=— · manos_feria_informe.json
[RANGO] SKHYUSDT_LINEAL last=162.3 · río=WS · mercado=linear · estado=ACECHANDO · dir=— · 0=164.91 · Oz=— · Red=— · manos=ON · pos=flat · latido=1.50s
[RANGO] autosello SKHY · ACECHANDO · Oz=0.0 link=— · manos_feria_informe.json
[RANGO] SKHYUSDT_LINEAL last=162.36 · río=WS · mercado=linear · estado=ACECHANDO · dir=— · 0=164.91 · Oz=— · Red=— · manos=ON · pos=flat · latido=1.50s
[RANGO] SKHYUSDT_LINEAL last=162.34 · río=WS · mercado=linear · estado=ACECHANDO · dir=— · 0=164.91 · Oz=— · Red=— · manos=ON · pos=flat · latido=1.50s
[RANGO] autosello SKHY · ACECHANDO · Oz=0.0 link=— · manos_feria_informe.json
[RANGO] SKHYUSDT_LINEAL last=162.28 · río=WS · mercado=linear · estado=ACECHANDO · dir=— · 0=164.91 · Oz=— · Red=— · manos=ON · pos=flat · latido=1.50s
[RANGO] autosello SKHY · ACECHANDO · Oz=0.0 link=— · manos_feria_informe.json
[RANGO] SKHYUSDT_LINEAL last=162.26 · río=WS · mercado=linear · estado=ACECHANDO · dir=— · 0=164.91 · Oz=— · Red=— · manos=ON · pos=flat · latido=1.50s
[RANGO] SKHYUSDT_LINEAL last=162.26 · río=WS · mercado=linear · estado=ACECHANDO · dir=— · 0=164.91 · Oz=— · Red=— · manos=ON · pos=flat · latido=1.50s
[RANGO] autosello SKHY · ACECHANDO · Oz=0.0 link=— · manos_feria_informe.json
[2026-08-31 09:58:38] [TUSK] RECONCILIACIÓN: POWERUSDT_LINEAL: interno L:0.000000/S:590.000000 -> real L:0.000000/S:523.000000
[2026-08-31 09:58:38] [TUSK] RECONCILIACIÓN_OK: 1 frentes alineados con exchange
[RANGO] SKHYUSDT_LINEAL last=162.27 · río=WS · mercado=linear · estado=ACECHANDO · dir=— · 0=164.91 · Oz=— · Red=— · manos=ON · pos=flat · latido=1.50s
[RANGO] autosello SKHY · ACECHANDO · Oz=0.0 link=— · manos_feria_informe.json
[RANGO] SKHYUSDT_LINEAL last=162.18 · río=WS · mercado=linear · estado=ACECHANDO · dir=— · 0=164.91 · Oz=— · Red=— · manos=ON · pos=flat · latido=1.50s
[RANGO] SKHYUSDT_LINEAL last=162.31 · río=WS · mercado=linear · estado=ACECHANDO · dir=— · 0=164.91 · Oz=— · Red=— · manos=ON · pos=flat · latido=1.50s
[RANGO] autosello SKHY · ACECHANDO · Oz=0.0 link=— · manos_feria_informe.json
[RANGO] SKHYUSDT_LINEAL last=162.4 · río=WS · mercado=linear · estado=ACECHANDO · dir=— · 0=164.91 · Oz=— · Red=— · manos=ON · pos=flat · latido=1.50s
[RANGO] autosello SKHY · ACECHANDO · Oz=0.0 link=— · manos_feria_informe.json
[RANGO] SKHYUSDT_LINEAL last=162.39 · río=WS · mercado=linear · estado=ACECHANDO · dir=— · 0=164.91 · Oz=— · Red=— · manos=ON · pos=flat · latido=1.50s
[RANGO] SKHYUSDT_LINEAL last=162.41 · río=WS · mercado=linear · estado=ACECHANDO · dir=— · 0=164.91 · Oz=— · Red=— · manos=ON · pos=flat · latido=1.50s
[RANGO] autosello SKHY · ACECHANDO · Oz=0.0 link=— · manos_feria_informe.json
[2026-08-31 09:59:40] [TUSK] RECONCILIACIÓN: MVLLUSDT_LINEAL: interno L:0.000000/S:0.000000 -> real L:3.770000/S:0.000000
[2026-08-31 09:59:40] [TUSK] RECONCILIACIÓN_FANTASMA: NILUSDT_LINEAL existe interno pero no en exchange -> reseteando
[2026-08-31 09:59:40] [TUSK] RECONCILIACIÓN_OK: 2 frentes alineados con exchange
[RANGO] SKHYUSDT_LINEAL last=162.41 · río=WS · mercado=linear · estado=ACECHANDO · dir=— · 0=164.91 · Oz=— · Red=— · manos=ON · pos=flat · latido=1.50s
[RANGO] autosello SKHY · ACECHANDO · Oz=0.0 link=— · manos_feria_informe.json
[RANGO] SKHYUSDT_LINEAL last=162.41 · río=WS · mercado=linear · estado=ACECHANDO · dir=— · 0=164.91 · Oz=— · Red=— · manos=ON · pos=flat · latido=1.50s
[RANGO] SKHYUSDT_LINEAL last=162.41 · río=WS · mercado=linear · estado=ACECHANDO · dir=— · 0=164.91 · Oz=— · Red=— · manos=ON · pos=flat · latido=1.50s
[RANGO] autosello SKHY · ACECHANDO · Oz=0.0 link=— · manos_feria_informe.json
[RANGO] SKHYUSDT_LINEAL last=162.31 · río=WS · mercado=linear · estado=ACECHANDO · dir=— · 0=164.91 · Oz=— · Red=— · manos=ON · pos=flat · latido=1.50s
[RANGO] autosello SKHY · ACECHANDO · Oz=0.0 link=— · manos_feria_informe.json
[RANGO] SKHYUSDT_LINEAL last=162.38 · río=WS · mercado=linear · estado=ACECHANDO · dir=— · 0=164.91 · Oz=— · Red=— · manos=ON · pos=flat · latido=1.50s
[RANGO] SKHYUSDT_LINEAL last=162.21 · río=WS · mercado=linear · estado=ACECHANDO · dir=— · 0=164.91 · Oz=— · Red=— · manos=ON · pos=flat · latido=1.50s
[RANGO] autosello SKHY · ACECHANDO · Oz=0.0 link=— · manos_feria_informe.json
[2026-08-31 10:00:41] [TUSK] RECONCILIACIÓN: KNCUSDT_LINEAL: interno L:0.000000/S:0.000000 -> real L:354.100000/S:0.000000
[2026-08-31 10:00:41] [TUSK] RECONCILIACIÓN: LSKUSDT_LINEAL: interno L:0.000000/S:0.000000 -> real L:94.400000/S:0.000000
[2026-08-31 10:00:41] [TUSK] RECONCILIACIÓN: CRDOUSDT_LINEAL: interno L:0.000000/S:0.000000 -> real L:0.140000/S:0.000000
[2026-08-31 10:00:41] [TUSK] RECONCILIACIÓN: XLMUSDT_LINEAL: interno L:0.000000/S:0.000000 -> real L:334.000000/S:0.000000
[2026-08-31 10:00:41] [TUSK] RECONCILIACIÓN: BATUSDT_LINEAL: interno L:0.000000/S:0.000000 -> real L:277.700000/S:0.000000
[2026-08-31 10:00:41] [TUSK] RECONCILIACIÓN: DASHUSDT_LINEAL: interno L:0.000000/S:0.000000 -> real L:0.000000/S:0.340000
[2026-08-31 10:00:41] [TUSK] RECONCILIACIÓN: SPACEUSDT_LINEAL: interno L:0.000000/S:0.000000 -> real L:3640.000000/S:0.000000
[2026-08-31 10:00:41] [TUSK] RECONCILIACIÓN: HYUNDAIUSDT_LINEAL: interno L:0.000000/S:0.000000 -> real L:0.200000/S:0.000000
[2026-08-31 10:00:41] [TUSK] RECONCILIACIÓN: ORCLUSDT_LINEAL: interno L:0.000000/S:0.000000 -> real L:0.090000/S:0.000000
[2026-08-31 10:00:41] [TUSK] RECONCILIACIÓN: ZBCNUSDT_LINEAL: interno L:0.000000/S:0.000000 -> real L:9700.000000/S:0.000000
[2026-08-31 10:00:41] [TUSK] RECONCILIACIÓN: APLDUSDT_LINEAL: interno L:0.000000/S:0.000000 -> real L:0.880000/S:0.000000
[2026-08-31 10:00:41] [TUSK] RECONCILIACIÓN: WDCUSDT_LINEAL: interno L:0.000000/S:0.000000 -> real L:0.020000/S:0.000000
[2026-08-31 10:00:41] [TUSK] RECONCILIACIÓN: AIGENSYNUSDT_LINEAL: interno L:0.000000/S:0.000000 -> real L:1230.000000/S:0.000000
[2026-08-31 10:00:41] [TUSK] RECONCILIACIÓN: CIENUSDT_LINEAL: interno L:0.000000/S:0.000000 -> real L:0.020000/S:0.000000
[2026-08-31 10:00:41] [TUSK] RECONCILIACIÓN: INTCUSDT_LINEAL: interno L:0.000000/S:0.000000 -> real L:0.130000/S:0.000000
[2026-08-31 10:00:41] [TUSK] RECONCILIACIÓN: SAFEUSDT_LINEAL: interno L:0.000000/S:0.000000 -> real L:0.000000/S:46.600000
[2026-08-31 10:00:41] [TUSK] RECONCILIACIÓN_FANTASMA: SAMSUNGUSDT_LINEAL existe interno pero no en exchange -> reseteando
[2026-08-31 10:00:41] [TUSK] RECONCILIACIÓN_FANTASMA: PLTRUSDT_LINEAL existe interno pero no en exchange -> reseteando
[2026-08-31 10:00:41] [TUSK] RECONCILIACIÓN_FANTASMA: BIOUSDT_LINEAL existe interno pero no en exchange -> reseteando
[2026-08-31 10:00:41] [TUSK] RECONCILIACIÓN_FANTASMA: SNXXUSDT_LINEAL existe interno pero no en exchange -> reseteando
[2026-08-31 10:00:41] [TUSK] RECONCILIACIÓN_FANTASMA: MVLLUSDT_LINEAL existe interno pero no en exchange -> reseteando
[2026-08-31 10:00:41] [TUSK] RECONCILIACIÓN_FANTASMA: INTWUSDT_LINEAL existe interno pero no en exchange -> reseteando
[2026-08-31 10:00:41] [TUSK] RECONCILIACIÓN_FANTASMA: NBISUSDT_LINEAL existe interno pero no en exchange -> reseteando
[2026-08-31 10:00:41] [TUSK] RECONCILIACIÓN_FANTASMA: AXTIUSDT_LINEAL existe interno pero no en exchange -> reseteando
[2026-08-31 10:00:41] [TUSK] RECONCILIACIÓN_FANTASMA: ZKPUSDT_LINEAL existe interno pero no en exchange -> reseteando
[2026-08-31 10:00:41] [TUSK] RECONCILIACIÓN_FANTASMA: MSTRUSDT_LINEAL existe interno pero no en exchange -> reseteando
[2026-08-31 10:00:41] [TUSK] RECONCILIACIÓN_FANTASMA: PURRUSDT_LINEAL existe interno pero no en exchange -> reseteando
[2026-08-31 10:00:41] [TUSK] RECONCILIACIÓN_FANTASMA: MUBARAKUSDT_LINEAL existe interno pero no en exchange -> reseteando
[2026-08-31 10:00:41] [TUSK] RECONCILIACIÓN_FANTASMA: FWDIUSDT_LINEAL existe interno pero no en exchange -> reseteando
[2026-08-31 10:00:41] [TUSK] RECONCILIACIÓN_FANTASMA: SHAZUSDT_LINEAL existe interno pero no en exchange -> reseteando
[2026-08-31 10:00:41] [TUSK] RECONCILIACIÓN_FANTASMA: HYPEUSDT_LINEAL existe interno pero no en exchange -> reseteando
[2026-08-31 10:00:41] [TUSK] RECONCILIACIÓN_FANTASMA: ROSEUSDT_LINEAL existe interno pero no en exchange -> reseteando
[2026-08-31 10:00:41] [TUSK] RECONCILIACIÓN_OK: 32 frentes alineados con exchange
[RANGO] SKHYUSDT_LINEAL last=162.25 · río=WS · mercado=linear · estado=ACECHANDO · dir=— · 0=164.91 · Oz=— · Red=— · manos=ON · pos=flat · latido=1.50s
[RANGO] autosello SKHY · ACECHANDO · Oz=0.0 link=— · manos_feria_informe.json
[RANGO] SKHYUSDT_LINEAL last=162.32 · río=WS · mercado=linear · estado=ACECHANDO · dir=— · 0=164.91 · Oz=— · Red=— · manos=ON · pos=flat · latido=1.50s
[RANGO] SKHYUSDT_LINEAL last=162.27 · río=WS · mercado=linear · estado=ACECHANDO · dir=— · 0=164.91 · Oz=— · Red=— · manos=ON · pos=flat · latido=1.50s
[RANGO] autosello SKHY · ACECHANDO · Oz=0.0 link=— · manos_feria_informe.json
[RANGO] SKHYUSDT_LINEAL last=162.21 · río=WS · mercado=linear · estado=ACECHANDO · dir=— · 0=164.91 · Oz=— · Red=— · manos=ON · pos=flat · latido=1.50s
[RANGO] autosello SKHY · ACECHANDO · Oz=0.0 link=— · manos_feria_informe.json
[RANGO] SKHYUSDT_LINEAL last=162.18 · río=WS · mercado=linear · estado=ACECHANDO · dir=— · 0=164.91 · Oz=— · Red=— · manos=ON · pos=flat · latido=1.50s
[RANGO] SKHYUSDT_LINEAL last=162.23 · río=WS · mercado=linear · estado=ACECHANDO · dir=— · 0=164.91 · Oz=— · Red=— · manos=ON · pos=flat · latido=1.50s
[RANGO] autosello SKHY · ACECHANDO · Oz=0.0 link=— · manos_feria_informe.json
[2026-08-31 10:01:42] [TUSK] RECONCILIACIÓN: POWERUSDT_LINEAL: interno L:0.000000/S:523.000000 -> real L:0.000000/S:364.000000
[2026-08-31 10:01:42] [TUSK] RECONCILIACIÓN_OK: 1 frentes alineados con exchange
[RANGO] SKHYUSDT_LINEAL last=162.22 · río=WS · mercado=linear · estado=ACECHANDO · dir=— · 0=164.91 · Oz=— · Red=— · manos=ON · pos=flat · latido=1.50s
[RANGO] autosello SKHY · ACECHANDO · Oz=0.0 link=— · manos_feria_informe.json
[RANGO] SKHYUSDT_LINEAL last=162.28 · río=WS · mercado=linear · estado=ACECHANDO · dir=— · 0=164.91 · Oz=— · Red=— · manos=ON · pos=flat · latido=1.50s
[RANGO] SKHYUSDT_LINEAL last=162.32 · río=WS · mercado=linear · estado=ACECHANDO · dir=— · 0=164.91 · Oz=— · Red=— · manos=ON · pos=flat · latido=1.50s
[RANGO] autosello SKHY · ACECHANDO · Oz=0.0 link=— · manos_feria_informe.json
[RANGO] SKHYUSDT_LINEAL last=162.33 · río=WS · mercado=linear · estado=ACECHANDO · dir=— · 0=164.91 · Oz=— · Red=— · manos=ON · pos=flat · latido=1.50s
[RANGO] autosello SKHY · ACECHANDO · Oz=0.0 link=— · manos_feria_informe.json
[RANGO] SKHYUSDT_LINEAL last=162.39 · río=WS · mercado=linear · estado=ACECHANDO · dir=— · 0=164.91 · Oz=— · Red=— · manos=ON · pos=flat · latido=1.50s
[RANGO] SKHYUSDT_LINEAL last=162.38 · río=WS · mercado=linear · estado=ACECHANDO · dir=— · 0=164.91 · Oz=— · Red=— · manos=ON · pos=flat · latido=1.50s
[RANGO] autosello SKHY · ACECHANDO · Oz=0.0 link=— · manos_feria_informe.json
[2026-08-31 10:02:43] [TUSK] RECONCILIACIÓN: NBISUSDT_LINEAL: interno L:0.000000/S:0.000000 -> real L:0.000000/S:0.050000
[2026-08-31 10:02:43] [TUSK] RECONCILIACIÓN: RDWUSDT_LINEAL: interno L:0.000000/S:0.000000 -> real L:0.700000/S:0.000000
[2026-08-31 10:02:43] [TUSK] RECONCILIACIÓN_FANTASMA: INTCUSDT_LINEAL existe interno pero no en exchange -> reseteando
[2026-08-31 10:02:43] [TUSK] RECONCILIACIÓN_FANTASMA: SAFEUSDT_LINEAL existe interno pero no en exchange -> reseteando
[2026-08-31 10:02:43] [TUSK] RECONCILIACIÓN_OK: 4 frentes alineados con exchange
[RANGO] SKHYUSDT_LINEAL last=162.33 · río=WS · mercado=linear · estado=ACECHANDO · dir=— · 0=164.91 · Oz=— · Red=— · manos=ON · pos=flat · latido=1.50s
[RANGO] autosello SKHY · ACECHANDO · Oz=0.0 link=— · manos_feria_informe.json
[RANGO] SKHYUSDT_LINEAL last=162.29 · río=WS · mercado=linear · estado=ACECHANDO · dir=— · 0=164.91 · Oz=— · Red=— · manos=ON · pos=flat · latido=1.50s
[RANGO] SKHYUSDT_LINEAL last=162.21 · río=WS · mercado=linear · estado=ACECHANDO · dir=— · 0=164.91 · Oz=— · Red=— · manos=ON · pos=flat · latido=1.50s
[RANGO] autosello SKHY · ACECHANDO · Oz=0.0 link=— · manos_feria_informe.json
[RANGO] SKHYUSDT_LINEAL last=162.23 · río=WS · mercado=linear · estado=ACECHANDO · dir=— · 0=164.91 · Oz=— · Red=— · manos=ON · pos=flat · latido=1.50s
[RANGO] autosello SKHY · ACECHANDO · Oz=0.0 link=— · manos_feria_informe.json
[RANGO] SKHYUSDT_LINEAL last=162.23 · río=WS · mercado=linear · estado=ACECHANDO · dir=— · 0=164.91 · Oz=— · Red=— · manos=ON · pos=flat · latido=1.50s
[RANGO] SKHYUSDT_LINEAL last=162.25 · río=WS · mercado=linear · estado=ACECHANDO · dir=— · 0=164.91 · Oz=— · Red=— · manos=ON · pos=flat · latido=1.50s
[RANGO] autosello SKHY · ACECHANDO · Oz=0.0 link=— · manos_feria_informe.json
[2026-08-31 10:03:44] [TUSK] RECONCILIACIÓN: FWDIUSDT_LINEAL: interno L:0.000000/S:0.000000 -> real L:0.000000/S:5.100000
[2026-08-31 10:03:44] [TUSK] RECONCILIACIÓN_FANTASMA: CIENUSDT_LINEAL existe interno pero no en exchange -> reseteando
[2026-08-31 10:03:44] [TUSK] RECONCILIACIÓN_OK: 2 frentes alineados con exchange
[RANGO] SKHYUSDT_LINEAL last=162.24 · río=WS · mercado=linear · estado=ACECHANDO · dir=— · 0=164.91 · Oz=— · Red=— · manos=ON · pos=flat · latido=1.50s
[RANGO] autosello SKHY · ACECHANDO · Oz=0.0 link=— · manos_feria_informe.json
[RANGO] SKHYUSDT_LINEAL last=162.24 · río=WS · mercado=linear · estado=ACECHANDO · dir=— · 0=164.91 · Oz=— · Red=— · manos=ON · pos=flat · latido=1.50s
[RANGO] SKHYUSDT_LINEAL last=162.24 · río=WS · mercado=linear · estado=ACECHANDO · dir=— · 0=164.91 · Oz=— · Red=— · manos=ON · pos=flat · latido=1.50s
[RANGO] autosello SKHY · ACECHANDO · Oz=0.0 link=— · manos_feria_informe.json
[RANGO] SKHYUSDT_LINEAL last=162.22 · río=WS · mercado=linear · estado=ACECHANDO · dir=— · 0=164.91 · Oz=— · Red=— · manos=ON · pos=flat · latido=1.50s
[RANGO] autosello SKHY · ACECHANDO · Oz=0.0 link=— · manos_feria_informe.json
[RANGO] SKHYUSDT_LINEAL last=162.18 · río=WS · mercado=linear · estado=ACECHANDO · dir=— · 0=164.91 · Oz=— · Red=— · manos=ON · pos=flat · latido=1.50s
[RANGO] SKHYUSDT_LINEAL last=162.14 · río=WS · mercado=linear · estado=ACECHANDO · dir=— · 0=164.91 · Oz=— · Red=— · manos=ON · pos=flat · latido=1.50s
[RANGO] autosello SKHY · ACECHANDO · Oz=0.0 link=— · manos_feria_informe.json
[RANGO] SKHYUSDT_LINEAL last=162.13 · río=WS · mercado=linear · estado=ACECHANDO · dir=— · 0=164.91 · Oz=— · Red=— · manos=ON · pos=flat · latido=1.50s
[RANGO] autosello SKHY · ACECHANDO · Oz=0.0 link=— · manos_feria_informe.json
[RANGO] SKHYUSDT_LINEAL last=162.11 · río=WS · mercado=linear · estado=ACECHANDO · dir=— · 0=164.91 · Oz=— · Red=— · manos=ON · pos=flat · latido=1.50s
[RANGO] SKHYUSDT_LINEAL last=162.13 · río=WS · mercado=linear · estado=ACECHANDO · dir=— · 0=164.91 · Oz=— · Red=— · manos=ON · pos=flat · latido=1.50s
[RANGO] autosello SKHY · ACECHANDO · Oz=0.0 link=— · manos_feria_informe.json
[RANGO] SKHYUSDT_LINEAL last=162.18 · río=WS · mercado=linear · estado=ACECHANDO · dir=— · 0=164.91 · Oz=— · Red=— · manos=ON · pos=flat · latido=1.50s
[RANGO] autosello SKHY · ACECHANDO · Oz=0.0 link=— · manos_feria_informe.json
[RANGO] SKHYUSDT_LINEAL last=162.22 · río=WS · mercado=linear · estado=ACECHANDO · dir=— · 0=164.91 · Oz=— · Red=— · manos=ON · pos=flat · latido=1.50s
[RANGO] SKHYUSDT_LINEAL last=162.2 · río=WS · mercado=linear · estado=ACECHANDO · dir=— · 0=164.91 · Oz=— · Red=— · manos=ON · pos=flat · latido=1.50s
[RANGO] autosello SKHY · ACECHANDO · Oz=0.0 link=— · manos_feria_informe.json
[RANGO] SKHYUSDT_LINEAL last=162.18 · río=WS · mercado=linear · estado=ACECHANDO · dir=— · 0=164.91 · Oz=— · Red=— · manos=ON · pos=flat · latido=1.50s
[2026-08-31 10:05:47] [TUSK] RECONCILIACIÓN: NILUSDT_LINEAL: interno L:0.000000/S:0.000000 -> real L:222.000000/S:0.000000
[2026-08-31 10:05:47] [TUSK] RECONCILIACIÓN: KORUUSDT_LINEAL: interno L:0.000000/S:0.000000 -> real L:0.000000/S:4.620000
[2026-08-31 10:05:47] [TUSK] RECONCILIACIÓN: PLTRUSDT_LINEAL: interno L:0.000000/S:0.000000 -> real L:0.030000/S:0.000000
[2026-08-31 10:05:47] [TUSK] RECONCILIACIÓN_FANTASMA: WDCUSDT_LINEAL existe interno pero no en exchange -> reseteando
[2026-08-31 10:05:47] [TUSK] RECONCILIACIÓN_FANTASMA: SYRUPUSDT_LINEAL existe interno pero no en exchange -> reseteando
[2026-08-31 10:05:47] [TUSK] RECONCILIACIÓN_FANTASMA: AIGENSYNUSDT_LINEAL existe interno pero no en exchange -> reseteando
[2026-08-31 10:05:47] [TUSK] RECONCILIACIÓN_OK: 6 frentes alineados con exchange
[RANGO] autosello SKHY · ACECHANDO · Oz=0.0 link=— · manos_feria_informe.json
[RANGO] SKHYUSDT_LINEAL last=162.12 · río=WS · mercado=linear · estado=ACECHANDO · dir=— · 0=164.91 · Oz=— · Red=— · manos=ON · pos=flat · latido=1.50s
[RANGO] SKHYUSDT_LINEAL last=162.07 · río=WS · mercado=linear · estado=ACECHANDO · dir=— · 0=164.91 · Oz=— · Red=— · manos=ON · pos=flat · latido=1.50s
[RANGO] autosello SKHY · ACECHANDO · Oz=0.0 link=— · manos_feria_informe.json
[RANGO] SKHYUSDT_LINEAL last=162.15 · río=WS · mercado=linear · estado=ACECHANDO · dir=— · 0=164.91 · Oz=— · Red=— · manos=ON · pos=flat · latido=1.50s
[RANGO] autosello SKHY · ACECHANDO · Oz=0.0 link=— · manos_feria_informe.json
[RANGO] SKHYUSDT_LINEAL last=162.14 · río=WS · mercado=linear · estado=ACECHANDO · dir=— · 0=164.91 · Oz=— · Red=— · manos=ON · pos=flat · latido=1.50s
[RANGO] SKHYUSDT_LINEAL last=162.12 · río=WS · mercado=linear · estado=ACECHANDO · dir=— · 0=164.91 · Oz=— · Red=— · manos=ON · pos=flat · latido=1.50s
[RANGO] autosello SKHY · ACECHANDO · Oz=0.0 link=— · manos_feria_informe.json
[RANGO] SKHYUSDT_LINEAL last=162.11 · río=WS · mercado=linear · estado=ACECHANDO · dir=— · 0=164.91 · Oz=— · Red=— · manos=ON · pos=flat · latido=1.50s
[2026-08-31 10:06:48] [TUSK] RECONCILIACIÓN: TWTUSDT_LINEAL: interno L:0.000000/S:0.000000 -> real L:48.800000/S:0.000000
[2026-08-31 10:06:48] [TUSK] RECONCILIACIÓN: ZEREBROUSDT_LINEAL: interno L:0.000000/S:0.000000 -> real L:0.000000/S:556.000000
[2026-08-31 10:06:48] [TUSK] RECONCILIACIÓN_FANTASMA: ZBCNUSDT_LINEAL existe interno pero no en exchange -> reseteando
[2026-08-31 10:06:48] [TUSK] RECONCILIACIÓN_FANTASMA: APLDUSDT_LINEAL existe interno pero no en exchange -> reseteando
[2026-08-31 10:06:48] [TUSK] RECONCILIACIÓN_OK: 4 frentes alineados con exchange
[RANGO] autosello SKHY · ACECHANDO · Oz=0.0 link=— · manos_feria_informe.json
[RANGO] SKHYUSDT_LINEAL last=162.08 · río=WS · mercado=linear · estado=ACECHANDO · dir=— · 0=164.91 · Oz=— · Red=— · manos=ON · pos=flat · latido=1.50s
[RANGO] SKHYUSDT_LINEAL last=162.07 · río=WS · mercado=linear · estado=ACECHANDO · dir=— · 0=164.91 · Oz=— · Red=— · manos=ON · pos=flat · latido=1.50s
[RANGO] autosello SKHY · ACECHANDO · Oz=0.0 link=— · manos_feria_informe.json
[RANGO] SKHYUSDT_LINEAL last=162.06 · río=WS · mercado=linear · estado=ACECHANDO · dir=— · 0=164.91 · Oz=— · Red=— · manos=ON · pos=flat · latido=1.50s
[RANGO] autosello SKHY · ACECHANDO · Oz=0.0 link=— · manos_feria_informe.json
[RANGO] SKHYUSDT_LINEAL last=162.15 · río=WS · mercado=linear · estado=ACECHANDO · dir=— · 0=164.91 · Oz=— · Red=— · manos=ON · pos=flat · latido=1.50s
[RANGO] SKHYUSDT_LINEAL last=162.15 · río=WS · mercado=linear · estado=ACECHANDO · dir=— · 0=164.91 · Oz=— · Red=— · manos=ON · pos=flat · latido=1.50s
[RANGO] autosello SKHY · ACECHANDO · Oz=0.0 link=— · manos_feria_informe.json
[RANGO] SKHYUSDT_LINEAL last=162.08 · río=WS · mercado=linear · estado=ACECHANDO · dir=— · 0=164.91 · Oz=— · Red=— · manos=ON · pos=flat · latido=1.50s
[RANGO] autosello SKHY · ACECHANDO · Oz=0.0 link=— · manos_feria_informe.json
[RANGO] SKHYUSDT_LINEAL last=162.09 · río=WS · mercado=linear · estado=ACECHANDO · dir=— · 0=164.91 · Oz=— · Red=— · manos=ON · pos=flat · latido=1.50s
[RANGO] SKHYUSDT_LINEAL last=162.05 · río=WS · mercado=linear · estado=ACECHANDO · dir=— · 0=164.91 · Oz=— · Red=— · manos=ON · pos=flat · latido=1.50s
[RANGO] autosello SKHY · ACECHANDO · Oz=0.0 link=— · manos_feria_informe.json
[RANGO] SKHYUSDT_LINEAL last=162.06 · río=WS · mercado=linear · estado=ACECHANDO · dir=— · 0=164.91 · Oz=— · Red=— · manos=ON · pos=flat · latido=1.50s
[RANGO] autosello SKHY · ACECHANDO · Oz=0.0 link=— · manos_feria_informe.json
[RANGO] SKHYUSDT_LINEAL last=161.92 · río=WS · mercado=linear · estado=ACECHANDO · dir=— · 0=164.91 · Oz=— · Red=— · manos=ON · pos=flat · latido=1.50s
[RANGO] SKHYUSDT_LINEAL last=161.98 · río=WS · mercado=linear · estado=ACECHANDO · dir=— · 0=164.91 · Oz=— · Red=— · manos=ON · pos=flat · latido=1.50s
[RANGO] autosello SKHY · ACECHANDO · Oz=0.0 link=— · manos_feria_informe.json
[RANGO] SKHYUSDT_LINEAL last=161.97 · río=WS · mercado=linear · estado=ACECHANDO · dir=— · 0=164.91 · Oz=— · Red=— · manos=ON · pos=flat · latido=1.50s
[2026-08-31 10:08:50] [TUSK] RECONCILIACIÓN: XANUSDT_LINEAL: interno L:0.000000/S:982.000000 -> real L:0.000000/S:542.000000
[2026-08-31 10:08:50] [TUSK] RECONCILIACIÓN: SNXXUSDT_LINEAL: interno L:0.000000/S:0.000000 -> real L:7.610000/S:0.000000
[2026-08-31 10:08:50] [TUSK] RECONCILIACIÓN: POWERUSDT_LINEAL: interno L:0.000000/S:364.000000 -> real L:0.000000/S:307.000000
[2026-08-31 10:08:50] [TUSK] RECONCILIACIÓN_FANTASMA: ORCLUSDT_LINEAL existe interno pero no en exchange -> reseteando
[2026-08-31 10:08:50] [TUSK] RECONCILIACIÓN_OK: 4 frentes alineados con exchange
[RANGO] autosello SKHY · ACECHANDO · Oz=0.0 link=— · manos_feria_informe.json
[RANGO] SKHYUSDT_LINEAL last=161.89 · río=WS · mercado=linear · estado=ACECHANDO · dir=— · 0=164.91 · Oz=— · Red=— · manos=ON · pos=flat · latido=1.50s
[RANGO] SKHYUSDT_LINEAL last=162.0 · río=WS · mercado=linear · estado=ACECHANDO · dir=— · 0=164.91 · Oz=— · Red=— · manos=ON · pos=flat · latido=1.50s
[RANGO] autosello SKHY · ACECHANDO · Oz=0.0 link=— · manos_feria_informe.json
[RANGO] SKHYUSDT_LINEAL last=162.01 · río=WS · mercado=linear · estado=ACECHANDO · dir=— · 0=164.91 · Oz=— · Red=— · manos=ON · pos=flat · latido=1.50s
[RANGO] autosello SKHY · ACECHANDO · Oz=0.0 link=— · manos_feria_informe.json
[RANGO] SKHYUSDT_LINEAL last=161.99 · río=WS · mercado=linear · estado=ACECHANDO · dir=— · 0=164.91 · Oz=— · Red=— · manos=ON · pos=flat · latido=1.50s
[RANGO] SKHYUSDT_LINEAL last=162.01 · río=WS · mercado=linear · estado=ACECHANDO · dir=— · 0=164.91 · Oz=— · Red=— · manos=ON · pos=flat · latido=1.50s
[RANGO] autosello SKHY · ACECHANDO · Oz=0.0 link=— · manos_feria_informe.json
[RANGO] SKHYUSDT_LINEAL last=162.0 · río=WS · mercado=linear · estado=ACECHANDO · dir=— · 0=164.91 · Oz=— · Red=— · manos=ON · pos=flat · latido=1.50s
[2026-08-31 10:09:51] [TUSK] RECONCILIACIÓN: CHIPUSDT_LINEAL: interno L:0.000000/S:0.000000 -> real L:390.000000/S:0.000000
[2026-08-31 10:09:51] [TUSK] RECONCILIACIÓN: AXTIUSDT_LINEAL: interno L:0.000000/S:0.000000 -> real L:1.690000/S:0.000000
[2026-08-31 10:09:51] [TUSK] RECONCILIACIÓN_FANTASMA: SPACEUSDT_LINEAL existe interno pero no en exchange -> reseteando
[2026-08-31 10:09:51] [TUSK] RECONCILIACIÓN_FANTASMA: HYUNDAIUSDT_LINEAL existe interno pero no en exchange -> reseteando
[2026-08-31 10:09:51] [TUSK] RECONCILIACIÓN_OK: 4 frentes alineados con exchange
[RANGO] autosello SKHY · ACECHANDO · Oz=0.0 link=— · manos_feria_informe.json
[RANGO] SKHYUSDT_LINEAL last=162.01 · río=WS · mercado=linear · estado=ACECHANDO · dir=— · 0=164.91 · Oz=— · Red=— · manos=ON · pos=flat · latido=1.50s
[RANGO] SKHYUSDT_LINEAL last=161.98 · río=WS · mercado=linear · estado=ACECHANDO · dir=— · 0=164.91 · Oz=— · Red=— · manos=ON · pos=flat · latido=1.50s
[RANGO] autosello SKHY · ACECHANDO · Oz=0.0 link=— · manos_feria_informe.json
[RANGO] SKHYUSDT_LINEAL last=161.97 · río=WS · mercado=linear · estado=ACECHANDO · dir=— · 0=164.91 · Oz=— · Red=— · manos=ON · pos=flat · latido=1.50s
[RANGO] autosello SKHY · ACECHANDO · Oz=0.0 link=— · manos_feria_informe.json
[RANGO] SKHYUSDT_LINEAL last=162.13 · río=WS · mercado=linear · estado=ACECHANDO · dir=— · 0=164.91 · Oz=— · Red=— · manos=ON · pos=flat · latido=1.50s
[RANGO] SKHYUSDT_LINEAL last=162.08 · río=WS · mercado=linear · estado=ACECHANDO · dir=— · 0=164.91 · Oz=— · Red=— · manos=ON · pos=flat · latido=1.50s
[RANGO] autosello SKHY · ACECHANDO · Oz=0.0 link=— · manos_feria_informe.json
[RANGO] SKHYUSDT_LINEAL last=162.15 · río=WS · mercado=linear · estado=ACECHANDO · dir=— · 0=164.91 · Oz=— · Red=— · manos=ON · pos=flat · latido=1.50s
[2026-08-31 10:10:52] [TUSK] RECONCILIACIÓN: ZEREBROUSDT_LINEAL: interno L:0.000000/S:556.000000 -> real L:0.000000/S:686.000000
[2026-08-31 10:10:52] [TUSK] RECONCILIACIÓN: VVVUSDT_LINEAL: interno L:0.000000/S:0.000000 -> real L:2.880000/S:0.000000
[2026-08-31 10:10:52] [TUSK] RECONCILIACIÓN_FANTASMA: DASHUSDT_LINEAL existe interno pero no en exchange -> reseteando
[2026-08-31 10:10:52] [TUSK] RECONCILIACIÓN_OK: 3 frentes alineados con exchange
[RANGO] autosello SKHY · ACECHANDO · Oz=0.0 link=— · manos_feria_informe.json
[RANGO] SKHYUSDT_LINEAL last=162.21 · río=WS · mercado=linear · estado=ACECHANDO · dir=— · 0=164.91 · Oz=— · Red=— · manos=ON · pos=flat · latido=1.50s
[RANGO] SKHYUSDT_LINEAL last=162.23 · río=WS · mercado=linear · estado=ACECHANDO · dir=— · 0=164.91 · Oz=— · Red=— · manos=ON · pos=flat · latido=1.50s
[RANGO] autosello SKHY · ACECHANDO · Oz=0.0 link=— · manos_feria_informe.json
[RANGO] SKHYUSDT_LINEAL last=162.2 · río=WS · mercado=linear · estado=ACECHANDO · dir=— · 0=164.91 · Oz=— · Red=— · manos=ON · pos=flat · latido=1.50s
[RANGO] autosello SKHY · ACECHANDO · Oz=0.0 link=— · manos_feria_informe.json
[RANGO] SKHYUSDT_LINEAL last=162.11 · río=WS · mercado=linear · estado=ACECHANDO · dir=— · 0=164.91 · Oz=— · Red=— · manos=ON · pos=flat · latido=1.50s
[RANGO] SKHYUSDT_LINEAL last=162.15 · río=WS · mercado=linear · estado=ACECHANDO · dir=— · 0=164.91 · Oz=— · Red=— · manos=ON · pos=flat · latido=1.50s
[RANGO] autosello SKHY · ACECHANDO · Oz=0.0 link=— · manos_feria_informe.json
[RANGO] SKHYUSDT_LINEAL last=162.15 · río=WS · mercado=linear · estado=ACECHANDO · dir=— · 0=164.91 · Oz=— · Red=— · manos=ON · pos=flat · latido=1.50s
[RANGO] autosello SKHY · ACECHANDO · Oz=0.0 link=— · manos_feria_informe.json
[RANGO] SKHYUSDT_LINEAL last=162.28 · río=WS · mercado=linear · estado=ACECHANDO · dir=— · 0=164.91 · Oz=— · Red=— · manos=ON · pos=flat · latido=1.50s
[RANGO] SKHYUSDT_LINEAL last=162.28 · río=WS · mercado=linear · estado=ACECHANDO · dir=— · 0=164.91 · Oz=— · Red=— · manos=ON · pos=flat · latido=1.50s
[RANGO] autosello SKHY · ACECHANDO · Oz=0.0 link=— · manos_feria_informe.json
[RANGO] SKHYUSDT_LINEAL last=162.29 · río=WS · mercado=linear · estado=ACECHANDO · dir=— · 0=164.91 · Oz=— · Red=— · manos=ON · pos=flat · latido=1.50s
[RANGO] autosello SKHY · ACECHANDO · Oz=0.0 link=— · manos_feria_informe.json
[RANGO] SKHYUSDT_LINEAL last=162.38 · río=WS · mercado=linear · estado=ACECHANDO · dir=— · 0=164.91 · Oz=— · Red=— · manos=ON · pos=flat · latido=1.50s
[RANGO] SKHYUSDT_LINEAL last=162.31 · río=WS · mercado=linear · estado=ACECHANDO · dir=— · 0=164.91 · Oz=— · Red=— · manos=ON · pos=flat · latido=1.50s
[RANGO] autosello SKHY · ACECHANDO · Oz=0.0 link=— · manos_feria_informe.json
[RANGO] SKHYUSDT_LINEAL last=162.19 · río=WS · mercado=linear · estado=ACECHANDO · dir=— · 0=164.91 · Oz=— · Red=— · manos=ON · pos=flat · latido=1.50s
[RANGO] autosello SKHY · ACECHANDO · Oz=0.0 link=— · manos_feria_informe.json
[2026-08-31 10:12:55] [TUSK] RECONCILIACIÓN: FWDIUSDT_LINEAL: interno L:0.000000/S:5.100000 -> real L:0.000000/S:6.000000
[2026-08-31 10:12:55] [TUSK] RECONCILIACIÓN_OK: 1 frentes alineados con exchange
[RANGO] SKHYUSDT_LINEAL last=162.12 · río=WS · mercado=linear · estado=ACECHANDO · dir=— · 0=164.91 · Oz=— · Red=— · manos=ON · pos=flat · latido=1.50s
[RANGO] SKHYUSDT_LINEAL last=162.05 · río=WS · mercado=linear · estado=ACECHANDO · dir=— · 0=164.91 · Oz=— · Red=— · manos=ON · pos=flat · latido=1.50s
[RANGO] autosello SKHY · ACECHANDO · Oz=0.0 link=— · manos_feria_informe.json
[RANGO] SKHYUSDT_LINEAL last=162.13 · río=WS · mercado=linear · estado=ACECHANDO · dir=— · 0=164.91 · Oz=— · Red=— · manos=ON · pos=flat · latido=1.50s
[RANGO] autosello SKHY · ACECHANDO · Oz=0.0 link=— · manos_feria_informe.json
[RANGO] SKHYUSDT_LINEAL last=162.07 · río=WS · mercado=linear · estado=ACECHANDO · dir=— · 0=164.91 · Oz=— · Red=— · manos=ON · pos=flat · latido=1.50s
[RANGO] SKHYUSDT_LINEAL last=162.07 · río=WS · mercado=linear · estado=ACECHANDO · dir=— · 0=164.91 · Oz=— · Red=— · manos=ON · pos=flat · latido=1.50s
[RANGO] autosello SKHY · ACECHANDO · Oz=0.0 link=— · manos_feria_informe.json
[RANGO] SKHYUSDT_LINEAL last=162.03 · río=WS · mercado=linear · estado=ACECHANDO · dir=— · 0=164.91 · Oz=— · Red=— · manos=ON · pos=flat · latido=1.50s
[RANGO] autosello SKHY · ACECHANDO · Oz=0.0 link=— · manos_feria_informe.json
[2026-08-31 10:13:56] [TUSK] RECONCILIACIÓN: TSLLUSDT_LINEAL: interno L:0.000000/S:0.000000 -> real L:0.120000/S:0.000000
[2026-08-31 10:13:56] [TUSK] RECONCILIACIÓN: FWDIUSDT_LINEAL: interno L:0.000000/S:6.000000 -> real L:0.000000/S:6.900000
[2026-08-31 10:13:56] [TUSK] RECONCILIACIÓN_FANTASMA: COTIUSDT_LINEAL existe interno pero no en exchange -> reseteando
[2026-08-31 10:13:56] [TUSK] RECONCILIACIÓN_OK: 3 frentes alineados con exchange
[RANGO] SKHYUSDT_LINEAL last=162.06 · río=WS · mercado=linear · estado=ACECHANDO · dir=— · 0=164.91 · Oz=— · Red=— · manos=ON · pos=flat · latido=1.50s
[RANGO] SKHYUSDT_LINEAL last=162.15 · río=WS · mercado=linear · estado=ACECHANDO · dir=— · 0=164.91 · Oz=— · Red=— · manos=ON · pos=flat · latido=1.50s
[RANGO] autosello SKHY · ACECHANDO · Oz=0.0 link=— · manos_feria_informe.json
[RANGO] SKHYUSDT_LINEAL last=162.1 · río=WS · mercado=linear · estado=ACECHANDO · dir=— · 0=164.91 · Oz=— · Red=— · manos=ON · pos=flat · latido=1.50s
[RANGO] autosello SKHY · ACECHANDO · Oz=0.0 link=— · manos_feria_informe.json
[RANGO] SKHYUSDT_LINEAL last=162.07 · río=WS · mercado=linear · estado=ACECHANDO · dir=— · 0=164.91 · Oz=— · Red=— · manos=ON · pos=flat · latido=1.50s
[RANGO] SKHYUSDT_LINEAL last=162.08 · río=WS · mercado=linear · estado=ACECHANDO · dir=— · 0=164.91 · Oz=— · Red=— · manos=ON · pos=flat · latido=1.50s
[RANGO] autosello SKHY · ACECHANDO · Oz=0.0 link=— · manos_feria_informe.json
[RANGO] SKHYUSDT_LINEAL last=162.16 · río=WS · mercado=linear · estado=ACECHANDO · dir=— · 0=164.91 · Oz=— · Red=— · manos=ON · pos=flat · latido=1.50s
[RANGO] autosello SKHY · ACECHANDO · Oz=0.0 link=— · manos_feria_informe.json
[RANGO] SKHYUSDT_LINEAL last=162.17 · río=WS · mercado=linear · estado=ACECHANDO · dir=— · 0=164.91 · Oz=— · Red=— · manos=ON · pos=flat · latido=1.50s
[2026-08-31 10:14:57] [TUSK] RECONCILIACIÓN: SNXXUSDT_LINEAL: interno L:7.610000/S:0.000000 -> real L:8.080000/S:0.000000
[2026-08-31 10:14:57] [TUSK] RECONCILIACIÓN_OK: 1 frentes alineados con exchange
[RANGO] SKHYUSDT_LINEAL last=162.18 · río=WS · mercado=linear · estado=ACECHANDO · dir=— · 0=164.91 · Oz=— · Red=— · manos=ON · pos=flat · latido=1.50s
[RANGO] autosello SKHY · ACECHANDO · Oz=0.0 link=— · manos_feria_informe.json
[RANGO] SKHYUSDT_LINEAL last=162.17 · río=WS · mercado=linear · estado=ACECHANDO · dir=— · 0=164.91 · Oz=— · Red=— · manos=ON · pos=flat · latido=1.50s
[RANGO] autosello SKHY · ACECHANDO · Oz=0.0 link=— · manos_feria_informe.json
[RANGO] SKHYUSDT_LINEAL last=162.26 · río=WS · mercado=linear · estado=ACECHANDO · dir=— · 0=164.91 · Oz=— · Red=— · manos=ON · pos=flat · latido=1.50s
[RANGO] SKHYUSDT_LINEAL last=162.33 · río=WS · mercado=linear · estado=ACECHANDO · dir=— · 0=164.91 · Oz=— · Red=— · manos=ON · pos=flat · latido=1.50s
[RANGO] autosello SKHY · ACECHANDO · Oz=0.0 link=— · manos_feria_informe.json
[RANGO] SKHYUSDT_LINEAL last=162.36 · río=WS · mercado=linear · estado=ACECHANDO · dir=— · 0=164.91 · Oz=— · Red=— · manos=ON · pos=flat · latido=1.50s
[RANGO] autosello SKHY · ACECHANDO · Oz=0.0 link=— · manos_feria_informe.json
[RANGO] SKHYUSDT_LINEAL last=162.34 · río=WS · mercado=linear · estado=ACECHANDO · dir=— · 0=164.91 · Oz=— · Red=— · manos=ON · pos=flat · latido=1.50s
[2026-08-31 10:15:58] [TUSK] RECONCILIACIÓN: UNIUSDT_LINEAL: interno L:0.000000/S:0.000000 -> real L:1.100000/S:0.000000
[2026-08-31 10:15:58] [TUSK] RECONCILIACIÓN_FANTASMA: BATUSDT_LINEAL existe interno pero no en exchange -> reseteando
[2026-08-31 10:15:58] [TUSK] RECONCILIACIÓN_OK: 2 frentes alineados con exchange
[RANGO] SKHYUSDT_LINEAL last=162.32 · río=WS · mercado=linear · estado=ACECHANDO · dir=— · 0=164.91 · Oz=— · Red=— · manos=ON · pos=flat · latido=1.50s
[RANGO] autosello SKHY · ACECHANDO · Oz=0.0 link=— · manos_feria_informe.json
[RANGO] SKHYUSDT_LINEAL last=162.31 · río=WS · mercado=linear · estado=ACECHANDO · dir=— · 0=164.91 · Oz=— · Red=— · manos=ON · pos=flat · latido=1.50s
[RANGO] autosello SKHY · ACECHANDO · Oz=0.0 link=— · manos_feria_informe.json
[RANGO] SKHYUSDT_LINEAL last=162.31 · río=WS · mercado=linear · estado=ACECHANDO · dir=— · 0=164.91 · Oz=— · Red=— · manos=ON · pos=flat · latido=1.50s
[RANGO] SKHYUSDT_LINEAL last=162.34 · río=WS · mercado=linear · estado=ACECHANDO · dir=— · 0=164.91 · Oz=— · Red=— · manos=ON · pos=flat · latido=1.50s
[RANGO] autosello SKHY · ACECHANDO · Oz=0.0 link=— · manos_feria_informe.json
[RANGO] SKHYUSDT_LINEAL last=162.33 · río=WS · mercado=linear · estado=ACECHANDO · dir=— · 0=164.91 · Oz=— · Red=— · manos=ON · pos=flat · latido=1.50s
[RANGO] autosello SKHY · ACECHANDO · Oz=0.0 link=— · manos_feria_informe.json
[RANGO] SKHYUSDT_LINEAL last=162.33 · río=WS · mercado=linear · estado=ACECHANDO · dir=— · 0=164.91 · Oz=— · Red=— · manos=ON · pos=flat · latido=1.50s
[RANGO] SKHYUSDT_LINEAL last=162.33 · río=WS · mercado=linear · estado=ACECHANDO · dir=— · 0=164.91 · Oz=— · Red=— · manos=ON · pos=flat · latido=1.50s
[RANGO] autosello SKHY · ACECHANDO · Oz=0.0 link=— · manos_feria_informe.json
[RANGO] SKHYUSDT_LINEAL last=162.3 · río=WS · mercado=linear · estado=ACECHANDO · dir=— · 0=164.91 · Oz=— · Red=— · manos=ON · pos=flat · latido=1.50s
[RANGO] autosello SKHY · ACECHANDO · Oz=0.0 link=— · manos_feria_informe.json
[RANGO] SKHYUSDT_LINEAL last=162.25 · río=WS · mercado=linear · estado=ACECHANDO · dir=— · 0=164.91 · Oz=— · Red=— · manos=ON · pos=flat · latido=1.50s
[RANGO] SKHYUSDT_LINEAL last=162.25 · río=WS · mercado=linear · estado=ACECHANDO · dir=— · 0=164.91 · Oz=— · Red=— · manos=ON · pos=flat · latido=1.50s
[RANGO] autosello SKHY · ACECHANDO · Oz=0.0 link=— · manos_feria_informe.json
[RANGO] SKHYUSDT_LINEAL last=162.22 · río=WS · mercado=linear · estado=ACECHANDO · dir=— · 0=164.91 · Oz=— · Red=— · manos=ON · pos=flat · latido=1.50s
[RANGO] autosello SKHY · ACECHANDO · Oz=0.0 link=— · manos_feria_informe.json
[RANGO] SKHYUSDT_LINEAL last=162.23 · río=WS · mercado=linear · estado=ACECHANDO · dir=— · 0=164.91 · Oz=— · Red=— · manos=ON · pos=flat · latido=1.50s
[2026-08-31 10:18:01] [TUSK] RECONCILIACIÓN: OUSDT_LINEAL: interno L:0.000000/S:0.000000 -> real L:0.000000/S:34.000000
[2026-08-31 10:18:01] [TUSK] RECONCILIACIÓN_FANTASMA: XLMUSDT_LINEAL existe interno pero no en exchange -> reseteando
[2026-08-31 10:18:01] [TUSK] RECONCILIACIÓN_OK: 2 frentes alineados con exchange
[RANGO] SKHYUSDT_LINEAL last=162.27 · río=WS · mercado=linear · estado=ACECHANDO · dir=— · 0=164.91 · Oz=— · Red=— · manos=ON · pos=flat · latido=1.50s
[RANGO] autosello SKHY · ACECHANDO · Oz=0.0 link=— · manos_feria_informe.json
[RANGO] SKHYUSDT_LINEAL last=162.22 · río=WS · mercado=linear · estado=ACECHANDO · dir=— · 0=164.91 · Oz=— · Red=— · manos=ON · pos=flat · latido=1.50s
[RANGO] autosello SKHY · ACECHANDO · Oz=0.0 link=— · manos_feria_informe.json
[RANGO] SKHYUSDT_LINEAL last=162.19 · río=WS · mercado=linear · estado=ACECHANDO · dir=— · 0=164.91 · Oz=— · Red=— · manos=ON · pos=flat · latido=1.50s
[RANGO] SKHYUSDT_LINEAL last=162.22 · río=WS · mercado=linear · estado=ACECHANDO · dir=— · 0=164.91 · Oz=— · Red=— · manos=ON · pos=flat · latido=1.50s
[RANGO] autosello SKHY · ACECHANDO · Oz=0.0 link=— · manos_feria_informe.json
[RANGO] SKHYUSDT_LINEAL last=162.18 · río=WS · mercado=linear · estado=ACECHANDO · dir=— · 0=164.91 · Oz=— · Red=— · manos=ON · pos=flat · latido=1.50s
[RANGO] autosello SKHY · ACECHANDO · Oz=0.0 link=— · manos_feria_informe.json
[RANGO] SKHYUSDT_LINEAL last=162.2 · río=WS · mercado=linear · estado=ACECHANDO · dir=— · 0=164.91 · Oz=— · Red=— · manos=ON · pos=flat · latido=1.50s
[RANGO] SKHYUSDT_LINEAL last=162.18 · río=WS · mercado=linear · estado=ACECHANDO · dir=— · 0=164.91 · Oz=— · Red=— · manos=ON · pos=flat · latido=1.50s
[RANGO] autosello SKHY · ACECHANDO · Oz=0.0 link=— · manos_feria_informe.json
[RANGO] SKHYUSDT_LINEAL last=162.23 · río=WS · mercado=linear · estado=ACECHANDO · dir=— · 0=164.91 · Oz=— · Red=— · manos=ON · pos=flat · latido=1.50s
[RANGO] autosello SKHY · ACECHANDO · Oz=0.0 link=— · manos_feria_informe.json
[RANGO] SKHYUSDT_LINEAL last=162.31 · río=WS · mercado=linear · estado=ACECHANDO · dir=— · 0=164.91 · Oz=— · Red=— · manos=ON · pos=flat · latido=1.50s
[RANGO] SKHYUSDT_LINEAL last=162.37 · río=WS · mercado=linear · estado=ACECHANDO · dir=— · 0=164.91 · Oz=— · Red=— · manos=ON · pos=flat · latido=1.50s
[RANGO] autosello SKHY · ACECHANDO · Oz=0.0 link=— · manos_feria_informe.json
[RANGO] SKHYUSDT_LINEAL last=162.35 · río=WS · mercado=linear · estado=ACECHANDO · dir=— · 0=164.91 · Oz=— · Red=— · manos=ON · pos=flat · latido=1.50s
[RANGO] autosello SKHY · ACECHANDO · Oz=0.0 link=— · manos_feria_informe.json
[RANGO] SKHYUSDT_LINEAL last=162.43 · río=WS · mercado=linear · estado=ACECHANDO · dir=— · 0=164.91 · Oz=— · Red=— · manos=ON · pos=flat · latido=1.50s
[2026-08-31 10:20:03] [TUSK] RECONCILIACIÓN: POWERUSDT_LINEAL: interno L:0.000000/S:307.000000 -> real L:0.000000/S:249.000000
[2026-08-31 10:20:03] [TUSK] RECONCILIACIÓN_OK: 1 frentes alineados con exchange
[RANGO] SKHYUSDT_LINEAL last=162.47 · río=WS · mercado=linear · estado=ACECHANDO · dir=— · 0=164.91 · Oz=— · Red=— · manos=ON · pos=flat · latido=1.50s
[RANGO] autosello SKHY · ACECHANDO · Oz=0.0 link=— · manos_feria_informe.json
[RANGO] SKHYUSDT_LINEAL last=162.47 · río=WS · mercado=linear · estado=ACECHANDO · dir=— · 0=164.91 · Oz=— · Red=— · manos=ON · pos=flat · latido=1.50s
[RANGO] autosello SKHY · ACECHANDO · Oz=0.0 link=— · manos_feria_informe.json
[RANGO] SKHYUSDT_LINEAL last=162.47 · río=WS · mercado=linear · estado=ACECHANDO · dir=— · 0=164.91 · Oz=— · Red=— · manos=ON · pos=flat · latido=1.50s
[RANGO] SKHYUSDT_LINEAL last=162.45 · río=WS · mercado=linear · estado=ACECHANDO · dir=— · 0=164.91 · Oz=— · Red=— · manos=ON · pos=flat · latido=1.50s
[RANGO] autosello SKHY · ACECHANDO · Oz=0.0 link=— · manos_feria_informe.json
[RANGO] SKHYUSDT_LINEAL last=162.41 · río=WS · mercado=linear · estado=ACECHANDO · dir=— · 0=164.91 · Oz=— · Red=— · manos=ON · pos=flat · latido=1.50s
[RANGO] autosello SKHY · ACECHANDO · Oz=0.0 link=— · manos_feria_informe.json
[RANGO] SKHYUSDT_LINEAL last=162.31 · río=WS · mercado=linear · estado=ACECHANDO · dir=— · 0=164.91 · Oz=— · Red=— · manos=ON · pos=flat · latido=1.50s
[2026-08-31 10:21:04] [TUSK] RECONCILIACIÓN: STXXUSDT_LINEAL: interno L:0.000000/S:0.000000 -> real L:0.014000/S:0.000000
[2026-08-31 10:21:04] [TUSK] RECONCILIACIÓN_FANTASMA: CRDOUSDT_LINEAL existe interno pero no en exchange -> reseteando
[2026-08-31 10:21:04] [TUSK] RECONCILIACIÓN_OK: 2 frentes alineados con exchange
[RANGO] SKHYUSDT_LINEAL last=162.28 · río=WS · mercado=linear · estado=ACECHANDO · dir=— · 0=164.91 · Oz=— · Red=— · manos=ON · pos=flat · latido=1.50s
[RANGO] autosello SKHY · ACECHANDO · Oz=0.0 link=— · manos_feria_informe.json
[RANGO] SKHYUSDT_LINEAL last=162.31 · río=WS · mercado=linear · estado=ACECHANDO · dir=— · 0=164.91 · Oz=— · Red=— · manos=ON · pos=flat · latido=1.50s
[RANGO] autosello SKHY · ACECHANDO · Oz=0.0 link=— · manos_feria_informe.json
[RANGO] SKHYUSDT_LINEAL last=162.28 · río=WS · mercado=linear · estado=ACECHANDO · dir=— · 0=164.91 · Oz=— · Red=— · manos=ON · pos=flat · latido=1.50s
[RANGO] SKHYUSDT_LINEAL last=162.28 · río=WS · mercado=linear · estado=ACECHANDO · dir=— · 0=164.91 · Oz=— · Red=— · manos=ON · pos=flat · latido=1.50s
[RANGO] autosello SKHY · ACECHANDO · Oz=0.0 link=— · manos_feria_informe.json
[RANGO] SKHYUSDT_LINEAL last=162.39 · río=WS · mercado=linear · estado=ACECHANDO · dir=— · 0=164.91 · Oz=— · Red=— · manos=ON · pos=flat · latido=1.50s
[RANGO] autosello SKHY · ACECHANDO · Oz=0.0 link=— · manos_feria_informe.json
[RANGO] SKHYUSDT_LINEAL last=162.48 · río=WS · mercado=linear · estado=ACECHANDO · dir=— · 0=164.91 · Oz=— · Red=— · manos=ON · pos=flat · latido=1.50s
[2026-08-31 10:22:05] [TUSK] RECONCILIACIÓN: DASHUSDT_LINEAL: interno L:0.000000/S:0.000000 -> real L:0.000000/S:0.460000
[2026-08-31 10:22:05] [TUSK] RECONCILIACIÓN: CRCLUSDT_LINEAL: interno L:0.000000/S:0.000000 -> real L:0.290000/S:0.000000
[2026-08-31 10:22:05] [TUSK] RECONCILIACIÓN: XANUSDT_LINEAL: interno L:0.000000/S:542.000000 -> real L:0.000000/S:171.000000
[2026-08-31 10:22:05] [TUSK] RECONCILIACIÓN_FANTASMA: LSKUSDT_LINEAL existe interno pero no en exchange -> reseteando
[2026-08-31 10:22:05] [TUSK] RECONCILIACIÓN_FANTASMA: RDWUSDT_LINEAL existe interno pero no en exchange -> reseteando
[2026-08-31 10:22:05] [TUSK] RECONCILIACIÓN_OK: 5 frentes alineados con exchange
[RANGO] SKHYUSDT_LINEAL last=162.49 · río=WS · mercado=linear · estado=ACECHANDO · dir=— · 0=164.91 · Oz=— · Red=— · manos=ON · pos=flat · latido=1.50s
[RANGO] autosello SKHY · ACECHANDO · Oz=0.0 link=— · manos_feria_informe.json
[RANGO] SKHYUSDT_LINEAL last=162.55 · río=WS · mercado=linear · estado=ACECHANDO · dir=— · 0=164.91 · Oz=— · Red=— · manos=ON · pos=flat · latido=1.50s
[RANGO] autosello SKHY · ACECHANDO · Oz=0.0 link=— · manos_feria_informe.json
[RANGO] SKHYUSDT_LINEAL last=162.51 · río=WS · mercado=linear · estado=ACECHANDO · dir=— · 0=164.91 · Oz=— · Red=— · manos=ON · pos=flat · latido=1.50s
[RANGO] SKHYUSDT_LINEAL last=162.52 · río=WS · mercado=linear · estado=ACECHANDO · dir=— · 0=164.91 · Oz=— · Red=— · manos=ON · pos=flat · latido=1.50s
[RANGO] autosello SKHY · ACECHANDO · Oz=0.0 link=— · manos_feria_informe.json
[RANGO] SKHYUSDT_LINEAL last=162.56 · río=WS · mercado=linear · estado=ACECHANDO · dir=— · 0=164.91 · Oz=— · Red=— · manos=ON · pos=flat · latido=1.50s
[RANGO] autosello SKHY · ACECHANDO · Oz=0.0 link=— · manos_feria_informe.json
[RANGO] SKHYUSDT_LINEAL last=162.63 · río=WS · mercado=linear · estado=ACECHANDO · dir=— · 0=164.91 · Oz=— · Red=— · manos=ON · pos=flat · latido=1.50s
[RANGO] SKHYUSDT_LINEAL last=162.66 · río=WS · mercado=linear · estado=ACECHANDO · dir=— · 0=164.91 · Oz=— · Red=— · manos=ON · pos=flat · latido=1.50s
[RANGO] autosello SKHY · ACECHANDO · Oz=0.0 link=— · manos_feria_informe.json
[RANGO] SKHYUSDT_LINEAL last=162.6 · río=WS · mercado=linear · estado=ACECHANDO · dir=— · 0=164.91 · Oz=— · Red=— · manos=ON · pos=flat · latido=1.50s
[RANGO] autosello SKHY · ACECHANDO · Oz=0.0 link=— · manos_feria_informe.json
[RANGO] SKHYUSDT_LINEAL last=162.54 · río=WS · mercado=linear · estado=ACECHANDO · dir=— · 0=164.91 · Oz=— · Red=— · manos=ON · pos=flat · latido=1.50s
[RANGO] SKHYUSDT_LINEAL last=162.53 · río=WS · mercado=linear · estado=ACECHANDO · dir=— · 0=164.91 · Oz=— · Red=— · manos=ON · pos=flat · latido=1.50s
[RANGO] autosello SKHY · ACECHANDO · Oz=0.0 link=— · manos_feria_informe.json
[RANGO] SKHYUSDT_LINEAL last=162.48 · río=WS · mercado=linear · estado=ACECHANDO · dir=— · 0=164.91 · Oz=— · Red=— · manos=ON · pos=flat · latido=1.50s
[RANGO] autosello SKHY · ACECHANDO · Oz=0.0 link=— · manos_feria_informe.json
[RANGO] SKHYUSDT_LINEAL last=162.48 · río=WS · mercado=linear · estado=ACECHANDO · dir=— · 0=164.91 · Oz=— · Red=— · manos=ON · pos=flat · latido=1.50s
[RANGO] SKHYUSDT_LINEAL last=162.43 · río=WS · mercado=linear · estado=ACECHANDO · dir=— · 0=164.91 · Oz=— · Red=— · manos=ON · pos=flat · latido=1.50s
[RANGO] autosello SKHY · ACECHANDO · Oz=0.0 link=— · manos_feria_informe.json
[RANGO] SKHYUSDT_LINEAL last=162.46 · río=WS · mercado=linear · estado=ACECHANDO · dir=— · 0=164.91 · Oz=— · Red=— · manos=ON · pos=flat · latido=1.50s
[RANGO] autosello SKHY · ACECHANDO · Oz=0.0 link=— · manos_feria_informe.json
[RANGO] SKHYUSDT_LINEAL last=162.47 · río=WS · mercado=linear · estado=ACECHANDO · dir=— · 0=164.91 · Oz=— · Red=— · manos=ON · pos=flat · latido=1.50s
[RANGO] SKHYUSDT_LINEAL last=162.5 · río=WS · mercado=linear · estado=ACECHANDO · dir=— · 0=164.91 · Oz=— · Red=— · manos=ON · pos=flat · latido=1.50s
[RANGO] autosello SKHY · ACECHANDO · Oz=0.0 link=— · manos_feria_informe.json
[RANGO] SKHYUSDT_LINEAL last=162.44 · río=WS · mercado=linear · estado=ACECHANDO · dir=— · 0=164.91 · Oz=— · Red=— · manos=ON · pos=flat · latido=1.50s
[RANGO] autosello SKHY · ACECHANDO · Oz=0.0 link=— · manos_feria_informe.json
[RANGO] SKHYUSDT_LINEAL last=162.45 · río=WS · mercado=linear · estado=ACECHANDO · dir=— · 0=164.91 · Oz=— · Red=— · manos=ON · pos=flat · latido=1.50s
[RANGO] SKHYUSDT_LINEAL last=162.49 · río=WS · mercado=linear · estado=ACECHANDO · dir=— · 0=164.91 · Oz=— · Red=— · manos=ON · pos=flat · latido=1.50s
[2026-08-31 10:25:09] [TUSK] RECONCILIACIÓN: CFGUSDT_LINEAL: interno L:0.000000/S:0.000000 -> real L:1266.000000/S:0.000000
[2026-08-31 10:25:09] [TUSK] RECONCILIACIÓN: BLUAIUSDT_LINEAL: interno L:0.000000/S:0.000000 -> real L:1590.000000/S:0.000000
[2026-08-31 10:25:09] [TUSK] RECONCILIACIÓN_FANTASMA: KORUUSDT_LINEAL existe interno pero no en exchange -> reseteando
[2026-08-31 10:25:09] [TUSK] RECONCILIACIÓN_FANTASMA: KNCUSDT_LINEAL existe interno pero no en exchange -> reseteando
[2026-08-31 10:25:09] [TUSK] RECONCILIACIÓN_OK: 4 frentes alineados con exchange
[RANGO] autosello SKHY · ACECHANDO · Oz=0.0 link=— · manos_feria_informe.json
[RANGO] SKHYUSDT_LINEAL last=162.52 · río=WS · mercado=linear · estado=ACECHANDO · dir=— · 0=164.91 · Oz=— · Red=— · manos=ON · pos=flat · latido=1.50s
[RANGO] autosello SKHY · ACECHANDO · Oz=0.0 link=— · manos_feria_informe.json
[RANGO] SKHYUSDT_LINEAL last=162.48 · río=WS · mercado=linear · estado=ACECHANDO · dir=— · 0=164.91 · Oz=— · Red=— · manos=ON · pos=flat · latido=1.50s
[RANGO] SKHYUSDT_LINEAL last=162.52 · río=WS · mercado=linear · estado=ACECHANDO · dir=— · 0=164.91 · Oz=— · Red=— · manos=ON · pos=flat · latido=1.50s
[RANGO] autosello SKHY · ACECHANDO · Oz=0.0 link=— · manos_feria_informe.json
[RANGO] SKHYUSDT_LINEAL last=162.52 · río=WS · mercado=linear · estado=ACECHANDO · dir=— · 0=164.91 · Oz=— · Red=— · manos=ON · pos=flat · latido=1.50s
[RANGO] autosello SKHY · ACECHANDO · Oz=0.0 link=— · manos_feria_informe.json
[RANGO] SKHYUSDT_LINEAL last=162.52 · río=WS · mercado=linear · estado=ACECHANDO · dir=— · 0=164.91 · Oz=— · Red=— · manos=ON · pos=flat · latido=1.50s
[RANGO] SKHYUSDT_LINEAL last=162.51 · río=WS · mercado=linear · estado=ACECHANDO · dir=— · 0=164.91 · Oz=— · Red=— · manos=ON · pos=flat · latido=1.50s
[RANGO] autosello SKHY · ACECHANDO · Oz=0.0 link=— · manos_feria_informe.json
[RANGO] SKHYUSDT_LINEAL last=162.46 · río=WS · mercado=linear · estado=ACECHANDO · dir=— · 0=164.91 · Oz=— · Red=— · manos=ON · pos=flat · latido=1.50s
[RANGO] autosello SKHY · ACECHANDO · Oz=0.0 link=— · manos_feria_informe.json
[RANGO] SKHYUSDT_LINEAL last=162.45 · río=WS · mercado=linear · estado=ACECHANDO · dir=— · 0=164.91 · Oz=— · Red=— · manos=ON · pos=flat · latido=1.50s
[RANGO] SKHYUSDT_LINEAL last=162.49 · río=WS · mercado=linear · estado=ACECHANDO · dir=— · 0=164.91 · Oz=— · Red=— · manos=ON · pos=flat · latido=1.50s
[RANGO] autosello SKHY · ACECHANDO · Oz=0.0 link=— · manos_feria_informe.json
[RANGO] SKHYUSDT_LINEAL last=162.5 · río=WS · mercado=linear · estado=ACECHANDO · dir=— · 0=164.91 · Oz=— · Red=— · manos=ON · pos=flat · latido=1.50s
[RANGO] autosello SKHY · ACECHANDO · Oz=0.0 link=— · manos_feria_informe.json
[RANGO] SKHYUSDT_LINEAL last=162.58 · río=WS · mercado=linear · estado=ACECHANDO · dir=— · 0=164.91 · Oz=— · Red=— · manos=ON · pos=flat · latido=1.50s
[RANGO] SKHYUSDT_LINEAL last=162.56 · río=WS · mercado=linear · estado=ACECHANDO · dir=— · 0=164.91 · Oz=— · Red=— · manos=ON · pos=flat · latido=1.50s
[RANGO] autosello SKHY · ACECHANDO · Oz=0.0 link=— · manos_feria_informe.json
[2026-08-31 10:27:11] [TUSK] RECONCILIACIÓN: TWTUSDT_LINEAL: interno L:48.800000/S:0.000000 -> real L:38.700000/S:0.000000
[2026-08-31 10:27:11] [TUSK] RECONCILIACIÓN_OK: 1 frentes alineados con exchange
[RANGO] SKHYUSDT_LINEAL last=162.59 · río=WS · mercado=linear · estado=ACECHANDO · dir=— · 0=164.91 · Oz=— · Red=— · manos=ON · pos=flat · latido=1.50s
[RANGO] autosello SKHY · ACECHANDO · Oz=0.0 link=— · manos_feria_informe.json
[RANGO] SKHYUSDT_LINEAL last=162.6 · río=WS · mercado=linear · estado=ACECHANDO · dir=— · 0=164.91 · Oz=— · Red=— · manos=ON · pos=flat · latido=1.50s
[RANGO] SKHYUSDT_LINEAL last=162.59 · río=WS · mercado=linear · estado=ACECHANDO · dir=— · 0=164.91 · Oz=— · Red=— · manos=ON · pos=flat · latido=1.50s
[RANGO] autosello SKHY · ACECHANDO · Oz=0.0 link=— · manos_feria_informe.json
[RANGO] SKHYUSDT_LINEAL last=162.61 · río=WS · mercado=linear · estado=ACECHANDO · dir=— · 0=164.91 · Oz=— · Red=— · manos=ON · pos=flat · latido=1.50s
[RANGO] autosello SKHY · ACECHANDO · Oz=0.0 link=— · manos_feria_informe.json
[RANGO] SKHYUSDT_LINEAL last=162.64 · río=WS · mercado=linear · estado=ACECHANDO · dir=— · 0=164.91 · Oz=— · Red=— · manos=ON · pos=flat · latido=1.50s
[RANGO] SKHYUSDT_LINEAL last=162.7 · río=WS · mercado=linear · estado=ACECHANDO · dir=— · 0=164.91 · Oz=— · Red=— · manos=ON · pos=flat · latido=1.50s
[RANGO] autosello SKHY · ACECHANDO · Oz=0.0 link=— · manos_feria_informe.json
[RANGO] SKHYUSDT_LINEAL last=162.69 · río=WS · mercado=linear · estado=ACECHANDO · dir=— · 0=164.91 · Oz=— · Red=— · manos=ON · pos=flat · latido=1.50s
[RANGO] autosello SKHY · ACECHANDO · Oz=0.0 link=— · manos_feria_informe.json
[RANGO] SKHYUSDT_LINEAL last=162.7 · río=WS · mercado=linear · estado=ACECHANDO · dir=— · 0=164.91 · Oz=— · Red=— · manos=ON · pos=flat · latido=1.50s
[RANGO] SKHYUSDT_LINEAL last=162.69 · río=WS · mercado=linear · estado=ACECHANDO · dir=— · 0=164.91 · Oz=— · Red=— · manos=ON · pos=flat · latido=1.50s
[RANGO] autosello SKHY · ACECHANDO · Oz=0.0 link=— · manos_feria_informe.json
[RANGO] SKHYUSDT_LINEAL last=162.78 · río=WS · mercado=linear · estado=ACECHANDO · dir=— · 0=164.91 · Oz=— · Red=— · manos=ON · pos=flat · latido=1.50s
[RANGO] autosello SKHY · ACECHANDO · Oz=0.0 link=— · manos_feria_informe.json
[RANGO] SKHYUSDT_LINEAL last=162.72 · río=WS · mercado=linear · estado=ACECHANDO · dir=— · 0=164.91 · Oz=— · Red=— · manos=ON · pos=flat · latido=1.50s
[RANGO] SKHYUSDT_LINEAL last=162.78 · río=WS · mercado=linear · estado=ACECHANDO · dir=— · 0=164.91 · Oz=— · Red=— · manos=ON · pos=flat · latido=1.50s
[RANGO] autosello SKHY · ACECHANDO · Oz=0.0 link=— · manos_feria_informe.json
[2026-08-31 10:29:13] [TUSK] RECONCILIACIÓN: DASHUSDT_LINEAL: interno L:0.000000/S:0.460000 -> real L:0.000000/S:0.570000
[2026-08-31 10:29:13] [TUSK] RECONCILIACIÓN_OK: 1 frentes alineados con exchange
[RANGO] SKHYUSDT_LINEAL last=162.78 · río=WS · mercado=linear · estado=ACECHANDO · dir=— · 0=164.91 · Oz=— · Red=— · manos=ON · pos=flat · latido=1.50s
[RANGO] autosello SKHY · ACECHANDO · Oz=0.0 link=— · manos_feria_informe.json
[RANGO] SKHYUSDT_LINEAL last=162.79 · río=WS · mercado=linear · estado=ACECHANDO · dir=— · 0=164.91 · Oz=— · Red=— · manos=ON · pos=flat · latido=1.50s
[RANGO] SKHYUSDT_LINEAL last=162.84 · río=WS · mercado=linear · estado=ACECHANDO · dir=— · 0=164.91 · Oz=— · Red=— · manos=ON · pos=flat · latido=1.50s
[RANGO] autosello SKHY · ACECHANDO · Oz=0.0 link=— · manos_feria_informe.json
[RANGO] SKHYUSDT_LINEAL last=162.84 · río=WS · mercado=linear · estado=ACECHANDO · dir=— · 0=164.91 · Oz=— · Red=— · manos=ON · pos=flat · latido=1.50s
[RANGO] autosello SKHY · ACECHANDO · Oz=0.0 link=— · manos_feria_informe.json
[RANGO] SKHYUSDT_LINEAL last=162.79 · río=WS · mercado=linear · estado=ACECHANDO · dir=— · 0=164.91 · Oz=— · Red=— · manos=ON · pos=flat · latido=1.50s
[RANGO] SKHYUSDT_LINEAL last=162.83 · río=WS · mercado=linear · estado=ACECHANDO · dir=— · 0=164.91 · Oz=— · Red=— · manos=ON · pos=flat · latido=1.50s
[RANGO] autosello SKHY · ACECHANDO · Oz=0.0 link=— · manos_feria_informe.json
[RANGO] SKHYUSDT_LINEAL last=162.78 · río=WS · mercado=linear · estado=ACECHANDO · dir=— · 0=164.91 · Oz=— · Red=— · manos=ON · pos=flat · latido=1.50s
[RANGO] autosello SKHY · ACECHANDO · Oz=0.0 link=— · manos_feria_informe.json
[RANGO] SKHYUSDT_LINEAL last=162.77 · río=WS · mercado=linear · estado=ACECHANDO · dir=— · 0=164.91 · Oz=— · Red=— · manos=ON · pos=flat · latido=1.50s
[RANGO] SKHYUSDT_LINEAL last=162.79 · río=WS · mercado=linear · estado=ACECHANDO · dir=— · 0=164.91 · Oz=— · Red=— · manos=ON · pos=flat · latido=1.50s
[RANGO] autosello SKHY · ACECHANDO · Oz=0.0 link=— · manos_feria_informe.json
[RANGO] SKHYUSDT_LINEAL last=162.71 · río=WS · mercado=linear · estado=ACECHANDO · dir=— · 0=164.91 · Oz=— · Red=— · manos=ON · pos=flat · latido=1.50s
[RANGO] autosello SKHY · ACECHANDO · Oz=0.0 link=— · manos_feria_informe.json
[RANGO] SKHYUSDT_LINEAL last=162.73 · río=WS · mercado=linear · estado=ACECHANDO · dir=— · 0=164.91 · Oz=— · Red=— · manos=ON · pos=flat · latido=1.50s
[RANGO] SKHYUSDT_LINEAL last=162.74 · río=WS · mercado=linear · estado=ACECHANDO · dir=— · 0=164.91 · Oz=— · Red=— · manos=ON · pos=flat · latido=1.50s
[RANGO] autosello SKHY · ACECHANDO · Oz=0.0 link=— · manos_feria_informe.json
[RANGO] SKHYUSDT_LINEAL last=162.73 · río=WS · mercado=linear · estado=ACECHANDO · dir=— · 0=164.91 · Oz=— · Red=— · manos=ON · pos=flat · latido=1.50s
[RANGO] autosello SKHY · ACECHANDO · Oz=0.0 link=— · manos_feria_informe.json
[RANGO] SKHYUSDT_LINEAL last=162.71 · río=WS · mercado=linear · estado=ACECHANDO · dir=— · 0=164.91 · Oz=— · Red=— · manos=ON · pos=flat · latido=1.50s
[RANGO] SKHYUSDT_LINEAL last=162.72 · río=WS · mercado=linear · estado=ACECHANDO · dir=— · 0=164.91 · Oz=— · Red=— · manos=ON · pos=flat · latido=1.50s
[RANGO] autosello SKHY · ACECHANDO · Oz=0.0 link=— · manos_feria_informe.json
[RANGO] SKHYUSDT_LINEAL last=162.76 · río=WS · mercado=linear · estado=ACECHANDO · dir=— · 0=164.91 · Oz=— · Red=— · manos=ON · pos=flat · latido=1.50s
[RANGO] autosello SKHY · ACECHANDO · Oz=0.0 link=— · manos_feria_informe.json
[RANGO] SKHYUSDT_LINEAL last=162.73 · río=WS · mercado=linear · estado=ACECHANDO · dir=— · 0=164.91 · Oz=— · Red=— · manos=ON · pos=flat · latido=1.50s
[RANGO] SKHYUSDT_LINEAL last=162.79 · río=WS · mercado=linear · estado=ACECHANDO · dir=— · 0=164.91 · Oz=— · Red=— · manos=ON · pos=flat · latido=1.50s
[RANGO] autosello SKHY · ACECHANDO · Oz=0.0 link=— · manos_feria_informe.json
[RANGO] SKHYUSDT_LINEAL last=162.88 · río=WS · mercado=linear · estado=ACECHANDO · dir=— · 0=164.91 · Oz=— · Red=— · manos=ON · pos=flat · latido=1.50s
[RANGO] autosello SKHY · ACECHANDO · Oz=0.0 link=— · manos_feria_informe.json
[RANGO] SKHYUSDT_LINEAL last=162.88 · río=WS · mercado=linear · estado=ACECHANDO · dir=— · 0=164.91 · Oz=— · Red=— · manos=ON · pos=flat · latido=1.50s
[RANGO] SKHYUSDT_LINEAL last=162.92 · río=WS · mercado=linear · estado=ACECHANDO · dir=— · 0=164.91 · Oz=— · Red=— · manos=ON · pos=flat · latido=1.50s
[RANGO] autosello SKHY · ACECHANDO · Oz=0.0 link=— · manos_feria_informe.json
[RANGO] SKHYUSDT_LINEAL last=162.89 · río=WS · mercado=linear · estado=ACECHANDO · dir=— · 0=164.91 · Oz=— · Red=— · manos=ON · pos=flat · latido=1.50s
[RANGO] autosello SKHY · ACECHANDO · Oz=0.0 link=— · manos_feria_informe.json
[RANGO] SKHYUSDT_LINEAL last=162.92 · río=WS · mercado=linear · estado=ACECHANDO · dir=— · 0=164.91 · Oz=— · Red=— · manos=ON · pos=flat · latido=1.50s
[RANGO] SKHYUSDT_LINEAL last=162.93 · río=WS · mercado=linear · estado=ACECHANDO · dir=— · 0=164.91 · Oz=— · Red=— · manos=ON · pos=flat · latido=1.50s
[RANGO] autosello SKHY · ACECHANDO · Oz=0.0 link=— · manos_feria_informe.json
[RANGO] SKHYUSDT_LINEAL last=162.95 · río=WS · mercado=linear · estado=ACECHANDO · dir=— · 0=164.91 · Oz=— · Red=— · manos=ON · pos=flat · latido=1.50s
[RANGO] autosello SKHY · ACECHANDO · Oz=0.0 link=— · manos_feria_informe.json
[RANGO] SKHYUSDT_LINEAL last=162.93 · río=WS · mercado=linear · estado=ACECHANDO · dir=— · 0=164.91 · Oz=— · Red=— · manos=ON · pos=flat · latido=1.50s
[RANGO] SKHYUSDT_LINEAL last=162.85 · río=WS · mercado=linear · estado=ACECHANDO · dir=— · 0=164.91 · Oz=— · Red=— · manos=ON · pos=flat · latido=1.50s
[RANGO] autosello SKHY · ACECHANDO · Oz=0.0 link=— · manos_feria_informe.json
[RANGO] SKHYUSDT_LINEAL last=162.91 · río=WS · mercado=linear · estado=ACECHANDO · dir=— · 0=164.91 · Oz=— · Red=— · manos=ON · pos=flat · latido=1.50s
[RANGO] autosello SKHY · ACECHANDO · Oz=0.0 link=— · manos_feria_informe.json
[RANGO] SKHYUSDT_LINEAL last=162.88 · río=WS · mercado=linear · estado=ACECHANDO · dir=— · 0=164.91 · Oz=— · Red=— · manos=ON · pos=flat · latido=1.50s
[RANGO] SKHYUSDT_LINEAL last=162.9 · río=WS · mercado=linear · estado=ACECHANDO · dir=— · 0=164.91 · Oz=— · Red=— · manos=ON · pos=flat · latido=1.50s
[RANGO] autosello SKHY · ACECHANDO · Oz=0.0 link=— · manos_feria_informe.json
[RANGO] SKHYUSDT_LINEAL last=162.97 · río=WS · mercado=linear · estado=ACECHANDO · dir=— · 0=164.91 · Oz=— · Red=— · manos=ON · pos=flat · latido=1.50s
[2026-08-31 10:34:18] [TUSK] RECONCILIACIÓN: CHIPUSDT_LINEAL: interno L:390.000000/S:0.000000 -> real L:520.000000/S:0.000000
[2026-08-31 10:34:18] [TUSK] RECONCILIACIÓN: KNCUSDT_LINEAL: interno L:0.000000/S:0.000000 -> real L:354.100000/S:0.000000
[2026-08-31 10:34:18] [TUSK] RECONCILIACIÓN_FANTASMA: NILUSDT_LINEAL existe interno pero no en exchange -> reseteando
[2026-08-31 10:34:18] [TUSK] RECONCILIACIÓN_OK: 3 frentes alineados con exchange
[RANGO] autosello SKHY · ACECHANDO · Oz=0.0 link=— · manos_feria_informe.json
[RANGO] SKHYUSDT_LINEAL last=162.95 · río=WS · mercado=linear · estado=ACECHANDO · dir=— · 0=164.91 · Oz=— · Red=— · manos=ON · pos=flat · latido=1.50s
[RANGO] SKHYUSDT_LINEAL last=162.93 · río=WS · mercado=linear · estado=ACECHANDO · dir=— · 0=164.91 · Oz=— · Red=— · manos=ON · pos=flat · latido=1.50s
[RANGO] autosello SKHY · ACECHANDO · Oz=0.0 link=— · manos_feria_informe.json
[RANGO] SKHYUSDT_LINEAL last=162.87 · río=WS · mercado=linear · estado=ACECHANDO · dir=— · 0=164.91 · Oz=— · Red=— · manos=ON · pos=flat · latido=1.50s
[RANGO] autosello SKHY · ACECHANDO · Oz=0.0 link=— · manos_feria_informe.json
[RANGO] SKHYUSDT_LINEAL last=162.99 · río=WS · mercado=linear · estado=ACECHANDO · dir=— · 0=164.91 · Oz=— · Red=— · manos=ON · pos=flat · latido=1.50s
[RANGO] SKHYUSDT_LINEAL last=163.03 · río=WS · mercado=linear · estado=ACECHANDO · dir=— · 0=164.91 · Oz=— · Red=— · manos=ON · pos=flat · latido=1.50s
[RANGO] autosello SKHY · ACECHANDO · Oz=0.0 link=— · manos_feria_informe.json
[RANGO] SKHYUSDT_LINEAL last=163.06 · río=WS · mercado=linear · estado=ACECHANDO · dir=— · 0=164.91 · Oz=— · Red=— · manos=ON · pos=flat · latido=1.50s
[2026-08-31 10:35:19] [TUSK] RECONCILIACIÓN: FWDIUSDT_LINEAL: interno L:0.000000/S:6.900000 -> real L:0.000000/S:6.000000
[2026-08-31 10:35:19] [TUSK] RECONCILIACIÓN_OK: 1 frentes alineados con exchange
[RANGO] autosello SKHY · ACECHANDO · Oz=0.0 link=— · manos_feria_informe.json
[RANGO] SKHYUSDT_LINEAL last=163.11 · río=WS · mercado=linear · estado=ACECHANDO · dir=— · 0=164.91 · Oz=— · Red=— · manos=ON · pos=flat · latido=1.50s
[RANGO] SKHYUSDT_LINEAL last=163.19 · río=WS · mercado=linear · estado=ACECHANDO · dir=— · 0=164.91 · Oz=— · Red=— · manos=ON · pos=flat · latido=1.50s
[RANGO] autosello SKHY · ACECHANDO · Oz=0.0 link=— · manos_feria_informe.json
[RANGO] SKHYUSDT_LINEAL last=163.19 · río=WS · mercado=linear · estado=ACECHANDO · dir=— · 0=164.91 · Oz=— · Red=— · manos=ON · pos=flat · latido=1.50s
[RANGO] autosello SKHY · ACECHANDO · Oz=0.0 link=— · manos_feria_informe.json
[RANGO] SKHYUSDT_LINEAL last=163.18 · río=WS · mercado=linear · estado=ACECHANDO · dir=— · 0=164.91 · Oz=— · Red=— · manos=ON · pos=flat · latido=1.50s
[RANGO] SKHYUSDT_LINEAL last=163.21 · río=WS · mercado=linear · estado=ACECHANDO · dir=— · 0=164.91 · Oz=— · Red=— · manos=ON · pos=flat · latido=1.50s
[RANGO] autosello SKHY · ACECHANDO · Oz=0.0 link=— · manos_feria_informe.json
[RANGO] SKHYUSDT_LINEAL last=163.19 · río=WS · mercado=linear · estado=ACECHANDO · dir=— · 0=164.91 · Oz=— · Red=— · manos=ON · pos=flat · latido=1.50s
[RANGO] autosello SKHY · ACECHANDO · Oz=0.0 link=— · manos_feria_informe.json
[RANGO] SKHYUSDT_LINEAL last=163.24 · río=WS · mercado=linear · estado=ACECHANDO · dir=— · 0=164.91 · Oz=— · Red=— · manos=ON · pos=flat · latido=1.50s
[RANGO] SKHYUSDT_LINEAL last=163.29 · río=WS · mercado=linear · estado=ACECHANDO · dir=— · 0=164.91 · Oz=— · Red=— · manos=ON · pos=flat · latido=1.50s
[RANGO] autosello SKHY · ACECHANDO · Oz=0.0 link=— · manos_feria_informe.json
[RANGO] SKHYUSDT_LINEAL last=163.25 · río=WS · mercado=linear · estado=ACECHANDO · dir=— · 0=164.91 · Oz=— · Red=— · manos=ON · pos=flat · latido=1.50s
[RANGO] autosello SKHY · ACECHANDO · Oz=0.0 link=— · manos_feria_informe.json
[RANGO] SKHYUSDT_LINEAL last=163.25 · río=WS · mercado=linear · estado=ACECHANDO · dir=— · 0=164.91 · Oz=— · Red=— · manos=ON · pos=flat · latido=1.50s
[RANGO] SKHYUSDT_LINEAL last=163.28 · río=WS · mercado=linear · estado=ACECHANDO · dir=— · 0=164.91 · Oz=— · Red=— · manos=ON · pos=flat · latido=1.50s
[RANGO] autosello SKHY · ACECHANDO · Oz=0.0 link=— · manos_feria_informe.json
[RANGO] SKHYUSDT_LINEAL last=163.28 · río=WS · mercado=linear · estado=ACECHANDO · dir=— · 0=164.91 · Oz=— · Red=— · manos=ON · pos=flat · latido=1.50s
[RANGO] autosello SKHY · ACECHANDO · Oz=0.0 link=— · manos_feria_informe.json
[RANGO] SKHYUSDT_LINEAL last=163.26 · río=WS · mercado=linear · estado=ACECHANDO · dir=— · 0=164.91 · Oz=— · Red=— · manos=ON · pos=flat · latido=1.50s
[RANGO] SKHYUSDT_LINEAL last=163.26 · río=WS · mercado=linear · estado=ACECHANDO · dir=— · 0=164.91 · Oz=— · Red=— · manos=ON · pos=flat · latido=1.50s
[RANGO] autosello SKHY · ACECHANDO · Oz=0.0 link=— · manos_feria_informe.json
[RANGO] SKHYUSDT_LINEAL last=163.27 · río=WS · mercado=linear · estado=ACECHANDO · dir=— · 0=164.91 · Oz=— · Red=— · manos=ON · pos=flat · latido=1.50s
[RANGO] autosello SKHY · ACECHANDO · Oz=0.0 link=— · manos_feria_informe.json
[RANGO] SKHYUSDT_LINEAL last=163.3 · río=WS · mercado=linear · estado=ACECHANDO · dir=— · 0=164.91 · Oz=— · Red=— · manos=ON · pos=flat · latido=1.50s
[RANGO] SKHYUSDT_LINEAL last=163.32 · río=WS · mercado=linear · estado=ACECHANDO · dir=— · 0=164.91 · Oz=— · Red=— · manos=ON · pos=flat · latido=1.50s
[RANGO] autosello SKHY · ACECHANDO · Oz=0.0 link=— · manos_feria_informe.json
[RANGO] SKHYUSDT_LINEAL last=163.34 · río=WS · mercado=linear · estado=ACECHANDO · dir=— · 0=164.91 · Oz=— · Red=— · manos=ON · pos=flat · latido=1.50s
[2026-08-31 10:38:22] [TUSK] RECONCILIACIÓN: POWERUSDT_LINEAL: interno L:0.000000/S:249.000000 -> real L:0.000000/S:190.000000
[2026-08-31 10:38:22] [TUSK] RECONCILIACIÓN_OK: 1 frentes alineados con exchange
[RANGO] autosello SKHY · ACECHANDO · Oz=0.0 link=— · manos_feria_informe.json
[RANGO] SKHYUSDT_LINEAL last=163.35 · río=WS · mercado=linear · estado=ACECHANDO · dir=— · 0=164.91 · Oz=— · Red=— · manos=ON · pos=flat · latido=1.50s
[RANGO] SKHYUSDT_LINEAL last=163.29 · río=WS · mercado=linear · estado=ACECHANDO · dir=— · 0=164.91 · Oz=— · Red=— · manos=ON · pos=flat · latido=1.50s
[RANGO] autosello SKHY · ACECHANDO · Oz=0.0 link=— · manos_feria_informe.json
[RANGO] SKHYUSDT_LINEAL last=163.29 · río=WS · mercado=linear · estado=ACECHANDO · dir=— · 0=164.91 · Oz=— · Red=— · manos=ON · pos=flat · latido=1.50s
[RANGO] autosello SKHY · ACECHANDO · Oz=0.0 link=— · manos_feria_informe.json
[RANGO] SKHYUSDT_LINEAL last=163.33 · río=WS · mercado=linear · estado=ACECHANDO · dir=— · 0=164.91 · Oz=— · Red=— · manos=ON · pos=flat · latido=1.50s
[RANGO] SKHYUSDT_LINEAL last=163.32 · río=WS · mercado=linear · estado=ACECHANDO · dir=— · 0=164.91 · Oz=— · Red=— · manos=ON · pos=flat · latido=1.50s
[RANGO] autosello SKHY · ACECHANDO · Oz=0.0 link=— · manos_feria_informe.json
[RANGO] SKHYUSDT_LINEAL last=163.28 · río=WS · mercado=linear · estado=ACECHANDO · dir=— · 0=164.91 · Oz=— · Red=— · manos=ON · pos=flat · latido=1.50s
[RANGO] autosello SKHY · ACECHANDO · Oz=0.0 link=— · manos_feria_informe.json
[RANGO] SKHYUSDT_LINEAL last=163.32 · río=WS · mercado=linear · estado=ACECHANDO · dir=— · 0=164.91 · Oz=— · Red=— · manos=ON · pos=flat · latido=1.50s
[RANGO] SKHYUSDT_LINEAL last=163.28 · río=WS · mercado=linear · estado=ACECHANDO · dir=— · 0=164.91 · Oz=— · Red=— · manos=ON · pos=flat · latido=1.50s
[RANGO] autosello SKHY · ACECHANDO · Oz=0.0 link=— · manos_feria_informe.json
[RANGO] SKHYUSDT_LINEAL last=163.24 · río=WS · mercado=linear · estado=ACECHANDO · dir=— · 0=164.91 · Oz=— · Red=— · manos=ON · pos=flat · latido=1.50s
[RANGO] autosello SKHY · ACECHANDO · Oz=0.0 link=— · manos_feria_informe.json
[RANGO] SKHYUSDT_LINEAL last=163.24 · río=WS · mercado=linear · estado=ACECHANDO · dir=— · 0=164.91 · Oz=— · Red=— · manos=ON · pos=flat · latido=1.50s
[RANGO] SKHYUSDT_LINEAL last=163.22 · río=WS · mercado=linear · estado=ACECHANDO · dir=— · 0=164.91 · Oz=— · Red=— · manos=ON · pos=flat · latido=1.50s
[RANGO] autosello SKHY · ACECHANDO · Oz=0.0 link=— · manos_feria_informe.json
[RANGO] SKHYUSDT_LINEAL last=163.21 · río=WS · mercado=linear · estado=ACECHANDO · dir=— · 0=164.91 · Oz=— · Red=— · manos=ON · pos=flat · latido=1.50s
[2026-08-31 10:40:24] [TUSK] RECONCILIACIÓN: DASHUSDT_LINEAL: interno L:0.000000/S:0.570000 -> real L:0.000000/S:0.680000
[2026-08-31 10:40:24] [TUSK] RECONCILIACIÓN: ROSEUSDT_LINEAL: interno L:0.000000/S:0.000000 -> real L:0.000000/S:3056.000000
[2026-08-31 10:40:24] [TUSK] RECONCILIACIÓN: AEHRUSDT_LINEAL: interno L:0.000000/S:0.000000 -> real L:0.300000/S:0.000000
[2026-08-31 10:40:24] [TUSK] RECONCILIACIÓN_FANTASMA: NBISUSDT_LINEAL existe interno pero no en exchange -> reseteando
[2026-08-31 10:40:24] [TUSK] RECONCILIACIÓN_FANTASMA: AXTIUSDT_LINEAL existe interno pero no en exchange -> reseteando
[2026-08-31 10:40:24] [TUSK] RECONCILIACIÓN_OK: 5 frentes alineados con exchange
[RANGO] autosello SKHY · ACECHANDO · Oz=0.0 link=— · manos_feria_informe.json
[RANGO] SKHYUSDT_LINEAL last=163.22 · río=WS · mercado=linear · estado=ACECHANDO · dir=— · 0=164.91 · Oz=— · Red=— · manos=ON · pos=flat · latido=1.50s
[RANGO] SKHYUSDT_LINEAL last=163.13 · río=WS · mercado=linear · estado=ACECHANDO · dir=— · 0=164.91 · Oz=— · Red=— · manos=ON · pos=flat · latido=1.50s
[RANGO] autosello SKHY · ACECHANDO · Oz=0.0 link=— · manos_feria_informe.json
[RANGO] SKHYUSDT_LINEAL last=163.26 · río=WS · mercado=linear · estado=ACECHANDO · dir=— · 0=164.91 · Oz=— · Red=— · manos=ON · pos=flat · latido=1.50s
[RANGO] autosello SKHY · ACECHANDO · Oz=0.0 link=— · manos_feria_informe.json
[RANGO] SKHYUSDT_LINEAL last=163.27 · río=WS · mercado=linear · estado=ACECHANDO · dir=— · 0=164.91 · Oz=— · Red=— · manos=ON · pos=flat · latido=1.50s
[RANGO] SKHYUSDT_LINEAL last=163.33 · río=WS · mercado=linear · estado=ACECHANDO · dir=— · 0=164.91 · Oz=— · Red=— · manos=ON · pos=flat · latido=1.50s
[RANGO] autosello SKHY · ACECHANDO · Oz=0.0 link=— · manos_feria_informe.json
[RANGO] SKHYUSDT_LINEAL last=163.36 · río=WS · mercado=linear · estado=ACECHANDO · dir=— · 0=164.91 · Oz=— · Red=— · manos=ON · pos=flat · latido=1.50s
[2026-08-31 10:41:26] [TUSK] RECONCILIACIÓN: XANUSDT_LINEAL: interno L:0.000000/S:171.000000 -> real L:203.000000/S:0.000000
[2026-08-31 10:41:26] [TUSK] RECONCILIACIÓN_OK: 1 frentes alineados con exchange
[RANGO] autosello SKHY · ACECHANDO · Oz=0.0 link=— · manos_feria_informe.json
[RANGO] SKHYUSDT_LINEAL last=163.33 · río=WS · mercado=linear · estado=ACECHANDO · dir=— · 0=164.91 · Oz=— · Red=— · manos=ON · pos=flat · latido=1.50s
[RANGO] SKHYUSDT_LINEAL last=163.28 · río=WS · mercado=linear · estado=ACECHANDO · dir=— · 0=164.91 · Oz=— · Red=— · manos=ON · pos=flat · latido=1.50s
[RANGO] autosello SKHY · ACECHANDO · Oz=0.0 link=— · manos_feria_informe.json
[RANGO] SKHYUSDT_LINEAL last=163.24 · río=WS · mercado=linear · estado=ACECHANDO · dir=— · 0=164.91 · Oz=— · Red=— · manos=ON · pos=flat · latido=1.50s
[RANGO] autosello SKHY · ACECHANDO · Oz=0.0 link=— · manos_feria_informe.json
[RANGO] SKHYUSDT_LINEAL last=163.36 · río=WS · mercado=linear · estado=ACECHANDO · dir=— · 0=164.91 · Oz=— · Red=— · manos=ON · pos=flat · latido=1.50s
[RANGO] SKHYUSDT_LINEAL last=163.33 · río=WS · mercado=linear · estado=ACECHANDO · dir=— · 0=164.91 · Oz=— · Red=— · manos=ON · pos=flat · latido=1.50s
[RANGO] autosello SKHY · ACECHANDO · Oz=0.0 link=— · manos_feria_informe.json
[RANGO] SKHYUSDT_LINEAL last=163.38 · río=WS · mercado=linear · estado=ACECHANDO · dir=— · 0=164.91 · Oz=— · Red=— · manos=ON · pos=flat · latido=1.50s
[RANGO] autosello SKHY · ACECHANDO · Oz=0.0 link=— · manos_feria_informe.json
[RANGO] SKHYUSDT_LINEAL last=163.37 · río=WS · mercado=linear · estado=ACECHANDO · dir=— · 0=164.91 · Oz=— · Red=— · manos=ON · pos=flat · latido=1.50s
[RANGO] SKHYUSDT_LINEAL last=163.37 · río=WS · mercado=linear · estado=ACECHANDO · dir=— · 0=164.91 · Oz=— · Red=— · manos=ON · pos=flat · latido=1.50s
[RANGO] autosello SKHY · ACECHANDO · Oz=0.0 link=— · manos_feria_informe.json
[RANGO] SKHYUSDT_LINEAL last=163.38 · río=WS · mercado=linear · estado=ACECHANDO · dir=— · 0=164.91 · Oz=— · Red=— · manos=ON · pos=flat · latido=1.50s
[RANGO] autosello SKHY · ACECHANDO · Oz=0.0 link=— · manos_feria_informe.json
[RANGO] SKHYUSDT_LINEAL last=163.25 · río=WS · mercado=linear · estado=ACECHANDO · dir=— · 0=164.91 · Oz=— · Red=— · manos=ON · pos=flat · latido=1.50s
[RANGO] SKHYUSDT_LINEAL last=163.22 · río=WS · mercado=linear · estado=ACECHANDO · dir=— · 0=164.91 · Oz=— · Red=— · manos=ON · pos=flat · latido=1.50s
[RANGO] autosello SKHY · ACECHANDO · Oz=0.0 link=— · manos_feria_informe.json
[RANGO] SKHYUSDT_LINEAL last=163.18 · río=WS · mercado=linear · estado=ACECHANDO · dir=— · 0=164.91 · Oz=— · Red=— · manos=ON · pos=flat · latido=1.50s
[RANGO] autosello SKHY · ACECHANDO · Oz=0.0 link=— · manos_feria_informe.json
[2026-08-31 10:43:28] [TUSK] RECONCILIACIÓN: TWTUSDT_LINEAL: interno L:38.700000/S:0.000000 -> real L:26.800000/S:0.000000
[2026-08-31 10:43:28] [TUSK] RECONCILIACIÓN_OK: 1 frentes alineados con exchange
[RANGO] SKHYUSDT_LINEAL last=163.22 · río=WS · mercado=linear · estado=ACECHANDO · dir=— · 0=164.91 · Oz=— · Red=— · manos=ON · pos=flat · latido=1.50s
[RANGO] SKHYUSDT_LINEAL last=163.28 · río=WS · mercado=linear · estado=ACECHANDO · dir=— · 0=164.91 · Oz=— · Red=— · manos=ON · pos=flat · latido=1.50s
[RANGO] autosello SKHY · ACECHANDO · Oz=0.0 link=— · manos_feria_informe.json
[RANGO] SKHYUSDT_LINEAL last=163.33 · río=WS · mercado=linear · estado=ACECHANDO · dir=— · 0=164.91 · Oz=— · Red=— · manos=ON · pos=flat · latido=1.50s
[RANGO] autosello SKHY · ACECHANDO · Oz=0.0 link=— · manos_feria_informe.json
[RANGO] SKHYUSDT_LINEAL last=163.38 · río=WS · mercado=linear · estado=ACECHANDO · dir=— · 0=164.91 · Oz=— · Red=— · manos=ON · pos=flat · latido=1.50s
[RANGO] SKHYUSDT_LINEAL last=163.37 · río=WS · mercado=linear · estado=ACECHANDO · dir=— · 0=164.91 · Oz=— · Red=— · manos=ON · pos=flat · latido=1.50s
[RANGO] autosello SKHY · ACECHANDO · Oz=0.0 link=— · manos_feria_informe.json
[RANGO] SKHYUSDT_LINEAL last=163.37 · río=WS · mercado=linear · estado=ACECHANDO · dir=— · 0=164.91 · Oz=— · Red=— · manos=ON · pos=flat · latido=1.50s
[RANGO] autosello SKHY · ACECHANDO · Oz=0.0 link=— · manos_feria_informe.json
[RANGO] SKHYUSDT_LINEAL last=163.39 · río=WS · mercado=linear · estado=ACECHANDO · dir=— · 0=164.91 · Oz=— · Red=— · manos=ON · pos=flat · latido=1.50s
[2026-08-31 10:44:29] [TUSK] RECONCILIACIÓN: HYPEUSDT_LINEAL: interno L:0.000000/S:0.000000 -> real L:0.000000/S:0.340000
[2026-08-31 10:44:29] [TUSK] RECONCILIACIÓN: PURRUSDT_LINEAL: interno L:0.000000/S:0.000000 -> real L:3.000000/S:0.000000
[2026-08-31 10:44:29] [TUSK] RECONCILIACIÓN_FANTASMA: VVVUSDT_LINEAL existe interno pero no en exchange -> reseteando
[2026-08-31 10:44:29] [TUSK] RECONCILIACIÓN_FANTASMA: ZEREBROUSDT_LINEAL existe interno pero no en exchange -> reseteando
[2026-08-31 10:44:29] [TUSK] RECONCILIACIÓN_OK: 4 frentes alineados con exchange
[RANGO] SKHYUSDT_LINEAL last=163.36 · río=WS · mercado=linear · estado=ACECHANDO · dir=— · 0=164.91 · Oz=— · Red=— · manos=ON · pos=flat · latido=1.50s
[RANGO] autosello SKHY · ACECHANDO · Oz=0.0 link=— · manos_feria_informe.json
[RANGO] SKHYUSDT_LINEAL last=163.27 · río=WS · mercado=linear · estado=ACECHANDO · dir=— · 0=164.91 · Oz=— · Red=— · manos=ON · pos=flat · latido=1.50s
[RANGO] autosello SKHY · ACECHANDO · Oz=0.0 link=— · manos_feria_informe.json
[RANGO] SKHYUSDT_LINEAL last=163.26 · río=WS · mercado=linear · estado=ACECHANDO · dir=— · 0=164.91 · Oz=— · Red=— · manos=ON · pos=flat · latido=1.50s
[RANGO] SKHYUSDT_LINEAL last=163.29 · río=WS · mercado=linear · estado=ACECHANDO · dir=— · 0=164.91 · Oz=— · Red=— · manos=ON · pos=flat · latido=1.50s
[RANGO] autosello SKHY · ACECHANDO · Oz=0.0 link=— · manos_feria_informe.json
[RANGO] SKHYUSDT_LINEAL last=163.3 · río=WS · mercado=linear · estado=ACECHANDO · dir=— · 0=164.91 · Oz=— · Red=— · manos=ON · pos=flat · latido=1.50s
[RANGO] autosello SKHY · ACECHANDO · Oz=0.0 link=— · manos_feria_informe.json
[RANGO] SKHYUSDT_LINEAL last=163.28 · río=WS · mercado=linear · estado=ACECHANDO · dir=— · 0=164.91 · Oz=— · Red=— · manos=ON · pos=flat · latido=1.50s
[2026-08-31 10:45:30] [TUSK] RECONCILIACIÓN: HYPEUSDT_LINEAL: interno L:0.000000/S:0.340000 -> real L:0.000000/S:0.400000
[2026-08-31 10:45:30] [TUSK] RECONCILIACIÓN: PURRUSDT_LINEAL: interno L:3.000000/S:0.000000 -> real L:2.500000/S:0.000000
[2026-08-31 10:45:30] [TUSK] RECONCILIACIÓN: BMNRUSDT_LINEAL: interno L:0.000000/S:0.000000 -> real L:2.100000/S:0.000000
[2026-08-31 10:45:30] [TUSK] RECONCILIACIÓN: CRCLUSDT_LINEAL: interno L:0.290000/S:0.000000 -> real L:0.230000/S:0.000000
[2026-08-31 10:45:30] [TUSK] RECONCILIACIÓN: HYPEUSD_INVERSE: interno L:291.000000/S:0.000000 -> real L:146.000000/S:0.000000
[2026-08-31 10:45:30] [TUSK] RECONCILIACIÓN_FANTASMA: TSLLUSDT_LINEAL existe interno pero no en exchange -> reseteando
[2026-08-31 10:45:30] [TUSK] RECONCILIACIÓN_OK: 6 frentes alineados con exchange
[RANGO] SKHYUSDT_LINEAL last=163.27 · río=WS · mercado=linear · estado=ACECHANDO · dir=— · 0=164.91 · Oz=— · Red=— · manos=ON · pos=flat · latido=1.50s
[RANGO] autosello SKHY · ACECHANDO · Oz=0.0 link=— · manos_feria_informe.json
[RANGO] SKHYUSDT_LINEAL last=163.29 · río=WS · mercado=linear · estado=ACECHANDO · dir=— · 0=164.91 · Oz=— · Red=— · manos=ON · pos=flat · latido=1.50s
[RANGO] autosello SKHY · ACECHANDO · Oz=0.0 link=— · manos_feria_informe.json
[RANGO] SKHYUSDT_LINEAL last=163.26 · río=WS · mercado=linear · estado=ACECHANDO · dir=— · 0=164.91 · Oz=— · Red=— · manos=ON · pos=flat · latido=1.50s
[RANGO] SKHYUSDT_LINEAL last=163.26 · río=WS · mercado=linear · estado=ACECHANDO · dir=— · 0=164.91 · Oz=— · Red=— · manos=ON · pos=flat · latido=1.50s
[RANGO] autosello SKHY · ACECHANDO · Oz=0.0 link=— · manos_feria_informe.json
[RANGO] SKHYUSDT_LINEAL last=163.28 · río=WS · mercado=linear · estado=ACECHANDO · dir=— · 0=164.91 · Oz=— · Red=— · manos=ON · pos=flat · latido=1.50s
[RANGO] autosello SKHY · ACECHANDO · Oz=0.0 link=— · manos_feria_informe.json
[RANGO] SKHYUSDT_LINEAL last=163.27 · río=WS · mercado=linear · estado=ACECHANDO · dir=— · 0=164.91 · Oz=— · Red=— · manos=ON · pos=flat · latido=1.50s
[2026-08-31 10:46:32] [TUSK] RECONCILIACIÓN: PURRUSDT_LINEAL: interno L:2.500000/S:0.000000 -> real L:3.000000/S:0.000000
[2026-08-31 10:46:32] [TUSK] RECONCILIACIÓN: LITUSDT_LINEAL: interno L:0.000000/S:0.000000 -> real L:0.000000/S:25.000000
[2026-08-31 10:46:32] [TUSK] RECONCILIACIÓN: HYPEUSD_INVERSE: interno L:146.000000/S:0.000000 -> real L:73.000000/S:0.000000
[2026-08-31 10:46:32] [TUSK] RECONCILIACIÓN_FANTASMA: SNXXUSDT_LINEAL existe interno pero no en exchange -> reseteando
[2026-08-31 10:46:32] [TUSK] RECONCILIACIÓN_OK: 4 frentes alineados con exchange
[RANGO] SKHYUSDT_LINEAL last=163.25 · río=WS · mercado=linear · estado=ACECHANDO · dir=— · 0=164.91 · Oz=— · Red=— · manos=ON · pos=flat · latido=1.50s
[RANGO] autosello SKHY · ACECHANDO · Oz=0.0 link=— · manos_feria_informe.json
[RANGO] SKHYUSDT_LINEAL last=163.27 · río=WS · mercado=linear · estado=ACECHANDO · dir=— · 0=164.91 · Oz=— · Red=— · manos=ON · pos=flat · latido=1.50s
[RANGO] autosello SKHY · ACECHANDO · Oz=0.0 link=— · manos_feria_informe.json
[RANGO] SKHYUSDT_LINEAL last=163.24 · río=WS · mercado=linear · estado=ACECHANDO · dir=— · 0=164.91 · Oz=— · Red=— · manos=ON · pos=flat · latido=1.50s
[RANGO] SKHYUSDT_LINEAL last=163.23 · río=WS · mercado=linear · estado=ACECHANDO · dir=— · 0=164.91 · Oz=— · Red=— · manos=ON · pos=flat · latido=1.50s
[RANGO] autosello SKHY · ACECHANDO · Oz=0.0 link=— · manos_feria_informe.json
[RANGO] SKHYUSDT_LINEAL last=163.26 · río=WS · mercado=linear · estado=ACECHANDO · dir=— · 0=164.91 · Oz=— · Red=— · manos=ON · pos=flat · latido=1.50s
[RANGO] autosello SKHY · ACECHANDO · Oz=0.0 link=— · manos_feria_informe.json
[RANGO] SKHYUSDT_LINEAL last=163.28 · río=WS · mercado=linear · estado=ACECHANDO · dir=— · 0=164.91 · Oz=— · Red=— · manos=ON · pos=flat · latido=1.50s
[2026-08-31 10:47:33] [TUSK] RECONCILIACIÓN: LITUSDT_LINEAL: interno L:0.000000/S:25.000000 -> real L:0.000000/S:26.900000
[2026-08-31 10:47:33] [TUSK] RECONCILIACIÓN: PURRUSDT_LINEAL: interno L:3.000000/S:0.000000 -> real L:3.700000/S:0.000000
[2026-08-31 10:47:33] [TUSK] RECONCILIACIÓN: BLUAIUSDT_LINEAL: interno L:1590.000000/S:0.000000 -> real L:1180.000000/S:0.000000
[2026-08-31 10:47:33] [TUSK] RECONCILIACIÓN_OK: 3 frentes alineados con exchange
[RANGO] SKHYUSDT_LINEAL last=163.28 · río=WS · mercado=linear · estado=ACECHANDO · dir=— · 0=164.91 · Oz=— · Red=— · manos=ON · pos=flat · latido=1.50s
[RANGO] autosello SKHY · ACECHANDO · Oz=0.0 link=— · manos_feria_informe.json
[RANGO] SKHYUSDT_LINEAL last=163.3 · río=WS · mercado=linear · estado=ACECHANDO · dir=— · 0=164.91 · Oz=— · Red=— · manos=ON · pos=flat · latido=1.50s
[RANGO] autosello SKHY · ACECHANDO · Oz=0.0 link=— · manos_feria_informe.json
[RANGO] SKHYUSDT_LINEAL last=163.29 · río=WS · mercado=linear · estado=ACECHANDO · dir=— · 0=164.91 · Oz=— · Red=— · manos=ON · pos=flat · latido=1.50s
[RANGO] SKHYUSDT_LINEAL last=163.29 · río=WS · mercado=linear · estado=ACECHANDO · dir=— · 0=164.91 · Oz=— · Red=— · manos=ON · pos=flat · latido=1.50s
[RANGO] autosello SKHY · ACECHANDO · Oz=0.0 link=— · manos_feria_informe.json
[RANGO] SKHYUSDT_LINEAL last=163.3 · río=WS · mercado=linear · estado=ACECHANDO · dir=— · 0=164.91 · Oz=— · Red=— · manos=ON · pos=flat · latido=1.50s
[RANGO] autosello SKHY · ACECHANDO · Oz=0.0 link=— · manos_feria_informe.json
[RANGO] SKHYUSDT_LINEAL last=163.28 · río=WS · mercado=linear · estado=ACECHANDO · dir=— · 0=164.91 · Oz=— · Red=— · manos=ON · pos=flat · latido=1.50s
[2026-08-31 10:48:34] [TUSK] RECONCILIACIÓN: PURRUSDT_LINEAL: interno L:3.700000/S:0.000000 -> real L:3.200000/S:0.000000
[2026-08-31 10:48:34] [TUSK] RECONCILIACIÓN_OK: 1 frentes alineados con exchange
[RANGO] SKHYUSDT_LINEAL last=163.29 · río=WS · mercado=linear · estado=ACECHANDO · dir=— · 0=164.91 · Oz=— · Red=— · manos=ON · pos=flat · latido=1.50s
[RANGO] autosello SKHY · ACECHANDO · Oz=0.0 link=— · manos_feria_informe.json
[RANGO] SKHYUSDT_LINEAL last=163.28 · río=WS · mercado=linear · estado=ACECHANDO · dir=— · 0=164.91 · Oz=— · Red=— · manos=ON · pos=flat · latido=1.50s
[RANGO] autosello SKHY · ACECHANDO · Oz=0.0 link=— · manos_feria_informe.json
[RANGO] SKHYUSDT_LINEAL last=163.32 · río=WS · mercado=linear · estado=ACECHANDO · dir=— · 0=164.91 · Oz=— · Red=— · manos=ON · pos=flat · latido=1.50s
[RANGO] SKHYUSDT_LINEAL last=163.36 · río=WS · mercado=linear · estado=ACECHANDO · dir=— · 0=164.91 · Oz=— · Red=— · manos=ON · pos=flat · latido=1.50s
[RANGO] autosello SKHY · ACECHANDO · Oz=0.0 link=— · manos_feria_informe.json
[RANGO] SKHYUSDT_LINEAL last=163.37 · río=WS · mercado=linear · estado=ACECHANDO · dir=— · 0=164.91 · Oz=— · Red=— · manos=ON · pos=flat · latido=1.50s
[RANGO] autosello SKHY · ACECHANDO · Oz=0.0 link=— · manos_feria_informe.json
[RANGO] SKHYUSDT_LINEAL last=163.44 · río=WS · mercado=linear · estado=ACECHANDO · dir=— · 0=164.91 · Oz=— · Red=— · manos=ON · pos=flat · latido=1.50s
[2026-08-31 10:49:35] [TUSK] RECONCILIACIÓN: PURRUSDT_LINEAL: interno L:3.200000/S:0.000000 -> real L:3.700000/S:0.000000
[2026-08-31 10:49:35] [TUSK] RECONCILIACIÓN: MORPHOUSDT_LINEAL: interno L:0.000000/S:0.000000 -> real L:23.000000/S:0.000000
[2026-08-31 10:49:35] [TUSK] RECONCILIACIÓN: DASHUSDT_LINEAL: interno L:0.000000/S:0.680000 -> real L:0.000000/S:0.810000
[2026-08-31 10:49:35] [TUSK] RECONCILIACIÓN_FANTASMA: UNIUSDT_LINEAL existe interno pero no en exchange -> reseteando
[2026-08-31 10:49:35] [TUSK] RECONCILIACIÓN_OK: 4 frentes alineados con exchange
[RANGO] SKHYUSDT_LINEAL last=163.41 · río=WS · mercado=linear · estado=ACECHANDO · dir=— · 0=164.91 · Oz=— · Red=— · manos=ON · pos=flat · latido=1.50s
[RANGO] autosello SKHY · ACECHANDO · Oz=0.0 link=— · manos_feria_informe.json
[RANGO] SKHYUSDT_LINEAL last=163.4 · río=WS · mercado=linear · estado=ACECHANDO · dir=— · 0=164.91 · Oz=— · Red=— · manos=ON · pos=flat · latido=1.50s
[RANGO] autosello SKHY · ACECHANDO · Oz=0.0 link=— · manos_feria_informe.json
[RANGO] SKHYUSDT_LINEAL last=163.3 · río=WS · mercado=linear · estado=ACECHANDO · dir=— · 0=164.91 · Oz=— · Red=— · manos=ON · pos=flat · latido=1.50s
[RANGO] SKHYUSDT_LINEAL last=163.38 · río=WS · mercado=linear · estado=ACECHANDO · dir=— · 0=164.91 · Oz=— · Red=— · manos=ON · pos=flat · latido=1.50s
[RANGO] autosello SKHY · ACECHANDO · Oz=0.0 link=— · manos_feria_informe.json
[RANGO] SKHYUSDT_LINEAL last=163.37 · río=WS · mercado=linear · estado=ACECHANDO · dir=— · 0=164.91 · Oz=— · Red=— · manos=ON · pos=flat · latido=1.50s
[RANGO] autosello SKHY · ACECHANDO · Oz=0.0 link=— · manos_feria_informe.json
[RANGO] SKHYUSDT_LINEAL last=163.27 · río=WS · mercado=linear · estado=ACECHANDO · dir=— · 0=164.91 · Oz=— · Red=— · manos=ON · pos=flat · latido=1.50s
[2026-08-31 10:50:36] [TUSK] RECONCILIACIÓN: ASTSUSDT_LINEAL: interno L:0.000000/S:0.000000 -> real L:0.780000/S:0.000000
[2026-08-31 10:50:36] [TUSK] RECONCILIACIÓN: LITUSDT_LINEAL: interno L:0.000000/S:26.900000 -> real L:0.000000/S:25.500000
[2026-08-31 10:50:36] [TUSK] RECONCILIACIÓN: ETHUSD_INVERSE: interno L:190.000000/S:0.000000 -> real L:95.000000/S:0.000000
[2026-08-31 10:50:36] [TUSK] RECONCILIACIÓN_FANTASMA: OUSDT_LINEAL existe interno pero no en exchange -> reseteando
[2026-08-31 10:50:36] [TUSK] RECONCILIACIÓN_OK: 4 frentes alineados con exchange
[RANGO] SKHYUSDT_LINEAL last=163.22 · río=WS · mercado=linear · estado=ACECHANDO · dir=— · 0=164.91 · Oz=— · Red=— · manos=ON · pos=flat · latido=1.50s
[RANGO] autosello SKHY · ACECHANDO · Oz=0.0 link=— · manos_feria_informe.json
[RANGO] SKHYUSDT_LINEAL last=163.22 · río=WS · mercado=linear · estado=ACECHANDO · dir=— · 0=164.91 · Oz=— · Red=— · manos=ON · pos=flat · latido=1.50s
[RANGO] autosello SKHY · ACECHANDO · Oz=0.0 link=— · manos_feria_informe.json
[RANGO] SKHYUSDT_LINEAL last=163.25 · río=WS · mercado=linear · estado=ACECHANDO · dir=— · 0=164.91 · Oz=— · Red=— · manos=ON · pos=flat · latido=1.50s
[RANGO] SKHYUSDT_LINEAL last=163.24 · río=WS · mercado=linear · estado=ACECHANDO · dir=— · 0=164.91 · Oz=— · Red=— · manos=ON · pos=flat · latido=1.50s
[RANGO] autosello SKHY · ACECHANDO · Oz=0.0 link=— · manos_feria_informe.json
[RANGO] SKHYUSDT_LINEAL last=163.24 · río=WS · mercado=linear · estado=ACECHANDO · dir=— · 0=164.91 · Oz=— · Red=— · manos=ON · pos=flat · latido=1.50s
[RANGO] autosello SKHY · ACECHANDO · Oz=0.0 link=— · manos_feria_informe.json
[RANGO] SKHYUSDT_LINEAL last=163.22 · río=WS · mercado=linear · estado=ACECHANDO · dir=— · 0=164.91 · Oz=— · Red=— · manos=ON · pos=flat · latido=1.50s
[2026-08-31 10:51:37] [TUSK] RECONCILIACIÓN: MONUSDT_LINEAL: interno L:0.000000/S:0.000000 -> real L:5276.000000/S:0.000000
[2026-08-31 10:51:37] [TUSK] RECONCILIACIÓN_FANTASMA: STXXUSDT_LINEAL existe interno pero no en exchange -> reseteando
[2026-08-31 10:51:37] [TUSK] RECONCILIACIÓN_OK: 2 frentes alineados con exchange
[RANGO] SKHYUSDT_LINEAL last=163.29 · río=WS · mercado=linear · estado=ACECHANDO · dir=— · 0=164.91 · Oz=— · Red=— · manos=ON · pos=flat · latido=1.50s
[RANGO] autosello SKHY · ACECHANDO · Oz=0.0 link=— · manos_feria_informe.json
[RANGO] SKHYUSDT_LINEAL last=163.2 · río=WS · mercado=linear · estado=ACECHANDO · dir=— · 0=164.91 · Oz=— · Red=— · manos=ON · pos=flat · latido=1.50s
[RANGO] autosello SKHY · ACECHANDO · Oz=0.0 link=— · manos_feria_informe.json
[RANGO] SKHYUSDT_LINEAL last=163.24 · río=WS · mercado=linear · estado=ACECHANDO · dir=— · 0=164.91 · Oz=— · Red=— · manos=ON · pos=flat · latido=1.50s
[RANGO] SKHYUSDT_LINEAL last=163.26 · río=WS · mercado=linear · estado=ACECHANDO · dir=— · 0=164.91 · Oz=— · Red=— · manos=ON · pos=flat · latido=1.50s
[RANGO] autosello SKHY · ACECHANDO · Oz=0.0 link=— · manos_feria_informe.json
[RANGO] SKHYUSDT_LINEAL last=163.23 · río=WS · mercado=linear · estado=ACECHANDO · dir=— · 0=164.91 · Oz=— · Red=— · manos=ON · pos=flat · latido=1.50s
[RANGO] autosello SKHY · ACECHANDO · Oz=0.0 link=— · manos_feria_informe.json
[RANGO] SKHYUSDT_LINEAL last=163.22 · río=WS · mercado=linear · estado=ACECHANDO · dir=— · 0=164.91 · Oz=— · Red=— · manos=ON · pos=flat · latido=1.50s
[2026-08-31 10:52:39] [TUSK] RECONCILIACIÓN: SUSHIUSDT_LINEAL: interno L:0.000000/S:0.000000 -> real L:139.800000/S:0.000000
[2026-08-31 10:52:39] [TUSK] RECONCILIACIÓN: ACUUSDT_LINEAL: interno L:0.000000/S:0.000000 -> real L:215.000000/S:0.000000
[2026-08-31 10:52:39] [TUSK] RECONCILIACIÓN_FANTASMA: PLTRUSDT_LINEAL existe interno pero no en exchange -> reseteando
[2026-08-31 10:52:39] [TUSK] RECONCILIACIÓN_FANTASMA: CFGUSDT_LINEAL existe interno pero no en exchange -> reseteando
[2026-08-31 10:52:39] [TUSK] RECONCILIACIÓN_OK: 4 frentes alineados con exchange
[RANGO] SKHYUSDT_LINEAL last=163.23 · río=WS · mercado=linear · estado=ACECHANDO · dir=— · 0=164.91 · Oz=— · Red=— · manos=ON · pos=flat · latido=1.50s
[RANGO] autosello SKHY · ACECHANDO · Oz=0.0 link=— · manos_feria_informe.json
[RANGO] SKHYUSDT_LINEAL last=163.26 · río=WS · mercado=linear · estado=ACECHANDO · dir=— · 0=164.91 · Oz=— · Red=— · manos=ON · pos=flat · latido=1.50s
[RANGO] autosello SKHY · ACECHANDO · Oz=0.0 link=— · manos_feria_informe.json
[RANGO] SKHYUSDT_LINEAL last=163.14 · río=WS · mercado=linear · estado=ACECHANDO · dir=— · 0=164.91 · Oz=— · Red=— · manos=ON · pos=flat · latido=1.50s
[RANGO] SKHYUSDT_LINEAL last=163.2 · río=WS · mercado=linear · estado=ACECHANDO · dir=— · 0=164.91 · Oz=— · Red=— · manos=ON · pos=flat · latido=1.50s
[RANGO] autosello SKHY · ACECHANDO · Oz=0.0 link=— · manos_feria_informe.json
[RANGO] SKHYUSDT_LINEAL last=163.19 · río=WS · mercado=linear · estado=ACECHANDO · dir=— · 0=164.91 · Oz=— · Red=— · manos=ON · pos=flat · latido=1.50s
[RANGO] autosello SKHY · ACECHANDO · Oz=0.0 link=— · manos_feria_informe.json
[RANGO] SKHYUSDT_LINEAL last=163.22 · río=WS · mercado=linear · estado=ACECHANDO · dir=— · 0=164.91 · Oz=— · Red=— · manos=ON · pos=flat · latido=1.50s
[RANGO] SKHYUSDT_LINEAL last=163.27 · río=WS · mercado=linear · estado=ACECHANDO · dir=— · 0=164.91 · Oz=— · Red=— · manos=ON · pos=flat · latido=1.50s
[2026-08-31 10:53:40] [TUSK] RECONCILIACIÓN: TRBUSDT_LINEAL: interno L:0.000000/S:0.000000 -> real L:5.240000/S:0.000000
[2026-08-31 10:53:40] [TUSK] RECONCILIACIÓN_FANTASMA: FWDIUSDT_LINEAL existe interno pero no en exchange -> reseteando
[2026-08-31 10:53:40] [TUSK] RECONCILIACIÓN_OK: 2 frentes alineados con exchange
[RANGO] autosello SKHY · ACECHANDO · Oz=0.0 link=— · manos_feria_informe.json
[RANGO] SKHYUSDT_LINEAL last=163.26 · río=WS · mercado=linear · estado=ACECHANDO · dir=— · 0=164.91 · Oz=— · Red=— · manos=ON · pos=flat · latido=1.50s
[RANGO] autosello SKHY · ACECHANDO · Oz=0.0 link=— · manos_feria_informe.json
[RANGO] SKHYUSDT_LINEAL last=163.25 · río=WS · mercado=linear · estado=ACECHANDO · dir=— · 0=164.91 · Oz=— · Red=— · manos=ON · pos=flat · latido=1.50s
[RANGO] SKHYUSDT_LINEAL last=163.2 · río=WS · mercado=linear · estado=ACECHANDO · dir=— · 0=164.91 · Oz=— · Red=— · manos=ON · pos=flat · latido=1.50s
[RANGO] autosello SKHY · ACECHANDO · Oz=0.0 link=— · manos_feria_informe.json
[RANGO] SKHYUSDT_LINEAL last=163.25 · río=WS · mercado=linear · estado=ACECHANDO · dir=— · 0=164.91 · Oz=— · Red=— · manos=ON · pos=flat · latido=1.50s
[RANGO] autosello SKHY · ACECHANDO · Oz=0.0 link=— · manos_feria_informe.json
[RANGO] SKHYUSDT_LINEAL last=163.31 · río=WS · mercado=linear · estado=ACECHANDO · dir=— · 0=164.91 · Oz=— · Red=— · manos=ON · pos=flat · latido=1.50s
[RANGO] SKHYUSDT_LINEAL last=163.26 · río=WS · mercado=linear · estado=ACECHANDO · dir=— · 0=164.91 · Oz=— · Red=— · manos=ON · pos=flat · latido=1.50s
[RANGO] autosello SKHY · ACECHANDO · Oz=0.0 link=— · manos_feria_informe.json
[RANGO] SKHYUSDT_LINEAL last=163.25 · río=WS · mercado=linear · estado=ACECHANDO · dir=— · 0=164.91 · Oz=— · Red=— · manos=ON · pos=flat · latido=1.50s
[RANGO] autosello SKHY · ACECHANDO · Oz=0.0 link=— · manos_feria_informe.json
[RANGO] SKHYUSDT_LINEAL last=163.23 · río=WS · mercado=linear · estado=ACECHANDO · dir=— · 0=164.91 · Oz=— · Red=— · manos=ON · pos=flat · latido=1.50s
[RANGO] SKHYUSDT_LINEAL last=163.23 · río=WS · mercado=linear · estado=ACECHANDO · dir=— · 0=164.91 · Oz=— · Red=— · manos=ON · pos=flat · latido=1.50s
[RANGO] autosello SKHY · ACECHANDO · Oz=0.0 link=— · manos_feria_informe.json
[RANGO] SKHYUSDT_LINEAL last=163.23 · río=WS · mercado=linear · estado=ACECHANDO · dir=— · 0=164.91 · Oz=— · Red=— · manos=ON · pos=flat · latido=1.50s
[RANGO] autosello SKHY · ACECHANDO · Oz=0.0 link=— · manos_feria_informe.json
[RANGO] SKHYUSDT_LINEAL last=163.33 · río=WS · mercado=linear · estado=ACECHANDO · dir=— · 0=164.91 · Oz=— · Red=— · manos=ON · pos=flat · latido=1.50s
[RANGO] SKHYUSDT_LINEAL last=163.35 · río=WS · mercado=linear · estado=ACECHANDO · dir=— · 0=164.91 · Oz=— · Red=— · manos=ON · pos=flat · latido=1.50s
[RANGO] autosello SKHY · ACECHANDO · Oz=0.0 link=— · manos_feria_informe.json
[2026-08-31 10:55:42] [TUSK] RECONCILIACIÓN: LITUSDT_LINEAL: interno L:0.000000/S:25.500000 -> real L:0.000000/S:24.100000
[2026-08-31 10:55:42] [TUSK] RECONCILIACIÓN_OK: 1 frentes alineados con exchange
[RANGO] SKHYUSDT_LINEAL last=163.3 · río=WS · mercado=linear · estado=ACECHANDO · dir=— · 0=164.91 · Oz=— · Red=— · manos=ON · pos=flat · latido=1.50s
[RANGO] autosello SKHY · ACECHANDO · Oz=0.0 link=— · manos_feria_informe.json
[RANGO] SKHYUSDT_LINEAL last=163.32 · río=WS · mercado=linear · estado=ACECHANDO · dir=— · 0=164.91 · Oz=— · Red=— · manos=ON · pos=flat · latido=1.50s
[RANGO] SKHYUSDT_LINEAL last=163.47 · río=WS · mercado=linear · estado=ACECHANDO · dir=— · 0=164.91 · Oz=— · Red=— · manos=ON · pos=flat · latido=1.50s
[RANGO] autosello SKHY · ACECHANDO · Oz=0.0 link=— · manos_feria_informe.json
[RANGO] SKHYUSDT_LINEAL last=163.45 · río=WS · mercado=linear · estado=ACECHANDO · dir=— · 0=164.91 · Oz=— · Red=— · manos=ON · pos=flat · latido=1.50s
[RANGO] autosello SKHY · ACECHANDO · Oz=0.0 link=— · manos_feria_informe.json
[RANGO] SKHYUSDT_LINEAL last=163.49 · río=WS · mercado=linear · estado=ACECHANDO · dir=— · 0=164.91 · Oz=— · Red=— · manos=ON · pos=flat · latido=1.50s
[RANGO] SKHYUSDT_LINEAL last=163.5 · río=WS · mercado=linear · estado=ACECHANDO · dir=— · 0=164.91 · Oz=— · Red=— · manos=ON · pos=flat · latido=1.50s
[RANGO] autosello SKHY · ACECHANDO · Oz=0.0 link=— · manos_feria_informe.json
[RANGO] SKHYUSDT_LINEAL last=163.41 · río=WS · mercado=linear · estado=ACECHANDO · dir=— · 0=164.91 · Oz=— · Red=— · manos=ON · pos=flat · latido=1.50s
[RANGO] autosello SKHY · ACECHANDO · Oz=0.0 link=— · manos_feria_informe.json
[RANGO] SKHYUSDT_LINEAL last=163.42 · río=WS · mercado=linear · estado=ACECHANDO · dir=— · 0=164.91 · Oz=— · Red=— · manos=ON · pos=flat · latido=1.50s
[RANGO] SKHYUSDT_LINEAL last=163.41 · río=WS · mercado=linear · estado=ACECHANDO · dir=— · 0=164.91 · Oz=— · Red=— · manos=ON · pos=flat · latido=1.50s
[RANGO] autosello SKHY · ACECHANDO · Oz=0.0 link=— · manos_feria_informe.json
[RANGO] SKHYUSDT_LINEAL last=163.43 · río=WS · mercado=linear · estado=ACECHANDO · dir=— · 0=164.91 · Oz=— · Red=— · manos=ON · pos=flat · latido=1.50s
[RANGO] autosello SKHY · ACECHANDO · Oz=0.0 link=— · manos_feria_informe.json
[RANGO] SKHYUSDT_LINEAL last=163.5 · río=WS · mercado=linear · estado=ACECHANDO · dir=— · 0=164.91 · Oz=— · Red=— · manos=ON · pos=flat · latido=1.50s
[RANGO] SKHYUSDT_LINEAL last=163.48 · río=WS · mercado=linear · estado=ACECHANDO · dir=— · 0=164.91 · Oz=— · Red=— · manos=ON · pos=flat · latido=1.50s
[RANGO] autosello SKHY · ACECHANDO · Oz=0.0 link=— · manos_feria_informe.json
[2026-08-31 10:57:44] [TUSK] RECONCILIACIÓN: ROBOUSDT_LINEAL: interno L:0.000000/S:0.000000 -> real L:3390.000000/S:0.000000
[2026-08-31 10:57:44] [TUSK] RECONCILIACIÓN_FANTASMA: POWERUSDT_LINEAL existe interno pero no en exchange -> reseteando
[2026-08-31 10:57:44] [TUSK] RECONCILIACIÓN_OK: 2 frentes alineados con exchange
[RANGO] SKHYUSDT_LINEAL last=163.43 · río=WS · mercado=linear · estado=ACECHANDO · dir=— · 0=164.91 · Oz=— · Red=— · manos=ON · pos=flat · latido=1.50s
[RANGO] autosello SKHY · ACECHANDO · Oz=0.0 link=— · manos_feria_informe.json
[RANGO] SKHYUSDT_LINEAL last=163.43 · río=WS · mercado=linear · estado=ACECHANDO · dir=— · 0=164.91 · Oz=— · Red=— · manos=ON · pos=flat · latido=1.50s
[RANGO] SKHYUSDT_LINEAL last=163.47 · río=WS · mercado=linear · estado=ACECHANDO · dir=— · 0=164.91 · Oz=— · Red=— · manos=ON · pos=flat · latido=1.50s
[RANGO] autosello SKHY · ACECHANDO · Oz=0.0 link=— · manos_feria_informe.json
[RANGO] SKHYUSDT_LINEAL last=163.47 · río=WS · mercado=linear · estado=ACECHANDO · dir=— · 0=164.91 · Oz=— · Red=— · manos=ON · pos=flat · latido=1.50s
[RANGO] autosello SKHY · ACECHANDO · Oz=0.0 link=— · manos_feria_informe.json
[RANGO] SKHYUSDT_LINEAL last=163.46 · río=WS · mercado=linear · estado=ACECHANDO · dir=— · 0=164.91 · Oz=— · Red=— · manos=ON · pos=flat · latido=1.50s
[RANGO] SKHYUSDT_LINEAL last=163.45 · río=WS · mercado=linear · estado=ACECHANDO · dir=— · 0=164.91 · Oz=— · Red=— · manos=ON · pos=flat · latido=1.50s
[RANGO] autosello SKHY · ACECHANDO · Oz=0.0 link=— · manos_feria_informe.json
[2026-08-31 10:58:45] [TUSK] RECONCILIACIÓN: MOVRUSDT_LINEAL: interno L:0.000000/S:0.000000 -> real L:0.000000/S:115.100000
[2026-08-31 10:58:45] [TUSK] RECONCILIACIÓN_FANTASMA: AEHRUSDT_LINEAL existe interno pero no en exchange -> reseteando
[2026-08-31 10:58:45] [TUSK] RECONCILIACIÓN_OK: 2 frentes alineados con exchange
[RANGO] SKHYUSDT_LINEAL last=163.48 · río=WS · mercado=linear · estado=ACECHANDO · dir=— · 0=164.91 · Oz=— · Red=— · manos=ON · pos=flat · latido=1.50s
[RANGO] autosello SKHY · ACECHANDO · Oz=0.0 link=— · manos_feria_informe.json
[RANGO] SKHYUSDT_LINEAL last=163.44 · río=WS · mercado=linear · estado=ACECHANDO · dir=— · 0=164.91 · Oz=— · Red=— · manos=ON · pos=flat · latido=1.50s
[RANGO] SKHYUSDT_LINEAL last=163.43 · río=WS · mercado=linear · estado=ACECHANDO · dir=— · 0=164.91 · Oz=— · Red=— · manos=ON · pos=flat · latido=1.50s
[RANGO] autosello SKHY · ACECHANDO · Oz=0.0 link=— · manos_feria_informe.json
[RANGO] SKHYUSDT_LINEAL last=163.39 · río=WS · mercado=linear · estado=ACECHANDO · dir=— · 0=164.91 · Oz=— · Red=— · manos=ON · pos=flat · latido=1.50s
[RANGO] autosello SKHY · ACECHANDO · Oz=0.0 link=— · manos_feria_informe.json
[RANGO] SKHYUSDT_LINEAL last=163.48 · río=WS · mercado=linear · estado=ACECHANDO · dir=— · 0=164.91 · Oz=— · Red=— · manos=ON · pos=flat · latido=1.50s
[RANGO] SKHYUSDT_LINEAL last=163.5 · río=WS · mercado=linear · estado=ACECHANDO · dir=— · 0=164.91 · Oz=— · Red=— · manos=ON · pos=flat · latido=1.50s
[RANGO] autosello SKHY · ACECHANDO · Oz=0.0 link=— · manos_feria_informe.json
[2026-08-31 10:59:46] [TUSK] RECONCILIACIÓN: SAMSUNGUSDT_LINEAL: interno L:0.000000/S:0.000000 -> real L:0.000000/S:0.110000
[2026-08-31 10:59:46] [TUSK] RECONCILIACIÓN: POWERUSDT_LINEAL: interno L:0.000000/S:0.000000 -> real L:0.000000/S:130.000000
[2026-08-31 10:59:46] [TUSK] RECONCILIACIÓN_FANTASMA: CHIPUSDT_LINEAL existe interno pero no en exchange -> reseteando
[2026-08-31 10:59:46] [TUSK] RECONCILIACIÓN_FANTASMA: ROSEUSDT_LINEAL existe interno pero no en exchange -> reseteando
[2026-08-31 10:59:46] [TUSK] RECONCILIACIÓN_OK: 4 frentes alineados con exchange
[RANGO] SKHYUSDT_LINEAL last=163.55 · río=WS · mercado=linear · estado=ACECHANDO · dir=— · 0=164.91 · Oz=— · Red=— · manos=ON · pos=flat · latido=1.50s
[RANGO] autosello SKHY · ACECHANDO · Oz=0.0 link=— · manos_feria_informe.json
[RANGO] SKHYUSDT_LINEAL last=163.55 · río=WS · mercado=linear · estado=ACECHANDO · dir=— · 0=164.91 · Oz=— · Red=— · manos=ON · pos=flat · latido=1.50s
[RANGO] SKHYUSDT_LINEAL last=163.54 · río=WS · mercado=linear · estado=ACECHANDO · dir=— · 0=164.91 · Oz=— · Red=— · manos=ON · pos=flat · latido=1.50s
[RANGO] autosello SKHY · ACECHANDO · Oz=0.0 link=— · manos_feria_informe.json
[RANGO] SKHYUSDT_LINEAL last=163.57 · río=WS · mercado=linear · estado=ACECHANDO · dir=— · 0=164.91 · Oz=— · Red=— · manos=ON · pos=flat · latido=1.50s
[RANGO] autosello SKHY · ACECHANDO · Oz=0.0 link=— · manos_feria_informe.json
[RANGO] SKHYUSDT_LINEAL last=163.52 · río=WS · mercado=linear · estado=ACECHANDO · dir=— · 0=164.91 · Oz=— · Red=— · manos=ON · pos=flat · latido=1.50s
[RANGO] SKHYUSDT_LINEAL last=163.49 · río=WS · mercado=linear · estado=ACECHANDO · dir=— · 0=164.91 · Oz=— · Red=— · manos=ON · pos=flat · latido=1.50s
[RANGO] autosello SKHY · ACECHANDO · Oz=0.0 link=— · manos_feria_informe.json
[2026-08-31 11:00:47] [TUSK] RECONCILIACIÓN: COTIUSDT_LINEAL: interno L:0.000000/S:0.000000 -> real L:1213.000000/S:0.000000
[2026-08-31 11:00:47] [TUSK] RECONCILIACIÓN_FANTASMA: TWTUSDT_LINEAL existe interno pero no en exchange -> reseteando
[2026-08-31 11:00:47] [TUSK] RECONCILIACIÓN_OK: 2 frentes alineados con exchange
[RANGO] SKHYUSDT_LINEAL last=163.54 · río=WS · mercado=linear · estado=ACECHANDO · dir=— · 0=164.91 · Oz=— · Red=— · manos=ON · pos=flat · latido=1.50s
[RANGO] autosello SKHY · ACECHANDO · Oz=0.0 link=— · manos_feria_informe.json
[RANGO] SKHYUSDT_LINEAL last=163.57 · río=WS · mercado=linear · estado=ACECHANDO · dir=— · 0=164.91 · Oz=— · Red=— · manos=ON · pos=flat · latido=1.50s
[RANGO] SKHYUSDT_LINEAL last=163.6 · río=WS · mercado=linear · estado=ACECHANDO · dir=— · 0=164.91 · Oz=— · Red=— · manos=ON · pos=flat · latido=1.50s
[RANGO] autosello SKHY · ACECHANDO · Oz=0.0 link=— · manos_feria_informe.json
[RANGO] SKHYUSDT_LINEAL last=163.62 · río=WS · mercado=linear · estado=ACECHANDO · dir=— · 0=164.91 · Oz=— · Red=— · manos=ON · pos=flat · latido=1.50s
[RANGO] autosello SKHY · ACECHANDO · Oz=0.0 link=— · manos_feria_informe.json
[RANGO] SKHYUSDT_LINEAL last=163.68 · río=WS · mercado=linear · estado=ACECHANDO · dir=— · 0=164.91 · Oz=— · Red=— · manos=ON · pos=flat · latido=1.50s
[RANGO] SKHYUSDT_LINEAL last=163.76 · río=WS · mercado=linear · estado=ACECHANDO · dir=— · 0=164.91 · Oz=— · Red=— · manos=ON · pos=flat · latido=1.50s
[RANGO] autosello SKHY · ACECHANDO · Oz=0.0 link=— · manos_feria_informe.json
[2026-08-31 11:01:49] [TUSK] RECONCILIACIÓN: PRLUSDT_LINEAL: interno L:0.000000/S:0.000000 -> real L:1308.000000/S:0.000000
[2026-08-31 11:01:49] [TUSK] RECONCILIACIÓN: TWTUSDT_LINEAL: interno L:0.000000/S:0.000000 -> real L:7.400000/S:0.000000
[2026-08-31 11:01:49] [TUSK] RECONCILIACIÓN_FANTASMA: CRCLUSDT_LINEAL existe interno pero no en exchange -> reseteando
[2026-08-31 11:01:49] [TUSK] RECONCILIACIÓN_FANTASMA: BMNRUSDT_LINEAL existe interno pero no en exchange -> reseteando
[2026-08-31 11:01:49] [TUSK] RECONCILIACIÓN_OK: 4 frentes alineados con exchange
[RANGO] SKHYUSDT_LINEAL last=163.73 · río=WS · mercado=linear · estado=ACECHANDO · dir=— · 0=164.91 · Oz=— · Red=— · manos=ON · pos=flat · latido=1.50s
[RANGO] autosello SKHY · ACECHANDO · Oz=0.0 link=— · manos_feria_informe.json
[RANGO] SKHYUSDT_LINEAL last=163.72 · río=WS · mercado=linear · estado=ACECHANDO · dir=— · 0=164.91 · Oz=— · Red=— · manos=ON · pos=flat · latido=1.50s
[RANGO] SKHYUSDT_LINEAL last=163.69 · río=WS · mercado=linear · estado=ACECHANDO · dir=— · 0=164.91 · Oz=— · Red=— · manos=ON · pos=flat · latido=1.50s
[RANGO] autosello SKHY · ACECHANDO · Oz=0.0 link=— · manos_feria_informe.json
[RANGO] SKHYUSDT_LINEAL last=163.73 · río=WS · mercado=linear · estado=ACECHANDO · dir=— · 0=164.91 · Oz=— · Red=— · manos=ON · pos=flat · latido=1.50s
[RANGO] autosello SKHY · ACECHANDO · Oz=0.0 link=— · manos_feria_informe.json
[RANGO] SKHYUSDT_LINEAL last=163.73 · río=WS · mercado=linear · estado=ACECHANDO · dir=— · 0=164.91 · Oz=— · Red=— · manos=ON · pos=flat · latido=1.50s
[RANGO] SKHYUSDT_LINEAL last=163.74 · río=WS · mercado=linear · estado=ACECHANDO · dir=— · 0=164.91 · Oz=— · Red=— · manos=ON · pos=flat · latido=1.50s
[RANGO] autosello SKHY · ACECHANDO · Oz=0.0 link=— · manos_feria_informe.json
[RANGO] SKHYUSDT_LINEAL last=163.7 · río=WS · mercado=linear · estado=ACECHANDO · dir=— · 0=164.91 · Oz=— · Red=— · manos=ON · pos=flat · latido=1.50s
[RANGO] autosello SKHY · ACECHANDO · Oz=0.0 link=— · manos_feria_informe.json
[RANGO] SKHYUSDT_LINEAL last=163.73 · río=WS · mercado=linear · estado=ACECHANDO · dir=— · 0=164.91 · Oz=— · Red=— · manos=ON · pos=flat · latido=1.50s
[RANGO] SKHYUSDT_LINEAL last=163.71 · río=WS · mercado=linear · estado=ACECHANDO · dir=— · 0=164.91 · Oz=— · Red=— · manos=ON · pos=flat · latido=1.50s
[RANGO] autosello SKHY · ACECHANDO · Oz=0.0 link=— · manos_feria_informe.json
[RANGO] SKHYUSDT_LINEAL last=163.69 · río=WS · mercado=linear · estado=ACECHANDO · dir=— · 0=164.91 · Oz=— · Red=— · manos=ON · pos=flat · latido=1.50s
[RANGO] autosello SKHY · ACECHANDO · Oz=0.0 link=— · manos_feria_informe.json
[RANGO] SKHYUSDT_LINEAL last=163.65 · río=WS · mercado=linear · estado=ACECHANDO · dir=— · 0=164.91 · Oz=— · Red=— · manos=ON · pos=flat · latido=1.50s
[RANGO] SKHYUSDT_LINEAL last=163.65 · río=WS · mercado=linear · estado=ACECHANDO · dir=— · 0=164.91 · Oz=— · Red=— · manos=ON · pos=flat · latido=1.50s
[RANGO] autosello SKHY · ACECHANDO · Oz=0.0 link=— · manos_feria_informe.json
[RANGO] SKHYUSDT_LINEAL last=163.65 · río=WS · mercado=linear · estado=ACECHANDO · dir=— · 0=164.91 · Oz=— · Red=— · manos=ON · pos=flat · latido=1.50s
[2026-08-31 11:03:51] [TUSK] RECONCILIACIÓN: KSMUSDT_LINEAL: interno L:0.000000/S:0.000000 -> real L:13.470000/S:0.000000
[2026-08-31 11:03:51] [TUSK] RECONCILIACIÓN: DASHUSDT_LINEAL: interno L:0.000000/S:0.810000 -> real L:0.000000/S:1.050000
[2026-08-31 11:03:51] [TUSK] RECONCILIACIÓN_FANTASMA: HYPEUSDT_LINEAL existe interno pero no en exchange -> reseteando
[2026-08-31 11:03:51] [TUSK] RECONCILIACIÓN_OK: 3 frentes alineados con exchange
[RANGO] autosello SKHY · ACECHANDO · Oz=0.0 link=— · manos_feria_informe.json
[RANGO] SKHYUSDT_LINEAL last=163.61 · río=WS · mercado=linear · estado=ACECHANDO · dir=— · 0=164.91 · Oz=— · Red=— · manos=ON · pos=flat · latido=1.50s
[RANGO] SKHYUSDT_LINEAL last=163.61 · río=WS · mercado=linear · estado=ACECHANDO · dir=— · 0=164.91 · Oz=— · Red=— · manos=ON · pos=flat · latido=1.50s
[RANGO] autosello SKHY · ACECHANDO · Oz=0.0 link=— · manos_feria_informe.json
[RANGO] SKHYUSDT_LINEAL last=163.62 · río=WS · mercado=linear · estado=ACECHANDO · dir=— · 0=164.91 · Oz=— · Red=— · manos=ON · pos=flat · latido=1.50s
[RANGO] autosello SKHY · ACECHANDO · Oz=0.0 link=— · manos_feria_informe.json
[RANGO] SKHYUSDT_LINEAL last=163.6 · río=WS · mercado=linear · estado=ACECHANDO · dir=— · 0=164.91 · Oz=— · Red=— · manos=ON · pos=flat · latido=1.50s
[RANGO] SKHYUSDT_LINEAL last=163.63 · río=WS · mercado=linear · estado=ACECHANDO · dir=— · 0=164.91 · Oz=— · Red=— · manos=ON · pos=flat · latido=1.50s
[RANGO] autosello SKHY · ACECHANDO · Oz=0.0 link=— · manos_feria_informe.json
[RANGO] SKHYUSDT_LINEAL last=163.58 · río=WS · mercado=linear · estado=ACECHANDO · dir=— · 0=164.91 · Oz=— · Red=— · manos=ON · pos=flat · latido=1.50s
[RANGO] autosello SKHY · ACECHANDO · Oz=0.0 link=— · manos_feria_informe.json
[RANGO] SKHYUSDT_LINEAL last=163.63 · río=WS · mercado=linear · estado=ACECHANDO · dir=— · 0=164.91 · Oz=— · Red=— · manos=ON · pos=flat · latido=1.50s
[RANGO] SKHYUSDT_LINEAL last=163.62 · río=WS · mercado=linear · estado=ACECHANDO · dir=— · 0=164.91 · Oz=— · Red=— · manos=ON · pos=flat · latido=1.50s
[RANGO] autosello SKHY · ACECHANDO · Oz=0.0 link=— · manos_feria_informe.json
[RANGO] SKHYUSDT_LINEAL last=163.69 · río=WS · mercado=linear · estado=ACECHANDO · dir=— · 0=164.91 · Oz=— · Red=— · manos=ON · pos=flat · latido=1.50s
[RANGO] autosello SKHY · ACECHANDO · Oz=0.0 link=— · manos_feria_informe.json
[RANGO] SKHYUSDT_LINEAL last=163.66 · río=WS · mercado=linear · estado=ACECHANDO · dir=— · 0=164.91 · Oz=— · Red=— · manos=ON · pos=flat · latido=1.50s
[RANGO] SKHYUSDT_LINEAL last=163.65 · río=WS · mercado=linear · estado=ACECHANDO · dir=— · 0=164.91 · Oz=— · Red=— · manos=ON · pos=flat · latido=1.50s
[RANGO] autosello SKHY · ACECHANDO · Oz=0.0 link=— · manos_feria_informe.json
[RANGO] SKHYUSDT_LINEAL last=163.63 · río=WS · mercado=linear · estado=ACECHANDO · dir=— · 0=164.91 · Oz=— · Red=— · manos=ON · pos=flat · latido=1.50s
[RANGO] autosello SKHY · ACECHANDO · Oz=0.0 link=— · manos_feria_informe.json
[RANGO] SKHYUSDT_LINEAL last=163.56 · río=WS · mercado=linear · estado=ACECHANDO · dir=— · 0=164.91 · Oz=— · Red=— · manos=ON · pos=flat · latido=1.50s
[RANGO] SKHYUSDT_LINEAL last=163.49 · río=WS · mercado=linear · estado=ACECHANDO · dir=— · 0=164.91 · Oz=— · Red=— · manos=ON · pos=flat · latido=1.50s
[RANGO] autosello SKHY · ACECHANDO · Oz=0.0 link=— · manos_feria_informe.json
[RANGO] SKHYUSDT_LINEAL last=163.45 · río=WS · mercado=linear · estado=ACECHANDO · dir=— · 0=164.91 · Oz=— · Red=— · manos=ON · pos=flat · latido=1.50s
[RANGO] autosello SKHY · ACECHANDO · Oz=0.0 link=— · manos_feria_informe.json
[RANGO] SKHYUSDT_LINEAL last=163.32 · río=WS · mercado=linear · estado=ACECHANDO · dir=— · 0=164.91 · Oz=— · Red=— · manos=ON · pos=flat · latido=1.50s
[RANGO] SKHYUSDT_LINEAL last=163.32 · río=WS · mercado=linear · estado=ACECHANDO · dir=— · 0=164.91 · Oz=— · Red=— · manos=ON · pos=flat · latido=1.50s
[RANGO] autosello SKHY · ACECHANDO · Oz=0.0 link=— · manos_feria_informe.json
[RANGO] SKHYUSDT_LINEAL last=163.32 · río=WS · mercado=linear · estado=ACECHANDO · dir=— · 0=164.91 · Oz=— · Red=— · manos=ON · pos=flat · latido=1.50s
[2026-08-31 11:06:55] [TUSK] RECONCILIACIÓN: ARCUSDT_LINEAL: interno L:0.000000/S:0.000000 -> real L:45.000000/S:0.000000
[2026-08-31 11:06:55] [TUSK] RECONCILIACIÓN_FANTASMA: BLUAIUSDT_LINEAL existe interno pero no en exchange -> reseteando
[2026-08-31 11:06:55] [TUSK] RECONCILIACIÓN_OK: 2 frentes alineados con exchange
[RANGO] autosello SKHY · ACECHANDO · Oz=0.0 link=— · manos_feria_informe.json
[RANGO] SKHYUSDT_LINEAL last=163.27 · río=WS · mercado=linear · estado=ACECHANDO · dir=— · 0=164.91 · Oz=— · Red=— · manos=ON · pos=flat · latido=1.50s
[RANGO] SKHYUSDT_LINEAL last=163.21 · río=WS · mercado=linear · estado=ACECHANDO · dir=— · 0=164.91 · Oz=— · Red=— · manos=ON · pos=flat · latido=1.50s
[RANGO] autosello SKHY · ACECHANDO · Oz=0.0 link=— · manos_feria_informe.json
[RANGO] SKHYUSDT_LINEAL last=163.2 · río=WS · mercado=linear · estado=ACECHANDO · dir=— · 0=164.91 · Oz=— · Red=— · manos=ON · pos=flat · latido=1.50s
[RANGO] autosello SKHY · ACECHANDO · Oz=0.0 link=— · manos_feria_informe.json
[RANGO] SKHYUSDT_LINEAL last=163.17 · río=WS · mercado=linear · estado=ACECHANDO · dir=— · 0=164.91 · Oz=— · Red=— · manos=ON · pos=flat · latido=1.50s
[RANGO] SKHYUSDT_LINEAL last=163.18 · río=WS · mercado=linear · estado=ACECHANDO · dir=— · 0=164.91 · Oz=— · Red=— · manos=ON · pos=flat · latido=1.50s
[RANGO] autosello SKHY · ACECHANDO · Oz=0.0 link=— · manos_feria_informe.json
[RANGO] SKHYUSDT_LINEAL last=163.34 · río=WS · mercado=linear · estado=ACECHANDO · dir=— · 0=164.91 · Oz=— · Red=— · manos=ON · pos=flat · latido=1.50s
[RANGO] autosello SKHY · ACECHANDO · Oz=0.0 link=— · manos_feria_informe.json
[RANGO] SKHYUSDT_LINEAL last=163.3 · río=WS · mercado=linear · estado=ACECHANDO · dir=— · 0=164.91 · Oz=— · Red=— · manos=ON · pos=flat · latido=1.50s
[RANGO] SKHYUSDT_LINEAL last=163.3 · río=WS · mercado=linear · estado=ACECHANDO · dir=— · 0=164.91 · Oz=— · Red=— · manos=ON · pos=flat · latido=1.50s
[RANGO] autosello SKHY · ACECHANDO · Oz=0.0 link=— · manos_feria_informe.json
[RANGO] SKHYUSDT_LINEAL last=163.32 · río=WS · mercado=linear · estado=ACECHANDO · dir=— · 0=164.91 · Oz=— · Red=— · manos=ON · pos=flat · latido=1.50s
[RANGO] autosello SKHY · ACECHANDO · Oz=0.0 link=— · manos_feria_informe.json
[RANGO] SKHYUSDT_LINEAL last=163.28 · río=WS · mercado=linear · estado=ACECHANDO · dir=— · 0=164.91 · Oz=— · Red=— · manos=ON · pos=flat · latido=1.50s
[RANGO] SKHYUSDT_LINEAL last=163.3 · río=WS · mercado=linear · estado=ACECHANDO · dir=— · 0=164.91 · Oz=— · Red=— · manos=ON · pos=flat · latido=1.50s
[RANGO] autosello SKHY · ACECHANDO · Oz=0.0 link=— · manos_feria_informe.json
[RANGO] SKHYUSDT_LINEAL last=163.21 · río=WS · mercado=linear · estado=ACECHANDO · dir=— · 0=164.91 · Oz=— · Red=— · manos=ON · pos=flat · latido=1.50s
[RANGO] autosello SKHY · ACECHANDO · Oz=0.0 link=— · manos_feria_informe.json
[RANGO] SKHYUSDT_LINEAL last=163.2 · río=WS · mercado=linear · estado=ACECHANDO · dir=— · 0=164.91 · Oz=— · Red=— · manos=ON · pos=flat · latido=1.50s
[RANGO] SKHYUSDT_LINEAL last=163.23 · río=WS · mercado=linear · estado=ACECHANDO · dir=— · 0=164.91 · Oz=— · Red=— · manos=ON · pos=flat · latido=1.50s
[RANGO] autosello SKHY · ACECHANDO · Oz=0.0 link=— · manos_feria_informe.json
[RANGO] SKHYUSDT_LINEAL last=163.2 · río=WS · mercado=linear · estado=ACECHANDO · dir=— · 0=164.91 · Oz=— · Red=— · manos=ON · pos=flat · latido=1.50s
[RANGO] autosello SKHY · ACECHANDO · Oz=0.0 link=— · manos_feria_informe.json
[RANGO] SKHYUSDT_LINEAL last=163.22 · río=WS · mercado=linear · estado=ACECHANDO · dir=— · 0=164.91 · Oz=— · Red=— · manos=ON · pos=flat · latido=1.50s
[RANGO] SKHYUSDT_LINEAL last=163.2 · río=WS · mercado=linear · estado=ACECHANDO · dir=— · 0=164.91 · Oz=— · Red=— · manos=ON · pos=flat · latido=1.50s
[RANGO] autosello SKHY · ACECHANDO · Oz=0.0 link=— · manos_feria_informe.json
[RANGO] SKHYUSDT_LINEAL last=163.2 · río=WS · mercado=linear · estado=ACECHANDO · dir=— · 0=164.91 · Oz=— · Red=— · manos=ON · pos=flat · latido=1.50s
[RANGO] autosello SKHY · ACECHANDO · Oz=0.0 link=— · manos_feria_informe.json
[RANGO] SKHYUSDT_LINEAL last=163.25 · río=WS · mercado=linear · estado=ACECHANDO · dir=— · 0=164.91 · Oz=— · Red=— · manos=ON · pos=flat · latido=1.50s
[RANGO] SKHYUSDT_LINEAL last=163.23 · río=WS · mercado=linear · estado=ACECHANDO · dir=— · 0=164.91 · Oz=— · Red=— · manos=ON · pos=flat · latido=1.50s
[RANGO] autosello SKHY · ACECHANDO · Oz=0.0 link=— · manos_feria_informe.json
[RANGO] SKHYUSDT_LINEAL last=163.21 · río=WS · mercado=linear · estado=ACECHANDO · dir=— · 0=164.91 · Oz=— · Red=— · manos=ON · pos=flat · latido=1.50s
[RANGO] autosello SKHY · ACECHANDO · Oz=0.0 link=— · manos_feria_informe.json
[RANGO] SKHYUSDT_LINEAL last=163.16 · río=WS · mercado=linear · estado=ACECHANDO · dir=— · 0=164.91 · Oz=— · Red=— · manos=ON · pos=flat · latido=1.50s
[RANGO] SKHYUSDT_LINEAL last=163.18 · río=WS · mercado=linear · estado=ACECHANDO · dir=— · 0=164.91 · Oz=— · Red=— · manos=ON · pos=flat · latido=1.50s
[RANGO] autosello SKHY · ACECHANDO · Oz=0.0 link=— · manos_feria_informe.json
[RANGO] SKHYUSDT_LINEAL last=163.14 · río=WS · mercado=linear · estado=ACECHANDO · dir=— · 0=164.91 · Oz=— · Red=— · manos=ON · pos=flat · latido=1.50s
[RANGO] autosello SKHY · ACECHANDO · Oz=0.0 link=— · manos_feria_informe.json
[RANGO] SKHYUSDT_LINEAL last=163.1 · río=WS · mercado=linear · estado=ACECHANDO · dir=— · 0=164.91 · Oz=— · Red=— · manos=ON · pos=flat · latido=1.50s
[2026-08-31 11:11:01] [TUSK] RECONCILIACIÓN: PLTRUSDT_LINEAL: interno L:0.000000/S:0.000000 -> real L:0.030000/S:0.000000
[2026-08-31 11:11:01] [TUSK] RECONCILIACIÓN_FANTASMA: XANUSDT_LINEAL existe interno pero no en exchange -> reseteando
[2026-08-31 11:11:01] [TUSK] RECONCILIACIÓN_OK: 2 frentes alineados con exchange
[RANGO] SKHYUSDT_LINEAL last=163.14 · río=WS · mercado=linear · estado=ACECHANDO · dir=— · 0=164.91 · Oz=— · Red=— · manos=ON · pos=flat · latido=1.50s
[RANGO] autosello SKHY · ACECHANDO · Oz=0.0 link=— · manos_feria_informe.json
[RANGO] SKHYUSDT_LINEAL last=163.15 · río=WS · mercado=linear · estado=ACECHANDO · dir=— · 0=164.91 · Oz=— · Red=— · manos=ON · pos=flat · latido=1.50s
[RANGO] autosello SKHY · ACECHANDO · Oz=0.0 link=— · manos_feria_informe.json
[RANGO] SKHYUSDT_LINEAL last=163.09 · río=WS · mercado=linear · estado=ACECHANDO · dir=— · 0=164.91 · Oz=— · Red=— · manos=ON · pos=flat · latido=1.50s
[RANGO] SKHYUSDT_LINEAL last=163.1 · río=WS · mercado=linear · estado=ACECHANDO · dir=— · 0=164.91 · Oz=— · Red=— · manos=ON · pos=flat · latido=1.50s
[RANGO] autosello SKHY · ACECHANDO · Oz=0.0 link=— · manos_feria_informe.json
[RANGO] SKHYUSDT_LINEAL last=163.05 · río=WS · mercado=linear · estado=ACECHANDO · dir=— · 0=164.91 · Oz=— · Red=— · manos=ON · pos=flat · latido=1.50s
[RANGO] autosello SKHY · ACECHANDO · Oz=0.0 link=— · manos_feria_informe.json
[RANGO] SKHYUSDT_LINEAL last=163.03 · río=WS · mercado=linear · estado=ACECHANDO · dir=— · 0=164.91 · Oz=— · Red=— · manos=ON · pos=flat · latido=1.50s
[RANGO] SKHYUSDT_LINEAL last=163.05 · río=WS · mercado=linear · estado=ACECHANDO · dir=— · 0=164.91 · Oz=— · Red=— · manos=ON · pos=flat · latido=1.50s
[RANGO] autosello SKHY · ACECHANDO · Oz=0.0 link=— · manos_feria_informe.json
[RANGO] SKHYUSDT_LINEAL last=163.09 · río=WS · mercado=linear · estado=ACECHANDO · dir=— · 0=164.91 · Oz=— · Red=— · manos=ON · pos=flat · latido=1.50s
[RANGO] autosello SKHY · ACECHANDO · Oz=0.0 link=— · manos_feria_informe.json
[RANGO] SKHYUSDT_LINEAL last=163.05 · río=WS · mercado=linear · estado=ACECHANDO · dir=— · 0=164.91 · Oz=— · Red=— · manos=ON · pos=flat · latido=1.50s
[RANGO] SKHYUSDT_LINEAL last=163.0 · río=WS · mercado=linear · estado=ACECHANDO · dir=— · 0=164.91 · Oz=— · Red=— · manos=ON · pos=flat · latido=1.50s
[RANGO] autosello SKHY · ACECHANDO · Oz=0.0 link=— · manos_feria_informe.json
[RANGO] SKHYUSDT_LINEAL last=162.98 · río=WS · mercado=linear · estado=ACECHANDO · dir=— · 0=164.91 · Oz=— · Red=— · manos=ON · pos=flat · latido=1.50s
[RANGO] autosello SKHY · ACECHANDO · Oz=0.0 link=— · manos_feria_informe.json
[RANGO] SKHYUSDT_LINEAL last=163.09 · río=WS · mercado=linear · estado=ACECHANDO · dir=— · 0=164.91 · Oz=— · Red=— · manos=ON · pos=flat · latido=1.50s
[RANGO] SKHYUSDT_LINEAL last=163.03 · río=WS · mercado=linear · estado=ACECHANDO · dir=— · 0=164.91 · Oz=— · Red=— · manos=ON · pos=flat · latido=1.50s
[RANGO] autosello SKHY · ACECHANDO · Oz=0.0 link=— · manos_feria_informe.json
[RANGO] SKHYUSDT_LINEAL last=163.08 · río=WS · mercado=linear · estado=ACECHANDO · dir=— · 0=164.91 · Oz=— · Red=— · manos=ON · pos=flat · latido=1.50s
[RANGO] autosello SKHY · ACECHANDO · Oz=0.0 link=— · manos_feria_informe.json
[RANGO] SKHYUSDT_LINEAL last=163.15 · río=WS · mercado=linear · estado=ACECHANDO · dir=— · 0=164.91 · Oz=— · Red=— · manos=ON · pos=flat · latido=1.50s
[RANGO] SKHYUSDT_LINEAL last=163.15 · río=WS · mercado=linear · estado=ACECHANDO · dir=— · 0=164.91 · Oz=— · Red=— · manos=ON · pos=flat · latido=1.50s
[RANGO] autosello SKHY · ACECHANDO · Oz=0.0 link=— · manos_feria_informe.json
[RANGO] SKHYUSDT_LINEAL last=163.13 · río=WS · mercado=linear · estado=ACECHANDO · dir=— · 0=164.91 · Oz=— · Red=— · manos=ON · pos=flat · latido=1.50s
[RANGO] autosello SKHY · ACECHANDO · Oz=0.0 link=— · manos_feria_informe.json
[RANGO] SKHYUSDT_LINEAL last=163.13 · río=WS · mercado=linear · estado=ACECHANDO · dir=— · 0=164.91 · Oz=— · Red=— · manos=ON · pos=flat · latido=1.50s
[2026-08-31 11:14:06] [TUSK] RECONCILIACIÓN_FANTASMA: AAVEUSD_INVERSE existe interno pero no en exchange -> reseteando
[2026-08-31 11:14:06] [TUSK] RECONCILIACIÓN_OK: 1 frentes alineados con exchange
[RANGO] SKHYUSDT_LINEAL last=163.16 · río=WS · mercado=linear · estado=ACECHANDO · dir=— · 0=164.91 · Oz=— · Red=— · manos=ON · pos=flat · latido=1.50s
[RANGO] autosello SKHY · ACECHANDO · Oz=0.0 link=— · manos_feria_informe.json
[RANGO] SKHYUSDT_LINEAL last=163.13 · río=WS · mercado=linear · estado=ACECHANDO · dir=— · 0=164.91 · Oz=— · Red=— · manos=ON · pos=flat · latido=1.50s
[RANGO] autosello SKHY · ACECHANDO · Oz=0.0 link=— · manos_feria_informe.json
[RANGO] SKHYUSDT_LINEAL last=163.1 · río=WS · mercado=linear · estado=ACECHANDO · dir=— · 0=164.91 · Oz=— · Red=— · manos=ON · pos=flat · latido=1.50s
[RANGO] SKHYUSDT_LINEAL last=163.07 · río=WS · mercado=linear · estado=ACECHANDO · dir=— · 0=164.91 · Oz=— · Red=— · manos=ON · pos=flat · latido=1.50s
[RANGO] autosello SKHY · ACECHANDO · Oz=0.0 link=— · manos_feria_informe.json
[RANGO] SKHYUSDT_LINEAL last=163.07 · río=WS · mercado=linear · estado=ACECHANDO · dir=— · 0=164.91 · Oz=— · Red=— · manos=ON · pos=flat · latido=1.50s
[RANGO] autosello SKHY · ACECHANDO · Oz=0.0 link=— · manos_feria_informe.json
[RANGO] SKHYUSDT_LINEAL last=163.1 · río=WS · mercado=linear · estado=ACECHANDO · dir=— · 0=164.91 · Oz=— · Red=— · manos=ON · pos=flat · latido=1.50s
[2026-08-31 11:15:08] [TUSK] RECONCILIACIÓN: CRCLUSDT_LINEAL: interno L:0.000000/S:0.000000 -> real L:0.150000/S:0.000000
[2026-08-31 11:15:08] [TUSK] RECONCILIACIÓN: POWERUSDT_LINEAL: interno L:0.000000/S:130.000000 -> real L:0.000000/S:189.000000
[2026-08-31 11:15:08] [TUSK] RECONCILIACIÓN_FANTASMA: MORPHOUSDT_LINEAL existe interno pero no en exchange -> reseteando
[2026-08-31 11:15:08] [TUSK] RECONCILIACIÓN_OK: 3 frentes alineados con exchange
[RANGO] SKHYUSDT_LINEAL last=163.05 · río=WS · mercado=linear · estado=ACECHANDO · dir=— · 0=164.91 · Oz=— · Red=— · manos=ON · pos=flat · latido=1.50s
[RANGO] autosello SKHY · ACECHANDO · Oz=0.0 link=— · manos_feria_informe.json
[RANGO] SKHYUSDT_LINEAL last=163.05 · río=WS · mercado=linear · estado=ACECHANDO · dir=— · 0=164.91 · Oz=— · Red=— · manos=ON · pos=flat · latido=1.50s
[RANGO] autosello SKHY · ACECHANDO · Oz=0.0 link=— · manos_feria_informe.json
[RANGO] SKHYUSDT_LINEAL last=163.01 · río=WS · mercado=linear · estado=ACECHANDO · dir=— · 0=164.91 · Oz=— · Red=— · manos=ON · pos=flat · latido=1.50s
[RANGO] SKHYUSDT_LINEAL last=163.0 · río=WS · mercado=linear · estado=ACECHANDO · dir=— · 0=164.91 · Oz=— · Red=— · manos=ON · pos=flat · latido=1.50s
[RANGO] autosello SKHY · ACECHANDO · Oz=0.0 link=— · manos_feria_informe.json
[RANGO] SKHYUSDT_LINEAL last=163.04 · río=WS · mercado=linear · estado=ACECHANDO · dir=— · 0=164.91 · Oz=— · Red=— · manos=ON · pos=flat · latido=1.50s
[RANGO] autosello SKHY · ACECHANDO · Oz=0.0 link=— · manos_feria_informe.json
[RANGO] SKHYUSDT_LINEAL last=163.08 · río=WS · mercado=linear · estado=ACECHANDO · dir=— · 0=164.91 · Oz=— · Red=— · manos=ON · pos=flat · latido=1.50s
[RANGO] SKHYUSDT_LINEAL last=163.1 · río=WS · mercado=linear · estado=ACECHANDO · dir=— · 0=164.91 · Oz=— · Red=— · manos=ON · pos=flat · latido=1.50s
[RANGO] autosello SKHY · ACECHANDO · Oz=0.0 link=— · manos_feria_informe.json
[RANGO] SKHYUSDT_LINEAL last=163.13 · río=WS · mercado=linear · estado=ACECHANDO · dir=— · 0=164.91 · Oz=— · Red=— · manos=ON · pos=flat · latido=1.50s
[RANGO] autosello SKHY · ACECHANDO · Oz=0.0 link=— · manos_feria_informe.json
[RANGO] SKHYUSDT_LINEAL last=163.11 · río=WS · mercado=linear · estado=ACECHANDO · dir=— · 0=164.91 · Oz=— · Red=— · manos=ON · pos=flat · latido=1.50s
[RANGO] SKHYUSDT_LINEAL last=163.15 · río=WS · mercado=linear · estado=ACECHANDO · dir=— · 0=164.91 · Oz=— · Red=— · manos=ON · pos=flat · latido=1.50s
[RANGO] autosello SKHY · ACECHANDO · Oz=0.0 link=— · manos_feria_informe.json
[RANGO] SKHYUSDT_LINEAL last=163.19 · río=WS · mercado=linear · estado=ACECHANDO · dir=— · 0=164.91 · Oz=— · Red=— · manos=ON · pos=flat · latido=1.50s
[RANGO] autosello SKHY · ACECHANDO · Oz=0.0 link=— · manos_feria_informe.json
[RANGO] SKHYUSDT_LINEAL last=163.2 · río=WS · mercado=linear · estado=ACECHANDO · dir=— · 0=164.91 · Oz=— · Red=— · manos=ON · pos=flat · latido=1.50s
[2026-08-31 11:17:11] [TUSK] RECONCILIACIÓN: MORPHOUSDT_LINEAL: interno L:0.000000/S:0.000000 -> real L:21.000000/S:0.000000
[2026-08-31 11:17:11] [TUSK] RECONCILIACIÓN_FANTASMA: PURRUSDT_LINEAL existe interno pero no en exchange -> reseteando
[2026-08-31 11:17:11] [TUSK] RECONCILIACIÓN_OK: 2 frentes alineados con exchange
[RANGO] SKHYUSDT_LINEAL last=163.19 · río=WS · mercado=linear · estado=ACECHANDO · dir=— · 0=164.91 · Oz=— · Red=— · manos=ON · pos=flat · latido=1.50s
[RANGO] autosello SKHY · ACECHANDO · Oz=0.0 link=— · manos_feria_informe.json
[RANGO] SKHYUSDT_LINEAL last=163.23 · río=WS · mercado=linear · estado=ACECHANDO · dir=— · 0=164.91 · Oz=— · Red=— · manos=ON · pos=flat · latido=1.50s
[RANGO] autosello SKHY · ACECHANDO · Oz=0.0 link=— · manos_feria_informe.json
[RANGO] SKHYUSDT_LINEAL last=163.21 · río=WS · mercado=linear · estado=ACECHANDO · dir=— · 0=164.91 · Oz=— · Red=— · manos=ON · pos=flat · latido=1.50s
[RANGO] SKHYUSDT_LINEAL last=163.2 · río=WS · mercado=linear · estado=ACECHANDO · dir=— · 0=164.91 · Oz=— · Red=— · manos=ON · pos=flat · latido=1.50s
[RANGO] autosello SKHY · ACECHANDO · Oz=0.0 link=— · manos_feria_informe.json
[RANGO] SKHYUSDT_LINEAL last=163.14 · río=WS · mercado=linear · estado=ACECHANDO · dir=— · 0=164.91 · Oz=— · Red=— · manos=ON · pos=flat · latido=1.50s
[RANGO] autosello SKHY · ACECHANDO · Oz=0.0 link=— · manos_feria_informe.json
[RANGO] SKHYUSDT_LINEAL last=163.16 · río=WS · mercado=linear · estado=ACECHANDO · dir=— · 0=164.91 · Oz=— · Red=— · manos=ON · pos=flat · latido=1.50s
[RANGO] SKHYUSDT_LINEAL last=163.16 · río=WS · mercado=linear · estado=ACECHANDO · dir=— · 0=164.91 · Oz=— · Red=— · manos=ON · pos=flat · latido=1.50s
[2026-08-31 11:18:12] [TUSK] RECONCILIACIÓN: MSTRUSDT_LINEAL: interno L:0.000000/S:0.000000 -> real L:0.160000/S:0.000000
[2026-08-31 11:18:12] [TUSK] RECONCILIACIÓN_FANTASMA: ASTSUSDT_LINEAL existe interno pero no en exchange -> reseteando
[2026-08-31 11:18:12] [TUSK] RECONCILIACIÓN_OK: 2 frentes alineados con exchange
[RANGO] autosello SKHY · ACECHANDO · Oz=0.0 link=— · manos_feria_informe.json
[RANGO] SKHYUSDT_LINEAL last=163.17 · río=WS · mercado=linear · estado=ACECHANDO · dir=— · 0=164.91 · Oz=— · Red=— · manos=ON · pos=flat · latido=1.50s
[RANGO] autosello SKHY · ACECHANDO · Oz=0.0 link=— · manos_feria_informe.json
[RANGO] SKHYUSDT_LINEAL last=163.18 · río=WS · mercado=linear · estado=ACECHANDO · dir=— · 0=164.91 · Oz=— · Red=— · manos=ON · pos=flat · latido=1.50s
[RANGO] SKHYUSDT_LINEAL last=163.16 · río=WS · mercado=linear · estado=ACECHANDO · dir=— · 0=164.91 · Oz=— · Red=— · manos=ON · pos=flat · latido=1.50s
[RANGO] autosello SKHY · ACECHANDO · Oz=0.0 link=— · manos_feria_informe.json
[RANGO] SKHYUSDT_LINEAL last=163.11 · río=WS · mercado=linear · estado=ACECHANDO · dir=— · 0=164.91 · Oz=— · Red=— · manos=ON · pos=flat · latido=1.50s
[RANGO] autosello SKHY · ACECHANDO · Oz=0.0 link=— · manos_feria_informe.json
[RANGO] SKHYUSDT_LINEAL last=163.02 · río=WS · mercado=linear · estado=ACECHANDO · dir=— · 0=164.91 · Oz=— · Red=— · manos=ON · pos=flat · latido=1.50s
[RANGO] SKHYUSDT_LINEAL last=163.05 · río=WS · mercado=linear · estado=ACECHANDO · dir=— · 0=164.91 · Oz=— · Red=— · manos=ON · pos=flat · latido=1.50s
[RANGO] autosello SKHY · ACECHANDO · Oz=0.0 link=— · manos_feria_informe.json
[RANGO] SKHYUSDT_LINEAL last=163.05 · río=WS · mercado=linear · estado=ACECHANDO · dir=— · 0=164.91 · Oz=— · Red=— · manos=ON · pos=flat · latido=1.50s
[RANGO] autosello SKHY · ACECHANDO · Oz=0.0 link=— · manos_feria_informe.json
[RANGO] SKHYUSDT_LINEAL last=163.02 · río=WS · mercado=linear · estado=ACECHANDO · dir=— · 0=164.91 · Oz=— · Red=— · manos=ON · pos=flat · latido=1.50s
[RANGO] SKHYUSDT_LINEAL last=163.06 · río=WS · mercado=linear · estado=ACECHANDO · dir=— · 0=164.91 · Oz=— · Red=— · manos=ON · pos=flat · latido=1.50s
[RANGO] autosello SKHY · ACECHANDO · Oz=0.0 link=— · manos_feria_informe.json
[RANGO] SKHYUSDT_LINEAL last=163.0 · río=WS · mercado=linear · estado=ACECHANDO · dir=— · 0=164.91 · Oz=— · Red=— · manos=ON · pos=flat · latido=1.50s
[RANGO] autosello SKHY · ACECHANDO · Oz=0.0 link=— · manos_feria_informe.json
[RANGO] SKHYUSDT_LINEAL last=162.97 · río=WS · mercado=linear · estado=ACECHANDO · dir=— · 0=164.91 · Oz=— · Red=— · manos=ON · pos=flat · latido=1.50s
[RANGO] SKHYUSDT_LINEAL last=162.93 · río=WS · mercado=linear · estado=ACECHANDO · dir=— · 0=164.91 · Oz=— · Red=— · manos=ON · pos=flat · latido=1.50s
[RANGO] autosello SKHY · ACECHANDO · Oz=0.0 link=— · manos_feria_informe.json
[RANGO] SKHYUSDT_LINEAL last=162.94 · río=WS · mercado=linear · estado=ACECHANDO · dir=— · 0=164.91 · Oz=— · Red=— · manos=ON · pos=flat · latido=1.50s
[RANGO] autosello SKHY · ACECHANDO · Oz=0.0 link=— · manos_feria_informe.json
[RANGO] SKHYUSDT_LINEAL last=163.0 · río=WS · mercado=linear · estado=ACECHANDO · dir=— · 0=164.91 · Oz=— · Red=— · manos=ON · pos=flat · latido=1.50s
[RANGO] SKHYUSDT_LINEAL last=163.03 · río=WS · mercado=linear · estado=ACECHANDO · dir=— · 0=164.91 · Oz=— · Red=— · manos=ON · pos=flat · latido=1.50s
[RANGO] autosello SKHY · ACECHANDO · Oz=0.0 link=— · manos_feria_informe.json
[RANGO] SKHYUSDT_LINEAL last=163.04 · río=WS · mercado=linear · estado=ACECHANDO · dir=— · 0=164.91 · Oz=— · Red=— · manos=ON · pos=flat · latido=1.50s
[RANGO] autosello SKHY · ACECHANDO · Oz=0.0 link=— · manos_feria_informe.json
[RANGO] SKHYUSDT_LINEAL last=163.04 · río=WS · mercado=linear · estado=ACECHANDO · dir=— · 0=164.91 · Oz=— · Red=— · manos=ON · pos=flat · latido=1.50s
[RANGO] SKHYUSDT_LINEAL last=163.04 · río=WS · mercado=linear · estado=ACECHANDO · dir=— · 0=164.91 · Oz=— · Red=— · manos=ON · pos=flat · latido=1.50s
[RANGO] autosello SKHY · ACECHANDO · Oz=0.0 link=— · manos_feria_informe.json
[2026-08-31 11:21:16] [TUSK] RECONCILIACIÓN: LITUSDT_LINEAL: interno L:0.000000/S:24.100000 -> real L:0.000000/S:22.400000
[2026-08-31 11:21:16] [TUSK] RECONCILIACIÓN_OK: 1 frentes alineados con exchange
[RANGO] SKHYUSDT_LINEAL last=163.03 · río=WS · mercado=linear · estado=ACECHANDO · dir=— · 0=164.91 · Oz=— · Red=— · manos=ON · pos=flat · latido=1.50s
[RANGO] autosello SKHY · ACECHANDO · Oz=0.0 link=— · manos_feria_informe.json
[RANGO] SKHYUSDT_LINEAL last=163.0 · río=WS · mercado=linear · estado=ACECHANDO · dir=— · 0=164.91 · Oz=— · Red=— · manos=ON · pos=flat · latido=1.50s
[RANGO] SKHYUSDT_LINEAL last=163.01 · río=WS · mercado=linear · estado=ACECHANDO · dir=— · 0=164.91 · Oz=— · Red=— · manos=ON · pos=flat · latido=1.50s
[RANGO] autosello SKHY · ACECHANDO · Oz=0.0 link=— · manos_feria_informe.json
[RANGO] SKHYUSDT_LINEAL last=163.01 · río=WS · mercado=linear · estado=ACECHANDO · dir=— · 0=164.91 · Oz=— · Red=— · manos=ON · pos=flat · latido=1.50s
[RANGO] autosello SKHY · ACECHANDO · Oz=0.0 link=— · manos_feria_informe.json
[RANGO] SKHYUSDT_LINEAL last=162.99 · río=WS · mercado=linear · estado=ACECHANDO · dir=— · 0=164.91 · Oz=— · Red=— · manos=ON · pos=flat · latido=1.50s
[RANGO] SKHYUSDT_LINEAL last=163.02 · río=WS · mercado=linear · estado=ACECHANDO · dir=— · 0=164.91 · Oz=— · Red=— · manos=ON · pos=flat · latido=1.50s
[RANGO] autosello SKHY · ACECHANDO · Oz=0.0 link=— · manos_feria_informe.json
[RANGO] SKHYUSDT_LINEAL last=163.1 · río=WS · mercado=linear · estado=ACECHANDO · dir=— · 0=164.91 · Oz=— · Red=— · manos=ON · pos=flat · latido=1.50s
[RANGO] autosello SKHY · ACECHANDO · Oz=0.0 link=— · manos_feria_informe.json
[RANGO] SKHYUSDT_LINEAL last=163.09 · río=WS · mercado=linear · estado=ACECHANDO · dir=— · 0=164.91 · Oz=— · Red=— · manos=ON · pos=flat · latido=1.50s
[RANGO] SKHYUSDT_LINEAL last=163.11 · río=WS · mercado=linear · estado=ACECHANDO · dir=— · 0=164.91 · Oz=— · Red=— · manos=ON · pos=flat · latido=1.50s
[RANGO] autosello SKHY · ACECHANDO · Oz=0.0 link=— · manos_feria_informe.json
[RANGO] SKHYUSDT_LINEAL last=163.09 · río=WS · mercado=linear · estado=ACECHANDO · dir=— · 0=164.91 · Oz=— · Red=— · manos=ON · pos=flat · latido=1.50s
[RANGO] autosello SKHY · ACECHANDO · Oz=0.0 link=— · manos_feria_informe.json
[RANGO] SKHYUSDT_LINEAL last=163.06 · río=WS · mercado=linear · estado=ACECHANDO · dir=— · 0=164.91 · Oz=— · Red=— · manos=ON · pos=flat · latido=1.50s
[RANGO] SKHYUSDT_LINEAL last=163.1 · río=WS · mercado=linear · estado=ACECHANDO · dir=— · 0=164.91 · Oz=— · Red=— · manos=ON · pos=flat · latido=1.50s
[RANGO] autosello SKHY · ACECHANDO · Oz=0.0 link=— · manos_feria_informe.json
[RANGO] SKHYUSDT_LINEAL last=163.11 · río=WS · mercado=linear · estado=ACECHANDO · dir=— · 0=164.91 · Oz=— · Red=— · manos=ON · pos=flat · latido=1.50s
[RANGO] autosello SKHY · ACECHANDO · Oz=0.0 link=— · manos_feria_informe.json
[RANGO] SKHYUSDT_LINEAL last=163.11 · río=WS · mercado=linear · estado=ACECHANDO · dir=— · 0=164.91 · Oz=— · Red=— · manos=ON · pos=flat · latido=1.50s
[RANGO] SKHYUSDT_LINEAL last=163.05 · río=WS · mercado=linear · estado=ACECHANDO · dir=— · 0=164.91 · Oz=— · Red=— · manos=ON · pos=flat · latido=1.50s
[RANGO] autosello SKHY · ACECHANDO · Oz=0.0 link=— · manos_feria_informe.json
[RANGO] SKHYUSDT_LINEAL last=163.07 · río=WS · mercado=linear · estado=ACECHANDO · dir=— · 0=164.91 · Oz=— · Red=— · manos=ON · pos=flat · latido=1.50s
[RANGO] autosello SKHY · ACECHANDO · Oz=0.0 link=— · manos_feria_informe.json
[RANGO] SKHYUSDT_LINEAL last=163.06 · río=WS · mercado=linear · estado=ACECHANDO · dir=— · 0=164.91 · Oz=— · Red=— · manos=ON · pos=flat · latido=1.50s
[RANGO] SKHYUSDT_LINEAL last=163.04 · río=WS · mercado=linear · estado=ACECHANDO · dir=— · 0=164.91 · Oz=— · Red=— · manos=ON · pos=flat · latido=1.50s
[RANGO] autosello SKHY · ACECHANDO · Oz=0.0 link=— · manos_feria_informe.json
[2026-08-31 11:24:19] [TUSK] RECONCILIACIÓN: SYRUPUSDT_LINEAL: interno L:0.000000/S:0.000000 -> real L:454.000000/S:0.000000
[2026-08-31 11:24:19] [TUSK] RECONCILIACIÓN: XLMUSDT_LINEAL: interno L:0.000000/S:0.000000 -> real L:306.000000/S:0.000000
[2026-08-31 11:24:19] [TUSK] RECONCILIACIÓN_FANTASMA: MONUSDT_LINEAL existe interno pero no en exchange -> reseteando
[2026-08-31 11:24:19] [TUSK] RECONCILIACIÓN_FANTASMA: ACUUSDT_LINEAL existe interno pero no en exchange -> reseteando
[2026-08-31 11:24:20] [TUSK] RECONCILIACIÓN_OK: 4 frentes alineados con exchange
[RANGO] SKHYUSDT_LINEAL last=163.06 · río=WS · mercado=linear · estado=ACECHANDO · dir=— · 0=164.91 · Oz=— · Red=— · manos=ON · pos=flat · latido=1.50s
[RANGO] autosello SKHY · ACECHANDO · Oz=0.0 link=— · manos_feria_informe.json
[RANGO] SKHYUSDT_LINEAL last=163.11 · río=WS · mercado=linear · estado=ACECHANDO · dir=— · 0=164.91 · Oz=— · Red=— · manos=ON · pos=flat · latido=1.50s
[RANGO] SKHYUSDT_LINEAL last=163.04 · río=WS · mercado=linear · estado=ACECHANDO · dir=— · 0=164.91 · Oz=— · Red=— · manos=ON · pos=flat · latido=1.50s
[RANGO] autosello SKHY · ACECHANDO · Oz=0.0 link=— · manos_feria_informe.json
[RANGO] SKHYUSDT_LINEAL last=162.99 · río=WS · mercado=linear · estado=ACECHANDO · dir=— · 0=164.91 · Oz=— · Red=— · manos=ON · pos=flat · latido=1.50s
[RANGO] autosello SKHY · ACECHANDO · Oz=0.0 link=— · manos_feria_informe.json
[RANGO] SKHYUSDT_LINEAL last=162.96 · río=WS · mercado=linear · estado=ACECHANDO · dir=— · 0=164.91 · Oz=— · Red=— · manos=ON · pos=flat · latido=1.50s
[RANGO] SKHYUSDT_LINEAL last=163.0 · río=WS · mercado=linear · estado=ACECHANDO · dir=— · 0=164.91 · Oz=— · Red=— · manos=ON · pos=flat · latido=1.50s
[RANGO] autosello SKHY · ACECHANDO · Oz=0.0 link=— · manos_feria_informe.json
[RANGO] SKHYUSDT_LINEAL last=162.95 · río=WS · mercado=linear · estado=ACECHANDO · dir=— · 0=164.91 · Oz=— · Red=— · manos=ON · pos=flat · latido=1.50s
[RANGO] autosello SKHY · ACECHANDO · Oz=0.0 link=— · manos_feria_informe.json
[RANGO] SKHYUSDT_LINEAL last=162.99 · río=WS · mercado=linear · estado=ACECHANDO · dir=— · 0=164.91 · Oz=— · Red=— · manos=ON · pos=flat · latido=1.50s
[RANGO] SKHYUSDT_LINEAL last=162.93 · río=WS · mercado=linear · estado=ACECHANDO · dir=— · 0=164.91 · Oz=— · Red=— · manos=ON · pos=flat · latido=1.50s
[RANGO] autosello SKHY · ACECHANDO · Oz=0.0 link=— · manos_feria_informe.json
[RANGO] SKHYUSDT_LINEAL last=162.9 · río=WS · mercado=linear · estado=ACECHANDO · dir=— · 0=164.91 · Oz=— · Red=— · manos=ON · pos=flat · latido=1.50s
[RANGO] autosello SKHY · ACECHANDO · Oz=0.0 link=— · manos_feria_informe.json
[RANGO] SKHYUSDT_LINEAL last=162.87 · río=WS · mercado=linear · estado=ACECHANDO · dir=— · 0=164.91 · Oz=— · Red=— · manos=ON · pos=flat · latido=1.50s
[RANGO] SKHYUSDT_LINEAL last=162.84 · río=WS · mercado=linear · estado=ACECHANDO · dir=— · 0=164.91 · Oz=— · Red=— · manos=ON · pos=flat · latido=1.50s
[RANGO] autosello SKHY · ACECHANDO · Oz=0.0 link=— · manos_feria_informe.json
[RANGO] SKHYUSDT_LINEAL last=162.83 · río=WS · mercado=linear · estado=ACECHANDO · dir=— · 0=164.91 · Oz=— · Red=— · manos=ON · pos=flat · latido=1.50s
[RANGO] autosello SKHY · ACECHANDO · Oz=0.0 link=— · manos_feria_informe.json
[RANGO] SKHYUSDT_LINEAL last=162.84 · río=WS · mercado=linear · estado=ACECHANDO · dir=— · 0=164.91 · Oz=— · Red=— · manos=ON · pos=flat · latido=1.50s
[RANGO] SKHYUSDT_LINEAL last=162.86 · río=WS · mercado=linear · estado=ACECHANDO · dir=— · 0=164.91 · Oz=— · Red=— · manos=ON · pos=flat · latido=1.50s
[RANGO] autosello SKHY · ACECHANDO · Oz=0.0 link=— · manos_feria_informe.json
[RANGO] SKHYUSDT_LINEAL last=162.87 · río=WS · mercado=linear · estado=ACECHANDO · dir=— · 0=164.91 · Oz=— · Red=— · manos=ON · pos=flat · latido=1.50s
[RANGO] autosello SKHY · ACECHANDO · Oz=0.0 link=— · manos_feria_informe.json
[RANGO] SKHYUSDT_LINEAL last=162.86 · río=WS · mercado=linear · estado=ACECHANDO · dir=— · 0=164.91 · Oz=— · Red=— · manos=ON · pos=flat · latido=1.50s
[RANGO] SKHYUSDT_LINEAL last=162.86 · río=WS · mercado=linear · estado=ACECHANDO · dir=— · 0=164.91 · Oz=— · Red=— · manos=ON · pos=flat · latido=1.50s
[RANGO] autosello SKHY · ACECHANDO · Oz=0.0 link=— · manos_feria_informe.json
[RANGO] SKHYUSDT_LINEAL last=162.88 · río=WS · mercado=linear · estado=ACECHANDO · dir=— · 0=164.91 · Oz=— · Red=— · manos=ON · pos=flat · latido=1.50s
[2026-08-31 11:27:24] [TUSK] RECONCILIACIÓN: ACUUSDT_LINEAL: interno L:0.000000/S:0.000000 -> real L:215.000000/S:0.000000
[2026-08-31 11:27:24] [TUSK] RECONCILIACIÓN: MONUSDT_LINEAL: interno L:0.000000/S:0.000000 -> real L:5276.000000/S:0.000000
[2026-08-31 11:27:24] [TUSK] RECONCILIACIÓN_FANTASMA: COTIUSDT_LINEAL existe interno pero no en exchange -> reseteando
[2026-08-31 11:27:24] [TUSK] RECONCILIACIÓN_FANTASMA: CRCLUSDT_LINEAL existe interno pero no en exchange -> reseteando
[2026-08-31 11:27:24] [TUSK] RECONCILIACIÓN_OK: 4 frentes alineados con exchange
[RANGO] autosello SKHY · ACECHANDO · Oz=0.0 link=— · manos_feria_informe.json
[RANGO] SKHYUSDT_LINEAL last=162.91 · río=WS · mercado=linear · estado=ACECHANDO · dir=— · 0=164.91 · Oz=— · Red=— · manos=ON · pos=flat · latido=1.50s
[RANGO] SKHYUSDT_LINEAL last=162.89 · río=WS · mercado=linear · estado=ACECHANDO · dir=— · 0=164.91 · Oz=— · Red=— · manos=ON · pos=flat · latido=1.50s
[RANGO] autosello SKHY · ACECHANDO · Oz=0.0 link=— · manos_feria_informe.json
[RANGO] SKHYUSDT_LINEAL last=162.89 · río=WS · mercado=linear · estado=ACECHANDO · dir=— · 0=164.91 · Oz=— · Red=— · manos=ON · pos=flat · latido=1.50s
[RANGO] autosello SKHY · ACECHANDO · Oz=0.0 link=— · manos_feria_informe.json
[RANGO] SKHYUSDT_LINEAL last=162.91 · río=WS · mercado=linear · estado=ACECHANDO · dir=— · 0=164.91 · Oz=— · Red=— · manos=ON · pos=flat · latido=1.50s
[RANGO] SKHYUSDT_LINEAL last=162.88 · río=WS · mercado=linear · estado=ACECHANDO · dir=— · 0=164.91 · Oz=— · Red=— · manos=ON · pos=flat · latido=1.50s
[RANGO] autosello SKHY · ACECHANDO · Oz=0.0 link=— · manos_feria_informe.json
[RANGO] SKHYUSDT_LINEAL last=162.9 · río=WS · mercado=linear · estado=ACECHANDO · dir=— · 0=164.91 · Oz=— · Red=— · manos=ON · pos=flat · latido=1.50s
[2026-08-31 11:28:25] [TUSK] RECONCILIACIÓN: LITUSDT_LINEAL: interno L:0.000000/S:22.400000 -> real L:0.000000/S:20.400000
[2026-08-31 11:28:25] [TUSK] RECONCILIACIÓN_OK: 1 frentes alineados con exchange
[RANGO] autosello SKHY · ACECHANDO · Oz=0.0 link=— · manos_feria_informe.json
[RANGO] SKHYUSDT_LINEAL last=162.92 · río=WS · mercado=linear · estado=ACECHANDO · dir=— · 0=164.91 · Oz=— · Red=— · manos=ON · pos=flat · latido=1.50s
[RANGO] SKHYUSDT_LINEAL last=162.91 · río=WS · mercado=linear · estado=ACECHANDO · dir=— · 0=164.91 · Oz=— · Red=— · manos=ON · pos=flat · latido=1.50s
[RANGO] autosello SKHY · ACECHANDO · Oz=0.0 link=— · manos_feria_informe.json
[RANGO] SKHYUSDT_LINEAL last=162.86 · río=WS · mercado=linear · estado=ACECHANDO · dir=— · 0=164.91 · Oz=— · Red=— · manos=ON · pos=flat · latido=1.50s
[RANGO] autosello SKHY · ACECHANDO · Oz=0.0 link=— · manos_feria_informe.json
[RANGO] SKHYUSDT_LINEAL last=162.87 · río=WS · mercado=linear · estado=ACECHANDO · dir=— · 0=164.91 · Oz=— · Red=— · manos=ON · pos=flat · latido=1.50s
[RANGO] SKHYUSDT_LINEAL last=162.83 · río=WS · mercado=linear · estado=ACECHANDO · dir=— · 0=164.91 · Oz=— · Red=— · manos=ON · pos=flat · latido=1.50s
[RANGO] autosello SKHY · ACECHANDO · Oz=0.0 link=— · manos_feria_informe.json
[RANGO] SKHYUSDT_LINEAL last=162.87 · río=WS · mercado=linear · estado=ACECHANDO · dir=— · 0=164.91 · Oz=— · Red=— · manos=ON · pos=flat · latido=1.50s
[2026-08-31 11:29:27] [TUSK] RECONCILIACIÓN: OUSDT_LINEAL: interno L:0.000000/S:0.000000 -> real L:0.000000/S:34.000000
[2026-08-31 11:29:27] [TUSK] RECONCILIACIÓN_FANTASMA: MONUSDT_LINEAL existe interno pero no en exchange -> reseteando
[2026-08-31 11:29:27] [TUSK] RECONCILIACIÓN_OK: 2 frentes alineados con exchange
[RANGO] autosello SKHY · ACECHANDO · Oz=0.0 link=— · manos_feria_informe.json
[RANGO] SKHYUSDT_LINEAL last=162.84 · río=WS · mercado=linear · estado=ACECHANDO · dir=— · 0=164.91 · Oz=— · Red=— · manos=ON · pos=flat · latido=1.50s
[RANGO] SKHYUSDT_LINEAL last=162.86 · río=WS · mercado=linear · estado=ACECHANDO · dir=— · 0=164.91 · Oz=— · Red=— · manos=ON · pos=flat · latido=1.50s
[RANGO] autosello SKHY · ACECHANDO · Oz=0.0 link=— · manos_feria_informe.json
[RANGO] SKHYUSDT_LINEAL last=162.83 · río=WS · mercado=linear · estado=ACECHANDO · dir=— · 0=164.91 · Oz=— · Red=— · manos=ON · pos=flat · latido=1.50s
[RANGO] autosello SKHY · ACECHANDO · Oz=0.0 link=— · manos_feria_informe.json
[RANGO] SKHYUSDT_LINEAL last=162.82 · río=WS · mercado=linear · estado=ACECHANDO · dir=— · 0=164.91 · Oz=— · Red=— · manos=ON · pos=flat · latido=1.50s
[RANGO] SKHYUSDT_LINEAL last=162.85 · río=WS · mercado=linear · estado=ACECHANDO · dir=— · 0=164.91 · Oz=— · Red=— · manos=ON · pos=flat · latido=1.50s
[RANGO] autosello SKHY · ACECHANDO · Oz=0.0 link=— · manos_feria_informe.json
[RANGO] SKHYUSDT_LINEAL last=162.84 · río=WS · mercado=linear · estado=ACECHANDO · dir=— · 0=164.91 · Oz=— · Red=— · manos=ON · pos=flat · latido=1.50s
[2026-08-31 11:30:28] [TUSK] RECONCILIACIÓN: CHIPUSDT_LINEAL: interno L:0.000000/S:0.000000 -> real L:520.000000/S:0.000000
[2026-08-31 11:30:28] [TUSK] RECONCILIACIÓN_FANTASMA: ACUUSDT_LINEAL existe interno pero no en exchange -> reseteando
[2026-08-31 11:30:28] [TUSK] RECONCILIACIÓN_OK: 2 frentes alineados con exchange
[RANGO] autosello SKHY · ACECHANDO · Oz=0.0 link=— · manos_feria_informe.json
[RANGO] SKHYUSDT_LINEAL last=162.84 · río=WS · mercado=linear · estado=ACECHANDO · dir=— · 0=164.91 · Oz=— · Red=— · manos=ON · pos=flat · latido=1.50s
[RANGO] SKHYUSDT_LINEAL last=162.86 · río=WS · mercado=linear · estado=ACECHANDO · dir=— · 0=164.91 · Oz=— · Red=— · manos=ON · pos=flat · latido=1.50s
[RANGO] autosello SKHY · ACECHANDO · Oz=0.0 link=— · manos_feria_informe.json
[RANGO] SKHYUSDT_LINEAL last=162.84 · río=WS · mercado=linear · estado=ACECHANDO · dir=— · 0=164.91 · Oz=— · Red=— · manos=ON · pos=flat · latido=1.50s
[RANGO] autosello SKHY · ACECHANDO · Oz=0.0 link=— · manos_feria_informe.json
[RANGO] SKHYUSDT_LINEAL last=162.87 · río=WS · mercado=linear · estado=ACECHANDO · dir=— · 0=164.91 · Oz=— · Red=— · manos=ON · pos=flat · latido=1.50s
[RANGO] SKHYUSDT_LINEAL last=162.91 · río=WS · mercado=linear · estado=ACECHANDO · dir=— · 0=164.91 · Oz=— · Red=— · manos=ON · pos=flat · latido=1.50s
[RANGO] autosello SKHY · ACECHANDO · Oz=0.0 link=— · manos_feria_informe.json
[RANGO] SKHYUSDT_LINEAL last=162.92 · río=WS · mercado=linear · estado=ACECHANDO · dir=— · 0=164.91 · Oz=— · Red=— · manos=ON · pos=flat · latido=1.50s
[RANGO] autosello SKHY · ACECHANDO · Oz=0.0 link=— · manos_feria_informe.json
[RANGO] SKHYUSDT_LINEAL last=162.91 · río=WS · mercado=linear · estado=ACECHANDO · dir=— · 0=164.91 · Oz=— · Red=— · manos=ON · pos=flat · latido=1.50s
[RANGO] SKHYUSDT_LINEAL last=162.94 · río=WS · mercado=linear · estado=ACECHANDO · dir=— · 0=164.91 · Oz=— · Red=— · manos=ON · pos=flat · latido=1.50s
[RANGO] autosello SKHY · ACECHANDO · Oz=0.0 link=— · manos_feria_informe.json
[RANGO] SKHYUSDT_LINEAL last=163.03 · río=WS · mercado=linear · estado=ACECHANDO · dir=— · 0=164.91 · Oz=— · Red=— · manos=ON · pos=flat · latido=1.50s
[RANGO] autosello SKHY · ACECHANDO · Oz=0.0 link=— · manos_feria_informe.json
[RANGO] SKHYUSDT_LINEAL last=163.04 · río=WS · mercado=linear · estado=ACECHANDO · dir=— · 0=164.91 · Oz=— · Red=— · manos=ON · pos=flat · latido=1.50s
[RANGO] SKHYUSDT_LINEAL last=163.06 · río=WS · mercado=linear · estado=ACECHANDO · dir=— · 0=164.91 · Oz=— · Red=— · manos=ON · pos=flat · latido=1.50s
[RANGO] autosello SKHY · ACECHANDO · Oz=0.0 link=— · manos_feria_informe.json
[RANGO] SKHYUSDT_LINEAL last=163.06 · río=WS · mercado=linear · estado=ACECHANDO · dir=— · 0=164.91 · Oz=— · Red=— · manos=ON · pos=flat · latido=1.50s
[RANGO] autosello SKHY · ACECHANDO · Oz=0.0 link=— · manos_feria_informe.json
[2026-08-31 11:32:31] [TUSK] RECONCILIACIÓN: NILUSDT_LINEAL: interno L:0.000000/S:0.000000 -> real L:222.000000/S:0.000000
[2026-08-31 11:32:31] [TUSK] RECONCILIACIÓN_FANTASMA: KNCUSDT_LINEAL existe interno pero no en exchange -> reseteando
[2026-08-31 11:32:31] [TUSK] RECONCILIACIÓN_OK: 2 frentes alineados con exchange
[RANGO] SKHYUSDT_LINEAL last=163.03 · río=WS · mercado=linear · estado=ACECHANDO · dir=— · 0=164.91 · Oz=— · Red=— · manos=ON · pos=flat · latido=1.50s
[RANGO] SKHYUSDT_LINEAL last=163.01 · río=WS · mercado=linear · estado=ACECHANDO · dir=— · 0=164.91 · Oz=— · Red=— · manos=ON · pos=flat · latido=1.50s
[RANGO] autosello SKHY · ACECHANDO · Oz=0.0 link=— · manos_feria_informe.json
[RANGO] SKHYUSDT_LINEAL last=163.1 · río=WS · mercado=linear · estado=ACECHANDO · dir=— · 0=164.91 · Oz=— · Red=— · manos=ON · pos=flat · latido=1.50s
[RANGO] autosello SKHY · ACECHANDO · Oz=0.0 link=— · manos_feria_informe.json
[RANGO] SKHYUSDT_LINEAL last=163.12 · río=WS · mercado=linear · estado=ACECHANDO · dir=— · 0=164.91 · Oz=— · Red=— · manos=ON · pos=flat · latido=1.50s
[RANGO] SKHYUSDT_LINEAL last=163.11 · río=WS · mercado=linear · estado=ACECHANDO · dir=— · 0=164.91 · Oz=— · Red=— · manos=ON · pos=flat · latido=1.50s
[RANGO] autosello SKHY · ACECHANDO · Oz=0.0 link=— · manos_feria_informe.json
[RANGO] SKHYUSDT_LINEAL last=163.13 · río=WS · mercado=linear · estado=ACECHANDO · dir=— · 0=164.91 · Oz=— · Red=— · manos=ON · pos=flat · latido=1.50s
[RANGO] autosello SKHY · ACECHANDO · Oz=0.0 link=— · manos_feria_informe.json
[2026-08-31 11:33:32] [TUSK] RECONCILIACIÓN_FANTASMA: HYPEUSD_INVERSE existe interno pero no en exchange -> reseteando
[2026-08-31 11:33:32] [TUSK] RECONCILIACIÓN_OK: 1 frentes alineados con exchange
[RANGO] SKHYUSDT_LINEAL last=163.13 · río=WS · mercado=linear · estado=ACECHANDO · dir=— · 0=164.91 · Oz=— · Red=— · manos=ON · pos=flat · latido=1.50s
[RANGO] SKHYUSDT_LINEAL last=163.15 · río=WS · mercado=linear · estado=ACECHANDO · dir=— · 0=164.91 · Oz=— · Red=— · manos=ON · pos=flat · latido=1.50s
[RANGO] autosello SKHY · ACECHANDO · Oz=0.0 link=— · manos_feria_informe.json
[RANGO] SKHYUSDT_LINEAL last=163.15 · río=WS · mercado=linear · estado=ACECHANDO · dir=— · 0=164.91 · Oz=— · Red=— · manos=ON · pos=flat · latido=1.50s
[RANGO] autosello SKHY · ACECHANDO · Oz=0.0 link=— · manos_feria_informe.json
[RANGO] SKHYUSDT_LINEAL last=163.14 · río=WS · mercado=linear · estado=ACECHANDO · dir=— · 0=164.91 · Oz=— · Red=— · manos=ON · pos=flat · latido=1.50s
[RANGO] SKHYUSDT_LINEAL last=163.05 · río=WS · mercado=linear · estado=ACECHANDO · dir=— · 0=164.91 · Oz=— · Red=— · manos=ON · pos=flat · latido=1.50s
[RANGO] autosello SKHY · ACECHANDO · Oz=0.0 link=— · manos_feria_informe.json
[RANGO] SKHYUSDT_LINEAL last=163.01 · río=WS · mercado=linear · estado=ACECHANDO · dir=— · 0=164.91 · Oz=— · Red=— · manos=ON · pos=flat · latido=1.50s
[RANGO] autosello SKHY · ACECHANDO · Oz=0.0 link=— · manos_feria_informe.json
[RANGO] SKHYUSDT_LINEAL last=162.99 · río=WS · mercado=linear · estado=ACECHANDO · dir=— · 0=164.91 · Oz=— · Red=— · manos=ON · pos=flat · latido=1.50s
[RANGO] SKHYUSDT_LINEAL last=162.97 · río=WS · mercado=linear · estado=ACECHANDO · dir=— · 0=164.91 · Oz=— · Red=— · manos=ON · pos=flat · latido=1.50s
[RANGO] autosello SKHY · ACECHANDO · Oz=0.0 link=— · manos_feria_informe.json
[RANGO] SKHYUSDT_LINEAL last=162.89 · río=WS · mercado=linear · estado=ACECHANDO · dir=— · 0=164.91 · Oz=— · Red=— · manos=ON · pos=flat · latido=1.50s
[RANGO] autosello SKHY · ACECHANDO · Oz=0.0 link=— · manos_feria_informe.json
[RANGO] SKHYUSDT_LINEAL last=162.84 · río=WS · mercado=linear · estado=ACECHANDO · dir=— · 0=164.91 · Oz=— · Red=— · manos=ON · pos=flat · latido=1.50s
[RANGO] SKHYUSDT_LINEAL last=162.83 · río=WS · mercado=linear · estado=ACECHANDO · dir=— · 0=164.91 · Oz=— · Red=— · manos=ON · pos=flat · latido=1.50s
[RANGO] autosello SKHY · ACECHANDO · Oz=0.0 link=— · manos_feria_informe.json
[RANGO] SKHYUSDT_LINEAL last=162.83 · río=WS · mercado=linear · estado=ACECHANDO · dir=— · 0=164.91 · Oz=— · Red=— · manos=ON · pos=flat · latido=1.50s
[RANGO] autosello SKHY · ACECHANDO · Oz=0.0 link=— · manos_feria_informe.json
[RANGO] SKHYUSDT_LINEAL last=162.86 · río=WS · mercado=linear · estado=ACECHANDO · dir=— · 0=164.91 · Oz=— · Red=— · manos=ON · pos=flat · latido=1.50s
[2026-08-31 11:35:35] [TUSK] RECONCILIACIÓN: DASHUSDT_LINEAL: interno L:0.000000/S:1.050000 -> real L:0.000000/S:1.160000
[2026-08-31 11:35:35] [TUSK] RECONCILIACIÓN: KNCUSDT_LINEAL: interno L:0.000000/S:0.000000 -> real L:354.100000/S:0.000000
[2026-08-31 11:35:35] [TUSK] RECONCILIACIÓN_FANTASMA: KSMUSDT_LINEAL existe interno pero no en exchange -> reseteando
[2026-08-31 11:35:35] [TUSK] RECONCILIACIÓN_OK: 3 frentes alineados con exchange
[RANGO] SKHYUSDT_LINEAL last=162.86 · río=WS · mercado=linear · estado=ACECHANDO · dir=— · 0=164.91 · Oz=— · Red=— · manos=ON · pos=flat · latido=1.50s
[RANGO] autosello SKHY · ACECHANDO · Oz=0.0 link=— · manos_feria_informe.json
[RANGO] SKHYUSDT_LINEAL last=162.75 · río=WS · mercado=linear · estado=ACECHANDO · dir=— · 0=164.91 · Oz=— · Red=— · manos=ON · pos=flat · latido=1.50s
[RANGO] autosello SKHY · ACECHANDO · Oz=0.0 link=— · manos_feria_informe.json
[RANGO] SKHYUSDT_LINEAL last=162.79 · río=WS · mercado=linear · estado=ACECHANDO · dir=— · 0=164.91 · Oz=— · Red=— · manos=ON · pos=flat · latido=1.50s
[RANGO] SKHYUSDT_LINEAL last=162.78 · río=WS · mercado=linear · estado=ACECHANDO · dir=— · 0=164.91 · Oz=— · Red=— · manos=ON · pos=flat · latido=1.50s
[RANGO] autosello SKHY · ACECHANDO · Oz=0.0 link=— · manos_feria_informe.json
[RANGO] SKHYUSDT_LINEAL last=162.8 · río=WS · mercado=linear · estado=ACECHANDO · dir=— · 0=164.91 · Oz=— · Red=— · manos=ON · pos=flat · latido=1.50s
[RANGO] autosello SKHY · ACECHANDO · Oz=0.0 link=— · manos_feria_informe.json
[RANGO] SKHYUSDT_LINEAL last=162.77 · río=WS · mercado=linear · estado=ACECHANDO · dir=— · 0=164.91 · Oz=— · Red=— · manos=ON · pos=flat · latido=1.50s
[2026-08-31 11:36:36] [TUSK] RECONCILIACIÓN: ACUUSDT_LINEAL: interno L:0.000000/S:0.000000 -> real L:215.000000/S:0.000000
[2026-08-31 11:36:36] [TUSK] RECONCILIACIÓN: MONUSDT_LINEAL: interno L:0.000000/S:0.000000 -> real L:5276.000000/S:0.000000
[2026-08-31 11:36:36] [TUSK] RECONCILIACIÓN_FANTASMA: MSTRUSDT_LINEAL existe interno pero no en exchange -> reseteando
[2026-08-31 11:36:37] [TUSK] RECONCILIACIÓN_FANTASMA: MORPHOUSDT_LINEAL existe interno pero no en exchange -> reseteando
[2026-08-31 11:36:37] [TUSK] RECONCILIACIÓN_OK: 4 frentes alineados con exchange
[RANGO] SKHYUSDT_LINEAL last=162.91 · río=WS · mercado=linear · estado=ACECHANDO · dir=— · 0=164.91 · Oz=— · Red=— · manos=ON · pos=flat · latido=1.50s
[RANGO] autosello SKHY · ACECHANDO · Oz=0.0 link=— · manos_feria_informe.json
[RANGO] SKHYUSDT_LINEAL last=162.93 · río=WS · mercado=linear · estado=ACECHANDO · dir=— · 0=164.91 · Oz=— · Red=— · manos=ON · pos=flat · latido=1.50s
[RANGO] autosello SKHY · ACECHANDO · Oz=0.0 link=— · manos_feria_informe.json
[RANGO] SKHYUSDT_LINEAL last=162.95 · río=WS · mercado=linear · estado=ACECHANDO · dir=— · 0=164.91 · Oz=— · Red=— · manos=ON · pos=flat · latido=1.50s
[RANGO] SKHYUSDT_LINEAL last=162.93 · río=WS · mercado=linear · estado=ACECHANDO · dir=— · 0=164.91 · Oz=— · Red=— · manos=ON · pos=flat · latido=1.50s
[RANGO] autosello SKHY · ACECHANDO · Oz=0.0 link=— · manos_feria_informe.json
[RANGO] SKHYUSDT_LINEAL last=162.95 · río=WS · mercado=linear · estado=ACECHANDO · dir=— · 0=164.91 · Oz=— · Red=— · manos=ON · pos=flat · latido=1.50s
[RANGO] autosello SKHY · ACECHANDO · Oz=0.0 link=— · manos_feria_informe.json
[RANGO] SKHYUSDT_LINEAL last=162.96 · río=WS · mercado=linear · estado=ACECHANDO · dir=— · 0=164.91 · Oz=— · Red=— · manos=ON · pos=flat · latido=1.50s
[RANGO] SKHYUSDT_LINEAL last=162.94 · río=WS · mercado=linear · estado=ACECHANDO · dir=— · 0=164.91 · Oz=— · Red=— · manos=ON · pos=flat · latido=1.50s
[RANGO] autosello SKHY · ACECHANDO · Oz=0.0 link=— · manos_feria_informe.json
[RANGO] SKHYUSDT_LINEAL last=162.94 · río=WS · mercado=linear · estado=ACECHANDO · dir=— · 0=164.91 · Oz=— · Red=— · manos=ON · pos=flat · latido=1.50s
[RANGO] autosello SKHY · ACECHANDO · Oz=0.0 link=— · manos_feria_informe.json
[RANGO] SKHYUSDT_LINEAL last=162.96 · río=WS · mercado=linear · estado=ACECHANDO · dir=— · 0=164.91 · Oz=— · Red=— · manos=ON · pos=flat · latido=1.50s
[RANGO] SKHYUSDT_LINEAL last=162.92 · río=WS · mercado=linear · estado=ACECHANDO · dir=— · 0=164.91 · Oz=— · Red=— · manos=ON · pos=flat · latido=1.50s
[RANGO] autosello SKHY · ACECHANDO · Oz=0.0 link=— · manos_feria_informe.json
[RANGO] SKHYUSDT_LINEAL last=162.99 · río=WS · mercado=linear · estado=ACECHANDO · dir=— · 0=164.91 · Oz=— · Red=— · manos=ON · pos=flat · latido=1.50s
[RANGO] autosello SKHY · ACECHANDO · Oz=0.0 link=— · manos_feria_informe.json
[RANGO] SKHYUSDT_LINEAL last=162.93 · río=WS · mercado=linear · estado=ACECHANDO · dir=— · 0=164.91 · Oz=— · Red=— · manos=ON · pos=flat · latido=1.50s
[2026-08-31 11:38:39] [TUSK] RECONCILIACIÓN: CRDOUSDT_LINEAL: interno L:0.000000/S:0.000000 -> real L:0.170000/S:0.000000
[2026-08-31 11:38:39] [TUSK] RECONCILIACIÓN: XANUSDT_LINEAL: interno L:0.000000/S:0.000000 -> real L:203.000000/S:0.000000
[2026-08-31 11:38:39] [TUSK] RECONCILIACIÓN_FANTASMA: PLTRUSDT_LINEAL existe interno pero no en exchange -> reseteando
[2026-08-31 11:38:39] [TUSK] RECONCILIACIÓN_FANTASMA: MONUSDT_LINEAL existe interno pero no en exchange -> reseteando
[2026-08-31 11:38:39] [TUSK] RECONCILIACIÓN_OK: 4 frentes alineados con exchange
[RANGO] SKHYUSDT_LINEAL last=162.91 · río=WS · mercado=linear · estado=ACECHANDO · dir=— · 0=164.91 · Oz=— · Red=— · manos=ON · pos=flat · latido=1.50s
[RANGO] autosello SKHY · ACECHANDO · Oz=0.0 link=— · manos_feria_informe.json
[RANGO] SKHYUSDT_LINEAL last=163.0 · río=WS · mercado=linear · estado=ACECHANDO · dir=— · 0=164.91 · Oz=— · Red=— · manos=ON · pos=flat · latido=1.50s
[RANGO] autosello SKHY · ACECHANDO · Oz=0.0 link=— · manos_feria_informe.json
[RANGO] SKHYUSDT_LINEAL last=162.95 · río=WS · mercado=linear · estado=ACECHANDO · dir=— · 0=164.91 · Oz=— · Red=— · manos=ON · pos=flat · latido=1.50s
[RANGO] SKHYUSDT_LINEAL last=162.95 · río=WS · mercado=linear · estado=ACECHANDO · dir=— · 0=164.91 · Oz=— · Red=— · manos=ON · pos=flat · latido=1.50s
[RANGO] autosello SKHY · ACECHANDO · Oz=0.0 link=— · manos_feria_informe.json
[RANGO] SKHYUSDT_LINEAL last=162.96 · río=WS · mercado=linear · estado=ACECHANDO · dir=— · 0=164.91 · Oz=— · Red=— · manos=ON · pos=flat · latido=1.50s
[RANGO] autosello SKHY · ACECHANDO · Oz=0.0 link=— · manos_feria_informe.json
[RANGO] SKHYUSDT_LINEAL last=162.98 · río=WS · mercado=linear · estado=ACECHANDO · dir=— · 0=164.91 · Oz=— · Red=— · manos=ON · pos=flat · latido=1.50s
