
════════════════════════════════════════════════════════
    ARISE BERU RANGO — MANOS ON
    Santo: BCHUSDT_LINEAL · mercado=linear · perfil=feria · Vacío ±2.2% · masa $5.0 · Red $5.0
    FASE: HIERRO | SIM=False | TESTNET=False
════════════════════════════════════════════════════════
[2026-08-31 07:49:35] [IGRIS] LEVERAGE_MAX_OK: BCH · BCHUSD (inverse): 20x (techo catálogo)
[2026-08-31 07:49:35] [IGRIS] LEVERAGE_MAX_OK: BCH · BCHUSDT (linear): 50x (techo catálogo)
[RANGO] apalanc máx BCH: BCHUSD=20x, BCHUSDT=50x
[2026-08-31 07:49:37] [TUSK] RECONCILIACIÓN: BIOUSDT_LINEAL: interno L:0.000000/S:0.000000 -> real L:1016.000000/S:0.000000
[2026-08-31 07:49:37] [TUSK] RECONCILIACIÓN: PLTRUSDT_LINEAL: interno L:0.000000/S:0.000000 -> real L:0.030000/S:0.000000
[2026-08-31 07:49:37] [TUSK] RECONCILIACIÓN: TSLLUSDT_LINEAL: interno L:0.000000/S:0.000000 -> real L:1.150000/S:0.000000
[2026-08-31 07:49:37] [TUSK] RECONCILIACIÓN: POWERUSDT_LINEAL: interno L:0.000000/S:0.000000 -> real L:67.000000/S:0.000000
[2026-08-31 07:49:37] [TUSK] RECONCILIACIÓN: SNXXUSDT_LINEAL: interno L:0.000000/S:0.000000 -> real L:6.450000/S:0.000000
[2026-08-31 07:49:37] [TUSK] RECONCILIACIÓN: KSMUSDT_LINEAL: interno L:0.000000/S:0.000000 -> real L:13.470000/S:0.000000
[2026-08-31 07:49:37] [TUSK] RECONCILIACIÓN: MRVLUSDT_LINEAL: interno L:0.000000/S:0.000000 -> real L:1.050000/S:0.000000
[2026-08-31 07:49:37] [TUSK] RECONCILIACIÓN: CRCLUSDT_LINEAL: interno L:0.000000/S:0.000000 -> real L:0.410000/S:0.000000
[2026-08-31 07:49:37] [TUSK] RECONCILIACIÓN: MVLLUSDT_LINEAL: interno L:0.000000/S:0.000000 -> real L:3.550000/S:0.000000
[2026-08-31 07:49:37] [TUSK] RECONCILIACIÓN: AEHRUSDT_LINEAL: interno L:0.000000/S:0.000000 -> real L:0.080000/S:0.000000
[2026-08-31 07:49:37] [TUSK] RECONCILIACIÓN: BSPUSDT_LINEAL: interno L:0.000000/S:0.000000 -> real L:0.410000/S:0.000000
[2026-08-31 07:49:37] [TUSK] RECONCILIACIÓN: CRDOUSDT_LINEAL: interno L:0.000000/S:0.000000 -> real L:0.110000/S:0.000000
[2026-08-31 07:49:37] [TUSK] RECONCILIACIÓN: WDCUSDT_LINEAL: interno L:0.000000/S:0.000000 -> real L:0.020000/S:0.000000
[2026-08-31 07:49:37] [TUSK] RECONCILIACIÓN: ZBCNUSDT_LINEAL: interno L:0.000000/S:0.000000 -> real L:9700.000000/S:0.000000
[2026-08-31 07:49:37] [TUSK] RECONCILIACIÓN: FLYUSDT_LINEAL: interno L:0.000000/S:0.000000 -> real L:0.090000/S:0.000000
[2026-08-31 07:49:37] [TUSK] RECONCILIACIÓN: INTWUSDT_LINEAL: interno L:0.000000/S:0.000000 -> real L:2.120000/S:0.000000
[2026-08-31 07:49:37] [TUSK] RECONCILIACIÓN: APRUSDT_LINEAL: interno L:0.000000/S:0.000000 -> real L:73.000000/S:0.000000
[2026-08-31 07:49:37] [TUSK] RECONCILIACIÓN: AXTIUSDT_LINEAL: interno L:0.000000/S:0.000000 -> real L:1.600000/S:0.000000
[2026-08-31 07:49:37] [TUSK] RECONCILIACIÓN: ALABUSDT_LINEAL: interno L:0.000000/S:0.000000 -> real L:0.030000/S:0.000000
[2026-08-31 07:49:37] [TUSK] RECONCILIACIÓN: B2USDT_LINEAL: interno L:0.000000/S:0.000000 -> real L:0.000000/S:4.000000
[2026-08-31 07:49:37] [TUSK] RECONCILIACIÓN: DOGEUSD_INVERSE: interno L:0.000000/S:0.000000 -> real L:219.000000/S:0.000000
[2026-08-31 07:49:37] [TUSK] RECONCILIACIÓN: ETHUSD_INVERSE: interno L:0.000000/S:0.000000 -> real L:190.000000/S:0.000000
[2026-08-31 07:49:37] [TUSK] RECONCILIACIÓN: HYPEUSD_INVERSE: interno L:0.000000/S:0.000000 -> real L:291.000000/S:0.000000
[2026-08-31 07:49:37] [TUSK] RECONCILIACIÓN: SOLUSD_INVERSE: interno L:0.000000/S:0.000000 -> real L:201.000000/S:0.000000
[2026-08-31 07:49:37] [TUSK] RECONCILIACIÓN: LTCUSD_INVERSE: interno L:0.000000/S:0.000000 -> real L:229.000000/S:0.000000
[2026-08-31 07:49:37] [TUSK] RECONCILIACIÓN: BTCUSD_INVERSE: interno L:0.000000/S:0.000000 -> real L:202.000000/S:0.000000
[2026-08-31 07:49:37] [TUSK] RECONCILIACIÓN: XRPUSD_INVERSE: interno L:0.000000/S:0.000000 -> real L:230.000000/S:0.000000
[2026-08-31 07:49:37] [TUSK] RECONCILIACIÓN: FILUSD_INVERSE: interno L:0.000000/S:0.000000 -> real L:198.000000/S:0.000000
[2026-08-31 07:49:37] [TUSK] RECONCILIACIÓN: MNTUSD_INVERSE: interno L:0.000000/S:0.000000 -> real L:69.000000/S:0.000000
[2026-08-31 07:49:37] [TUSK] RECONCILIACIÓN: AAVEUSD_INVERSE: interno L:0.000000/S:0.000000 -> real L:178.000000/S:0.000000
[2026-08-31 07:49:37] [TUSK] RECONCILIACIÓN: APTUSD_INVERSE: interno L:0.000000/S:0.000000 -> real L:210.000000/S:0.000000
[2026-08-31 07:49:38] [TUSK] RECONCILIACIÓN: AVAXUSD_INVERSE: interno L:0.000000/S:0.000000 -> real L:200.000000/S:0.000000
[2026-08-31 07:49:38] [TUSK] RECONCILIACIÓN: BCHUSD_INVERSE: interno L:0.000000/S:0.000000 -> real L:180.000000/S:0.000000
[2026-08-31 07:49:38] [TUSK] RECONCILIACIÓN: ETCUSD_INVERSE: interno L:0.000000/S:0.000000 -> real L:283.000000/S:0.000000
[2026-08-31 07:49:38] [TUSK] RECONCILIACIÓN: LINKUSD_INVERSE: interno L:0.000000/S:0.000000 -> real L:199.000000/S:0.000000
[2026-08-31 07:49:38] [TUSK] RECONCILIACIÓN: NEARUSD_INVERSE: interno L:0.000000/S:0.000000 -> real L:113.000000/S:0.000000
[2026-08-31 07:49:38] [TUSK] RECONCILIACIÓN: OPUSD_INVERSE: interno L:0.000000/S:0.000000 -> real L:225.000000/S:0.000000
[2026-08-31 07:49:38] [TUSK] RECONCILIACIÓN: SUIUSD_INVERSE: interno L:0.000000/S:0.000000 -> real L:208.000000/S:0.000000
[2026-08-31 07:49:38] [TUSK] RECONCILIACIÓN: XLMUSD_INVERSE: interno L:0.000000/S:0.000000 -> real L:206.000000/S:0.000000
[2026-08-31 07:49:38] [TUSK] RECONCILIACIÓN: DOTUSD_INVERSE: interno L:0.000000/S:0.000000 -> real L:200.000000/S:0.000000
[2026-08-31 07:49:38] [TUSK] RECONCILIACIÓN_OK: 40 frentes alineados con exchange
[RANGO] Checkpoint SEMILLA · forzado --desde-cero · edad=—s · pos=0
[2026-08-31 07:49:38] [BERU_RANGO] WAKE: RANGO_BCH_eb822942 0=245.500000 Vacío ±2.2% → trailing Oz 0.2% · masa $5.00 · Red→$5.
[BERU_RANGO] WAKE RANGO_BCH_eb822942 0=245.5 precio=245.5 masa_usd=5.0
[RANGO] Wake BCH 0=245.5 · Red=— · sangre=— · estado=ACECHANDO · Oz=— · manos=True · bridge=ON · SEMILLA

[RANGO] Hilo vivo · Stop/amend/Market permitidos · Ctrl+C sella.

[TANK] Trinidad 22 activos | pentiverso ['LTC', 'BTC'] | beru ['ETHUSDT_SPOT'] | ref: ETH (HIERRO).
[2026-08-31 07:49:38] [BRIDGE] TRINIDAD: Sentidos[beru_rango]: catalog 803+40 lin | 0+0 inv | 0 spot · WS 1 shards · tickers=1 · books=OFF · trades=ON · bases=BCH
[RANGO] BCHUSDT_LINEAL last=245.4 · río=WS · mercado=linear · estado=ACECHANDO · dir=— · 0=245.5 · Oz=— · Red=— · manos=ON · pos=flat · latido=1.50s
[RANGO] autosello BCH · ACECHANDO · Oz=0.0 link=— · manos_feria_informe.json
[RANGO] BCHUSDT_LINEAL last=245.3 · río=WS · mercado=linear · estado=ACECHANDO · dir=— · 0=245.5 · Oz=— · Red=— · manos=ON · pos=flat · latido=1.50s
[RANGO] autosello BCH · ACECHANDO · Oz=0.0 link=— · manos_feria_informe.json
[RANGO] BCHUSDT_LINEAL last=245.3 · río=WS · mercado=linear · estado=ACECHANDO · dir=— · 0=245.5 · Oz=— · Red=— · manos=ON · pos=flat · latido=1.50s
[RANGO] BCHUSDT_LINEAL last=245.33 · río=WS · mercado=linear · estado=ACECHANDO · dir=— · 0=245.5 · Oz=— · Red=— · manos=ON · pos=flat · latido=1.50s
[RANGO] autosello BCH · ACECHANDO · Oz=0.0 link=— · manos_feria_informe.json
[RANGO] BCHUSDT_LINEAL last=245.4 · río=WS · mercado=linear · estado=ACECHANDO · dir=— · 0=245.5 · Oz=— · Red=— · manos=ON · pos=flat · latido=1.50s
[RANGO] autosello BCH · ACECHANDO · Oz=0.0 link=— · manos_feria_informe.json
[RANGO] BCHUSDT_LINEAL last=245.4 · río=WS · mercado=linear · estado=ACECHANDO · dir=— · 0=245.5 · Oz=— · Red=— · manos=ON · pos=flat · latido=1.50s
[RANGO] BCHUSDT_LINEAL last=245.1 · río=WS · mercado=linear · estado=ACECHANDO · dir=— · 0=245.5 · Oz=— · Red=— · manos=ON · pos=flat · latido=1.50s
[RANGO] autosello BCH · ACECHANDO · Oz=0.0 link=— · manos_feria_informe.json
[RANGO] BCHUSDT_LINEAL last=245.1 · río=WS · mercado=linear · estado=ACECHANDO · dir=— · 0=245.5 · Oz=— · Red=— · manos=ON · pos=flat · latido=1.50s
[RANGO] autosello BCH · ACECHANDO · Oz=0.0 link=— · manos_feria_informe.json
[RANGO] BCHUSDT_LINEAL last=245.0 · río=WS · mercado=linear · estado=ACECHANDO · dir=— · 0=245.5 · Oz=— · Red=— · manos=ON · pos=flat · latido=1.50s
[RANGO] BCHUSDT_LINEAL last=244.9 · río=WS · mercado=linear · estado=ACECHANDO · dir=— · 0=245.5 · Oz=— · Red=— · manos=ON · pos=flat · latido=1.50s
[RANGO] autosello BCH · ACECHANDO · Oz=0.0 link=— · manos_feria_informe.json
[RANGO] BCHUSDT_LINEAL last=244.9 · río=WS · mercado=linear · estado=ACECHANDO · dir=— · 0=245.5 · Oz=— · Red=— · manos=ON · pos=flat · latido=1.50s
[RANGO] autosello BCH · ACECHANDO · Oz=0.0 link=— · manos_feria_informe.json
[RANGO] BCHUSDT_LINEAL last=245.03 · río=WS · mercado=linear · estado=ACECHANDO · dir=— · 0=245.5 · Oz=— · Red=— · manos=ON · pos=flat · latido=1.50s
[RANGO] BCHUSDT_LINEAL last=245.0 · río=WS · mercado=linear · estado=ACECHANDO · dir=— · 0=245.5 · Oz=— · Red=— · manos=ON · pos=flat · latido=1.50s
[2026-08-31 07:51:43] [TUSK] RECONCILIACIÓN: LTCUSD_INVERSE: interno L:229.000000/S:0.000000 -> real L:234.000000/S:0.000000
[2026-08-31 07:51:43] [TUSK] RECONCILIACIÓN_OK: 1 frentes alineados con exchange
[RANGO] autosello BCH · ACECHANDO · Oz=0.0 link=— · manos_feria_informe.json
[RANGO] BCHUSDT_LINEAL last=245.0 · río=WS · mercado=linear · estado=ACECHANDO · dir=— · 0=245.5 · Oz=— · Red=— · manos=ON · pos=flat · latido=1.50s
[RANGO] autosello BCH · ACECHANDO · Oz=0.0 link=— · manos_feria_informe.json
[RANGO] BCHUSDT_LINEAL last=244.8 · río=WS · mercado=linear · estado=ACECHANDO · dir=— · 0=245.5 · Oz=— · Red=— · manos=ON · pos=flat · latido=1.50s
[RANGO] BCHUSDT_LINEAL last=244.5 · río=WS · mercado=linear · estado=ACECHANDO · dir=— · 0=245.5 · Oz=— · Red=— · manos=ON · pos=flat · latido=1.50s
[RANGO] autosello BCH · ACECHANDO · Oz=0.0 link=— · manos_feria_informe.json
[RANGO] BCHUSDT_LINEAL last=244.5 · río=WS · mercado=linear · estado=ACECHANDO · dir=— · 0=245.5 · Oz=— · Red=— · manos=ON · pos=flat · latido=1.50s
[RANGO] autosello BCH · ACECHANDO · Oz=0.0 link=— · manos_feria_informe.json
[RANGO] BCHUSDT_LINEAL last=244.4 · río=WS · mercado=linear · estado=ACECHANDO · dir=— · 0=245.5 · Oz=— · Red=— · manos=ON · pos=flat · latido=1.50s
[RANGO] BCHUSDT_LINEAL last=244.4 · río=WS · mercado=linear · estado=ACECHANDO · dir=— · 0=245.5 · Oz=— · Red=— · manos=ON · pos=flat · latido=1.50s
[RANGO] autosello BCH · ACECHANDO · Oz=0.0 link=— · manos_feria_informe.json
[RANGO] BCHUSDT_LINEAL last=244.3 · río=WS · mercado=linear · estado=ACECHANDO · dir=— · 0=245.5 · Oz=— · Red=— · manos=ON · pos=flat · latido=1.50s
[RANGO] autosello BCH · ACECHANDO · Oz=0.0 link=— · manos_feria_informe.json
[RANGO] BCHUSDT_LINEAL last=244.3 · río=WS · mercado=linear · estado=ACECHANDO · dir=— · 0=245.5 · Oz=— · Red=— · manos=ON · pos=flat · latido=1.50s
[RANGO] BCHUSDT_LINEAL last=244.5 · río=WS · mercado=linear · estado=ACECHANDO · dir=— · 0=245.5 · Oz=— · Red=— · manos=ON · pos=flat · latido=1.50s
[RANGO] autosello BCH · ACECHANDO · Oz=0.0 link=— · manos_feria_informe.json
[RANGO] BCHUSDT_LINEAL last=244.4 · río=WS · mercado=linear · estado=ACECHANDO · dir=— · 0=245.5 · Oz=— · Red=— · manos=ON · pos=flat · latido=1.50s
[RANGO] autosello BCH · ACECHANDO · Oz=0.0 link=— · manos_feria_informe.json
[RANGO] BCHUSDT_LINEAL last=244.5 · río=WS · mercado=linear · estado=ACECHANDO · dir=— · 0=245.5 · Oz=— · Red=— · manos=ON · pos=flat · latido=1.50s
[RANGO] BCHUSDT_LINEAL last=244.6 · río=WS · mercado=linear · estado=ACECHANDO · dir=— · 0=245.5 · Oz=— · Red=— · manos=ON · pos=flat · latido=1.50s
[2026-08-31 07:53:45] [TUSK] RECONCILIACIÓN: BLUAIUSDT_LINEAL: interno L:0.000000/S:0.000000 -> real L:850.000000/S:0.000000
[2026-08-31 07:53:45] [TUSK] RECONCILIACIÓN_FANTASMA: B2USDT_LINEAL existe interno pero no en exchange -> reseteando
[2026-08-31 07:53:45] [TUSK] RECONCILIACIÓN_OK: 2 frentes alineados con exchange
[RANGO] autosello BCH · ACECHANDO · Oz=0.0 link=— · manos_feria_informe.json
[RANGO] BCHUSDT_LINEAL last=244.5 · río=WS · mercado=linear · estado=ACECHANDO · dir=— · 0=245.5 · Oz=— · Red=— · manos=ON · pos=flat · latido=1.50s
[RANGO] autosello BCH · ACECHANDO · Oz=0.0 link=— · manos_feria_informe.json
[RANGO] BCHUSDT_LINEAL last=244.7 · río=WS · mercado=linear · estado=ACECHANDO · dir=— · 0=245.5 · Oz=— · Red=— · manos=ON · pos=flat · latido=1.50s
[RANGO] BCHUSDT_LINEAL last=244.6 · río=WS · mercado=linear · estado=ACECHANDO · dir=— · 0=245.5 · Oz=— · Red=— · manos=ON · pos=flat · latido=1.50s
[RANGO] autosello BCH · ACECHANDO · Oz=0.0 link=— · manos_feria_informe.json
[RANGO] BCHUSDT_LINEAL last=244.7 · río=WS · mercado=linear · estado=ACECHANDO · dir=— · 0=245.5 · Oz=— · Red=— · manos=ON · pos=flat · latido=1.50s
[RANGO] autosello BCH · ACECHANDO · Oz=0.0 link=— · manos_feria_informe.json
[RANGO] BCHUSDT_LINEAL last=244.6 · río=WS · mercado=linear · estado=ACECHANDO · dir=— · 0=245.5 · Oz=— · Red=— · manos=ON · pos=flat · latido=1.50s
[RANGO] BCHUSDT_LINEAL last=244.8 · río=WS · mercado=linear · estado=ACECHANDO · dir=— · 0=245.5 · Oz=— · Red=— · manos=ON · pos=flat · latido=1.50s
[RANGO] autosello BCH · ACECHANDO · Oz=0.0 link=— · manos_feria_informe.json
[2026-08-31 07:54:46] [TUSK] RECONCILIACIÓN: SAMSUNGUSDT_LINEAL: interno L:0.000000/S:0.000000 -> real L:0.000000/S:0.110000
[2026-08-31 07:54:46] [TUSK] RECONCILIACIÓN_FANTASMA: ALABUSDT_LINEAL existe interno pero no en exchange -> reseteando
[2026-08-31 07:54:46] [TUSK] RECONCILIACIÓN_OK: 2 frentes alineados con exchange
[RANGO] BCHUSDT_LINEAL last=244.7 · río=WS · mercado=linear · estado=ACECHANDO · dir=— · 0=245.5 · Oz=— · Red=— · manos=ON · pos=flat · latido=1.50s
[RANGO] autosello BCH · ACECHANDO · Oz=0.0 link=— · manos_feria_informe.json
[RANGO] BCHUSDT_LINEAL last=244.9 · río=WS · mercado=linear · estado=ACECHANDO · dir=— · 0=245.5 · Oz=— · Red=— · manos=ON · pos=flat · latido=1.50s
[RANGO] BCHUSDT_LINEAL last=244.8 · río=WS · mercado=linear · estado=ACECHANDO · dir=— · 0=245.5 · Oz=— · Red=— · manos=ON · pos=flat · latido=1.50s
[RANGO] autosello BCH · ACECHANDO · Oz=0.0 link=— · manos_feria_informe.json
[RANGO] BCHUSDT_LINEAL last=244.8 · río=WS · mercado=linear · estado=ACECHANDO · dir=— · 0=245.5 · Oz=— · Red=— · manos=ON · pos=flat · latido=1.50s
[RANGO] autosello BCH · ACECHANDO · Oz=0.0 link=— · manos_feria_informe.json
[RANGO] BCHUSDT_LINEAL last=244.8 · río=WS · mercado=linear · estado=ACECHANDO · dir=— · 0=245.5 · Oz=— · Red=— · manos=ON · pos=flat · latido=1.50s
[RANGO] BCHUSDT_LINEAL last=244.7 · río=WS · mercado=linear · estado=ACECHANDO · dir=— · 0=245.5 · Oz=— · Red=— · manos=ON · pos=flat · latido=1.50s
[RANGO] autosello BCH · ACECHANDO · Oz=0.0 link=— · manos_feria_informe.json
[2026-08-31 07:55:48] [TUSK] RECONCILIACIÓN: BSPUSDT_LINEAL: interno L:0.410000/S:0.000000 -> real L:0.290000/S:0.000000
[2026-08-31 07:55:48] [TUSK] RECONCILIACIÓN_OK: 1 frentes alineados con exchange
[RANGO] BCHUSDT_LINEAL last=244.9 · río=WS · mercado=linear · estado=ACECHANDO · dir=— · 0=245.5 · Oz=— · Red=— · manos=ON · pos=flat · latido=1.50s
[RANGO] autosello BCH · ACECHANDO · Oz=0.0 link=— · manos_feria_informe.json
[RANGO] BCHUSDT_LINEAL last=245.0 · río=WS · mercado=linear · estado=ACECHANDO · dir=— · 0=245.5 · Oz=— · Red=— · manos=ON · pos=flat · latido=1.50s
[RANGO] BCHUSDT_LINEAL last=244.8 · río=WS · mercado=linear · estado=ACECHANDO · dir=— · 0=245.5 · Oz=— · Red=— · manos=ON · pos=flat · latido=1.50s
[RANGO] autosello BCH · ACECHANDO · Oz=0.0 link=— · manos_feria_informe.json
[RANGO] BCHUSDT_LINEAL last=244.9 · río=WS · mercado=linear · estado=ACECHANDO · dir=— · 0=245.5 · Oz=— · Red=— · manos=ON · pos=flat · latido=1.50s
[RANGO] autosello BCH · ACECHANDO · Oz=0.0 link=— · manos_feria_informe.json
[RANGO] BCHUSDT_LINEAL last=244.9 · río=WS · mercado=linear · estado=ACECHANDO · dir=— · 0=245.5 · Oz=— · Red=— · manos=ON · pos=flat · latido=1.50s
[RANGO] BCHUSDT_LINEAL last=245.0 · río=WS · mercado=linear · estado=ACECHANDO · dir=— · 0=245.5 · Oz=— · Red=— · manos=ON · pos=flat · latido=1.50s
[RANGO] autosello BCH · ACECHANDO · Oz=0.0 link=— · manos_feria_informe.json
[RANGO] BCHUSDT_LINEAL last=244.92 · río=WS · mercado=linear · estado=ACECHANDO · dir=— · 0=245.5 · Oz=— · Red=— · manos=ON · pos=flat · latido=1.50s
[RANGO] autosello BCH · ACECHANDO · Oz=0.0 link=— · manos_feria_informe.json
[RANGO] BCHUSDT_LINEAL last=244.9 · río=WS · mercado=linear · estado=ACECHANDO · dir=— · 0=245.5 · Oz=— · Red=— · manos=ON · pos=flat · latido=1.50s
[RANGO] BCHUSDT_LINEAL last=244.8 · río=WS · mercado=linear · estado=ACECHANDO · dir=— · 0=245.5 · Oz=— · Red=— · manos=ON · pos=flat · latido=1.50s
[RANGO] autosello BCH · ACECHANDO · Oz=0.0 link=— · manos_feria_informe.json
[RANGO] BCHUSDT_LINEAL last=244.8 · río=WS · mercado=linear · estado=ACECHANDO · dir=— · 0=245.5 · Oz=— · Red=— · manos=ON · pos=flat · latido=1.50s
[RANGO] autosello BCH · ACECHANDO · Oz=0.0 link=— · manos_feria_informe.json
[RANGO] BCHUSDT_LINEAL last=244.4 · río=WS · mercado=linear · estado=ACECHANDO · dir=— · 0=245.5 · Oz=— · Red=— · manos=ON · pos=flat · latido=1.50s
[RANGO] BCHUSDT_LINEAL last=244.3 · río=WS · mercado=linear · estado=ACECHANDO · dir=— · 0=245.5 · Oz=— · Red=— · manos=ON · pos=flat · latido=1.50s
[RANGO] autosello BCH · ACECHANDO · Oz=0.0 link=— · manos_feria_informe.json
[2026-08-31 07:57:50] [TUSK] RECONCILIACIÓN: AEHRUSDT_LINEAL: interno L:0.080000/S:0.000000 -> real L:0.020000/S:0.000000
[2026-08-31 07:57:50] [TUSK] RECONCILIACIÓN: LITUSDT_LINEAL: interno L:0.000000/S:0.000000 -> real L:0.000000/S:20.800000
[2026-08-31 07:57:50] [TUSK] RECONCILIACIÓN_FANTASMA: AXTIUSDT_LINEAL existe interno pero no en exchange -> reseteando
[2026-08-31 07:57:50] [TUSK] RECONCILIACIÓN_OK: 3 frentes alineados con exchange
[RANGO] BCHUSDT_LINEAL last=244.5 · río=WS · mercado=linear · estado=ACECHANDO · dir=— · 0=245.5 · Oz=— · Red=— · manos=ON · pos=flat · latido=1.50s
[RANGO] autosello BCH · ACECHANDO · Oz=0.0 link=— · manos_feria_informe.json
[RANGO] BCHUSDT_LINEAL last=244.6 · río=WS · mercado=linear · estado=ACECHANDO · dir=— · 0=245.5 · Oz=— · Red=— · manos=ON · pos=flat · latido=1.50s
[RANGO] BCHUSDT_LINEAL last=244.5 · río=WS · mercado=linear · estado=ACECHANDO · dir=— · 0=245.5 · Oz=— · Red=— · manos=ON · pos=flat · latido=1.50s
[RANGO] autosello BCH · ACECHANDO · Oz=0.0 link=— · manos_feria_informe.json
[RANGO] BCHUSDT_LINEAL last=244.4 · río=WS · mercado=linear · estado=ACECHANDO · dir=— · 0=245.5 · Oz=— · Red=— · manos=ON · pos=flat · latido=1.50s
[RANGO] autosello BCH · ACECHANDO · Oz=0.0 link=— · manos_feria_informe.json
[RANGO] BCHUSDT_LINEAL last=244.4 · río=WS · mercado=linear · estado=ACECHANDO · dir=— · 0=245.5 · Oz=— · Red=— · manos=ON · pos=flat · latido=1.50s
[RANGO] BCHUSDT_LINEAL last=244.5 · río=WS · mercado=linear · estado=ACECHANDO · dir=— · 0=245.5 · Oz=— · Red=— · manos=ON · pos=flat · latido=1.50s
[RANGO] autosello BCH · ACECHANDO · Oz=0.0 link=— · manos_feria_informe.json
[RANGO] BCHUSDT_LINEAL last=244.4 · río=WS · mercado=linear · estado=ACECHANDO · dir=— · 0=245.5 · Oz=— · Red=— · manos=ON · pos=flat · latido=1.50s
[RANGO] autosello BCH · ACECHANDO · Oz=0.0 link=— · manos_feria_informe.json
[RANGO] BCHUSDT_LINEAL last=244.6 · río=WS · mercado=linear · estado=ACECHANDO · dir=— · 0=245.5 · Oz=— · Red=— · manos=ON · pos=flat · latido=1.50s
[RANGO] BCHUSDT_LINEAL last=244.4 · río=WS · mercado=linear · estado=ACECHANDO · dir=— · 0=245.5 · Oz=— · Red=— · manos=ON · pos=flat · latido=1.50s
[RANGO] autosello BCH · ACECHANDO · Oz=0.0 link=— · manos_feria_informe.json
[RANGO] BCHUSDT_LINEAL last=244.4 · río=WS · mercado=linear · estado=ACECHANDO · dir=— · 0=245.5 · Oz=— · Red=— · manos=ON · pos=flat · latido=1.50s
[RANGO] autosello BCH · ACECHANDO · Oz=0.0 link=— · manos_feria_informe.json
[RANGO] BCHUSDT_LINEAL last=244.2 · río=WS · mercado=linear · estado=ACECHANDO · dir=— · 0=245.5 · Oz=— · Red=— · manos=ON · pos=flat · latido=1.50s
[RANGO] BCHUSDT_LINEAL last=244.2 · río=WS · mercado=linear · estado=ACECHANDO · dir=— · 0=245.5 · Oz=— · Red=— · manos=ON · pos=flat · latido=1.50s
[RANGO] autosello BCH · ACECHANDO · Oz=0.0 link=— · manos_feria_informe.json
[RANGO] BCHUSDT_LINEAL last=244.3 · río=WS · mercado=linear · estado=ACECHANDO · dir=— · 0=245.5 · Oz=— · Red=— · manos=ON · pos=flat · latido=1.50s
[RANGO] autosello BCH · ACECHANDO · Oz=0.0 link=— · manos_feria_informe.json
[RANGO] BCHUSDT_LINEAL last=244.2 · río=WS · mercado=linear · estado=ACECHANDO · dir=— · 0=245.5 · Oz=— · Red=— · manos=ON · pos=flat · latido=1.50s
[RANGO] BCHUSDT_LINEAL last=244.3 · río=WS · mercado=linear · estado=ACECHANDO · dir=— · 0=245.5 · Oz=— · Red=— · manos=ON · pos=flat · latido=1.50s
[RANGO] autosello BCH · ACECHANDO · Oz=0.0 link=— · manos_feria_informe.json
[RANGO] BCHUSDT_LINEAL last=244.1 · río=WS · mercado=linear · estado=ACECHANDO · dir=— · 0=245.5 · Oz=— · Red=— · manos=ON · pos=flat · latido=1.50s
[RANGO] autosello BCH · ACECHANDO · Oz=0.0 link=— · manos_feria_informe.json
[RANGO] BCHUSDT_LINEAL last=244.1 · río=WS · mercado=linear · estado=ACECHANDO · dir=— · 0=245.5 · Oz=— · Red=— · manos=ON · pos=flat · latido=1.50s
[RANGO] BCHUSDT_LINEAL last=244.2 · río=WS · mercado=linear · estado=ACECHANDO · dir=— · 0=245.5 · Oz=— · Red=— · manos=ON · pos=flat · latido=1.50s
[RANGO] autosello BCH · ACECHANDO · Oz=0.0 link=— · manos_feria_informe.json
[RANGO] BCHUSDT_LINEAL last=244.1 · río=WS · mercado=linear · estado=ACECHANDO · dir=— · 0=245.5 · Oz=— · Red=— · manos=ON · pos=flat · latido=1.50s
[2026-08-31 08:00:54] [TUSK] RECONCILIACIÓN: COTIUSDT_LINEAL: interno L:0.000000/S:0.000000 -> real L:1588.000000/S:0.000000
[2026-08-31 08:00:54] [TUSK] RECONCILIACIÓN_FANTASMA: APRUSDT_LINEAL existe interno pero no en exchange -> reseteando
[2026-08-31 08:00:54] [TUSK] RECONCILIACIÓN_OK: 2 frentes alineados con exchange
[RANGO] autosello BCH · ACECHANDO · Oz=0.0 link=— · manos_feria_informe.json
[RANGO] BCHUSDT_LINEAL last=244.1 · río=WS · mercado=linear · estado=ACECHANDO · dir=— · 0=245.5 · Oz=— · Red=— · manos=ON · pos=flat · latido=1.50s
[RANGO] BCHUSDT_LINEAL last=244.4 · río=WS · mercado=linear · estado=ACECHANDO · dir=— · 0=245.5 · Oz=— · Red=— · manos=ON · pos=flat · latido=1.50s
[RANGO] autosello BCH · ACECHANDO · Oz=0.0 link=— · manos_feria_informe.json
[RANGO] BCHUSDT_LINEAL last=244.3 · río=WS · mercado=linear · estado=ACECHANDO · dir=— · 0=245.5 · Oz=— · Red=— · manos=ON · pos=flat · latido=1.50s
[RANGO] autosello BCH · ACECHANDO · Oz=0.0 link=— · manos_feria_informe.json
[RANGO] BCHUSDT_LINEAL last=244.3 · río=WS · mercado=linear · estado=ACECHANDO · dir=— · 0=245.5 · Oz=— · Red=— · manos=ON · pos=flat · latido=1.50s
[RANGO] BCHUSDT_LINEAL last=244.3 · río=WS · mercado=linear · estado=ACECHANDO · dir=— · 0=245.5 · Oz=— · Red=— · manos=ON · pos=flat · latido=1.50s
[RANGO] autosello BCH · ACECHANDO · Oz=0.0 link=— · manos_feria_informe.json
[RANGO] BCHUSDT_LINEAL last=244.4 · río=WS · mercado=linear · estado=ACECHANDO · dir=— · 0=245.5 · Oz=— · Red=— · manos=ON · pos=flat · latido=1.50s
[RANGO] autosello BCH · ACECHANDO · Oz=0.0 link=— · manos_feria_informe.json
[RANGO] BCHUSDT_LINEAL last=244.3 · río=WS · mercado=linear · estado=ACECHANDO · dir=— · 0=245.5 · Oz=— · Red=— · manos=ON · pos=flat · latido=1.50s
[RANGO] BCHUSDT_LINEAL last=244.2 · río=WS · mercado=linear · estado=ACECHANDO · dir=— · 0=245.5 · Oz=— · Red=— · manos=ON · pos=flat · latido=1.50s
[RANGO] autosello BCH · ACECHANDO · Oz=0.0 link=— · manos_feria_informe.json
[RANGO] BCHUSDT_LINEAL last=244.3 · río=WS · mercado=linear · estado=ACECHANDO · dir=— · 0=245.5 · Oz=— · Red=— · manos=ON · pos=flat · latido=1.50s
[RANGO] autosello BCH · ACECHANDO · Oz=0.0 link=— · manos_feria_informe.json
[RANGO] BCHUSDT_LINEAL last=244.2 · río=WS · mercado=linear · estado=ACECHANDO · dir=— · 0=245.5 · Oz=— · Red=— · manos=ON · pos=flat · latido=1.50s
[RANGO] BCHUSDT_LINEAL last=244.1 · río=WS · mercado=linear · estado=ACECHANDO · dir=— · 0=245.5 · Oz=— · Red=— · manos=ON · pos=flat · latido=1.50s
[RANGO] autosello BCH · ACECHANDO · Oz=0.0 link=— · manos_feria_informe.json
[RANGO] BCHUSDT_LINEAL last=244.4 · río=WS · mercado=linear · estado=ACECHANDO · dir=— · 0=245.5 · Oz=— · Red=— · manos=ON · pos=flat · latido=1.50s
[2026-08-31 08:02:58] [TUSK] RECONCILIACIÓN: BSPUSDT_LINEAL: interno L:0.290000/S:0.000000 -> real L:0.170000/S:0.000000
[2026-08-31 08:02:58] [TUSK] RECONCILIACIÓN_OK: 1 frentes alineados con exchange
[RANGO] autosello BCH · ACECHANDO · Oz=0.0 link=— · manos_feria_informe.json
[RANGO] BCHUSDT_LINEAL last=244.6 · río=WS · mercado=linear · estado=ACECHANDO · dir=— · 0=245.5 · Oz=— · Red=— · manos=ON · pos=flat · latido=1.50s
[RANGO] BCHUSDT_LINEAL last=244.5 · río=WS · mercado=linear · estado=ACECHANDO · dir=— · 0=245.5 · Oz=— · Red=— · manos=ON · pos=flat · latido=1.50s
[RANGO] autosello BCH · ACECHANDO · Oz=0.0 link=— · manos_feria_informe.json
[RANGO] BCHUSDT_LINEAL last=244.4 · río=WS · mercado=linear · estado=ACECHANDO · dir=— · 0=245.5 · Oz=— · Red=— · manos=ON · pos=flat · latido=1.50s
[RANGO] autosello BCH · ACECHANDO · Oz=0.0 link=— · manos_feria_informe.json
[RANGO] BCHUSDT_LINEAL last=244.5 · río=WS · mercado=linear · estado=ACECHANDO · dir=— · 0=245.5 · Oz=— · Red=— · manos=ON · pos=flat · latido=1.50s
[RANGO] BCHUSDT_LINEAL last=244.7 · río=WS · mercado=linear · estado=ACECHANDO · dir=— · 0=245.5 · Oz=— · Red=— · manos=ON · pos=flat · latido=1.50s
[RANGO] autosello BCH · ACECHANDO · Oz=0.0 link=— · manos_feria_informe.json
[RANGO] BCHUSDT_LINEAL last=244.7 · río=WS · mercado=linear · estado=ACECHANDO · dir=— · 0=245.5 · Oz=— · Red=— · manos=ON · pos=flat · latido=1.50s
[2026-08-31 08:03:59] [TUSK] RECONCILIACIÓN: AEHRUSDT_LINEAL: interno L:0.020000/S:0.000000 -> real L:0.090000/S:0.000000
[2026-08-31 08:03:59] [TUSK] RECONCILIACIÓN_OK: 1 frentes alineados con exchange
[RANGO] autosello BCH · ACECHANDO · Oz=0.0 link=— · manos_feria_informe.json
[RANGO] BCHUSDT_LINEAL last=244.6 · río=WS · mercado=linear · estado=ACECHANDO · dir=— · 0=245.5 · Oz=— · Red=— · manos=ON · pos=flat · latido=1.50s
[RANGO] BCHUSDT_LINEAL last=244.6 · río=WS · mercado=linear · estado=ACECHANDO · dir=— · 0=245.5 · Oz=— · Red=— · manos=ON · pos=flat · latido=1.50s
[RANGO] autosello BCH · ACECHANDO · Oz=0.0 link=— · manos_feria_informe.json
[RANGO] BCHUSDT_LINEAL last=244.6 · río=WS · mercado=linear · estado=ACECHANDO · dir=— · 0=245.5 · Oz=— · Red=— · manos=ON · pos=flat · latido=1.50s
[RANGO] autosello BCH · ACECHANDO · Oz=0.0 link=— · manos_feria_informe.json
[RANGO] BCHUSDT_LINEAL last=244.7 · río=WS · mercado=linear · estado=ACECHANDO · dir=— · 0=245.5 · Oz=— · Red=— · manos=ON · pos=flat · latido=1.50s
[RANGO] BCHUSDT_LINEAL last=244.8 · río=WS · mercado=linear · estado=ACECHANDO · dir=— · 0=245.5 · Oz=— · Red=— · manos=ON · pos=flat · latido=1.50s
[RANGO] autosello BCH · ACECHANDO · Oz=0.0 link=— · manos_feria_informe.json
[RANGO] BCHUSDT_LINEAL last=244.6 · río=WS · mercado=linear · estado=ACECHANDO · dir=— · 0=245.5 · Oz=— · Red=— · manos=ON · pos=flat · latido=1.50s
[RANGO] autosello BCH · ACECHANDO · Oz=0.0 link=— · manos_feria_informe.json
[RANGO] BCHUSDT_LINEAL last=244.5 · río=WS · mercado=linear · estado=ACECHANDO · dir=— · 0=245.5 · Oz=— · Red=— · manos=ON · pos=flat · latido=1.50s
[RANGO] BCHUSDT_LINEAL last=244.6 · río=WS · mercado=linear · estado=ACECHANDO · dir=— · 0=245.5 · Oz=— · Red=— · manos=ON · pos=flat · latido=1.50s
[RANGO] autosello BCH · ACECHANDO · Oz=0.0 link=— · manos_feria_informe.json
[RANGO] BCHUSDT_LINEAL last=244.3 · río=WS · mercado=linear · estado=ACECHANDO · dir=— · 0=245.5 · Oz=— · Red=— · manos=ON · pos=flat · latido=1.50s
[RANGO] autosello BCH · ACECHANDO · Oz=0.0 link=— · manos_feria_informe.json
[RANGO] BCHUSDT_LINEAL last=244.3 · río=WS · mercado=linear · estado=ACECHANDO · dir=— · 0=245.5 · Oz=— · Red=— · manos=ON · pos=flat · latido=1.50s
[RANGO] BCHUSDT_LINEAL last=244.5 · río=WS · mercado=linear · estado=ACECHANDO · dir=— · 0=245.5 · Oz=— · Red=— · manos=ON · pos=flat · latido=1.50s
[RANGO] autosello BCH · ACECHANDO · Oz=0.0 link=— · manos_feria_informe.json
[RANGO] BCHUSDT_LINEAL last=244.6 · río=WS · mercado=linear · estado=ACECHANDO · dir=— · 0=245.5 · Oz=— · Red=— · manos=ON · pos=flat · latido=1.50s
[RANGO] autosello BCH · ACECHANDO · Oz=0.0 link=— · manos_feria_informe.json
[2026-08-31 08:06:02] [TUSK] RECONCILIACIÓN: NILUSDT_LINEAL: interno L:0.000000/S:0.000000 -> real L:220.000000/S:0.000000
[2026-08-31 08:06:02] [TUSK] RECONCILIACIÓN: QNTXUSDT_LINEAL: interno L:0.000000/S:0.000000 -> real L:0.200000/S:0.000000
[2026-08-31 08:06:02] [TUSK] RECONCILIACIÓN_FANTASMA: FLYUSDT_LINEAL existe interno pero no en exchange -> reseteando
[2026-08-31 08:06:02] [TUSK] RECONCILIACIÓN_FANTASMA: INTWUSDT_LINEAL existe interno pero no en exchange -> reseteando
[2026-08-31 08:06:02] [TUSK] RECONCILIACIÓN_OK: 4 frentes alineados con exchange
[RANGO] BCHUSDT_LINEAL last=244.5 · río=WS · mercado=linear · estado=ACECHANDO · dir=— · 0=245.5 · Oz=— · Red=— · manos=ON · pos=flat · latido=1.50s
[RANGO] BCHUSDT_LINEAL last=244.67 · río=WS · mercado=linear · estado=ACECHANDO · dir=— · 0=245.5 · Oz=— · Red=— · manos=ON · pos=flat · latido=1.50s
[RANGO] autosello BCH · ACECHANDO · Oz=0.0 link=— · manos_feria_informe.json
[RANGO] BCHUSDT_LINEAL last=244.7 · río=WS · mercado=linear · estado=ACECHANDO · dir=— · 0=245.5 · Oz=— · Red=— · manos=ON · pos=flat · latido=1.50s
[RANGO] autosello BCH · ACECHANDO · Oz=0.0 link=— · manos_feria_informe.json
[RANGO] BCHUSDT_LINEAL last=244.4 · río=WS · mercado=linear · estado=ACECHANDO · dir=— · 0=245.5 · Oz=— · Red=— · manos=ON · pos=flat · latido=1.50s
[RANGO] BCHUSDT_LINEAL last=244.4 · río=WS · mercado=linear · estado=ACECHANDO · dir=— · 0=245.5 · Oz=— · Red=— · manos=ON · pos=flat · latido=1.50s
[RANGO] autosello BCH · ACECHANDO · Oz=0.0 link=— · manos_feria_informe.json
[RANGO] BCHUSDT_LINEAL last=244.4 · río=WS · mercado=linear · estado=ACECHANDO · dir=— · 0=245.5 · Oz=— · Red=— · manos=ON · pos=flat · latido=1.50s
[RANGO] autosello BCH · ACECHANDO · Oz=0.0 link=— · manos_feria_informe.json
[2026-08-31 08:07:03] [TUSK] RECONCILIACIÓN: NBISUSDT_LINEAL: interno L:0.000000/S:0.000000 -> real L:0.000000/S:0.050000
[2026-08-31 08:07:03] [TUSK] RECONCILIACIÓN_FANTASMA: ZBCNUSDT_LINEAL existe interno pero no en exchange -> reseteando
[2026-08-31 08:07:03] [TUSK] RECONCILIACIÓN_OK: 2 frentes alineados con exchange
[RANGO] BCHUSDT_LINEAL last=244.2 · río=WS · mercado=linear · estado=ACECHANDO · dir=— · 0=245.5 · Oz=— · Red=— · manos=ON · pos=flat · latido=1.50s
[RANGO] BCHUSDT_LINEAL last=244.4 · río=WS · mercado=linear · estado=ACECHANDO · dir=— · 0=245.5 · Oz=— · Red=— · manos=ON · pos=flat · latido=1.50s
[RANGO] autosello BCH · ACECHANDO · Oz=0.0 link=— · manos_feria_informe.json
[RANGO] BCHUSDT_LINEAL last=244.2 · río=WS · mercado=linear · estado=ACECHANDO · dir=— · 0=245.5 · Oz=— · Red=— · manos=ON · pos=flat · latido=1.50s
[RANGO] autosello BCH · ACECHANDO · Oz=0.0 link=— · manos_feria_informe.json
[RANGO] BCHUSDT_LINEAL last=244.2 · río=WS · mercado=linear · estado=ACECHANDO · dir=— · 0=245.5 · Oz=— · Red=— · manos=ON · pos=flat · latido=1.50s
[RANGO] BCHUSDT_LINEAL last=244.26 · río=WS · mercado=linear · estado=ACECHANDO · dir=— · 0=245.5 · Oz=— · Red=— · manos=ON · pos=flat · latido=1.50s
[RANGO] autosello BCH · ACECHANDO · Oz=0.0 link=— · manos_feria_informe.json
[RANGO] BCHUSDT_LINEAL last=244.2 · río=WS · mercado=linear · estado=ACECHANDO · dir=— · 0=245.5 · Oz=— · Red=— · manos=ON · pos=flat · latido=1.50s
[RANGO] autosello BCH · ACECHANDO · Oz=0.0 link=— · manos_feria_informe.json
[RANGO] BCHUSDT_LINEAL last=244.2 · río=WS · mercado=linear · estado=ACECHANDO · dir=— · 0=245.5 · Oz=— · Red=— · manos=ON · pos=flat · latido=1.50s
[2026-08-31 08:08:04] [TUSK] RECONCILIACIÓN: CRCLUSDT_LINEAL: interno L:0.410000/S:0.000000 -> real L:0.470000/S:0.000000
[2026-08-31 08:08:04] [TUSK] RECONCILIACIÓN_OK: 1 frentes alineados con exchange
[RANGO] BCHUSDT_LINEAL last=244.5 · río=WS · mercado=linear · estado=ACECHANDO · dir=— · 0=245.5 · Oz=— · Red=— · manos=ON · pos=flat · latido=1.50s
[RANGO] autosello BCH · ACECHANDO · Oz=0.0 link=— · manos_feria_informe.json
[RANGO] BCHUSDT_LINEAL last=244.6 · río=WS · mercado=linear · estado=ACECHANDO · dir=— · 0=245.5 · Oz=— · Red=— · manos=ON · pos=flat · latido=1.50s
[RANGO] autosello BCH · ACECHANDO · Oz=0.0 link=— · manos_feria_informe.json
[RANGO] BCHUSDT_LINEAL last=244.7 · río=WS · mercado=linear · estado=ACECHANDO · dir=— · 0=245.5 · Oz=— · Red=— · manos=ON · pos=flat · latido=1.50s
[RANGO] BCHUSDT_LINEAL last=244.7 · río=WS · mercado=linear · estado=ACECHANDO · dir=— · 0=245.5 · Oz=— · Red=— · manos=ON · pos=flat · latido=1.50s
[RANGO] autosello BCH · ACECHANDO · Oz=0.0 link=— · manos_feria_informe.json
[RANGO] BCHUSDT_LINEAL last=244.7 · río=WS · mercado=linear · estado=ACECHANDO · dir=— · 0=245.5 · Oz=— · Red=— · manos=ON · pos=flat · latido=1.50s
[RANGO] autosello BCH · ACECHANDO · Oz=0.0 link=— · manos_feria_informe.json
[RANGO] BCHUSDT_LINEAL last=244.8 · río=WS · mercado=linear · estado=ACECHANDO · dir=— · 0=245.5 · Oz=— · Red=— · manos=ON · pos=flat · latido=1.50s
[2026-08-31 08:09:06] [TUSK] RECONCILIACIÓN: VVVUSDT_LINEAL: interno L:0.000000/S:0.000000 -> real L:3.180000/S:0.000000
[2026-08-31 08:09:06] [TUSK] RECONCILIACIÓN_FANTASMA: CRDOUSDT_LINEAL existe interno pero no en exchange -> reseteando
[2026-08-31 08:09:06] [TUSK] RECONCILIACIÓN_OK: 2 frentes alineados con exchange
[RANGO] BCHUSDT_LINEAL last=244.6 · río=WS · mercado=linear · estado=ACECHANDO · dir=— · 0=245.5 · Oz=— · Red=— · manos=ON · pos=flat · latido=1.50s
[RANGO] autosello BCH · ACECHANDO · Oz=0.0 link=— · manos_feria_informe.json
[RANGO] BCHUSDT_LINEAL last=244.8 · río=WS · mercado=linear · estado=ACECHANDO · dir=— · 0=245.5 · Oz=— · Red=— · manos=ON · pos=flat · latido=1.50s
[RANGO] autosello BCH · ACECHANDO · Oz=0.0 link=— · manos_feria_informe.json
[RANGO] BCHUSDT_LINEAL last=244.5 · río=WS · mercado=linear · estado=ACECHANDO · dir=— · 0=245.5 · Oz=— · Red=— · manos=ON · pos=flat · latido=1.50s
[RANGO] BCHUSDT_LINEAL last=244.5 · río=WS · mercado=linear · estado=ACECHANDO · dir=— · 0=245.5 · Oz=— · Red=— · manos=ON · pos=flat · latido=1.50s
[RANGO] autosello BCH · ACECHANDO · Oz=0.0 link=— · manos_feria_informe.json
[RANGO] BCHUSDT_LINEAL last=244.5 · río=WS · mercado=linear · estado=ACECHANDO · dir=— · 0=245.5 · Oz=— · Red=— · manos=ON · pos=flat · latido=1.50s
[RANGO] autosello BCH · ACECHANDO · Oz=0.0 link=— · manos_feria_informe.json
[RANGO] BCHUSDT_LINEAL last=244.5 · río=WS · mercado=linear · estado=ACECHANDO · dir=— · 0=245.5 · Oz=— · Red=— · manos=ON · pos=flat · latido=1.50s
[RANGO] BCHUSDT_LINEAL last=244.6 · río=WS · mercado=linear · estado=ACECHANDO · dir=— · 0=245.5 · Oz=— · Red=— · manos=ON · pos=flat · latido=1.50s
[RANGO] autosello BCH · ACECHANDO · Oz=0.0 link=— · manos_feria_informe.json
[RANGO] BCHUSDT_LINEAL last=244.6 · río=WS · mercado=linear · estado=ACECHANDO · dir=— · 0=245.5 · Oz=— · Red=— · manos=ON · pos=flat · latido=1.50s
[RANGO] autosello BCH · ACECHANDO · Oz=0.0 link=— · manos_feria_informe.json
[RANGO] BCHUSDT_LINEAL last=244.51 · río=WS · mercado=linear · estado=ACECHANDO · dir=— · 0=245.5 · Oz=— · Red=— · manos=ON · pos=flat · latido=1.50s
[RANGO] BCHUSDT_LINEAL last=244.5 · río=WS · mercado=linear · estado=ACECHANDO · dir=— · 0=245.5 · Oz=— · Red=— · manos=ON · pos=flat · latido=1.50s
[RANGO] autosello BCH · ACECHANDO · Oz=0.0 link=— · manos_feria_informe.json
[RANGO] BCHUSDT_LINEAL last=244.6 · río=WS · mercado=linear · estado=ACECHANDO · dir=— · 0=245.5 · Oz=— · Red=— · manos=ON · pos=flat · latido=1.50s
[RANGO] autosello BCH · ACECHANDO · Oz=0.0 link=— · manos_feria_informe.json
[RANGO] BCHUSDT_LINEAL last=244.5 · río=WS · mercado=linear · estado=ACECHANDO · dir=— · 0=245.5 · Oz=— · Red=— · manos=ON · pos=flat · latido=1.50s
[2026-08-31 08:11:09] [TUSK] RECONCILIACIÓN: BSPUSDT_LINEAL: interno L:0.170000/S:0.000000 -> real L:0.290000/S:0.000000
[2026-08-31 08:11:09] [TUSK] RECONCILIACIÓN_OK: 1 frentes alineados con exchange
[RANGO] BCHUSDT_LINEAL last=244.6 · río=WS · mercado=linear · estado=ACECHANDO · dir=— · 0=245.5 · Oz=— · Red=— · manos=ON · pos=flat · latido=1.50s
[RANGO] autosello BCH · ACECHANDO · Oz=0.0 link=— · manos_feria_informe.json
[RANGO] BCHUSDT_LINEAL last=244.57 · río=WS · mercado=linear · estado=ACECHANDO · dir=— · 0=245.5 · Oz=— · Red=— · manos=ON · pos=flat · latido=1.50s
[RANGO] autosello BCH · ACECHANDO · Oz=0.0 link=— · manos_feria_informe.json
[RANGO] BCHUSDT_LINEAL last=244.5 · río=WS · mercado=linear · estado=ACECHANDO · dir=— · 0=245.5 · Oz=— · Red=— · manos=ON · pos=flat · latido=1.50s
[RANGO] BCHUSDT_LINEAL last=244.4 · río=WS · mercado=linear · estado=ACECHANDO · dir=— · 0=245.5 · Oz=— · Red=— · manos=ON · pos=flat · latido=1.50s
[RANGO] autosello BCH · ACECHANDO · Oz=0.0 link=— · manos_feria_informe.json
[RANGO] BCHUSDT_LINEAL last=244.4 · río=WS · mercado=linear · estado=ACECHANDO · dir=— · 0=245.5 · Oz=— · Red=— · manos=ON · pos=flat · latido=1.50s
[RANGO] autosello BCH · ACECHANDO · Oz=0.0 link=— · manos_feria_informe.json
[RANGO] BCHUSDT_LINEAL last=244.2 · río=WS · mercado=linear · estado=ACECHANDO · dir=— · 0=245.5 · Oz=— · Red=— · manos=ON · pos=flat · latido=1.50s
[RANGO] BCHUSDT_LINEAL last=244.2 · río=WS · mercado=linear · estado=ACECHANDO · dir=— · 0=245.5 · Oz=— · Red=— · manos=ON · pos=flat · latido=1.50s
[RANGO] autosello BCH · ACECHANDO · Oz=0.0 link=— · manos_feria_informe.json
[RANGO] BCHUSDT_LINEAL last=244.3 · río=WS · mercado=linear · estado=ACECHANDO · dir=— · 0=245.5 · Oz=— · Red=— · manos=ON · pos=flat · latido=1.50s
[RANGO] autosello BCH · ACECHANDO · Oz=0.0 link=— · manos_feria_informe.json
[RANGO] BCHUSDT_LINEAL last=244.3 · río=WS · mercado=linear · estado=ACECHANDO · dir=— · 0=245.5 · Oz=— · Red=— · manos=ON · pos=flat · latido=1.50s
[RANGO] BCHUSDT_LINEAL last=244.4 · río=WS · mercado=linear · estado=ACECHANDO · dir=— · 0=245.5 · Oz=— · Red=— · manos=ON · pos=flat · latido=1.50s
[RANGO] autosello BCH · ACECHANDO · Oz=0.0 link=— · manos_feria_informe.json
[RANGO] BCHUSDT_LINEAL last=244.4 · río=WS · mercado=linear · estado=ACECHANDO · dir=— · 0=245.5 · Oz=— · Red=— · manos=ON · pos=flat · latido=1.50s
[RANGO] autosello BCH · ACECHANDO · Oz=0.0 link=— · manos_feria_informe.json
[RANGO] BCHUSDT_LINEAL last=244.6 · río=WS · mercado=linear · estado=ACECHANDO · dir=— · 0=245.5 · Oz=— · Red=— · manos=ON · pos=flat · latido=1.50s
[2026-08-31 08:13:11] [TUSK] RECONCILIACIÓN: SNXXUSDT_LINEAL: interno L:6.450000/S:0.000000 -> real L:6.830000/S:0.000000
[2026-08-31 08:13:12] [TUSK] RECONCILIACIÓN_OK: 1 frentes alineados con exchange
[RANGO] BCHUSDT_LINEAL last=244.6 · río=WS · mercado=linear · estado=ACECHANDO · dir=— · 0=245.5 · Oz=— · Red=— · manos=ON · pos=flat · latido=1.50s
[RANGO] autosello BCH · ACECHANDO · Oz=0.0 link=— · manos_feria_informe.json
[RANGO] BCHUSDT_LINEAL last=244.6 · río=WS · mercado=linear · estado=ACECHANDO · dir=— · 0=245.5 · Oz=— · Red=— · manos=ON · pos=flat · latido=1.50s
[RANGO] autosello BCH · ACECHANDO · Oz=0.0 link=— · manos_feria_informe.json
[RANGO] BCHUSDT_LINEAL last=244.4 · río=WS · mercado=linear · estado=ACECHANDO · dir=— · 0=245.5 · Oz=— · Red=— · manos=ON · pos=flat · latido=1.50s
[RANGO] BCHUSDT_LINEAL last=244.49 · río=WS · mercado=linear · estado=ACECHANDO · dir=— · 0=245.5 · Oz=— · Red=— · manos=ON · pos=flat · latido=1.50s
[RANGO] autosello BCH · ACECHANDO · Oz=0.0 link=— · manos_feria_informe.json
[RANGO] BCHUSDT_LINEAL last=244.5 · río=WS · mercado=linear · estado=ACECHANDO · dir=— · 0=245.5 · Oz=— · Red=— · manos=ON · pos=flat · latido=1.50s
[RANGO] autosello BCH · ACECHANDO · Oz=0.0 link=— · manos_feria_informe.json
[RANGO] BCHUSDT_LINEAL last=244.6 · río=WS · mercado=linear · estado=ACECHANDO · dir=— · 0=245.5 · Oz=— · Red=— · manos=ON · pos=flat · latido=1.50s
[2026-08-31 08:14:13] [TUSK] RECONCILIACIÓN: AEHRUSDT_LINEAL: interno L:0.090000/S:0.000000 -> real L:0.160000/S:0.000000
[2026-08-31 08:14:13] [TUSK] RECONCILIACIÓN: AAOIUSDT_LINEAL: interno L:0.000000/S:0.000000 -> real L:0.530000/S:0.000000
[2026-08-31 08:14:13] [TUSK] RECONCILIACIÓN: ZBCNUSDT_LINEAL: interno L:0.000000/S:0.000000 -> real L:9700.000000/S:0.000000
[2026-08-31 08:14:13] [TUSK] RECONCILIACIÓN_FANTASMA: MRVLUSDT_LINEAL existe interno pero no en exchange -> reseteando
[2026-08-31 08:14:13] [TUSK] RECONCILIACIÓN_FANTASMA: MVLLUSDT_LINEAL existe interno pero no en exchange -> reseteando
[2026-08-31 08:14:13] [TUSK] RECONCILIACIÓN_OK: 5 frentes alineados con exchange
[RANGO] BCHUSDT_LINEAL last=244.6 · río=WS · mercado=linear · estado=ACECHANDO · dir=— · 0=245.5 · Oz=— · Red=— · manos=ON · pos=flat · latido=1.50s
[RANGO] autosello BCH · ACECHANDO · Oz=0.0 link=— · manos_feria_informe.json
[RANGO] BCHUSDT_LINEAL last=244.6 · río=WS · mercado=linear · estado=ACECHANDO · dir=— · 0=245.5 · Oz=— · Red=— · manos=ON · pos=flat · latido=1.50s
[RANGO] autosello BCH · ACECHANDO · Oz=0.0 link=— · manos_feria_informe.json
[RANGO] BCHUSDT_LINEAL last=244.7 · río=WS · mercado=linear · estado=ACECHANDO · dir=— · 0=245.5 · Oz=— · Red=— · manos=ON · pos=flat · latido=1.50s
[RANGO] BCHUSDT_LINEAL last=244.5 · río=WS · mercado=linear · estado=ACECHANDO · dir=— · 0=245.5 · Oz=— · Red=— · manos=ON · pos=flat · latido=1.50s
[RANGO] autosello BCH · ACECHANDO · Oz=0.0 link=— · manos_feria_informe.json
[RANGO] BCHUSDT_LINEAL last=244.5 · río=WS · mercado=linear · estado=ACECHANDO · dir=— · 0=245.5 · Oz=— · Red=— · manos=ON · pos=flat · latido=1.50s
[RANGO] autosello BCH · ACECHANDO · Oz=0.0 link=— · manos_feria_informe.json
[RANGO] BCHUSDT_LINEAL last=244.3 · río=WS · mercado=linear · estado=ACECHANDO · dir=— · 0=245.5 · Oz=— · Red=— · manos=ON · pos=flat · latido=1.50s
[RANGO] BCHUSDT_LINEAL last=244.2 · río=WS · mercado=linear · estado=ACECHANDO · dir=— · 0=245.5 · Oz=— · Red=— · manos=ON · pos=flat · latido=1.50s
[RANGO] autosello BCH · ACECHANDO · Oz=0.0 link=— · manos_feria_informe.json
[RANGO] BCHUSDT_LINEAL last=244.1 · río=WS · mercado=linear · estado=ACECHANDO · dir=— · 0=245.5 · Oz=— · Red=— · manos=ON · pos=flat · latido=1.50s
[RANGO] autosello BCH · ACECHANDO · Oz=0.0 link=— · manos_feria_informe.json
[RANGO] BCHUSDT_LINEAL last=244.2 · río=WS · mercado=linear · estado=ACECHANDO · dir=— · 0=245.5 · Oz=— · Red=— · manos=ON · pos=flat · latido=1.50s
[RANGO] BCHUSDT_LINEAL last=244.3 · río=WS · mercado=linear · estado=ACECHANDO · dir=— · 0=245.5 · Oz=— · Red=— · manos=ON · pos=flat · latido=1.50s
[RANGO] autosello BCH · ACECHANDO · Oz=0.0 link=— · manos_feria_informe.json
[RANGO] BCHUSDT_LINEAL last=244.4 · río=WS · mercado=linear · estado=ACECHANDO · dir=— · 0=245.5 · Oz=— · Red=— · manos=ON · pos=flat · latido=1.50s
[RANGO] autosello BCH · ACECHANDO · Oz=0.0 link=— · manos_feria_informe.json
[RANGO] BCHUSDT_LINEAL last=244.4 · río=WS · mercado=linear · estado=ACECHANDO · dir=— · 0=245.5 · Oz=— · Red=— · manos=ON · pos=flat · latido=1.50s
[RANGO] BCHUSDT_LINEAL last=244.4 · río=WS · mercado=linear · estado=ACECHANDO · dir=— · 0=245.5 · Oz=— · Red=— · manos=ON · pos=flat · latido=1.50s
[2026-08-31 08:16:15] [TUSK] RECONCILIACIÓN: AXTIUSDT_LINEAL: interno L:0.000000/S:0.000000 -> real L:1.690000/S:0.000000
[2026-08-31 08:16:15] [TUSK] RECONCILIACIÓN: ZKPUSDT_LINEAL: interno L:0.000000/S:0.000000 -> real L:1281.000000/S:0.000000
[2026-08-31 08:16:15] [TUSK] RECONCILIACIÓN: SNXXUSDT_LINEAL: interno L:6.830000/S:0.000000 -> real L:7.210000/S:0.000000
[2026-08-31 08:16:15] [TUSK] RECONCILIACIÓN_FANTASMA: TSLLUSDT_LINEAL existe interno pero no en exchange -> reseteando
[2026-08-31 08:16:15] [TUSK] RECONCILIACIÓN_FANTASMA: POWERUSDT_LINEAL existe interno pero no en exchange -> reseteando
[2026-08-31 08:16:15] [TUSK] RECONCILIACIÓN_OK: 5 frentes alineados con exchange
[RANGO] autosello BCH · ACECHANDO · Oz=0.0 link=— · manos_feria_informe.json
[RANGO] BCHUSDT_LINEAL last=244.44 · río=WS · mercado=linear · estado=ACECHANDO · dir=— · 0=245.5 · Oz=— · Red=— · manos=ON · pos=flat · latido=1.50s
[RANGO] autosello BCH · ACECHANDO · Oz=0.0 link=— · manos_feria_informe.json
[RANGO] BCHUSDT_LINEAL last=244.5 · río=WS · mercado=linear · estado=ACECHANDO · dir=— · 0=245.5 · Oz=— · Red=— · manos=ON · pos=flat · latido=1.50s
[RANGO] BCHUSDT_LINEAL last=244.4 · río=WS · mercado=linear · estado=ACECHANDO · dir=— · 0=245.5 · Oz=— · Red=— · manos=ON · pos=flat · latido=1.50s
[RANGO] autosello BCH · ACECHANDO · Oz=0.0 link=— · manos_feria_informe.json
[RANGO] BCHUSDT_LINEAL last=244.5 · río=WS · mercado=linear · estado=ACECHANDO · dir=— · 0=245.5 · Oz=— · Red=— · manos=ON · pos=flat · latido=1.50s
[RANGO] autosello BCH · ACECHANDO · Oz=0.0 link=— · manos_feria_informe.json
[RANGO] BCHUSDT_LINEAL last=244.6 · río=WS · mercado=linear · estado=ACECHANDO · dir=— · 0=245.5 · Oz=— · Red=— · manos=ON · pos=flat · latido=1.50s
[RANGO] BCHUSDT_LINEAL last=244.52 · río=WS · mercado=linear · estado=ACECHANDO · dir=— · 0=245.5 · Oz=— · Red=— · manos=ON · pos=flat · latido=1.50s
[RANGO] autosello BCH · ACECHANDO · Oz=0.0 link=— · manos_feria_informe.json
[RANGO] BCHUSDT_LINEAL last=244.6 · río=WS · mercado=linear · estado=ACECHANDO · dir=— · 0=245.5 · Oz=— · Red=— · manos=ON · pos=flat · latido=1.50s
[RANGO] autosello BCH · ACECHANDO · Oz=0.0 link=— · manos_feria_informe.json
[RANGO] BCHUSDT_LINEAL last=244.5 · río=WS · mercado=linear · estado=ACECHANDO · dir=— · 0=245.5 · Oz=— · Red=— · manos=ON · pos=flat · latido=1.50s
[RANGO] BCHUSDT_LINEAL last=244.5 · río=WS · mercado=linear · estado=ACECHANDO · dir=— · 0=245.5 · Oz=— · Red=— · manos=ON · pos=flat · latido=1.50s
[RANGO] autosello BCH · ACECHANDO · Oz=0.0 link=— · manos_feria_informe.json
[RANGO] BCHUSDT_LINEAL last=244.6 · río=WS · mercado=linear · estado=ACECHANDO · dir=— · 0=245.5 · Oz=— · Red=— · manos=ON · pos=flat · latido=1.50s
[RANGO] autosello BCH · ACECHANDO · Oz=0.0 link=— · manos_feria_informe.json
[RANGO] BCHUSDT_LINEAL last=244.5 · río=WS · mercado=linear · estado=ACECHANDO · dir=— · 0=245.5 · Oz=— · Red=— · manos=ON · pos=flat · latido=1.50s
[RANGO] BCHUSDT_LINEAL last=244.7 · río=WS · mercado=linear · estado=ACECHANDO · dir=— · 0=245.5 · Oz=— · Red=— · manos=ON · pos=flat · latido=1.50s
[RANGO] autosello BCH · ACECHANDO · Oz=0.0 link=— · manos_feria_informe.json
[RANGO] BCHUSDT_LINEAL last=244.6 · río=WS · mercado=linear · estado=ACECHANDO · dir=— · 0=245.5 · Oz=— · Red=— · manos=ON · pos=flat · latido=1.50s
[RANGO] autosello BCH · ACECHANDO · Oz=0.0 link=— · manos_feria_informe.json
[RANGO] BCHUSDT_LINEAL last=244.8 · río=WS · mercado=linear · estado=ACECHANDO · dir=— · 0=245.5 · Oz=— · Red=— · manos=ON · pos=flat · latido=1.50s
[RANGO] BCHUSDT_LINEAL last=244.6 · río=WS · mercado=linear · estado=ACECHANDO · dir=— · 0=245.5 · Oz=— · Red=— · manos=ON · pos=flat · latido=1.50s
[RANGO] autosello BCH · ACECHANDO · Oz=0.0 link=— · manos_feria_informe.json
[RANGO] BCHUSDT_LINEAL last=244.7 · río=WS · mercado=linear · estado=ACECHANDO · dir=— · 0=245.5 · Oz=— · Red=— · manos=ON · pos=flat · latido=1.50s
[RANGO] autosello BCH · ACECHANDO · Oz=0.0 link=— · manos_feria_informe.json
[RANGO] BCHUSDT_LINEAL last=244.7 · río=WS · mercado=linear · estado=ACECHANDO · dir=— · 0=245.5 · Oz=— · Red=— · manos=ON · pos=flat · latido=1.50s
[RANGO] BCHUSDT_LINEAL last=244.7 · río=WS · mercado=linear · estado=ACECHANDO · dir=— · 0=245.5 · Oz=— · Red=— · manos=ON · pos=flat · latido=1.50s
[RANGO] autosello BCH · ACECHANDO · Oz=0.0 link=— · manos_feria_informe.json
[RANGO] BCHUSDT_LINEAL last=244.7 · río=WS · mercado=linear · estado=ACECHANDO · dir=— · 0=245.5 · Oz=— · Red=— · manos=ON · pos=flat · latido=1.50s
[RANGO] autosello BCH · ACECHANDO · Oz=0.0 link=— · manos_feria_informe.json
[RANGO] BCHUSDT_LINEAL last=244.8 · río=WS · mercado=linear · estado=ACECHANDO · dir=— · 0=245.5 · Oz=— · Red=— · manos=ON · pos=flat · latido=1.50s
[RANGO] BCHUSDT_LINEAL last=244.8 · río=WS · mercado=linear · estado=ACECHANDO · dir=— · 0=245.5 · Oz=— · Red=— · manos=ON · pos=flat · latido=1.50s
[RANGO] autosello BCH · ACECHANDO · Oz=0.0 link=— · manos_feria_informe.json
[RANGO] BCHUSDT_LINEAL last=244.8 · río=WS · mercado=linear · estado=ACECHANDO · dir=— · 0=245.5 · Oz=— · Red=— · manos=ON · pos=flat · latido=1.50s
[RANGO] autosello BCH · ACECHANDO · Oz=0.0 link=— · manos_feria_informe.json
[RANGO] BCHUSDT_LINEAL last=245.0 · río=WS · mercado=linear · estado=ACECHANDO · dir=— · 0=245.5 · Oz=— · Red=— · manos=ON · pos=flat · latido=1.50s
[RANGO] BCHUSDT_LINEAL last=244.9 · río=WS · mercado=linear · estado=ACECHANDO · dir=— · 0=245.5 · Oz=— · Red=— · manos=ON · pos=flat · latido=1.50s
[RANGO] autosello BCH · ACECHANDO · Oz=0.0 link=— · manos_feria_informe.json
[2026-08-31 08:20:20] [TUSK] RECONCILIACIÓN: MSTRUSDT_LINEAL: interno L:0.000000/S:0.000000 -> real L:0.240000/S:0.000000
[2026-08-31 08:20:20] [TUSK] RECONCILIACIÓN_FANTASMA: BIOUSDT_LINEAL existe interno pero no en exchange -> reseteando
[2026-08-31 08:20:20] [TUSK] RECONCILIACIÓN_OK: 2 frentes alineados con exchange
[RANGO] BCHUSDT_LINEAL last=244.9 · río=WS · mercado=linear · estado=ACECHANDO · dir=— · 0=245.5 · Oz=— · Red=— · manos=ON · pos=flat · latido=1.50s
[RANGO] autosello BCH · ACECHANDO · Oz=0.0 link=— · manos_feria_informe.json
[RANGO] BCHUSDT_LINEAL last=245.0 · río=WS · mercado=linear · estado=ACECHANDO · dir=— · 0=245.5 · Oz=— · Red=— · manos=ON · pos=flat · latido=1.50s
[RANGO] BCHUSDT_LINEAL last=244.9 · río=WS · mercado=linear · estado=ACECHANDO · dir=— · 0=245.5 · Oz=— · Red=— · manos=ON · pos=flat · latido=1.50s
[RANGO] autosello BCH · ACECHANDO · Oz=0.0 link=— · manos_feria_informe.json
[RANGO] BCHUSDT_LINEAL last=244.87 · río=WS · mercado=linear · estado=ACECHANDO · dir=— · 0=245.5 · Oz=— · Red=— · manos=ON · pos=flat · latido=1.50s
[RANGO] autosello BCH · ACECHANDO · Oz=0.0 link=— · manos_feria_informe.json
[RANGO] BCHUSDT_LINEAL last=244.8 · río=WS · mercado=linear · estado=ACECHANDO · dir=— · 0=245.5 · Oz=— · Red=— · manos=ON · pos=flat · latido=1.50s
[RANGO] BCHUSDT_LINEAL last=244.8 · río=WS · mercado=linear · estado=ACECHANDO · dir=— · 0=245.5 · Oz=— · Red=— · manos=ON · pos=flat · latido=1.50s
[RANGO] autosello BCH · ACECHANDO · Oz=0.0 link=— · manos_feria_informe.json
[2026-08-31 08:21:21] [TUSK] RECONCILIACIÓN: SNXXUSDT_LINEAL: interno L:7.210000/S:0.000000 -> real L:6.830000/S:0.000000
[2026-08-31 08:21:21] [TUSK] RECONCILIACIÓN_OK: 1 frentes alineados con exchange
[RANGO] BCHUSDT_LINEAL last=244.8 · río=WS · mercado=linear · estado=ACECHANDO · dir=— · 0=245.5 · Oz=— · Red=— · manos=ON · pos=flat · latido=1.50s
[RANGO] autosello BCH · ACECHANDO · Oz=0.0 link=— · manos_feria_informe.json
[RANGO] BCHUSDT_LINEAL last=244.8 · río=WS · mercado=linear · estado=ACECHANDO · dir=— · 0=245.5 · Oz=— · Red=— · manos=ON · pos=flat · latido=1.50s
[RANGO] BCHUSDT_LINEAL last=244.8 · río=WS · mercado=linear · estado=ACECHANDO · dir=— · 0=245.5 · Oz=— · Red=— · manos=ON · pos=flat · latido=1.50s
[RANGO] autosello BCH · ACECHANDO · Oz=0.0 link=— · manos_feria_informe.json
[RANGO] BCHUSDT_LINEAL last=245.0 · río=WS · mercado=linear · estado=ACECHANDO · dir=— · 0=245.5 · Oz=— · Red=— · manos=ON · pos=flat · latido=1.50s
[RANGO] autosello BCH · ACECHANDO · Oz=0.0 link=— · manos_feria_informe.json
[RANGO] BCHUSDT_LINEAL last=245.0 · río=WS · mercado=linear · estado=ACECHANDO · dir=— · 0=245.5 · Oz=— · Red=— · manos=ON · pos=flat · latido=1.50s
[RANGO] BCHUSDT_LINEAL last=244.9 · río=WS · mercado=linear · estado=ACECHANDO · dir=— · 0=245.5 · Oz=— · Red=— · manos=ON · pos=flat · latido=1.50s
[RANGO] autosello BCH · ACECHANDO · Oz=0.0 link=— · manos_feria_informe.json
[RANGO] BCHUSDT_LINEAL last=245.0 · río=WS · mercado=linear · estado=ACECHANDO · dir=— · 0=245.5 · Oz=— · Red=— · manos=ON · pos=flat · latido=1.50s
[RANGO] autosello BCH · ACECHANDO · Oz=0.0 link=— · manos_feria_informe.json
[RANGO] BCHUSDT_LINEAL last=245.2 · río=WS · mercado=linear · estado=ACECHANDO · dir=— · 0=245.5 · Oz=— · Red=— · manos=ON · pos=flat · latido=1.50s
[RANGO] BCHUSDT_LINEAL last=245.2 · río=WS · mercado=linear · estado=ACECHANDO · dir=— · 0=245.5 · Oz=— · Red=— · manos=ON · pos=flat · latido=1.50s
[RANGO] autosello BCH · ACECHANDO · Oz=0.0 link=— · manos_feria_informe.json
[RANGO] BCHUSDT_LINEAL last=244.9 · río=WS · mercado=linear · estado=ACECHANDO · dir=— · 0=245.5 · Oz=— · Red=— · manos=ON · pos=flat · latido=1.50s
[RANGO] autosello BCH · ACECHANDO · Oz=0.0 link=— · manos_feria_informe.json
[RANGO] BCHUSDT_LINEAL last=244.7 · río=WS · mercado=linear · estado=ACECHANDO · dir=— · 0=245.5 · Oz=— · Red=— · manos=ON · pos=flat · latido=1.50s
[RANGO] BCHUSDT_LINEAL last=244.6 · río=WS · mercado=linear · estado=ACECHANDO · dir=— · 0=245.5 · Oz=— · Red=— · manos=ON · pos=flat · latido=1.50s
[RANGO] autosello BCH · ACECHANDO · Oz=0.0 link=— · manos_feria_informe.json
[2026-08-31 08:23:24] [TUSK] RECONCILIACIÓN: POWERUSDT_LINEAL: interno L:0.000000/S:0.000000 -> real L:67.000000/S:0.000000
[2026-08-31 08:23:24] [TUSK] RECONCILIACIÓN_FANTASMA: PLTRUSDT_LINEAL existe interno pero no en exchange -> reseteando
[2026-08-31 08:23:24] [TUSK] RECONCILIACIÓN_OK: 2 frentes alineados con exchange
[RANGO] BCHUSDT_LINEAL last=244.74 · río=WS · mercado=linear · estado=ACECHANDO · dir=— · 0=245.5 · Oz=— · Red=— · manos=ON · pos=flat · latido=1.50s
[RANGO] autosello BCH · ACECHANDO · Oz=0.0 link=— · manos_feria_informe.json
[RANGO] BCHUSDT_LINEAL last=244.4 · río=WS · mercado=linear · estado=ACECHANDO · dir=— · 0=245.5 · Oz=— · Red=— · manos=ON · pos=flat · latido=1.50s
[RANGO] BCHUSDT_LINEAL last=244.3 · río=WS · mercado=linear · estado=ACECHANDO · dir=— · 0=245.5 · Oz=— · Red=— · manos=ON · pos=flat · latido=1.50s
[RANGO] autosello BCH · ACECHANDO · Oz=0.0 link=— · manos_feria_informe.json
[RANGO] BCHUSDT_LINEAL last=244.4 · río=WS · mercado=linear · estado=ACECHANDO · dir=— · 0=245.5 · Oz=— · Red=— · manos=ON · pos=flat · latido=1.50s
[RANGO] autosello BCH · ACECHANDO · Oz=0.0 link=— · manos_feria_informe.json
[RANGO] BCHUSDT_LINEAL last=244.4 · río=WS · mercado=linear · estado=ACECHANDO · dir=— · 0=245.5 · Oz=— · Red=— · manos=ON · pos=flat · latido=1.50s
[RANGO] BCHUSDT_LINEAL last=244.3 · río=WS · mercado=linear · estado=ACECHANDO · dir=— · 0=245.5 · Oz=— · Red=— · manos=ON · pos=flat · latido=1.50s
[RANGO] autosello BCH · ACECHANDO · Oz=0.0 link=— · manos_feria_informe.json
[RANGO] BCHUSDT_LINEAL last=244.3 · río=WS · mercado=linear · estado=ACECHANDO · dir=— · 0=245.5 · Oz=— · Red=— · manos=ON · pos=flat · latido=1.50s
[RANGO] autosello BCH · ACECHANDO · Oz=0.0 link=— · manos_feria_informe.json
[RANGO] BCHUSDT_LINEAL last=244.3 · río=WS · mercado=linear · estado=ACECHANDO · dir=— · 0=245.5 · Oz=— · Red=— · manos=ON · pos=flat · latido=1.50s
[RANGO] BCHUSDT_LINEAL last=244.2 · río=WS · mercado=linear · estado=ACECHANDO · dir=— · 0=245.5 · Oz=— · Red=— · manos=ON · pos=flat · latido=1.50s
[RANGO] autosello BCH · ACECHANDO · Oz=0.0 link=— · manos_feria_informe.json
[RANGO] BCHUSDT_LINEAL last=244.2 · río=WS · mercado=linear · estado=ACECHANDO · dir=— · 0=245.5 · Oz=— · Red=— · manos=ON · pos=flat · latido=1.50s
[RANGO] autosello BCH · ACECHANDO · Oz=0.0 link=— · manos_feria_informe.json
[RANGO] BCHUSDT_LINEAL last=244.0 · río=WS · mercado=linear · estado=ACECHANDO · dir=— · 0=245.5 · Oz=— · Red=— · manos=ON · pos=flat · latido=1.50s
[RANGO] BCHUSDT_LINEAL last=244.0 · río=WS · mercado=linear · estado=ACECHANDO · dir=— · 0=245.5 · Oz=— · Red=— · manos=ON · pos=flat · latido=1.50s
[RANGO] autosello BCH · ACECHANDO · Oz=0.0 link=— · manos_feria_informe.json
[RANGO] BCHUSDT_LINEAL last=244.1 · río=WS · mercado=linear · estado=ACECHANDO · dir=— · 0=245.5 · Oz=— · Red=— · manos=ON · pos=flat · latido=1.50s
[RANGO] autosello BCH · ACECHANDO · Oz=0.0 link=— · manos_feria_informe.json
[RANGO] BCHUSDT_LINEAL last=244.0 · río=WS · mercado=linear · estado=ACECHANDO · dir=— · 0=245.5 · Oz=— · Red=— · manos=ON · pos=flat · latido=1.50s
[RANGO] BCHUSDT_LINEAL last=244.3 · río=WS · mercado=linear · estado=ACECHANDO · dir=— · 0=245.5 · Oz=— · Red=— · manos=ON · pos=flat · latido=1.50s
[RANGO] autosello BCH · ACECHANDO · Oz=0.0 link=— · manos_feria_informe.json
[RANGO] BCHUSDT_LINEAL last=244.4 · río=WS · mercado=linear · estado=ACECHANDO · dir=— · 0=245.5 · Oz=— · Red=— · manos=ON · pos=flat · latido=1.50s
[RANGO] autosello BCH · ACECHANDO · Oz=0.0 link=— · manos_feria_informe.json
[RANGO] BCHUSDT_LINEAL last=244.3 · río=WS · mercado=linear · estado=ACECHANDO · dir=— · 0=245.5 · Oz=— · Red=— · manos=ON · pos=flat · latido=1.50s
[RANGO] BCHUSDT_LINEAL last=244.3 · río=WS · mercado=linear · estado=ACECHANDO · dir=— · 0=245.5 · Oz=— · Red=— · manos=ON · pos=flat · latido=1.50s
[RANGO] autosello BCH · ACECHANDO · Oz=0.0 link=— · manos_feria_informe.json
[RANGO] BCHUSDT_LINEAL last=244.4 · río=WS · mercado=linear · estado=ACECHANDO · dir=— · 0=245.5 · Oz=— · Red=— · manos=ON · pos=flat · latido=1.50s
[RANGO] autosello BCH · ACECHANDO · Oz=0.0 link=— · manos_feria_informe.json
[RANGO] BCHUSDT_LINEAL last=244.2 · río=WS · mercado=linear · estado=ACECHANDO · dir=— · 0=245.5 · Oz=— · Red=— · manos=ON · pos=flat · latido=1.50s
[RANGO] BCHUSDT_LINEAL last=244.2 · río=WS · mercado=linear · estado=ACECHANDO · dir=— · 0=245.5 · Oz=— · Red=— · manos=ON · pos=flat · latido=1.50s
[RANGO] autosello BCH · ACECHANDO · Oz=0.0 link=— · manos_feria_informe.json
[RANGO] BCHUSDT_LINEAL last=244.3 · río=WS · mercado=linear · estado=ACECHANDO · dir=— · 0=245.5 · Oz=— · Red=— · manos=ON · pos=flat · latido=1.50s
[RANGO] autosello BCH · ACECHANDO · Oz=0.0 link=— · manos_feria_informe.json
[RANGO] BCHUSDT_LINEAL last=244.3 · río=WS · mercado=linear · estado=ACECHANDO · dir=— · 0=245.5 · Oz=— · Red=— · manos=ON · pos=flat · latido=1.50s
[RANGO] BCHUSDT_LINEAL last=244.3 · río=WS · mercado=linear · estado=ACECHANDO · dir=— · 0=245.5 · Oz=— · Red=— · manos=ON · pos=flat · latido=1.50s
[RANGO] autosello BCH · ACECHANDO · Oz=0.0 link=— · manos_feria_informe.json
[RANGO] BCHUSDT_LINEAL last=244.3 · río=WS · mercado=linear · estado=ACECHANDO · dir=— · 0=245.5 · Oz=— · Red=— · manos=ON · pos=flat · latido=1.50s
[2026-08-31 08:27:28] [TUSK] RECONCILIACIÓN: POWERUSDT_LINEAL: interno L:67.000000/S:0.000000 -> real L:6.000000/S:0.000000
[2026-08-31 08:27:28] [TUSK] RECONCILIACIÓN_OK: 1 frentes alineados con exchange
[RANGO] autosello BCH · ACECHANDO · Oz=0.0 link=— · manos_feria_informe.json
[RANGO] BCHUSDT_LINEAL last=244.4 · río=WS · mercado=linear · estado=ACECHANDO · dir=— · 0=245.5 · Oz=— · Red=— · manos=ON · pos=flat · latido=1.50s
[RANGO] BCHUSDT_LINEAL last=244.5 · río=WS · mercado=linear · estado=ACECHANDO · dir=— · 0=245.5 · Oz=— · Red=— · manos=ON · pos=flat · latido=1.50s
[RANGO] autosello BCH · ACECHANDO · Oz=0.0 link=— · manos_feria_informe.json
[RANGO] BCHUSDT_LINEAL last=244.3 · río=WS · mercado=linear · estado=ACECHANDO · dir=— · 0=245.5 · Oz=— · Red=— · manos=ON · pos=flat · latido=1.50s
[RANGO] autosello BCH · ACECHANDO · Oz=0.0 link=— · manos_feria_informe.json
[RANGO] BCHUSDT_LINEAL last=244.44 · río=WS · mercado=linear · estado=ACECHANDO · dir=— · 0=245.5 · Oz=— · Red=— · manos=ON · pos=flat · latido=1.50s
[RANGO] BCHUSDT_LINEAL last=244.4 · río=WS · mercado=linear · estado=ACECHANDO · dir=— · 0=245.5 · Oz=— · Red=— · manos=ON · pos=flat · latido=1.50s
[RANGO] autosello BCH · ACECHANDO · Oz=0.0 link=— · manos_feria_informe.json
[RANGO] BCHUSDT_LINEAL last=244.43 · río=WS · mercado=linear · estado=ACECHANDO · dir=— · 0=245.5 · Oz=— · Red=— · manos=ON · pos=flat · latido=1.50s
[RANGO] autosello BCH · ACECHANDO · Oz=0.0 link=— · manos_feria_informe.json
[RANGO] BCHUSDT_LINEAL last=244.45 · río=WS · mercado=linear · estado=ACECHANDO · dir=— · 0=245.5 · Oz=— · Red=— · manos=ON · pos=flat · latido=1.50s
[RANGO] BCHUSDT_LINEAL last=244.7 · río=WS · mercado=linear · estado=ACECHANDO · dir=— · 0=245.5 · Oz=— · Red=— · manos=ON · pos=flat · latido=1.50s
[RANGO] autosello BCH · ACECHANDO · Oz=0.0 link=— · manos_feria_informe.json
[RANGO] BCHUSDT_LINEAL last=244.9 · río=WS · mercado=linear · estado=ACECHANDO · dir=— · 0=245.5 · Oz=— · Red=— · manos=ON · pos=flat · latido=1.50s
[RANGO] autosello BCH · ACECHANDO · Oz=0.0 link=— · manos_feria_informe.json
[RANGO] BCHUSDT_LINEAL last=244.9 · río=WS · mercado=linear · estado=ACECHANDO · dir=— · 0=245.5 · Oz=— · Red=— · manos=ON · pos=flat · latido=1.50s
[RANGO] BCHUSDT_LINEAL last=244.9 · río=WS · mercado=linear · estado=ACECHANDO · dir=— · 0=245.5 · Oz=— · Red=— · manos=ON · pos=flat · latido=1.50s
[RANGO] autosello BCH · ACECHANDO · Oz=0.0 link=— · manos_feria_informe.json
[RANGO] BCHUSDT_LINEAL last=244.8 · río=WS · mercado=linear · estado=ACECHANDO · dir=— · 0=245.5 · Oz=— · Red=— · manos=ON · pos=flat · latido=1.50s
[RANGO] autosello BCH · ACECHANDO · Oz=0.0 link=— · manos_feria_informe.json
[RANGO] BCHUSDT_LINEAL last=244.8 · río=WS · mercado=linear · estado=ACECHANDO · dir=— · 0=245.5 · Oz=— · Red=— · manos=ON · pos=flat · latido=1.50s
[RANGO] BCHUSDT_LINEAL last=244.6 · río=WS · mercado=linear · estado=ACECHANDO · dir=— · 0=245.5 · Oz=— · Red=— · manos=ON · pos=flat · latido=1.50s
[RANGO] autosello BCH · ACECHANDO · Oz=0.0 link=— · manos_feria_informe.json
[RANGO] BCHUSDT_LINEAL last=244.6 · río=WS · mercado=linear · estado=ACECHANDO · dir=— · 0=245.5 · Oz=— · Red=— · manos=ON · pos=flat · latido=1.50s
[RANGO] autosello BCH · ACECHANDO · Oz=0.0 link=— · manos_feria_informe.json
[RANGO] BCHUSDT_LINEAL last=244.8 · río=WS · mercado=linear · estado=ACECHANDO · dir=— · 0=245.5 · Oz=— · Red=— · manos=ON · pos=flat · latido=1.50s
[RANGO] BCHUSDT_LINEAL last=244.6 · río=WS · mercado=linear · estado=ACECHANDO · dir=— · 0=245.5 · Oz=— · Red=— · manos=ON · pos=flat · latido=1.50s
[RANGO] autosello BCH · ACECHANDO · Oz=0.0 link=— · manos_feria_informe.json
[RANGO] BCHUSDT_LINEAL last=244.7 · río=WS · mercado=linear · estado=ACECHANDO · dir=— · 0=245.5 · Oz=— · Red=— · manos=ON · pos=flat · latido=1.50s
[RANGO] autosello BCH · ACECHANDO · Oz=0.0 link=— · manos_feria_informe.json
[RANGO] BCHUSDT_LINEAL last=244.8 · río=WS · mercado=linear · estado=ACECHANDO · dir=— · 0=245.5 · Oz=— · Red=— · manos=ON · pos=flat · latido=1.50s
[RANGO] BCHUSDT_LINEAL last=245.0 · río=WS · mercado=linear · estado=ACECHANDO · dir=— · 0=245.5 · Oz=— · Red=— · manos=ON · pos=flat · latido=1.50s
[RANGO] autosello BCH · ACECHANDO · Oz=0.0 link=— · manos_feria_informe.json
[RANGO] BCHUSDT_LINEAL last=245.0 · río=WS · mercado=linear · estado=ACECHANDO · dir=— · 0=245.5 · Oz=— · Red=— · manos=ON · pos=flat · latido=1.50s
[RANGO] autosello BCH · ACECHANDO · Oz=0.0 link=— · manos_feria_informe.json
[RANGO] BCHUSDT_LINEAL last=245.1 · río=WS · mercado=linear · estado=ACECHANDO · dir=— · 0=245.5 · Oz=— · Red=— · manos=ON · pos=flat · latido=1.50s
[RANGO] BCHUSDT_LINEAL last=245.0 · río=WS · mercado=linear · estado=ACECHANDO · dir=— · 0=245.5 · Oz=— · Red=— · manos=ON · pos=flat · latido=1.50s
[RANGO] autosello BCH · ACECHANDO · Oz=0.0 link=— · manos_feria_informe.json
[RANGO] BCHUSDT_LINEAL last=245.07 · río=WS · mercado=linear · estado=ACECHANDO · dir=— · 0=245.5 · Oz=— · Red=— · manos=ON · pos=flat · latido=1.50s
[RANGO] autosello BCH · ACECHANDO · Oz=0.0 link=— · manos_feria_informe.json
[RANGO] BCHUSDT_LINEAL last=245.0 · río=WS · mercado=linear · estado=ACECHANDO · dir=— · 0=245.5 · Oz=— · Red=— · manos=ON · pos=flat · latido=1.50s
[RANGO] BCHUSDT_LINEAL last=244.8 · río=WS · mercado=linear · estado=ACECHANDO · dir=— · 0=245.5 · Oz=— · Red=— · manos=ON · pos=flat · latido=1.50s
[RANGO] autosello BCH · ACECHANDO · Oz=0.0 link=— · manos_feria_informe.json
[RANGO] BCHUSDT_LINEAL last=244.8 · río=WS · mercado=linear · estado=ACECHANDO · dir=— · 0=245.5 · Oz=— · Red=— · manos=ON · pos=flat · latido=1.50s
[RANGO] autosello BCH · ACECHANDO · Oz=0.0 link=— · manos_feria_informe.json
[RANGO] BCHUSDT_LINEAL last=244.7 · río=WS · mercado=linear · estado=ACECHANDO · dir=— · 0=245.5 · Oz=— · Red=— · manos=ON · pos=flat · latido=1.50s
[RANGO] BCHUSDT_LINEAL last=244.6 · río=WS · mercado=linear · estado=ACECHANDO · dir=— · 0=245.5 · Oz=— · Red=— · manos=ON · pos=flat · latido=1.50s
[RANGO] autosello BCH · ACECHANDO · Oz=0.0 link=— · manos_feria_informe.json
[RANGO] BCHUSDT_LINEAL last=244.7 · río=WS · mercado=linear · estado=ACECHANDO · dir=— · 0=245.5 · Oz=— · Red=— · manos=ON · pos=flat · latido=1.50s
[RANGO] autosello BCH · ACECHANDO · Oz=0.0 link=— · manos_feria_informe.json
[RANGO] BCHUSDT_LINEAL last=244.76 · río=WS · mercado=linear · estado=ACECHANDO · dir=— · 0=245.5 · Oz=— · Red=— · manos=ON · pos=flat · latido=1.50s
[RANGO] BCHUSDT_LINEAL last=244.6 · río=WS · mercado=linear · estado=ACECHANDO · dir=— · 0=245.5 · Oz=— · Red=— · manos=ON · pos=flat · latido=1.50s
[RANGO] autosello BCH · ACECHANDO · Oz=0.0 link=— · manos_feria_informe.json
[RANGO] BCHUSDT_LINEAL last=244.9 · río=WS · mercado=linear · estado=ACECHANDO · dir=— · 0=245.5 · Oz=— · Red=— · manos=ON · pos=flat · latido=1.50s
[RANGO] autosello BCH · ACECHANDO · Oz=0.0 link=— · manos_feria_informe.json
[RANGO] BCHUSDT_LINEAL last=244.7 · río=WS · mercado=linear · estado=ACECHANDO · dir=— · 0=245.5 · Oz=— · Red=— · manos=ON · pos=flat · latido=1.50s
[RANGO] BCHUSDT_LINEAL last=244.6 · río=WS · mercado=linear · estado=ACECHANDO · dir=— · 0=245.5 · Oz=— · Red=— · manos=ON · pos=flat · latido=1.50s
[RANGO] autosello BCH · ACECHANDO · Oz=0.0 link=— · manos_feria_informe.json
[RANGO] BCHUSDT_LINEAL last=244.7 · río=WS · mercado=linear · estado=ACECHANDO · dir=— · 0=245.5 · Oz=— · Red=— · manos=ON · pos=flat · latido=1.50s
[RANGO] autosello BCH · ACECHANDO · Oz=0.0 link=— · manos_feria_informe.json
[RANGO] BCHUSDT_LINEAL last=244.8 · río=WS · mercado=linear · estado=ACECHANDO · dir=— · 0=245.5 · Oz=— · Red=— · manos=ON · pos=flat · latido=1.50s
[RANGO] BCHUSDT_LINEAL last=244.7 · río=WS · mercado=linear · estado=ACECHANDO · dir=— · 0=245.5 · Oz=— · Red=— · manos=ON · pos=flat · latido=1.50s
[RANGO] autosello BCH · ACECHANDO · Oz=0.0 link=— · manos_feria_informe.json
[RANGO] BCHUSDT_LINEAL last=244.8 · río=WS · mercado=linear · estado=ACECHANDO · dir=— · 0=245.5 · Oz=— · Red=— · manos=ON · pos=flat · latido=1.50s
[RANGO] autosello BCH · ACECHANDO · Oz=0.0 link=— · manos_feria_informe.json
[RANGO] BCHUSDT_LINEAL last=245.0 · río=WS · mercado=linear · estado=ACECHANDO · dir=— · 0=245.5 · Oz=— · Red=— · manos=ON · pos=flat · latido=1.50s
[RANGO] BCHUSDT_LINEAL last=245.1 · río=WS · mercado=linear · estado=ACECHANDO · dir=— · 0=245.5 · Oz=— · Red=— · manos=ON · pos=flat · latido=1.50s
[RANGO] autosello BCH · ACECHANDO · Oz=0.0 link=— · manos_feria_informe.json
[RANGO] BCHUSDT_LINEAL last=245.1 · río=WS · mercado=linear · estado=ACECHANDO · dir=— · 0=245.5 · Oz=— · Red=— · manos=ON · pos=flat · latido=1.50s
[RANGO] autosello BCH · ACECHANDO · Oz=0.0 link=— · manos_feria_informe.json
[RANGO] BCHUSDT_LINEAL last=245.1 · río=WS · mercado=linear · estado=ACECHANDO · dir=— · 0=245.5 · Oz=— · Red=— · manos=ON · pos=flat · latido=1.50s
[RANGO] BCHUSDT_LINEAL last=244.9 · río=WS · mercado=linear · estado=ACECHANDO · dir=— · 0=245.5 · Oz=— · Red=— · manos=ON · pos=flat · latido=1.50s
[RANGO] autosello BCH · ACECHANDO · Oz=0.0 link=— · manos_feria_informe.json
[RANGO] BCHUSDT_LINEAL last=244.6 · río=WS · mercado=linear · estado=ACECHANDO · dir=— · 0=245.5 · Oz=— · Red=— · manos=ON · pos=flat · latido=1.50s
[RANGO] autosello BCH · ACECHANDO · Oz=0.0 link=— · manos_feria_informe.json
[RANGO] BCHUSDT_LINEAL last=244.7 · río=WS · mercado=linear · estado=ACECHANDO · dir=— · 0=245.5 · Oz=— · Red=— · manos=ON · pos=flat · latido=1.50s
[RANGO] BCHUSDT_LINEAL last=244.6 · río=WS · mercado=linear · estado=ACECHANDO · dir=— · 0=245.5 · Oz=— · Red=— · manos=ON · pos=flat · latido=1.50s
[RANGO] autosello BCH · ACECHANDO · Oz=0.0 link=— · manos_feria_informe.json
[RANGO] BCHUSDT_LINEAL last=244.8 · río=WS · mercado=linear · estado=ACECHANDO · dir=— · 0=245.5 · Oz=— · Red=— · manos=ON · pos=flat · latido=1.50s
[RANGO] autosello BCH · ACECHANDO · Oz=0.0 link=— · manos_feria_informe.json
[RANGO] BCHUSDT_LINEAL last=244.87 · río=WS · mercado=linear · estado=ACECHANDO · dir=— · 0=245.5 · Oz=— · Red=— · manos=ON · pos=flat · latido=1.50s
[RANGO] BCHUSDT_LINEAL last=245.0 · río=WS · mercado=linear · estado=ACECHANDO · dir=— · 0=245.5 · Oz=— · Red=— · manos=ON · pos=flat · latido=1.50s
[RANGO] autosello BCH · ACECHANDO · Oz=0.0 link=— · manos_feria_informe.json
[RANGO] BCHUSDT_LINEAL last=245.0 · río=WS · mercado=linear · estado=ACECHANDO · dir=— · 0=245.5 · Oz=— · Red=— · manos=ON · pos=flat · latido=1.50s
[RANGO] autosello BCH · ACECHANDO · Oz=0.0 link=— · manos_feria_informe.json
[RANGO] BCHUSDT_LINEAL last=245.1 · río=WS · mercado=linear · estado=ACECHANDO · dir=— · 0=245.5 · Oz=— · Red=— · manos=ON · pos=flat · latido=1.50s
[RANGO] BCHUSDT_LINEAL last=245.2 · río=WS · mercado=linear · estado=ACECHANDO · dir=— · 0=245.5 · Oz=— · Red=— · manos=ON · pos=flat · latido=1.50s
[RANGO] autosello BCH · ACECHANDO · Oz=0.0 link=— · manos_feria_informe.json
[RANGO] BCHUSDT_LINEAL last=245.2 · río=WS · mercado=linear · estado=ACECHANDO · dir=— · 0=245.5 · Oz=— · Red=— · manos=ON · pos=flat · latido=1.50s
[RANGO] autosello BCH · ACECHANDO · Oz=0.0 link=— · manos_feria_informe.json
[RANGO] BCHUSDT_LINEAL last=245.3 · río=WS · mercado=linear · estado=ACECHANDO · dir=— · 0=245.5 · Oz=— · Red=— · manos=ON · pos=flat · latido=1.50s
[2026-08-31 08:36:40] [TUSK] RECONCILIACIÓN: TSLLUSDT_LINEAL: interno L:0.000000/S:0.000000 -> real L:0.630000/S:0.000000
[2026-08-31 08:36:40] [TUSK] RECONCILIACIÓN_FANTASMA: COTIUSDT_LINEAL existe interno pero no en exchange -> reseteando
[2026-08-31 08:36:40] [TUSK] RECONCILIACIÓN_OK: 2 frentes alineados con exchange
[RANGO] BCHUSDT_LINEAL last=245.4 · río=WS · mercado=linear · estado=ACECHANDO · dir=— · 0=245.5 · Oz=— · Red=— · manos=ON · pos=flat · latido=1.50s
[RANGO] autosello BCH · ACECHANDO · Oz=0.0 link=— · manos_feria_informe.json
[RANGO] BCHUSDT_LINEAL last=245.4 · río=WS · mercado=linear · estado=ACECHANDO · dir=— · 0=245.5 · Oz=— · Red=— · manos=ON · pos=flat · latido=1.50s
[RANGO] autosello BCH · ACECHANDO · Oz=0.0 link=— · manos_feria_informe.json
[RANGO] BCHUSDT_LINEAL last=245.4 · río=WS · mercado=linear · estado=ACECHANDO · dir=— · 0=245.5 · Oz=— · Red=— · manos=ON · pos=flat · latido=1.50s
[RANGO] BCHUSDT_LINEAL last=245.5 · río=WS · mercado=linear · estado=ACECHANDO · dir=— · 0=245.5 · Oz=— · Red=— · manos=ON · pos=flat · latido=1.50s
[RANGO] autosello BCH · ACECHANDO · Oz=0.0 link=— · manos_feria_informe.json
[RANGO] BCHUSDT_LINEAL last=245.5 · río=WS · mercado=linear · estado=ACECHANDO · dir=— · 0=245.5 · Oz=— · Red=— · manos=ON · pos=flat · latido=1.50s
[RANGO] autosello BCH · ACECHANDO · Oz=0.0 link=— · manos_feria_informe.json
[RANGO] BCHUSDT_LINEAL last=245.5 · río=WS · mercado=linear · estado=ACECHANDO · dir=— · 0=245.5 · Oz=— · Red=— · manos=ON · pos=flat · latido=1.50s
[2026-08-31 08:37:41] [TUSK] RECONCILIACIÓN: APRUSDT_LINEAL: interno L:0.000000/S:0.000000 -> real L:73.000000/S:0.000000
[2026-08-31 08:37:41] [TUSK] RECONCILIACIÓN: BROCCOLIUSDT_LINEAL: interno L:0.000000/S:0.000000 -> real L:2781.000000/S:0.000000
[2026-08-31 08:37:41] [TUSK] RECONCILIACIÓN_FANTASMA: NILUSDT_LINEAL existe interno pero no en exchange -> reseteando
[2026-08-31 08:37:41] [TUSK] RECONCILIACIÓN_FANTASMA: QNTXUSDT_LINEAL existe interno pero no en exchange -> reseteando
[2026-08-31 08:37:41] [TUSK] RECONCILIACIÓN_OK: 4 frentes alineados con exchange
[RANGO] BCHUSDT_LINEAL last=245.5 · río=WS · mercado=linear · estado=ACECHANDO · dir=— · 0=245.5 · Oz=— · Red=— · manos=ON · pos=flat · latido=1.50s
[RANGO] autosello BCH · ACECHANDO · Oz=0.0 link=— · manos_feria_informe.json
[RANGO] BCHUSDT_LINEAL last=245.4 · río=WS · mercado=linear · estado=ACECHANDO · dir=— · 0=245.5 · Oz=— · Red=— · manos=ON · pos=flat · latido=1.50s
[RANGO] autosello BCH · ACECHANDO · Oz=0.0 link=— · manos_feria_informe.json
[RANGO] BCHUSDT_LINEAL last=245.3 · río=WS · mercado=linear · estado=ACECHANDO · dir=— · 0=245.5 · Oz=— · Red=— · manos=ON · pos=flat · latido=1.50s
[RANGO] BCHUSDT_LINEAL last=245.4 · río=WS · mercado=linear · estado=ACECHANDO · dir=— · 0=245.5 · Oz=— · Red=— · manos=ON · pos=flat · latido=1.50s
[RANGO] autosello BCH · ACECHANDO · Oz=0.0 link=— · manos_feria_informe.json
[RANGO] BCHUSDT_LINEAL last=245.5 · río=WS · mercado=linear · estado=ACECHANDO · dir=— · 0=245.5 · Oz=— · Red=— · manos=ON · pos=flat · latido=1.50s
[RANGO] autosello BCH · ACECHANDO · Oz=0.0 link=— · manos_feria_informe.json
[RANGO] BCHUSDT_LINEAL last=245.7 · río=WS · mercado=linear · estado=ACECHANDO · dir=— · 0=245.5 · Oz=— · Red=— · manos=ON · pos=flat · latido=1.50s
[2026-08-31 08:38:42] [TUSK] RECONCILIACIÓN: DASHUSDT_LINEAL: interno L:0.000000/S:0.000000 -> real L:0.000000/S:0.220000
[2026-08-31 08:38:42] [TUSK] RECONCILIACIÓN_FANTASMA: CRCLUSDT_LINEAL existe interno pero no en exchange -> reseteando
[2026-08-31 08:38:42] [TUSK] RECONCILIACIÓN_OK: 2 frentes alineados con exchange
[RANGO] BCHUSDT_LINEAL last=245.7 · río=WS · mercado=linear · estado=ACECHANDO · dir=— · 0=245.5 · Oz=— · Red=— · manos=ON · pos=flat · latido=1.50s
[RANGO] autosello BCH · ACECHANDO · Oz=0.0 link=— · manos_feria_informe.json
[RANGO] BCHUSDT_LINEAL last=245.4 · río=WS · mercado=linear · estado=ACECHANDO · dir=— · 0=245.5 · Oz=— · Red=— · manos=ON · pos=flat · latido=1.50s
[RANGO] autosello BCH · ACECHANDO · Oz=0.0 link=— · manos_feria_informe.json
[RANGO] BCHUSDT_LINEAL last=245.5 · río=WS · mercado=linear · estado=ACECHANDO · dir=— · 0=245.5 · Oz=— · Red=— · manos=ON · pos=flat · latido=1.50s
[RANGO] BCHUSDT_LINEAL last=245.5 · río=WS · mercado=linear · estado=ACECHANDO · dir=— · 0=245.5 · Oz=— · Red=— · manos=ON · pos=flat · latido=1.50s
[RANGO] autosello BCH · ACECHANDO · Oz=0.0 link=— · manos_feria_informe.json
[RANGO] BCHUSDT_LINEAL last=245.4 · río=WS · mercado=linear · estado=ACECHANDO · dir=— · 0=245.5 · Oz=— · Red=— · manos=ON · pos=flat · latido=1.50s
[RANGO] autosello BCH · ACECHANDO · Oz=0.0 link=— · manos_feria_informe.json
[RANGO] BCHUSDT_LINEAL last=245.4 · río=WS · mercado=linear · estado=ACECHANDO · dir=— · 0=245.5 · Oz=— · Red=— · manos=ON · pos=flat · latido=1.50s
[RANGO] BCHUSDT_LINEAL last=245.51 · río=WS · mercado=linear · estado=ACECHANDO · dir=— · 0=245.5 · Oz=— · Red=— · manos=ON · pos=flat · latido=1.50s
[RANGO] autosello BCH · ACECHANDO · Oz=0.0 link=— · manos_feria_informe.json
[RANGO] BCHUSDT_LINEAL last=245.4 · río=WS · mercado=linear · estado=ACECHANDO · dir=— · 0=245.5 · Oz=— · Red=— · manos=ON · pos=flat · latido=1.50s
[RANGO] autosello BCH · ACECHANDO · Oz=0.0 link=— · manos_feria_informe.json
[RANGO] BCHUSDT_LINEAL last=245.46 · río=WS · mercado=linear · estado=ACECHANDO · dir=— · 0=245.5 · Oz=— · Red=— · manos=ON · pos=flat · latido=1.50s
[RANGO] BCHUSDT_LINEAL last=245.6 · río=WS · mercado=linear · estado=ACECHANDO · dir=— · 0=245.5 · Oz=— · Red=— · manos=ON · pos=flat · latido=1.50s
[RANGO] autosello BCH · ACECHANDO · Oz=0.0 link=— · manos_feria_informe.json
[RANGO] BCHUSDT_LINEAL last=245.6 · río=WS · mercado=linear · estado=ACECHANDO · dir=— · 0=245.5 · Oz=— · Red=— · manos=ON · pos=flat · latido=1.50s
[RANGO] autosello BCH · ACECHANDO · Oz=0.0 link=— · manos_feria_informe.json
[RANGO] BCHUSDT_LINEAL last=245.62 · río=WS · mercado=linear · estado=ACECHANDO · dir=— · 0=245.5 · Oz=— · Red=— · manos=ON · pos=flat · latido=1.50s
[2026-08-31 08:40:45] [TUSK] RECONCILIACIÓN: SNXXUSDT_LINEAL: interno L:6.830000/S:0.000000 -> real L:6.460000/S:0.000000
[2026-08-31 08:40:45] [TUSK] RECONCILIACIÓN: POWERUSDT_LINEAL: interno L:6.000000/S:0.000000 -> real L:0.000000/S:54.000000
[2026-08-31 08:40:45] [TUSK] RECONCILIACIÓN_OK: 2 frentes alineados con exchange
[RANGO] BCHUSDT_LINEAL last=245.6 · río=WS · mercado=linear · estado=ACECHANDO · dir=— · 0=245.5 · Oz=— · Red=— · manos=ON · pos=flat · latido=1.50s
[RANGO] autosello BCH · ACECHANDO · Oz=0.0 link=— · manos_feria_informe.json
[RANGO] BCHUSDT_LINEAL last=245.6 · río=WS · mercado=linear · estado=ACECHANDO · dir=— · 0=245.5 · Oz=— · Red=— · manos=ON · pos=flat · latido=1.50s
[RANGO] autosello BCH · ACECHANDO · Oz=0.0 link=— · manos_feria_informe.json
[RANGO] BCHUSDT_LINEAL last=245.6 · río=WS · mercado=linear · estado=ACECHANDO · dir=— · 0=245.5 · Oz=— · Red=— · manos=ON · pos=flat · latido=1.50s
[RANGO] BCHUSDT_LINEAL last=245.9 · río=WS · mercado=linear · estado=ACECHANDO · dir=— · 0=245.5 · Oz=— · Red=— · manos=ON · pos=flat · latido=1.50s
[RANGO] autosello BCH · ACECHANDO · Oz=0.0 link=— · manos_feria_informe.json
[RANGO] BCHUSDT_LINEAL last=246.0 · río=WS · mercado=linear · estado=ACECHANDO · dir=— · 0=245.5 · Oz=— · Red=— · manos=ON · pos=flat · latido=1.50s
[RANGO] autosello BCH · ACECHANDO · Oz=0.0 link=— · manos_feria_informe.json
[RANGO] BCHUSDT_LINEAL last=246.3 · río=WS · mercado=linear · estado=ACECHANDO · dir=— · 0=245.5 · Oz=— · Red=— · manos=ON · pos=flat · latido=1.50s
[RANGO] BCHUSDT_LINEAL last=246.2 · río=WS · mercado=linear · estado=ACECHANDO · dir=— · 0=245.5 · Oz=— · Red=— · manos=ON · pos=flat · latido=1.50s
[RANGO] autosello BCH · ACECHANDO · Oz=0.0 link=— · manos_feria_informe.json
[RANGO] BCHUSDT_LINEAL last=246.4 · río=WS · mercado=linear · estado=ACECHANDO · dir=— · 0=245.5 · Oz=— · Red=— · manos=ON · pos=flat · latido=1.50s
[RANGO] autosello BCH · ACECHANDO · Oz=0.0 link=— · manos_feria_informe.json
[RANGO] BCHUSDT_LINEAL last=246.5 · río=WS · mercado=linear · estado=ACECHANDO · dir=— · 0=245.5 · Oz=— · Red=— · manos=ON · pos=flat · latido=1.50s
[RANGO] BCHUSDT_LINEAL last=246.6 · río=WS · mercado=linear · estado=ACECHANDO · dir=— · 0=245.5 · Oz=— · Red=— · manos=ON · pos=flat · latido=1.50s
[RANGO] autosello BCH · ACECHANDO · Oz=0.0 link=— · manos_feria_informe.json
[RANGO] BCHUSDT_LINEAL last=246.4 · río=WS · mercado=linear · estado=ACECHANDO · dir=— · 0=245.5 · Oz=— · Red=— · manos=ON · pos=flat · latido=1.50s
[RANGO] autosello BCH · ACECHANDO · Oz=0.0 link=— · manos_feria_informe.json
[RANGO] BCHUSDT_LINEAL last=246.62 · río=WS · mercado=linear · estado=ACECHANDO · dir=— · 0=245.5 · Oz=— · Red=— · manos=ON · pos=flat · latido=1.50s
[RANGO] BCHUSDT_LINEAL last=246.7 · río=WS · mercado=linear · estado=ACECHANDO · dir=— · 0=245.5 · Oz=— · Red=— · manos=ON · pos=flat · latido=1.50s
[2026-08-31 08:42:48] [TUSK] RECONCILIACIÓN: TRBUSDT_LINEAL: interno L:0.000000/S:0.000000 -> real L:5.240000/S:0.000000
[2026-08-31 08:42:48] [TUSK] RECONCILIACIÓN: MORPHOUSDT_LINEAL: interno L:0.000000/S:0.000000 -> real L:27.000000/S:0.000000
[2026-08-31 08:42:48] [TUSK] RECONCILIACIÓN_FANTASMA: BSPUSDT_LINEAL existe interno pero no en exchange -> reseteando
[2026-08-31 08:42:48] [TUSK] RECONCILIACIÓN_FANTASMA: SAMSUNGUSDT_LINEAL existe interno pero no en exchange -> reseteando
[2026-08-31 08:42:48] [TUSK] RECONCILIACIÓN_OK: 4 frentes alineados con exchange
[RANGO] autosello BCH · ACECHANDO · Oz=0.0 link=— · manos_feria_informe.json
[RANGO] BCHUSDT_LINEAL last=246.9 · río=WS · mercado=linear · estado=ACECHANDO · dir=— · 0=245.5 · Oz=— · Red=— · manos=ON · pos=flat · latido=1.50s
[RANGO] autosello BCH · ACECHANDO · Oz=0.0 link=— · manos_feria_informe.json
[RANGO] BCHUSDT_LINEAL last=246.9 · río=WS · mercado=linear · estado=ACECHANDO · dir=— · 0=245.5 · Oz=— · Red=— · manos=ON · pos=flat · latido=1.50s
[RANGO] BCHUSDT_LINEAL last=246.8 · río=WS · mercado=linear · estado=ACECHANDO · dir=— · 0=245.5 · Oz=— · Red=— · manos=ON · pos=flat · latido=1.50s
[RANGO] autosello BCH · ACECHANDO · Oz=0.0 link=— · manos_feria_informe.json
[RANGO] BCHUSDT_LINEAL last=246.8 · río=WS · mercado=linear · estado=ACECHANDO · dir=— · 0=245.5 · Oz=— · Red=— · manos=ON · pos=flat · latido=1.50s
[RANGO] autosello BCH · ACECHANDO · Oz=0.0 link=— · manos_feria_informe.json
[RANGO] BCHUSDT_LINEAL last=246.6 · río=WS · mercado=linear · estado=ACECHANDO · dir=— · 0=245.5 · Oz=— · Red=— · manos=ON · pos=flat · latido=1.50s
[RANGO] BCHUSDT_LINEAL last=246.9 · río=WS · mercado=linear · estado=ACECHANDO · dir=— · 0=245.5 · Oz=— · Red=— · manos=ON · pos=flat · latido=1.50s
[RANGO] autosello BCH · ACECHANDO · Oz=0.0 link=— · manos_feria_informe.json
[2026-08-31 08:43:49] [TUSK] RECONCILIACIÓN: UNIUSDT_LINEAL: interno L:0.000000/S:0.000000 -> real L:0.900000/S:0.000000
[2026-08-31 08:43:49] [TUSK] RECONCILIACIÓN_FANTASMA: AAOIUSDT_LINEAL existe interno pero no en exchange -> reseteando
[2026-08-31 08:43:49] [TUSK] RECONCILIACIÓN_OK: 2 frentes alineados con exchange
[RANGO] BCHUSDT_LINEAL last=246.9 · río=WS · mercado=linear · estado=ACECHANDO · dir=— · 0=245.5 · Oz=— · Red=— · manos=ON · pos=flat · latido=1.50s
[RANGO] autosello BCH · ACECHANDO · Oz=0.0 link=— · manos_feria_informe.json
[RANGO] BCHUSDT_LINEAL last=246.9 · río=WS · mercado=linear · estado=ACECHANDO · dir=— · 0=245.5 · Oz=— · Red=— · manos=ON · pos=flat · latido=1.50s
[RANGO] BCHUSDT_LINEAL last=246.93 · río=WS · mercado=linear · estado=ACECHANDO · dir=— · 0=245.5 · Oz=— · Red=— · manos=ON · pos=flat · latido=1.50s
[RANGO] autosello BCH · ACECHANDO · Oz=0.0 link=— · manos_feria_informe.json
[RANGO] BCHUSDT_LINEAL last=246.8 · río=WS · mercado=linear · estado=ACECHANDO · dir=— · 0=245.5 · Oz=— · Red=— · manos=ON · pos=flat · latido=1.50s
[RANGO] autosello BCH · ACECHANDO · Oz=0.0 link=— · manos_feria_informe.json
[RANGO] BCHUSDT_LINEAL last=246.7 · río=WS · mercado=linear · estado=ACECHANDO · dir=— · 0=245.5 · Oz=— · Red=— · manos=ON · pos=flat · latido=1.50s
[RANGO] BCHUSDT_LINEAL last=246.5 · río=WS · mercado=linear · estado=ACECHANDO · dir=— · 0=245.5 · Oz=— · Red=— · manos=ON · pos=flat · latido=1.50s
[RANGO] autosello BCH · ACECHANDO · Oz=0.0 link=— · manos_feria_informe.json
[2026-08-31 08:44:50] [TUSK] RECONCILIACIÓN: CRCLUSDT_LINEAL: interno L:0.000000/S:0.000000 -> real L:0.410000/S:0.000000
[2026-08-31 08:44:50] [TUSK] RECONCILIACIÓN: PURRUSDT_LINEAL: interno L:0.000000/S:0.000000 -> real L:4.800000/S:0.000000
[2026-08-31 08:44:50] [TUSK] RECONCILIACIÓN_FANTASMA: KSMUSDT_LINEAL existe interno pero no en exchange -> reseteando
[2026-08-31 08:44:50] [TUSK] RECONCILIACIÓN_FANTASMA: AEHRUSDT_LINEAL existe interno pero no en exchange -> reseteando
[2026-08-31 08:44:50] [TUSK] RECONCILIACIÓN_OK: 4 frentes alineados con exchange
[RANGO] BCHUSDT_LINEAL last=246.5 · río=WS · mercado=linear · estado=ACECHANDO · dir=— · 0=245.5 · Oz=— · Red=— · manos=ON · pos=flat · latido=1.50s
[RANGO] autosello BCH · ACECHANDO · Oz=0.0 link=— · manos_feria_informe.json
[RANGO] BCHUSDT_LINEAL last=246.5 · río=WS · mercado=linear · estado=ACECHANDO · dir=— · 0=245.5 · Oz=— · Red=— · manos=ON · pos=flat · latido=1.50s
[RANGO] BCHUSDT_LINEAL last=246.5 · río=WS · mercado=linear · estado=ACECHANDO · dir=— · 0=245.5 · Oz=— · Red=— · manos=ON · pos=flat · latido=1.50s
[RANGO] autosello BCH · ACECHANDO · Oz=0.0 link=— · manos_feria_informe.json
[RANGO] BCHUSDT_LINEAL last=246.4 · río=WS · mercado=linear · estado=ACECHANDO · dir=— · 0=245.5 · Oz=— · Red=— · manos=ON · pos=flat · latido=1.50s
[RANGO] autosello BCH · ACECHANDO · Oz=0.0 link=— · manos_feria_informe.json
[RANGO] BCHUSDT_LINEAL last=246.4 · río=WS · mercado=linear · estado=ACECHANDO · dir=— · 0=245.5 · Oz=— · Red=— · manos=ON · pos=flat · latido=1.50s
[RANGO] BCHUSDT_LINEAL last=246.5 · río=WS · mercado=linear · estado=ACECHANDO · dir=— · 0=245.5 · Oz=— · Red=— · manos=ON · pos=flat · latido=1.50s
[RANGO] autosello BCH · ACECHANDO · Oz=0.0 link=— · manos_feria_informe.json
[2026-08-31 08:45:51] [TUSK] RECONCILIACIÓN: KSMUSDT_LINEAL: interno L:0.000000/S:0.000000 -> real L:13.470000/S:0.000000
[2026-08-31 08:45:51] [TUSK] RECONCILIACIÓN: BIOUSDT_LINEAL: interno L:0.000000/S:0.000000 -> real L:1016.000000/S:0.000000
[2026-08-31 08:45:51] [TUSK] RECONCILIACIÓN_FANTASMA: AXTIUSDT_LINEAL existe interno pero no en exchange -> reseteando
[2026-08-31 08:45:51] [TUSK] RECONCILIACIÓN_FANTASMA: ZKPUSDT_LINEAL existe interno pero no en exchange -> reseteando
[2026-08-31 08:45:51] [TUSK] RECONCILIACIÓN_OK: 4 frentes alineados con exchange
[RANGO] BCHUSDT_LINEAL last=246.5 · río=WS · mercado=linear · estado=ACECHANDO · dir=— · 0=245.5 · Oz=— · Red=— · manos=ON · pos=flat · latido=1.50s
[RANGO] autosello BCH · ACECHANDO · Oz=0.0 link=— · manos_feria_informe.json
[RANGO] BCHUSDT_LINEAL last=246.5 · río=WS · mercado=linear · estado=ACECHANDO · dir=— · 0=245.5 · Oz=— · Red=— · manos=ON · pos=flat · latido=1.50s
[RANGO] BCHUSDT_LINEAL last=246.6 · río=WS · mercado=linear · estado=ACECHANDO · dir=— · 0=245.5 · Oz=— · Red=— · manos=ON · pos=flat · latido=1.50s
[RANGO] autosello BCH · ACECHANDO · Oz=0.0 link=— · manos_feria_informe.json
[RANGO] BCHUSDT_LINEAL last=246.4 · río=WS · mercado=linear · estado=ACECHANDO · dir=— · 0=245.5 · Oz=— · Red=— · manos=ON · pos=flat · latido=1.50s
[RANGO] autosello BCH · ACECHANDO · Oz=0.0 link=— · manos_feria_informe.json
[RANGO] BCHUSDT_LINEAL last=246.4 · río=WS · mercado=linear · estado=ACECHANDO · dir=— · 0=245.5 · Oz=— · Red=— · manos=ON · pos=flat · latido=1.50s
[RANGO] BCHUSDT_LINEAL last=246.3 · río=WS · mercado=linear · estado=ACECHANDO · dir=— · 0=245.5 · Oz=— · Red=— · manos=ON · pos=flat · latido=1.50s
[RANGO] autosello BCH · ACECHANDO · Oz=0.0 link=— · manos_feria_informe.json
[2026-08-31 08:46:52] [TUSK] RECONCILIACIÓN: POWERUSDT_LINEAL: interno L:0.000000/S:54.000000 -> real L:0.000000/S:114.000000
[2026-08-31 08:46:52] [TUSK] RECONCILIACIÓN_OK: 1 frentes alineados con exchange
[RANGO] BCHUSDT_LINEAL last=246.4 · río=WS · mercado=linear · estado=ACECHANDO · dir=— · 0=245.5 · Oz=— · Red=— · manos=ON · pos=flat · latido=1.50s
[RANGO] autosello BCH · ACECHANDO · Oz=0.0 link=— · manos_feria_informe.json
[RANGO] BCHUSDT_LINEAL last=246.5 · río=WS · mercado=linear · estado=ACECHANDO · dir=— · 0=245.5 · Oz=— · Red=— · manos=ON · pos=flat · latido=1.50s
[RANGO] BCHUSDT_LINEAL last=246.4 · río=WS · mercado=linear · estado=ACECHANDO · dir=— · 0=245.5 · Oz=— · Red=— · manos=ON · pos=flat · latido=1.50s
[RANGO] autosello BCH · ACECHANDO · Oz=0.0 link=— · manos_feria_informe.json
[RANGO] BCHUSDT_LINEAL last=246.4 · río=WS · mercado=linear · estado=ACECHANDO · dir=— · 0=245.5 · Oz=— · Red=— · manos=ON · pos=flat · latido=1.50s
[RANGO] autosello BCH · ACECHANDO · Oz=0.0 link=— · manos_feria_informe.json
[RANGO] BCHUSDT_LINEAL last=246.4 · río=WS · mercado=linear · estado=ACECHANDO · dir=— · 0=245.5 · Oz=— · Red=— · manos=ON · pos=flat · latido=1.50s
[RANGO] BCHUSDT_LINEAL last=246.4 · río=WS · mercado=linear · estado=ACECHANDO · dir=— · 0=245.5 · Oz=— · Red=— · manos=ON · pos=flat · latido=1.50s
[RANGO] autosello BCH · ACECHANDO · Oz=0.0 link=— · manos_feria_informe.json
[2026-08-31 08:47:54] [TUSK] RECONCILIACIÓN: ZKPUSDT_LINEAL: interno L:0.000000/S:0.000000 -> real L:1388.000000/S:0.000000
[2026-08-31 08:47:54] [TUSK] RECONCILIACIÓN: SAMSUNGUSDT_LINEAL: interno L:0.000000/S:0.000000 -> real L:0.000000/S:0.110000
[2026-08-31 08:47:54] [TUSK] RECONCILIACIÓN_FANTASMA: WDCUSDT_LINEAL existe interno pero no en exchange -> reseteando
[2026-08-31 08:47:54] [TUSK] RECONCILIACIÓN_FANTASMA: ZBCNUSDT_LINEAL existe interno pero no en exchange -> reseteando
[2026-08-31 08:47:54] [TUSK] RECONCILIACIÓN_OK: 4 frentes alineados con exchange
[RANGO] BCHUSDT_LINEAL last=246.5 · río=WS · mercado=linear · estado=ACECHANDO · dir=— · 0=245.5 · Oz=— · Red=— · manos=ON · pos=flat · latido=1.50s
[RANGO] autosello BCH · ACECHANDO · Oz=0.0 link=— · manos_feria_informe.json
[RANGO] BCHUSDT_LINEAL last=246.7 · río=WS · mercado=linear · estado=ACECHANDO · dir=— · 0=245.5 · Oz=— · Red=— · manos=ON · pos=flat · latido=1.50s
[RANGO] BCHUSDT_LINEAL last=246.6 · río=WS · mercado=linear · estado=ACECHANDO · dir=— · 0=245.5 · Oz=— · Red=— · manos=ON · pos=flat · latido=1.50s
[RANGO] autosello BCH · ACECHANDO · Oz=0.0 link=— · manos_feria_informe.json
[RANGO] BCHUSDT_LINEAL last=246.7 · río=WS · mercado=linear · estado=ACECHANDO · dir=— · 0=245.5 · Oz=— · Red=— · manos=ON · pos=flat · latido=1.50s
[RANGO] autosello BCH · ACECHANDO · Oz=0.0 link=— · manos_feria_informe.json
[RANGO] BCHUSDT_LINEAL last=246.6 · río=WS · mercado=linear · estado=ACECHANDO · dir=— · 0=245.5 · Oz=— · Red=— · manos=ON · pos=flat · latido=1.50s
[RANGO] BCHUSDT_LINEAL last=246.4 · río=WS · mercado=linear · estado=ACECHANDO · dir=— · 0=245.5 · Oz=— · Red=— · manos=ON · pos=flat · latido=1.50s
[RANGO] autosello BCH · ACECHANDO · Oz=0.0 link=— · manos_feria_informe.json
[2026-08-31 08:48:55] [TUSK] RECONCILIACIÓN: TSEMUSDT_LINEAL: interno L:0.000000/S:0.000000 -> real L:0.090000/S:0.000000
[2026-08-31 08:48:55] [TUSK] RECONCILIACIÓN: CRDOUSDT_LINEAL: interno L:0.000000/S:0.000000 -> real L:0.140000/S:0.000000
[2026-08-31 08:48:55] [TUSK] RECONCILIACIÓN_FANTASMA: TSLLUSDT_LINEAL existe interno pero no en exchange -> reseteando
[2026-08-31 08:48:55] [TUSK] RECONCILIACIÓN_FANTASMA: MSTRUSDT_LINEAL existe interno pero no en exchange -> reseteando
[2026-08-31 08:48:55] [TUSK] RECONCILIACIÓN_OK: 4 frentes alineados con exchange
[RANGO] BCHUSDT_LINEAL last=246.0 · río=WS · mercado=linear · estado=ACECHANDO · dir=— · 0=245.5 · Oz=— · Red=— · manos=ON · pos=flat · latido=1.50s
[RANGO] autosello BCH · ACECHANDO · Oz=0.0 link=— · manos_feria_informe.json
[RANGO] BCHUSDT_LINEAL last=246.2 · río=WS · mercado=linear · estado=ACECHANDO · dir=— · 0=245.5 · Oz=— · Red=— · manos=ON · pos=flat · latido=1.50s
[RANGO] BCHUSDT_LINEAL last=245.9 · río=WS · mercado=linear · estado=ACECHANDO · dir=— · 0=245.5 · Oz=— · Red=— · manos=ON · pos=flat · latido=1.50s
[RANGO] autosello BCH · ACECHANDO · Oz=0.0 link=— · manos_feria_informe.json
[RANGO] BCHUSDT_LINEAL last=245.8 · río=WS · mercado=linear · estado=ACECHANDO · dir=— · 0=245.5 · Oz=— · Red=— · manos=ON · pos=flat · latido=1.50s
[RANGO] autosello BCH · ACECHANDO · Oz=0.0 link=— · manos_feria_informe.json
[RANGO] BCHUSDT_LINEAL last=246.0 · río=WS · mercado=linear · estado=ACECHANDO · dir=— · 0=245.5 · Oz=— · Red=— · manos=ON · pos=flat · latido=1.50s
[RANGO] BCHUSDT_LINEAL last=245.9 · río=WS · mercado=linear · estado=ACECHANDO · dir=— · 0=245.5 · Oz=— · Red=— · manos=ON · pos=flat · latido=1.50s
[RANGO] autosello BCH · ACECHANDO · Oz=0.0 link=— · manos_feria_informe.json
[2026-08-31 08:49:56] [TUSK] RECONCILIACIÓN: BSPUSDT_LINEAL: interno L:0.000000/S:0.000000 -> real L:0.440000/S:0.000000
[2026-08-31 08:49:56] [TUSK] RECONCILIACIÓN_FANTASMA: BROCCOLIUSDT_LINEAL existe interno pero no en exchange -> reseteando
[2026-08-31 08:49:56] [TUSK] RECONCILIACIÓN_OK: 2 frentes alineados con exchange
[RANGO] BCHUSDT_LINEAL last=245.9 · río=WS · mercado=linear · estado=ACECHANDO · dir=— · 0=245.5 · Oz=— · Red=— · manos=ON · pos=flat · latido=1.50s
[RANGO] autosello BCH · ACECHANDO · Oz=0.0 link=— · manos_feria_informe.json
[RANGO] BCHUSDT_LINEAL last=245.9 · río=WS · mercado=linear · estado=ACECHANDO · dir=— · 0=245.5 · Oz=— · Red=— · manos=ON · pos=flat · latido=1.50s
[RANGO] BCHUSDT_LINEAL last=245.8 · río=WS · mercado=linear · estado=ACECHANDO · dir=— · 0=245.5 · Oz=— · Red=— · manos=ON · pos=flat · latido=1.50s
[RANGO] autosello BCH · ACECHANDO · Oz=0.0 link=— · manos_feria_informe.json
[RANGO] BCHUSDT_LINEAL last=245.9 · río=WS · mercado=linear · estado=ACECHANDO · dir=— · 0=245.5 · Oz=— · Red=— · manos=ON · pos=flat · latido=1.50s
[RANGO] autosello BCH · ACECHANDO · Oz=0.0 link=— · manos_feria_informe.json
[RANGO] BCHUSDT_LINEAL last=245.8 · río=WS · mercado=linear · estado=ACECHANDO · dir=— · 0=245.5 · Oz=— · Red=— · manos=ON · pos=flat · latido=1.50s
[RANGO] BCHUSDT_LINEAL last=245.83 · río=WS · mercado=linear · estado=ACECHANDO · dir=— · 0=245.5 · Oz=— · Red=— · manos=ON · pos=flat · latido=1.50s
[RANGO] autosello BCH · ACECHANDO · Oz=0.0 link=— · manos_feria_informe.json
[2026-08-31 08:50:57] [TUSK] RECONCILIACIÓN: ADAUSD_INVERSE: interno L:0.000000/S:0.000000 -> real L:207.000000/S:0.000000
[2026-08-31 08:50:57] [TUSK] RECONCILIACIÓN_FANTASMA: BTCUSD_INVERSE existe interno pero no en exchange -> reseteando
[2026-08-31 08:50:57] [TUSK] RECONCILIACIÓN_OK: 2 frentes alineados con exchange
[RANGO] BCHUSDT_LINEAL last=245.8 · río=WS · mercado=linear · estado=ACECHANDO · dir=— · 0=245.5 · Oz=— · Red=— · manos=ON · pos=flat · latido=1.50s
[RANGO] autosello BCH · ACECHANDO · Oz=0.0 link=— · manos_feria_informe.json
[RANGO] BCHUSDT_LINEAL last=245.7 · río=WS · mercado=linear · estado=ACECHANDO · dir=— · 0=245.5 · Oz=— · Red=— · manos=ON · pos=flat · latido=1.50s
[RANGO] BCHUSDT_LINEAL last=245.9 · río=WS · mercado=linear · estado=ACECHANDO · dir=— · 0=245.5 · Oz=— · Red=— · manos=ON · pos=flat · latido=1.50s
[RANGO] autosello BCH · ACECHANDO · Oz=0.0 link=— · manos_feria_informe.json
[RANGO] BCHUSDT_LINEAL last=245.9 · río=WS · mercado=linear · estado=ACECHANDO · dir=— · 0=245.5 · Oz=— · Red=— · manos=ON · pos=flat · latido=1.50s
[RANGO] autosello BCH · ACECHANDO · Oz=0.0 link=— · manos_feria_informe.json
[RANGO] BCHUSDT_LINEAL last=245.7 · río=WS · mercado=linear · estado=ACECHANDO · dir=— · 0=245.5 · Oz=— · Red=— · manos=ON · pos=flat · latido=1.50s
[RANGO] BCHUSDT_LINEAL last=245.8 · río=WS · mercado=linear · estado=ACECHANDO · dir=— · 0=245.5 · Oz=— · Red=— · manos=ON · pos=flat · latido=1.50s
[RANGO] autosello BCH · ACECHANDO · Oz=0.0 link=— · manos_feria_informe.json
[RANGO] BCHUSDT_LINEAL last=245.6 · río=WS · mercado=linear · estado=ACECHANDO · dir=— · 0=245.5 · Oz=— · Red=— · manos=ON · pos=flat · latido=1.50s
[2026-08-31 08:51:59] [TUSK] RECONCILIACIÓN: FLNCUSDT_LINEAL: interno L:0.000000/S:0.000000 -> real L:3.300000/S:0.000000
[2026-08-31 08:51:59] [TUSK] RECONCILIACIÓN: UNIUSDT_LINEAL: interno L:0.900000/S:0.000000 -> real L:0.000000/S:0.100000
[2026-08-31 08:51:59] [TUSK] RECONCILIACIÓN: AAVEUSD_INVERSE: interno L:178.000000/S:0.000000 -> real L:89.000000/S:0.000000
[2026-08-31 08:51:59] [TUSK] RECONCILIACIÓN_FANTASMA: DASHUSDT_LINEAL existe interno pero no en exchange -> reseteando
[2026-08-31 08:51:59] [TUSK] RECONCILIACIÓN_OK: 4 frentes alineados con exchange
[RANGO] autosello BCH · ACECHANDO · Oz=0.0 link=— · manos_feria_informe.json
[RANGO] BCHUSDT_LINEAL last=245.7 · río=WS · mercado=linear · estado=ACECHANDO · dir=— · 0=245.5 · Oz=— · Red=— · manos=ON · pos=flat · latido=1.50s
[RANGO] BCHUSDT_LINEAL last=245.7 · río=WS · mercado=linear · estado=ACECHANDO · dir=— · 0=245.5 · Oz=— · Red=— · manos=ON · pos=flat · latido=1.50s
[RANGO] autosello BCH · ACECHANDO · Oz=0.0 link=— · manos_feria_informe.json
[RANGO] BCHUSDT_LINEAL last=245.8 · río=WS · mercado=linear · estado=ACECHANDO · dir=— · 0=245.5 · Oz=— · Red=— · manos=ON · pos=flat · latido=1.50s
[RANGO] autosello BCH · ACECHANDO · Oz=0.0 link=— · manos_feria_informe.json
[RANGO] BCHUSDT_LINEAL last=245.8 · río=WS · mercado=linear · estado=ACECHANDO · dir=— · 0=245.5 · Oz=— · Red=— · manos=ON · pos=flat · latido=1.50s
[RANGO] BCHUSDT_LINEAL last=245.8 · río=WS · mercado=linear · estado=ACECHANDO · dir=— · 0=245.5 · Oz=— · Red=— · manos=ON · pos=flat · latido=1.50s
[RANGO] autosello BCH · ACECHANDO · Oz=0.0 link=— · manos_feria_informe.json
[RANGO] BCHUSDT_LINEAL last=245.9 · río=WS · mercado=linear · estado=ACECHANDO · dir=— · 0=245.5 · Oz=— · Red=— · manos=ON · pos=flat · latido=1.50s
[2026-08-31 08:53:00] [TUSK] RECONCILIACIÓN: CRVUSDT_LINEAL: interno L:0.000000/S:0.000000 -> real L:4.800000/S:0.000000
[2026-08-31 08:53:00] [TUSK] RECONCILIACIÓN: NILUSDT_LINEAL: interno L:0.000000/S:0.000000 -> real L:220.000000/S:0.000000
[2026-08-31 08:53:00] [TUSK] RECONCILIACIÓN_FANTASMA: SNXXUSDT_LINEAL existe interno pero no en exchange -> reseteando
[2026-08-31 08:53:00] [TUSK] RECONCILIACIÓN_FANTASMA: VVVUSDT_LINEAL existe interno pero no en exchange -> reseteando
[2026-08-31 08:53:00] [TUSK] RECONCILIACIÓN_OK: 4 frentes alineados con exchange
[RANGO] autosello BCH · ACECHANDO · Oz=0.0 link=— · manos_feria_informe.json
[RANGO] BCHUSDT_LINEAL last=245.8 · río=WS · mercado=linear · estado=ACECHANDO · dir=— · 0=245.5 · Oz=— · Red=— · manos=ON · pos=flat · latido=1.50s
[RANGO] BCHUSDT_LINEAL last=245.8 · río=WS · mercado=linear · estado=ACECHANDO · dir=— · 0=245.5 · Oz=— · Red=— · manos=ON · pos=flat · latido=1.50s
[RANGO] autosello BCH · ACECHANDO · Oz=0.0 link=— · manos_feria_informe.json
[RANGO] BCHUSDT_LINEAL last=245.6 · río=WS · mercado=linear · estado=ACECHANDO · dir=— · 0=245.5 · Oz=— · Red=— · manos=ON · pos=flat · latido=1.50s
[RANGO] autosello BCH · ACECHANDO · Oz=0.0 link=— · manos_feria_informe.json
[RANGO] BCHUSDT_LINEAL last=245.5 · río=WS · mercado=linear · estado=ACECHANDO · dir=— · 0=245.5 · Oz=— · Red=— · manos=ON · pos=flat · latido=1.50s
[RANGO] BCHUSDT_LINEAL last=245.5 · río=WS · mercado=linear · estado=ACECHANDO · dir=— · 0=245.5 · Oz=— · Red=— · manos=ON · pos=flat · latido=1.50s
[RANGO] autosello BCH · ACECHANDO · Oz=0.0 link=— · manos_feria_informe.json
[RANGO] BCHUSDT_LINEAL last=245.6 · río=WS · mercado=linear · estado=ACECHANDO · dir=— · 0=245.5 · Oz=— · Red=— · manos=ON · pos=flat · latido=1.50s
[2026-08-31 08:54:01] [TUSK] RECONCILIACIÓN: MORPHOUSDT_LINEAL: interno L:27.000000/S:0.000000 -> real L:25.000000/S:0.000000
[2026-08-31 08:54:01] [TUSK] RECONCILIACIÓN_OK: 1 frentes alineados con exchange
[RANGO] autosello BCH · ACECHANDO · Oz=0.0 link=— · manos_feria_informe.json
[RANGO] BCHUSDT_LINEAL last=245.5 · río=WS · mercado=linear · estado=ACECHANDO · dir=— · 0=245.5 · Oz=— · Red=— · manos=ON · pos=flat · latido=1.50s
[RANGO] BCHUSDT_LINEAL last=245.5 · río=WS · mercado=linear · estado=ACECHANDO · dir=— · 0=245.5 · Oz=— · Red=— · manos=ON · pos=flat · latido=1.50s
[RANGO] autosello BCH · ACECHANDO · Oz=0.0 link=— · manos_feria_informe.json
[RANGO] BCHUSDT_LINEAL last=245.4 · río=WS · mercado=linear · estado=ACECHANDO · dir=— · 0=245.5 · Oz=— · Red=— · manos=ON · pos=flat · latido=1.50s
[RANGO] autosello BCH · ACECHANDO · Oz=0.0 link=— · manos_feria_informe.json
[RANGO] BCHUSDT_LINEAL last=245.4 · río=WS · mercado=linear · estado=ACECHANDO · dir=— · 0=245.5 · Oz=— · Red=— · manos=ON · pos=flat · latido=1.50s
[RANGO] BCHUSDT_LINEAL last=245.6 · río=WS · mercado=linear · estado=ACECHANDO · dir=— · 0=245.5 · Oz=— · Red=— · manos=ON · pos=flat · latido=1.50s
[RANGO] autosello BCH · ACECHANDO · Oz=0.0 link=— · manos_feria_informe.json
[RANGO] BCHUSDT_LINEAL last=245.8 · río=WS · mercado=linear · estado=ACECHANDO · dir=— · 0=245.5 · Oz=— · Red=— · manos=ON · pos=flat · latido=1.50s
[RANGO] autosello BCH · ACECHANDO · Oz=0.0 link=— · manos_feria_informe.json
[RANGO] BCHUSDT_LINEAL last=245.7 · río=WS · mercado=linear · estado=ACECHANDO · dir=— · 0=245.5 · Oz=— · Red=— · manos=ON · pos=flat · latido=1.50s
[RANGO] BCHUSDT_LINEAL last=245.7 · río=WS · mercado=linear · estado=ACECHANDO · dir=— · 0=245.5 · Oz=— · Red=— · manos=ON · pos=flat · latido=1.50s
[RANGO] autosello BCH · ACECHANDO · Oz=0.0 link=— · manos_feria_informe.json
[RANGO] BCHUSDT_LINEAL last=245.5 · río=WS · mercado=linear · estado=ACECHANDO · dir=— · 0=245.5 · Oz=— · Red=— · manos=ON · pos=flat · latido=1.50s
[RANGO] autosello BCH · ACECHANDO · Oz=0.0 link=— · manos_feria_informe.json
[RANGO] BCHUSDT_LINEAL last=245.6 · río=WS · mercado=linear · estado=ACECHANDO · dir=— · 0=245.5 · Oz=— · Red=— · manos=ON · pos=flat · latido=1.50s
[RANGO] BCHUSDT_LINEAL last=245.7 · río=WS · mercado=linear · estado=ACECHANDO · dir=— · 0=245.5 · Oz=— · Red=— · manos=ON · pos=flat · latido=1.50s
[RANGO] autosello BCH · ACECHANDO · Oz=0.0 link=— · manos_feria_informe.json
[RANGO] BCHUSDT_LINEAL last=245.8 · río=WS · mercado=linear · estado=ACECHANDO · dir=— · 0=245.5 · Oz=— · Red=— · manos=ON · pos=flat · latido=1.50s
[2026-08-31 08:56:03] [TUSK] RECONCILIACIÓN: WDCUSDT_LINEAL: interno L:0.000000/S:0.000000 -> real L:0.020000/S:0.000000
[2026-08-31 08:56:03] [TUSK] RECONCILIACIÓN_FANTASMA: LITUSDT_LINEAL existe interno pero no en exchange -> reseteando
[2026-08-31 08:56:03] [TUSK] RECONCILIACIÓN_OK: 2 frentes alineados con exchange
[RANGO] autosello BCH · ACECHANDO · Oz=0.0 link=— · manos_feria_informe.json
[RANGO] BCHUSDT_LINEAL last=245.9 · río=WS · mercado=linear · estado=ACECHANDO · dir=— · 0=245.5 · Oz=— · Red=— · manos=ON · pos=flat · latido=1.50s
[RANGO] BCHUSDT_LINEAL last=246.0 · río=WS · mercado=linear · estado=ACECHANDO · dir=— · 0=245.5 · Oz=— · Red=— · manos=ON · pos=flat · latido=1.50s
[RANGO] autosello BCH · ACECHANDO · Oz=0.0 link=— · manos_feria_informe.json
[RANGO] BCHUSDT_LINEAL last=245.9 · río=WS · mercado=linear · estado=ACECHANDO · dir=— · 0=245.5 · Oz=— · Red=— · manos=ON · pos=flat · latido=1.50s
[RANGO] autosello BCH · ACECHANDO · Oz=0.0 link=— · manos_feria_informe.json
[RANGO] BCHUSDT_LINEAL last=246.1 · río=WS · mercado=linear · estado=ACECHANDO · dir=— · 0=245.5 · Oz=— · Red=— · manos=ON · pos=flat · latido=1.50s
[RANGO] BCHUSDT_LINEAL last=246.2 · río=WS · mercado=linear · estado=ACECHANDO · dir=— · 0=245.5 · Oz=— · Red=— · manos=ON · pos=flat · latido=1.50s
[RANGO] autosello BCH · ACECHANDO · Oz=0.0 link=— · manos_feria_informe.json
[RANGO] BCHUSDT_LINEAL last=246.2 · río=WS · mercado=linear · estado=ACECHANDO · dir=— · 0=245.5 · Oz=— · Red=— · manos=ON · pos=flat · latido=1.50s
[RANGO] autosello BCH · ACECHANDO · Oz=0.0 link=— · manos_feria_informe.json
[RANGO] BCHUSDT_LINEAL last=246.2 · río=WS · mercado=linear · estado=ACECHANDO · dir=— · 0=245.5 · Oz=— · Red=— · manos=ON · pos=flat · latido=1.50s
[RANGO] BCHUSDT_LINEAL last=246.2 · río=WS · mercado=linear · estado=ACECHANDO · dir=— · 0=245.5 · Oz=— · Red=— · manos=ON · pos=flat · latido=1.50s
[RANGO] autosello BCH · ACECHANDO · Oz=0.0 link=— · manos_feria_informe.json
[RANGO] BCHUSDT_LINEAL last=246.2 · río=WS · mercado=linear · estado=ACECHANDO · dir=— · 0=245.5 · Oz=— · Red=— · manos=ON · pos=flat · latido=1.50s
[RANGO] autosello BCH · ACECHANDO · Oz=0.0 link=— · manos_feria_informe.json
[RANGO] BCHUSDT_LINEAL last=246.0 · río=WS · mercado=linear · estado=ACECHANDO · dir=— · 0=245.5 · Oz=— · Red=— · manos=ON · pos=flat · latido=1.50s
[RANGO] BCHUSDT_LINEAL last=246.0 · río=WS · mercado=linear · estado=ACECHANDO · dir=— · 0=245.5 · Oz=— · Red=— · manos=ON · pos=flat · latido=1.50s
[RANGO] autosello BCH · ACECHANDO · Oz=0.0 link=— · manos_feria_informe.json
[RANGO] BCHUSDT_LINEAL last=245.9 · río=WS · mercado=linear · estado=ACECHANDO · dir=— · 0=245.5 · Oz=— · Red=— · manos=ON · pos=flat · latido=1.50s
[RANGO] autosello BCH · ACECHANDO · Oz=0.0 link=— · manos_feria_informe.json
[2026-08-31 08:58:06] [TUSK] RECONCILIACIÓN: NEARUSDT_LINEAL: interno L:0.000000/S:0.000000 -> real L:0.000000/S:24.600000
[2026-08-31 08:58:06] [TUSK] RECONCILIACIÓN_FANTASMA: TRBUSDT_LINEAL existe interno pero no en exchange -> reseteando
[2026-08-31 08:58:06] [TUSK] RECONCILIACIÓN_OK: 2 frentes alineados con exchange
[RANGO] BCHUSDT_LINEAL last=245.9 · río=WS · mercado=linear · estado=ACECHANDO · dir=— · 0=245.5 · Oz=— · Red=— · manos=ON · pos=flat · latido=1.50s
[RANGO] BCHUSDT_LINEAL last=246.0 · río=WS · mercado=linear · estado=ACECHANDO · dir=— · 0=245.5 · Oz=— · Red=— · manos=ON · pos=flat · latido=1.50s
[RANGO] autosello BCH · ACECHANDO · Oz=0.0 link=— · manos_feria_informe.json
[RANGO] BCHUSDT_LINEAL last=246.0 · río=WS · mercado=linear · estado=ACECHANDO · dir=— · 0=245.5 · Oz=— · Red=— · manos=ON · pos=flat · latido=1.50s
[RANGO] autosello BCH · ACECHANDO · Oz=0.0 link=— · manos_feria_informe.json
[RANGO] BCHUSDT_LINEAL last=246.1 · río=WS · mercado=linear · estado=ACECHANDO · dir=— · 0=245.5 · Oz=— · Red=— · manos=ON · pos=flat · latido=1.50s
[RANGO] BCHUSDT_LINEAL last=246.0 · río=WS · mercado=linear · estado=ACECHANDO · dir=— · 0=245.5 · Oz=— · Red=— · manos=ON · pos=flat · latido=1.50s
[RANGO] autosello BCH · ACECHANDO · Oz=0.0 link=— · manos_feria_informe.json
[RANGO] BCHUSDT_LINEAL last=246.0 · río=WS · mercado=linear · estado=ACECHANDO · dir=— · 0=245.5 · Oz=— · Red=— · manos=ON · pos=flat · latido=1.50s
[RANGO] autosello BCH · ACECHANDO · Oz=0.0 link=— · manos_feria_informe.json
[RANGO] BCHUSDT_LINEAL last=246.0 · río=WS · mercado=linear · estado=ACECHANDO · dir=— · 0=245.5 · Oz=— · Red=— · manos=ON · pos=flat · latido=1.50s
[RANGO] BCHUSDT_LINEAL last=246.0 · río=WS · mercado=linear · estado=ACECHANDO · dir=— · 0=245.5 · Oz=— · Red=— · manos=ON · pos=flat · latido=1.50s
[RANGO] autosello BCH · ACECHANDO · Oz=0.0 link=— · manos_feria_informe.json
[RANGO] BCHUSDT_LINEAL last=245.93 · río=WS · mercado=linear · estado=ACECHANDO · dir=— · 0=245.5 · Oz=— · Red=— · manos=ON · pos=flat · latido=1.50s
[RANGO] autosello BCH · ACECHANDO · Oz=0.0 link=— · manos_feria_informe.json
[RANGO] BCHUSDT_LINEAL last=246.0 · río=WS · mercado=linear · estado=ACECHANDO · dir=— · 0=245.5 · Oz=— · Red=— · manos=ON · pos=flat · latido=1.50s
[RANGO] BCHUSDT_LINEAL last=246.0 · río=WS · mercado=linear · estado=ACECHANDO · dir=— · 0=245.5 · Oz=— · Red=— · manos=ON · pos=flat · latido=1.50s
[RANGO] autosello BCH · ACECHANDO · Oz=0.0 link=— · manos_feria_informe.json
[RANGO] BCHUSDT_LINEAL last=245.9 · río=WS · mercado=linear · estado=ACECHANDO · dir=— · 0=245.5 · Oz=— · Red=— · manos=ON · pos=flat · latido=1.50s
[RANGO] autosello BCH · ACECHANDO · Oz=0.0 link=— · manos_feria_informe.json
[RANGO] BCHUSDT_LINEAL last=246.0 · río=WS · mercado=linear · estado=ACECHANDO · dir=— · 0=245.5 · Oz=— · Red=— · manos=ON · pos=flat · latido=1.50s
[2026-08-31 09:00:09] [TUSK] RECONCILIACIÓN: COTIUSDT_LINEAL: interno L:0.000000/S:0.000000 -> real L:1588.000000/S:0.000000
[2026-08-31 09:00:09] [TUSK] RECONCILIACIÓN_FANTASMA: PURRUSDT_LINEAL existe interno pero no en exchange -> reseteando
[2026-08-31 09:00:09] [TUSK] RECONCILIACIÓN_OK: 2 frentes alineados con exchange
[RANGO] BCHUSDT_LINEAL last=246.2 · río=WS · mercado=linear · estado=ACECHANDO · dir=— · 0=245.5 · Oz=— · Red=— · manos=ON · pos=flat · latido=1.50s
[RANGO] autosello BCH · ACECHANDO · Oz=0.0 link=— · manos_feria_informe.json
[RANGO] BCHUSDT_LINEAL last=246.1 · río=WS · mercado=linear · estado=ACECHANDO · dir=— · 0=245.5 · Oz=— · Red=— · manos=ON · pos=flat · latido=1.50s
[RANGO] autosello BCH · ACECHANDO · Oz=0.0 link=— · manos_feria_informe.json
[RANGO] BCHUSDT_LINEAL last=246.4 · río=WS · mercado=linear · estado=ACECHANDO · dir=— · 0=245.5 · Oz=— · Red=— · manos=ON · pos=flat · latido=1.50s
[RANGO] BCHUSDT_LINEAL last=246.1 · río=WS · mercado=linear · estado=ACECHANDO · dir=— · 0=245.5 · Oz=— · Red=— · manos=ON · pos=flat · latido=1.50s
[RANGO] autosello BCH · ACECHANDO · Oz=0.0 link=— · manos_feria_informe.json
[RANGO] BCHUSDT_LINEAL last=246.0 · río=WS · mercado=linear · estado=ACECHANDO · dir=— · 0=245.5 · Oz=— · Red=— · manos=ON · pos=flat · latido=1.50s
[RANGO] autosello BCH · ACECHANDO · Oz=0.0 link=— · manos_feria_informe.json
[RANGO] BCHUSDT_LINEAL last=246.16 · río=WS · mercado=linear · estado=ACECHANDO · dir=— · 0=245.5 · Oz=— · Red=— · manos=ON · pos=flat · latido=1.50s
[RANGO] BCHUSDT_LINEAL last=246.1 · río=WS · mercado=linear · estado=ACECHANDO · dir=— · 0=245.5 · Oz=— · Red=— · manos=ON · pos=flat · latido=1.50s
[RANGO] autosello BCH · ACECHANDO · Oz=0.0 link=— · manos_feria_informe.json
[RANGO] BCHUSDT_LINEAL last=246.1 · río=WS · mercado=linear · estado=ACECHANDO · dir=— · 0=245.5 · Oz=— · Red=— · manos=ON · pos=flat · latido=1.50s
[RANGO] autosello BCH · ACECHANDO · Oz=0.0 link=— · manos_feria_informe.json
[RANGO] BCHUSDT_LINEAL last=246.0 · río=WS · mercado=linear · estado=ACECHANDO · dir=— · 0=245.5 · Oz=— · Red=— · manos=ON · pos=flat · latido=1.50s
[RANGO] BCHUSDT_LINEAL last=246.1 · río=WS · mercado=linear · estado=ACECHANDO · dir=— · 0=245.5 · Oz=— · Red=— · manos=ON · pos=flat · latido=1.50s
[RANGO] autosello BCH · ACECHANDO · Oz=0.0 link=— · manos_feria_informe.json
[RANGO] BCHUSDT_LINEAL last=246.0 · río=WS · mercado=linear · estado=ACECHANDO · dir=— · 0=245.5 · Oz=— · Red=— · manos=ON · pos=flat · latido=1.50s
[RANGO] autosello BCH · ACECHANDO · Oz=0.0 link=— · manos_feria_informe.json
[RANGO] BCHUSDT_LINEAL last=246.0 · río=WS · mercado=linear · estado=ACECHANDO · dir=— · 0=245.5 · Oz=— · Red=— · manos=ON · pos=flat · latido=1.50s
[RANGO] BCHUSDT_LINEAL last=245.7 · río=WS · mercado=linear · estado=ACECHANDO · dir=— · 0=245.5 · Oz=— · Red=— · manos=ON · pos=flat · latido=1.50s
[RANGO] autosello BCH · ACECHANDO · Oz=0.0 link=— · manos_feria_informe.json
[RANGO] BCHUSDT_LINEAL last=245.82 · río=WS · mercado=linear · estado=ACECHANDO · dir=— · 0=245.5 · Oz=— · Red=— · manos=ON · pos=flat · latido=1.50s
[RANGO] autosello BCH · ACECHANDO · Oz=0.0 link=— · manos_feria_informe.json
[RANGO] BCHUSDT_LINEAL last=245.6 · río=WS · mercado=linear · estado=ACECHANDO · dir=— · 0=245.5 · Oz=— · Red=— · manos=ON · pos=flat · latido=1.50s
[RANGO] BCHUSDT_LINEAL last=245.7 · río=WS · mercado=linear · estado=ACECHANDO · dir=— · 0=245.5 · Oz=— · Red=— · manos=ON · pos=flat · latido=1.50s
[RANGO] autosello BCH · ACECHANDO · Oz=0.0 link=— · manos_feria_informe.json
[RANGO] BCHUSDT_LINEAL last=245.76 · río=WS · mercado=linear · estado=ACECHANDO · dir=— · 0=245.5 · Oz=— · Red=— · manos=ON · pos=flat · latido=1.50s
[RANGO] autosello BCH · ACECHANDO · Oz=0.0 link=— · manos_feria_informe.json
[RANGO] BCHUSDT_LINEAL last=245.7 · río=WS · mercado=linear · estado=ACECHANDO · dir=— · 0=245.5 · Oz=— · Red=— · manos=ON · pos=flat · latido=1.50s
[RANGO] BCHUSDT_LINEAL last=245.7 · río=WS · mercado=linear · estado=ACECHANDO · dir=— · 0=245.5 · Oz=— · Red=— · manos=ON · pos=flat · latido=1.50s
[RANGO] autosello BCH · ACECHANDO · Oz=0.0 link=— · manos_feria_informe.json
[RANGO] BCHUSDT_LINEAL last=245.7 · río=WS · mercado=linear · estado=ACECHANDO · dir=— · 0=245.5 · Oz=— · Red=— · manos=ON · pos=flat · latido=1.50s
[RANGO] autosello BCH · ACECHANDO · Oz=0.0 link=— · manos_feria_informe.json
[RANGO] BCHUSDT_LINEAL last=246.0 · río=WS · mercado=linear · estado=ACECHANDO · dir=— · 0=245.5 · Oz=— · Red=— · manos=ON · pos=flat · latido=1.50s
[RANGO] BCHUSDT_LINEAL last=246.1 · río=WS · mercado=linear · estado=ACECHANDO · dir=— · 0=245.5 · Oz=— · Red=— · manos=ON · pos=flat · latido=1.50s
[RANGO] autosello BCH · ACECHANDO · Oz=0.0 link=— · manos_feria_informe.json
[RANGO] BCHUSDT_LINEAL last=246.3 · río=WS · mercado=linear · estado=ACECHANDO · dir=— · 0=245.5 · Oz=— · Red=— · manos=ON · pos=flat · latido=1.50s
[RANGO] autosello BCH · ACECHANDO · Oz=0.0 link=— · manos_feria_informe.json
[RANGO] BCHUSDT_LINEAL last=246.2 · río=WS · mercado=linear · estado=ACECHANDO · dir=— · 0=245.5 · Oz=— · Red=— · manos=ON · pos=flat · latido=1.50s
[2026-08-31 09:04:14] [TUSK] RECONCILIACIÓN: DASHUSDT_LINEAL: interno L:0.000000/S:0.000000 -> real L:0.000000/S:0.340000
[2026-08-31 09:04:14] [TUSK] RECONCILIACIÓN: INTWUSDT_LINEAL: interno L:0.000000/S:0.000000 -> real L:2.400000/S:0.000000
[2026-08-31 09:04:14] [TUSK] RECONCILIACIÓN_FANTASMA: KSMUSDT_LINEAL existe interno pero no en exchange -> reseteando
[2026-08-31 09:04:14] [TUSK] RECONCILIACIÓN_FANTASMA: CRCLUSDT_LINEAL existe interno pero no en exchange -> reseteando
[2026-08-31 09:04:14] [TUSK] RECONCILIACIÓN_OK: 4 frentes alineados con exchange
[RANGO] BCHUSDT_LINEAL last=246.2 · río=WS · mercado=linear · estado=ACECHANDO · dir=— · 0=245.5 · Oz=— · Red=— · manos=ON · pos=flat · latido=1.50s
[RANGO] autosello BCH · ACECHANDO · Oz=0.0 link=— · manos_feria_informe.json
[RANGO] BCHUSDT_LINEAL last=246.1 · río=WS · mercado=linear · estado=ACECHANDO · dir=— · 0=245.5 · Oz=— · Red=— · manos=ON · pos=flat · latido=1.50s
[RANGO] autosello BCH · ACECHANDO · Oz=0.0 link=— · manos_feria_informe.json
[RANGO] BCHUSDT_LINEAL last=246.1 · río=WS · mercado=linear · estado=ACECHANDO · dir=— · 0=245.5 · Oz=— · Red=— · manos=ON · pos=flat · latido=1.50s
[RANGO] BCHUSDT_LINEAL last=246.2 · río=WS · mercado=linear · estado=ACECHANDO · dir=— · 0=245.5 · Oz=— · Red=— · manos=ON · pos=flat · latido=1.50s
[RANGO] autosello BCH · ACECHANDO · Oz=0.0 link=— · manos_feria_informe.json
[RANGO] BCHUSDT_LINEAL last=246.1 · río=WS · mercado=linear · estado=ACECHANDO · dir=— · 0=245.5 · Oz=— · Red=— · manos=ON · pos=flat · latido=1.50s
[RANGO] autosello BCH · ACECHANDO · Oz=0.0 link=— · manos_feria_informe.json
[RANGO] BCHUSDT_LINEAL last=246.2 · río=WS · mercado=linear · estado=ACECHANDO · dir=— · 0=245.5 · Oz=— · Red=— · manos=ON · pos=flat · latido=1.50s
[2026-08-31 09:05:15] [TUSK] RECONCILIACIÓN: AAOIUSDT_LINEAL: interno L:0.000000/S:0.000000 -> real L:0.480000/S:0.000000
[2026-08-31 09:05:15] [TUSK] RECONCILIACIÓN: BSPUSDT_LINEAL: interno L:0.440000/S:0.000000 -> real L:0.560000/S:0.000000
[2026-08-31 09:05:15] [TUSK] RECONCILIACIÓN: CRCLUSDT_LINEAL: interno L:0.000000/S:0.000000 -> real L:0.350000/S:0.000000
[2026-08-31 09:05:15] [TUSK] RECONCILIACIÓN_FANTASMA: APRUSDT_LINEAL existe interno pero no en exchange -> reseteando
[2026-08-31 09:05:15] [TUSK] RECONCILIACIÓN_FANTASMA: ZKPUSDT_LINEAL existe interno pero no en exchange -> reseteando
[2026-08-31 09:05:15] [TUSK] RECONCILIACIÓN_OK: 5 frentes alineados con exchange
[RANGO] BCHUSDT_LINEAL last=246.0 · río=WS · mercado=linear · estado=ACECHANDO · dir=— · 0=245.5 · Oz=— · Red=— · manos=ON · pos=flat · latido=1.50s
[RANGO] autosello BCH · ACECHANDO · Oz=0.0 link=— · manos_feria_informe.json
[RANGO] BCHUSDT_LINEAL last=246.0 · río=WS · mercado=linear · estado=ACECHANDO · dir=— · 0=245.5 · Oz=— · Red=— · manos=ON · pos=flat · latido=1.50s
[RANGO] autosello BCH · ACECHANDO · Oz=0.0 link=— · manos_feria_informe.json
[RANGO] BCHUSDT_LINEAL last=246.06 · río=WS · mercado=linear · estado=ACECHANDO · dir=— · 0=245.5 · Oz=— · Red=— · manos=ON · pos=flat · latido=1.50s
[RANGO] BCHUSDT_LINEAL last=245.9 · río=WS · mercado=linear · estado=ACECHANDO · dir=— · 0=245.5 · Oz=— · Red=— · manos=ON · pos=flat · latido=1.50s
[RANGO] autosello BCH · ACECHANDO · Oz=0.0 link=— · manos_feria_informe.json
[RANGO] BCHUSDT_LINEAL last=245.8 · río=WS · mercado=linear · estado=ACECHANDO · dir=— · 0=245.5 · Oz=— · Red=— · manos=ON · pos=flat · latido=1.50s
[RANGO] autosello BCH · ACECHANDO · Oz=0.0 link=— · manos_feria_informe.json
[RANGO] BCHUSDT_LINEAL last=245.8 · río=WS · mercado=linear · estado=ACECHANDO · dir=— · 0=245.5 · Oz=— · Red=— · manos=ON · pos=flat · latido=1.50s
[RANGO] BCHUSDT_LINEAL last=245.9 · río=WS · mercado=linear · estado=ACECHANDO · dir=— · 0=245.5 · Oz=— · Red=— · manos=ON · pos=flat · latido=1.50s
[RANGO] autosello BCH · ACECHANDO · Oz=0.0 link=— · manos_feria_informe.json
[RANGO] BCHUSDT_LINEAL last=245.9 · río=WS · mercado=linear · estado=ACECHANDO · dir=— · 0=245.5 · Oz=— · Red=— · manos=ON · pos=flat · latido=1.50s
[RANGO] autosello BCH · ACECHANDO · Oz=0.0 link=— · manos_feria_informe.json
[RANGO] BCHUSDT_LINEAL last=246.0 · río=WS · mercado=linear · estado=ACECHANDO · dir=— · 0=245.5 · Oz=— · Red=— · manos=ON · pos=flat · latido=1.50s
[RANGO] BCHUSDT_LINEAL last=246.1 · río=WS · mercado=linear · estado=ACECHANDO · dir=— · 0=245.5 · Oz=— · Red=— · manos=ON · pos=flat · latido=1.50s
[RANGO] autosello BCH · ACECHANDO · Oz=0.0 link=— · manos_feria_informe.json
[RANGO] BCHUSDT_LINEAL last=246.3 · río=WS · mercado=linear · estado=ACECHANDO · dir=— · 0=245.5 · Oz=— · Red=— · manos=ON · pos=flat · latido=1.50s
[RANGO] autosello BCH · ACECHANDO · Oz=0.0 link=— · manos_feria_informe.json
[RANGO] BCHUSDT_LINEAL last=246.5 · río=WS · mercado=linear · estado=ACECHANDO · dir=— · 0=245.5 · Oz=— · Red=— · manos=ON · pos=flat · latido=1.50s
[2026-08-31 09:07:18] [TUSK] RECONCILIACIÓN: CRVUSDT_LINEAL: interno L:4.800000/S:0.000000 -> real L:0.000000/S:14.500000
[2026-08-31 09:07:18] [TUSK] RECONCILIACIÓN_OK: 1 frentes alineados con exchange
[RANGO] BCHUSDT_LINEAL last=246.4 · río=WS · mercado=linear · estado=ACECHANDO · dir=— · 0=245.5 · Oz=— · Red=— · manos=ON · pos=flat · latido=1.50s
[RANGO] autosello BCH · ACECHANDO · Oz=0.0 link=— · manos_feria_informe.json
[RANGO] BCHUSDT_LINEAL last=246.4 · río=WS · mercado=linear · estado=ACECHANDO · dir=— · 0=245.5 · Oz=— · Red=— · manos=ON · pos=flat · latido=1.50s
[RANGO] autosello BCH · ACECHANDO · Oz=0.0 link=— · manos_feria_informe.json
[RANGO] BCHUSDT_LINEAL last=246.2 · río=WS · mercado=linear · estado=ACECHANDO · dir=— · 0=245.5 · Oz=— · Red=— · manos=ON · pos=flat · latido=1.50s
[RANGO] BCHUSDT_LINEAL last=246.2 · río=WS · mercado=linear · estado=ACECHANDO · dir=— · 0=245.5 · Oz=— · Red=— · manos=ON · pos=flat · latido=1.50s
[RANGO] autosello BCH · ACECHANDO · Oz=0.0 link=— · manos_feria_informe.json
[RANGO] BCHUSDT_LINEAL last=246.3 · río=WS · mercado=linear · estado=ACECHANDO · dir=— · 0=245.5 · Oz=— · Red=— · manos=ON · pos=flat · latido=1.50s
[RANGO] autosello BCH · ACECHANDO · Oz=0.0 link=— · manos_feria_informe.json
[RANGO] BCHUSDT_LINEAL last=246.0 · río=WS · mercado=linear · estado=ACECHANDO · dir=— · 0=245.5 · Oz=— · Red=— · manos=ON · pos=flat · latido=1.50s
[2026-08-31 09:08:19] [TUSK] RECONCILIACIÓN: PLTRUSDT_LINEAL: interno L:0.000000/S:0.000000 -> real L:0.030000/S:0.000000
[2026-08-31 09:08:19] [TUSK] RECONCILIACIÓN_FANTASMA: POWERUSDT_LINEAL existe interno pero no en exchange -> reseteando
[2026-08-31 09:08:19] [TUSK] RECONCILIACIÓN_OK: 2 frentes alineados con exchange
[RANGO] BCHUSDT_LINEAL last=246.0 · río=WS · mercado=linear · estado=ACECHANDO · dir=— · 0=245.5 · Oz=— · Red=— · manos=ON · pos=flat · latido=1.50s
[RANGO] autosello BCH · ACECHANDO · Oz=0.0 link=— · manos_feria_informe.json
[RANGO] BCHUSDT_LINEAL last=246.1 · río=WS · mercado=linear · estado=ACECHANDO · dir=— · 0=245.5 · Oz=— · Red=— · manos=ON · pos=flat · latido=1.50s
[RANGO] autosello BCH · ACECHANDO · Oz=0.0 link=— · manos_feria_informe.json
[RANGO] BCHUSDT_LINEAL last=246.1 · río=WS · mercado=linear · estado=ACECHANDO · dir=— · 0=245.5 · Oz=— · Red=— · manos=ON · pos=flat · latido=1.50s
[RANGO] BCHUSDT_LINEAL last=246.3 · río=WS · mercado=linear · estado=ACECHANDO · dir=— · 0=245.5 · Oz=— · Red=— · manos=ON · pos=flat · latido=1.50s
[RANGO] autosello BCH · ACECHANDO · Oz=0.0 link=— · manos_feria_informe.json
[RANGO] BCHUSDT_LINEAL last=246.3 · río=WS · mercado=linear · estado=ACECHANDO · dir=— · 0=245.5 · Oz=— · Red=— · manos=ON · pos=flat · latido=1.50s
[RANGO] autosello BCH · ACECHANDO · Oz=0.0 link=— · manos_feria_informe.json
[RANGO] BCHUSDT_LINEAL last=246.3 · río=WS · mercado=linear · estado=ACECHANDO · dir=— · 0=245.5 · Oz=— · Red=— · manos=ON · pos=flat · latido=1.50s
[RANGO] BCHUSDT_LINEAL last=246.3 · río=WS · mercado=linear · estado=ACECHANDO · dir=— · 0=245.5 · Oz=— · Red=— · manos=ON · pos=flat · latido=1.50s
[RANGO] autosello BCH · ACECHANDO · Oz=0.0 link=— · manos_feria_informe.json
[2026-08-31 09:09:20] [TUSK] RECONCILIACIÓN: LITUSDT_LINEAL: interno L:0.000000/S:0.000000 -> real L:0.000000/S:22.200000
[2026-08-31 09:09:20] [TUSK] RECONCILIACIÓN_FANTASMA: CRDOUSDT_LINEAL existe interno pero no en exchange -> reseteando
[2026-08-31 09:09:20] [TUSK] RECONCILIACIÓN_OK: 2 frentes alineados con exchange
[RANGO] BCHUSDT_LINEAL last=246.3 · río=WS · mercado=linear · estado=ACECHANDO · dir=— · 0=245.5 · Oz=— · Red=— · manos=ON · pos=flat · latido=1.50s
[RANGO] autosello BCH · ACECHANDO · Oz=0.0 link=— · manos_feria_informe.json
[RANGO] BCHUSDT_LINEAL last=246.2 · río=WS · mercado=linear · estado=ACECHANDO · dir=— · 0=245.5 · Oz=— · Red=— · manos=ON · pos=flat · latido=1.50s
[RANGO] BCHUSDT_LINEAL last=246.6 · río=WS · mercado=linear · estado=ACECHANDO · dir=— · 0=245.5 · Oz=— · Red=— · manos=ON · pos=flat · latido=1.50s
[RANGO] autosello BCH · ACECHANDO · Oz=0.0 link=— · manos_feria_informe.json
[RANGO] BCHUSDT_LINEAL last=246.5 · río=WS · mercado=linear · estado=ACECHANDO · dir=— · 0=245.5 · Oz=— · Red=— · manos=ON · pos=flat · latido=1.50s
[RANGO] autosello BCH · ACECHANDO · Oz=0.0 link=— · manos_feria_informe.json
[RANGO] BCHUSDT_LINEAL last=246.4 · río=WS · mercado=linear · estado=ACECHANDO · dir=— · 0=245.5 · Oz=— · Red=— · manos=ON · pos=flat · latido=1.50s
[RANGO] BCHUSDT_LINEAL last=246.3 · río=WS · mercado=linear · estado=ACECHANDO · dir=— · 0=245.5 · Oz=— · Red=— · manos=ON · pos=flat · latido=1.50s
[RANGO] autosello BCH · ACECHANDO · Oz=0.0 link=— · manos_feria_informe.json
[2026-08-31 09:10:21] [TUSK] RECONCILIACIÓN: TRBUSDT_LINEAL: interno L:0.000000/S:0.000000 -> real L:5.240000/S:0.000000
[2026-08-31 09:10:21] [TUSK] RECONCILIACIÓN: APRUSDT_LINEAL: interno L:0.000000/S:0.000000 -> real L:73.000000/S:0.000000
[2026-08-31 09:10:21] [TUSK] RECONCILIACIÓN_FANTASMA: UNIUSDT_LINEAL existe interno pero no en exchange -> reseteando
[2026-08-31 09:10:21] [TUSK] RECONCILIACIÓN_FANTASMA: TSEMUSDT_LINEAL existe interno pero no en exchange -> reseteando
[2026-08-31 09:10:21] [TUSK] RECONCILIACIÓN_OK: 4 frentes alineados con exchange
[RANGO] BCHUSDT_LINEAL last=246.3 · río=WS · mercado=linear · estado=ACECHANDO · dir=— · 0=245.5 · Oz=— · Red=— · manos=ON · pos=flat · latido=1.50s
[RANGO] autosello BCH · ACECHANDO · Oz=0.0 link=— · manos_feria_informe.json
[RANGO] BCHUSDT_LINEAL last=246.3 · río=WS · mercado=linear · estado=ACECHANDO · dir=— · 0=245.5 · Oz=— · Red=— · manos=ON · pos=flat · latido=1.50s
[RANGO] BCHUSDT_LINEAL last=246.3 · río=WS · mercado=linear · estado=ACECHANDO · dir=— · 0=245.5 · Oz=— · Red=— · manos=ON · pos=flat · latido=1.50s
[RANGO] autosello BCH · ACECHANDO · Oz=0.0 link=— · manos_feria_informe.json
[RANGO] BCHUSDT_LINEAL last=246.3 · río=WS · mercado=linear · estado=ACECHANDO · dir=— · 0=245.5 · Oz=— · Red=— · manos=ON · pos=flat · latido=1.50s
[RANGO] autosello BCH · ACECHANDO · Oz=0.0 link=— · manos_feria_informe.json
[RANGO] BCHUSDT_LINEAL last=246.4 · río=WS · mercado=linear · estado=ACECHANDO · dir=— · 0=245.5 · Oz=— · Red=— · manos=ON · pos=flat · latido=1.50s
[RANGO] BCHUSDT_LINEAL last=246.1 · río=WS · mercado=linear · estado=ACECHANDO · dir=— · 0=245.5 · Oz=— · Red=— · manos=ON · pos=flat · latido=1.50s
[RANGO] autosello BCH · ACECHANDO · Oz=0.0 link=— · manos_feria_informe.json
[2026-08-31 09:11:22] [TUSK] RECONCILIACIÓN: SOXLUSDT_LINEAL: interno L:0.000000/S:0.000000 -> real L:0.180000/S:0.000000
[2026-08-31 09:11:22] [TUSK] RECONCILIACIÓN_FANTASMA: FLNCUSDT_LINEAL existe interno pero no en exchange -> reseteando
[2026-08-31 09:11:22] [TUSK] RECONCILIACIÓN_OK: 2 frentes alineados con exchange
[RANGO] BCHUSDT_LINEAL last=245.9 · río=WS · mercado=linear · estado=ACECHANDO · dir=— · 0=245.5 · Oz=— · Red=— · manos=ON · pos=flat · latido=1.50s
[RANGO] autosello BCH · ACECHANDO · Oz=0.0 link=— · manos_feria_informe.json
[RANGO] BCHUSDT_LINEAL last=246.0 · río=WS · mercado=linear · estado=ACECHANDO · dir=— · 0=245.5 · Oz=— · Red=— · manos=ON · pos=flat · latido=1.50s
[RANGO] BCHUSDT_LINEAL last=245.8 · río=WS · mercado=linear · estado=ACECHANDO · dir=— · 0=245.5 · Oz=— · Red=— · manos=ON · pos=flat · latido=1.50s
[RANGO] autosello BCH · ACECHANDO · Oz=0.0 link=— · manos_feria_informe.json
[RANGO] BCHUSDT_LINEAL last=245.7 · río=WS · mercado=linear · estado=ACECHANDO · dir=— · 0=245.5 · Oz=— · Red=— · manos=ON · pos=flat · latido=1.50s
[RANGO] autosello BCH · ACECHANDO · Oz=0.0 link=— · manos_feria_informe.json
[RANGO] BCHUSDT_LINEAL last=245.7 · río=WS · mercado=linear · estado=ACECHANDO · dir=— · 0=245.5 · Oz=— · Red=— · manos=ON · pos=flat · latido=1.50s
[RANGO] BCHUSDT_LINEAL last=245.8 · río=WS · mercado=linear · estado=ACECHANDO · dir=— · 0=245.5 · Oz=— · Red=— · manos=ON · pos=flat · latido=1.50s
[RANGO] autosello BCH · ACECHANDO · Oz=0.0 link=— · manos_feria_informe.json
[2026-08-31 09:12:24] [TUSK] RECONCILIACIÓN: AEHRUSDT_LINEAL: interno L:0.000000/S:0.000000 -> real L:0.230000/S:0.000000
[2026-08-31 09:12:24] [TUSK] RECONCILIACIÓN: KSMUSDT_LINEAL: interno L:0.000000/S:0.000000 -> real L:13.470000/S:0.000000
[2026-08-31 09:12:24] [TUSK] RECONCILIACIÓN_FANTASMA: NILUSDT_LINEAL existe interno pero no en exchange -> reseteando
[2026-08-31 09:12:24] [TUSK] RECONCILIACIÓN_FANTASMA: MORPHOUSDT_LINEAL existe interno pero no en exchange -> reseteando
[2026-08-31 09:12:24] [TUSK] RECONCILIACIÓN_OK: 4 frentes alineados con exchange
[RANGO] BCHUSDT_LINEAL last=245.66 · río=WS · mercado=linear · estado=ACECHANDO · dir=— · 0=245.5 · Oz=— · Red=— · manos=ON · pos=flat · latido=1.50s
[RANGO] autosello BCH · ACECHANDO · Oz=0.0 link=— · manos_feria_informe.json
[RANGO] BCHUSDT_LINEAL last=245.8 · río=WS · mercado=linear · estado=ACECHANDO · dir=— · 0=245.5 · Oz=— · Red=— · manos=ON · pos=flat · latido=1.50s
[RANGO] BCHUSDT_LINEAL last=245.7 · río=WS · mercado=linear · estado=ACECHANDO · dir=— · 0=245.5 · Oz=— · Red=— · manos=ON · pos=flat · latido=1.50s
[RANGO] autosello BCH · ACECHANDO · Oz=0.0 link=— · manos_feria_informe.json
[RANGO] BCHUSDT_LINEAL last=245.7 · río=WS · mercado=linear · estado=ACECHANDO · dir=— · 0=245.5 · Oz=— · Red=— · manos=ON · pos=flat · latido=1.50s
[RANGO] autosello BCH · ACECHANDO · Oz=0.0 link=— · manos_feria_informe.json
[RANGO] BCHUSDT_LINEAL last=245.8 · río=WS · mercado=linear · estado=ACECHANDO · dir=— · 0=245.5 · Oz=— · Red=— · manos=ON · pos=flat · latido=1.50s
[RANGO] BCHUSDT_LINEAL last=245.61 · río=WS · mercado=linear · estado=ACECHANDO · dir=— · 0=245.5 · Oz=— · Red=— · manos=ON · pos=flat · latido=1.50s
[RANGO] autosello BCH · ACECHANDO · Oz=0.0 link=— · manos_feria_informe.json
[2026-08-31 09:13:25] [TUSK] RECONCILIACIÓN: POWERUSDT_LINEAL: interno L:0.000000/S:0.000000 -> real L:0.000000/S:173.000000
[2026-08-31 09:13:25] [TUSK] RECONCILIACIÓN: SOXSUSDT_LINEAL: interno L:0.000000/S:0.000000 -> real L:0.000000/S:0.450000
[2026-08-31 09:13:25] [TUSK] RECONCILIACIÓN_FANTASMA: SAMSUNGUSDT_LINEAL existe interno pero no en exchange -> reseteando
[2026-08-31 09:13:25] [TUSK] RECONCILIACIÓN_FANTASMA: NEARUSDT_LINEAL existe interno pero no en exchange -> reseteando
[2026-08-31 09:13:25] [TUSK] RECONCILIACIÓN_OK: 4 frentes alineados con exchange
[RANGO] BCHUSDT_LINEAL last=245.7 · río=WS · mercado=linear · estado=ACECHANDO · dir=— · 0=245.5 · Oz=— · Red=— · manos=ON · pos=flat · latido=1.50s
[RANGO] autosello BCH · ACECHANDO · Oz=0.0 link=— · manos_feria_informe.json
[RANGO] BCHUSDT_LINEAL last=245.7 · río=WS · mercado=linear · estado=ACECHANDO · dir=— · 0=245.5 · Oz=— · Red=— · manos=ON · pos=flat · latido=1.50s
[RANGO] BCHUSDT_LINEAL last=245.7 · río=WS · mercado=linear · estado=ACECHANDO · dir=— · 0=245.5 · Oz=— · Red=— · manos=ON · pos=flat · latido=1.50s
[RANGO] autosello BCH · ACECHANDO · Oz=0.0 link=— · manos_feria_informe.json
[RANGO] BCHUSDT_LINEAL last=245.6 · río=WS · mercado=linear · estado=ACECHANDO · dir=— · 0=245.5 · Oz=— · Red=— · manos=ON · pos=flat · latido=1.50s
[RANGO] autosello BCH · ACECHANDO · Oz=0.0 link=— · manos_feria_informe.json
[RANGO] BCHUSDT_LINEAL last=245.6 · río=WS · mercado=linear · estado=ACECHANDO · dir=— · 0=245.5 · Oz=— · Red=— · manos=ON · pos=flat · latido=1.50s
[RANGO] BCHUSDT_LINEAL last=245.5 · río=WS · mercado=linear · estado=ACECHANDO · dir=— · 0=245.5 · Oz=— · Red=— · manos=ON · pos=flat · latido=1.50s
[RANGO] autosello BCH · ACECHANDO · Oz=0.0 link=— · manos_feria_informe.json
[2026-08-31 09:14:27] [TUSK] RECONCILIACIÓN: KORUUSDT_LINEAL: interno L:0.000000/S:0.000000 -> real L:0.000000/S:4.870000
[2026-08-31 09:14:27] [TUSK] RECONCILIACIÓN: ARMUSDT_LINEAL: interno L:0.000000/S:0.000000 -> real L:0.450000/S:0.000000
[2026-08-31 09:14:27] [TUSK] RECONCILIACIÓN_FANTASMA: WDCUSDT_LINEAL existe interno pero no en exchange -> reseteando
[2026-08-31 09:14:27] [TUSK] RECONCILIACIÓN_FANTASMA: BLUAIUSDT_LINEAL existe interno pero no en exchange -> reseteando
[2026-08-31 09:14:27] [TUSK] RECONCILIACIÓN_OK: 4 frentes alineados con exchange
[RANGO] BCHUSDT_LINEAL last=245.6 · río=WS · mercado=linear · estado=ACECHANDO · dir=— · 0=245.5 · Oz=— · Red=— · manos=ON · pos=flat · latido=1.50s
[RANGO] autosello BCH · ACECHANDO · Oz=0.0 link=— · manos_feria_informe.json
[RANGO] BCHUSDT_LINEAL last=245.6 · río=WS · mercado=linear · estado=ACECHANDO · dir=— · 0=245.5 · Oz=— · Red=— · manos=ON · pos=flat · latido=1.50s
[RANGO] BCHUSDT_LINEAL last=245.6 · río=WS · mercado=linear · estado=ACECHANDO · dir=— · 0=245.5 · Oz=— · Red=— · manos=ON · pos=flat · latido=1.50s
[RANGO] autosello BCH · ACECHANDO · Oz=0.0 link=— · manos_feria_informe.json
[RANGO] BCHUSDT_LINEAL last=245.6 · río=WS · mercado=linear · estado=ACECHANDO · dir=— · 0=245.5 · Oz=— · Red=— · manos=ON · pos=flat · latido=1.50s
[RANGO] autosello BCH · ACECHANDO · Oz=0.0 link=— · manos_feria_informe.json
[RANGO] BCHUSDT_LINEAL last=245.6 · río=WS · mercado=linear · estado=ACECHANDO · dir=— · 0=245.5 · Oz=— · Red=— · manos=ON · pos=flat · latido=1.50s
[RANGO] BCHUSDT_LINEAL last=245.7 · río=WS · mercado=linear · estado=ACECHANDO · dir=— · 0=245.5 · Oz=— · Red=— · manos=ON · pos=flat · latido=1.50s
[RANGO] autosello BCH · ACECHANDO · Oz=0.0 link=— · manos_feria_informe.json
[RANGO] BCHUSDT_LINEAL last=245.6 · río=WS · mercado=linear · estado=ACECHANDO · dir=— · 0=245.5 · Oz=— · Red=— · manos=ON · pos=flat · latido=1.50s
[RANGO] autosello BCH · ACECHANDO · Oz=0.0 link=— · manos_feria_informe.json
[RANGO] BCHUSDT_LINEAL last=245.4 · río=WS · mercado=linear · estado=ACECHANDO · dir=— · 0=245.5 · Oz=— · Red=— · manos=ON · pos=flat · latido=1.50s
[RANGO] BCHUSDT_LINEAL last=245.45 · río=WS · mercado=linear · estado=ACECHANDO · dir=— · 0=245.5 · Oz=— · Red=— · manos=ON · pos=flat · latido=1.50s
[RANGO] autosello BCH · ACECHANDO · Oz=0.0 link=— · manos_feria_informe.json
[RANGO] BCHUSDT_LINEAL last=245.5 · río=WS · mercado=linear · estado=ACECHANDO · dir=— · 0=245.5 · Oz=— · Red=— · manos=ON · pos=flat · latido=1.50s
[RANGO] autosello BCH · ACECHANDO · Oz=0.0 link=— · manos_feria_informe.json
[RANGO] BCHUSDT_LINEAL last=245.8 · río=WS · mercado=linear · estado=ACECHANDO · dir=— · 0=245.5 · Oz=— · Red=— · manos=ON · pos=flat · latido=1.50s
[RANGO] BCHUSDT_LINEAL last=245.7 · río=WS · mercado=linear · estado=ACECHANDO · dir=— · 0=245.5 · Oz=— · Red=— · manos=ON · pos=flat · latido=1.50s
[RANGO] autosello BCH · ACECHANDO · Oz=0.0 link=— · manos_feria_informe.json
[RANGO] BCHUSDT_LINEAL last=245.8 · río=WS · mercado=linear · estado=ACECHANDO · dir=— · 0=245.5 · Oz=— · Red=— · manos=ON · pos=flat · latido=1.50s
[RANGO] autosello BCH · ACECHANDO · Oz=0.0 link=— · manos_feria_informe.json
[RANGO] BCHUSDT_LINEAL last=245.8 · río=WS · mercado=linear · estado=ACECHANDO · dir=— · 0=245.5 · Oz=— · Red=— · manos=ON · pos=flat · latido=1.50s
[RANGO] BCHUSDT_LINEAL last=245.6 · río=WS · mercado=linear · estado=ACECHANDO · dir=— · 0=245.5 · Oz=— · Red=— · manos=ON · pos=flat · latido=1.50s
[RANGO] autosello BCH · ACECHANDO · Oz=0.0 link=— · manos_feria_informe.json
[RANGO] BCHUSDT_LINEAL last=245.7 · río=WS · mercado=linear · estado=ACECHANDO · dir=— · 0=245.5 · Oz=— · Red=— · manos=ON · pos=flat · latido=1.50s
[RANGO] autosello BCH · ACECHANDO · Oz=0.0 link=— · manos_feria_informe.json
[RANGO] BCHUSDT_LINEAL last=245.6 · río=WS · mercado=linear · estado=ACECHANDO · dir=— · 0=245.5 · Oz=— · Red=— · manos=ON · pos=flat · latido=1.50s
[RANGO] BCHUSDT_LINEAL last=245.6 · río=WS · mercado=linear · estado=ACECHANDO · dir=— · 0=245.5 · Oz=— · Red=— · manos=ON · pos=flat · latido=1.50s
[RANGO] autosello BCH · ACECHANDO · Oz=0.0 link=— · manos_feria_informe.json
[RANGO] BCHUSDT_LINEAL last=245.5 · río=WS · mercado=linear · estado=ACECHANDO · dir=— · 0=245.5 · Oz=— · Red=— · manos=ON · pos=flat · latido=1.50s
[2026-08-31 09:17:30] [TUSK] RECONCILIACIÓN: QNTXUSDT_LINEAL: interno L:0.000000/S:0.000000 -> real L:0.400000/S:0.000000
[2026-08-31 09:17:30] [TUSK] RECONCILIACIÓN: XANUSDT_LINEAL: interno L:0.000000/S:0.000000 -> real L:107.000000/S:0.000000
[2026-08-31 09:17:30] [TUSK] RECONCILIACIÓN: POWERUSDT_LINEAL: interno L:0.000000/S:173.000000 -> real L:0.000000/S:232.000000
[2026-08-31 09:17:30] [TUSK] RECONCILIACIÓN: CRVUSDT_LINEAL: interno L:0.000000/S:14.500000 -> real L:0.000000/S:30.400000
[2026-08-31 09:17:30] [TUSK] RECONCILIACIÓN_FANTASMA: INTWUSDT_LINEAL existe interno pero no en exchange -> reseteando
[2026-08-31 09:17:30] [TUSK] RECONCILIACIÓN_FANTASMA: COTIUSDT_LINEAL existe interno pero no en exchange -> reseteando
[2026-08-31 09:17:30] [TUSK] RECONCILIACIÓN_OK: 6 frentes alineados con exchange
[RANGO] autosello BCH · ACECHANDO · Oz=0.0 link=— · manos_feria_informe.json
[RANGO] BCHUSDT_LINEAL last=245.6 · río=WS · mercado=linear · estado=ACECHANDO · dir=— · 0=245.5 · Oz=— · Red=— · manos=ON · pos=flat · latido=1.50s
[RANGO] BCHUSDT_LINEAL last=245.5 · río=WS · mercado=linear · estado=ACECHANDO · dir=— · 0=245.5 · Oz=— · Red=— · manos=ON · pos=flat · latido=1.50s
[RANGO] autosello BCH · ACECHANDO · Oz=0.0 link=— · manos_feria_informe.json
[RANGO] BCHUSDT_LINEAL last=245.6 · río=WS · mercado=linear · estado=ACECHANDO · dir=— · 0=245.5 · Oz=— · Red=— · manos=ON · pos=flat · latido=1.50s
[RANGO] autosello BCH · ACECHANDO · Oz=0.0 link=— · manos_feria_informe.json
[RANGO] BCHUSDT_LINEAL last=245.3 · río=WS · mercado=linear · estado=ACECHANDO · dir=— · 0=245.5 · Oz=— · Red=— · manos=ON · pos=flat · latido=1.50s
[RANGO] BCHUSDT_LINEAL last=245.3 · río=WS · mercado=linear · estado=ACECHANDO · dir=— · 0=245.5 · Oz=— · Red=— · manos=ON · pos=flat · latido=1.50s
[RANGO] autosello BCH · ACECHANDO · Oz=0.0 link=— · manos_feria_informe.json
[RANGO] BCHUSDT_LINEAL last=245.2 · río=WS · mercado=linear · estado=ACECHANDO · dir=— · 0=245.5 · Oz=— · Red=— · manos=ON · pos=flat · latido=1.50s
[2026-08-31 09:18:31] [TUSK] RECONCILIACIÓN: BROCCOLIUSDT_LINEAL: interno L:0.000000/S:0.000000 -> real L:3070.000000/S:0.000000
[2026-08-31 09:18:31] [TUSK] RECONCILIACIÓN_FANTASMA: DASHUSDT_LINEAL existe interno pero no en exchange -> reseteando
[2026-08-31 09:18:31] [TUSK] RECONCILIACIÓN_OK: 2 frentes alineados con exchange
[RANGO] autosello BCH · ACECHANDO · Oz=0.0 link=— · manos_feria_informe.json
[RANGO] BCHUSDT_LINEAL last=245.3 · río=WS · mercado=linear · estado=ACECHANDO · dir=— · 0=245.5 · Oz=— · Red=— · manos=ON · pos=flat · latido=1.50s
[RANGO] BCHUSDT_LINEAL last=245.2 · río=WS · mercado=linear · estado=ACECHANDO · dir=— · 0=245.5 · Oz=— · Red=— · manos=ON · pos=flat · latido=1.50s
[RANGO] autosello BCH · ACECHANDO · Oz=0.0 link=— · manos_feria_informe.json
[RANGO] BCHUSDT_LINEAL last=245.2 · río=WS · mercado=linear · estado=ACECHANDO · dir=— · 0=245.5 · Oz=— · Red=— · manos=ON · pos=flat · latido=1.50s
[RANGO] autosello BCH · ACECHANDO · Oz=0.0 link=— · manos_feria_informe.json
[RANGO] BCHUSDT_LINEAL last=245.23 · río=WS · mercado=linear · estado=ACECHANDO · dir=— · 0=245.5 · Oz=— · Red=— · manos=ON · pos=flat · latido=1.50s
[RANGO] BCHUSDT_LINEAL last=245.3 · río=WS · mercado=linear · estado=ACECHANDO · dir=— · 0=245.5 · Oz=— · Red=— · manos=ON · pos=flat · latido=1.50s
[RANGO] autosello BCH · ACECHANDO · Oz=0.0 link=— · manos_feria_informe.json
[RANGO] BCHUSDT_LINEAL last=245.3 · río=WS · mercado=linear · estado=ACECHANDO · dir=— · 0=245.5 · Oz=— · Red=— · manos=ON · pos=flat · latido=1.50s
[RANGO] autosello BCH · ACECHANDO · Oz=0.0 link=— · manos_feria_informe.json
[RANGO] BCHUSDT_LINEAL last=245.4 · río=WS · mercado=linear · estado=ACECHANDO · dir=— · 0=245.5 · Oz=— · Red=— · manos=ON · pos=flat · latido=1.50s
[RANGO] BCHUSDT_LINEAL last=245.4 · río=WS · mercado=linear · estado=ACECHANDO · dir=— · 0=245.5 · Oz=— · Red=— · manos=ON · pos=flat · latido=1.50s
[RANGO] autosello BCH · ACECHANDO · Oz=0.0 link=— · manos_feria_informe.json
[RANGO] BCHUSDT_LINEAL last=245.3 · río=WS · mercado=linear · estado=ACECHANDO · dir=— · 0=245.5 · Oz=— · Red=— · manos=ON · pos=flat · latido=1.50s
[RANGO] autosello BCH · ACECHANDO · Oz=0.0 link=— · manos_feria_informe.json
[RANGO] BCHUSDT_LINEAL last=245.3 · río=WS · mercado=linear · estado=ACECHANDO · dir=— · 0=245.5 · Oz=— · Red=— · manos=ON · pos=flat · latido=1.50s
[RANGO] BCHUSDT_LINEAL last=245.3 · río=WS · mercado=linear · estado=ACECHANDO · dir=— · 0=245.5 · Oz=— · Red=— · manos=ON · pos=flat · latido=1.50s
[RANGO] autosello BCH · ACECHANDO · Oz=0.0 link=— · manos_feria_informe.json
[RANGO] BCHUSDT_LINEAL last=245.4 · río=WS · mercado=linear · estado=ACECHANDO · dir=— · 0=245.5 · Oz=— · Red=— · manos=ON · pos=flat · latido=1.50s
[2026-08-31 09:20:34] [TUSK] RECONCILIACIÓN: MUBARAKUSDT_LINEAL: interno L:0.000000/S:0.000000 -> real L:9963.000000/S:0.000000
[2026-08-31 09:20:34] [TUSK] RECONCILIACIÓN_FANTASMA: CRCLUSDT_LINEAL existe interno pero no en exchange -> reseteando
[2026-08-31 09:20:34] [TUSK] RECONCILIACIÓN_OK: 2 frentes alineados con exchange
[RANGO] autosello BCH · ACECHANDO · Oz=0.0 link=— · manos_feria_informe.json
[RANGO] BCHUSDT_LINEAL last=245.2 · río=WS · mercado=linear · estado=ACECHANDO · dir=— · 0=245.5 · Oz=— · Red=— · manos=ON · pos=flat · latido=1.50s
[RANGO] BCHUSDT_LINEAL last=245.3 · río=WS · mercado=linear · estado=ACECHANDO · dir=— · 0=245.5 · Oz=— · Red=— · manos=ON · pos=flat · latido=1.50s
[RANGO] autosello BCH · ACECHANDO · Oz=0.0 link=— · manos_feria_informe.json
[RANGO] BCHUSDT_LINEAL last=245.6 · río=WS · mercado=linear · estado=ACECHANDO · dir=— · 0=245.5 · Oz=— · Red=— · manos=ON · pos=flat · latido=1.50s
[RANGO] autosello BCH · ACECHANDO · Oz=0.0 link=— · manos_feria_informe.json
[RANGO] BCHUSDT_LINEAL last=245.4 · río=WS · mercado=linear · estado=ACECHANDO · dir=— · 0=245.5 · Oz=— · Red=— · manos=ON · pos=flat · latido=1.50s
[RANGO] BCHUSDT_LINEAL last=245.5 · río=WS · mercado=linear · estado=ACECHANDO · dir=— · 0=245.5 · Oz=— · Red=— · manos=ON · pos=flat · latido=1.50s
[RANGO] autosello BCH · ACECHANDO · Oz=0.0 link=— · manos_feria_informe.json
[RANGO] BCHUSDT_LINEAL last=245.4 · río=WS · mercado=linear · estado=ACECHANDO · dir=— · 0=245.5 · Oz=— · Red=— · manos=ON · pos=flat · latido=1.50s
[RANGO] autosello BCH · ACECHANDO · Oz=0.0 link=— · manos_feria_informe.json
[RANGO] BCHUSDT_LINEAL last=245.6 · río=WS · mercado=linear · estado=ACECHANDO · dir=— · 0=245.5 · Oz=— · Red=— · manos=ON · pos=flat · latido=1.50s
[RANGO] BCHUSDT_LINEAL last=245.8 · río=WS · mercado=linear · estado=ACECHANDO · dir=— · 0=245.5 · Oz=— · Red=— · manos=ON · pos=flat · latido=1.50s
[RANGO] autosello BCH · ACECHANDO · Oz=0.0 link=— · manos_feria_informe.json
[RANGO] BCHUSDT_LINEAL last=245.8 · río=WS · mercado=linear · estado=ACECHANDO · dir=— · 0=245.5 · Oz=— · Red=— · manos=ON · pos=flat · latido=1.50s
[RANGO] autosello BCH · ACECHANDO · Oz=0.0 link=— · manos_feria_informe.json
[RANGO] BCHUSDT_LINEAL last=245.8 · río=WS · mercado=linear · estado=ACECHANDO · dir=— · 0=245.5 · Oz=— · Red=— · manos=ON · pos=flat · latido=1.50s
[RANGO] BCHUSDT_LINEAL last=245.7 · río=WS · mercado=linear · estado=ACECHANDO · dir=— · 0=245.5 · Oz=— · Red=— · manos=ON · pos=flat · latido=1.50s
[RANGO] autosello BCH · ACECHANDO · Oz=0.0 link=— · manos_feria_informe.json
[RANGO] BCHUSDT_LINEAL last=245.7 · río=WS · mercado=linear · estado=ACECHANDO · dir=— · 0=245.5 · Oz=— · Red=— · manos=ON · pos=flat · latido=1.50s
[RANGO] autosello BCH · ACECHANDO · Oz=0.0 link=— · manos_feria_informe.json
[2026-08-31 09:22:37] [TUSK] RECONCILIACIÓN: LITUSDT_LINEAL: interno L:0.000000/S:22.200000 -> real L:0.000000/S:23.600000
[2026-08-31 09:22:37] [TUSK] RECONCILIACIÓN: SNXXUSDT_LINEAL: interno L:0.000000/S:0.000000 -> real L:6.090000/S:0.000000
[2026-08-31 09:22:37] [TUSK] RECONCILIACIÓN_FANTASMA: BSPUSDT_LINEAL existe interno pero no en exchange -> reseteando
[2026-08-31 09:22:37] [TUSK] RECONCILIACIÓN_OK: 3 frentes alineados con exchange
[RANGO] BCHUSDT_LINEAL last=245.8 · río=WS · mercado=linear · estado=ACECHANDO · dir=— · 0=245.5 · Oz=— · Red=— · manos=ON · pos=flat · latido=1.50s
[RANGO] BCHUSDT_LINEAL last=245.8 · río=WS · mercado=linear · estado=ACECHANDO · dir=— · 0=245.5 · Oz=— · Red=— · manos=ON · pos=flat · latido=1.50s
[RANGO] autosello BCH · ACECHANDO · Oz=0.0 link=— · manos_feria_informe.json
[RANGO] BCHUSDT_LINEAL last=245.8 · río=WS · mercado=linear · estado=ACECHANDO · dir=— · 0=245.5 · Oz=— · Red=— · manos=ON · pos=flat · latido=1.50s
[RANGO] autosello BCH · ACECHANDO · Oz=0.0 link=— · manos_feria_informe.json
[RANGO] BCHUSDT_LINEAL last=245.9 · río=WS · mercado=linear · estado=ACECHANDO · dir=— · 0=245.5 · Oz=— · Red=— · manos=ON · pos=flat · latido=1.50s
[RANGO] BCHUSDT_LINEAL last=245.9 · río=WS · mercado=linear · estado=ACECHANDO · dir=— · 0=245.5 · Oz=— · Red=— · manos=ON · pos=flat · latido=1.50s
[RANGO] autosello BCH · ACECHANDO · Oz=0.0 link=— · manos_feria_informe.json
[RANGO] BCHUSDT_LINEAL last=245.8 · río=WS · mercado=linear · estado=ACECHANDO · dir=— · 0=245.5 · Oz=— · Red=— · manos=ON · pos=flat · latido=1.50s
[RANGO] autosello BCH · ACECHANDO · Oz=0.0 link=— · manos_feria_informe.json
[2026-08-31 09:23:38] [TUSK] RECONCILIACIÓN: POWERUSDT_LINEAL: interno L:0.000000/S:232.000000 -> real L:0.000000/S:290.000000
[2026-08-31 09:23:38] [TUSK] RECONCILIACIÓN: CHIPUSDT_LINEAL: interno L:0.000000/S:0.000000 -> real L:390.000000/S:0.000000
[2026-08-31 09:23:38] [TUSK] RECONCILIACIÓN_FANTASMA: AAOIUSDT_LINEAL existe interno pero no en exchange -> reseteando
[2026-08-31 09:23:38] [TUSK] RECONCILIACIÓN_OK: 3 frentes alineados con exchange
[RANGO] BCHUSDT_LINEAL last=245.8 · río=WS · mercado=linear · estado=ACECHANDO · dir=— · 0=245.5 · Oz=— · Red=— · manos=ON · pos=flat · latido=1.50s
[RANGO] BCHUSDT_LINEAL last=245.7 · río=WS · mercado=linear · estado=ACECHANDO · dir=— · 0=245.5 · Oz=— · Red=— · manos=ON · pos=flat · latido=1.50s
[RANGO] autosello BCH · ACECHANDO · Oz=0.0 link=— · manos_feria_informe.json
[RANGO] BCHUSDT_LINEAL last=245.7 · río=WS · mercado=linear · estado=ACECHANDO · dir=— · 0=245.5 · Oz=— · Red=— · manos=ON · pos=flat · latido=1.50s
[RANGO] autosello BCH · ACECHANDO · Oz=0.0 link=— · manos_feria_informe.json
[RANGO] BCHUSDT_LINEAL last=245.7 · río=WS · mercado=linear · estado=ACECHANDO · dir=— · 0=245.5 · Oz=— · Red=— · manos=ON · pos=flat · latido=1.50s
[RANGO] autosello BCH · ACECHANDO · Oz=0.0 link=— · manos_feria_informe.json
[RANGO] BCHUSDT_LINEAL last=245.81 · río=WS · mercado=linear · estado=ACECHANDO · dir=— · 0=245.5 · Oz=— · Red=— · manos=ON · pos=flat · latido=1.50s
[RANGO] BCHUSDT_LINEAL last=245.8 · río=WS · mercado=linear · estado=ACECHANDO · dir=— · 0=245.5 · Oz=— · Red=— · manos=ON · pos=flat · latido=1.50s
[RANGO] autosello BCH · ACECHANDO · Oz=0.0 link=— · manos_feria_informe.json
[RANGO] BCHUSDT_LINEAL last=245.9 · río=WS · mercado=linear · estado=ACECHANDO · dir=— · 0=245.5 · Oz=— · Red=— · manos=ON · pos=flat · latido=1.50s
[RANGO] autosello BCH · ACECHANDO · Oz=0.0 link=— · manos_feria_informe.json
[RANGO] BCHUSDT_LINEAL last=245.9 · río=WS · mercado=linear · estado=ACECHANDO · dir=— · 0=245.5 · Oz=— · Red=— · manos=ON · pos=flat · latido=1.50s
[RANGO] BCHUSDT_LINEAL last=245.8 · río=WS · mercado=linear · estado=ACECHANDO · dir=— · 0=245.5 · Oz=— · Red=— · manos=ON · pos=flat · latido=1.50s
[RANGO] autosello BCH · ACECHANDO · Oz=0.0 link=— · manos_feria_informe.json
[RANGO] BCHUSDT_LINEAL last=246.0 · río=WS · mercado=linear · estado=ACECHANDO · dir=— · 0=245.5 · Oz=— · Red=— · manos=ON · pos=flat · latido=1.50s
[RANGO] autosello BCH · ACECHANDO · Oz=0.0 link=— · manos_feria_informe.json
[RANGO] BCHUSDT_LINEAL last=245.87 · río=WS · mercado=linear · estado=ACECHANDO · dir=— · 0=245.5 · Oz=— · Red=— · manos=ON · pos=flat · latido=1.50s
[RANGO] BCHUSDT_LINEAL last=245.7 · río=WS · mercado=linear · estado=ACECHANDO · dir=— · 0=245.5 · Oz=— · Red=— · manos=ON · pos=flat · latido=1.50s
[RANGO] autosello BCH · ACECHANDO · Oz=0.0 link=— · manos_feria_informe.json
[RANGO] BCHUSDT_LINEAL last=245.7 · río=WS · mercado=linear · estado=ACECHANDO · dir=— · 0=245.5 · Oz=— · Red=— · manos=ON · pos=flat · latido=1.50s
[RANGO] autosello BCH · ACECHANDO · Oz=0.0 link=— · manos_feria_informe.json
[RANGO] BCHUSDT_LINEAL last=245.7 · río=WS · mercado=linear · estado=ACECHANDO · dir=— · 0=245.5 · Oz=— · Red=— · manos=ON · pos=flat · latido=1.50s
[RANGO] BCHUSDT_LINEAL last=245.7 · río=WS · mercado=linear · estado=ACECHANDO · dir=— · 0=245.5 · Oz=— · Red=— · manos=ON · pos=flat · latido=1.50s
[RANGO] autosello BCH · ACECHANDO · Oz=0.0 link=— · manos_feria_informe.json
[RANGO] BCHUSDT_LINEAL last=245.7 · río=WS · mercado=linear · estado=ACECHANDO · dir=— · 0=245.5 · Oz=— · Red=— · manos=ON · pos=flat · latido=1.50s
[RANGO] autosello BCH · ACECHANDO · Oz=0.0 link=— · manos_feria_informe.json
[RANGO] BCHUSDT_LINEAL last=245.6 · río=WS · mercado=linear · estado=ACECHANDO · dir=— · 0=245.5 · Oz=— · Red=— · manos=ON · pos=flat · latido=1.50s
[RANGO] BCHUSDT_LINEAL last=245.7 · río=WS · mercado=linear · estado=ACECHANDO · dir=— · 0=245.5 · Oz=— · Red=— · manos=ON · pos=flat · latido=1.50s
[RANGO] autosello BCH · ACECHANDO · Oz=0.0 link=— · manos_feria_informe.json
[RANGO] BCHUSDT_LINEAL last=245.74 · río=WS · mercado=linear · estado=ACECHANDO · dir=— · 0=245.5 · Oz=— · Red=— · manos=ON · pos=flat · latido=1.50s
[2026-08-31 09:26:42] [TUSK] RECONCILIACIÓN: ZKPUSDT_LINEAL: interno L:0.000000/S:0.000000 -> real L:1496.000000/S:0.000000
[2026-08-31 09:26:42] [TUSK] RECONCILIACIÓN: AXTIUSDT_LINEAL: interno L:0.000000/S:0.000000 -> real L:1.600000/S:0.000000
[2026-08-31 09:26:42] [TUSK] RECONCILIACIÓN: NILUSDT_LINEAL: interno L:0.000000/S:0.000000 -> real L:126.000000/S:0.000000
[2026-08-31 09:26:42] [TUSK] RECONCILIACIÓN_FANTASMA: BIOUSDT_LINEAL existe interno pero no en exchange -> reseteando
[2026-08-31 09:26:42] [TUSK] RECONCILIACIÓN_FANTASMA: TRBUSDT_LINEAL existe interno pero no en exchange -> reseteando
[2026-08-31 09:26:42] [TUSK] RECONCILIACIÓN_FANTASMA: SOXLUSDT_LINEAL existe interno pero no en exchange -> reseteando
[2026-08-31 09:26:42] [TUSK] RECONCILIACIÓN_OK: 6 frentes alineados con exchange
[RANGO] autosello BCH · ACECHANDO · Oz=0.0 link=— · manos_feria_informe.json
[RANGO] BCHUSDT_LINEAL last=245.72 · río=WS · mercado=linear · estado=ACECHANDO · dir=— · 0=245.5 · Oz=— · Red=— · manos=ON · pos=flat · latido=1.50s
[RANGO] BCHUSDT_LINEAL last=245.72 · río=WS · mercado=linear · estado=ACECHANDO · dir=— · 0=245.5 · Oz=— · Red=— · manos=ON · pos=flat · latido=1.50s
[RANGO] autosello BCH · ACECHANDO · Oz=0.0 link=— · manos_feria_informe.json
[RANGO] BCHUSDT_LINEAL last=245.6 · río=WS · mercado=linear · estado=ACECHANDO · dir=— · 0=245.5 · Oz=— · Red=— · manos=ON · pos=flat · latido=1.50s
[RANGO] autosello BCH · ACECHANDO · Oz=0.0 link=— · manos_feria_informe.json
[RANGO] BCHUSDT_LINEAL last=245.8 · río=WS · mercado=linear · estado=ACECHANDO · dir=— · 0=245.5 · Oz=— · Red=— · manos=ON · pos=flat · latido=1.50s
[RANGO] BCHUSDT_LINEAL last=245.9 · río=WS · mercado=linear · estado=ACECHANDO · dir=— · 0=245.5 · Oz=— · Red=— · manos=ON · pos=flat · latido=1.50s
[RANGO] autosello BCH · ACECHANDO · Oz=0.0 link=— · manos_feria_informe.json
[RANGO] BCHUSDT_LINEAL last=245.8 · río=WS · mercado=linear · estado=ACECHANDO · dir=— · 0=245.5 · Oz=— · Red=— · manos=ON · pos=flat · latido=1.50s
[RANGO] autosello BCH · ACECHANDO · Oz=0.0 link=— · manos_feria_informe.json
[RANGO] BCHUSDT_LINEAL last=245.8 · río=WS · mercado=linear · estado=ACECHANDO · dir=— · 0=245.5 · Oz=— · Red=— · manos=ON · pos=flat · latido=1.50s
[RANGO] BCHUSDT_LINEAL last=245.8 · río=WS · mercado=linear · estado=ACECHANDO · dir=— · 0=245.5 · Oz=— · Red=— · manos=ON · pos=flat · latido=1.50s
[RANGO] autosello BCH · ACECHANDO · Oz=0.0 link=— · manos_feria_informe.json
[RANGO] BCHUSDT_LINEAL last=245.8 · río=WS · mercado=linear · estado=ACECHANDO · dir=— · 0=245.5 · Oz=— · Red=— · manos=ON · pos=flat · latido=1.50s
[RANGO] autosello BCH · ACECHANDO · Oz=0.0 link=— · manos_feria_informe.json
[RANGO] BCHUSDT_LINEAL last=245.9 · río=WS · mercado=linear · estado=ACECHANDO · dir=— · 0=245.5 · Oz=— · Red=— · manos=ON · pos=flat · latido=1.50s
[RANGO] BCHUSDT_LINEAL last=246.0 · río=WS · mercado=linear · estado=ACECHANDO · dir=— · 0=245.5 · Oz=— · Red=— · manos=ON · pos=flat · latido=1.50s
[RANGO] autosello BCH · ACECHANDO · Oz=0.0 link=— · manos_feria_informe.json
[RANGO] BCHUSDT_LINEAL last=246.12 · río=WS · mercado=linear · estado=ACECHANDO · dir=— · 0=245.5 · Oz=— · Red=— · manos=ON · pos=flat · latido=1.50s
[2026-08-31 09:28:45] [TUSK] RECONCILIACIÓN: SAMSUNGUSDT_LINEAL: interno L:0.000000/S:0.000000 -> real L:0.000000/S:0.110000
[2026-08-31 09:28:45] [TUSK] RECONCILIACIÓN_FANTASMA: KSMUSDT_LINEAL existe interno pero no en exchange -> reseteando
[2026-08-31 09:28:45] [TUSK] RECONCILIACIÓN_OK: 2 frentes alineados con exchange
[RANGO] autosello BCH · ACECHANDO · Oz=0.0 link=— · manos_feria_informe.json
[RANGO] BCHUSDT_LINEAL last=246.1 · río=WS · mercado=linear · estado=ACECHANDO · dir=— · 0=245.5 · Oz=— · Red=— · manos=ON · pos=flat · latido=1.50s
[RANGO] BCHUSDT_LINEAL last=246.1 · río=WS · mercado=linear · estado=ACECHANDO · dir=— · 0=245.5 · Oz=— · Red=— · manos=ON · pos=flat · latido=1.50s
[RANGO] autosello BCH · ACECHANDO · Oz=0.0 link=— · manos_feria_informe.json
[RANGO] BCHUSDT_LINEAL last=246.2 · río=WS · mercado=linear · estado=ACECHANDO · dir=— · 0=245.5 · Oz=— · Red=— · manos=ON · pos=flat · latido=1.50s
[RANGO] autosello BCH · ACECHANDO · Oz=0.0 link=— · manos_feria_informe.json
[RANGO] BCHUSDT_LINEAL last=246.2 · río=WS · mercado=linear · estado=ACECHANDO · dir=— · 0=245.5 · Oz=— · Red=— · manos=ON · pos=flat · latido=1.50s
[RANGO] BCHUSDT_LINEAL last=246.1 · río=WS · mercado=linear · estado=ACECHANDO · dir=— · 0=245.5 · Oz=— · Red=— · manos=ON · pos=flat · latido=1.50s
[RANGO] autosello BCH · ACECHANDO · Oz=0.0 link=— · manos_feria_informe.json
[RANGO] BCHUSDT_LINEAL last=246.03 · río=WS · mercado=linear · estado=ACECHANDO · dir=— · 0=245.5 · Oz=— · Red=— · manos=ON · pos=flat · latido=1.50s
[2026-08-31 09:29:46] [TUSK] RECONCILIACIÓN: POWERUSDT_LINEAL: interno L:0.000000/S:290.000000 -> real L:0.000000/S:347.000000
[2026-08-31 09:29:46] [TUSK] RECONCILIACIÓN_OK: 1 frentes alineados con exchange
[RANGO] autosello BCH · ACECHANDO · Oz=0.0 link=— · manos_feria_informe.json
[RANGO] BCHUSDT_LINEAL last=246.02 · río=WS · mercado=linear · estado=ACECHANDO · dir=— · 0=245.5 · Oz=— · Red=— · manos=ON · pos=flat · latido=1.50s
[RANGO] BCHUSDT_LINEAL last=246.0 · río=WS · mercado=linear · estado=ACECHANDO · dir=— · 0=245.5 · Oz=— · Red=— · manos=ON · pos=flat · latido=1.50s
[RANGO] autosello BCH · ACECHANDO · Oz=0.0 link=— · manos_feria_informe.json
[RANGO] BCHUSDT_LINEAL last=245.9 · río=WS · mercado=linear · estado=ACECHANDO · dir=— · 0=245.5 · Oz=— · Red=— · manos=ON · pos=flat · latido=1.50s
[RANGO] autosello BCH · ACECHANDO · Oz=0.0 link=— · manos_feria_informe.json
[RANGO] BCHUSDT_LINEAL last=245.8 · río=WS · mercado=linear · estado=ACECHANDO · dir=— · 0=245.5 · Oz=— · Red=— · manos=ON · pos=flat · latido=1.50s
[RANGO] BCHUSDT_LINEAL last=245.9 · río=WS · mercado=linear · estado=ACECHANDO · dir=— · 0=245.5 · Oz=— · Red=— · manos=ON · pos=flat · latido=1.50s
[RANGO] autosello BCH · ACECHANDO · Oz=0.0 link=— · manos_feria_informe.json
[RANGO] BCHUSDT_LINEAL last=246.0 · río=WS · mercado=linear · estado=ACECHANDO · dir=— · 0=245.5 · Oz=— · Red=— · manos=ON · pos=flat · latido=1.50s
[RANGO] autosello BCH · ACECHANDO · Oz=0.0 link=— · manos_feria_informe.json
[RANGO] BCHUSDT_LINEAL last=246.0 · río=WS · mercado=linear · estado=ACECHANDO · dir=— · 0=245.5 · Oz=— · Red=— · manos=ON · pos=flat · latido=1.50s
[RANGO] BCHUSDT_LINEAL last=246.0 · río=WS · mercado=linear · estado=ACECHANDO · dir=— · 0=245.5 · Oz=— · Red=— · manos=ON · pos=flat · latido=1.50s
[RANGO] autosello BCH · ACECHANDO · Oz=0.0 link=— · manos_feria_informe.json
[RANGO] BCHUSDT_LINEAL last=246.1 · río=WS · mercado=linear · estado=ACECHANDO · dir=— · 0=245.5 · Oz=— · Red=— · manos=ON · pos=flat · latido=1.50s
[RANGO] autosello BCH · ACECHANDO · Oz=0.0 link=— · manos_feria_informe.json
[RANGO] BCHUSDT_LINEAL last=245.8 · río=WS · mercado=linear · estado=ACECHANDO · dir=— · 0=245.5 · Oz=— · Red=— · manos=ON · pos=flat · latido=1.50s
[RANGO] BCHUSDT_LINEAL last=245.6 · río=WS · mercado=linear · estado=ACECHANDO · dir=— · 0=245.5 · Oz=— · Red=— · manos=ON · pos=flat · latido=1.50s
[RANGO] autosello BCH · ACECHANDO · Oz=0.0 link=— · manos_feria_informe.json
[RANGO] BCHUSDT_LINEAL last=245.6 · río=WS · mercado=linear · estado=ACECHANDO · dir=— · 0=245.5 · Oz=— · Red=— · manos=ON · pos=flat · latido=1.50s
[RANGO] autosello BCH · ACECHANDO · Oz=0.0 link=— · manos_feria_informe.json
[RANGO] BCHUSDT_LINEAL last=245.7 · río=WS · mercado=linear · estado=ACECHANDO · dir=— · 0=245.5 · Oz=— · Red=— · manos=ON · pos=flat · latido=1.50s
[RANGO] BCHUSDT_LINEAL last=245.8 · río=WS · mercado=linear · estado=ACECHANDO · dir=— · 0=245.5 · Oz=— · Red=— · manos=ON · pos=flat · latido=1.50s
[RANGO] autosello BCH · ACECHANDO · Oz=0.0 link=— · manos_feria_informe.json
[RANGO] BCHUSDT_LINEAL last=245.8 · río=WS · mercado=linear · estado=ACECHANDO · dir=— · 0=245.5 · Oz=— · Red=— · manos=ON · pos=flat · latido=1.50s
[RANGO] autosello BCH · ACECHANDO · Oz=0.0 link=— · manos_feria_informe.json
[RANGO] BCHUSDT_LINEAL last=246.0 · río=WS · mercado=linear · estado=ACECHANDO · dir=— · 0=245.5 · Oz=— · Red=— · manos=ON · pos=flat · latido=1.50s
[RANGO] BCHUSDT_LINEAL last=246.1 · río=WS · mercado=linear · estado=ACECHANDO · dir=— · 0=245.5 · Oz=— · Red=— · manos=ON · pos=flat · latido=1.50s
[RANGO] autosello BCH · ACECHANDO · Oz=0.0 link=— · manos_feria_informe.json
[RANGO] BCHUSDT_LINEAL last=246.0 · río=WS · mercado=linear · estado=ACECHANDO · dir=— · 0=245.5 · Oz=— · Red=— · manos=ON · pos=flat · latido=1.50s
[2026-08-31 09:32:50] [TUSK] RECONCILIACIÓN: BIOUSDT_LINEAL: interno L:0.000000/S:0.000000 -> real L:1016.000000/S:0.000000
[2026-08-31 09:32:50] [TUSK] RECONCILIACIÓN_FANTASMA: AEHRUSDT_LINEAL existe interno pero no en exchange -> reseteando
[2026-08-31 09:32:50] [TUSK] RECONCILIACIÓN_OK: 2 frentes alineados con exchange
[RANGO] autosello BCH · ACECHANDO · Oz=0.0 link=— · manos_feria_informe.json
[RANGO] BCHUSDT_LINEAL last=246.0 · río=WS · mercado=linear · estado=ACECHANDO · dir=— · 0=245.5 · Oz=— · Red=— · manos=ON · pos=flat · latido=1.50s
[RANGO] BCHUSDT_LINEAL last=246.1 · río=WS · mercado=linear · estado=ACECHANDO · dir=— · 0=245.5 · Oz=— · Red=— · manos=ON · pos=flat · latido=1.50s
[RANGO] autosello BCH · ACECHANDO · Oz=0.0 link=— · manos_feria_informe.json
[RANGO] BCHUSDT_LINEAL last=246.0 · río=WS · mercado=linear · estado=ACECHANDO · dir=— · 0=245.5 · Oz=— · Red=— · manos=ON · pos=flat · latido=1.50s
[RANGO] autosello BCH · ACECHANDO · Oz=0.0 link=— · manos_feria_informe.json
[RANGO] BCHUSDT_LINEAL last=245.9 · río=WS · mercado=linear · estado=ACECHANDO · dir=— · 0=245.5 · Oz=— · Red=— · manos=ON · pos=flat · latido=1.50s
[RANGO] BCHUSDT_LINEAL last=246.0 · río=WS · mercado=linear · estado=ACECHANDO · dir=— · 0=245.5 · Oz=— · Red=— · manos=ON · pos=flat · latido=1.50s
[RANGO] autosello BCH · ACECHANDO · Oz=0.0 link=— · manos_feria_informe.json
[RANGO] BCHUSDT_LINEAL last=245.9 · río=WS · mercado=linear · estado=ACECHANDO · dir=— · 0=245.5 · Oz=— · Red=— · manos=ON · pos=flat · latido=1.50s
[RANGO] autosello BCH · ACECHANDO · Oz=0.0 link=— · manos_feria_informe.json
[RANGO] BCHUSDT_LINEAL last=245.9 · río=WS · mercado=linear · estado=ACECHANDO · dir=— · 0=245.5 · Oz=— · Red=— · manos=ON · pos=flat · latido=1.50s
[2026-08-31 09:33:52] [TUSK] RECONCILIACIÓN: PURRUSDT_LINEAL: interno L:0.000000/S:0.000000 -> real L:4.300000/S:0.000000
[2026-08-31 09:33:52] [TUSK] RECONCILIACIÓN_FANTASMA: SOXSUSDT_LINEAL existe interno pero no en exchange -> reseteando
[2026-08-31 09:33:52] [TUSK] RECONCILIACIÓN_OK: 2 frentes alineados con exchange
[RANGO] BCHUSDT_LINEAL last=245.8 · río=WS · mercado=linear · estado=ACECHANDO · dir=— · 0=245.5 · Oz=— · Red=— · manos=ON · pos=flat · latido=1.50s
[RANGO] autosello BCH · ACECHANDO · Oz=0.0 link=— · manos_feria_informe.json
[RANGO] BCHUSDT_LINEAL last=245.8 · río=WS · mercado=linear · estado=ACECHANDO · dir=— · 0=245.5 · Oz=— · Red=— · manos=ON · pos=flat · latido=1.50s
[RANGO] autosello BCH · ACECHANDO · Oz=0.0 link=— · manos_feria_informe.json
[RANGO] BCHUSDT_LINEAL last=245.9 · río=WS · mercado=linear · estado=ACECHANDO · dir=— · 0=245.5 · Oz=— · Red=— · manos=ON · pos=flat · latido=1.50s
[RANGO] BCHUSDT_LINEAL last=245.8 · río=WS · mercado=linear · estado=ACECHANDO · dir=— · 0=245.5 · Oz=— · Red=— · manos=ON · pos=flat · latido=1.50s
[RANGO] autosello BCH · ACECHANDO · Oz=0.0 link=— · manos_feria_informe.json
[RANGO] BCHUSDT_LINEAL last=245.8 · río=WS · mercado=linear · estado=ACECHANDO · dir=— · 0=245.5 · Oz=— · Red=— · manos=ON · pos=flat · latido=1.50s
[RANGO] autosello BCH · ACECHANDO · Oz=0.0 link=— · manos_feria_informe.json
[RANGO] BCHUSDT_LINEAL last=245.8 · río=WS · mercado=linear · estado=ACECHANDO · dir=— · 0=245.5 · Oz=— · Red=— · manos=ON · pos=flat · latido=1.50s
[2026-08-31 09:34:53] [TUSK] RECONCILIACIÓN: MSTRUSDT_LINEAL: interno L:0.000000/S:0.000000 -> real L:0.200000/S:0.000000
[2026-08-31 09:34:53] [TUSK] RECONCILIACIÓN_FANTASMA: KORUUSDT_LINEAL existe interno pero no en exchange -> reseteando
[2026-08-31 09:34:53] [TUSK] RECONCILIACIÓN_OK: 2 frentes alineados con exchange
[RANGO] BCHUSDT_LINEAL last=245.7 · río=WS · mercado=linear · estado=ACECHANDO · dir=— · 0=245.5 · Oz=— · Red=— · manos=ON · pos=flat · latido=1.50s
[RANGO] autosello BCH · ACECHANDO · Oz=0.0 link=— · manos_feria_informe.json
[RANGO] BCHUSDT_LINEAL last=245.7 · río=WS · mercado=linear · estado=ACECHANDO · dir=— · 0=245.5 · Oz=— · Red=— · manos=ON · pos=flat · latido=1.50s
[RANGO] autosello BCH · ACECHANDO · Oz=0.0 link=— · manos_feria_informe.json
[RANGO] BCHUSDT_LINEAL last=245.8 · río=WS · mercado=linear · estado=ACECHANDO · dir=— · 0=245.5 · Oz=— · Red=— · manos=ON · pos=flat · latido=1.50s
[RANGO] BCHUSDT_LINEAL last=245.9 · río=WS · mercado=linear · estado=ACECHANDO · dir=— · 0=245.5 · Oz=— · Red=— · manos=ON · pos=flat · latido=1.50s
[RANGO] autosello BCH · ACECHANDO · Oz=0.0 link=— · manos_feria_informe.json
[RANGO] BCHUSDT_LINEAL last=245.8 · río=WS · mercado=linear · estado=ACECHANDO · dir=— · 0=245.5 · Oz=— · Red=— · manos=ON · pos=flat · latido=1.50s
[RANGO] autosello BCH · ACECHANDO · Oz=0.0 link=— · manos_feria_informe.json
[RANGO] BCHUSDT_LINEAL last=245.7 · río=WS · mercado=linear · estado=ACECHANDO · dir=— · 0=245.5 · Oz=— · Red=— · manos=ON · pos=flat · latido=1.50s
[2026-08-31 09:35:54] [TUSK] RECONCILIACIÓN: SYRUPUSDT_LINEAL: interno L:0.000000/S:0.000000 -> real L:482.000000/S:0.000000
[2026-08-31 09:35:54] [TUSK] RECONCILIACIÓN: COTIUSDT_LINEAL: interno L:0.000000/S:0.000000 -> real L:1213.000000/S:0.000000
[2026-08-31 09:35:54] [TUSK] RECONCILIACIÓN: PURRUSDT_LINEAL: interno L:4.300000/S:0.000000 -> real L:3.800000/S:0.000000
[2026-08-31 09:35:54] [TUSK] RECONCILIACIÓN_FANTASMA: APRUSDT_LINEAL existe interno pero no en exchange -> reseteando
[2026-08-31 09:35:54] [TUSK] RECONCILIACIÓN_FANTASMA: CRVUSDT_LINEAL existe interno pero no en exchange -> reseteando
[2026-08-31 09:35:54] [TUSK] RECONCILIACIÓN_OK: 5 frentes alineados con exchange
[RANGO] BCHUSDT_LINEAL last=245.8 · río=WS · mercado=linear · estado=ACECHANDO · dir=— · 0=245.5 · Oz=— · Red=— · manos=ON · pos=flat · latido=1.50s
[RANGO] autosello BCH · ACECHANDO · Oz=0.0 link=— · manos_feria_informe.json
[RANGO] BCHUSDT_LINEAL last=245.8 · río=WS · mercado=linear · estado=ACECHANDO · dir=— · 0=245.5 · Oz=— · Red=— · manos=ON · pos=flat · latido=1.50s
[RANGO] autosello BCH · ACECHANDO · Oz=0.0 link=— · manos_feria_informe.json
[RANGO] BCHUSDT_LINEAL last=245.8 · río=WS · mercado=linear · estado=ACECHANDO · dir=— · 0=245.5 · Oz=— · Red=— · manos=ON · pos=flat · latido=1.50s
[RANGO] BCHUSDT_LINEAL last=245.8 · río=WS · mercado=linear · estado=ACECHANDO · dir=— · 0=245.5 · Oz=— · Red=— · manos=ON · pos=flat · latido=1.50s
[RANGO] autosello BCH · ACECHANDO · Oz=0.0 link=— · manos_feria_informe.json
[RANGO] BCHUSDT_LINEAL last=245.9 · río=WS · mercado=linear · estado=ACECHANDO · dir=— · 0=245.5 · Oz=— · Red=— · manos=ON · pos=flat · latido=1.50s
[RANGO] autosello BCH · ACECHANDO · Oz=0.0 link=— · manos_feria_informe.json
[RANGO] BCHUSDT_LINEAL last=245.9 · río=WS · mercado=linear · estado=ACECHANDO · dir=— · 0=245.5 · Oz=— · Red=— · manos=ON · pos=flat · latido=1.50s
[2026-08-31 09:36:55] [TUSK] RECONCILIACIÓN: FWDIUSDT_LINEAL: interno L:0.000000/S:0.000000 -> real L:0.000000/S:4.200000
[2026-08-31 09:36:55] [TUSK] RECONCILIACIÓN: POWERUSDT_LINEAL: interno L:0.000000/S:347.000000 -> real L:0.000000/S:404.000000
[2026-08-31 09:36:55] [TUSK] RECONCILIACIÓN: PURRUSDT_LINEAL: interno L:3.800000/S:0.000000 -> real L:4.300000/S:0.000000
[2026-08-31 09:36:55] [TUSK] RECONCILIACIÓN_FANTASMA: XANUSDT_LINEAL existe interno pero no en exchange -> reseteando
[2026-08-31 09:36:55] [TUSK] RECONCILIACIÓN_OK: 4 frentes alineados con exchange
[RANGO] BCHUSDT_LINEAL last=246.0 · río=WS · mercado=linear · estado=ACECHANDO · dir=— · 0=245.5 · Oz=— · Red=— · manos=ON · pos=flat · latido=1.50s
[RANGO] autosello BCH · ACECHANDO · Oz=0.0 link=— · manos_feria_informe.json
[RANGO] BCHUSDT_LINEAL last=245.7 · río=WS · mercado=linear · estado=ACECHANDO · dir=— · 0=245.5 · Oz=— · Red=— · manos=ON · pos=flat · latido=1.50s
[RANGO] autosello BCH · ACECHANDO · Oz=0.0 link=— · manos_feria_informe.json
[RANGO] BCHUSDT_LINEAL last=245.9 · río=WS · mercado=linear · estado=ACECHANDO · dir=— · 0=245.5 · Oz=— · Red=— · manos=ON · pos=flat · latido=1.50s
[RANGO] BCHUSDT_LINEAL last=245.6 · río=WS · mercado=linear · estado=ACECHANDO · dir=— · 0=245.5 · Oz=— · Red=— · manos=ON · pos=flat · latido=1.50s
[RANGO] autosello BCH · ACECHANDO · Oz=0.0 link=— · manos_feria_informe.json
[RANGO] BCHUSDT_LINEAL last=245.6 · río=WS · mercado=linear · estado=ACECHANDO · dir=— · 0=245.5 · Oz=— · Red=— · manos=ON · pos=flat · latido=1.50s
[RANGO] autosello BCH · ACECHANDO · Oz=0.0 link=— · manos_feria_informe.json
[RANGO] BCHUSDT_LINEAL last=245.8 · río=WS · mercado=linear · estado=ACECHANDO · dir=— · 0=245.5 · Oz=— · Red=— · manos=ON · pos=flat · latido=1.50s
[RANGO] BCHUSDT_LINEAL last=245.9 · río=WS · mercado=linear · estado=ACECHANDO · dir=— · 0=245.5 · Oz=— · Red=— · manos=ON · pos=flat · latido=1.50s
[RANGO] autosello BCH · ACECHANDO · Oz=0.0 link=— · manos_feria_informe.json
[RANGO] BCHUSDT_LINEAL last=245.8 · río=WS · mercado=linear · estado=ACECHANDO · dir=— · 0=245.5 · Oz=— · Red=— · manos=ON · pos=flat · latido=1.50s
[RANGO] autosello BCH · ACECHANDO · Oz=0.0 link=— · manos_feria_informe.json
[RANGO] BCHUSDT_LINEAL last=245.7 · río=WS · mercado=linear · estado=ACECHANDO · dir=— · 0=245.5 · Oz=— · Red=— · manos=ON · pos=flat · latido=1.50s
[RANGO] BCHUSDT_LINEAL last=245.6 · río=WS · mercado=linear · estado=ACECHANDO · dir=— · 0=245.5 · Oz=— · Red=— · manos=ON · pos=flat · latido=1.50s
[RANGO] autosello BCH · ACECHANDO · Oz=0.0 link=— · manos_feria_informe.json
[RANGO] BCHUSDT_LINEAL last=245.7 · río=WS · mercado=linear · estado=ACECHANDO · dir=— · 0=245.5 · Oz=— · Red=— · manos=ON · pos=flat · latido=1.50s
[RANGO] autosello BCH · ACECHANDO · Oz=0.0 link=— · manos_feria_informe.json
[RANGO] BCHUSDT_LINEAL last=245.6 · río=WS · mercado=linear · estado=ACECHANDO · dir=— · 0=245.5 · Oz=— · Red=— · manos=ON · pos=flat · latido=1.50s
[2026-08-31 09:38:58] [TUSK] RECONCILIACIÓN: XANUSDT_LINEAL: interno L:0.000000/S:0.000000 -> real L:0.000000/S:260.000000
[2026-08-31 09:38:58] [TUSK] RECONCILIACIÓN: SHAZUSDT_LINEAL: interno L:0.000000/S:0.000000 -> real L:1.260000/S:0.000000
[2026-08-31 09:38:58] [TUSK] RECONCILIACIÓN: POWERUSDT_LINEAL: interno L:0.000000/S:404.000000 -> real L:0.000000/S:460.000000
[2026-08-31 09:38:58] [TUSK] RECONCILIACIÓN_FANTASMA: QNTXUSDT_LINEAL existe interno pero no en exchange -> reseteando
[2026-08-31 09:38:58] [TUSK] RECONCILIACIÓN_FANTASMA: BROCCOLIUSDT_LINEAL existe interno pero no en exchange -> reseteando
[2026-08-31 09:38:58] [TUSK] RECONCILIACIÓN_OK: 5 frentes alineados con exchange
[RANGO] BCHUSDT_LINEAL last=245.5 · río=WS · mercado=linear · estado=ACECHANDO · dir=— · 0=245.5 · Oz=— · Red=— · manos=ON · pos=flat · latido=1.50s
[RANGO] autosello BCH · ACECHANDO · Oz=0.0 link=— · manos_feria_informe.json
[RANGO] BCHUSDT_LINEAL last=245.6 · río=WS · mercado=linear · estado=ACECHANDO · dir=— · 0=245.5 · Oz=— · Red=— · manos=ON · pos=flat · latido=1.50s
[RANGO] autosello BCH · ACECHANDO · Oz=0.0 link=— · manos_feria_informe.json
[RANGO] BCHUSDT_LINEAL last=245.6 · río=WS · mercado=linear · estado=ACECHANDO · dir=— · 0=245.5 · Oz=— · Red=— · manos=ON · pos=flat · latido=1.50s
[RANGO] BCHUSDT_LINEAL last=245.6 · río=WS · mercado=linear · estado=ACECHANDO · dir=— · 0=245.5 · Oz=— · Red=— · manos=ON · pos=flat · latido=1.50s
[RANGO] autosello BCH · ACECHANDO · Oz=0.0 link=— · manos_feria_informe.json
[RANGO] BCHUSDT_LINEAL last=245.7 · río=WS · mercado=linear · estado=ACECHANDO · dir=— · 0=245.5 · Oz=— · Red=— · manos=ON · pos=flat · latido=1.50s
[RANGO] autosello BCH · ACECHANDO · Oz=0.0 link=— · manos_feria_informe.json
[RANGO] BCHUSDT_LINEAL last=245.7 · río=WS · mercado=linear · estado=ACECHANDO · dir=— · 0=245.5 · Oz=— · Red=— · manos=ON · pos=flat · latido=1.50s
[2026-08-31 09:39:59] [TUSK] RECONCILIACIÓN: POWERUSDT_LINEAL: interno L:0.000000/S:460.000000 -> real L:0.000000/S:516.000000
[2026-08-31 09:39:59] [TUSK] RECONCILIACIÓN: SNXXUSDT_LINEAL: interno L:6.090000/S:0.000000 -> real L:6.470000/S:0.000000
[2026-08-31 09:39:59] [TUSK] RECONCILIACIÓN_OK: 2 frentes alineados con exchange
[RANGO] BCHUSDT_LINEAL last=245.8 · río=WS · mercado=linear · estado=ACECHANDO · dir=— · 0=245.5 · Oz=— · Red=— · manos=ON · pos=flat · latido=1.50s
[RANGO] autosello BCH · ACECHANDO · Oz=0.0 link=— · manos_feria_informe.json
[RANGO] BCHUSDT_LINEAL last=245.8 · río=WS · mercado=linear · estado=ACECHANDO · dir=— · 0=245.5 · Oz=— · Red=— · manos=ON · pos=flat · latido=1.50s
[RANGO] autosello BCH · ACECHANDO · Oz=0.0 link=— · manos_feria_informe.json
[RANGO] BCHUSDT_LINEAL last=245.9 · río=WS · mercado=linear · estado=ACECHANDO · dir=— · 0=245.5 · Oz=— · Red=— · manos=ON · pos=flat · latido=1.50s
[RANGO] BCHUSDT_LINEAL last=245.9 · río=WS · mercado=linear · estado=ACECHANDO · dir=— · 0=245.5 · Oz=— · Red=— · manos=ON · pos=flat · latido=1.50s
[RANGO] autosello BCH · ACECHANDO · Oz=0.0 link=— · manos_feria_informe.json
[RANGO] BCHUSDT_LINEAL last=245.9 · río=WS · mercado=linear · estado=ACECHANDO · dir=— · 0=245.5 · Oz=— · Red=— · manos=ON · pos=flat · latido=1.50s
[RANGO] autosello BCH · ACECHANDO · Oz=0.0 link=— · manos_feria_informe.json
[RANGO] BCHUSDT_LINEAL last=245.8 · río=WS · mercado=linear · estado=ACECHANDO · dir=— · 0=245.5 · Oz=— · Red=— · manos=ON · pos=flat · latido=1.50s
[RANGO] BCHUSDT_LINEAL last=245.9 · río=WS · mercado=linear · estado=ACECHANDO · dir=— · 0=245.5 · Oz=— · Red=— · manos=ON · pos=flat · latido=1.50s
[RANGO] autosello BCH · ACECHANDO · Oz=0.0 link=— · manos_feria_informe.json
[RANGO] BCHUSDT_LINEAL last=245.7 · río=WS · mercado=linear · estado=ACECHANDO · dir=— · 0=245.5 · Oz=— · Red=— · manos=ON · pos=flat · latido=1.50s
[RANGO] autosello BCH · ACECHANDO · Oz=0.0 link=— · manos_feria_informe.json
[RANGO] BCHUSDT_LINEAL last=245.9 · río=WS · mercado=linear · estado=ACECHANDO · dir=— · 0=245.5 · Oz=— · Red=— · manos=ON · pos=flat · latido=1.50s
[RANGO] BCHUSDT_LINEAL last=245.8 · río=WS · mercado=linear · estado=ACECHANDO · dir=— · 0=245.5 · Oz=— · Red=— · manos=ON · pos=flat · latido=1.50s
[RANGO] autosello BCH · ACECHANDO · Oz=0.0 link=— · manos_feria_informe.json
[RANGO] BCHUSDT_LINEAL last=245.83 · río=WS · mercado=linear · estado=ACECHANDO · dir=— · 0=245.5 · Oz=— · Red=— · manos=ON · pos=flat · latido=1.50s
[RANGO] autosello BCH · ACECHANDO · Oz=0.0 link=— · manos_feria_informe.json
[RANGO] BCHUSDT_LINEAL last=245.8 · río=WS · mercado=linear · estado=ACECHANDO · dir=— · 0=245.5 · Oz=— · Red=— · manos=ON · pos=flat · latido=1.50s
[RANGO] BCHUSDT_LINEAL last=245.8 · río=WS · mercado=linear · estado=ACECHANDO · dir=— · 0=245.5 · Oz=— · Red=— · manos=ON · pos=flat · latido=1.50s
[2026-08-31 09:42:02] [TUSK] RECONCILIACIÓN: XANUSDT_LINEAL: interno L:0.000000/S:260.000000 -> real L:0.000000/S:623.000000
[2026-08-31 09:42:02] [TUSK] RECONCILIACIÓN_OK: 1 frentes alineados con exchange
[RANGO] autosello BCH · ACECHANDO · Oz=0.0 link=— · manos_feria_informe.json
[RANGO] BCHUSDT_LINEAL last=246.0 · río=WS · mercado=linear · estado=ACECHANDO · dir=— · 0=245.5 · Oz=— · Red=— · manos=ON · pos=flat · latido=1.50s
[RANGO] autosello BCH · ACECHANDO · Oz=0.0 link=— · manos_feria_informe.json
[RANGO] BCHUSDT_LINEAL last=246.0 · río=WS · mercado=linear · estado=ACECHANDO · dir=— · 0=245.5 · Oz=— · Red=— · manos=ON · pos=flat · latido=1.50s
[RANGO] BCHUSDT_LINEAL last=246.0 · río=WS · mercado=linear · estado=ACECHANDO · dir=— · 0=245.5 · Oz=— · Red=— · manos=ON · pos=flat · latido=1.50s
[RANGO] autosello BCH · ACECHANDO · Oz=0.0 link=— · manos_feria_informe.json
[RANGO] BCHUSDT_LINEAL last=245.9 · río=WS · mercado=linear · estado=ACECHANDO · dir=— · 0=245.5 · Oz=— · Red=— · manos=ON · pos=flat · latido=1.50s
[RANGO] autosello BCH · ACECHANDO · Oz=0.0 link=— · manos_feria_informe.json
[RANGO] BCHUSDT_LINEAL last=246.2 · río=WS · mercado=linear · estado=ACECHANDO · dir=— · 0=245.5 · Oz=— · Red=— · manos=ON · pos=flat · latido=1.50s
[RANGO] BCHUSDT_LINEAL last=246.1 · río=WS · mercado=linear · estado=ACECHANDO · dir=— · 0=245.5 · Oz=— · Red=— · manos=ON · pos=flat · latido=1.50s
[RANGO] autosello BCH · ACECHANDO · Oz=0.0 link=— · manos_feria_informe.json
[RANGO] BCHUSDT_LINEAL last=246.4 · río=WS · mercado=linear · estado=ACECHANDO · dir=— · 0=245.5 · Oz=— · Red=— · manos=ON · pos=flat · latido=1.50s
[RANGO] autosello BCH · ACECHANDO · Oz=0.0 link=— · manos_feria_informe.json
[RANGO] BCHUSDT_LINEAL last=246.5 · río=WS · mercado=linear · estado=ACECHANDO · dir=— · 0=245.5 · Oz=— · Red=— · manos=ON · pos=flat · latido=1.50s
[RANGO] BCHUSDT_LINEAL last=246.7 · río=WS · mercado=linear · estado=ACECHANDO · dir=— · 0=245.5 · Oz=— · Red=— · manos=ON · pos=flat · latido=1.50s
[RANGO] autosello BCH · ACECHANDO · Oz=0.0 link=— · manos_feria_informe.json
[RANGO] BCHUSDT_LINEAL last=246.5 · río=WS · mercado=linear · estado=ACECHANDO · dir=— · 0=245.5 · Oz=— · Red=— · manos=ON · pos=flat · latido=1.50s
[RANGO] autosello BCH · ACECHANDO · Oz=0.0 link=— · manos_feria_informe.json
[RANGO] BCHUSDT_LINEAL last=246.5 · río=WS · mercado=linear · estado=ACECHANDO · dir=— · 0=245.5 · Oz=— · Red=— · manos=ON · pos=flat · latido=1.50s
[RANGO] BCHUSDT_LINEAL last=246.5 · río=WS · mercado=linear · estado=ACECHANDO · dir=— · 0=245.5 · Oz=— · Red=— · manos=ON · pos=flat · latido=1.50s
[RANGO] autosello BCH · ACECHANDO · Oz=0.0 link=— · manos_feria_informe.json
[RANGO] BCHUSDT_LINEAL last=246.5 · río=WS · mercado=linear · estado=ACECHANDO · dir=— · 0=245.5 · Oz=— · Red=— · manos=ON · pos=flat · latido=1.50s
[RANGO] autosello BCH · ACECHANDO · Oz=0.0 link=— · manos_feria_informe.json
[RANGO] BCHUSDT_LINEAL last=246.63 · río=WS · mercado=linear · estado=ACECHANDO · dir=— · 0=245.5 · Oz=— · Red=— · manos=ON · pos=flat · latido=1.50s
[RANGO] BCHUSDT_LINEAL last=246.55 · río=WS · mercado=linear · estado=ACECHANDO · dir=— · 0=245.5 · Oz=— · Red=— · manos=ON · pos=flat · latido=1.50s
[RANGO] autosello BCH · ACECHANDO · Oz=0.0 link=— · manos_feria_informe.json
[RANGO] BCHUSDT_LINEAL last=246.4 · río=WS · mercado=linear · estado=ACECHANDO · dir=— · 0=245.5 · Oz=— · Red=— · manos=ON · pos=flat · latido=1.50s
[RANGO] autosello BCH · ACECHANDO · Oz=0.0 link=— · manos_feria_informe.json
[RANGO] BCHUSDT_LINEAL last=246.5 · río=WS · mercado=linear · estado=ACECHANDO · dir=— · 0=245.5 · Oz=— · Red=— · manos=ON · pos=flat · latido=1.50s
[RANGO] BCHUSDT_LINEAL last=246.5 · río=WS · mercado=linear · estado=ACECHANDO · dir=— · 0=245.5 · Oz=— · Red=— · manos=ON · pos=flat · latido=1.50s
[2026-08-31 09:45:06] [TUSK] RECONCILIACIÓN: POWERUSDT_LINEAL: interno L:0.000000/S:516.000000 -> real L:0.000000/S:571.000000
[2026-08-31 09:45:06] [TUSK] RECONCILIACIÓN_OK: 1 frentes alineados con exchange
[RANGO] autosello BCH · ACECHANDO · Oz=0.0 link=— · manos_feria_informe.json
[RANGO] BCHUSDT_LINEAL last=246.6 · río=WS · mercado=linear · estado=ACECHANDO · dir=— · 0=245.5 · Oz=— · Red=— · manos=ON · pos=flat · latido=1.50s
[RANGO] autosello BCH · ACECHANDO · Oz=0.0 link=— · manos_feria_informe.json
[RANGO] BCHUSDT_LINEAL last=246.5 · río=WS · mercado=linear · estado=ACECHANDO · dir=— · 0=245.5 · Oz=— · Red=— · manos=ON · pos=flat · latido=1.50s
[RANGO] BCHUSDT_LINEAL last=246.5 · río=WS · mercado=linear · estado=ACECHANDO · dir=— · 0=245.5 · Oz=— · Red=— · manos=ON · pos=flat · latido=1.50s
[RANGO] autosello BCH · ACECHANDO · Oz=0.0 link=— · manos_feria_informe.json
[RANGO] BCHUSDT_LINEAL last=246.4 · río=WS · mercado=linear · estado=ACECHANDO · dir=— · 0=245.5 · Oz=— · Red=— · manos=ON · pos=flat · latido=1.50s
[RANGO] autosello BCH · ACECHANDO · Oz=0.0 link=— · manos_feria_informe.json
[RANGO] BCHUSDT_LINEAL last=246.4 · río=WS · mercado=linear · estado=ACECHANDO · dir=— · 0=245.5 · Oz=— · Red=— · manos=ON · pos=flat · latido=1.50s
[RANGO] BCHUSDT_LINEAL last=246.3 · río=WS · mercado=linear · estado=ACECHANDO · dir=— · 0=245.5 · Oz=— · Red=— · manos=ON · pos=flat · latido=1.50s
[RANGO] autosello BCH · ACECHANDO · Oz=0.0 link=— · manos_feria_informe.json
[2026-08-31 09:46:07] [TUSK] RECONCILIACIÓN: XANUSDT_LINEAL: interno L:0.000000/S:623.000000 -> real L:0.000000/S:982.000000
[2026-08-31 09:46:07] [TUSK] RECONCILIACIÓN_OK: 1 frentes alineados con exchange
[RANGO] BCHUSDT_LINEAL last=246.3 · río=WS · mercado=linear · estado=ACECHANDO · dir=— · 0=245.5 · Oz=— · Red=— · manos=ON · pos=flat · latido=1.50s
[RANGO] autosello BCH · ACECHANDO · Oz=0.0 link=— · manos_feria_informe.json
[RANGO] BCHUSDT_LINEAL last=246.1 · río=WS · mercado=linear · estado=ACECHANDO · dir=— · 0=245.5 · Oz=— · Red=— · manos=ON · pos=flat · latido=1.50s
[RANGO] BCHUSDT_LINEAL last=246.2 · río=WS · mercado=linear · estado=ACECHANDO · dir=— · 0=245.5 · Oz=— · Red=— · manos=ON · pos=flat · latido=1.50s
[RANGO] autosello BCH · ACECHANDO · Oz=0.0 link=— · manos_feria_informe.json
[RANGO] BCHUSDT_LINEAL last=246.1 · río=WS · mercado=linear · estado=ACECHANDO · dir=— · 0=245.5 · Oz=— · Red=— · manos=ON · pos=flat · latido=1.50s
[RANGO] autosello BCH · ACECHANDO · Oz=0.0 link=— · manos_feria_informe.json
[RANGO] BCHUSDT_LINEAL last=246.24 · río=WS · mercado=linear · estado=ACECHANDO · dir=— · 0=245.5 · Oz=— · Red=— · manos=ON · pos=flat · latido=1.50s
[RANGO] BCHUSDT_LINEAL last=246.17 · río=WS · mercado=linear · estado=ACECHANDO · dir=— · 0=245.5 · Oz=— · Red=— · manos=ON · pos=flat · latido=1.50s
[RANGO] autosello BCH · ACECHANDO · Oz=0.0 link=— · manos_feria_informe.json
[2026-08-31 09:47:09] [TUSK] RECONCILIACIÓN: HYPEUSDT_LINEAL: interno L:0.000000/S:0.000000 -> real L:0.000000/S:0.270000
[2026-08-31 09:47:09] [TUSK] RECONCILIACIÓN_FANTASMA: ARMUSDT_LINEAL existe interno pero no en exchange -> reseteando
[2026-08-31 09:47:09] [TUSK] RECONCILIACIÓN_OK: 2 frentes alineados con exchange
[RANGO] BCHUSDT_LINEAL last=246.1 · río=WS · mercado=linear · estado=ACECHANDO · dir=— · 0=245.5 · Oz=— · Red=— · manos=ON · pos=flat · latido=1.50s
[RANGO] autosello BCH · ACECHANDO · Oz=0.0 link=— · manos_feria_informe.json
[RANGO] BCHUSDT_LINEAL last=246.0 · río=WS · mercado=linear · estado=ACECHANDO · dir=— · 0=245.5 · Oz=— · Red=— · manos=ON · pos=flat · latido=1.50s
[RANGO] BCHUSDT_LINEAL last=246.12 · río=WS · mercado=linear · estado=ACECHANDO · dir=— · 0=245.5 · Oz=— · Red=— · manos=ON · pos=flat · latido=1.50s
[RANGO] autosello BCH · ACECHANDO · Oz=0.0 link=— · manos_feria_informe.json
[RANGO] BCHUSDT_LINEAL last=246.1 · río=WS · mercado=linear · estado=ACECHANDO · dir=— · 0=245.5 · Oz=— · Red=— · manos=ON · pos=flat · latido=1.50s
[RANGO] autosello BCH · ACECHANDO · Oz=0.0 link=— · manos_feria_informe.json
[RANGO] BCHUSDT_LINEAL last=245.7 · río=WS · mercado=linear · estado=ACECHANDO · dir=— · 0=245.5 · Oz=— · Red=— · manos=ON · pos=flat · latido=1.50s
[RANGO] BCHUSDT_LINEAL last=245.6 · río=WS · mercado=linear · estado=ACECHANDO · dir=— · 0=245.5 · Oz=— · Red=— · manos=ON · pos=flat · latido=1.50s
[RANGO] autosello BCH · ACECHANDO · Oz=0.0 link=— · manos_feria_informe.json
[RANGO] BCHUSDT_LINEAL last=245.5 · río=WS · mercado=linear · estado=ACECHANDO · dir=— · 0=245.5 · Oz=— · Red=— · manos=ON · pos=flat · latido=1.50s
[RANGO] autosello BCH · ACECHANDO · Oz=0.0 link=— · manos_feria_informe.json
[RANGO] BCHUSDT_LINEAL last=245.61 · río=WS · mercado=linear · estado=ACECHANDO · dir=— · 0=245.5 · Oz=— · Red=— · manos=ON · pos=flat · latido=1.50s
[RANGO] BCHUSDT_LINEAL last=245.6 · río=WS · mercado=linear · estado=ACECHANDO · dir=— · 0=245.5 · Oz=— · Red=— · manos=ON · pos=flat · latido=1.50s
[RANGO] autosello BCH · ACECHANDO · Oz=0.0 link=— · manos_feria_informe.json
[RANGO] BCHUSDT_LINEAL last=245.5 · río=WS · mercado=linear · estado=ACECHANDO · dir=— · 0=245.5 · Oz=— · Red=— · manos=ON · pos=flat · latido=1.50s
[RANGO] autosello BCH · ACECHANDO · Oz=0.0 link=— · manos_feria_informe.json
[RANGO] BCHUSDT_LINEAL last=245.5 · río=WS · mercado=linear · estado=ACECHANDO · dir=— · 0=245.5 · Oz=— · Red=— · manos=ON · pos=flat · latido=1.50s
[RANGO] BCHUSDT_LINEAL last=245.6 · río=WS · mercado=linear · estado=ACECHANDO · dir=— · 0=245.5 · Oz=— · Red=— · manos=ON · pos=flat · latido=1.50s
[RANGO] autosello BCH · ACECHANDO · Oz=0.0 link=— · manos_feria_informe.json
[2026-08-31 09:49:11] [TUSK] RECONCILIACIÓN: POWERUSDT_LINEAL: interno L:0.000000/S:571.000000 -> real L:0.000000/S:625.000000
[2026-08-31 09:49:11] [TUSK] RECONCILIACIÓN_OK: 1 frentes alineados con exchange
[RANGO] BCHUSDT_LINEAL last=245.6 · río=WS · mercado=linear · estado=ACECHANDO · dir=— · 0=245.5 · Oz=— · Red=— · manos=ON · pos=flat · latido=1.50s
[RANGO] autosello BCH · ACECHANDO · Oz=0.0 link=— · manos_feria_informe.json
[RANGO] BCHUSDT_LINEAL last=245.7 · río=WS · mercado=linear · estado=ACECHANDO · dir=— · 0=245.5 · Oz=— · Red=— · manos=ON · pos=flat · latido=1.50s
[RANGO] BCHUSDT_LINEAL last=245.7 · río=WS · mercado=linear · estado=ACECHANDO · dir=— · 0=245.5 · Oz=— · Red=— · manos=ON · pos=flat · latido=1.50s
[RANGO] autosello BCH · ACECHANDO · Oz=0.0 link=— · manos_feria_informe.json
[RANGO] BCHUSDT_LINEAL last=245.7 · río=WS · mercado=linear · estado=ACECHANDO · dir=— · 0=245.5 · Oz=— · Red=— · manos=ON · pos=flat · latido=1.50s
[RANGO] autosello BCH · ACECHANDO · Oz=0.0 link=— · manos_feria_informe.json
[RANGO] BCHUSDT_LINEAL last=245.7 · río=WS · mercado=linear · estado=ACECHANDO · dir=— · 0=245.5 · Oz=— · Red=— · manos=ON · pos=flat · latido=1.50s
[RANGO] BCHUSDT_LINEAL last=245.5 · río=WS · mercado=linear · estado=ACECHANDO · dir=— · 0=245.5 · Oz=— · Red=— · manos=ON · pos=flat · latido=1.50s
[RANGO] autosello BCH · ACECHANDO · Oz=0.0 link=— · manos_feria_informe.json
[RANGO] BCHUSDT_LINEAL last=245.63 · río=WS · mercado=linear · estado=ACECHANDO · dir=— · 0=245.5 · Oz=— · Red=— · manos=ON · pos=flat · latido=1.50s
[RANGO] autosello BCH · ACECHANDO · Oz=0.0 link=— · manos_feria_informe.json
[RANGO] BCHUSDT_LINEAL last=245.5 · río=WS · mercado=linear · estado=ACECHANDO · dir=— · 0=245.5 · Oz=— · Red=— · manos=ON · pos=flat · latido=1.50s
[RANGO] BCHUSDT_LINEAL last=245.5 · río=WS · mercado=linear · estado=ACECHANDO · dir=— · 0=245.5 · Oz=— · Red=— · manos=ON · pos=flat · latido=1.50s
[RANGO] autosello BCH · ACECHANDO · Oz=0.0 link=— · manos_feria_informe.json
[RANGO] BCHUSDT_LINEAL last=245.6 · río=WS · mercado=linear · estado=ACECHANDO · dir=— · 0=245.5 · Oz=— · Red=— · manos=ON · pos=flat · latido=1.50s
[RANGO] autosello BCH · ACECHANDO · Oz=0.0 link=— · manos_feria_informe.json
[RANGO] BCHUSDT_LINEAL last=245.6 · río=WS · mercado=linear · estado=ACECHANDO · dir=— · 0=245.5 · Oz=— · Red=— · manos=ON · pos=flat · latido=1.50s
[RANGO] BCHUSDT_LINEAL last=245.7 · río=WS · mercado=linear · estado=ACECHANDO · dir=— · 0=245.5 · Oz=— · Red=— · manos=ON · pos=flat · latido=1.50s
[RANGO] autosello BCH · ACECHANDO · Oz=0.0 link=— · manos_feria_informe.json
[RANGO] BCHUSDT_LINEAL last=245.5 · río=WS · mercado=linear · estado=ACECHANDO · dir=— · 0=245.5 · Oz=— · Red=— · manos=ON · pos=flat · latido=1.50s
[2026-08-31 09:51:14] [TUSK] RECONCILIACIÓN: POWERUSDT_LINEAL: interno L:0.000000/S:625.000000 -> real L:0.000000/S:571.000000
[2026-08-31 09:51:14] [TUSK] RECONCILIACIÓN_OK: 1 frentes alineados con exchange
[RANGO] autosello BCH · ACECHANDO · Oz=0.0 link=— · manos_feria_informe.json
[RANGO] BCHUSDT_LINEAL last=245.6 · río=WS · mercado=linear · estado=ACECHANDO · dir=— · 0=245.5 · Oz=— · Red=— · manos=ON · pos=flat · latido=1.50s
[RANGO] BCHUSDT_LINEAL last=245.5 · río=WS · mercado=linear · estado=ACECHANDO · dir=— · 0=245.5 · Oz=— · Red=— · manos=ON · pos=flat · latido=1.50s
[RANGO] autosello BCH · ACECHANDO · Oz=0.0 link=— · manos_feria_informe.json
[RANGO] BCHUSDT_LINEAL last=245.8 · río=WS · mercado=linear · estado=ACECHANDO · dir=— · 0=245.5 · Oz=— · Red=— · manos=ON · pos=flat · latido=1.50s
[RANGO] autosello BCH · ACECHANDO · Oz=0.0 link=— · manos_feria_informe.json
[RANGO] BCHUSDT_LINEAL last=245.9 · río=WS · mercado=linear · estado=ACECHANDO · dir=— · 0=245.5 · Oz=— · Red=— · manos=ON · pos=flat · latido=1.50s
[RANGO] BCHUSDT_LINEAL last=245.8 · río=WS · mercado=linear · estado=ACECHANDO · dir=— · 0=245.5 · Oz=— · Red=— · manos=ON · pos=flat · latido=1.50s
[RANGO] autosello BCH · ACECHANDO · Oz=0.0 link=— · manos_feria_informe.json
[RANGO] BCHUSDT_LINEAL last=245.7 · río=WS · mercado=linear · estado=ACECHANDO · dir=— · 0=245.5 · Oz=— · Red=— · manos=ON · pos=flat · latido=1.50s
[2026-08-31 09:52:15] [TUSK] RECONCILIACIÓN: POWERUSDT_LINEAL: interno L:0.000000/S:571.000000 -> real L:0.000000/S:516.000000
[2026-08-31 09:52:15] [TUSK] RECONCILIACIÓN_OK: 1 frentes alineados con exchange
[RANGO] autosello BCH · ACECHANDO · Oz=0.0 link=— · manos_feria_informe.json
[RANGO] BCHUSDT_LINEAL last=245.7 · río=WS · mercado=linear · estado=ACECHANDO · dir=— · 0=245.5 · Oz=— · Red=— · manos=ON · pos=flat · latido=1.50s
[RANGO] BCHUSDT_LINEAL last=245.7 · río=WS · mercado=linear · estado=ACECHANDO · dir=— · 0=245.5 · Oz=— · Red=— · manos=ON · pos=flat · latido=1.50s
[RANGO] autosello BCH · ACECHANDO · Oz=0.0 link=— · manos_feria_informe.json
[RANGO] BCHUSDT_LINEAL last=245.8 · río=WS · mercado=linear · estado=ACECHANDO · dir=— · 0=245.5 · Oz=— · Red=— · manos=ON · pos=flat · latido=1.50s
[RANGO] autosello BCH · ACECHANDO · Oz=0.0 link=— · manos_feria_informe.json
[RANGO] BCHUSDT_LINEAL last=245.8 · río=ciego/muleta · mercado=linear · estado=ACECHANDO · dir=— · 0=245.5 · Oz=— · Red=— · manos=ON · pos=flat · latido=1.50s
[RANGO] BCHUSDT_LINEAL last=245.7 · río=WS · mercado=linear · estado=ACECHANDO · dir=— · 0=245.5 · Oz=— · Red=— · manos=ON · pos=flat · latido=1.50s
[RANGO] autosello BCH · ACECHANDO · Oz=0.0 link=— · manos_feria_informe.json
[RANGO] BCHUSDT_LINEAL last=245.64 · río=WS · mercado=linear · estado=ACECHANDO · dir=— · 0=245.5 · Oz=— · Red=— · manos=ON · pos=flat · latido=1.50s
[RANGO] autosello BCH · ACECHANDO · Oz=0.0 link=— · manos_feria_informe.json
[RANGO] BCHUSDT_LINEAL last=245.5 · río=WS · mercado=linear · estado=ACECHANDO · dir=— · 0=245.5 · Oz=— · Red=— · manos=ON · pos=flat · latido=1.50s
[RANGO] BCHUSDT_LINEAL last=245.5 · río=WS · mercado=linear · estado=ACECHANDO · dir=— · 0=245.5 · Oz=— · Red=— · manos=ON · pos=flat · latido=1.50s
[RANGO] autosello BCH · ACECHANDO · Oz=0.0 link=— · manos_feria_informe.json
[RANGO] BCHUSDT_LINEAL last=245.5 · río=WS · mercado=linear · estado=ACECHANDO · dir=— · 0=245.5 · Oz=— · Red=— · manos=ON · pos=flat · latido=1.50s
[RANGO] autosello BCH · ACECHANDO · Oz=0.0 link=— · manos_feria_informe.json
[RANGO] BCHUSDT_LINEAL last=245.5 · río=WS · mercado=linear · estado=ACECHANDO · dir=— · 0=245.5 · Oz=— · Red=— · manos=ON · pos=flat · latido=1.50s
[RANGO] BCHUSDT_LINEAL last=245.5 · río=WS · mercado=linear · estado=ACECHANDO · dir=— · 0=245.5 · Oz=— · Red=— · manos=ON · pos=flat · latido=1.50s
[RANGO] autosello BCH · ACECHANDO · Oz=0.0 link=— · manos_feria_informe.json
[RANGO] BCHUSDT_LINEAL last=245.5 · río=WS · mercado=linear · estado=ACECHANDO · dir=— · 0=245.5 · Oz=— · Red=— · manos=ON · pos=flat · latido=1.50s
[2026-08-31 09:54:17] [TUSK] RECONCILIACIÓN: POWERUSDT_LINEAL: interno L:0.000000/S:516.000000 -> real L:0.000000/S:645.000000
[2026-08-31 09:54:17] [TUSK] RECONCILIACIÓN_OK: 1 frentes alineados con exchange
[RANGO] autosello BCH · ACECHANDO · Oz=0.0 link=— · manos_feria_informe.json
[RANGO] BCHUSDT_LINEAL last=245.4 · río=WS · mercado=linear · estado=ACECHANDO · dir=— · 0=245.5 · Oz=— · Red=— · manos=ON · pos=flat · latido=1.50s
[RANGO] BCHUSDT_LINEAL last=245.3 · río=WS · mercado=linear · estado=ACECHANDO · dir=— · 0=245.5 · Oz=— · Red=— · manos=ON · pos=flat · latido=1.50s
[RANGO] autosello BCH · ACECHANDO · Oz=0.0 link=— · manos_feria_informe.json
[RANGO] BCHUSDT_LINEAL last=245.4 · río=WS · mercado=linear · estado=ACECHANDO · dir=— · 0=245.5 · Oz=— · Red=— · manos=ON · pos=flat · latido=1.50s
[RANGO] autosello BCH · ACECHANDO · Oz=0.0 link=— · manos_feria_informe.json
[RANGO] BCHUSDT_LINEAL last=245.5 · río=WS · mercado=linear · estado=ACECHANDO · dir=— · 0=245.5 · Oz=— · Red=— · manos=ON · pos=flat · latido=1.50s
[RANGO] BCHUSDT_LINEAL last=245.4 · río=WS · mercado=linear · estado=ACECHANDO · dir=— · 0=245.5 · Oz=— · Red=— · manos=ON · pos=flat · latido=1.50s
[RANGO] autosello BCH · ACECHANDO · Oz=0.0 link=— · manos_feria_informe.json
[RANGO] BCHUSDT_LINEAL last=245.5 · río=WS · mercado=linear · estado=ACECHANDO · dir=— · 0=245.5 · Oz=— · Red=— · manos=ON · pos=flat · latido=1.50s
[2026-08-31 09:55:18] [TUSK] RECONCILIACIÓN: SNXXUSDT_LINEAL: interno L:6.470000/S:0.000000 -> real L:6.850000/S:0.000000
[2026-08-31 09:55:18] [TUSK] RECONCILIACIÓN_OK: 1 frentes alineados con exchange
[RANGO] autosello BCH · ACECHANDO · Oz=0.0 link=— · manos_feria_informe.json
[RANGO] BCHUSDT_LINEAL last=245.4 · río=WS · mercado=linear · estado=ACECHANDO · dir=— · 0=245.5 · Oz=— · Red=— · manos=ON · pos=flat · latido=1.50s
[RANGO] BCHUSDT_LINEAL last=245.6 · río=WS · mercado=linear · estado=ACECHANDO · dir=— · 0=245.5 · Oz=— · Red=— · manos=ON · pos=flat · latido=1.50s
[RANGO] autosello BCH · ACECHANDO · Oz=0.0 link=— · manos_feria_informe.json
[RANGO] BCHUSDT_LINEAL last=245.5 · río=WS · mercado=linear · estado=ACECHANDO · dir=— · 0=245.5 · Oz=— · Red=— · manos=ON · pos=flat · latido=1.50s
[RANGO] autosello BCH · ACECHANDO · Oz=0.0 link=— · manos_feria_informe.json
[RANGO] BCHUSDT_LINEAL last=245.4 · río=WS · mercado=linear · estado=ACECHANDO · dir=— · 0=245.5 · Oz=— · Red=— · manos=ON · pos=flat · latido=1.50s
[RANGO] BCHUSDT_LINEAL last=245.4 · río=WS · mercado=linear · estado=ACECHANDO · dir=— · 0=245.5 · Oz=— · Red=— · manos=ON · pos=flat · latido=1.50s
[RANGO] autosello BCH · ACECHANDO · Oz=0.0 link=— · manos_feria_informe.json
[RANGO] BCHUSDT_LINEAL last=245.4 · río=WS · mercado=linear · estado=ACECHANDO · dir=— · 0=245.5 · Oz=— · Red=— · manos=ON · pos=flat · latido=1.50s
[2026-08-31 09:56:20] [TUSK] RECONCILIACIÓN: POWERUSDT_LINEAL: interno L:0.000000/S:645.000000 -> real L:0.000000/S:590.000000
[2026-08-31 09:56:20] [TUSK] RECONCILIACIÓN: ROSEUSDT_LINEAL: interno L:0.000000/S:0.000000 -> real L:0.000000/S:2258.000000
[2026-08-31 09:56:20] [TUSK] RECONCILIACIÓN_FANTASMA: LITUSDT_LINEAL existe interno pero no en exchange -> reseteando
[2026-08-31 09:56:20] [TUSK] RECONCILIACIÓN_OK: 3 frentes alineados con exchange
[RANGO] autosello BCH · ACECHANDO · Oz=0.0 link=— · manos_feria_informe.json
[RANGO] BCHUSDT_LINEAL last=245.4 · río=WS · mercado=linear · estado=ACECHANDO · dir=— · 0=245.5 · Oz=— · Red=— · manos=ON · pos=flat · latido=1.50s
[RANGO] BCHUSDT_LINEAL last=245.4 · río=WS · mercado=linear · estado=ACECHANDO · dir=— · 0=245.5 · Oz=— · Red=— · manos=ON · pos=flat · latido=1.50s
[RANGO] autosello BCH · ACECHANDO · Oz=0.0 link=— · manos_feria_informe.json
[RANGO] BCHUSDT_LINEAL last=245.5 · río=WS · mercado=linear · estado=ACECHANDO · dir=— · 0=245.5 · Oz=— · Red=— · manos=ON · pos=flat · latido=1.50s
[RANGO] autosello BCH · ACECHANDO · Oz=0.0 link=— · manos_feria_informe.json
[RANGO] BCHUSDT_LINEAL last=245.4 · río=WS · mercado=linear · estado=ACECHANDO · dir=— · 0=245.5 · Oz=— · Red=— · manos=ON · pos=flat · latido=1.50s
[RANGO] BCHUSDT_LINEAL last=245.4 · río=WS · mercado=linear · estado=ACECHANDO · dir=— · 0=245.5 · Oz=— · Red=— · manos=ON · pos=flat · latido=1.50s
[RANGO] autosello BCH · ACECHANDO · Oz=0.0 link=— · manos_feria_informe.json
[RANGO] BCHUSDT_LINEAL last=245.4 · río=WS · mercado=linear · estado=ACECHANDO · dir=— · 0=245.5 · Oz=— · Red=— · manos=ON · pos=flat · latido=1.50s
[2026-08-31 09:57:21] [TUSK] RECONCILIACIÓN: INTWUSDT_LINEAL: interno L:0.000000/S:0.000000 -> real L:2.680000/S:0.000000
[2026-08-31 09:57:21] [TUSK] RECONCILIACIÓN_FANTASMA: CHIPUSDT_LINEAL existe interno pero no en exchange -> reseteando
[2026-08-31 09:57:21] [TUSK] RECONCILIACIÓN_OK: 2 frentes alineados con exchange
[RANGO] autosello BCH · ACECHANDO · Oz=0.0 link=— · manos_feria_informe.json
[RANGO] BCHUSDT_LINEAL last=245.5 · río=WS · mercado=linear · estado=ACECHANDO · dir=— · 0=245.5 · Oz=— · Red=— · manos=ON · pos=flat · latido=1.50s
[RANGO] BCHUSDT_LINEAL last=245.4 · río=WS · mercado=linear · estado=ACECHANDO · dir=— · 0=245.5 · Oz=— · Red=— · manos=ON · pos=flat · latido=1.50s
[RANGO] autosello BCH · ACECHANDO · Oz=0.0 link=— · manos_feria_informe.json
[RANGO] BCHUSDT_LINEAL last=245.3 · río=WS · mercado=linear · estado=ACECHANDO · dir=— · 0=245.5 · Oz=— · Red=— · manos=ON · pos=flat · latido=1.50s
[RANGO] autosello BCH · ACECHANDO · Oz=0.0 link=— · manos_feria_informe.json
[RANGO] BCHUSDT_LINEAL last=245.4 · río=WS · mercado=linear · estado=ACECHANDO · dir=— · 0=245.5 · Oz=— · Red=— · manos=ON · pos=flat · latido=1.50s
[RANGO] BCHUSDT_LINEAL last=245.4 · río=WS · mercado=linear · estado=ACECHANDO · dir=— · 0=245.5 · Oz=— · Red=— · manos=ON · pos=flat · latido=1.50s
[RANGO] autosello BCH · ACECHANDO · Oz=0.0 link=— · manos_feria_informe.json
[RANGO] BCHUSDT_LINEAL last=245.3 · río=WS · mercado=linear · estado=ACECHANDO · dir=— · 0=245.5 · Oz=— · Red=— · manos=ON · pos=flat · latido=1.50s
[RANGO] autosello BCH · ACECHANDO · Oz=0.0 link=— · manos_feria_informe.json
[RANGO] BCHUSDT_LINEAL last=245.3 · río=WS · mercado=linear · estado=ACECHANDO · dir=— · 0=245.5 · Oz=— · Red=— · manos=ON · pos=flat · latido=1.50s
[2026-08-31 09:58:22] [TUSK] RECONCILIACIÓN: POWERUSDT_LINEAL: interno L:0.000000/S:590.000000 -> real L:0.000000/S:523.000000
[2026-08-31 09:58:22] [TUSK] RECONCILIACIÓN_OK: 1 frentes alineados con exchange
[RANGO] BCHUSDT_LINEAL last=245.33 · río=WS · mercado=linear · estado=ACECHANDO · dir=— · 0=245.5 · Oz=— · Red=— · manos=ON · pos=flat · latido=1.50s
[RANGO] autosello BCH · ACECHANDO · Oz=0.0 link=— · manos_feria_informe.json
[RANGO] BCHUSDT_LINEAL last=245.3 · río=WS · mercado=linear · estado=ACECHANDO · dir=— · 0=245.5 · Oz=— · Red=— · manos=ON · pos=flat · latido=1.50s
[RANGO] autosello BCH · ACECHANDO · Oz=0.0 link=— · manos_feria_informe.json
[RANGO] BCHUSDT_LINEAL last=245.2 · río=WS · mercado=linear · estado=ACECHANDO · dir=— · 0=245.5 · Oz=— · Red=— · manos=ON · pos=flat · latido=1.50s
[RANGO] BCHUSDT_LINEAL last=245.2 · río=WS · mercado=linear · estado=ACECHANDO · dir=— · 0=245.5 · Oz=— · Red=— · manos=ON · pos=flat · latido=1.50s
[RANGO] autosello BCH · ACECHANDO · Oz=0.0 link=— · manos_feria_informe.json
[RANGO] BCHUSDT_LINEAL last=245.3 · río=WS · mercado=linear · estado=ACECHANDO · dir=— · 0=245.5 · Oz=— · Red=— · manos=ON · pos=flat · latido=1.50s
[RANGO] autosello BCH · ACECHANDO · Oz=0.0 link=— · manos_feria_informe.json
[RANGO] BCHUSDT_LINEAL last=245.3 · río=WS · mercado=linear · estado=ACECHANDO · dir=— · 0=245.5 · Oz=— · Red=— · manos=ON · pos=flat · latido=1.50s
[2026-08-31 09:59:24] [TUSK] RECONCILIACIÓN: MVLLUSDT_LINEAL: interno L:0.000000/S:0.000000 -> real L:3.770000/S:0.000000
[2026-08-31 09:59:24] [TUSK] RECONCILIACIÓN_FANTASMA: NILUSDT_LINEAL existe interno pero no en exchange -> reseteando
[2026-08-31 09:59:24] [TUSK] RECONCILIACIÓN_OK: 2 frentes alineados con exchange
[RANGO] BCHUSDT_LINEAL last=245.2 · río=WS · mercado=linear · estado=ACECHANDO · dir=— · 0=245.5 · Oz=— · Red=— · manos=ON · pos=flat · latido=1.50s
[RANGO] autosello BCH · ACECHANDO · Oz=0.0 link=— · manos_feria_informe.json
[RANGO] BCHUSDT_LINEAL last=245.25 · río=WS · mercado=linear · estado=ACECHANDO · dir=— · 0=245.5 · Oz=— · Red=— · manos=ON · pos=flat · latido=1.50s
[RANGO] autosello BCH · ACECHANDO · Oz=0.0 link=— · manos_feria_informe.json
[RANGO] BCHUSDT_LINEAL last=245.3 · río=WS · mercado=linear · estado=ACECHANDO · dir=— · 0=245.5 · Oz=— · Red=— · manos=ON · pos=flat · latido=1.50s
[RANGO] BCHUSDT_LINEAL last=245.22 · río=WS · mercado=linear · estado=ACECHANDO · dir=— · 0=245.5 · Oz=— · Red=— · manos=ON · pos=flat · latido=1.50s
[RANGO] autosello BCH · ACECHANDO · Oz=0.0 link=— · manos_feria_informe.json
[RANGO] BCHUSDT_LINEAL last=245.1 · río=WS · mercado=linear · estado=ACECHANDO · dir=— · 0=245.5 · Oz=— · Red=— · manos=ON · pos=flat · latido=1.50s
[RANGO] autosello BCH · ACECHANDO · Oz=0.0 link=— · manos_feria_informe.json
[RANGO] BCHUSDT_LINEAL last=245.1 · río=WS · mercado=linear · estado=ACECHANDO · dir=— · 0=245.5 · Oz=— · Red=— · manos=ON · pos=flat · latido=1.50s
[2026-08-31 10:00:25] [TUSK] RECONCILIACIÓN: LSKUSDT_LINEAL: interno L:0.000000/S:0.000000 -> real L:94.400000/S:0.000000
[2026-08-31 10:00:25] [TUSK] RECONCILIACIÓN: CRDOUSDT_LINEAL: interno L:0.000000/S:0.000000 -> real L:0.140000/S:0.000000
[2026-08-31 10:00:25] [TUSK] RECONCILIACIÓN: XLMUSDT_LINEAL: interno L:0.000000/S:0.000000 -> real L:334.000000/S:0.000000
[2026-08-31 10:00:25] [TUSK] RECONCILIACIÓN: BATUSDT_LINEAL: interno L:0.000000/S:0.000000 -> real L:277.700000/S:0.000000
[2026-08-31 10:00:25] [TUSK] RECONCILIACIÓN: DASHUSDT_LINEAL: interno L:0.000000/S:0.000000 -> real L:0.000000/S:0.340000
[2026-08-31 10:00:25] [TUSK] RECONCILIACIÓN: SPACEUSDT_LINEAL: interno L:0.000000/S:0.000000 -> real L:3640.000000/S:0.000000
[2026-08-31 10:00:25] [TUSK] RECONCILIACIÓN: HYUNDAIUSDT_LINEAL: interno L:0.000000/S:0.000000 -> real L:0.200000/S:0.000000
[2026-08-31 10:00:25] [TUSK] RECONCILIACIÓN: ORCLUSDT_LINEAL: interno L:0.000000/S:0.000000 -> real L:0.090000/S:0.000000
[2026-08-31 10:00:25] [TUSK] RECONCILIACIÓN: ZBCNUSDT_LINEAL: interno L:0.000000/S:0.000000 -> real L:9700.000000/S:0.000000
[2026-08-31 10:00:25] [TUSK] RECONCILIACIÓN: APLDUSDT_LINEAL: interno L:0.000000/S:0.000000 -> real L:0.880000/S:0.000000
[2026-08-31 10:00:25] [TUSK] RECONCILIACIÓN: WDCUSDT_LINEAL: interno L:0.000000/S:0.000000 -> real L:0.020000/S:0.000000
[2026-08-31 10:00:25] [TUSK] RECONCILIACIÓN: AIGENSYNUSDT_LINEAL: interno L:0.000000/S:0.000000 -> real L:1230.000000/S:0.000000
[2026-08-31 10:00:25] [TUSK] RECONCILIACIÓN: CIENUSDT_LINEAL: interno L:0.000000/S:0.000000 -> real L:0.020000/S:0.000000
[2026-08-31 10:00:25] [TUSK] RECONCILIACIÓN: INTCUSDT_LINEAL: interno L:0.000000/S:0.000000 -> real L:0.130000/S:0.000000
[2026-08-31 10:00:25] [TUSK] RECONCILIACIÓN: SAFEUSDT_LINEAL: interno L:0.000000/S:0.000000 -> real L:0.000000/S:46.600000
[2026-08-31 10:00:25] [TUSK] RECONCILIACIÓN: SKHYUSDT_LINEAL: interno L:0.000000/S:0.000000 -> real L:0.260000/S:0.000000
[2026-08-31 10:00:25] [TUSK] RECONCILIACIÓN_FANTASMA: BIOUSDT_LINEAL existe interno pero no en exchange -> reseteando
[2026-08-31 10:00:25] [TUSK] RECONCILIACIÓN_FANTASMA: PLTRUSDT_LINEAL existe interno pero no en exchange -> reseteando
[2026-08-31 10:00:25] [TUSK] RECONCILIACIÓN_FANTASMA: SNXXUSDT_LINEAL existe interno pero no en exchange -> reseteando
[2026-08-31 10:00:25] [TUSK] RECONCILIACIÓN_FANTASMA: MVLLUSDT_LINEAL existe interno pero no en exchange -> reseteando
[2026-08-31 10:00:25] [TUSK] RECONCILIACIÓN_FANTASMA: INTWUSDT_LINEAL existe interno pero no en exchange -> reseteando
[2026-08-31 10:00:25] [TUSK] RECONCILIACIÓN_FANTASMA: AXTIUSDT_LINEAL existe interno pero no en exchange -> reseteando
[2026-08-31 10:00:25] [TUSK] RECONCILIACIÓN_FANTASMA: SAMSUNGUSDT_LINEAL existe interno pero no en exchange -> reseteando
[2026-08-31 10:00:25] [TUSK] RECONCILIACIÓN_FANTASMA: NBISUSDT_LINEAL existe interno pero no en exchange -> reseteando
[2026-08-31 10:00:25] [TUSK] RECONCILIACIÓN_FANTASMA: ZKPUSDT_LINEAL existe interno pero no en exchange -> reseteando
[2026-08-31 10:00:25] [TUSK] RECONCILIACIÓN_FANTASMA: MSTRUSDT_LINEAL existe interno pero no en exchange -> reseteando
[2026-08-31 10:00:25] [TUSK] RECONCILIACIÓN_FANTASMA: PURRUSDT_LINEAL existe interno pero no en exchange -> reseteando
[2026-08-31 10:00:25] [TUSK] RECONCILIACIÓN_FANTASMA: MUBARAKUSDT_LINEAL existe interno pero no en exchange -> reseteando
[2026-08-31 10:00:25] [TUSK] RECONCILIACIÓN_FANTASMA: FWDIUSDT_LINEAL existe interno pero no en exchange -> reseteando
[2026-08-31 10:00:25] [TUSK] RECONCILIACIÓN_FANTASMA: SHAZUSDT_LINEAL existe interno pero no en exchange -> reseteando
[2026-08-31 10:00:25] [TUSK] RECONCILIACIÓN_FANTASMA: HYPEUSDT_LINEAL existe interno pero no en exchange -> reseteando
[2026-08-31 10:00:25] [TUSK] RECONCILIACIÓN_FANTASMA: ROSEUSDT_LINEAL existe interno pero no en exchange -> reseteando
[2026-08-31 10:00:25] [TUSK] RECONCILIACIÓN_OK: 32 frentes alineados con exchange
[RANGO] BCHUSDT_LINEAL last=245.0 · río=WS · mercado=linear · estado=ACECHANDO · dir=— · 0=245.5 · Oz=— · Red=— · manos=ON · pos=flat · latido=1.50s
[RANGO] autosello BCH · ACECHANDO · Oz=0.0 link=— · manos_feria_informe.json
[RANGO] BCHUSDT_LINEAL last=245.2 · río=WS · mercado=linear · estado=ACECHANDO · dir=— · 0=245.5 · Oz=— · Red=— · manos=ON · pos=flat · latido=1.50s
[RANGO] autosello BCH · ACECHANDO · Oz=0.0 link=— · manos_feria_informe.json
[RANGO] BCHUSDT_LINEAL last=244.9 · río=WS · mercado=linear · estado=ACECHANDO · dir=— · 0=245.5 · Oz=— · Red=— · manos=ON · pos=flat · latido=1.50s
[RANGO] BCHUSDT_LINEAL last=244.9 · río=WS · mercado=linear · estado=ACECHANDO · dir=— · 0=245.5 · Oz=— · Red=— · manos=ON · pos=flat · latido=1.50s
[RANGO] autosello BCH · ACECHANDO · Oz=0.0 link=— · manos_feria_informe.json
[RANGO] BCHUSDT_LINEAL last=244.9 · río=WS · mercado=linear · estado=ACECHANDO · dir=— · 0=245.5 · Oz=— · Red=— · manos=ON · pos=flat · latido=1.50s
[RANGO] autosello BCH · ACECHANDO · Oz=0.0 link=— · manos_feria_informe.json
[RANGO] BCHUSDT_LINEAL last=244.9 · río=WS · mercado=linear · estado=ACECHANDO · dir=— · 0=245.5 · Oz=— · Red=— · manos=ON · pos=flat · latido=1.50s
[2026-08-31 10:01:26] [TUSK] RECONCILIACIÓN: POWERUSDT_LINEAL: interno L:0.000000/S:523.000000 -> real L:0.000000/S:364.000000
[2026-08-31 10:01:26] [TUSK] RECONCILIACIÓN: KNCUSDT_LINEAL: interno L:0.000000/S:0.000000 -> real L:354.100000/S:0.000000
[2026-08-31 10:01:26] [TUSK] RECONCILIACIÓN_FANTASMA: SKHYUSDT_LINEAL existe interno pero no en exchange -> reseteando
[2026-08-31 10:01:26] [TUSK] RECONCILIACIÓN_OK: 3 frentes alineados con exchange
[RANGO] BCHUSDT_LINEAL last=244.8 · río=WS · mercado=linear · estado=ACECHANDO · dir=— · 0=245.5 · Oz=— · Red=— · manos=ON · pos=flat · latido=1.50s
[RANGO] autosello BCH · ACECHANDO · Oz=0.0 link=— · manos_feria_informe.json
[RANGO] BCHUSDT_LINEAL last=245.04 · río=WS · mercado=linear · estado=ACECHANDO · dir=— · 0=245.5 · Oz=— · Red=— · manos=ON · pos=flat · latido=1.50s
[RANGO] autosello BCH · ACECHANDO · Oz=0.0 link=— · manos_feria_informe.json
[RANGO] BCHUSDT_LINEAL last=245.1 · río=WS · mercado=linear · estado=ACECHANDO · dir=— · 0=245.5 · Oz=— · Red=— · manos=ON · pos=flat · latido=1.50s
[RANGO] BCHUSDT_LINEAL last=245.3 · río=WS · mercado=linear · estado=ACECHANDO · dir=— · 0=245.5 · Oz=— · Red=— · manos=ON · pos=flat · latido=1.50s
[RANGO] autosello BCH · ACECHANDO · Oz=0.0 link=— · manos_feria_informe.json
[RANGO] BCHUSDT_LINEAL last=245.2 · río=WS · mercado=linear · estado=ACECHANDO · dir=— · 0=245.5 · Oz=— · Red=— · manos=ON · pos=flat · latido=1.50s
[RANGO] autosello BCH · ACECHANDO · Oz=0.0 link=— · manos_feria_informe.json
[RANGO] BCHUSDT_LINEAL last=245.3 · río=WS · mercado=linear · estado=ACECHANDO · dir=— · 0=245.5 · Oz=— · Red=— · manos=ON · pos=flat · latido=1.50s
[RANGO] BCHUSDT_LINEAL last=245.5 · río=WS · mercado=linear · estado=ACECHANDO · dir=— · 0=245.5 · Oz=— · Red=— · manos=ON · pos=flat · latido=1.50s
[RANGO] autosello BCH · ACECHANDO · Oz=0.0 link=— · manos_feria_informe.json
[RANGO] BCHUSDT_LINEAL last=245.5 · río=WS · mercado=linear · estado=ACECHANDO · dir=— · 0=245.5 · Oz=— · Red=— · manos=ON · pos=flat · latido=1.50s
[RANGO] autosello BCH · ACECHANDO · Oz=0.0 link=— · manos_feria_informe.json
[RANGO] BCHUSDT_LINEAL last=245.5 · río=WS · mercado=linear · estado=ACECHANDO · dir=— · 0=245.5 · Oz=— · Red=— · manos=ON · pos=flat · latido=1.50s
[RANGO] BCHUSDT_LINEAL last=245.6 · río=WS · mercado=linear · estado=ACECHANDO · dir=— · 0=245.5 · Oz=— · Red=— · manos=ON · pos=flat · latido=1.50s
[RANGO] autosello BCH · ACECHANDO · Oz=0.0 link=— · manos_feria_informe.json
[RANGO] BCHUSDT_LINEAL last=245.5 · río=WS · mercado=linear · estado=ACECHANDO · dir=— · 0=245.5 · Oz=— · Red=— · manos=ON · pos=flat · latido=1.50s
[RANGO] autosello BCH · ACECHANDO · Oz=0.0 link=— · manos_feria_informe.json
[RANGO] BCHUSDT_LINEAL last=245.5 · río=WS · mercado=linear · estado=ACECHANDO · dir=— · 0=245.5 · Oz=— · Red=— · manos=ON · pos=flat · latido=1.50s
[2026-08-31 10:03:29] [TUSK] RECONCILIACIÓN: FWDIUSDT_LINEAL: interno L:0.000000/S:0.000000 -> real L:0.000000/S:5.100000
[2026-08-31 10:03:29] [TUSK] RECONCILIACIÓN: NBISUSDT_LINEAL: interno L:0.000000/S:0.000000 -> real L:0.000000/S:0.050000
[2026-08-31 10:03:29] [TUSK] RECONCILIACIÓN: RDWUSDT_LINEAL: interno L:0.000000/S:0.000000 -> real L:0.700000/S:0.000000
[2026-08-31 10:03:29] [TUSK] RECONCILIACIÓN_FANTASMA: CIENUSDT_LINEAL existe interno pero no en exchange -> reseteando
[2026-08-31 10:03:29] [TUSK] RECONCILIACIÓN_FANTASMA: INTCUSDT_LINEAL existe interno pero no en exchange -> reseteando
[2026-08-31 10:03:29] [TUSK] RECONCILIACIÓN_FANTASMA: SAFEUSDT_LINEAL existe interno pero no en exchange -> reseteando
[2026-08-31 10:03:29] [TUSK] RECONCILIACIÓN_OK: 6 frentes alineados con exchange
[RANGO] BCHUSDT_LINEAL last=245.4 · río=WS · mercado=linear · estado=ACECHANDO · dir=— · 0=245.5 · Oz=— · Red=— · manos=ON · pos=flat · latido=1.50s
[RANGO] autosello BCH · ACECHANDO · Oz=0.0 link=— · manos_feria_informe.json
[RANGO] BCHUSDT_LINEAL last=245.3 · río=WS · mercado=linear · estado=ACECHANDO · dir=— · 0=245.5 · Oz=— · Red=— · manos=ON · pos=flat · latido=1.50s
[RANGO] autosello BCH · ACECHANDO · Oz=0.0 link=— · manos_feria_informe.json
[RANGO] BCHUSDT_LINEAL last=245.3 · río=WS · mercado=linear · estado=ACECHANDO · dir=— · 0=245.5 · Oz=— · Red=— · manos=ON · pos=flat · latido=1.50s
[RANGO] BCHUSDT_LINEAL last=245.3 · río=WS · mercado=linear · estado=ACECHANDO · dir=— · 0=245.5 · Oz=— · Red=— · manos=ON · pos=flat · latido=1.50s
[RANGO] autosello BCH · ACECHANDO · Oz=0.0 link=— · manos_feria_informe.json
[RANGO] BCHUSDT_LINEAL last=245.31 · río=WS · mercado=linear · estado=ACECHANDO · dir=— · 0=245.5 · Oz=— · Red=— · manos=ON · pos=flat · latido=1.50s
[RANGO] autosello BCH · ACECHANDO · Oz=0.0 link=— · manos_feria_informe.json
[RANGO] BCHUSDT_LINEAL last=245.32 · río=WS · mercado=linear · estado=ACECHANDO · dir=— · 0=245.5 · Oz=— · Red=— · manos=ON · pos=flat · latido=1.50s
[RANGO] BCHUSDT_LINEAL last=245.3 · río=WS · mercado=linear · estado=ACECHANDO · dir=— · 0=245.5 · Oz=— · Red=— · manos=ON · pos=flat · latido=1.50s
[RANGO] autosello BCH · ACECHANDO · Oz=0.0 link=— · manos_feria_informe.json
[RANGO] BCHUSDT_LINEAL last=245.1 · río=WS · mercado=linear · estado=ACECHANDO · dir=— · 0=245.5 · Oz=— · Red=— · manos=ON · pos=flat · latido=1.50s
[RANGO] autosello BCH · ACECHANDO · Oz=0.0 link=— · manos_feria_informe.json
[RANGO] BCHUSDT_LINEAL last=245.1 · río=WS · mercado=linear · estado=ACECHANDO · dir=— · 0=245.5 · Oz=— · Red=— · manos=ON · pos=flat · latido=1.50s
[RANGO] BCHUSDT_LINEAL last=245.1 · río=WS · mercado=linear · estado=ACECHANDO · dir=— · 0=245.5 · Oz=— · Red=— · manos=ON · pos=flat · latido=1.50s
[RANGO] autosello BCH · ACECHANDO · Oz=0.0 link=— · manos_feria_informe.json
[RANGO] BCHUSDT_LINEAL last=245.0 · río=WS · mercado=linear · estado=ACECHANDO · dir=— · 0=245.5 · Oz=— · Red=— · manos=ON · pos=flat · latido=1.50s
[RANGO] autosello BCH · ACECHANDO · Oz=0.0 link=— · manos_feria_informe.json
[RANGO] BCHUSDT_LINEAL last=245.2 · río=WS · mercado=linear · estado=ACECHANDO · dir=— · 0=245.5 · Oz=— · Red=— · manos=ON · pos=flat · latido=1.50s
[2026-08-31 10:05:31] [TUSK] RECONCILIACIÓN: NILUSDT_LINEAL: interno L:0.000000/S:0.000000 -> real L:222.000000/S:0.000000
[2026-08-31 10:05:31] [TUSK] RECONCILIACIÓN: KORUUSDT_LINEAL: interno L:0.000000/S:0.000000 -> real L:0.000000/S:4.620000
[2026-08-31 10:05:31] [TUSK] RECONCILIACIÓN: PLTRUSDT_LINEAL: interno L:0.000000/S:0.000000 -> real L:0.030000/S:0.000000
[2026-08-31 10:05:31] [TUSK] RECONCILIACIÓN_FANTASMA: WDCUSDT_LINEAL existe interno pero no en exchange -> reseteando
[2026-08-31 10:05:31] [TUSK] RECONCILIACIÓN_FANTASMA: SYRUPUSDT_LINEAL existe interno pero no en exchange -> reseteando
[2026-08-31 10:05:31] [TUSK] RECONCILIACIÓN_FANTASMA: AIGENSYNUSDT_LINEAL existe interno pero no en exchange -> reseteando
[2026-08-31 10:05:31] [TUSK] RECONCILIACIÓN_OK: 6 frentes alineados con exchange
[RANGO] BCHUSDT_LINEAL last=245.1 · río=WS · mercado=linear · estado=ACECHANDO · dir=— · 0=245.5 · Oz=— · Red=— · manos=ON · pos=flat · latido=1.50s
[RANGO] autosello BCH · ACECHANDO · Oz=0.0 link=— · manos_feria_informe.json
[RANGO] BCHUSDT_LINEAL last=245.1 · río=WS · mercado=linear · estado=ACECHANDO · dir=— · 0=245.5 · Oz=— · Red=— · manos=ON · pos=flat · latido=1.50s
[RANGO] autosello BCH · ACECHANDO · Oz=0.0 link=— · manos_feria_informe.json
[RANGO] BCHUSDT_LINEAL last=245.2 · río=WS · mercado=linear · estado=ACECHANDO · dir=— · 0=245.5 · Oz=— · Red=— · manos=ON · pos=flat · latido=1.50s
[RANGO] BCHUSDT_LINEAL last=245.1 · río=WS · mercado=linear · estado=ACECHANDO · dir=— · 0=245.5 · Oz=— · Red=— · manos=ON · pos=flat · latido=1.50s
[RANGO] autosello BCH · ACECHANDO · Oz=0.0 link=— · manos_feria_informe.json
[RANGO] BCHUSDT_LINEAL last=245.1 · río=WS · mercado=linear · estado=ACECHANDO · dir=— · 0=245.5 · Oz=— · Red=— · manos=ON · pos=flat · latido=1.50s
[RANGO] autosello BCH · ACECHANDO · Oz=0.0 link=— · manos_feria_informe.json
[RANGO] BCHUSDT_LINEAL last=245.1 · río=WS · mercado=linear · estado=ACECHANDO · dir=— · 0=245.5 · Oz=— · Red=— · manos=ON · pos=flat · latido=1.50s
[2026-08-31 10:06:32] [TUSK] RECONCILIACIÓN: TWTUSDT_LINEAL: interno L:0.000000/S:0.000000 -> real L:48.800000/S:0.000000
[2026-08-31 10:06:32] [TUSK] RECONCILIACIÓN: ZEREBROUSDT_LINEAL: interno L:0.000000/S:0.000000 -> real L:0.000000/S:556.000000
[2026-08-31 10:06:32] [TUSK] RECONCILIACIÓN_FANTASMA: ZBCNUSDT_LINEAL existe interno pero no en exchange -> reseteando
[2026-08-31 10:06:32] [TUSK] RECONCILIACIÓN_FANTASMA: APLDUSDT_LINEAL existe interno pero no en exchange -> reseteando
[2026-08-31 10:06:32] [TUSK] RECONCILIACIÓN_OK: 4 frentes alineados con exchange
[RANGO] BCHUSDT_LINEAL last=245.1 · río=WS · mercado=linear · estado=ACECHANDO · dir=— · 0=245.5 · Oz=— · Red=— · manos=ON · pos=flat · latido=1.50s
[RANGO] autosello BCH · ACECHANDO · Oz=0.0 link=— · manos_feria_informe.json
[RANGO] BCHUSDT_LINEAL last=245.3 · río=WS · mercado=linear · estado=ACECHANDO · dir=— · 0=245.5 · Oz=— · Red=— · manos=ON · pos=flat · latido=1.50s
[RANGO] autosello BCH · ACECHANDO · Oz=0.0 link=— · manos_feria_informe.json
[RANGO] BCHUSDT_LINEAL last=245.2 · río=WS · mercado=linear · estado=ACECHANDO · dir=— · 0=245.5 · Oz=— · Red=— · manos=ON · pos=flat · latido=1.50s
[RANGO] BCHUSDT_LINEAL last=245.2 · río=WS · mercado=linear · estado=ACECHANDO · dir=— · 0=245.5 · Oz=— · Red=— · manos=ON · pos=flat · latido=1.50s
[RANGO] autosello BCH · ACECHANDO · Oz=0.0 link=— · manos_feria_informe.json
[RANGO] BCHUSDT_LINEAL last=245.0 · río=WS · mercado=linear · estado=ACECHANDO · dir=— · 0=245.5 · Oz=— · Red=— · manos=ON · pos=flat · latido=1.50s
[RANGO] autosello BCH · ACECHANDO · Oz=0.0 link=— · manos_feria_informe.json
[RANGO] BCHUSDT_LINEAL last=245.1 · río=WS · mercado=linear · estado=ACECHANDO · dir=— · 0=245.5 · Oz=— · Red=— · manos=ON · pos=flat · latido=1.50s
[RANGO] BCHUSDT_LINEAL last=245.2 · río=WS · mercado=linear · estado=ACECHANDO · dir=— · 0=245.5 · Oz=— · Red=— · manos=ON · pos=flat · latido=1.50s
[RANGO] autosello BCH · ACECHANDO · Oz=0.0 link=— · manos_feria_informe.json
[RANGO] BCHUSDT_LINEAL last=245.1 · río=WS · mercado=linear · estado=ACECHANDO · dir=— · 0=245.5 · Oz=— · Red=— · manos=ON · pos=flat · latido=1.50s
[RANGO] autosello BCH · ACECHANDO · Oz=0.0 link=— · manos_feria_informe.json
[RANGO] BCHUSDT_LINEAL last=245.1 · río=WS · mercado=linear · estado=ACECHANDO · dir=— · 0=245.5 · Oz=— · Red=— · manos=ON · pos=flat · latido=1.50s
[RANGO] BCHUSDT_LINEAL last=245.1 · río=WS · mercado=linear · estado=ACECHANDO · dir=— · 0=245.5 · Oz=— · Red=— · manos=ON · pos=flat · latido=1.50s
[RANGO] autosello BCH · ACECHANDO · Oz=0.0 link=— · manos_feria_informe.json
[RANGO] BCHUSDT_LINEAL last=245.0 · río=WS · mercado=linear · estado=ACECHANDO · dir=— · 0=245.5 · Oz=— · Red=— · manos=ON · pos=flat · latido=1.50s
[RANGO] autosello BCH · ACECHANDO · Oz=0.0 link=— · manos_feria_informe.json
[RANGO] BCHUSDT_LINEAL last=245.0 · río=WS · mercado=linear · estado=ACECHANDO · dir=— · 0=245.5 · Oz=— · Red=— · manos=ON · pos=flat · latido=1.50s
[RANGO] BCHUSDT_LINEAL last=244.8 · río=WS · mercado=linear · estado=ACECHANDO · dir=— · 0=245.5 · Oz=— · Red=— · manos=ON · pos=flat · latido=1.50s
[2026-08-31 10:08:35] [TUSK] RECONCILIACIÓN: SNXXUSDT_LINEAL: interno L:0.000000/S:0.000000 -> real L:7.610000/S:0.000000
[2026-08-31 10:08:35] [TUSK] RECONCILIACIÓN: POWERUSDT_LINEAL: interno L:0.000000/S:364.000000 -> real L:0.000000/S:307.000000
[2026-08-31 10:08:35] [TUSK] RECONCILIACIÓN_FANTASMA: ORCLUSDT_LINEAL existe interno pero no en exchange -> reseteando
[2026-08-31 10:08:35] [TUSK] RECONCILIACIÓN_OK: 3 frentes alineados con exchange
[RANGO] autosello BCH · ACECHANDO · Oz=0.0 link=— · manos_feria_informe.json
[RANGO] BCHUSDT_LINEAL last=244.7 · río=WS · mercado=linear · estado=ACECHANDO · dir=— · 0=245.5 · Oz=— · Red=— · manos=ON · pos=flat · latido=1.50s
[RANGO] autosello BCH · ACECHANDO · Oz=0.0 link=— · manos_feria_informe.json
[RANGO] BCHUSDT_LINEAL last=244.7 · río=WS · mercado=linear · estado=ACECHANDO · dir=— · 0=245.5 · Oz=— · Red=— · manos=ON · pos=flat · latido=1.50s
[RANGO] BCHUSDT_LINEAL last=244.6 · río=WS · mercado=linear · estado=ACECHANDO · dir=— · 0=245.5 · Oz=— · Red=— · manos=ON · pos=flat · latido=1.50s
[RANGO] autosello BCH · ACECHANDO · Oz=0.0 link=— · manos_feria_informe.json
[RANGO] BCHUSDT_LINEAL last=244.8 · río=WS · mercado=linear · estado=ACECHANDO · dir=— · 0=245.5 · Oz=— · Red=— · manos=ON · pos=flat · latido=1.50s
[RANGO] autosello BCH · ACECHANDO · Oz=0.0 link=— · manos_feria_informe.json
[RANGO] BCHUSDT_LINEAL last=244.7 · río=WS · mercado=linear · estado=ACECHANDO · dir=— · 0=245.5 · Oz=— · Red=— · manos=ON · pos=flat · latido=1.50s
[RANGO] BCHUSDT_LINEAL last=244.7 · río=WS · mercado=linear · estado=ACECHANDO · dir=— · 0=245.5 · Oz=— · Red=— · manos=ON · pos=flat · latido=1.50s
[2026-08-31 10:09:36] [TUSK] RECONCILIACIÓN: AXTIUSDT_LINEAL: interno L:0.000000/S:0.000000 -> real L:1.690000/S:0.000000
[2026-08-31 10:09:36] [TUSK] RECONCILIACIÓN: XANUSDT_LINEAL: interno L:0.000000/S:982.000000 -> real L:0.000000/S:542.000000
[2026-08-31 10:09:36] [TUSK] RECONCILIACIÓN_FANTASMA: HYUNDAIUSDT_LINEAL existe interno pero no en exchange -> reseteando
[2026-08-31 10:09:36] [TUSK] RECONCILIACIÓN_OK: 3 frentes alineados con exchange
[RANGO] autosello BCH · ACECHANDO · Oz=0.0 link=— · manos_feria_informe.json
[RANGO] BCHUSDT_LINEAL last=244.7 · río=WS · mercado=linear · estado=ACECHANDO · dir=— · 0=245.5 · Oz=— · Red=— · manos=ON · pos=flat · latido=1.50s
[RANGO] autosello BCH · ACECHANDO · Oz=0.0 link=— · manos_feria_informe.json
[RANGO] BCHUSDT_LINEAL last=244.9 · río=WS · mercado=linear · estado=ACECHANDO · dir=— · 0=245.5 · Oz=— · Red=— · manos=ON · pos=flat · latido=1.50s
[RANGO] BCHUSDT_LINEAL last=244.9 · río=WS · mercado=linear · estado=ACECHANDO · dir=— · 0=245.5 · Oz=— · Red=— · manos=ON · pos=flat · latido=1.50s
[RANGO] autosello BCH · ACECHANDO · Oz=0.0 link=— · manos_feria_informe.json
[RANGO] BCHUSDT_LINEAL last=245.0 · río=WS · mercado=linear · estado=ACECHANDO · dir=— · 0=245.5 · Oz=— · Red=— · manos=ON · pos=flat · latido=1.50s
[RANGO] autosello BCH · ACECHANDO · Oz=0.0 link=— · manos_feria_informe.json
[RANGO] BCHUSDT_LINEAL last=245.0 · río=WS · mercado=linear · estado=ACECHANDO · dir=— · 0=245.5 · Oz=— · Red=— · manos=ON · pos=flat · latido=1.50s
[RANGO] BCHUSDT_LINEAL last=245.1 · río=WS · mercado=linear · estado=ACECHANDO · dir=— · 0=245.5 · Oz=— · Red=— · manos=ON · pos=flat · latido=1.50s
[2026-08-31 10:10:37] [TUSK] RECONCILIACIÓN: CHIPUSDT_LINEAL: interno L:0.000000/S:0.000000 -> real L:390.000000/S:0.000000
[2026-08-31 10:10:37] [TUSK] RECONCILIACIÓN_FANTASMA: SPACEUSDT_LINEAL existe interno pero no en exchange -> reseteando
[2026-08-31 10:10:37] [TUSK] RECONCILIACIÓN_OK: 2 frentes alineados con exchange
[RANGO] autosello BCH · ACECHANDO · Oz=0.0 link=— · manos_feria_informe.json
[RANGO] BCHUSDT_LINEAL last=245.1 · río=WS · mercado=linear · estado=ACECHANDO · dir=— · 0=245.5 · Oz=— · Red=— · manos=ON · pos=flat · latido=1.50s
[RANGO] autosello BCH · ACECHANDO · Oz=0.0 link=— · manos_feria_informe.json
[RANGO] BCHUSDT_LINEAL last=245.3 · río=WS · mercado=linear · estado=ACECHANDO · dir=— · 0=245.5 · Oz=— · Red=— · manos=ON · pos=flat · latido=1.50s
[RANGO] BCHUSDT_LINEAL last=245.2 · río=WS · mercado=linear · estado=ACECHANDO · dir=— · 0=245.5 · Oz=— · Red=— · manos=ON · pos=flat · latido=1.50s
[RANGO] autosello BCH · ACECHANDO · Oz=0.0 link=— · manos_feria_informe.json
[RANGO] BCHUSDT_LINEAL last=245.3 · río=WS · mercado=linear · estado=ACECHANDO · dir=— · 0=245.5 · Oz=— · Red=— · manos=ON · pos=flat · latido=1.50s
[RANGO] autosello BCH · ACECHANDO · Oz=0.0 link=— · manos_feria_informe.json
[RANGO] BCHUSDT_LINEAL last=245.5 · río=WS · mercado=linear · estado=ACECHANDO · dir=— · 0=245.5 · Oz=— · Red=— · manos=ON · pos=flat · latido=1.50s
[RANGO] BCHUSDT_LINEAL last=245.5 · río=WS · mercado=linear · estado=ACECHANDO · dir=— · 0=245.5 · Oz=— · Red=— · manos=ON · pos=flat · latido=1.50s
[RANGO] autosello BCH · ACECHANDO · Oz=0.0 link=— · manos_feria_informe.json
[2026-08-31 10:11:38] [TUSK] RECONCILIACIÓN: ZEREBROUSDT_LINEAL: interno L:0.000000/S:556.000000 -> real L:0.000000/S:686.000000
[2026-08-31 10:11:38] [TUSK] RECONCILIACIÓN: VVVUSDT_LINEAL: interno L:0.000000/S:0.000000 -> real L:2.880000/S:0.000000
[2026-08-31 10:11:38] [TUSK] RECONCILIACIÓN_FANTASMA: DASHUSDT_LINEAL existe interno pero no en exchange -> reseteando
[2026-08-31 10:11:38] [TUSK] RECONCILIACIÓN_OK: 3 frentes alineados con exchange
[RANGO] BCHUSDT_LINEAL last=245.4 · río=WS · mercado=linear · estado=ACECHANDO · dir=— · 0=245.5 · Oz=— · Red=— · manos=ON · pos=flat · latido=1.50s
[RANGO] autosello BCH · ACECHANDO · Oz=0.0 link=— · manos_feria_informe.json
[RANGO] BCHUSDT_LINEAL last=245.4 · río=WS · mercado=linear · estado=ACECHANDO · dir=— · 0=245.5 · Oz=— · Red=— · manos=ON · pos=flat · latido=1.50s
[RANGO] BCHUSDT_LINEAL last=245.5 · río=WS · mercado=linear · estado=ACECHANDO · dir=— · 0=245.5 · Oz=— · Red=— · manos=ON · pos=flat · latido=1.50s
[RANGO] autosello BCH · ACECHANDO · Oz=0.0 link=— · manos_feria_informe.json
[RANGO] BCHUSDT_LINEAL last=245.4 · río=WS · mercado=linear · estado=ACECHANDO · dir=— · 0=245.5 · Oz=— · Red=— · manos=ON · pos=flat · latido=1.50s
[RANGO] autosello BCH · ACECHANDO · Oz=0.0 link=— · manos_feria_informe.json
[RANGO] BCHUSDT_LINEAL last=245.3 · río=WS · mercado=linear · estado=ACECHANDO · dir=— · 0=245.5 · Oz=— · Red=— · manos=ON · pos=flat · latido=1.50s
[RANGO] BCHUSDT_LINEAL last=245.3 · río=WS · mercado=linear · estado=ACECHANDO · dir=— · 0=245.5 · Oz=— · Red=— · manos=ON · pos=flat · latido=1.50s
[RANGO] autosello BCH · ACECHANDO · Oz=0.0 link=— · manos_feria_informe.json
[2026-08-31 10:12:40] [TUSK] RECONCILIACIÓN: FWDIUSDT_LINEAL: interno L:0.000000/S:5.100000 -> real L:0.000000/S:6.000000
[2026-08-31 10:12:40] [TUSK] RECONCILIACIÓN_OK: 1 frentes alineados con exchange
[RANGO] BCHUSDT_LINEAL last=245.3 · río=WS · mercado=linear · estado=ACECHANDO · dir=— · 0=245.5 · Oz=— · Red=— · manos=ON · pos=flat · latido=1.50s
[RANGO] autosello BCH · ACECHANDO · Oz=0.0 link=— · manos_feria_informe.json
[RANGO] BCHUSDT_LINEAL last=245.2 · río=WS · mercado=linear · estado=ACECHANDO · dir=— · 0=245.5 · Oz=— · Red=— · manos=ON · pos=flat · latido=1.50s
[RANGO] BCHUSDT_LINEAL last=245.2 · río=WS · mercado=linear · estado=ACECHANDO · dir=— · 0=245.5 · Oz=— · Red=— · manos=ON · pos=flat · latido=1.50s
[RANGO] autosello BCH · ACECHANDO · Oz=0.0 link=— · manos_feria_informe.json
[RANGO] BCHUSDT_LINEAL last=245.2 · río=WS · mercado=linear · estado=ACECHANDO · dir=— · 0=245.5 · Oz=— · Red=— · manos=ON · pos=flat · latido=1.50s
[RANGO] autosello BCH · ACECHANDO · Oz=0.0 link=— · manos_feria_informe.json
[RANGO] BCHUSDT_LINEAL last=245.2 · río=WS · mercado=linear · estado=ACECHANDO · dir=— · 0=245.5 · Oz=— · Red=— · manos=ON · pos=flat · latido=1.50s
[RANGO] BCHUSDT_LINEAL last=245.0 · río=WS · mercado=linear · estado=ACECHANDO · dir=— · 0=245.5 · Oz=— · Red=— · manos=ON · pos=flat · latido=1.50s
[RANGO] autosello BCH · ACECHANDO · Oz=0.0 link=— · manos_feria_informe.json
[2026-08-31 10:13:41] [TUSK] RECONCILIACIÓN: TSLLUSDT_LINEAL: interno L:0.000000/S:0.000000 -> real L:0.120000/S:0.000000
[2026-08-31 10:13:41] [TUSK] RECONCILIACIÓN: FWDIUSDT_LINEAL: interno L:0.000000/S:6.000000 -> real L:0.000000/S:6.900000
[2026-08-31 10:13:41] [TUSK] RECONCILIACIÓN_FANTASMA: COTIUSDT_LINEAL existe interno pero no en exchange -> reseteando
[2026-08-31 10:13:41] [TUSK] RECONCILIACIÓN_OK: 3 frentes alineados con exchange
[RANGO] BCHUSDT_LINEAL last=245.2 · río=WS · mercado=linear · estado=ACECHANDO · dir=— · 0=245.5 · Oz=— · Red=— · manos=ON · pos=flat · latido=1.50s
[RANGO] autosello BCH · ACECHANDO · Oz=0.0 link=— · manos_feria_informe.json
[RANGO] BCHUSDT_LINEAL last=245.0 · río=WS · mercado=linear · estado=ACECHANDO · dir=— · 0=245.5 · Oz=— · Red=— · manos=ON · pos=flat · latido=1.50s
[RANGO] BCHUSDT_LINEAL last=245.1 · río=WS · mercado=linear · estado=ACECHANDO · dir=— · 0=245.5 · Oz=— · Red=— · manos=ON · pos=flat · latido=1.50s
[RANGO] autosello BCH · ACECHANDO · Oz=0.0 link=— · manos_feria_informe.json
[RANGO] BCHUSDT_LINEAL last=245.1 · río=WS · mercado=linear · estado=ACECHANDO · dir=— · 0=245.5 · Oz=— · Red=— · manos=ON · pos=flat · latido=1.50s
[RANGO] autosello BCH · ACECHANDO · Oz=0.0 link=— · manos_feria_informe.json
[RANGO] BCHUSDT_LINEAL last=244.9 · río=WS · mercado=linear · estado=ACECHANDO · dir=— · 0=245.5 · Oz=— · Red=— · manos=ON · pos=flat · latido=1.50s
[RANGO] BCHUSDT_LINEAL last=244.9 · río=WS · mercado=linear · estado=ACECHANDO · dir=— · 0=245.5 · Oz=— · Red=— · manos=ON · pos=flat · latido=1.50s
[RANGO] autosello BCH · ACECHANDO · Oz=0.0 link=— · manos_feria_informe.json
[2026-08-31 10:14:42] [TUSK] RECONCILIACIÓN: SNXXUSDT_LINEAL: interno L:7.610000/S:0.000000 -> real L:8.080000/S:0.000000
[2026-08-31 10:14:42] [TUSK] RECONCILIACIÓN_OK: 1 frentes alineados con exchange
[RANGO] BCHUSDT_LINEAL last=245.04 · río=WS · mercado=linear · estado=ACECHANDO · dir=— · 0=245.5 · Oz=— · Red=— · manos=ON · pos=flat · latido=1.50s
[RANGO] autosello BCH · ACECHANDO · Oz=0.0 link=— · manos_feria_informe.json
[RANGO] BCHUSDT_LINEAL last=245.06 · río=WS · mercado=linear · estado=ACECHANDO · dir=— · 0=245.5 · Oz=— · Red=— · manos=ON · pos=flat · latido=1.50s
[RANGO] BCHUSDT_LINEAL last=245.1 · río=WS · mercado=linear · estado=ACECHANDO · dir=— · 0=245.5 · Oz=— · Red=— · manos=ON · pos=flat · latido=1.50s
[RANGO] autosello BCH · ACECHANDO · Oz=0.0 link=— · manos_feria_informe.json
[RANGO] BCHUSDT_LINEAL last=245.1 · río=WS · mercado=linear · estado=ACECHANDO · dir=— · 0=245.5 · Oz=— · Red=— · manos=ON · pos=flat · latido=1.50s
[RANGO] autosello BCH · ACECHANDO · Oz=0.0 link=— · manos_feria_informe.json
[RANGO] BCHUSDT_LINEAL last=244.9 · río=WS · mercado=linear · estado=ACECHANDO · dir=— · 0=245.5 · Oz=— · Red=— · manos=ON · pos=flat · latido=1.50s
[RANGO] BCHUSDT_LINEAL last=244.9 · río=WS · mercado=linear · estado=ACECHANDO · dir=— · 0=245.5 · Oz=— · Red=— · manos=ON · pos=flat · latido=1.50s
[RANGO] autosello BCH · ACECHANDO · Oz=0.0 link=— · manos_feria_informe.json
[RANGO] BCHUSDT_LINEAL last=245.0 · río=WS · mercado=linear · estado=ACECHANDO · dir=— · 0=245.5 · Oz=— · Red=— · manos=ON · pos=flat · latido=1.50s
[RANGO] autosello BCH · ACECHANDO · Oz=0.0 link=— · manos_feria_informe.json
[RANGO] BCHUSDT_LINEAL last=244.9 · río=WS · mercado=linear · estado=ACECHANDO · dir=— · 0=245.5 · Oz=— · Red=— · manos=ON · pos=flat · latido=1.50s
[RANGO] BCHUSDT_LINEAL last=244.9 · río=WS · mercado=linear · estado=ACECHANDO · dir=— · 0=245.5 · Oz=— · Red=— · manos=ON · pos=flat · latido=1.50s
[RANGO] autosello BCH · ACECHANDO · Oz=0.0 link=— · manos_feria_informe.json
[RANGO] BCHUSDT_LINEAL last=244.8 · río=WS · mercado=linear · estado=ACECHANDO · dir=— · 0=245.5 · Oz=— · Red=— · manos=ON · pos=flat · latido=1.50s
[RANGO] autosello BCH · ACECHANDO · Oz=0.0 link=— · manos_feria_informe.json
[RANGO] BCHUSDT_LINEAL last=244.7 · río=WS · mercado=linear · estado=ACECHANDO · dir=— · 0=245.5 · Oz=— · Red=— · manos=ON · pos=flat · latido=1.50s
[RANGO] BCHUSDT_LINEAL last=244.8 · río=WS · mercado=linear · estado=ACECHANDO · dir=— · 0=245.5 · Oz=— · Red=— · manos=ON · pos=flat · latido=1.50s
[RANGO] autosello BCH · ACECHANDO · Oz=0.0 link=— · manos_feria_informe.json
[RANGO] BCHUSDT_LINEAL last=244.7 · río=WS · mercado=linear · estado=ACECHANDO · dir=— · 0=245.5 · Oz=— · Red=— · manos=ON · pos=flat · latido=1.50s
[2026-08-31 10:16:44] [TUSK] RECONCILIACIÓN: UNIUSDT_LINEAL: interno L:0.000000/S:0.000000 -> real L:1.100000/S:0.000000
[2026-08-31 10:16:44] [TUSK] RECONCILIACIÓN_FANTASMA: BATUSDT_LINEAL existe interno pero no en exchange -> reseteando
[2026-08-31 10:16:44] [TUSK] RECONCILIACIÓN_OK: 2 frentes alineados con exchange
[RANGO] autosello BCH · ACECHANDO · Oz=0.0 link=— · manos_feria_informe.json
[RANGO] BCHUSDT_LINEAL last=244.7 · río=WS · mercado=linear · estado=ACECHANDO · dir=— · 0=245.5 · Oz=— · Red=— · manos=ON · pos=flat · latido=1.50s
[RANGO] BCHUSDT_LINEAL last=244.7 · río=WS · mercado=linear · estado=ACECHANDO · dir=— · 0=245.5 · Oz=— · Red=— · manos=ON · pos=flat · latido=1.50s
[RANGO] autosello BCH · ACECHANDO · Oz=0.0 link=— · manos_feria_informe.json
[RANGO] BCHUSDT_LINEAL last=244.7 · río=WS · mercado=linear · estado=ACECHANDO · dir=— · 0=245.5 · Oz=— · Red=— · manos=ON · pos=flat · latido=1.50s
[RANGO] autosello BCH · ACECHANDO · Oz=0.0 link=— · manos_feria_informe.json
[RANGO] BCHUSDT_LINEAL last=244.7 · río=WS · mercado=linear · estado=ACECHANDO · dir=— · 0=245.5 · Oz=— · Red=— · manos=ON · pos=flat · latido=1.50s
[RANGO] BCHUSDT_LINEAL last=244.7 · río=WS · mercado=linear · estado=ACECHANDO · dir=— · 0=245.5 · Oz=— · Red=— · manos=ON · pos=flat · latido=1.50s
[RANGO] autosello BCH · ACECHANDO · Oz=0.0 link=— · manos_feria_informe.json
[RANGO] BCHUSDT_LINEAL last=244.7 · río=WS · mercado=linear · estado=ACECHANDO · dir=— · 0=245.5 · Oz=— · Red=— · manos=ON · pos=flat · latido=1.50s
[2026-08-31 10:17:46] [TUSK] RECONCILIACIÓN: OUSDT_LINEAL: interno L:0.000000/S:0.000000 -> real L:0.000000/S:34.000000
[2026-08-31 10:17:46] [TUSK] RECONCILIACIÓN_FANTASMA: XLMUSDT_LINEAL existe interno pero no en exchange -> reseteando
[2026-08-31 10:17:46] [TUSK] RECONCILIACIÓN_OK: 2 frentes alineados con exchange
[RANGO] autosello BCH · ACECHANDO · Oz=0.0 link=— · manos_feria_informe.json
[RANGO] BCHUSDT_LINEAL last=244.8 · río=WS · mercado=linear · estado=ACECHANDO · dir=— · 0=245.5 · Oz=— · Red=— · manos=ON · pos=flat · latido=1.50s
[RANGO] BCHUSDT_LINEAL last=244.6 · río=WS · mercado=linear · estado=ACECHANDO · dir=— · 0=245.5 · Oz=— · Red=— · manos=ON · pos=flat · latido=1.50s
[RANGO] autosello BCH · ACECHANDO · Oz=0.0 link=— · manos_feria_informe.json
[RANGO] BCHUSDT_LINEAL last=244.4 · río=WS · mercado=linear · estado=ACECHANDO · dir=— · 0=245.5 · Oz=— · Red=— · manos=ON · pos=flat · latido=1.50s
[RANGO] autosello BCH · ACECHANDO · Oz=0.0 link=— · manos_feria_informe.json
[RANGO] BCHUSDT_LINEAL last=244.6 · río=WS · mercado=linear · estado=ACECHANDO · dir=— · 0=245.5 · Oz=— · Red=— · manos=ON · pos=flat · latido=1.50s
[RANGO] BCHUSDT_LINEAL last=244.7 · río=WS · mercado=linear · estado=ACECHANDO · dir=— · 0=245.5 · Oz=— · Red=— · manos=ON · pos=flat · latido=1.50s
[RANGO] autosello BCH · ACECHANDO · Oz=0.0 link=— · manos_feria_informe.json
[RANGO] BCHUSDT_LINEAL last=244.7 · río=WS · mercado=linear · estado=ACECHANDO · dir=— · 0=245.5 · Oz=— · Red=— · manos=ON · pos=flat · latido=1.50s
[RANGO] autosello BCH · ACECHANDO · Oz=0.0 link=— · manos_feria_informe.json
[RANGO] BCHUSDT_LINEAL last=244.7 · río=WS · mercado=linear · estado=ACECHANDO · dir=— · 0=245.5 · Oz=— · Red=— · manos=ON · pos=flat · latido=1.50s
[RANGO] BCHUSDT_LINEAL last=244.8 · río=WS · mercado=linear · estado=ACECHANDO · dir=— · 0=245.5 · Oz=— · Red=— · manos=ON · pos=flat · latido=1.50s
[RANGO] autosello BCH · ACECHANDO · Oz=0.0 link=— · manos_feria_informe.json
[RANGO] BCHUSDT_LINEAL last=244.9 · río=WS · mercado=linear · estado=ACECHANDO · dir=— · 0=245.5 · Oz=— · Red=— · manos=ON · pos=flat · latido=1.50s
[RANGO] autosello BCH · ACECHANDO · Oz=0.0 link=— · manos_feria_informe.json
[RANGO] BCHUSDT_LINEAL last=244.9 · río=WS · mercado=linear · estado=ACECHANDO · dir=— · 0=245.5 · Oz=— · Red=— · manos=ON · pos=flat · latido=1.50s
[RANGO] BCHUSDT_LINEAL last=245.2 · río=WS · mercado=linear · estado=ACECHANDO · dir=— · 0=245.5 · Oz=— · Red=— · manos=ON · pos=flat · latido=1.50s
[RANGO] autosello BCH · ACECHANDO · Oz=0.0 link=— · manos_feria_informe.json
[RANGO] BCHUSDT_LINEAL last=245.1 · río=WS · mercado=linear · estado=ACECHANDO · dir=— · 0=245.5 · Oz=— · Red=— · manos=ON · pos=flat · latido=1.50s
[2026-08-31 10:19:48] [TUSK] RECONCILIACIÓN: POWERUSDT_LINEAL: interno L:0.000000/S:307.000000 -> real L:0.000000/S:249.000000
[2026-08-31 10:19:48] [TUSK] RECONCILIACIÓN_OK: 1 frentes alineados con exchange
[RANGO] autosello BCH · ACECHANDO · Oz=0.0 link=— · manos_feria_informe.json
[RANGO] BCHUSDT_LINEAL last=245.1 · río=WS · mercado=linear · estado=ACECHANDO · dir=— · 0=245.5 · Oz=— · Red=— · manos=ON · pos=flat · latido=1.50s
[RANGO] BCHUSDT_LINEAL last=245.1 · río=WS · mercado=linear · estado=ACECHANDO · dir=— · 0=245.5 · Oz=— · Red=— · manos=ON · pos=flat · latido=1.50s
[RANGO] autosello BCH · ACECHANDO · Oz=0.0 link=— · manos_feria_informe.json
[RANGO] BCHUSDT_LINEAL last=244.9 · río=WS · mercado=linear · estado=ACECHANDO · dir=— · 0=245.5 · Oz=— · Red=— · manos=ON · pos=flat · latido=1.50s
[RANGO] autosello BCH · ACECHANDO · Oz=0.0 link=— · manos_feria_informe.json
[RANGO] BCHUSDT_LINEAL last=244.9 · río=WS · mercado=linear · estado=ACECHANDO · dir=— · 0=245.5 · Oz=— · Red=— · manos=ON · pos=flat · latido=1.50s
[RANGO] BCHUSDT_LINEAL last=245.0 · río=WS · mercado=linear · estado=ACECHANDO · dir=— · 0=245.5 · Oz=— · Red=— · manos=ON · pos=flat · latido=1.50s
[RANGO] autosello BCH · ACECHANDO · Oz=0.0 link=— · manos_feria_informe.json
[RANGO] BCHUSDT_LINEAL last=244.8 · río=WS · mercado=linear · estado=ACECHANDO · dir=— · 0=245.5 · Oz=— · Red=— · manos=ON · pos=flat · latido=1.50s
[2026-08-31 10:20:49] [TUSK] RECONCILIACIÓN: STXXUSDT_LINEAL: interno L:0.000000/S:0.000000 -> real L:0.014000/S:0.000000
[2026-08-31 10:20:49] [TUSK] RECONCILIACIÓN_FANTASMA: CRDOUSDT_LINEAL existe interno pero no en exchange -> reseteando
[2026-08-31 10:20:49] [TUSK] RECONCILIACIÓN_OK: 2 frentes alineados con exchange
[RANGO] autosello BCH · ACECHANDO · Oz=0.0 link=— · manos_feria_informe.json
[RANGO] BCHUSDT_LINEAL last=244.8 · río=WS · mercado=linear · estado=ACECHANDO · dir=— · 0=245.5 · Oz=— · Red=— · manos=ON · pos=flat · latido=1.50s
[RANGO] BCHUSDT_LINEAL last=244.8 · río=WS · mercado=linear · estado=ACECHANDO · dir=— · 0=245.5 · Oz=— · Red=— · manos=ON · pos=flat · latido=1.50s
[RANGO] autosello BCH · ACECHANDO · Oz=0.0 link=— · manos_feria_informe.json
[RANGO] BCHUSDT_LINEAL last=244.9 · río=WS · mercado=linear · estado=ACECHANDO · dir=— · 0=245.5 · Oz=— · Red=— · manos=ON · pos=flat · latido=1.50s
[RANGO] autosello BCH · ACECHANDO · Oz=0.0 link=— · manos_feria_informe.json
[RANGO] BCHUSDT_LINEAL last=244.9 · río=WS · mercado=linear · estado=ACECHANDO · dir=— · 0=245.5 · Oz=— · Red=— · manos=ON · pos=flat · latido=1.50s
[RANGO] BCHUSDT_LINEAL last=244.83 · río=WS · mercado=linear · estado=ACECHANDO · dir=— · 0=245.5 · Oz=— · Red=— · manos=ON · pos=flat · latido=1.50s
[RANGO] autosello BCH · ACECHANDO · Oz=0.0 link=— · manos_feria_informe.json
[RANGO] BCHUSDT_LINEAL last=244.8 · río=WS · mercado=linear · estado=ACECHANDO · dir=— · 0=245.5 · Oz=— · Red=— · manos=ON · pos=flat · latido=1.50s
[2026-08-31 10:21:51] [TUSK] RECONCILIACIÓN: CRCLUSDT_LINEAL: interno L:0.000000/S:0.000000 -> real L:0.290000/S:0.000000
[2026-08-31 10:21:51] [TUSK] RECONCILIACIÓN: XANUSDT_LINEAL: interno L:0.000000/S:542.000000 -> real L:0.000000/S:171.000000
[2026-08-31 10:21:51] [TUSK] RECONCILIACIÓN_FANTASMA: LSKUSDT_LINEAL existe interno pero no en exchange -> reseteando
[2026-08-31 10:21:51] [TUSK] RECONCILIACIÓN_OK: 3 frentes alineados con exchange
[RANGO] autosello BCH · ACECHANDO · Oz=0.0 link=— · manos_feria_informe.json
[RANGO] BCHUSDT_LINEAL last=244.6 · río=WS · mercado=linear · estado=ACECHANDO · dir=— · 0=245.5 · Oz=— · Red=— · manos=ON · pos=flat · latido=1.50s
[RANGO] BCHUSDT_LINEAL last=244.7 · río=WS · mercado=linear · estado=ACECHANDO · dir=— · 0=245.5 · Oz=— · Red=— · manos=ON · pos=flat · latido=1.50s
[RANGO] autosello BCH · ACECHANDO · Oz=0.0 link=— · manos_feria_informe.json
[RANGO] BCHUSDT_LINEAL last=244.6 · río=WS · mercado=linear · estado=ACECHANDO · dir=— · 0=245.5 · Oz=— · Red=— · manos=ON · pos=flat · latido=1.50s
[RANGO] autosello BCH · ACECHANDO · Oz=0.0 link=— · manos_feria_informe.json
[RANGO] BCHUSDT_LINEAL last=244.7 · río=WS · mercado=linear · estado=ACECHANDO · dir=— · 0=245.5 · Oz=— · Red=— · manos=ON · pos=flat · latido=1.50s
[RANGO] BCHUSDT_LINEAL last=244.5 · río=WS · mercado=linear · estado=ACECHANDO · dir=— · 0=245.5 · Oz=— · Red=— · manos=ON · pos=flat · latido=1.50s
[RANGO] autosello BCH · ACECHANDO · Oz=0.0 link=— · manos_feria_informe.json
[RANGO] BCHUSDT_LINEAL last=244.6 · río=WS · mercado=linear · estado=ACECHANDO · dir=— · 0=245.5 · Oz=— · Red=— · manos=ON · pos=flat · latido=1.50s
[2026-08-31 10:22:52] [TUSK] RECONCILIACIÓN: DASHUSDT_LINEAL: interno L:0.000000/S:0.000000 -> real L:0.000000/S:0.460000
[2026-08-31 10:22:52] [TUSK] RECONCILIACIÓN_FANTASMA: RDWUSDT_LINEAL existe interno pero no en exchange -> reseteando
[2026-08-31 10:22:52] [TUSK] RECONCILIACIÓN_OK: 2 frentes alineados con exchange
[RANGO] autosello BCH · ACECHANDO · Oz=0.0 link=— · manos_feria_informe.json
[RANGO] BCHUSDT_LINEAL last=244.62 · río=WS · mercado=linear · estado=ACECHANDO · dir=— · 0=245.5 · Oz=— · Red=— · manos=ON · pos=flat · latido=1.50s
[RANGO] BCHUSDT_LINEAL last=244.6 · río=WS · mercado=linear · estado=ACECHANDO · dir=— · 0=245.5 · Oz=— · Red=— · manos=ON · pos=flat · latido=1.50s
[RANGO] autosello BCH · ACECHANDO · Oz=0.0 link=— · manos_feria_informe.json
[RANGO] BCHUSDT_LINEAL last=244.6 · río=WS · mercado=linear · estado=ACECHANDO · dir=— · 0=245.5 · Oz=— · Red=— · manos=ON · pos=flat · latido=1.50s
[RANGO] autosello BCH · ACECHANDO · Oz=0.0 link=— · manos_feria_informe.json
[RANGO] BCHUSDT_LINEAL last=244.7 · río=WS · mercado=linear · estado=ACECHANDO · dir=— · 0=245.5 · Oz=— · Red=— · manos=ON · pos=flat · latido=1.50s
[RANGO] BCHUSDT_LINEAL last=244.7 · río=WS · mercado=linear · estado=ACECHANDO · dir=— · 0=245.5 · Oz=— · Red=— · manos=ON · pos=flat · latido=1.50s
[RANGO] autosello BCH · ACECHANDO · Oz=0.0 link=— · manos_feria_informe.json
[RANGO] BCHUSDT_LINEAL last=244.6 · río=WS · mercado=linear · estado=ACECHANDO · dir=— · 0=245.5 · Oz=— · Red=— · manos=ON · pos=flat · latido=1.50s
[RANGO] autosello BCH · ACECHANDO · Oz=0.0 link=— · manos_feria_informe.json
[RANGO] BCHUSDT_LINEAL last=244.6 · río=WS · mercado=linear · estado=ACECHANDO · dir=— · 0=245.5 · Oz=— · Red=— · manos=ON · pos=flat · latido=1.50s
[RANGO] BCHUSDT_LINEAL last=244.55 · río=WS · mercado=linear · estado=ACECHANDO · dir=— · 0=245.5 · Oz=— · Red=— · manos=ON · pos=flat · latido=1.50s
[RANGO] autosello BCH · ACECHANDO · Oz=0.0 link=— · manos_feria_informe.json
[RANGO] BCHUSDT_LINEAL last=244.4 · río=WS · mercado=linear · estado=ACECHANDO · dir=— · 0=245.5 · Oz=— · Red=— · manos=ON · pos=flat · latido=1.50s
[RANGO] autosello BCH · ACECHANDO · Oz=0.0 link=— · manos_feria_informe.json
[RANGO] BCHUSDT_LINEAL last=244.5 · río=WS · mercado=linear · estado=ACECHANDO · dir=— · 0=245.5 · Oz=— · Red=— · manos=ON · pos=flat · latido=1.50s
[RANGO] BCHUSDT_LINEAL last=244.4 · río=WS · mercado=linear · estado=ACECHANDO · dir=— · 0=245.5 · Oz=— · Red=— · manos=ON · pos=flat · latido=1.50s
[RANGO] autosello BCH · ACECHANDO · Oz=0.0 link=— · manos_feria_informe.json
[RANGO] BCHUSDT_LINEAL last=244.5 · río=WS · mercado=linear · estado=ACECHANDO · dir=— · 0=245.5 · Oz=— · Red=— · manos=ON · pos=flat · latido=1.50s
[RANGO] autosello BCH · ACECHANDO · Oz=0.0 link=— · manos_feria_informe.json
[RANGO] BCHUSDT_LINEAL last=244.47 · río=WS · mercado=linear · estado=ACECHANDO · dir=— · 0=245.5 · Oz=— · Red=— · manos=ON · pos=flat · latido=1.50s
[2026-08-31 10:24:56] [TUSK] RECONCILIACIÓN: CFGUSDT_LINEAL: interno L:0.000000/S:0.000000 -> real L:1266.000000/S:0.000000
[2026-08-31 10:24:56] [TUSK] RECONCILIACIÓN: BLUAIUSDT_LINEAL: interno L:0.000000/S:0.000000 -> real L:1590.000000/S:0.000000
[2026-08-31 10:24:56] [TUSK] RECONCILIACIÓN_FANTASMA: KORUUSDT_LINEAL existe interno pero no en exchange -> reseteando
[2026-08-31 10:24:56] [TUSK] RECONCILIACIÓN_FANTASMA: KNCUSDT_LINEAL existe interno pero no en exchange -> reseteando
[2026-08-31 10:24:56] [TUSK] RECONCILIACIÓN_OK: 4 frentes alineados con exchange
[RANGO] BCHUSDT_LINEAL last=244.5 · río=WS · mercado=linear · estado=ACECHANDO · dir=— · 0=245.5 · Oz=— · Red=— · manos=ON · pos=flat · latido=1.50s
[RANGO] autosello BCH · ACECHANDO · Oz=0.0 link=— · manos_feria_informe.json
[RANGO] BCHUSDT_LINEAL last=244.4 · río=WS · mercado=linear · estado=ACECHANDO · dir=— · 0=245.5 · Oz=— · Red=— · manos=ON · pos=flat · latido=1.50s
[RANGO] autosello BCH · ACECHANDO · Oz=0.0 link=— · manos_feria_informe.json
[RANGO] BCHUSDT_LINEAL last=244.4 · río=WS · mercado=linear · estado=ACECHANDO · dir=— · 0=245.5 · Oz=— · Red=— · manos=ON · pos=flat · latido=1.50s
[RANGO] BCHUSDT_LINEAL last=244.5 · río=WS · mercado=linear · estado=ACECHANDO · dir=— · 0=245.5 · Oz=— · Red=— · manos=ON · pos=flat · latido=1.50s
[RANGO] autosello BCH · ACECHANDO · Oz=0.0 link=— · manos_feria_informe.json
[RANGO] BCHUSDT_LINEAL last=244.5 · río=WS · mercado=linear · estado=ACECHANDO · dir=— · 0=245.5 · Oz=— · Red=— · manos=ON · pos=flat · latido=1.50s
[RANGO] autosello BCH · ACECHANDO · Oz=0.0 link=— · manos_feria_informe.json
[RANGO] BCHUSDT_LINEAL last=244.6 · río=WS · mercado=linear · estado=ACECHANDO · dir=— · 0=245.5 · Oz=— · Red=— · manos=ON · pos=flat · latido=1.50s
[RANGO] BCHUSDT_LINEAL last=244.4 · río=WS · mercado=linear · estado=ACECHANDO · dir=— · 0=245.5 · Oz=— · Red=— · manos=ON · pos=flat · latido=1.50s
[RANGO] autosello BCH · ACECHANDO · Oz=0.0 link=— · manos_feria_informe.json
[RANGO] BCHUSDT_LINEAL last=244.4 · río=WS · mercado=linear · estado=ACECHANDO · dir=— · 0=245.5 · Oz=— · Red=— · manos=ON · pos=flat · latido=1.50s
[RANGO] autosello BCH · ACECHANDO · Oz=0.0 link=— · manos_feria_informe.json
[RANGO] BCHUSDT_LINEAL last=244.3 · río=WS · mercado=linear · estado=ACECHANDO · dir=— · 0=245.5 · Oz=— · Red=— · manos=ON · pos=flat · latido=1.50s
[RANGO] BCHUSDT_LINEAL last=244.2 · río=WS · mercado=linear · estado=ACECHANDO · dir=— · 0=245.5 · Oz=— · Red=— · manos=ON · pos=flat · latido=1.50s
[RANGO] autosello BCH · ACECHANDO · Oz=0.0 link=— · manos_feria_informe.json
[RANGO] BCHUSDT_LINEAL last=244.27 · río=WS · mercado=linear · estado=ACECHANDO · dir=— · 0=245.5 · Oz=— · Red=— · manos=ON · pos=flat · latido=1.50s
[RANGO] autosello BCH · ACECHANDO · Oz=0.0 link=— · manos_feria_informe.json
[RANGO] BCHUSDT_LINEAL last=244.3 · río=WS · mercado=linear · estado=ACECHANDO · dir=— · 0=245.5 · Oz=— · Red=— · manos=ON · pos=flat · latido=1.50s
[2026-08-31 10:26:58] [TUSK] RECONCILIACIÓN: TWTUSDT_LINEAL: interno L:48.800000/S:0.000000 -> real L:38.700000/S:0.000000
[2026-08-31 10:26:58] [TUSK] RECONCILIACIÓN_OK: 1 frentes alineados con exchange
[RANGO] BCHUSDT_LINEAL last=244.5 · río=WS · mercado=linear · estado=ACECHANDO · dir=— · 0=245.5 · Oz=— · Red=— · manos=ON · pos=flat · latido=1.50s
[RANGO] autosello BCH · ACECHANDO · Oz=0.0 link=— · manos_feria_informe.json
[RANGO] BCHUSDT_LINEAL last=244.4 · río=WS · mercado=linear · estado=ACECHANDO · dir=— · 0=245.5 · Oz=— · Red=— · manos=ON · pos=flat · latido=1.50s
[RANGO] autosello BCH · ACECHANDO · Oz=0.0 link=— · manos_feria_informe.json
[RANGO] BCHUSDT_LINEAL last=244.4 · río=WS · mercado=linear · estado=ACECHANDO · dir=— · 0=245.5 · Oz=— · Red=— · manos=ON · pos=flat · latido=1.50s
[RANGO] BCHUSDT_LINEAL last=244.39 · río=WS · mercado=linear · estado=ACECHANDO · dir=— · 0=245.5 · Oz=— · Red=— · manos=ON · pos=flat · latido=1.50s
[RANGO] autosello BCH · ACECHANDO · Oz=0.0 link=— · manos_feria_informe.json
[RANGO] BCHUSDT_LINEAL last=244.39 · río=WS · mercado=linear · estado=ACECHANDO · dir=— · 0=245.5 · Oz=— · Red=— · manos=ON · pos=flat · latido=1.50s
[RANGO] autosello BCH · ACECHANDO · Oz=0.0 link=— · manos_feria_informe.json
[RANGO] BCHUSDT_LINEAL last=244.3 · río=WS · mercado=linear · estado=ACECHANDO · dir=— · 0=245.5 · Oz=— · Red=— · manos=ON · pos=flat · latido=1.50s
[RANGO] BCHUSDT_LINEAL last=244.5 · río=WS · mercado=linear · estado=ACECHANDO · dir=— · 0=245.5 · Oz=— · Red=— · manos=ON · pos=flat · latido=1.50s
[RANGO] autosello BCH · ACECHANDO · Oz=0.0 link=— · manos_feria_informe.json
[RANGO] BCHUSDT_LINEAL last=244.5 · río=WS · mercado=linear · estado=ACECHANDO · dir=— · 0=245.5 · Oz=— · Red=— · manos=ON · pos=flat · latido=1.50s
[RANGO] autosello BCH · ACECHANDO · Oz=0.0 link=— · manos_feria_informe.json
[RANGO] BCHUSDT_LINEAL last=244.6 · río=WS · mercado=linear · estado=ACECHANDO · dir=— · 0=245.5 · Oz=— · Red=— · manos=ON · pos=flat · latido=1.50s
[RANGO] BCHUSDT_LINEAL last=244.52 · río=WS · mercado=linear · estado=ACECHANDO · dir=— · 0=245.5 · Oz=— · Red=— · manos=ON · pos=flat · latido=1.50s
[RANGO] autosello BCH · ACECHANDO · Oz=0.0 link=— · manos_feria_informe.json
[RANGO] BCHUSDT_LINEAL last=244.6 · río=WS · mercado=linear · estado=ACECHANDO · dir=— · 0=245.5 · Oz=— · Red=— · manos=ON · pos=flat · latido=1.50s
[RANGO] autosello BCH · ACECHANDO · Oz=0.0 link=— · manos_feria_informe.json
[RANGO] BCHUSDT_LINEAL last=244.5 · río=WS · mercado=linear · estado=ACECHANDO · dir=— · 0=245.5 · Oz=— · Red=— · manos=ON · pos=flat · latido=1.50s
[2026-08-31 10:29:00] [TUSK] RECONCILIACIÓN: DASHUSDT_LINEAL: interno L:0.000000/S:0.460000 -> real L:0.000000/S:0.570000
[2026-08-31 10:29:00] [TUSK] RECONCILIACIÓN_OK: 1 frentes alineados con exchange
[RANGO] BCHUSDT_LINEAL last=244.5 · río=WS · mercado=linear · estado=ACECHANDO · dir=— · 0=245.5 · Oz=— · Red=— · manos=ON · pos=flat · latido=1.50s
[RANGO] autosello BCH · ACECHANDO · Oz=0.0 link=— · manos_feria_informe.json
[RANGO] BCHUSDT_LINEAL last=244.6 · río=WS · mercado=linear · estado=ACECHANDO · dir=— · 0=245.5 · Oz=— · Red=— · manos=ON · pos=flat · latido=1.50s
[RANGO] autosello BCH · ACECHANDO · Oz=0.0 link=— · manos_feria_informe.json
[RANGO] BCHUSDT_LINEAL last=244.6 · río=WS · mercado=linear · estado=ACECHANDO · dir=— · 0=245.5 · Oz=— · Red=— · manos=ON · pos=flat · latido=1.50s
[RANGO] BCHUSDT_LINEAL last=244.6 · río=WS · mercado=linear · estado=ACECHANDO · dir=— · 0=245.5 · Oz=— · Red=— · manos=ON · pos=flat · latido=1.50s
[RANGO] autosello BCH · ACECHANDO · Oz=0.0 link=— · manos_feria_informe.json
[RANGO] BCHUSDT_LINEAL last=244.6 · río=WS · mercado=linear · estado=ACECHANDO · dir=— · 0=245.5 · Oz=— · Red=— · manos=ON · pos=flat · latido=1.50s
[RANGO] autosello BCH · ACECHANDO · Oz=0.0 link=— · manos_feria_informe.json
[RANGO] BCHUSDT_LINEAL last=244.5 · río=WS · mercado=linear · estado=ACECHANDO · dir=— · 0=245.5 · Oz=— · Red=— · manos=ON · pos=flat · latido=1.50s
[RANGO] BCHUSDT_LINEAL last=244.6 · río=WS · mercado=linear · estado=ACECHANDO · dir=— · 0=245.5 · Oz=— · Red=— · manos=ON · pos=flat · latido=1.50s
[RANGO] autosello BCH · ACECHANDO · Oz=0.0 link=— · manos_feria_informe.json
[RANGO] BCHUSDT_LINEAL last=244.6 · río=WS · mercado=linear · estado=ACECHANDO · dir=— · 0=245.5 · Oz=— · Red=— · manos=ON · pos=flat · latido=1.50s
[RANGO] autosello BCH · ACECHANDO · Oz=0.0 link=— · manos_feria_informe.json
[RANGO] BCHUSDT_LINEAL last=244.6 · río=WS · mercado=linear · estado=ACECHANDO · dir=— · 0=245.5 · Oz=— · Red=— · manos=ON · pos=flat · latido=1.50s
[RANGO] BCHUSDT_LINEAL last=244.7 · río=WS · mercado=linear · estado=ACECHANDO · dir=— · 0=245.5 · Oz=— · Red=— · manos=ON · pos=flat · latido=1.50s
[RANGO] autosello BCH · ACECHANDO · Oz=0.0 link=— · manos_feria_informe.json
[RANGO] BCHUSDT_LINEAL last=244.7 · río=WS · mercado=linear · estado=ACECHANDO · dir=— · 0=245.5 · Oz=— · Red=— · manos=ON · pos=flat · latido=1.50s
[RANGO] autosello BCH · ACECHANDO · Oz=0.0 link=— · manos_feria_informe.json
[RANGO] BCHUSDT_LINEAL last=244.7 · río=WS · mercado=linear · estado=ACECHANDO · dir=— · 0=245.5 · Oz=— · Red=— · manos=ON · pos=flat · latido=1.50s
[RANGO] BCHUSDT_LINEAL last=244.8 · río=WS · mercado=linear · estado=ACECHANDO · dir=— · 0=245.5 · Oz=— · Red=— · manos=ON · pos=flat · latido=1.50s
[RANGO] autosello BCH · ACECHANDO · Oz=0.0 link=— · manos_feria_informe.json
[RANGO] BCHUSDT_LINEAL last=244.9 · río=WS · mercado=linear · estado=ACECHANDO · dir=— · 0=245.5 · Oz=— · Red=— · manos=ON · pos=flat · latido=1.50s
[RANGO] autosello BCH · ACECHANDO · Oz=0.0 link=— · manos_feria_informe.json
[RANGO] BCHUSDT_LINEAL last=244.5 · río=WS · mercado=linear · estado=ACECHANDO · dir=— · 0=245.5 · Oz=— · Red=— · manos=ON · pos=flat · latido=1.50s
[RANGO] BCHUSDT_LINEAL last=244.64 · río=WS · mercado=linear · estado=ACECHANDO · dir=— · 0=245.5 · Oz=— · Red=— · manos=ON · pos=flat · latido=1.50s
[RANGO] autosello BCH · ACECHANDO · Oz=0.0 link=— · manos_feria_informe.json
[RANGO] BCHUSDT_LINEAL last=244.6 · río=WS · mercado=linear · estado=ACECHANDO · dir=— · 0=245.5 · Oz=— · Red=— · manos=ON · pos=flat · latido=1.50s
[RANGO] autosello BCH · ACECHANDO · Oz=0.0 link=— · manos_feria_informe.json
[RANGO] BCHUSDT_LINEAL last=244.5 · río=WS · mercado=linear · estado=ACECHANDO · dir=— · 0=245.5 · Oz=— · Red=— · manos=ON · pos=flat · latido=1.50s
[RANGO] BCHUSDT_LINEAL last=244.6 · río=WS · mercado=linear · estado=ACECHANDO · dir=— · 0=245.5 · Oz=— · Red=— · manos=ON · pos=flat · latido=1.50s
[RANGO] autosello BCH · ACECHANDO · Oz=0.0 link=— · manos_feria_informe.json
[RANGO] BCHUSDT_LINEAL last=244.6 · río=WS · mercado=linear · estado=ACECHANDO · dir=— · 0=245.5 · Oz=— · Red=— · manos=ON · pos=flat · latido=1.50s
[RANGO] autosello BCH · ACECHANDO · Oz=0.0 link=— · manos_feria_informe.json
[RANGO] BCHUSDT_LINEAL last=244.6 · río=WS · mercado=linear · estado=ACECHANDO · dir=— · 0=245.5 · Oz=— · Red=— · manos=ON · pos=flat · latido=1.50s
[RANGO] BCHUSDT_LINEAL last=244.7 · río=WS · mercado=linear · estado=ACECHANDO · dir=— · 0=245.5 · Oz=— · Red=— · manos=ON · pos=flat · latido=1.50s
[RANGO] autosello BCH · ACECHANDO · Oz=0.0 link=— · manos_feria_informe.json
[RANGO] BCHUSDT_LINEAL last=244.59 · río=WS · mercado=linear · estado=ACECHANDO · dir=— · 0=245.5 · Oz=— · Red=— · manos=ON · pos=flat · latido=1.50s
[RANGO] autosello BCH · ACECHANDO · Oz=0.0 link=— · manos_feria_informe.json
[RANGO] BCHUSDT_LINEAL last=244.6 · río=WS · mercado=linear · estado=ACECHANDO · dir=— · 0=245.5 · Oz=— · Red=— · manos=ON · pos=flat · latido=1.50s
[RANGO] BCHUSDT_LINEAL last=244.7 · río=WS · mercado=linear · estado=ACECHANDO · dir=— · 0=245.5 · Oz=— · Red=— · manos=ON · pos=flat · latido=1.50s
[RANGO] autosello BCH · ACECHANDO · Oz=0.0 link=— · manos_feria_informe.json
[RANGO] BCHUSDT_LINEAL last=244.6 · río=WS · mercado=linear · estado=ACECHANDO · dir=— · 0=245.5 · Oz=— · Red=— · manos=ON · pos=flat · latido=1.50s
[RANGO] autosello BCH · ACECHANDO · Oz=0.0 link=— · manos_feria_informe.json
[RANGO] BCHUSDT_LINEAL last=244.7 · río=WS · mercado=linear · estado=ACECHANDO · dir=— · 0=245.5 · Oz=— · Red=— · manos=ON · pos=flat · latido=1.50s
[RANGO] BCHUSDT_LINEAL last=244.6 · río=WS · mercado=linear · estado=ACECHANDO · dir=— · 0=245.5 · Oz=— · Red=— · manos=ON · pos=flat · latido=1.50s
[RANGO] autosello BCH · ACECHANDO · Oz=0.0 link=— · manos_feria_informe.json
[RANGO] BCHUSDT_LINEAL last=244.5 · río=WS · mercado=linear · estado=ACECHANDO · dir=— · 0=245.5 · Oz=— · Red=— · manos=ON · pos=flat · latido=1.50s
[RANGO] autosello BCH · ACECHANDO · Oz=0.0 link=— · manos_feria_informe.json
[RANGO] BCHUSDT_LINEAL last=244.5 · río=WS · mercado=linear · estado=ACECHANDO · dir=— · 0=245.5 · Oz=— · Red=— · manos=ON · pos=flat · latido=1.50s
[RANGO] BCHUSDT_LINEAL last=244.6 · río=WS · mercado=linear · estado=ACECHANDO · dir=— · 0=245.5 · Oz=— · Red=— · manos=ON · pos=flat · latido=1.50s
[2026-08-31 10:34:07] [TUSK] RECONCILIACIÓN: CHIPUSDT_LINEAL: interno L:390.000000/S:0.000000 -> real L:520.000000/S:0.000000
[2026-08-31 10:34:07] [TUSK] RECONCILIACIÓN: KNCUSDT_LINEAL: interno L:0.000000/S:0.000000 -> real L:354.100000/S:0.000000
[2026-08-31 10:34:07] [TUSK] RECONCILIACIÓN_FANTASMA: NILUSDT_LINEAL existe interno pero no en exchange -> reseteando
[2026-08-31 10:34:07] [TUSK] RECONCILIACIÓN_OK: 3 frentes alineados con exchange
[RANGO] autosello BCH · ACECHANDO · Oz=0.0 link=— · manos_feria_informe.json
[RANGO] BCHUSDT_LINEAL last=244.6 · río=WS · mercado=linear · estado=ACECHANDO · dir=— · 0=245.5 · Oz=— · Red=— · manos=ON · pos=flat · latido=1.50s
[RANGO] autosello BCH · ACECHANDO · Oz=0.0 link=— · manos_feria_informe.json
[RANGO] BCHUSDT_LINEAL last=244.6 · río=WS · mercado=linear · estado=ACECHANDO · dir=— · 0=245.5 · Oz=— · Red=— · manos=ON · pos=flat · latido=1.50s
[RANGO] BCHUSDT_LINEAL last=244.7 · río=WS · mercado=linear · estado=ACECHANDO · dir=— · 0=245.5 · Oz=— · Red=— · manos=ON · pos=flat · latido=1.50s
[RANGO] autosello BCH · ACECHANDO · Oz=0.0 link=— · manos_feria_informe.json
[RANGO] BCHUSDT_LINEAL last=244.6 · río=WS · mercado=linear · estado=ACECHANDO · dir=— · 0=245.5 · Oz=— · Red=— · manos=ON · pos=flat · latido=1.50s
[RANGO] autosello BCH · ACECHANDO · Oz=0.0 link=— · manos_feria_informe.json
[RANGO] BCHUSDT_LINEAL last=244.7 · río=WS · mercado=linear · estado=ACECHANDO · dir=— · 0=245.5 · Oz=— · Red=— · manos=ON · pos=flat · latido=1.50s
[RANGO] BCHUSDT_LINEAL last=244.7 · río=WS · mercado=linear · estado=ACECHANDO · dir=— · 0=245.5 · Oz=— · Red=— · manos=ON · pos=flat · latido=1.50s
[2026-08-31 10:35:08] [TUSK] RECONCILIACIÓN: FWDIUSDT_LINEAL: interno L:0.000000/S:6.900000 -> real L:0.000000/S:6.000000
[2026-08-31 10:35:08] [TUSK] RECONCILIACIÓN_OK: 1 frentes alineados con exchange
[RANGO] autosello BCH · ACECHANDO · Oz=0.0 link=— · manos_feria_informe.json
[RANGO] BCHUSDT_LINEAL last=244.7 · río=WS · mercado=linear · estado=ACECHANDO · dir=— · 0=245.5 · Oz=— · Red=— · manos=ON · pos=flat · latido=1.50s
[RANGO] autosello BCH · ACECHANDO · Oz=0.0 link=— · manos_feria_informe.json
[RANGO] BCHUSDT_LINEAL last=244.8 · río=WS · mercado=linear · estado=ACECHANDO · dir=— · 0=245.5 · Oz=— · Red=— · manos=ON · pos=flat · latido=1.50s
[RANGO] BCHUSDT_LINEAL last=244.9 · río=WS · mercado=linear · estado=ACECHANDO · dir=— · 0=245.5 · Oz=— · Red=— · manos=ON · pos=flat · latido=1.50s
[RANGO] autosello BCH · ACECHANDO · Oz=0.0 link=— · manos_feria_informe.json
[RANGO] BCHUSDT_LINEAL last=244.8 · río=WS · mercado=linear · estado=ACECHANDO · dir=— · 0=245.5 · Oz=— · Red=— · manos=ON · pos=flat · latido=1.50s
[RANGO] autosello BCH · ACECHANDO · Oz=0.0 link=— · manos_feria_informe.json
[RANGO] BCHUSDT_LINEAL last=244.8 · río=WS · mercado=linear · estado=ACECHANDO · dir=— · 0=245.5 · Oz=— · Red=— · manos=ON · pos=flat · latido=1.50s
[RANGO] BCHUSDT_LINEAL last=244.8 · río=WS · mercado=linear · estado=ACECHANDO · dir=— · 0=245.5 · Oz=— · Red=— · manos=ON · pos=flat · latido=1.50s
[RANGO] autosello BCH · ACECHANDO · Oz=0.0 link=— · manos_feria_informe.json
[RANGO] BCHUSDT_LINEAL last=245.0 · río=WS · mercado=linear · estado=ACECHANDO · dir=— · 0=245.5 · Oz=— · Red=— · manos=ON · pos=flat · latido=1.50s
[RANGO] autosello BCH · ACECHANDO · Oz=0.0 link=— · manos_feria_informe.json
[RANGO] BCHUSDT_LINEAL last=244.9 · río=WS · mercado=linear · estado=ACECHANDO · dir=— · 0=245.5 · Oz=— · Red=— · manos=ON · pos=flat · latido=1.50s
[RANGO] BCHUSDT_LINEAL last=245.0 · río=WS · mercado=linear · estado=ACECHANDO · dir=— · 0=245.5 · Oz=— · Red=— · manos=ON · pos=flat · latido=1.50s
[RANGO] autosello BCH · ACECHANDO · Oz=0.0 link=— · manos_feria_informe.json
[RANGO] BCHUSDT_LINEAL last=245.01 · río=WS · mercado=linear · estado=ACECHANDO · dir=— · 0=245.5 · Oz=— · Red=— · manos=ON · pos=flat · latido=1.50s
[RANGO] autosello BCH · ACECHANDO · Oz=0.0 link=— · manos_feria_informe.json
[RANGO] BCHUSDT_LINEAL last=245.0 · río=WS · mercado=linear · estado=ACECHANDO · dir=— · 0=245.5 · Oz=— · Red=— · manos=ON · pos=flat · latido=1.50s
[RANGO] BCHUSDT_LINEAL last=244.9 · río=WS · mercado=linear · estado=ACECHANDO · dir=— · 0=245.5 · Oz=— · Red=— · manos=ON · pos=flat · latido=1.50s
[RANGO] autosello BCH · ACECHANDO · Oz=0.0 link=— · manos_feria_informe.json
[RANGO] BCHUSDT_LINEAL last=244.9 · río=WS · mercado=linear · estado=ACECHANDO · dir=— · 0=245.5 · Oz=— · Red=— · manos=ON · pos=flat · latido=1.50s
[RANGO] autosello BCH · ACECHANDO · Oz=0.0 link=— · manos_feria_informe.json
[RANGO] BCHUSDT_LINEAL last=244.8 · río=WS · mercado=linear · estado=ACECHANDO · dir=— · 0=245.5 · Oz=— · Red=— · manos=ON · pos=flat · latido=1.50s
[RANGO] BCHUSDT_LINEAL last=244.8 · río=WS · mercado=linear · estado=ACECHANDO · dir=— · 0=245.5 · Oz=— · Red=— · manos=ON · pos=flat · latido=1.50s
[RANGO] autosello BCH · ACECHANDO · Oz=0.0 link=— · manos_feria_informe.json
[RANGO] BCHUSDT_LINEAL last=244.93 · río=WS · mercado=linear · estado=ACECHANDO · dir=— · 0=245.5 · Oz=— · Red=— · manos=ON · pos=flat · latido=1.50s
[RANGO] autosello BCH · ACECHANDO · Oz=0.0 link=— · manos_feria_informe.json
[RANGO] BCHUSDT_LINEAL last=244.8 · río=WS · mercado=linear · estado=ACECHANDO · dir=— · 0=245.5 · Oz=— · Red=— · manos=ON · pos=flat · latido=1.50s
[RANGO] BCHUSDT_LINEAL last=244.9 · río=WS · mercado=linear · estado=ACECHANDO · dir=— · 0=245.5 · Oz=— · Red=— · manos=ON · pos=flat · latido=1.50s
[RANGO] autosello BCH · ACECHANDO · Oz=0.0 link=— · manos_feria_informe.json
[RANGO] BCHUSDT_LINEAL last=245.1 · río=WS · mercado=linear · estado=ACECHANDO · dir=— · 0=245.5 · Oz=— · Red=— · manos=ON · pos=flat · latido=1.50s
[RANGO] autosello BCH · ACECHANDO · Oz=0.0 link=— · manos_feria_informe.json
[RANGO] BCHUSDT_LINEAL last=245.1 · río=WS · mercado=linear · estado=ACECHANDO · dir=— · 0=245.5 · Oz=— · Red=— · manos=ON · pos=flat · latido=1.50s
[RANGO] BCHUSDT_LINEAL last=244.9 · río=WS · mercado=linear · estado=ACECHANDO · dir=— · 0=245.5 · Oz=— · Red=— · manos=ON · pos=flat · latido=1.50s
[RANGO] autosello BCH · ACECHANDO · Oz=0.0 link=— · manos_feria_informe.json
[RANGO] BCHUSDT_LINEAL last=244.9 · río=WS · mercado=linear · estado=ACECHANDO · dir=— · 0=245.5 · Oz=— · Red=— · manos=ON · pos=flat · latido=1.50s
[RANGO] autosello BCH · ACECHANDO · Oz=0.0 link=— · manos_feria_informe.json
[RANGO] BCHUSDT_LINEAL last=244.9 · río=WS · mercado=linear · estado=ACECHANDO · dir=— · 0=245.5 · Oz=— · Red=— · manos=ON · pos=flat · latido=1.50s
[RANGO] BCHUSDT_LINEAL last=245.0 · río=WS · mercado=linear · estado=ACECHANDO · dir=— · 0=245.5 · Oz=— · Red=— · manos=ON · pos=flat · latido=1.50s
[RANGO] autosello BCH · ACECHANDO · Oz=0.0 link=— · manos_feria_informe.json
[2026-08-31 10:39:13] [TUSK] RECONCILIACIÓN: POWERUSDT_LINEAL: interno L:0.000000/S:249.000000 -> real L:0.000000/S:190.000000
[2026-08-31 10:39:13] [TUSK] RECONCILIACIÓN_OK: 1 frentes alineados con exchange
[RANGO] BCHUSDT_LINEAL last=244.9 · río=WS · mercado=linear · estado=ACECHANDO · dir=— · 0=245.5 · Oz=— · Red=— · manos=ON · pos=flat · latido=1.50s
[RANGO] autosello BCH · ACECHANDO · Oz=0.0 link=— · manos_feria_informe.json
[RANGO] BCHUSDT_LINEAL last=244.94 · río=WS · mercado=linear · estado=ACECHANDO · dir=— · 0=245.5 · Oz=— · Red=— · manos=ON · pos=flat · latido=1.50s
[RANGO] BCHUSDT_LINEAL last=244.9 · río=WS · mercado=linear · estado=ACECHANDO · dir=— · 0=245.5 · Oz=— · Red=— · manos=ON · pos=flat · latido=1.50s
[RANGO] autosello BCH · ACECHANDO · Oz=0.0 link=— · manos_feria_informe.json
[RANGO] BCHUSDT_LINEAL last=244.9 · río=WS · mercado=linear · estado=ACECHANDO · dir=— · 0=245.5 · Oz=— · Red=— · manos=ON · pos=flat · latido=1.50s
[RANGO] autosello BCH · ACECHANDO · Oz=0.0 link=— · manos_feria_informe.json
[RANGO] BCHUSDT_LINEAL last=245.0 · río=WS · mercado=linear · estado=ACECHANDO · dir=— · 0=245.5 · Oz=— · Red=— · manos=ON · pos=flat · latido=1.50s
[RANGO] BCHUSDT_LINEAL last=245.0 · río=WS · mercado=linear · estado=ACECHANDO · dir=— · 0=245.5 · Oz=— · Red=— · manos=ON · pos=flat · latido=1.50s
[RANGO] autosello BCH · ACECHANDO · Oz=0.0 link=— · manos_feria_informe.json
[2026-08-31 10:40:14] [TUSK] RECONCILIACIÓN: DASHUSDT_LINEAL: interno L:0.000000/S:0.570000 -> real L:0.000000/S:0.680000
[2026-08-31 10:40:15] [TUSK] RECONCILIACIÓN: ROSEUSDT_LINEAL: interno L:0.000000/S:0.000000 -> real L:0.000000/S:3056.000000
[2026-08-31 10:40:15] [TUSK] RECONCILIACIÓN: AEHRUSDT_LINEAL: interno L:0.000000/S:0.000000 -> real L:0.300000/S:0.000000
[2026-08-31 10:40:15] [TUSK] RECONCILIACIÓN_FANTASMA: AXTIUSDT_LINEAL existe interno pero no en exchange -> reseteando
[2026-08-31 10:40:15] [TUSK] RECONCILIACIÓN_FANTASMA: NBISUSDT_LINEAL existe interno pero no en exchange -> reseteando
[2026-08-31 10:40:15] [TUSK] RECONCILIACIÓN_OK: 5 frentes alineados con exchange
[RANGO] BCHUSDT_LINEAL last=244.9 · río=WS · mercado=linear · estado=ACECHANDO · dir=— · 0=245.5 · Oz=— · Red=— · manos=ON · pos=flat · latido=1.50s
[RANGO] autosello BCH · ACECHANDO · Oz=0.0 link=— · manos_feria_informe.json
[RANGO] BCHUSDT_LINEAL last=245.0 · río=WS · mercado=linear · estado=ACECHANDO · dir=— · 0=245.5 · Oz=— · Red=— · manos=ON · pos=flat · latido=1.50s
[RANGO] BCHUSDT_LINEAL last=245.0 · río=WS · mercado=linear · estado=ACECHANDO · dir=— · 0=245.5 · Oz=— · Red=— · manos=ON · pos=flat · latido=1.50s
[RANGO] autosello BCH · ACECHANDO · Oz=0.0 link=— · manos_feria_informe.json
[RANGO] BCHUSDT_LINEAL last=244.98 · río=WS · mercado=linear · estado=ACECHANDO · dir=— · 0=245.5 · Oz=— · Red=— · manos=ON · pos=flat · latido=1.50s
[RANGO] autosello BCH · ACECHANDO · Oz=0.0 link=— · manos_feria_informe.json
[RANGO] BCHUSDT_LINEAL last=245.0 · río=WS · mercado=linear · estado=ACECHANDO · dir=— · 0=245.5 · Oz=— · Red=— · manos=ON · pos=flat · latido=1.50s
[RANGO] BCHUSDT_LINEAL last=245.0 · río=WS · mercado=linear · estado=ACECHANDO · dir=— · 0=245.5 · Oz=— · Red=— · manos=ON · pos=flat · latido=1.50s
[RANGO] autosello BCH · ACECHANDO · Oz=0.0 link=— · manos_feria_informe.json
[RANGO] BCHUSDT_LINEAL last=245.1 · río=WS · mercado=linear · estado=ACECHANDO · dir=— · 0=245.5 · Oz=— · Red=— · manos=ON · pos=flat · latido=1.50s
[2026-08-31 10:41:16] [TUSK] RECONCILIACIÓN: XANUSDT_LINEAL: interno L:0.000000/S:171.000000 -> real L:203.000000/S:0.000000
[2026-08-31 10:41:16] [TUSK] RECONCILIACIÓN_OK: 1 frentes alineados con exchange
[RANGO] autosello BCH · ACECHANDO · Oz=0.0 link=— · manos_feria_informe.json
[RANGO] BCHUSDT_LINEAL last=245.1 · río=WS · mercado=linear · estado=ACECHANDO · dir=— · 0=245.5 · Oz=— · Red=— · manos=ON · pos=flat · latido=1.50s
[RANGO] BCHUSDT_LINEAL last=245.1 · río=WS · mercado=linear · estado=ACECHANDO · dir=— · 0=245.5 · Oz=— · Red=— · manos=ON · pos=flat · latido=1.50s
[RANGO] autosello BCH · ACECHANDO · Oz=0.0 link=— · manos_feria_informe.json
[RANGO] BCHUSDT_LINEAL last=245.1 · río=WS · mercado=linear · estado=ACECHANDO · dir=— · 0=245.5 · Oz=— · Red=— · manos=ON · pos=flat · latido=1.50s
[RANGO] autosello BCH · ACECHANDO · Oz=0.0 link=— · manos_feria_informe.json
[RANGO] BCHUSDT_LINEAL last=245.2 · río=WS · mercado=linear · estado=ACECHANDO · dir=— · 0=245.5 · Oz=— · Red=— · manos=ON · pos=flat · latido=1.50s
[RANGO] BCHUSDT_LINEAL last=245.2 · río=WS · mercado=linear · estado=ACECHANDO · dir=— · 0=245.5 · Oz=— · Red=— · manos=ON · pos=flat · latido=1.50s
[RANGO] autosello BCH · ACECHANDO · Oz=0.0 link=— · manos_feria_informe.json
[RANGO] BCHUSDT_LINEAL last=245.3 · río=WS · mercado=linear · estado=ACECHANDO · dir=— · 0=245.5 · Oz=— · Red=— · manos=ON · pos=flat · latido=1.50s
[RANGO] autosello BCH · ACECHANDO · Oz=0.0 link=— · manos_feria_informe.json
[RANGO] BCHUSDT_LINEAL last=245.4 · río=WS · mercado=linear · estado=ACECHANDO · dir=— · 0=245.5 · Oz=— · Red=— · manos=ON · pos=flat · latido=1.50s
[RANGO] BCHUSDT_LINEAL last=245.3 · río=WS · mercado=linear · estado=ACECHANDO · dir=— · 0=245.5 · Oz=— · Red=— · manos=ON · pos=flat · latido=1.50s
[RANGO] autosello BCH · ACECHANDO · Oz=0.0 link=— · manos_feria_informe.json
[RANGO] BCHUSDT_LINEAL last=245.3 · río=WS · mercado=linear · estado=ACECHANDO · dir=— · 0=245.5 · Oz=— · Red=— · manos=ON · pos=flat · latido=1.50s
[RANGO] autosello BCH · ACECHANDO · Oz=0.0 link=— · manos_feria_informe.json
[RANGO] BCHUSDT_LINEAL last=245.41 · río=WS · mercado=linear · estado=ACECHANDO · dir=— · 0=245.5 · Oz=— · Red=— · manos=ON · pos=flat · latido=1.50s
[RANGO] BCHUSDT_LINEAL last=245.4 · río=WS · mercado=linear · estado=ACECHANDO · dir=— · 0=245.5 · Oz=— · Red=— · manos=ON · pos=flat · latido=1.50s
[RANGO] autosello BCH · ACECHANDO · Oz=0.0 link=— · manos_feria_informe.json
[RANGO] BCHUSDT_LINEAL last=245.52 · río=WS · mercado=linear · estado=ACECHANDO · dir=— · 0=245.5 · Oz=— · Red=— · manos=ON · pos=flat · latido=1.50s
[2026-08-31 10:43:19] [TUSK] RECONCILIACIÓN: TWTUSDT_LINEAL: interno L:38.700000/S:0.000000 -> real L:26.800000/S:0.000000
[2026-08-31 10:43:19] [TUSK] RECONCILIACIÓN_OK: 1 frentes alineados con exchange
[RANGO] autosello BCH · ACECHANDO · Oz=0.0 link=— · manos_feria_informe.json
[RANGO] BCHUSDT_LINEAL last=245.5 · río=WS · mercado=linear · estado=ACECHANDO · dir=— · 0=245.5 · Oz=— · Red=— · manos=ON · pos=flat · latido=1.50s
[RANGO] BCHUSDT_LINEAL last=245.5 · río=WS · mercado=linear · estado=ACECHANDO · dir=— · 0=245.5 · Oz=— · Red=— · manos=ON · pos=flat · latido=1.50s
[RANGO] autosello BCH · ACECHANDO · Oz=0.0 link=— · manos_feria_informe.json
[RANGO] BCHUSDT_LINEAL last=245.6 · río=WS · mercado=linear · estado=ACECHANDO · dir=— · 0=245.5 · Oz=— · Red=— · manos=ON · pos=flat · latido=1.50s
[RANGO] autosello BCH · ACECHANDO · Oz=0.0 link=— · manos_feria_informe.json
[RANGO] BCHUSDT_LINEAL last=245.5 · río=WS · mercado=linear · estado=ACECHANDO · dir=— · 0=245.5 · Oz=— · Red=— · manos=ON · pos=flat · latido=1.50s
[RANGO] BCHUSDT_LINEAL last=245.6 · río=WS · mercado=linear · estado=ACECHANDO · dir=— · 0=245.5 · Oz=— · Red=— · manos=ON · pos=flat · latido=1.50s
[RANGO] autosello BCH · ACECHANDO · Oz=0.0 link=— · manos_feria_informe.json
[RANGO] BCHUSDT_LINEAL last=245.8 · río=WS · mercado=linear · estado=ACECHANDO · dir=— · 0=245.5 · Oz=— · Red=— · manos=ON · pos=flat · latido=1.50s
[2026-08-31 10:44:20] [TUSK] RECONCILIACIÓN: PURRUSDT_LINEAL: interno L:0.000000/S:0.000000 -> real L:3.000000/S:0.000000
[2026-08-31 10:44:20] [TUSK] RECONCILIACIÓN_FANTASMA: VVVUSDT_LINEAL existe interno pero no en exchange -> reseteando
[2026-08-31 10:44:20] [TUSK] RECONCILIACIÓN_OK: 2 frentes alineados con exchange
[RANGO] autosello BCH · ACECHANDO · Oz=0.0 link=— · manos_feria_informe.json
[RANGO] BCHUSDT_LINEAL last=245.9 · río=WS · mercado=linear · estado=ACECHANDO · dir=— · 0=245.5 · Oz=— · Red=— · manos=ON · pos=flat · latido=1.50s
[RANGO] BCHUSDT_LINEAL last=245.9 · río=WS · mercado=linear · estado=ACECHANDO · dir=— · 0=245.5 · Oz=— · Red=— · manos=ON · pos=flat · latido=1.50s
[RANGO] autosello BCH · ACECHANDO · Oz=0.0 link=— · manos_feria_informe.json
[RANGO] BCHUSDT_LINEAL last=245.9 · río=WS · mercado=linear · estado=ACECHANDO · dir=— · 0=245.5 · Oz=— · Red=— · manos=ON · pos=flat · latido=1.50s
[RANGO] autosello BCH · ACECHANDO · Oz=0.0 link=— · manos_feria_informe.json
[RANGO] BCHUSDT_LINEAL last=246.1 · río=WS · mercado=linear · estado=ACECHANDO · dir=— · 0=245.5 · Oz=— · Red=— · manos=ON · pos=flat · latido=1.50s
[RANGO] BCHUSDT_LINEAL last=246.2 · río=WS · mercado=linear · estado=ACECHANDO · dir=— · 0=245.5 · Oz=— · Red=— · manos=ON · pos=flat · latido=1.50s
[RANGO] autosello BCH · ACECHANDO · Oz=0.0 link=— · manos_feria_informe.json
[RANGO] BCHUSDT_LINEAL last=246.3 · río=WS · mercado=linear · estado=ACECHANDO · dir=— · 0=245.5 · Oz=— · Red=— · manos=ON · pos=flat · latido=1.50s
[2026-08-31 10:45:21] [TUSK] RECONCILIACIÓN: PURRUSDT_LINEAL: interno L:3.000000/S:0.000000 -> real L:2.500000/S:0.000000
[2026-08-31 10:45:21] [TUSK] RECONCILIACIÓN: BMNRUSDT_LINEAL: interno L:0.000000/S:0.000000 -> real L:2.100000/S:0.000000
[2026-08-31 10:45:21] [TUSK] RECONCILIACIÓN: CRCLUSDT_LINEAL: interno L:0.290000/S:0.000000 -> real L:0.230000/S:0.000000
[2026-08-31 10:45:21] [TUSK] RECONCILIACIÓN: HYPEUSDT_LINEAL: interno L:0.000000/S:0.000000 -> real L:0.000000/S:0.340000
[2026-08-31 10:45:21] [TUSK] RECONCILIACIÓN: HYPEUSD_INVERSE: interno L:291.000000/S:0.000000 -> real L:146.000000/S:0.000000
[2026-08-31 10:45:21] [TUSK] RECONCILIACIÓN_FANTASMA: TSLLUSDT_LINEAL existe interno pero no en exchange -> reseteando
[2026-08-31 10:45:21] [TUSK] RECONCILIACIÓN_FANTASMA: ZEREBROUSDT_LINEAL existe interno pero no en exchange -> reseteando
[2026-08-31 10:45:21] [TUSK] RECONCILIACIÓN_OK: 7 frentes alineados con exchange
[RANGO] autosello BCH · ACECHANDO · Oz=0.0 link=— · manos_feria_informe.json
[RANGO] BCHUSDT_LINEAL last=246.2 · río=WS · mercado=linear · estado=ACECHANDO · dir=— · 0=245.5 · Oz=— · Red=— · manos=ON · pos=flat · latido=1.50s
[RANGO] BCHUSDT_LINEAL last=246.2 · río=WS · mercado=linear · estado=ACECHANDO · dir=— · 0=245.5 · Oz=— · Red=— · manos=ON · pos=flat · latido=1.50s
[RANGO] autosello BCH · ACECHANDO · Oz=0.0 link=— · manos_feria_informe.json
[RANGO] BCHUSDT_LINEAL last=246.3 · río=WS · mercado=linear · estado=ACECHANDO · dir=— · 0=245.5 · Oz=— · Red=— · manos=ON · pos=flat · latido=1.50s
[RANGO] autosello BCH · ACECHANDO · Oz=0.0 link=— · manos_feria_informe.json
[RANGO] BCHUSDT_LINEAL last=246.3 · río=WS · mercado=linear · estado=ACECHANDO · dir=— · 0=245.5 · Oz=— · Red=— · manos=ON · pos=flat · latido=1.50s
[RANGO] BCHUSDT_LINEAL last=246.1 · río=WS · mercado=linear · estado=ACECHANDO · dir=— · 0=245.5 · Oz=— · Red=— · manos=ON · pos=flat · latido=1.50s
[RANGO] autosello BCH · ACECHANDO · Oz=0.0 link=— · manos_feria_informe.json
[RANGO] BCHUSDT_LINEAL last=245.9 · río=WS · mercado=linear · estado=ACECHANDO · dir=— · 0=245.5 · Oz=— · Red=— · manos=ON · pos=flat · latido=1.50s
[2026-08-31 10:46:23] [TUSK] RECONCILIACIÓN: PURRUSDT_LINEAL: interno L:2.500000/S:0.000000 -> real L:3.000000/S:0.000000
[2026-08-31 10:46:23] [TUSK] RECONCILIACIÓN: LITUSDT_LINEAL: interno L:0.000000/S:0.000000 -> real L:0.000000/S:25.000000
[2026-08-31 10:46:23] [TUSK] RECONCILIACIÓN: HYPEUSDT_LINEAL: interno L:0.000000/S:0.340000 -> real L:0.000000/S:0.400000
[2026-08-31 10:46:23] [TUSK] RECONCILIACIÓN: HYPEUSD_INVERSE: interno L:146.000000/S:0.000000 -> real L:73.000000/S:0.000000
[2026-08-31 10:46:23] [TUSK] RECONCILIACIÓN_FANTASMA: SNXXUSDT_LINEAL existe interno pero no en exchange -> reseteando
[2026-08-31 10:46:23] [TUSK] RECONCILIACIÓN_OK: 5 frentes alineados con exchange
[RANGO] autosello BCH · ACECHANDO · Oz=0.0 link=— · manos_feria_informe.json
[RANGO] BCHUSDT_LINEAL last=246.0 · río=WS · mercado=linear · estado=ACECHANDO · dir=— · 0=245.5 · Oz=— · Red=— · manos=ON · pos=flat · latido=1.50s
[RANGO] BCHUSDT_LINEAL last=245.6 · río=WS · mercado=linear · estado=ACECHANDO · dir=— · 0=245.5 · Oz=— · Red=— · manos=ON · pos=flat · latido=1.50s
[RANGO] autosello BCH · ACECHANDO · Oz=0.0 link=— · manos_feria_informe.json
[RANGO] BCHUSDT_LINEAL last=245.7 · río=WS · mercado=linear · estado=ACECHANDO · dir=— · 0=245.5 · Oz=— · Red=— · manos=ON · pos=flat · latido=1.50s
[RANGO] autosello BCH · ACECHANDO · Oz=0.0 link=— · manos_feria_informe.json
[RANGO] BCHUSDT_LINEAL last=245.7 · río=WS · mercado=linear · estado=ACECHANDO · dir=— · 0=245.5 · Oz=— · Red=— · manos=ON · pos=flat · latido=1.50s
[RANGO] BCHUSDT_LINEAL last=245.89 · río=WS · mercado=linear · estado=ACECHANDO · dir=— · 0=245.5 · Oz=— · Red=— · manos=ON · pos=flat · latido=1.50s
[RANGO] autosello BCH · ACECHANDO · Oz=0.0 link=— · manos_feria_informe.json
[RANGO] BCHUSDT_LINEAL last=245.9 · río=WS · mercado=linear · estado=ACECHANDO · dir=— · 0=245.5 · Oz=— · Red=— · manos=ON · pos=flat · latido=1.50s
[2026-08-31 10:47:24] [TUSK] RECONCILIACIÓN: LITUSDT_LINEAL: interno L:0.000000/S:25.000000 -> real L:0.000000/S:26.900000
[2026-08-31 10:47:24] [TUSK] RECONCILIACIÓN: PURRUSDT_LINEAL: interno L:3.000000/S:0.000000 -> real L:3.700000/S:0.000000
[2026-08-31 10:47:24] [TUSK] RECONCILIACIÓN: BLUAIUSDT_LINEAL: interno L:1590.000000/S:0.000000 -> real L:1180.000000/S:0.000000
[2026-08-31 10:47:24] [TUSK] RECONCILIACIÓN_OK: 3 frentes alineados con exchange
[RANGO] autosello BCH · ACECHANDO · Oz=0.0 link=— · manos_feria_informe.json
[RANGO] BCHUSDT_LINEAL last=245.8 · río=WS · mercado=linear · estado=ACECHANDO · dir=— · 0=245.5 · Oz=— · Red=— · manos=ON · pos=flat · latido=1.50s
[RANGO] BCHUSDT_LINEAL last=246.0 · río=WS · mercado=linear · estado=ACECHANDO · dir=— · 0=245.5 · Oz=— · Red=— · manos=ON · pos=flat · latido=1.50s
[RANGO] autosello BCH · ACECHANDO · Oz=0.0 link=— · manos_feria_informe.json
[RANGO] BCHUSDT_LINEAL last=246.0 · río=WS · mercado=linear · estado=ACECHANDO · dir=— · 0=245.5 · Oz=— · Red=— · manos=ON · pos=flat · latido=1.50s
[RANGO] autosello BCH · ACECHANDO · Oz=0.0 link=— · manos_feria_informe.json
[RANGO] BCHUSDT_LINEAL last=245.9 · río=WS · mercado=linear · estado=ACECHANDO · dir=— · 0=245.5 · Oz=— · Red=— · manos=ON · pos=flat · latido=1.50s
[RANGO] BCHUSDT_LINEAL last=246.0 · río=WS · mercado=linear · estado=ACECHANDO · dir=— · 0=245.5 · Oz=— · Red=— · manos=ON · pos=flat · latido=1.50s
[RANGO] autosello BCH · ACECHANDO · Oz=0.0 link=— · manos_feria_informe.json
[RANGO] BCHUSDT_LINEAL last=246.2 · río=WS · mercado=linear · estado=ACECHANDO · dir=— · 0=245.5 · Oz=— · Red=— · manos=ON · pos=flat · latido=1.50s
[RANGO] autosello BCH · ACECHANDO · Oz=0.0 link=— · manos_feria_informe.json
[2026-08-31 10:48:25] [TUSK] RECONCILIACIÓN: PURRUSDT_LINEAL: interno L:3.700000/S:0.000000 -> real L:3.200000/S:0.000000
[2026-08-31 10:48:25] [TUSK] RECONCILIACIÓN_OK: 1 frentes alineados con exchange
[RANGO] BCHUSDT_LINEAL last=246.0 · río=WS · mercado=linear · estado=ACECHANDO · dir=— · 0=245.5 · Oz=— · Red=— · manos=ON · pos=flat · latido=1.50s
[RANGO] BCHUSDT_LINEAL last=246.1 · río=WS · mercado=linear · estado=ACECHANDO · dir=— · 0=245.5 · Oz=— · Red=— · manos=ON · pos=flat · latido=1.50s
[RANGO] autosello BCH · ACECHANDO · Oz=0.0 link=— · manos_feria_informe.json
[RANGO] BCHUSDT_LINEAL last=246.1 · río=WS · mercado=linear · estado=ACECHANDO · dir=— · 0=245.5 · Oz=— · Red=— · manos=ON · pos=flat · latido=1.50s
[RANGO] autosello BCH · ACECHANDO · Oz=0.0 link=— · manos_feria_informe.json
[RANGO] BCHUSDT_LINEAL last=246.1 · río=WS · mercado=linear · estado=ACECHANDO · dir=— · 0=245.5 · Oz=— · Red=— · manos=ON · pos=flat · latido=1.50s
[RANGO] BCHUSDT_LINEAL last=246.1 · río=WS · mercado=linear · estado=ACECHANDO · dir=— · 0=245.5 · Oz=— · Red=— · manos=ON · pos=flat · latido=1.50s
[RANGO] autosello BCH · ACECHANDO · Oz=0.0 link=— · manos_feria_informe.json
[RANGO] BCHUSDT_LINEAL last=245.9 · río=WS · mercado=linear · estado=ACECHANDO · dir=— · 0=245.5 · Oz=— · Red=— · manos=ON · pos=flat · latido=1.50s
[RANGO] autosello BCH · ACECHANDO · Oz=0.0 link=— · manos_feria_informe.json
[2026-08-31 10:49:26] [TUSK] RECONCILIACIÓN: PURRUSDT_LINEAL: interno L:3.200000/S:0.000000 -> real L:3.700000/S:0.000000
[2026-08-31 10:49:26] [TUSK] RECONCILIACIÓN: MORPHOUSDT_LINEAL: interno L:0.000000/S:0.000000 -> real L:23.000000/S:0.000000
[2026-08-31 10:49:26] [TUSK] RECONCILIACIÓN: DASHUSDT_LINEAL: interno L:0.000000/S:0.680000 -> real L:0.000000/S:0.810000
[2026-08-31 10:49:26] [TUSK] RECONCILIACIÓN_FANTASMA: UNIUSDT_LINEAL existe interno pero no en exchange -> reseteando
[2026-08-31 10:49:26] [TUSK] RECONCILIACIÓN_OK: 4 frentes alineados con exchange
[RANGO] BCHUSDT_LINEAL last=246.0 · río=WS · mercado=linear · estado=ACECHANDO · dir=— · 0=245.5 · Oz=— · Red=— · manos=ON · pos=flat · latido=1.50s
[RANGO] BCHUSDT_LINEAL last=246.1 · río=WS · mercado=linear · estado=ACECHANDO · dir=— · 0=245.5 · Oz=— · Red=— · manos=ON · pos=flat · latido=1.50s
[RANGO] autosello BCH · ACECHANDO · Oz=0.0 link=— · manos_feria_informe.json
[RANGO] BCHUSDT_LINEAL last=245.9 · río=WS · mercado=linear · estado=ACECHANDO · dir=— · 0=245.5 · Oz=— · Red=— · manos=ON · pos=flat · latido=1.50s
[RANGO] autosello BCH · ACECHANDO · Oz=0.0 link=— · manos_feria_informe.json
[RANGO] BCHUSDT_LINEAL last=246.0 · río=WS · mercado=linear · estado=ACECHANDO · dir=— · 0=245.5 · Oz=— · Red=— · manos=ON · pos=flat · latido=1.50s
[RANGO] BCHUSDT_LINEAL last=245.94 · río=WS · mercado=linear · estado=ACECHANDO · dir=— · 0=245.5 · Oz=— · Red=— · manos=ON · pos=flat · latido=1.50s
[RANGO] autosello BCH · ACECHANDO · Oz=0.0 link=— · manos_feria_informe.json
[RANGO] BCHUSDT_LINEAL last=245.9 · río=WS · mercado=linear · estado=ACECHANDO · dir=— · 0=245.5 · Oz=— · Red=— · manos=ON · pos=flat · latido=1.50s
[RANGO] autosello BCH · ACECHANDO · Oz=0.0 link=— · manos_feria_informe.json
[RANGO] BCHUSDT_LINEAL last=245.9 · río=WS · mercado=linear · estado=ACECHANDO · dir=— · 0=245.5 · Oz=— · Red=— · manos=ON · pos=flat · latido=1.50s
[2026-08-31 10:50:28] [TUSK] RECONCILIACIÓN: ASTSUSDT_LINEAL: interno L:0.000000/S:0.000000 -> real L:0.780000/S:0.000000
[2026-08-31 10:50:28] [TUSK] RECONCILIACIÓN: LITUSDT_LINEAL: interno L:0.000000/S:26.900000 -> real L:0.000000/S:25.500000
[2026-08-31 10:50:28] [TUSK] RECONCILIACIÓN: ETHUSD_INVERSE: interno L:190.000000/S:0.000000 -> real L:95.000000/S:0.000000
[2026-08-31 10:50:28] [TUSK] RECONCILIACIÓN_FANTASMA: OUSDT_LINEAL existe interno pero no en exchange -> reseteando
[2026-08-31 10:50:28] [TUSK] RECONCILIACIÓN_OK: 4 frentes alineados con exchange
[RANGO] BCHUSDT_LINEAL last=246.0 · río=WS · mercado=linear · estado=ACECHANDO · dir=— · 0=245.5 · Oz=— · Red=— · manos=ON · pos=flat · latido=1.50s
[RANGO] autosello BCH · ACECHANDO · Oz=0.0 link=— · manos_feria_informe.json
[RANGO] BCHUSDT_LINEAL last=246.0 · río=WS · mercado=linear · estado=ACECHANDO · dir=— · 0=245.5 · Oz=— · Red=— · manos=ON · pos=flat · latido=1.50s
[RANGO] autosello BCH · ACECHANDO · Oz=0.0 link=— · manos_feria_informe.json
[RANGO] BCHUSDT_LINEAL last=246.0 · río=WS · mercado=linear · estado=ACECHANDO · dir=— · 0=245.5 · Oz=— · Red=— · manos=ON · pos=flat · latido=1.50s
[RANGO] BCHUSDT_LINEAL last=246.07 · río=WS · mercado=linear · estado=ACECHANDO · dir=— · 0=245.5 · Oz=— · Red=— · manos=ON · pos=flat · latido=1.50s
[RANGO] autosello BCH · ACECHANDO · Oz=0.0 link=— · manos_feria_informe.json
[RANGO] BCHUSDT_LINEAL last=246.0 · río=WS · mercado=linear · estado=ACECHANDO · dir=— · 0=245.5 · Oz=— · Red=— · manos=ON · pos=flat · latido=1.50s
[RANGO] autosello BCH · ACECHANDO · Oz=0.0 link=— · manos_feria_informe.json
[RANGO] BCHUSDT_LINEAL last=246.0 · río=WS · mercado=linear · estado=ACECHANDO · dir=— · 0=245.5 · Oz=— · Red=— · manos=ON · pos=flat · latido=1.50s
[2026-08-31 10:51:29] [TUSK] RECONCILIACIÓN: MONUSDT_LINEAL: interno L:0.000000/S:0.000000 -> real L:5276.000000/S:0.000000
[2026-08-31 10:51:29] [TUSK] RECONCILIACIÓN_FANTASMA: STXXUSDT_LINEAL existe interno pero no en exchange -> reseteando
[2026-08-31 10:51:29] [TUSK] RECONCILIACIÓN_OK: 2 frentes alineados con exchange
[RANGO] BCHUSDT_LINEAL last=246.0 · río=WS · mercado=linear · estado=ACECHANDO · dir=— · 0=245.5 · Oz=— · Red=— · manos=ON · pos=flat · latido=1.50s
[RANGO] autosello BCH · ACECHANDO · Oz=0.0 link=— · manos_feria_informe.json
[RANGO] BCHUSDT_LINEAL last=246.1 · río=WS · mercado=linear · estado=ACECHANDO · dir=— · 0=245.5 · Oz=— · Red=— · manos=ON · pos=flat · latido=1.50s
[RANGO] autosello BCH · ACECHANDO · Oz=0.0 link=— · manos_feria_informe.json
[RANGO] BCHUSDT_LINEAL last=246.2 · río=WS · mercado=linear · estado=ACECHANDO · dir=— · 0=245.5 · Oz=— · Red=— · manos=ON · pos=flat · latido=1.50s
[RANGO] BCHUSDT_LINEAL last=246.1 · río=WS · mercado=linear · estado=ACECHANDO · dir=— · 0=245.5 · Oz=— · Red=— · manos=ON · pos=flat · latido=1.50s
[RANGO] autosello BCH · ACECHANDO · Oz=0.0 link=— · manos_feria_informe.json
[RANGO] BCHUSDT_LINEAL last=246.1 · río=WS · mercado=linear · estado=ACECHANDO · dir=— · 0=245.5 · Oz=— · Red=— · manos=ON · pos=flat · latido=1.50s
[RANGO] autosello BCH · ACECHANDO · Oz=0.0 link=— · manos_feria_informe.json
[RANGO] BCHUSDT_LINEAL last=246.2 · río=WS · mercado=linear · estado=ACECHANDO · dir=— · 0=245.5 · Oz=— · Red=— · manos=ON · pos=flat · latido=1.50s
[2026-08-31 10:52:30] [TUSK] RECONCILIACIÓN: SUSHIUSDT_LINEAL: interno L:0.000000/S:0.000000 -> real L:139.800000/S:0.000000
[2026-08-31 10:52:30] [TUSK] RECONCILIACIÓN: ACUUSDT_LINEAL: interno L:0.000000/S:0.000000 -> real L:215.000000/S:0.000000
[2026-08-31 10:52:30] [TUSK] RECONCILIACIÓN_FANTASMA: PLTRUSDT_LINEAL existe interno pero no en exchange -> reseteando
[2026-08-31 10:52:30] [TUSK] RECONCILIACIÓN_FANTASMA: CFGUSDT_LINEAL existe interno pero no en exchange -> reseteando
[2026-08-31 10:52:30] [TUSK] RECONCILIACIÓN_OK: 4 frentes alineados con exchange
[RANGO] BCHUSDT_LINEAL last=246.1 · río=WS · mercado=linear · estado=ACECHANDO · dir=— · 0=245.5 · Oz=— · Red=— · manos=ON · pos=flat · latido=1.50s
[RANGO] autosello BCH · ACECHANDO · Oz=0.0 link=— · manos_feria_informe.json
[RANGO] BCHUSDT_LINEAL last=246.0 · río=WS · mercado=linear · estado=ACECHANDO · dir=— · 0=245.5 · Oz=— · Red=— · manos=ON · pos=flat · latido=1.50s
[RANGO] autosello BCH · ACECHANDO · Oz=0.0 link=— · manos_feria_informe.json
[RANGO] BCHUSDT_LINEAL last=246.1 · río=WS · mercado=linear · estado=ACECHANDO · dir=— · 0=245.5 · Oz=— · Red=— · manos=ON · pos=flat · latido=1.50s
[RANGO] BCHUSDT_LINEAL last=246.3 · río=WS · mercado=linear · estado=ACECHANDO · dir=— · 0=245.5 · Oz=— · Red=— · manos=ON · pos=flat · latido=1.50s
[RANGO] autosello BCH · ACECHANDO · Oz=0.0 link=— · manos_feria_informe.json
[RANGO] BCHUSDT_LINEAL last=246.2 · río=WS · mercado=linear · estado=ACECHANDO · dir=— · 0=245.5 · Oz=— · Red=— · manos=ON · pos=flat · latido=1.50s
[RANGO] autosello BCH · ACECHANDO · Oz=0.0 link=— · manos_feria_informe.json
[RANGO] BCHUSDT_LINEAL last=246.2 · río=WS · mercado=linear · estado=ACECHANDO · dir=— · 0=245.5 · Oz=— · Red=— · manos=ON · pos=flat · latido=1.50s
[2026-08-31 10:53:31] [TUSK] RECONCILIACIÓN: TRBUSDT_LINEAL: interno L:0.000000/S:0.000000 -> real L:5.240000/S:0.000000
[2026-08-31 10:53:31] [TUSK] RECONCILIACIÓN_FANTASMA: FWDIUSDT_LINEAL existe interno pero no en exchange -> reseteando
[2026-08-31 10:53:31] [TUSK] RECONCILIACIÓN_OK: 2 frentes alineados con exchange
[RANGO] BCHUSDT_LINEAL last=246.4 · río=WS · mercado=linear · estado=ACECHANDO · dir=— · 0=245.5 · Oz=— · Red=— · manos=ON · pos=flat · latido=1.50s
[RANGO] autosello BCH · ACECHANDO · Oz=0.0 link=— · manos_feria_informe.json
[RANGO] BCHUSDT_LINEAL last=246.2 · río=WS · mercado=linear · estado=ACECHANDO · dir=— · 0=245.5 · Oz=— · Red=— · manos=ON · pos=flat · latido=1.50s
[RANGO] autosello BCH · ACECHANDO · Oz=0.0 link=— · manos_feria_informe.json
[RANGO] BCHUSDT_LINEAL last=246.2 · río=WS · mercado=linear · estado=ACECHANDO · dir=— · 0=245.5 · Oz=— · Red=— · manos=ON · pos=flat · latido=1.50s
[RANGO] BCHUSDT_LINEAL last=246.4 · río=WS · mercado=linear · estado=ACECHANDO · dir=— · 0=245.5 · Oz=— · Red=— · manos=ON · pos=flat · latido=1.50s
[RANGO] autosello BCH · ACECHANDO · Oz=0.0 link=— · manos_feria_informe.json
[RANGO] BCHUSDT_LINEAL last=246.4 · río=WS · mercado=linear · estado=ACECHANDO · dir=— · 0=245.5 · Oz=— · Red=— · manos=ON · pos=flat · latido=1.50s
[RANGO] autosello BCH · ACECHANDO · Oz=0.0 link=— · manos_feria_informe.json
[RANGO] BCHUSDT_LINEAL last=246.36 · río=WS · mercado=linear · estado=ACECHANDO · dir=— · 0=245.5 · Oz=— · Red=— · manos=ON · pos=flat · latido=1.50s
[RANGO] BCHUSDT_LINEAL last=246.3 · río=WS · mercado=linear · estado=ACECHANDO · dir=— · 0=245.5 · Oz=— · Red=— · manos=ON · pos=flat · latido=1.50s
[RANGO] autosello BCH · ACECHANDO · Oz=0.0 link=— · manos_feria_informe.json
[RANGO] BCHUSDT_LINEAL last=246.4 · río=WS · mercado=linear · estado=ACECHANDO · dir=— · 0=245.5 · Oz=— · Red=— · manos=ON · pos=flat · latido=1.50s
[RANGO] autosello BCH · ACECHANDO · Oz=0.0 link=— · manos_feria_informe.json
[RANGO] BCHUSDT_LINEAL last=246.31 · río=WS · mercado=linear · estado=ACECHANDO · dir=— · 0=245.5 · Oz=— · Red=— · manos=ON · pos=flat · latido=1.50s
[RANGO] BCHUSDT_LINEAL last=246.4 · río=WS · mercado=linear · estado=ACECHANDO · dir=— · 0=245.5 · Oz=— · Red=— · manos=ON · pos=flat · latido=1.50s
[RANGO] autosello BCH · ACECHANDO · Oz=0.0 link=— · manos_feria_informe.json
[RANGO] BCHUSDT_LINEAL last=246.4 · río=WS · mercado=linear · estado=ACECHANDO · dir=— · 0=245.5 · Oz=— · Red=— · manos=ON · pos=flat · latido=1.50s
[RANGO] autosello BCH · ACECHANDO · Oz=0.0 link=— · manos_feria_informe.json
[RANGO] BCHUSDT_LINEAL last=246.8 · río=WS · mercado=linear · estado=ACECHANDO · dir=— · 0=245.5 · Oz=— · Red=— · manos=ON · pos=flat · latido=1.50s
[2026-08-31 10:55:33] [TUSK] RECONCILIACIÓN: LITUSDT_LINEAL: interno L:0.000000/S:25.500000 -> real L:0.000000/S:24.100000
[2026-08-31 10:55:33] [TUSK] RECONCILIACIÓN_OK: 1 frentes alineados con exchange
[RANGO] BCHUSDT_LINEAL last=246.8 · río=WS · mercado=linear · estado=ACECHANDO · dir=— · 0=245.5 · Oz=— · Red=— · manos=ON · pos=flat · latido=1.50s
[RANGO] autosello BCH · ACECHANDO · Oz=0.0 link=— · manos_feria_informe.json
[RANGO] BCHUSDT_LINEAL last=246.8 · río=WS · mercado=linear · estado=ACECHANDO · dir=— · 0=245.5 · Oz=— · Red=— · manos=ON · pos=flat · latido=1.50s
[RANGO] autosello BCH · ACECHANDO · Oz=0.0 link=— · manos_feria_informe.json
[RANGO] BCHUSDT_LINEAL last=246.9 · río=WS · mercado=linear · estado=ACECHANDO · dir=— · 0=245.5 · Oz=— · Red=— · manos=ON · pos=flat · latido=1.50s
[RANGO] BCHUSDT_LINEAL last=246.91 · río=WS · mercado=linear · estado=ACECHANDO · dir=— · 0=245.5 · Oz=— · Red=— · manos=ON · pos=flat · latido=1.50s
[RANGO] autosello BCH · ACECHANDO · Oz=0.0 link=— · manos_feria_informe.json
[RANGO] BCHUSDT_LINEAL last=246.9 · río=WS · mercado=linear · estado=ACECHANDO · dir=— · 0=245.5 · Oz=— · Red=— · manos=ON · pos=flat · latido=1.50s
[RANGO] autosello BCH · ACECHANDO · Oz=0.0 link=— · manos_feria_informe.json
[RANGO] BCHUSDT_LINEAL last=246.6 · río=WS · mercado=linear · estado=ACECHANDO · dir=— · 0=245.5 · Oz=— · Red=— · manos=ON · pos=flat · latido=1.50s
[RANGO] BCHUSDT_LINEAL last=246.6 · río=WS · mercado=linear · estado=ACECHANDO · dir=— · 0=245.5 · Oz=— · Red=— · manos=ON · pos=flat · latido=1.50s
[RANGO] autosello BCH · ACECHANDO · Oz=0.0 link=— · manos_feria_informe.json
[RANGO] BCHUSDT_LINEAL last=246.6 · río=WS · mercado=linear · estado=ACECHANDO · dir=— · 0=245.5 · Oz=— · Red=— · manos=ON · pos=flat · latido=1.50s
[RANGO] autosello BCH · ACECHANDO · Oz=0.0 link=— · manos_feria_informe.json
[RANGO] BCHUSDT_LINEAL last=246.6 · río=WS · mercado=linear · estado=ACECHANDO · dir=— · 0=245.5 · Oz=— · Red=— · manos=ON · pos=flat · latido=1.50s
[RANGO] BCHUSDT_LINEAL last=246.5 · río=WS · mercado=linear · estado=ACECHANDO · dir=— · 0=245.5 · Oz=— · Red=— · manos=ON · pos=flat · latido=1.50s
[RANGO] autosello BCH · ACECHANDO · Oz=0.0 link=— · manos_feria_informe.json
[RANGO] BCHUSDT_LINEAL last=246.7 · río=WS · mercado=linear · estado=ACECHANDO · dir=— · 0=245.5 · Oz=— · Red=— · manos=ON · pos=flat · latido=1.50s
[RANGO] autosello BCH · ACECHANDO · Oz=0.0 link=— · manos_feria_informe.json
[RANGO] BCHUSDT_LINEAL last=246.6 · río=WS · mercado=linear · estado=ACECHANDO · dir=— · 0=245.5 · Oz=— · Red=— · manos=ON · pos=flat · latido=1.50s
[RANGO] BCHUSDT_LINEAL last=246.6 · río=WS · mercado=linear · estado=ACECHANDO · dir=— · 0=245.5 · Oz=— · Red=— · manos=ON · pos=flat · latido=1.50s
[RANGO] autosello BCH · ACECHANDO · Oz=0.0 link=— · manos_feria_informe.json
[RANGO] BCHUSDT_LINEAL last=246.6 · río=WS · mercado=linear · estado=ACECHANDO · dir=— · 0=245.5 · Oz=— · Red=— · manos=ON · pos=flat · latido=1.50s
[RANGO] autosello BCH · ACECHANDO · Oz=0.0 link=— · manos_feria_informe.json
[RANGO] BCHUSDT_LINEAL last=246.6 · río=WS · mercado=linear · estado=ACECHANDO · dir=— · 0=245.5 · Oz=— · Red=— · manos=ON · pos=flat · latido=1.50s
[RANGO] BCHUSDT_LINEAL last=246.6 · río=WS · mercado=linear · estado=ACECHANDO · dir=— · 0=245.5 · Oz=— · Red=— · manos=ON · pos=flat · latido=1.50s
[RANGO] autosello BCH · ACECHANDO · Oz=0.0 link=— · manos_feria_informe.json
[RANGO] BCHUSDT_LINEAL last=246.5 · río=WS · mercado=linear · estado=ACECHANDO · dir=— · 0=245.5 · Oz=— · Red=— · manos=ON · pos=flat · latido=1.50s
[RANGO] autosello BCH · ACECHANDO · Oz=0.0 link=— · manos_feria_informe.json
[RANGO] BCHUSDT_LINEAL last=246.6 · río=WS · mercado=linear · estado=ACECHANDO · dir=— · 0=245.5 · Oz=— · Red=— · manos=ON · pos=flat · latido=1.50s
[2026-08-31 10:58:37] [TUSK] RECONCILIACIÓN: MOVRUSDT_LINEAL: interno L:0.000000/S:0.000000 -> real L:0.000000/S:115.100000
[2026-08-31 10:58:37] [TUSK] RECONCILIACIÓN: ROBOUSDT_LINEAL: interno L:0.000000/S:0.000000 -> real L:3390.000000/S:0.000000
[2026-08-31 10:58:37] [TUSK] RECONCILIACIÓN_FANTASMA: POWERUSDT_LINEAL existe interno pero no en exchange -> reseteando
[2026-08-31 10:58:37] [TUSK] RECONCILIACIÓN_FANTASMA: AEHRUSDT_LINEAL existe interno pero no en exchange -> reseteando
[2026-08-31 10:58:37] [TUSK] RECONCILIACIÓN_OK: 4 frentes alineados con exchange
[RANGO] BCHUSDT_LINEAL last=246.6 · río=WS · mercado=linear · estado=ACECHANDO · dir=— · 0=245.5 · Oz=— · Red=— · manos=ON · pos=flat · latido=1.50s
[RANGO] autosello BCH · ACECHANDO · Oz=0.0 link=— · manos_feria_informe.json
[RANGO] BCHUSDT_LINEAL last=246.6 · río=WS · mercado=linear · estado=ACECHANDO · dir=— · 0=245.5 · Oz=— · Red=— · manos=ON · pos=flat · latido=1.50s
[RANGO] autosello BCH · ACECHANDO · Oz=0.0 link=— · manos_feria_informe.json
[RANGO] BCHUSDT_LINEAL last=246.6 · río=WS · mercado=linear · estado=ACECHANDO · dir=— · 0=245.5 · Oz=— · Red=— · manos=ON · pos=flat · latido=1.50s
[RANGO] BCHUSDT_LINEAL last=246.4 · río=WS · mercado=linear · estado=ACECHANDO · dir=— · 0=245.5 · Oz=— · Red=— · manos=ON · pos=flat · latido=1.50s
[RANGO] autosello BCH · ACECHANDO · Oz=0.0 link=— · manos_feria_informe.json
[RANGO] BCHUSDT_LINEAL last=246.4 · río=WS · mercado=linear · estado=ACECHANDO · dir=— · 0=245.5 · Oz=— · Red=— · manos=ON · pos=flat · latido=1.50s
[RANGO] autosello BCH · ACECHANDO · Oz=0.0 link=— · manos_feria_informe.json
[RANGO] BCHUSDT_LINEAL last=246.6 · río=WS · mercado=linear · estado=ACECHANDO · dir=— · 0=245.5 · Oz=— · Red=— · manos=ON · pos=flat · latido=1.50s
[2026-08-31 10:59:38] [TUSK] RECONCILIACIÓN: POWERUSDT_LINEAL: interno L:0.000000/S:0.000000 -> real L:0.000000/S:130.000000
[2026-08-31 10:59:38] [TUSK] RECONCILIACIÓN_FANTASMA: ROSEUSDT_LINEAL existe interno pero no en exchange -> reseteando
[2026-08-31 10:59:38] [TUSK] RECONCILIACIÓN_OK: 2 frentes alineados con exchange
[RANGO] BCHUSDT_LINEAL last=246.5 · río=WS · mercado=linear · estado=ACECHANDO · dir=— · 0=245.5 · Oz=— · Red=— · manos=ON · pos=flat · latido=1.50s
[RANGO] autosello BCH · ACECHANDO · Oz=0.0 link=— · manos_feria_informe.json
[RANGO] BCHUSDT_LINEAL last=246.4 · río=WS · mercado=linear · estado=ACECHANDO · dir=— · 0=245.5 · Oz=— · Red=— · manos=ON · pos=flat · latido=1.50s
[RANGO] autosello BCH · ACECHANDO · Oz=0.0 link=— · manos_feria_informe.json
[RANGO] BCHUSDT_LINEAL last=246.4 · río=WS · mercado=linear · estado=ACECHANDO · dir=— · 0=245.5 · Oz=— · Red=— · manos=ON · pos=flat · latido=1.50s
[RANGO] BCHUSDT_LINEAL last=246.5 · río=WS · mercado=linear · estado=ACECHANDO · dir=— · 0=245.5 · Oz=— · Red=— · manos=ON · pos=flat · latido=1.50s
[RANGO] autosello BCH · ACECHANDO · Oz=0.0 link=— · manos_feria_informe.json
[RANGO] BCHUSDT_LINEAL last=246.5 · río=WS · mercado=linear · estado=ACECHANDO · dir=— · 0=245.5 · Oz=— · Red=— · manos=ON · pos=flat · latido=1.50s
[RANGO] autosello BCH · ACECHANDO · Oz=0.0 link=— · manos_feria_informe.json
[RANGO] BCHUSDT_LINEAL last=246.6 · río=WS · mercado=linear · estado=ACECHANDO · dir=— · 0=245.5 · Oz=— · Red=— · manos=ON · pos=flat · latido=1.50s
[RANGO] BCHUSDT_LINEAL last=246.4 · río=WS · mercado=linear · estado=ACECHANDO · dir=— · 0=245.5 · Oz=— · Red=— · manos=ON · pos=flat · latido=1.50s
[2026-08-31 11:00:39] [TUSK] RECONCILIACIÓN: COTIUSDT_LINEAL: interno L:0.000000/S:0.000000 -> real L:1213.000000/S:0.000000
[2026-08-31 11:00:39] [TUSK] RECONCILIACIÓN: SAMSUNGUSDT_LINEAL: interno L:0.000000/S:0.000000 -> real L:0.000000/S:0.110000
[2026-08-31 11:00:39] [TUSK] RECONCILIACIÓN_FANTASMA: CHIPUSDT_LINEAL existe interno pero no en exchange -> reseteando
[2026-08-31 11:00:39] [TUSK] RECONCILIACIÓN_FANTASMA: TWTUSDT_LINEAL existe interno pero no en exchange -> reseteando
[2026-08-31 11:00:39] [TUSK] RECONCILIACIÓN_OK: 4 frentes alineados con exchange
[RANGO] autosello BCH · ACECHANDO · Oz=0.0 link=— · manos_feria_informe.json
[RANGO] BCHUSDT_LINEAL last=246.6 · río=WS · mercado=linear · estado=ACECHANDO · dir=— · 0=245.5 · Oz=— · Red=— · manos=ON · pos=flat · latido=1.50s
[RANGO] autosello BCH · ACECHANDO · Oz=0.0 link=— · manos_feria_informe.json
[RANGO] BCHUSDT_LINEAL last=246.6 · río=WS · mercado=linear · estado=ACECHANDO · dir=— · 0=245.5 · Oz=— · Red=— · manos=ON · pos=flat · latido=1.50s
[RANGO] BCHUSDT_LINEAL last=246.5 · río=WS · mercado=linear · estado=ACECHANDO · dir=— · 0=245.5 · Oz=— · Red=— · manos=ON · pos=flat · latido=1.50s
[RANGO] autosello BCH · ACECHANDO · Oz=0.0 link=— · manos_feria_informe.json
[RANGO] BCHUSDT_LINEAL last=246.5 · río=WS · mercado=linear · estado=ACECHANDO · dir=— · 0=245.5 · Oz=— · Red=— · manos=ON · pos=flat · latido=1.50s
[RANGO] autosello BCH · ACECHANDO · Oz=0.0 link=— · manos_feria_informe.json
[RANGO] BCHUSDT_LINEAL last=246.4 · río=WS · mercado=linear · estado=ACECHANDO · dir=— · 0=245.5 · Oz=— · Red=— · manos=ON · pos=flat · latido=1.50s
[RANGO] BCHUSDT_LINEAL last=246.3 · río=WS · mercado=linear · estado=ACECHANDO · dir=— · 0=245.5 · Oz=— · Red=— · manos=ON · pos=flat · latido=1.50s
[RANGO] autosello BCH · ACECHANDO · Oz=0.0 link=— · manos_feria_informe.json
[2026-08-31 11:01:40] [TUSK] RECONCILIACIÓN: PRLUSDT_LINEAL: interno L:0.000000/S:0.000000 -> real L:1308.000000/S:0.000000
[2026-08-31 11:01:40] [TUSK] RECONCILIACIÓN: TWTUSDT_LINEAL: interno L:0.000000/S:0.000000 -> real L:7.400000/S:0.000000
[2026-08-31 11:01:40] [TUSK] RECONCILIACIÓN_FANTASMA: CRCLUSDT_LINEAL existe interno pero no en exchange -> reseteando
[2026-08-31 11:01:40] [TUSK] RECONCILIACIÓN_FANTASMA: BMNRUSDT_LINEAL existe interno pero no en exchange -> reseteando
[2026-08-31 11:01:40] [TUSK] RECONCILIACIÓN_OK: 4 frentes alineados con exchange
[RANGO] BCHUSDT_LINEAL last=246.4 · río=WS · mercado=linear · estado=ACECHANDO · dir=— · 0=245.5 · Oz=— · Red=— · manos=ON · pos=flat · latido=1.50s
[RANGO] autosello BCH · ACECHANDO · Oz=0.0 link=— · manos_feria_informe.json
[RANGO] BCHUSDT_LINEAL last=246.4 · río=WS · mercado=linear · estado=ACECHANDO · dir=— · 0=245.5 · Oz=— · Red=— · manos=ON · pos=flat · latido=1.50s
[RANGO] BCHUSDT_LINEAL last=246.5 · río=WS · mercado=linear · estado=ACECHANDO · dir=— · 0=245.5 · Oz=— · Red=— · manos=ON · pos=flat · latido=1.50s
[RANGO] autosello BCH · ACECHANDO · Oz=0.0 link=— · manos_feria_informe.json
[RANGO] BCHUSDT_LINEAL last=246.5 · río=WS · mercado=linear · estado=ACECHANDO · dir=— · 0=245.5 · Oz=— · Red=— · manos=ON · pos=flat · latido=1.50s
[RANGO] autosello BCH · ACECHANDO · Oz=0.0 link=— · manos_feria_informe.json
[RANGO] BCHUSDT_LINEAL last=246.5 · río=WS · mercado=linear · estado=ACECHANDO · dir=— · 0=245.5 · Oz=— · Red=— · manos=ON · pos=flat · latido=1.50s
[RANGO] BCHUSDT_LINEAL last=246.6 · río=WS · mercado=linear · estado=ACECHANDO · dir=— · 0=245.5 · Oz=— · Red=— · manos=ON · pos=flat · latido=1.50s
[RANGO] autosello BCH · ACECHANDO · Oz=0.0 link=— · manos_feria_informe.json
[RANGO] BCHUSDT_LINEAL last=246.5 · río=WS · mercado=linear · estado=ACECHANDO · dir=— · 0=245.5 · Oz=— · Red=— · manos=ON · pos=flat · latido=1.50s
[RANGO] autosello BCH · ACECHANDO · Oz=0.0 link=— · manos_feria_informe.json
[RANGO] BCHUSDT_LINEAL last=246.6 · río=WS · mercado=linear · estado=ACECHANDO · dir=— · 0=245.5 · Oz=— · Red=— · manos=ON · pos=flat · latido=1.50s
[RANGO] BCHUSDT_LINEAL last=246.7 · río=WS · mercado=linear · estado=ACECHANDO · dir=— · 0=245.5 · Oz=— · Red=— · manos=ON · pos=flat · latido=1.50s
[RANGO] autosello BCH · ACECHANDO · Oz=0.0 link=— · manos_feria_informe.json
[RANGO] BCHUSDT_LINEAL last=246.7 · río=WS · mercado=linear · estado=ACECHANDO · dir=— · 0=245.5 · Oz=— · Red=— · manos=ON · pos=flat · latido=1.50s
[RANGO] autosello BCH · ACECHANDO · Oz=0.0 link=— · manos_feria_informe.json
[RANGO] BCHUSDT_LINEAL last=246.7 · río=WS · mercado=linear · estado=ACECHANDO · dir=— · 0=245.5 · Oz=— · Red=— · manos=ON · pos=flat · latido=1.50s
[RANGO] BCHUSDT_LINEAL last=246.7 · río=WS · mercado=linear · estado=ACECHANDO · dir=— · 0=245.5 · Oz=— · Red=— · manos=ON · pos=flat · latido=1.50s
[RANGO] autosello BCH · ACECHANDO · Oz=0.0 link=— · manos_feria_informe.json
[2026-08-31 11:03:42] [TUSK] RECONCILIACIÓN: KSMUSDT_LINEAL: interno L:0.000000/S:0.000000 -> real L:13.470000/S:0.000000
[2026-08-31 11:03:42] [TUSK] RECONCILIACIÓN: DASHUSDT_LINEAL: interno L:0.000000/S:0.810000 -> real L:0.000000/S:1.050000
[2026-08-31 11:03:42] [TUSK] RECONCILIACIÓN_FANTASMA: HYPEUSDT_LINEAL existe interno pero no en exchange -> reseteando
[2026-08-31 11:03:42] [TUSK] RECONCILIACIÓN_OK: 3 frentes alineados con exchange
[RANGO] BCHUSDT_LINEAL last=246.6 · río=WS · mercado=linear · estado=ACECHANDO · dir=— · 0=245.5 · Oz=— · Red=— · manos=ON · pos=flat · latido=1.50s
[RANGO] autosello BCH · ACECHANDO · Oz=0.0 link=— · manos_feria_informe.json
[RANGO] BCHUSDT_LINEAL last=246.6 · río=WS · mercado=linear · estado=ACECHANDO · dir=— · 0=245.5 · Oz=— · Red=— · manos=ON · pos=flat · latido=1.50s
[RANGO] BCHUSDT_LINEAL last=246.41 · río=WS · mercado=linear · estado=ACECHANDO · dir=— · 0=245.5 · Oz=— · Red=— · manos=ON · pos=flat · latido=1.50s
[RANGO] autosello BCH · ACECHANDO · Oz=0.0 link=— · manos_feria_informe.json
[RANGO] BCHUSDT_LINEAL last=246.2 · río=WS · mercado=linear · estado=ACECHANDO · dir=— · 0=245.5 · Oz=— · Red=— · manos=ON · pos=flat · latido=1.50s
[RANGO] autosello BCH · ACECHANDO · Oz=0.0 link=— · manos_feria_informe.json
[RANGO] BCHUSDT_LINEAL last=246.3 · río=WS · mercado=linear · estado=ACECHANDO · dir=— · 0=245.5 · Oz=— · Red=— · manos=ON · pos=flat · latido=1.50s
[RANGO] BCHUSDT_LINEAL last=246.41 · río=WS · mercado=linear · estado=ACECHANDO · dir=— · 0=245.5 · Oz=— · Red=— · manos=ON · pos=flat · latido=1.50s
[RANGO] autosello BCH · ACECHANDO · Oz=0.0 link=— · manos_feria_informe.json
[RANGO] BCHUSDT_LINEAL last=246.5 · río=WS · mercado=linear · estado=ACECHANDO · dir=— · 0=245.5 · Oz=— · Red=— · manos=ON · pos=flat · latido=1.50s
[RANGO] autosello BCH · ACECHANDO · Oz=0.0 link=— · manos_feria_informe.json
[RANGO] BCHUSDT_LINEAL last=246.4 · río=WS · mercado=linear · estado=ACECHANDO · dir=— · 0=245.5 · Oz=— · Red=— · manos=ON · pos=flat · latido=1.50s
[RANGO] BCHUSDT_LINEAL last=246.6 · río=WS · mercado=linear · estado=ACECHANDO · dir=— · 0=245.5 · Oz=— · Red=— · manos=ON · pos=flat · latido=1.50s
[RANGO] autosello BCH · ACECHANDO · Oz=0.0 link=— · manos_feria_informe.json
[RANGO] BCHUSDT_LINEAL last=246.6 · río=WS · mercado=linear · estado=ACECHANDO · dir=— · 0=245.5 · Oz=— · Red=— · manos=ON · pos=flat · latido=1.50s
[RANGO] autosello BCH · ACECHANDO · Oz=0.0 link=— · manos_feria_informe.json
[RANGO] BCHUSDT_LINEAL last=246.6 · río=WS · mercado=linear · estado=ACECHANDO · dir=— · 0=245.5 · Oz=— · Red=— · manos=ON · pos=flat · latido=1.50s
[RANGO] BCHUSDT_LINEAL last=246.6 · río=WS · mercado=linear · estado=ACECHANDO · dir=— · 0=245.5 · Oz=— · Red=— · manos=ON · pos=flat · latido=1.50s
[RANGO] autosello BCH · ACECHANDO · Oz=0.0 link=— · manos_feria_informe.json
[RANGO] BCHUSDT_LINEAL last=246.5 · río=WS · mercado=linear · estado=ACECHANDO · dir=— · 0=245.5 · Oz=— · Red=— · manos=ON · pos=flat · latido=1.50s
[RANGO] autosello BCH · ACECHANDO · Oz=0.0 link=— · manos_feria_informe.json
[RANGO] BCHUSDT_LINEAL last=246.5 · río=WS · mercado=linear · estado=ACECHANDO · dir=— · 0=245.5 · Oz=— · Red=— · manos=ON · pos=flat · latido=1.50s
[RANGO] BCHUSDT_LINEAL last=246.7 · río=WS · mercado=linear · estado=ACECHANDO · dir=— · 0=245.5 · Oz=— · Red=— · manos=ON · pos=flat · latido=1.50s
[RANGO] autosello BCH · ACECHANDO · Oz=0.0 link=— · manos_feria_informe.json
[RANGO] BCHUSDT_LINEAL last=246.7 · río=WS · mercado=linear · estado=ACECHANDO · dir=— · 0=245.5 · Oz=— · Red=— · manos=ON · pos=flat · latido=1.50s
[RANGO] autosello BCH · ACECHANDO · Oz=0.0 link=— · manos_feria_informe.json
[RANGO] BCHUSDT_LINEAL last=246.6 · río=WS · mercado=linear · estado=ACECHANDO · dir=— · 0=245.5 · Oz=— · Red=— · manos=ON · pos=flat · latido=1.50s
[RANGO] BCHUSDT_LINEAL last=246.7 · río=WS · mercado=linear · estado=ACECHANDO · dir=— · 0=245.5 · Oz=— · Red=— · manos=ON · pos=flat · latido=1.50s
[RANGO] autosello BCH · ACECHANDO · Oz=0.0 link=— · manos_feria_informe.json
[2026-08-31 11:06:45] [TUSK] RECONCILIACIÓN: ARCUSDT_LINEAL: interno L:0.000000/S:0.000000 -> real L:45.000000/S:0.000000
[2026-08-31 11:06:45] [TUSK] RECONCILIACIÓN_FANTASMA: BLUAIUSDT_LINEAL existe interno pero no en exchange -> reseteando
[2026-08-31 11:06:45] [TUSK] RECONCILIACIÓN_OK: 2 frentes alineados con exchange
[RANGO] BCHUSDT_LINEAL last=246.6 · río=WS · mercado=linear · estado=ACECHANDO · dir=— · 0=245.5 · Oz=— · Red=— · manos=ON · pos=flat · latido=1.50s
[RANGO] autosello BCH · ACECHANDO · Oz=0.0 link=— · manos_feria_informe.json
[RANGO] BCHUSDT_LINEAL last=246.6 · río=WS · mercado=linear · estado=ACECHANDO · dir=— · 0=245.5 · Oz=— · Red=— · manos=ON · pos=flat · latido=1.50s
[RANGO] BCHUSDT_LINEAL last=246.6 · río=WS · mercado=linear · estado=ACECHANDO · dir=— · 0=245.5 · Oz=— · Red=— · manos=ON · pos=flat · latido=1.50s
[RANGO] autosello BCH · ACECHANDO · Oz=0.0 link=— · manos_feria_informe.json
[RANGO] BCHUSDT_LINEAL last=246.4 · río=WS · mercado=linear · estado=ACECHANDO · dir=— · 0=245.5 · Oz=— · Red=— · manos=ON · pos=flat · latido=1.50s
[RANGO] autosello BCH · ACECHANDO · Oz=0.0 link=— · manos_feria_informe.json
[RANGO] BCHUSDT_LINEAL last=246.6 · río=WS · mercado=linear · estado=ACECHANDO · dir=— · 0=245.5 · Oz=— · Red=— · manos=ON · pos=flat · latido=1.50s
[RANGO] BCHUSDT_LINEAL last=246.6 · río=WS · mercado=linear · estado=ACECHANDO · dir=— · 0=245.5 · Oz=— · Red=— · manos=ON · pos=flat · latido=1.50s
[RANGO] autosello BCH · ACECHANDO · Oz=0.0 link=— · manos_feria_informe.json
[RANGO] BCHUSDT_LINEAL last=246.6 · río=WS · mercado=linear · estado=ACECHANDO · dir=— · 0=245.5 · Oz=— · Red=— · manos=ON · pos=flat · latido=1.50s
[RANGO] autosello BCH · ACECHANDO · Oz=0.0 link=— · manos_feria_informe.json
[RANGO] BCHUSDT_LINEAL last=246.5 · río=WS · mercado=linear · estado=ACECHANDO · dir=— · 0=245.5 · Oz=— · Red=— · manos=ON · pos=flat · latido=1.50s
[RANGO] BCHUSDT_LINEAL last=246.57 · río=WS · mercado=linear · estado=ACECHANDO · dir=— · 0=245.5 · Oz=— · Red=— · manos=ON · pos=flat · latido=1.50s
[RANGO] autosello BCH · ACECHANDO · Oz=0.0 link=— · manos_feria_informe.json
[RANGO] BCHUSDT_LINEAL last=246.6 · río=WS · mercado=linear · estado=ACECHANDO · dir=— · 0=245.5 · Oz=— · Red=— · manos=ON · pos=flat · latido=1.50s
[RANGO] autosello BCH · ACECHANDO · Oz=0.0 link=— · manos_feria_informe.json
[RANGO] BCHUSDT_LINEAL last=246.6 · río=WS · mercado=linear · estado=ACECHANDO · dir=— · 0=245.5 · Oz=— · Red=— · manos=ON · pos=flat · latido=1.50s
[RANGO] BCHUSDT_LINEAL last=246.6 · río=WS · mercado=linear · estado=ACECHANDO · dir=— · 0=245.5 · Oz=— · Red=— · manos=ON · pos=flat · latido=1.50s
[RANGO] autosello BCH · ACECHANDO · Oz=0.0 link=— · manos_feria_informe.json
[RANGO] BCHUSDT_LINEAL last=246.5 · río=WS · mercado=linear · estado=ACECHANDO · dir=— · 0=245.5 · Oz=— · Red=— · manos=ON · pos=flat · latido=1.50s
[RANGO] autosello BCH · ACECHANDO · Oz=0.0 link=— · manos_feria_informe.json
[RANGO] BCHUSDT_LINEAL last=246.4 · río=WS · mercado=linear · estado=ACECHANDO · dir=— · 0=245.5 · Oz=— · Red=— · manos=ON · pos=flat · latido=1.50s
[RANGO] BCHUSDT_LINEAL last=246.4 · río=WS · mercado=linear · estado=ACECHANDO · dir=— · 0=245.5 · Oz=— · Red=— · manos=ON · pos=flat · latido=1.50s
[RANGO] autosello BCH · ACECHANDO · Oz=0.0 link=— · manos_feria_informe.json
[RANGO] BCHUSDT_LINEAL last=246.34 · río=WS · mercado=linear · estado=ACECHANDO · dir=— · 0=245.5 · Oz=— · Red=— · manos=ON · pos=flat · latido=1.50s
[RANGO] autosello BCH · ACECHANDO · Oz=0.0 link=— · manos_feria_informe.json
[RANGO] BCHUSDT_LINEAL last=246.4 · río=WS · mercado=linear · estado=ACECHANDO · dir=— · 0=245.5 · Oz=— · Red=— · manos=ON · pos=flat · latido=1.50s
[RANGO] BCHUSDT_LINEAL last=246.4 · río=WS · mercado=linear · estado=ACECHANDO · dir=— · 0=245.5 · Oz=— · Red=— · manos=ON · pos=flat · latido=1.50s
[RANGO] autosello BCH · ACECHANDO · Oz=0.0 link=— · manos_feria_informe.json
[RANGO] BCHUSDT_LINEAL last=246.3 · río=WS · mercado=linear · estado=ACECHANDO · dir=— · 0=245.5 · Oz=— · Red=— · manos=ON · pos=flat · latido=1.50s
[RANGO] autosello BCH · ACECHANDO · Oz=0.0 link=— · manos_feria_informe.json
[RANGO] BCHUSDT_LINEAL last=246.3 · río=WS · mercado=linear · estado=ACECHANDO · dir=— · 0=245.5 · Oz=— · Red=— · manos=ON · pos=flat · latido=1.50s
[RANGO] BCHUSDT_LINEAL last=246.3 · río=WS · mercado=linear · estado=ACECHANDO · dir=— · 0=245.5 · Oz=— · Red=— · manos=ON · pos=flat · latido=1.50s
[RANGO] autosello BCH · ACECHANDO · Oz=0.0 link=— · manos_feria_informe.json
[RANGO] BCHUSDT_LINEAL last=246.5 · río=WS · mercado=linear · estado=ACECHANDO · dir=— · 0=245.5 · Oz=— · Red=— · manos=ON · pos=flat · latido=1.50s
[RANGO] autosello BCH · ACECHANDO · Oz=0.0 link=— · manos_feria_informe.json
[RANGO] BCHUSDT_LINEAL last=246.4 · río=WS · mercado=linear · estado=ACECHANDO · dir=— · 0=245.5 · Oz=— · Red=— · manos=ON · pos=flat · latido=1.50s
[RANGO] BCHUSDT_LINEAL last=246.4 · río=WS · mercado=linear · estado=ACECHANDO · dir=— · 0=245.5 · Oz=— · Red=— · manos=ON · pos=flat · latido=1.50s
[RANGO] autosello BCH · ACECHANDO · Oz=0.0 link=— · manos_feria_informe.json
[RANGO] BCHUSDT_LINEAL last=246.5 · río=WS · mercado=linear · estado=ACECHANDO · dir=— · 0=245.5 · Oz=— · Red=— · manos=ON · pos=flat · latido=1.50s
[2026-08-31 11:10:50] [TUSK] RECONCILIACIÓN: PLTRUSDT_LINEAL: interno L:0.000000/S:0.000000 -> real L:0.030000/S:0.000000
[2026-08-31 11:10:50] [TUSK] RECONCILIACIÓN_FANTASMA: XANUSDT_LINEAL existe interno pero no en exchange -> reseteando
[2026-08-31 11:10:50] [TUSK] RECONCILIACIÓN_OK: 2 frentes alineados con exchange
[RANGO] autosello BCH · ACECHANDO · Oz=0.0 link=— · manos_feria_informe.json
[RANGO] BCHUSDT_LINEAL last=246.4 · río=WS · mercado=linear · estado=ACECHANDO · dir=— · 0=245.5 · Oz=— · Red=— · manos=ON · pos=flat · latido=1.50s
[RANGO] BCHUSDT_LINEAL last=246.3 · río=WS · mercado=linear · estado=ACECHANDO · dir=— · 0=245.5 · Oz=— · Red=— · manos=ON · pos=flat · latido=1.50s
[RANGO] autosello BCH · ACECHANDO · Oz=0.0 link=— · manos_feria_informe.json
[RANGO] BCHUSDT_LINEAL last=246.4 · río=WS · mercado=linear · estado=ACECHANDO · dir=— · 0=245.5 · Oz=— · Red=— · manos=ON · pos=flat · latido=1.50s
[RANGO] autosello BCH · ACECHANDO · Oz=0.0 link=— · manos_feria_informe.json
[RANGO] BCHUSDT_LINEAL last=246.5 · río=WS · mercado=linear · estado=ACECHANDO · dir=— · 0=245.5 · Oz=— · Red=— · manos=ON · pos=flat · latido=1.50s
[RANGO] BCHUSDT_LINEAL last=246.5 · río=WS · mercado=linear · estado=ACECHANDO · dir=— · 0=245.5 · Oz=— · Red=— · manos=ON · pos=flat · latido=1.50s
[RANGO] autosello BCH · ACECHANDO · Oz=0.0 link=— · manos_feria_informe.json
[RANGO] BCHUSDT_LINEAL last=246.71 · río=WS · mercado=linear · estado=ACECHANDO · dir=— · 0=245.5 · Oz=— · Red=— · manos=ON · pos=flat · latido=1.50s
[RANGO] autosello BCH · ACECHANDO · Oz=0.0 link=— · manos_feria_informe.json
[RANGO] BCHUSDT_LINEAL last=247.0 · río=WS · mercado=linear · estado=ACECHANDO · dir=— · 0=245.5 · Oz=— · Red=— · manos=ON · pos=flat · latido=1.50s
[RANGO] autosello BCH · ACECHANDO · Oz=0.0 link=— · manos_feria_informe.json
[RANGO] BCHUSDT_LINEAL last=247.1 · río=WS · mercado=linear · estado=ACECHANDO · dir=— · 0=245.5 · Oz=— · Red=— · manos=ON · pos=flat · latido=1.50s
[RANGO] BCHUSDT_LINEAL last=246.9 · río=WS · mercado=linear · estado=ACECHANDO · dir=— · 0=245.5 · Oz=— · Red=— · manos=ON · pos=flat · latido=1.50s
[RANGO] autosello BCH · ACECHANDO · Oz=0.0 link=— · manos_feria_informe.json
[RANGO] BCHUSDT_LINEAL last=246.9 · río=WS · mercado=linear · estado=ACECHANDO · dir=— · 0=245.5 · Oz=— · Red=— · manos=ON · pos=flat · latido=1.50s
[RANGO] autosello BCH · ACECHANDO · Oz=0.0 link=— · manos_feria_informe.json
[RANGO] BCHUSDT_LINEAL last=246.8 · río=WS · mercado=linear · estado=ACECHANDO · dir=— · 0=245.5 · Oz=— · Red=— · manos=ON · pos=flat · latido=1.50s
[RANGO] BCHUSDT_LINEAL last=246.8 · río=WS · mercado=linear · estado=ACECHANDO · dir=— · 0=245.5 · Oz=— · Red=— · manos=ON · pos=flat · latido=1.50s
[RANGO] autosello BCH · ACECHANDO · Oz=0.0 link=— · manos_feria_informe.json
[RANGO] BCHUSDT_LINEAL last=246.8 · río=WS · mercado=linear · estado=ACECHANDO · dir=— · 0=245.5 · Oz=— · Red=— · manos=ON · pos=flat · latido=1.50s
[RANGO] autosello BCH · ACECHANDO · Oz=0.0 link=— · manos_feria_informe.json
[RANGO] BCHUSDT_LINEAL last=246.9 · río=WS · mercado=linear · estado=ACECHANDO · dir=— · 0=245.5 · Oz=— · Red=— · manos=ON · pos=flat · latido=1.50s
[RANGO] BCHUSDT_LINEAL last=246.86 · río=WS · mercado=linear · estado=ACECHANDO · dir=— · 0=245.5 · Oz=— · Red=— · manos=ON · pos=flat · latido=1.50s
[RANGO] autosello BCH · ACECHANDO · Oz=0.0 link=— · manos_feria_informe.json
[RANGO] BCHUSDT_LINEAL last=246.8 · río=WS · mercado=linear · estado=ACECHANDO · dir=— · 0=245.5 · Oz=— · Red=— · manos=ON · pos=flat · latido=1.50s
[RANGO] autosello BCH · ACECHANDO · Oz=0.0 link=— · manos_feria_informe.json
[RANGO] BCHUSDT_LINEAL last=246.8 · río=WS · mercado=linear · estado=ACECHANDO · dir=— · 0=245.5 · Oz=— · Red=— · manos=ON · pos=flat · latido=1.50s
[RANGO] BCHUSDT_LINEAL last=246.9 · río=WS · mercado=linear · estado=ACECHANDO · dir=— · 0=245.5 · Oz=— · Red=— · manos=ON · pos=flat · latido=1.50s
[2026-08-31 11:13:54] [TUSK] RECONCILIACIÓN_FANTASMA: AAVEUSD_INVERSE existe interno pero no en exchange -> reseteando
[2026-08-31 11:13:54] [TUSK] RECONCILIACIÓN_OK: 1 frentes alineados con exchange
[RANGO] autosello BCH · ACECHANDO · Oz=0.0 link=— · manos_feria_informe.json
[RANGO] BCHUSDT_LINEAL last=246.8 · río=WS · mercado=linear · estado=ACECHANDO · dir=— · 0=245.5 · Oz=— · Red=— · manos=ON · pos=flat · latido=1.50s
[RANGO] autosello BCH · ACECHANDO · Oz=0.0 link=— · manos_feria_informe.json
[RANGO] BCHUSDT_LINEAL last=246.9 · río=WS · mercado=linear · estado=ACECHANDO · dir=— · 0=245.5 · Oz=— · Red=— · manos=ON · pos=flat · latido=1.50s
[RANGO] BCHUSDT_LINEAL last=246.9 · río=WS · mercado=linear · estado=ACECHANDO · dir=— · 0=245.5 · Oz=— · Red=— · manos=ON · pos=flat · latido=1.50s
[RANGO] autosello BCH · ACECHANDO · Oz=0.0 link=— · manos_feria_informe.json
[RANGO] BCHUSDT_LINEAL last=246.8 · río=WS · mercado=linear · estado=ACECHANDO · dir=— · 0=245.5 · Oz=— · Red=— · manos=ON · pos=flat · latido=1.50s
[RANGO] autosello BCH · ACECHANDO · Oz=0.0 link=— · manos_feria_informe.json
[RANGO] BCHUSDT_LINEAL last=246.8 · río=WS · mercado=linear · estado=ACECHANDO · dir=— · 0=245.5 · Oz=— · Red=— · manos=ON · pos=flat · latido=1.50s
[RANGO] BCHUSDT_LINEAL last=246.86 · río=WS · mercado=linear · estado=ACECHANDO · dir=— · 0=245.5 · Oz=— · Red=— · manos=ON · pos=flat · latido=1.50s
[2026-08-31 11:14:55] [TUSK] RECONCILIACIÓN: POWERUSDT_LINEAL: interno L:0.000000/S:130.000000 -> real L:0.000000/S:189.000000
[2026-08-31 11:14:55] [TUSK] RECONCILIACIÓN_OK: 1 frentes alineados con exchange
[RANGO] autosello BCH · ACECHANDO · Oz=0.0 link=— · manos_feria_informe.json
[RANGO] BCHUSDT_LINEAL last=247.0 · río=WS · mercado=linear · estado=ACECHANDO · dir=— · 0=245.5 · Oz=— · Red=— · manos=ON · pos=flat · latido=1.50s
[RANGO] autosello BCH · ACECHANDO · Oz=0.0 link=— · manos_feria_informe.json
[RANGO] BCHUSDT_LINEAL last=246.9 · río=WS · mercado=linear · estado=ACECHANDO · dir=— · 0=245.5 · Oz=— · Red=— · manos=ON · pos=flat · latido=1.50s
[RANGO] BCHUSDT_LINEAL last=246.9 · río=WS · mercado=linear · estado=ACECHANDO · dir=— · 0=245.5 · Oz=— · Red=— · manos=ON · pos=flat · latido=1.50s
[RANGO] autosello BCH · ACECHANDO · Oz=0.0 link=— · manos_feria_informe.json
[RANGO] BCHUSDT_LINEAL last=246.9 · río=WS · mercado=linear · estado=ACECHANDO · dir=— · 0=245.5 · Oz=— · Red=— · manos=ON · pos=flat · latido=1.50s
[RANGO] autosello BCH · ACECHANDO · Oz=0.0 link=— · manos_feria_informe.json
[RANGO] BCHUSDT_LINEAL last=246.85 · río=WS · mercado=linear · estado=ACECHANDO · dir=— · 0=245.5 · Oz=— · Red=— · manos=ON · pos=flat · latido=1.50s
[RANGO] BCHUSDT_LINEAL last=246.8 · río=WS · mercado=linear · estado=ACECHANDO · dir=— · 0=245.5 · Oz=— · Red=— · manos=ON · pos=flat · latido=1.50s
[RANGO] autosello BCH · ACECHANDO · Oz=0.0 link=— · manos_feria_informe.json
[2026-08-31 11:15:57] [TUSK] RECONCILIACIÓN: CRCLUSDT_LINEAL: interno L:0.000000/S:0.000000 -> real L:0.150000/S:0.000000
[2026-08-31 11:15:57] [TUSK] RECONCILIACIÓN_FANTASMA: MORPHOUSDT_LINEAL existe interno pero no en exchange -> reseteando
[2026-08-31 11:15:57] [TUSK] RECONCILIACIÓN_OK: 2 frentes alineados con exchange
[RANGO] BCHUSDT_LINEAL last=246.86 · río=WS · mercado=linear · estado=ACECHANDO · dir=— · 0=245.5 · Oz=— · Red=— · manos=ON · pos=flat · latido=1.50s
[RANGO] BCHUSDT_LINEAL last=247.0 · río=WS · mercado=linear · estado=ACECHANDO · dir=— · 0=245.5 · Oz=— · Red=— · manos=ON · pos=flat · latido=1.50s
[RANGO] autosello BCH · ACECHANDO · Oz=0.0 link=— · manos_feria_informe.json
[RANGO] BCHUSDT_LINEAL last=247.0 · río=WS · mercado=linear · estado=ACECHANDO · dir=— · 0=245.5 · Oz=— · Red=— · manos=ON · pos=flat · latido=1.50s
[RANGO] autosello BCH · ACECHANDO · Oz=0.0 link=— · manos_feria_informe.json
[RANGO] BCHUSDT_LINEAL last=246.9 · río=WS · mercado=linear · estado=ACECHANDO · dir=— · 0=245.5 · Oz=— · Red=— · manos=ON · pos=flat · latido=1.50s
[RANGO] BCHUSDT_LINEAL last=246.9 · río=WS · mercado=linear · estado=ACECHANDO · dir=— · 0=245.5 · Oz=— · Red=— · manos=ON · pos=flat · latido=1.50s
[RANGO] autosello BCH · ACECHANDO · Oz=0.0 link=— · manos_feria_informe.json
[RANGO] BCHUSDT_LINEAL last=246.9 · río=WS · mercado=linear · estado=ACECHANDO · dir=— · 0=245.5 · Oz=— · Red=— · manos=ON · pos=flat · latido=1.50s
[RANGO] autosello BCH · ACECHANDO · Oz=0.0 link=— · manos_feria_informe.json
[2026-08-31 11:16:58] [TUSK] RECONCILIACIÓN: MORPHOUSDT_LINEAL: interno L:0.000000/S:0.000000 -> real L:21.000000/S:0.000000
[2026-08-31 11:16:58] [TUSK] RECONCILIACIÓN_FANTASMA: PURRUSDT_LINEAL existe interno pero no en exchange -> reseteando
[2026-08-31 11:16:58] [TUSK] RECONCILIACIÓN_OK: 2 frentes alineados con exchange
[RANGO] BCHUSDT_LINEAL last=246.9 · río=WS · mercado=linear · estado=ACECHANDO · dir=— · 0=245.5 · Oz=— · Red=— · manos=ON · pos=flat · latido=1.50s
[RANGO] BCHUSDT_LINEAL last=246.9 · río=WS · mercado=linear · estado=ACECHANDO · dir=— · 0=245.5 · Oz=— · Red=— · manos=ON · pos=flat · latido=1.50s
[RANGO] autosello BCH · ACECHANDO · Oz=0.0 link=— · manos_feria_informe.json
[RANGO] BCHUSDT_LINEAL last=246.8 · río=WS · mercado=linear · estado=ACECHANDO · dir=— · 0=245.5 · Oz=— · Red=— · manos=ON · pos=flat · latido=1.50s
[RANGO] autosello BCH · ACECHANDO · Oz=0.0 link=— · manos_feria_informe.json
[RANGO] BCHUSDT_LINEAL last=246.5 · río=WS · mercado=linear · estado=ACECHANDO · dir=— · 0=245.5 · Oz=— · Red=— · manos=ON · pos=flat · latido=1.50s
[RANGO] BCHUSDT_LINEAL last=246.5 · río=WS · mercado=linear · estado=ACECHANDO · dir=— · 0=245.5 · Oz=— · Red=— · manos=ON · pos=flat · latido=1.50s
[RANGO] autosello BCH · ACECHANDO · Oz=0.0 link=— · manos_feria_informe.json
[RANGO] BCHUSDT_LINEAL last=246.3 · río=WS · mercado=linear · estado=ACECHANDO · dir=— · 0=245.5 · Oz=— · Red=— · manos=ON · pos=flat · latido=1.50s
[RANGO] autosello BCH · ACECHANDO · Oz=0.0 link=— · manos_feria_informe.json
[2026-08-31 11:17:59] [TUSK] RECONCILIACIÓN: MSTRUSDT_LINEAL: interno L:0.000000/S:0.000000 -> real L:0.160000/S:0.000000
[2026-08-31 11:17:59] [TUSK] RECONCILIACIÓN_FANTASMA: ASTSUSDT_LINEAL existe interno pero no en exchange -> reseteando
[2026-08-31 11:17:59] [TUSK] RECONCILIACIÓN_OK: 2 frentes alineados con exchange
[RANGO] BCHUSDT_LINEAL last=246.4 · río=WS · mercado=linear · estado=ACECHANDO · dir=— · 0=245.5 · Oz=— · Red=— · manos=ON · pos=flat · latido=1.50s
[RANGO] BCHUSDT_LINEAL last=246.2 · río=WS · mercado=linear · estado=ACECHANDO · dir=— · 0=245.5 · Oz=— · Red=— · manos=ON · pos=flat · latido=1.50s
[RANGO] autosello BCH · ACECHANDO · Oz=0.0 link=— · manos_feria_informe.json
[RANGO] BCHUSDT_LINEAL last=246.3 · río=WS · mercado=linear · estado=ACECHANDO · dir=— · 0=245.5 · Oz=— · Red=— · manos=ON · pos=flat · latido=1.50s
[RANGO] autosello BCH · ACECHANDO · Oz=0.0 link=— · manos_feria_informe.json
[RANGO] BCHUSDT_LINEAL last=246.2 · río=WS · mercado=linear · estado=ACECHANDO · dir=— · 0=245.5 · Oz=— · Red=— · manos=ON · pos=flat · latido=1.50s
[RANGO] BCHUSDT_LINEAL last=246.3 · río=WS · mercado=linear · estado=ACECHANDO · dir=— · 0=245.5 · Oz=— · Red=— · manos=ON · pos=flat · latido=1.50s
[RANGO] autosello BCH · ACECHANDO · Oz=0.0 link=— · manos_feria_informe.json
[RANGO] BCHUSDT_LINEAL last=246.2 · río=WS · mercado=linear · estado=ACECHANDO · dir=— · 0=245.5 · Oz=— · Red=— · manos=ON · pos=flat · latido=1.50s
[RANGO] autosello BCH · ACECHANDO · Oz=0.0 link=— · manos_feria_informe.json
[RANGO] BCHUSDT_LINEAL last=246.2 · río=WS · mercado=linear · estado=ACECHANDO · dir=— · 0=245.5 · Oz=— · Red=— · manos=ON · pos=flat · latido=1.50s
[RANGO] BCHUSDT_LINEAL last=246.3 · río=WS · mercado=linear · estado=ACECHANDO · dir=— · 0=245.5 · Oz=— · Red=— · manos=ON · pos=flat · latido=1.50s
[RANGO] autosello BCH · ACECHANDO · Oz=0.0 link=— · manos_feria_informe.json
[RANGO] BCHUSDT_LINEAL last=246.2 · río=WS · mercado=linear · estado=ACECHANDO · dir=— · 0=245.5 · Oz=— · Red=— · manos=ON · pos=flat · latido=1.50s
[RANGO] autosello BCH · ACECHANDO · Oz=0.0 link=— · manos_feria_informe.json
[RANGO] BCHUSDT_LINEAL last=246.2 · río=WS · mercado=linear · estado=ACECHANDO · dir=— · 0=245.5 · Oz=— · Red=— · manos=ON · pos=flat · latido=1.50s
[RANGO] BCHUSDT_LINEAL last=246.3 · río=WS · mercado=linear · estado=ACECHANDO · dir=— · 0=245.5 · Oz=— · Red=— · manos=ON · pos=flat · latido=1.50s
[RANGO] autosello BCH · ACECHANDO · Oz=0.0 link=— · manos_feria_informe.json
[RANGO] BCHUSDT_LINEAL last=246.4 · río=WS · mercado=linear · estado=ACECHANDO · dir=— · 0=245.5 · Oz=— · Red=— · manos=ON · pos=flat · latido=1.50s
[RANGO] autosello BCH · ACECHANDO · Oz=0.0 link=— · manos_feria_informe.json
[RANGO] BCHUSDT_LINEAL last=246.4 · río=WS · mercado=linear · estado=ACECHANDO · dir=— · 0=245.5 · Oz=— · Red=— · manos=ON · pos=flat · latido=1.50s
[RANGO] BCHUSDT_LINEAL last=246.8 · río=WS · mercado=linear · estado=ACECHANDO · dir=— · 0=245.5 · Oz=— · Red=— · manos=ON · pos=flat · latido=1.50s
[RANGO] autosello BCH · ACECHANDO · Oz=0.0 link=— · manos_feria_informe.json
[RANGO] BCHUSDT_LINEAL last=247.0 · río=WS · mercado=linear · estado=ACECHANDO · dir=— · 0=245.5 · Oz=— · Red=— · manos=ON · pos=flat · latido=1.50s
[RANGO] autosello BCH · ACECHANDO · Oz=0.0 link=— · manos_feria_informe.json
[RANGO] BCHUSDT_LINEAL last=247.1 · río=WS · mercado=linear · estado=ACECHANDO · dir=— · 0=245.5 · Oz=— · Red=— · manos=ON · pos=flat · latido=1.50s
[RANGO] BCHUSDT_LINEAL last=247.1 · río=WS · mercado=linear · estado=ACECHANDO · dir=— · 0=245.5 · Oz=— · Red=— · manos=ON · pos=flat · latido=1.50s
[RANGO] autosello BCH · ACECHANDO · Oz=0.0 link=— · manos_feria_informe.json
[RANGO] BCHUSDT_LINEAL last=246.9 · río=WS · mercado=linear · estado=ACECHANDO · dir=— · 0=245.5 · Oz=— · Red=— · manos=ON · pos=flat · latido=1.50s
[RANGO] autosello BCH · ACECHANDO · Oz=0.0 link=— · manos_feria_informe.json
[RANGO] BCHUSDT_LINEAL last=247.0 · río=WS · mercado=linear · estado=ACECHANDO · dir=— · 0=245.5 · Oz=— · Red=— · manos=ON · pos=flat · latido=1.50s
[2026-08-31 11:21:03] [TUSK] RECONCILIACIÓN: LITUSDT_LINEAL: interno L:0.000000/S:24.100000 -> real L:0.000000/S:22.400000
[2026-08-31 11:21:03] [TUSK] RECONCILIACIÓN_OK: 1 frentes alineados con exchange
[RANGO] BCHUSDT_LINEAL last=247.03 · río=WS · mercado=linear · estado=ACECHANDO · dir=— · 0=245.5 · Oz=— · Red=— · manos=ON · pos=flat · latido=1.50s
[RANGO] autosello BCH · ACECHANDO · Oz=0.0 link=— · manos_feria_informe.json
[RANGO] BCHUSDT_LINEAL last=247.0 · río=WS · mercado=linear · estado=ACECHANDO · dir=— · 0=245.5 · Oz=— · Red=— · manos=ON · pos=flat · latido=1.50s
[RANGO] autosello BCH · ACECHANDO · Oz=0.0 link=— · manos_feria_informe.json
[RANGO] BCHUSDT_LINEAL last=247.0 · río=WS · mercado=linear · estado=ACECHANDO · dir=— · 0=245.5 · Oz=— · Red=— · manos=ON · pos=flat · latido=1.50s
[RANGO] BCHUSDT_LINEAL last=247.05 · río=WS · mercado=linear · estado=ACECHANDO · dir=— · 0=245.5 · Oz=— · Red=— · manos=ON · pos=flat · latido=1.50s
[RANGO] autosello BCH · ACECHANDO · Oz=0.0 link=— · manos_feria_informe.json
[RANGO] BCHUSDT_LINEAL last=247.1 · río=WS · mercado=linear · estado=ACECHANDO · dir=— · 0=245.5 · Oz=— · Red=— · manos=ON · pos=flat · latido=1.50s
[RANGO] autosello BCH · ACECHANDO · Oz=0.0 link=— · manos_feria_informe.json
[RANGO] BCHUSDT_LINEAL last=247.0 · río=WS · mercado=linear · estado=ACECHANDO · dir=— · 0=245.5 · Oz=— · Red=— · manos=ON · pos=flat · latido=1.50s
[RANGO] BCHUSDT_LINEAL last=247.0 · río=WS · mercado=linear · estado=ACECHANDO · dir=— · 0=245.5 · Oz=— · Red=— · manos=ON · pos=flat · latido=1.50s
[RANGO] autosello BCH · ACECHANDO · Oz=0.0 link=— · manos_feria_informe.json
[RANGO] BCHUSDT_LINEAL last=247.2 · río=WS · mercado=linear · estado=ACECHANDO · dir=— · 0=245.5 · Oz=— · Red=— · manos=ON · pos=flat · latido=1.50s
[RANGO] autosello BCH · ACECHANDO · Oz=0.0 link=— · manos_feria_informe.json
[RANGO] BCHUSDT_LINEAL last=247.2 · río=WS · mercado=linear · estado=ACECHANDO · dir=— · 0=245.5 · Oz=— · Red=— · manos=ON · pos=flat · latido=1.50s
[RANGO] BCHUSDT_LINEAL last=247.2 · río=WS · mercado=linear · estado=ACECHANDO · dir=— · 0=245.5 · Oz=— · Red=— · manos=ON · pos=flat · latido=1.50s
[RANGO] autosello BCH · ACECHANDO · Oz=0.0 link=— · manos_feria_informe.json
[RANGO] BCHUSDT_LINEAL last=247.2 · río=WS · mercado=linear · estado=ACECHANDO · dir=— · 0=245.5 · Oz=— · Red=— · manos=ON · pos=flat · latido=1.50s
[RANGO] autosello BCH · ACECHANDO · Oz=0.0 link=— · manos_feria_informe.json
[RANGO] BCHUSDT_LINEAL last=247.2 · río=WS · mercado=linear · estado=ACECHANDO · dir=— · 0=245.5 · Oz=— · Red=— · manos=ON · pos=flat · latido=1.50s
[RANGO] BCHUSDT_LINEAL last=247.1 · río=WS · mercado=linear · estado=ACECHANDO · dir=— · 0=245.5 · Oz=— · Red=— · manos=ON · pos=flat · latido=1.50s
[RANGO] autosello BCH · ACECHANDO · Oz=0.0 link=— · manos_feria_informe.json
[RANGO] BCHUSDT_LINEAL last=247.2 · río=WS · mercado=linear · estado=ACECHANDO · dir=— · 0=245.5 · Oz=— · Red=— · manos=ON · pos=flat · latido=1.50s
[RANGO] autosello BCH · ACECHANDO · Oz=0.0 link=— · manos_feria_informe.json
[RANGO] BCHUSDT_LINEAL last=247.1 · río=WS · mercado=linear · estado=ACECHANDO · dir=— · 0=245.5 · Oz=— · Red=— · manos=ON · pos=flat · latido=1.50s
[RANGO] BCHUSDT_LINEAL last=247.0 · río=WS · mercado=linear · estado=ACECHANDO · dir=— · 0=245.5 · Oz=— · Red=— · manos=ON · pos=flat · latido=1.50s
[RANGO] autosello BCH · ACECHANDO · Oz=0.0 link=— · manos_feria_informe.json
[RANGO] BCHUSDT_LINEAL last=247.1 · río=WS · mercado=linear · estado=ACECHANDO · dir=— · 0=245.5 · Oz=— · Red=— · manos=ON · pos=flat · latido=1.50s
[RANGO] autosello BCH · ACECHANDO · Oz=0.0 link=— · manos_feria_informe.json
[RANGO] BCHUSDT_LINEAL last=247.1 · río=ciego/muleta · mercado=linear · estado=ACECHANDO · dir=— · 0=245.5 · Oz=— · Red=— · manos=ON · pos=flat · latido=1.50s
[2026-08-31 11:24:06] [TUSK] RECONCILIACIÓN: XLMUSDT_LINEAL: interno L:0.000000/S:0.000000 -> real L:306.000000/S:0.000000
[2026-08-31 11:24:06] [TUSK] RECONCILIACIÓN_FANTASMA: MONUSDT_LINEAL existe interno pero no en exchange -> reseteando
[2026-08-31 11:24:06] [TUSK] RECONCILIACIÓN_OK: 2 frentes alineados con exchange
[RANGO] BCHUSDT_LINEAL last=246.9 · río=WS · mercado=linear · estado=ACECHANDO · dir=— · 0=245.5 · Oz=— · Red=— · manos=ON · pos=flat · latido=1.50s
[RANGO] autosello BCH · ACECHANDO · Oz=0.0 link=— · manos_feria_informe.json
[RANGO] BCHUSDT_LINEAL last=246.9 · río=WS · mercado=linear · estado=ACECHANDO · dir=— · 0=245.5 · Oz=— · Red=— · manos=ON · pos=flat · latido=1.50s
[RANGO] autosello BCH · ACECHANDO · Oz=0.0 link=— · manos_feria_informe.json
[RANGO] BCHUSDT_LINEAL last=246.9 · río=WS · mercado=linear · estado=ACECHANDO · dir=— · 0=245.5 · Oz=— · Red=— · manos=ON · pos=flat · latido=1.50s
