
════════════════════════════════════════════════════════
    ARISE BERU RANGO — MANOS ON
    Santo: COTIUSDT_LINEAL · mercado=linear · perfil=feria · Vacío ±2.2% · masa $5.0 · Red $5.0
    FASE: HIERRO | SIM=False | TESTNET=False
════════════════════════════════════════════════════════
[2026-08-31 07:51:20] [BRIDGE] LEVERAGE_ERROR: COTIUSD 25x: params error: symbol invalid COTIUSD (ErrCode: 10001) (ErrTime: 13:51:20).
Request → POST https://api.bybit.com/v5/position/set-leverage: {"category": "inverse", "symbol": "COTIUSD", "buyLeverage": "25", "sellLeverage": "25"}.
[BELLION OIDO · CRITICO] BRIDGE LEVERAGE_ERROR
[2026-08-31 07:51:20] [BRIDGE] LEVERAGE_ERROR: COTIUSD 20x: params error: symbol invalid COTIUSD (ErrCode: 10001) (ErrTime: 13:51:20).
Request → POST https://api.bybit.com/v5/position/set-leverage: {"category": "inverse", "symbol": "COTIUSD", "buyLeverage": "20", "sellLeverage": "20"}.
[BELLION OIDO · CRITICO] BRIDGE LEVERAGE_ERROR
[2026-08-31 07:51:20] [BRIDGE] LEVERAGE_ERROR: COTIUSD 15x: params error: symbol invalid COTIUSD (ErrCode: 10001) (ErrTime: 13:51:20).
Request → POST https://api.bybit.com/v5/position/set-leverage: {"category": "inverse", "symbol": "COTIUSD", "buyLeverage": "15", "sellLeverage": "15"}.
[BELLION OIDO · CRITICO] BRIDGE LEVERAGE_ERROR
[2026-08-31 07:51:21] [BRIDGE] LEVERAGE_ERROR: COTIUSD 12x: params error: symbol invalid COTIUSD (ErrCode: 10001) (ErrTime: 13:51:21).
Request → POST https://api.bybit.com/v5/position/set-leverage: {"category": "inverse", "symbol": "COTIUSD", "buyLeverage": "12", "sellLeverage": "12"}.
[BELLION OIDO · CRITICO] BRIDGE LEVERAGE_ERROR
[2026-08-31 07:51:21] [BRIDGE] LEVERAGE_ERROR: COTIUSD 10x: params error: symbol invalid COTIUSD (ErrCode: 10001) (ErrTime: 13:51:21).
Request → POST https://api.bybit.com/v5/position/set-leverage: {"category": "inverse", "symbol": "COTIUSD", "buyLeverage": "10", "sellLeverage": "10"}.
[BELLION OIDO · CRITICO] BRIDGE LEVERAGE_ERROR
[2026-08-31 07:51:21] [BRIDGE] LEVERAGE_ERROR: COTIUSD 8x: params error: symbol invalid COTIUSD (ErrCode: 10001) (ErrTime: 13:51:21).
Request → POST https://api.bybit.com/v5/position/set-leverage: {"category": "inverse", "symbol": "COTIUSD", "buyLeverage": "8", "sellLeverage": "8"}.
[BELLION OIDO · CRITICO] BRIDGE LEVERAGE_ERROR
[2026-08-31 07:51:22] [BRIDGE] LEVERAGE_ERROR: COTIUSD 5x: params error: symbol invalid COTIUSD (ErrCode: 10001) (ErrTime: 13:51:22).
Request → POST https://api.bybit.com/v5/position/set-leverage: {"category": "inverse", "symbol": "COTIUSD", "buyLeverage": "5", "sellLeverage": "5"}.
[BELLION OIDO · CRITICO] BRIDGE LEVERAGE_ERROR
[2026-08-31 07:51:22] [BRIDGE] LEVERAGE_ERROR: COTIUSD 3x: params error: symbol invalid COTIUSD (ErrCode: 10001) (ErrTime: 13:51:22).
Request → POST https://api.bybit.com/v5/position/set-leverage: {"category": "inverse", "symbol": "COTIUSD", "buyLeverage": "3", "sellLeverage": "3"}.
[BELLION OIDO · CRITICO] BRIDGE LEVERAGE_ERROR
[2026-08-31 07:51:22] [BRIDGE] LEVERAGE_ERROR: COTIUSD 2x: params error: symbol invalid COTIUSD (ErrCode: 10001) (ErrTime: 13:51:22).
Request → POST https://api.bybit.com/v5/position/set-leverage: {"category": "inverse", "symbol": "COTIUSD", "buyLeverage": "2", "sellLeverage": "2"}.
[BELLION OIDO · CRITICO] BRIDGE LEVERAGE_ERROR
[2026-08-31 07:51:22] [BRIDGE] LEVERAGE_ERROR: COTIUSD 1x: params error: symbol invalid COTIUSD (ErrCode: 10001) (ErrTime: 13:51:22).
Request → POST https://api.bybit.com/v5/position/set-leverage: {"category": "inverse", "symbol": "COTIUSD", "buyLeverage": "1", "sellLeverage": "1"}.
[BELLION OIDO · CRITICO] BRIDGE LEVERAGE_ERROR
[2026-08-31 07:51:23] [BRIDGE] LEVERAGE_ERROR: COTIUSD 23x: params error: symbol invalid COTIUSD (ErrCode: 10001) (ErrTime: 13:51:23).
Request → POST https://api.bybit.com/v5/position/set-leverage: {"category": "inverse", "symbol": "COTIUSD", "buyLeverage": "23", "sellLeverage": "23"}.
[BELLION OIDO · CRITICO] BRIDGE LEVERAGE_ERROR
[2026-08-31 07:51:23] [BRIDGE] LEVERAGE_ERROR: COTIUSD 21x: params error: symbol invalid COTIUSD (ErrCode: 10001) (ErrTime: 13:51:23).
Request → POST https://api.bybit.com/v5/position/set-leverage: {"category": "inverse", "symbol": "COTIUSD", "buyLeverage": "21", "sellLeverage": "21"}.
[BELLION OIDO · CRITICO] BRIDGE LEVERAGE_ERROR
[2026-08-31 07:51:23] [BRIDGE] LEVERAGE_ERROR: COTIUSD 19x: params error: symbol invalid COTIUSD (ErrCode: 10001) (ErrTime: 13:51:23).
Request → POST https://api.bybit.com/v5/position/set-leverage: {"category": "inverse", "symbol": "COTIUSD", "buyLeverage": "19", "sellLeverage": "19"}.
[BELLION OIDO · CRITICO] BRIDGE LEVERAGE_ERROR
[2026-08-31 07:51:24] [BRIDGE] LEVERAGE_ERROR: COTIUSD 17x: params error: symbol invalid COTIUSD (ErrCode: 10001) (ErrTime: 13:51:24).
Request → POST https://api.bybit.com/v5/position/set-leverage: {"category": "inverse", "symbol": "COTIUSD", "buyLeverage": "17", "sellLeverage": "17"}.
[BELLION OIDO · CRITICO] BRIDGE LEVERAGE_ERROR
[2026-08-31 07:51:24] [BRIDGE] LEVERAGE_ERROR: COTIUSD 13x: params error: symbol invalid COTIUSD (ErrCode: 10001) (ErrTime: 13:51:24).
Request → POST https://api.bybit.com/v5/position/set-leverage: {"category": "inverse", "symbol": "COTIUSD", "buyLeverage": "13", "sellLeverage": "13"}.
[BELLION OIDO · CRITICO] BRIDGE LEVERAGE_ERROR
[2026-08-31 07:51:24] [BRIDGE] LEVERAGE_ERROR: COTIUSD 11x: params error: symbol invalid COTIUSD (ErrCode: 10001) (ErrTime: 13:51:24).
Request → POST https://api.bybit.com/v5/position/set-leverage: {"category": "inverse", "symbol": "COTIUSD", "buyLeverage": "11", "sellLeverage": "11"}.
[BELLION OIDO · CRITICO] BRIDGE LEVERAGE_ERROR
[2026-08-31 07:51:25] [BRIDGE] LEVERAGE_ERROR: COTIUSD 9x: params error: symbol invalid COTIUSD (ErrCode: 10001) (ErrTime: 13:51:25).
Request → POST https://api.bybit.com/v5/position/set-leverage: {"category": "inverse", "symbol": "COTIUSD", "buyLeverage": "9", "sellLeverage": "9"}.
[BELLION OIDO · CRITICO] BRIDGE LEVERAGE_ERROR
[2026-08-31 07:51:25] [BRIDGE] LEVERAGE_ERROR: COTIUSD 7x: params error: symbol invalid COTIUSD (ErrCode: 10001) (ErrTime: 13:51:25).
Request → POST https://api.bybit.com/v5/position/set-leverage: {"category": "inverse", "symbol": "COTIUSD", "buyLeverage": "7", "sellLeverage": "7"}.
[BELLION OIDO · CRITICO] BRIDGE LEVERAGE_ERROR
[2026-08-31 07:51:25] [BRIDGE] LEVERAGE_ERROR: COTIUSD 24x: params error: symbol invalid COTIUSD (ErrCode: 10001) (ErrTime: 13:51:25).
Request → POST https://api.bybit.com/v5/position/set-leverage: {"category": "inverse", "symbol": "COTIUSD", "buyLeverage": "24", "sellLeverage": "24"}.
[BELLION OIDO · CRITICO] BRIDGE LEVERAGE_ERROR
[2026-08-31 07:51:25] [BRIDGE] LEVERAGE_ERROR: COTIUSD 22x: params error: symbol invalid COTIUSD (ErrCode: 10001) (ErrTime: 13:51:25).
Request → POST https://api.bybit.com/v5/position/set-leverage: {"category": "inverse", "symbol": "COTIUSD", "buyLeverage": "22", "sellLeverage": "22"}.
[BELLION OIDO · CRITICO] BRIDGE LEVERAGE_ERROR
[2026-08-31 07:51:26] [BRIDGE] LEVERAGE_ERROR: COTIUSD 18x: params error: symbol invalid COTIUSD (ErrCode: 10001) (ErrTime: 13:51:26).
Request → POST https://api.bybit.com/v5/position/set-leverage: {"category": "inverse", "symbol": "COTIUSD", "buyLeverage": "18", "sellLeverage": "18"}.
[BELLION OIDO · CRITICO] BRIDGE LEVERAGE_ERROR
[2026-08-31 07:51:26] [BRIDGE] LEVERAGE_ERROR: COTIUSD 16x: params error: symbol invalid COTIUSD (ErrCode: 10001) (ErrTime: 13:51:26).
Request → POST https://api.bybit.com/v5/position/set-leverage: {"category": "inverse", "symbol": "COTIUSD", "buyLeverage": "16", "sellLeverage": "16"}.
[BELLION OIDO · CRITICO] BRIDGE LEVERAGE_ERROR
[2026-08-31 07:51:26] [BRIDGE] LEVERAGE_ERROR: COTIUSD 14x: params error: symbol invalid COTIUSD (ErrCode: 10001) (ErrTime: 13:51:26).
Request → POST https://api.bybit.com/v5/position/set-leverage: {"category": "inverse", "symbol": "COTIUSD", "buyLeverage": "14", "sellLeverage": "14"}.
[BELLION OIDO · CRITICO] BRIDGE LEVERAGE_ERROR
[2026-08-31 07:51:27] [BRIDGE] LEVERAGE_ERROR: COTIUSD 6x: params error: symbol invalid COTIUSD (ErrCode: 10001) (ErrTime: 13:51:27).
Request → POST https://api.bybit.com/v5/position/set-leverage: {"category": "inverse", "symbol": "COTIUSD", "buyLeverage": "6", "sellLeverage": "6"}.
[BELLION OIDO · CRITICO] BRIDGE LEVERAGE_ERROR
[2026-08-31 07:51:27] [BRIDGE] LEVERAGE_ERROR: COTIUSD 4x: params error: symbol invalid COTIUSD (ErrCode: 10001) (ErrTime: 13:51:27).
Request → POST https://api.bybit.com/v5/position/set-leverage: {"category": "inverse", "symbol": "COTIUSD", "buyLeverage": "4", "sellLeverage": "4"}.
[BELLION OIDO · CRITICO] BRIDGE LEVERAGE_ERROR
[2026-08-31 07:51:27] [IGRIS] LEVERAGE_MAX_AVISO: COTI · COTIUSD (inverse): pedido 25x · Bybit NO dejó · params error: symbol invalid COTIUSD (ErrCode: 10001) (ErrTime: 13:51:27).
Request → POST https://api.bybit.com/v5/position/set-leverage: {"category": "inverse", "symbol": "COTIUSD", "buyLeverage": "4", "sellLeverage": "4"}.
[BELLION OIDO · CRITICO] IGRIS LEVERAGE_MAX_AVISO
[2026-08-31 07:51:27] [IGRIS] LEVERAGE_MAX_OK: COTI · COTIUSDT (linear): 25x (techo catálogo)
[RANGO] apalanc COTI AVISO: [{'ok': False, 'activo': 'COTI', 'symbol': 'COTIUSD', 'category': 'inverse', 'pedido': 25, 'aplicado': None, 'motivo': 'params error: symbol invalid COTIUSD (ErrCode: 10001) (ErrTime: 13:51:27).\nRequest → POST https://api.bybit.com/v5/position/set-leverage: {"category": "inverse", "symbol": "COTIUSD", "buyLeverage": "4", "sellLeverage": "4"}.'}]
[2026-08-31 07:51:28] [TUSK] RECONCILIACIÓN: PLTRUSDT_LINEAL: interno L:0.000000/S:0.000000 -> real L:0.030000/S:0.000000
[2026-08-31 07:51:28] [TUSK] RECONCILIACIÓN: BIOUSDT_LINEAL: interno L:0.000000/S:0.000000 -> real L:1016.000000/S:0.000000
[2026-08-31 07:51:28] [TUSK] RECONCILIACIÓN: TSLLUSDT_LINEAL: interno L:0.000000/S:0.000000 -> real L:1.150000/S:0.000000
[2026-08-31 07:51:28] [TUSK] RECONCILIACIÓN: POWERUSDT_LINEAL: interno L:0.000000/S:0.000000 -> real L:67.000000/S:0.000000
[2026-08-31 07:51:28] [TUSK] RECONCILIACIÓN: SNXXUSDT_LINEAL: interno L:0.000000/S:0.000000 -> real L:6.450000/S:0.000000
[2026-08-31 07:51:29] [TUSK] RECONCILIACIÓN: KSMUSDT_LINEAL: interno L:0.000000/S:0.000000 -> real L:13.470000/S:0.000000
[2026-08-31 07:51:29] [TUSK] RECONCILIACIÓN: MRVLUSDT_LINEAL: interno L:0.000000/S:0.000000 -> real L:1.050000/S:0.000000
[2026-08-31 07:51:29] [TUSK] RECONCILIACIÓN: CRCLUSDT_LINEAL: interno L:0.000000/S:0.000000 -> real L:0.410000/S:0.000000
[2026-08-31 07:51:29] [TUSK] RECONCILIACIÓN: MVLLUSDT_LINEAL: interno L:0.000000/S:0.000000 -> real L:3.550000/S:0.000000
[2026-08-31 07:51:29] [TUSK] RECONCILIACIÓN: AEHRUSDT_LINEAL: interno L:0.000000/S:0.000000 -> real L:0.080000/S:0.000000
[2026-08-31 07:51:29] [TUSK] RECONCILIACIÓN: BSPUSDT_LINEAL: interno L:0.000000/S:0.000000 -> real L:0.410000/S:0.000000
[2026-08-31 07:51:29] [TUSK] RECONCILIACIÓN: CRDOUSDT_LINEAL: interno L:0.000000/S:0.000000 -> real L:0.110000/S:0.000000
[2026-08-31 07:51:29] [TUSK] RECONCILIACIÓN: WDCUSDT_LINEAL: interno L:0.000000/S:0.000000 -> real L:0.020000/S:0.000000
[2026-08-31 07:51:29] [TUSK] RECONCILIACIÓN: ZBCNUSDT_LINEAL: interno L:0.000000/S:0.000000 -> real L:9700.000000/S:0.000000
[2026-08-31 07:51:29] [TUSK] RECONCILIACIÓN: FLYUSDT_LINEAL: interno L:0.000000/S:0.000000 -> real L:0.090000/S:0.000000
[2026-08-31 07:51:29] [TUSK] RECONCILIACIÓN: INTWUSDT_LINEAL: interno L:0.000000/S:0.000000 -> real L:2.120000/S:0.000000
[2026-08-31 07:51:29] [TUSK] RECONCILIACIÓN: APRUSDT_LINEAL: interno L:0.000000/S:0.000000 -> real L:73.000000/S:0.000000
[2026-08-31 07:51:29] [TUSK] RECONCILIACIÓN: AXTIUSDT_LINEAL: interno L:0.000000/S:0.000000 -> real L:1.600000/S:0.000000
[2026-08-31 07:51:29] [TUSK] RECONCILIACIÓN: ALABUSDT_LINEAL: interno L:0.000000/S:0.000000 -> real L:0.030000/S:0.000000
[2026-08-31 07:51:29] [TUSK] RECONCILIACIÓN: B2USDT_LINEAL: interno L:0.000000/S:0.000000 -> real L:0.000000/S:4.000000
[2026-08-31 07:51:29] [TUSK] RECONCILIACIÓN: DOGEUSD_INVERSE: interno L:0.000000/S:0.000000 -> real L:219.000000/S:0.000000
[2026-08-31 07:51:29] [TUSK] RECONCILIACIÓN: ETHUSD_INVERSE: interno L:0.000000/S:0.000000 -> real L:190.000000/S:0.000000
[2026-08-31 07:51:29] [TUSK] RECONCILIACIÓN: HYPEUSD_INVERSE: interno L:0.000000/S:0.000000 -> real L:291.000000/S:0.000000
[2026-08-31 07:51:29] [TUSK] RECONCILIACIÓN: SOLUSD_INVERSE: interno L:0.000000/S:0.000000 -> real L:201.000000/S:0.000000
[2026-08-31 07:51:29] [TUSK] RECONCILIACIÓN: LTCUSD_INVERSE: interno L:0.000000/S:0.000000 -> real L:229.000000/S:0.000000
[2026-08-31 07:51:29] [TUSK] RECONCILIACIÓN: BTCUSD_INVERSE: interno L:0.000000/S:0.000000 -> real L:202.000000/S:0.000000
[2026-08-31 07:51:29] [TUSK] RECONCILIACIÓN: XRPUSD_INVERSE: interno L:0.000000/S:0.000000 -> real L:230.000000/S:0.000000
[2026-08-31 07:51:29] [TUSK] RECONCILIACIÓN: FILUSD_INVERSE: interno L:0.000000/S:0.000000 -> real L:198.000000/S:0.000000
[2026-08-31 07:51:29] [TUSK] RECONCILIACIÓN: MNTUSD_INVERSE: interno L:0.000000/S:0.000000 -> real L:69.000000/S:0.000000
[2026-08-31 07:51:29] [TUSK] RECONCILIACIÓN: AAVEUSD_INVERSE: interno L:0.000000/S:0.000000 -> real L:178.000000/S:0.000000
[2026-08-31 07:51:29] [TUSK] RECONCILIACIÓN: APTUSD_INVERSE: interno L:0.000000/S:0.000000 -> real L:210.000000/S:0.000000
[2026-08-31 07:51:29] [TUSK] RECONCILIACIÓN: AVAXUSD_INVERSE: interno L:0.000000/S:0.000000 -> real L:200.000000/S:0.000000
[2026-08-31 07:51:29] [TUSK] RECONCILIACIÓN: BCHUSD_INVERSE: interno L:0.000000/S:0.000000 -> real L:180.000000/S:0.000000
[2026-08-31 07:51:29] [TUSK] RECONCILIACIÓN: ETCUSD_INVERSE: interno L:0.000000/S:0.000000 -> real L:283.000000/S:0.000000
[2026-08-31 07:51:29] [TUSK] RECONCILIACIÓN: LINKUSD_INVERSE: interno L:0.000000/S:0.000000 -> real L:199.000000/S:0.000000
[2026-08-31 07:51:29] [TUSK] RECONCILIACIÓN: NEARUSD_INVERSE: interno L:0.000000/S:0.000000 -> real L:113.000000/S:0.000000
[2026-08-31 07:51:29] [TUSK] RECONCILIACIÓN: OPUSD_INVERSE: interno L:0.000000/S:0.000000 -> real L:225.000000/S:0.000000
[2026-08-31 07:51:29] [TUSK] RECONCILIACIÓN: SUIUSD_INVERSE: interno L:0.000000/S:0.000000 -> real L:208.000000/S:0.000000
[2026-08-31 07:51:29] [TUSK] RECONCILIACIÓN: XLMUSD_INVERSE: interno L:0.000000/S:0.000000 -> real L:206.000000/S:0.000000
[2026-08-31 07:51:29] [TUSK] RECONCILIACIÓN: DOTUSD_INVERSE: interno L:0.000000/S:0.000000 -> real L:200.000000/S:0.000000
[2026-08-31 07:51:29] [TUSK] RECONCILIACIÓN_OK: 40 frentes alineados con exchange
[RANGO] Checkpoint SEMILLA · forzado --desde-cero · edad=—s · pos=0
[2026-08-31 07:51:29] [BERU_RANGO] WAKE: RANGO_COTI_758f7069 0=0.013086 Vacío ±2.2% → trailing Oz 0.2% · masa $5.00 · Red→$5.
[BERU_RANGO] WAKE RANGO_COTI_758f7069 0=0.013086 precio=0.013086 masa_usd=5.0
[RANGO] Wake COTI 0=0.013086 · Red=— · sangre=— · estado=ACECHANDO · Oz=— · manos=True · bridge=ON · SEMILLA

[RANGO] Hilo vivo · Stop/amend/Market permitidos · Ctrl+C sella.

[TANK] Trinidad 22 activos | pentiverso ['LTC', 'BTC'] | beru ['ETHUSDT_SPOT'] | ref: ETH (HIERRO).
[2026-08-31 07:51:29] [BRIDGE] TRINIDAD: Sentidos[beru_rango]: catalog 803+40 lin | 0+0 inv | 0 spot · WS 1 shards · tickers=1 · books=OFF · trades=ON · bases=COTI
[2026-08-31 07:51:32] [TUSK] RECONCILIACIÓN: LTCUSD_INVERSE: interno L:229.000000/S:0.000000 -> real L:234.000000/S:0.000000
[2026-08-31 07:51:32] [TUSK] RECONCILIACIÓN_OK: 1 frentes alineados con exchange
[RANGO] COTIUSDT_LINEAL last=0.013081 · río=WS · mercado=linear · estado=ACECHANDO · dir=— · 0=0.013086 · Oz=— · Red=— · manos=ON · pos=flat · latido=1.50s
[RANGO] autosello COTI · ACECHANDO · Oz=0.0 link=— · manos_feria_informe.json
[RANGO] COTIUSDT_LINEAL last=0.013079 · río=WS · mercado=linear · estado=ACECHANDO · dir=— · 0=0.013086 · Oz=— · Red=— · manos=ON · pos=flat · latido=1.50s
[RANGO] autosello COTI · ACECHANDO · Oz=0.0 link=— · manos_feria_informe.json
[RANGO] COTIUSDT_LINEAL last=0.013077 · río=WS · mercado=linear · estado=ACECHANDO · dir=— · 0=0.013086 · Oz=— · Red=— · manos=ON · pos=flat · latido=1.50s
[RANGO] COTIUSDT_LINEAL last=0.013077 · río=WS · mercado=linear · estado=ACECHANDO · dir=— · 0=0.013086 · Oz=— · Red=— · manos=ON · pos=flat · latido=1.50s
[RANGO] autosello COTI · ACECHANDO · Oz=0.0 link=— · manos_feria_informe.json
[RANGO] COTIUSDT_LINEAL last=0.013071 · río=WS · mercado=linear · estado=ACECHANDO · dir=— · 0=0.013086 · Oz=— · Red=— · manos=ON · pos=flat · latido=1.50s
[RANGO] autosello COTI · ACECHANDO · Oz=0.0 link=— · manos_feria_informe.json
[RANGO] COTIUSDT_LINEAL last=0.013079 · río=WS · mercado=linear · estado=ACECHANDO · dir=— · 0=0.013086 · Oz=— · Red=— · manos=ON · pos=flat · latido=1.50s
[RANGO] COTIUSDT_LINEAL last=0.013095 · río=WS · mercado=linear · estado=ACECHANDO · dir=— · 0=0.013086 · Oz=— · Red=— · manos=ON · pos=flat · latido=1.50s
[RANGO] autosello COTI · ACECHANDO · Oz=0.0 link=— · manos_feria_informe.json
[RANGO] COTIUSDT_LINEAL last=0.013091 · río=WS · mercado=linear · estado=ACECHANDO · dir=— · 0=0.013086 · Oz=— · Red=— · manos=ON · pos=flat · latido=1.50s
[RANGO] autosello COTI · ACECHANDO · Oz=0.0 link=— · manos_feria_informe.json
[RANGO] COTIUSDT_LINEAL last=0.013094 · río=WS · mercado=linear · estado=ACECHANDO · dir=— · 0=0.013086 · Oz=— · Red=— · manos=ON · pos=flat · latido=1.50s
[RANGO] COTIUSDT_LINEAL last=0.013098 · río=WS · mercado=linear · estado=ACECHANDO · dir=— · 0=0.013086 · Oz=— · Red=— · manos=ON · pos=flat · latido=1.50s
[RANGO] autosello COTI · ACECHANDO · Oz=0.0 link=— · manos_feria_informe.json
[RANGO] COTIUSDT_LINEAL last=0.013097 · río=WS · mercado=linear · estado=ACECHANDO · dir=— · 0=0.013086 · Oz=— · Red=— · manos=ON · pos=flat · latido=1.50s
[RANGO] autosello COTI · ACECHANDO · Oz=0.0 link=— · manos_feria_informe.json
[RANGO] COTIUSDT_LINEAL last=0.013097 · río=WS · mercado=linear · estado=ACECHANDO · dir=— · 0=0.013086 · Oz=— · Red=— · manos=ON · pos=flat · latido=1.50s
[RANGO] COTIUSDT_LINEAL last=0.013096 · río=WS · mercado=linear · estado=ACECHANDO · dir=— · 0=0.013086 · Oz=— · Red=— · manos=ON · pos=flat · latido=1.50s
[RANGO] autosello COTI · ACECHANDO · Oz=0.0 link=— · manos_feria_informe.json
[RANGO] COTIUSDT_LINEAL last=0.0131 · río=WS · mercado=linear · estado=ACECHANDO · dir=— · 0=0.013086 · Oz=— · Red=— · manos=ON · pos=flat · latido=1.50s
[RANGO] autosello COTI · ACECHANDO · Oz=0.0 link=— · manos_feria_informe.json
[RANGO] COTIUSDT_LINEAL last=0.013094 · río=WS · mercado=linear · estado=ACECHANDO · dir=— · 0=0.013086 · Oz=— · Red=— · manos=ON · pos=flat · latido=1.50s
[RANGO] COTIUSDT_LINEAL last=0.013097 · río=WS · mercado=linear · estado=ACECHANDO · dir=— · 0=0.013086 · Oz=— · Red=— · manos=ON · pos=flat · latido=1.50s
[RANGO] autosello COTI · ACECHANDO · Oz=0.0 link=— · manos_feria_informe.json
[RANGO] COTIUSDT_LINEAL last=0.013093 · río=WS · mercado=linear · estado=ACECHANDO · dir=— · 0=0.013086 · Oz=— · Red=— · manos=ON · pos=flat · latido=1.50s
[RANGO] autosello COTI · ACECHANDO · Oz=0.0 link=— · manos_feria_informe.json
[RANGO] COTIUSDT_LINEAL last=0.013077 · río=WS · mercado=linear · estado=ACECHANDO · dir=— · 0=0.013086 · Oz=— · Red=— · manos=ON · pos=flat · latido=1.50s
[RANGO] COTIUSDT_LINEAL last=0.013092 · río=WS · mercado=linear · estado=ACECHANDO · dir=— · 0=0.013086 · Oz=— · Red=— · manos=ON · pos=flat · latido=1.50s
[2026-08-31 07:54:35] [TUSK] RECONCILIACIÓN: SAMSUNGUSDT_LINEAL: interno L:0.000000/S:0.000000 -> real L:0.000000/S:0.110000
[2026-08-31 07:54:35] [TUSK] RECONCILIACIÓN: BLUAIUSDT_LINEAL: interno L:0.000000/S:0.000000 -> real L:850.000000/S:0.000000
[2026-08-31 07:54:35] [TUSK] RECONCILIACIÓN_FANTASMA: ALABUSDT_LINEAL existe interno pero no en exchange -> reseteando
[2026-08-31 07:54:35] [TUSK] RECONCILIACIÓN_FANTASMA: B2USDT_LINEAL existe interno pero no en exchange -> reseteando
[2026-08-31 07:54:35] [TUSK] RECONCILIACIÓN_OK: 4 frentes alineados con exchange
[RANGO] autosello COTI · ACECHANDO · Oz=0.0 link=— · manos_feria_informe.json
[RANGO] COTIUSDT_LINEAL last=0.013084 · río=WS · mercado=linear · estado=ACECHANDO · dir=— · 0=0.013086 · Oz=— · Red=— · manos=ON · pos=flat · latido=1.50s
[RANGO] autosello COTI · ACECHANDO · Oz=0.0 link=— · manos_feria_informe.json
[RANGO] COTIUSDT_LINEAL last=0.013098 · río=WS · mercado=linear · estado=ACECHANDO · dir=— · 0=0.013086 · Oz=— · Red=— · manos=ON · pos=flat · latido=1.50s
[RANGO] COTIUSDT_LINEAL last=0.013099 · río=WS · mercado=linear · estado=ACECHANDO · dir=— · 0=0.013086 · Oz=— · Red=— · manos=ON · pos=flat · latido=1.50s
[RANGO] autosello COTI · ACECHANDO · Oz=0.0 link=— · manos_feria_informe.json
[RANGO] COTIUSDT_LINEAL last=0.013098 · río=WS · mercado=linear · estado=ACECHANDO · dir=— · 0=0.013086 · Oz=— · Red=— · manos=ON · pos=flat · latido=1.50s
[RANGO] autosello COTI · ACECHANDO · Oz=0.0 link=— · manos_feria_informe.json
[RANGO] COTIUSDT_LINEAL last=0.013097 · río=ciego/muleta · mercado=linear · estado=ACECHANDO · dir=— · 0=0.013086 · Oz=— · Red=— · manos=ON · pos=flat · latido=1.50s
[RANGO] COTIUSDT_LINEAL last=0.013095 · río=WS · mercado=linear · estado=ACECHANDO · dir=— · 0=0.013086 · Oz=— · Red=— · manos=ON · pos=flat · latido=1.50s
[2026-08-31 07:55:37] [TUSK] RECONCILIACIÓN: BSPUSDT_LINEAL: interno L:0.410000/S:0.000000 -> real L:0.290000/S:0.000000
[2026-08-31 07:55:37] [TUSK] RECONCILIACIÓN_OK: 1 frentes alineados con exchange
[RANGO] autosello COTI · ACECHANDO · Oz=0.0 link=— · manos_feria_informe.json
[RANGO] COTIUSDT_LINEAL last=0.013094 · río=WS · mercado=linear · estado=ACECHANDO · dir=— · 0=0.013086 · Oz=— · Red=— · manos=ON · pos=flat · latido=1.50s
[RANGO] autosello COTI · ACECHANDO · Oz=0.0 link=— · manos_feria_informe.json
[RANGO] COTIUSDT_LINEAL last=0.013093 · río=WS · mercado=linear · estado=ACECHANDO · dir=— · 0=0.013086 · Oz=— · Red=— · manos=ON · pos=flat · latido=1.50s
[RANGO] COTIUSDT_LINEAL last=0.013093 · río=WS · mercado=linear · estado=ACECHANDO · dir=— · 0=0.013086 · Oz=— · Red=— · manos=ON · pos=flat · latido=1.50s
[RANGO] autosello COTI · ACECHANDO · Oz=0.0 link=— · manos_feria_informe.json
[RANGO] COTIUSDT_LINEAL last=0.013093 · río=WS · mercado=linear · estado=ACECHANDO · dir=— · 0=0.013086 · Oz=— · Red=— · manos=ON · pos=flat · latido=1.50s
[RANGO] autosello COTI · ACECHANDO · Oz=0.0 link=— · manos_feria_informe.json
[RANGO] COTIUSDT_LINEAL last=0.013095 · río=WS · mercado=linear · estado=ACECHANDO · dir=— · 0=0.013086 · Oz=— · Red=— · manos=ON · pos=flat · latido=1.50s
[RANGO] COTIUSDT_LINEAL last=0.013101 · río=WS · mercado=linear · estado=ACECHANDO · dir=— · 0=0.013086 · Oz=— · Red=— · manos=ON · pos=flat · latido=1.50s
[RANGO] autosello COTI · ACECHANDO · Oz=0.0 link=— · manos_feria_informe.json
[RANGO] COTIUSDT_LINEAL last=0.013101 · río=WS · mercado=linear · estado=ACECHANDO · dir=— · 0=0.013086 · Oz=— · Red=— · manos=ON · pos=flat · latido=1.50s
[RANGO] autosello COTI · ACECHANDO · Oz=0.0 link=— · manos_feria_informe.json
[RANGO] COTIUSDT_LINEAL last=0.013103 · río=WS · mercado=linear · estado=ACECHANDO · dir=— · 0=0.013086 · Oz=— · Red=— · manos=ON · pos=flat · latido=1.50s
[RANGO] COTIUSDT_LINEAL last=0.013104 · río=WS · mercado=linear · estado=ACECHANDO · dir=— · 0=0.013086 · Oz=— · Red=— · manos=ON · pos=flat · latido=1.50s
[RANGO] autosello COTI · ACECHANDO · Oz=0.0 link=— · manos_feria_informe.json
[RANGO] COTIUSDT_LINEAL last=0.013099 · río=WS · mercado=linear · estado=ACECHANDO · dir=— · 0=0.013086 · Oz=— · Red=— · manos=ON · pos=flat · latido=1.50s
[RANGO] autosello COTI · ACECHANDO · Oz=0.0 link=— · manos_feria_informe.json
[RANGO] COTIUSDT_LINEAL last=0.013098 · río=WS · mercado=linear · estado=ACECHANDO · dir=— · 0=0.013086 · Oz=— · Red=— · manos=ON · pos=flat · latido=1.50s
[RANGO] COTIUSDT_LINEAL last=0.013096 · río=WS · mercado=linear · estado=ACECHANDO · dir=— · 0=0.013086 · Oz=— · Red=— · manos=ON · pos=flat · latido=1.50s
[RANGO] autosello COTI · ACECHANDO · Oz=0.0 link=— · manos_feria_informe.json
[RANGO] COTIUSDT_LINEAL last=0.0131 · río=WS · mercado=linear · estado=ACECHANDO · dir=— · 0=0.013086 · Oz=— · Red=— · manos=ON · pos=flat · latido=1.50s
[RANGO] autosello COTI · ACECHANDO · Oz=0.0 link=— · manos_feria_informe.json
[RANGO] COTIUSDT_LINEAL last=0.013101 · río=WS · mercado=linear · estado=ACECHANDO · dir=— · 0=0.013086 · Oz=— · Red=— · manos=ON · pos=flat · latido=1.50s
[RANGO] COTIUSDT_LINEAL last=0.0131 · río=WS · mercado=linear · estado=ACECHANDO · dir=— · 0=0.013086 · Oz=— · Red=— · manos=ON · pos=flat · latido=1.50s
[RANGO] autosello COTI · ACECHANDO · Oz=0.0 link=— · manos_feria_informe.json
[RANGO] COTIUSDT_LINEAL last=0.0131 · río=WS · mercado=linear · estado=ACECHANDO · dir=— · 0=0.013086 · Oz=— · Red=— · manos=ON · pos=flat · latido=1.50s
[RANGO] autosello COTI · ACECHANDO · Oz=0.0 link=— · manos_feria_informe.json
[RANGO] COTIUSDT_LINEAL last=0.013099 · río=WS · mercado=linear · estado=ACECHANDO · dir=— · 0=0.013086 · Oz=— · Red=— · manos=ON · pos=flat · latido=1.50s
[RANGO] COTIUSDT_LINEAL last=0.013109 · río=WS · mercado=linear · estado=ACECHANDO · dir=— · 0=0.013086 · Oz=— · Red=— · manos=ON · pos=flat · latido=1.50s
[RANGO] autosello COTI · ACECHANDO · Oz=0.0 link=— · manos_feria_informe.json
[2026-08-31 07:58:42] [TUSK] RECONCILIACIÓN: AEHRUSDT_LINEAL: interno L:0.080000/S:0.000000 -> real L:0.020000/S:0.000000
[2026-08-31 07:58:42] [TUSK] RECONCILIACIÓN: LITUSDT_LINEAL: interno L:0.000000/S:0.000000 -> real L:0.000000/S:20.800000
[2026-08-31 07:58:42] [TUSK] RECONCILIACIÓN_FANTASMA: AXTIUSDT_LINEAL existe interno pero no en exchange -> reseteando
[2026-08-31 07:58:42] [TUSK] RECONCILIACIÓN_OK: 3 frentes alineados con exchange
[RANGO] COTIUSDT_LINEAL last=0.013099 · río=WS · mercado=linear · estado=ACECHANDO · dir=— · 0=0.013086 · Oz=— · Red=— · manos=ON · pos=flat · latido=1.50s
[RANGO] autosello COTI · ACECHANDO · Oz=0.0 link=— · manos_feria_informe.json
[RANGO] COTIUSDT_LINEAL last=0.013101 · río=WS · mercado=linear · estado=ACECHANDO · dir=— · 0=0.013086 · Oz=— · Red=— · manos=ON · pos=flat · latido=1.50s
[RANGO] COTIUSDT_LINEAL last=0.013098 · río=WS · mercado=linear · estado=ACECHANDO · dir=— · 0=0.013086 · Oz=— · Red=— · manos=ON · pos=flat · latido=1.50s
[RANGO] autosello COTI · ACECHANDO · Oz=0.0 link=— · manos_feria_informe.json
[RANGO] COTIUSDT_LINEAL last=0.013098 · río=WS · mercado=linear · estado=ACECHANDO · dir=— · 0=0.013086 · Oz=— · Red=— · manos=ON · pos=flat · latido=1.50s
[RANGO] autosello COTI · ACECHANDO · Oz=0.0 link=— · manos_feria_informe.json
[RANGO] COTIUSDT_LINEAL last=0.013095 · río=WS · mercado=linear · estado=ACECHANDO · dir=— · 0=0.013086 · Oz=— · Red=— · manos=ON · pos=flat · latido=1.50s
[RANGO] COTIUSDT_LINEAL last=0.013098 · río=WS · mercado=linear · estado=ACECHANDO · dir=— · 0=0.013086 · Oz=— · Red=— · manos=ON · pos=flat · latido=1.50s
[RANGO] autosello COTI · ACECHANDO · Oz=0.0 link=— · manos_feria_informe.json
[RANGO] COTIUSDT_LINEAL last=0.013093 · río=WS · mercado=linear · estado=ACECHANDO · dir=— · 0=0.013086 · Oz=— · Red=— · manos=ON · pos=flat · latido=1.50s
[RANGO] autosello COTI · ACECHANDO · Oz=0.0 link=— · manos_feria_informe.json
[RANGO] COTIUSDT_LINEAL last=0.013089 · río=WS · mercado=linear · estado=ACECHANDO · dir=— · 0=0.013086 · Oz=— · Red=— · manos=ON · pos=flat · latido=1.50s
[RANGO] COTIUSDT_LINEAL last=0.013087 · río=WS · mercado=linear · estado=ACECHANDO · dir=— · 0=0.013086 · Oz=— · Red=— · manos=ON · pos=flat · latido=1.50s
[RANGO] autosello COTI · ACECHANDO · Oz=0.0 link=— · manos_feria_informe.json
[RANGO] COTIUSDT_LINEAL last=0.013091 · río=WS · mercado=linear · estado=ACECHANDO · dir=— · 0=0.013086 · Oz=— · Red=— · manos=ON · pos=flat · latido=1.50s
[RANGO] autosello COTI · ACECHANDO · Oz=0.0 link=— · manos_feria_informe.json
[RANGO] COTIUSDT_LINEAL last=0.013091 · río=ciego/muleta · mercado=linear · estado=ACECHANDO · dir=— · 0=0.013086 · Oz=— · Red=— · manos=ON · pos=flat · latido=1.50s
[RANGO] COTIUSDT_LINEAL last=0.01309 · río=WS · mercado=linear · estado=ACECHANDO · dir=— · 0=0.013086 · Oz=— · Red=— · manos=ON · pos=flat · latido=1.50s
[RANGO] autosello COTI · ACECHANDO · Oz=0.0 link=— · manos_feria_informe.json
[2026-08-31 08:00:44] [TUSK] RECONCILIACIÓN: COTIUSDT_LINEAL: interno L:0.000000/S:0.000000 -> real L:1588.000000/S:0.000000
[2026-08-31 08:00:44] [TUSK] RECONCILIACIÓN_FANTASMA: APRUSDT_LINEAL existe interno pero no en exchange -> reseteando
[2026-08-31 08:00:44] [TUSK] RECONCILIACIÓN_OK: 2 frentes alineados con exchange
[RANGO] COTIUSDT_LINEAL last=0.013094 · río=WS · mercado=linear · estado=ACECHANDO · dir=— · 0=0.013086 · Oz=— · Red=— · manos=ON · pos=LONG 1588@0.01302014 · latido=1.50s
[RANGO] autosello COTI · ACECHANDO · Oz=0.0 link=— · manos_feria_informe.json
[RANGO] COTIUSDT_LINEAL last=0.013092 · río=WS · mercado=linear · estado=ACECHANDO · dir=— · 0=0.013086 · Oz=— · Red=— · manos=ON · pos=LONG 1588@0.01302014 · latido=1.50s
[RANGO] COTIUSDT_LINEAL last=0.013101 · río=WS · mercado=linear · estado=ACECHANDO · dir=— · 0=0.013086 · Oz=— · Red=— · manos=ON · pos=LONG 1588@0.01302014 · latido=1.50s
[RANGO] autosello COTI · ACECHANDO · Oz=0.0 link=— · manos_feria_informe.json
[RANGO] COTIUSDT_LINEAL last=0.013101 · río=WS · mercado=linear · estado=ACECHANDO · dir=— · 0=0.013086 · Oz=— · Red=— · manos=ON · pos=LONG 1588@0.01302014 · latido=1.50s
[RANGO] autosello COTI · ACECHANDO · Oz=0.0 link=— · manos_feria_informe.json
[RANGO] COTIUSDT_LINEAL last=0.013102 · río=WS · mercado=linear · estado=ACECHANDO · dir=— · 0=0.013086 · Oz=— · Red=— · manos=ON · pos=LONG 1588@0.01302014 · latido=1.50s
[RANGO] COTIUSDT_LINEAL last=0.013106 · río=WS · mercado=linear · estado=ACECHANDO · dir=— · 0=0.013086 · Oz=— · Red=— · manos=ON · pos=LONG 1588@0.01302014 · latido=1.50s
[RANGO] autosello COTI · ACECHANDO · Oz=0.0 link=— · manos_feria_informe.json
[RANGO] COTIUSDT_LINEAL last=0.013118 · río=WS · mercado=linear · estado=ACECHANDO · dir=— · 0=0.013086 · Oz=— · Red=— · manos=ON · pos=LONG 1588@0.01302014 · latido=1.50s
[RANGO] autosello COTI · ACECHANDO · Oz=0.0 link=— · manos_feria_informe.json
[RANGO] COTIUSDT_LINEAL last=0.01314 · río=WS · mercado=linear · estado=ACECHANDO · dir=— · 0=0.013086 · Oz=— · Red=— · manos=ON · pos=LONG 1588@0.01302014 · latido=1.50s
[RANGO] COTIUSDT_LINEAL last=0.013139 · río=WS · mercado=linear · estado=ACECHANDO · dir=— · 0=0.013086 · Oz=— · Red=— · manos=ON · pos=LONG 1588@0.01302014 · latido=1.50s
[RANGO] autosello COTI · ACECHANDO · Oz=0.0 link=— · manos_feria_informe.json
[RANGO] COTIUSDT_LINEAL last=0.01313 · río=WS · mercado=linear · estado=ACECHANDO · dir=— · 0=0.013086 · Oz=— · Red=— · manos=ON · pos=LONG 1588@0.01302014 · latido=1.50s
[RANGO] autosello COTI · ACECHANDO · Oz=0.0 link=— · manos_feria_informe.json
[RANGO] COTIUSDT_LINEAL last=0.013132 · río=WS · mercado=linear · estado=ACECHANDO · dir=— · 0=0.013086 · Oz=— · Red=— · manos=ON · pos=LONG 1588@0.01302014 · latido=1.50s
[RANGO] COTIUSDT_LINEAL last=0.013134 · río=WS · mercado=linear · estado=ACECHANDO · dir=— · 0=0.013086 · Oz=— · Red=— · manos=ON · pos=LONG 1588@0.01302014 · latido=1.50s
[RANGO] autosello COTI · ACECHANDO · Oz=0.0 link=— · manos_feria_informe.json
[RANGO] COTIUSDT_LINEAL last=0.013145 · río=WS · mercado=linear · estado=ACECHANDO · dir=— · 0=0.013086 · Oz=— · Red=— · manos=ON · pos=LONG 1588@0.01302014 · latido=1.50s
[2026-08-31 08:02:47] [TUSK] RECONCILIACIÓN: BSPUSDT_LINEAL: interno L:0.290000/S:0.000000 -> real L:0.170000/S:0.000000
[2026-08-31 08:02:47] [TUSK] RECONCILIACIÓN_OK: 1 frentes alineados con exchange
[RANGO] autosello COTI · ACECHANDO · Oz=0.0 link=— · manos_feria_informe.json
[RANGO] COTIUSDT_LINEAL last=0.013146 · río=WS · mercado=linear · estado=ACECHANDO · dir=— · 0=0.013086 · Oz=— · Red=— · manos=ON · pos=LONG 1588@0.01302014 · latido=1.50s
[RANGO] COTIUSDT_LINEAL last=0.013169 · río=WS · mercado=linear · estado=ACECHANDO · dir=— · 0=0.013086 · Oz=— · Red=— · manos=ON · pos=LONG 1588@0.01302014 · latido=1.50s
[RANGO] autosello COTI · ACECHANDO · Oz=0.0 link=— · manos_feria_informe.json
[RANGO] COTIUSDT_LINEAL last=0.013159 · río=WS · mercado=linear · estado=ACECHANDO · dir=— · 0=0.013086 · Oz=— · Red=— · manos=ON · pos=LONG 1588@0.01302014 · latido=1.50s
[RANGO] autosello COTI · ACECHANDO · Oz=0.0 link=— · manos_feria_informe.json
[RANGO] COTIUSDT_LINEAL last=0.013159 · río=WS · mercado=linear · estado=ACECHANDO · dir=— · 0=0.013086 · Oz=— · Red=— · manos=ON · pos=LONG 1588@0.01302014 · latido=1.50s
[RANGO] COTIUSDT_LINEAL last=0.013169 · río=WS · mercado=linear · estado=ACECHANDO · dir=— · 0=0.013086 · Oz=— · Red=— · manos=ON · pos=LONG 1588@0.01302014 · latido=1.50s
[RANGO] autosello COTI · ACECHANDO · Oz=0.0 link=— · manos_feria_informe.json
[RANGO] COTIUSDT_LINEAL last=0.01316 · río=WS · mercado=linear · estado=ACECHANDO · dir=— · 0=0.013086 · Oz=— · Red=— · manos=ON · pos=LONG 1588@0.01302014 · latido=1.50s
[RANGO] autosello COTI · ACECHANDO · Oz=0.0 link=— · manos_feria_informe.json
[RANGO] COTIUSDT_LINEAL last=0.013159 · río=WS · mercado=linear · estado=ACECHANDO · dir=— · 0=0.013086 · Oz=— · Red=— · manos=ON · pos=LONG 1588@0.01302014 · latido=1.50s
[RANGO] COTIUSDT_LINEAL last=0.013156 · río=WS · mercado=linear · estado=ACECHANDO · dir=— · 0=0.013086 · Oz=— · Red=— · manos=ON · pos=LONG 1588@0.01302014 · latido=1.50s
[RANGO] autosello COTI · ACECHANDO · Oz=0.0 link=— · manos_feria_informe.json
[RANGO] COTIUSDT_LINEAL last=0.013155 · río=WS · mercado=linear · estado=ACECHANDO · dir=— · 0=0.013086 · Oz=— · Red=— · manos=ON · pos=LONG 1588@0.01302014 · latido=1.50s
[RANGO] autosello COTI · ACECHANDO · Oz=0.0 link=— · manos_feria_informe.json
[RANGO] COTIUSDT_LINEAL last=0.013151 · río=WS · mercado=linear · estado=ACECHANDO · dir=— · 0=0.013086 · Oz=— · Red=— · manos=ON · pos=LONG 1588@0.01302014 · latido=1.50s
[RANGO] COTIUSDT_LINEAL last=0.013136 · río=WS · mercado=linear · estado=ACECHANDO · dir=— · 0=0.013086 · Oz=— · Red=— · manos=ON · pos=LONG 1588@0.01302014 · latido=1.50s
[RANGO] autosello COTI · ACECHANDO · Oz=0.0 link=— · manos_feria_informe.json
[RANGO] COTIUSDT_LINEAL last=0.013136 · río=WS · mercado=linear · estado=ACECHANDO · dir=— · 0=0.013086 · Oz=— · Red=— · manos=ON · pos=LONG 1588@0.01302014 · latido=1.50s
[2026-08-31 08:04:49] [TUSK] RECONCILIACIÓN: AEHRUSDT_LINEAL: interno L:0.020000/S:0.000000 -> real L:0.090000/S:0.000000
[2026-08-31 08:04:49] [TUSK] RECONCILIACIÓN_OK: 1 frentes alineados con exchange
[RANGO] autosello COTI · ACECHANDO · Oz=0.0 link=— · manos_feria_informe.json
[RANGO] COTIUSDT_LINEAL last=0.013126 · río=WS · mercado=linear · estado=ACECHANDO · dir=— · 0=0.013086 · Oz=— · Red=— · manos=ON · pos=LONG 1588@0.01302014 · latido=1.50s
[RANGO] COTIUSDT_LINEAL last=0.013146 · río=WS · mercado=linear · estado=ACECHANDO · dir=— · 0=0.013086 · Oz=— · Red=— · manos=ON · pos=LONG 1588@0.01302014 · latido=1.50s
[RANGO] autosello COTI · ACECHANDO · Oz=0.0 link=— · manos_feria_informe.json
[RANGO] COTIUSDT_LINEAL last=0.013129 · río=WS · mercado=linear · estado=ACECHANDO · dir=— · 0=0.013086 · Oz=— · Red=— · manos=ON · pos=LONG 1588@0.01302014 · latido=1.50s
[RANGO] autosello COTI · ACECHANDO · Oz=0.0 link=— · manos_feria_informe.json
[RANGO] COTIUSDT_LINEAL last=0.013125 · río=WS · mercado=linear · estado=ACECHANDO · dir=— · 0=0.013086 · Oz=— · Red=— · manos=ON · pos=LONG 1588@0.01302014 · latido=1.50s
[RANGO] COTIUSDT_LINEAL last=0.013134 · río=WS · mercado=linear · estado=ACECHANDO · dir=— · 0=0.013086 · Oz=— · Red=— · manos=ON · pos=LONG 1588@0.01302014 · latido=1.50s
[RANGO] autosello COTI · ACECHANDO · Oz=0.0 link=— · manos_feria_informe.json
[RANGO] COTIUSDT_LINEAL last=0.013135 · río=WS · mercado=linear · estado=ACECHANDO · dir=— · 0=0.013086 · Oz=— · Red=— · manos=ON · pos=LONG 1588@0.01302014 · latido=1.50s
[2026-08-31 08:05:50] [TUSK] RECONCILIACIÓN: NILUSDT_LINEAL: interno L:0.000000/S:0.000000 -> real L:220.000000/S:0.000000
[2026-08-31 08:05:50] [TUSK] RECONCILIACIÓN: QNTXUSDT_LINEAL: interno L:0.000000/S:0.000000 -> real L:0.200000/S:0.000000
[2026-08-31 08:05:50] [TUSK] RECONCILIACIÓN_FANTASMA: FLYUSDT_LINEAL existe interno pero no en exchange -> reseteando
[2026-08-31 08:05:51] [TUSK] RECONCILIACIÓN_FANTASMA: INTWUSDT_LINEAL existe interno pero no en exchange -> reseteando
[2026-08-31 08:05:51] [TUSK] RECONCILIACIÓN_OK: 4 frentes alineados con exchange
[RANGO] autosello COTI · ACECHANDO · Oz=0.0 link=— · manos_feria_informe.json
[RANGO] COTIUSDT_LINEAL last=0.013134 · río=WS · mercado=linear · estado=ACECHANDO · dir=— · 0=0.013086 · Oz=— · Red=— · manos=ON · pos=LONG 1588@0.01302014 · latido=1.50s
[RANGO] COTIUSDT_LINEAL last=0.013136 · río=WS · mercado=linear · estado=ACECHANDO · dir=— · 0=0.013086 · Oz=— · Red=— · manos=ON · pos=LONG 1588@0.01302014 · latido=1.50s
[RANGO] autosello COTI · ACECHANDO · Oz=0.0 link=— · manos_feria_informe.json
[RANGO] COTIUSDT_LINEAL last=0.013137 · río=WS · mercado=linear · estado=ACECHANDO · dir=— · 0=0.013086 · Oz=— · Red=— · manos=ON · pos=LONG 1588@0.01302014 · latido=1.50s
[RANGO] autosello COTI · ACECHANDO · Oz=0.0 link=— · manos_feria_informe.json
[RANGO] COTIUSDT_LINEAL last=0.013147 · río=WS · mercado=linear · estado=ACECHANDO · dir=— · 0=0.013086 · Oz=— · Red=— · manos=ON · pos=LONG 1588@0.01302014 · latido=1.50s
[RANGO] COTIUSDT_LINEAL last=0.013142 · río=WS · mercado=linear · estado=ACECHANDO · dir=— · 0=0.013086 · Oz=— · Red=— · manos=ON · pos=LONG 1588@0.01302014 · latido=1.50s
[RANGO] autosello COTI · ACECHANDO · Oz=0.0 link=— · manos_feria_informe.json
[RANGO] COTIUSDT_LINEAL last=0.013141 · río=WS · mercado=linear · estado=ACECHANDO · dir=— · 0=0.013086 · Oz=— · Red=— · manos=ON · pos=LONG 1588@0.01302014 · latido=1.50s
[2026-08-31 08:06:52] [TUSK] RECONCILIACIÓN: NBISUSDT_LINEAL: interno L:0.000000/S:0.000000 -> real L:0.000000/S:0.050000
[2026-08-31 08:06:52] [TUSK] RECONCILIACIÓN_FANTASMA: ZBCNUSDT_LINEAL existe interno pero no en exchange -> reseteando
[2026-08-31 08:06:52] [TUSK] RECONCILIACIÓN_OK: 2 frentes alineados con exchange
[RANGO] autosello COTI · ACECHANDO · Oz=0.0 link=— · manos_feria_informe.json
[RANGO] COTIUSDT_LINEAL last=0.013143 · río=WS · mercado=linear · estado=ACECHANDO · dir=— · 0=0.013086 · Oz=— · Red=— · manos=ON · pos=LONG 1588@0.01302014 · latido=1.50s
[RANGO] COTIUSDT_LINEAL last=0.013144 · río=WS · mercado=linear · estado=ACECHANDO · dir=— · 0=0.013086 · Oz=— · Red=— · manos=ON · pos=LONG 1588@0.01302014 · latido=1.50s
[RANGO] autosello COTI · ACECHANDO · Oz=0.0 link=— · manos_feria_informe.json
[RANGO] COTIUSDT_LINEAL last=0.013145 · río=WS · mercado=linear · estado=ACECHANDO · dir=— · 0=0.013086 · Oz=— · Red=— · manos=ON · pos=LONG 1588@0.01302014 · latido=1.50s
[RANGO] autosello COTI · ACECHANDO · Oz=0.0 link=— · manos_feria_informe.json
[RANGO] COTIUSDT_LINEAL last=0.013132 · río=WS · mercado=linear · estado=ACECHANDO · dir=— · 0=0.013086 · Oz=— · Red=— · manos=ON · pos=LONG 1588@0.01302014 · latido=1.50s
[RANGO] COTIUSDT_LINEAL last=0.01314 · río=WS · mercado=linear · estado=ACECHANDO · dir=— · 0=0.013086 · Oz=— · Red=— · manos=ON · pos=LONG 1588@0.01302014 · latido=1.50s
[RANGO] autosello COTI · ACECHANDO · Oz=0.0 link=— · manos_feria_informe.json
[RANGO] COTIUSDT_LINEAL last=0.013141 · río=WS · mercado=linear · estado=ACECHANDO · dir=— · 0=0.013086 · Oz=— · Red=— · manos=ON · pos=LONG 1588@0.01302014 · latido=1.50s
[2026-08-31 08:07:53] [TUSK] RECONCILIACIÓN: CRCLUSDT_LINEAL: interno L:0.410000/S:0.000000 -> real L:0.470000/S:0.000000
[2026-08-31 08:07:53] [TUSK] RECONCILIACIÓN_OK: 1 frentes alineados con exchange
[RANGO] autosello COTI · ACECHANDO · Oz=0.0 link=— · manos_feria_informe.json
[RANGO] COTIUSDT_LINEAL last=0.01314 · río=ciego/muleta · mercado=linear · estado=ACECHANDO · dir=— · 0=0.013086 · Oz=— · Red=— · manos=ON · pos=LONG 1588@0.01302014 · latido=1.50s
[RANGO] COTIUSDT_LINEAL last=0.013142 · río=WS · mercado=linear · estado=ACECHANDO · dir=— · 0=0.013086 · Oz=— · Red=— · manos=ON · pos=LONG 1588@0.01302014 · latido=1.50s
[RANGO] autosello COTI · ACECHANDO · Oz=0.0 link=— · manos_feria_informe.json
[RANGO] COTIUSDT_LINEAL last=0.013159 · río=WS · mercado=linear · estado=ACECHANDO · dir=— · 0=0.013086 · Oz=— · Red=— · manos=ON · pos=LONG 1588@0.01302014 · latido=1.50s
[RANGO] autosello COTI · ACECHANDO · Oz=0.0 link=— · manos_feria_informe.json
[RANGO] COTIUSDT_LINEAL last=0.013163 · río=WS · mercado=linear · estado=ACECHANDO · dir=— · 0=0.013086 · Oz=— · Red=— · manos=ON · pos=LONG 1588@0.01302014 · latido=1.50s
[RANGO] COTIUSDT_LINEAL last=0.013167 · río=WS · mercado=linear · estado=ACECHANDO · dir=— · 0=0.013086 · Oz=— · Red=— · manos=ON · pos=LONG 1588@0.01302014 · latido=1.50s
[RANGO] autosello COTI · ACECHANDO · Oz=0.0 link=— · manos_feria_informe.json
[RANGO] COTIUSDT_LINEAL last=0.013165 · río=WS · mercado=linear · estado=ACECHANDO · dir=— · 0=0.013086 · Oz=— · Red=— · manos=ON · pos=LONG 1588@0.01302014 · latido=1.50s
[RANGO] autosello COTI · ACECHANDO · Oz=0.0 link=— · manos_feria_informe.json
[2026-08-31 08:08:54] [TUSK] RECONCILIACIÓN: VVVUSDT_LINEAL: interno L:0.000000/S:0.000000 -> real L:3.180000/S:0.000000
[2026-08-31 08:08:54] [TUSK] RECONCILIACIÓN_FANTASMA: CRDOUSDT_LINEAL existe interno pero no en exchange -> reseteando
[2026-08-31 08:08:54] [TUSK] RECONCILIACIÓN_OK: 2 frentes alineados con exchange
[RANGO] COTIUSDT_LINEAL last=0.013166 · río=WS · mercado=linear · estado=ACECHANDO · dir=— · 0=0.013086 · Oz=— · Red=— · manos=ON · pos=LONG 1588@0.01302014 · latido=1.50s
[RANGO] COTIUSDT_LINEAL last=0.013165 · río=WS · mercado=linear · estado=ACECHANDO · dir=— · 0=0.013086 · Oz=— · Red=— · manos=ON · pos=LONG 1588@0.01302014 · latido=1.50s
[RANGO] autosello COTI · ACECHANDO · Oz=0.0 link=— · manos_feria_informe.json
[RANGO] COTIUSDT_LINEAL last=0.013162 · río=WS · mercado=linear · estado=ACECHANDO · dir=— · 0=0.013086 · Oz=— · Red=— · manos=ON · pos=LONG 1588@0.01302014 · latido=1.50s
[RANGO] autosello COTI · ACECHANDO · Oz=0.0 link=— · manos_feria_informe.json
[RANGO] COTIUSDT_LINEAL last=0.013162 · río=WS · mercado=linear · estado=ACECHANDO · dir=— · 0=0.013086 · Oz=— · Red=— · manos=ON · pos=LONG 1588@0.01302014 · latido=1.50s
[RANGO] COTIUSDT_LINEAL last=0.013169 · río=WS · mercado=linear · estado=ACECHANDO · dir=— · 0=0.013086 · Oz=— · Red=— · manos=ON · pos=LONG 1588@0.01302014 · latido=1.50s
[RANGO] autosello COTI · ACECHANDO · Oz=0.0 link=— · manos_feria_informe.json
[RANGO] COTIUSDT_LINEAL last=0.013169 · río=WS · mercado=linear · estado=ACECHANDO · dir=— · 0=0.013086 · Oz=— · Red=— · manos=ON · pos=LONG 1588@0.01302014 · latido=1.50s
[RANGO] autosello COTI · ACECHANDO · Oz=0.0 link=— · manos_feria_informe.json
[RANGO] COTIUSDT_LINEAL last=0.013169 · río=WS · mercado=linear · estado=ACECHANDO · dir=— · 0=0.013086 · Oz=— · Red=— · manos=ON · pos=LONG 1588@0.01302014 · latido=1.50s
[RANGO] COTIUSDT_LINEAL last=0.013155 · río=WS · mercado=linear · estado=ACECHANDO · dir=— · 0=0.013086 · Oz=— · Red=— · manos=ON · pos=LONG 1588@0.01302014 · latido=1.50s
[RANGO] autosello COTI · ACECHANDO · Oz=0.0 link=— · manos_feria_informe.json
[RANGO] COTIUSDT_LINEAL last=0.013151 · río=WS · mercado=linear · estado=ACECHANDO · dir=— · 0=0.013086 · Oz=— · Red=— · manos=ON · pos=LONG 1588@0.01302014 · latido=1.50s
[RANGO] autosello COTI · ACECHANDO · Oz=0.0 link=— · manos_feria_informe.json
[RANGO] COTIUSDT_LINEAL last=0.013145 · río=WS · mercado=linear · estado=ACECHANDO · dir=— · 0=0.013086 · Oz=— · Red=— · manos=ON · pos=LONG 1588@0.01302014 · latido=1.50s
[RANGO] COTIUSDT_LINEAL last=0.013143 · río=WS · mercado=linear · estado=ACECHANDO · dir=— · 0=0.013086 · Oz=— · Red=— · manos=ON · pos=LONG 1588@0.01302014 · latido=1.50s
[RANGO] autosello COTI · ACECHANDO · Oz=0.0 link=— · manos_feria_informe.json
[RANGO] COTIUSDT_LINEAL last=0.013144 · río=ciego/muleta · mercado=linear · estado=ACECHANDO · dir=— · 0=0.013086 · Oz=— · Red=— · manos=ON · pos=LONG 1588@0.01302014 · latido=1.50s
[RANGO] autosello COTI · ACECHANDO · Oz=0.0 link=— · manos_feria_informe.json
[2026-08-31 08:10:56] [TUSK] RECONCILIACIÓN: BSPUSDT_LINEAL: interno L:0.170000/S:0.000000 -> real L:0.290000/S:0.000000
[2026-08-31 08:10:56] [TUSK] RECONCILIACIÓN_OK: 1 frentes alineados con exchange
[RANGO] COTIUSDT_LINEAL last=0.01314 · río=WS · mercado=linear · estado=ACECHANDO · dir=— · 0=0.013086 · Oz=— · Red=— · manos=ON · pos=LONG 1588@0.01302014 · latido=1.50s
[RANGO] COTIUSDT_LINEAL last=0.013143 · río=WS · mercado=linear · estado=ACECHANDO · dir=— · 0=0.013086 · Oz=— · Red=— · manos=ON · pos=LONG 1588@0.01302014 · latido=1.50s
[RANGO] autosello COTI · ACECHANDO · Oz=0.0 link=— · manos_feria_informe.json
[RANGO] COTIUSDT_LINEAL last=0.013142 · río=WS · mercado=linear · estado=ACECHANDO · dir=— · 0=0.013086 · Oz=— · Red=— · manos=ON · pos=LONG 1588@0.01302014 · latido=1.50s
[RANGO] autosello COTI · ACECHANDO · Oz=0.0 link=— · manos_feria_informe.json
[RANGO] COTIUSDT_LINEAL last=0.013121 · río=WS · mercado=linear · estado=ACECHANDO · dir=— · 0=0.013086 · Oz=— · Red=— · manos=ON · pos=LONG 1588@0.01302014 · latido=1.50s
[RANGO] COTIUSDT_LINEAL last=0.013119 · río=WS · mercado=linear · estado=ACECHANDO · dir=— · 0=0.013086 · Oz=— · Red=— · manos=ON · pos=LONG 1588@0.01302014 · latido=1.50s
[RANGO] autosello COTI · ACECHANDO · Oz=0.0 link=— · manos_feria_informe.json
[RANGO] COTIUSDT_LINEAL last=0.01312 · río=WS · mercado=linear · estado=ACECHANDO · dir=— · 0=0.013086 · Oz=— · Red=— · manos=ON · pos=LONG 1588@0.01302014 · latido=1.50s
[RANGO] autosello COTI · ACECHANDO · Oz=0.0 link=— · manos_feria_informe.json
[RANGO] COTIUSDT_LINEAL last=0.01312 · río=WS · mercado=linear · estado=ACECHANDO · dir=— · 0=0.013086 · Oz=— · Red=— · manos=ON · pos=LONG 1588@0.01302014 · latido=1.50s
[RANGO] COTIUSDT_LINEAL last=0.013124 · río=WS · mercado=linear · estado=ACECHANDO · dir=— · 0=0.013086 · Oz=— · Red=— · manos=ON · pos=LONG 1588@0.01302014 · latido=1.50s
[RANGO] autosello COTI · ACECHANDO · Oz=0.0 link=— · manos_feria_informe.json
[RANGO] COTIUSDT_LINEAL last=0.013118 · río=ciego/muleta · mercado=linear · estado=ACECHANDO · dir=— · 0=0.013086 · Oz=— · Red=— · manos=ON · pos=LONG 1588@0.01302014 · latido=1.50s
[RANGO] autosello COTI · ACECHANDO · Oz=0.0 link=— · manos_feria_informe.json
[RANGO] COTIUSDT_LINEAL last=0.013125 · río=WS · mercado=linear · estado=ACECHANDO · dir=— · 0=0.013086 · Oz=— · Red=— · manos=ON · pos=LONG 1588@0.01302014 · latido=1.50s
[RANGO] COTIUSDT_LINEAL last=0.013113 · río=WS · mercado=linear · estado=ACECHANDO · dir=— · 0=0.013086 · Oz=— · Red=— · manos=ON · pos=LONG 1588@0.01302014 · latido=1.50s
[RANGO] autosello COTI · ACECHANDO · Oz=0.0 link=— · manos_feria_informe.json
[RANGO] COTIUSDT_LINEAL last=0.013114 · río=WS · mercado=linear · estado=ACECHANDO · dir=— · 0=0.013086 · Oz=— · Red=— · manos=ON · pos=LONG 1588@0.01302014 · latido=1.50s
[RANGO] autosello COTI · ACECHANDO · Oz=0.0 link=— · manos_feria_informe.json
[RANGO] COTIUSDT_LINEAL last=0.013118 · río=WS · mercado=linear · estado=ACECHANDO · dir=— · 0=0.013086 · Oz=— · Red=— · manos=ON · pos=LONG 1588@0.01302014 · latido=1.50s
[2026-08-31 08:12:59] [TUSK] RECONCILIACIÓN: SNXXUSDT_LINEAL: interno L:6.450000/S:0.000000 -> real L:6.830000/S:0.000000
[2026-08-31 08:12:59] [TUSK] RECONCILIACIÓN_OK: 1 frentes alineados con exchange
[RANGO] COTIUSDT_LINEAL last=0.013118 · río=WS · mercado=linear · estado=ACECHANDO · dir=— · 0=0.013086 · Oz=— · Red=— · manos=ON · pos=LONG 1588@0.01302014 · latido=1.50s
[RANGO] autosello COTI · ACECHANDO · Oz=0.0 link=— · manos_feria_informe.json
[RANGO] COTIUSDT_LINEAL last=0.013117 · río=WS · mercado=linear · estado=ACECHANDO · dir=— · 0=0.013086 · Oz=— · Red=— · manos=ON · pos=LONG 1588@0.01302014 · latido=1.50s
[RANGO] autosello COTI · ACECHANDO · Oz=0.0 link=— · manos_feria_informe.json
[RANGO] COTIUSDT_LINEAL last=0.013117 · río=WS · mercado=linear · estado=ACECHANDO · dir=— · 0=0.013086 · Oz=— · Red=— · manos=ON · pos=LONG 1588@0.01302014 · latido=1.50s
[RANGO] COTIUSDT_LINEAL last=0.013117 · río=WS · mercado=linear · estado=ACECHANDO · dir=— · 0=0.013086 · Oz=— · Red=— · manos=ON · pos=LONG 1588@0.01302014 · latido=1.50s
[RANGO] autosello COTI · ACECHANDO · Oz=0.0 link=— · manos_feria_informe.json
[RANGO] COTIUSDT_LINEAL last=0.013117 · río=WS · mercado=linear · estado=ACECHANDO · dir=— · 0=0.013086 · Oz=— · Red=— · manos=ON · pos=LONG 1588@0.01302014 · latido=1.50s
[RANGO] autosello COTI · ACECHANDO · Oz=0.0 link=— · manos_feria_informe.json
[RANGO] COTIUSDT_LINEAL last=0.013122 · río=WS · mercado=linear · estado=ACECHANDO · dir=— · 0=0.013086 · Oz=— · Red=— · manos=ON · pos=LONG 1588@0.01302014 · latido=1.50s
[2026-08-31 08:14:01] [TUSK] RECONCILIACIÓN: AAOIUSDT_LINEAL: interno L:0.000000/S:0.000000 -> real L:0.530000/S:0.000000
[2026-08-31 08:14:01] [TUSK] RECONCILIACIÓN: ZBCNUSDT_LINEAL: interno L:0.000000/S:0.000000 -> real L:9700.000000/S:0.000000
[2026-08-31 08:14:01] [TUSK] RECONCILIACIÓN_FANTASMA: MRVLUSDT_LINEAL existe interno pero no en exchange -> reseteando
[2026-08-31 08:14:01] [TUSK] RECONCILIACIÓN_FANTASMA: MVLLUSDT_LINEAL existe interno pero no en exchange -> reseteando
[2026-08-31 08:14:01] [TUSK] RECONCILIACIÓN_OK: 4 frentes alineados con exchange
[RANGO] COTIUSDT_LINEAL last=0.013121 · río=WS · mercado=linear · estado=ACECHANDO · dir=— · 0=0.013086 · Oz=— · Red=— · manos=ON · pos=LONG 1588@0.01302014 · latido=1.50s
[RANGO] autosello COTI · ACECHANDO · Oz=0.0 link=— · manos_feria_informe.json
[RANGO] COTIUSDT_LINEAL last=0.01312 · río=WS · mercado=linear · estado=ACECHANDO · dir=— · 0=0.013086 · Oz=— · Red=— · manos=ON · pos=LONG 1588@0.01302014 · latido=1.50s
[RANGO] autosello COTI · ACECHANDO · Oz=0.0 link=— · manos_feria_informe.json
[RANGO] COTIUSDT_LINEAL last=0.013116 · río=WS · mercado=linear · estado=ACECHANDO · dir=— · 0=0.013086 · Oz=— · Red=— · manos=ON · pos=LONG 1588@0.01302014 · latido=1.50s
[RANGO] COTIUSDT_LINEAL last=0.01312 · río=WS · mercado=linear · estado=ACECHANDO · dir=— · 0=0.013086 · Oz=— · Red=— · manos=ON · pos=LONG 1588@0.01302014 · latido=1.50s
[RANGO] autosello COTI · ACECHANDO · Oz=0.0 link=— · manos_feria_informe.json
[RANGO] COTIUSDT_LINEAL last=0.01312 · río=ciego/muleta · mercado=linear · estado=ACECHANDO · dir=— · 0=0.013086 · Oz=— · Red=— · manos=ON · pos=LONG 1588@0.01302014 · latido=1.50s
[RANGO] autosello COTI · ACECHANDO · Oz=0.0 link=— · manos_feria_informe.json
[RANGO] COTIUSDT_LINEAL last=0.01312 · río=ciego/muleta · mercado=linear · estado=ACECHANDO · dir=— · 0=0.013086 · Oz=— · Red=— · manos=ON · pos=LONG 1588@0.01302014 · latido=1.50s
[2026-08-31 08:15:02] [TUSK] RECONCILIACIÓN: AEHRUSDT_LINEAL: interno L:0.090000/S:0.000000 -> real L:0.160000/S:0.000000
[2026-08-31 08:15:02] [TUSK] RECONCILIACIÓN_OK: 1 frentes alineados con exchange
[RANGO] autosello COTI · ACECHANDO · Oz=0.0 link=— · manos_feria_informe.json
[RANGO] COTIUSDT_LINEAL last=0.013118 · río=WS · mercado=linear · estado=ACECHANDO · dir=— · 0=0.013086 · Oz=— · Red=— · manos=ON · pos=LONG 1588@0.01302014 · latido=1.50s
[RANGO] COTIUSDT_LINEAL last=0.013112 · río=WS · mercado=linear · estado=ACECHANDO · dir=— · 0=0.013086 · Oz=— · Red=— · manos=ON · pos=LONG 1588@0.01302014 · latido=1.50s
[RANGO] autosello COTI · ACECHANDO · Oz=0.0 link=— · manos_feria_informe.json
[RANGO] COTIUSDT_LINEAL last=0.013112 · río=ciego/muleta · mercado=linear · estado=ACECHANDO · dir=— · 0=0.013086 · Oz=— · Red=— · manos=ON · pos=LONG 1588@0.01302014 · latido=1.50s
[RANGO] autosello COTI · ACECHANDO · Oz=0.0 link=— · manos_feria_informe.json
[RANGO] COTIUSDT_LINEAL last=0.013114 · río=ciego/muleta · mercado=linear · estado=ACECHANDO · dir=— · 0=0.013086 · Oz=— · Red=— · manos=ON · pos=LONG 1588@0.01302014 · latido=1.50s
[RANGO] COTIUSDT_LINEAL last=0.013114 · río=WS · mercado=linear · estado=ACECHANDO · dir=— · 0=0.013086 · Oz=— · Red=— · manos=ON · pos=LONG 1588@0.01302014 · latido=1.50s
[RANGO] autosello COTI · ACECHANDO · Oz=0.0 link=— · manos_feria_informe.json
[RANGO] COTIUSDT_LINEAL last=0.01311 · río=WS · mercado=linear · estado=ACECHANDO · dir=— · 0=0.013086 · Oz=— · Red=— · manos=ON · pos=LONG 1588@0.01302014 · latido=1.50s
[2026-08-31 08:16:03] [TUSK] RECONCILIACIÓN: ZKPUSDT_LINEAL: interno L:0.000000/S:0.000000 -> real L:1281.000000/S:0.000000
[2026-08-31 08:16:03] [TUSK] RECONCILIACIÓN: SNXXUSDT_LINEAL: interno L:6.830000/S:0.000000 -> real L:7.210000/S:0.000000
[2026-08-31 08:16:03] [TUSK] RECONCILIACIÓN_FANTASMA: POWERUSDT_LINEAL existe interno pero no en exchange -> reseteando
[2026-08-31 08:16:03] [TUSK] RECONCILIACIÓN_OK: 3 frentes alineados con exchange
[RANGO] autosello COTI · ACECHANDO · Oz=0.0 link=— · manos_feria_informe.json
[RANGO] COTIUSDT_LINEAL last=0.013113 · río=WS · mercado=linear · estado=ACECHANDO · dir=— · 0=0.013086 · Oz=— · Red=— · manos=ON · pos=LONG 1588@0.01302014 · latido=1.50s
[RANGO] COTIUSDT_LINEAL last=0.013113 · río=WS · mercado=linear · estado=ACECHANDO · dir=— · 0=0.013086 · Oz=— · Red=— · manos=ON · pos=LONG 1588@0.01302014 · latido=1.50s
[RANGO] autosello COTI · ACECHANDO · Oz=0.0 link=— · manos_feria_informe.json
[RANGO] COTIUSDT_LINEAL last=0.013113 · río=WS · mercado=linear · estado=ACECHANDO · dir=— · 0=0.013086 · Oz=— · Red=— · manos=ON · pos=LONG 1588@0.01302014 · latido=1.50s
[RANGO] autosello COTI · ACECHANDO · Oz=0.0 link=— · manos_feria_informe.json
[RANGO] COTIUSDT_LINEAL last=0.013111 · río=WS · mercado=linear · estado=ACECHANDO · dir=— · 0=0.013086 · Oz=— · Red=— · manos=ON · pos=LONG 1588@0.01302014 · latido=1.50s
[RANGO] COTIUSDT_LINEAL last=0.013115 · río=WS · mercado=linear · estado=ACECHANDO · dir=— · 0=0.013086 · Oz=— · Red=— · manos=ON · pos=LONG 1588@0.01302014 · latido=1.50s
[RANGO] autosello COTI · ACECHANDO · Oz=0.0 link=— · manos_feria_informe.json
[RANGO] COTIUSDT_LINEAL last=0.013123 · río=WS · mercado=linear · estado=ACECHANDO · dir=— · 0=0.013086 · Oz=— · Red=— · manos=ON · pos=LONG 1588@0.01302014 · latido=1.50s
[2026-08-31 08:17:04] [TUSK] RECONCILIACIÓN: AXTIUSDT_LINEAL: interno L:0.000000/S:0.000000 -> real L:1.690000/S:0.000000
[2026-08-31 08:17:04] [TUSK] RECONCILIACIÓN_FANTASMA: TSLLUSDT_LINEAL existe interno pero no en exchange -> reseteando
[2026-08-31 08:17:04] [TUSK] RECONCILIACIÓN_OK: 2 frentes alineados con exchange
[RANGO] autosello COTI · ACECHANDO · Oz=0.0 link=— · manos_feria_informe.json
[RANGO] COTIUSDT_LINEAL last=0.013109 · río=WS · mercado=linear · estado=ACECHANDO · dir=— · 0=0.013086 · Oz=— · Red=— · manos=ON · pos=LONG 1588@0.01302014 · latido=1.50s
[RANGO] COTIUSDT_LINEAL last=0.013107 · río=WS · mercado=linear · estado=ACECHANDO · dir=— · 0=0.013086 · Oz=— · Red=— · manos=ON · pos=LONG 1588@0.01302014 · latido=1.50s
[RANGO] autosello COTI · ACECHANDO · Oz=0.0 link=— · manos_feria_informe.json
[RANGO] COTIUSDT_LINEAL last=0.013102 · río=WS · mercado=linear · estado=ACECHANDO · dir=— · 0=0.013086 · Oz=— · Red=— · manos=ON · pos=LONG 1588@0.01302014 · latido=1.50s
[RANGO] autosello COTI · ACECHANDO · Oz=0.0 link=— · manos_feria_informe.json
[RANGO] COTIUSDT_LINEAL last=0.013105 · río=WS · mercado=linear · estado=ACECHANDO · dir=— · 0=0.013086 · Oz=— · Red=— · manos=ON · pos=LONG 1588@0.01302014 · latido=1.50s
[RANGO] COTIUSDT_LINEAL last=0.013105 · río=WS · mercado=linear · estado=ACECHANDO · dir=— · 0=0.013086 · Oz=— · Red=— · manos=ON · pos=LONG 1588@0.01302014 · latido=1.50s
[RANGO] autosello COTI · ACECHANDO · Oz=0.0 link=— · manos_feria_informe.json
[RANGO] COTIUSDT_LINEAL last=0.013106 · río=WS · mercado=linear · estado=ACECHANDO · dir=— · 0=0.013086 · Oz=— · Red=— · manos=ON · pos=LONG 1588@0.01302014 · latido=1.50s
[RANGO] autosello COTI · ACECHANDO · Oz=0.0 link=— · manos_feria_informe.json
[RANGO] COTIUSDT_LINEAL last=0.013106 · río=WS · mercado=linear · estado=ACECHANDO · dir=— · 0=0.013086 · Oz=— · Red=— · manos=ON · pos=LONG 1588@0.01302014 · latido=1.50s
[RANGO] COTIUSDT_LINEAL last=0.013107 · río=WS · mercado=linear · estado=ACECHANDO · dir=— · 0=0.013086 · Oz=— · Red=— · manos=ON · pos=LONG 1588@0.01302014 · latido=1.50s
[RANGO] autosello COTI · ACECHANDO · Oz=0.0 link=— · manos_feria_informe.json
[RANGO] COTIUSDT_LINEAL last=0.013111 · río=WS · mercado=linear · estado=ACECHANDO · dir=— · 0=0.013086 · Oz=— · Red=— · manos=ON · pos=LONG 1588@0.01302014 · latido=1.50s
[RANGO] autosello COTI · ACECHANDO · Oz=0.0 link=— · manos_feria_informe.json
[RANGO] COTIUSDT_LINEAL last=0.013111 · río=WS · mercado=linear · estado=ACECHANDO · dir=— · 0=0.013086 · Oz=— · Red=— · manos=ON · pos=LONG 1588@0.01302014 · latido=1.50s
[RANGO] COTIUSDT_LINEAL last=0.013111 · río=WS · mercado=linear · estado=ACECHANDO · dir=— · 0=0.013086 · Oz=— · Red=— · manos=ON · pos=LONG 1588@0.01302014 · latido=1.50s
[RANGO] autosello COTI · ACECHANDO · Oz=0.0 link=— · manos_feria_informe.json
[RANGO] COTIUSDT_LINEAL last=0.013107 · río=WS · mercado=linear · estado=ACECHANDO · dir=— · 0=0.013086 · Oz=— · Red=— · manos=ON · pos=LONG 1588@0.01302014 · latido=1.50s
[RANGO] autosello COTI · ACECHANDO · Oz=0.0 link=— · manos_feria_informe.json
[RANGO] COTIUSDT_LINEAL last=0.013106 · río=WS · mercado=linear · estado=ACECHANDO · dir=— · 0=0.013086 · Oz=— · Red=— · manos=ON · pos=LONG 1588@0.01302014 · latido=1.50s
[RANGO] COTIUSDT_LINEAL last=0.013107 · río=WS · mercado=linear · estado=ACECHANDO · dir=— · 0=0.013086 · Oz=— · Red=— · manos=ON · pos=LONG 1588@0.01302014 · latido=1.50s
[RANGO] autosello COTI · ACECHANDO · Oz=0.0 link=— · manos_feria_informe.json
[RANGO] COTIUSDT_LINEAL last=0.01312 · río=WS · mercado=linear · estado=ACECHANDO · dir=— · 0=0.013086 · Oz=— · Red=— · manos=ON · pos=LONG 1588@0.01302014 · latido=1.50s
[RANGO] autosello COTI · ACECHANDO · Oz=0.0 link=— · manos_feria_informe.json
[RANGO] COTIUSDT_LINEAL last=0.013126 · río=WS · mercado=linear · estado=ACECHANDO · dir=— · 0=0.013086 · Oz=— · Red=— · manos=ON · pos=LONG 1588@0.01302014 · latido=1.50s
[RANGO] COTIUSDT_LINEAL last=0.013127 · río=WS · mercado=linear · estado=ACECHANDO · dir=— · 0=0.013086 · Oz=— · Red=— · manos=ON · pos=LONG 1588@0.01302014 · latido=1.50s
[RANGO] autosello COTI · ACECHANDO · Oz=0.0 link=— · manos_feria_informe.json
[RANGO] COTIUSDT_LINEAL last=0.013112 · río=WS · mercado=linear · estado=ACECHANDO · dir=— · 0=0.013086 · Oz=— · Red=— · manos=ON · pos=LONG 1588@0.01302014 · latido=1.50s
[2026-08-31 08:20:08] [TUSK] RECONCILIACIÓN: MSTRUSDT_LINEAL: interno L:0.000000/S:0.000000 -> real L:0.240000/S:0.000000
[2026-08-31 08:20:08] [TUSK] RECONCILIACIÓN_FANTASMA: BIOUSDT_LINEAL existe interno pero no en exchange -> reseteando
[2026-08-31 08:20:08] [TUSK] RECONCILIACIÓN_OK: 2 frentes alineados con exchange
[RANGO] autosello COTI · ACECHANDO · Oz=0.0 link=— · manos_feria_informe.json
[RANGO] COTIUSDT_LINEAL last=0.013106 · río=WS · mercado=linear · estado=ACECHANDO · dir=— · 0=0.013086 · Oz=— · Red=— · manos=ON · pos=LONG 1588@0.01302014 · latido=1.50s
[RANGO] COTIUSDT_LINEAL last=0.013105 · río=WS · mercado=linear · estado=ACECHANDO · dir=— · 0=0.013086 · Oz=— · Red=— · manos=ON · pos=LONG 1588@0.01302014 · latido=1.50s
[RANGO] autosello COTI · ACECHANDO · Oz=0.0 link=— · manos_feria_informe.json
[RANGO] COTIUSDT_LINEAL last=0.013101 · río=WS · mercado=linear · estado=ACECHANDO · dir=— · 0=0.013086 · Oz=— · Red=— · manos=ON · pos=LONG 1588@0.01302014 · latido=1.50s
[RANGO] autosello COTI · ACECHANDO · Oz=0.0 link=— · manos_feria_informe.json
[RANGO] COTIUSDT_LINEAL last=0.013105 · río=WS · mercado=linear · estado=ACECHANDO · dir=— · 0=0.013086 · Oz=— · Red=— · manos=ON · pos=LONG 1588@0.01302014 · latido=1.50s
[RANGO] COTIUSDT_LINEAL last=0.013105 · río=WS · mercado=linear · estado=ACECHANDO · dir=— · 0=0.013086 · Oz=— · Red=— · manos=ON · pos=LONG 1588@0.01302014 · latido=1.50s
[RANGO] autosello COTI · ACECHANDO · Oz=0.0 link=— · manos_feria_informe.json
[RANGO] COTIUSDT_LINEAL last=0.013104 · río=WS · mercado=linear · estado=ACECHANDO · dir=— · 0=0.013086 · Oz=— · Red=— · manos=ON · pos=LONG 1588@0.01302014 · latido=1.50s
[2026-08-31 08:21:09] [TUSK] RECONCILIACIÓN: SNXXUSDT_LINEAL: interno L:7.210000/S:0.000000 -> real L:6.830000/S:0.000000
[2026-08-31 08:21:09] [TUSK] RECONCILIACIÓN_OK: 1 frentes alineados con exchange
[RANGO] autosello COTI · ACECHANDO · Oz=0.0 link=— · manos_feria_informe.json
[RANGO] COTIUSDT_LINEAL last=0.013104 · río=WS · mercado=linear · estado=ACECHANDO · dir=— · 0=0.013086 · Oz=— · Red=— · manos=ON · pos=LONG 1588@0.01302014 · latido=1.50s
[RANGO] COTIUSDT_LINEAL last=0.013101 · río=WS · mercado=linear · estado=ACECHANDO · dir=— · 0=0.013086 · Oz=— · Red=— · manos=ON · pos=LONG 1588@0.01302014 · latido=1.50s
[RANGO] autosello COTI · ACECHANDO · Oz=0.0 link=— · manos_feria_informe.json
[RANGO] COTIUSDT_LINEAL last=0.013103 · río=WS · mercado=linear · estado=ACECHANDO · dir=— · 0=0.013086 · Oz=— · Red=— · manos=ON · pos=LONG 1588@0.01302014 · latido=1.50s
[RANGO] autosello COTI · ACECHANDO · Oz=0.0 link=— · manos_feria_informe.json
[RANGO] COTIUSDT_LINEAL last=0.013103 · río=WS · mercado=linear · estado=ACECHANDO · dir=— · 0=0.013086 · Oz=— · Red=— · manos=ON · pos=LONG 1588@0.01302014 · latido=1.50s
[RANGO] COTIUSDT_LINEAL last=0.013108 · río=WS · mercado=linear · estado=ACECHANDO · dir=— · 0=0.013086 · Oz=— · Red=— · manos=ON · pos=LONG 1588@0.01302014 · latido=1.50s
[RANGO] autosello COTI · ACECHANDO · Oz=0.0 link=— · manos_feria_informe.json
[RANGO] COTIUSDT_LINEAL last=0.013108 · río=WS · mercado=linear · estado=ACECHANDO · dir=— · 0=0.013086 · Oz=— · Red=— · manos=ON · pos=LONG 1588@0.01302014 · latido=1.50s
[RANGO] autosello COTI · ACECHANDO · Oz=0.0 link=— · manos_feria_informe.json
[RANGO] COTIUSDT_LINEAL last=0.013109 · río=WS · mercado=linear · estado=ACECHANDO · dir=— · 0=0.013086 · Oz=— · Red=— · manos=ON · pos=LONG 1588@0.01302014 · latido=1.50s
[RANGO] COTIUSDT_LINEAL last=0.013104 · río=WS · mercado=linear · estado=ACECHANDO · dir=— · 0=0.013086 · Oz=— · Red=— · manos=ON · pos=LONG 1588@0.01302014 · latido=1.50s
[RANGO] autosello COTI · ACECHANDO · Oz=0.0 link=— · manos_feria_informe.json
[RANGO] COTIUSDT_LINEAL last=0.013107 · río=WS · mercado=linear · estado=ACECHANDO · dir=— · 0=0.013086 · Oz=— · Red=— · manos=ON · pos=LONG 1588@0.01302014 · latido=1.50s
[RANGO] autosello COTI · ACECHANDO · Oz=0.0 link=— · manos_feria_informe.json
[RANGO] COTIUSDT_LINEAL last=0.013108 · río=WS · mercado=linear · estado=ACECHANDO · dir=— · 0=0.013086 · Oz=— · Red=— · manos=ON · pos=LONG 1588@0.01302014 · latido=1.50s
[RANGO] COTIUSDT_LINEAL last=0.01311 · río=WS · mercado=linear · estado=ACECHANDO · dir=— · 0=0.013086 · Oz=— · Red=— · manos=ON · pos=LONG 1588@0.01302014 · latido=1.50s
[RANGO] autosello COTI · ACECHANDO · Oz=0.0 link=— · manos_feria_informe.json
[RANGO] COTIUSDT_LINEAL last=0.013104 · río=WS · mercado=linear · estado=ACECHANDO · dir=— · 0=0.013086 · Oz=— · Red=— · manos=ON · pos=LONG 1588@0.01302014 · latido=1.50s
[RANGO] autosello COTI · ACECHANDO · Oz=0.0 link=— · manos_feria_informe.json
[2026-08-31 08:23:11] [TUSK] RECONCILIACIÓN: POWERUSDT_LINEAL: interno L:0.000000/S:0.000000 -> real L:67.000000/S:0.000000
[2026-08-31 08:23:11] [TUSK] RECONCILIACIÓN_FANTASMA: PLTRUSDT_LINEAL existe interno pero no en exchange -> reseteando
[2026-08-31 08:23:11] [TUSK] RECONCILIACIÓN_OK: 2 frentes alineados con exchange
[RANGO] COTIUSDT_LINEAL last=0.013112 · río=WS · mercado=linear · estado=ACECHANDO · dir=— · 0=0.013086 · Oz=— · Red=— · manos=ON · pos=LONG 1588@0.01302014 · latido=1.50s
[RANGO] COTIUSDT_LINEAL last=0.0131 · río=WS · mercado=linear · estado=ACECHANDO · dir=— · 0=0.013086 · Oz=— · Red=— · manos=ON · pos=LONG 1588@0.01302014 · latido=1.50s
[RANGO] autosello COTI · ACECHANDO · Oz=0.0 link=— · manos_feria_informe.json
[RANGO] COTIUSDT_LINEAL last=0.013109 · río=WS · mercado=linear · estado=ACECHANDO · dir=— · 0=0.013086 · Oz=— · Red=— · manos=ON · pos=LONG 1588@0.01302014 · latido=1.50s
[RANGO] autosello COTI · ACECHANDO · Oz=0.0 link=— · manos_feria_informe.json
[RANGO] COTIUSDT_LINEAL last=0.013095 · río=WS · mercado=linear · estado=ACECHANDO · dir=— · 0=0.013086 · Oz=— · Red=— · manos=ON · pos=LONG 1588@0.01302014 · latido=1.50s
[RANGO] COTIUSDT_LINEAL last=0.013102 · río=WS · mercado=linear · estado=ACECHANDO · dir=— · 0=0.013086 · Oz=— · Red=— · manos=ON · pos=LONG 1588@0.01302014 · latido=1.50s
[RANGO] autosello COTI · ACECHANDO · Oz=0.0 link=— · manos_feria_informe.json
[RANGO] COTIUSDT_LINEAL last=0.013103 · río=WS · mercado=linear · estado=ACECHANDO · dir=— · 0=0.013086 · Oz=— · Red=— · manos=ON · pos=LONG 1588@0.01302014 · latido=1.50s
[RANGO] autosello COTI · ACECHANDO · Oz=0.0 link=— · manos_feria_informe.json
[RANGO] COTIUSDT_LINEAL last=0.013103 · río=WS · mercado=linear · estado=ACECHANDO · dir=— · 0=0.013086 · Oz=— · Red=— · manos=ON · pos=LONG 1588@0.01302014 · latido=1.50s
[RANGO] COTIUSDT_LINEAL last=0.013101 · río=WS · mercado=linear · estado=ACECHANDO · dir=— · 0=0.013086 · Oz=— · Red=— · manos=ON · pos=LONG 1588@0.01302014 · latido=1.50s
[RANGO] autosello COTI · ACECHANDO · Oz=0.0 link=— · manos_feria_informe.json
[RANGO] COTIUSDT_LINEAL last=0.013103 · río=WS · mercado=linear · estado=ACECHANDO · dir=— · 0=0.013086 · Oz=— · Red=— · manos=ON · pos=LONG 1588@0.01302014 · latido=1.50s
[RANGO] autosello COTI · ACECHANDO · Oz=0.0 link=— · manos_feria_informe.json
[RANGO] COTIUSDT_LINEAL last=0.0131 · río=WS · mercado=linear · estado=ACECHANDO · dir=— · 0=0.013086 · Oz=— · Red=— · manos=ON · pos=LONG 1588@0.01302014 · latido=1.50s
[RANGO] COTIUSDT_LINEAL last=0.013104 · río=WS · mercado=linear · estado=ACECHANDO · dir=— · 0=0.013086 · Oz=— · Red=— · manos=ON · pos=LONG 1588@0.01302014 · latido=1.50s
[RANGO] autosello COTI · ACECHANDO · Oz=0.0 link=— · manos_feria_informe.json
[RANGO] COTIUSDT_LINEAL last=0.013104 · río=WS · mercado=linear · estado=ACECHANDO · dir=— · 0=0.013086 · Oz=— · Red=— · manos=ON · pos=LONG 1588@0.01302014 · latido=1.50s
[RANGO] autosello COTI · ACECHANDO · Oz=0.0 link=— · manos_feria_informe.json
[RANGO] COTIUSDT_LINEAL last=0.013104 · río=WS · mercado=linear · estado=ACECHANDO · dir=— · 0=0.013086 · Oz=— · Red=— · manos=ON · pos=LONG 1588@0.01302014 · latido=1.50s
[RANGO] COTIUSDT_LINEAL last=0.013096 · río=WS · mercado=linear · estado=ACECHANDO · dir=— · 0=0.013086 · Oz=— · Red=— · manos=ON · pos=LONG 1588@0.01302014 · latido=1.50s
[RANGO] autosello COTI · ACECHANDO · Oz=0.0 link=— · manos_feria_informe.json
[RANGO] COTIUSDT_LINEAL last=0.013103 · río=WS · mercado=linear · estado=ACECHANDO · dir=— · 0=0.013086 · Oz=— · Red=— · manos=ON · pos=LONG 1588@0.01302014 · latido=1.50s
[RANGO] autosello COTI · ACECHANDO · Oz=0.0 link=— · manos_feria_informe.json
[RANGO] COTIUSDT_LINEAL last=0.013106 · río=WS · mercado=linear · estado=ACECHANDO · dir=— · 0=0.013086 · Oz=— · Red=— · manos=ON · pos=LONG 1588@0.01302014 · latido=1.50s
[RANGO] COTIUSDT_LINEAL last=0.013107 · río=ciego/muleta · mercado=linear · estado=ACECHANDO · dir=— · 0=0.013086 · Oz=— · Red=— · manos=ON · pos=LONG 1588@0.01302014 · latido=1.50s
[RANGO] autosello COTI · ACECHANDO · Oz=0.0 link=— · manos_feria_informe.json
[RANGO] COTIUSDT_LINEAL last=0.013108 · río=WS · mercado=linear · estado=ACECHANDO · dir=— · 0=0.013086 · Oz=— · Red=— · manos=ON · pos=LONG 1588@0.01302014 · latido=1.50s
[RANGO] autosello COTI · ACECHANDO · Oz=0.0 link=— · manos_feria_informe.json
[RANGO] COTIUSDT_LINEAL last=0.013105 · río=WS · mercado=linear · estado=ACECHANDO · dir=— · 0=0.013086 · Oz=— · Red=— · manos=ON · pos=LONG 1588@0.01302014 · latido=1.50s
[RANGO] COTIUSDT_LINEAL last=0.013103 · río=WS · mercado=linear · estado=ACECHANDO · dir=— · 0=0.013086 · Oz=— · Red=— · manos=ON · pos=LONG 1588@0.01302014 · latido=1.50s
[RANGO] autosello COTI · ACECHANDO · Oz=0.0 link=— · manos_feria_informe.json
[RANGO] COTIUSDT_LINEAL last=0.013103 · río=WS · mercado=linear · estado=ACECHANDO · dir=— · 0=0.013086 · Oz=— · Red=— · manos=ON · pos=LONG 1588@0.01302014 · latido=1.50s
[RANGO] autosello COTI · ACECHANDO · Oz=0.0 link=— · manos_feria_informe.json
[RANGO] COTIUSDT_LINEAL last=0.013102 · río=WS · mercado=linear · estado=ACECHANDO · dir=— · 0=0.013086 · Oz=— · Red=— · manos=ON · pos=LONG 1588@0.01302014 · latido=1.50s
[RANGO] COTIUSDT_LINEAL last=0.013109 · río=WS · mercado=linear · estado=ACECHANDO · dir=— · 0=0.013086 · Oz=— · Red=— · manos=ON · pos=LONG 1588@0.01302014 · latido=1.50s
[RANGO] autosello COTI · ACECHANDO · Oz=0.0 link=— · manos_feria_informe.json
[RANGO] COTIUSDT_LINEAL last=0.013109 · río=WS · mercado=linear · estado=ACECHANDO · dir=— · 0=0.013086 · Oz=— · Red=— · manos=ON · pos=LONG 1588@0.01302014 · latido=1.50s
[RANGO] autosello COTI · ACECHANDO · Oz=0.0 link=— · manos_feria_informe.json
[RANGO] COTIUSDT_LINEAL last=0.013109 · río=WS · mercado=linear · estado=ACECHANDO · dir=— · 0=0.013086 · Oz=— · Red=— · manos=ON · pos=LONG 1588@0.01302014 · latido=1.50s
[RANGO] COTIUSDT_LINEAL last=0.013109 · río=WS · mercado=linear · estado=ACECHANDO · dir=— · 0=0.013086 · Oz=— · Red=— · manos=ON · pos=LONG 1588@0.01302014 · latido=1.50s
[RANGO] autosello COTI · ACECHANDO · Oz=0.0 link=— · manos_feria_informe.json
[RANGO] COTIUSDT_LINEAL last=0.01311 · río=WS · mercado=linear · estado=ACECHANDO · dir=— · 0=0.013086 · Oz=— · Red=— · manos=ON · pos=LONG 1588@0.01302014 · latido=1.50s
[RANGO] autosello COTI · ACECHANDO · Oz=0.0 link=— · manos_feria_informe.json
[RANGO] COTIUSDT_LINEAL last=0.01311 · río=WS · mercado=linear · estado=ACECHANDO · dir=— · 0=0.013086 · Oz=— · Red=— · manos=ON · pos=LONG 1588@0.01302014 · latido=1.50s
[RANGO] COTIUSDT_LINEAL last=0.01311 · río=WS · mercado=linear · estado=ACECHANDO · dir=— · 0=0.013086 · Oz=— · Red=— · manos=ON · pos=LONG 1588@0.01302014 · latido=1.50s
[RANGO] autosello COTI · ACECHANDO · Oz=0.0 link=— · manos_feria_informe.json
[RANGO] COTIUSDT_LINEAL last=0.01311 · río=WS · mercado=linear · estado=ACECHANDO · dir=— · 0=0.013086 · Oz=— · Red=— · manos=ON · pos=LONG 1588@0.01302014 · latido=1.50s
[RANGO] autosello COTI · ACECHANDO · Oz=0.0 link=— · manos_feria_informe.json
[RANGO] COTIUSDT_LINEAL last=0.013111 · río=WS · mercado=linear · estado=ACECHANDO · dir=— · 0=0.013086 · Oz=— · Red=— · manos=ON · pos=LONG 1588@0.01302014 · latido=1.50s
[2026-08-31 08:28:18] [TUSK] RECONCILIACIÓN: POWERUSDT_LINEAL: interno L:67.000000/S:0.000000 -> real L:6.000000/S:0.000000
[2026-08-31 08:28:18] [TUSK] RECONCILIACIÓN_OK: 1 frentes alineados con exchange
[RANGO] COTIUSDT_LINEAL last=0.013122 · río=WS · mercado=linear · estado=ACECHANDO · dir=— · 0=0.013086 · Oz=— · Red=— · manos=ON · pos=LONG 1588@0.01302014 · latido=1.50s
[RANGO] autosello COTI · ACECHANDO · Oz=0.0 link=— · manos_feria_informe.json
[RANGO] COTIUSDT_LINEAL last=0.013127 · río=ciego/muleta · mercado=linear · estado=ACECHANDO · dir=— · 0=0.013086 · Oz=— · Red=— · manos=ON · pos=LONG 1588@0.01302014 · latido=1.50s
[RANGO] autosello COTI · ACECHANDO · Oz=0.0 link=— · manos_feria_informe.json
[RANGO] COTIUSDT_LINEAL last=0.013123 · río=WS · mercado=linear · estado=ACECHANDO · dir=— · 0=0.013086 · Oz=— · Red=— · manos=ON · pos=LONG 1588@0.01302014 · latido=1.50s
[RANGO] COTIUSDT_LINEAL last=0.013123 · río=WS · mercado=linear · estado=ACECHANDO · dir=— · 0=0.013086 · Oz=— · Red=— · manos=ON · pos=LONG 1588@0.01302014 · latido=1.50s
[RANGO] autosello COTI · ACECHANDO · Oz=0.0 link=— · manos_feria_informe.json
[RANGO] COTIUSDT_LINEAL last=0.013125 · río=ciego/muleta · mercado=linear · estado=ACECHANDO · dir=— · 0=0.013086 · Oz=— · Red=— · manos=ON · pos=LONG 1588@0.01302014 · latido=1.50s
[RANGO] autosello COTI · ACECHANDO · Oz=0.0 link=— · manos_feria_informe.json
[RANGO] COTIUSDT_LINEAL last=0.013121 · río=WS · mercado=linear · estado=ACECHANDO · dir=— · 0=0.013086 · Oz=— · Red=— · manos=ON · pos=LONG 1588@0.01302014 · latido=1.50s
[RANGO] COTIUSDT_LINEAL last=0.013121 · río=WS · mercado=linear · estado=ACECHANDO · dir=— · 0=0.013086 · Oz=— · Red=— · manos=ON · pos=LONG 1588@0.01302014 · latido=1.50s
[RANGO] autosello COTI · ACECHANDO · Oz=0.0 link=— · manos_feria_informe.json
[RANGO] COTIUSDT_LINEAL last=0.01312 · río=WS · mercado=linear · estado=ACECHANDO · dir=— · 0=0.013086 · Oz=— · Red=— · manos=ON · pos=LONG 1588@0.01302014 · latido=1.50s
[RANGO] autosello COTI · ACECHANDO · Oz=0.0 link=— · manos_feria_informe.json
[RANGO] COTIUSDT_LINEAL last=0.01312 · río=ciego/muleta · mercado=linear · estado=ACECHANDO · dir=— · 0=0.013086 · Oz=— · Red=— · manos=ON · pos=LONG 1588@0.01302014 · latido=1.50s
[RANGO] COTIUSDT_LINEAL last=0.01312 · río=ciego/muleta · mercado=linear · estado=ACECHANDO · dir=— · 0=0.013086 · Oz=— · Red=— · manos=ON · pos=LONG 1588@0.01302014 · latido=1.50s
[RANGO] autosello COTI · ACECHANDO · Oz=0.0 link=— · manos_feria_informe.json
[RANGO] COTIUSDT_LINEAL last=0.013118 · río=WS · mercado=linear · estado=ACECHANDO · dir=— · 0=0.013086 · Oz=— · Red=— · manos=ON · pos=LONG 1588@0.01302014 · latido=1.50s
[RANGO] autosello COTI · ACECHANDO · Oz=0.0 link=— · manos_feria_informe.json
[RANGO] COTIUSDT_LINEAL last=0.013113 · río=WS · mercado=linear · estado=ACECHANDO · dir=— · 0=0.013086 · Oz=— · Red=— · manos=ON · pos=LONG 1588@0.01302014 · latido=1.50s
[RANGO] autosello COTI · ACECHANDO · Oz=0.0 link=— · manos_feria_informe.json
[RANGO] COTIUSDT_LINEAL last=0.013114 · río=WS · mercado=linear · estado=ACECHANDO · dir=— · 0=0.013086 · Oz=— · Red=— · manos=ON · pos=LONG 1588@0.01302014 · latido=1.50s
[RANGO] COTIUSDT_LINEAL last=0.01312 · río=WS · mercado=linear · estado=ACECHANDO · dir=— · 0=0.013086 · Oz=— · Red=— · manos=ON · pos=LONG 1588@0.01302014 · latido=1.50s
[RANGO] autosello COTI · ACECHANDO · Oz=0.0 link=— · manos_feria_informe.json
[RANGO] COTIUSDT_LINEAL last=0.013121 · río=WS · mercado=linear · estado=ACECHANDO · dir=— · 0=0.013086 · Oz=— · Red=— · manos=ON · pos=LONG 1588@0.01302014 · latido=1.50s
[RANGO] autosello COTI · ACECHANDO · Oz=0.0 link=— · manos_feria_informe.json
[RANGO] COTIUSDT_LINEAL last=0.013134 · río=WS · mercado=linear · estado=ACECHANDO · dir=— · 0=0.013086 · Oz=— · Red=— · manos=ON · pos=LONG 1588@0.01302014 · latido=1.50s
[RANGO] COTIUSDT_LINEAL last=0.013139 · río=WS · mercado=linear · estado=ACECHANDO · dir=— · 0=0.013086 · Oz=— · Red=— · manos=ON · pos=LONG 1588@0.01302014 · latido=1.50s
[RANGO] autosello COTI · ACECHANDO · Oz=0.0 link=— · manos_feria_informe.json
[RANGO] COTIUSDT_LINEAL last=0.013137 · río=WS · mercado=linear · estado=ACECHANDO · dir=— · 0=0.013086 · Oz=— · Red=— · manos=ON · pos=LONG 1588@0.01302014 · latido=1.50s
[RANGO] autosello COTI · ACECHANDO · Oz=0.0 link=— · manos_feria_informe.json
[RANGO] COTIUSDT_LINEAL last=0.013138 · río=WS · mercado=linear · estado=ACECHANDO · dir=— · 0=0.013086 · Oz=— · Red=— · manos=ON · pos=LONG 1588@0.01302014 · latido=1.50s
[RANGO] COTIUSDT_LINEAL last=0.013143 · río=WS · mercado=linear · estado=ACECHANDO · dir=— · 0=0.013086 · Oz=— · Red=— · manos=ON · pos=LONG 1588@0.01302014 · latido=1.50s
[RANGO] autosello COTI · ACECHANDO · Oz=0.0 link=— · manos_feria_informe.json
[RANGO] COTIUSDT_LINEAL last=0.013134 · río=WS · mercado=linear · estado=ACECHANDO · dir=— · 0=0.013086 · Oz=— · Red=— · manos=ON · pos=LONG 1588@0.01302014 · latido=1.50s
[RANGO] autosello COTI · ACECHANDO · Oz=0.0 link=— · manos_feria_informe.json
[RANGO] COTIUSDT_LINEAL last=0.013134 · río=WS · mercado=linear · estado=ACECHANDO · dir=— · 0=0.013086 · Oz=— · Red=— · manos=ON · pos=LONG 1588@0.01302014 · latido=1.50s
[RANGO] COTIUSDT_LINEAL last=0.013128 · río=WS · mercado=linear · estado=ACECHANDO · dir=— · 0=0.013086 · Oz=— · Red=— · manos=ON · pos=LONG 1588@0.01302014 · latido=1.50s
[RANGO] autosello COTI · ACECHANDO · Oz=0.0 link=— · manos_feria_informe.json
[RANGO] COTIUSDT_LINEAL last=0.013121 · río=WS · mercado=linear · estado=ACECHANDO · dir=— · 0=0.013086 · Oz=— · Red=— · manos=ON · pos=LONG 1588@0.01302014 · latido=1.50s
[RANGO] autosello COTI · ACECHANDO · Oz=0.0 link=— · manos_feria_informe.json
[RANGO] COTIUSDT_LINEAL last=0.013118 · río=WS · mercado=linear · estado=ACECHANDO · dir=— · 0=0.013086 · Oz=— · Red=— · manos=ON · pos=LONG 1588@0.01302014 · latido=1.50s
[RANGO] COTIUSDT_LINEAL last=0.013115 · río=WS · mercado=linear · estado=ACECHANDO · dir=— · 0=0.013086 · Oz=— · Red=— · manos=ON · pos=LONG 1588@0.01302014 · latido=1.50s
[RANGO] autosello COTI · ACECHANDO · Oz=0.0 link=— · manos_feria_informe.json
[RANGO] COTIUSDT_LINEAL last=0.01312 · río=WS · mercado=linear · estado=ACECHANDO · dir=— · 0=0.013086 · Oz=— · Red=— · manos=ON · pos=LONG 1588@0.01302014 · latido=1.50s
[RANGO] autosello COTI · ACECHANDO · Oz=0.0 link=— · manos_feria_informe.json
[RANGO] COTIUSDT_LINEAL last=0.013098 · río=WS · mercado=linear · estado=ACECHANDO · dir=— · 0=0.013086 · Oz=— · Red=— · manos=ON · pos=LONG 1588@0.01302014 · latido=1.50s
[RANGO] COTIUSDT_LINEAL last=0.013095 · río=WS · mercado=linear · estado=ACECHANDO · dir=— · 0=0.013086 · Oz=— · Red=— · manos=ON · pos=LONG 1588@0.01302014 · latido=1.50s
[RANGO] autosello COTI · ACECHANDO · Oz=0.0 link=— · manos_feria_informe.json
[RANGO] COTIUSDT_LINEAL last=0.013093 · río=WS · mercado=linear · estado=ACECHANDO · dir=— · 0=0.013086 · Oz=— · Red=— · manos=ON · pos=LONG 1588@0.01302014 · latido=1.50s
[RANGO] autosello COTI · ACECHANDO · Oz=0.0 link=— · manos_feria_informe.json
[RANGO] COTIUSDT_LINEAL last=0.013076 · río=WS · mercado=linear · estado=ACECHANDO · dir=— · 0=0.013086 · Oz=— · Red=— · manos=ON · pos=LONG 1588@0.01302014 · latido=1.50s
[RANGO] COTIUSDT_LINEAL last=0.01307 · río=WS · mercado=linear · estado=ACECHANDO · dir=— · 0=0.013086 · Oz=— · Red=— · manos=ON · pos=LONG 1588@0.01302014 · latido=1.50s
[RANGO] autosello COTI · ACECHANDO · Oz=0.0 link=— · manos_feria_informe.json
[RANGO] COTIUSDT_LINEAL last=0.013066 · río=WS · mercado=linear · estado=ACECHANDO · dir=— · 0=0.013086 · Oz=— · Red=— · manos=ON · pos=LONG 1588@0.01302014 · latido=1.50s
[RANGO] autosello COTI · ACECHANDO · Oz=0.0 link=— · manos_feria_informe.json
[RANGO] COTIUSDT_LINEAL last=0.013064 · río=WS · mercado=linear · estado=ACECHANDO · dir=— · 0=0.013086 · Oz=— · Red=— · manos=ON · pos=LONG 1588@0.01302014 · latido=1.50s
[RANGO] COTIUSDT_LINEAL last=0.013066 · río=WS · mercado=linear · estado=ACECHANDO · dir=— · 0=0.013086 · Oz=— · Red=— · manos=ON · pos=LONG 1588@0.01302014 · latido=1.50s
[RANGO] autosello COTI · ACECHANDO · Oz=0.0 link=— · manos_feria_informe.json
[RANGO] COTIUSDT_LINEAL last=0.013069 · río=WS · mercado=linear · estado=ACECHANDO · dir=— · 0=0.013086 · Oz=— · Red=— · manos=ON · pos=LONG 1588@0.01302014 · latido=1.50s
[RANGO] autosello COTI · ACECHANDO · Oz=0.0 link=— · manos_feria_informe.json
[RANGO] COTIUSDT_LINEAL last=0.01307 · río=WS · mercado=linear · estado=ACECHANDO · dir=— · 0=0.013086 · Oz=— · Red=— · manos=ON · pos=LONG 1588@0.01302014 · latido=1.50s
[RANGO] COTIUSDT_LINEAL last=0.013081 · río=WS · mercado=linear · estado=ACECHANDO · dir=— · 0=0.013086 · Oz=— · Red=— · manos=ON · pos=LONG 1588@0.01302014 · latido=1.50s
[RANGO] autosello COTI · ACECHANDO · Oz=0.0 link=— · manos_feria_informe.json
[RANGO] COTIUSDT_LINEAL last=0.013074 · río=WS · mercado=linear · estado=ACECHANDO · dir=— · 0=0.013086 · Oz=— · Red=— · manos=ON · pos=LONG 1588@0.01302014 · latido=1.50s
[RANGO] autosello COTI · ACECHANDO · Oz=0.0 link=— · manos_feria_informe.json
[RANGO] COTIUSDT_LINEAL last=0.013071 · río=WS · mercado=linear · estado=ACECHANDO · dir=— · 0=0.013086 · Oz=— · Red=— · manos=ON · pos=LONG 1588@0.01302014 · latido=1.50s
[RANGO] COTIUSDT_LINEAL last=0.013062 · río=WS · mercado=linear · estado=ACECHANDO · dir=— · 0=0.013086 · Oz=— · Red=— · manos=ON · pos=LONG 1588@0.01302014 · latido=1.50s
[RANGO] autosello COTI · ACECHANDO · Oz=0.0 link=— · manos_feria_informe.json
[RANGO] COTIUSDT_LINEAL last=0.01307 · río=WS · mercado=linear · estado=ACECHANDO · dir=— · 0=0.013086 · Oz=— · Red=— · manos=ON · pos=LONG 1588@0.01302014 · latido=1.50s
[RANGO] autosello COTI · ACECHANDO · Oz=0.0 link=— · manos_feria_informe.json
[RANGO] COTIUSDT_LINEAL last=0.013069 · río=WS · mercado=linear · estado=ACECHANDO · dir=— · 0=0.013086 · Oz=— · Red=— · manos=ON · pos=LONG 1588@0.01302014 · latido=1.50s
[RANGO] COTIUSDT_LINEAL last=0.013075 · río=WS · mercado=linear · estado=ACECHANDO · dir=— · 0=0.013086 · Oz=— · Red=— · manos=ON · pos=LONG 1588@0.01302014 · latido=1.50s
[RANGO] autosello COTI · ACECHANDO · Oz=0.0 link=— · manos_feria_informe.json
[RANGO] COTIUSDT_LINEAL last=0.013074 · río=WS · mercado=linear · estado=ACECHANDO · dir=— · 0=0.013086 · Oz=— · Red=— · manos=ON · pos=LONG 1588@0.01302014 · latido=1.50s
[RANGO] autosello COTI · ACECHANDO · Oz=0.0 link=— · manos_feria_informe.json
[RANGO] COTIUSDT_LINEAL last=0.01307 · río=WS · mercado=linear · estado=ACECHANDO · dir=— · 0=0.013086 · Oz=— · Red=— · manos=ON · pos=LONG 1588@0.01302014 · latido=1.50s
[RANGO] COTIUSDT_LINEAL last=0.013069 · río=WS · mercado=linear · estado=ACECHANDO · dir=— · 0=0.013086 · Oz=— · Red=— · manos=ON · pos=LONG 1588@0.01302014 · latido=1.50s
[RANGO] autosello COTI · ACECHANDO · Oz=0.0 link=— · manos_feria_informe.json
[RANGO] COTIUSDT_LINEAL last=0.01306 · río=WS · mercado=linear · estado=ACECHANDO · dir=— · 0=0.013086 · Oz=— · Red=— · manos=ON · pos=LONG 1588@0.01302014 · latido=1.50s
[RANGO] autosello COTI · ACECHANDO · Oz=0.0 link=— · manos_feria_informe.json
[RANGO] COTIUSDT_LINEAL last=0.013059 · río=WS · mercado=linear · estado=ACECHANDO · dir=— · 0=0.013086 · Oz=— · Red=— · manos=ON · pos=LONG 1588@0.01302014 · latido=1.50s
[2026-08-31 08:36:27] [TUSK] RECONCILIACIÓN: TSLLUSDT_LINEAL: interno L:0.000000/S:0.000000 -> real L:0.630000/S:0.000000
[2026-08-31 08:36:27] [TUSK] RECONCILIACIÓN_FANTASMA: COTIUSDT_LINEAL existe interno pero no en exchange -> reseteando
[2026-08-31 08:36:27] [TUSK] RECONCILIACIÓN_OK: 2 frentes alineados con exchange
[RANGO] COTIUSDT_LINEAL last=0.013043 · río=WS · mercado=linear · estado=ACECHANDO · dir=— · 0=0.013086 · Oz=— · Red=— · manos=ON · pos=flat · latido=1.50s
[RANGO] autosello COTI · ACECHANDO · Oz=0.0 link=— · manos_feria_informe.json
[RANGO] COTIUSDT_LINEAL last=0.013047 · río=WS · mercado=linear · estado=ACECHANDO · dir=— · 0=0.013086 · Oz=— · Red=— · manos=ON · pos=flat · latido=1.50s
[RANGO] autosello COTI · ACECHANDO · Oz=0.0 link=— · manos_feria_informe.json
[RANGO] COTIUSDT_LINEAL last=0.013047 · río=WS · mercado=linear · estado=ACECHANDO · dir=— · 0=0.013086 · Oz=— · Red=— · manos=ON · pos=flat · latido=1.50s
[RANGO] COTIUSDT_LINEAL last=0.013053 · río=WS · mercado=linear · estado=ACECHANDO · dir=— · 0=0.013086 · Oz=— · Red=— · manos=ON · pos=flat · latido=1.50s
[RANGO] autosello COTI · ACECHANDO · Oz=0.0 link=— · manos_feria_informe.json
[RANGO] COTIUSDT_LINEAL last=0.013051 · río=WS · mercado=linear · estado=ACECHANDO · dir=— · 0=0.013086 · Oz=— · Red=— · manos=ON · pos=flat · latido=1.50s
[RANGO] autosello COTI · ACECHANDO · Oz=0.0 link=— · manos_feria_informe.json
[RANGO] COTIUSDT_LINEAL last=0.013052 · río=WS · mercado=linear · estado=ACECHANDO · dir=— · 0=0.013086 · Oz=— · Red=— · manos=ON · pos=flat · latido=1.50s
[RANGO] COTIUSDT_LINEAL last=0.01306 · río=WS · mercado=linear · estado=ACECHANDO · dir=— · 0=0.013086 · Oz=— · Red=— · manos=ON · pos=flat · latido=1.50s
[RANGO] autosello COTI · ACECHANDO · Oz=0.0 link=— · manos_feria_informe.json
[RANGO] COTIUSDT_LINEAL last=0.013055 · río=WS · mercado=linear · estado=ACECHANDO · dir=— · 0=0.013086 · Oz=— · Red=— · manos=ON · pos=flat · latido=1.50s
[RANGO] autosello COTI · ACECHANDO · Oz=0.0 link=— · manos_feria_informe.json
[RANGO] COTIUSDT_LINEAL last=0.013059 · río=WS · mercado=linear · estado=ACECHANDO · dir=— · 0=0.013086 · Oz=— · Red=— · manos=ON · pos=flat · latido=1.50s
[RANGO] COTIUSDT_LINEAL last=0.013069 · río=WS · mercado=linear · estado=ACECHANDO · dir=— · 0=0.013086 · Oz=— · Red=— · manos=ON · pos=flat · latido=1.50s
[RANGO] autosello COTI · ACECHANDO · Oz=0.0 link=— · manos_feria_informe.json
[RANGO] COTIUSDT_LINEAL last=0.013075 · río=WS · mercado=linear · estado=ACECHANDO · dir=— · 0=0.013086 · Oz=— · Red=— · manos=ON · pos=flat · latido=1.50s
[RANGO] autosello COTI · ACECHANDO · Oz=0.0 link=— · manos_feria_informe.json
[RANGO] COTIUSDT_LINEAL last=0.013076 · río=WS · mercado=linear · estado=ACECHANDO · dir=— · 0=0.013086 · Oz=— · Red=— · manos=ON · pos=flat · latido=1.50s
[2026-08-31 08:38:30] [TUSK] RECONCILIACIÓN: APRUSDT_LINEAL: interno L:0.000000/S:0.000000 -> real L:73.000000/S:0.000000
[2026-08-31 08:38:30] [TUSK] RECONCILIACIÓN: BROCCOLIUSDT_LINEAL: interno L:0.000000/S:0.000000 -> real L:2781.000000/S:0.000000
[2026-08-31 08:38:30] [TUSK] RECONCILIACIÓN_FANTASMA: NILUSDT_LINEAL existe interno pero no en exchange -> reseteando
[2026-08-31 08:38:30] [TUSK] RECONCILIACIÓN_FANTASMA: QNTXUSDT_LINEAL existe interno pero no en exchange -> reseteando
[2026-08-31 08:38:30] [TUSK] RECONCILIACIÓN_OK: 4 frentes alineados con exchange
[RANGO] COTIUSDT_LINEAL last=0.013073 · río=WS · mercado=linear · estado=ACECHANDO · dir=— · 0=0.013086 · Oz=— · Red=— · manos=ON · pos=flat · latido=1.50s
[RANGO] autosello COTI · ACECHANDO · Oz=0.0 link=— · manos_feria_informe.json
[RANGO] COTIUSDT_LINEAL last=0.013069 · río=WS · mercado=linear · estado=ACECHANDO · dir=— · 0=0.013086 · Oz=— · Red=— · manos=ON · pos=flat · latido=1.50s
[RANGO] autosello COTI · ACECHANDO · Oz=0.0 link=— · manos_feria_informe.json
[RANGO] COTIUSDT_LINEAL last=0.01307 · río=WS · mercado=linear · estado=ACECHANDO · dir=— · 0=0.013086 · Oz=— · Red=— · manos=ON · pos=flat · latido=1.50s
[RANGO] COTIUSDT_LINEAL last=0.013069 · río=WS · mercado=linear · estado=ACECHANDO · dir=— · 0=0.013086 · Oz=— · Red=— · manos=ON · pos=flat · latido=1.50s
[RANGO] autosello COTI · ACECHANDO · Oz=0.0 link=— · manos_feria_informe.json
[RANGO] COTIUSDT_LINEAL last=0.013075 · río=WS · mercado=linear · estado=ACECHANDO · dir=— · 0=0.013086 · Oz=— · Red=— · manos=ON · pos=flat · latido=1.50s
[RANGO] autosello COTI · ACECHANDO · Oz=0.0 link=— · manos_feria_informe.json
[RANGO] COTIUSDT_LINEAL last=0.013074 · río=WS · mercado=linear · estado=ACECHANDO · dir=— · 0=0.013086 · Oz=— · Red=— · manos=ON · pos=flat · latido=1.50s
[2026-08-31 08:39:31] [TUSK] RECONCILIACIÓN: DASHUSDT_LINEAL: interno L:0.000000/S:0.000000 -> real L:0.000000/S:0.220000
[2026-08-31 08:39:31] [TUSK] RECONCILIACIÓN_FANTASMA: CRCLUSDT_LINEAL existe interno pero no en exchange -> reseteando
[2026-08-31 08:39:31] [TUSK] RECONCILIACIÓN_OK: 2 frentes alineados con exchange
[RANGO] COTIUSDT_LINEAL last=0.013076 · río=ciego/muleta · mercado=linear · estado=ACECHANDO · dir=— · 0=0.013086 · Oz=— · Red=— · manos=ON · pos=flat · latido=1.50s
[RANGO] autosello COTI · ACECHANDO · Oz=0.0 link=— · manos_feria_informe.json
[RANGO] COTIUSDT_LINEAL last=0.013076 · río=ciego/muleta · mercado=linear · estado=ACECHANDO · dir=— · 0=0.013086 · Oz=— · Red=— · manos=ON · pos=flat · latido=1.50s
[RANGO] autosello COTI · ACECHANDO · Oz=0.0 link=— · manos_feria_informe.json
[RANGO] COTIUSDT_LINEAL last=0.013073 · río=WS · mercado=linear · estado=ACECHANDO · dir=— · 0=0.013086 · Oz=— · Red=— · manos=ON · pos=flat · latido=1.50s
[RANGO] COTIUSDT_LINEAL last=0.013074 · río=WS · mercado=linear · estado=ACECHANDO · dir=— · 0=0.013086 · Oz=— · Red=— · manos=ON · pos=flat · latido=1.50s
[RANGO] autosello COTI · ACECHANDO · Oz=0.0 link=— · manos_feria_informe.json
[RANGO] COTIUSDT_LINEAL last=0.013078 · río=WS · mercado=linear · estado=ACECHANDO · dir=— · 0=0.013086 · Oz=— · Red=— · manos=ON · pos=flat · latido=1.50s
[RANGO] autosello COTI · ACECHANDO · Oz=0.0 link=— · manos_feria_informe.json
[RANGO] COTIUSDT_LINEAL last=0.013086 · río=WS · mercado=linear · estado=ACECHANDO · dir=— · 0=0.013086 · Oz=— · Red=— · manos=ON · pos=flat · latido=1.50s
[2026-08-31 08:40:32] [TUSK] RECONCILIACIÓN: POWERUSDT_LINEAL: interno L:6.000000/S:0.000000 -> real L:0.000000/S:54.000000
[2026-08-31 08:40:32] [TUSK] RECONCILIACIÓN_OK: 1 frentes alineados con exchange
[RANGO] COTIUSDT_LINEAL last=0.013085 · río=WS · mercado=linear · estado=ACECHANDO · dir=— · 0=0.013086 · Oz=— · Red=— · manos=ON · pos=flat · latido=1.50s
[RANGO] autosello COTI · ACECHANDO · Oz=0.0 link=— · manos_feria_informe.json
[RANGO] COTIUSDT_LINEAL last=0.013087 · río=WS · mercado=linear · estado=ACECHANDO · dir=— · 0=0.013086 · Oz=— · Red=— · manos=ON · pos=flat · latido=1.50s
[RANGO] autosello COTI · ACECHANDO · Oz=0.0 link=— · manos_feria_informe.json
[RANGO] COTIUSDT_LINEAL last=0.013088 · río=ciego/muleta · mercado=linear · estado=ACECHANDO · dir=— · 0=0.013086 · Oz=— · Red=— · manos=ON · pos=flat · latido=1.50s
[RANGO] COTIUSDT_LINEAL last=0.013087 · río=WS · mercado=linear · estado=ACECHANDO · dir=— · 0=0.013086 · Oz=— · Red=— · manos=ON · pos=flat · latido=1.50s
[RANGO] autosello COTI · ACECHANDO · Oz=0.0 link=— · manos_feria_informe.json
[RANGO] COTIUSDT_LINEAL last=0.0131 · río=WS · mercado=linear · estado=ACECHANDO · dir=— · 0=0.013086 · Oz=— · Red=— · manos=ON · pos=flat · latido=1.50s
[RANGO] autosello COTI · ACECHANDO · Oz=0.0 link=— · manos_feria_informe.json
[RANGO] COTIUSDT_LINEAL last=0.013108 · río=WS · mercado=linear · estado=ACECHANDO · dir=— · 0=0.013086 · Oz=— · Red=— · manos=ON · pos=flat · latido=1.50s
[2026-08-31 08:41:33] [TUSK] RECONCILIACIÓN: SNXXUSDT_LINEAL: interno L:6.830000/S:0.000000 -> real L:6.460000/S:0.000000
[2026-08-31 08:41:33] [TUSK] RECONCILIACIÓN_OK: 1 frentes alineados con exchange
[RANGO] COTIUSDT_LINEAL last=0.013132 · río=WS · mercado=linear · estado=ACECHANDO · dir=— · 0=0.013086 · Oz=— · Red=— · manos=ON · pos=flat · latido=1.50s
[RANGO] autosello COTI · ACECHANDO · Oz=0.0 link=— · manos_feria_informe.json
[RANGO] COTIUSDT_LINEAL last=0.013138 · río=WS · mercado=linear · estado=ACECHANDO · dir=— · 0=0.013086 · Oz=— · Red=— · manos=ON · pos=flat · latido=1.50s
[RANGO] autosello COTI · ACECHANDO · Oz=0.0 link=— · manos_feria_informe.json
[RANGO] COTIUSDT_LINEAL last=0.013136 · río=WS · mercado=linear · estado=ACECHANDO · dir=— · 0=0.013086 · Oz=— · Red=— · manos=ON · pos=flat · latido=1.50s
[RANGO] COTIUSDT_LINEAL last=0.013141 · río=WS · mercado=linear · estado=ACECHANDO · dir=— · 0=0.013086 · Oz=— · Red=— · manos=ON · pos=flat · latido=1.50s
[RANGO] autosello COTI · ACECHANDO · Oz=0.0 link=— · manos_feria_informe.json
[RANGO] COTIUSDT_LINEAL last=0.013139 · río=WS · mercado=linear · estado=ACECHANDO · dir=— · 0=0.013086 · Oz=— · Red=— · manos=ON · pos=flat · latido=1.50s
[RANGO] autosello COTI · ACECHANDO · Oz=0.0 link=— · manos_feria_informe.json
[RANGO] COTIUSDT_LINEAL last=0.01313 · río=WS · mercado=linear · estado=ACECHANDO · dir=— · 0=0.013086 · Oz=— · Red=— · manos=ON · pos=flat · latido=1.50s
[2026-08-31 08:42:35] [TUSK] RECONCILIACIÓN: MORPHOUSDT_LINEAL: interno L:0.000000/S:0.000000 -> real L:27.000000/S:0.000000
[2026-08-31 08:42:35] [TUSK] RECONCILIACIÓN_FANTASMA: BSPUSDT_LINEAL existe interno pero no en exchange -> reseteando
[2026-08-31 08:42:35] [TUSK] RECONCILIACIÓN_OK: 2 frentes alineados con exchange
[RANGO] COTIUSDT_LINEAL last=0.01313 · río=WS · mercado=linear · estado=ACECHANDO · dir=— · 0=0.013086 · Oz=— · Red=— · manos=ON · pos=flat · latido=1.50s
[RANGO] autosello COTI · ACECHANDO · Oz=0.0 link=— · manos_feria_informe.json
[RANGO] COTIUSDT_LINEAL last=0.013129 · río=WS · mercado=linear · estado=ACECHANDO · dir=— · 0=0.013086 · Oz=— · Red=— · manos=ON · pos=flat · latido=1.50s
[RANGO] autosello COTI · ACECHANDO · Oz=0.0 link=— · manos_feria_informe.json
[RANGO] COTIUSDT_LINEAL last=0.013129 · río=WS · mercado=linear · estado=ACECHANDO · dir=— · 0=0.013086 · Oz=— · Red=— · manos=ON · pos=flat · latido=1.50s
[RANGO] COTIUSDT_LINEAL last=0.013136 · río=WS · mercado=linear · estado=ACECHANDO · dir=— · 0=0.013086 · Oz=— · Red=— · manos=ON · pos=flat · latido=1.50s
[RANGO] autosello COTI · ACECHANDO · Oz=0.0 link=— · manos_feria_informe.json
[RANGO] COTIUSDT_LINEAL last=0.013144 · río=WS · mercado=linear · estado=ACECHANDO · dir=— · 0=0.013086 · Oz=— · Red=— · manos=ON · pos=flat · latido=1.50s
[RANGO] autosello COTI · ACECHANDO · Oz=0.0 link=— · manos_feria_informe.json
[RANGO] COTIUSDT_LINEAL last=0.013138 · río=WS · mercado=linear · estado=ACECHANDO · dir=— · 0=0.013086 · Oz=— · Red=— · manos=ON · pos=flat · latido=1.50s
[2026-08-31 08:43:36] [TUSK] RECONCILIACIÓN: UNIUSDT_LINEAL: interno L:0.000000/S:0.000000 -> real L:0.900000/S:0.000000
[2026-08-31 08:43:36] [TUSK] RECONCILIACIÓN: TRBUSDT_LINEAL: interno L:0.000000/S:0.000000 -> real L:5.240000/S:0.000000
[2026-08-31 08:43:36] [TUSK] RECONCILIACIÓN_FANTASMA: SAMSUNGUSDT_LINEAL existe interno pero no en exchange -> reseteando
[2026-08-31 08:43:36] [TUSK] RECONCILIACIÓN_FANTASMA: AAOIUSDT_LINEAL existe interno pero no en exchange -> reseteando
[2026-08-31 08:43:36] [TUSK] RECONCILIACIÓN_OK: 4 frentes alineados con exchange
[RANGO] COTIUSDT_LINEAL last=0.013141 · río=WS · mercado=linear · estado=ACECHANDO · dir=— · 0=0.013086 · Oz=— · Red=— · manos=ON · pos=flat · latido=1.50s
[RANGO] autosello COTI · ACECHANDO · Oz=0.0 link=— · manos_feria_informe.json
[RANGO] COTIUSDT_LINEAL last=0.013148 · río=WS · mercado=linear · estado=ACECHANDO · dir=— · 0=0.013086 · Oz=— · Red=— · manos=ON · pos=flat · latido=1.50s
[RANGO] autosello COTI · ACECHANDO · Oz=0.0 link=— · manos_feria_informe.json
[RANGO] COTIUSDT_LINEAL last=0.013139 · río=WS · mercado=linear · estado=ACECHANDO · dir=— · 0=0.013086 · Oz=— · Red=— · manos=ON · pos=flat · latido=1.50s
[RANGO] COTIUSDT_LINEAL last=0.013146 · río=WS · mercado=linear · estado=ACECHANDO · dir=— · 0=0.013086 · Oz=— · Red=— · manos=ON · pos=flat · latido=1.50s
[RANGO] autosello COTI · ACECHANDO · Oz=0.0 link=— · manos_feria_informe.json
[RANGO] COTIUSDT_LINEAL last=0.013139 · río=WS · mercado=linear · estado=ACECHANDO · dir=— · 0=0.013086 · Oz=— · Red=— · manos=ON · pos=flat · latido=1.50s
[RANGO] autosello COTI · ACECHANDO · Oz=0.0 link=— · manos_feria_informe.json
[RANGO] COTIUSDT_LINEAL last=0.013139 · río=WS · mercado=linear · estado=ACECHANDO · dir=— · 0=0.013086 · Oz=— · Red=— · manos=ON · pos=flat · latido=1.50s
[2026-08-31 08:44:37] [TUSK] RECONCILIACIÓN: CRCLUSDT_LINEAL: interno L:0.000000/S:0.000000 -> real L:0.410000/S:0.000000
[2026-08-31 08:44:37] [TUSK] RECONCILIACIÓN: PURRUSDT_LINEAL: interno L:0.000000/S:0.000000 -> real L:4.800000/S:0.000000
[2026-08-31 08:44:37] [TUSK] RECONCILIACIÓN_FANTASMA: KSMUSDT_LINEAL existe interno pero no en exchange -> reseteando
[2026-08-31 08:44:37] [TUSK] RECONCILIACIÓN_FANTASMA: AEHRUSDT_LINEAL existe interno pero no en exchange -> reseteando
[2026-08-31 08:44:37] [TUSK] RECONCILIACIÓN_OK: 4 frentes alineados con exchange
[RANGO] COTIUSDT_LINEAL last=0.013136 · río=WS · mercado=linear · estado=ACECHANDO · dir=— · 0=0.013086 · Oz=— · Red=— · manos=ON · pos=flat · latido=1.50s
[RANGO] autosello COTI · ACECHANDO · Oz=0.0 link=— · manos_feria_informe.json
[RANGO] COTIUSDT_LINEAL last=0.013135 · río=WS · mercado=linear · estado=ACECHANDO · dir=— · 0=0.013086 · Oz=— · Red=— · manos=ON · pos=flat · latido=1.50s
[RANGO] autosello COTI · ACECHANDO · Oz=0.0 link=— · manos_feria_informe.json
[RANGO] COTIUSDT_LINEAL last=0.013137 · río=WS · mercado=linear · estado=ACECHANDO · dir=— · 0=0.013086 · Oz=— · Red=— · manos=ON · pos=flat · latido=1.50s
[RANGO] COTIUSDT_LINEAL last=0.013138 · río=WS · mercado=linear · estado=ACECHANDO · dir=— · 0=0.013086 · Oz=— · Red=— · manos=ON · pos=flat · latido=1.50s
[RANGO] autosello COTI · ACECHANDO · Oz=0.0 link=— · manos_feria_informe.json
[RANGO] COTIUSDT_LINEAL last=0.013138 · río=WS · mercado=linear · estado=ACECHANDO · dir=— · 0=0.013086 · Oz=— · Red=— · manos=ON · pos=flat · latido=1.50s
[RANGO] autosello COTI · ACECHANDO · Oz=0.0 link=— · manos_feria_informe.json
[RANGO] COTIUSDT_LINEAL last=0.013128 · río=WS · mercado=linear · estado=ACECHANDO · dir=— · 0=0.013086 · Oz=— · Red=— · manos=ON · pos=flat · latido=1.50s
[RANGO] COTIUSDT_LINEAL last=0.013129 · río=WS · mercado=linear · estado=ACECHANDO · dir=— · 0=0.013086 · Oz=— · Red=— · manos=ON · pos=flat · latido=1.50s
[RANGO] autosello COTI · ACECHANDO · Oz=0.0 link=— · manos_feria_informe.json
[RANGO] COTIUSDT_LINEAL last=0.013129 · río=WS · mercado=linear · estado=ACECHANDO · dir=— · 0=0.013086 · Oz=— · Red=— · manos=ON · pos=flat · latido=1.50s
[RANGO] autosello COTI · ACECHANDO · Oz=0.0 link=— · manos_feria_informe.json
[RANGO] COTIUSDT_LINEAL last=0.013131 · río=WS · mercado=linear · estado=ACECHANDO · dir=— · 0=0.013086 · Oz=— · Red=— · manos=ON · pos=flat · latido=1.50s
[RANGO] COTIUSDT_LINEAL last=0.013137 · río=WS · mercado=linear · estado=ACECHANDO · dir=— · 0=0.013086 · Oz=— · Red=— · manos=ON · pos=flat · latido=1.50s
[RANGO] autosello COTI · ACECHANDO · Oz=0.0 link=— · manos_feria_informe.json
[RANGO] COTIUSDT_LINEAL last=0.013138 · río=WS · mercado=linear · estado=ACECHANDO · dir=— · 0=0.013086 · Oz=— · Red=— · manos=ON · pos=flat · latido=1.50s
[RANGO] autosello COTI · ACECHANDO · Oz=0.0 link=— · manos_feria_informe.json
[RANGO] COTIUSDT_LINEAL last=0.013135 · río=WS · mercado=linear · estado=ACECHANDO · dir=— · 0=0.013086 · Oz=— · Red=— · manos=ON · pos=flat · latido=1.50s
[RANGO] COTIUSDT_LINEAL last=0.013128 · río=WS · mercado=linear · estado=ACECHANDO · dir=— · 0=0.013086 · Oz=— · Red=— · manos=ON · pos=flat · latido=1.50s
[2026-08-31 08:46:40] [TUSK] RECONCILIACIÓN: POWERUSDT_LINEAL: interno L:0.000000/S:54.000000 -> real L:0.000000/S:114.000000
[2026-08-31 08:46:40] [TUSK] RECONCILIACIÓN: KSMUSDT_LINEAL: interno L:0.000000/S:0.000000 -> real L:13.470000/S:0.000000
[2026-08-31 08:46:40] [TUSK] RECONCILIACIÓN: BIOUSDT_LINEAL: interno L:0.000000/S:0.000000 -> real L:1016.000000/S:0.000000
[2026-08-31 08:46:40] [TUSK] RECONCILIACIÓN_FANTASMA: AXTIUSDT_LINEAL existe interno pero no en exchange -> reseteando
[2026-08-31 08:46:40] [TUSK] RECONCILIACIÓN_FANTASMA: ZKPUSDT_LINEAL existe interno pero no en exchange -> reseteando
[2026-08-31 08:46:40] [TUSK] RECONCILIACIÓN_OK: 5 frentes alineados con exchange
[RANGO] autosello COTI · ACECHANDO · Oz=0.0 link=— · manos_feria_informe.json
[RANGO] COTIUSDT_LINEAL last=0.013122 · río=WS · mercado=linear · estado=ACECHANDO · dir=— · 0=0.013086 · Oz=— · Red=— · manos=ON · pos=flat · latido=1.50s
[RANGO] autosello COTI · ACECHANDO · Oz=0.0 link=— · manos_feria_informe.json
[RANGO] COTIUSDT_LINEAL last=0.013124 · río=WS · mercado=linear · estado=ACECHANDO · dir=— · 0=0.013086 · Oz=— · Red=— · manos=ON · pos=flat · latido=1.50s
[RANGO] COTIUSDT_LINEAL last=0.013127 · río=WS · mercado=linear · estado=ACECHANDO · dir=— · 0=0.013086 · Oz=— · Red=— · manos=ON · pos=flat · latido=1.50s
[RANGO] autosello COTI · ACECHANDO · Oz=0.0 link=— · manos_feria_informe.json
[RANGO] COTIUSDT_LINEAL last=0.01313 · río=WS · mercado=linear · estado=ACECHANDO · dir=— · 0=0.013086 · Oz=— · Red=— · manos=ON · pos=flat · latido=1.50s
[RANGO] autosello COTI · ACECHANDO · Oz=0.0 link=— · manos_feria_informe.json
[RANGO] COTIUSDT_LINEAL last=0.013151 · río=WS · mercado=linear · estado=ACECHANDO · dir=— · 0=0.013086 · Oz=— · Red=— · manos=ON · pos=flat · latido=1.50s
[RANGO] COTIUSDT_LINEAL last=0.013155 · río=WS · mercado=linear · estado=ACECHANDO · dir=— · 0=0.013086 · Oz=— · Red=— · manos=ON · pos=flat · latido=1.50s
[2026-08-31 08:47:41] [TUSK] RECONCILIACIÓN: SAMSUNGUSDT_LINEAL: interno L:0.000000/S:0.000000 -> real L:0.000000/S:0.110000
[2026-08-31 08:47:41] [TUSK] RECONCILIACIÓN_FANTASMA: WDCUSDT_LINEAL existe interno pero no en exchange -> reseteando
[2026-08-31 08:47:41] [TUSK] RECONCILIACIÓN_OK: 2 frentes alineados con exchange
[RANGO] autosello COTI · ACECHANDO · Oz=0.0 link=— · manos_feria_informe.json
[RANGO] COTIUSDT_LINEAL last=0.013156 · río=WS · mercado=linear · estado=ACECHANDO · dir=— · 0=0.013086 · Oz=— · Red=— · manos=ON · pos=flat · latido=1.50s
[RANGO] autosello COTI · ACECHANDO · Oz=0.0 link=— · manos_feria_informe.json
[RANGO] COTIUSDT_LINEAL last=0.013156 · río=WS · mercado=linear · estado=ACECHANDO · dir=— · 0=0.013086 · Oz=— · Red=— · manos=ON · pos=flat · latido=1.50s
[RANGO] COTIUSDT_LINEAL last=0.013151 · río=WS · mercado=linear · estado=ACECHANDO · dir=— · 0=0.013086 · Oz=— · Red=— · manos=ON · pos=flat · latido=1.50s
[RANGO] autosello COTI · ACECHANDO · Oz=0.0 link=— · manos_feria_informe.json
[RANGO] COTIUSDT_LINEAL last=0.013154 · río=WS · mercado=linear · estado=ACECHANDO · dir=— · 0=0.013086 · Oz=— · Red=— · manos=ON · pos=flat · latido=1.50s
[RANGO] autosello COTI · ACECHANDO · Oz=0.0 link=— · manos_feria_informe.json
[RANGO] COTIUSDT_LINEAL last=0.013158 · río=WS · mercado=linear · estado=ACECHANDO · dir=— · 0=0.013086 · Oz=— · Red=— · manos=ON · pos=flat · latido=1.50s
[RANGO] COTIUSDT_LINEAL last=0.013159 · río=WS · mercado=linear · estado=ACECHANDO · dir=— · 0=0.013086 · Oz=— · Red=— · manos=ON · pos=flat · latido=1.50s
[RANGO] autosello COTI · ACECHANDO · Oz=0.0 link=— · manos_feria_informe.json
[2026-08-31 08:48:42] [TUSK] RECONCILIACIÓN: CRDOUSDT_LINEAL: interno L:0.000000/S:0.000000 -> real L:0.140000/S:0.000000
[2026-08-31 08:48:42] [TUSK] RECONCILIACIÓN: ZKPUSDT_LINEAL: interno L:0.000000/S:0.000000 -> real L:1388.000000/S:0.000000
[2026-08-31 08:48:42] [TUSK] RECONCILIACIÓN_FANTASMA: TSLLUSDT_LINEAL existe interno pero no en exchange -> reseteando
[2026-08-31 08:48:42] [TUSK] RECONCILIACIÓN_FANTASMA: ZBCNUSDT_LINEAL existe interno pero no en exchange -> reseteando
[2026-08-31 08:48:42] [TUSK] RECONCILIACIÓN_OK: 4 frentes alineados con exchange
[RANGO] COTIUSDT_LINEAL last=0.013159 · río=WS · mercado=linear · estado=ACECHANDO · dir=— · 0=0.013086 · Oz=— · Red=— · manos=ON · pos=flat · latido=1.50s
[RANGO] autosello COTI · ACECHANDO · Oz=0.0 link=— · manos_feria_informe.json
[RANGO] COTIUSDT_LINEAL last=0.013139 · río=WS · mercado=linear · estado=ACECHANDO · dir=— · 0=0.013086 · Oz=— · Red=— · manos=ON · pos=flat · latido=1.50s
[RANGO] COTIUSDT_LINEAL last=0.013136 · río=WS · mercado=linear · estado=ACECHANDO · dir=— · 0=0.013086 · Oz=— · Red=— · manos=ON · pos=flat · latido=1.50s
[RANGO] autosello COTI · ACECHANDO · Oz=0.0 link=— · manos_feria_informe.json
[RANGO] COTIUSDT_LINEAL last=0.013131 · río=WS · mercado=linear · estado=ACECHANDO · dir=— · 0=0.013086 · Oz=— · Red=— · manos=ON · pos=flat · latido=1.50s
[RANGO] autosello COTI · ACECHANDO · Oz=0.0 link=— · manos_feria_informe.json
[RANGO] COTIUSDT_LINEAL last=0.01313 · río=WS · mercado=linear · estado=ACECHANDO · dir=— · 0=0.013086 · Oz=— · Red=— · manos=ON · pos=flat · latido=1.50s
[RANGO] COTIUSDT_LINEAL last=0.01314 · río=WS · mercado=linear · estado=ACECHANDO · dir=— · 0=0.013086 · Oz=— · Red=— · manos=ON · pos=flat · latido=1.50s
[RANGO] autosello COTI · ACECHANDO · Oz=0.0 link=— · manos_feria_informe.json
[2026-08-31 08:49:43] [TUSK] RECONCILIACIÓN: BSPUSDT_LINEAL: interno L:0.000000/S:0.000000 -> real L:0.440000/S:0.000000
[2026-08-31 08:49:43] [TUSK] RECONCILIACIÓN: TSEMUSDT_LINEAL: interno L:0.000000/S:0.000000 -> real L:0.090000/S:0.000000
[2026-08-31 08:49:43] [TUSK] RECONCILIACIÓN_FANTASMA: MSTRUSDT_LINEAL existe interno pero no en exchange -> reseteando
[2026-08-31 08:49:43] [TUSK] RECONCILIACIÓN_FANTASMA: BROCCOLIUSDT_LINEAL existe interno pero no en exchange -> reseteando
[2026-08-31 08:49:43] [TUSK] RECONCILIACIÓN_OK: 4 frentes alineados con exchange
[RANGO] COTIUSDT_LINEAL last=0.013137 · río=WS · mercado=linear · estado=ACECHANDO · dir=— · 0=0.013086 · Oz=— · Red=— · manos=ON · pos=flat · latido=1.50s
[RANGO] autosello COTI · ACECHANDO · Oz=0.0 link=— · manos_feria_informe.json
[RANGO] COTIUSDT_LINEAL last=0.013138 · río=WS · mercado=linear · estado=ACECHANDO · dir=— · 0=0.013086 · Oz=— · Red=— · manos=ON · pos=flat · latido=1.50s
[RANGO] COTIUSDT_LINEAL last=0.013142 · río=WS · mercado=linear · estado=ACECHANDO · dir=— · 0=0.013086 · Oz=— · Red=— · manos=ON · pos=flat · latido=1.50s
[RANGO] autosello COTI · ACECHANDO · Oz=0.0 link=— · manos_feria_informe.json
[RANGO] COTIUSDT_LINEAL last=0.013137 · río=WS · mercado=linear · estado=ACECHANDO · dir=— · 0=0.013086 · Oz=— · Red=— · manos=ON · pos=flat · latido=1.50s
[RANGO] autosello COTI · ACECHANDO · Oz=0.0 link=— · manos_feria_informe.json
[RANGO] COTIUSDT_LINEAL last=0.013144 · río=WS · mercado=linear · estado=ACECHANDO · dir=— · 0=0.013086 · Oz=— · Red=— · manos=ON · pos=flat · latido=1.50s
[RANGO] COTIUSDT_LINEAL last=0.013144 · río=WS · mercado=linear · estado=ACECHANDO · dir=— · 0=0.013086 · Oz=— · Red=— · manos=ON · pos=flat · latido=1.50s
[RANGO] autosello COTI · ACECHANDO · Oz=0.0 link=— · manos_feria_informe.json
[2026-08-31 08:50:45] [TUSK] RECONCILIACIÓN: ADAUSD_INVERSE: interno L:0.000000/S:0.000000 -> real L:207.000000/S:0.000000
[2026-08-31 08:50:45] [TUSK] RECONCILIACIÓN_FANTASMA: BTCUSD_INVERSE existe interno pero no en exchange -> reseteando
[2026-08-31 08:50:45] [TUSK] RECONCILIACIÓN_OK: 2 frentes alineados con exchange
[RANGO] COTIUSDT_LINEAL last=0.013143 · río=WS · mercado=linear · estado=ACECHANDO · dir=— · 0=0.013086 · Oz=— · Red=— · manos=ON · pos=flat · latido=1.50s
[RANGO] autosello COTI · ACECHANDO · Oz=0.0 link=— · manos_feria_informe.json
[RANGO] COTIUSDT_LINEAL last=0.013157 · río=WS · mercado=linear · estado=ACECHANDO · dir=— · 0=0.013086 · Oz=— · Red=— · manos=ON · pos=flat · latido=1.50s
[RANGO] COTIUSDT_LINEAL last=0.013154 · río=WS · mercado=linear · estado=ACECHANDO · dir=— · 0=0.013086 · Oz=— · Red=— · manos=ON · pos=flat · latido=1.50s
[RANGO] autosello COTI · ACECHANDO · Oz=0.0 link=— · manos_feria_informe.json
[RANGO] COTIUSDT_LINEAL last=0.013161 · río=WS · mercado=linear · estado=ACECHANDO · dir=— · 0=0.013086 · Oz=— · Red=— · manos=ON · pos=flat · latido=1.50s
[RANGO] autosello COTI · ACECHANDO · Oz=0.0 link=— · manos_feria_informe.json
[RANGO] COTIUSDT_LINEAL last=0.013159 · río=WS · mercado=linear · estado=ACECHANDO · dir=— · 0=0.013086 · Oz=— · Red=— · manos=ON · pos=flat · latido=1.50s
[RANGO] COTIUSDT_LINEAL last=0.013168 · río=WS · mercado=linear · estado=ACECHANDO · dir=— · 0=0.013086 · Oz=— · Red=— · manos=ON · pos=flat · latido=1.50s
[RANGO] autosello COTI · ACECHANDO · Oz=0.0 link=— · manos_feria_informe.json
[2026-08-31 08:51:46] [TUSK] RECONCILIACIÓN: FLNCUSDT_LINEAL: interno L:0.000000/S:0.000000 -> real L:3.300000/S:0.000000
[2026-08-31 08:51:46] [TUSK] RECONCILIACIÓN: UNIUSDT_LINEAL: interno L:0.900000/S:0.000000 -> real L:0.000000/S:0.100000
[2026-08-31 08:51:46] [TUSK] RECONCILIACIÓN_FANTASMA: DASHUSDT_LINEAL existe interno pero no en exchange -> reseteando
[2026-08-31 08:51:46] [TUSK] RECONCILIACIÓN_OK: 3 frentes alineados con exchange
[RANGO] COTIUSDT_LINEAL last=0.013173 · río=WS · mercado=linear · estado=ACECHANDO · dir=— · 0=0.013086 · Oz=— · Red=— · manos=ON · pos=flat · latido=1.50s
[RANGO] autosello COTI · ACECHANDO · Oz=0.0 link=— · manos_feria_informe.json
[RANGO] COTIUSDT_LINEAL last=0.013198 · río=WS · mercado=linear · estado=ACECHANDO · dir=— · 0=0.013086 · Oz=— · Red=— · manos=ON · pos=flat · latido=1.50s
[RANGO] COTIUSDT_LINEAL last=0.013215 · río=WS · mercado=linear · estado=ACECHANDO · dir=— · 0=0.013086 · Oz=— · Red=— · manos=ON · pos=flat · latido=1.50s
[RANGO] autosello COTI · ACECHANDO · Oz=0.0 link=— · manos_feria_informe.json
[RANGO] COTIUSDT_LINEAL last=0.013215 · río=WS · mercado=linear · estado=ACECHANDO · dir=— · 0=0.013086 · Oz=— · Red=— · manos=ON · pos=flat · latido=1.50s
[RANGO] autosello COTI · ACECHANDO · Oz=0.0 link=— · manos_feria_informe.json
[RANGO] COTIUSDT_LINEAL last=0.013219 · río=WS · mercado=linear · estado=ACECHANDO · dir=— · 0=0.013086 · Oz=— · Red=— · manos=ON · pos=flat · latido=1.50s
[RANGO] COTIUSDT_LINEAL last=0.0132 · río=WS · mercado=linear · estado=ACECHANDO · dir=— · 0=0.013086 · Oz=— · Red=— · manos=ON · pos=flat · latido=1.50s
[RANGO] autosello COTI · ACECHANDO · Oz=0.0 link=— · manos_feria_informe.json
[2026-08-31 08:52:47] [TUSK] RECONCILIACIÓN: CRVUSDT_LINEAL: interno L:0.000000/S:0.000000 -> real L:4.800000/S:0.000000
[2026-08-31 08:52:47] [TUSK] RECONCILIACIÓN: NILUSDT_LINEAL: interno L:0.000000/S:0.000000 -> real L:220.000000/S:0.000000
[2026-08-31 08:52:47] [TUSK] RECONCILIACIÓN: AAVEUSD_INVERSE: interno L:178.000000/S:0.000000 -> real L:89.000000/S:0.000000
[2026-08-31 08:52:47] [TUSK] RECONCILIACIÓN_FANTASMA: SNXXUSDT_LINEAL existe interno pero no en exchange -> reseteando
[2026-08-31 08:52:48] [TUSK] RECONCILIACIÓN_FANTASMA: VVVUSDT_LINEAL existe interno pero no en exchange -> reseteando
[2026-08-31 08:52:48] [TUSK] RECONCILIACIÓN_OK: 5 frentes alineados con exchange
[RANGO] COTIUSDT_LINEAL last=0.013202 · río=WS · mercado=linear · estado=ACECHANDO · dir=— · 0=0.013086 · Oz=— · Red=— · manos=ON · pos=flat · latido=1.50s
[RANGO] autosello COTI · ACECHANDO · Oz=0.0 link=— · manos_feria_informe.json
[RANGO] COTIUSDT_LINEAL last=0.013197 · río=WS · mercado=linear · estado=ACECHANDO · dir=— · 0=0.013086 · Oz=— · Red=— · manos=ON · pos=flat · latido=1.50s
[RANGO] COTIUSDT_LINEAL last=0.013189 · río=WS · mercado=linear · estado=ACECHANDO · dir=— · 0=0.013086 · Oz=— · Red=— · manos=ON · pos=flat · latido=1.50s
[RANGO] autosello COTI · ACECHANDO · Oz=0.0 link=— · manos_feria_informe.json
[RANGO] COTIUSDT_LINEAL last=0.01319 · río=WS · mercado=linear · estado=ACECHANDO · dir=— · 0=0.013086 · Oz=— · Red=— · manos=ON · pos=flat · latido=1.50s
[RANGO] autosello COTI · ACECHANDO · Oz=0.0 link=— · manos_feria_informe.json
[RANGO] COTIUSDT_LINEAL last=0.013186 · río=WS · mercado=linear · estado=ACECHANDO · dir=— · 0=0.013086 · Oz=— · Red=— · manos=ON · pos=flat · latido=1.50s
[RANGO] COTIUSDT_LINEAL last=0.013183 · río=WS · mercado=linear · estado=ACECHANDO · dir=— · 0=0.013086 · Oz=— · Red=— · manos=ON · pos=flat · latido=1.50s
[RANGO] autosello COTI · ACECHANDO · Oz=0.0 link=— · manos_feria_informe.json
[2026-08-31 08:53:49] [TUSK] RECONCILIACIÓN: MORPHOUSDT_LINEAL: interno L:27.000000/S:0.000000 -> real L:25.000000/S:0.000000
[2026-08-31 08:53:49] [TUSK] RECONCILIACIÓN_OK: 1 frentes alineados con exchange
[RANGO] COTIUSDT_LINEAL last=0.013191 · río=WS · mercado=linear · estado=ACECHANDO · dir=— · 0=0.013086 · Oz=— · Red=— · manos=ON · pos=flat · latido=1.50s
[RANGO] autosello COTI · ACECHANDO · Oz=0.0 link=— · manos_feria_informe.json
[RANGO] COTIUSDT_LINEAL last=0.013191 · río=WS · mercado=linear · estado=ACECHANDO · dir=— · 0=0.013086 · Oz=— · Red=— · manos=ON · pos=flat · latido=1.50s
[RANGO] COTIUSDT_LINEAL last=0.013183 · río=WS · mercado=linear · estado=ACECHANDO · dir=— · 0=0.013086 · Oz=— · Red=— · manos=ON · pos=flat · latido=1.50s
[RANGO] autosello COTI · ACECHANDO · Oz=0.0 link=— · manos_feria_informe.json
[RANGO] COTIUSDT_LINEAL last=0.013182 · río=WS · mercado=linear · estado=ACECHANDO · dir=— · 0=0.013086 · Oz=— · Red=— · manos=ON · pos=flat · latido=1.50s
[RANGO] autosello COTI · ACECHANDO · Oz=0.0 link=— · manos_feria_informe.json
[RANGO] COTIUSDT_LINEAL last=0.013192 · río=WS · mercado=linear · estado=ACECHANDO · dir=— · 0=0.013086 · Oz=— · Red=— · manos=ON · pos=flat · latido=1.50s
[RANGO] COTIUSDT_LINEAL last=0.013179 · río=ciego/muleta · mercado=linear · estado=ACECHANDO · dir=— · 0=0.013086 · Oz=— · Red=— · manos=ON · pos=flat · latido=1.50s
[RANGO] autosello COTI · ACECHANDO · Oz=0.0 link=— · manos_feria_informe.json
[RANGO] COTIUSDT_LINEAL last=0.013187 · río=WS · mercado=linear · estado=ACECHANDO · dir=— · 0=0.013086 · Oz=— · Red=— · manos=ON · pos=flat · latido=1.50s
[RANGO] autosello COTI · ACECHANDO · Oz=0.0 link=— · manos_feria_informe.json
[RANGO] COTIUSDT_LINEAL last=0.013187 · río=WS · mercado=linear · estado=ACECHANDO · dir=— · 0=0.013086 · Oz=— · Red=— · manos=ON · pos=flat · latido=1.50s
[RANGO] COTIUSDT_LINEAL last=0.013181 · río=WS · mercado=linear · estado=ACECHANDO · dir=— · 0=0.013086 · Oz=— · Red=— · manos=ON · pos=flat · latido=1.50s
[RANGO] autosello COTI · ACECHANDO · Oz=0.0 link=— · manos_feria_informe.json
[RANGO] COTIUSDT_LINEAL last=0.013186 · río=WS · mercado=linear · estado=ACECHANDO · dir=— · 0=0.013086 · Oz=— · Red=— · manos=ON · pos=flat · latido=1.50s
[RANGO] autosello COTI · ACECHANDO · Oz=0.0 link=— · manos_feria_informe.json
[RANGO] COTIUSDT_LINEAL last=0.01318 · río=WS · mercado=linear · estado=ACECHANDO · dir=— · 0=0.013086 · Oz=— · Red=— · manos=ON · pos=flat · latido=1.50s
[RANGO] COTIUSDT_LINEAL last=0.013177 · río=WS · mercado=linear · estado=ACECHANDO · dir=— · 0=0.013086 · Oz=— · Red=— · manos=ON · pos=flat · latido=1.50s
[RANGO] autosello COTI · ACECHANDO · Oz=0.0 link=— · manos_feria_informe.json
[RANGO] COTIUSDT_LINEAL last=0.013178 · río=WS · mercado=linear · estado=ACECHANDO · dir=— · 0=0.013086 · Oz=— · Red=— · manos=ON · pos=flat · latido=1.50s
[2026-08-31 08:55:51] [TUSK] RECONCILIACIÓN: WDCUSDT_LINEAL: interno L:0.000000/S:0.000000 -> real L:0.020000/S:0.000000
[2026-08-31 08:55:51] [TUSK] RECONCILIACIÓN_FANTASMA: LITUSDT_LINEAL existe interno pero no en exchange -> reseteando
[2026-08-31 08:55:51] [TUSK] RECONCILIACIÓN_OK: 2 frentes alineados con exchange
[RANGO] autosello COTI · ACECHANDO · Oz=0.0 link=— · manos_feria_informe.json
[RANGO] COTIUSDT_LINEAL last=0.013183 · río=WS · mercado=linear · estado=ACECHANDO · dir=— · 0=0.013086 · Oz=— · Red=— · manos=ON · pos=flat · latido=1.50s
[RANGO] COTIUSDT_LINEAL last=0.013191 · río=WS · mercado=linear · estado=ACECHANDO · dir=— · 0=0.013086 · Oz=— · Red=— · manos=ON · pos=flat · latido=1.50s
[RANGO] autosello COTI · ACECHANDO · Oz=0.0 link=— · manos_feria_informe.json
[RANGO] COTIUSDT_LINEAL last=0.013189 · río=WS · mercado=linear · estado=ACECHANDO · dir=— · 0=0.013086 · Oz=— · Red=— · manos=ON · pos=flat · latido=1.50s
[RANGO] autosello COTI · ACECHANDO · Oz=0.0 link=— · manos_feria_informe.json
[RANGO] COTIUSDT_LINEAL last=0.013188 · río=WS · mercado=linear · estado=ACECHANDO · dir=— · 0=0.013086 · Oz=— · Red=— · manos=ON · pos=flat · latido=1.50s
[RANGO] COTIUSDT_LINEAL last=0.013178 · río=WS · mercado=linear · estado=ACECHANDO · dir=— · 0=0.013086 · Oz=— · Red=— · manos=ON · pos=flat · latido=1.50s
[RANGO] autosello COTI · ACECHANDO · Oz=0.0 link=— · manos_feria_informe.json
[RANGO] COTIUSDT_LINEAL last=0.013189 · río=WS · mercado=linear · estado=ACECHANDO · dir=— · 0=0.013086 · Oz=— · Red=— · manos=ON · pos=flat · latido=1.50s
[RANGO] autosello COTI · ACECHANDO · Oz=0.0 link=— · manos_feria_informe.json
[RANGO] COTIUSDT_LINEAL last=0.013194 · río=WS · mercado=linear · estado=ACECHANDO · dir=— · 0=0.013086 · Oz=— · Red=— · manos=ON · pos=flat · latido=1.50s
[RANGO] COTIUSDT_LINEAL last=0.013188 · río=ciego/muleta · mercado=linear · estado=ACECHANDO · dir=— · 0=0.013086 · Oz=— · Red=— · manos=ON · pos=flat · latido=1.50s
[RANGO] autosello COTI · ACECHANDO · Oz=0.0 link=— · manos_feria_informe.json
[RANGO] COTIUSDT_LINEAL last=0.013199 · río=WS · mercado=linear · estado=ACECHANDO · dir=— · 0=0.013086 · Oz=— · Red=— · manos=ON · pos=flat · latido=1.50s
[RANGO] autosello COTI · ACECHANDO · Oz=0.0 link=— · manos_feria_informe.json
[RANGO] COTIUSDT_LINEAL last=0.013181 · río=WS · mercado=linear · estado=ACECHANDO · dir=— · 0=0.013086 · Oz=— · Red=— · manos=ON · pos=flat · latido=1.50s
[RANGO] COTIUSDT_LINEAL last=0.013201 · río=WS · mercado=linear · estado=ACECHANDO · dir=— · 0=0.013086 · Oz=— · Red=— · manos=ON · pos=flat · latido=1.50s
[RANGO] autosello COTI · ACECHANDO · Oz=0.0 link=— · manos_feria_informe.json
[RANGO] COTIUSDT_LINEAL last=0.013219 · río=WS · mercado=linear · estado=ACECHANDO · dir=— · 0=0.013086 · Oz=— · Red=— · manos=ON · pos=flat · latido=1.50s
[2026-08-31 08:57:53] [TUSK] RECONCILIACIÓN: NEARUSDT_LINEAL: interno L:0.000000/S:0.000000 -> real L:0.000000/S:24.600000
[2026-08-31 08:57:53] [TUSK] RECONCILIACIÓN_FANTASMA: TRBUSDT_LINEAL existe interno pero no en exchange -> reseteando
[2026-08-31 08:57:53] [TUSK] RECONCILIACIÓN_OK: 2 frentes alineados con exchange
[RANGO] autosello COTI · ACECHANDO · Oz=0.0 link=— · manos_feria_informe.json
[RANGO] COTIUSDT_LINEAL last=0.013212 · río=WS · mercado=linear · estado=ACECHANDO · dir=— · 0=0.013086 · Oz=— · Red=— · manos=ON · pos=flat · latido=1.50s
[RANGO] COTIUSDT_LINEAL last=0.013222 · río=WS · mercado=linear · estado=ACECHANDO · dir=— · 0=0.013086 · Oz=— · Red=— · manos=ON · pos=flat · latido=1.50s
[RANGO] autosello COTI · ACECHANDO · Oz=0.0 link=— · manos_feria_informe.json
[RANGO] COTIUSDT_LINEAL last=0.013215 · río=WS · mercado=linear · estado=ACECHANDO · dir=— · 0=0.013086 · Oz=— · Red=— · manos=ON · pos=flat · latido=1.50s
[RANGO] autosello COTI · ACECHANDO · Oz=0.0 link=— · manos_feria_informe.json
[RANGO] COTIUSDT_LINEAL last=0.013239 · río=WS · mercado=linear · estado=ACECHANDO · dir=— · 0=0.013086 · Oz=— · Red=— · manos=ON · pos=flat · latido=1.50s
[RANGO] COTIUSDT_LINEAL last=0.013239 · río=WS · mercado=linear · estado=ACECHANDO · dir=— · 0=0.013086 · Oz=— · Red=— · manos=ON · pos=flat · latido=1.50s
[RANGO] autosello COTI · ACECHANDO · Oz=0.0 link=— · manos_feria_informe.json
[RANGO] COTIUSDT_LINEAL last=0.013276 · río=WS · mercado=linear · estado=ACECHANDO · dir=— · 0=0.013086 · Oz=— · Red=— · manos=ON · pos=flat · latido=1.50s
[RANGO] autosello COTI · ACECHANDO · Oz=0.0 link=— · manos_feria_informe.json
[RANGO] COTIUSDT_LINEAL last=0.013254 · río=WS · mercado=linear · estado=ACECHANDO · dir=— · 0=0.013086 · Oz=— · Red=— · manos=ON · pos=flat · latido=1.50s
[RANGO] COTIUSDT_LINEAL last=0.01325 · río=ciego/muleta · mercado=linear · estado=ACECHANDO · dir=— · 0=0.013086 · Oz=— · Red=— · manos=ON · pos=flat · latido=1.50s
[RANGO] autosello COTI · ACECHANDO · Oz=0.0 link=— · manos_feria_informe.json
[RANGO] COTIUSDT_LINEAL last=0.013271 · río=WS · mercado=linear · estado=ACECHANDO · dir=— · 0=0.013086 · Oz=— · Red=— · manos=ON · pos=flat · latido=1.50s
[RANGO] autosello COTI · ACECHANDO · Oz=0.0 link=— · manos_feria_informe.json
[RANGO] COTIUSDT_LINEAL last=0.013253 · río=WS · mercado=linear · estado=ACECHANDO · dir=— · 0=0.013086 · Oz=— · Red=— · manos=ON · pos=flat · latido=1.50s
[RANGO] autosello COTI · ACECHANDO · Oz=0.0 link=— · manos_feria_informe.json
[RANGO] COTIUSDT_LINEAL last=0.013268 · río=WS · mercado=linear · estado=ACECHANDO · dir=— · 0=0.013086 · Oz=— · Red=— · manos=ON · pos=flat · latido=1.50s
[RANGO] COTIUSDT_LINEAL last=0.013243 · río=WS · mercado=linear · estado=ACECHANDO · dir=— · 0=0.013086 · Oz=— · Red=— · manos=ON · pos=flat · latido=1.50s
[RANGO] autosello COTI · ACECHANDO · Oz=0.0 link=— · manos_feria_informe.json
[RANGO] COTIUSDT_LINEAL last=0.013231 · río=WS · mercado=linear · estado=ACECHANDO · dir=— · 0=0.013086 · Oz=— · Red=— · manos=ON · pos=flat · latido=1.50s
[RANGO] autosello COTI · ACECHANDO · Oz=0.0 link=— · manos_feria_informe.json
[RANGO] COTIUSDT_LINEAL last=0.013226 · río=WS · mercado=linear · estado=ACECHANDO · dir=— · 0=0.013086 · Oz=— · Red=— · manos=ON · pos=flat · latido=1.50s
[RANGO] COTIUSDT_LINEAL last=0.013229 · río=WS · mercado=linear · estado=ACECHANDO · dir=— · 0=0.013086 · Oz=— · Red=— · manos=ON · pos=flat · latido=1.50s
[RANGO] autosello COTI · ACECHANDO · Oz=0.0 link=— · manos_feria_informe.json
[RANGO] COTIUSDT_LINEAL last=0.013213 · río=WS · mercado=linear · estado=ACECHANDO · dir=— · 0=0.013086 · Oz=— · Red=— · manos=ON · pos=flat · latido=1.50s
[RANGO] autosello COTI · ACECHANDO · Oz=0.0 link=— · manos_feria_informe.json
[RANGO] COTIUSDT_LINEAL last=0.013215 · río=WS · mercado=linear · estado=ACECHANDO · dir=— · 0=0.013086 · Oz=— · Red=— · manos=ON · pos=flat · latido=1.50s
[RANGO] COTIUSDT_LINEAL last=0.013197 · río=WS · mercado=linear · estado=ACECHANDO · dir=— · 0=0.013086 · Oz=— · Red=— · manos=ON · pos=flat · latido=1.50s
[2026-08-31 09:00:58] [TUSK] RECONCILIACIÓN: COTIUSDT_LINEAL: interno L:0.000000/S:0.000000 -> real L:1588.000000/S:0.000000
[2026-08-31 09:00:58] [TUSK] RECONCILIACIÓN_FANTASMA: PURRUSDT_LINEAL existe interno pero no en exchange -> reseteando
[2026-08-31 09:00:58] [TUSK] RECONCILIACIÓN_OK: 2 frentes alineados con exchange
[RANGO] autosello COTI · ACECHANDO · Oz=0.0 link=— · manos_feria_informe.json
[RANGO] COTIUSDT_LINEAL last=0.013212 · río=WS · mercado=linear · estado=ACECHANDO · dir=— · 0=0.013086 · Oz=— · Red=— · manos=ON · pos=LONG 1588@0.01302014 · latido=1.50s
[RANGO] autosello COTI · ACECHANDO · Oz=0.0 link=— · manos_feria_informe.json
[RANGO] COTIUSDT_LINEAL last=0.013198 · río=WS · mercado=linear · estado=ACECHANDO · dir=— · 0=0.013086 · Oz=— · Red=— · manos=ON · pos=LONG 1588@0.01302014 · latido=1.50s
[RANGO] COTIUSDT_LINEAL last=0.013195 · río=WS · mercado=linear · estado=ACECHANDO · dir=— · 0=0.013086 · Oz=— · Red=— · manos=ON · pos=LONG 1588@0.01302014 · latido=1.50s
[RANGO] autosello COTI · ACECHANDO · Oz=0.0 link=— · manos_feria_informe.json
[RANGO] COTIUSDT_LINEAL last=0.013191 · río=WS · mercado=linear · estado=ACECHANDO · dir=— · 0=0.013086 · Oz=— · Red=— · manos=ON · pos=LONG 1588@0.01302014 · latido=1.50s
[RANGO] autosello COTI · ACECHANDO · Oz=0.0 link=— · manos_feria_informe.json
[RANGO] COTIUSDT_LINEAL last=0.013201 · río=WS · mercado=linear · estado=ACECHANDO · dir=— · 0=0.013086 · Oz=— · Red=— · manos=ON · pos=LONG 1588@0.01302014 · latido=1.50s
[RANGO] COTIUSDT_LINEAL last=0.013192 · río=WS · mercado=linear · estado=ACECHANDO · dir=— · 0=0.013086 · Oz=— · Red=— · manos=ON · pos=LONG 1588@0.01302014 · latido=1.50s
[RANGO] autosello COTI · ACECHANDO · Oz=0.0 link=— · manos_feria_informe.json
[RANGO] COTIUSDT_LINEAL last=0.013191 · río=WS · mercado=linear · estado=ACECHANDO · dir=— · 0=0.013086 · Oz=— · Red=— · manos=ON · pos=LONG 1588@0.01302014 · latido=1.50s
[RANGO] COTIUSDT_LINEAL last=0.013192 · río=WS · mercado=linear · estado=ACECHANDO · dir=— · 0=0.013086 · Oz=— · Red=— · manos=ON · pos=LONG 1588@0.01302014 · latido=1.50s
[RANGO] autosello COTI · ACECHANDO · Oz=0.0 link=— · manos_feria_informe.json
[RANGO] COTIUSDT_LINEAL last=0.013191 · río=WS · mercado=linear · estado=ACECHANDO · dir=— · 0=0.013086 · Oz=— · Red=— · manos=ON · pos=LONG 1588@0.01302014 · latido=1.50s
[RANGO] autosello COTI · ACECHANDO · Oz=0.0 link=— · manos_feria_informe.json
[RANGO] COTIUSDT_LINEAL last=0.013186 · río=WS · mercado=linear · estado=ACECHANDO · dir=— · 0=0.013086 · Oz=— · Red=— · manos=ON · pos=LONG 1588@0.01302014 · latido=1.50s
[RANGO] COTIUSDT_LINEAL last=0.013187 · río=WS · mercado=linear · estado=ACECHANDO · dir=— · 0=0.013086 · Oz=— · Red=— · manos=ON · pos=LONG 1588@0.01302014 · latido=1.50s
[RANGO] autosello COTI · ACECHANDO · Oz=0.0 link=— · manos_feria_informe.json
[RANGO] COTIUSDT_LINEAL last=0.013196 · río=WS · mercado=linear · estado=ACECHANDO · dir=— · 0=0.013086 · Oz=— · Red=— · manos=ON · pos=LONG 1588@0.01302014 · latido=1.50s
[RANGO] autosello COTI · ACECHANDO · Oz=0.0 link=— · manos_feria_informe.json
[RANGO] COTIUSDT_LINEAL last=0.013198 · río=WS · mercado=linear · estado=ACECHANDO · dir=— · 0=0.013086 · Oz=— · Red=— · manos=ON · pos=LONG 1588@0.01302014 · latido=1.50s
[RANGO] COTIUSDT_LINEAL last=0.013201 · río=WS · mercado=linear · estado=ACECHANDO · dir=— · 0=0.013086 · Oz=— · Red=— · manos=ON · pos=LONG 1588@0.01302014 · latido=1.50s
[RANGO] autosello COTI · ACECHANDO · Oz=0.0 link=— · manos_feria_informe.json
[RANGO] COTIUSDT_LINEAL last=0.013201 · río=ciego/muleta · mercado=linear · estado=ACECHANDO · dir=— · 0=0.013086 · Oz=— · Red=— · manos=ON · pos=LONG 1588@0.01302014 · latido=1.50s
[RANGO] autosello COTI · ACECHANDO · Oz=0.0 link=— · manos_feria_informe.json
[RANGO] COTIUSDT_LINEAL last=0.013205 · río=WS · mercado=linear · estado=ACECHANDO · dir=— · 0=0.013086 · Oz=— · Red=— · manos=ON · pos=LONG 1588@0.01302014 · latido=1.50s
[RANGO] autosello COTI · ACECHANDO · Oz=0.0 link=— · manos_feria_informe.json
[RANGO] COTIUSDT_LINEAL last=0.013204 · río=ciego/muleta · mercado=linear · estado=ACECHANDO · dir=— · 0=0.013086 · Oz=— · Red=— · manos=ON · pos=LONG 1588@0.01302014 · latido=1.50s
[RANGO] COTIUSDT_LINEAL last=0.01321 · río=WS · mercado=linear · estado=ACECHANDO · dir=— · 0=0.013086 · Oz=— · Red=— · manos=ON · pos=LONG 1588@0.01302014 · latido=1.50s
[RANGO] autosello COTI · ACECHANDO · Oz=0.0 link=— · manos_feria_informe.json
[2026-08-31 09:04:01] [TUSK] RECONCILIACIÓN: DASHUSDT_LINEAL: interno L:0.000000/S:0.000000 -> real L:0.000000/S:0.340000
[2026-08-31 09:04:01] [TUSK] RECONCILIACIÓN: INTWUSDT_LINEAL: interno L:0.000000/S:0.000000 -> real L:2.400000/S:0.000000
[2026-08-31 09:04:01] [TUSK] RECONCILIACIÓN_FANTASMA: KSMUSDT_LINEAL existe interno pero no en exchange -> reseteando
[2026-08-31 09:04:01] [TUSK] RECONCILIACIÓN_FANTASMA: CRCLUSDT_LINEAL existe interno pero no en exchange -> reseteando
[2026-08-31 09:04:01] [TUSK] RECONCILIACIÓN_OK: 4 frentes alineados con exchange
[RANGO] COTIUSDT_LINEAL last=0.013214 · río=WS · mercado=linear · estado=ACECHANDO · dir=— · 0=0.013086 · Oz=— · Red=— · manos=ON · pos=LONG 1588@0.01302014 · latido=1.50s
[RANGO] autosello COTI · ACECHANDO · Oz=0.0 link=— · manos_feria_informe.json
[RANGO] COTIUSDT_LINEAL last=0.013215 · río=WS · mercado=linear · estado=ACECHANDO · dir=— · 0=0.013086 · Oz=— · Red=— · manos=ON · pos=LONG 1588@0.01302014 · latido=1.50s
[RANGO] COTIUSDT_LINEAL last=0.013215 · río=WS · mercado=linear · estado=ACECHANDO · dir=— · 0=0.013086 · Oz=— · Red=— · manos=ON · pos=LONG 1588@0.01302014 · latido=1.50s
[RANGO] autosello COTI · ACECHANDO · Oz=0.0 link=— · manos_feria_informe.json
[RANGO] COTIUSDT_LINEAL last=0.013209 · río=WS · mercado=linear · estado=ACECHANDO · dir=— · 0=0.013086 · Oz=— · Red=— · manos=ON · pos=LONG 1588@0.01302014 · latido=1.50s
[RANGO] autosello COTI · ACECHANDO · Oz=0.0 link=— · manos_feria_informe.json
[RANGO] COTIUSDT_LINEAL last=0.013203 · río=WS · mercado=linear · estado=ACECHANDO · dir=— · 0=0.013086 · Oz=— · Red=— · manos=ON · pos=LONG 1588@0.01302014 · latido=1.50s
[RANGO] COTIUSDT_LINEAL last=0.013201 · río=WS · mercado=linear · estado=ACECHANDO · dir=— · 0=0.013086 · Oz=— · Red=— · manos=ON · pos=LONG 1588@0.01302014 · latido=1.50s
[RANGO] autosello COTI · ACECHANDO · Oz=0.0 link=— · manos_feria_informe.json
[2026-08-31 09:05:02] [TUSK] RECONCILIACIÓN: AAOIUSDT_LINEAL: interno L:0.000000/S:0.000000 -> real L:0.480000/S:0.000000
[2026-08-31 09:05:02] [TUSK] RECONCILIACIÓN: BSPUSDT_LINEAL: interno L:0.440000/S:0.000000 -> real L:0.560000/S:0.000000
[2026-08-31 09:05:02] [TUSK] RECONCILIACIÓN: CRCLUSDT_LINEAL: interno L:0.000000/S:0.000000 -> real L:0.350000/S:0.000000
[2026-08-31 09:05:03] [TUSK] RECONCILIACIÓN_FANTASMA: APRUSDT_LINEAL existe interno pero no en exchange -> reseteando
[2026-08-31 09:05:03] [TUSK] RECONCILIACIÓN_FANTASMA: ZKPUSDT_LINEAL existe interno pero no en exchange -> reseteando
[2026-08-31 09:05:03] [TUSK] RECONCILIACIÓN_OK: 5 frentes alineados con exchange
[RANGO] COTIUSDT_LINEAL last=0.013193 · río=WS · mercado=linear · estado=ACECHANDO · dir=— · 0=0.013086 · Oz=— · Red=— · manos=ON · pos=LONG 1588@0.01302014 · latido=1.50s
[RANGO] autosello COTI · ACECHANDO · Oz=0.0 link=— · manos_feria_informe.json
[RANGO] COTIUSDT_LINEAL last=0.013184 · río=WS · mercado=linear · estado=ACECHANDO · dir=— · 0=0.013086 · Oz=— · Red=— · manos=ON · pos=LONG 1588@0.01302014 · latido=1.50s
[RANGO] COTIUSDT_LINEAL last=0.013178 · río=WS · mercado=linear · estado=ACECHANDO · dir=— · 0=0.013086 · Oz=— · Red=— · manos=ON · pos=LONG 1588@0.01302014 · latido=1.50s
[RANGO] autosello COTI · ACECHANDO · Oz=0.0 link=— · manos_feria_informe.json
[RANGO] COTIUSDT_LINEAL last=0.013178 · río=WS · mercado=linear · estado=ACECHANDO · dir=— · 0=0.013086 · Oz=— · Red=— · manos=ON · pos=LONG 1588@0.01302014 · latido=1.50s
[RANGO] autosello COTI · ACECHANDO · Oz=0.0 link=— · manos_feria_informe.json
[RANGO] COTIUSDT_LINEAL last=0.013178 · río=WS · mercado=linear · estado=ACECHANDO · dir=— · 0=0.013086 · Oz=— · Red=— · manos=ON · pos=LONG 1588@0.01302014 · latido=1.50s
[RANGO] COTIUSDT_LINEAL last=0.013177 · río=WS · mercado=linear · estado=ACECHANDO · dir=— · 0=0.013086 · Oz=— · Red=— · manos=ON · pos=LONG 1588@0.01302014 · latido=1.50s
[RANGO] autosello COTI · ACECHANDO · Oz=0.0 link=— · manos_feria_informe.json
[RANGO] COTIUSDT_LINEAL last=0.013177 · río=WS · mercado=linear · estado=ACECHANDO · dir=— · 0=0.013086 · Oz=— · Red=— · manos=ON · pos=LONG 1588@0.01302014 · latido=1.50s
[RANGO] autosello COTI · ACECHANDO · Oz=0.0 link=— · manos_feria_informe.json
[RANGO] COTIUSDT_LINEAL last=0.013183 · río=WS · mercado=linear · estado=ACECHANDO · dir=— · 0=0.013086 · Oz=— · Red=— · manos=ON · pos=LONG 1588@0.01302014 · latido=1.50s
[RANGO] COTIUSDT_LINEAL last=0.013178 · río=WS · mercado=linear · estado=ACECHANDO · dir=— · 0=0.013086 · Oz=— · Red=— · manos=ON · pos=LONG 1588@0.01302014 · latido=1.50s
[RANGO] autosello COTI · ACECHANDO · Oz=0.0 link=— · manos_feria_informe.json
[RANGO] COTIUSDT_LINEAL last=0.013175 · río=WS · mercado=linear · estado=ACECHANDO · dir=— · 0=0.013086 · Oz=— · Red=— · manos=ON · pos=LONG 1588@0.01302014 · latido=1.50s
[RANGO] autosello COTI · ACECHANDO · Oz=0.0 link=— · manos_feria_informe.json
[RANGO] COTIUSDT_LINEAL last=0.013169 · río=WS · mercado=linear · estado=ACECHANDO · dir=— · 0=0.013086 · Oz=— · Red=— · manos=ON · pos=LONG 1588@0.01302014 · latido=1.50s
[RANGO] COTIUSDT_LINEAL last=0.013177 · río=WS · mercado=linear · estado=ACECHANDO · dir=— · 0=0.013086 · Oz=— · Red=— · manos=ON · pos=LONG 1588@0.01302014 · latido=1.50s
[RANGO] autosello COTI · ACECHANDO · Oz=0.0 link=— · manos_feria_informe.json
[RANGO] COTIUSDT_LINEAL last=0.013177 · río=WS · mercado=linear · estado=ACECHANDO · dir=— · 0=0.013086 · Oz=— · Red=— · manos=ON · pos=LONG 1588@0.01302014 · latido=1.50s
[2026-08-31 09:07:05] [TUSK] RECONCILIACIÓN: CRVUSDT_LINEAL: interno L:4.800000/S:0.000000 -> real L:0.000000/S:14.500000
[2026-08-31 09:07:05] [TUSK] RECONCILIACIÓN_OK: 1 frentes alineados con exchange
[RANGO] autosello COTI · ACECHANDO · Oz=0.0 link=— · manos_feria_informe.json
[RANGO] COTIUSDT_LINEAL last=0.013185 · río=WS · mercado=linear · estado=ACECHANDO · dir=— · 0=0.013086 · Oz=— · Red=— · manos=ON · pos=LONG 1588@0.01302014 · latido=1.50s
[RANGO] COTIUSDT_LINEAL last=0.013177 · río=ciego/muleta · mercado=linear · estado=ACECHANDO · dir=— · 0=0.013086 · Oz=— · Red=— · manos=ON · pos=LONG 1588@0.01302014 · latido=1.50s
[RANGO] autosello COTI · ACECHANDO · Oz=0.0 link=— · manos_feria_informe.json
[RANGO] COTIUSDT_LINEAL last=0.013171 · río=WS · mercado=linear · estado=ACECHANDO · dir=— · 0=0.013086 · Oz=— · Red=— · manos=ON · pos=LONG 1588@0.01302014 · latido=1.50s
[RANGO] autosello COTI · ACECHANDO · Oz=0.0 link=— · manos_feria_informe.json
[RANGO] COTIUSDT_LINEAL last=0.013183 · río=WS · mercado=linear · estado=ACECHANDO · dir=— · 0=0.013086 · Oz=— · Red=— · manos=ON · pos=LONG 1588@0.01302014 · latido=1.50s
[RANGO] COTIUSDT_LINEAL last=0.013167 · río=WS · mercado=linear · estado=ACECHANDO · dir=— · 0=0.013086 · Oz=— · Red=— · manos=ON · pos=LONG 1588@0.01302014 · latido=1.50s
[RANGO] autosello COTI · ACECHANDO · Oz=0.0 link=— · manos_feria_informe.json
[RANGO] COTIUSDT_LINEAL last=0.013168 · río=WS · mercado=linear · estado=ACECHANDO · dir=— · 0=0.013086 · Oz=— · Red=— · manos=ON · pos=LONG 1588@0.01302014 · latido=1.50s
[2026-08-31 09:08:07] [TUSK] RECONCILIACIÓN: PLTRUSDT_LINEAL: interno L:0.000000/S:0.000000 -> real L:0.030000/S:0.000000
[2026-08-31 09:08:07] [TUSK] RECONCILIACIÓN_FANTASMA: POWERUSDT_LINEAL existe interno pero no en exchange -> reseteando
[2026-08-31 09:08:07] [TUSK] RECONCILIACIÓN_OK: 2 frentes alineados con exchange
[RANGO] autosello COTI · ACECHANDO · Oz=0.0 link=— · manos_feria_informe.json
[RANGO] COTIUSDT_LINEAL last=0.013168 · río=WS · mercado=linear · estado=ACECHANDO · dir=— · 0=0.013086 · Oz=— · Red=— · manos=ON · pos=LONG 1588@0.01302014 · latido=1.50s
[RANGO] COTIUSDT_LINEAL last=0.013178 · río=WS · mercado=linear · estado=ACECHANDO · dir=— · 0=0.013086 · Oz=— · Red=— · manos=ON · pos=LONG 1588@0.01302014 · latido=1.50s
[RANGO] autosello COTI · ACECHANDO · Oz=0.0 link=— · manos_feria_informe.json
[RANGO] COTIUSDT_LINEAL last=0.013169 · río=WS · mercado=linear · estado=ACECHANDO · dir=— · 0=0.013086 · Oz=— · Red=— · manos=ON · pos=LONG 1588@0.01302014 · latido=1.50s
[RANGO] autosello COTI · ACECHANDO · Oz=0.0 link=— · manos_feria_informe.json
[RANGO] COTIUSDT_LINEAL last=0.01317 · río=WS · mercado=linear · estado=ACECHANDO · dir=— · 0=0.013086 · Oz=— · Red=— · manos=ON · pos=LONG 1588@0.01302014 · latido=1.50s
[RANGO] COTIUSDT_LINEAL last=0.013173 · río=WS · mercado=linear · estado=ACECHANDO · dir=— · 0=0.013086 · Oz=— · Red=— · manos=ON · pos=LONG 1588@0.01302014 · latido=1.50s
[RANGO] autosello COTI · ACECHANDO · Oz=0.0 link=— · manos_feria_informe.json
[RANGO] COTIUSDT_LINEAL last=0.013176 · río=WS · mercado=linear · estado=ACECHANDO · dir=— · 0=0.013086 · Oz=— · Red=— · manos=ON · pos=LONG 1588@0.01302014 · latido=1.50s
[2026-08-31 09:09:08] [TUSK] RECONCILIACIÓN: LITUSDT_LINEAL: interno L:0.000000/S:0.000000 -> real L:0.000000/S:22.200000
[2026-08-31 09:09:08] [TUSK] RECONCILIACIÓN_FANTASMA: CRDOUSDT_LINEAL existe interno pero no en exchange -> reseteando
[2026-08-31 09:09:08] [TUSK] RECONCILIACIÓN_OK: 2 frentes alineados con exchange
[RANGO] autosello COTI · ACECHANDO · Oz=0.0 link=— · manos_feria_informe.json
[RANGO] COTIUSDT_LINEAL last=0.013169 · río=WS · mercado=linear · estado=ACECHANDO · dir=— · 0=0.013086 · Oz=— · Red=— · manos=ON · pos=LONG 1588@0.01302014 · latido=1.50s
[RANGO] COTIUSDT_LINEAL last=0.013167 · río=WS · mercado=linear · estado=ACECHANDO · dir=— · 0=0.013086 · Oz=— · Red=— · manos=ON · pos=LONG 1588@0.01302014 · latido=1.50s
[RANGO] autosello COTI · ACECHANDO · Oz=0.0 link=— · manos_feria_informe.json
[RANGO] COTIUSDT_LINEAL last=0.01315 · río=WS · mercado=linear · estado=ACECHANDO · dir=— · 0=0.013086 · Oz=— · Red=— · manos=ON · pos=LONG 1588@0.01302014 · latido=1.50s
[RANGO] autosello COTI · ACECHANDO · Oz=0.0 link=— · manos_feria_informe.json
[RANGO] COTIUSDT_LINEAL last=0.013138 · río=WS · mercado=linear · estado=ACECHANDO · dir=— · 0=0.013086 · Oz=— · Red=— · manos=ON · pos=LONG 1588@0.01302014 · latido=1.50s
[RANGO] COTIUSDT_LINEAL last=0.013134 · río=WS · mercado=linear · estado=ACECHANDO · dir=— · 0=0.013086 · Oz=— · Red=— · manos=ON · pos=LONG 1588@0.01302014 · latido=1.50s
[RANGO] autosello COTI · ACECHANDO · Oz=0.0 link=— · manos_feria_informe.json
[RANGO] COTIUSDT_LINEAL last=0.013137 · río=WS · mercado=linear · estado=ACECHANDO · dir=— · 0=0.013086 · Oz=— · Red=— · manos=ON · pos=LONG 1588@0.01302014 · latido=1.50s
[2026-08-31 09:10:09] [TUSK] RECONCILIACIÓN: TRBUSDT_LINEAL: interno L:0.000000/S:0.000000 -> real L:5.240000/S:0.000000
[2026-08-31 09:10:09] [TUSK] RECONCILIACIÓN: APRUSDT_LINEAL: interno L:0.000000/S:0.000000 -> real L:73.000000/S:0.000000
[2026-08-31 09:10:09] [TUSK] RECONCILIACIÓN_FANTASMA: UNIUSDT_LINEAL existe interno pero no en exchange -> reseteando
[2026-08-31 09:10:09] [TUSK] RECONCILIACIÓN_FANTASMA: TSEMUSDT_LINEAL existe interno pero no en exchange -> reseteando
[2026-08-31 09:10:09] [TUSK] RECONCILIACIÓN_OK: 4 frentes alineados con exchange
[RANGO] autosello COTI · ACECHANDO · Oz=0.0 link=— · manos_feria_informe.json
[RANGO] COTIUSDT_LINEAL last=0.013134 · río=WS · mercado=linear · estado=ACECHANDO · dir=— · 0=0.013086 · Oz=— · Red=— · manos=ON · pos=LONG 1588@0.01302014 · latido=1.50s
[RANGO] COTIUSDT_LINEAL last=0.01314 · río=WS · mercado=linear · estado=ACECHANDO · dir=— · 0=0.013086 · Oz=— · Red=— · manos=ON · pos=LONG 1588@0.01302014 · latido=1.50s
[RANGO] autosello COTI · ACECHANDO · Oz=0.0 link=— · manos_feria_informe.json
[RANGO] COTIUSDT_LINEAL last=0.013139 · río=WS · mercado=linear · estado=ACECHANDO · dir=— · 0=0.013086 · Oz=— · Red=— · manos=ON · pos=LONG 1588@0.01302014 · latido=1.50s
[RANGO] autosello COTI · ACECHANDO · Oz=0.0 link=— · manos_feria_informe.json
[RANGO] COTIUSDT_LINEAL last=0.013143 · río=WS · mercado=linear · estado=ACECHANDO · dir=— · 0=0.013086 · Oz=— · Red=— · manos=ON · pos=LONG 1588@0.01302014 · latido=1.50s
[RANGO] COTIUSDT_LINEAL last=0.013141 · río=WS · mercado=linear · estado=ACECHANDO · dir=— · 0=0.013086 · Oz=— · Red=— · manos=ON · pos=LONG 1588@0.01302014 · latido=1.50s
[RANGO] autosello COTI · ACECHANDO · Oz=0.0 link=— · manos_feria_informe.json
[RANGO] COTIUSDT_LINEAL last=0.013144 · río=WS · mercado=linear · estado=ACECHANDO · dir=— · 0=0.013086 · Oz=— · Red=— · manos=ON · pos=LONG 1588@0.01302014 · latido=1.50s
[2026-08-31 09:11:10] [TUSK] RECONCILIACIÓN: SOXLUSDT_LINEAL: interno L:0.000000/S:0.000000 -> real L:0.180000/S:0.000000
[2026-08-31 09:11:10] [TUSK] RECONCILIACIÓN_FANTASMA: FLNCUSDT_LINEAL existe interno pero no en exchange -> reseteando
[2026-08-31 09:11:10] [TUSK] RECONCILIACIÓN_OK: 2 frentes alineados con exchange
[RANGO] autosello COTI · ACECHANDO · Oz=0.0 link=— · manos_feria_informe.json
[RANGO] COTIUSDT_LINEAL last=0.013144 · río=WS · mercado=linear · estado=ACECHANDO · dir=— · 0=0.013086 · Oz=— · Red=— · manos=ON · pos=LONG 1588@0.01302014 · latido=1.50s
[RANGO] COTIUSDT_LINEAL last=0.013148 · río=WS · mercado=linear · estado=ACECHANDO · dir=— · 0=0.013086 · Oz=— · Red=— · manos=ON · pos=LONG 1588@0.01302014 · latido=1.50s
[RANGO] autosello COTI · ACECHANDO · Oz=0.0 link=— · manos_feria_informe.json
[RANGO] COTIUSDT_LINEAL last=0.013147 · río=WS · mercado=linear · estado=ACECHANDO · dir=— · 0=0.013086 · Oz=— · Red=— · manos=ON · pos=LONG 1588@0.01302014 · latido=1.50s
[RANGO] autosello COTI · ACECHANDO · Oz=0.0 link=— · manos_feria_informe.json
[RANGO] COTIUSDT_LINEAL last=0.013146 · río=WS · mercado=linear · estado=ACECHANDO · dir=— · 0=0.013086 · Oz=— · Red=— · manos=ON · pos=LONG 1588@0.01302014 · latido=1.50s
[RANGO] COTIUSDT_LINEAL last=0.013143 · río=WS · mercado=linear · estado=ACECHANDO · dir=— · 0=0.013086 · Oz=— · Red=— · manos=ON · pos=LONG 1588@0.01302014 · latido=1.50s
[RANGO] autosello COTI · ACECHANDO · Oz=0.0 link=— · manos_feria_informe.json
[RANGO] COTIUSDT_LINEAL last=0.013147 · río=WS · mercado=linear · estado=ACECHANDO · dir=— · 0=0.013086 · Oz=— · Red=— · manos=ON · pos=LONG 1588@0.01302014 · latido=1.50s
[2026-08-31 09:12:12] [TUSK] RECONCILIACIÓN: AEHRUSDT_LINEAL: interno L:0.000000/S:0.000000 -> real L:0.230000/S:0.000000
[2026-08-31 09:12:12] [TUSK] RECONCILIACIÓN: KSMUSDT_LINEAL: interno L:0.000000/S:0.000000 -> real L:13.470000/S:0.000000
[2026-08-31 09:12:12] [TUSK] RECONCILIACIÓN_FANTASMA: NILUSDT_LINEAL existe interno pero no en exchange -> reseteando
[2026-08-31 09:12:12] [TUSK] RECONCILIACIÓN_FANTASMA: MORPHOUSDT_LINEAL existe interno pero no en exchange -> reseteando
[2026-08-31 09:12:12] [TUSK] RECONCILIACIÓN_OK: 4 frentes alineados con exchange
[RANGO] autosello COTI · ACECHANDO · Oz=0.0 link=— · manos_feria_informe.json
[RANGO] COTIUSDT_LINEAL last=0.013142 · río=WS · mercado=linear · estado=ACECHANDO · dir=— · 0=0.013086 · Oz=— · Red=— · manos=ON · pos=LONG 1588@0.01302014 · latido=1.50s
[RANGO] COTIUSDT_LINEAL last=0.013141 · río=WS · mercado=linear · estado=ACECHANDO · dir=— · 0=0.013086 · Oz=— · Red=— · manos=ON · pos=LONG 1588@0.01302014 · latido=1.50s
[RANGO] autosello COTI · ACECHANDO · Oz=0.0 link=— · manos_feria_informe.json
[RANGO] COTIUSDT_LINEAL last=0.013152 · río=ciego/muleta · mercado=linear · estado=ACECHANDO · dir=— · 0=0.013086 · Oz=— · Red=— · manos=ON · pos=LONG 1588@0.01302014 · latido=1.50s
[RANGO] autosello COTI · ACECHANDO · Oz=0.0 link=— · manos_feria_informe.json
[RANGO] COTIUSDT_LINEAL last=0.013152 · río=WS · mercado=linear · estado=ACECHANDO · dir=— · 0=0.013086 · Oz=— · Red=— · manos=ON · pos=LONG 1588@0.01302014 · latido=1.50s
[RANGO] COTIUSDT_LINEAL last=0.013151 · río=WS · mercado=linear · estado=ACECHANDO · dir=— · 0=0.013086 · Oz=— · Red=— · manos=ON · pos=LONG 1588@0.01302014 · latido=1.50s
[RANGO] autosello COTI · ACECHANDO · Oz=0.0 link=— · manos_feria_informe.json
[RANGO] COTIUSDT_LINEAL last=0.013151 · río=ciego/muleta · mercado=linear · estado=ACECHANDO · dir=— · 0=0.013086 · Oz=— · Red=— · manos=ON · pos=LONG 1588@0.01302014 · latido=1.50s
[2026-08-31 09:13:13] [TUSK] RECONCILIACIÓN: POWERUSDT_LINEAL: interno L:0.000000/S:0.000000 -> real L:0.000000/S:173.000000
[2026-08-31 09:13:13] [TUSK] RECONCILIACIÓN: SOXSUSDT_LINEAL: interno L:0.000000/S:0.000000 -> real L:0.000000/S:0.450000
[2026-08-31 09:13:13] [TUSK] RECONCILIACIÓN_FANTASMA: SAMSUNGUSDT_LINEAL existe interno pero no en exchange -> reseteando
[2026-08-31 09:13:13] [TUSK] RECONCILIACIÓN_FANTASMA: NEARUSDT_LINEAL existe interno pero no en exchange -> reseteando
[2026-08-31 09:13:13] [TUSK] RECONCILIACIÓN_OK: 4 frentes alineados con exchange
[RANGO] autosello COTI · ACECHANDO · Oz=0.0 link=— · manos_feria_informe.json
[RANGO] COTIUSDT_LINEAL last=0.013151 · río=ciego/muleta · mercado=linear · estado=ACECHANDO · dir=— · 0=0.013086 · Oz=— · Red=— · manos=ON · pos=LONG 1588@0.01302014 · latido=1.50s
[RANGO] COTIUSDT_LINEAL last=0.013148 · río=ciego/muleta · mercado=linear · estado=ACECHANDO · dir=— · 0=0.013086 · Oz=— · Red=— · manos=ON · pos=LONG 1588@0.01302014 · latido=1.50s
[RANGO] autosello COTI · ACECHANDO · Oz=0.0 link=— · manos_feria_informe.json
[RANGO] COTIUSDT_LINEAL last=0.013135 · río=WS · mercado=linear · estado=ACECHANDO · dir=— · 0=0.013086 · Oz=— · Red=— · manos=ON · pos=LONG 1588@0.01302014 · latido=1.50s
[RANGO] autosello COTI · ACECHANDO · Oz=0.0 link=— · manos_feria_informe.json
[RANGO] COTIUSDT_LINEAL last=0.013136 · río=WS · mercado=linear · estado=ACECHANDO · dir=— · 0=0.013086 · Oz=— · Red=— · manos=ON · pos=LONG 1588@0.01302014 · latido=1.50s
[RANGO] COTIUSDT_LINEAL last=0.013137 · río=ciego/muleta · mercado=linear · estado=ACECHANDO · dir=— · 0=0.013086 · Oz=— · Red=— · manos=ON · pos=LONG 1588@0.01302014 · latido=1.50s
[RANGO] autosello COTI · ACECHANDO · Oz=0.0 link=— · manos_feria_informe.json
[RANGO] COTIUSDT_LINEAL last=0.013136 · río=WS · mercado=linear · estado=ACECHANDO · dir=— · 0=0.013086 · Oz=— · Red=— · manos=ON · pos=LONG 1588@0.01302014 · latido=1.50s
[RANGO] autosello COTI · ACECHANDO · Oz=0.0 link=— · manos_feria_informe.json
[2026-08-31 09:14:14] [TUSK] RECONCILIACIÓN: KORUUSDT_LINEAL: interno L:0.000000/S:0.000000 -> real L:0.000000/S:4.870000
[2026-08-31 09:14:14] [TUSK] RECONCILIACIÓN: ARMUSDT_LINEAL: interno L:0.000000/S:0.000000 -> real L:0.450000/S:0.000000
[2026-08-31 09:14:14] [TUSK] RECONCILIACIÓN_FANTASMA: WDCUSDT_LINEAL existe interno pero no en exchange -> reseteando
[2026-08-31 09:14:14] [TUSK] RECONCILIACIÓN_FANTASMA: BLUAIUSDT_LINEAL existe interno pero no en exchange -> reseteando
[2026-08-31 09:14:14] [TUSK] RECONCILIACIÓN_OK: 4 frentes alineados con exchange
[RANGO] COTIUSDT_LINEAL last=0.013138 · río=WS · mercado=linear · estado=ACECHANDO · dir=— · 0=0.013086 · Oz=— · Red=— · manos=ON · pos=LONG 1588@0.01302014 · latido=1.50s
[RANGO] COTIUSDT_LINEAL last=0.013137 · río=WS · mercado=linear · estado=ACECHANDO · dir=— · 0=0.013086 · Oz=— · Red=— · manos=ON · pos=LONG 1588@0.01302014 · latido=1.50s
[RANGO] autosello COTI · ACECHANDO · Oz=0.0 link=— · manos_feria_informe.json
[RANGO] COTIUSDT_LINEAL last=0.013149 · río=WS · mercado=linear · estado=ACECHANDO · dir=— · 0=0.013086 · Oz=— · Red=— · manos=ON · pos=LONG 1588@0.01302014 · latido=1.50s
[RANGO] autosello COTI · ACECHANDO · Oz=0.0 link=— · manos_feria_informe.json
[RANGO] COTIUSDT_LINEAL last=0.013149 · río=WS · mercado=linear · estado=ACECHANDO · dir=— · 0=0.013086 · Oz=— · Red=— · manos=ON · pos=LONG 1588@0.01302014 · latido=1.50s
[RANGO] COTIUSDT_LINEAL last=0.013155 · río=WS · mercado=linear · estado=ACECHANDO · dir=— · 0=0.013086 · Oz=— · Red=— · manos=ON · pos=LONG 1588@0.01302014 · latido=1.50s
[RANGO] autosello COTI · ACECHANDO · Oz=0.0 link=— · manos_feria_informe.json
[RANGO] COTIUSDT_LINEAL last=0.013164 · río=WS · mercado=linear · estado=ACECHANDO · dir=— · 0=0.013086 · Oz=— · Red=— · manos=ON · pos=LONG 1588@0.01302014 · latido=1.50s
[RANGO] autosello COTI · ACECHANDO · Oz=0.0 link=— · manos_feria_informe.json
[RANGO] COTIUSDT_LINEAL last=0.013166 · río=WS · mercado=linear · estado=ACECHANDO · dir=— · 0=0.013086 · Oz=— · Red=— · manos=ON · pos=LONG 1588@0.01302014 · latido=1.50s
[RANGO] COTIUSDT_LINEAL last=0.013169 · río=ciego/muleta · mercado=linear · estado=ACECHANDO · dir=— · 0=0.013086 · Oz=— · Red=— · manos=ON · pos=LONG 1588@0.01302014 · latido=1.50s
[RANGO] autosello COTI · ACECHANDO · Oz=0.0 link=— · manos_feria_informe.json
[RANGO] COTIUSDT_LINEAL last=0.01316 · río=WS · mercado=linear · estado=ACECHANDO · dir=— · 0=0.013086 · Oz=— · Red=— · manos=ON · pos=LONG 1588@0.01302014 · latido=1.50s
[RANGO] autosello COTI · ACECHANDO · Oz=0.0 link=— · manos_feria_informe.json
[RANGO] COTIUSDT_LINEAL last=0.013156 · río=WS · mercado=linear · estado=ACECHANDO · dir=— · 0=0.013086 · Oz=— · Red=— · manos=ON · pos=LONG 1588@0.01302014 · latido=1.50s
[RANGO] autosello COTI · ACECHANDO · Oz=0.0 link=— · manos_feria_informe.json
[RANGO] COTIUSDT_LINEAL last=0.013144 · río=WS · mercado=linear · estado=ACECHANDO · dir=— · 0=0.013086 · Oz=— · Red=— · manos=ON · pos=LONG 1588@0.01302014 · latido=1.50s
[RANGO] COTIUSDT_LINEAL last=0.013164 · río=WS · mercado=linear · estado=ACECHANDO · dir=— · 0=0.013086 · Oz=— · Red=— · manos=ON · pos=LONG 1588@0.01302014 · latido=1.50s
[RANGO] autosello COTI · ACECHANDO · Oz=0.0 link=— · manos_feria_informe.json
[RANGO] COTIUSDT_LINEAL last=0.013182 · río=WS · mercado=linear · estado=ACECHANDO · dir=— · 0=0.013086 · Oz=— · Red=— · manos=ON · pos=LONG 1588@0.01302014 · latido=1.50s
[RANGO] autosello COTI · ACECHANDO · Oz=0.0 link=— · manos_feria_informe.json
[RANGO] COTIUSDT_LINEAL last=0.0132 · río=WS · mercado=linear · estado=ACECHANDO · dir=— · 0=0.013086 · Oz=— · Red=— · manos=ON · pos=LONG 1588@0.01302014 · latido=1.50s
[RANGO] COTIUSDT_LINEAL last=0.013188 · río=WS · mercado=linear · estado=ACECHANDO · dir=— · 0=0.013086 · Oz=— · Red=— · manos=ON · pos=LONG 1588@0.01302014 · latido=1.50s
[RANGO] autosello COTI · ACECHANDO · Oz=0.0 link=— · manos_feria_informe.json
[RANGO] COTIUSDT_LINEAL last=0.013208 · río=WS · mercado=linear · estado=ACECHANDO · dir=— · 0=0.013086 · Oz=— · Red=— · manos=ON · pos=LONG 1588@0.01302014 · latido=1.50s
[RANGO] autosello COTI · ACECHANDO · Oz=0.0 link=— · manos_feria_informe.json
[RANGO] COTIUSDT_LINEAL last=0.013207 · río=WS · mercado=linear · estado=ACECHANDO · dir=— · 0=0.013086 · Oz=— · Red=— · manos=ON · pos=LONG 1588@0.01302014 · latido=1.50s
[RANGO] COTIUSDT_LINEAL last=0.013193 · río=WS · mercado=linear · estado=ACECHANDO · dir=— · 0=0.013086 · Oz=— · Red=— · manos=ON · pos=LONG 1588@0.01302014 · latido=1.50s
[RANGO] autosello COTI · ACECHANDO · Oz=0.0 link=— · manos_feria_informe.json
[RANGO] COTIUSDT_LINEAL last=0.013192 · río=WS · mercado=linear · estado=ACECHANDO · dir=— · 0=0.013086 · Oz=— · Red=— · manos=ON · pos=LONG 1588@0.01302014 · latido=1.50s
[2026-08-31 09:17:20] [TUSK] RECONCILIACIÓN: QNTXUSDT_LINEAL: interno L:0.000000/S:0.000000 -> real L:0.400000/S:0.000000
[2026-08-31 09:17:20] [TUSK] RECONCILIACIÓN: XANUSDT_LINEAL: interno L:0.000000/S:0.000000 -> real L:107.000000/S:0.000000
[2026-08-31 09:17:20] [TUSK] RECONCILIACIÓN: POWERUSDT_LINEAL: interno L:0.000000/S:173.000000 -> real L:0.000000/S:232.000000
[2026-08-31 09:17:20] [TUSK] RECONCILIACIÓN: CRVUSDT_LINEAL: interno L:0.000000/S:14.500000 -> real L:0.000000/S:30.400000
[2026-08-31 09:17:20] [TUSK] RECONCILIACIÓN_FANTASMA: INTWUSDT_LINEAL existe interno pero no en exchange -> reseteando
[2026-08-31 09:17:20] [TUSK] RECONCILIACIÓN_FANTASMA: COTIUSDT_LINEAL existe interno pero no en exchange -> reseteando
[2026-08-31 09:17:20] [TUSK] RECONCILIACIÓN_OK: 6 frentes alineados con exchange
[RANGO] autosello COTI · ACECHANDO · Oz=0.0 link=— · manos_feria_informe.json
[RANGO] COTIUSDT_LINEAL last=0.013198 · río=WS · mercado=linear · estado=ACECHANDO · dir=— · 0=0.013086 · Oz=— · Red=— · manos=ON · pos=flat · latido=1.50s
[RANGO] COTIUSDT_LINEAL last=0.013199 · río=WS · mercado=linear · estado=ACECHANDO · dir=— · 0=0.013086 · Oz=— · Red=— · manos=ON · pos=flat · latido=1.50s
[RANGO] autosello COTI · ACECHANDO · Oz=0.0 link=— · manos_feria_informe.json
[RANGO] COTIUSDT_LINEAL last=0.013196 · río=WS · mercado=linear · estado=ACECHANDO · dir=— · 0=0.013086 · Oz=— · Red=— · manos=ON · pos=flat · latido=1.50s
[RANGO] autosello COTI · ACECHANDO · Oz=0.0 link=— · manos_feria_informe.json
[RANGO] COTIUSDT_LINEAL last=0.01319 · río=WS · mercado=linear · estado=ACECHANDO · dir=— · 0=0.013086 · Oz=— · Red=— · manos=ON · pos=flat · latido=1.50s
[RANGO] COTIUSDT_LINEAL last=0.013183 · río=WS · mercado=linear · estado=ACECHANDO · dir=— · 0=0.013086 · Oz=— · Red=— · manos=ON · pos=flat · latido=1.50s
[RANGO] autosello COTI · ACECHANDO · Oz=0.0 link=— · manos_feria_informe.json
[RANGO] COTIUSDT_LINEAL last=0.013181 · río=WS · mercado=linear · estado=ACECHANDO · dir=— · 0=0.013086 · Oz=— · Red=— · manos=ON · pos=flat · latido=1.50s
[2026-08-31 09:18:21] [TUSK] RECONCILIACIÓN: BROCCOLIUSDT_LINEAL: interno L:0.000000/S:0.000000 -> real L:3070.000000/S:0.000000
[2026-08-31 09:18:21] [TUSK] RECONCILIACIÓN_FANTASMA: DASHUSDT_LINEAL existe interno pero no en exchange -> reseteando
[2026-08-31 09:18:21] [TUSK] RECONCILIACIÓN_OK: 2 frentes alineados con exchange
[RANGO] autosello COTI · ACECHANDO · Oz=0.0 link=— · manos_feria_informe.json
[RANGO] COTIUSDT_LINEAL last=0.013176 · río=ciego/muleta · mercado=linear · estado=ACECHANDO · dir=— · 0=0.013086 · Oz=— · Red=— · manos=ON · pos=flat · latido=1.50s
[RANGO] COTIUSDT_LINEAL last=0.013171 · río=WS · mercado=linear · estado=ACECHANDO · dir=— · 0=0.013086 · Oz=— · Red=— · manos=ON · pos=flat · latido=1.50s
[RANGO] autosello COTI · ACECHANDO · Oz=0.0 link=— · manos_feria_informe.json
[RANGO] COTIUSDT_LINEAL last=0.01317 · río=WS · mercado=linear · estado=ACECHANDO · dir=— · 0=0.013086 · Oz=— · Red=— · manos=ON · pos=flat · latido=1.50s
[RANGO] autosello COTI · ACECHANDO · Oz=0.0 link=— · manos_feria_informe.json
[RANGO] COTIUSDT_LINEAL last=0.013167 · río=WS · mercado=linear · estado=ACECHANDO · dir=— · 0=0.013086 · Oz=— · Red=— · manos=ON · pos=flat · latido=1.50s
[RANGO] COTIUSDT_LINEAL last=0.013165 · río=WS · mercado=linear · estado=ACECHANDO · dir=— · 0=0.013086 · Oz=— · Red=— · manos=ON · pos=flat · latido=1.50s
[RANGO] autosello COTI · ACECHANDO · Oz=0.0 link=— · manos_feria_informe.json
[RANGO] COTIUSDT_LINEAL last=0.013169 · río=WS · mercado=linear · estado=ACECHANDO · dir=— · 0=0.013086 · Oz=— · Red=— · manos=ON · pos=flat · latido=1.50s
[RANGO] autosello COTI · ACECHANDO · Oz=0.0 link=— · manos_feria_informe.json
[RANGO] COTIUSDT_LINEAL last=0.013169 · río=WS · mercado=linear · estado=ACECHANDO · dir=— · 0=0.013086 · Oz=— · Red=— · manos=ON · pos=flat · latido=1.50s
[RANGO] COTIUSDT_LINEAL last=0.013172 · río=WS · mercado=linear · estado=ACECHANDO · dir=— · 0=0.013086 · Oz=— · Red=— · manos=ON · pos=flat · latido=1.50s
[RANGO] autosello COTI · ACECHANDO · Oz=0.0 link=— · manos_feria_informe.json
[RANGO] COTIUSDT_LINEAL last=0.013172 · río=WS · mercado=linear · estado=ACECHANDO · dir=— · 0=0.013086 · Oz=— · Red=— · manos=ON · pos=flat · latido=1.50s
[RANGO] autosello COTI · ACECHANDO · Oz=0.0 link=— · manos_feria_informe.json
[RANGO] COTIUSDT_LINEAL last=0.013172 · río=WS · mercado=linear · estado=ACECHANDO · dir=— · 0=0.013086 · Oz=— · Red=— · manos=ON · pos=flat · latido=1.50s
[RANGO] COTIUSDT_LINEAL last=0.013175 · río=WS · mercado=linear · estado=ACECHANDO · dir=— · 0=0.013086 · Oz=— · Red=— · manos=ON · pos=flat · latido=1.50s
[RANGO] autosello COTI · ACECHANDO · Oz=0.0 link=— · manos_feria_informe.json
[RANGO] COTIUSDT_LINEAL last=0.013173 · río=WS · mercado=linear · estado=ACECHANDO · dir=— · 0=0.013086 · Oz=— · Red=— · manos=ON · pos=flat · latido=1.50s
[2026-08-31 09:20:23] [TUSK] RECONCILIACIÓN: MUBARAKUSDT_LINEAL: interno L:0.000000/S:0.000000 -> real L:9963.000000/S:0.000000
[2026-08-31 09:20:23] [TUSK] RECONCILIACIÓN_FANTASMA: CRCLUSDT_LINEAL existe interno pero no en exchange -> reseteando
[2026-08-31 09:20:23] [TUSK] RECONCILIACIÓN_OK: 2 frentes alineados con exchange
[RANGO] autosello COTI · ACECHANDO · Oz=0.0 link=— · manos_feria_informe.json
[RANGO] COTIUSDT_LINEAL last=0.013172 · río=WS · mercado=linear · estado=ACECHANDO · dir=— · 0=0.013086 · Oz=— · Red=— · manos=ON · pos=flat · latido=1.50s
[RANGO] COTIUSDT_LINEAL last=0.013166 · río=WS · mercado=linear · estado=ACECHANDO · dir=— · 0=0.013086 · Oz=— · Red=— · manos=ON · pos=flat · latido=1.50s
[RANGO] autosello COTI · ACECHANDO · Oz=0.0 link=— · manos_feria_informe.json
[RANGO] COTIUSDT_LINEAL last=0.013166 · río=WS · mercado=linear · estado=ACECHANDO · dir=— · 0=0.013086 · Oz=— · Red=— · manos=ON · pos=flat · latido=1.50s
[RANGO] autosello COTI · ACECHANDO · Oz=0.0 link=— · manos_feria_informe.json
[RANGO] COTIUSDT_LINEAL last=0.013166 · río=ciego/muleta · mercado=linear · estado=ACECHANDO · dir=— · 0=0.013086 · Oz=— · Red=— · manos=ON · pos=flat · latido=1.50s
[RANGO] COTIUSDT_LINEAL last=0.013164 · río=WS · mercado=linear · estado=ACECHANDO · dir=— · 0=0.013086 · Oz=— · Red=— · manos=ON · pos=flat · latido=1.50s
[RANGO] autosello COTI · ACECHANDO · Oz=0.0 link=— · manos_feria_informe.json
[RANGO] COTIUSDT_LINEAL last=0.013164 · río=WS · mercado=linear · estado=ACECHANDO · dir=— · 0=0.013086 · Oz=— · Red=— · manos=ON · pos=flat · latido=1.50s
[RANGO] autosello COTI · ACECHANDO · Oz=0.0 link=— · manos_feria_informe.json
[RANGO] COTIUSDT_LINEAL last=0.013164 · río=WS · mercado=linear · estado=ACECHANDO · dir=— · 0=0.013086 · Oz=— · Red=— · manos=ON · pos=flat · latido=1.50s
[RANGO] COTIUSDT_LINEAL last=0.013169 · río=WS · mercado=linear · estado=ACECHANDO · dir=— · 0=0.013086 · Oz=— · Red=— · manos=ON · pos=flat · latido=1.50s
[RANGO] autosello COTI · ACECHANDO · Oz=0.0 link=— · manos_feria_informe.json
[RANGO] COTIUSDT_LINEAL last=0.013177 · río=WS · mercado=linear · estado=ACECHANDO · dir=— · 0=0.013086 · Oz=— · Red=— · manos=ON · pos=flat · latido=1.50s
[RANGO] autosello COTI · ACECHANDO · Oz=0.0 link=— · manos_feria_informe.json
[RANGO] COTIUSDT_LINEAL last=0.013177 · río=WS · mercado=linear · estado=ACECHANDO · dir=— · 0=0.013086 · Oz=— · Red=— · manos=ON · pos=flat · latido=1.50s
[RANGO] COTIUSDT_LINEAL last=0.013173 · río=WS · mercado=linear · estado=ACECHANDO · dir=— · 0=0.013086 · Oz=— · Red=— · manos=ON · pos=flat · latido=1.50s
[RANGO] autosello COTI · ACECHANDO · Oz=0.0 link=— · manos_feria_informe.json
[RANGO] COTIUSDT_LINEAL last=0.013172 · río=WS · mercado=linear · estado=ACECHANDO · dir=— · 0=0.013086 · Oz=— · Red=— · manos=ON · pos=flat · latido=1.50s
[2026-08-31 09:22:26] [TUSK] RECONCILIACIÓN: SNXXUSDT_LINEAL: interno L:0.000000/S:0.000000 -> real L:6.090000/S:0.000000
[2026-08-31 09:22:26] [TUSK] RECONCILIACIÓN_FANTASMA: BSPUSDT_LINEAL existe interno pero no en exchange -> reseteando
[2026-08-31 09:22:26] [TUSK] RECONCILIACIÓN_OK: 2 frentes alineados con exchange
[RANGO] autosello COTI · ACECHANDO · Oz=0.0 link=— · manos_feria_informe.json
[RANGO] COTIUSDT_LINEAL last=0.013171 · río=WS · mercado=linear · estado=ACECHANDO · dir=— · 0=0.013086 · Oz=— · Red=— · manos=ON · pos=flat · latido=1.50s
[RANGO] COTIUSDT_LINEAL last=0.013171 · río=WS · mercado=linear · estado=ACECHANDO · dir=— · 0=0.013086 · Oz=— · Red=— · manos=ON · pos=flat · latido=1.50s
[RANGO] autosello COTI · ACECHANDO · Oz=0.0 link=— · manos_feria_informe.json
[RANGO] COTIUSDT_LINEAL last=0.013171 · río=ciego/muleta · mercado=linear · estado=ACECHANDO · dir=— · 0=0.013086 · Oz=— · Red=— · manos=ON · pos=flat · latido=1.50s
[RANGO] autosello COTI · ACECHANDO · Oz=0.0 link=— · manos_feria_informe.json
[RANGO] COTIUSDT_LINEAL last=0.013167 · río=WS · mercado=linear · estado=ACECHANDO · dir=— · 0=0.013086 · Oz=— · Red=— · manos=ON · pos=flat · latido=1.50s
[RANGO] COTIUSDT_LINEAL last=0.013169 · río=WS · mercado=linear · estado=ACECHANDO · dir=— · 0=0.013086 · Oz=— · Red=— · manos=ON · pos=flat · latido=1.50s
[RANGO] autosello COTI · ACECHANDO · Oz=0.0 link=— · manos_feria_informe.json
[RANGO] COTIUSDT_LINEAL last=0.013174 · río=WS · mercado=linear · estado=ACECHANDO · dir=— · 0=0.013086 · Oz=— · Red=— · manos=ON · pos=flat · latido=1.50s
[2026-08-31 09:23:27] [TUSK] RECONCILIACIÓN: POWERUSDT_LINEAL: interno L:0.000000/S:232.000000 -> real L:0.000000/S:290.000000
[2026-08-31 09:23:27] [TUSK] RECONCILIACIÓN: CHIPUSDT_LINEAL: interno L:0.000000/S:0.000000 -> real L:390.000000/S:0.000000
[2026-08-31 09:23:27] [TUSK] RECONCILIACIÓN: LITUSDT_LINEAL: interno L:0.000000/S:22.200000 -> real L:0.000000/S:23.600000
[2026-08-31 09:23:27] [TUSK] RECONCILIACIÓN_FANTASMA: AAOIUSDT_LINEAL existe interno pero no en exchange -> reseteando
[2026-08-31 09:23:27] [TUSK] RECONCILIACIÓN_OK: 4 frentes alineados con exchange
[RANGO] autosello COTI · ACECHANDO · Oz=0.0 link=— · manos_feria_informe.json
[RANGO] COTIUSDT_LINEAL last=0.013175 · río=WS · mercado=linear · estado=ACECHANDO · dir=— · 0=0.013086 · Oz=— · Red=— · manos=ON · pos=flat · latido=1.50s
[RANGO] COTIUSDT_LINEAL last=0.013172 · río=WS · mercado=linear · estado=ACECHANDO · dir=— · 0=0.013086 · Oz=— · Red=— · manos=ON · pos=flat · latido=1.50s
[RANGO] autosello COTI · ACECHANDO · Oz=0.0 link=— · manos_feria_informe.json
[RANGO] COTIUSDT_LINEAL last=0.013172 · río=ciego/muleta · mercado=linear · estado=ACECHANDO · dir=— · 0=0.013086 · Oz=— · Red=— · manos=ON · pos=flat · latido=1.50s
[RANGO] autosello COTI · ACECHANDO · Oz=0.0 link=— · manos_feria_informe.json
[RANGO] COTIUSDT_LINEAL last=0.013171 · río=WS · mercado=linear · estado=ACECHANDO · dir=— · 0=0.013086 · Oz=— · Red=— · manos=ON · pos=flat · latido=1.50s
[RANGO] COTIUSDT_LINEAL last=0.013171 · río=WS · mercado=linear · estado=ACECHANDO · dir=— · 0=0.013086 · Oz=— · Red=— · manos=ON · pos=flat · latido=1.50s
[RANGO] autosello COTI · ACECHANDO · Oz=0.0 link=— · manos_feria_informe.json
[RANGO] COTIUSDT_LINEAL last=0.013172 · río=ciego/muleta · mercado=linear · estado=ACECHANDO · dir=— · 0=0.013086 · Oz=— · Red=— · manos=ON · pos=flat · latido=1.50s
[RANGO] autosello COTI · ACECHANDO · Oz=0.0 link=— · manos_feria_informe.json
[RANGO] COTIUSDT_LINEAL last=0.013172 · río=ciego/muleta · mercado=linear · estado=ACECHANDO · dir=— · 0=0.013086 · Oz=— · Red=— · manos=ON · pos=flat · latido=1.50s
[RANGO] autosello COTI · ACECHANDO · Oz=0.0 link=— · manos_feria_informe.json
[RANGO] COTIUSDT_LINEAL last=0.013172 · río=ciego/muleta · mercado=linear · estado=ACECHANDO · dir=— · 0=0.013086 · Oz=— · Red=— · manos=ON · pos=flat · latido=1.50s
[RANGO] COTIUSDT_LINEAL last=0.013172 · río=ciego/muleta · mercado=linear · estado=ACECHANDO · dir=— · 0=0.013086 · Oz=— · Red=— · manos=ON · pos=flat · latido=1.50s
[RANGO] autosello COTI · ACECHANDO · Oz=0.0 link=— · manos_feria_informe.json
[RANGO] COTIUSDT_LINEAL last=0.013172 · río=ciego/muleta · mercado=linear · estado=ACECHANDO · dir=— · 0=0.013086 · Oz=— · Red=— · manos=ON · pos=flat · latido=1.50s
[RANGO] autosello COTI · ACECHANDO · Oz=0.0 link=— · manos_feria_informe.json
[RANGO] COTIUSDT_LINEAL last=0.013169 · río=WS · mercado=linear · estado=ACECHANDO · dir=— · 0=0.013086 · Oz=— · Red=— · manos=ON · pos=flat · latido=1.50s
[RANGO] COTIUSDT_LINEAL last=0.013164 · río=WS · mercado=linear · estado=ACECHANDO · dir=— · 0=0.013086 · Oz=— · Red=— · manos=ON · pos=flat · latido=1.50s
[RANGO] autosello COTI · ACECHANDO · Oz=0.0 link=— · manos_feria_informe.json
[RANGO] COTIUSDT_LINEAL last=0.013161 · río=WS · mercado=linear · estado=ACECHANDO · dir=— · 0=0.013086 · Oz=— · Red=— · manos=ON · pos=flat · latido=1.50s
[RANGO] autosello COTI · ACECHANDO · Oz=0.0 link=— · manos_feria_informe.json
[RANGO] COTIUSDT_LINEAL last=0.013161 · río=WS · mercado=linear · estado=ACECHANDO · dir=— · 0=0.013086 · Oz=— · Red=— · manos=ON · pos=flat · latido=1.50s
[RANGO] COTIUSDT_LINEAL last=0.013161 · río=WS · mercado=linear · estado=ACECHANDO · dir=— · 0=0.013086 · Oz=— · Red=— · manos=ON · pos=flat · latido=1.50s
[RANGO] autosello COTI · ACECHANDO · Oz=0.0 link=— · manos_feria_informe.json
[RANGO] COTIUSDT_LINEAL last=0.013164 · río=WS · mercado=linear · estado=ACECHANDO · dir=— · 0=0.013086 · Oz=— · Red=— · manos=ON · pos=flat · latido=1.50s
[RANGO] autosello COTI · ACECHANDO · Oz=0.0 link=— · manos_feria_informe.json
[RANGO] COTIUSDT_LINEAL last=0.013158 · río=WS · mercado=linear · estado=ACECHANDO · dir=— · 0=0.013086 · Oz=— · Red=— · manos=ON · pos=flat · latido=1.50s
[RANGO] COTIUSDT_LINEAL last=0.01316 · río=WS · mercado=linear · estado=ACECHANDO · dir=— · 0=0.013086 · Oz=— · Red=— · manos=ON · pos=flat · latido=1.50s
[RANGO] autosello COTI · ACECHANDO · Oz=0.0 link=— · manos_feria_informe.json
[2026-08-31 09:26:31] [TUSK] RECONCILIACIÓN: ZKPUSDT_LINEAL: interno L:0.000000/S:0.000000 -> real L:1496.000000/S:0.000000
[2026-08-31 09:26:31] [TUSK] RECONCILIACIÓN: AXTIUSDT_LINEAL: interno L:0.000000/S:0.000000 -> real L:1.600000/S:0.000000
[2026-08-31 09:26:31] [TUSK] RECONCILIACIÓN: NILUSDT_LINEAL: interno L:0.000000/S:0.000000 -> real L:126.000000/S:0.000000
[2026-08-31 09:26:31] [TUSK] RECONCILIACIÓN_FANTASMA: PLTRUSDT_LINEAL existe interno pero no en exchange -> reseteando
[2026-08-31 09:26:31] [TUSK] RECONCILIACIÓN_FANTASMA: BIOUSDT_LINEAL existe interno pero no en exchange -> reseteando
[2026-08-31 09:26:31] [TUSK] RECONCILIACIÓN_FANTASMA: TRBUSDT_LINEAL existe interno pero no en exchange -> reseteando
[2026-08-31 09:26:31] [TUSK] RECONCILIACIÓN_OK: 6 frentes alineados con exchange
[RANGO] COTIUSDT_LINEAL last=0.01316 · río=WS · mercado=linear · estado=ACECHANDO · dir=— · 0=0.013086 · Oz=— · Red=— · manos=ON · pos=flat · latido=1.50s
[RANGO] autosello COTI · ACECHANDO · Oz=0.0 link=— · manos_feria_informe.json
[RANGO] COTIUSDT_LINEAL last=0.013169 · río=WS · mercado=linear · estado=ACECHANDO · dir=— · 0=0.013086 · Oz=— · Red=— · manos=ON · pos=flat · latido=1.50s
[RANGO] COTIUSDT_LINEAL last=0.01316 · río=ciego/muleta · mercado=linear · estado=ACECHANDO · dir=— · 0=0.013086 · Oz=— · Red=— · manos=ON · pos=flat · latido=1.50s
[RANGO] autosello COTI · ACECHANDO · Oz=0.0 link=— · manos_feria_informe.json
[RANGO] COTIUSDT_LINEAL last=0.013165 · río=WS · mercado=linear · estado=ACECHANDO · dir=— · 0=0.013086 · Oz=— · Red=— · manos=ON · pos=flat · latido=1.50s
[RANGO] autosello COTI · ACECHANDO · Oz=0.0 link=— · manos_feria_informe.json
[RANGO] COTIUSDT_LINEAL last=0.013166 · río=ciego/muleta · mercado=linear · estado=ACECHANDO · dir=— · 0=0.013086 · Oz=— · Red=— · manos=ON · pos=flat · latido=1.50s
[RANGO] COTIUSDT_LINEAL last=0.013175 · río=WS · mercado=linear · estado=ACECHANDO · dir=— · 0=0.013086 · Oz=— · Red=— · manos=ON · pos=flat · latido=1.50s
[RANGO] autosello COTI · ACECHANDO · Oz=0.0 link=— · manos_feria_informe.json
[2026-08-31 09:27:32] [TUSK] RECONCILIACIÓN: PLTRUSDT_LINEAL: interno L:0.000000/S:0.000000 -> real L:0.030000/S:0.000000
[2026-08-31 09:27:32] [TUSK] RECONCILIACIÓN_FANTASMA: SOXLUSDT_LINEAL existe interno pero no en exchange -> reseteando
[2026-08-31 09:27:32] [TUSK] RECONCILIACIÓN_OK: 2 frentes alineados con exchange
[RANGO] COTIUSDT_LINEAL last=0.013175 · río=ciego/muleta · mercado=linear · estado=ACECHANDO · dir=— · 0=0.013086 · Oz=— · Red=— · manos=ON · pos=flat · latido=1.50s
[RANGO] autosello COTI · ACECHANDO · Oz=0.0 link=— · manos_feria_informe.json
[RANGO] COTIUSDT_LINEAL last=0.013175 · río=WS · mercado=linear · estado=ACECHANDO · dir=— · 0=0.013086 · Oz=— · Red=— · manos=ON · pos=flat · latido=1.50s
[RANGO] COTIUSDT_LINEAL last=0.01318 · río=WS · mercado=linear · estado=ACECHANDO · dir=— · 0=0.013086 · Oz=— · Red=— · manos=ON · pos=flat · latido=1.50s
[RANGO] autosello COTI · ACECHANDO · Oz=0.0 link=— · manos_feria_informe.json
[RANGO] COTIUSDT_LINEAL last=0.013179 · río=WS · mercado=linear · estado=ACECHANDO · dir=— · 0=0.013086 · Oz=— · Red=— · manos=ON · pos=flat · latido=1.50s
[RANGO] autosello COTI · ACECHANDO · Oz=0.0 link=— · manos_feria_informe.json
[RANGO] COTIUSDT_LINEAL last=0.013184 · río=WS · mercado=linear · estado=ACECHANDO · dir=— · 0=0.013086 · Oz=— · Red=— · manos=ON · pos=flat · latido=1.50s
[RANGO] COTIUSDT_LINEAL last=0.013187 · río=ciego/muleta · mercado=linear · estado=ACECHANDO · dir=— · 0=0.013086 · Oz=— · Red=— · manos=ON · pos=flat · latido=1.50s
[RANGO] autosello COTI · ACECHANDO · Oz=0.0 link=— · manos_feria_informe.json
[RANGO] COTIUSDT_LINEAL last=0.013208 · río=WS · mercado=linear · estado=ACECHANDO · dir=— · 0=0.013086 · Oz=— · Red=— · manos=ON · pos=flat · latido=1.50s
[RANGO] autosello COTI · ACECHANDO · Oz=0.0 link=— · manos_feria_informe.json
[RANGO] COTIUSDT_LINEAL last=0.013199 · río=WS · mercado=linear · estado=ACECHANDO · dir=— · 0=0.013086 · Oz=— · Red=— · manos=ON · pos=flat · latido=1.50s
[RANGO] COTIUSDT_LINEAL last=0.013198 · río=ciego/muleta · mercado=linear · estado=ACECHANDO · dir=— · 0=0.013086 · Oz=— · Red=— · manos=ON · pos=flat · latido=1.50s
[RANGO] autosello COTI · ACECHANDO · Oz=0.0 link=— · manos_feria_informe.json
[RANGO] COTIUSDT_LINEAL last=0.013199 · río=WS · mercado=linear · estado=ACECHANDO · dir=— · 0=0.013086 · Oz=— · Red=— · manos=ON · pos=flat · latido=1.50s
[RANGO] autosello COTI · ACECHANDO · Oz=0.0 link=— · manos_feria_informe.json
[RANGO] COTIUSDT_LINEAL last=0.013199 · río=WS · mercado=linear · estado=ACECHANDO · dir=— · 0=0.013086 · Oz=— · Red=— · manos=ON · pos=flat · latido=1.50s
[RANGO] autosello COTI · ACECHANDO · Oz=0.0 link=— · manos_feria_informe.json
[RANGO] COTIUSDT_LINEAL last=0.0132 · río=ciego/muleta · mercado=linear · estado=ACECHANDO · dir=— · 0=0.013086 · Oz=— · Red=— · manos=ON · pos=flat · latido=1.50s
[2026-08-31 09:29:34] [TUSK] RECONCILIACIÓN: SAMSUNGUSDT_LINEAL: interno L:0.000000/S:0.000000 -> real L:0.000000/S:0.110000
[2026-08-31 09:29:34] [TUSK] RECONCILIACIÓN_FANTASMA: KSMUSDT_LINEAL existe interno pero no en exchange -> reseteando
[2026-08-31 09:29:34] [TUSK] RECONCILIACIÓN_OK: 2 frentes alineados con exchange
[RANGO] COTIUSDT_LINEAL last=0.013198 · río=WS · mercado=linear · estado=ACECHANDO · dir=— · 0=0.013086 · Oz=— · Red=— · manos=ON · pos=flat · latido=1.50s
[RANGO] autosello COTI · ACECHANDO · Oz=0.0 link=— · manos_feria_informe.json
[RANGO] COTIUSDT_LINEAL last=0.013198 · río=ciego/muleta · mercado=linear · estado=ACECHANDO · dir=— · 0=0.013086 · Oz=— · Red=— · manos=ON · pos=flat · latido=1.50s
[RANGO] autosello COTI · ACECHANDO · Oz=0.0 link=— · manos_feria_informe.json
[RANGO] COTIUSDT_LINEAL last=0.01321 · río=WS · mercado=linear · estado=ACECHANDO · dir=— · 0=0.013086 · Oz=— · Red=— · manos=ON · pos=flat · latido=1.50s
[RANGO] COTIUSDT_LINEAL last=0.013205 · río=ciego/muleta · mercado=linear · estado=ACECHANDO · dir=— · 0=0.013086 · Oz=— · Red=— · manos=ON · pos=flat · latido=1.50s
[RANGO] autosello COTI · ACECHANDO · Oz=0.0 link=— · manos_feria_informe.json
[RANGO] COTIUSDT_LINEAL last=0.013204 · río=WS · mercado=linear · estado=ACECHANDO · dir=— · 0=0.013086 · Oz=— · Red=— · manos=ON · pos=flat · latido=1.50s
[RANGO] autosello COTI · ACECHANDO · Oz=0.0 link=— · manos_feria_informe.json
[RANGO] COTIUSDT_LINEAL last=0.013212 · río=WS · mercado=linear · estado=ACECHANDO · dir=— · 0=0.013086 · Oz=— · Red=— · manos=ON · pos=flat · latido=1.50s
[2026-08-31 09:30:35] [TUSK] RECONCILIACIÓN: POWERUSDT_LINEAL: interno L:0.000000/S:290.000000 -> real L:0.000000/S:347.000000
[2026-08-31 09:30:35] [TUSK] RECONCILIACIÓN_OK: 1 frentes alineados con exchange
[RANGO] COTIUSDT_LINEAL last=0.013221 · río=WS · mercado=linear · estado=ACECHANDO · dir=— · 0=0.013086 · Oz=— · Red=— · manos=ON · pos=flat · latido=1.50s
[RANGO] autosello COTI · ACECHANDO · Oz=0.0 link=— · manos_feria_informe.json
[RANGO] COTIUSDT_LINEAL last=0.013222 · río=WS · mercado=linear · estado=ACECHANDO · dir=— · 0=0.013086 · Oz=— · Red=— · manos=ON · pos=flat · latido=1.50s
[RANGO] autosello COTI · ACECHANDO · Oz=0.0 link=— · manos_feria_informe.json
[RANGO] COTIUSDT_LINEAL last=0.013222 · río=WS · mercado=linear · estado=ACECHANDO · dir=— · 0=0.013086 · Oz=— · Red=— · manos=ON · pos=flat · latido=1.50s
[RANGO] COTIUSDT_LINEAL last=0.013222 · río=WS · mercado=linear · estado=ACECHANDO · dir=— · 0=0.013086 · Oz=— · Red=— · manos=ON · pos=flat · latido=1.50s
[RANGO] autosello COTI · ACECHANDO · Oz=0.0 link=— · manos_feria_informe.json
[RANGO] COTIUSDT_LINEAL last=0.013222 · río=WS · mercado=linear · estado=ACECHANDO · dir=— · 0=0.013086 · Oz=— · Red=— · manos=ON · pos=flat · latido=1.50s
[RANGO] autosello COTI · ACECHANDO · Oz=0.0 link=— · manos_feria_informe.json
[RANGO] COTIUSDT_LINEAL last=0.013217 · río=WS · mercado=linear · estado=ACECHANDO · dir=— · 0=0.013086 · Oz=— · Red=— · manos=ON · pos=flat · latido=1.50s
[RANGO] COTIUSDT_LINEAL last=0.013223 · río=WS · mercado=linear · estado=ACECHANDO · dir=— · 0=0.013086 · Oz=— · Red=— · manos=ON · pos=flat · latido=1.50s
[RANGO] autosello COTI · ACECHANDO · Oz=0.0 link=— · manos_feria_informe.json
[RANGO] COTIUSDT_LINEAL last=0.013227 · río=WS · mercado=linear · estado=ACECHANDO · dir=— · 0=0.013086 · Oz=— · Red=— · manos=ON · pos=flat · latido=1.50s
[RANGO] autosello COTI · ACECHANDO · Oz=0.0 link=— · manos_feria_informe.json
[RANGO] COTIUSDT_LINEAL last=0.013234 · río=WS · mercado=linear · estado=ACECHANDO · dir=— · 0=0.013086 · Oz=— · Red=— · manos=ON · pos=flat · latido=1.50s
[RANGO] COTIUSDT_LINEAL last=0.013241 · río=WS · mercado=linear · estado=ACECHANDO · dir=— · 0=0.013086 · Oz=— · Red=— · manos=ON · pos=flat · latido=1.50s
[RANGO] autosello COTI · ACECHANDO · Oz=0.0 link=— · manos_feria_informe.json
[RANGO] COTIUSDT_LINEAL last=0.013256 · río=WS · mercado=linear · estado=ACECHANDO · dir=— · 0=0.013086 · Oz=— · Red=— · manos=ON · pos=flat · latido=1.50s
[RANGO] autosello COTI · ACECHANDO · Oz=0.0 link=— · manos_feria_informe.json
[RANGO] COTIUSDT_LINEAL last=0.013255 · río=WS · mercado=linear · estado=ACECHANDO · dir=— · 0=0.013086 · Oz=— · Red=— · manos=ON · pos=flat · latido=1.50s
[RANGO] COTIUSDT_LINEAL last=0.013242 · río=WS · mercado=linear · estado=ACECHANDO · dir=— · 0=0.013086 · Oz=— · Red=— · manos=ON · pos=flat · latido=1.50s
[RANGO] autosello COTI · ACECHANDO · Oz=0.0 link=— · manos_feria_informe.json
[RANGO] COTIUSDT_LINEAL last=0.013244 · río=WS · mercado=linear · estado=ACECHANDO · dir=— · 0=0.013086 · Oz=— · Red=— · manos=ON · pos=flat · latido=1.50s
[RANGO] autosello COTI · ACECHANDO · Oz=0.0 link=— · manos_feria_informe.json
[RANGO] COTIUSDT_LINEAL last=0.01326 · río=WS · mercado=linear · estado=ACECHANDO · dir=— · 0=0.013086 · Oz=— · Red=— · manos=ON · pos=flat · latido=1.50s
[RANGO] COTIUSDT_LINEAL last=0.013261 · río=WS · mercado=linear · estado=ACECHANDO · dir=— · 0=0.013086 · Oz=— · Red=— · manos=ON · pos=flat · latido=1.50s
[RANGO] autosello COTI · ACECHANDO · Oz=0.0 link=— · manos_feria_informe.json
[RANGO] COTIUSDT_LINEAL last=0.01326 · río=WS · mercado=linear · estado=ACECHANDO · dir=— · 0=0.013086 · Oz=— · Red=— · manos=ON · pos=flat · latido=1.50s
[RANGO] autosello COTI · ACECHANDO · Oz=0.0 link=— · manos_feria_informe.json
[RANGO] COTIUSDT_LINEAL last=0.013259 · río=WS · mercado=linear · estado=ACECHANDO · dir=— · 0=0.013086 · Oz=— · Red=— · manos=ON · pos=flat · latido=1.50s
[2026-08-31 09:33:39] [TUSK] RECONCILIACIÓN: PURRUSDT_LINEAL: interno L:0.000000/S:0.000000 -> real L:4.300000/S:0.000000
[2026-08-31 09:33:39] [TUSK] RECONCILIACIÓN: BIOUSDT_LINEAL: interno L:0.000000/S:0.000000 -> real L:1016.000000/S:0.000000
[2026-08-31 09:33:39] [TUSK] RECONCILIACIÓN_FANTASMA: AEHRUSDT_LINEAL existe interno pero no en exchange -> reseteando
[2026-08-31 09:33:39] [TUSK] RECONCILIACIÓN_FANTASMA: SOXSUSDT_LINEAL existe interno pero no en exchange -> reseteando
[2026-08-31 09:33:39] [TUSK] RECONCILIACIÓN_OK: 4 frentes alineados con exchange
[RANGO] COTIUSDT_LINEAL last=0.013259 · río=WS · mercado=linear · estado=ACECHANDO · dir=— · 0=0.013086 · Oz=— · Red=— · manos=ON · pos=flat · latido=1.50s
[RANGO] autosello COTI · ACECHANDO · Oz=0.0 link=— · manos_feria_informe.json
[RANGO] COTIUSDT_LINEAL last=0.013259 · río=ciego/muleta · mercado=linear · estado=ACECHANDO · dir=— · 0=0.013086 · Oz=— · Red=— · manos=ON · pos=flat · latido=1.50s
[RANGO] autosello COTI · ACECHANDO · Oz=0.0 link=— · manos_feria_informe.json
[RANGO] COTIUSDT_LINEAL last=0.013259 · río=WS · mercado=linear · estado=ACECHANDO · dir=— · 0=0.013086 · Oz=— · Red=— · manos=ON · pos=flat · latido=1.50s
[RANGO] COTIUSDT_LINEAL last=0.013262 · río=WS · mercado=linear · estado=ACECHANDO · dir=— · 0=0.013086 · Oz=— · Red=— · manos=ON · pos=flat · latido=1.50s
[RANGO] autosello COTI · ACECHANDO · Oz=0.0 link=— · manos_feria_informe.json
[RANGO] COTIUSDT_LINEAL last=0.013271 · río=WS · mercado=linear · estado=ACECHANDO · dir=— · 0=0.013086 · Oz=— · Red=— · manos=ON · pos=flat · latido=1.50s
[RANGO] autosello COTI · ACECHANDO · Oz=0.0 link=— · manos_feria_informe.json
[RANGO] COTIUSDT_LINEAL last=0.013285 · río=WS · mercado=linear · estado=ACECHANDO · dir=— · 0=0.013086 · Oz=— · Red=— · manos=ON · pos=flat · latido=1.50s
[2026-08-31 09:34:40] [TUSK] RECONCILIACIÓN: MSTRUSDT_LINEAL: interno L:0.000000/S:0.000000 -> real L:0.200000/S:0.000000
[2026-08-31 09:34:40] [TUSK] RECONCILIACIÓN_FANTASMA: KORUUSDT_LINEAL existe interno pero no en exchange -> reseteando
[2026-08-31 09:34:40] [TUSK] RECONCILIACIÓN_OK: 2 frentes alineados con exchange
[RANGO] COTIUSDT_LINEAL last=0.013296 · río=WS · mercado=linear · estado=ACECHANDO · dir=— · 0=0.013086 · Oz=— · Red=— · manos=ON · pos=flat · latido=1.50s
[RANGO] autosello COTI · ACECHANDO · Oz=0.0 link=— · manos_feria_informe.json
[RANGO] COTIUSDT_LINEAL last=0.013302 · río=WS · mercado=linear · estado=ACECHANDO · dir=— · 0=0.013086 · Oz=— · Red=— · manos=ON · pos=flat · latido=1.50s
[RANGO] autosello COTI · ACECHANDO · Oz=0.0 link=— · manos_feria_informe.json
[RANGO] COTIUSDT_LINEAL last=0.013305 · río=WS · mercado=linear · estado=ACECHANDO · dir=— · 0=0.013086 · Oz=— · Red=— · manos=ON · pos=flat · latido=1.50s
[RANGO] COTIUSDT_LINEAL last=0.013321 · río=WS · mercado=linear · estado=ACECHANDO · dir=— · 0=0.013086 · Oz=— · Red=— · manos=ON · pos=flat · latido=1.50s
[RANGO] autosello COTI · ACECHANDO · Oz=0.0 link=— · manos_feria_informe.json
[RANGO] COTIUSDT_LINEAL last=0.013356 · río=WS · mercado=linear · estado=ACECHANDO · dir=— · 0=0.013086 · Oz=— · Red=— · manos=ON · pos=flat · latido=0.10s
[2026-08-31 09:35:31] [BERU_RANGO] ARMAR: RANGO_COTI_758f7069 VACIO_ARRIBA → trailing SHORT Oz @0.013354 (0,2 detrás de extremo 0.013381) Red @0.000000 ($5.00).
[BERU_RANGO] ARMAR RANGO_COTI_758f7069 VACIO_ARRIBA direccion=SHORT oz_adan=0.013354238000000001 red_adan=0.0 masa_usd=5.0 trail_extremo=0.013381
[2026-08-31 09:35:32] [BRIDGE] IDX_ONE_WAY: COTIUSDT: casa en modo simple · reintento sin positionIdx | LINK:BRG-TRA-1-2d5dc2314c6cf2
[2026-08-31 09:35:32] [BRIDGE] ORDEN_ENVIADA: Sell 375.0 COTIUSDT @Market | ID:20dd4914-8178-457e-9a8a-49ed1c575dcc LINK:BRG-TRA-1-2d5dc2314c6cf2 reduceOnly=0
[RANGO] COTI → ARMAR_ARRIBA {'ok': True, 'evento': 'ARMAR_ARRIBA', 'masa': 5.0, 'dir': 'SHORT'}
[RANGO] autosello COTI · CAZANDO · Oz=0.013356 link=BRG-TRA-1-2d5dc2314c6cf2 · manos_feria_informe.json
[2026-08-31 09:35:33] [BRIDGE] ORDEN_CANCELADA: ID:20dd4914-8178-457e-9a8a-49ed1c575dcc COTIUSDT
[2026-08-31 09:35:33] [BERU_RANGO] ALTAR_CANCEL: COTI PRE_MARKET_OZ link=BRG-TRA-1-2d5dc2314c6cf2 · ok
[2026-08-31 09:35:33] [BRIDGE] IDX_ONE_WAY: COTIUSDT: casa en modo simple · reintento sin positionIdx | LINK:BRG-MKT-1-4cfa1784ec2eb2
[2026-08-31 09:35:34] [BRIDGE] ORDEN_ENVIADA: Sell 375.0 COTIUSDT @Market | ID:3891f68c-8d03-4777-825e-b64279f11e8e LINK:BRG-MKT-1-4cfa1784ec2eb2 reduceOnly=0
[2026-08-31 09:35:34] [BERU_RANGO] OZ_COSECHA: RANGO_COTI_758f7069 Oz peldaño @0.013356 fill @0.013356 · wake=0.013086 · sangre act. ABAJO 2.2% · Red trailing act. @0.013516 (callback 0.2% · $5) · extremo=0.013383.
[BERU_RANGO] OZ_COSECHA RANGO_COTI_758f7069 wake=0.013086 oz=0.013356 fill=0.013356 sangre=ABAJO red=0.013516272 extremo=0.013383 precio=0.013356 masa_usd=5.0
[RANGO] COTI → OZ_COSECHA {'ok': True, 'evento': 'OZ_COSECHA', 'cero': 0.013086, 'fill': 0.013356, 'oz_despliegue': 0.013356, 'sangre': 'ABAJO', 'red': 0.013516272, 'masa_hecha': 5.0, 'trail_extremo': 0.013383, 'oz': 0.013356, 'dir': 'SHORT'}
[RANGO] COTIUSDT_LINEAL last=0.013361 · río=WS · mercado=linear · estado=ACECHANDO · dir=— · 0=0.013086 · Oz=— · Red=0.013516272 · manos=ON · pos=flat · latido=1.50s
[2026-08-31 09:35:42] [TUSK] RECONCILIACIÓN: COTIUSDT_LINEAL: interno L:0.000000/S:0.000000 -> real L:1213.000000/S:0.000000
[2026-08-31 09:35:42] [TUSK] RECONCILIACIÓN: PURRUSDT_LINEAL: interno L:4.300000/S:0.000000 -> real L:3.800000/S:0.000000
[2026-08-31 09:35:42] [TUSK] RECONCILIACIÓN_FANTASMA: APRUSDT_LINEAL existe interno pero no en exchange -> reseteando
[2026-08-31 09:35:42] [TUSK] RECONCILIACIÓN_OK: 3 frentes alineados con exchange
[RANGO] COTIUSDT_LINEAL last=0.013368 · río=WS · mercado=linear · estado=ACECHANDO · dir=— · 0=0.013086 · Oz=— · Red=0.013516272 · manos=ON · pos=LONG 1213@0.01302014 · latido=1.50s
[RANGO] autosello COTI · ACECHANDO · Oz=0.0 link=— · manos_feria_informe.json
[RANGO] COTIUSDT_LINEAL last=0.013368 · río=WS · mercado=linear · estado=ACECHANDO · dir=— · 0=0.013086 · Oz=— · Red=0.013516272 · manos=ON · pos=LONG 1213@0.01302014 · latido=1.50s
[RANGO] autosello COTI · ACECHANDO · Oz=0.0 link=— · manos_feria_informe.json
[RANGO] COTIUSDT_LINEAL last=0.013373 · río=WS · mercado=linear · estado=ACECHANDO · dir=— · 0=0.013086 · Oz=— · Red=0.013516272 · manos=ON · pos=LONG 1213@0.01302014 · latido=1.50s
[RANGO] COTIUSDT_LINEAL last=0.013359 · río=WS · mercado=linear · estado=ACECHANDO · dir=— · 0=0.013086 · Oz=— · Red=0.013516272 · manos=ON · pos=LONG 1213@0.01302014 · latido=1.50s
[RANGO] autosello COTI · ACECHANDO · Oz=0.0 link=— · manos_feria_informe.json
[RANGO] COTIUSDT_LINEAL last=0.013381 · río=WS · mercado=linear · estado=ACECHANDO · dir=— · 0=0.013086 · Oz=— · Red=0.013516272 · manos=ON · pos=LONG 1213@0.01302014 · latido=1.50s
[RANGO] autosello COTI · ACECHANDO · Oz=0.0 link=— · manos_feria_informe.json
[RANGO] COTIUSDT_LINEAL last=0.013376 · río=WS · mercado=linear · estado=ACECHANDO · dir=— · 0=0.013086 · Oz=— · Red=0.013516272 · manos=ON · pos=LONG 1213@0.01302014 · latido=1.50s
[2026-08-31 09:36:43] [TUSK] RECONCILIACIÓN: FWDIUSDT_LINEAL: interno L:0.000000/S:0.000000 -> real L:0.000000/S:4.200000
[2026-08-31 09:36:43] [TUSK] RECONCILIACIÓN: POWERUSDT_LINEAL: interno L:0.000000/S:347.000000 -> real L:0.000000/S:404.000000
[2026-08-31 09:36:43] [TUSK] RECONCILIACIÓN: PURRUSDT_LINEAL: interno L:3.800000/S:0.000000 -> real L:4.300000/S:0.000000
[2026-08-31 09:36:43] [TUSK] RECONCILIACIÓN: SYRUPUSDT_LINEAL: interno L:0.000000/S:0.000000 -> real L:482.000000/S:0.000000
[2026-08-31 09:36:43] [TUSK] RECONCILIACIÓN_FANTASMA: CRVUSDT_LINEAL existe interno pero no en exchange -> reseteando
[2026-08-31 09:36:43] [TUSK] RECONCILIACIÓN_FANTASMA: XANUSDT_LINEAL existe interno pero no en exchange -> reseteando
[2026-08-31 09:36:43] [TUSK] RECONCILIACIÓN_OK: 6 frentes alineados con exchange
[RANGO] COTIUSDT_LINEAL last=0.013396 · río=WS · mercado=linear · estado=ACECHANDO · dir=— · 0=0.013086 · Oz=— · Red=0.013516272 · manos=ON · pos=LONG 1213@0.01302014 · latido=1.50s
[RANGO] autosello COTI · ACECHANDO · Oz=0.0 link=— · manos_feria_informe.json
[RANGO] COTIUSDT_LINEAL last=0.013375 · río=WS · mercado=linear · estado=ACECHANDO · dir=— · 0=0.013086 · Oz=— · Red=0.013516272 · manos=ON · pos=LONG 1213@0.01302014 · latido=1.50s
[RANGO] autosello COTI · ACECHANDO · Oz=0.0 link=— · manos_feria_informe.json
[RANGO] COTIUSDT_LINEAL last=0.013355 · río=WS · mercado=linear · estado=ACECHANDO · dir=— · 0=0.013086 · Oz=— · Red=0.013516272 · manos=ON · pos=LONG 1213@0.01302014 · latido=1.50s
[RANGO] COTIUSDT_LINEAL last=0.013344 · río=WS · mercado=linear · estado=ACECHANDO · dir=— · 0=0.013086 · Oz=— · Red=0.013516272 · manos=ON · pos=LONG 1213@0.01302014 · latido=1.50s
[RANGO] autosello COTI · ACECHANDO · Oz=0.0 link=— · manos_feria_informe.json
[RANGO] COTIUSDT_LINEAL last=0.01334 · río=WS · mercado=linear · estado=ACECHANDO · dir=— · 0=0.013086 · Oz=— · Red=0.013516272 · manos=ON · pos=LONG 1213@0.01302014 · latido=1.50s
[RANGO] autosello COTI · ACECHANDO · Oz=0.0 link=— · manos_feria_informe.json
[RANGO] COTIUSDT_LINEAL last=0.013366 · río=WS · mercado=linear · estado=ACECHANDO · dir=— · 0=0.013086 · Oz=— · Red=0.013516272 · manos=ON · pos=LONG 1213@0.01302014 · latido=1.50s
[RANGO] COTIUSDT_LINEAL last=0.013365 · río=WS · mercado=linear · estado=ACECHANDO · dir=— · 0=0.013086 · Oz=— · Red=0.013516272 · manos=ON · pos=LONG 1213@0.01302014 · latido=1.50s
[RANGO] autosello COTI · ACECHANDO · Oz=0.0 link=— · manos_feria_informe.json
[RANGO] COTIUSDT_LINEAL last=0.013292 · río=WS · mercado=linear · estado=ACECHANDO · dir=— · 0=0.013086 · Oz=— · Red=0.013516272 · manos=ON · pos=LONG 1213@0.01302014 · latido=1.50s
[RANGO] autosello COTI · ACECHANDO · Oz=0.0 link=— · manos_feria_informe.json
[RANGO] COTIUSDT_LINEAL last=0.013281 · río=WS · mercado=linear · estado=ACECHANDO · dir=— · 0=0.013086 · Oz=— · Red=0.013516272 · manos=ON · pos=LONG 1213@0.01302014 · latido=1.50s
[RANGO] COTIUSDT_LINEAL last=0.013263 · río=WS · mercado=linear · estado=ACECHANDO · dir=— · 0=0.013086 · Oz=— · Red=0.013516272 · manos=ON · pos=LONG 1213@0.01302014 · latido=1.50s
[RANGO] autosello COTI · ACECHANDO · Oz=0.0 link=— · manos_feria_informe.json
[RANGO] COTIUSDT_LINEAL last=0.013286 · río=WS · mercado=linear · estado=ACECHANDO · dir=— · 0=0.013086 · Oz=— · Red=0.013516272 · manos=ON · pos=LONG 1213@0.01302014 · latido=1.50s
[RANGO] autosello COTI · ACECHANDO · Oz=0.0 link=— · manos_feria_informe.json
[RANGO] COTIUSDT_LINEAL last=0.01327 · río=WS · mercado=linear · estado=ACECHANDO · dir=— · 0=0.013086 · Oz=— · Red=0.013516272 · manos=ON · pos=LONG 1213@0.01302014 · latido=1.50s
[RANGO] COTIUSDT_LINEAL last=0.013274 · río=WS · mercado=linear · estado=ACECHANDO · dir=— · 0=0.013086 · Oz=— · Red=0.013516272 · manos=ON · pos=LONG 1213@0.01302014 · latido=1.50s
[2026-08-31 09:38:46] [TUSK] RECONCILIACIÓN: SHAZUSDT_LINEAL: interno L:0.000000/S:0.000000 -> real L:1.260000/S:0.000000
[2026-08-31 09:38:46] [TUSK] RECONCILIACIÓN: POWERUSDT_LINEAL: interno L:0.000000/S:404.000000 -> real L:0.000000/S:460.000000
[2026-08-31 09:38:46] [TUSK] RECONCILIACIÓN_FANTASMA: QNTXUSDT_LINEAL existe interno pero no en exchange -> reseteando
[2026-08-31 09:38:46] [TUSK] RECONCILIACIÓN_OK: 3 frentes alineados con exchange
[RANGO] autosello COTI · ACECHANDO · Oz=0.0 link=— · manos_feria_informe.json
[RANGO] COTIUSDT_LINEAL last=0.013278 · río=WS · mercado=linear · estado=ACECHANDO · dir=— · 0=0.013086 · Oz=— · Red=0.013516272 · manos=ON · pos=LONG 1213@0.01302014 · latido=1.50s
[RANGO] autosello COTI · ACECHANDO · Oz=0.0 link=— · manos_feria_informe.json
[RANGO] COTIUSDT_LINEAL last=0.013267 · río=WS · mercado=linear · estado=ACECHANDO · dir=— · 0=0.013086 · Oz=— · Red=0.013516272 · manos=ON · pos=LONG 1213@0.01302014 · latido=1.50s
[RANGO] COTIUSDT_LINEAL last=0.013258 · río=WS · mercado=linear · estado=ACECHANDO · dir=— · 0=0.013086 · Oz=— · Red=0.013516272 · manos=ON · pos=LONG 1213@0.01302014 · latido=1.50s
[RANGO] autosello COTI · ACECHANDO · Oz=0.0 link=— · manos_feria_informe.json
[RANGO] COTIUSDT_LINEAL last=0.013273 · río=WS · mercado=linear · estado=ACECHANDO · dir=— · 0=0.013086 · Oz=— · Red=0.013516272 · manos=ON · pos=LONG 1213@0.01302014 · latido=1.50s
[RANGO] autosello COTI · ACECHANDO · Oz=0.0 link=— · manos_feria_informe.json
[RANGO] COTIUSDT_LINEAL last=0.01327 · río=WS · mercado=linear · estado=ACECHANDO · dir=— · 0=0.013086 · Oz=— · Red=0.013516272 · manos=ON · pos=LONG 1213@0.01302014 · latido=1.50s
[RANGO] COTIUSDT_LINEAL last=0.013272 · río=WS · mercado=linear · estado=ACECHANDO · dir=— · 0=0.013086 · Oz=— · Red=0.013516272 · manos=ON · pos=LONG 1213@0.01302014 · latido=1.50s
[2026-08-31 09:39:47] [TUSK] RECONCILIACIÓN: SNXXUSDT_LINEAL: interno L:6.090000/S:0.000000 -> real L:6.470000/S:0.000000
[2026-08-31 09:39:47] [TUSK] RECONCILIACIÓN: XANUSDT_LINEAL: interno L:0.000000/S:0.000000 -> real L:0.000000/S:260.000000
[2026-08-31 09:39:47] [TUSK] RECONCILIACIÓN_FANTASMA: BROCCOLIUSDT_LINEAL existe interno pero no en exchange -> reseteando
[2026-08-31 09:39:47] [TUSK] RECONCILIACIÓN_OK: 3 frentes alineados con exchange
[RANGO] autosello COTI · ACECHANDO · Oz=0.0 link=— · manos_feria_informe.json
[RANGO] COTIUSDT_LINEAL last=0.013287 · río=WS · mercado=linear · estado=ACECHANDO · dir=— · 0=0.013086 · Oz=— · Red=0.013516272 · manos=ON · pos=LONG 1213@0.01302014 · latido=1.50s
[RANGO] autosello COTI · ACECHANDO · Oz=0.0 link=— · manos_feria_informe.json
[RANGO] COTIUSDT_LINEAL last=0.013299 · río=WS · mercado=linear · estado=ACECHANDO · dir=— · 0=0.013086 · Oz=— · Red=0.013516272 · manos=ON · pos=LONG 1213@0.01302014 · latido=1.50s
[RANGO] COTIUSDT_LINEAL last=0.013301 · río=WS · mercado=linear · estado=ACECHANDO · dir=— · 0=0.013086 · Oz=— · Red=0.013516272 · manos=ON · pos=LONG 1213@0.01302014 · latido=1.50s
[RANGO] autosello COTI · ACECHANDO · Oz=0.0 link=— · manos_feria_informe.json
[RANGO] COTIUSDT_LINEAL last=0.01332 · río=WS · mercado=linear · estado=ACECHANDO · dir=— · 0=0.013086 · Oz=— · Red=0.013516272 · manos=ON · pos=LONG 1213@0.01302014 · latido=1.50s
[RANGO] autosello COTI · ACECHANDO · Oz=0.0 link=— · manos_feria_informe.json
[RANGO] COTIUSDT_LINEAL last=0.013326 · río=WS · mercado=linear · estado=ACECHANDO · dir=— · 0=0.013086 · Oz=— · Red=0.013516272 · manos=ON · pos=LONG 1213@0.01302014 · latido=1.50s
[RANGO] COTIUSDT_LINEAL last=0.013326 · río=WS · mercado=linear · estado=ACECHANDO · dir=— · 0=0.013086 · Oz=— · Red=0.013516272 · manos=ON · pos=LONG 1213@0.01302014 · latido=1.50s
[RANGO] autosello COTI · ACECHANDO · Oz=0.0 link=— · manos_feria_informe.json
[2026-08-31 09:40:48] [TUSK] RECONCILIACIÓN: POWERUSDT_LINEAL: interno L:0.000000/S:460.000000 -> real L:0.000000/S:516.000000
[2026-08-31 09:40:48] [TUSK] RECONCILIACIÓN_OK: 1 frentes alineados con exchange
[RANGO] COTIUSDT_LINEAL last=0.013328 · río=WS · mercado=linear · estado=ACECHANDO · dir=— · 0=0.013086 · Oz=— · Red=0.013516272 · manos=ON · pos=LONG 1213@0.01302014 · latido=1.50s
[RANGO] autosello COTI · ACECHANDO · Oz=0.0 link=— · manos_feria_informe.json
[RANGO] COTIUSDT_LINEAL last=0.013333 · río=WS · mercado=linear · estado=ACECHANDO · dir=— · 0=0.013086 · Oz=— · Red=0.013516272 · manos=ON · pos=LONG 1213@0.01302014 · latido=1.50s
[RANGO] COTIUSDT_LINEAL last=0.01334 · río=WS · mercado=linear · estado=ACECHANDO · dir=— · 0=0.013086 · Oz=— · Red=0.013516272 · manos=ON · pos=LONG 1213@0.01302014 · latido=1.50s
[RANGO] autosello COTI · ACECHANDO · Oz=0.0 link=— · manos_feria_informe.json
[RANGO] COTIUSDT_LINEAL last=0.01335 · río=WS · mercado=linear · estado=ACECHANDO · dir=— · 0=0.013086 · Oz=— · Red=0.013516272 · manos=ON · pos=LONG 1213@0.01302014 · latido=1.50s
[RANGO] autosello COTI · ACECHANDO · Oz=0.0 link=— · manos_feria_informe.json
[RANGO] COTIUSDT_LINEAL last=0.013345 · río=WS · mercado=linear · estado=ACECHANDO · dir=— · 0=0.013086 · Oz=— · Red=0.013516272 · manos=ON · pos=LONG 1213@0.01302014 · latido=1.50s
[RANGO] COTIUSDT_LINEAL last=0.013344 · río=WS · mercado=linear · estado=ACECHANDO · dir=— · 0=0.013086 · Oz=— · Red=0.013516272 · manos=ON · pos=LONG 1213@0.01302014 · latido=1.50s
[RANGO] autosello COTI · ACECHANDO · Oz=0.0 link=— · manos_feria_informe.json
[2026-08-31 09:41:50] [TUSK] RECONCILIACIÓN: XANUSDT_LINEAL: interno L:0.000000/S:260.000000 -> real L:0.000000/S:623.000000
[2026-08-31 09:41:50] [TUSK] RECONCILIACIÓN_OK: 1 frentes alineados con exchange
[RANGO] COTIUSDT_LINEAL last=0.01335 · río=WS · mercado=linear · estado=ACECHANDO · dir=— · 0=0.013086 · Oz=— · Red=0.013516272 · manos=ON · pos=LONG 1213@0.01302014 · latido=1.50s
[RANGO] autosello COTI · ACECHANDO · Oz=0.0 link=— · manos_feria_informe.json
[RANGO] COTIUSDT_LINEAL last=0.01334 · río=WS · mercado=linear · estado=ACECHANDO · dir=— · 0=0.013086 · Oz=— · Red=0.013516272 · manos=ON · pos=LONG 1213@0.01302014 · latido=1.50s
[RANGO] COTIUSDT_LINEAL last=0.013353 · río=WS · mercado=linear · estado=ACECHANDO · dir=— · 0=0.013086 · Oz=— · Red=0.013516272 · manos=ON · pos=LONG 1213@0.01302014 · latido=1.50s
[RANGO] autosello COTI · ACECHANDO · Oz=0.0 link=— · manos_feria_informe.json
[RANGO] COTIUSDT_LINEAL last=0.013346 · río=ciego/muleta · mercado=linear · estado=ACECHANDO · dir=— · 0=0.013086 · Oz=— · Red=0.013516272 · manos=ON · pos=LONG 1213@0.01302014 · latido=1.50s
[RANGO] autosello COTI · ACECHANDO · Oz=0.0 link=— · manos_feria_informe.json
[RANGO] COTIUSDT_LINEAL last=0.013352 · río=WS · mercado=linear · estado=ACECHANDO · dir=— · 0=0.013086 · Oz=— · Red=0.013516272 · manos=ON · pos=LONG 1213@0.01302014 · latido=1.50s
[RANGO] COTIUSDT_LINEAL last=0.013344 · río=WS · mercado=linear · estado=ACECHANDO · dir=— · 0=0.013086 · Oz=— · Red=0.013516272 · manos=ON · pos=LONG 1213@0.01302014 · latido=1.50s
[RANGO] autosello COTI · ACECHANDO · Oz=0.0 link=— · manos_feria_informe.json
[RANGO] COTIUSDT_LINEAL last=0.013344 · río=WS · mercado=linear · estado=ACECHANDO · dir=— · 0=0.013086 · Oz=— · Red=0.013516272 · manos=ON · pos=LONG 1213@0.01302014 · latido=1.50s
[RANGO] autosello COTI · ACECHANDO · Oz=0.0 link=— · manos_feria_informe.json
[RANGO] COTIUSDT_LINEAL last=0.013354 · río=WS · mercado=linear · estado=ACECHANDO · dir=— · 0=0.013086 · Oz=— · Red=0.013516272 · manos=ON · pos=LONG 1213@0.01302014 · latido=1.50s
[RANGO] COTIUSDT_LINEAL last=0.013347 · río=WS · mercado=linear · estado=ACECHANDO · dir=— · 0=0.013086 · Oz=— · Red=0.013516272 · manos=ON · pos=LONG 1213@0.01302014 · latido=1.50s
[RANGO] autosello COTI · ACECHANDO · Oz=0.0 link=— · manos_feria_informe.json
[RANGO] COTIUSDT_LINEAL last=0.01335 · río=WS · mercado=linear · estado=ACECHANDO · dir=— · 0=0.013086 · Oz=— · Red=0.013516272 · manos=ON · pos=LONG 1213@0.01302014 · latido=1.50s
[RANGO] autosello COTI · ACECHANDO · Oz=0.0 link=— · manos_feria_informe.json
[RANGO] COTIUSDT_LINEAL last=0.013348 · río=WS · mercado=linear · estado=ACECHANDO · dir=— · 0=0.013086 · Oz=— · Red=0.013516272 · manos=ON · pos=LONG 1213@0.01302014 · latido=1.50s
[RANGO] COTIUSDT_LINEAL last=0.013353 · río=WS · mercado=linear · estado=ACECHANDO · dir=— · 0=0.013086 · Oz=— · Red=0.013516272 · manos=ON · pos=LONG 1213@0.01302014 · latido=1.50s
[RANGO] autosello COTI · ACECHANDO · Oz=0.0 link=— · manos_feria_informe.json
[RANGO] COTIUSDT_LINEAL last=0.013348 · río=WS · mercado=linear · estado=ACECHANDO · dir=— · 0=0.013086 · Oz=— · Red=0.013516272 · manos=ON · pos=LONG 1213@0.01302014 · latido=1.50s
[RANGO] autosello COTI · ACECHANDO · Oz=0.0 link=— · manos_feria_informe.json
[RANGO] COTIUSDT_LINEAL last=0.01335 · río=WS · mercado=linear · estado=ACECHANDO · dir=— · 0=0.013086 · Oz=— · Red=0.013516272 · manos=ON · pos=LONG 1213@0.01302014 · latido=1.50s
[RANGO] COTIUSDT_LINEAL last=0.013361 · río=WS · mercado=linear · estado=ACECHANDO · dir=— · 0=0.013086 · Oz=— · Red=0.013516272 · manos=ON · pos=LONG 1213@0.01302014 · latido=1.50s
[RANGO] autosello COTI · ACECHANDO · Oz=0.0 link=— · manos_feria_informe.json
[RANGO] COTIUSDT_LINEAL last=0.013351 · río=WS · mercado=linear · estado=ACECHANDO · dir=— · 0=0.013086 · Oz=— · Red=0.013516272 · manos=ON · pos=LONG 1213@0.01302014 · latido=1.50s
[RANGO] autosello COTI · ACECHANDO · Oz=0.0 link=— · manos_feria_informe.json
[RANGO] COTIUSDT_LINEAL last=0.013345 · río=WS · mercado=linear · estado=ACECHANDO · dir=— · 0=0.013086 · Oz=— · Red=0.013516272 · manos=ON · pos=LONG 1213@0.01302014 · latido=1.50s
[RANGO] COTIUSDT_LINEAL last=0.013347 · río=WS · mercado=linear · estado=ACECHANDO · dir=— · 0=0.013086 · Oz=— · Red=0.013516272 · manos=ON · pos=LONG 1213@0.01302014 · latido=1.50s
[RANGO] autosello COTI · ACECHANDO · Oz=0.0 link=— · manos_feria_informe.json
[2026-08-31 09:44:54] [TUSK] RECONCILIACIÓN: POWERUSDT_LINEAL: interno L:0.000000/S:516.000000 -> real L:0.000000/S:571.000000
[2026-08-31 09:44:54] [TUSK] RECONCILIACIÓN_OK: 1 frentes alineados con exchange
[RANGO] COTIUSDT_LINEAL last=0.013349 · río=WS · mercado=linear · estado=ACECHANDO · dir=— · 0=0.013086 · Oz=— · Red=0.013516272 · manos=ON · pos=LONG 1213@0.01302014 · latido=1.50s
[RANGO] autosello COTI · ACECHANDO · Oz=0.0 link=— · manos_feria_informe.json
[RANGO] COTIUSDT_LINEAL last=0.013355 · río=WS · mercado=linear · estado=ACECHANDO · dir=— · 0=0.013086 · Oz=— · Red=0.013516272 · manos=ON · pos=LONG 1213@0.01302014 · latido=1.50s
[RANGO] COTIUSDT_LINEAL last=0.013342 · río=WS · mercado=linear · estado=ACECHANDO · dir=— · 0=0.013086 · Oz=— · Red=0.013516272 · manos=ON · pos=LONG 1213@0.01302014 · latido=1.50s
[RANGO] autosello COTI · ACECHANDO · Oz=0.0 link=— · manos_feria_informe.json
[RANGO] COTIUSDT_LINEAL last=0.013344 · río=WS · mercado=linear · estado=ACECHANDO · dir=— · 0=0.013086 · Oz=— · Red=0.013516272 · manos=ON · pos=LONG 1213@0.01302014 · latido=1.50s
[RANGO] autosello COTI · ACECHANDO · Oz=0.0 link=— · manos_feria_informe.json
[RANGO] COTIUSDT_LINEAL last=0.013338 · río=WS · mercado=linear · estado=ACECHANDO · dir=— · 0=0.013086 · Oz=— · Red=0.013516272 · manos=ON · pos=LONG 1213@0.01302014 · latido=1.50s
[RANGO] COTIUSDT_LINEAL last=0.013326 · río=WS · mercado=linear · estado=ACECHANDO · dir=— · 0=0.013086 · Oz=— · Red=0.013516272 · manos=ON · pos=LONG 1213@0.01302014 · latido=1.50s
[RANGO] autosello COTI · ACECHANDO · Oz=0.0 link=— · manos_feria_informe.json
[RANGO] COTIUSDT_LINEAL last=0.013333 · río=WS · mercado=linear · estado=ACECHANDO · dir=— · 0=0.013086 · Oz=— · Red=0.013516272 · manos=ON · pos=LONG 1213@0.01302014 · latido=1.50s
[2026-08-31 09:45:55] [TUSK] RECONCILIACIÓN: XANUSDT_LINEAL: interno L:0.000000/S:623.000000 -> real L:0.000000/S:982.000000
[2026-08-31 09:45:55] [TUSK] RECONCILIACIÓN_OK: 1 frentes alineados con exchange
[RANGO] autosello COTI · ACECHANDO · Oz=0.0 link=— · manos_feria_informe.json
[RANGO] COTIUSDT_LINEAL last=0.013326 · río=WS · mercado=linear · estado=ACECHANDO · dir=— · 0=0.013086 · Oz=— · Red=0.013516272 · manos=ON · pos=LONG 1213@0.01302014 · latido=1.50s
[RANGO] COTIUSDT_LINEAL last=0.013335 · río=WS · mercado=linear · estado=ACECHANDO · dir=— · 0=0.013086 · Oz=— · Red=0.013516272 · manos=ON · pos=LONG 1213@0.01302014 · latido=1.50s
[RANGO] autosello COTI · ACECHANDO · Oz=0.0 link=— · manos_feria_informe.json
[RANGO] COTIUSDT_LINEAL last=0.013346 · río=WS · mercado=linear · estado=ACECHANDO · dir=— · 0=0.013086 · Oz=— · Red=0.013516272 · manos=ON · pos=LONG 1213@0.01302014 · latido=1.50s
[RANGO] autosello COTI · ACECHANDO · Oz=0.0 link=— · manos_feria_informe.json
[RANGO] COTIUSDT_LINEAL last=0.013359 · río=WS · mercado=linear · estado=ACECHANDO · dir=— · 0=0.013086 · Oz=— · Red=0.013516272 · manos=ON · pos=LONG 1213@0.01302014 · latido=1.50s
[RANGO] COTIUSDT_LINEAL last=0.01336 · río=WS · mercado=linear · estado=ACECHANDO · dir=— · 0=0.013086 · Oz=— · Red=0.013516272 · manos=ON · pos=LONG 1213@0.01302014 · latido=1.50s
[RANGO] autosello COTI · ACECHANDO · Oz=0.0 link=— · manos_feria_informe.json
[RANGO] COTIUSDT_LINEAL last=0.013366 · río=WS · mercado=linear · estado=ACECHANDO · dir=— · 0=0.013086 · Oz=— · Red=0.013516272 · manos=ON · pos=LONG 1213@0.01302014 · latido=1.50s
[2026-08-31 09:46:57] [TUSK] RECONCILIACIÓN: HYPEUSDT_LINEAL: interno L:0.000000/S:0.000000 -> real L:0.000000/S:0.270000
[2026-08-31 09:46:57] [TUSK] RECONCILIACIÓN_FANTASMA: ARMUSDT_LINEAL existe interno pero no en exchange -> reseteando
[2026-08-31 09:46:57] [TUSK] RECONCILIACIÓN_OK: 2 frentes alineados con exchange
[RANGO] autosello COTI · ACECHANDO · Oz=0.0 link=— · manos_feria_informe.json
[RANGO] COTIUSDT_LINEAL last=0.013379 · río=WS · mercado=linear · estado=ACECHANDO · dir=— · 0=0.013086 · Oz=— · Red=0.013516272 · manos=ON · pos=LONG 1213@0.01302014 · latido=1.50s
[RANGO] COTIUSDT_LINEAL last=0.013416 · río=WS · mercado=linear · estado=ACECHANDO · dir=— · 0=0.013086 · Oz=— · Red=0.013516272 · manos=ON · pos=LONG 1213@0.01302014 · latido=1.50s
[RANGO] autosello COTI · ACECHANDO · Oz=0.0 link=— · manos_feria_informe.json
[RANGO] COTIUSDT_LINEAL last=0.013386 · río=WS · mercado=linear · estado=ACECHANDO · dir=— · 0=0.013086 · Oz=— · Red=0.013516272 · manos=ON · pos=LONG 1213@0.01302014 · latido=1.50s
[RANGO] autosello COTI · ACECHANDO · Oz=0.0 link=— · manos_feria_informe.json
[RANGO] COTIUSDT_LINEAL last=0.013368 · río=WS · mercado=linear · estado=ACECHANDO · dir=— · 0=0.013086 · Oz=— · Red=0.013516272 · manos=ON · pos=LONG 1213@0.01302014 · latido=1.50s
[RANGO] COTIUSDT_LINEAL last=0.01337 · río=WS · mercado=linear · estado=ACECHANDO · dir=— · 0=0.013086 · Oz=— · Red=0.013516272 · manos=ON · pos=LONG 1213@0.01302014 · latido=1.50s
[RANGO] autosello COTI · ACECHANDO · Oz=0.0 link=— · manos_feria_informe.json
[RANGO] COTIUSDT_LINEAL last=0.013376 · río=ciego/muleta · mercado=linear · estado=ACECHANDO · dir=— · 0=0.013086 · Oz=— · Red=0.013516272 · manos=ON · pos=LONG 1213@0.01302014 · latido=1.50s
[RANGO] autosello COTI · ACECHANDO · Oz=0.0 link=— · manos_feria_informe.json
[RANGO] COTIUSDT_LINEAL last=0.013346 · río=WS · mercado=linear · estado=ACECHANDO · dir=— · 0=0.013086 · Oz=— · Red=0.013516272 · manos=ON · pos=LONG 1213@0.01302014 · latido=1.50s
[RANGO] COTIUSDT_LINEAL last=0.013328 · río=WS · mercado=linear · estado=ACECHANDO · dir=— · 0=0.013086 · Oz=— · Red=0.013516272 · manos=ON · pos=LONG 1213@0.01302014 · latido=1.50s
[RANGO] autosello COTI · ACECHANDO · Oz=0.0 link=— · manos_feria_informe.json
[RANGO] COTIUSDT_LINEAL last=0.013352 · río=WS · mercado=linear · estado=ACECHANDO · dir=— · 0=0.013086 · Oz=— · Red=0.013516272 · manos=ON · pos=LONG 1213@0.01302014 · latido=1.50s
[RANGO] autosello COTI · ACECHANDO · Oz=0.0 link=— · manos_feria_informe.json
[RANGO] COTIUSDT_LINEAL last=0.013345 · río=WS · mercado=linear · estado=ACECHANDO · dir=— · 0=0.013086 · Oz=— · Red=0.013516272 · manos=ON · pos=LONG 1213@0.01302014 · latido=1.50s
[RANGO] COTIUSDT_LINEAL last=0.013376 · río=WS · mercado=linear · estado=ACECHANDO · dir=— · 0=0.013086 · Oz=— · Red=0.013516272 · manos=ON · pos=LONG 1213@0.01302014 · latido=1.50s
[RANGO] autosello COTI · ACECHANDO · Oz=0.0 link=— · manos_feria_informe.json
[RANGO] COTIUSDT_LINEAL last=0.013376 · río=WS · mercado=linear · estado=ACECHANDO · dir=— · 0=0.013086 · Oz=— · Red=0.013516272 · manos=ON · pos=LONG 1213@0.01302014 · latido=1.50s
[2026-08-31 09:49:01] [TUSK] RECONCILIACIÓN: POWERUSDT_LINEAL: interno L:0.000000/S:571.000000 -> real L:0.000000/S:625.000000
[2026-08-31 09:49:01] [TUSK] RECONCILIACIÓN_OK: 1 frentes alineados con exchange
[RANGO] autosello COTI · ACECHANDO · Oz=0.0 link=— · manos_feria_informe.json
[RANGO] COTIUSDT_LINEAL last=0.013377 · río=ciego/muleta · mercado=linear · estado=ACECHANDO · dir=— · 0=0.013086 · Oz=— · Red=0.013516272 · manos=ON · pos=LONG 1213@0.01302014 · latido=1.50s
[RANGO] COTIUSDT_LINEAL last=0.013398 · río=WS · mercado=linear · estado=ACECHANDO · dir=— · 0=0.013086 · Oz=— · Red=0.013516272 · manos=ON · pos=LONG 1213@0.01302014 · latido=1.50s
[RANGO] autosello COTI · ACECHANDO · Oz=0.0 link=— · manos_feria_informe.json
[RANGO] COTIUSDT_LINEAL last=0.013397 · río=WS · mercado=linear · estado=ACECHANDO · dir=— · 0=0.013086 · Oz=— · Red=0.013516272 · manos=ON · pos=LONG 1213@0.01302014 · latido=1.50s
[RANGO] autosello COTI · ACECHANDO · Oz=0.0 link=— · manos_feria_informe.json
[RANGO] COTIUSDT_LINEAL last=0.013412 · río=WS · mercado=linear · estado=ACECHANDO · dir=— · 0=0.013086 · Oz=— · Red=0.013516272 · manos=ON · pos=LONG 1213@0.01302014 · latido=1.50s
[RANGO] COTIUSDT_LINEAL last=0.013414 · río=WS · mercado=linear · estado=ACECHANDO · dir=— · 0=0.013086 · Oz=— · Red=0.013516272 · manos=ON · pos=LONG 1213@0.01302014 · latido=1.50s
[RANGO] autosello COTI · ACECHANDO · Oz=0.0 link=— · manos_feria_informe.json
[RANGO] COTIUSDT_LINEAL last=0.013418 · río=WS · mercado=linear · estado=ACECHANDO · dir=— · 0=0.013086 · Oz=— · Red=0.013516272 · manos=ON · pos=LONG 1213@0.01302014 · latido=1.50s
[RANGO] autosello COTI · ACECHANDO · Oz=0.0 link=— · manos_feria_informe.json
[RANGO] COTIUSDT_LINEAL last=0.013416 · río=WS · mercado=linear · estado=ACECHANDO · dir=— · 0=0.013086 · Oz=— · Red=0.013516272 · manos=ON · pos=LONG 1213@0.01302014 · latido=1.50s
[RANGO] COTIUSDT_LINEAL last=0.013412 · río=WS · mercado=linear · estado=ACECHANDO · dir=— · 0=0.013086 · Oz=— · Red=0.013516272 · manos=ON · pos=LONG 1213@0.01302014 · latido=1.50s
[RANGO] autosello COTI · ACECHANDO · Oz=0.0 link=— · manos_feria_informe.json
[RANGO] COTIUSDT_LINEAL last=0.013421 · río=WS · mercado=linear · estado=ACECHANDO · dir=— · 0=0.013086 · Oz=— · Red=0.013516272 · manos=ON · pos=LONG 1213@0.01302014 · latido=1.50s
[RANGO] autosello COTI · ACECHANDO · Oz=0.0 link=— · manos_feria_informe.json
[RANGO] COTIUSDT_LINEAL last=0.013423 · río=WS · mercado=linear · estado=ACECHANDO · dir=— · 0=0.013086 · Oz=— · Red=0.013516272 · manos=ON · pos=LONG 1213@0.01302014 · latido=1.50s
[RANGO] COTIUSDT_LINEAL last=0.013429 · río=WS · mercado=linear · estado=ACECHANDO · dir=— · 0=0.013086 · Oz=— · Red=0.013516272 · manos=ON · pos=LONG 1213@0.01302014 · latido=1.50s
[RANGO] autosello COTI · ACECHANDO · Oz=0.0 link=— · manos_feria_informe.json
[RANGO] COTIUSDT_LINEAL last=0.013438 · río=WS · mercado=linear · estado=ACECHANDO · dir=— · 0=0.013086 · Oz=— · Red=0.013516272 · manos=ON · pos=LONG 1213@0.01302014 · latido=1.50s
[RANGO] autosello COTI · ACECHANDO · Oz=0.0 link=— · manos_feria_informe.json
[2026-08-31 09:51:05] [TUSK] RECONCILIACIÓN: POWERUSDT_LINEAL: interno L:0.000000/S:625.000000 -> real L:0.000000/S:571.000000
[2026-08-31 09:51:05] [TUSK] RECONCILIACIÓN_OK: 1 frentes alineados con exchange
[RANGO] COTIUSDT_LINEAL last=0.013462 · río=WS · mercado=linear · estado=ACECHANDO · dir=— · 0=0.013086 · Oz=— · Red=0.013516272 · manos=ON · pos=LONG 1213@0.01302014 · latido=1.50s
[RANGO] COTIUSDT_LINEAL last=0.013454 · río=WS · mercado=linear · estado=ACECHANDO · dir=— · 0=0.013086 · Oz=— · Red=0.013516272 · manos=ON · pos=LONG 1213@0.01302014 · latido=1.50s
[RANGO] autosello COTI · ACECHANDO · Oz=0.0 link=— · manos_feria_informe.json
[RANGO] COTIUSDT_LINEAL last=0.013436 · río=WS · mercado=linear · estado=ACECHANDO · dir=— · 0=0.013086 · Oz=— · Red=0.013516272 · manos=ON · pos=LONG 1213@0.01302014 · latido=1.50s
[RANGO] autosello COTI · ACECHANDO · Oz=0.0 link=— · manos_feria_informe.json
[RANGO] COTIUSDT_LINEAL last=0.013434 · río=WS · mercado=linear · estado=ACECHANDO · dir=— · 0=0.013086 · Oz=— · Red=0.013516272 · manos=ON · pos=LONG 1213@0.01302014 · latido=1.50s
[RANGO] COTIUSDT_LINEAL last=0.013427 · río=WS · mercado=linear · estado=ACECHANDO · dir=— · 0=0.013086 · Oz=— · Red=0.013516272 · manos=ON · pos=LONG 1213@0.01302014 · latido=1.50s
[RANGO] autosello COTI · ACECHANDO · Oz=0.0 link=— · manos_feria_informe.json
[RANGO] COTIUSDT_LINEAL last=0.013431 · río=WS · mercado=linear · estado=ACECHANDO · dir=— · 0=0.013086 · Oz=— · Red=0.013516272 · manos=ON · pos=LONG 1213@0.01302014 · latido=1.50s
[RANGO] autosello COTI · ACECHANDO · Oz=0.0 link=— · manos_feria_informe.json
[2026-08-31 09:52:06] [TUSK] RECONCILIACIÓN: POWERUSDT_LINEAL: interno L:0.000000/S:571.000000 -> real L:0.000000/S:516.000000
[2026-08-31 09:52:06] [TUSK] RECONCILIACIÓN_OK: 1 frentes alineados con exchange
[RANGO] COTIUSDT_LINEAL last=0.01343 · río=WS · mercado=linear · estado=ACECHANDO · dir=— · 0=0.013086 · Oz=— · Red=0.013516272 · manos=ON · pos=LONG 1213@0.01302014 · latido=1.50s
[RANGO] COTIUSDT_LINEAL last=0.013432 · río=WS · mercado=linear · estado=ACECHANDO · dir=— · 0=0.013086 · Oz=— · Red=0.013516272 · manos=ON · pos=LONG 1213@0.01302014 · latido=1.50s
[RANGO] autosello COTI · ACECHANDO · Oz=0.0 link=— · manos_feria_informe.json
[RANGO] COTIUSDT_LINEAL last=0.013439 · río=WS · mercado=linear · estado=ACECHANDO · dir=— · 0=0.013086 · Oz=— · Red=0.013516272 · manos=ON · pos=LONG 1213@0.01302014 · latido=1.50s
[RANGO] autosello COTI · ACECHANDO · Oz=0.0 link=— · manos_feria_informe.json
[RANGO] COTIUSDT_LINEAL last=0.013441 · río=WS · mercado=linear · estado=ACECHANDO · dir=— · 0=0.013086 · Oz=— · Red=0.013516272 · manos=ON · pos=LONG 1213@0.01302014 · latido=1.50s
[RANGO] COTIUSDT_LINEAL last=0.013454 · río=WS · mercado=linear · estado=ACECHANDO · dir=— · 0=0.013086 · Oz=— · Red=0.013516272 · manos=ON · pos=LONG 1213@0.01302014 · latido=1.50s
[RANGO] autosello COTI · ACECHANDO · Oz=0.0 link=— · manos_feria_informe.json
[RANGO] COTIUSDT_LINEAL last=0.013468 · río=WS · mercado=linear · estado=ACECHANDO · dir=— · 0=0.013086 · Oz=— · Red=0.013516272 · manos=ON · pos=LONG 1213@0.01302014 · latido=1.50s
[RANGO] autosello COTI · ACECHANDO · Oz=0.0 link=— · manos_feria_informe.json
[RANGO] COTIUSDT_LINEAL last=0.01346 · río=WS · mercado=linear · estado=ACECHANDO · dir=— · 0=0.013086 · Oz=— · Red=0.013516272 · manos=ON · pos=LONG 1213@0.01302014 · latido=1.50s
[RANGO] COTIUSDT_LINEAL last=0.01346 · río=ciego/muleta · mercado=linear · estado=ACECHANDO · dir=— · 0=0.013086 · Oz=— · Red=0.013516272 · manos=ON · pos=LONG 1213@0.01302014 · latido=1.50s
[RANGO] autosello COTI · ACECHANDO · Oz=0.0 link=— · manos_feria_informe.json
[RANGO] COTIUSDT_LINEAL last=0.013448 · río=WS · mercado=linear · estado=ACECHANDO · dir=— · 0=0.013086 · Oz=— · Red=0.013516272 · manos=ON · pos=LONG 1213@0.01302014 · latido=1.50s
[RANGO] autosello COTI · ACECHANDO · Oz=0.0 link=— · manos_feria_informe.json
[RANGO] COTIUSDT_LINEAL last=0.013451 · río=WS · mercado=linear · estado=ACECHANDO · dir=— · 0=0.013086 · Oz=— · Red=0.013516272 · manos=ON · pos=LONG 1213@0.01302014 · latido=1.50s
[RANGO] autosello COTI · ACECHANDO · Oz=0.0 link=— · manos_feria_informe.json
[RANGO] COTIUSDT_LINEAL last=0.013456 · río=WS · mercado=linear · estado=ACECHANDO · dir=— · 0=0.013086 · Oz=— · Red=0.013516272 · manos=ON · pos=LONG 1213@0.01302014 · latido=1.50s
[RANGO] COTIUSDT_LINEAL last=0.013458 · río=WS · mercado=linear · estado=ACECHANDO · dir=— · 0=0.013086 · Oz=— · Red=0.013516272 · manos=ON · pos=LONG 1213@0.01302014 · latido=1.50s
[RANGO] autosello COTI · ACECHANDO · Oz=0.0 link=— · manos_feria_informe.json
[RANGO] COTIUSDT_LINEAL last=0.013457 · río=WS · mercado=linear · estado=ACECHANDO · dir=— · 0=0.013086 · Oz=— · Red=0.013516272 · manos=ON · pos=LONG 1213@0.01302014 · latido=1.50s
[2026-08-31 09:54:09] [TUSK] RECONCILIACIÓN: POWERUSDT_LINEAL: interno L:0.000000/S:516.000000 -> real L:0.000000/S:645.000000
[2026-08-31 09:54:09] [TUSK] RECONCILIACIÓN_OK: 1 frentes alineados con exchange
[RANGO] autosello COTI · ACECHANDO · Oz=0.0 link=— · manos_feria_informe.json
[RANGO] COTIUSDT_LINEAL last=0.013448 · río=WS · mercado=linear · estado=ACECHANDO · dir=— · 0=0.013086 · Oz=— · Red=0.013516272 · manos=ON · pos=LONG 1213@0.01302014 · latido=1.50s
[RANGO] COTIUSDT_LINEAL last=0.013443 · río=WS · mercado=linear · estado=ACECHANDO · dir=— · 0=0.013086 · Oz=— · Red=0.013516272 · manos=ON · pos=LONG 1213@0.01302014 · latido=1.50s
[RANGO] autosello COTI · ACECHANDO · Oz=0.0 link=— · manos_feria_informe.json
[RANGO] COTIUSDT_LINEAL last=0.013447 · río=WS · mercado=linear · estado=ACECHANDO · dir=— · 0=0.013086 · Oz=— · Red=0.013516272 · manos=ON · pos=LONG 1213@0.01302014 · latido=1.50s
[RANGO] autosello COTI · ACECHANDO · Oz=0.0 link=— · manos_feria_informe.json
[RANGO] COTIUSDT_LINEAL last=0.013437 · río=WS · mercado=linear · estado=ACECHANDO · dir=— · 0=0.013086 · Oz=— · Red=0.013516272 · manos=ON · pos=LONG 1213@0.01302014 · latido=1.50s
[RANGO] COTIUSDT_LINEAL last=0.013434 · río=WS · mercado=linear · estado=ACECHANDO · dir=— · 0=0.013086 · Oz=— · Red=0.013516272 · manos=ON · pos=LONG 1213@0.01302014 · latido=1.50s
[RANGO] autosello COTI · ACECHANDO · Oz=0.0 link=— · manos_feria_informe.json
[RANGO] COTIUSDT_LINEAL last=0.01343 · río=WS · mercado=linear · estado=ACECHANDO · dir=— · 0=0.013086 · Oz=— · Red=0.013516272 · manos=ON · pos=LONG 1213@0.01302014 · latido=1.50s
[2026-08-31 09:55:11] [TUSK] RECONCILIACIÓN: SNXXUSDT_LINEAL: interno L:6.470000/S:0.000000 -> real L:6.850000/S:0.000000
[2026-08-31 09:55:11] [TUSK] RECONCILIACIÓN_OK: 1 frentes alineados con exchange
[RANGO] autosello COTI · ACECHANDO · Oz=0.0 link=— · manos_feria_informe.json
[RANGO] COTIUSDT_LINEAL last=0.013432 · río=WS · mercado=linear · estado=ACECHANDO · dir=— · 0=0.013086 · Oz=— · Red=0.013516272 · manos=ON · pos=LONG 1213@0.01302014 · latido=1.50s
[RANGO] COTIUSDT_LINEAL last=0.013414 · río=WS · mercado=linear · estado=ACECHANDO · dir=— · 0=0.013086 · Oz=— · Red=0.013516272 · manos=ON · pos=LONG 1213@0.01302014 · latido=1.50s
[RANGO] autosello COTI · ACECHANDO · Oz=0.0 link=— · manos_feria_informe.json
[RANGO] COTIUSDT_LINEAL last=0.01338 · río=WS · mercado=linear · estado=ACECHANDO · dir=— · 0=0.013086 · Oz=— · Red=0.013516272 · manos=ON · pos=LONG 1213@0.01302014 · latido=1.50s
[RANGO] autosello COTI · ACECHANDO · Oz=0.0 link=— · manos_feria_informe.json
[RANGO] COTIUSDT_LINEAL last=0.013384 · río=WS · mercado=linear · estado=ACECHANDO · dir=— · 0=0.013086 · Oz=— · Red=0.013516272 · manos=ON · pos=LONG 1213@0.01302014 · latido=1.50s
[RANGO] COTIUSDT_LINEAL last=0.013396 · río=WS · mercado=linear · estado=ACECHANDO · dir=— · 0=0.013086 · Oz=— · Red=0.013516272 · manos=ON · pos=LONG 1213@0.01302014 · latido=1.50s
[RANGO] autosello COTI · ACECHANDO · Oz=0.0 link=— · manos_feria_informe.json
[RANGO] COTIUSDT_LINEAL last=0.013397 · río=WS · mercado=linear · estado=ACECHANDO · dir=— · 0=0.013086 · Oz=— · Red=0.013516272 · manos=ON · pos=LONG 1213@0.01302014 · latido=1.50s
[2026-08-31 09:56:13] [TUSK] RECONCILIACIÓN: ROSEUSDT_LINEAL: interno L:0.000000/S:0.000000 -> real L:0.000000/S:2258.000000
[2026-08-31 09:56:13] [TUSK] RECONCILIACIÓN_FANTASMA: LITUSDT_LINEAL existe interno pero no en exchange -> reseteando
[2026-08-31 09:56:13] [TUSK] RECONCILIACIÓN_OK: 2 frentes alineados con exchange
[RANGO] autosello COTI · ACECHANDO · Oz=0.0 link=— · manos_feria_informe.json
[RANGO] COTIUSDT_LINEAL last=0.013395 · río=WS · mercado=linear · estado=ACECHANDO · dir=— · 0=0.013086 · Oz=— · Red=0.013516272 · manos=ON · pos=LONG 1213@0.01302014 · latido=1.50s
[RANGO] COTIUSDT_LINEAL last=0.013381 · río=WS · mercado=linear · estado=ACECHANDO · dir=— · 0=0.013086 · Oz=— · Red=0.013516272 · manos=ON · pos=LONG 1213@0.01302014 · latido=1.50s
[RANGO] autosello COTI · ACECHANDO · Oz=0.0 link=— · manos_feria_informe.json
[RANGO] COTIUSDT_LINEAL last=0.01337 · río=WS · mercado=linear · estado=ACECHANDO · dir=— · 0=0.013086 · Oz=— · Red=0.013516272 · manos=ON · pos=LONG 1213@0.01302014 · latido=1.50s
[RANGO] autosello COTI · ACECHANDO · Oz=0.0 link=— · manos_feria_informe.json
[RANGO] COTIUSDT_LINEAL last=0.01337 · río=WS · mercado=linear · estado=ACECHANDO · dir=— · 0=0.013086 · Oz=— · Red=0.013516272 · manos=ON · pos=LONG 1213@0.01302014 · latido=1.50s
[RANGO] COTIUSDT_LINEAL last=0.013374 · río=WS · mercado=linear · estado=ACECHANDO · dir=— · 0=0.013086 · Oz=— · Red=0.013516272 · manos=ON · pos=LONG 1213@0.01302014 · latido=1.50s
[RANGO] autosello COTI · ACECHANDO · Oz=0.0 link=— · manos_feria_informe.json
[RANGO] COTIUSDT_LINEAL last=0.013378 · río=WS · mercado=linear · estado=ACECHANDO · dir=— · 0=0.013086 · Oz=— · Red=0.013516272 · manos=ON · pos=LONG 1213@0.01302014 · latido=1.50s
[2026-08-31 09:57:14] [TUSK] RECONCILIACIÓN: INTWUSDT_LINEAL: interno L:0.000000/S:0.000000 -> real L:2.680000/S:0.000000
[2026-08-31 09:57:14] [TUSK] RECONCILIACIÓN: POWERUSDT_LINEAL: interno L:0.000000/S:645.000000 -> real L:0.000000/S:590.000000
[2026-08-31 09:57:14] [TUSK] RECONCILIACIÓN_FANTASMA: CHIPUSDT_LINEAL existe interno pero no en exchange -> reseteando
[2026-08-31 09:57:14] [TUSK] RECONCILIACIÓN_OK: 3 frentes alineados con exchange
[RANGO] autosello COTI · ACECHANDO · Oz=0.0 link=— · manos_feria_informe.json
[RANGO] COTIUSDT_LINEAL last=0.013392 · río=WS · mercado=linear · estado=ACECHANDO · dir=— · 0=0.013086 · Oz=— · Red=0.013516272 · manos=ON · pos=LONG 1213@0.01302014 · latido=1.50s
[RANGO] COTIUSDT_LINEAL last=0.01339 · río=WS · mercado=linear · estado=ACECHANDO · dir=— · 0=0.013086 · Oz=— · Red=0.013516272 · manos=ON · pos=LONG 1213@0.01302014 · latido=1.50s
[RANGO] autosello COTI · ACECHANDO · Oz=0.0 link=— · manos_feria_informe.json
[RANGO] COTIUSDT_LINEAL last=0.013407 · río=WS · mercado=linear · estado=ACECHANDO · dir=— · 0=0.013086 · Oz=— · Red=0.013516272 · manos=ON · pos=LONG 1213@0.01302014 · latido=1.50s
[RANGO] autosello COTI · ACECHANDO · Oz=0.0 link=— · manos_feria_informe.json
[RANGO] COTIUSDT_LINEAL last=0.013424 · río=WS · mercado=linear · estado=ACECHANDO · dir=— · 0=0.013086 · Oz=— · Red=0.013516272 · manos=ON · pos=LONG 1213@0.01302014 · latido=1.50s
[RANGO] COTIUSDT_LINEAL last=0.013428 · río=WS · mercado=linear · estado=ACECHANDO · dir=— · 0=0.013086 · Oz=— · Red=0.013516272 · manos=ON · pos=LONG 1213@0.01302014 · latido=1.50s
[RANGO] autosello COTI · ACECHANDO · Oz=0.0 link=— · manos_feria_informe.json
[RANGO] COTIUSDT_LINEAL last=0.013419 · río=WS · mercado=linear · estado=ACECHANDO · dir=— · 0=0.013086 · Oz=— · Red=0.013516272 · manos=ON · pos=LONG 1213@0.01302014 · latido=1.50s
[2026-08-31 09:58:16] [TUSK] RECONCILIACIÓN: POWERUSDT_LINEAL: interno L:0.000000/S:590.000000 -> real L:0.000000/S:523.000000
[2026-08-31 09:58:16] [TUSK] RECONCILIACIÓN_OK: 1 frentes alineados con exchange
[RANGO] autosello COTI · ACECHANDO · Oz=0.0 link=— · manos_feria_informe.json
[RANGO] COTIUSDT_LINEAL last=0.013427 · río=WS · mercado=linear · estado=ACECHANDO · dir=— · 0=0.013086 · Oz=— · Red=0.013516272 · manos=ON · pos=LONG 1213@0.01302014 · latido=1.50s
[RANGO] COTIUSDT_LINEAL last=0.013434 · río=WS · mercado=linear · estado=ACECHANDO · dir=— · 0=0.013086 · Oz=— · Red=0.013516272 · manos=ON · pos=LONG 1213@0.01302014 · latido=1.50s
[RANGO] autosello COTI · ACECHANDO · Oz=0.0 link=— · manos_feria_informe.json
[RANGO] COTIUSDT_LINEAL last=0.013434 · río=WS · mercado=linear · estado=ACECHANDO · dir=— · 0=0.013086 · Oz=— · Red=0.013516272 · manos=ON · pos=LONG 1213@0.01302014 · latido=1.50s
[RANGO] autosello COTI · ACECHANDO · Oz=0.0 link=— · manos_feria_informe.json
[RANGO] COTIUSDT_LINEAL last=0.01343 · río=WS · mercado=linear · estado=ACECHANDO · dir=— · 0=0.013086 · Oz=— · Red=0.013516272 · manos=ON · pos=LONG 1213@0.01302014 · latido=1.50s
[RANGO] COTIUSDT_LINEAL last=0.013423 · río=WS · mercado=linear · estado=ACECHANDO · dir=— · 0=0.013086 · Oz=— · Red=0.013516272 · manos=ON · pos=LONG 1213@0.01302014 · latido=1.50s
[RANGO] autosello COTI · ACECHANDO · Oz=0.0 link=— · manos_feria_informe.json
[RANGO] COTIUSDT_LINEAL last=0.013421 · río=WS · mercado=linear · estado=ACECHANDO · dir=— · 0=0.013086 · Oz=— · Red=0.013516272 · manos=ON · pos=LONG 1213@0.01302014 · latido=1.50s
[2026-08-31 09:59:18] [TUSK] RECONCILIACIÓN: MVLLUSDT_LINEAL: interno L:0.000000/S:0.000000 -> real L:3.770000/S:0.000000
[2026-08-31 09:59:18] [TUSK] RECONCILIACIÓN_FANTASMA: NILUSDT_LINEAL existe interno pero no en exchange -> reseteando
[2026-08-31 09:59:18] [TUSK] RECONCILIACIÓN_OK: 2 frentes alineados con exchange
[RANGO] autosello COTI · ACECHANDO · Oz=0.0 link=— · manos_feria_informe.json
[RANGO] COTIUSDT_LINEAL last=0.013428 · río=WS · mercado=linear · estado=ACECHANDO · dir=— · 0=0.013086 · Oz=— · Red=0.013516272 · manos=ON · pos=LONG 1213@0.01302014 · latido=1.50s
[RANGO] COTIUSDT_LINEAL last=0.013428 · río=WS · mercado=linear · estado=ACECHANDO · dir=— · 0=0.013086 · Oz=— · Red=0.013516272 · manos=ON · pos=LONG 1213@0.01302014 · latido=1.50s
[RANGO] autosello COTI · ACECHANDO · Oz=0.0 link=— · manos_feria_informe.json
[RANGO] COTIUSDT_LINEAL last=0.013429 · río=WS · mercado=linear · estado=ACECHANDO · dir=— · 0=0.013086 · Oz=— · Red=0.013516272 · manos=ON · pos=LONG 1213@0.01302014 · latido=1.50s
[RANGO] autosello COTI · ACECHANDO · Oz=0.0 link=— · manos_feria_informe.json
[RANGO] COTIUSDT_LINEAL last=0.013419 · río=WS · mercado=linear · estado=ACECHANDO · dir=— · 0=0.013086 · Oz=— · Red=0.013516272 · manos=ON · pos=LONG 1213@0.01302014 · latido=1.50s
[RANGO] COTIUSDT_LINEAL last=0.01341 · río=WS · mercado=linear · estado=ACECHANDO · dir=— · 0=0.013086 · Oz=— · Red=0.013516272 · manos=ON · pos=LONG 1213@0.01302014 · latido=1.50s
[RANGO] autosello COTI · ACECHANDO · Oz=0.0 link=— · manos_feria_informe.json
[RANGO] COTIUSDT_LINEAL last=0.013366 · río=WS · mercado=linear · estado=ACECHANDO · dir=— · 0=0.013086 · Oz=— · Red=0.013516272 · manos=ON · pos=LONG 1213@0.01302014 · latido=1.50s
[2026-08-31 10:00:19] [TUSK] RECONCILIACIÓN: LSKUSDT_LINEAL: interno L:0.000000/S:0.000000 -> real L:94.400000/S:0.000000
[2026-08-31 10:00:19] [TUSK] RECONCILIACIÓN: CRDOUSDT_LINEAL: interno L:0.000000/S:0.000000 -> real L:0.140000/S:0.000000
[2026-08-31 10:00:19] [TUSK] RECONCILIACIÓN: XLMUSDT_LINEAL: interno L:0.000000/S:0.000000 -> real L:334.000000/S:0.000000
[2026-08-31 10:00:19] [TUSK] RECONCILIACIÓN: BATUSDT_LINEAL: interno L:0.000000/S:0.000000 -> real L:277.700000/S:0.000000
[2026-08-31 10:00:19] [TUSK] RECONCILIACIÓN: DASHUSDT_LINEAL: interno L:0.000000/S:0.000000 -> real L:0.000000/S:0.340000
[2026-08-31 10:00:19] [TUSK] RECONCILIACIÓN: SPACEUSDT_LINEAL: interno L:0.000000/S:0.000000 -> real L:3640.000000/S:0.000000
[2026-08-31 10:00:19] [TUSK] RECONCILIACIÓN: HYUNDAIUSDT_LINEAL: interno L:0.000000/S:0.000000 -> real L:0.200000/S:0.000000
[2026-08-31 10:00:19] [TUSK] RECONCILIACIÓN: ORCLUSDT_LINEAL: interno L:0.000000/S:0.000000 -> real L:0.090000/S:0.000000
[2026-08-31 10:00:19] [TUSK] RECONCILIACIÓN: ZBCNUSDT_LINEAL: interno L:0.000000/S:0.000000 -> real L:9700.000000/S:0.000000
[2026-08-31 10:00:19] [TUSK] RECONCILIACIÓN: APLDUSDT_LINEAL: interno L:0.000000/S:0.000000 -> real L:0.880000/S:0.000000
[2026-08-31 10:00:19] [TUSK] RECONCILIACIÓN: WDCUSDT_LINEAL: interno L:0.000000/S:0.000000 -> real L:0.020000/S:0.000000
[2026-08-31 10:00:19] [TUSK] RECONCILIACIÓN: AIGENSYNUSDT_LINEAL: interno L:0.000000/S:0.000000 -> real L:1230.000000/S:0.000000
[2026-08-31 10:00:19] [TUSK] RECONCILIACIÓN: CIENUSDT_LINEAL: interno L:0.000000/S:0.000000 -> real L:0.020000/S:0.000000
[2026-08-31 10:00:19] [TUSK] RECONCILIACIÓN: INTCUSDT_LINEAL: interno L:0.000000/S:0.000000 -> real L:0.130000/S:0.000000
[2026-08-31 10:00:19] [TUSK] RECONCILIACIÓN: SAFEUSDT_LINEAL: interno L:0.000000/S:0.000000 -> real L:0.000000/S:46.600000
[2026-08-31 10:00:19] [TUSK] RECONCILIACIÓN: SKHYUSDT_LINEAL: interno L:0.000000/S:0.000000 -> real L:0.260000/S:0.000000
[2026-08-31 10:00:19] [TUSK] RECONCILIACIÓN_FANTASMA: PLTRUSDT_LINEAL existe interno pero no en exchange -> reseteando
[2026-08-31 10:00:19] [TUSK] RECONCILIACIÓN_FANTASMA: BIOUSDT_LINEAL existe interno pero no en exchange -> reseteando
[2026-08-31 10:00:19] [TUSK] RECONCILIACIÓN_FANTASMA: SNXXUSDT_LINEAL existe interno pero no en exchange -> reseteando
[2026-08-31 10:00:19] [TUSK] RECONCILIACIÓN_FANTASMA: MVLLUSDT_LINEAL existe interno pero no en exchange -> reseteando
[2026-08-31 10:00:19] [TUSK] RECONCILIACIÓN_FANTASMA: INTWUSDT_LINEAL existe interno pero no en exchange -> reseteando
[2026-08-31 10:00:19] [TUSK] RECONCILIACIÓN_FANTASMA: AXTIUSDT_LINEAL existe interno pero no en exchange -> reseteando
[2026-08-31 10:00:19] [TUSK] RECONCILIACIÓN_FANTASMA: SAMSUNGUSDT_LINEAL existe interno pero no en exchange -> reseteando
[2026-08-31 10:00:19] [TUSK] RECONCILIACIÓN_FANTASMA: NBISUSDT_LINEAL existe interno pero no en exchange -> reseteando
[2026-08-31 10:00:19] [TUSK] RECONCILIACIÓN_FANTASMA: ZKPUSDT_LINEAL existe interno pero no en exchange -> reseteando
[2026-08-31 10:00:19] [TUSK] RECONCILIACIÓN_FANTASMA: MSTRUSDT_LINEAL existe interno pero no en exchange -> reseteando
[2026-08-31 10:00:19] [TUSK] RECONCILIACIÓN_FANTASMA: PURRUSDT_LINEAL existe interno pero no en exchange -> reseteando
[2026-08-31 10:00:19] [TUSK] RECONCILIACIÓN_FANTASMA: MUBARAKUSDT_LINEAL existe interno pero no en exchange -> reseteando
[2026-08-31 10:00:19] [TUSK] RECONCILIACIÓN_FANTASMA: FWDIUSDT_LINEAL existe interno pero no en exchange -> reseteando
[2026-08-31 10:00:19] [TUSK] RECONCILIACIÓN_FANTASMA: SHAZUSDT_LINEAL existe interno pero no en exchange -> reseteando
[2026-08-31 10:00:19] [TUSK] RECONCILIACIÓN_FANTASMA: HYPEUSDT_LINEAL existe interno pero no en exchange -> reseteando
[2026-08-31 10:00:19] [TUSK] RECONCILIACIÓN_FANTASMA: ROSEUSDT_LINEAL existe interno pero no en exchange -> reseteando
[2026-08-31 10:00:19] [TUSK] RECONCILIACIÓN_OK: 32 frentes alineados con exchange
[RANGO] autosello COTI · ACECHANDO · Oz=0.0 link=— · manos_feria_informe.json
[RANGO] COTIUSDT_LINEAL last=0.013343 · río=WS · mercado=linear · estado=ACECHANDO · dir=— · 0=0.013086 · Oz=— · Red=0.013516272 · manos=ON · pos=LONG 1213@0.01302014 · latido=1.50s
[RANGO] COTIUSDT_LINEAL last=0.013342 · río=WS · mercado=linear · estado=ACECHANDO · dir=— · 0=0.013086 · Oz=— · Red=0.013516272 · manos=ON · pos=LONG 1213@0.01302014 · latido=1.50s
[RANGO] autosello COTI · ACECHANDO · Oz=0.0 link=— · manos_feria_informe.json
[RANGO] COTIUSDT_LINEAL last=0.013358 · río=WS · mercado=linear · estado=ACECHANDO · dir=— · 0=0.013086 · Oz=— · Red=0.013516272 · manos=ON · pos=LONG 1213@0.01302014 · latido=1.50s
[RANGO] autosello COTI · ACECHANDO · Oz=0.0 link=— · manos_feria_informe.json
[RANGO] COTIUSDT_LINEAL last=0.013335 · río=WS · mercado=linear · estado=ACECHANDO · dir=— · 0=0.013086 · Oz=— · Red=0.013516272 · manos=ON · pos=LONG 1213@0.01302014 · latido=1.50s
[RANGO] COTIUSDT_LINEAL last=0.013353 · río=WS · mercado=linear · estado=ACECHANDO · dir=— · 0=0.013086 · Oz=— · Red=0.013516272 · manos=ON · pos=LONG 1213@0.01302014 · latido=1.50s
[RANGO] autosello COTI · ACECHANDO · Oz=0.0 link=— · manos_feria_informe.json
[RANGO] COTIUSDT_LINEAL last=0.013348 · río=WS · mercado=linear · estado=ACECHANDO · dir=— · 0=0.013086 · Oz=— · Red=0.013516272 · manos=ON · pos=LONG 1213@0.01302014 · latido=1.50s
[RANGO] autosello COTI · ACECHANDO · Oz=0.0 link=— · manos_feria_informe.json
[RANGO] COTIUSDT_LINEAL last=0.013324 · río=WS · mercado=linear · estado=ACECHANDO · dir=— · 0=0.013086 · Oz=— · Red=0.013516272 · manos=ON · pos=LONG 1213@0.01302014 · latido=1.50s
[2026-08-31 10:01:20] [TUSK] RECONCILIACIÓN: POWERUSDT_LINEAL: interno L:0.000000/S:523.000000 -> real L:0.000000/S:364.000000
[2026-08-31 10:01:20] [TUSK] RECONCILIACIÓN: KNCUSDT_LINEAL: interno L:0.000000/S:0.000000 -> real L:354.100000/S:0.000000
[2026-08-31 10:01:20] [TUSK] RECONCILIACIÓN_FANTASMA: SKHYUSDT_LINEAL existe interno pero no en exchange -> reseteando
[2026-08-31 10:01:20] [TUSK] RECONCILIACIÓN_OK: 3 frentes alineados con exchange
[RANGO] COTIUSDT_LINEAL last=0.013309 · río=WS · mercado=linear · estado=ACECHANDO · dir=— · 0=0.013086 · Oz=— · Red=0.013516272 · manos=ON · pos=LONG 1213@0.01302014 · latido=1.50s
[RANGO] autosello COTI · ACECHANDO · Oz=0.0 link=— · manos_feria_informe.json
[RANGO] COTIUSDT_LINEAL last=0.013312 · río=WS · mercado=linear · estado=ACECHANDO · dir=— · 0=0.013086 · Oz=— · Red=0.013516272 · manos=ON · pos=LONG 1213@0.01302014 · latido=1.50s
[RANGO] autosello COTI · ACECHANDO · Oz=0.0 link=— · manos_feria_informe.json
[RANGO] COTIUSDT_LINEAL last=0.013313 · río=WS · mercado=linear · estado=ACECHANDO · dir=— · 0=0.013086 · Oz=— · Red=0.013516272 · manos=ON · pos=LONG 1213@0.01302014 · latido=1.50s
[RANGO] COTIUSDT_LINEAL last=0.013284 · río=WS · mercado=linear · estado=ACECHANDO · dir=— · 0=0.013086 · Oz=— · Red=0.013516272 · manos=ON · pos=LONG 1213@0.01302014 · latido=1.50s
[RANGO] autosello COTI · ACECHANDO · Oz=0.0 link=— · manos_feria_informe.json
[RANGO] COTIUSDT_LINEAL last=0.013278 · río=WS · mercado=linear · estado=ACECHANDO · dir=— · 0=0.013086 · Oz=— · Red=0.013516272 · manos=ON · pos=LONG 1213@0.01302014 · latido=1.50s
[RANGO] autosello COTI · ACECHANDO · Oz=0.0 link=— · manos_feria_informe.json
[RANGO] COTIUSDT_LINEAL last=0.013274 · río=WS · mercado=linear · estado=ACECHANDO · dir=— · 0=0.013086 · Oz=— · Red=0.013516272 · manos=ON · pos=LONG 1213@0.01302014 · latido=1.50s
[RANGO] COTIUSDT_LINEAL last=0.013265 · río=WS · mercado=linear · estado=ACECHANDO · dir=— · 0=0.013086 · Oz=— · Red=0.013516272 · manos=ON · pos=LONG 1213@0.01302014 · latido=1.50s
[RANGO] autosello COTI · ACECHANDO · Oz=0.0 link=— · manos_feria_informe.json
[RANGO] COTIUSDT_LINEAL last=0.01326 · río=WS · mercado=linear · estado=ACECHANDO · dir=— · 0=0.013086 · Oz=— · Red=0.013516272 · manos=ON · pos=LONG 1213@0.01302014 · latido=1.50s
[RANGO] autosello COTI · ACECHANDO · Oz=0.0 link=— · manos_feria_informe.json
[RANGO] COTIUSDT_LINEAL last=0.013255 · río=WS · mercado=linear · estado=ACECHANDO · dir=— · 0=0.013086 · Oz=— · Red=0.013516272 · manos=ON · pos=LONG 1213@0.01302014 · latido=1.50s
[RANGO] COTIUSDT_LINEAL last=0.013264 · río=WS · mercado=linear · estado=ACECHANDO · dir=— · 0=0.013086 · Oz=— · Red=0.013516272 · manos=ON · pos=LONG 1213@0.01302014 · latido=1.50s
[RANGO] autosello COTI · ACECHANDO · Oz=0.0 link=— · manos_feria_informe.json
[RANGO] COTIUSDT_LINEAL last=0.013282 · río=WS · mercado=linear · estado=ACECHANDO · dir=— · 0=0.013086 · Oz=— · Red=0.013516272 · manos=ON · pos=LONG 1213@0.01302014 · latido=1.50s
[RANGO] autosello COTI · ACECHANDO · Oz=0.0 link=— · manos_feria_informe.json
[RANGO] COTIUSDT_LINEAL last=0.013286 · río=WS · mercado=linear · estado=ACECHANDO · dir=— · 0=0.013086 · Oz=— · Red=0.013516272 · manos=ON · pos=LONG 1213@0.01302014 · latido=1.50s
[2026-08-31 10:03:23] [TUSK] RECONCILIACIÓN: FWDIUSDT_LINEAL: interno L:0.000000/S:0.000000 -> real L:0.000000/S:5.100000
[2026-08-31 10:03:23] [TUSK] RECONCILIACIÓN: NBISUSDT_LINEAL: interno L:0.000000/S:0.000000 -> real L:0.000000/S:0.050000
[2026-08-31 10:03:23] [TUSK] RECONCILIACIÓN: RDWUSDT_LINEAL: interno L:0.000000/S:0.000000 -> real L:0.700000/S:0.000000
[2026-08-31 10:03:23] [TUSK] RECONCILIACIÓN_FANTASMA: CIENUSDT_LINEAL existe interno pero no en exchange -> reseteando
[2026-08-31 10:03:23] [TUSK] RECONCILIACIÓN_FANTASMA: INTCUSDT_LINEAL existe interno pero no en exchange -> reseteando
[2026-08-31 10:03:23] [TUSK] RECONCILIACIÓN_FANTASMA: SAFEUSDT_LINEAL existe interno pero no en exchange -> reseteando
[2026-08-31 10:03:23] [TUSK] RECONCILIACIÓN_OK: 6 frentes alineados con exchange
[RANGO] COTIUSDT_LINEAL last=0.013282 · río=WS · mercado=linear · estado=ACECHANDO · dir=— · 0=0.013086 · Oz=— · Red=0.013516272 · manos=ON · pos=LONG 1213@0.01302014 · latido=1.50s
[RANGO] autosello COTI · ACECHANDO · Oz=0.0 link=— · manos_feria_informe.json
[RANGO] COTIUSDT_LINEAL last=0.013281 · río=ciego/muleta · mercado=linear · estado=ACECHANDO · dir=— · 0=0.013086 · Oz=— · Red=0.013516272 · manos=ON · pos=LONG 1213@0.01302014 · latido=1.50s
[RANGO] autosello COTI · ACECHANDO · Oz=0.0 link=— · manos_feria_informe.json
[RANGO] COTIUSDT_LINEAL last=0.013284 · río=WS · mercado=linear · estado=ACECHANDO · dir=— · 0=0.013086 · Oz=— · Red=0.013516272 · manos=ON · pos=LONG 1213@0.01302014 · latido=1.50s
[RANGO] COTIUSDT_LINEAL last=0.013281 · río=WS · mercado=linear · estado=ACECHANDO · dir=— · 0=0.013086 · Oz=— · Red=0.013516272 · manos=ON · pos=LONG 1213@0.01302014 · latido=1.50s
[RANGO] autosello COTI · ACECHANDO · Oz=0.0 link=— · manos_feria_informe.json
[RANGO] COTIUSDT_LINEAL last=0.013272 · río=WS · mercado=linear · estado=ACECHANDO · dir=— · 0=0.013086 · Oz=— · Red=0.013516272 · manos=ON · pos=LONG 1213@0.01302014 · latido=1.50s
[RANGO] autosello COTI · ACECHANDO · Oz=0.0 link=— · manos_feria_informe.json
[RANGO] COTIUSDT_LINEAL last=0.013276 · río=WS · mercado=linear · estado=ACECHANDO · dir=— · 0=0.013086 · Oz=— · Red=0.013516272 · manos=ON · pos=LONG 1213@0.01302014 · latido=1.50s
[RANGO] COTIUSDT_LINEAL last=0.013274 · río=WS · mercado=linear · estado=ACECHANDO · dir=— · 0=0.013086 · Oz=— · Red=0.013516272 · manos=ON · pos=LONG 1213@0.01302014 · latido=1.50s
[RANGO] autosello COTI · ACECHANDO · Oz=0.0 link=— · manos_feria_informe.json
[RANGO] COTIUSDT_LINEAL last=0.013277 · río=WS · mercado=linear · estado=ACECHANDO · dir=— · 0=0.013086 · Oz=— · Red=0.013516272 · manos=ON · pos=LONG 1213@0.01302014 · latido=1.50s
[RANGO] autosello COTI · ACECHANDO · Oz=0.0 link=— · manos_feria_informe.json
[RANGO] COTIUSDT_LINEAL last=0.013279 · río=WS · mercado=linear · estado=ACECHANDO · dir=— · 0=0.013086 · Oz=— · Red=0.013516272 · manos=ON · pos=LONG 1213@0.01302014 · latido=1.50s
[RANGO] COTIUSDT_LINEAL last=0.013274 · río=WS · mercado=linear · estado=ACECHANDO · dir=— · 0=0.013086 · Oz=— · Red=0.013516272 · manos=ON · pos=LONG 1213@0.01302014 · latido=1.50s
[RANGO] autosello COTI · ACECHANDO · Oz=0.0 link=— · manos_feria_informe.json
[RANGO] COTIUSDT_LINEAL last=0.013267 · río=WS · mercado=linear · estado=ACECHANDO · dir=— · 0=0.013086 · Oz=— · Red=0.013516272 · manos=ON · pos=LONG 1213@0.01302014 · latido=1.50s
[RANGO] autosello COTI · ACECHANDO · Oz=0.0 link=— · manos_feria_informe.json
[RANGO] COTIUSDT_LINEAL last=0.013273 · río=WS · mercado=linear · estado=ACECHANDO · dir=— · 0=0.013086 · Oz=— · Red=0.013516272 · manos=ON · pos=LONG 1213@0.01302014 · latido=1.50s
[2026-08-31 10:05:25] [TUSK] RECONCILIACIÓN: KORUUSDT_LINEAL: interno L:0.000000/S:0.000000 -> real L:0.000000/S:4.620000
[2026-08-31 10:05:25] [TUSK] RECONCILIACIÓN: PLTRUSDT_LINEAL: interno L:0.000000/S:0.000000 -> real L:0.030000/S:0.000000
[2026-08-31 10:05:25] [TUSK] RECONCILIACIÓN_FANTASMA: WDCUSDT_LINEAL existe interno pero no en exchange -> reseteando
[2026-08-31 10:05:25] [TUSK] RECONCILIACIÓN_FANTASMA: AIGENSYNUSDT_LINEAL existe interno pero no en exchange -> reseteando
[2026-08-31 10:05:25] [TUSK] RECONCILIACIÓN_OK: 4 frentes alineados con exchange
[RANGO] COTIUSDT_LINEAL last=0.013283 · río=WS · mercado=linear · estado=ACECHANDO · dir=— · 0=0.013086 · Oz=— · Red=0.013516272 · manos=ON · pos=LONG 1213@0.01302014 · latido=1.50s
[RANGO] autosello COTI · ACECHANDO · Oz=0.0 link=— · manos_feria_informe.json
[RANGO] COTIUSDT_LINEAL last=0.013283 · río=ciego/muleta · mercado=linear · estado=ACECHANDO · dir=— · 0=0.013086 · Oz=— · Red=0.013516272 · manos=ON · pos=LONG 1213@0.01302014 · latido=1.50s
[RANGO] autosello COTI · ACECHANDO · Oz=0.0 link=— · manos_feria_informe.json
[RANGO] COTIUSDT_LINEAL last=0.013281 · río=WS · mercado=linear · estado=ACECHANDO · dir=— · 0=0.013086 · Oz=— · Red=0.013516272 · manos=ON · pos=LONG 1213@0.01302014 · latido=1.50s
[RANGO] COTIUSDT_LINEAL last=0.013281 · río=ciego/muleta · mercado=linear · estado=ACECHANDO · dir=— · 0=0.013086 · Oz=— · Red=0.013516272 · manos=ON · pos=LONG 1213@0.01302014 · latido=1.50s
[RANGO] autosello COTI · ACECHANDO · Oz=0.0 link=— · manos_feria_informe.json
[RANGO] COTIUSDT_LINEAL last=0.013281 · río=WS · mercado=linear · estado=ACECHANDO · dir=— · 0=0.013086 · Oz=— · Red=0.013516272 · manos=ON · pos=LONG 1213@0.01302014 · latido=1.50s
[RANGO] autosello COTI · ACECHANDO · Oz=0.0 link=— · manos_feria_informe.json
[RANGO] COTIUSDT_LINEAL last=0.013288 · río=WS · mercado=linear · estado=ACECHANDO · dir=— · 0=0.013086 · Oz=— · Red=0.013516272 · manos=ON · pos=LONG 1213@0.01302014 · latido=1.50s
[2026-08-31 10:06:28] [TUSK] RECONCILIACIÓN: TWTUSDT_LINEAL: interno L:0.000000/S:0.000000 -> real L:48.800000/S:0.000000
[2026-08-31 10:06:28] [TUSK] RECONCILIACIÓN: ZEREBROUSDT_LINEAL: interno L:0.000000/S:0.000000 -> real L:0.000000/S:556.000000
[2026-08-31 10:06:28] [TUSK] RECONCILIACIÓN: NILUSDT_LINEAL: interno L:0.000000/S:0.000000 -> real L:222.000000/S:0.000000
[2026-08-31 10:06:28] [TUSK] RECONCILIACIÓN_FANTASMA: ZBCNUSDT_LINEAL existe interno pero no en exchange -> reseteando
[2026-08-31 10:06:28] [TUSK] RECONCILIACIÓN_FANTASMA: SYRUPUSDT_LINEAL existe interno pero no en exchange -> reseteando
[2026-08-31 10:06:28] [TUSK] RECONCILIACIÓN_FANTASMA: APLDUSDT_LINEAL existe interno pero no en exchange -> reseteando
[2026-08-31 10:06:28] [TUSK] RECONCILIACIÓN_OK: 6 frentes alineados con exchange
[RANGO] COTIUSDT_LINEAL last=0.01328 · río=WS · mercado=linear · estado=ACECHANDO · dir=— · 0=0.013086 · Oz=— · Red=0.013516272 · manos=ON · pos=LONG 1213@0.01302014 · latido=1.50s
[RANGO] autosello COTI · ACECHANDO · Oz=0.0 link=— · manos_feria_informe.json
[RANGO] COTIUSDT_LINEAL last=0.013285 · río=WS · mercado=linear · estado=ACECHANDO · dir=— · 0=0.013086 · Oz=— · Red=0.013516272 · manos=ON · pos=LONG 1213@0.01302014 · latido=1.50s
[RANGO] autosello COTI · ACECHANDO · Oz=0.0 link=— · manos_feria_informe.json
[RANGO] COTIUSDT_LINEAL last=0.013288 · río=WS · mercado=linear · estado=ACECHANDO · dir=— · 0=0.013086 · Oz=— · Red=0.013516272 · manos=ON · pos=LONG 1213@0.01302014 · latido=1.50s
[RANGO] COTIUSDT_LINEAL last=0.013283 · río=WS · mercado=linear · estado=ACECHANDO · dir=— · 0=0.013086 · Oz=— · Red=0.013516272 · manos=ON · pos=LONG 1213@0.01302014 · latido=1.50s
[RANGO] autosello COTI · ACECHANDO · Oz=0.0 link=— · manos_feria_informe.json
[RANGO] COTIUSDT_LINEAL last=0.013282 · río=WS · mercado=linear · estado=ACECHANDO · dir=— · 0=0.013086 · Oz=— · Red=0.013516272 · manos=ON · pos=LONG 1213@0.01302014 · latido=1.50s
[RANGO] autosello COTI · ACECHANDO · Oz=0.0 link=— · manos_feria_informe.json
[RANGO] COTIUSDT_LINEAL last=0.013283 · río=ciego/muleta · mercado=linear · estado=ACECHANDO · dir=— · 0=0.013086 · Oz=— · Red=0.013516272 · manos=ON · pos=LONG 1213@0.01302014 · latido=1.50s
[RANGO] COTIUSDT_LINEAL last=0.013286 · río=WS · mercado=linear · estado=ACECHANDO · dir=— · 0=0.013086 · Oz=— · Red=0.013516272 · manos=ON · pos=LONG 1213@0.01302014 · latido=1.50s
[RANGO] autosello COTI · ACECHANDO · Oz=0.0 link=— · manos_feria_informe.json
[RANGO] COTIUSDT_LINEAL last=0.013292 · río=WS · mercado=linear · estado=ACECHANDO · dir=— · 0=0.013086 · Oz=— · Red=0.013516272 · manos=ON · pos=LONG 1213@0.01302014 · latido=1.50s
[RANGO] autosello COTI · ACECHANDO · Oz=0.0 link=— · manos_feria_informe.json
[RANGO] COTIUSDT_LINEAL last=0.013286 · río=WS · mercado=linear · estado=ACECHANDO · dir=— · 0=0.013086 · Oz=— · Red=0.013516272 · manos=ON · pos=LONG 1213@0.01302014 · latido=1.50s
[RANGO] COTIUSDT_LINEAL last=0.013287 · río=WS · mercado=linear · estado=ACECHANDO · dir=— · 0=0.013086 · Oz=— · Red=0.013516272 · manos=ON · pos=LONG 1213@0.01302014 · latido=1.50s
[RANGO] autosello COTI · ACECHANDO · Oz=0.0 link=— · manos_feria_informe.json
[RANGO] COTIUSDT_LINEAL last=0.013281 · río=WS · mercado=linear · estado=ACECHANDO · dir=— · 0=0.013086 · Oz=— · Red=0.013516272 · manos=ON · pos=LONG 1213@0.01302014 · latido=1.50s
[RANGO] autosello COTI · ACECHANDO · Oz=0.0 link=— · manos_feria_informe.json
[RANGO] COTIUSDT_LINEAL last=0.013276 · río=WS · mercado=linear · estado=ACECHANDO · dir=— · 0=0.013086 · Oz=— · Red=0.013516272 · manos=ON · pos=LONG 1213@0.01302014 · latido=1.50s
[2026-08-31 10:08:31] [TUSK] RECONCILIACIÓN: SNXXUSDT_LINEAL: interno L:0.000000/S:0.000000 -> real L:7.610000/S:0.000000
[2026-08-31 10:08:31] [TUSK] RECONCILIACIÓN: POWERUSDT_LINEAL: interno L:0.000000/S:364.000000 -> real L:0.000000/S:307.000000
[2026-08-31 10:08:31] [TUSK] RECONCILIACIÓN_FANTASMA: ORCLUSDT_LINEAL existe interno pero no en exchange -> reseteando
[2026-08-31 10:08:31] [TUSK] RECONCILIACIÓN_OK: 3 frentes alineados con exchange
[RANGO] COTIUSDT_LINEAL last=0.013285 · río=WS · mercado=linear · estado=ACECHANDO · dir=— · 0=0.013086 · Oz=— · Red=0.013516272 · manos=ON · pos=LONG 1213@0.01302014 · latido=1.50s
[RANGO] autosello COTI · ACECHANDO · Oz=0.0 link=— · manos_feria_informe.json
[RANGO] COTIUSDT_LINEAL last=0.013295 · río=WS · mercado=linear · estado=ACECHANDO · dir=— · 0=0.013086 · Oz=— · Red=0.013516272 · manos=ON · pos=LONG 1213@0.01302014 · latido=1.50s
[RANGO] autosello COTI · ACECHANDO · Oz=0.0 link=— · manos_feria_informe.json
[RANGO] COTIUSDT_LINEAL last=0.013307 · río=WS · mercado=linear · estado=ACECHANDO · dir=— · 0=0.013086 · Oz=— · Red=0.013516272 · manos=ON · pos=LONG 1213@0.01302014 · latido=1.50s
[RANGO] COTIUSDT_LINEAL last=0.013306 · río=WS · mercado=linear · estado=ACECHANDO · dir=— · 0=0.013086 · Oz=— · Red=0.013516272 · manos=ON · pos=LONG 1213@0.01302014 · latido=1.50s
[RANGO] autosello COTI · ACECHANDO · Oz=0.0 link=— · manos_feria_informe.json
[RANGO] COTIUSDT_LINEAL last=0.013301 · río=WS · mercado=linear · estado=ACECHANDO · dir=— · 0=0.013086 · Oz=— · Red=0.013516272 · manos=ON · pos=LONG 1213@0.01302014 · latido=1.50s
[RANGO] autosello COTI · ACECHANDO · Oz=0.0 link=— · manos_feria_informe.json
[RANGO] COTIUSDT_LINEAL last=0.013308 · río=WS · mercado=linear · estado=ACECHANDO · dir=— · 0=0.013086 · Oz=— · Red=0.013516272 · manos=ON · pos=LONG 1213@0.01302014 · latido=1.50s
[RANGO] COTIUSDT_LINEAL last=0.013307 · río=WS · mercado=linear · estado=ACECHANDO · dir=— · 0=0.013086 · Oz=— · Red=0.013516272 · manos=ON · pos=LONG 1213@0.01302014 · latido=1.50s
[2026-08-31 10:09:33] [TUSK] RECONCILIACIÓN: AXTIUSDT_LINEAL: interno L:0.000000/S:0.000000 -> real L:1.690000/S:0.000000
[2026-08-31 10:09:33] [TUSK] RECONCILIACIÓN: XANUSDT_LINEAL: interno L:0.000000/S:982.000000 -> real L:0.000000/S:542.000000
[2026-08-31 10:09:33] [TUSK] RECONCILIACIÓN_FANTASMA: HYUNDAIUSDT_LINEAL existe interno pero no en exchange -> reseteando
[2026-08-31 10:09:33] [TUSK] RECONCILIACIÓN_OK: 3 frentes alineados con exchange
[RANGO] autosello COTI · ACECHANDO · Oz=0.0 link=— · manos_feria_informe.json
[RANGO] COTIUSDT_LINEAL last=0.013323 · río=WS · mercado=linear · estado=ACECHANDO · dir=— · 0=0.013086 · Oz=— · Red=0.013516272 · manos=ON · pos=LONG 1213@0.01302014 · latido=1.50s
[RANGO] autosello COTI · ACECHANDO · Oz=0.0 link=— · manos_feria_informe.json
[RANGO] COTIUSDT_LINEAL last=0.013332 · río=WS · mercado=linear · estado=ACECHANDO · dir=— · 0=0.013086 · Oz=— · Red=0.013516272 · manos=ON · pos=LONG 1213@0.01302014 · latido=1.50s
[RANGO] COTIUSDT_LINEAL last=0.013341 · río=WS · mercado=linear · estado=ACECHANDO · dir=— · 0=0.013086 · Oz=— · Red=0.013516272 · manos=ON · pos=LONG 1213@0.01302014 · latido=1.50s
[RANGO] autosello COTI · ACECHANDO · Oz=0.0 link=— · manos_feria_informe.json
[RANGO] COTIUSDT_LINEAL last=0.013331 · río=WS · mercado=linear · estado=ACECHANDO · dir=— · 0=0.013086 · Oz=— · Red=0.013516272 · manos=ON · pos=LONG 1213@0.01302014 · latido=1.50s
[RANGO] autosello COTI · ACECHANDO · Oz=0.0 link=— · manos_feria_informe.json
[RANGO] COTIUSDT_LINEAL last=0.013339 · río=WS · mercado=linear · estado=ACECHANDO · dir=— · 0=0.013086 · Oz=— · Red=0.013516272 · manos=ON · pos=LONG 1213@0.01302014 · latido=1.50s
[RANGO] COTIUSDT_LINEAL last=0.013339 · río=WS · mercado=linear · estado=ACECHANDO · dir=— · 0=0.013086 · Oz=— · Red=0.013516272 · manos=ON · pos=LONG 1213@0.01302014 · latido=1.50s
[2026-08-31 10:10:34] [TUSK] RECONCILIACIÓN: CHIPUSDT_LINEAL: interno L:0.000000/S:0.000000 -> real L:390.000000/S:0.000000
[2026-08-31 10:10:34] [TUSK] RECONCILIACIÓN_FANTASMA: SPACEUSDT_LINEAL existe interno pero no en exchange -> reseteando
[2026-08-31 10:10:34] [TUSK] RECONCILIACIÓN_OK: 2 frentes alineados con exchange
[RANGO] autosello COTI · ACECHANDO · Oz=0.0 link=— · manos_feria_informe.json
[RANGO] COTIUSDT_LINEAL last=0.013336 · río=WS · mercado=linear · estado=ACECHANDO · dir=— · 0=0.013086 · Oz=— · Red=0.013516272 · manos=ON · pos=LONG 1213@0.01302014 · latido=1.50s
[RANGO] autosello COTI · ACECHANDO · Oz=0.0 link=— · manos_feria_informe.json
[RANGO] COTIUSDT_LINEAL last=0.013344 · río=WS · mercado=linear · estado=ACECHANDO · dir=— · 0=0.013086 · Oz=— · Red=0.013516272 · manos=ON · pos=LONG 1213@0.01302014 · latido=1.50s
[RANGO] COTIUSDT_LINEAL last=0.013334 · río=WS · mercado=linear · estado=ACECHANDO · dir=— · 0=0.013086 · Oz=— · Red=0.013516272 · manos=ON · pos=LONG 1213@0.01302014 · latido=1.50s
[RANGO] autosello COTI · ACECHANDO · Oz=0.0 link=— · manos_feria_informe.json
[RANGO] COTIUSDT_LINEAL last=0.013331 · río=WS · mercado=linear · estado=ACECHANDO · dir=— · 0=0.013086 · Oz=— · Red=0.013516272 · manos=ON · pos=LONG 1213@0.01302014 · latido=1.50s
[RANGO] autosello COTI · ACECHANDO · Oz=0.0 link=— · manos_feria_informe.json
[RANGO] COTIUSDT_LINEAL last=0.013333 · río=WS · mercado=linear · estado=ACECHANDO · dir=— · 0=0.013086 · Oz=— · Red=0.013516272 · manos=ON · pos=LONG 1213@0.01302014 · latido=1.50s
[RANGO] COTIUSDT_LINEAL last=0.01333 · río=WS · mercado=linear · estado=ACECHANDO · dir=— · 0=0.013086 · Oz=— · Red=0.013516272 · manos=ON · pos=LONG 1213@0.01302014 · latido=1.50s
[RANGO] autosello COTI · ACECHANDO · Oz=0.0 link=— · manos_feria_informe.json
[2026-08-31 10:11:35] [TUSK] RECONCILIACIÓN: ZEREBROUSDT_LINEAL: interno L:0.000000/S:556.000000 -> real L:0.000000/S:686.000000
[2026-08-31 10:11:35] [TUSK] RECONCILIACIÓN: VVVUSDT_LINEAL: interno L:0.000000/S:0.000000 -> real L:2.880000/S:0.000000
[2026-08-31 10:11:35] [TUSK] RECONCILIACIÓN_FANTASMA: DASHUSDT_LINEAL existe interno pero no en exchange -> reseteando
[2026-08-31 10:11:35] [TUSK] RECONCILIACIÓN_OK: 3 frentes alineados con exchange
[RANGO] COTIUSDT_LINEAL last=0.013332 · río=WS · mercado=linear · estado=ACECHANDO · dir=— · 0=0.013086 · Oz=— · Red=0.013516272 · manos=ON · pos=LONG 1213@0.01302014 · latido=1.50s
[RANGO] autosello COTI · ACECHANDO · Oz=0.0 link=— · manos_feria_informe.json
[RANGO] COTIUSDT_LINEAL last=0.013332 · río=WS · mercado=linear · estado=ACECHANDO · dir=— · 0=0.013086 · Oz=— · Red=0.013516272 · manos=ON · pos=LONG 1213@0.01302014 · latido=1.50s
[RANGO] COTIUSDT_LINEAL last=0.013343 · río=WS · mercado=linear · estado=ACECHANDO · dir=— · 0=0.013086 · Oz=— · Red=0.013516272 · manos=ON · pos=LONG 1213@0.01302014 · latido=1.50s
[RANGO] autosello COTI · ACECHANDO · Oz=0.0 link=— · manos_feria_informe.json
[RANGO] COTIUSDT_LINEAL last=0.013337 · río=WS · mercado=linear · estado=ACECHANDO · dir=— · 0=0.013086 · Oz=— · Red=0.013516272 · manos=ON · pos=LONG 1213@0.01302014 · latido=1.50s
[RANGO] autosello COTI · ACECHANDO · Oz=0.0 link=— · manos_feria_informe.json
[RANGO] COTIUSDT_LINEAL last=0.013283 · río=WS · mercado=linear · estado=ACECHANDO · dir=— · 0=0.013086 · Oz=— · Red=0.013516272 · manos=ON · pos=LONG 1213@0.01302014 · latido=1.50s
[RANGO] COTIUSDT_LINEAL last=0.013286 · río=WS · mercado=linear · estado=ACECHANDO · dir=— · 0=0.013086 · Oz=— · Red=0.013516272 · manos=ON · pos=LONG 1213@0.01302014 · latido=1.50s
[RANGO] autosello COTI · ACECHANDO · Oz=0.0 link=— · manos_feria_informe.json
[2026-08-31 10:12:37] [TUSK] RECONCILIACIÓN: FWDIUSDT_LINEAL: interno L:0.000000/S:5.100000 -> real L:0.000000/S:6.000000
[2026-08-31 10:12:37] [TUSK] RECONCILIACIÓN_OK: 1 frentes alineados con exchange
[RANGO] COTIUSDT_LINEAL last=0.013286 · río=WS · mercado=linear · estado=ACECHANDO · dir=— · 0=0.013086 · Oz=— · Red=0.013516272 · manos=ON · pos=LONG 1213@0.01302014 · latido=1.50s
[RANGO] autosello COTI · ACECHANDO · Oz=0.0 link=— · manos_feria_informe.json
[RANGO] COTIUSDT_LINEAL last=0.013282 · río=WS · mercado=linear · estado=ACECHANDO · dir=— · 0=0.013086 · Oz=— · Red=0.013516272 · manos=ON · pos=LONG 1213@0.01302014 · latido=1.50s
[RANGO] COTIUSDT_LINEAL last=0.013254 · río=WS · mercado=linear · estado=ACECHANDO · dir=— · 0=0.013086 · Oz=— · Red=0.013516272 · manos=ON · pos=LONG 1213@0.01302014 · latido=1.50s
[RANGO] autosello COTI · ACECHANDO · Oz=0.0 link=— · manos_feria_informe.json
[RANGO] COTIUSDT_LINEAL last=0.013222 · río=WS · mercado=linear · estado=ACECHANDO · dir=— · 0=0.013086 · Oz=— · Red=0.013516272 · manos=ON · pos=LONG 1213@0.01302014 · latido=1.50s
[RANGO] autosello COTI · ACECHANDO · Oz=0.0 link=— · manos_feria_informe.json
[RANGO] COTIUSDT_LINEAL last=0.013216 · río=WS · mercado=linear · estado=ACECHANDO · dir=— · 0=0.013086 · Oz=— · Red=0.013516272 · manos=ON · pos=LONG 1213@0.01302014 · latido=1.50s
[RANGO] COTIUSDT_LINEAL last=0.013215 · río=WS · mercado=linear · estado=ACECHANDO · dir=— · 0=0.013086 · Oz=— · Red=0.013516272 · manos=ON · pos=LONG 1213@0.01302014 · latido=1.50s
[RANGO] autosello COTI · ACECHANDO · Oz=0.0 link=— · manos_feria_informe.json
[2026-08-31 10:13:38] [TUSK] RECONCILIACIÓN: TSLLUSDT_LINEAL: interno L:0.000000/S:0.000000 -> real L:0.120000/S:0.000000
[2026-08-31 10:13:38] [TUSK] RECONCILIACIÓN: FWDIUSDT_LINEAL: interno L:0.000000/S:6.000000 -> real L:0.000000/S:6.900000
[2026-08-31 10:13:38] [TUSK] RECONCILIACIÓN_FANTASMA: COTIUSDT_LINEAL existe interno pero no en exchange -> reseteando
[2026-08-31 10:13:38] [TUSK] RECONCILIACIÓN_OK: 3 frentes alineados con exchange
[RANGO] COTIUSDT_LINEAL last=0.013203 · río=WS · mercado=linear · estado=ACECHANDO · dir=— · 0=0.013086 · Oz=— · Red=0.013516272 · manos=ON · pos=flat · latido=1.50s
[RANGO] autosello COTI · ACECHANDO · Oz=0.0 link=— · manos_feria_informe.json
[RANGO] COTIUSDT_LINEAL last=0.013205 · río=WS · mercado=linear · estado=ACECHANDO · dir=— · 0=0.013086 · Oz=— · Red=0.013516272 · manos=ON · pos=flat · latido=1.50s
[RANGO] COTIUSDT_LINEAL last=0.013222 · río=WS · mercado=linear · estado=ACECHANDO · dir=— · 0=0.013086 · Oz=— · Red=0.013516272 · manos=ON · pos=flat · latido=1.50s
[RANGO] autosello COTI · ACECHANDO · Oz=0.0 link=— · manos_feria_informe.json
[RANGO] COTIUSDT_LINEAL last=0.01321 · río=WS · mercado=linear · estado=ACECHANDO · dir=— · 0=0.013086 · Oz=— · Red=0.013516272 · manos=ON · pos=flat · latido=1.50s
[RANGO] autosello COTI · ACECHANDO · Oz=0.0 link=— · manos_feria_informe.json
[RANGO] COTIUSDT_LINEAL last=0.01321 · río=WS · mercado=linear · estado=ACECHANDO · dir=— · 0=0.013086 · Oz=— · Red=0.013516272 · manos=ON · pos=flat · latido=1.50s
[RANGO] COTIUSDT_LINEAL last=0.013207 · río=WS · mercado=linear · estado=ACECHANDO · dir=— · 0=0.013086 · Oz=— · Red=0.013516272 · manos=ON · pos=flat · latido=1.50s
[RANGO] autosello COTI · ACECHANDO · Oz=0.0 link=— · manos_feria_informe.json
[2026-08-31 10:14:40] [TUSK] RECONCILIACIÓN: SNXXUSDT_LINEAL: interno L:7.610000/S:0.000000 -> real L:8.080000/S:0.000000
[2026-08-31 10:14:40] [TUSK] RECONCILIACIÓN_OK: 1 frentes alineados con exchange
[RANGO] COTIUSDT_LINEAL last=0.013214 · río=WS · mercado=linear · estado=ACECHANDO · dir=— · 0=0.013086 · Oz=— · Red=0.013516272 · manos=ON · pos=flat · latido=1.50s
[RANGO] autosello COTI · ACECHANDO · Oz=0.0 link=— · manos_feria_informe.json
[RANGO] COTIUSDT_LINEAL last=0.013216 · río=WS · mercado=linear · estado=ACECHANDO · dir=— · 0=0.013086 · Oz=— · Red=0.013516272 · manos=ON · pos=flat · latido=1.50s
[RANGO] COTIUSDT_LINEAL last=0.013219 · río=WS · mercado=linear · estado=ACECHANDO · dir=— · 0=0.013086 · Oz=— · Red=0.013516272 · manos=ON · pos=flat · latido=1.50s
[RANGO] autosello COTI · ACECHANDO · Oz=0.0 link=— · manos_feria_informe.json
[RANGO] COTIUSDT_LINEAL last=0.013222 · río=WS · mercado=linear · estado=ACECHANDO · dir=— · 0=0.013086 · Oz=— · Red=0.013516272 · manos=ON · pos=flat · latido=1.50s
[RANGO] autosello COTI · ACECHANDO · Oz=0.0 link=— · manos_feria_informe.json
[RANGO] COTIUSDT_LINEAL last=0.013208 · río=WS · mercado=linear · estado=ACECHANDO · dir=— · 0=0.013086 · Oz=— · Red=0.013516272 · manos=ON · pos=flat · latido=1.50s
[RANGO] COTIUSDT_LINEAL last=0.013207 · río=WS · mercado=linear · estado=ACECHANDO · dir=— · 0=0.013086 · Oz=— · Red=0.013516272 · manos=ON · pos=flat · latido=1.50s
[RANGO] autosello COTI · ACECHANDO · Oz=0.0 link=— · manos_feria_informe.json
[RANGO] COTIUSDT_LINEAL last=0.013208 · río=WS · mercado=linear · estado=ACECHANDO · dir=— · 0=0.013086 · Oz=— · Red=0.013516272 · manos=ON · pos=flat · latido=1.50s
[RANGO] autosello COTI · ACECHANDO · Oz=0.0 link=— · manos_feria_informe.json
[RANGO] COTIUSDT_LINEAL last=0.013202 · río=WS · mercado=linear · estado=ACECHANDO · dir=— · 0=0.013086 · Oz=— · Red=0.013516272 · manos=ON · pos=flat · latido=1.50s
[RANGO] COTIUSDT_LINEAL last=0.013205 · río=WS · mercado=linear · estado=ACECHANDO · dir=— · 0=0.013086 · Oz=— · Red=0.013516272 · manos=ON · pos=flat · latido=1.50s
[RANGO] autosello COTI · ACECHANDO · Oz=0.0 link=— · manos_feria_informe.json
[RANGO] COTIUSDT_LINEAL last=0.013203 · río=WS · mercado=linear · estado=ACECHANDO · dir=— · 0=0.013086 · Oz=— · Red=0.013516272 · manos=ON · pos=flat · latido=1.50s
[RANGO] autosello COTI · ACECHANDO · Oz=0.0 link=— · manos_feria_informe.json
[RANGO] COTIUSDT_LINEAL last=0.013205 · río=WS · mercado=linear · estado=ACECHANDO · dir=— · 0=0.013086 · Oz=— · Red=0.013516272 · manos=ON · pos=flat · latido=1.50s
[RANGO] COTIUSDT_LINEAL last=0.013191 · río=WS · mercado=linear · estado=ACECHANDO · dir=— · 0=0.013086 · Oz=— · Red=0.013516272 · manos=ON · pos=flat · latido=1.50s
[RANGO] autosello COTI · ACECHANDO · Oz=0.0 link=— · manos_feria_informe.json
[RANGO] COTIUSDT_LINEAL last=0.01319 · río=WS · mercado=linear · estado=ACECHANDO · dir=— · 0=0.013086 · Oz=— · Red=0.013516272 · manos=ON · pos=flat · latido=1.50s
[2026-08-31 10:16:44] [TUSK] RECONCILIACIÓN: UNIUSDT_LINEAL: interno L:0.000000/S:0.000000 -> real L:1.100000/S:0.000000
[2026-08-31 10:16:44] [TUSK] RECONCILIACIÓN_FANTASMA: BATUSDT_LINEAL existe interno pero no en exchange -> reseteando
[2026-08-31 10:16:44] [TUSK] RECONCILIACIÓN_OK: 2 frentes alineados con exchange
[RANGO] autosello COTI · ACECHANDO · Oz=0.0 link=— · manos_feria_informe.json
[RANGO] COTIUSDT_LINEAL last=0.013187 · río=WS · mercado=linear · estado=ACECHANDO · dir=— · 0=0.013086 · Oz=— · Red=0.013516272 · manos=ON · pos=flat · latido=1.50s
[RANGO] COTIUSDT_LINEAL last=0.01319 · río=WS · mercado=linear · estado=ACECHANDO · dir=— · 0=0.013086 · Oz=— · Red=0.013516272 · manos=ON · pos=flat · latido=1.50s
[RANGO] autosello COTI · ACECHANDO · Oz=0.0 link=— · manos_feria_informe.json
[RANGO] COTIUSDT_LINEAL last=0.013184 · río=WS · mercado=linear · estado=ACECHANDO · dir=— · 0=0.013086 · Oz=— · Red=0.013516272 · manos=ON · pos=flat · latido=1.50s
[RANGO] autosello COTI · ACECHANDO · Oz=0.0 link=— · manos_feria_informe.json
[RANGO] COTIUSDT_LINEAL last=0.013193 · río=WS · mercado=linear · estado=ACECHANDO · dir=— · 0=0.013086 · Oz=— · Red=0.013516272 · manos=ON · pos=flat · latido=1.50s
[RANGO] COTIUSDT_LINEAL last=0.013201 · río=WS · mercado=linear · estado=ACECHANDO · dir=— · 0=0.013086 · Oz=— · Red=0.013516272 · manos=ON · pos=flat · latido=1.50s
[RANGO] autosello COTI · ACECHANDO · Oz=0.0 link=— · manos_feria_informe.json
[RANGO] COTIUSDT_LINEAL last=0.013195 · río=WS · mercado=linear · estado=ACECHANDO · dir=— · 0=0.013086 · Oz=— · Red=0.013516272 · manos=ON · pos=flat · latido=1.50s
[2026-08-31 10:17:45] [TUSK] RECONCILIACIÓN: OUSDT_LINEAL: interno L:0.000000/S:0.000000 -> real L:0.000000/S:34.000000
[2026-08-31 10:17:45] [TUSK] RECONCILIACIÓN_FANTASMA: XLMUSDT_LINEAL existe interno pero no en exchange -> reseteando
[2026-08-31 10:17:45] [TUSK] RECONCILIACIÓN_OK: 2 frentes alineados con exchange
[RANGO] autosello COTI · ACECHANDO · Oz=0.0 link=— · manos_feria_informe.json
[RANGO] COTIUSDT_LINEAL last=0.013196 · río=WS · mercado=linear · estado=ACECHANDO · dir=— · 0=0.013086 · Oz=— · Red=0.013516272 · manos=ON · pos=flat · latido=1.50s
[RANGO] COTIUSDT_LINEAL last=0.013205 · río=WS · mercado=linear · estado=ACECHANDO · dir=— · 0=0.013086 · Oz=— · Red=0.013516272 · manos=ON · pos=flat · latido=1.50s
[RANGO] autosello COTI · ACECHANDO · Oz=0.0 link=— · manos_feria_informe.json
[RANGO] COTIUSDT_LINEAL last=0.013202 · río=WS · mercado=linear · estado=ACECHANDO · dir=— · 0=0.013086 · Oz=— · Red=0.013516272 · manos=ON · pos=flat · latido=1.50s
[RANGO] autosello COTI · ACECHANDO · Oz=0.0 link=— · manos_feria_informe.json
[RANGO] COTIUSDT_LINEAL last=0.013205 · río=WS · mercado=linear · estado=ACECHANDO · dir=— · 0=0.013086 · Oz=— · Red=0.013516272 · manos=ON · pos=flat · latido=1.50s
[RANGO] COTIUSDT_LINEAL last=0.013202 · río=WS · mercado=linear · estado=ACECHANDO · dir=— · 0=0.013086 · Oz=— · Red=0.013516272 · manos=ON · pos=flat · latido=1.50s
[RANGO] autosello COTI · ACECHANDO · Oz=0.0 link=— · manos_feria_informe.json
[RANGO] COTIUSDT_LINEAL last=0.013211 · río=WS · mercado=linear · estado=ACECHANDO · dir=— · 0=0.013086 · Oz=— · Red=0.013516272 · manos=ON · pos=flat · latido=1.50s
[RANGO] autosello COTI · ACECHANDO · Oz=0.0 link=— · manos_feria_informe.json
[RANGO] COTIUSDT_LINEAL last=0.01321 · río=WS · mercado=linear · estado=ACECHANDO · dir=— · 0=0.013086 · Oz=— · Red=0.013516272 · manos=ON · pos=flat · latido=1.50s
[RANGO] COTIUSDT_LINEAL last=0.01321 · río=WS · mercado=linear · estado=ACECHANDO · dir=— · 0=0.013086 · Oz=— · Red=0.013516272 · manos=ON · pos=flat · latido=1.50s
[RANGO] autosello COTI · ACECHANDO · Oz=0.0 link=— · manos_feria_informe.json
[RANGO] COTIUSDT_LINEAL last=0.013212 · río=WS · mercado=linear · estado=ACECHANDO · dir=— · 0=0.013086 · Oz=— · Red=0.013516272 · manos=ON · pos=flat · latido=1.50s
[RANGO] autosello COTI · ACECHANDO · Oz=0.0 link=— · manos_feria_informe.json
[RANGO] COTIUSDT_LINEAL last=0.013218 · río=WS · mercado=linear · estado=ACECHANDO · dir=— · 0=0.013086 · Oz=— · Red=0.013516272 · manos=ON · pos=flat · latido=1.50s
[RANGO] COTIUSDT_LINEAL last=0.01322 · río=WS · mercado=linear · estado=ACECHANDO · dir=— · 0=0.013086 · Oz=— · Red=0.013516272 · manos=ON · pos=flat · latido=1.50s
[RANGO] autosello COTI · ACECHANDO · Oz=0.0 link=— · manos_feria_informe.json
[RANGO] COTIUSDT_LINEAL last=0.01322 · río=ciego/muleta · mercado=linear · estado=ACECHANDO · dir=— · 0=0.013086 · Oz=— · Red=0.013516272 · manos=ON · pos=flat · latido=1.50s
[2026-08-31 10:19:48] [TUSK] RECONCILIACIÓN: POWERUSDT_LINEAL: interno L:0.000000/S:307.000000 -> real L:0.000000/S:249.000000
[2026-08-31 10:19:48] [TUSK] RECONCILIACIÓN_OK: 1 frentes alineados con exchange
[RANGO] autosello COTI · ACECHANDO · Oz=0.0 link=— · manos_feria_informe.json
[RANGO] COTIUSDT_LINEAL last=0.013216 · río=WS · mercado=linear · estado=ACECHANDO · dir=— · 0=0.013086 · Oz=— · Red=0.013516272 · manos=ON · pos=flat · latido=1.50s
[RANGO] COTIUSDT_LINEAL last=0.013216 · río=WS · mercado=linear · estado=ACECHANDO · dir=— · 0=0.013086 · Oz=— · Red=0.013516272 · manos=ON · pos=flat · latido=1.50s
[RANGO] autosello COTI · ACECHANDO · Oz=0.0 link=— · manos_feria_informe.json
[RANGO] COTIUSDT_LINEAL last=0.013225 · río=WS · mercado=linear · estado=ACECHANDO · dir=— · 0=0.013086 · Oz=— · Red=0.013516272 · manos=ON · pos=flat · latido=1.50s
[RANGO] autosello COTI · ACECHANDO · Oz=0.0 link=— · manos_feria_informe.json
[RANGO] COTIUSDT_LINEAL last=0.013225 · río=WS · mercado=linear · estado=ACECHANDO · dir=— · 0=0.013086 · Oz=— · Red=0.013516272 · manos=ON · pos=flat · latido=1.50s
[RANGO] COTIUSDT_LINEAL last=0.013222 · río=WS · mercado=linear · estado=ACECHANDO · dir=— · 0=0.013086 · Oz=— · Red=0.013516272 · manos=ON · pos=flat · latido=1.50s
[RANGO] autosello COTI · ACECHANDO · Oz=0.0 link=— · manos_feria_informe.json
[RANGO] COTIUSDT_LINEAL last=0.013221 · río=WS · mercado=linear · estado=ACECHANDO · dir=— · 0=0.013086 · Oz=— · Red=0.013516272 · manos=ON · pos=flat · latido=1.50s
[2026-08-31 10:20:49] [TUSK] RECONCILIACIÓN: STXXUSDT_LINEAL: interno L:0.000000/S:0.000000 -> real L:0.014000/S:0.000000
[2026-08-31 10:20:49] [TUSK] RECONCILIACIÓN_FANTASMA: CRDOUSDT_LINEAL existe interno pero no en exchange -> reseteando
[2026-08-31 10:20:49] [TUSK] RECONCILIACIÓN_OK: 2 frentes alineados con exchange
[RANGO] autosello COTI · ACECHANDO · Oz=0.0 link=— · manos_feria_informe.json
[RANGO] COTIUSDT_LINEAL last=0.01321 · río=WS · mercado=linear · estado=ACECHANDO · dir=— · 0=0.013086 · Oz=— · Red=0.013516272 · manos=ON · pos=flat · latido=1.50s
[RANGO] COTIUSDT_LINEAL last=0.01321 · río=WS · mercado=linear · estado=ACECHANDO · dir=— · 0=0.013086 · Oz=— · Red=0.013516272 · manos=ON · pos=flat · latido=1.50s
[RANGO] autosello COTI · ACECHANDO · Oz=0.0 link=— · manos_feria_informe.json
[RANGO] COTIUSDT_LINEAL last=0.013219 · río=WS · mercado=linear · estado=ACECHANDO · dir=— · 0=0.013086 · Oz=— · Red=0.013516272 · manos=ON · pos=flat · latido=1.50s
[RANGO] autosello COTI · ACECHANDO · Oz=0.0 link=— · manos_feria_informe.json
[RANGO] COTIUSDT_LINEAL last=0.013218 · río=WS · mercado=linear · estado=ACECHANDO · dir=— · 0=0.013086 · Oz=— · Red=0.013516272 · manos=ON · pos=flat · latido=1.50s
[RANGO] COTIUSDT_LINEAL last=0.013202 · río=WS · mercado=linear · estado=ACECHANDO · dir=— · 0=0.013086 · Oz=— · Red=0.013516272 · manos=ON · pos=flat · latido=1.50s
[RANGO] autosello COTI · ACECHANDO · Oz=0.0 link=— · manos_feria_informe.json
[RANGO] COTIUSDT_LINEAL last=0.013201 · río=WS · mercado=linear · estado=ACECHANDO · dir=— · 0=0.013086 · Oz=— · Red=0.013516272 · manos=ON · pos=flat · latido=1.50s
[2026-08-31 10:21:50] [TUSK] RECONCILIACIÓN: CRCLUSDT_LINEAL: interno L:0.000000/S:0.000000 -> real L:0.290000/S:0.000000
[2026-08-31 10:21:50] [TUSK] RECONCILIACIÓN: XANUSDT_LINEAL: interno L:0.000000/S:542.000000 -> real L:0.000000/S:171.000000
[2026-08-31 10:21:50] [TUSK] RECONCILIACIÓN_FANTASMA: LSKUSDT_LINEAL existe interno pero no en exchange -> reseteando
[2026-08-31 10:21:50] [TUSK] RECONCILIACIÓN_OK: 3 frentes alineados con exchange
[RANGO] autosello COTI · ACECHANDO · Oz=0.0 link=— · manos_feria_informe.json
[RANGO] COTIUSDT_LINEAL last=0.0132 · río=WS · mercado=linear · estado=ACECHANDO · dir=— · 0=0.013086 · Oz=— · Red=0.013516272 · manos=ON · pos=flat · latido=1.50s
[RANGO] COTIUSDT_LINEAL last=0.013201 · río=WS · mercado=linear · estado=ACECHANDO · dir=— · 0=0.013086 · Oz=— · Red=0.013516272 · manos=ON · pos=flat · latido=1.50s
[RANGO] autosello COTI · ACECHANDO · Oz=0.0 link=— · manos_feria_informe.json
[RANGO] COTIUSDT_LINEAL last=0.013199 · río=WS · mercado=linear · estado=ACECHANDO · dir=— · 0=0.013086 · Oz=— · Red=0.013516272 · manos=ON · pos=flat · latido=1.50s
[RANGO] autosello COTI · ACECHANDO · Oz=0.0 link=— · manos_feria_informe.json
[RANGO] COTIUSDT_LINEAL last=0.013199 · río=ciego/muleta · mercado=linear · estado=ACECHANDO · dir=— · 0=0.013086 · Oz=— · Red=0.013516272 · manos=ON · pos=flat · latido=1.50s
[RANGO] COTIUSDT_LINEAL last=0.013202 · río=WS · mercado=linear · estado=ACECHANDO · dir=— · 0=0.013086 · Oz=— · Red=0.013516272 · manos=ON · pos=flat · latido=1.50s
[RANGO] autosello COTI · ACECHANDO · Oz=0.0 link=— · manos_feria_informe.json
[RANGO] COTIUSDT_LINEAL last=0.0132 · río=WS · mercado=linear · estado=ACECHANDO · dir=— · 0=0.013086 · Oz=— · Red=0.013516272 · manos=ON · pos=flat · latido=1.50s
[RANGO] autosello COTI · ACECHANDO · Oz=0.0 link=— · manos_feria_informe.json
[2026-08-31 10:22:52] [TUSK] RECONCILIACIÓN: DASHUSDT_LINEAL: interno L:0.000000/S:0.000000 -> real L:0.000000/S:0.460000
[2026-08-31 10:22:52] [TUSK] RECONCILIACIÓN_FANTASMA: RDWUSDT_LINEAL existe interno pero no en exchange -> reseteando
[2026-08-31 10:22:52] [TUSK] RECONCILIACIÓN_OK: 2 frentes alineados con exchange
[RANGO] COTIUSDT_LINEAL last=0.013201 · río=WS · mercado=linear · estado=ACECHANDO · dir=— · 0=0.013086 · Oz=— · Red=0.013516272 · manos=ON · pos=flat · latido=1.50s
[RANGO] COTIUSDT_LINEAL last=0.013206 · río=WS · mercado=linear · estado=ACECHANDO · dir=— · 0=0.013086 · Oz=— · Red=0.013516272 · manos=ON · pos=flat · latido=1.50s
[RANGO] autosello COTI · ACECHANDO · Oz=0.0 link=— · manos_feria_informe.json
[RANGO] COTIUSDT_LINEAL last=0.013206 · río=WS · mercado=linear · estado=ACECHANDO · dir=— · 0=0.013086 · Oz=— · Red=0.013516272 · manos=ON · pos=flat · latido=1.50s
[RANGO] autosello COTI · ACECHANDO · Oz=0.0 link=— · manos_feria_informe.json
[RANGO] COTIUSDT_LINEAL last=0.013206 · río=WS · mercado=linear · estado=ACECHANDO · dir=— · 0=0.013086 · Oz=— · Red=0.013516272 · manos=ON · pos=flat · latido=1.50s
[RANGO] COTIUSDT_LINEAL last=0.013197 · río=WS · mercado=linear · estado=ACECHANDO · dir=— · 0=0.013086 · Oz=— · Red=0.013516272 · manos=ON · pos=flat · latido=1.50s
[RANGO] autosello COTI · ACECHANDO · Oz=0.0 link=— · manos_feria_informe.json
[RANGO] COTIUSDT_LINEAL last=0.013204 · río=WS · mercado=linear · estado=ACECHANDO · dir=— · 0=0.013086 · Oz=— · Red=0.013516272 · manos=ON · pos=flat · latido=1.50s
[RANGO] autosello COTI · ACECHANDO · Oz=0.0 link=— · manos_feria_informe.json
[RANGO] COTIUSDT_LINEAL last=0.013205 · río=WS · mercado=linear · estado=ACECHANDO · dir=— · 0=0.013086 · Oz=— · Red=0.013516272 · manos=ON · pos=flat · latido=1.50s
[RANGO] COTIUSDT_LINEAL last=0.013206 · río=WS · mercado=linear · estado=ACECHANDO · dir=— · 0=0.013086 · Oz=— · Red=0.013516272 · manos=ON · pos=flat · latido=1.50s
[RANGO] autosello COTI · ACECHANDO · Oz=0.0 link=— · manos_feria_informe.json
[RANGO] COTIUSDT_LINEAL last=0.013207 · río=WS · mercado=linear · estado=ACECHANDO · dir=— · 0=0.013086 · Oz=— · Red=0.013516272 · manos=ON · pos=flat · latido=1.50s
[RANGO] autosello COTI · ACECHANDO · Oz=0.0 link=— · manos_feria_informe.json
[RANGO] COTIUSDT_LINEAL last=0.013203 · río=WS · mercado=linear · estado=ACECHANDO · dir=— · 0=0.013086 · Oz=— · Red=0.013516272 · manos=ON · pos=flat · latido=1.50s
[RANGO] COTIUSDT_LINEAL last=0.013201 · río=WS · mercado=linear · estado=ACECHANDO · dir=— · 0=0.013086 · Oz=— · Red=0.013516272 · manos=ON · pos=flat · latido=1.50s
[RANGO] autosello COTI · ACECHANDO · Oz=0.0 link=— · manos_feria_informe.json
[RANGO] COTIUSDT_LINEAL last=0.0132 · río=WS · mercado=linear · estado=ACECHANDO · dir=— · 0=0.013086 · Oz=— · Red=0.013516272 · manos=ON · pos=flat · latido=1.50s
[RANGO] autosello COTI · ACECHANDO · Oz=0.0 link=— · manos_feria_informe.json
[RANGO] COTIUSDT_LINEAL last=0.013192 · río=WS · mercado=linear · estado=ACECHANDO · dir=— · 0=0.013086 · Oz=— · Red=0.013516272 · manos=ON · pos=flat · latido=1.50s
[2026-08-31 10:24:55] [TUSK] RECONCILIACIÓN: CFGUSDT_LINEAL: interno L:0.000000/S:0.000000 -> real L:1266.000000/S:0.000000
[2026-08-31 10:24:55] [TUSK] RECONCILIACIÓN: BLUAIUSDT_LINEAL: interno L:0.000000/S:0.000000 -> real L:1590.000000/S:0.000000
[2026-08-31 10:24:55] [TUSK] RECONCILIACIÓN_FANTASMA: KORUUSDT_LINEAL existe interno pero no en exchange -> reseteando
[2026-08-31 10:24:55] [TUSK] RECONCILIACIÓN_FANTASMA: KNCUSDT_LINEAL existe interno pero no en exchange -> reseteando
[2026-08-31 10:24:55] [TUSK] RECONCILIACIÓN_OK: 4 frentes alineados con exchange
[RANGO] COTIUSDT_LINEAL last=0.013192 · río=WS · mercado=linear · estado=ACECHANDO · dir=— · 0=0.013086 · Oz=— · Red=0.013516272 · manos=ON · pos=flat · latido=1.50s
[RANGO] autosello COTI · ACECHANDO · Oz=0.0 link=— · manos_feria_informe.json
[RANGO] COTIUSDT_LINEAL last=0.01316 · río=WS · mercado=linear · estado=ACECHANDO · dir=— · 0=0.013086 · Oz=— · Red=0.013516272 · manos=ON · pos=flat · latido=1.50s
[RANGO] autosello COTI · ACECHANDO · Oz=0.0 link=— · manos_feria_informe.json
[RANGO] COTIUSDT_LINEAL last=0.013168 · río=WS · mercado=linear · estado=ACECHANDO · dir=— · 0=0.013086 · Oz=— · Red=0.013516272 · manos=ON · pos=flat · latido=1.50s
[RANGO] COTIUSDT_LINEAL last=0.013174 · río=WS · mercado=linear · estado=ACECHANDO · dir=— · 0=0.013086 · Oz=— · Red=0.013516272 · manos=ON · pos=flat · latido=1.50s
[RANGO] autosello COTI · ACECHANDO · Oz=0.0 link=— · manos_feria_informe.json
[RANGO] COTIUSDT_LINEAL last=0.013177 · río=WS · mercado=linear · estado=ACECHANDO · dir=— · 0=0.013086 · Oz=— · Red=0.013516272 · manos=ON · pos=flat · latido=1.50s
[RANGO] autosello COTI · ACECHANDO · Oz=0.0 link=— · manos_feria_informe.json
[RANGO] COTIUSDT_LINEAL last=0.013179 · río=WS · mercado=linear · estado=ACECHANDO · dir=— · 0=0.013086 · Oz=— · Red=0.013516272 · manos=ON · pos=flat · latido=1.50s
[RANGO] COTIUSDT_LINEAL last=0.013189 · río=WS · mercado=linear · estado=ACECHANDO · dir=— · 0=0.013086 · Oz=— · Red=0.013516272 · manos=ON · pos=flat · latido=1.50s
[RANGO] autosello COTI · ACECHANDO · Oz=0.0 link=— · manos_feria_informe.json
[RANGO] COTIUSDT_LINEAL last=0.013175 · río=WS · mercado=linear · estado=ACECHANDO · dir=— · 0=0.013086 · Oz=— · Red=0.013516272 · manos=ON · pos=flat · latido=1.50s
[RANGO] autosello COTI · ACECHANDO · Oz=0.0 link=— · manos_feria_informe.json
[RANGO] COTIUSDT_LINEAL last=0.013179 · río=WS · mercado=linear · estado=ACECHANDO · dir=— · 0=0.013086 · Oz=— · Red=0.013516272 · manos=ON · pos=flat · latido=1.50s
[RANGO] COTIUSDT_LINEAL last=0.013174 · río=WS · mercado=linear · estado=ACECHANDO · dir=— · 0=0.013086 · Oz=— · Red=0.013516272 · manos=ON · pos=flat · latido=1.50s
[RANGO] autosello COTI · ACECHANDO · Oz=0.0 link=— · manos_feria_informe.json
[RANGO] COTIUSDT_LINEAL last=0.013179 · río=WS · mercado=linear · estado=ACECHANDO · dir=— · 0=0.013086 · Oz=— · Red=0.013516272 · manos=ON · pos=flat · latido=1.50s
[RANGO] autosello COTI · ACECHANDO · Oz=0.0 link=— · manos_feria_informe.json
[RANGO] COTIUSDT_LINEAL last=0.013181 · río=WS · mercado=linear · estado=ACECHANDO · dir=— · 0=0.013086 · Oz=— · Red=0.013516272 · manos=ON · pos=flat · latido=1.50s
[2026-08-31 10:26:58] [TUSK] RECONCILIACIÓN: TWTUSDT_LINEAL: interno L:48.800000/S:0.000000 -> real L:38.700000/S:0.000000
[2026-08-31 10:26:58] [TUSK] RECONCILIACIÓN_OK: 1 frentes alineados con exchange
[RANGO] COTIUSDT_LINEAL last=0.013177 · río=WS · mercado=linear · estado=ACECHANDO · dir=— · 0=0.013086 · Oz=— · Red=0.013516272 · manos=ON · pos=flat · latido=1.50s
[RANGO] autosello COTI · ACECHANDO · Oz=0.0 link=— · manos_feria_informe.json
[RANGO] COTIUSDT_LINEAL last=0.01318 · río=WS · mercado=linear · estado=ACECHANDO · dir=— · 0=0.013086 · Oz=— · Red=0.013516272 · manos=ON · pos=flat · latido=1.50s
[RANGO] autosello COTI · ACECHANDO · Oz=0.0 link=— · manos_feria_informe.json
[RANGO] COTIUSDT_LINEAL last=0.01318 · río=WS · mercado=linear · estado=ACECHANDO · dir=— · 0=0.013086 · Oz=— · Red=0.013516272 · manos=ON · pos=flat · latido=1.50s
[RANGO] COTIUSDT_LINEAL last=0.01318 · río=ciego/muleta · mercado=linear · estado=ACECHANDO · dir=— · 0=0.013086 · Oz=— · Red=0.013516272 · manos=ON · pos=flat · latido=1.50s
[RANGO] autosello COTI · ACECHANDO · Oz=0.0 link=— · manos_feria_informe.json
[RANGO] COTIUSDT_LINEAL last=0.013184 · río=WS · mercado=linear · estado=ACECHANDO · dir=— · 0=0.013086 · Oz=— · Red=0.013516272 · manos=ON · pos=flat · latido=1.50s
[RANGO] autosello COTI · ACECHANDO · Oz=0.0 link=— · manos_feria_informe.json
[RANGO] COTIUSDT_LINEAL last=0.013191 · río=WS · mercado=linear · estado=ACECHANDO · dir=— · 0=0.013086 · Oz=— · Red=0.013516272 · manos=ON · pos=flat · latido=1.50s
[RANGO] COTIUSDT_LINEAL last=0.013194 · río=WS · mercado=linear · estado=ACECHANDO · dir=— · 0=0.013086 · Oz=— · Red=0.013516272 · manos=ON · pos=flat · latido=1.50s
[RANGO] autosello COTI · ACECHANDO · Oz=0.0 link=— · manos_feria_informe.json
[RANGO] COTIUSDT_LINEAL last=0.013191 · río=WS · mercado=linear · estado=ACECHANDO · dir=— · 0=0.013086 · Oz=— · Red=0.013516272 · manos=ON · pos=flat · latido=1.50s
[RANGO] autosello COTI · ACECHANDO · Oz=0.0 link=— · manos_feria_informe.json
[RANGO] COTIUSDT_LINEAL last=0.013192 · río=ciego/muleta · mercado=linear · estado=ACECHANDO · dir=— · 0=0.013086 · Oz=— · Red=0.013516272 · manos=ON · pos=flat · latido=1.50s
[RANGO] COTIUSDT_LINEAL last=0.013187 · río=WS · mercado=linear · estado=ACECHANDO · dir=— · 0=0.013086 · Oz=— · Red=0.013516272 · manos=ON · pos=flat · latido=1.50s
[RANGO] autosello COTI · ACECHANDO · Oz=0.0 link=— · manos_feria_informe.json
[RANGO] COTIUSDT_LINEAL last=0.013188 · río=WS · mercado=linear · estado=ACECHANDO · dir=— · 0=0.013086 · Oz=— · Red=0.013516272 · manos=ON · pos=flat · latido=1.50s
[RANGO] autosello COTI · ACECHANDO · Oz=0.0 link=— · manos_feria_informe.json
[RANGO] COTIUSDT_LINEAL last=0.013177 · río=WS · mercado=linear · estado=ACECHANDO · dir=— · 0=0.013086 · Oz=— · Red=0.013516272 · manos=ON · pos=flat · latido=1.50s
[2026-08-31 10:29:01] [TUSK] RECONCILIACIÓN: DASHUSDT_LINEAL: interno L:0.000000/S:0.460000 -> real L:0.000000/S:0.570000
[2026-08-31 10:29:01] [TUSK] RECONCILIACIÓN_OK: 1 frentes alineados con exchange
[RANGO] COTIUSDT_LINEAL last=0.013177 · río=ciego/muleta · mercado=linear · estado=ACECHANDO · dir=— · 0=0.013086 · Oz=— · Red=0.013516272 · manos=ON · pos=flat · latido=1.50s
[RANGO] autosello COTI · ACECHANDO · Oz=0.0 link=— · manos_feria_informe.json
[RANGO] COTIUSDT_LINEAL last=0.013185 · río=WS · mercado=linear · estado=ACECHANDO · dir=— · 0=0.013086 · Oz=— · Red=0.013516272 · manos=ON · pos=flat · latido=1.50s
[RANGO] autosello COTI · ACECHANDO · Oz=0.0 link=— · manos_feria_informe.json
[RANGO] COTIUSDT_LINEAL last=0.013183 · río=WS · mercado=linear · estado=ACECHANDO · dir=— · 0=0.013086 · Oz=— · Red=0.013516272 · manos=ON · pos=flat · latido=1.50s
[RANGO] COTIUSDT_LINEAL last=0.013187 · río=WS · mercado=linear · estado=ACECHANDO · dir=— · 0=0.013086 · Oz=— · Red=0.013516272 · manos=ON · pos=flat · latido=1.50s
[RANGO] autosello COTI · ACECHANDO · Oz=0.0 link=— · manos_feria_informe.json
[RANGO] COTIUSDT_LINEAL last=0.013186 · río=WS · mercado=linear · estado=ACECHANDO · dir=— · 0=0.013086 · Oz=— · Red=0.013516272 · manos=ON · pos=flat · latido=1.50s
[RANGO] autosello COTI · ACECHANDO · Oz=0.0 link=— · manos_feria_informe.json
[RANGO] COTIUSDT_LINEAL last=0.013187 · río=WS · mercado=linear · estado=ACECHANDO · dir=— · 0=0.013086 · Oz=— · Red=0.013516272 · manos=ON · pos=flat · latido=1.50s
[RANGO] COTIUSDT_LINEAL last=0.013186 · río=WS · mercado=linear · estado=ACECHANDO · dir=— · 0=0.013086 · Oz=— · Red=0.013516272 · manos=ON · pos=flat · latido=1.50s
[RANGO] autosello COTI · ACECHANDO · Oz=0.0 link=— · manos_feria_informe.json
[RANGO] COTIUSDT_LINEAL last=0.01319 · río=WS · mercado=linear · estado=ACECHANDO · dir=— · 0=0.013086 · Oz=— · Red=0.013516272 · manos=ON · pos=flat · latido=1.50s
[RANGO] autosello COTI · ACECHANDO · Oz=0.0 link=— · manos_feria_informe.json
[RANGO] COTIUSDT_LINEAL last=0.013191 · río=WS · mercado=linear · estado=ACECHANDO · dir=— · 0=0.013086 · Oz=— · Red=0.013516272 · manos=ON · pos=flat · latido=1.50s
[RANGO] autosello COTI · ACECHANDO · Oz=0.0 link=— · manos_feria_informe.json
[RANGO] COTIUSDT_LINEAL last=0.013192 · río=ciego/muleta · mercado=linear · estado=ACECHANDO · dir=— · 0=0.013086 · Oz=— · Red=0.013516272 · manos=ON · pos=flat · latido=1.50s
[RANGO] COTIUSDT_LINEAL last=0.013196 · río=WS · mercado=linear · estado=ACECHANDO · dir=— · 0=0.013086 · Oz=— · Red=0.013516272 · manos=ON · pos=flat · latido=1.50s
[RANGO] autosello COTI · ACECHANDO · Oz=0.0 link=— · manos_feria_informe.json
[RANGO] COTIUSDT_LINEAL last=0.013199 · río=ciego/muleta · mercado=linear · estado=ACECHANDO · dir=— · 0=0.013086 · Oz=— · Red=0.013516272 · manos=ON · pos=flat · latido=1.50s
[RANGO] autosello COTI · ACECHANDO · Oz=0.0 link=— · manos_feria_informe.json
[RANGO] COTIUSDT_LINEAL last=0.013201 · río=ciego/muleta · mercado=linear · estado=ACECHANDO · dir=— · 0=0.013086 · Oz=— · Red=0.013516272 · manos=ON · pos=flat · latido=1.50s
[RANGO] COTIUSDT_LINEAL last=0.013197 · río=WS · mercado=linear · estado=ACECHANDO · dir=— · 0=0.013086 · Oz=— · Red=0.013516272 · manos=ON · pos=flat · latido=1.50s
[RANGO] autosello COTI · ACECHANDO · Oz=0.0 link=— · manos_feria_informe.json
[RANGO] COTIUSDT_LINEAL last=0.013192 · río=WS · mercado=linear · estado=ACECHANDO · dir=— · 0=0.013086 · Oz=— · Red=0.013516272 · manos=ON · pos=flat · latido=1.50s
[RANGO] autosello COTI · ACECHANDO · Oz=0.0 link=— · manos_feria_informe.json
[RANGO] COTIUSDT_LINEAL last=0.013199 · río=WS · mercado=linear · estado=ACECHANDO · dir=— · 0=0.013086 · Oz=— · Red=0.013516272 · manos=ON · pos=flat · latido=1.50s
[RANGO] COTIUSDT_LINEAL last=0.013194 · río=WS · mercado=linear · estado=ACECHANDO · dir=— · 0=0.013086 · Oz=— · Red=0.013516272 · manos=ON · pos=flat · latido=1.50s
[RANGO] autosello COTI · ACECHANDO · Oz=0.0 link=— · manos_feria_informe.json
[RANGO] COTIUSDT_LINEAL last=0.013193 · río=WS · mercado=linear · estado=ACECHANDO · dir=— · 0=0.013086 · Oz=— · Red=0.013516272 · manos=ON · pos=flat · latido=1.50s
[RANGO] autosello COTI · ACECHANDO · Oz=0.0 link=— · manos_feria_informe.json
[RANGO] COTIUSDT_LINEAL last=0.013194 · río=WS · mercado=linear · estado=ACECHANDO · dir=— · 0=0.013086 · Oz=— · Red=0.013516272 · manos=ON · pos=flat · latido=1.50s
[RANGO] COTIUSDT_LINEAL last=0.013193 · río=WS · mercado=linear · estado=ACECHANDO · dir=— · 0=0.013086 · Oz=— · Red=0.013516272 · manos=ON · pos=flat · latido=1.50s
[RANGO] autosello COTI · ACECHANDO · Oz=0.0 link=— · manos_feria_informe.json
[RANGO] COTIUSDT_LINEAL last=0.013197 · río=WS · mercado=linear · estado=ACECHANDO · dir=— · 0=0.013086 · Oz=— · Red=0.013516272 · manos=ON · pos=flat · latido=1.50s
[RANGO] autosello COTI · ACECHANDO · Oz=0.0 link=— · manos_feria_informe.json
[RANGO] COTIUSDT_LINEAL last=0.013196 · río=WS · mercado=linear · estado=ACECHANDO · dir=— · 0=0.013086 · Oz=— · Red=0.013516272 · manos=ON · pos=flat · latido=1.50s
[RANGO] COTIUSDT_LINEAL last=0.01321 · río=WS · mercado=linear · estado=ACECHANDO · dir=— · 0=0.013086 · Oz=— · Red=0.013516272 · manos=ON · pos=flat · latido=1.50s
[RANGO] autosello COTI · ACECHANDO · Oz=0.0 link=— · manos_feria_informe.json
[RANGO] COTIUSDT_LINEAL last=0.013203 · río=WS · mercado=linear · estado=ACECHANDO · dir=— · 0=0.013086 · Oz=— · Red=0.013516272 · manos=ON · pos=flat · latido=1.50s
[RANGO] autosello COTI · ACECHANDO · Oz=0.0 link=— · manos_feria_informe.json
[RANGO] COTIUSDT_LINEAL last=0.013208 · río=WS · mercado=linear · estado=ACECHANDO · dir=— · 0=0.013086 · Oz=— · Red=0.013516272 · manos=ON · pos=flat · latido=1.50s
[RANGO] COTIUSDT_LINEAL last=0.013203 · río=WS · mercado=linear · estado=ACECHANDO · dir=— · 0=0.013086 · Oz=— · Red=0.013516272 · manos=ON · pos=flat · latido=1.50s
[RANGO] autosello COTI · ACECHANDO · Oz=0.0 link=— · manos_feria_informe.json
[RANGO] COTIUSDT_LINEAL last=0.013207 · río=ciego/muleta · mercado=linear · estado=ACECHANDO · dir=— · 0=0.013086 · Oz=— · Red=0.013516272 · manos=ON · pos=flat · latido=1.50s
[RANGO] autosello COTI · ACECHANDO · Oz=0.0 link=— · manos_feria_informe.json
[RANGO] COTIUSDT_LINEAL last=0.013215 · río=WS · mercado=linear · estado=ACECHANDO · dir=— · 0=0.013086 · Oz=— · Red=0.013516272 · manos=ON · pos=flat · latido=1.50s
[RANGO] COTIUSDT_LINEAL last=0.013218 · río=WS · mercado=linear · estado=ACECHANDO · dir=— · 0=0.013086 · Oz=— · Red=0.013516272 · manos=ON · pos=flat · latido=1.50s
[RANGO] autosello COTI · ACECHANDO · Oz=0.0 link=— · manos_feria_informe.json
[RANGO] COTIUSDT_LINEAL last=0.013214 · río=ciego/muleta · mercado=linear · estado=ACECHANDO · dir=— · 0=0.013086 · Oz=— · Red=0.013516272 · manos=ON · pos=flat · latido=1.50s
[RANGO] autosello COTI · ACECHANDO · Oz=0.0 link=— · manos_feria_informe.json
[2026-08-31 10:34:09] [TUSK] RECONCILIACIÓN: CHIPUSDT_LINEAL: interno L:390.000000/S:0.000000 -> real L:520.000000/S:0.000000
[2026-08-31 10:34:09] [TUSK] RECONCILIACIÓN: KNCUSDT_LINEAL: interno L:0.000000/S:0.000000 -> real L:354.100000/S:0.000000
[2026-08-31 10:34:09] [TUSK] RECONCILIACIÓN_FANTASMA: NILUSDT_LINEAL existe interno pero no en exchange -> reseteando
[2026-08-31 10:34:09] [TUSK] RECONCILIACIÓN_OK: 3 frentes alineados con exchange
[RANGO] COTIUSDT_LINEAL last=0.013226 · río=WS · mercado=linear · estado=ACECHANDO · dir=— · 0=0.013086 · Oz=— · Red=0.013516272 · manos=ON · pos=flat · latido=1.50s
[RANGO] COTIUSDT_LINEAL last=0.013227 · río=WS · mercado=linear · estado=ACECHANDO · dir=— · 0=0.013086 · Oz=— · Red=0.013516272 · manos=ON · pos=flat · latido=1.50s
[RANGO] autosello COTI · ACECHANDO · Oz=0.0 link=— · manos_feria_informe.json
[RANGO] COTIUSDT_LINEAL last=0.013226 · río=WS · mercado=linear · estado=ACECHANDO · dir=— · 0=0.013086 · Oz=— · Red=0.013516272 · manos=ON · pos=flat · latido=1.50s
[RANGO] autosello COTI · ACECHANDO · Oz=0.0 link=— · manos_feria_informe.json
[RANGO] COTIUSDT_LINEAL last=0.013227 · río=WS · mercado=linear · estado=ACECHANDO · dir=— · 0=0.013086 · Oz=— · Red=0.013516272 · manos=ON · pos=flat · latido=1.50s
[RANGO] COTIUSDT_LINEAL last=0.013237 · río=WS · mercado=linear · estado=ACECHANDO · dir=— · 0=0.013086 · Oz=— · Red=0.013516272 · manos=ON · pos=flat · latido=1.50s
[RANGO] autosello COTI · ACECHANDO · Oz=0.0 link=— · manos_feria_informe.json
[RANGO] COTIUSDT_LINEAL last=0.013238 · río=WS · mercado=linear · estado=ACECHANDO · dir=— · 0=0.013086 · Oz=— · Red=0.013516272 · manos=ON · pos=flat · latido=1.50s
[RANGO] autosello COTI · ACECHANDO · Oz=0.0 link=— · manos_feria_informe.json
[RANGO] COTIUSDT_LINEAL last=0.013231 · río=WS · mercado=linear · estado=ACECHANDO · dir=— · 0=0.013086 · Oz=— · Red=0.013516272 · manos=ON · pos=flat · latido=1.50s
[2026-08-31 10:35:11] [TUSK] RECONCILIACIÓN: FWDIUSDT_LINEAL: interno L:0.000000/S:6.900000 -> real L:0.000000/S:6.000000
[2026-08-31 10:35:11] [TUSK] RECONCILIACIÓN_OK: 1 frentes alineados con exchange
[RANGO] COTIUSDT_LINEAL last=0.013231 · río=ciego/muleta · mercado=linear · estado=ACECHANDO · dir=— · 0=0.013086 · Oz=— · Red=0.013516272 · manos=ON · pos=flat · latido=1.50s
[RANGO] autosello COTI · ACECHANDO · Oz=0.0 link=— · manos_feria_informe.json
[RANGO] COTIUSDT_LINEAL last=0.013227 · río=WS · mercado=linear · estado=ACECHANDO · dir=— · 0=0.013086 · Oz=— · Red=0.013516272 · manos=ON · pos=flat · latido=1.50s
[RANGO] autosello COTI · ACECHANDO · Oz=0.0 link=— · manos_feria_informe.json
[RANGO] COTIUSDT_LINEAL last=0.013218 · río=WS · mercado=linear · estado=ACECHANDO · dir=— · 0=0.013086 · Oz=— · Red=0.013516272 · manos=ON · pos=flat · latido=1.50s
[RANGO] COTIUSDT_LINEAL last=0.013199 · río=WS · mercado=linear · estado=ACECHANDO · dir=— · 0=0.013086 · Oz=— · Red=0.013516272 · manos=ON · pos=flat · latido=1.50s
[RANGO] autosello COTI · ACECHANDO · Oz=0.0 link=— · manos_feria_informe.json
[RANGO] COTIUSDT_LINEAL last=0.013202 · río=WS · mercado=linear · estado=ACECHANDO · dir=— · 0=0.013086 · Oz=— · Red=0.013516272 · manos=ON · pos=flat · latido=1.50s
[RANGO] autosello COTI · ACECHANDO · Oz=0.0 link=— · manos_feria_informe.json
[RANGO] COTIUSDT_LINEAL last=0.013181 · río=WS · mercado=linear · estado=ACECHANDO · dir=— · 0=0.013086 · Oz=— · Red=0.013516272 · manos=ON · pos=flat · latido=1.50s
[RANGO] COTIUSDT_LINEAL last=0.013198 · río=WS · mercado=linear · estado=ACECHANDO · dir=— · 0=0.013086 · Oz=— · Red=0.013516272 · manos=ON · pos=flat · latido=1.50s
[RANGO] autosello COTI · ACECHANDO · Oz=0.0 link=— · manos_feria_informe.json
[RANGO] COTIUSDT_LINEAL last=0.013196 · río=WS · mercado=linear · estado=ACECHANDO · dir=— · 0=0.013086 · Oz=— · Red=0.013516272 · manos=ON · pos=flat · latido=1.50s
[RANGO] autosello COTI · ACECHANDO · Oz=0.0 link=— · manos_feria_informe.json
[RANGO] COTIUSDT_LINEAL last=0.013196 · río=WS · mercado=linear · estado=ACECHANDO · dir=— · 0=0.013086 · Oz=— · Red=0.013516272 · manos=ON · pos=flat · latido=1.50s
[RANGO] COTIUSDT_LINEAL last=0.013198 · río=WS · mercado=linear · estado=ACECHANDO · dir=— · 0=0.013086 · Oz=— · Red=0.013516272 · manos=ON · pos=flat · latido=1.50s
[RANGO] autosello COTI · ACECHANDO · Oz=0.0 link=— · manos_feria_informe.json
[RANGO] COTIUSDT_LINEAL last=0.013175 · río=WS · mercado=linear · estado=ACECHANDO · dir=— · 0=0.013086 · Oz=— · Red=0.013516272 · manos=ON · pos=flat · latido=1.50s
[RANGO] autosello COTI · ACECHANDO · Oz=0.0 link=— · manos_feria_informe.json
[RANGO] COTIUSDT_LINEAL last=0.013175 · río=WS · mercado=linear · estado=ACECHANDO · dir=— · 0=0.013086 · Oz=— · Red=0.013516272 · manos=ON · pos=flat · latido=1.50s
[RANGO] COTIUSDT_LINEAL last=0.013183 · río=WS · mercado=linear · estado=ACECHANDO · dir=— · 0=0.013086 · Oz=— · Red=0.013516272 · manos=ON · pos=flat · latido=1.50s
[RANGO] autosello COTI · ACECHANDO · Oz=0.0 link=— · manos_feria_informe.json
[RANGO] COTIUSDT_LINEAL last=0.013164 · río=WS · mercado=linear · estado=ACECHANDO · dir=— · 0=0.013086 · Oz=— · Red=0.013516272 · manos=ON · pos=flat · latido=1.50s
[RANGO] autosello COTI · ACECHANDO · Oz=0.0 link=— · manos_feria_informe.json
[RANGO] COTIUSDT_LINEAL last=0.013181 · río=WS · mercado=linear · estado=ACECHANDO · dir=— · 0=0.013086 · Oz=— · Red=0.013516272 · manos=ON · pos=flat · latido=1.50s
[RANGO] COTIUSDT_LINEAL last=0.013169 · río=ciego/muleta · mercado=linear · estado=ACECHANDO · dir=— · 0=0.013086 · Oz=— · Red=0.013516272 · manos=ON · pos=flat · latido=1.50s
[RANGO] autosello COTI · ACECHANDO · Oz=0.0 link=— · manos_feria_informe.json
[RANGO] COTIUSDT_LINEAL last=0.013184 · río=WS · mercado=linear · estado=ACECHANDO · dir=— · 0=0.013086 · Oz=— · Red=0.013516272 · manos=ON · pos=flat · latido=1.50s
[RANGO] autosello COTI · ACECHANDO · Oz=0.0 link=— · manos_feria_informe.json
[RANGO] COTIUSDT_LINEAL last=0.013203 · río=WS · mercado=linear · estado=ACECHANDO · dir=— · 0=0.013086 · Oz=— · Red=0.013516272 · manos=ON · pos=flat · latido=1.50s
[RANGO] COTIUSDT_LINEAL last=0.013217 · río=WS · mercado=linear · estado=ACECHANDO · dir=— · 0=0.013086 · Oz=— · Red=0.013516272 · manos=ON · pos=flat · latido=1.50s
[RANGO] autosello COTI · ACECHANDO · Oz=0.0 link=— · manos_feria_informe.json
[RANGO] COTIUSDT_LINEAL last=0.013227 · río=WS · mercado=linear · estado=ACECHANDO · dir=— · 0=0.013086 · Oz=— · Red=0.013516272 · manos=ON · pos=flat · latido=1.50s
[RANGO] autosello COTI · ACECHANDO · Oz=0.0 link=— · manos_feria_informe.json
[RANGO] COTIUSDT_LINEAL last=0.013247 · río=WS · mercado=linear · estado=ACECHANDO · dir=— · 0=0.013086 · Oz=— · Red=0.013516272 · manos=ON · pos=flat · latido=1.50s
[RANGO] COTIUSDT_LINEAL last=0.013252 · río=WS · mercado=linear · estado=ACECHANDO · dir=— · 0=0.013086 · Oz=— · Red=0.013516272 · manos=ON · pos=flat · latido=1.50s
[RANGO] autosello COTI · ACECHANDO · Oz=0.0 link=— · manos_feria_informe.json
[RANGO] COTIUSDT_LINEAL last=0.01326 · río=WS · mercado=linear · estado=ACECHANDO · dir=— · 0=0.013086 · Oz=— · Red=0.013516272 · manos=ON · pos=flat · latido=1.50s
[RANGO] autosello COTI · ACECHANDO · Oz=0.0 link=— · manos_feria_informe.json
[RANGO] COTIUSDT_LINEAL last=0.013265 · río=WS · mercado=linear · estado=ACECHANDO · dir=— · 0=0.013086 · Oz=— · Red=0.013516272 · manos=ON · pos=flat · latido=1.50s
[2026-08-31 10:39:17] [TUSK] RECONCILIACIÓN: POWERUSDT_LINEAL: interno L:0.000000/S:249.000000 -> real L:0.000000/S:190.000000
[2026-08-31 10:39:17] [TUSK] RECONCILIACIÓN_OK: 1 frentes alineados con exchange
[RANGO] autosello COTI · ACECHANDO · Oz=0.0 link=— · manos_feria_informe.json
[RANGO] COTIUSDT_LINEAL last=0.01327 · río=WS · mercado=linear · estado=ACECHANDO · dir=— · 0=0.013086 · Oz=— · Red=0.013516272 · manos=ON · pos=flat · latido=1.50s
[RANGO] COTIUSDT_LINEAL last=0.013263 · río=WS · mercado=linear · estado=ACECHANDO · dir=— · 0=0.013086 · Oz=— · Red=0.013516272 · manos=ON · pos=flat · latido=1.50s
[RANGO] autosello COTI · ACECHANDO · Oz=0.0 link=— · manos_feria_informe.json
[RANGO] COTIUSDT_LINEAL last=0.01327 · río=WS · mercado=linear · estado=ACECHANDO · dir=— · 0=0.013086 · Oz=— · Red=0.013516272 · manos=ON · pos=flat · latido=1.50s
[RANGO] autosello COTI · ACECHANDO · Oz=0.0 link=— · manos_feria_informe.json
[RANGO] COTIUSDT_LINEAL last=0.013273 · río=WS · mercado=linear · estado=ACECHANDO · dir=— · 0=0.013086 · Oz=— · Red=0.013516272 · manos=ON · pos=flat · latido=1.50s
[RANGO] COTIUSDT_LINEAL last=0.013265 · río=WS · mercado=linear · estado=ACECHANDO · dir=— · 0=0.013086 · Oz=— · Red=0.013516272 · manos=ON · pos=flat · latido=1.50s
[RANGO] autosello COTI · ACECHANDO · Oz=0.0 link=— · manos_feria_informe.json
[RANGO] COTIUSDT_LINEAL last=0.013252 · río=WS · mercado=linear · estado=ACECHANDO · dir=— · 0=0.013086 · Oz=— · Red=0.013516272 · manos=ON · pos=flat · latido=1.50s
[2026-08-31 10:40:18] [TUSK] RECONCILIACIÓN: DASHUSDT_LINEAL: interno L:0.000000/S:0.570000 -> real L:0.000000/S:0.680000
[2026-08-31 10:40:18] [TUSK] RECONCILIACIÓN: ROSEUSDT_LINEAL: interno L:0.000000/S:0.000000 -> real L:0.000000/S:3056.000000
[2026-08-31 10:40:18] [TUSK] RECONCILIACIÓN: AEHRUSDT_LINEAL: interno L:0.000000/S:0.000000 -> real L:0.300000/S:0.000000
[2026-08-31 10:40:18] [TUSK] RECONCILIACIÓN_FANTASMA: AXTIUSDT_LINEAL existe interno pero no en exchange -> reseteando
[2026-08-31 10:40:18] [TUSK] RECONCILIACIÓN_FANTASMA: NBISUSDT_LINEAL existe interno pero no en exchange -> reseteando
[2026-08-31 10:40:18] [TUSK] RECONCILIACIÓN_OK: 5 frentes alineados con exchange
[RANGO] autosello COTI · ACECHANDO · Oz=0.0 link=— · manos_feria_informe.json
[RANGO] COTIUSDT_LINEAL last=0.013264 · río=WS · mercado=linear · estado=ACECHANDO · dir=— · 0=0.013086 · Oz=— · Red=0.013516272 · manos=ON · pos=flat · latido=1.50s
[RANGO] COTIUSDT_LINEAL last=0.01325 · río=WS · mercado=linear · estado=ACECHANDO · dir=— · 0=0.013086 · Oz=— · Red=0.013516272 · manos=ON · pos=flat · latido=1.50s
[RANGO] autosello COTI · ACECHANDO · Oz=0.0 link=— · manos_feria_informe.json
[RANGO] COTIUSDT_LINEAL last=0.013243 · río=WS · mercado=linear · estado=ACECHANDO · dir=— · 0=0.013086 · Oz=— · Red=0.013516272 · manos=ON · pos=flat · latido=1.50s
[RANGO] autosello COTI · ACECHANDO · Oz=0.0 link=— · manos_feria_informe.json
[RANGO] COTIUSDT_LINEAL last=0.013244 · río=WS · mercado=linear · estado=ACECHANDO · dir=— · 0=0.013086 · Oz=— · Red=0.013516272 · manos=ON · pos=flat · latido=1.50s
[RANGO] COTIUSDT_LINEAL last=0.013235 · río=WS · mercado=linear · estado=ACECHANDO · dir=— · 0=0.013086 · Oz=— · Red=0.013516272 · manos=ON · pos=flat · latido=1.50s
[RANGO] autosello COTI · ACECHANDO · Oz=0.0 link=— · manos_feria_informe.json
[RANGO] COTIUSDT_LINEAL last=0.013253 · río=WS · mercado=linear · estado=ACECHANDO · dir=— · 0=0.013086 · Oz=— · Red=0.013516272 · manos=ON · pos=flat · latido=1.50s
[2026-08-31 10:41:20] [TUSK] RECONCILIACIÓN: XANUSDT_LINEAL: interno L:0.000000/S:171.000000 -> real L:203.000000/S:0.000000
[2026-08-31 10:41:20] [TUSK] RECONCILIACIÓN_OK: 1 frentes alineados con exchange
[RANGO] autosello COTI · ACECHANDO · Oz=0.0 link=— · manos_feria_informe.json
[RANGO] COTIUSDT_LINEAL last=0.013246 · río=WS · mercado=linear · estado=ACECHANDO · dir=— · 0=0.013086 · Oz=— · Red=0.013516272 · manos=ON · pos=flat · latido=1.50s
[RANGO] COTIUSDT_LINEAL last=0.013247 · río=WS · mercado=linear · estado=ACECHANDO · dir=— · 0=0.013086 · Oz=— · Red=0.013516272 · manos=ON · pos=flat · latido=1.50s
[RANGO] autosello COTI · ACECHANDO · Oz=0.0 link=— · manos_feria_informe.json
[RANGO] COTIUSDT_LINEAL last=0.01325 · río=WS · mercado=linear · estado=ACECHANDO · dir=— · 0=0.013086 · Oz=— · Red=0.013516272 · manos=ON · pos=flat · latido=1.50s
[RANGO] autosello COTI · ACECHANDO · Oz=0.0 link=— · manos_feria_informe.json
[RANGO] COTIUSDT_LINEAL last=0.013248 · río=WS · mercado=linear · estado=ACECHANDO · dir=— · 0=0.013086 · Oz=— · Red=0.013516272 · manos=ON · pos=flat · latido=1.50s
[RANGO] COTIUSDT_LINEAL last=0.013255 · río=WS · mercado=linear · estado=ACECHANDO · dir=— · 0=0.013086 · Oz=— · Red=0.013516272 · manos=ON · pos=flat · latido=1.50s
[RANGO] autosello COTI · ACECHANDO · Oz=0.0 link=— · manos_feria_informe.json
[RANGO] COTIUSDT_LINEAL last=0.013251 · río=WS · mercado=linear · estado=ACECHANDO · dir=— · 0=0.013086 · Oz=— · Red=0.013516272 · manos=ON · pos=flat · latido=1.50s
[RANGO] autosello COTI · ACECHANDO · Oz=0.0 link=— · manos_feria_informe.json
[RANGO] COTIUSDT_LINEAL last=0.013267 · río=WS · mercado=linear · estado=ACECHANDO · dir=— · 0=0.013086 · Oz=— · Red=0.013516272 · manos=ON · pos=flat · latido=1.50s
[RANGO] COTIUSDT_LINEAL last=0.013269 · río=WS · mercado=linear · estado=ACECHANDO · dir=— · 0=0.013086 · Oz=— · Red=0.013516272 · manos=ON · pos=flat · latido=1.50s
[RANGO] autosello COTI · ACECHANDO · Oz=0.0 link=— · manos_feria_informe.json
[RANGO] COTIUSDT_LINEAL last=0.013272 · río=WS · mercado=linear · estado=ACECHANDO · dir=— · 0=0.013086 · Oz=— · Red=0.013516272 · manos=ON · pos=flat · latido=1.50s
[RANGO] autosello COTI · ACECHANDO · Oz=0.0 link=— · manos_feria_informe.json
[RANGO] COTIUSDT_LINEAL last=0.013263 · río=WS · mercado=linear · estado=ACECHANDO · dir=— · 0=0.013086 · Oz=— · Red=0.013516272 · manos=ON · pos=flat · latido=1.50s
[RANGO] COTIUSDT_LINEAL last=0.013266 · río=WS · mercado=linear · estado=ACECHANDO · dir=— · 0=0.013086 · Oz=— · Red=0.013516272 · manos=ON · pos=flat · latido=1.50s
[RANGO] autosello COTI · ACECHANDO · Oz=0.0 link=— · manos_feria_informe.json
[RANGO] COTIUSDT_LINEAL last=0.013273 · río=WS · mercado=linear · estado=ACECHANDO · dir=— · 0=0.013086 · Oz=— · Red=0.013516272 · manos=ON · pos=flat · latido=1.50s
[RANGO] autosello COTI · ACECHANDO · Oz=0.0 link=— · manos_feria_informe.json
[RANGO] COTIUSDT_LINEAL last=0.013273 · río=WS · mercado=linear · estado=ACECHANDO · dir=— · 0=0.013086 · Oz=— · Red=0.013516272 · manos=ON · pos=flat · latido=1.50s
[2026-08-31 10:43:23] [TUSK] RECONCILIACIÓN: TWTUSDT_LINEAL: interno L:38.700000/S:0.000000 -> real L:26.800000/S:0.000000
[2026-08-31 10:43:23] [TUSK] RECONCILIACIÓN_OK: 1 frentes alineados con exchange
[RANGO] COTIUSDT_LINEAL last=0.013274 · río=WS · mercado=linear · estado=ACECHANDO · dir=— · 0=0.013086 · Oz=— · Red=0.013516272 · manos=ON · pos=flat · latido=1.50s
[RANGO] autosello COTI · ACECHANDO · Oz=0.0 link=— · manos_feria_informe.json
[RANGO] COTIUSDT_LINEAL last=0.013269 · río=WS · mercado=linear · estado=ACECHANDO · dir=— · 0=0.013086 · Oz=— · Red=0.013516272 · manos=ON · pos=flat · latido=1.50s
[RANGO] autosello COTI · ACECHANDO · Oz=0.0 link=— · manos_feria_informe.json
[RANGO] COTIUSDT_LINEAL last=0.013273 · río=WS · mercado=linear · estado=ACECHANDO · dir=— · 0=0.013086 · Oz=— · Red=0.013516272 · manos=ON · pos=flat · latido=1.50s
[RANGO] COTIUSDT_LINEAL last=0.013259 · río=WS · mercado=linear · estado=ACECHANDO · dir=— · 0=0.013086 · Oz=— · Red=0.013516272 · manos=ON · pos=flat · latido=1.50s
[RANGO] autosello COTI · ACECHANDO · Oz=0.0 link=— · manos_feria_informe.json
[RANGO] COTIUSDT_LINEAL last=0.013257 · río=WS · mercado=linear · estado=ACECHANDO · dir=— · 0=0.013086 · Oz=— · Red=0.013516272 · manos=ON · pos=flat · latido=1.50s
[RANGO] autosello COTI · ACECHANDO · Oz=0.0 link=— · manos_feria_informe.json
[RANGO] COTIUSDT_LINEAL last=0.013259 · río=WS · mercado=linear · estado=ACECHANDO · dir=— · 0=0.013086 · Oz=— · Red=0.013516272 · manos=ON · pos=flat · latido=1.50s
[2026-08-31 10:44:25] [TUSK] RECONCILIACIÓN: HYPEUSDT_LINEAL: interno L:0.000000/S:0.000000 -> real L:0.000000/S:0.340000
[2026-08-31 10:44:25] [TUSK] RECONCILIACIÓN: PURRUSDT_LINEAL: interno L:0.000000/S:0.000000 -> real L:3.000000/S:0.000000
[2026-08-31 10:44:25] [TUSK] RECONCILIACIÓN_FANTASMA: VVVUSDT_LINEAL existe interno pero no en exchange -> reseteando
[2026-08-31 10:44:25] [TUSK] RECONCILIACIÓN_FANTASMA: ZEREBROUSDT_LINEAL existe interno pero no en exchange -> reseteando
[2026-08-31 10:44:25] [TUSK] RECONCILIACIÓN_OK: 4 frentes alineados con exchange
[RANGO] COTIUSDT_LINEAL last=0.013231 · río=WS · mercado=linear · estado=ACECHANDO · dir=— · 0=0.013086 · Oz=— · Red=0.013516272 · manos=ON · pos=flat · latido=1.50s
[RANGO] autosello COTI · ACECHANDO · Oz=0.0 link=— · manos_feria_informe.json
[RANGO] COTIUSDT_LINEAL last=0.013233 · río=WS · mercado=linear · estado=ACECHANDO · dir=— · 0=0.013086 · Oz=— · Red=0.013516272 · manos=ON · pos=flat · latido=1.50s
[RANGO] autosello COTI · ACECHANDO · Oz=0.0 link=— · manos_feria_informe.json
[RANGO] COTIUSDT_LINEAL last=0.013232 · río=WS · mercado=linear · estado=ACECHANDO · dir=— · 0=0.013086 · Oz=— · Red=0.013516272 · manos=ON · pos=flat · latido=1.50s
[RANGO] COTIUSDT_LINEAL last=0.013219 · río=WS · mercado=linear · estado=ACECHANDO · dir=— · 0=0.013086 · Oz=— · Red=0.013516272 · manos=ON · pos=flat · latido=1.50s
[RANGO] autosello COTI · ACECHANDO · Oz=0.0 link=— · manos_feria_informe.json
[RANGO] COTIUSDT_LINEAL last=0.013215 · río=WS · mercado=linear · estado=ACECHANDO · dir=— · 0=0.013086 · Oz=— · Red=0.013516272 · manos=ON · pos=flat · latido=1.50s
[RANGO] autosello COTI · ACECHANDO · Oz=0.0 link=— · manos_feria_informe.json
[RANGO] COTIUSDT_LINEAL last=0.013213 · río=WS · mercado=linear · estado=ACECHANDO · dir=— · 0=0.013086 · Oz=— · Red=0.013516272 · manos=ON · pos=flat · latido=1.50s
[2026-08-31 10:45:26] [TUSK] RECONCILIACIÓN: PURRUSDT_LINEAL: interno L:3.000000/S:0.000000 -> real L:2.500000/S:0.000000
[2026-08-31 10:45:26] [TUSK] RECONCILIACIÓN: BMNRUSDT_LINEAL: interno L:0.000000/S:0.000000 -> real L:2.100000/S:0.000000
[2026-08-31 10:45:26] [TUSK] RECONCILIACIÓN: CRCLUSDT_LINEAL: interno L:0.290000/S:0.000000 -> real L:0.230000/S:0.000000
[2026-08-31 10:45:26] [TUSK] RECONCILIACIÓN: HYPEUSD_INVERSE: interno L:291.000000/S:0.000000 -> real L:146.000000/S:0.000000
[2026-08-31 10:45:26] [TUSK] RECONCILIACIÓN_FANTASMA: TSLLUSDT_LINEAL existe interno pero no en exchange -> reseteando
[2026-08-31 10:45:26] [TUSK] RECONCILIACIÓN_OK: 5 frentes alineados con exchange
[RANGO] COTIUSDT_LINEAL last=0.013245 · río=WS · mercado=linear · estado=ACECHANDO · dir=— · 0=0.013086 · Oz=— · Red=0.013516272 · manos=ON · pos=flat · latido=1.50s
[RANGO] autosello COTI · ACECHANDO · Oz=0.0 link=— · manos_feria_informe.json
[RANGO] COTIUSDT_LINEAL last=0.013267 · río=WS · mercado=linear · estado=ACECHANDO · dir=— · 0=0.013086 · Oz=— · Red=0.013516272 · manos=ON · pos=flat · latido=1.50s
[RANGO] autosello COTI · ACECHANDO · Oz=0.0 link=— · manos_feria_informe.json
[RANGO] COTIUSDT_LINEAL last=0.013257 · río=WS · mercado=linear · estado=ACECHANDO · dir=— · 0=0.013086 · Oz=— · Red=0.013516272 · manos=ON · pos=flat · latido=1.50s
[RANGO] COTIUSDT_LINEAL last=0.013245 · río=WS · mercado=linear · estado=ACECHANDO · dir=— · 0=0.013086 · Oz=— · Red=0.013516272 · manos=ON · pos=flat · latido=1.50s
[RANGO] autosello COTI · ACECHANDO · Oz=0.0 link=— · manos_feria_informe.json
[RANGO] COTIUSDT_LINEAL last=0.013252 · río=WS · mercado=linear · estado=ACECHANDO · dir=— · 0=0.013086 · Oz=— · Red=0.013516272 · manos=ON · pos=flat · latido=1.50s
[RANGO] autosello COTI · ACECHANDO · Oz=0.0 link=— · manos_feria_informe.json
[RANGO] COTIUSDT_LINEAL last=0.013243 · río=WS · mercado=linear · estado=ACECHANDO · dir=— · 0=0.013086 · Oz=— · Red=0.013516272 · manos=ON · pos=flat · latido=1.50s
[2026-08-31 10:46:27] [TUSK] RECONCILIACIÓN: PURRUSDT_LINEAL: interno L:2.500000/S:0.000000 -> real L:3.000000/S:0.000000
[2026-08-31 10:46:27] [TUSK] RECONCILIACIÓN: LITUSDT_LINEAL: interno L:0.000000/S:0.000000 -> real L:0.000000/S:25.000000
[2026-08-31 10:46:27] [TUSK] RECONCILIACIÓN: HYPEUSDT_LINEAL: interno L:0.000000/S:0.340000 -> real L:0.000000/S:0.400000
[2026-08-31 10:46:27] [TUSK] RECONCILIACIÓN: HYPEUSD_INVERSE: interno L:146.000000/S:0.000000 -> real L:73.000000/S:0.000000
[2026-08-31 10:46:27] [TUSK] RECONCILIACIÓN_FANTASMA: SNXXUSDT_LINEAL existe interno pero no en exchange -> reseteando
[2026-08-31 10:46:27] [TUSK] RECONCILIACIÓN_OK: 5 frentes alineados con exchange
[RANGO] COTIUSDT_LINEAL last=0.013222 · río=WS · mercado=linear · estado=ACECHANDO · dir=— · 0=0.013086 · Oz=— · Red=0.013516272 · manos=ON · pos=flat · latido=1.50s
[RANGO] autosello COTI · ACECHANDO · Oz=0.0 link=— · manos_feria_informe.json
[RANGO] COTIUSDT_LINEAL last=0.013228 · río=WS · mercado=linear · estado=ACECHANDO · dir=— · 0=0.013086 · Oz=— · Red=0.013516272 · manos=ON · pos=flat · latido=1.50s
[RANGO] autosello COTI · ACECHANDO · Oz=0.0 link=— · manos_feria_informe.json
[RANGO] COTIUSDT_LINEAL last=0.01323 · río=WS · mercado=linear · estado=ACECHANDO · dir=— · 0=0.013086 · Oz=— · Red=0.013516272 · manos=ON · pos=flat · latido=1.50s
[RANGO] COTIUSDT_LINEAL last=0.013226 · río=WS · mercado=linear · estado=ACECHANDO · dir=— · 0=0.013086 · Oz=— · Red=0.013516272 · manos=ON · pos=flat · latido=1.50s
[RANGO] autosello COTI · ACECHANDO · Oz=0.0 link=— · manos_feria_informe.json
[RANGO] COTIUSDT_LINEAL last=0.013221 · río=WS · mercado=linear · estado=ACECHANDO · dir=— · 0=0.013086 · Oz=— · Red=0.013516272 · manos=ON · pos=flat · latido=1.50s
[RANGO] autosello COTI · ACECHANDO · Oz=0.0 link=— · manos_feria_informe.json
[RANGO] COTIUSDT_LINEAL last=0.013231 · río=WS · mercado=linear · estado=ACECHANDO · dir=— · 0=0.013086 · Oz=— · Red=0.013516272 · manos=ON · pos=flat · latido=1.50s
[2026-08-31 10:47:29] [TUSK] RECONCILIACIÓN: LITUSDT_LINEAL: interno L:0.000000/S:25.000000 -> real L:0.000000/S:26.900000
[2026-08-31 10:47:29] [TUSK] RECONCILIACIÓN: PURRUSDT_LINEAL: interno L:3.000000/S:0.000000 -> real L:3.700000/S:0.000000
[2026-08-31 10:47:29] [TUSK] RECONCILIACIÓN: BLUAIUSDT_LINEAL: interno L:1590.000000/S:0.000000 -> real L:1180.000000/S:0.000000
[2026-08-31 10:47:29] [TUSK] RECONCILIACIÓN_OK: 3 frentes alineados con exchange
[RANGO] COTIUSDT_LINEAL last=0.013241 · río=WS · mercado=linear · estado=ACECHANDO · dir=— · 0=0.013086 · Oz=— · Red=0.013516272 · manos=ON · pos=flat · latido=1.50s
[RANGO] autosello COTI · ACECHANDO · Oz=0.0 link=— · manos_feria_informe.json
[RANGO] COTIUSDT_LINEAL last=0.013254 · río=WS · mercado=linear · estado=ACECHANDO · dir=— · 0=0.013086 · Oz=— · Red=0.013516272 · manos=ON · pos=flat · latido=1.50s
[RANGO] autosello COTI · ACECHANDO · Oz=0.0 link=— · manos_feria_informe.json
[RANGO] COTIUSDT_LINEAL last=0.013251 · río=WS · mercado=linear · estado=ACECHANDO · dir=— · 0=0.013086 · Oz=— · Red=0.013516272 · manos=ON · pos=flat · latido=1.50s
[RANGO] COTIUSDT_LINEAL last=0.013252 · río=WS · mercado=linear · estado=ACECHANDO · dir=— · 0=0.013086 · Oz=— · Red=0.013516272 · manos=ON · pos=flat · latido=1.50s
[RANGO] autosello COTI · ACECHANDO · Oz=0.0 link=— · manos_feria_informe.json
[RANGO] COTIUSDT_LINEAL last=0.013253 · río=WS · mercado=linear · estado=ACECHANDO · dir=— · 0=0.013086 · Oz=— · Red=0.013516272 · manos=ON · pos=flat · latido=1.50s
[RANGO] autosello COTI · ACECHANDO · Oz=0.0 link=— · manos_feria_informe.json
[RANGO] COTIUSDT_LINEAL last=0.013254 · río=WS · mercado=linear · estado=ACECHANDO · dir=— · 0=0.013086 · Oz=— · Red=0.013516272 · manos=ON · pos=flat · latido=1.50s
[2026-08-31 10:48:30] [TUSK] RECONCILIACIÓN: PURRUSDT_LINEAL: interno L:3.700000/S:0.000000 -> real L:3.200000/S:0.000000
[2026-08-31 10:48:30] [TUSK] RECONCILIACIÓN_OK: 1 frentes alineados con exchange
[RANGO] COTIUSDT_LINEAL last=0.013258 · río=WS · mercado=linear · estado=ACECHANDO · dir=— · 0=0.013086 · Oz=— · Red=0.013516272 · manos=ON · pos=flat · latido=1.50s
[RANGO] autosello COTI · ACECHANDO · Oz=0.0 link=— · manos_feria_informe.json
[RANGO] COTIUSDT_LINEAL last=0.013262 · río=WS · mercado=linear · estado=ACECHANDO · dir=— · 0=0.013086 · Oz=— · Red=0.013516272 · manos=ON · pos=flat · latido=1.50s
[RANGO] autosello COTI · ACECHANDO · Oz=0.0 link=— · manos_feria_informe.json
[RANGO] COTIUSDT_LINEAL last=0.013258 · río=WS · mercado=linear · estado=ACECHANDO · dir=— · 0=0.013086 · Oz=— · Red=0.013516272 · manos=ON · pos=flat · latido=1.50s
[RANGO] COTIUSDT_LINEAL last=0.013267 · río=WS · mercado=linear · estado=ACECHANDO · dir=— · 0=0.013086 · Oz=— · Red=0.013516272 · manos=ON · pos=flat · latido=1.50s
[RANGO] autosello COTI · ACECHANDO · Oz=0.0 link=— · manos_feria_informe.json
[RANGO] COTIUSDT_LINEAL last=0.013262 · río=WS · mercado=linear · estado=ACECHANDO · dir=— · 0=0.013086 · Oz=— · Red=0.013516272 · manos=ON · pos=flat · latido=1.50s
[RANGO] autosello COTI · ACECHANDO · Oz=0.0 link=— · manos_feria_informe.json
[RANGO] COTIUSDT_LINEAL last=0.01325 · río=WS · mercado=linear · estado=ACECHANDO · dir=— · 0=0.013086 · Oz=— · Red=0.013516272 · manos=ON · pos=flat · latido=1.50s
[2026-08-31 10:49:32] [TUSK] RECONCILIACIÓN: PURRUSDT_LINEAL: interno L:3.200000/S:0.000000 -> real L:3.700000/S:0.000000
[2026-08-31 10:49:32] [TUSK] RECONCILIACIÓN: MORPHOUSDT_LINEAL: interno L:0.000000/S:0.000000 -> real L:23.000000/S:0.000000
[2026-08-31 10:49:32] [TUSK] RECONCILIACIÓN: DASHUSDT_LINEAL: interno L:0.000000/S:0.680000 -> real L:0.000000/S:0.810000
[2026-08-31 10:49:32] [TUSK] RECONCILIACIÓN_FANTASMA: UNIUSDT_LINEAL existe interno pero no en exchange -> reseteando
[2026-08-31 10:49:32] [TUSK] RECONCILIACIÓN_OK: 4 frentes alineados con exchange
[RANGO] COTIUSDT_LINEAL last=0.013248 · río=WS · mercado=linear · estado=ACECHANDO · dir=— · 0=0.013086 · Oz=— · Red=0.013516272 · manos=ON · pos=flat · latido=1.50s
[RANGO] autosello COTI · ACECHANDO · Oz=0.0 link=— · manos_feria_informe.json
[RANGO] COTIUSDT_LINEAL last=0.013261 · río=WS · mercado=linear · estado=ACECHANDO · dir=— · 0=0.013086 · Oz=— · Red=0.013516272 · manos=ON · pos=flat · latido=1.50s
[RANGO] autosello COTI · ACECHANDO · Oz=0.0 link=— · manos_feria_informe.json
[RANGO] COTIUSDT_LINEAL last=0.013266 · río=WS · mercado=linear · estado=ACECHANDO · dir=— · 0=0.013086 · Oz=— · Red=0.013516272 · manos=ON · pos=flat · latido=1.50s
[RANGO] COTIUSDT_LINEAL last=0.013266 · río=WS · mercado=linear · estado=ACECHANDO · dir=— · 0=0.013086 · Oz=— · Red=0.013516272 · manos=ON · pos=flat · latido=1.50s
[RANGO] autosello COTI · ACECHANDO · Oz=0.0 link=— · manos_feria_informe.json
[RANGO] COTIUSDT_LINEAL last=0.013273 · río=WS · mercado=linear · estado=ACECHANDO · dir=— · 0=0.013086 · Oz=— · Red=0.013516272 · manos=ON · pos=flat · latido=1.50s
[RANGO] autosello COTI · ACECHANDO · Oz=0.0 link=— · manos_feria_informe.json
[RANGO] COTIUSDT_LINEAL last=0.013277 · río=WS · mercado=linear · estado=ACECHANDO · dir=— · 0=0.013086 · Oz=— · Red=0.013516272 · manos=ON · pos=flat · latido=1.50s
[RANGO] COTIUSDT_LINEAL last=0.013284 · río=WS · mercado=linear · estado=ACECHANDO · dir=— · 0=0.013086 · Oz=— · Red=0.013516272 · manos=ON · pos=flat · latido=1.50s
[2026-08-31 10:50:33] [TUSK] RECONCILIACIÓN: ASTSUSDT_LINEAL: interno L:0.000000/S:0.000000 -> real L:0.780000/S:0.000000
[2026-08-31 10:50:33] [TUSK] RECONCILIACIÓN: LITUSDT_LINEAL: interno L:0.000000/S:26.900000 -> real L:0.000000/S:25.500000
[2026-08-31 10:50:33] [TUSK] RECONCILIACIÓN: ETHUSD_INVERSE: interno L:190.000000/S:0.000000 -> real L:95.000000/S:0.000000
[2026-08-31 10:50:33] [TUSK] RECONCILIACIÓN_FANTASMA: OUSDT_LINEAL existe interno pero no en exchange -> reseteando
[2026-08-31 10:50:33] [TUSK] RECONCILIACIÓN_OK: 4 frentes alineados con exchange
[RANGO] autosello COTI · ACECHANDO · Oz=0.0 link=— · manos_feria_informe.json
[RANGO] COTIUSDT_LINEAL last=0.01329 · río=WS · mercado=linear · estado=ACECHANDO · dir=— · 0=0.013086 · Oz=— · Red=0.013516272 · manos=ON · pos=flat · latido=1.50s
[RANGO] autosello COTI · ACECHANDO · Oz=0.0 link=— · manos_feria_informe.json
[RANGO] COTIUSDT_LINEAL last=0.013307 · río=WS · mercado=linear · estado=ACECHANDO · dir=— · 0=0.013086 · Oz=— · Red=0.013516272 · manos=ON · pos=flat · latido=1.50s
[RANGO] COTIUSDT_LINEAL last=0.013299 · río=WS · mercado=linear · estado=ACECHANDO · dir=— · 0=0.013086 · Oz=— · Red=0.013516272 · manos=ON · pos=flat · latido=1.50s
[RANGO] autosello COTI · ACECHANDO · Oz=0.0 link=— · manos_feria_informe.json
[RANGO] COTIUSDT_LINEAL last=0.013307 · río=WS · mercado=linear · estado=ACECHANDO · dir=— · 0=0.013086 · Oz=— · Red=0.013516272 · manos=ON · pos=flat · latido=1.50s
[RANGO] autosello COTI · ACECHANDO · Oz=0.0 link=— · manos_feria_informe.json
[RANGO] COTIUSDT_LINEAL last=0.013307 · río=WS · mercado=linear · estado=ACECHANDO · dir=— · 0=0.013086 · Oz=— · Red=0.013516272 · manos=ON · pos=flat · latido=1.50s
[RANGO] COTIUSDT_LINEAL last=0.013308 · río=WS · mercado=linear · estado=ACECHANDO · dir=— · 0=0.013086 · Oz=— · Red=0.013516272 · manos=ON · pos=flat · latido=1.50s
[2026-08-31 10:51:35] [TUSK] RECONCILIACIÓN: MONUSDT_LINEAL: interno L:0.000000/S:0.000000 -> real L:5276.000000/S:0.000000
[2026-08-31 10:51:35] [TUSK] RECONCILIACIÓN_FANTASMA: STXXUSDT_LINEAL existe interno pero no en exchange -> reseteando
[2026-08-31 10:51:35] [TUSK] RECONCILIACIÓN_OK: 2 frentes alineados con exchange
[RANGO] autosello COTI · ACECHANDO · Oz=0.0 link=— · manos_feria_informe.json
[RANGO] COTIUSDT_LINEAL last=0.013316 · río=WS · mercado=linear · estado=ACECHANDO · dir=— · 0=0.013086 · Oz=— · Red=0.013516272 · manos=ON · pos=flat · latido=1.50s
[RANGO] autosello COTI · ACECHANDO · Oz=0.0 link=— · manos_feria_informe.json
[RANGO] COTIUSDT_LINEAL last=0.013319 · río=WS · mercado=linear · estado=ACECHANDO · dir=— · 0=0.013086 · Oz=— · Red=0.013516272 · manos=ON · pos=flat · latido=1.50s
[RANGO] COTIUSDT_LINEAL last=0.013283 · río=WS · mercado=linear · estado=ACECHANDO · dir=— · 0=0.013086 · Oz=— · Red=0.013516272 · manos=ON · pos=flat · latido=1.50s
[RANGO] autosello COTI · ACECHANDO · Oz=0.0 link=— · manos_feria_informe.json
[RANGO] COTIUSDT_LINEAL last=0.013297 · río=WS · mercado=linear · estado=ACECHANDO · dir=— · 0=0.013086 · Oz=— · Red=0.013516272 · manos=ON · pos=flat · latido=1.50s
[RANGO] autosello COTI · ACECHANDO · Oz=0.0 link=— · manos_feria_informe.json
[RANGO] COTIUSDT_LINEAL last=0.013276 · río=WS · mercado=linear · estado=ACECHANDO · dir=— · 0=0.013086 · Oz=— · Red=0.013516272 · manos=ON · pos=flat · latido=1.50s
[RANGO] COTIUSDT_LINEAL last=0.013274 · río=WS · mercado=linear · estado=ACECHANDO · dir=— · 0=0.013086 · Oz=— · Red=0.013516272 · manos=ON · pos=flat · latido=1.50s
[2026-08-31 10:52:36] [TUSK] RECONCILIACIÓN: SUSHIUSDT_LINEAL: interno L:0.000000/S:0.000000 -> real L:139.800000/S:0.000000
[2026-08-31 10:52:36] [TUSK] RECONCILIACIÓN: ACUUSDT_LINEAL: interno L:0.000000/S:0.000000 -> real L:215.000000/S:0.000000
[2026-08-31 10:52:36] [TUSK] RECONCILIACIÓN_FANTASMA: PLTRUSDT_LINEAL existe interno pero no en exchange -> reseteando
[2026-08-31 10:52:36] [TUSK] RECONCILIACIÓN_FANTASMA: CFGUSDT_LINEAL existe interno pero no en exchange -> reseteando
[2026-08-31 10:52:36] [TUSK] RECONCILIACIÓN_OK: 4 frentes alineados con exchange
[RANGO] autosello COTI · ACECHANDO · Oz=0.0 link=— · manos_feria_informe.json
[RANGO] COTIUSDT_LINEAL last=0.013277 · río=WS · mercado=linear · estado=ACECHANDO · dir=— · 0=0.013086 · Oz=— · Red=0.013516272 · manos=ON · pos=flat · latido=1.50s
[RANGO] autosello COTI · ACECHANDO · Oz=0.0 link=— · manos_feria_informe.json
[RANGO] COTIUSDT_LINEAL last=0.013281 · río=WS · mercado=linear · estado=ACECHANDO · dir=— · 0=0.013086 · Oz=— · Red=0.013516272 · manos=ON · pos=flat · latido=1.50s
[RANGO] COTIUSDT_LINEAL last=0.01328 · río=WS · mercado=linear · estado=ACECHANDO · dir=— · 0=0.013086 · Oz=— · Red=0.013516272 · manos=ON · pos=flat · latido=1.50s
[RANGO] autosello COTI · ACECHANDO · Oz=0.0 link=— · manos_feria_informe.json
[RANGO] COTIUSDT_LINEAL last=0.013283 · río=WS · mercado=linear · estado=ACECHANDO · dir=— · 0=0.013086 · Oz=— · Red=0.013516272 · manos=ON · pos=flat · latido=1.50s
[RANGO] autosello COTI · ACECHANDO · Oz=0.0 link=— · manos_feria_informe.json
[RANGO] COTIUSDT_LINEAL last=0.013287 · río=WS · mercado=linear · estado=ACECHANDO · dir=— · 0=0.013086 · Oz=— · Red=0.013516272 · manos=ON · pos=flat · latido=1.50s
[RANGO] COTIUSDT_LINEAL last=0.01329 · río=WS · mercado=linear · estado=ACECHANDO · dir=— · 0=0.013086 · Oz=— · Red=0.013516272 · manos=ON · pos=flat · latido=1.50s
[2026-08-31 10:53:37] [TUSK] RECONCILIACIÓN: TRBUSDT_LINEAL: interno L:0.000000/S:0.000000 -> real L:5.240000/S:0.000000
[2026-08-31 10:53:37] [TUSK] RECONCILIACIÓN_FANTASMA: FWDIUSDT_LINEAL existe interno pero no en exchange -> reseteando
[2026-08-31 10:53:37] [TUSK] RECONCILIACIÓN_OK: 2 frentes alineados con exchange
[RANGO] autosello COTI · ACECHANDO · Oz=0.0 link=— · manos_feria_informe.json
[RANGO] COTIUSDT_LINEAL last=0.013289 · río=WS · mercado=linear · estado=ACECHANDO · dir=— · 0=0.013086 · Oz=— · Red=0.013516272 · manos=ON · pos=flat · latido=1.50s
[RANGO] autosello COTI · ACECHANDO · Oz=0.0 link=— · manos_feria_informe.json
[RANGO] COTIUSDT_LINEAL last=0.013294 · río=WS · mercado=linear · estado=ACECHANDO · dir=— · 0=0.013086 · Oz=— · Red=0.013516272 · manos=ON · pos=flat · latido=1.50s
[RANGO] COTIUSDT_LINEAL last=0.01328 · río=WS · mercado=linear · estado=ACECHANDO · dir=— · 0=0.013086 · Oz=— · Red=0.013516272 · manos=ON · pos=flat · latido=1.50s
[RANGO] autosello COTI · ACECHANDO · Oz=0.0 link=— · manos_feria_informe.json
[RANGO] COTIUSDT_LINEAL last=0.013283 · río=WS · mercado=linear · estado=ACECHANDO · dir=— · 0=0.013086 · Oz=— · Red=0.013516272 · manos=ON · pos=flat · latido=1.50s
[RANGO] autosello COTI · ACECHANDO · Oz=0.0 link=— · manos_feria_informe.json
[RANGO] COTIUSDT_LINEAL last=0.013279 · río=WS · mercado=linear · estado=ACECHANDO · dir=— · 0=0.013086 · Oz=— · Red=0.013516272 · manos=ON · pos=flat · latido=1.50s
[RANGO] COTIUSDT_LINEAL last=0.013281 · río=WS · mercado=linear · estado=ACECHANDO · dir=— · 0=0.013086 · Oz=— · Red=0.013516272 · manos=ON · pos=flat · latido=1.50s
[RANGO] autosello COTI · ACECHANDO · Oz=0.0 link=— · manos_feria_informe.json
[RANGO] COTIUSDT_LINEAL last=0.013266 · río=WS · mercado=linear · estado=ACECHANDO · dir=— · 0=0.013086 · Oz=— · Red=0.013516272 · manos=ON · pos=flat · latido=1.50s
[RANGO] autosello COTI · ACECHANDO · Oz=0.0 link=— · manos_feria_informe.json
[RANGO] COTIUSDT_LINEAL last=0.013266 · río=WS · mercado=linear · estado=ACECHANDO · dir=— · 0=0.013086 · Oz=— · Red=0.013516272 · manos=ON · pos=flat · latido=1.50s
[RANGO] COTIUSDT_LINEAL last=0.01327 · río=WS · mercado=linear · estado=ACECHANDO · dir=— · 0=0.013086 · Oz=— · Red=0.013516272 · manos=ON · pos=flat · latido=1.50s
[RANGO] autosello COTI · ACECHANDO · Oz=0.0 link=— · manos_feria_informe.json
[RANGO] COTIUSDT_LINEAL last=0.013274 · río=WS · mercado=linear · estado=ACECHANDO · dir=— · 0=0.013086 · Oz=— · Red=0.013516272 · manos=ON · pos=flat · latido=1.50s
[RANGO] autosello COTI · ACECHANDO · Oz=0.0 link=— · manos_feria_informe.json
[RANGO] COTIUSDT_LINEAL last=0.013266 · río=WS · mercado=linear · estado=ACECHANDO · dir=— · 0=0.013086 · Oz=— · Red=0.013516272 · manos=ON · pos=flat · latido=1.50s
[RANGO] COTIUSDT_LINEAL last=0.013288 · río=WS · mercado=linear · estado=ACECHANDO · dir=— · 0=0.013086 · Oz=— · Red=0.013516272 · manos=ON · pos=flat · latido=1.50s
[RANGO] autosello COTI · ACECHANDO · Oz=0.0 link=— · manos_feria_informe.json
[2026-08-31 10:55:39] [TUSK] RECONCILIACIÓN: LITUSDT_LINEAL: interno L:0.000000/S:25.500000 -> real L:0.000000/S:24.100000
[2026-08-31 10:55:39] [TUSK] RECONCILIACIÓN_OK: 1 frentes alineados con exchange
[RANGO] COTIUSDT_LINEAL last=0.013275 · río=WS · mercado=linear · estado=ACECHANDO · dir=— · 0=0.013086 · Oz=— · Red=0.013516272 · manos=ON · pos=flat · latido=1.50s
[RANGO] autosello COTI · ACECHANDO · Oz=0.0 link=— · manos_feria_informe.json
[RANGO] COTIUSDT_LINEAL last=0.013274 · río=WS · mercado=linear · estado=ACECHANDO · dir=— · 0=0.013086 · Oz=— · Red=0.013516272 · manos=ON · pos=flat · latido=1.50s
[RANGO] COTIUSDT_LINEAL last=0.013273 · río=WS · mercado=linear · estado=ACECHANDO · dir=— · 0=0.013086 · Oz=— · Red=0.013516272 · manos=ON · pos=flat · latido=1.50s
[RANGO] autosello COTI · ACECHANDO · Oz=0.0 link=— · manos_feria_informe.json
[RANGO] COTIUSDT_LINEAL last=0.013276 · río=WS · mercado=linear · estado=ACECHANDO · dir=— · 0=0.013086 · Oz=— · Red=0.013516272 · manos=ON · pos=flat · latido=1.50s
[RANGO] autosello COTI · ACECHANDO · Oz=0.0 link=— · manos_feria_informe.json
[RANGO] COTIUSDT_LINEAL last=0.013273 · río=WS · mercado=linear · estado=ACECHANDO · dir=— · 0=0.013086 · Oz=— · Red=0.013516272 · manos=ON · pos=flat · latido=1.50s
[RANGO] COTIUSDT_LINEAL last=0.013264 · río=WS · mercado=linear · estado=ACECHANDO · dir=— · 0=0.013086 · Oz=— · Red=0.013516272 · manos=ON · pos=flat · latido=1.50s
[RANGO] autosello COTI · ACECHANDO · Oz=0.0 link=— · manos_feria_informe.json
[RANGO] COTIUSDT_LINEAL last=0.013259 · río=WS · mercado=linear · estado=ACECHANDO · dir=— · 0=0.013086 · Oz=— · Red=0.013516272 · manos=ON · pos=flat · latido=1.50s
[RANGO] autosello COTI · ACECHANDO · Oz=0.0 link=— · manos_feria_informe.json
[RANGO] COTIUSDT_LINEAL last=0.013266 · río=WS · mercado=linear · estado=ACECHANDO · dir=— · 0=0.013086 · Oz=— · Red=0.013516272 · manos=ON · pos=flat · latido=1.50s
[RANGO] COTIUSDT_LINEAL last=0.013267 · río=WS · mercado=linear · estado=ACECHANDO · dir=— · 0=0.013086 · Oz=— · Red=0.013516272 · manos=ON · pos=flat · latido=1.50s
[RANGO] autosello COTI · ACECHANDO · Oz=0.0 link=— · manos_feria_informe.json
[RANGO] COTIUSDT_LINEAL last=0.013268 · río=WS · mercado=linear · estado=ACECHANDO · dir=— · 0=0.013086 · Oz=— · Red=0.013516272 · manos=ON · pos=flat · latido=1.50s
[RANGO] autosello COTI · ACECHANDO · Oz=0.0 link=— · manos_feria_informe.json
[RANGO] COTIUSDT_LINEAL last=0.013287 · río=WS · mercado=linear · estado=ACECHANDO · dir=— · 0=0.013086 · Oz=— · Red=0.013516272 · manos=ON · pos=flat · latido=1.50s
[RANGO] COTIUSDT_LINEAL last=0.013274 · río=WS · mercado=linear · estado=ACECHANDO · dir=— · 0=0.013086 · Oz=— · Red=0.013516272 · manos=ON · pos=flat · latido=1.50s
[RANGO] autosello COTI · ACECHANDO · Oz=0.0 link=— · manos_feria_informe.json
[2026-08-31 10:57:41] [TUSK] RECONCILIACIÓN: ROBOUSDT_LINEAL: interno L:0.000000/S:0.000000 -> real L:3390.000000/S:0.000000
[2026-08-31 10:57:41] [TUSK] RECONCILIACIÓN_FANTASMA: POWERUSDT_LINEAL existe interno pero no en exchange -> reseteando
[2026-08-31 10:57:41] [TUSK] RECONCILIACIÓN_OK: 2 frentes alineados con exchange
[RANGO] COTIUSDT_LINEAL last=0.01327 · río=WS · mercado=linear · estado=ACECHANDO · dir=— · 0=0.013086 · Oz=— · Red=0.013516272 · manos=ON · pos=flat · latido=1.50s
[RANGO] autosello COTI · ACECHANDO · Oz=0.0 link=— · manos_feria_informe.json
[RANGO] COTIUSDT_LINEAL last=0.013276 · río=WS · mercado=linear · estado=ACECHANDO · dir=— · 0=0.013086 · Oz=— · Red=0.013516272 · manos=ON · pos=flat · latido=1.50s
[RANGO] COTIUSDT_LINEAL last=0.013277 · río=WS · mercado=linear · estado=ACECHANDO · dir=— · 0=0.013086 · Oz=— · Red=0.013516272 · manos=ON · pos=flat · latido=1.50s
[RANGO] autosello COTI · ACECHANDO · Oz=0.0 link=— · manos_feria_informe.json
[RANGO] COTIUSDT_LINEAL last=0.013276 · río=WS · mercado=linear · estado=ACECHANDO · dir=— · 0=0.013086 · Oz=— · Red=0.013516272 · manos=ON · pos=flat · latido=1.50s
[RANGO] autosello COTI · ACECHANDO · Oz=0.0 link=— · manos_feria_informe.json
[RANGO] COTIUSDT_LINEAL last=0.013277 · río=WS · mercado=linear · estado=ACECHANDO · dir=— · 0=0.013086 · Oz=— · Red=0.013516272 · manos=ON · pos=flat · latido=1.50s
[RANGO] COTIUSDT_LINEAL last=0.013275 · río=WS · mercado=linear · estado=ACECHANDO · dir=— · 0=0.013086 · Oz=— · Red=0.013516272 · manos=ON · pos=flat · latido=1.50s
[RANGO] autosello COTI · ACECHANDO · Oz=0.0 link=— · manos_feria_informe.json
[2026-08-31 10:58:42] [TUSK] RECONCILIACIÓN: MOVRUSDT_LINEAL: interno L:0.000000/S:0.000000 -> real L:0.000000/S:115.100000
[2026-08-31 10:58:42] [TUSK] RECONCILIACIÓN_FANTASMA: AEHRUSDT_LINEAL existe interno pero no en exchange -> reseteando
[2026-08-31 10:58:42] [TUSK] RECONCILIACIÓN_OK: 2 frentes alineados con exchange
[RANGO] COTIUSDT_LINEAL last=0.013265 · río=WS · mercado=linear · estado=ACECHANDO · dir=— · 0=0.013086 · Oz=— · Red=0.013516272 · manos=ON · pos=flat · latido=1.50s
[RANGO] autosello COTI · ACECHANDO · Oz=0.0 link=— · manos_feria_informe.json
[RANGO] COTIUSDT_LINEAL last=0.013264 · río=WS · mercado=linear · estado=ACECHANDO · dir=— · 0=0.013086 · Oz=— · Red=0.013516272 · manos=ON · pos=flat · latido=1.50s
[RANGO] COTIUSDT_LINEAL last=0.013241 · río=WS · mercado=linear · estado=ACECHANDO · dir=— · 0=0.013086 · Oz=— · Red=0.013516272 · manos=ON · pos=flat · latido=1.50s
[RANGO] autosello COTI · ACECHANDO · Oz=0.0 link=— · manos_feria_informe.json
[RANGO] COTIUSDT_LINEAL last=0.013224 · río=WS · mercado=linear · estado=ACECHANDO · dir=— · 0=0.013086 · Oz=— · Red=0.013516272 · manos=ON · pos=flat · latido=1.50s
[RANGO] autosello COTI · ACECHANDO · Oz=0.0 link=— · manos_feria_informe.json
[RANGO] COTIUSDT_LINEAL last=0.013205 · río=WS · mercado=linear · estado=ACECHANDO · dir=— · 0=0.013086 · Oz=— · Red=0.013516272 · manos=ON · pos=flat · latido=1.50s
[RANGO] COTIUSDT_LINEAL last=0.013201 · río=WS · mercado=linear · estado=ACECHANDO · dir=— · 0=0.013086 · Oz=— · Red=0.013516272 · manos=ON · pos=flat · latido=1.50s
[RANGO] autosello COTI · ACECHANDO · Oz=0.0 link=— · manos_feria_informe.json
[2026-08-31 10:59:43] [TUSK] RECONCILIACIÓN: POWERUSDT_LINEAL: interno L:0.000000/S:0.000000 -> real L:0.000000/S:130.000000
[2026-08-31 10:59:43] [TUSK] RECONCILIACIÓN_FANTASMA: ROSEUSDT_LINEAL existe interno pero no en exchange -> reseteando
[2026-08-31 10:59:43] [TUSK] RECONCILIACIÓN_OK: 2 frentes alineados con exchange
[RANGO] COTIUSDT_LINEAL last=0.0132 · río=WS · mercado=linear · estado=ACECHANDO · dir=— · 0=0.013086 · Oz=— · Red=0.013516272 · manos=ON · pos=flat · latido=1.50s
[RANGO] autosello COTI · ACECHANDO · Oz=0.0 link=— · manos_feria_informe.json
[RANGO] COTIUSDT_LINEAL last=0.013207 · río=WS · mercado=linear · estado=ACECHANDO · dir=— · 0=0.013086 · Oz=— · Red=0.013516272 · manos=ON · pos=flat · latido=1.50s
[RANGO] COTIUSDT_LINEAL last=0.0132 · río=WS · mercado=linear · estado=ACECHANDO · dir=— · 0=0.013086 · Oz=— · Red=0.013516272 · manos=ON · pos=flat · latido=1.50s
[RANGO] autosello COTI · ACECHANDO · Oz=0.0 link=— · manos_feria_informe.json
[RANGO] COTIUSDT_LINEAL last=0.013205 · río=WS · mercado=linear · estado=ACECHANDO · dir=— · 0=0.013086 · Oz=— · Red=0.013516272 · manos=ON · pos=flat · latido=1.50s
[RANGO] autosello COTI · ACECHANDO · Oz=0.0 link=— · manos_feria_informe.json
[RANGO] COTIUSDT_LINEAL last=0.013219 · río=WS · mercado=linear · estado=ACECHANDO · dir=— · 0=0.013086 · Oz=— · Red=0.013516272 · manos=ON · pos=flat · latido=1.50s
[RANGO] COTIUSDT_LINEAL last=0.013212 · río=WS · mercado=linear · estado=ACECHANDO · dir=— · 0=0.013086 · Oz=— · Red=0.013516272 · manos=ON · pos=flat · latido=1.50s
[RANGO] autosello COTI · ACECHANDO · Oz=0.0 link=— · manos_feria_informe.json
[RANGO] COTIUSDT_LINEAL last=0.013217 · río=WS · mercado=linear · estado=ACECHANDO · dir=— · 0=0.013086 · Oz=— · Red=0.013516272 · manos=ON · pos=flat · latido=1.50s
[2026-08-31 11:00:45] [TUSK] RECONCILIACIÓN: COTIUSDT_LINEAL: interno L:0.000000/S:0.000000 -> real L:1213.000000/S:0.000000
[2026-08-31 11:00:45] [TUSK] RECONCILIACIÓN: SAMSUNGUSDT_LINEAL: interno L:0.000000/S:0.000000 -> real L:0.000000/S:0.110000
[2026-08-31 11:00:45] [TUSK] RECONCILIACIÓN_FANTASMA: CHIPUSDT_LINEAL existe interno pero no en exchange -> reseteando
[2026-08-31 11:00:45] [TUSK] RECONCILIACIÓN_FANTASMA: TWTUSDT_LINEAL existe interno pero no en exchange -> reseteando
[2026-08-31 11:00:45] [TUSK] RECONCILIACIÓN_OK: 4 frentes alineados con exchange
[RANGO] autosello COTI · ACECHANDO · Oz=0.0 link=— · manos_feria_informe.json
[RANGO] COTIUSDT_LINEAL last=0.013217 · río=WS · mercado=linear · estado=ACECHANDO · dir=— · 0=0.013086 · Oz=— · Red=0.013516272 · manos=ON · pos=LONG 1213@0.01302014 · latido=1.50s
[RANGO] COTIUSDT_LINEAL last=0.013215 · río=WS · mercado=linear · estado=ACECHANDO · dir=— · 0=0.013086 · Oz=— · Red=0.013516272 · manos=ON · pos=LONG 1213@0.01302014 · latido=1.50s
[RANGO] autosello COTI · ACECHANDO · Oz=0.0 link=— · manos_feria_informe.json
[RANGO] COTIUSDT_LINEAL last=0.013207 · río=WS · mercado=linear · estado=ACECHANDO · dir=— · 0=0.013086 · Oz=— · Red=0.013516272 · manos=ON · pos=LONG 1213@0.01302014 · latido=1.50s
[RANGO] autosello COTI · ACECHANDO · Oz=0.0 link=— · manos_feria_informe.json
[RANGO] COTIUSDT_LINEAL last=0.013211 · río=WS · mercado=linear · estado=ACECHANDO · dir=— · 0=0.013086 · Oz=— · Red=0.013516272 · manos=ON · pos=LONG 1213@0.01302014 · latido=1.50s
[RANGO] COTIUSDT_LINEAL last=0.013202 · río=WS · mercado=linear · estado=ACECHANDO · dir=— · 0=0.013086 · Oz=— · Red=0.013516272 · manos=ON · pos=LONG 1213@0.01302014 · latido=1.50s
[RANGO] autosello COTI · ACECHANDO · Oz=0.0 link=— · manos_feria_informe.json
[RANGO] COTIUSDT_LINEAL last=0.013217 · río=WS · mercado=linear · estado=ACECHANDO · dir=— · 0=0.013086 · Oz=— · Red=0.013516272 · manos=ON · pos=LONG 1213@0.01302014 · latido=1.50s
[2026-08-31 11:01:46] [TUSK] RECONCILIACIÓN: PRLUSDT_LINEAL: interno L:0.000000/S:0.000000 -> real L:1308.000000/S:0.000000
[2026-08-31 11:01:46] [TUSK] RECONCILIACIÓN: TWTUSDT_LINEAL: interno L:0.000000/S:0.000000 -> real L:7.400000/S:0.000000
[2026-08-31 11:01:46] [TUSK] RECONCILIACIÓN_FANTASMA: CRCLUSDT_LINEAL existe interno pero no en exchange -> reseteando
[2026-08-31 11:01:46] [TUSK] RECONCILIACIÓN_FANTASMA: BMNRUSDT_LINEAL existe interno pero no en exchange -> reseteando
[2026-08-31 11:01:46] [TUSK] RECONCILIACIÓN_OK: 4 frentes alineados con exchange
[RANGO] autosello COTI · ACECHANDO · Oz=0.0 link=— · manos_feria_informe.json
[RANGO] COTIUSDT_LINEAL last=0.013206 · río=WS · mercado=linear · estado=ACECHANDO · dir=— · 0=0.013086 · Oz=— · Red=0.013516272 · manos=ON · pos=LONG 1213@0.01302014 · latido=1.50s
[RANGO] COTIUSDT_LINEAL last=0.0132 · río=WS · mercado=linear · estado=ACECHANDO · dir=— · 0=0.013086 · Oz=— · Red=0.013516272 · manos=ON · pos=LONG 1213@0.01302014 · latido=1.50s
[RANGO] autosello COTI · ACECHANDO · Oz=0.0 link=— · manos_feria_informe.json
[RANGO] COTIUSDT_LINEAL last=0.013206 · río=WS · mercado=linear · estado=ACECHANDO · dir=— · 0=0.013086 · Oz=— · Red=0.013516272 · manos=ON · pos=LONG 1213@0.01302014 · latido=1.50s
[RANGO] autosello COTI · ACECHANDO · Oz=0.0 link=— · manos_feria_informe.json
[RANGO] COTIUSDT_LINEAL last=0.013206 · río=WS · mercado=linear · estado=ACECHANDO · dir=— · 0=0.013086 · Oz=— · Red=0.013516272 · manos=ON · pos=LONG 1213@0.01302014 · latido=1.50s
[RANGO] COTIUSDT_LINEAL last=0.01321 · río=WS · mercado=linear · estado=ACECHANDO · dir=— · 0=0.013086 · Oz=— · Red=0.013516272 · manos=ON · pos=LONG 1213@0.01302014 · latido=1.50s
[RANGO] autosello COTI · ACECHANDO · Oz=0.0 link=— · manos_feria_informe.json
[RANGO] COTIUSDT_LINEAL last=0.013216 · río=WS · mercado=linear · estado=ACECHANDO · dir=— · 0=0.013086 · Oz=— · Red=0.013516272 · manos=ON · pos=LONG 1213@0.01302014 · latido=1.50s
[RANGO] autosello COTI · ACECHANDO · Oz=0.0 link=— · manos_feria_informe.json
[RANGO] COTIUSDT_LINEAL last=0.013214 · río=WS · mercado=linear · estado=ACECHANDO · dir=— · 0=0.013086 · Oz=— · Red=0.013516272 · manos=ON · pos=LONG 1213@0.01302014 · latido=1.50s
[RANGO] COTIUSDT_LINEAL last=0.013219 · río=WS · mercado=linear · estado=ACECHANDO · dir=— · 0=0.013086 · Oz=— · Red=0.013516272 · manos=ON · pos=LONG 1213@0.01302014 · latido=1.50s
[RANGO] autosello COTI · ACECHANDO · Oz=0.0 link=— · manos_feria_informe.json
[RANGO] COTIUSDT_LINEAL last=0.013206 · río=WS · mercado=linear · estado=ACECHANDO · dir=— · 0=0.013086 · Oz=— · Red=0.013516272 · manos=ON · pos=LONG 1213@0.01302014 · latido=1.50s
[RANGO] autosello COTI · ACECHANDO · Oz=0.0 link=— · manos_feria_informe.json
[RANGO] COTIUSDT_LINEAL last=0.013206 · río=WS · mercado=linear · estado=ACECHANDO · dir=— · 0=0.013086 · Oz=— · Red=0.013516272 · manos=ON · pos=LONG 1213@0.01302014 · latido=1.50s
[RANGO] COTIUSDT_LINEAL last=0.013217 · río=WS · mercado=linear · estado=ACECHANDO · dir=— · 0=0.013086 · Oz=— · Red=0.013516272 · manos=ON · pos=LONG 1213@0.01302014 · latido=1.50s
[RANGO] autosello COTI · ACECHANDO · Oz=0.0 link=— · manos_feria_informe.json
[RANGO] COTIUSDT_LINEAL last=0.013217 · río=WS · mercado=linear · estado=ACECHANDO · dir=— · 0=0.013086 · Oz=— · Red=0.013516272 · manos=ON · pos=LONG 1213@0.01302014 · latido=1.50s
[2026-08-31 11:03:48] [TUSK] RECONCILIACIÓN: KSMUSDT_LINEAL: interno L:0.000000/S:0.000000 -> real L:13.470000/S:0.000000
[2026-08-31 11:03:48] [TUSK] RECONCILIACIÓN: DASHUSDT_LINEAL: interno L:0.000000/S:0.810000 -> real L:0.000000/S:1.050000
[2026-08-31 11:03:48] [TUSK] RECONCILIACIÓN_FANTASMA: HYPEUSDT_LINEAL existe interno pero no en exchange -> reseteando
[2026-08-31 11:03:48] [TUSK] RECONCILIACIÓN_OK: 3 frentes alineados con exchange
[RANGO] autosello COTI · ACECHANDO · Oz=0.0 link=— · manos_feria_informe.json
[RANGO] COTIUSDT_LINEAL last=0.013216 · río=WS · mercado=linear · estado=ACECHANDO · dir=— · 0=0.013086 · Oz=— · Red=0.013516272 · manos=ON · pos=LONG 1213@0.01302014 · latido=1.50s
[RANGO] COTIUSDT_LINEAL last=0.013214 · río=WS · mercado=linear · estado=ACECHANDO · dir=— · 0=0.013086 · Oz=— · Red=0.013516272 · manos=ON · pos=LONG 1213@0.01302014 · latido=1.50s
[RANGO] autosello COTI · ACECHANDO · Oz=0.0 link=— · manos_feria_informe.json
[RANGO] COTIUSDT_LINEAL last=0.013212 · río=WS · mercado=linear · estado=ACECHANDO · dir=— · 0=0.013086 · Oz=— · Red=0.013516272 · manos=ON · pos=LONG 1213@0.01302014 · latido=1.50s
[RANGO] autosello COTI · ACECHANDO · Oz=0.0 link=— · manos_feria_informe.json
[RANGO] COTIUSDT_LINEAL last=0.01321 · río=WS · mercado=linear · estado=ACECHANDO · dir=— · 0=0.013086 · Oz=— · Red=0.013516272 · manos=ON · pos=LONG 1213@0.01302014 · latido=1.50s
[RANGO] COTIUSDT_LINEAL last=0.0132 · río=WS · mercado=linear · estado=ACECHANDO · dir=— · 0=0.013086 · Oz=— · Red=0.013516272 · manos=ON · pos=LONG 1213@0.01302014 · latido=1.50s
[RANGO] autosello COTI · ACECHANDO · Oz=0.0 link=— · manos_feria_informe.json
[RANGO] COTIUSDT_LINEAL last=0.013211 · río=WS · mercado=linear · estado=ACECHANDO · dir=— · 0=0.013086 · Oz=— · Red=0.013516272 · manos=ON · pos=LONG 1213@0.01302014 · latido=1.50s
[RANGO] autosello COTI · ACECHANDO · Oz=0.0 link=— · manos_feria_informe.json
[RANGO] COTIUSDT_LINEAL last=0.013214 · río=WS · mercado=linear · estado=ACECHANDO · dir=— · 0=0.013086 · Oz=— · Red=0.013516272 · manos=ON · pos=LONG 1213@0.01302014 · latido=1.50s
[RANGO] COTIUSDT_LINEAL last=0.013207 · río=WS · mercado=linear · estado=ACECHANDO · dir=— · 0=0.013086 · Oz=— · Red=0.013516272 · manos=ON · pos=LONG 1213@0.01302014 · latido=1.50s
[RANGO] autosello COTI · ACECHANDO · Oz=0.0 link=— · manos_feria_informe.json
[RANGO] COTIUSDT_LINEAL last=0.013209 · río=WS · mercado=linear · estado=ACECHANDO · dir=— · 0=0.013086 · Oz=— · Red=0.013516272 · manos=ON · pos=LONG 1213@0.01302014 · latido=1.50s
[RANGO] autosello COTI · ACECHANDO · Oz=0.0 link=— · manos_feria_informe.json
[RANGO] COTIUSDT_LINEAL last=0.013209 · río=WS · mercado=linear · estado=ACECHANDO · dir=— · 0=0.013086 · Oz=— · Red=0.013516272 · manos=ON · pos=LONG 1213@0.01302014 · latido=1.50s
[RANGO] COTIUSDT_LINEAL last=0.01321 · río=WS · mercado=linear · estado=ACECHANDO · dir=— · 0=0.013086 · Oz=— · Red=0.013516272 · manos=ON · pos=LONG 1213@0.01302014 · latido=1.50s
[RANGO] autosello COTI · ACECHANDO · Oz=0.0 link=— · manos_feria_informe.json
[RANGO] COTIUSDT_LINEAL last=0.013211 · río=WS · mercado=linear · estado=ACECHANDO · dir=— · 0=0.013086 · Oz=— · Red=0.013516272 · manos=ON · pos=LONG 1213@0.01302014 · latido=1.50s
[RANGO] autosello COTI · ACECHANDO · Oz=0.0 link=— · manos_feria_informe.json
[RANGO] COTIUSDT_LINEAL last=0.013219 · río=WS · mercado=linear · estado=ACECHANDO · dir=— · 0=0.013086 · Oz=— · Red=0.013516272 · manos=ON · pos=LONG 1213@0.01302014 · latido=1.50s
[RANGO] COTIUSDT_LINEAL last=0.013225 · río=WS · mercado=linear · estado=ACECHANDO · dir=— · 0=0.013086 · Oz=— · Red=0.013516272 · manos=ON · pos=LONG 1213@0.01302014 · latido=1.50s
[RANGO] autosello COTI · ACECHANDO · Oz=0.0 link=— · manos_feria_informe.json
[RANGO] COTIUSDT_LINEAL last=0.013229 · río=WS · mercado=linear · estado=ACECHANDO · dir=— · 0=0.013086 · Oz=— · Red=0.013516272 · manos=ON · pos=LONG 1213@0.01302014 · latido=1.50s
[RANGO] autosello COTI · ACECHANDO · Oz=0.0 link=— · manos_feria_informe.json
[RANGO] COTIUSDT_LINEAL last=0.013228 · río=WS · mercado=linear · estado=ACECHANDO · dir=— · 0=0.013086 · Oz=— · Red=0.013516272 · manos=ON · pos=LONG 1213@0.01302014 · latido=1.50s
[RANGO] COTIUSDT_LINEAL last=0.013221 · río=WS · mercado=linear · estado=ACECHANDO · dir=— · 0=0.013086 · Oz=— · Red=0.013516272 · manos=ON · pos=LONG 1213@0.01302014 · latido=1.50s
[RANGO] autosello COTI · ACECHANDO · Oz=0.0 link=— · manos_feria_informe.json
[RANGO] COTIUSDT_LINEAL last=0.01323 · río=ciego/muleta · mercado=linear · estado=ACECHANDO · dir=— · 0=0.013086 · Oz=— · Red=0.013516272 · manos=ON · pos=LONG 1213@0.01302014 · latido=1.50s
[2026-08-31 11:06:51] [TUSK] RECONCILIACIÓN: ARCUSDT_LINEAL: interno L:0.000000/S:0.000000 -> real L:45.000000/S:0.000000
[2026-08-31 11:06:51] [TUSK] RECONCILIACIÓN_FANTASMA: BLUAIUSDT_LINEAL existe interno pero no en exchange -> reseteando
[2026-08-31 11:06:51] [TUSK] RECONCILIACIÓN_OK: 2 frentes alineados con exchange
[RANGO] autosello COTI · ACECHANDO · Oz=0.0 link=— · manos_feria_informe.json
[RANGO] COTIUSDT_LINEAL last=0.013221 · río=WS · mercado=linear · estado=ACECHANDO · dir=— · 0=0.013086 · Oz=— · Red=0.013516272 · manos=ON · pos=LONG 1213@0.01302014 · latido=1.50s
[RANGO] COTIUSDT_LINEAL last=0.013215 · río=WS · mercado=linear · estado=ACECHANDO · dir=— · 0=0.013086 · Oz=— · Red=0.013516272 · manos=ON · pos=LONG 1213@0.01302014 · latido=1.50s
[RANGO] autosello COTI · ACECHANDO · Oz=0.0 link=— · manos_feria_informe.json
[RANGO] COTIUSDT_LINEAL last=0.013218 · río=WS · mercado=linear · estado=ACECHANDO · dir=— · 0=0.013086 · Oz=— · Red=0.013516272 · manos=ON · pos=LONG 1213@0.01302014 · latido=1.50s
[RANGO] autosello COTI · ACECHANDO · Oz=0.0 link=— · manos_feria_informe.json
[RANGO] COTIUSDT_LINEAL last=0.013217 · río=WS · mercado=linear · estado=ACECHANDO · dir=— · 0=0.013086 · Oz=— · Red=0.013516272 · manos=ON · pos=LONG 1213@0.01302014 · latido=1.50s
[RANGO] COTIUSDT_LINEAL last=0.013221 · río=WS · mercado=linear · estado=ACECHANDO · dir=— · 0=0.013086 · Oz=— · Red=0.013516272 · manos=ON · pos=LONG 1213@0.01302014 · latido=1.50s
[RANGO] autosello COTI · ACECHANDO · Oz=0.0 link=— · manos_feria_informe.json
[RANGO] COTIUSDT_LINEAL last=0.013219 · río=WS · mercado=linear · estado=ACECHANDO · dir=— · 0=0.013086 · Oz=— · Red=0.013516272 · manos=ON · pos=LONG 1213@0.01302014 · latido=1.50s
[RANGO] autosello COTI · ACECHANDO · Oz=0.0 link=— · manos_feria_informe.json
[RANGO] COTIUSDT_LINEAL last=0.013215 · río=WS · mercado=linear · estado=ACECHANDO · dir=— · 0=0.013086 · Oz=— · Red=0.013516272 · manos=ON · pos=LONG 1213@0.01302014 · latido=1.50s
[RANGO] COTIUSDT_LINEAL last=0.013216 · río=WS · mercado=linear · estado=ACECHANDO · dir=— · 0=0.013086 · Oz=— · Red=0.013516272 · manos=ON · pos=LONG 1213@0.01302014 · latido=1.50s
[RANGO] autosello COTI · ACECHANDO · Oz=0.0 link=— · manos_feria_informe.json
[RANGO] COTIUSDT_LINEAL last=0.013218 · río=WS · mercado=linear · estado=ACECHANDO · dir=— · 0=0.013086 · Oz=— · Red=0.013516272 · manos=ON · pos=LONG 1213@0.01302014 · latido=1.50s
[RANGO] autosello COTI · ACECHANDO · Oz=0.0 link=— · manos_feria_informe.json
[RANGO] COTIUSDT_LINEAL last=0.013216 · río=WS · mercado=linear · estado=ACECHANDO · dir=— · 0=0.013086 · Oz=— · Red=0.013516272 · manos=ON · pos=LONG 1213@0.01302014 · latido=1.50s
[RANGO] COTIUSDT_LINEAL last=0.013214 · río=WS · mercado=linear · estado=ACECHANDO · dir=— · 0=0.013086 · Oz=— · Red=0.013516272 · manos=ON · pos=LONG 1213@0.01302014 · latido=1.50s
[RANGO] autosello COTI · ACECHANDO · Oz=0.0 link=— · manos_feria_informe.json
[RANGO] COTIUSDT_LINEAL last=0.013214 · río=ciego/muleta · mercado=linear · estado=ACECHANDO · dir=— · 0=0.013086 · Oz=— · Red=0.013516272 · manos=ON · pos=LONG 1213@0.01302014 · latido=1.50s
[RANGO] autosello COTI · ACECHANDO · Oz=0.0 link=— · manos_feria_informe.json
[RANGO] COTIUSDT_LINEAL last=0.013211 · río=WS · mercado=linear · estado=ACECHANDO · dir=— · 0=0.013086 · Oz=— · Red=0.013516272 · manos=ON · pos=LONG 1213@0.01302014 · latido=1.50s
[RANGO] COTIUSDT_LINEAL last=0.013212 · río=WS · mercado=linear · estado=ACECHANDO · dir=— · 0=0.013086 · Oz=— · Red=0.013516272 · manos=ON · pos=LONG 1213@0.01302014 · latido=1.50s
[RANGO] autosello COTI · ACECHANDO · Oz=0.0 link=— · manos_feria_informe.json
[RANGO] COTIUSDT_LINEAL last=0.013202 · río=WS · mercado=linear · estado=ACECHANDO · dir=— · 0=0.013086 · Oz=— · Red=0.013516272 · manos=ON · pos=LONG 1213@0.01302014 · latido=1.50s
[RANGO] autosello COTI · ACECHANDO · Oz=0.0 link=— · manos_feria_informe.json
[RANGO] COTIUSDT_LINEAL last=0.013208 · río=WS · mercado=linear · estado=ACECHANDO · dir=— · 0=0.013086 · Oz=— · Red=0.013516272 · manos=ON · pos=LONG 1213@0.01302014 · latido=1.50s
[RANGO] COTIUSDT_LINEAL last=0.01321 · río=WS · mercado=linear · estado=ACECHANDO · dir=— · 0=0.013086 · Oz=— · Red=0.013516272 · manos=ON · pos=LONG 1213@0.01302014 · latido=1.50s
[RANGO] autosello COTI · ACECHANDO · Oz=0.0 link=— · manos_feria_informe.json
[RANGO] COTIUSDT_LINEAL last=0.013208 · río=WS · mercado=linear · estado=ACECHANDO · dir=— · 0=0.013086 · Oz=— · Red=0.013516272 · manos=ON · pos=LONG 1213@0.01302014 · latido=1.50s
[RANGO] autosello COTI · ACECHANDO · Oz=0.0 link=— · manos_feria_informe.json
[RANGO] COTIUSDT_LINEAL last=0.013206 · río=WS · mercado=linear · estado=ACECHANDO · dir=— · 0=0.013086 · Oz=— · Red=0.013516272 · manos=ON · pos=LONG 1213@0.01302014 · latido=1.50s
[RANGO] COTIUSDT_LINEAL last=0.013204 · río=WS · mercado=linear · estado=ACECHANDO · dir=— · 0=0.013086 · Oz=— · Red=0.013516272 · manos=ON · pos=LONG 1213@0.01302014 · latido=1.50s
[RANGO] autosello COTI · ACECHANDO · Oz=0.0 link=— · manos_feria_informe.json
[RANGO] COTIUSDT_LINEAL last=0.013205 · río=ciego/muleta · mercado=linear · estado=ACECHANDO · dir=— · 0=0.013086 · Oz=— · Red=0.013516272 · manos=ON · pos=LONG 1213@0.01302014 · latido=1.50s
[RANGO] autosello COTI · ACECHANDO · Oz=0.0 link=— · manos_feria_informe.json
[RANGO] COTIUSDT_LINEAL last=0.013205 · río=WS · mercado=linear · estado=ACECHANDO · dir=— · 0=0.013086 · Oz=— · Red=0.013516272 · manos=ON · pos=LONG 1213@0.01302014 · latido=1.50s
[RANGO] COTIUSDT_LINEAL last=0.0132 · río=WS · mercado=linear · estado=ACECHANDO · dir=— · 0=0.013086 · Oz=— · Red=0.013516272 · manos=ON · pos=LONG 1213@0.01302014 · latido=1.50s
[RANGO] autosello COTI · ACECHANDO · Oz=0.0 link=— · manos_feria_informe.json
[RANGO] COTIUSDT_LINEAL last=0.013199 · río=WS · mercado=linear · estado=ACECHANDO · dir=— · 0=0.013086 · Oz=— · Red=0.013516272 · manos=ON · pos=LONG 1213@0.01302014 · latido=1.50s
[RANGO] autosello COTI · ACECHANDO · Oz=0.0 link=— · manos_feria_informe.json
[2026-08-31 11:10:56] [TUSK] RECONCILIACIÓN: PLTRUSDT_LINEAL: interno L:0.000000/S:0.000000 -> real L:0.030000/S:0.000000
[2026-08-31 11:10:56] [TUSK] RECONCILIACIÓN_FANTASMA: XANUSDT_LINEAL existe interno pero no en exchange -> reseteando
[2026-08-31 11:10:56] [TUSK] RECONCILIACIÓN_OK: 2 frentes alineados con exchange
[RANGO] COTIUSDT_LINEAL last=0.0132 · río=WS · mercado=linear · estado=ACECHANDO · dir=— · 0=0.013086 · Oz=— · Red=0.013516272 · manos=ON · pos=LONG 1213@0.01302014 · latido=1.50s
[RANGO] COTIUSDT_LINEAL last=0.0132 · río=WS · mercado=linear · estado=ACECHANDO · dir=— · 0=0.013086 · Oz=— · Red=0.013516272 · manos=ON · pos=LONG 1213@0.01302014 · latido=1.50s
[RANGO] autosello COTI · ACECHANDO · Oz=0.0 link=— · manos_feria_informe.json
[RANGO] COTIUSDT_LINEAL last=0.0132 · río=ciego/muleta · mercado=linear · estado=ACECHANDO · dir=— · 0=0.013086 · Oz=— · Red=0.013516272 · manos=ON · pos=LONG 1213@0.01302014 · latido=1.50s
[RANGO] autosello COTI · ACECHANDO · Oz=0.0 link=— · manos_feria_informe.json
[RANGO] COTIUSDT_LINEAL last=0.013198 · río=WS · mercado=linear · estado=ACECHANDO · dir=— · 0=0.013086 · Oz=— · Red=0.013516272 · manos=ON · pos=LONG 1213@0.01302014 · latido=1.50s
[RANGO] COTIUSDT_LINEAL last=0.013198 · río=WS · mercado=linear · estado=ACECHANDO · dir=— · 0=0.013086 · Oz=— · Red=0.013516272 · manos=ON · pos=LONG 1213@0.01302014 · latido=1.50s
[RANGO] autosello COTI · ACECHANDO · Oz=0.0 link=— · manos_feria_informe.json
[RANGO] COTIUSDT_LINEAL last=0.013198 · río=WS · mercado=linear · estado=ACECHANDO · dir=— · 0=0.013086 · Oz=— · Red=0.013516272 · manos=ON · pos=LONG 1213@0.01302014 · latido=1.50s
[RANGO] autosello COTI · ACECHANDO · Oz=0.0 link=— · manos_feria_informe.json
[RANGO] COTIUSDT_LINEAL last=0.013194 · río=WS · mercado=linear · estado=ACECHANDO · dir=— · 0=0.013086 · Oz=— · Red=0.013516272 · manos=ON · pos=LONG 1213@0.01302014 · latido=1.50s
[RANGO] COTIUSDT_LINEAL last=0.013192 · río=ciego/muleta · mercado=linear · estado=ACECHANDO · dir=— · 0=0.013086 · Oz=— · Red=0.013516272 · manos=ON · pos=LONG 1213@0.01302014 · latido=1.50s
[RANGO] autosello COTI · ACECHANDO · Oz=0.0 link=— · manos_feria_informe.json
[RANGO] COTIUSDT_LINEAL last=0.013194 · río=WS · mercado=linear · estado=ACECHANDO · dir=— · 0=0.013086 · Oz=— · Red=0.013516272 · manos=ON · pos=LONG 1213@0.01302014 · latido=1.50s
[RANGO] autosello COTI · ACECHANDO · Oz=0.0 link=— · manos_feria_informe.json
[RANGO] COTIUSDT_LINEAL last=0.013194 · río=WS · mercado=linear · estado=ACECHANDO · dir=— · 0=0.013086 · Oz=— · Red=0.013516272 · manos=ON · pos=LONG 1213@0.01302014 · latido=1.50s
[RANGO] COTIUSDT_LINEAL last=0.013199 · río=WS · mercado=linear · estado=ACECHANDO · dir=— · 0=0.013086 · Oz=— · Red=0.013516272 · manos=ON · pos=LONG 1213@0.01302014 · latido=1.50s
[RANGO] autosello COTI · ACECHANDO · Oz=0.0 link=— · manos_feria_informe.json
[RANGO] COTIUSDT_LINEAL last=0.013199 · río=WS · mercado=linear · estado=ACECHANDO · dir=— · 0=0.013086 · Oz=— · Red=0.013516272 · manos=ON · pos=LONG 1213@0.01302014 · latido=1.50s
[RANGO] autosello COTI · ACECHANDO · Oz=0.0 link=— · manos_feria_informe.json
[RANGO] COTIUSDT_LINEAL last=0.013194 · río=WS · mercado=linear · estado=ACECHANDO · dir=— · 0=0.013086 · Oz=— · Red=0.013516272 · manos=ON · pos=LONG 1213@0.01302014 · latido=1.50s
[RANGO] COTIUSDT_LINEAL last=0.013175 · río=WS · mercado=linear · estado=ACECHANDO · dir=— · 0=0.013086 · Oz=— · Red=0.013516272 · manos=ON · pos=LONG 1213@0.01302014 · latido=1.50s
[RANGO] autosello COTI · ACECHANDO · Oz=0.0 link=— · manos_feria_informe.json
[RANGO] COTIUSDT_LINEAL last=0.013187 · río=WS · mercado=linear · estado=ACECHANDO · dir=— · 0=0.013086 · Oz=— · Red=0.013516272 · manos=ON · pos=LONG 1213@0.01302014 · latido=1.50s
[RANGO] autosello COTI · ACECHANDO · Oz=0.0 link=— · manos_feria_informe.json
[RANGO] COTIUSDT_LINEAL last=0.01319 · río=WS · mercado=linear · estado=ACECHANDO · dir=— · 0=0.013086 · Oz=— · Red=0.013516272 · manos=ON · pos=LONG 1213@0.01302014 · latido=1.50s
[RANGO] COTIUSDT_LINEAL last=0.013183 · río=WS · mercado=linear · estado=ACECHANDO · dir=— · 0=0.013086 · Oz=— · Red=0.013516272 · manos=ON · pos=LONG 1213@0.01302014 · latido=1.50s
[RANGO] autosello COTI · ACECHANDO · Oz=0.0 link=— · manos_feria_informe.json
[RANGO] COTIUSDT_LINEAL last=0.013184 · río=WS · mercado=linear · estado=ACECHANDO · dir=— · 0=0.013086 · Oz=— · Red=0.013516272 · manos=ON · pos=LONG 1213@0.01302014 · latido=1.50s
[RANGO] autosello COTI · ACECHANDO · Oz=0.0 link=— · manos_feria_informe.json
[2026-08-31 11:13:59] [TUSK] RECONCILIACIÓN_FANTASMA: AAVEUSD_INVERSE existe interno pero no en exchange -> reseteando
[2026-08-31 11:13:59] [TUSK] RECONCILIACIÓN_OK: 1 frentes alineados con exchange
[RANGO] COTIUSDT_LINEAL last=0.013187 · río=WS · mercado=linear · estado=ACECHANDO · dir=— · 0=0.013086 · Oz=— · Red=0.013516272 · manos=ON · pos=LONG 1213@0.01302014 · latido=1.50s
[RANGO] COTIUSDT_LINEAL last=0.013178 · río=WS · mercado=linear · estado=ACECHANDO · dir=— · 0=0.013086 · Oz=— · Red=0.013516272 · manos=ON · pos=LONG 1213@0.01302014 · latido=1.50s
[RANGO] autosello COTI · ACECHANDO · Oz=0.0 link=— · manos_feria_informe.json
[RANGO] COTIUSDT_LINEAL last=0.01318 · río=WS · mercado=linear · estado=ACECHANDO · dir=— · 0=0.013086 · Oz=— · Red=0.013516272 · manos=ON · pos=LONG 1213@0.01302014 · latido=1.50s
[RANGO] autosello COTI · ACECHANDO · Oz=0.0 link=— · manos_feria_informe.json
[RANGO] COTIUSDT_LINEAL last=0.013181 · río=WS · mercado=linear · estado=ACECHANDO · dir=— · 0=0.013086 · Oz=— · Red=0.013516272 · manos=ON · pos=LONG 1213@0.01302014 · latido=1.50s
[RANGO] COTIUSDT_LINEAL last=0.01318 · río=WS · mercado=linear · estado=ACECHANDO · dir=— · 0=0.013086 · Oz=— · Red=0.013516272 · manos=ON · pos=LONG 1213@0.01302014 · latido=1.50s
[RANGO] autosello COTI · ACECHANDO · Oz=0.0 link=— · manos_feria_informe.json
[RANGO] COTIUSDT_LINEAL last=0.013181 · río=WS · mercado=linear · estado=ACECHANDO · dir=— · 0=0.013086 · Oz=— · Red=0.013516272 · manos=ON · pos=LONG 1213@0.01302014 · latido=1.50s
[RANGO] autosello COTI · ACECHANDO · Oz=0.0 link=— · manos_feria_informe.json
[RANGO] COTIUSDT_LINEAL last=0.013181 · río=ciego/muleta · mercado=linear · estado=ACECHANDO · dir=— · 0=0.013086 · Oz=— · Red=0.013516272 · manos=ON · pos=LONG 1213@0.01302014 · latido=1.50s
[2026-08-31 11:15:01] [TUSK] RECONCILIACIÓN: POWERUSDT_LINEAL: interno L:0.000000/S:130.000000 -> real L:0.000000/S:189.000000
[2026-08-31 11:15:01] [TUSK] RECONCILIACIÓN_OK: 1 frentes alineados con exchange
[RANGO] autosello COTI · ACECHANDO · Oz=0.0 link=— · manos_feria_informe.json
[RANGO] COTIUSDT_LINEAL last=0.013199 · río=WS · mercado=linear · estado=ACECHANDO · dir=— · 0=0.013086 · Oz=— · Red=0.013516272 · manos=ON · pos=LONG 1213@0.01302014 · latido=1.50s
[RANGO] COTIUSDT_LINEAL last=0.013201 · río=WS · mercado=linear · estado=ACECHANDO · dir=— · 0=0.013086 · Oz=— · Red=0.013516272 · manos=ON · pos=LONG 1213@0.01302014 · latido=1.50s
[RANGO] autosello COTI · ACECHANDO · Oz=0.0 link=— · manos_feria_informe.json
[RANGO] COTIUSDT_LINEAL last=0.013204 · río=WS · mercado=linear · estado=ACECHANDO · dir=— · 0=0.013086 · Oz=— · Red=0.013516272 · manos=ON · pos=LONG 1213@0.01302014 · latido=1.50s
[RANGO] autosello COTI · ACECHANDO · Oz=0.0 link=— · manos_feria_informe.json
[RANGO] COTIUSDT_LINEAL last=0.013205 · río=WS · mercado=linear · estado=ACECHANDO · dir=— · 0=0.013086 · Oz=— · Red=0.013516272 · manos=ON · pos=LONG 1213@0.01302014 · latido=1.50s
[RANGO] COTIUSDT_LINEAL last=0.013204 · río=WS · mercado=linear · estado=ACECHANDO · dir=— · 0=0.013086 · Oz=— · Red=0.013516272 · manos=ON · pos=LONG 1213@0.01302014 · latido=1.50s
[RANGO] autosello COTI · ACECHANDO · Oz=0.0 link=— · manos_feria_informe.json
[RANGO] COTIUSDT_LINEAL last=0.013204 · río=WS · mercado=linear · estado=ACECHANDO · dir=— · 0=0.013086 · Oz=— · Red=0.013516272 · manos=ON · pos=LONG 1213@0.01302014 · latido=1.50s
[2026-08-31 11:16:02] [TUSK] RECONCILIACIÓN: CRCLUSDT_LINEAL: interno L:0.000000/S:0.000000 -> real L:0.150000/S:0.000000
[2026-08-31 11:16:02] [TUSK] RECONCILIACIÓN_FANTASMA: MORPHOUSDT_LINEAL existe interno pero no en exchange -> reseteando
[2026-08-31 11:16:02] [TUSK] RECONCILIACIÓN_OK: 2 frentes alineados con exchange
[RANGO] autosello COTI · ACECHANDO · Oz=0.0 link=— · manos_feria_informe.json
[RANGO] COTIUSDT_LINEAL last=0.013206 · río=WS · mercado=linear · estado=ACECHANDO · dir=— · 0=0.013086 · Oz=— · Red=0.013516272 · manos=ON · pos=LONG 1213@0.01302014 · latido=1.50s
[RANGO] COTIUSDT_LINEAL last=0.013199 · río=WS · mercado=linear · estado=ACECHANDO · dir=— · 0=0.013086 · Oz=— · Red=0.013516272 · manos=ON · pos=LONG 1213@0.01302014 · latido=1.50s
[RANGO] autosello COTI · ACECHANDO · Oz=0.0 link=— · manos_feria_informe.json
[RANGO] COTIUSDT_LINEAL last=0.013197 · río=ciego/muleta · mercado=linear · estado=ACECHANDO · dir=— · 0=0.013086 · Oz=— · Red=0.013516272 · manos=ON · pos=LONG 1213@0.01302014 · latido=1.50s
[RANGO] autosello COTI · ACECHANDO · Oz=0.0 link=— · manos_feria_informe.json
[RANGO] COTIUSDT_LINEAL last=0.013197 · río=ciego/muleta · mercado=linear · estado=ACECHANDO · dir=— · 0=0.013086 · Oz=— · Red=0.013516272 · manos=ON · pos=LONG 1213@0.01302014 · latido=1.50s
[RANGO] COTIUSDT_LINEAL last=0.013196 · río=WS · mercado=linear · estado=ACECHANDO · dir=— · 0=0.013086 · Oz=— · Red=0.013516272 · manos=ON · pos=LONG 1213@0.01302014 · latido=1.50s
[RANGO] autosello COTI · ACECHANDO · Oz=0.0 link=— · manos_feria_informe.json
[RANGO] COTIUSDT_LINEAL last=0.013196 · río=WS · mercado=linear · estado=ACECHANDO · dir=— · 0=0.013086 · Oz=— · Red=0.013516272 · manos=ON · pos=LONG 1213@0.01302014 · latido=1.50s
[2026-08-31 11:17:03] [TUSK] RECONCILIACIÓN: MORPHOUSDT_LINEAL: interno L:0.000000/S:0.000000 -> real L:21.000000/S:0.000000
[2026-08-31 11:17:03] [TUSK] RECONCILIACIÓN_FANTASMA: PURRUSDT_LINEAL existe interno pero no en exchange -> reseteando
[2026-08-31 11:17:03] [TUSK] RECONCILIACIÓN_OK: 2 frentes alineados con exchange
[RANGO] autosello COTI · ACECHANDO · Oz=0.0 link=— · manos_feria_informe.json
[RANGO] COTIUSDT_LINEAL last=0.013195 · río=WS · mercado=linear · estado=ACECHANDO · dir=— · 0=0.013086 · Oz=— · Red=0.013516272 · manos=ON · pos=LONG 1213@0.01302014 · latido=1.50s
[RANGO] COTIUSDT_LINEAL last=0.013191 · río=WS · mercado=linear · estado=ACECHANDO · dir=— · 0=0.013086 · Oz=— · Red=0.013516272 · manos=ON · pos=LONG 1213@0.01302014 · latido=1.50s
[RANGO] autosello COTI · ACECHANDO · Oz=0.0 link=— · manos_feria_informe.json
[RANGO] COTIUSDT_LINEAL last=0.013225 · río=WS · mercado=linear · estado=ACECHANDO · dir=— · 0=0.013086 · Oz=— · Red=0.013516272 · manos=ON · pos=LONG 1213@0.01302014 · latido=1.50s
[RANGO] autosello COTI · ACECHANDO · Oz=0.0 link=— · manos_feria_informe.json
[RANGO] COTIUSDT_LINEAL last=0.013225 · río=WS · mercado=linear · estado=ACECHANDO · dir=— · 0=0.013086 · Oz=— · Red=0.013516272 · manos=ON · pos=LONG 1213@0.01302014 · latido=1.50s
[RANGO] COTIUSDT_LINEAL last=0.013225 · río=WS · mercado=linear · estado=ACECHANDO · dir=— · 0=0.013086 · Oz=— · Red=0.013516272 · manos=ON · pos=LONG 1213@0.01302014 · latido=1.50s
[RANGO] autosello COTI · ACECHANDO · Oz=0.0 link=— · manos_feria_informe.json
[RANGO] COTIUSDT_LINEAL last=0.013232 · río=WS · mercado=linear · estado=ACECHANDO · dir=— · 0=0.013086 · Oz=— · Red=0.013516272 · manos=ON · pos=LONG 1213@0.01302014 · latido=1.50s
[2026-08-31 11:18:04] [TUSK] RECONCILIACIÓN: MSTRUSDT_LINEAL: interno L:0.000000/S:0.000000 -> real L:0.160000/S:0.000000
[2026-08-31 11:18:04] [TUSK] RECONCILIACIÓN_FANTASMA: ASTSUSDT_LINEAL existe interno pero no en exchange -> reseteando
[2026-08-31 11:18:04] [TUSK] RECONCILIACIÓN_OK: 2 frentes alineados con exchange
[RANGO] autosello COTI · ACECHANDO · Oz=0.0 link=— · manos_feria_informe.json
[RANGO] COTIUSDT_LINEAL last=0.013231 · río=WS · mercado=linear · estado=ACECHANDO · dir=— · 0=0.013086 · Oz=— · Red=0.013516272 · manos=ON · pos=LONG 1213@0.01302014 · latido=1.50s
[RANGO] COTIUSDT_LINEAL last=0.013232 · río=WS · mercado=linear · estado=ACECHANDO · dir=— · 0=0.013086 · Oz=— · Red=0.013516272 · manos=ON · pos=LONG 1213@0.01302014 · latido=1.50s
[RANGO] autosello COTI · ACECHANDO · Oz=0.0 link=— · manos_feria_informe.json
[RANGO] COTIUSDT_LINEAL last=0.013231 · río=WS · mercado=linear · estado=ACECHANDO · dir=— · 0=0.013086 · Oz=— · Red=0.013516272 · manos=ON · pos=LONG 1213@0.01302014 · latido=1.50s
[RANGO] autosello COTI · ACECHANDO · Oz=0.0 link=— · manos_feria_informe.json
[RANGO] COTIUSDT_LINEAL last=0.013231 · río=WS · mercado=linear · estado=ACECHANDO · dir=— · 0=0.013086 · Oz=— · Red=0.013516272 · manos=ON · pos=LONG 1213@0.01302014 · latido=1.50s
[RANGO] COTIUSDT_LINEAL last=0.013252 · río=WS · mercado=linear · estado=ACECHANDO · dir=— · 0=0.013086 · Oz=— · Red=0.013516272 · manos=ON · pos=LONG 1213@0.01302014 · latido=1.50s
[RANGO] autosello COTI · ACECHANDO · Oz=0.0 link=— · manos_feria_informe.json
[RANGO] COTIUSDT_LINEAL last=0.013256 · río=WS · mercado=linear · estado=ACECHANDO · dir=— · 0=0.013086 · Oz=— · Red=0.013516272 · manos=ON · pos=LONG 1213@0.01302014 · latido=1.50s
[RANGO] autosello COTI · ACECHANDO · Oz=0.0 link=— · manos_feria_informe.json
[RANGO] COTIUSDT_LINEAL last=0.013254 · río=WS · mercado=linear · estado=ACECHANDO · dir=— · 0=0.013086 · Oz=— · Red=0.013516272 · manos=ON · pos=LONG 1213@0.01302014 · latido=1.50s
[RANGO] COTIUSDT_LINEAL last=0.013248 · río=WS · mercado=linear · estado=ACECHANDO · dir=— · 0=0.013086 · Oz=— · Red=0.013516272 · manos=ON · pos=LONG 1213@0.01302014 · latido=1.50s
[RANGO] autosello COTI · ACECHANDO · Oz=0.0 link=— · manos_feria_informe.json
[RANGO] COTIUSDT_LINEAL last=0.013253 · río=ciego/muleta · mercado=linear · estado=ACECHANDO · dir=— · 0=0.013086 · Oz=— · Red=0.013516272 · manos=ON · pos=LONG 1213@0.01302014 · latido=1.50s
[RANGO] autosello COTI · ACECHANDO · Oz=0.0 link=— · manos_feria_informe.json
[RANGO] COTIUSDT_LINEAL last=0.013255 · río=WS · mercado=linear · estado=ACECHANDO · dir=— · 0=0.013086 · Oz=— · Red=0.013516272 · manos=ON · pos=LONG 1213@0.01302014 · latido=1.50s
[RANGO] COTIUSDT_LINEAL last=0.013255 · río=ciego/muleta · mercado=linear · estado=ACECHANDO · dir=— · 0=0.013086 · Oz=— · Red=0.013516272 · manos=ON · pos=LONG 1213@0.01302014 · latido=1.50s
[RANGO] autosello COTI · ACECHANDO · Oz=0.0 link=— · manos_feria_informe.json
[RANGO] COTIUSDT_LINEAL last=0.013257 · río=WS · mercado=linear · estado=ACECHANDO · dir=— · 0=0.013086 · Oz=— · Red=0.013516272 · manos=ON · pos=LONG 1213@0.01302014 · latido=1.50s
[RANGO] autosello COTI · ACECHANDO · Oz=0.0 link=— · manos_feria_informe.json
[RANGO] COTIUSDT_LINEAL last=0.013256 · río=ciego/muleta · mercado=linear · estado=ACECHANDO · dir=— · 0=0.013086 · Oz=— · Red=0.013516272 · manos=ON · pos=LONG 1213@0.01302014 · latido=1.50s
[RANGO] COTIUSDT_LINEAL last=0.013254 · río=WS · mercado=linear · estado=ACECHANDO · dir=— · 0=0.013086 · Oz=— · Red=0.013516272 · manos=ON · pos=LONG 1213@0.01302014 · latido=1.50s
[RANGO] autosello COTI · ACECHANDO · Oz=0.0 link=— · manos_feria_informe.json
[RANGO] COTIUSDT_LINEAL last=0.013256 · río=WS · mercado=linear · estado=ACECHANDO · dir=— · 0=0.013086 · Oz=— · Red=0.013516272 · manos=ON · pos=LONG 1213@0.01302014 · latido=1.50s
[RANGO] autosello COTI · ACECHANDO · Oz=0.0 link=— · manos_feria_informe.json
[RANGO] COTIUSDT_LINEAL last=0.013259 · río=WS · mercado=linear · estado=ACECHANDO · dir=— · 0=0.013086 · Oz=— · Red=0.013516272 · manos=ON · pos=LONG 1213@0.01302014 · latido=1.50s
[RANGO] autosello COTI · ACECHANDO · Oz=0.0 link=— · manos_feria_informe.json
[RANGO] COTIUSDT_LINEAL last=0.013259 · río=WS · mercado=linear · estado=ACECHANDO · dir=— · 0=0.013086 · Oz=— · Red=0.013516272 · manos=ON · pos=LONG 1213@0.01302014 · latido=1.50s
[RANGO] COTIUSDT_LINEAL last=0.013255 · río=WS · mercado=linear · estado=ACECHANDO · dir=— · 0=0.013086 · Oz=— · Red=0.013516272 · manos=ON · pos=LONG 1213@0.01302014 · latido=1.50s
[2026-08-31 11:21:08] [TUSK] RECONCILIACIÓN: LITUSDT_LINEAL: interno L:0.000000/S:24.100000 -> real L:0.000000/S:22.400000
[2026-08-31 11:21:08] [TUSK] RECONCILIACIÓN_OK: 1 frentes alineados con exchange
[RANGO] autosello COTI · ACECHANDO · Oz=0.0 link=— · manos_feria_informe.json
[RANGO] COTIUSDT_LINEAL last=0.013247 · río=WS · mercado=linear · estado=ACECHANDO · dir=— · 0=0.013086 · Oz=— · Red=0.013516272 · manos=ON · pos=LONG 1213@0.01302014 · latido=1.50s
[RANGO] autosello COTI · ACECHANDO · Oz=0.0 link=— · manos_feria_informe.json
[RANGO] COTIUSDT_LINEAL last=0.013253 · río=WS · mercado=linear · estado=ACECHANDO · dir=— · 0=0.013086 · Oz=— · Red=0.013516272 · manos=ON · pos=LONG 1213@0.01302014 · latido=1.50s
[RANGO] COTIUSDT_LINEAL last=0.013253 · río=WS · mercado=linear · estado=ACECHANDO · dir=— · 0=0.013086 · Oz=— · Red=0.013516272 · manos=ON · pos=LONG 1213@0.01302014 · latido=1.50s
[RANGO] autosello COTI · ACECHANDO · Oz=0.0 link=— · manos_feria_informe.json
[RANGO] COTIUSDT_LINEAL last=0.013253 · río=WS · mercado=linear · estado=ACECHANDO · dir=— · 0=0.013086 · Oz=— · Red=0.013516272 · manos=ON · pos=LONG 1213@0.01302014 · latido=1.50s
[RANGO] autosello COTI · ACECHANDO · Oz=0.0 link=— · manos_feria_informe.json
[RANGO] COTIUSDT_LINEAL last=0.013251 · río=ciego/muleta · mercado=linear · estado=ACECHANDO · dir=— · 0=0.013086 · Oz=— · Red=0.013516272 · manos=ON · pos=LONG 1213@0.01302014 · latido=1.50s
[RANGO] COTIUSDT_LINEAL last=0.013267 · río=WS · mercado=linear · estado=ACECHANDO · dir=— · 0=0.013086 · Oz=— · Red=0.013516272 · manos=ON · pos=LONG 1213@0.01302014 · latido=1.50s
[RANGO] autosello COTI · ACECHANDO · Oz=0.0 link=— · manos_feria_informe.json
[RANGO] COTIUSDT_LINEAL last=0.013268 · río=ciego/muleta · mercado=linear · estado=ACECHANDO · dir=— · 0=0.013086 · Oz=— · Red=0.013516272 · manos=ON · pos=LONG 1213@0.01302014 · latido=1.50s
[RANGO] autosello COTI · ACECHANDO · Oz=0.0 link=— · manos_feria_informe.json
[RANGO] COTIUSDT_LINEAL last=0.013308 · río=WS · mercado=linear · estado=ACECHANDO · dir=— · 0=0.013086 · Oz=— · Red=0.013516272 · manos=ON · pos=LONG 1213@0.01302014 · latido=1.50s
[RANGO] COTIUSDT_LINEAL last=0.013301 · río=WS · mercado=linear · estado=ACECHANDO · dir=— · 0=0.013086 · Oz=— · Red=0.013516272 · manos=ON · pos=LONG 1213@0.01302014 · latido=1.50s
[RANGO] autosello COTI · ACECHANDO · Oz=0.0 link=— · manos_feria_informe.json
[RANGO] COTIUSDT_LINEAL last=0.013312 · río=WS · mercado=linear · estado=ACECHANDO · dir=— · 0=0.013086 · Oz=— · Red=0.013516272 · manos=ON · pos=LONG 1213@0.01302014 · latido=1.50s
[RANGO] autosello COTI · ACECHANDO · Oz=0.0 link=— · manos_feria_informe.json
[RANGO] COTIUSDT_LINEAL last=0.013318 · río=WS · mercado=linear · estado=ACECHANDO · dir=— · 0=0.013086 · Oz=— · Red=0.013516272 · manos=ON · pos=LONG 1213@0.01302014 · latido=1.50s
[RANGO] COTIUSDT_LINEAL last=0.013318 · río=WS · mercado=linear · estado=ACECHANDO · dir=— · 0=0.013086 · Oz=— · Red=0.013516272 · manos=ON · pos=LONG 1213@0.01302014 · latido=1.50s
[RANGO] autosello COTI · ACECHANDO · Oz=0.0 link=— · manos_feria_informe.json
[RANGO] COTIUSDT_LINEAL last=0.013289 · río=WS · mercado=linear · estado=ACECHANDO · dir=— · 0=0.013086 · Oz=— · Red=0.013516272 · manos=ON · pos=LONG 1213@0.01302014 · latido=1.50s
[RANGO] autosello COTI · ACECHANDO · Oz=0.0 link=— · manos_feria_informe.json
[RANGO] COTIUSDT_LINEAL last=0.013275 · río=WS · mercado=linear · estado=ACECHANDO · dir=— · 0=0.013086 · Oz=— · Red=0.013516272 · manos=ON · pos=LONG 1213@0.01302014 · latido=1.50s
[RANGO] COTIUSDT_LINEAL last=0.013276 · río=WS · mercado=linear · estado=ACECHANDO · dir=— · 0=0.013086 · Oz=— · Red=0.013516272 · manos=ON · pos=LONG 1213@0.01302014 · latido=1.50s
[RANGO] autosello COTI · ACECHANDO · Oz=0.0 link=— · manos_feria_informe.json
[RANGO] COTIUSDT_LINEAL last=0.013249 · río=WS · mercado=linear · estado=ACECHANDO · dir=— · 0=0.013086 · Oz=— · Red=0.013516272 · manos=ON · pos=LONG 1213@0.01302014 · latido=1.50s
[RANGO] autosello COTI · ACECHANDO · Oz=0.0 link=— · manos_feria_informe.json
[RANGO] COTIUSDT_LINEAL last=0.013253 · río=WS · mercado=linear · estado=ACECHANDO · dir=— · 0=0.013086 · Oz=— · Red=0.013516272 · manos=ON · pos=LONG 1213@0.01302014 · latido=1.50s
[RANGO] COTIUSDT_LINEAL last=0.013245 · río=WS · mercado=linear · estado=ACECHANDO · dir=— · 0=0.013086 · Oz=— · Red=0.013516272 · manos=ON · pos=LONG 1213@0.01302014 · latido=1.50s
[2026-08-31 11:24:11] [TUSK] RECONCILIACIÓN: XLMUSDT_LINEAL: interno L:0.000000/S:0.000000 -> real L:306.000000/S:0.000000
[2026-08-31 11:24:11] [TUSK] RECONCILIACIÓN_FANTASMA: MONUSDT_LINEAL existe interno pero no en exchange -> reseteando
[2026-08-31 11:24:11] [TUSK] RECONCILIACIÓN_OK: 2 frentes alineados con exchange
[RANGO] autosello COTI · ACECHANDO · Oz=0.0 link=— · manos_feria_informe.json
[RANGO] COTIUSDT_LINEAL last=0.013245 · río=WS · mercado=linear · estado=ACECHANDO · dir=— · 0=0.013086 · Oz=— · Red=0.013516272 · manos=ON · pos=LONG 1213@0.01302014 · latido=1.50s
[RANGO] autosello COTI · ACECHANDO · Oz=0.0 link=— · manos_feria_informe.json
[RANGO] COTIUSDT_LINEAL last=0.013254 · río=ciego/muleta · mercado=linear · estado=ACECHANDO · dir=— · 0=0.013086 · Oz=— · Red=0.013516272 · manos=ON · pos=LONG 1213@0.01302014 · latido=1.50s
[RANGO] COTIUSDT_LINEAL last=0.013252 · río=WS · mercado=linear · estado=ACECHANDO · dir=— · 0=0.013086 · Oz=— · Red=0.013516272 · manos=ON · pos=LONG 1213@0.01302014 · latido=1.50s
[RANGO] autosello COTI · ACECHANDO · Oz=0.0 link=— · manos_feria_informe.json
[RANGO] COTIUSDT_LINEAL last=0.013251 · río=WS · mercado=linear · estado=ACECHANDO · dir=— · 0=0.013086 · Oz=— · Red=0.013516272 · manos=ON · pos=LONG 1213@0.01302014 · latido=1.50s
[RANGO] autosello COTI · ACECHANDO · Oz=0.0 link=— · manos_feria_informe.json
[RANGO] COTIUSDT_LINEAL last=0.013254 · río=WS · mercado=linear · estado=ACECHANDO · dir=— · 0=0.013086 · Oz=— · Red=0.013516272 · manos=ON · pos=LONG 1213@0.01302014 · latido=1.50s
[RANGO] COTIUSDT_LINEAL last=0.013243 · río=WS · mercado=linear · estado=ACECHANDO · dir=— · 0=0.013086 · Oz=— · Red=0.013516272 · manos=ON · pos=LONG 1213@0.01302014 · latido=1.50s
[RANGO] autosello COTI · ACECHANDO · Oz=0.0 link=— · manos_feria_informe.json
[2026-08-31 11:25:12] [TUSK] RECONCILIACIÓN: SYRUPUSDT_LINEAL: interno L:0.000000/S:0.000000 -> real L:454.000000/S:0.000000
[2026-08-31 11:25:12] [TUSK] RECONCILIACIÓN_FANTASMA: ACUUSDT_LINEAL existe interno pero no en exchange -> reseteando
[2026-08-31 11:25:12] [TUSK] RECONCILIACIÓN_OK: 2 frentes alineados con exchange
[RANGO] COTIUSDT_LINEAL last=0.013241 · río=WS · mercado=linear · estado=ACECHANDO · dir=— · 0=0.013086 · Oz=— · Red=0.013516272 · manos=ON · pos=LONG 1213@0.01302014 · latido=1.50s
[RANGO] autosello COTI · ACECHANDO · Oz=0.0 link=— · manos_feria_informe.json
[RANGO] COTIUSDT_LINEAL last=0.013241 · río=WS · mercado=linear · estado=ACECHANDO · dir=— · 0=0.013086 · Oz=— · Red=0.013516272 · manos=ON · pos=LONG 1213@0.01302014 · latido=1.50s
[RANGO] COTIUSDT_LINEAL last=0.013249 · río=WS · mercado=linear · estado=ACECHANDO · dir=— · 0=0.013086 · Oz=— · Red=0.013516272 · manos=ON · pos=LONG 1213@0.01302014 · latido=1.50s
[RANGO] autosello COTI · ACECHANDO · Oz=0.0 link=— · manos_feria_informe.json
[RANGO] COTIUSDT_LINEAL last=0.013248 · río=WS · mercado=linear · estado=ACECHANDO · dir=— · 0=0.013086 · Oz=— · Red=0.013516272 · manos=ON · pos=LONG 1213@0.01302014 · latido=1.50s
[RANGO] autosello COTI · ACECHANDO · Oz=0.0 link=— · manos_feria_informe.json
[RANGO] COTIUSDT_LINEAL last=0.013248 · río=WS · mercado=linear · estado=ACECHANDO · dir=— · 0=0.013086 · Oz=— · Red=0.013516272 · manos=ON · pos=LONG 1213@0.01302014 · latido=1.50s
[RANGO] COTIUSDT_LINEAL last=0.013249 · río=ciego/muleta · mercado=linear · estado=ACECHANDO · dir=— · 0=0.013086 · Oz=— · Red=0.013516272 · manos=ON · pos=LONG 1213@0.01302014 · latido=1.50s
[RANGO] autosello COTI · ACECHANDO · Oz=0.0 link=— · manos_feria_informe.json
[RANGO] COTIUSDT_LINEAL last=0.013243 · río=ciego/muleta · mercado=linear · estado=ACECHANDO · dir=— · 0=0.013086 · Oz=— · Red=0.013516272 · manos=ON · pos=LONG 1213@0.01302014 · latido=1.50s
[RANGO] autosello COTI · ACECHANDO · Oz=0.0 link=— · manos_feria_informe.json
[RANGO] COTIUSDT_LINEAL last=0.013251 · río=WS · mercado=linear · estado=ACECHANDO · dir=— · 0=0.013086 · Oz=— · Red=0.013516272 · manos=ON · pos=LONG 1213@0.01302014 · latido=1.50s
[RANGO] COTIUSDT_LINEAL last=0.013237 · río=WS · mercado=linear · estado=ACECHANDO · dir=— · 0=0.013086 · Oz=— · Red=0.013516272 · manos=ON · pos=LONG 1213@0.01302014 · latido=1.50s
[RANGO] autosello COTI · ACECHANDO · Oz=0.0 link=— · manos_feria_informe.json
[RANGO] COTIUSDT_LINEAL last=0.013231 · río=WS · mercado=linear · estado=ACECHANDO · dir=— · 0=0.013086 · Oz=— · Red=0.013516272 · manos=ON · pos=LONG 1213@0.01302014 · latido=1.50s
[RANGO] autosello COTI · ACECHANDO · Oz=0.0 link=— · manos_feria_informe.json
[RANGO] COTIUSDT_LINEAL last=0.01323 · río=WS · mercado=linear · estado=ACECHANDO · dir=— · 0=0.013086 · Oz=— · Red=0.013516272 · manos=ON · pos=LONG 1213@0.01302014 · latido=1.50s
[RANGO] COTIUSDT_LINEAL last=0.01323 · río=WS · mercado=linear · estado=ACECHANDO · dir=— · 0=0.013086 · Oz=— · Red=0.013516272 · manos=ON · pos=LONG 1213@0.01302014 · latido=1.50s
[RANGO] autosello COTI · ACECHANDO · Oz=0.0 link=— · manos_feria_informe.json
[2026-08-31 11:27:14] [TUSK] RECONCILIACIÓN: ACUUSDT_LINEAL: interno L:0.000000/S:0.000000 -> real L:215.000000/S:0.000000
[2026-08-31 11:27:14] [TUSK] RECONCILIACIÓN: MONUSDT_LINEAL: interno L:0.000000/S:0.000000 -> real L:5276.000000/S:0.000000
[2026-08-31 11:27:14] [TUSK] RECONCILIACIÓN_FANTASMA: CRCLUSDT_LINEAL existe interno pero no en exchange -> reseteando
[2026-08-31 11:27:14] [TUSK] RECONCILIACIÓN_FANTASMA: COTIUSDT_LINEAL existe interno pero no en exchange -> reseteando
[2026-08-31 11:27:14] [TUSK] RECONCILIACIÓN_OK: 4 frentes alineados con exchange
