
════════════════════════════════════════════════════════
    ARISE BERU RANGO — MANOS ON
    Santo: PRLUSDT_LINEAL · mercado=linear · perfil=feria · Vacío ±2.2% · masa $5.0 · Red $5.0
    FASE: HIERRO | SIM=False | TESTNET=False
════════════════════════════════════════════════════════
[2026-08-31 07:59:46] [BRIDGE] LEVERAGE_ERROR: PRLUSD 25x: params error: symbol invalid PRLUSD (ErrCode: 10001) (ErrTime: 13:59:46).
Request → POST https://api.bybit.com/v5/position/set-leverage: {"category": "inverse", "symbol": "PRLUSD", "buyLeverage": "25", "sellLeverage": "25"}.
[BELLION OIDO · CRITICO] BRIDGE LEVERAGE_ERROR
[2026-08-31 07:59:46] [BRIDGE] LEVERAGE_ERROR: PRLUSD 20x: params error: symbol invalid PRLUSD (ErrCode: 10001) (ErrTime: 13:59:46).
Request → POST https://api.bybit.com/v5/position/set-leverage: {"category": "inverse", "symbol": "PRLUSD", "buyLeverage": "20", "sellLeverage": "20"}.
[BELLION OIDO · CRITICO] BRIDGE LEVERAGE_ERROR
[2026-08-31 07:59:47] [BRIDGE] LEVERAGE_ERROR: PRLUSD 15x: params error: symbol invalid PRLUSD (ErrCode: 10001) (ErrTime: 13:59:47).
Request → POST https://api.bybit.com/v5/position/set-leverage: {"category": "inverse", "symbol": "PRLUSD", "buyLeverage": "15", "sellLeverage": "15"}.
[BELLION OIDO · CRITICO] BRIDGE LEVERAGE_ERROR
[2026-08-31 07:59:47] [BRIDGE] LEVERAGE_ERROR: PRLUSD 12x: params error: symbol invalid PRLUSD (ErrCode: 10001) (ErrTime: 13:59:47).
Request → POST https://api.bybit.com/v5/position/set-leverage: {"category": "inverse", "symbol": "PRLUSD", "buyLeverage": "12", "sellLeverage": "12"}.
[BELLION OIDO · CRITICO] BRIDGE LEVERAGE_ERROR
[2026-08-31 07:59:47] [BRIDGE] LEVERAGE_ERROR: PRLUSD 10x: params error: symbol invalid PRLUSD (ErrCode: 10001) (ErrTime: 13:59:47).
Request → POST https://api.bybit.com/v5/position/set-leverage: {"category": "inverse", "symbol": "PRLUSD", "buyLeverage": "10", "sellLeverage": "10"}.
[BELLION OIDO · CRITICO] BRIDGE LEVERAGE_ERROR
[2026-08-31 07:59:47] [BRIDGE] LEVERAGE_ERROR: PRLUSD 8x: params error: symbol invalid PRLUSD (ErrCode: 10001) (ErrTime: 13:59:47).
Request → POST https://api.bybit.com/v5/position/set-leverage: {"category": "inverse", "symbol": "PRLUSD", "buyLeverage": "8", "sellLeverage": "8"}.
[BELLION OIDO · CRITICO] BRIDGE LEVERAGE_ERROR
[2026-08-31 07:59:48] [BRIDGE] LEVERAGE_ERROR: PRLUSD 5x: params error: symbol invalid PRLUSD (ErrCode: 10001) (ErrTime: 13:59:48).
Request → POST https://api.bybit.com/v5/position/set-leverage: {"category": "inverse", "symbol": "PRLUSD", "buyLeverage": "5", "sellLeverage": "5"}.
[BELLION OIDO · CRITICO] BRIDGE LEVERAGE_ERROR
[2026-08-31 07:59:48] [BRIDGE] LEVERAGE_ERROR: PRLUSD 3x: params error: symbol invalid PRLUSD (ErrCode: 10001) (ErrTime: 13:59:48).
Request → POST https://api.bybit.com/v5/position/set-leverage: {"category": "inverse", "symbol": "PRLUSD", "buyLeverage": "3", "sellLeverage": "3"}.
[BELLION OIDO · CRITICO] BRIDGE LEVERAGE_ERROR
[2026-08-31 07:59:48] [BRIDGE] LEVERAGE_ERROR: PRLUSD 2x: params error: symbol invalid PRLUSD (ErrCode: 10001) (ErrTime: 13:59:48).
Request → POST https://api.bybit.com/v5/position/set-leverage: {"category": "inverse", "symbol": "PRLUSD", "buyLeverage": "2", "sellLeverage": "2"}.
[BELLION OIDO · CRITICO] BRIDGE LEVERAGE_ERROR
[2026-08-31 07:59:49] [BRIDGE] LEVERAGE_ERROR: PRLUSD 1x: params error: symbol invalid PRLUSD (ErrCode: 10001) (ErrTime: 13:59:49).
Request → POST https://api.bybit.com/v5/position/set-leverage: {"category": "inverse", "symbol": "PRLUSD", "buyLeverage": "1", "sellLeverage": "1"}.
[BELLION OIDO · CRITICO] BRIDGE LEVERAGE_ERROR
[2026-08-31 07:59:49] [BRIDGE] LEVERAGE_ERROR: PRLUSD 23x: params error: symbol invalid PRLUSD (ErrCode: 10001) (ErrTime: 13:59:49).
Request → POST https://api.bybit.com/v5/position/set-leverage: {"category": "inverse", "symbol": "PRLUSD", "buyLeverage": "23", "sellLeverage": "23"}.
[BELLION OIDO · CRITICO] BRIDGE LEVERAGE_ERROR
[2026-08-31 07:59:49] [BRIDGE] LEVERAGE_ERROR: PRLUSD 21x: params error: symbol invalid PRLUSD (ErrCode: 10001) (ErrTime: 13:59:49).
Request → POST https://api.bybit.com/v5/position/set-leverage: {"category": "inverse", "symbol": "PRLUSD", "buyLeverage": "21", "sellLeverage": "21"}.
[BELLION OIDO · CRITICO] BRIDGE LEVERAGE_ERROR
[2026-08-31 07:59:49] [BRIDGE] LEVERAGE_ERROR: PRLUSD 19x: params error: symbol invalid PRLUSD (ErrCode: 10001) (ErrTime: 13:59:49).
Request → POST https://api.bybit.com/v5/position/set-leverage: {"category": "inverse", "symbol": "PRLUSD", "buyLeverage": "19", "sellLeverage": "19"}.
[BELLION OIDO · CRITICO] BRIDGE LEVERAGE_ERROR
[2026-08-31 07:59:50] [BRIDGE] LEVERAGE_ERROR: PRLUSD 17x: params error: symbol invalid PRLUSD (ErrCode: 10001) (ErrTime: 13:59:50).
Request → POST https://api.bybit.com/v5/position/set-leverage: {"category": "inverse", "symbol": "PRLUSD", "buyLeverage": "17", "sellLeverage": "17"}.
[BELLION OIDO · CRITICO] BRIDGE LEVERAGE_ERROR
[2026-08-31 07:59:50] [BRIDGE] LEVERAGE_ERROR: PRLUSD 13x: params error: symbol invalid PRLUSD (ErrCode: 10001) (ErrTime: 13:59:50).
Request → POST https://api.bybit.com/v5/position/set-leverage: {"category": "inverse", "symbol": "PRLUSD", "buyLeverage": "13", "sellLeverage": "13"}.
[BELLION OIDO · CRITICO] BRIDGE LEVERAGE_ERROR
[2026-08-31 07:59:50] [BRIDGE] LEVERAGE_ERROR: PRLUSD 11x: params error: symbol invalid PRLUSD (ErrCode: 10001) (ErrTime: 13:59:50).
Request → POST https://api.bybit.com/v5/position/set-leverage: {"category": "inverse", "symbol": "PRLUSD", "buyLeverage": "11", "sellLeverage": "11"}.
[BELLION OIDO · CRITICO] BRIDGE LEVERAGE_ERROR
[2026-08-31 07:59:51] [BRIDGE] LEVERAGE_ERROR: PRLUSD 9x: params error: symbol invalid PRLUSD (ErrCode: 10001) (ErrTime: 13:59:51).
Request → POST https://api.bybit.com/v5/position/set-leverage: {"category": "inverse", "symbol": "PRLUSD", "buyLeverage": "9", "sellLeverage": "9"}.
[BELLION OIDO · CRITICO] BRIDGE LEVERAGE_ERROR
[2026-08-31 07:59:51] [BRIDGE] LEVERAGE_ERROR: PRLUSD 7x: params error: symbol invalid PRLUSD (ErrCode: 10001) (ErrTime: 13:59:51).
Request → POST https://api.bybit.com/v5/position/set-leverage: {"category": "inverse", "symbol": "PRLUSD", "buyLeverage": "7", "sellLeverage": "7"}.
[BELLION OIDO · CRITICO] BRIDGE LEVERAGE_ERROR
[2026-08-31 07:59:51] [BRIDGE] LEVERAGE_ERROR: PRLUSD 24x: params error: symbol invalid PRLUSD (ErrCode: 10001) (ErrTime: 13:59:51).
Request → POST https://api.bybit.com/v5/position/set-leverage: {"category": "inverse", "symbol": "PRLUSD", "buyLeverage": "24", "sellLeverage": "24"}.
[BELLION OIDO · CRITICO] BRIDGE LEVERAGE_ERROR
[2026-08-31 07:59:51] [BRIDGE] LEVERAGE_ERROR: PRLUSD 22x: params error: symbol invalid PRLUSD (ErrCode: 10001) (ErrTime: 13:59:51).
Request → POST https://api.bybit.com/v5/position/set-leverage: {"category": "inverse", "symbol": "PRLUSD", "buyLeverage": "22", "sellLeverage": "22"}.
[BELLION OIDO · CRITICO] BRIDGE LEVERAGE_ERROR
[2026-08-31 07:59:52] [BRIDGE] LEVERAGE_ERROR: PRLUSD 18x: params error: symbol invalid PRLUSD (ErrCode: 10001) (ErrTime: 13:59:52).
Request → POST https://api.bybit.com/v5/position/set-leverage: {"category": "inverse", "symbol": "PRLUSD", "buyLeverage": "18", "sellLeverage": "18"}.
[BELLION OIDO · CRITICO] BRIDGE LEVERAGE_ERROR
[2026-08-31 07:59:52] [BRIDGE] LEVERAGE_ERROR: PRLUSD 16x: params error: symbol invalid PRLUSD (ErrCode: 10001) (ErrTime: 13:59:52).
Request → POST https://api.bybit.com/v5/position/set-leverage: {"category": "inverse", "symbol": "PRLUSD", "buyLeverage": "16", "sellLeverage": "16"}.
[BELLION OIDO · CRITICO] BRIDGE LEVERAGE_ERROR
[2026-08-31 07:59:52] [BRIDGE] LEVERAGE_ERROR: PRLUSD 14x: params error: symbol invalid PRLUSD (ErrCode: 10001) (ErrTime: 13:59:52).
Request → POST https://api.bybit.com/v5/position/set-leverage: {"category": "inverse", "symbol": "PRLUSD", "buyLeverage": "14", "sellLeverage": "14"}.
[BELLION OIDO · CRITICO] BRIDGE LEVERAGE_ERROR
[2026-08-31 07:59:53] [BRIDGE] LEVERAGE_ERROR: PRLUSD 6x: params error: symbol invalid PRLUSD (ErrCode: 10001) (ErrTime: 13:59:53).
Request → POST https://api.bybit.com/v5/position/set-leverage: {"category": "inverse", "symbol": "PRLUSD", "buyLeverage": "6", "sellLeverage": "6"}.
[BELLION OIDO · CRITICO] BRIDGE LEVERAGE_ERROR
[2026-08-31 07:59:53] [BRIDGE] LEVERAGE_ERROR: PRLUSD 4x: params error: symbol invalid PRLUSD (ErrCode: 10001) (ErrTime: 13:59:53).
Request → POST https://api.bybit.com/v5/position/set-leverage: {"category": "inverse", "symbol": "PRLUSD", "buyLeverage": "4", "sellLeverage": "4"}.
[BELLION OIDO · CRITICO] BRIDGE LEVERAGE_ERROR
[2026-08-31 07:59:53] [IGRIS] LEVERAGE_MAX_AVISO: PRL · PRLUSD (inverse): pedido 25x · Bybit NO dejó · params error: symbol invalid PRLUSD (ErrCode: 10001) (ErrTime: 13:59:53).
Request → POST https://api.bybit.com/v5/position/set-leverage: {"category": "inverse", "symbol": "PRLUSD", "buyLeverage": "4", "sellLeverage": "4"}.
[BELLION OIDO · CRITICO] IGRIS LEVERAGE_MAX_AVISO
[2026-08-31 07:59:53] [IGRIS] LEVERAGE_MAX_OK: PRL · PRLUSDT (linear): 25x (techo catálogo)
[RANGO] apalanc PRL AVISO: [{'ok': False, 'activo': 'PRL', 'symbol': 'PRLUSD', 'category': 'inverse', 'pedido': 25, 'aplicado': None, 'motivo': 'params error: symbol invalid PRLUSD (ErrCode: 10001) (ErrTime: 13:59:53).\nRequest → POST https://api.bybit.com/v5/position/set-leverage: {"category": "inverse", "symbol": "PRLUSD", "buyLeverage": "4", "sellLeverage": "4"}.'}]
[2026-08-31 07:59:55] [TUSK] RECONCILIACIÓN: SAMSUNGUSDT_LINEAL: interno L:0.000000/S:0.000000 -> real L:0.000000/S:0.110000
[2026-08-31 07:59:55] [TUSK] RECONCILIACIÓN: AEHRUSDT_LINEAL: interno L:0.000000/S:0.000000 -> real L:0.020000/S:0.000000
[2026-08-31 07:59:55] [TUSK] RECONCILIACIÓN: LITUSDT_LINEAL: interno L:0.000000/S:0.000000 -> real L:0.000000/S:20.800000
[2026-08-31 07:59:55] [TUSK] RECONCILIACIÓN: BSPUSDT_LINEAL: interno L:0.000000/S:0.000000 -> real L:0.290000/S:0.000000
[2026-08-31 07:59:55] [TUSK] RECONCILIACIÓN: BLUAIUSDT_LINEAL: interno L:0.000000/S:0.000000 -> real L:850.000000/S:0.000000
[2026-08-31 07:59:55] [TUSK] RECONCILIACIÓN: PLTRUSDT_LINEAL: interno L:0.000000/S:0.000000 -> real L:0.030000/S:0.000000
[2026-08-31 07:59:55] [TUSK] RECONCILIACIÓN: BIOUSDT_LINEAL: interno L:0.000000/S:0.000000 -> real L:1016.000000/S:0.000000
[2026-08-31 07:59:55] [TUSK] RECONCILIACIÓN: TSLLUSDT_LINEAL: interno L:0.000000/S:0.000000 -> real L:1.150000/S:0.000000
[2026-08-31 07:59:55] [TUSK] RECONCILIACIÓN: POWERUSDT_LINEAL: interno L:0.000000/S:0.000000 -> real L:67.000000/S:0.000000
[2026-08-31 07:59:55] [TUSK] RECONCILIACIÓN: SNXXUSDT_LINEAL: interno L:0.000000/S:0.000000 -> real L:6.450000/S:0.000000
[2026-08-31 07:59:55] [TUSK] RECONCILIACIÓN: KSMUSDT_LINEAL: interno L:0.000000/S:0.000000 -> real L:13.470000/S:0.000000
[2026-08-31 07:59:55] [TUSK] RECONCILIACIÓN: MRVLUSDT_LINEAL: interno L:0.000000/S:0.000000 -> real L:1.050000/S:0.000000
[2026-08-31 07:59:55] [TUSK] RECONCILIACIÓN: CRCLUSDT_LINEAL: interno L:0.000000/S:0.000000 -> real L:0.410000/S:0.000000
[2026-08-31 07:59:55] [TUSK] RECONCILIACIÓN: MVLLUSDT_LINEAL: interno L:0.000000/S:0.000000 -> real L:3.550000/S:0.000000
[2026-08-31 07:59:55] [TUSK] RECONCILIACIÓN: CRDOUSDT_LINEAL: interno L:0.000000/S:0.000000 -> real L:0.110000/S:0.000000
[2026-08-31 07:59:55] [TUSK] RECONCILIACIÓN: WDCUSDT_LINEAL: interno L:0.000000/S:0.000000 -> real L:0.020000/S:0.000000
[2026-08-31 07:59:55] [TUSK] RECONCILIACIÓN: ZBCNUSDT_LINEAL: interno L:0.000000/S:0.000000 -> real L:9700.000000/S:0.000000
[2026-08-31 07:59:55] [TUSK] RECONCILIACIÓN: FLYUSDT_LINEAL: interno L:0.000000/S:0.000000 -> real L:0.090000/S:0.000000
[2026-08-31 07:59:55] [TUSK] RECONCILIACIÓN: INTWUSDT_LINEAL: interno L:0.000000/S:0.000000 -> real L:2.120000/S:0.000000
[2026-08-31 07:59:55] [TUSK] RECONCILIACIÓN: APRUSDT_LINEAL: interno L:0.000000/S:0.000000 -> real L:73.000000/S:0.000000
[2026-08-31 07:59:55] [TUSK] RECONCILIACIÓN: LTCUSD_INVERSE: interno L:0.000000/S:0.000000 -> real L:234.000000/S:0.000000
[2026-08-31 07:59:55] [TUSK] RECONCILIACIÓN: DOGEUSD_INVERSE: interno L:0.000000/S:0.000000 -> real L:219.000000/S:0.000000
[2026-08-31 07:59:55] [TUSK] RECONCILIACIÓN: ETHUSD_INVERSE: interno L:0.000000/S:0.000000 -> real L:190.000000/S:0.000000
[2026-08-31 07:59:55] [TUSK] RECONCILIACIÓN: HYPEUSD_INVERSE: interno L:0.000000/S:0.000000 -> real L:291.000000/S:0.000000
[2026-08-31 07:59:55] [TUSK] RECONCILIACIÓN: SOLUSD_INVERSE: interno L:0.000000/S:0.000000 -> real L:201.000000/S:0.000000
[2026-08-31 07:59:55] [TUSK] RECONCILIACIÓN: BTCUSD_INVERSE: interno L:0.000000/S:0.000000 -> real L:202.000000/S:0.000000
[2026-08-31 07:59:55] [TUSK] RECONCILIACIÓN: XRPUSD_INVERSE: interno L:0.000000/S:0.000000 -> real L:230.000000/S:0.000000
[2026-08-31 07:59:55] [TUSK] RECONCILIACIÓN: FILUSD_INVERSE: interno L:0.000000/S:0.000000 -> real L:198.000000/S:0.000000
[2026-08-31 07:59:55] [TUSK] RECONCILIACIÓN: MNTUSD_INVERSE: interno L:0.000000/S:0.000000 -> real L:69.000000/S:0.000000
[2026-08-31 07:59:55] [TUSK] RECONCILIACIÓN: AAVEUSD_INVERSE: interno L:0.000000/S:0.000000 -> real L:178.000000/S:0.000000
[2026-08-31 07:59:55] [TUSK] RECONCILIACIÓN: APTUSD_INVERSE: interno L:0.000000/S:0.000000 -> real L:210.000000/S:0.000000
[2026-08-31 07:59:55] [TUSK] RECONCILIACIÓN: AVAXUSD_INVERSE: interno L:0.000000/S:0.000000 -> real L:200.000000/S:0.000000
[2026-08-31 07:59:55] [TUSK] RECONCILIACIÓN: BCHUSD_INVERSE: interno L:0.000000/S:0.000000 -> real L:180.000000/S:0.000000
[2026-08-31 07:59:55] [TUSK] RECONCILIACIÓN: ETCUSD_INVERSE: interno L:0.000000/S:0.000000 -> real L:283.000000/S:0.000000
[2026-08-31 07:59:55] [TUSK] RECONCILIACIÓN: LINKUSD_INVERSE: interno L:0.000000/S:0.000000 -> real L:199.000000/S:0.000000
[2026-08-31 07:59:55] [TUSK] RECONCILIACIÓN: NEARUSD_INVERSE: interno L:0.000000/S:0.000000 -> real L:113.000000/S:0.000000
[2026-08-31 07:59:55] [TUSK] RECONCILIACIÓN: OPUSD_INVERSE: interno L:0.000000/S:0.000000 -> real L:225.000000/S:0.000000
[2026-08-31 07:59:55] [TUSK] RECONCILIACIÓN: SUIUSD_INVERSE: interno L:0.000000/S:0.000000 -> real L:208.000000/S:0.000000
[2026-08-31 07:59:55] [TUSK] RECONCILIACIÓN: XLMUSD_INVERSE: interno L:0.000000/S:0.000000 -> real L:206.000000/S:0.000000
[2026-08-31 07:59:55] [TUSK] RECONCILIACIÓN: DOTUSD_INVERSE: interno L:0.000000/S:0.000000 -> real L:200.000000/S:0.000000
[2026-08-31 07:59:55] [TUSK] RECONCILIACIÓN_OK: 40 frentes alineados con exchange
[RANGO] Checkpoint SEMILLA · forzado --desde-cero · edad=—s · pos=0
[2026-08-31 07:59:55] [BERU_RANGO] WAKE: RANGO_PRL_fdc9ef14 0=0.161300 Vacío ±2.2% → trailing Oz 0.2% · masa $5.00 · Red→$5.
[BERU_RANGO] WAKE RANGO_PRL_fdc9ef14 0=0.1613 precio=0.1613 masa_usd=5.0
[RANGO] Wake PRL 0=0.1613 · Red=— · sangre=— · estado=ACECHANDO · Oz=— · manos=True · bridge=ON · SEMILLA

[RANGO] Hilo vivo · Stop/amend/Market permitidos · Ctrl+C sella.

[TANK] Trinidad 22 activos | pentiverso ['LTC', 'BTC'] | beru ['ETHUSDT_SPOT'] | ref: ETH (HIERRO).
[2026-08-31 07:59:55] [BRIDGE] TRINIDAD: Sentidos[beru_rango]: catalog 803+40 lin | 0+0 inv | 0 spot · WS 1 shards · tickers=1 · books=OFF · trades=ON · bases=PRL
[RANGO] PRLUSDT_LINEAL last=0.1613 · río=WS · mercado=linear · estado=ACECHANDO · dir=— · 0=0.1613 · Oz=— · Red=— · manos=ON · pos=flat · latido=1.50s
[RANGO] autosello PRL · ACECHANDO · Oz=0.0 link=— · manos_feria_informe.json
[RANGO] PRLUSDT_LINEAL last=0.1611 · río=WS · mercado=linear · estado=ACECHANDO · dir=— · 0=0.1613 · Oz=— · Red=— · manos=ON · pos=flat · latido=1.50s
[RANGO] autosello PRL · ACECHANDO · Oz=0.0 link=— · manos_feria_informe.json
[RANGO] PRLUSDT_LINEAL last=0.1608 · río=WS · mercado=linear · estado=ACECHANDO · dir=— · 0=0.1613 · Oz=— · Red=— · manos=ON · pos=flat · latido=1.50s
[RANGO] PRLUSDT_LINEAL last=0.161 · río=WS · mercado=linear · estado=ACECHANDO · dir=— · 0=0.1613 · Oz=— · Red=— · manos=ON · pos=flat · latido=1.50s
[RANGO] autosello PRL · ACECHANDO · Oz=0.0 link=— · manos_feria_informe.json
[RANGO] PRLUSDT_LINEAL last=0.1608 · río=WS · mercado=linear · estado=ACECHANDO · dir=— · 0=0.1613 · Oz=— · Red=— · manos=ON · pos=flat · latido=1.50s
[RANGO] autosello PRL · ACECHANDO · Oz=0.0 link=— · manos_feria_informe.json
[RANGO] PRLUSDT_LINEAL last=0.1607 · río=WS · mercado=linear · estado=ACECHANDO · dir=— · 0=0.1613 · Oz=— · Red=— · manos=ON · pos=flat · latido=1.50s
[2026-08-31 08:00:59] [TUSK] RECONCILIACIÓN: COTIUSDT_LINEAL: interno L:0.000000/S:0.000000 -> real L:1588.000000/S:0.000000
[2026-08-31 08:00:59] [TUSK] RECONCILIACIÓN_FANTASMA: APRUSDT_LINEAL existe interno pero no en exchange -> reseteando
[2026-08-31 08:00:59] [TUSK] RECONCILIACIÓN_OK: 2 frentes alineados con exchange
[RANGO] PRLUSDT_LINEAL last=0.1606 · río=WS · mercado=linear · estado=ACECHANDO · dir=— · 0=0.1613 · Oz=— · Red=— · manos=ON · pos=flat · latido=1.50s
[RANGO] autosello PRL · ACECHANDO · Oz=0.0 link=— · manos_feria_informe.json
[RANGO] PRLUSDT_LINEAL last=0.1605 · río=WS · mercado=linear · estado=ACECHANDO · dir=— · 0=0.1613 · Oz=— · Red=— · manos=ON · pos=flat · latido=1.50s
[RANGO] autosello PRL · ACECHANDO · Oz=0.0 link=— · manos_feria_informe.json
[RANGO] PRLUSDT_LINEAL last=0.1609 · río=WS · mercado=linear · estado=ACECHANDO · dir=— · 0=0.1613 · Oz=— · Red=— · manos=ON · pos=flat · latido=1.50s
[RANGO] PRLUSDT_LINEAL last=0.1608 · río=WS · mercado=linear · estado=ACECHANDO · dir=— · 0=0.1613 · Oz=— · Red=— · manos=ON · pos=flat · latido=1.50s
[RANGO] autosello PRL · ACECHANDO · Oz=0.0 link=— · manos_feria_informe.json
[RANGO] PRLUSDT_LINEAL last=0.1609 · río=WS · mercado=linear · estado=ACECHANDO · dir=— · 0=0.1613 · Oz=— · Red=— · manos=ON · pos=flat · latido=1.50s
[RANGO] autosello PRL · ACECHANDO · Oz=0.0 link=— · manos_feria_informe.json
[RANGO] PRLUSDT_LINEAL last=0.1609 · río=WS · mercado=linear · estado=ACECHANDO · dir=— · 0=0.1613 · Oz=— · Red=— · manos=ON · pos=flat · latido=1.50s
[RANGO] PRLUSDT_LINEAL last=0.161 · río=WS · mercado=linear · estado=ACECHANDO · dir=— · 0=0.1613 · Oz=— · Red=— · manos=ON · pos=flat · latido=1.50s
[RANGO] autosello PRL · ACECHANDO · Oz=0.0 link=— · manos_feria_informe.json
[RANGO] PRLUSDT_LINEAL last=0.1611 · río=WS · mercado=linear · estado=ACECHANDO · dir=— · 0=0.1613 · Oz=— · Red=— · manos=ON · pos=flat · latido=1.50s
[RANGO] autosello PRL · ACECHANDO · Oz=0.0 link=— · manos_feria_informe.json
[RANGO] PRLUSDT_LINEAL last=0.1612 · río=WS · mercado=linear · estado=ACECHANDO · dir=— · 0=0.1613 · Oz=— · Red=— · manos=ON · pos=flat · latido=1.50s
[RANGO] PRLUSDT_LINEAL last=0.1611 · río=WS · mercado=linear · estado=ACECHANDO · dir=— · 0=0.1613 · Oz=— · Red=— · manos=ON · pos=flat · latido=1.50s
[RANGO] autosello PRL · ACECHANDO · Oz=0.0 link=— · manos_feria_informe.json
[RANGO] PRLUSDT_LINEAL last=0.1616 · río=WS · mercado=linear · estado=ACECHANDO · dir=— · 0=0.1613 · Oz=— · Red=— · manos=ON · pos=flat · latido=1.50s
[RANGO] autosello PRL · ACECHANDO · Oz=0.0 link=— · manos_feria_informe.json
[RANGO] PRLUSDT_LINEAL last=0.1614 · río=WS · mercado=linear · estado=ACECHANDO · dir=— · 0=0.1613 · Oz=— · Red=— · manos=ON · pos=flat · latido=1.50s
[RANGO] PRLUSDT_LINEAL last=0.1615 · río=WS · mercado=linear · estado=ACECHANDO · dir=— · 0=0.1613 · Oz=— · Red=— · manos=ON · pos=flat · latido=1.50s
[2026-08-31 08:03:02] [TUSK] RECONCILIACIÓN: BSPUSDT_LINEAL: interno L:0.290000/S:0.000000 -> real L:0.170000/S:0.000000
[2026-08-31 08:03:02] [TUSK] RECONCILIACIÓN_OK: 1 frentes alineados con exchange
[RANGO] autosello PRL · ACECHANDO · Oz=0.0 link=— · manos_feria_informe.json
[RANGO] PRLUSDT_LINEAL last=0.1615 · río=WS · mercado=linear · estado=ACECHANDO · dir=— · 0=0.1613 · Oz=— · Red=— · manos=ON · pos=flat · latido=1.50s
[RANGO] autosello PRL · ACECHANDO · Oz=0.0 link=— · manos_feria_informe.json
[RANGO] PRLUSDT_LINEAL last=0.1615 · río=WS · mercado=linear · estado=ACECHANDO · dir=— · 0=0.1613 · Oz=— · Red=— · manos=ON · pos=flat · latido=1.50s
[RANGO] PRLUSDT_LINEAL last=0.1622 · río=WS · mercado=linear · estado=ACECHANDO · dir=— · 0=0.1613 · Oz=— · Red=— · manos=ON · pos=flat · latido=1.50s
[RANGO] autosello PRL · ACECHANDO · Oz=0.0 link=— · manos_feria_informe.json
[RANGO] PRLUSDT_LINEAL last=0.162 · río=WS · mercado=linear · estado=ACECHANDO · dir=— · 0=0.1613 · Oz=— · Red=— · manos=ON · pos=flat · latido=1.50s
[RANGO] autosello PRL · ACECHANDO · Oz=0.0 link=— · manos_feria_informe.json
[RANGO] PRLUSDT_LINEAL last=0.1621 · río=WS · mercado=linear · estado=ACECHANDO · dir=— · 0=0.1613 · Oz=— · Red=— · manos=ON · pos=flat · latido=1.50s
[RANGO] PRLUSDT_LINEAL last=0.1622 · río=WS · mercado=linear · estado=ACECHANDO · dir=— · 0=0.1613 · Oz=— · Red=— · manos=ON · pos=flat · latido=1.50s
[2026-08-31 08:04:03] [TUSK] RECONCILIACIÓN: AEHRUSDT_LINEAL: interno L:0.020000/S:0.000000 -> real L:0.090000/S:0.000000
[2026-08-31 08:04:03] [TUSK] RECONCILIACIÓN_OK: 1 frentes alineados con exchange
[RANGO] autosello PRL · ACECHANDO · Oz=0.0 link=— · manos_feria_informe.json
[RANGO] PRLUSDT_LINEAL last=0.1619 · río=WS · mercado=linear · estado=ACECHANDO · dir=— · 0=0.1613 · Oz=— · Red=— · manos=ON · pos=flat · latido=1.50s
[RANGO] autosello PRL · ACECHANDO · Oz=0.0 link=— · manos_feria_informe.json
[RANGO] PRLUSDT_LINEAL last=0.1619 · río=WS · mercado=linear · estado=ACECHANDO · dir=— · 0=0.1613 · Oz=— · Red=— · manos=ON · pos=flat · latido=1.50s
[RANGO] PRLUSDT_LINEAL last=0.1618 · río=ciego/muleta · mercado=linear · estado=ACECHANDO · dir=— · 0=0.1613 · Oz=— · Red=— · manos=ON · pos=flat · latido=1.50s
[RANGO] autosello PRL · ACECHANDO · Oz=0.0 link=— · manos_feria_informe.json
[RANGO] PRLUSDT_LINEAL last=0.1617 · río=WS · mercado=linear · estado=ACECHANDO · dir=— · 0=0.1613 · Oz=— · Red=— · manos=ON · pos=flat · latido=1.50s
[RANGO] autosello PRL · ACECHANDO · Oz=0.0 link=— · manos_feria_informe.json
[RANGO] PRLUSDT_LINEAL last=0.1617 · río=WS · mercado=linear · estado=ACECHANDO · dir=— · 0=0.1613 · Oz=— · Red=— · manos=ON · pos=flat · latido=1.50s
[RANGO] PRLUSDT_LINEAL last=0.1618 · río=WS · mercado=linear · estado=ACECHANDO · dir=— · 0=0.1613 · Oz=— · Red=— · manos=ON · pos=flat · latido=1.50s
[RANGO] autosello PRL · ACECHANDO · Oz=0.0 link=— · manos_feria_informe.json
[RANGO] PRLUSDT_LINEAL last=0.1617 · río=WS · mercado=linear · estado=ACECHANDO · dir=— · 0=0.1613 · Oz=— · Red=— · manos=ON · pos=flat · latido=1.50s
[RANGO] autosello PRL · ACECHANDO · Oz=0.0 link=— · manos_feria_informe.json
[RANGO] PRLUSDT_LINEAL last=0.1619 · río=WS · mercado=linear · estado=ACECHANDO · dir=— · 0=0.1613 · Oz=— · Red=— · manos=ON · pos=flat · latido=1.50s
[RANGO] PRLUSDT_LINEAL last=0.1619 · río=WS · mercado=linear · estado=ACECHANDO · dir=— · 0=0.1613 · Oz=— · Red=— · manos=ON · pos=flat · latido=1.50s
[RANGO] autosello PRL · ACECHANDO · Oz=0.0 link=— · manos_feria_informe.json
[RANGO] PRLUSDT_LINEAL last=0.1617 · río=ciego/muleta · mercado=linear · estado=ACECHANDO · dir=— · 0=0.1613 · Oz=— · Red=— · manos=ON · pos=flat · latido=1.50s
[RANGO] autosello PRL · ACECHANDO · Oz=0.0 link=— · manos_feria_informe.json
[RANGO] PRLUSDT_LINEAL last=0.1618 · río=WS · mercado=linear · estado=ACECHANDO · dir=— · 0=0.1613 · Oz=— · Red=— · manos=ON · pos=flat · latido=1.50s
[RANGO] PRLUSDT_LINEAL last=0.1617 · río=WS · mercado=linear · estado=ACECHANDO · dir=— · 0=0.1613 · Oz=— · Red=— · manos=ON · pos=flat · latido=1.50s
[RANGO] autosello PRL · ACECHANDO · Oz=0.0 link=— · manos_feria_informe.json
[2026-08-31 08:06:06] [TUSK] RECONCILIACIÓN: NILUSDT_LINEAL: interno L:0.000000/S:0.000000 -> real L:220.000000/S:0.000000
[2026-08-31 08:06:06] [TUSK] RECONCILIACIÓN: QNTXUSDT_LINEAL: interno L:0.000000/S:0.000000 -> real L:0.200000/S:0.000000
[2026-08-31 08:06:06] [TUSK] RECONCILIACIÓN_FANTASMA: FLYUSDT_LINEAL existe interno pero no en exchange -> reseteando
[2026-08-31 08:06:06] [TUSK] RECONCILIACIÓN_FANTASMA: INTWUSDT_LINEAL existe interno pero no en exchange -> reseteando
[2026-08-31 08:06:06] [TUSK] RECONCILIACIÓN_OK: 4 frentes alineados con exchange
[RANGO] PRLUSDT_LINEAL last=0.1619 · río=WS · mercado=linear · estado=ACECHANDO · dir=— · 0=0.1613 · Oz=— · Red=— · manos=ON · pos=flat · latido=1.50s
[RANGO] autosello PRL · ACECHANDO · Oz=0.0 link=— · manos_feria_informe.json
[RANGO] PRLUSDT_LINEAL last=0.1618 · río=WS · mercado=linear · estado=ACECHANDO · dir=— · 0=0.1613 · Oz=— · Red=— · manos=ON · pos=flat · latido=1.50s
[RANGO] PRLUSDT_LINEAL last=0.162 · río=WS · mercado=linear · estado=ACECHANDO · dir=— · 0=0.1613 · Oz=— · Red=— · manos=ON · pos=flat · latido=1.50s
[RANGO] autosello PRL · ACECHANDO · Oz=0.0 link=— · manos_feria_informe.json
[RANGO] PRLUSDT_LINEAL last=0.1616 · río=WS · mercado=linear · estado=ACECHANDO · dir=— · 0=0.1613 · Oz=— · Red=— · manos=ON · pos=flat · latido=1.50s
[RANGO] autosello PRL · ACECHANDO · Oz=0.0 link=— · manos_feria_informe.json
[RANGO] PRLUSDT_LINEAL last=0.1617 · río=WS · mercado=linear · estado=ACECHANDO · dir=— · 0=0.1613 · Oz=— · Red=— · manos=ON · pos=flat · latido=1.50s
[RANGO] PRLUSDT_LINEAL last=0.1616 · río=WS · mercado=linear · estado=ACECHANDO · dir=— · 0=0.1613 · Oz=— · Red=— · manos=ON · pos=flat · latido=1.50s
[RANGO] autosello PRL · ACECHANDO · Oz=0.0 link=— · manos_feria_informe.json
[2026-08-31 08:07:07] [TUSK] RECONCILIACIÓN: NBISUSDT_LINEAL: interno L:0.000000/S:0.000000 -> real L:0.000000/S:0.050000
[2026-08-31 08:07:07] [TUSK] RECONCILIACIÓN_FANTASMA: ZBCNUSDT_LINEAL existe interno pero no en exchange -> reseteando
[2026-08-31 08:07:07] [TUSK] RECONCILIACIÓN_OK: 2 frentes alineados con exchange
[RANGO] PRLUSDT_LINEAL last=0.1613 · río=WS · mercado=linear · estado=ACECHANDO · dir=— · 0=0.1613 · Oz=— · Red=— · manos=ON · pos=flat · latido=1.50s
[RANGO] autosello PRL · ACECHANDO · Oz=0.0 link=— · manos_feria_informe.json
[RANGO] PRLUSDT_LINEAL last=0.1615 · río=WS · mercado=linear · estado=ACECHANDO · dir=— · 0=0.1613 · Oz=— · Red=— · manos=ON · pos=flat · latido=1.50s
[RANGO] PRLUSDT_LINEAL last=0.1611 · río=WS · mercado=linear · estado=ACECHANDO · dir=— · 0=0.1613 · Oz=— · Red=— · manos=ON · pos=flat · latido=1.50s
[RANGO] autosello PRL · ACECHANDO · Oz=0.0 link=— · manos_feria_informe.json
[RANGO] PRLUSDT_LINEAL last=0.1613 · río=WS · mercado=linear · estado=ACECHANDO · dir=— · 0=0.1613 · Oz=— · Red=— · manos=ON · pos=flat · latido=1.50s
[RANGO] autosello PRL · ACECHANDO · Oz=0.0 link=— · manos_feria_informe.json
[RANGO] PRLUSDT_LINEAL last=0.1612 · río=WS · mercado=linear · estado=ACECHANDO · dir=— · 0=0.1613 · Oz=— · Red=— · manos=ON · pos=flat · latido=1.50s
[RANGO] PRLUSDT_LINEAL last=0.1612 · río=WS · mercado=linear · estado=ACECHANDO · dir=— · 0=0.1613 · Oz=— · Red=— · manos=ON · pos=flat · latido=1.50s
[RANGO] autosello PRL · ACECHANDO · Oz=0.0 link=— · manos_feria_informe.json
[2026-08-31 08:08:08] [TUSK] RECONCILIACIÓN: CRCLUSDT_LINEAL: interno L:0.410000/S:0.000000 -> real L:0.470000/S:0.000000
[2026-08-31 08:08:08] [TUSK] RECONCILIACIÓN_OK: 1 frentes alineados con exchange
[RANGO] PRLUSDT_LINEAL last=0.1611 · río=WS · mercado=linear · estado=ACECHANDO · dir=— · 0=0.1613 · Oz=— · Red=— · manos=ON · pos=flat · latido=1.50s
[RANGO] autosello PRL · ACECHANDO · Oz=0.0 link=— · manos_feria_informe.json
[RANGO] PRLUSDT_LINEAL last=0.1611 · río=WS · mercado=linear · estado=ACECHANDO · dir=— · 0=0.1613 · Oz=— · Red=— · manos=ON · pos=flat · latido=1.50s
[RANGO] PRLUSDT_LINEAL last=0.1609 · río=WS · mercado=linear · estado=ACECHANDO · dir=— · 0=0.1613 · Oz=— · Red=— · manos=ON · pos=flat · latido=1.50s
[RANGO] autosello PRL · ACECHANDO · Oz=0.0 link=— · manos_feria_informe.json
[RANGO] PRLUSDT_LINEAL last=0.1612 · río=WS · mercado=linear · estado=ACECHANDO · dir=— · 0=0.1613 · Oz=— · Red=— · manos=ON · pos=flat · latido=1.50s
[RANGO] autosello PRL · ACECHANDO · Oz=0.0 link=— · manos_feria_informe.json
[RANGO] PRLUSDT_LINEAL last=0.1613 · río=WS · mercado=linear · estado=ACECHANDO · dir=— · 0=0.1613 · Oz=— · Red=— · manos=ON · pos=flat · latido=1.50s
[RANGO] PRLUSDT_LINEAL last=0.1611 · río=WS · mercado=linear · estado=ACECHANDO · dir=— · 0=0.1613 · Oz=— · Red=— · manos=ON · pos=flat · latido=1.50s
[RANGO] autosello PRL · ACECHANDO · Oz=0.0 link=— · manos_feria_informe.json
[2026-08-31 08:09:09] [TUSK] RECONCILIACIÓN: VVVUSDT_LINEAL: interno L:0.000000/S:0.000000 -> real L:3.180000/S:0.000000
[2026-08-31 08:09:09] [TUSK] RECONCILIACIÓN_FANTASMA: CRDOUSDT_LINEAL existe interno pero no en exchange -> reseteando
[2026-08-31 08:09:09] [TUSK] RECONCILIACIÓN_OK: 2 frentes alineados con exchange
[RANGO] PRLUSDT_LINEAL last=0.1609 · río=WS · mercado=linear · estado=ACECHANDO · dir=— · 0=0.1613 · Oz=— · Red=— · manos=ON · pos=flat · latido=1.50s
[RANGO] autosello PRL · ACECHANDO · Oz=0.0 link=— · manos_feria_informe.json
[RANGO] PRLUSDT_LINEAL last=0.161 · río=ciego/muleta · mercado=linear · estado=ACECHANDO · dir=— · 0=0.1613 · Oz=— · Red=— · manos=ON · pos=flat · latido=1.50s
[RANGO] PRLUSDT_LINEAL last=0.1607 · río=WS · mercado=linear · estado=ACECHANDO · dir=— · 0=0.1613 · Oz=— · Red=— · manos=ON · pos=flat · latido=1.50s
[RANGO] autosello PRL · ACECHANDO · Oz=0.0 link=— · manos_feria_informe.json
[RANGO] PRLUSDT_LINEAL last=0.1609 · río=WS · mercado=linear · estado=ACECHANDO · dir=— · 0=0.1613 · Oz=— · Red=— · manos=ON · pos=flat · latido=1.50s
[RANGO] autosello PRL · ACECHANDO · Oz=0.0 link=— · manos_feria_informe.json
[RANGO] PRLUSDT_LINEAL last=0.161 · río=WS · mercado=linear · estado=ACECHANDO · dir=— · 0=0.1613 · Oz=— · Red=— · manos=ON · pos=flat · latido=1.50s
[RANGO] PRLUSDT_LINEAL last=0.1609 · río=WS · mercado=linear · estado=ACECHANDO · dir=— · 0=0.1613 · Oz=— · Red=— · manos=ON · pos=flat · latido=1.50s
[RANGO] autosello PRL · ACECHANDO · Oz=0.0 link=— · manos_feria_informe.json
[RANGO] PRLUSDT_LINEAL last=0.1609 · río=WS · mercado=linear · estado=ACECHANDO · dir=— · 0=0.1613 · Oz=— · Red=— · manos=ON · pos=flat · latido=1.50s
[RANGO] autosello PRL · ACECHANDO · Oz=0.0 link=— · manos_feria_informe.json
[RANGO] PRLUSDT_LINEAL last=0.161 · río=WS · mercado=linear · estado=ACECHANDO · dir=— · 0=0.1613 · Oz=— · Red=— · manos=ON · pos=flat · latido=1.50s
[RANGO] PRLUSDT_LINEAL last=0.1609 · río=WS · mercado=linear · estado=ACECHANDO · dir=— · 0=0.1613 · Oz=— · Red=— · manos=ON · pos=flat · latido=1.50s
[RANGO] autosello PRL · ACECHANDO · Oz=0.0 link=— · manos_feria_informe.json
[RANGO] PRLUSDT_LINEAL last=0.1609 · río=WS · mercado=linear · estado=ACECHANDO · dir=— · 0=0.1613 · Oz=— · Red=— · manos=ON · pos=flat · latido=1.50s
[RANGO] autosello PRL · ACECHANDO · Oz=0.0 link=— · manos_feria_informe.json
[RANGO] PRLUSDT_LINEAL last=0.1612 · río=WS · mercado=linear · estado=ACECHANDO · dir=— · 0=0.1613 · Oz=— · Red=— · manos=ON · pos=flat · latido=1.50s
[RANGO] PRLUSDT_LINEAL last=0.1612 · río=WS · mercado=linear · estado=ACECHANDO · dir=— · 0=0.1613 · Oz=— · Red=— · manos=ON · pos=flat · latido=1.50s
[RANGO] autosello PRL · ACECHANDO · Oz=0.0 link=— · manos_feria_informe.json
[RANGO] PRLUSDT_LINEAL last=0.1613 · río=ciego/muleta · mercado=linear · estado=ACECHANDO · dir=— · 0=0.1613 · Oz=— · Red=— · manos=ON · pos=flat · latido=1.50s
[2026-08-31 08:11:12] [TUSK] RECONCILIACIÓN: BSPUSDT_LINEAL: interno L:0.170000/S:0.000000 -> real L:0.290000/S:0.000000
[2026-08-31 08:11:12] [TUSK] RECONCILIACIÓN_OK: 1 frentes alineados con exchange
[RANGO] autosello PRL · ACECHANDO · Oz=0.0 link=— · manos_feria_informe.json
[RANGO] PRLUSDT_LINEAL last=0.1612 · río=WS · mercado=linear · estado=ACECHANDO · dir=— · 0=0.1613 · Oz=— · Red=— · manos=ON · pos=flat · latido=1.50s
[RANGO] PRLUSDT_LINEAL last=0.1613 · río=WS · mercado=linear · estado=ACECHANDO · dir=— · 0=0.1613 · Oz=— · Red=— · manos=ON · pos=flat · latido=1.50s
[RANGO] autosello PRL · ACECHANDO · Oz=0.0 link=— · manos_feria_informe.json
[RANGO] PRLUSDT_LINEAL last=0.1613 · río=WS · mercado=linear · estado=ACECHANDO · dir=— · 0=0.1613 · Oz=— · Red=— · manos=ON · pos=flat · latido=1.50s
[RANGO] autosello PRL · ACECHANDO · Oz=0.0 link=— · manos_feria_informe.json
[RANGO] PRLUSDT_LINEAL last=0.1609 · río=WS · mercado=linear · estado=ACECHANDO · dir=— · 0=0.1613 · Oz=— · Red=— · manos=ON · pos=flat · latido=1.50s
[RANGO] PRLUSDT_LINEAL last=0.1609 · río=WS · mercado=linear · estado=ACECHANDO · dir=— · 0=0.1613 · Oz=— · Red=— · manos=ON · pos=flat · latido=1.50s
[RANGO] autosello PRL · ACECHANDO · Oz=0.0 link=— · manos_feria_informe.json
[RANGO] PRLUSDT_LINEAL last=0.1612 · río=WS · mercado=linear · estado=ACECHANDO · dir=— · 0=0.1613 · Oz=— · Red=— · manos=ON · pos=flat · latido=1.50s
[RANGO] autosello PRL · ACECHANDO · Oz=0.0 link=— · manos_feria_informe.json
[RANGO] PRLUSDT_LINEAL last=0.1608 · río=WS · mercado=linear · estado=ACECHANDO · dir=— · 0=0.1613 · Oz=— · Red=— · manos=ON · pos=flat · latido=1.50s
[RANGO] PRLUSDT_LINEAL last=0.1609 · río=WS · mercado=linear · estado=ACECHANDO · dir=— · 0=0.1613 · Oz=— · Red=— · manos=ON · pos=flat · latido=1.50s
[RANGO] autosello PRL · ACECHANDO · Oz=0.0 link=— · manos_feria_informe.json
[RANGO] PRLUSDT_LINEAL last=0.1607 · río=WS · mercado=linear · estado=ACECHANDO · dir=— · 0=0.1613 · Oz=— · Red=— · manos=ON · pos=flat · latido=1.50s
[RANGO] autosello PRL · ACECHANDO · Oz=0.0 link=— · manos_feria_informe.json
[RANGO] PRLUSDT_LINEAL last=0.1606 · río=ciego/muleta · mercado=linear · estado=ACECHANDO · dir=— · 0=0.1613 · Oz=— · Red=— · manos=ON · pos=flat · latido=1.50s
[RANGO] PRLUSDT_LINEAL last=0.1609 · río=WS · mercado=linear · estado=ACECHANDO · dir=— · 0=0.1613 · Oz=— · Red=— · manos=ON · pos=flat · latido=1.50s
[RANGO] autosello PRL · ACECHANDO · Oz=0.0 link=— · manos_feria_informe.json
[RANGO] PRLUSDT_LINEAL last=0.1608 · río=WS · mercado=linear · estado=ACECHANDO · dir=— · 0=0.1613 · Oz=— · Red=— · manos=ON · pos=flat · latido=1.50s
[2026-08-31 08:13:15] [TUSK] RECONCILIACIÓN: SNXXUSDT_LINEAL: interno L:6.450000/S:0.000000 -> real L:6.830000/S:0.000000
[2026-08-31 08:13:15] [TUSK] RECONCILIACIÓN_OK: 1 frentes alineados con exchange
[RANGO] autosello PRL · ACECHANDO · Oz=0.0 link=— · manos_feria_informe.json
[RANGO] PRLUSDT_LINEAL last=0.1607 · río=WS · mercado=linear · estado=ACECHANDO · dir=— · 0=0.1613 · Oz=— · Red=— · manos=ON · pos=flat · latido=1.50s
[RANGO] PRLUSDT_LINEAL last=0.1609 · río=WS · mercado=linear · estado=ACECHANDO · dir=— · 0=0.1613 · Oz=— · Red=— · manos=ON · pos=flat · latido=1.50s
[RANGO] autosello PRL · ACECHANDO · Oz=0.0 link=— · manos_feria_informe.json
[RANGO] PRLUSDT_LINEAL last=0.1607 · río=ciego/muleta · mercado=linear · estado=ACECHANDO · dir=— · 0=0.1613 · Oz=— · Red=— · manos=ON · pos=flat · latido=1.50s
[RANGO] autosello PRL · ACECHANDO · Oz=0.0 link=— · manos_feria_informe.json
[RANGO] PRLUSDT_LINEAL last=0.1607 · río=WS · mercado=linear · estado=ACECHANDO · dir=— · 0=0.1613 · Oz=— · Red=— · manos=ON · pos=flat · latido=1.50s
[RANGO] PRLUSDT_LINEAL last=0.1607 · río=WS · mercado=linear · estado=ACECHANDO · dir=— · 0=0.1613 · Oz=— · Red=— · manos=ON · pos=flat · latido=1.50s
[RANGO] autosello PRL · ACECHANDO · Oz=0.0 link=— · manos_feria_informe.json
[RANGO] PRLUSDT_LINEAL last=0.1608 · río=WS · mercado=linear · estado=ACECHANDO · dir=— · 0=0.1613 · Oz=— · Red=— · manos=ON · pos=flat · latido=1.50s
[2026-08-31 08:14:16] [TUSK] RECONCILIACIÓN: AEHRUSDT_LINEAL: interno L:0.090000/S:0.000000 -> real L:0.160000/S:0.000000
[2026-08-31 08:14:16] [TUSK] RECONCILIACIÓN: AAOIUSDT_LINEAL: interno L:0.000000/S:0.000000 -> real L:0.530000/S:0.000000
[2026-08-31 08:14:16] [TUSK] RECONCILIACIÓN: ZBCNUSDT_LINEAL: interno L:0.000000/S:0.000000 -> real L:9700.000000/S:0.000000
[2026-08-31 08:14:16] [TUSK] RECONCILIACIÓN_FANTASMA: MRVLUSDT_LINEAL existe interno pero no en exchange -> reseteando
[2026-08-31 08:14:16] [TUSK] RECONCILIACIÓN_FANTASMA: MVLLUSDT_LINEAL existe interno pero no en exchange -> reseteando
[2026-08-31 08:14:16] [TUSK] RECONCILIACIÓN_OK: 5 frentes alineados con exchange
[RANGO] autosello PRL · ACECHANDO · Oz=0.0 link=— · manos_feria_informe.json
[RANGO] PRLUSDT_LINEAL last=0.1607 · río=ciego/muleta · mercado=linear · estado=ACECHANDO · dir=— · 0=0.1613 · Oz=— · Red=— · manos=ON · pos=flat · latido=1.50s
[RANGO] PRLUSDT_LINEAL last=0.1607 · río=ciego/muleta · mercado=linear · estado=ACECHANDO · dir=— · 0=0.1613 · Oz=— · Red=— · manos=ON · pos=flat · latido=1.50s
[RANGO] autosello PRL · ACECHANDO · Oz=0.0 link=— · manos_feria_informe.json
[RANGO] PRLUSDT_LINEAL last=0.1611 · río=WS · mercado=linear · estado=ACECHANDO · dir=— · 0=0.1613 · Oz=— · Red=— · manos=ON · pos=flat · latido=1.50s
[RANGO] autosello PRL · ACECHANDO · Oz=0.0 link=— · manos_feria_informe.json
[RANGO] PRLUSDT_LINEAL last=0.1613 · río=WS · mercado=linear · estado=ACECHANDO · dir=— · 0=0.1613 · Oz=— · Red=— · manos=ON · pos=flat · latido=1.50s
[RANGO] autosello PRL · ACECHANDO · Oz=0.0 link=— · manos_feria_informe.json
[RANGO] PRLUSDT_LINEAL last=0.1611 · río=WS · mercado=linear · estado=ACECHANDO · dir=— · 0=0.1613 · Oz=— · Red=— · manos=ON · pos=flat · latido=1.50s
[RANGO] PRLUSDT_LINEAL last=0.161 · río=WS · mercado=linear · estado=ACECHANDO · dir=— · 0=0.1613 · Oz=— · Red=— · manos=ON · pos=flat · latido=1.50s
[RANGO] autosello PRL · ACECHANDO · Oz=0.0 link=— · manos_feria_informe.json
[RANGO] PRLUSDT_LINEAL last=0.1611 · río=WS · mercado=linear · estado=ACECHANDO · dir=— · 0=0.1613 · Oz=— · Red=— · manos=ON · pos=flat · latido=1.50s
[RANGO] autosello PRL · ACECHANDO · Oz=0.0 link=— · manos_feria_informe.json
[RANGO] PRLUSDT_LINEAL last=0.1611 · río=WS · mercado=linear · estado=ACECHANDO · dir=— · 0=0.1613 · Oz=— · Red=— · manos=ON · pos=flat · latido=1.50s
[RANGO] PRLUSDT_LINEAL last=0.1609 · río=WS · mercado=linear · estado=ACECHANDO · dir=— · 0=0.1613 · Oz=— · Red=— · manos=ON · pos=flat · latido=1.50s
[RANGO] autosello PRL · ACECHANDO · Oz=0.0 link=— · manos_feria_informe.json
[RANGO] PRLUSDT_LINEAL last=0.161 · río=WS · mercado=linear · estado=ACECHANDO · dir=— · 0=0.1613 · Oz=— · Red=— · manos=ON · pos=flat · latido=1.50s
[RANGO] autosello PRL · ACECHANDO · Oz=0.0 link=— · manos_feria_informe.json
[RANGO] PRLUSDT_LINEAL last=0.1611 · río=WS · mercado=linear · estado=ACECHANDO · dir=— · 0=0.1613 · Oz=— · Red=— · manos=ON · pos=flat · latido=1.50s
[RANGO] PRLUSDT_LINEAL last=0.1609 · río=ciego/muleta · mercado=linear · estado=ACECHANDO · dir=— · 0=0.1613 · Oz=— · Red=— · manos=ON · pos=flat · latido=1.50s
[2026-08-31 08:16:18] [TUSK] RECONCILIACIÓN: AXTIUSDT_LINEAL: interno L:0.000000/S:0.000000 -> real L:1.690000/S:0.000000
[2026-08-31 08:16:18] [TUSK] RECONCILIACIÓN: ZKPUSDT_LINEAL: interno L:0.000000/S:0.000000 -> real L:1281.000000/S:0.000000
[2026-08-31 08:16:18] [TUSK] RECONCILIACIÓN: SNXXUSDT_LINEAL: interno L:6.830000/S:0.000000 -> real L:7.210000/S:0.000000
[2026-08-31 08:16:18] [TUSK] RECONCILIACIÓN_FANTASMA: TSLLUSDT_LINEAL existe interno pero no en exchange -> reseteando
[2026-08-31 08:16:18] [TUSK] RECONCILIACIÓN_FANTASMA: POWERUSDT_LINEAL existe interno pero no en exchange -> reseteando
[2026-08-31 08:16:18] [TUSK] RECONCILIACIÓN_OK: 5 frentes alineados con exchange
[RANGO] autosello PRL · ACECHANDO · Oz=0.0 link=— · manos_feria_informe.json
[RANGO] PRLUSDT_LINEAL last=0.1614 · río=WS · mercado=linear · estado=ACECHANDO · dir=— · 0=0.1613 · Oz=— · Red=— · manos=ON · pos=flat · latido=1.50s
[RANGO] autosello PRL · ACECHANDO · Oz=0.0 link=— · manos_feria_informe.json
[RANGO] PRLUSDT_LINEAL last=0.1615 · río=WS · mercado=linear · estado=ACECHANDO · dir=— · 0=0.1613 · Oz=— · Red=— · manos=ON · pos=flat · latido=1.50s
[RANGO] PRLUSDT_LINEAL last=0.1612 · río=WS · mercado=linear · estado=ACECHANDO · dir=— · 0=0.1613 · Oz=— · Red=— · manos=ON · pos=flat · latido=1.50s
[RANGO] autosello PRL · ACECHANDO · Oz=0.0 link=— · manos_feria_informe.json
[RANGO] PRLUSDT_LINEAL last=0.1617 · río=WS · mercado=linear · estado=ACECHANDO · dir=— · 0=0.1613 · Oz=— · Red=— · manos=ON · pos=flat · latido=1.50s
[RANGO] autosello PRL · ACECHANDO · Oz=0.0 link=— · manos_feria_informe.json
[RANGO] PRLUSDT_LINEAL last=0.1618 · río=WS · mercado=linear · estado=ACECHANDO · dir=— · 0=0.1613 · Oz=— · Red=— · manos=ON · pos=flat · latido=1.50s
[RANGO] PRLUSDT_LINEAL last=0.1616 · río=WS · mercado=linear · estado=ACECHANDO · dir=— · 0=0.1613 · Oz=— · Red=— · manos=ON · pos=flat · latido=1.50s
[RANGO] autosello PRL · ACECHANDO · Oz=0.0 link=— · manos_feria_informe.json
[RANGO] PRLUSDT_LINEAL last=0.1616 · río=WS · mercado=linear · estado=ACECHANDO · dir=— · 0=0.1613 · Oz=— · Red=— · manos=ON · pos=flat · latido=1.50s
[RANGO] autosello PRL · ACECHANDO · Oz=0.0 link=— · manos_feria_informe.json
[RANGO] PRLUSDT_LINEAL last=0.1616 · río=WS · mercado=linear · estado=ACECHANDO · dir=— · 0=0.1613 · Oz=— · Red=— · manos=ON · pos=flat · latido=1.50s
[RANGO] PRLUSDT_LINEAL last=0.1616 · río=WS · mercado=linear · estado=ACECHANDO · dir=— · 0=0.1613 · Oz=— · Red=— · manos=ON · pos=flat · latido=1.50s
[RANGO] autosello PRL · ACECHANDO · Oz=0.0 link=— · manos_feria_informe.json
[RANGO] PRLUSDT_LINEAL last=0.1617 · río=WS · mercado=linear · estado=ACECHANDO · dir=— · 0=0.1613 · Oz=— · Red=— · manos=ON · pos=flat · latido=1.50s
[RANGO] autosello PRL · ACECHANDO · Oz=0.0 link=— · manos_feria_informe.json
[RANGO] PRLUSDT_LINEAL last=0.1618 · río=WS · mercado=linear · estado=ACECHANDO · dir=— · 0=0.1613 · Oz=— · Red=— · manos=ON · pos=flat · latido=1.50s
[RANGO] PRLUSDT_LINEAL last=0.1619 · río=WS · mercado=linear · estado=ACECHANDO · dir=— · 0=0.1613 · Oz=— · Red=— · manos=ON · pos=flat · latido=1.50s
[RANGO] autosello PRL · ACECHANDO · Oz=0.0 link=— · manos_feria_informe.json
[RANGO] PRLUSDT_LINEAL last=0.1624 · río=ciego/muleta · mercado=linear · estado=ACECHANDO · dir=— · 0=0.1613 · Oz=— · Red=— · manos=ON · pos=flat · latido=1.50s
[RANGO] autosello PRL · ACECHANDO · Oz=0.0 link=— · manos_feria_informe.json
[RANGO] PRLUSDT_LINEAL last=0.1623 · río=WS · mercado=linear · estado=ACECHANDO · dir=— · 0=0.1613 · Oz=— · Red=— · manos=ON · pos=flat · latido=1.50s
[RANGO] PRLUSDT_LINEAL last=0.1622 · río=WS · mercado=linear · estado=ACECHANDO · dir=— · 0=0.1613 · Oz=— · Red=— · manos=ON · pos=flat · latido=1.50s
[RANGO] autosello PRL · ACECHANDO · Oz=0.0 link=— · manos_feria_informe.json
[RANGO] PRLUSDT_LINEAL last=0.1621 · río=WS · mercado=linear · estado=ACECHANDO · dir=— · 0=0.1613 · Oz=— · Red=— · manos=ON · pos=flat · latido=1.50s
[RANGO] autosello PRL · ACECHANDO · Oz=0.0 link=— · manos_feria_informe.json
[RANGO] PRLUSDT_LINEAL last=0.1619 · río=WS · mercado=linear · estado=ACECHANDO · dir=— · 0=0.1613 · Oz=— · Red=— · manos=ON · pos=flat · latido=1.50s
[RANGO] PRLUSDT_LINEAL last=0.1621 · río=WS · mercado=linear · estado=ACECHANDO · dir=— · 0=0.1613 · Oz=— · Red=— · manos=ON · pos=flat · latido=1.50s
[RANGO] autosello PRL · ACECHANDO · Oz=0.0 link=— · manos_feria_informe.json
[RANGO] PRLUSDT_LINEAL last=0.1618 · río=WS · mercado=linear · estado=ACECHANDO · dir=— · 0=0.1613 · Oz=— · Red=— · manos=ON · pos=flat · latido=1.50s
[RANGO] autosello PRL · ACECHANDO · Oz=0.0 link=— · manos_feria_informe.json
[RANGO] PRLUSDT_LINEAL last=0.1618 · río=WS · mercado=linear · estado=ACECHANDO · dir=— · 0=0.1613 · Oz=— · Red=— · manos=ON · pos=flat · latido=1.50s
[RANGO] PRLUSDT_LINEAL last=0.1619 · río=WS · mercado=linear · estado=ACECHANDO · dir=— · 0=0.1613 · Oz=— · Red=— · manos=ON · pos=flat · latido=1.50s
[RANGO] autosello PRL · ACECHANDO · Oz=0.0 link=— · manos_feria_informe.json
[RANGO] PRLUSDT_LINEAL last=0.162 · río=ciego/muleta · mercado=linear · estado=ACECHANDO · dir=— · 0=0.1613 · Oz=— · Red=— · manos=ON · pos=flat · latido=1.50s
[RANGO] autosello PRL · ACECHANDO · Oz=0.0 link=— · manos_feria_informe.json
[RANGO] PRLUSDT_LINEAL last=0.1619 · río=WS · mercado=linear · estado=ACECHANDO · dir=— · 0=0.1613 · Oz=— · Red=— · manos=ON · pos=flat · latido=1.50s
[RANGO] PRLUSDT_LINEAL last=0.1619 · río=WS · mercado=linear · estado=ACECHANDO · dir=— · 0=0.1613 · Oz=— · Red=— · manos=ON · pos=flat · latido=1.50s
[RANGO] autosello PRL · ACECHANDO · Oz=0.0 link=— · manos_feria_informe.json
[2026-08-31 08:20:24] [TUSK] RECONCILIACIÓN: MSTRUSDT_LINEAL: interno L:0.000000/S:0.000000 -> real L:0.240000/S:0.000000
[2026-08-31 08:20:24] [TUSK] RECONCILIACIÓN_FANTASMA: BIOUSDT_LINEAL existe interno pero no en exchange -> reseteando
[2026-08-31 08:20:24] [TUSK] RECONCILIACIÓN_OK: 2 frentes alineados con exchange
[RANGO] PRLUSDT_LINEAL last=0.162 · río=WS · mercado=linear · estado=ACECHANDO · dir=— · 0=0.1613 · Oz=— · Red=— · manos=ON · pos=flat · latido=1.50s
[RANGO] autosello PRL · ACECHANDO · Oz=0.0 link=— · manos_feria_informe.json
[RANGO] PRLUSDT_LINEAL last=0.1622 · río=ciego/muleta · mercado=linear · estado=ACECHANDO · dir=— · 0=0.1613 · Oz=— · Red=— · manos=ON · pos=flat · latido=1.50s
[RANGO] PRLUSDT_LINEAL last=0.1622 · río=WS · mercado=linear · estado=ACECHANDO · dir=— · 0=0.1613 · Oz=— · Red=— · manos=ON · pos=flat · latido=1.50s
[RANGO] autosello PRL · ACECHANDO · Oz=0.0 link=— · manos_feria_informe.json
[RANGO] PRLUSDT_LINEAL last=0.1621 · río=WS · mercado=linear · estado=ACECHANDO · dir=— · 0=0.1613 · Oz=— · Red=— · manos=ON · pos=flat · latido=1.50s
[RANGO] autosello PRL · ACECHANDO · Oz=0.0 link=— · manos_feria_informe.json
[RANGO] PRLUSDT_LINEAL last=0.162 · río=WS · mercado=linear · estado=ACECHANDO · dir=— · 0=0.1613 · Oz=— · Red=— · manos=ON · pos=flat · latido=1.50s
[RANGO] PRLUSDT_LINEAL last=0.1621 · río=WS · mercado=linear · estado=ACECHANDO · dir=— · 0=0.1613 · Oz=— · Red=— · manos=ON · pos=flat · latido=1.50s
[RANGO] autosello PRL · ACECHANDO · Oz=0.0 link=— · manos_feria_informe.json
[2026-08-31 08:21:25] [TUSK] RECONCILIACIÓN: SNXXUSDT_LINEAL: interno L:7.210000/S:0.000000 -> real L:6.830000/S:0.000000
[2026-08-31 08:21:25] [TUSK] RECONCILIACIÓN_OK: 1 frentes alineados con exchange
[RANGO] PRLUSDT_LINEAL last=0.1621 · río=WS · mercado=linear · estado=ACECHANDO · dir=— · 0=0.1613 · Oz=— · Red=— · manos=ON · pos=flat · latido=1.50s
[RANGO] autosello PRL · ACECHANDO · Oz=0.0 link=— · manos_feria_informe.json
[RANGO] PRLUSDT_LINEAL last=0.1621 · río=WS · mercado=linear · estado=ACECHANDO · dir=— · 0=0.1613 · Oz=— · Red=— · manos=ON · pos=flat · latido=1.50s
[RANGO] PRLUSDT_LINEAL last=0.162 · río=ciego/muleta · mercado=linear · estado=ACECHANDO · dir=— · 0=0.1613 · Oz=— · Red=— · manos=ON · pos=flat · latido=1.50s
[RANGO] autosello PRL · ACECHANDO · Oz=0.0 link=— · manos_feria_informe.json
[RANGO] PRLUSDT_LINEAL last=0.162 · río=ciego/muleta · mercado=linear · estado=ACECHANDO · dir=— · 0=0.1613 · Oz=— · Red=— · manos=ON · pos=flat · latido=1.50s
[RANGO] autosello PRL · ACECHANDO · Oz=0.0 link=— · manos_feria_informe.json
[RANGO] PRLUSDT_LINEAL last=0.162 · río=ciego/muleta · mercado=linear · estado=ACECHANDO · dir=— · 0=0.1613 · Oz=— · Red=— · manos=ON · pos=flat · latido=1.50s
[RANGO] autosello PRL · ACECHANDO · Oz=0.0 link=— · manos_feria_informe.json
[RANGO] PRLUSDT_LINEAL last=0.1622 · río=WS · mercado=linear · estado=ACECHANDO · dir=— · 0=0.1613 · Oz=— · Red=— · manos=ON · pos=flat · latido=1.50s
[RANGO] PRLUSDT_LINEAL last=0.162 · río=WS · mercado=linear · estado=ACECHANDO · dir=— · 0=0.1613 · Oz=— · Red=— · manos=ON · pos=flat · latido=1.50s
[RANGO] autosello PRL · ACECHANDO · Oz=0.0 link=— · manos_feria_informe.json
[RANGO] PRLUSDT_LINEAL last=0.1619 · río=WS · mercado=linear · estado=ACECHANDO · dir=— · 0=0.1613 · Oz=— · Red=— · manos=ON · pos=flat · latido=1.50s
[RANGO] autosello PRL · ACECHANDO · Oz=0.0 link=— · manos_feria_informe.json
[RANGO] PRLUSDT_LINEAL last=0.1619 · río=WS · mercado=linear · estado=ACECHANDO · dir=— · 0=0.1613 · Oz=— · Red=— · manos=ON · pos=flat · latido=1.50s
[RANGO] PRLUSDT_LINEAL last=0.1617 · río=WS · mercado=linear · estado=ACECHANDO · dir=— · 0=0.1613 · Oz=— · Red=— · manos=ON · pos=flat · latido=1.50s
[RANGO] autosello PRL · ACECHANDO · Oz=0.0 link=— · manos_feria_informe.json
[RANGO] PRLUSDT_LINEAL last=0.162 · río=WS · mercado=linear · estado=ACECHANDO · dir=— · 0=0.1613 · Oz=— · Red=— · manos=ON · pos=flat · latido=1.50s
[RANGO] autosello PRL · ACECHANDO · Oz=0.0 link=— · manos_feria_informe.json
[RANGO] PRLUSDT_LINEAL last=0.1621 · río=WS · mercado=linear · estado=ACECHANDO · dir=— · 0=0.1613 · Oz=— · Red=— · manos=ON · pos=flat · latido=1.50s
[2026-08-31 08:23:28] [TUSK] RECONCILIACIÓN: POWERUSDT_LINEAL: interno L:0.000000/S:0.000000 -> real L:67.000000/S:0.000000
[2026-08-31 08:23:28] [TUSK] RECONCILIACIÓN_FANTASMA: PLTRUSDT_LINEAL existe interno pero no en exchange -> reseteando
[2026-08-31 08:23:28] [TUSK] RECONCILIACIÓN_OK: 2 frentes alineados con exchange
[RANGO] PRLUSDT_LINEAL last=0.1619 · río=WS · mercado=linear · estado=ACECHANDO · dir=— · 0=0.1613 · Oz=— · Red=— · manos=ON · pos=flat · latido=1.50s
[RANGO] autosello PRL · ACECHANDO · Oz=0.0 link=— · manos_feria_informe.json
[RANGO] PRLUSDT_LINEAL last=0.162 · río=WS · mercado=linear · estado=ACECHANDO · dir=— · 0=0.1613 · Oz=— · Red=— · manos=ON · pos=flat · latido=1.50s
[RANGO] autosello PRL · ACECHANDO · Oz=0.0 link=— · manos_feria_informe.json
[RANGO] PRLUSDT_LINEAL last=0.1619 · río=WS · mercado=linear · estado=ACECHANDO · dir=— · 0=0.1613 · Oz=— · Red=— · manos=ON · pos=flat · latido=1.50s
[RANGO] PRLUSDT_LINEAL last=0.162 · río=WS · mercado=linear · estado=ACECHANDO · dir=— · 0=0.1613 · Oz=— · Red=— · manos=ON · pos=flat · latido=1.50s
[RANGO] autosello PRL · ACECHANDO · Oz=0.0 link=— · manos_feria_informe.json
[RANGO] PRLUSDT_LINEAL last=0.1619 · río=WS · mercado=linear · estado=ACECHANDO · dir=— · 0=0.1613 · Oz=— · Red=— · manos=ON · pos=flat · latido=1.50s
[RANGO] autosello PRL · ACECHANDO · Oz=0.0 link=— · manos_feria_informe.json
[RANGO] PRLUSDT_LINEAL last=0.1619 · río=ciego/muleta · mercado=linear · estado=ACECHANDO · dir=— · 0=0.1613 · Oz=— · Red=— · manos=ON · pos=flat · latido=1.50s
[RANGO] PRLUSDT_LINEAL last=0.1618 · río=WS · mercado=linear · estado=ACECHANDO · dir=— · 0=0.1613 · Oz=— · Red=— · manos=ON · pos=flat · latido=1.50s
[RANGO] autosello PRL · ACECHANDO · Oz=0.0 link=— · manos_feria_informe.json
[RANGO] PRLUSDT_LINEAL last=0.1619 · río=WS · mercado=linear · estado=ACECHANDO · dir=— · 0=0.1613 · Oz=— · Red=— · manos=ON · pos=flat · latido=1.50s
[RANGO] autosello PRL · ACECHANDO · Oz=0.0 link=— · manos_feria_informe.json
[RANGO] PRLUSDT_LINEAL last=0.1619 · río=WS · mercado=linear · estado=ACECHANDO · dir=— · 0=0.1613 · Oz=— · Red=— · manos=ON · pos=flat · latido=1.50s
[RANGO] PRLUSDT_LINEAL last=0.162 · río=WS · mercado=linear · estado=ACECHANDO · dir=— · 0=0.1613 · Oz=— · Red=— · manos=ON · pos=flat · latido=1.50s
[RANGO] autosello PRL · ACECHANDO · Oz=0.0 link=— · manos_feria_informe.json
[RANGO] PRLUSDT_LINEAL last=0.162 · río=WS · mercado=linear · estado=ACECHANDO · dir=— · 0=0.1613 · Oz=— · Red=— · manos=ON · pos=flat · latido=1.50s
[RANGO] autosello PRL · ACECHANDO · Oz=0.0 link=— · manos_feria_informe.json
[RANGO] PRLUSDT_LINEAL last=0.162 · río=WS · mercado=linear · estado=ACECHANDO · dir=— · 0=0.1613 · Oz=— · Red=— · manos=ON · pos=flat · latido=1.50s
[RANGO] PRLUSDT_LINEAL last=0.162 · río=WS · mercado=linear · estado=ACECHANDO · dir=— · 0=0.1613 · Oz=— · Red=— · manos=ON · pos=flat · latido=1.50s
[RANGO] autosello PRL · ACECHANDO · Oz=0.0 link=— · manos_feria_informe.json
[RANGO] PRLUSDT_LINEAL last=0.1619 · río=ciego/muleta · mercado=linear · estado=ACECHANDO · dir=— · 0=0.1613 · Oz=— · Red=— · manos=ON · pos=flat · latido=1.50s
[RANGO] autosello PRL · ACECHANDO · Oz=0.0 link=— · manos_feria_informe.json
[RANGO] PRLUSDT_LINEAL last=0.1623 · río=WS · mercado=linear · estado=ACECHANDO · dir=— · 0=0.1613 · Oz=— · Red=— · manos=ON · pos=flat · latido=1.50s
[RANGO] PRLUSDT_LINEAL last=0.1621 · río=WS · mercado=linear · estado=ACECHANDO · dir=— · 0=0.1613 · Oz=— · Red=— · manos=ON · pos=flat · latido=1.50s
[RANGO] autosello PRL · ACECHANDO · Oz=0.0 link=— · manos_feria_informe.json
[RANGO] PRLUSDT_LINEAL last=0.162 · río=WS · mercado=linear · estado=ACECHANDO · dir=— · 0=0.1613 · Oz=— · Red=— · manos=ON · pos=flat · latido=1.50s
[RANGO] autosello PRL · ACECHANDO · Oz=0.0 link=— · manos_feria_informe.json
[RANGO] PRLUSDT_LINEAL last=0.1621 · río=WS · mercado=linear · estado=ACECHANDO · dir=— · 0=0.1613 · Oz=— · Red=— · manos=ON · pos=flat · latido=1.50s
[RANGO] PRLUSDT_LINEAL last=0.1622 · río=WS · mercado=linear · estado=ACECHANDO · dir=— · 0=0.1613 · Oz=— · Red=— · manos=ON · pos=flat · latido=1.50s
[RANGO] autosello PRL · ACECHANDO · Oz=0.0 link=— · manos_feria_informe.json
[RANGO] PRLUSDT_LINEAL last=0.1621 · río=WS · mercado=linear · estado=ACECHANDO · dir=— · 0=0.1613 · Oz=— · Red=— · manos=ON · pos=flat · latido=1.50s
[RANGO] autosello PRL · ACECHANDO · Oz=0.0 link=— · manos_feria_informe.json
[RANGO] PRLUSDT_LINEAL last=0.1621 · río=WS · mercado=linear · estado=ACECHANDO · dir=— · 0=0.1613 · Oz=— · Red=— · manos=ON · pos=flat · latido=1.50s
[RANGO] PRLUSDT_LINEAL last=0.162 · río=WS · mercado=linear · estado=ACECHANDO · dir=— · 0=0.1613 · Oz=— · Red=— · manos=ON · pos=flat · latido=1.50s
[RANGO] autosello PRL · ACECHANDO · Oz=0.0 link=— · manos_feria_informe.json
[RANGO] PRLUSDT_LINEAL last=0.1623 · río=WS · mercado=linear · estado=ACECHANDO · dir=— · 0=0.1613 · Oz=— · Red=— · manos=ON · pos=flat · latido=1.50s
[RANGO] autosello PRL · ACECHANDO · Oz=0.0 link=— · manos_feria_informe.json
[RANGO] PRLUSDT_LINEAL last=0.1624 · río=WS · mercado=linear · estado=ACECHANDO · dir=— · 0=0.1613 · Oz=— · Red=— · manos=ON · pos=flat · latido=1.50s
[2026-08-31 08:27:32] [TUSK] RECONCILIACIÓN: POWERUSDT_LINEAL: interno L:67.000000/S:0.000000 -> real L:6.000000/S:0.000000
[2026-08-31 08:27:32] [TUSK] RECONCILIACIÓN_OK: 1 frentes alineados con exchange
[RANGO] PRLUSDT_LINEAL last=0.1623 · río=WS · mercado=linear · estado=ACECHANDO · dir=— · 0=0.1613 · Oz=— · Red=— · manos=ON · pos=flat · latido=1.50s
[RANGO] autosello PRL · ACECHANDO · Oz=0.0 link=— · manos_feria_informe.json
[RANGO] PRLUSDT_LINEAL last=0.162 · río=WS · mercado=linear · estado=ACECHANDO · dir=— · 0=0.1613 · Oz=— · Red=— · manos=ON · pos=flat · latido=1.50s
[RANGO] autosello PRL · ACECHANDO · Oz=0.0 link=— · manos_feria_informe.json
[RANGO] PRLUSDT_LINEAL last=0.162 · río=WS · mercado=linear · estado=ACECHANDO · dir=— · 0=0.1613 · Oz=— · Red=— · manos=ON · pos=flat · latido=1.50s
[RANGO] PRLUSDT_LINEAL last=0.1622 · río=WS · mercado=linear · estado=ACECHANDO · dir=— · 0=0.1613 · Oz=— · Red=— · manos=ON · pos=flat · latido=1.50s
[RANGO] autosello PRL · ACECHANDO · Oz=0.0 link=— · manos_feria_informe.json
[RANGO] PRLUSDT_LINEAL last=0.1619 · río=WS · mercado=linear · estado=ACECHANDO · dir=— · 0=0.1613 · Oz=— · Red=— · manos=ON · pos=flat · latido=1.50s
[RANGO] autosello PRL · ACECHANDO · Oz=0.0 link=— · manos_feria_informe.json
[RANGO] PRLUSDT_LINEAL last=0.1622 · río=WS · mercado=linear · estado=ACECHANDO · dir=— · 0=0.1613 · Oz=— · Red=— · manos=ON · pos=flat · latido=1.50s
[RANGO] PRLUSDT_LINEAL last=0.1622 · río=ciego/muleta · mercado=linear · estado=ACECHANDO · dir=— · 0=0.1613 · Oz=— · Red=— · manos=ON · pos=flat · latido=1.50s
[RANGO] autosello PRL · ACECHANDO · Oz=0.0 link=— · manos_feria_informe.json
[RANGO] PRLUSDT_LINEAL last=0.1625 · río=WS · mercado=linear · estado=ACECHANDO · dir=— · 0=0.1613 · Oz=— · Red=— · manos=ON · pos=flat · latido=1.50s
[RANGO] autosello PRL · ACECHANDO · Oz=0.0 link=— · manos_feria_informe.json
[RANGO] PRLUSDT_LINEAL last=0.1625 · río=WS · mercado=linear · estado=ACECHANDO · dir=— · 0=0.1613 · Oz=— · Red=— · manos=ON · pos=flat · latido=1.50s
[RANGO] PRLUSDT_LINEAL last=0.1624 · río=ciego/muleta · mercado=linear · estado=ACECHANDO · dir=— · 0=0.1613 · Oz=— · Red=— · manos=ON · pos=flat · latido=1.50s
[RANGO] autosello PRL · ACECHANDO · Oz=0.0 link=— · manos_feria_informe.json
[RANGO] PRLUSDT_LINEAL last=0.1625 · río=WS · mercado=linear · estado=ACECHANDO · dir=— · 0=0.1613 · Oz=— · Red=— · manos=ON · pos=flat · latido=1.50s
[RANGO] autosello PRL · ACECHANDO · Oz=0.0 link=— · manos_feria_informe.json
[RANGO] PRLUSDT_LINEAL last=0.1625 · río=WS · mercado=linear · estado=ACECHANDO · dir=— · 0=0.1613 · Oz=— · Red=— · manos=ON · pos=flat · latido=1.50s
[RANGO] PRLUSDT_LINEAL last=0.1625 · río=WS · mercado=linear · estado=ACECHANDO · dir=— · 0=0.1613 · Oz=— · Red=— · manos=ON · pos=flat · latido=1.50s
[RANGO] autosello PRL · ACECHANDO · Oz=0.0 link=— · manos_feria_informe.json
[RANGO] PRLUSDT_LINEAL last=0.1626 · río=WS · mercado=linear · estado=ACECHANDO · dir=— · 0=0.1613 · Oz=— · Red=— · manos=ON · pos=flat · latido=1.50s
[RANGO] autosello PRL · ACECHANDO · Oz=0.0 link=— · manos_feria_informe.json
[RANGO] PRLUSDT_LINEAL last=0.1625 · río=WS · mercado=linear · estado=ACECHANDO · dir=— · 0=0.1613 · Oz=— · Red=— · manos=ON · pos=flat · latido=1.50s
[RANGO] PRLUSDT_LINEAL last=0.1626 · río=WS · mercado=linear · estado=ACECHANDO · dir=— · 0=0.1613 · Oz=— · Red=— · manos=ON · pos=flat · latido=1.50s
[RANGO] autosello PRL · ACECHANDO · Oz=0.0 link=— · manos_feria_informe.json
[RANGO] PRLUSDT_LINEAL last=0.1625 · río=WS · mercado=linear · estado=ACECHANDO · dir=— · 0=0.1613 · Oz=— · Red=— · manos=ON · pos=flat · latido=1.50s
[RANGO] autosello PRL · ACECHANDO · Oz=0.0 link=— · manos_feria_informe.json
[RANGO] PRLUSDT_LINEAL last=0.1624 · río=WS · mercado=linear · estado=ACECHANDO · dir=— · 0=0.1613 · Oz=— · Red=— · manos=ON · pos=flat · latido=1.50s
[RANGO] PRLUSDT_LINEAL last=0.1625 · río=WS · mercado=linear · estado=ACECHANDO · dir=— · 0=0.1613 · Oz=— · Red=— · manos=ON · pos=flat · latido=1.50s
[RANGO] autosello PRL · ACECHANDO · Oz=0.0 link=— · manos_feria_informe.json
[RANGO] PRLUSDT_LINEAL last=0.1626 · río=WS · mercado=linear · estado=ACECHANDO · dir=— · 0=0.1613 · Oz=— · Red=— · manos=ON · pos=flat · latido=1.50s
[RANGO] autosello PRL · ACECHANDO · Oz=0.0 link=— · manos_feria_informe.json
[RANGO] PRLUSDT_LINEAL last=0.1629 · río=WS · mercado=linear · estado=ACECHANDO · dir=— · 0=0.1613 · Oz=— · Red=— · manos=ON · pos=flat · latido=1.50s
[RANGO] PRLUSDT_LINEAL last=0.1629 · río=WS · mercado=linear · estado=ACECHANDO · dir=— · 0=0.1613 · Oz=— · Red=— · manos=ON · pos=flat · latido=1.50s
[RANGO] autosello PRL · ACECHANDO · Oz=0.0 link=— · manos_feria_informe.json
[RANGO] PRLUSDT_LINEAL last=0.1629 · río=WS · mercado=linear · estado=ACECHANDO · dir=— · 0=0.1613 · Oz=— · Red=— · manos=ON · pos=flat · latido=1.50s
[RANGO] autosello PRL · ACECHANDO · Oz=0.0 link=— · manos_feria_informe.json
[RANGO] PRLUSDT_LINEAL last=0.1629 · río=WS · mercado=linear · estado=ACECHANDO · dir=— · 0=0.1613 · Oz=— · Red=— · manos=ON · pos=flat · latido=1.50s
[RANGO] PRLUSDT_LINEAL last=0.1629 · río=WS · mercado=linear · estado=ACECHANDO · dir=— · 0=0.1613 · Oz=— · Red=— · manos=ON · pos=flat · latido=1.50s
[RANGO] autosello PRL · ACECHANDO · Oz=0.0 link=— · manos_feria_informe.json
[RANGO] PRLUSDT_LINEAL last=0.1625 · río=WS · mercado=linear · estado=ACECHANDO · dir=— · 0=0.1613 · Oz=— · Red=— · manos=ON · pos=flat · latido=1.50s
[RANGO] autosello PRL · ACECHANDO · Oz=0.0 link=— · manos_feria_informe.json
[RANGO] PRLUSDT_LINEAL last=0.1625 · río=WS · mercado=linear · estado=ACECHANDO · dir=— · 0=0.1613 · Oz=— · Red=— · manos=ON · pos=flat · latido=1.50s
[RANGO] PRLUSDT_LINEAL last=0.1627 · río=WS · mercado=linear · estado=ACECHANDO · dir=— · 0=0.1613 · Oz=— · Red=— · manos=ON · pos=flat · latido=1.50s
[RANGO] autosello PRL · ACECHANDO · Oz=0.0 link=— · manos_feria_informe.json
[RANGO] PRLUSDT_LINEAL last=0.1625 · río=WS · mercado=linear · estado=ACECHANDO · dir=— · 0=0.1613 · Oz=— · Red=— · manos=ON · pos=flat · latido=1.50s
[RANGO] autosello PRL · ACECHANDO · Oz=0.0 link=— · manos_feria_informe.json
[RANGO] PRLUSDT_LINEAL last=0.1627 · río=WS · mercado=linear · estado=ACECHANDO · dir=— · 0=0.1613 · Oz=— · Red=— · manos=ON · pos=flat · latido=1.50s
[RANGO] PRLUSDT_LINEAL last=0.1627 · río=WS · mercado=linear · estado=ACECHANDO · dir=— · 0=0.1613 · Oz=— · Red=— · manos=ON · pos=flat · latido=1.50s
[RANGO] autosello PRL · ACECHANDO · Oz=0.0 link=— · manos_feria_informe.json
[RANGO] PRLUSDT_LINEAL last=0.1626 · río=WS · mercado=linear · estado=ACECHANDO · dir=— · 0=0.1613 · Oz=— · Red=— · manos=ON · pos=flat · latido=1.50s
[RANGO] autosello PRL · ACECHANDO · Oz=0.0 link=— · manos_feria_informe.json
[RANGO] PRLUSDT_LINEAL last=0.1627 · río=WS · mercado=linear · estado=ACECHANDO · dir=— · 0=0.1613 · Oz=— · Red=— · manos=ON · pos=flat · latido=1.50s
[RANGO] PRLUSDT_LINEAL last=0.1625 · río=WS · mercado=linear · estado=ACECHANDO · dir=— · 0=0.1613 · Oz=— · Red=— · manos=ON · pos=flat · latido=1.50s
[RANGO] autosello PRL · ACECHANDO · Oz=0.0 link=— · manos_feria_informe.json
[RANGO] PRLUSDT_LINEAL last=0.1624 · río=ciego/muleta · mercado=linear · estado=ACECHANDO · dir=— · 0=0.1613 · Oz=— · Red=— · manos=ON · pos=flat · latido=1.50s
[RANGO] autosello PRL · ACECHANDO · Oz=0.0 link=— · manos_feria_informe.json
[RANGO] PRLUSDT_LINEAL last=0.1624 · río=ciego/muleta · mercado=linear · estado=ACECHANDO · dir=— · 0=0.1613 · Oz=— · Red=— · manos=ON · pos=flat · latido=1.50s
[RANGO] autosello PRL · ACECHANDO · Oz=0.0 link=— · manos_feria_informe.json
[RANGO] PRLUSDT_LINEAL last=0.1622 · río=WS · mercado=linear · estado=ACECHANDO · dir=— · 0=0.1613 · Oz=— · Red=— · manos=ON · pos=flat · latido=1.50s
[RANGO] PRLUSDT_LINEAL last=0.1623 · río=WS · mercado=linear · estado=ACECHANDO · dir=— · 0=0.1613 · Oz=— · Red=— · manos=ON · pos=flat · latido=1.50s
[RANGO] autosello PRL · ACECHANDO · Oz=0.0 link=— · manos_feria_informe.json
[RANGO] PRLUSDT_LINEAL last=0.1625 · río=WS · mercado=linear · estado=ACECHANDO · dir=— · 0=0.1613 · Oz=— · Red=— · manos=ON · pos=flat · latido=1.50s
[RANGO] autosello PRL · ACECHANDO · Oz=0.0 link=— · manos_feria_informe.json
[RANGO] PRLUSDT_LINEAL last=0.1622 · río=ciego/muleta · mercado=linear · estado=ACECHANDO · dir=— · 0=0.1613 · Oz=— · Red=— · manos=ON · pos=flat · latido=1.50s
[RANGO] PRLUSDT_LINEAL last=0.1624 · río=WS · mercado=linear · estado=ACECHANDO · dir=— · 0=0.1613 · Oz=— · Red=— · manos=ON · pos=flat · latido=1.50s
[RANGO] autosello PRL · ACECHANDO · Oz=0.0 link=— · manos_feria_informe.json
[RANGO] PRLUSDT_LINEAL last=0.1624 · río=WS · mercado=linear · estado=ACECHANDO · dir=— · 0=0.1613 · Oz=— · Red=— · manos=ON · pos=flat · latido=1.50s
[RANGO] autosello PRL · ACECHANDO · Oz=0.0 link=— · manos_feria_informe.json
[RANGO] PRLUSDT_LINEAL last=0.1618 · río=WS · mercado=linear · estado=ACECHANDO · dir=— · 0=0.1613 · Oz=— · Red=— · manos=ON · pos=flat · latido=1.50s
[RANGO] PRLUSDT_LINEAL last=0.1619 · río=WS · mercado=linear · estado=ACECHANDO · dir=— · 0=0.1613 · Oz=— · Red=— · manos=ON · pos=flat · latido=1.50s
[RANGO] autosello PRL · ACECHANDO · Oz=0.0 link=— · manos_feria_informe.json
[RANGO] PRLUSDT_LINEAL last=0.1619 · río=WS · mercado=linear · estado=ACECHANDO · dir=— · 0=0.1613 · Oz=— · Red=— · manos=ON · pos=flat · latido=1.50s
[RANGO] autosello PRL · ACECHANDO · Oz=0.0 link=— · manos_feria_informe.json
[RANGO] PRLUSDT_LINEAL last=0.1619 · río=WS · mercado=linear · estado=ACECHANDO · dir=— · 0=0.1613 · Oz=— · Red=— · manos=ON · pos=flat · latido=1.50s
[RANGO] PRLUSDT_LINEAL last=0.1619 · río=WS · mercado=linear · estado=ACECHANDO · dir=— · 0=0.1613 · Oz=— · Red=— · manos=ON · pos=flat · latido=1.50s
[RANGO] autosello PRL · ACECHANDO · Oz=0.0 link=— · manos_feria_informe.json
[RANGO] PRLUSDT_LINEAL last=0.1619 · río=WS · mercado=linear · estado=ACECHANDO · dir=— · 0=0.1613 · Oz=— · Red=— · manos=ON · pos=flat · latido=1.50s
[RANGO] autosello PRL · ACECHANDO · Oz=0.0 link=— · manos_feria_informe.json
[RANGO] PRLUSDT_LINEAL last=0.1618 · río=WS · mercado=linear · estado=ACECHANDO · dir=— · 0=0.1613 · Oz=— · Red=— · manos=ON · pos=flat · latido=1.50s
[RANGO] PRLUSDT_LINEAL last=0.1621 · río=WS · mercado=linear · estado=ACECHANDO · dir=— · 0=0.1613 · Oz=— · Red=— · manos=ON · pos=flat · latido=1.50s
[RANGO] autosello PRL · ACECHANDO · Oz=0.0 link=— · manos_feria_informe.json
[RANGO] PRLUSDT_LINEAL last=0.162 · río=WS · mercado=linear · estado=ACECHANDO · dir=— · 0=0.1613 · Oz=— · Red=— · manos=ON · pos=flat · latido=1.50s
[RANGO] autosello PRL · ACECHANDO · Oz=0.0 link=— · manos_feria_informe.json
[RANGO] PRLUSDT_LINEAL last=0.1621 · río=WS · mercado=linear · estado=ACECHANDO · dir=— · 0=0.1613 · Oz=— · Red=— · manos=ON · pos=flat · latido=1.50s
[RANGO] PRLUSDT_LINEAL last=0.1621 · río=WS · mercado=linear · estado=ACECHANDO · dir=— · 0=0.1613 · Oz=— · Red=— · manos=ON · pos=flat · latido=1.50s
[RANGO] autosello PRL · ACECHANDO · Oz=0.0 link=— · manos_feria_informe.json
[RANGO] PRLUSDT_LINEAL last=0.1621 · río=WS · mercado=linear · estado=ACECHANDO · dir=— · 0=0.1613 · Oz=— · Red=— · manos=ON · pos=flat · latido=1.50s
[RANGO] autosello PRL · ACECHANDO · Oz=0.0 link=— · manos_feria_informe.json
[RANGO] PRLUSDT_LINEAL last=0.1622 · río=WS · mercado=linear · estado=ACECHANDO · dir=— · 0=0.1613 · Oz=— · Red=— · manos=ON · pos=flat · latido=1.50s
[2026-08-31 08:36:45] [TUSK] RECONCILIACIÓN: TSLLUSDT_LINEAL: interno L:0.000000/S:0.000000 -> real L:0.630000/S:0.000000
[2026-08-31 08:36:45] [TUSK] RECONCILIACIÓN_FANTASMA: COTIUSDT_LINEAL existe interno pero no en exchange -> reseteando
[2026-08-31 08:36:45] [TUSK] RECONCILIACIÓN_OK: 2 frentes alineados con exchange
[RANGO] PRLUSDT_LINEAL last=0.1622 · río=WS · mercado=linear · estado=ACECHANDO · dir=— · 0=0.1613 · Oz=— · Red=— · manos=ON · pos=flat · latido=1.50s
[RANGO] autosello PRL · ACECHANDO · Oz=0.0 link=— · manos_feria_informe.json
[RANGO] PRLUSDT_LINEAL last=0.1623 · río=WS · mercado=linear · estado=ACECHANDO · dir=— · 0=0.1613 · Oz=— · Red=— · manos=ON · pos=flat · latido=1.50s
[RANGO] autosello PRL · ACECHANDO · Oz=0.0 link=— · manos_feria_informe.json
[RANGO] PRLUSDT_LINEAL last=0.1623 · río=WS · mercado=linear · estado=ACECHANDO · dir=— · 0=0.1613 · Oz=— · Red=— · manos=ON · pos=flat · latido=1.50s
[RANGO] PRLUSDT_LINEAL last=0.1624 · río=WS · mercado=linear · estado=ACECHANDO · dir=— · 0=0.1613 · Oz=— · Red=— · manos=ON · pos=flat · latido=1.50s
[RANGO] autosello PRL · ACECHANDO · Oz=0.0 link=— · manos_feria_informe.json
[RANGO] PRLUSDT_LINEAL last=0.1621 · río=WS · mercado=linear · estado=ACECHANDO · dir=— · 0=0.1613 · Oz=— · Red=— · manos=ON · pos=flat · latido=1.50s
[RANGO] autosello PRL · ACECHANDO · Oz=0.0 link=— · manos_feria_informe.json
[RANGO] PRLUSDT_LINEAL last=0.1622 · río=ciego/muleta · mercado=linear · estado=ACECHANDO · dir=— · 0=0.1613 · Oz=— · Red=— · manos=ON · pos=flat · latido=1.50s
[2026-08-31 08:37:46] [TUSK] RECONCILIACIÓN: APRUSDT_LINEAL: interno L:0.000000/S:0.000000 -> real L:73.000000/S:0.000000
[2026-08-31 08:37:46] [TUSK] RECONCILIACIÓN: BROCCOLIUSDT_LINEAL: interno L:0.000000/S:0.000000 -> real L:2781.000000/S:0.000000
[2026-08-31 08:37:46] [TUSK] RECONCILIACIÓN_FANTASMA: NILUSDT_LINEAL existe interno pero no en exchange -> reseteando
[2026-08-31 08:37:46] [TUSK] RECONCILIACIÓN_FANTASMA: QNTXUSDT_LINEAL existe interno pero no en exchange -> reseteando
[2026-08-31 08:37:46] [TUSK] RECONCILIACIÓN_OK: 4 frentes alineados con exchange
[RANGO] PRLUSDT_LINEAL last=0.1624 · río=WS · mercado=linear · estado=ACECHANDO · dir=— · 0=0.1613 · Oz=— · Red=— · manos=ON · pos=flat · latido=1.50s
[RANGO] autosello PRL · ACECHANDO · Oz=0.0 link=— · manos_feria_informe.json
[RANGO] PRLUSDT_LINEAL last=0.1621 · río=WS · mercado=linear · estado=ACECHANDO · dir=— · 0=0.1613 · Oz=— · Red=— · manos=ON · pos=flat · latido=1.50s
[RANGO] autosello PRL · ACECHANDO · Oz=0.0 link=— · manos_feria_informe.json
[RANGO] PRLUSDT_LINEAL last=0.1623 · río=WS · mercado=linear · estado=ACECHANDO · dir=— · 0=0.1613 · Oz=— · Red=— · manos=ON · pos=flat · latido=1.50s
[RANGO] PRLUSDT_LINEAL last=0.1621 · río=WS · mercado=linear · estado=ACECHANDO · dir=— · 0=0.1613 · Oz=— · Red=— · manos=ON · pos=flat · latido=1.50s
[RANGO] autosello PRL · ACECHANDO · Oz=0.0 link=— · manos_feria_informe.json
[RANGO] PRLUSDT_LINEAL last=0.1623 · río=WS · mercado=linear · estado=ACECHANDO · dir=— · 0=0.1613 · Oz=— · Red=— · manos=ON · pos=flat · latido=1.50s
[RANGO] autosello PRL · ACECHANDO · Oz=0.0 link=— · manos_feria_informe.json
[RANGO] PRLUSDT_LINEAL last=0.1622 · río=ciego/muleta · mercado=linear · estado=ACECHANDO · dir=— · 0=0.1613 · Oz=— · Red=— · manos=ON · pos=flat · latido=1.50s
[2026-08-31 08:38:48] [TUSK] RECONCILIACIÓN: DASHUSDT_LINEAL: interno L:0.000000/S:0.000000 -> real L:0.000000/S:0.220000
[2026-08-31 08:38:48] [TUSK] RECONCILIACIÓN_FANTASMA: CRCLUSDT_LINEAL existe interno pero no en exchange -> reseteando
[2026-08-31 08:38:48] [TUSK] RECONCILIACIÓN_OK: 2 frentes alineados con exchange
[RANGO] PRLUSDT_LINEAL last=0.1622 · río=ciego/muleta · mercado=linear · estado=ACECHANDO · dir=— · 0=0.1613 · Oz=— · Red=— · manos=ON · pos=flat · latido=1.50s
[RANGO] autosello PRL · ACECHANDO · Oz=0.0 link=— · manos_feria_informe.json
[RANGO] PRLUSDT_LINEAL last=0.1622 · río=WS · mercado=linear · estado=ACECHANDO · dir=— · 0=0.1613 · Oz=— · Red=— · manos=ON · pos=flat · latido=1.50s
[RANGO] autosello PRL · ACECHANDO · Oz=0.0 link=— · manos_feria_informe.json
[RANGO] PRLUSDT_LINEAL last=0.1621 · río=WS · mercado=linear · estado=ACECHANDO · dir=— · 0=0.1613 · Oz=— · Red=— · manos=ON · pos=flat · latido=1.50s
[RANGO] PRLUSDT_LINEAL last=0.1621 · río=ciego/muleta · mercado=linear · estado=ACECHANDO · dir=— · 0=0.1613 · Oz=— · Red=— · manos=ON · pos=flat · latido=1.50s
[RANGO] autosello PRL · ACECHANDO · Oz=0.0 link=— · manos_feria_informe.json
[RANGO] PRLUSDT_LINEAL last=0.1621 · río=ciego/muleta · mercado=linear · estado=ACECHANDO · dir=— · 0=0.1613 · Oz=— · Red=— · manos=ON · pos=flat · latido=1.50s
[RANGO] autosello PRL · ACECHANDO · Oz=0.0 link=— · manos_feria_informe.json
[RANGO] PRLUSDT_LINEAL last=0.162 · río=WS · mercado=linear · estado=ACECHANDO · dir=— · 0=0.1613 · Oz=— · Red=— · manos=ON · pos=flat · latido=1.50s
[2026-08-31 08:39:49] [TUSK] RECONCILIACIÓN: POWERUSDT_LINEAL: interno L:6.000000/S:0.000000 -> real L:0.000000/S:54.000000
[2026-08-31 08:39:49] [TUSK] RECONCILIACIÓN_OK: 1 frentes alineados con exchange
[RANGO] autosello PRL · ACECHANDO · Oz=0.0 link=— · manos_feria_informe.json
[RANGO] PRLUSDT_LINEAL last=0.162 · río=WS · mercado=linear · estado=ACECHANDO · dir=— · 0=0.1613 · Oz=— · Red=— · manos=ON · pos=flat · latido=1.50s
[RANGO] PRLUSDT_LINEAL last=0.1621 · río=WS · mercado=linear · estado=ACECHANDO · dir=— · 0=0.1613 · Oz=— · Red=— · manos=ON · pos=flat · latido=1.50s
[RANGO] autosello PRL · ACECHANDO · Oz=0.0 link=— · manos_feria_informe.json
[RANGO] PRLUSDT_LINEAL last=0.1619 · río=WS · mercado=linear · estado=ACECHANDO · dir=— · 0=0.1613 · Oz=— · Red=— · manos=ON · pos=flat · latido=1.50s
[RANGO] autosello PRL · ACECHANDO · Oz=0.0 link=— · manos_feria_informe.json
[RANGO] PRLUSDT_LINEAL last=0.1621 · río=ciego/muleta · mercado=linear · estado=ACECHANDO · dir=— · 0=0.1613 · Oz=— · Red=— · manos=ON · pos=flat · latido=1.50s
[RANGO] PRLUSDT_LINEAL last=0.1621 · río=ciego/muleta · mercado=linear · estado=ACECHANDO · dir=— · 0=0.1613 · Oz=— · Red=— · manos=ON · pos=flat · latido=1.50s
[RANGO] autosello PRL · ACECHANDO · Oz=0.0 link=— · manos_feria_informe.json
[RANGO] PRLUSDT_LINEAL last=0.1622 · río=WS · mercado=linear · estado=ACECHANDO · dir=— · 0=0.1613 · Oz=— · Red=— · manos=ON · pos=flat · latido=1.50s
[2026-08-31 08:40:50] [TUSK] RECONCILIACIÓN: SNXXUSDT_LINEAL: interno L:6.830000/S:0.000000 -> real L:6.460000/S:0.000000
[2026-08-31 08:40:50] [TUSK] RECONCILIACIÓN_OK: 1 frentes alineados con exchange
[RANGO] autosello PRL · ACECHANDO · Oz=0.0 link=— · manos_feria_informe.json
[RANGO] PRLUSDT_LINEAL last=0.1622 · río=WS · mercado=linear · estado=ACECHANDO · dir=— · 0=0.1613 · Oz=— · Red=— · manos=ON · pos=flat · latido=1.50s
[RANGO] PRLUSDT_LINEAL last=0.1622 · río=WS · mercado=linear · estado=ACECHANDO · dir=— · 0=0.1613 · Oz=— · Red=— · manos=ON · pos=flat · latido=1.50s
[RANGO] autosello PRL · ACECHANDO · Oz=0.0 link=— · manos_feria_informe.json
[RANGO] PRLUSDT_LINEAL last=0.1621 · río=WS · mercado=linear · estado=ACECHANDO · dir=— · 0=0.1613 · Oz=— · Red=— · manos=ON · pos=flat · latido=1.50s
[RANGO] autosello PRL · ACECHANDO · Oz=0.0 link=— · manos_feria_informe.json
[RANGO] PRLUSDT_LINEAL last=0.1624 · río=WS · mercado=linear · estado=ACECHANDO · dir=— · 0=0.1613 · Oz=— · Red=— · manos=ON · pos=flat · latido=1.50s
[RANGO] PRLUSDT_LINEAL last=0.1624 · río=WS · mercado=linear · estado=ACECHANDO · dir=— · 0=0.1613 · Oz=— · Red=— · manos=ON · pos=flat · latido=1.50s
[RANGO] autosello PRL · ACECHANDO · Oz=0.0 link=— · manos_feria_informe.json
[RANGO] PRLUSDT_LINEAL last=0.1624 · río=WS · mercado=linear · estado=ACECHANDO · dir=— · 0=0.1613 · Oz=— · Red=— · manos=ON · pos=flat · latido=1.50s
[2026-08-31 08:41:51] [TUSK] RECONCILIACIÓN: MORPHOUSDT_LINEAL: interno L:0.000000/S:0.000000 -> real L:27.000000/S:0.000000
[2026-08-31 08:41:51] [TUSK] RECONCILIACIÓN_FANTASMA: BSPUSDT_LINEAL existe interno pero no en exchange -> reseteando
[2026-08-31 08:41:51] [TUSK] RECONCILIACIÓN_OK: 2 frentes alineados con exchange
[RANGO] autosello PRL · ACECHANDO · Oz=0.0 link=— · manos_feria_informe.json
[RANGO] PRLUSDT_LINEAL last=0.1626 · río=WS · mercado=linear · estado=ACECHANDO · dir=— · 0=0.1613 · Oz=— · Red=— · manos=ON · pos=flat · latido=1.50s
[RANGO] PRLUSDT_LINEAL last=0.1625 · río=WS · mercado=linear · estado=ACECHANDO · dir=— · 0=0.1613 · Oz=— · Red=— · manos=ON · pos=flat · latido=1.50s
[RANGO] autosello PRL · ACECHANDO · Oz=0.0 link=— · manos_feria_informe.json
[RANGO] PRLUSDT_LINEAL last=0.1625 · río=WS · mercado=linear · estado=ACECHANDO · dir=— · 0=0.1613 · Oz=— · Red=— · manos=ON · pos=flat · latido=1.50s
[RANGO] autosello PRL · ACECHANDO · Oz=0.0 link=— · manos_feria_informe.json
[RANGO] PRLUSDT_LINEAL last=0.1623 · río=WS · mercado=linear · estado=ACECHANDO · dir=— · 0=0.1613 · Oz=— · Red=— · manos=ON · pos=flat · latido=1.50s
[RANGO] PRLUSDT_LINEAL last=0.1626 · río=WS · mercado=linear · estado=ACECHANDO · dir=— · 0=0.1613 · Oz=— · Red=— · manos=ON · pos=flat · latido=1.50s
[RANGO] autosello PRL · ACECHANDO · Oz=0.0 link=— · manos_feria_informe.json
[RANGO] PRLUSDT_LINEAL last=0.1626 · río=WS · mercado=linear · estado=ACECHANDO · dir=— · 0=0.1613 · Oz=— · Red=— · manos=ON · pos=flat · latido=1.50s
[RANGO] autosello PRL · ACECHANDO · Oz=0.0 link=— · manos_feria_informe.json
[2026-08-31 08:42:52] [TUSK] RECONCILIACIÓN: TRBUSDT_LINEAL: interno L:0.000000/S:0.000000 -> real L:5.240000/S:0.000000
[2026-08-31 08:42:52] [TUSK] RECONCILIACIÓN_FANTASMA: SAMSUNGUSDT_LINEAL existe interno pero no en exchange -> reseteando
[2026-08-31 08:42:52] [TUSK] RECONCILIACIÓN_OK: 2 frentes alineados con exchange
[RANGO] PRLUSDT_LINEAL last=0.1626 · río=WS · mercado=linear · estado=ACECHANDO · dir=— · 0=0.1613 · Oz=— · Red=— · manos=ON · pos=flat · latido=1.50s
[RANGO] PRLUSDT_LINEAL last=0.1626 · río=WS · mercado=linear · estado=ACECHANDO · dir=— · 0=0.1613 · Oz=— · Red=— · manos=ON · pos=flat · latido=1.50s
[RANGO] autosello PRL · ACECHANDO · Oz=0.0 link=— · manos_feria_informe.json
[RANGO] PRLUSDT_LINEAL last=0.1629 · río=WS · mercado=linear · estado=ACECHANDO · dir=— · 0=0.1613 · Oz=— · Red=— · manos=ON · pos=flat · latido=1.50s
[RANGO] autosello PRL · ACECHANDO · Oz=0.0 link=— · manos_feria_informe.json
[RANGO] PRLUSDT_LINEAL last=0.1628 · río=WS · mercado=linear · estado=ACECHANDO · dir=— · 0=0.1613 · Oz=— · Red=— · manos=ON · pos=flat · latido=1.50s
[RANGO] PRLUSDT_LINEAL last=0.1627 · río=WS · mercado=linear · estado=ACECHANDO · dir=— · 0=0.1613 · Oz=— · Red=— · manos=ON · pos=flat · latido=1.50s
[RANGO] autosello PRL · ACECHANDO · Oz=0.0 link=— · manos_feria_informe.json
[RANGO] PRLUSDT_LINEAL last=0.1628 · río=WS · mercado=linear · estado=ACECHANDO · dir=— · 0=0.1613 · Oz=— · Red=— · manos=ON · pos=flat · latido=1.50s
[RANGO] autosello PRL · ACECHANDO · Oz=0.0 link=— · manos_feria_informe.json
[2026-08-31 08:43:54] [TUSK] RECONCILIACIÓN: UNIUSDT_LINEAL: interno L:0.000000/S:0.000000 -> real L:0.900000/S:0.000000
[2026-08-31 08:43:54] [TUSK] RECONCILIACIÓN_FANTASMA: AAOIUSDT_LINEAL existe interno pero no en exchange -> reseteando
[2026-08-31 08:43:54] [TUSK] RECONCILIACIÓN_OK: 2 frentes alineados con exchange
[RANGO] PRLUSDT_LINEAL last=0.1628 · río=WS · mercado=linear · estado=ACECHANDO · dir=— · 0=0.1613 · Oz=— · Red=— · manos=ON · pos=flat · latido=1.50s
[RANGO] PRLUSDT_LINEAL last=0.1627 · río=ciego/muleta · mercado=linear · estado=ACECHANDO · dir=— · 0=0.1613 · Oz=— · Red=— · manos=ON · pos=flat · latido=1.50s
[RANGO] autosello PRL · ACECHANDO · Oz=0.0 link=— · manos_feria_informe.json
[RANGO] PRLUSDT_LINEAL last=0.1626 · río=WS · mercado=linear · estado=ACECHANDO · dir=— · 0=0.1613 · Oz=— · Red=— · manos=ON · pos=flat · latido=1.50s
[RANGO] autosello PRL · ACECHANDO · Oz=0.0 link=— · manos_feria_informe.json
[RANGO] PRLUSDT_LINEAL last=0.1627 · río=WS · mercado=linear · estado=ACECHANDO · dir=— · 0=0.1613 · Oz=— · Red=— · manos=ON · pos=flat · latido=1.50s
[RANGO] PRLUSDT_LINEAL last=0.1624 · río=WS · mercado=linear · estado=ACECHANDO · dir=— · 0=0.1613 · Oz=— · Red=— · manos=ON · pos=flat · latido=1.50s
[RANGO] autosello PRL · ACECHANDO · Oz=0.0 link=— · manos_feria_informe.json
[RANGO] PRLUSDT_LINEAL last=0.1626 · río=WS · mercado=linear · estado=ACECHANDO · dir=— · 0=0.1613 · Oz=— · Red=— · manos=ON · pos=flat · latido=1.50s
[RANGO] autosello PRL · ACECHANDO · Oz=0.0 link=— · manos_feria_informe.json
[RANGO] PRLUSDT_LINEAL last=0.1623 · río=WS · mercado=linear · estado=ACECHANDO · dir=— · 0=0.1613 · Oz=— · Red=— · manos=ON · pos=flat · latido=1.50s
[2026-08-31 08:44:55] [TUSK] RECONCILIACIÓN: CRCLUSDT_LINEAL: interno L:0.000000/S:0.000000 -> real L:0.410000/S:0.000000
[2026-08-31 08:44:55] [TUSK] RECONCILIACIÓN: PURRUSDT_LINEAL: interno L:0.000000/S:0.000000 -> real L:4.800000/S:0.000000
[2026-08-31 08:44:55] [TUSK] RECONCILIACIÓN_FANTASMA: AEHRUSDT_LINEAL existe interno pero no en exchange -> reseteando
[2026-08-31 08:44:55] [TUSK] RECONCILIACIÓN_FANTASMA: KSMUSDT_LINEAL existe interno pero no en exchange -> reseteando
[2026-08-31 08:44:55] [TUSK] RECONCILIACIÓN_OK: 4 frentes alineados con exchange
[RANGO] PRLUSDT_LINEAL last=0.1624 · río=WS · mercado=linear · estado=ACECHANDO · dir=— · 0=0.1613 · Oz=— · Red=— · manos=ON · pos=flat · latido=1.50s
[RANGO] autosello PRL · ACECHANDO · Oz=0.0 link=— · manos_feria_informe.json
[RANGO] PRLUSDT_LINEAL last=0.1625 · río=WS · mercado=linear · estado=ACECHANDO · dir=— · 0=0.1613 · Oz=— · Red=— · manos=ON · pos=flat · latido=1.50s
[RANGO] autosello PRL · ACECHANDO · Oz=0.0 link=— · manos_feria_informe.json
[RANGO] PRLUSDT_LINEAL last=0.1624 · río=WS · mercado=linear · estado=ACECHANDO · dir=— · 0=0.1613 · Oz=— · Red=— · manos=ON · pos=flat · latido=1.50s
[RANGO] PRLUSDT_LINEAL last=0.1626 · río=WS · mercado=linear · estado=ACECHANDO · dir=— · 0=0.1613 · Oz=— · Red=— · manos=ON · pos=flat · latido=1.50s
[RANGO] autosello PRL · ACECHANDO · Oz=0.0 link=— · manos_feria_informe.json
[RANGO] PRLUSDT_LINEAL last=0.1624 · río=WS · mercado=linear · estado=ACECHANDO · dir=— · 0=0.1613 · Oz=— · Red=— · manos=ON · pos=flat · latido=1.50s
[RANGO] autosello PRL · ACECHANDO · Oz=0.0 link=— · manos_feria_informe.json
[RANGO] PRLUSDT_LINEAL last=0.1624 · río=WS · mercado=linear · estado=ACECHANDO · dir=— · 0=0.1613 · Oz=— · Red=— · manos=ON · pos=flat · latido=1.50s
[2026-08-31 08:45:56] [TUSK] RECONCILIACIÓN: KSMUSDT_LINEAL: interno L:0.000000/S:0.000000 -> real L:13.470000/S:0.000000
[2026-08-31 08:45:56] [TUSK] RECONCILIACIÓN: BIOUSDT_LINEAL: interno L:0.000000/S:0.000000 -> real L:1016.000000/S:0.000000
[2026-08-31 08:45:56] [TUSK] RECONCILIACIÓN_FANTASMA: AXTIUSDT_LINEAL existe interno pero no en exchange -> reseteando
[2026-08-31 08:45:56] [TUSK] RECONCILIACIÓN_FANTASMA: ZKPUSDT_LINEAL existe interno pero no en exchange -> reseteando
[2026-08-31 08:45:56] [TUSK] RECONCILIACIÓN_OK: 4 frentes alineados con exchange
[RANGO] PRLUSDT_LINEAL last=0.1623 · río=WS · mercado=linear · estado=ACECHANDO · dir=— · 0=0.1613 · Oz=— · Red=— · manos=ON · pos=flat · latido=1.50s
[RANGO] autosello PRL · ACECHANDO · Oz=0.0 link=— · manos_feria_informe.json
[RANGO] PRLUSDT_LINEAL last=0.1625 · río=WS · mercado=linear · estado=ACECHANDO · dir=— · 0=0.1613 · Oz=— · Red=— · manos=ON · pos=flat · latido=1.50s
[RANGO] autosello PRL · ACECHANDO · Oz=0.0 link=— · manos_feria_informe.json
[RANGO] PRLUSDT_LINEAL last=0.1624 · río=WS · mercado=linear · estado=ACECHANDO · dir=— · 0=0.1613 · Oz=— · Red=— · manos=ON · pos=flat · latido=1.50s
[RANGO] PRLUSDT_LINEAL last=0.1625 · río=WS · mercado=linear · estado=ACECHANDO · dir=— · 0=0.1613 · Oz=— · Red=— · manos=ON · pos=flat · latido=1.50s
[RANGO] autosello PRL · ACECHANDO · Oz=0.0 link=— · manos_feria_informe.json
[RANGO] PRLUSDT_LINEAL last=0.1625 · río=WS · mercado=linear · estado=ACECHANDO · dir=— · 0=0.1613 · Oz=— · Red=— · manos=ON · pos=flat · latido=1.50s
[RANGO] autosello PRL · ACECHANDO · Oz=0.0 link=— · manos_feria_informe.json
[RANGO] PRLUSDT_LINEAL last=0.1625 · río=WS · mercado=linear · estado=ACECHANDO · dir=— · 0=0.1613 · Oz=— · Red=— · manos=ON · pos=flat · latido=1.50s
[2026-08-31 08:46:58] [TUSK] RECONCILIACIÓN: POWERUSDT_LINEAL: interno L:0.000000/S:54.000000 -> real L:0.000000/S:114.000000
[2026-08-31 08:46:58] [TUSK] RECONCILIACIÓN_OK: 1 frentes alineados con exchange
[RANGO] PRLUSDT_LINEAL last=0.1624 · río=WS · mercado=linear · estado=ACECHANDO · dir=— · 0=0.1613 · Oz=— · Red=— · manos=ON · pos=flat · latido=1.50s
[RANGO] autosello PRL · ACECHANDO · Oz=0.0 link=— · manos_feria_informe.json
[RANGO] PRLUSDT_LINEAL last=0.1625 · río=WS · mercado=linear · estado=ACECHANDO · dir=— · 0=0.1613 · Oz=— · Red=— · manos=ON · pos=flat · latido=1.50s
[RANGO] autosello PRL · ACECHANDO · Oz=0.0 link=— · manos_feria_informe.json
[RANGO] PRLUSDT_LINEAL last=0.1627 · río=WS · mercado=linear · estado=ACECHANDO · dir=— · 0=0.1613 · Oz=— · Red=— · manos=ON · pos=flat · latido=1.50s
[RANGO] PRLUSDT_LINEAL last=0.1625 · río=WS · mercado=linear · estado=ACECHANDO · dir=— · 0=0.1613 · Oz=— · Red=— · manos=ON · pos=flat · latido=1.50s
[RANGO] autosello PRL · ACECHANDO · Oz=0.0 link=— · manos_feria_informe.json
[RANGO] PRLUSDT_LINEAL last=0.1626 · río=WS · mercado=linear · estado=ACECHANDO · dir=— · 0=0.1613 · Oz=— · Red=— · manos=ON · pos=flat · latido=1.50s
[RANGO] autosello PRL · ACECHANDO · Oz=0.0 link=— · manos_feria_informe.json
[RANGO] PRLUSDT_LINEAL last=0.1626 · río=WS · mercado=linear · estado=ACECHANDO · dir=— · 0=0.1613 · Oz=— · Red=— · manos=ON · pos=flat · latido=1.50s
[2026-08-31 08:47:59] [TUSK] RECONCILIACIÓN: ZKPUSDT_LINEAL: interno L:0.000000/S:0.000000 -> real L:1388.000000/S:0.000000
[2026-08-31 08:47:59] [TUSK] RECONCILIACIÓN: SAMSUNGUSDT_LINEAL: interno L:0.000000/S:0.000000 -> real L:0.000000/S:0.110000
[2026-08-31 08:47:59] [TUSK] RECONCILIACIÓN_FANTASMA: WDCUSDT_LINEAL existe interno pero no en exchange -> reseteando
[2026-08-31 08:47:59] [TUSK] RECONCILIACIÓN_FANTASMA: ZBCNUSDT_LINEAL existe interno pero no en exchange -> reseteando
[2026-08-31 08:47:59] [TUSK] RECONCILIACIÓN_OK: 4 frentes alineados con exchange
[RANGO] PRLUSDT_LINEAL last=0.1626 · río=WS · mercado=linear · estado=ACECHANDO · dir=— · 0=0.1613 · Oz=— · Red=— · manos=ON · pos=flat · latido=1.50s
[RANGO] autosello PRL · ACECHANDO · Oz=0.0 link=— · manos_feria_informe.json
[RANGO] PRLUSDT_LINEAL last=0.1626 · río=WS · mercado=linear · estado=ACECHANDO · dir=— · 0=0.1613 · Oz=— · Red=— · manos=ON · pos=flat · latido=1.50s
[RANGO] autosello PRL · ACECHANDO · Oz=0.0 link=— · manos_feria_informe.json
[RANGO] PRLUSDT_LINEAL last=0.1626 · río=WS · mercado=linear · estado=ACECHANDO · dir=— · 0=0.1613 · Oz=— · Red=— · manos=ON · pos=flat · latido=1.50s
[RANGO] PRLUSDT_LINEAL last=0.1626 · río=WS · mercado=linear · estado=ACECHANDO · dir=— · 0=0.1613 · Oz=— · Red=— · manos=ON · pos=flat · latido=1.50s
[RANGO] autosello PRL · ACECHANDO · Oz=0.0 link=— · manos_feria_informe.json
[RANGO] PRLUSDT_LINEAL last=0.1626 · río=WS · mercado=linear · estado=ACECHANDO · dir=— · 0=0.1613 · Oz=— · Red=— · manos=ON · pos=flat · latido=1.50s
[RANGO] autosello PRL · ACECHANDO · Oz=0.0 link=— · manos_feria_informe.json
[RANGO] PRLUSDT_LINEAL last=0.1625 · río=WS · mercado=linear · estado=ACECHANDO · dir=— · 0=0.1613 · Oz=— · Red=— · manos=ON · pos=flat · latido=1.50s
[2026-08-31 08:49:01] [TUSK] RECONCILIACIÓN: TSEMUSDT_LINEAL: interno L:0.000000/S:0.000000 -> real L:0.090000/S:0.000000
[2026-08-31 08:49:01] [TUSK] RECONCILIACIÓN: CRDOUSDT_LINEAL: interno L:0.000000/S:0.000000 -> real L:0.140000/S:0.000000
[2026-08-31 08:49:01] [TUSK] RECONCILIACIÓN_FANTASMA: TSLLUSDT_LINEAL existe interno pero no en exchange -> reseteando
[2026-08-31 08:49:01] [TUSK] RECONCILIACIÓN_FANTASMA: MSTRUSDT_LINEAL existe interno pero no en exchange -> reseteando
[2026-08-31 08:49:01] [TUSK] RECONCILIACIÓN_OK: 4 frentes alineados con exchange
[RANGO] PRLUSDT_LINEAL last=0.1625 · río=WS · mercado=linear · estado=ACECHANDO · dir=— · 0=0.1613 · Oz=— · Red=— · manos=ON · pos=flat · latido=1.50s
[RANGO] autosello PRL · ACECHANDO · Oz=0.0 link=— · manos_feria_informe.json
[RANGO] PRLUSDT_LINEAL last=0.1626 · río=WS · mercado=linear · estado=ACECHANDO · dir=— · 0=0.1613 · Oz=— · Red=— · manos=ON · pos=flat · latido=1.50s
[RANGO] autosello PRL · ACECHANDO · Oz=0.0 link=— · manos_feria_informe.json
[RANGO] PRLUSDT_LINEAL last=0.1625 · río=WS · mercado=linear · estado=ACECHANDO · dir=— · 0=0.1613 · Oz=— · Red=— · manos=ON · pos=flat · latido=1.50s
[RANGO] PRLUSDT_LINEAL last=0.1626 · río=WS · mercado=linear · estado=ACECHANDO · dir=— · 0=0.1613 · Oz=— · Red=— · manos=ON · pos=flat · latido=1.50s
[RANGO] autosello PRL · ACECHANDO · Oz=0.0 link=— · manos_feria_informe.json
[RANGO] PRLUSDT_LINEAL last=0.1627 · río=WS · mercado=linear · estado=ACECHANDO · dir=— · 0=0.1613 · Oz=— · Red=— · manos=ON · pos=flat · latido=1.50s
[RANGO] autosello PRL · ACECHANDO · Oz=0.0 link=— · manos_feria_informe.json
[RANGO] PRLUSDT_LINEAL last=0.1626 · río=WS · mercado=linear · estado=ACECHANDO · dir=— · 0=0.1613 · Oz=— · Red=— · manos=ON · pos=flat · latido=1.50s
[2026-08-31 08:50:02] [TUSK] RECONCILIACIÓN: BSPUSDT_LINEAL: interno L:0.000000/S:0.000000 -> real L:0.440000/S:0.000000
[2026-08-31 08:50:02] [TUSK] RECONCILIACIÓN_FANTASMA: BROCCOLIUSDT_LINEAL existe interno pero no en exchange -> reseteando
[2026-08-31 08:50:02] [TUSK] RECONCILIACIÓN_OK: 2 frentes alineados con exchange
[RANGO] PRLUSDT_LINEAL last=0.1626 · río=WS · mercado=linear · estado=ACECHANDO · dir=— · 0=0.1613 · Oz=— · Red=— · manos=ON · pos=flat · latido=1.50s
[RANGO] autosello PRL · ACECHANDO · Oz=0.0 link=— · manos_feria_informe.json
[RANGO] PRLUSDT_LINEAL last=0.1624 · río=WS · mercado=linear · estado=ACECHANDO · dir=— · 0=0.1613 · Oz=— · Red=— · manos=ON · pos=flat · latido=1.50s
[RANGO] autosello PRL · ACECHANDO · Oz=0.0 link=— · manos_feria_informe.json
[RANGO] PRLUSDT_LINEAL last=0.1625 · río=WS · mercado=linear · estado=ACECHANDO · dir=— · 0=0.1613 · Oz=— · Red=— · manos=ON · pos=flat · latido=1.50s
[RANGO] PRLUSDT_LINEAL last=0.1624 · río=WS · mercado=linear · estado=ACECHANDO · dir=— · 0=0.1613 · Oz=— · Red=— · manos=ON · pos=flat · latido=1.50s
[RANGO] autosello PRL · ACECHANDO · Oz=0.0 link=— · manos_feria_informe.json
[RANGO] PRLUSDT_LINEAL last=0.1625 · río=WS · mercado=linear · estado=ACECHANDO · dir=— · 0=0.1613 · Oz=— · Red=— · manos=ON · pos=flat · latido=1.50s
[RANGO] autosello PRL · ACECHANDO · Oz=0.0 link=— · manos_feria_informe.json
[RANGO] PRLUSDT_LINEAL last=0.1625 · río=WS · mercado=linear · estado=ACECHANDO · dir=— · 0=0.1613 · Oz=— · Red=— · manos=ON · pos=flat · latido=1.50s
[2026-08-31 08:51:03] [TUSK] RECONCILIACIÓN: ADAUSD_INVERSE: interno L:0.000000/S:0.000000 -> real L:207.000000/S:0.000000
[2026-08-31 08:51:03] [TUSK] RECONCILIACIÓN_FANTASMA: BTCUSD_INVERSE existe interno pero no en exchange -> reseteando
[2026-08-31 08:51:03] [TUSK] RECONCILIACIÓN_OK: 2 frentes alineados con exchange
[RANGO] PRLUSDT_LINEAL last=0.1624 · río=WS · mercado=linear · estado=ACECHANDO · dir=— · 0=0.1613 · Oz=— · Red=— · manos=ON · pos=flat · latido=1.50s
[RANGO] autosello PRL · ACECHANDO · Oz=0.0 link=— · manos_feria_informe.json
[RANGO] PRLUSDT_LINEAL last=0.1624 · río=WS · mercado=linear · estado=ACECHANDO · dir=— · 0=0.1613 · Oz=— · Red=— · manos=ON · pos=flat · latido=1.50s
[RANGO] autosello PRL · ACECHANDO · Oz=0.0 link=— · manos_feria_informe.json
[RANGO] PRLUSDT_LINEAL last=0.1623 · río=WS · mercado=linear · estado=ACECHANDO · dir=— · 0=0.1613 · Oz=— · Red=— · manos=ON · pos=flat · latido=1.50s
[RANGO] PRLUSDT_LINEAL last=0.1624 · río=WS · mercado=linear · estado=ACECHANDO · dir=— · 0=0.1613 · Oz=— · Red=— · manos=ON · pos=flat · latido=1.50s
[RANGO] autosello PRL · ACECHANDO · Oz=0.0 link=— · manos_feria_informe.json
[RANGO] PRLUSDT_LINEAL last=0.1624 · río=WS · mercado=linear · estado=ACECHANDO · dir=— · 0=0.1613 · Oz=— · Red=— · manos=ON · pos=flat · latido=1.50s
[RANGO] autosello PRL · ACECHANDO · Oz=0.0 link=— · manos_feria_informe.json
[RANGO] PRLUSDT_LINEAL last=0.1625 · río=WS · mercado=linear · estado=ACECHANDO · dir=— · 0=0.1613 · Oz=— · Red=— · manos=ON · pos=flat · latido=1.50s
[2026-08-31 08:52:04] [TUSK] RECONCILIACIÓN: NILUSDT_LINEAL: interno L:0.000000/S:0.000000 -> real L:220.000000/S:0.000000
[2026-08-31 08:52:04] [TUSK] RECONCILIACIÓN: FLNCUSDT_LINEAL: interno L:0.000000/S:0.000000 -> real L:3.300000/S:0.000000
[2026-08-31 08:52:04] [TUSK] RECONCILIACIÓN: UNIUSDT_LINEAL: interno L:0.900000/S:0.000000 -> real L:0.000000/S:0.100000
[2026-08-31 08:52:04] [TUSK] RECONCILIACIÓN: AAVEUSD_INVERSE: interno L:178.000000/S:0.000000 -> real L:89.000000/S:0.000000
[2026-08-31 08:52:04] [TUSK] RECONCILIACIÓN_FANTASMA: VVVUSDT_LINEAL existe interno pero no en exchange -> reseteando
[2026-08-31 08:52:04] [TUSK] RECONCILIACIÓN_FANTASMA: DASHUSDT_LINEAL existe interno pero no en exchange -> reseteando
[2026-08-31 08:52:04] [TUSK] RECONCILIACIÓN_OK: 6 frentes alineados con exchange
[RANGO] PRLUSDT_LINEAL last=0.1625 · río=WS · mercado=linear · estado=ACECHANDO · dir=— · 0=0.1613 · Oz=— · Red=— · manos=ON · pos=flat · latido=1.50s
[RANGO] autosello PRL · ACECHANDO · Oz=0.0 link=— · manos_feria_informe.json
[RANGO] PRLUSDT_LINEAL last=0.1625 · río=WS · mercado=linear · estado=ACECHANDO · dir=— · 0=0.1613 · Oz=— · Red=— · manos=ON · pos=flat · latido=1.50s
[RANGO] autosello PRL · ACECHANDO · Oz=0.0 link=— · manos_feria_informe.json
[RANGO] PRLUSDT_LINEAL last=0.1626 · río=WS · mercado=linear · estado=ACECHANDO · dir=— · 0=0.1613 · Oz=— · Red=— · manos=ON · pos=flat · latido=1.50s
[RANGO] PRLUSDT_LINEAL last=0.1624 · río=WS · mercado=linear · estado=ACECHANDO · dir=— · 0=0.1613 · Oz=— · Red=— · manos=ON · pos=flat · latido=1.50s
[RANGO] autosello PRL · ACECHANDO · Oz=0.0 link=— · manos_feria_informe.json
[RANGO] PRLUSDT_LINEAL last=0.1624 · río=WS · mercado=linear · estado=ACECHANDO · dir=— · 0=0.1613 · Oz=— · Red=— · manos=ON · pos=flat · latido=1.50s
[RANGO] autosello PRL · ACECHANDO · Oz=0.0 link=— · manos_feria_informe.json
[RANGO] PRLUSDT_LINEAL last=0.1623 · río=WS · mercado=linear · estado=ACECHANDO · dir=— · 0=0.1613 · Oz=— · Red=— · manos=ON · pos=flat · latido=1.50s
[RANGO] PRLUSDT_LINEAL last=0.1622 · río=WS · mercado=linear · estado=ACECHANDO · dir=— · 0=0.1613 · Oz=— · Red=— · manos=ON · pos=flat · latido=1.50s
[2026-08-31 08:53:06] [TUSK] RECONCILIACIÓN: CRVUSDT_LINEAL: interno L:0.000000/S:0.000000 -> real L:4.800000/S:0.000000
[2026-08-31 08:53:06] [TUSK] RECONCILIACIÓN_FANTASMA: SNXXUSDT_LINEAL existe interno pero no en exchange -> reseteando
[2026-08-31 08:53:06] [TUSK] RECONCILIACIÓN_OK: 2 frentes alineados con exchange
[RANGO] autosello PRL · ACECHANDO · Oz=0.0 link=— · manos_feria_informe.json
[RANGO] PRLUSDT_LINEAL last=0.1623 · río=WS · mercado=linear · estado=ACECHANDO · dir=— · 0=0.1613 · Oz=— · Red=— · manos=ON · pos=flat · latido=1.50s
[RANGO] autosello PRL · ACECHANDO · Oz=0.0 link=— · manos_feria_informe.json
[RANGO] PRLUSDT_LINEAL last=0.1623 · río=WS · mercado=linear · estado=ACECHANDO · dir=— · 0=0.1613 · Oz=— · Red=— · manos=ON · pos=flat · latido=1.50s
[RANGO] PRLUSDT_LINEAL last=0.1623 · río=WS · mercado=linear · estado=ACECHANDO · dir=— · 0=0.1613 · Oz=— · Red=— · manos=ON · pos=flat · latido=1.50s
[RANGO] autosello PRL · ACECHANDO · Oz=0.0 link=— · manos_feria_informe.json
[RANGO] PRLUSDT_LINEAL last=0.1623 · río=WS · mercado=linear · estado=ACECHANDO · dir=— · 0=0.1613 · Oz=— · Red=— · manos=ON · pos=flat · latido=1.50s
[RANGO] autosello PRL · ACECHANDO · Oz=0.0 link=— · manos_feria_informe.json
[RANGO] PRLUSDT_LINEAL last=0.1623 · río=WS · mercado=linear · estado=ACECHANDO · dir=— · 0=0.1613 · Oz=— · Red=— · manos=ON · pos=flat · latido=1.50s
[RANGO] PRLUSDT_LINEAL last=0.1622 · río=WS · mercado=linear · estado=ACECHANDO · dir=— · 0=0.1613 · Oz=— · Red=— · manos=ON · pos=flat · latido=1.50s
[2026-08-31 08:54:07] [TUSK] RECONCILIACIÓN: MORPHOUSDT_LINEAL: interno L:27.000000/S:0.000000 -> real L:25.000000/S:0.000000
[2026-08-31 08:54:07] [TUSK] RECONCILIACIÓN_OK: 1 frentes alineados con exchange
[RANGO] autosello PRL · ACECHANDO · Oz=0.0 link=— · manos_feria_informe.json
[RANGO] PRLUSDT_LINEAL last=0.1622 · río=WS · mercado=linear · estado=ACECHANDO · dir=— · 0=0.1613 · Oz=— · Red=— · manos=ON · pos=flat · latido=1.50s
[RANGO] autosello PRL · ACECHANDO · Oz=0.0 link=— · manos_feria_informe.json
[RANGO] PRLUSDT_LINEAL last=0.1625 · río=WS · mercado=linear · estado=ACECHANDO · dir=— · 0=0.1613 · Oz=— · Red=— · manos=ON · pos=flat · latido=1.50s
[RANGO] PRLUSDT_LINEAL last=0.1619 · río=WS · mercado=linear · estado=ACECHANDO · dir=— · 0=0.1613 · Oz=— · Red=— · manos=ON · pos=flat · latido=1.50s
[RANGO] autosello PRL · ACECHANDO · Oz=0.0 link=— · manos_feria_informe.json
[RANGO] PRLUSDT_LINEAL last=0.162 · río=WS · mercado=linear · estado=ACECHANDO · dir=— · 0=0.1613 · Oz=— · Red=— · manos=ON · pos=flat · latido=1.50s
[RANGO] autosello PRL · ACECHANDO · Oz=0.0 link=— · manos_feria_informe.json
[RANGO] PRLUSDT_LINEAL last=0.1621 · río=WS · mercado=linear · estado=ACECHANDO · dir=— · 0=0.1613 · Oz=— · Red=— · manos=ON · pos=flat · latido=1.50s
[RANGO] PRLUSDT_LINEAL last=0.1622 · río=WS · mercado=linear · estado=ACECHANDO · dir=— · 0=0.1613 · Oz=— · Red=— · manos=ON · pos=flat · latido=1.50s
[RANGO] autosello PRL · ACECHANDO · Oz=0.0 link=— · manos_feria_informe.json
[RANGO] PRLUSDT_LINEAL last=0.1619 · río=WS · mercado=linear · estado=ACECHANDO · dir=— · 0=0.1613 · Oz=— · Red=— · manos=ON · pos=flat · latido=1.50s
[RANGO] autosello PRL · ACECHANDO · Oz=0.0 link=— · manos_feria_informe.json
[RANGO] PRLUSDT_LINEAL last=0.1619 · río=WS · mercado=linear · estado=ACECHANDO · dir=— · 0=0.1613 · Oz=— · Red=— · manos=ON · pos=flat · latido=1.50s
[RANGO] PRLUSDT_LINEAL last=0.1622 · río=WS · mercado=linear · estado=ACECHANDO · dir=— · 0=0.1613 · Oz=— · Red=— · manos=ON · pos=flat · latido=1.50s
[RANGO] autosello PRL · ACECHANDO · Oz=0.0 link=— · manos_feria_informe.json
[RANGO] PRLUSDT_LINEAL last=0.1621 · río=WS · mercado=linear · estado=ACECHANDO · dir=— · 0=0.1613 · Oz=— · Red=— · manos=ON · pos=flat · latido=1.50s
[RANGO] autosello PRL · ACECHANDO · Oz=0.0 link=— · manos_feria_informe.json
[RANGO] PRLUSDT_LINEAL last=0.1621 · río=WS · mercado=linear · estado=ACECHANDO · dir=— · 0=0.1613 · Oz=— · Red=— · manos=ON · pos=flat · latido=1.50s
[RANGO] PRLUSDT_LINEAL last=0.1623 · río=WS · mercado=linear · estado=ACECHANDO · dir=— · 0=0.1613 · Oz=— · Red=— · manos=ON · pos=flat · latido=1.50s
[RANGO] autosello PRL · ACECHANDO · Oz=0.0 link=— · manos_feria_informe.json
[2026-08-31 08:56:09] [TUSK] RECONCILIACIÓN: WDCUSDT_LINEAL: interno L:0.000000/S:0.000000 -> real L:0.020000/S:0.000000
[2026-08-31 08:56:09] [TUSK] RECONCILIACIÓN_FANTASMA: LITUSDT_LINEAL existe interno pero no en exchange -> reseteando
[2026-08-31 08:56:09] [TUSK] RECONCILIACIÓN_OK: 2 frentes alineados con exchange
[RANGO] PRLUSDT_LINEAL last=0.1624 · río=WS · mercado=linear · estado=ACECHANDO · dir=— · 0=0.1613 · Oz=— · Red=— · manos=ON · pos=flat · latido=1.50s
[RANGO] autosello PRL · ACECHANDO · Oz=0.0 link=— · manos_feria_informe.json
[RANGO] PRLUSDT_LINEAL last=0.1624 · río=WS · mercado=linear · estado=ACECHANDO · dir=— · 0=0.1613 · Oz=— · Red=— · manos=ON · pos=flat · latido=1.50s
[RANGO] PRLUSDT_LINEAL last=0.1624 · río=WS · mercado=linear · estado=ACECHANDO · dir=— · 0=0.1613 · Oz=— · Red=— · manos=ON · pos=flat · latido=1.50s
[RANGO] autosello PRL · ACECHANDO · Oz=0.0 link=— · manos_feria_informe.json
[RANGO] PRLUSDT_LINEAL last=0.1624 · río=WS · mercado=linear · estado=ACECHANDO · dir=— · 0=0.1613 · Oz=— · Red=— · manos=ON · pos=flat · latido=1.50s
[RANGO] autosello PRL · ACECHANDO · Oz=0.0 link=— · manos_feria_informe.json
[RANGO] PRLUSDT_LINEAL last=0.1624 · río=WS · mercado=linear · estado=ACECHANDO · dir=— · 0=0.1613 · Oz=— · Red=— · manos=ON · pos=flat · latido=1.50s
[RANGO] PRLUSDT_LINEAL last=0.1625 · río=WS · mercado=linear · estado=ACECHANDO · dir=— · 0=0.1613 · Oz=— · Red=— · manos=ON · pos=flat · latido=1.50s
[RANGO] autosello PRL · ACECHANDO · Oz=0.0 link=— · manos_feria_informe.json
[RANGO] PRLUSDT_LINEAL last=0.1624 · río=WS · mercado=linear · estado=ACECHANDO · dir=— · 0=0.1613 · Oz=— · Red=— · manos=ON · pos=flat · latido=1.50s
[RANGO] autosello PRL · ACECHANDO · Oz=0.0 link=— · manos_feria_informe.json
[RANGO] PRLUSDT_LINEAL last=0.1624 · río=WS · mercado=linear · estado=ACECHANDO · dir=— · 0=0.1613 · Oz=— · Red=— · manos=ON · pos=flat · latido=1.50s
[RANGO] PRLUSDT_LINEAL last=0.1621 · río=WS · mercado=linear · estado=ACECHANDO · dir=— · 0=0.1613 · Oz=— · Red=— · manos=ON · pos=flat · latido=1.50s
[RANGO] autosello PRL · ACECHANDO · Oz=0.0 link=— · manos_feria_informe.json
[RANGO] PRLUSDT_LINEAL last=0.1621 · río=WS · mercado=linear · estado=ACECHANDO · dir=— · 0=0.1613 · Oz=— · Red=— · manos=ON · pos=flat · latido=1.50s
[RANGO] autosello PRL · ACECHANDO · Oz=0.0 link=— · manos_feria_informe.json
[RANGO] PRLUSDT_LINEAL last=0.1623 · río=WS · mercado=linear · estado=ACECHANDO · dir=— · 0=0.1613 · Oz=— · Red=— · manos=ON · pos=flat · latido=1.50s
[RANGO] PRLUSDT_LINEAL last=0.1623 · río=WS · mercado=linear · estado=ACECHANDO · dir=— · 0=0.1613 · Oz=— · Red=— · manos=ON · pos=flat · latido=1.50s
[RANGO] autosello PRL · ACECHANDO · Oz=0.0 link=— · manos_feria_informe.json
[2026-08-31 08:58:12] [TUSK] RECONCILIACIÓN: NEARUSDT_LINEAL: interno L:0.000000/S:0.000000 -> real L:0.000000/S:24.600000
[2026-08-31 08:58:12] [TUSK] RECONCILIACIÓN_FANTASMA: TRBUSDT_LINEAL existe interno pero no en exchange -> reseteando
[2026-08-31 08:58:12] [TUSK] RECONCILIACIÓN_OK: 2 frentes alineados con exchange
[RANGO] PRLUSDT_LINEAL last=0.1622 · río=WS · mercado=linear · estado=ACECHANDO · dir=— · 0=0.1613 · Oz=— · Red=— · manos=ON · pos=flat · latido=1.50s
[RANGO] autosello PRL · ACECHANDO · Oz=0.0 link=— · manos_feria_informe.json
[RANGO] PRLUSDT_LINEAL last=0.1624 · río=WS · mercado=linear · estado=ACECHANDO · dir=— · 0=0.1613 · Oz=— · Red=— · manos=ON · pos=flat · latido=1.50s
[RANGO] PRLUSDT_LINEAL last=0.1621 · río=WS · mercado=linear · estado=ACECHANDO · dir=— · 0=0.1613 · Oz=— · Red=— · manos=ON · pos=flat · latido=1.50s
[RANGO] autosello PRL · ACECHANDO · Oz=0.0 link=— · manos_feria_informe.json
[RANGO] PRLUSDT_LINEAL last=0.1621 · río=WS · mercado=linear · estado=ACECHANDO · dir=— · 0=0.1613 · Oz=— · Red=— · manos=ON · pos=flat · latido=1.50s
[RANGO] autosello PRL · ACECHANDO · Oz=0.0 link=— · manos_feria_informe.json
[RANGO] PRLUSDT_LINEAL last=0.1621 · río=WS · mercado=linear · estado=ACECHANDO · dir=— · 0=0.1613 · Oz=— · Red=— · manos=ON · pos=flat · latido=1.50s
[RANGO] PRLUSDT_LINEAL last=0.1621 · río=WS · mercado=linear · estado=ACECHANDO · dir=— · 0=0.1613 · Oz=— · Red=— · manos=ON · pos=flat · latido=1.50s
[RANGO] autosello PRL · ACECHANDO · Oz=0.0 link=— · manos_feria_informe.json
[RANGO] PRLUSDT_LINEAL last=0.1622 · río=WS · mercado=linear · estado=ACECHANDO · dir=— · 0=0.1613 · Oz=— · Red=— · manos=ON · pos=flat · latido=1.50s
[RANGO] autosello PRL · ACECHANDO · Oz=0.0 link=— · manos_feria_informe.json
[RANGO] PRLUSDT_LINEAL last=0.1623 · río=WS · mercado=linear · estado=ACECHANDO · dir=— · 0=0.1613 · Oz=— · Red=— · manos=ON · pos=flat · latido=1.50s
[RANGO] PRLUSDT_LINEAL last=0.1622 · río=WS · mercado=linear · estado=ACECHANDO · dir=— · 0=0.1613 · Oz=— · Red=— · manos=ON · pos=flat · latido=1.50s
[RANGO] autosello PRL · ACECHANDO · Oz=0.0 link=— · manos_feria_informe.json
[RANGO] PRLUSDT_LINEAL last=0.1621 · río=WS · mercado=linear · estado=ACECHANDO · dir=— · 0=0.1613 · Oz=— · Red=— · manos=ON · pos=flat · latido=1.50s
[RANGO] autosello PRL · ACECHANDO · Oz=0.0 link=— · manos_feria_informe.json
[RANGO] PRLUSDT_LINEAL last=0.162 · río=WS · mercado=linear · estado=ACECHANDO · dir=— · 0=0.1613 · Oz=— · Red=— · manos=ON · pos=flat · latido=1.50s
[RANGO] PRLUSDT_LINEAL last=0.1622 · río=WS · mercado=linear · estado=ACECHANDO · dir=— · 0=0.1613 · Oz=— · Red=— · manos=ON · pos=flat · latido=1.50s
[RANGO] autosello PRL · ACECHANDO · Oz=0.0 link=— · manos_feria_informe.json
[2026-08-31 09:00:15] [TUSK] RECONCILIACIÓN: COTIUSDT_LINEAL: interno L:0.000000/S:0.000000 -> real L:1588.000000/S:0.000000
[2026-08-31 09:00:15] [TUSK] RECONCILIACIÓN_FANTASMA: PURRUSDT_LINEAL existe interno pero no en exchange -> reseteando
[2026-08-31 09:00:15] [TUSK] RECONCILIACIÓN_OK: 2 frentes alineados con exchange
[RANGO] PRLUSDT_LINEAL last=0.1622 · río=WS · mercado=linear · estado=ACECHANDO · dir=— · 0=0.1613 · Oz=— · Red=— · manos=ON · pos=flat · latido=1.50s
[RANGO] autosello PRL · ACECHANDO · Oz=0.0 link=— · manos_feria_informe.json
[RANGO] PRLUSDT_LINEAL last=0.1621 · río=WS · mercado=linear · estado=ACECHANDO · dir=— · 0=0.1613 · Oz=— · Red=— · manos=ON · pos=flat · latido=1.50s
[RANGO] PRLUSDT_LINEAL last=0.162 · río=WS · mercado=linear · estado=ACECHANDO · dir=— · 0=0.1613 · Oz=— · Red=— · manos=ON · pos=flat · latido=1.50s
[RANGO] autosello PRL · ACECHANDO · Oz=0.0 link=— · manos_feria_informe.json
[RANGO] PRLUSDT_LINEAL last=0.1619 · río=WS · mercado=linear · estado=ACECHANDO · dir=— · 0=0.1613 · Oz=— · Red=— · manos=ON · pos=flat · latido=1.50s
[RANGO] autosello PRL · ACECHANDO · Oz=0.0 link=— · manos_feria_informe.json
[RANGO] PRLUSDT_LINEAL last=0.1621 · río=WS · mercado=linear · estado=ACECHANDO · dir=— · 0=0.1613 · Oz=— · Red=— · manos=ON · pos=flat · latido=1.50s
[RANGO] PRLUSDT_LINEAL last=0.1619 · río=WS · mercado=linear · estado=ACECHANDO · dir=— · 0=0.1613 · Oz=— · Red=— · manos=ON · pos=flat · latido=1.50s
[RANGO] autosello PRL · ACECHANDO · Oz=0.0 link=— · manos_feria_informe.json
[RANGO] PRLUSDT_LINEAL last=0.162 · río=WS · mercado=linear · estado=ACECHANDO · dir=— · 0=0.1613 · Oz=— · Red=— · manos=ON · pos=flat · latido=1.50s
[RANGO] autosello PRL · ACECHANDO · Oz=0.0 link=— · manos_feria_informe.json
[RANGO] PRLUSDT_LINEAL last=0.1618 · río=WS · mercado=linear · estado=ACECHANDO · dir=— · 0=0.1613 · Oz=— · Red=— · manos=ON · pos=flat · latido=1.50s
[RANGO] PRLUSDT_LINEAL last=0.1617 · río=WS · mercado=linear · estado=ACECHANDO · dir=— · 0=0.1613 · Oz=— · Red=— · manos=ON · pos=flat · latido=1.50s
[RANGO] autosello PRL · ACECHANDO · Oz=0.0 link=— · manos_feria_informe.json
[RANGO] PRLUSDT_LINEAL last=0.1615 · río=WS · mercado=linear · estado=ACECHANDO · dir=— · 0=0.1613 · Oz=— · Red=— · manos=ON · pos=flat · latido=1.50s
[RANGO] autosello PRL · ACECHANDO · Oz=0.0 link=— · manos_feria_informe.json
[RANGO] PRLUSDT_LINEAL last=0.1615 · río=WS · mercado=linear · estado=ACECHANDO · dir=— · 0=0.1613 · Oz=— · Red=— · manos=ON · pos=flat · latido=1.50s
[RANGO] PRLUSDT_LINEAL last=0.1622 · río=WS · mercado=linear · estado=ACECHANDO · dir=— · 0=0.1613 · Oz=— · Red=— · manos=ON · pos=flat · latido=1.50s
[RANGO] autosello PRL · ACECHANDO · Oz=0.0 link=— · manos_feria_informe.json
[RANGO] PRLUSDT_LINEAL last=0.162 · río=WS · mercado=linear · estado=ACECHANDO · dir=— · 0=0.1613 · Oz=— · Red=— · manos=ON · pos=flat · latido=1.50s
[RANGO] autosello PRL · ACECHANDO · Oz=0.0 link=— · manos_feria_informe.json
[RANGO] PRLUSDT_LINEAL last=0.1622 · río=WS · mercado=linear · estado=ACECHANDO · dir=— · 0=0.1613 · Oz=— · Red=— · manos=ON · pos=flat · latido=1.50s
[RANGO] PRLUSDT_LINEAL last=0.162 · río=WS · mercado=linear · estado=ACECHANDO · dir=— · 0=0.1613 · Oz=— · Red=— · manos=ON · pos=flat · latido=1.50s
[RANGO] autosello PRL · ACECHANDO · Oz=0.0 link=— · manos_feria_informe.json
[RANGO] PRLUSDT_LINEAL last=0.1619 · río=WS · mercado=linear · estado=ACECHANDO · dir=— · 0=0.1613 · Oz=— · Red=— · manos=ON · pos=flat · latido=1.50s
[RANGO] autosello PRL · ACECHANDO · Oz=0.0 link=— · manos_feria_informe.json
[RANGO] PRLUSDT_LINEAL last=0.1622 · río=WS · mercado=linear · estado=ACECHANDO · dir=— · 0=0.1613 · Oz=— · Red=— · manos=ON · pos=flat · latido=1.50s
[RANGO] PRLUSDT_LINEAL last=0.1622 · río=WS · mercado=linear · estado=ACECHANDO · dir=— · 0=0.1613 · Oz=— · Red=— · manos=ON · pos=flat · latido=1.50s
[RANGO] autosello PRL · ACECHANDO · Oz=0.0 link=— · manos_feria_informe.json
[RANGO] PRLUSDT_LINEAL last=0.162 · río=WS · mercado=linear · estado=ACECHANDO · dir=— · 0=0.1613 · Oz=— · Red=— · manos=ON · pos=flat · latido=1.50s
[RANGO] autosello PRL · ACECHANDO · Oz=0.0 link=— · manos_feria_informe.json
[RANGO] PRLUSDT_LINEAL last=0.1623 · río=WS · mercado=linear · estado=ACECHANDO · dir=— · 0=0.1613 · Oz=— · Red=— · manos=ON · pos=flat · latido=1.50s
[RANGO] PRLUSDT_LINEAL last=0.1623 · río=WS · mercado=linear · estado=ACECHANDO · dir=— · 0=0.1613 · Oz=— · Red=— · manos=ON · pos=flat · latido=1.50s
[RANGO] autosello PRL · ACECHANDO · Oz=0.0 link=— · manos_feria_informe.json
[RANGO] PRLUSDT_LINEAL last=0.1623 · río=WS · mercado=linear · estado=ACECHANDO · dir=— · 0=0.1613 · Oz=— · Red=— · manos=ON · pos=flat · latido=1.50s
[RANGO] autosello PRL · ACECHANDO · Oz=0.0 link=— · manos_feria_informe.json
[RANGO] PRLUSDT_LINEAL last=0.1623 · río=WS · mercado=linear · estado=ACECHANDO · dir=— · 0=0.1613 · Oz=— · Red=— · manos=ON · pos=flat · latido=1.50s
[RANGO] PRLUSDT_LINEAL last=0.1621 · río=WS · mercado=linear · estado=ACECHANDO · dir=— · 0=0.1613 · Oz=— · Red=— · manos=ON · pos=flat · latido=1.50s
[RANGO] autosello PRL · ACECHANDO · Oz=0.0 link=— · manos_feria_informe.json
[RANGO] PRLUSDT_LINEAL last=0.1623 · río=WS · mercado=linear · estado=ACECHANDO · dir=— · 0=0.1613 · Oz=— · Red=— · manos=ON · pos=flat · latido=1.50s
[2026-08-31 09:04:20] [TUSK] RECONCILIACIÓN: DASHUSDT_LINEAL: interno L:0.000000/S:0.000000 -> real L:0.000000/S:0.340000
[2026-08-31 09:04:20] [TUSK] RECONCILIACIÓN: INTWUSDT_LINEAL: interno L:0.000000/S:0.000000 -> real L:2.400000/S:0.000000
[2026-08-31 09:04:20] [TUSK] RECONCILIACIÓN_FANTASMA: KSMUSDT_LINEAL existe interno pero no en exchange -> reseteando
[2026-08-31 09:04:20] [TUSK] RECONCILIACIÓN_FANTASMA: CRCLUSDT_LINEAL existe interno pero no en exchange -> reseteando
[2026-08-31 09:04:20] [TUSK] RECONCILIACIÓN_OK: 4 frentes alineados con exchange
[RANGO] autosello PRL · ACECHANDO · Oz=0.0 link=— · manos_feria_informe.json
[RANGO] PRLUSDT_LINEAL last=0.1621 · río=WS · mercado=linear · estado=ACECHANDO · dir=— · 0=0.1613 · Oz=— · Red=— · manos=ON · pos=flat · latido=1.50s
[RANGO] PRLUSDT_LINEAL last=0.162 · río=WS · mercado=linear · estado=ACECHANDO · dir=— · 0=0.1613 · Oz=— · Red=— · manos=ON · pos=flat · latido=1.50s
[RANGO] autosello PRL · ACECHANDO · Oz=0.0 link=— · manos_feria_informe.json
[RANGO] PRLUSDT_LINEAL last=0.162 · río=WS · mercado=linear · estado=ACECHANDO · dir=— · 0=0.1613 · Oz=— · Red=— · manos=ON · pos=flat · latido=1.50s
[RANGO] autosello PRL · ACECHANDO · Oz=0.0 link=— · manos_feria_informe.json
[RANGO] PRLUSDT_LINEAL last=0.1622 · río=WS · mercado=linear · estado=ACECHANDO · dir=— · 0=0.1613 · Oz=— · Red=— · manos=ON · pos=flat · latido=1.50s
[RANGO] PRLUSDT_LINEAL last=0.1617 · río=WS · mercado=linear · estado=ACECHANDO · dir=— · 0=0.1613 · Oz=— · Red=— · manos=ON · pos=flat · latido=1.50s
[RANGO] autosello PRL · ACECHANDO · Oz=0.0 link=— · manos_feria_informe.json
[RANGO] PRLUSDT_LINEAL last=0.1616 · río=WS · mercado=linear · estado=ACECHANDO · dir=— · 0=0.1613 · Oz=— · Red=— · manos=ON · pos=flat · latido=1.50s
[2026-08-31 09:05:21] [TUSK] RECONCILIACIÓN: AAOIUSDT_LINEAL: interno L:0.000000/S:0.000000 -> real L:0.480000/S:0.000000
[2026-08-31 09:05:21] [TUSK] RECONCILIACIÓN: BSPUSDT_LINEAL: interno L:0.440000/S:0.000000 -> real L:0.560000/S:0.000000
[2026-08-31 09:05:21] [TUSK] RECONCILIACIÓN: CRCLUSDT_LINEAL: interno L:0.000000/S:0.000000 -> real L:0.350000/S:0.000000
[2026-08-31 09:05:22] [TUSK] RECONCILIACIÓN_FANTASMA: APRUSDT_LINEAL existe interno pero no en exchange -> reseteando
[2026-08-31 09:05:22] [TUSK] RECONCILIACIÓN_FANTASMA: ZKPUSDT_LINEAL existe interno pero no en exchange -> reseteando
[2026-08-31 09:05:22] [TUSK] RECONCILIACIÓN_OK: 5 frentes alineados con exchange
[RANGO] autosello PRL · ACECHANDO · Oz=0.0 link=— · manos_feria_informe.json
[RANGO] PRLUSDT_LINEAL last=0.1617 · río=WS · mercado=linear · estado=ACECHANDO · dir=— · 0=0.1613 · Oz=— · Red=— · manos=ON · pos=flat · latido=1.50s
[RANGO] PRLUSDT_LINEAL last=0.1617 · río=WS · mercado=linear · estado=ACECHANDO · dir=— · 0=0.1613 · Oz=— · Red=— · manos=ON · pos=flat · latido=1.50s
[RANGO] autosello PRL · ACECHANDO · Oz=0.0 link=— · manos_feria_informe.json
[RANGO] PRLUSDT_LINEAL last=0.1616 · río=WS · mercado=linear · estado=ACECHANDO · dir=— · 0=0.1613 · Oz=— · Red=— · manos=ON · pos=flat · latido=1.50s
[RANGO] autosello PRL · ACECHANDO · Oz=0.0 link=— · manos_feria_informe.json
[RANGO] PRLUSDT_LINEAL last=0.1621 · río=WS · mercado=linear · estado=ACECHANDO · dir=— · 0=0.1613 · Oz=— · Red=— · manos=ON · pos=flat · latido=1.50s
[RANGO] PRLUSDT_LINEAL last=0.1619 · río=WS · mercado=linear · estado=ACECHANDO · dir=— · 0=0.1613 · Oz=— · Red=— · manos=ON · pos=flat · latido=1.50s
[RANGO] autosello PRL · ACECHANDO · Oz=0.0 link=— · manos_feria_informe.json
[RANGO] PRLUSDT_LINEAL last=0.1616 · río=ciego/muleta · mercado=linear · estado=ACECHANDO · dir=— · 0=0.1613 · Oz=— · Red=— · manos=ON · pos=flat · latido=1.50s
[2026-08-31 09:06:23] [TUSK] RECONCILIACIÓN: CRVUSDT_LINEAL: interno L:4.800000/S:0.000000 -> real L:0.000000/S:14.500000
[2026-08-31 09:06:23] [TUSK] RECONCILIACIÓN_OK: 1 frentes alineados con exchange
[RANGO] autosello PRL · ACECHANDO · Oz=0.0 link=— · manos_feria_informe.json
[RANGO] PRLUSDT_LINEAL last=0.1616 · río=ciego/muleta · mercado=linear · estado=ACECHANDO · dir=— · 0=0.1613 · Oz=— · Red=— · manos=ON · pos=flat · latido=1.50s
[RANGO] PRLUSDT_LINEAL last=0.1618 · río=WS · mercado=linear · estado=ACECHANDO · dir=— · 0=0.1613 · Oz=— · Red=— · manos=ON · pos=flat · latido=1.50s
[RANGO] autosello PRL · ACECHANDO · Oz=0.0 link=— · manos_feria_informe.json
[RANGO] PRLUSDT_LINEAL last=0.1616 · río=ciego/muleta · mercado=linear · estado=ACECHANDO · dir=— · 0=0.1613 · Oz=— · Red=— · manos=ON · pos=flat · latido=1.50s
[RANGO] autosello PRL · ACECHANDO · Oz=0.0 link=— · manos_feria_informe.json
[RANGO] PRLUSDT_LINEAL last=0.1616 · río=ciego/muleta · mercado=linear · estado=ACECHANDO · dir=— · 0=0.1613 · Oz=— · Red=— · manos=ON · pos=flat · latido=1.50s
[RANGO] autosello PRL · ACECHANDO · Oz=0.0 link=— · manos_feria_informe.json
[RANGO] PRLUSDT_LINEAL last=0.1616 · río=WS · mercado=linear · estado=ACECHANDO · dir=— · 0=0.1613 · Oz=— · Red=— · manos=ON · pos=flat · latido=1.50s
[RANGO] PRLUSDT_LINEAL last=0.1617 · río=WS · mercado=linear · estado=ACECHANDO · dir=— · 0=0.1613 · Oz=— · Red=— · manos=ON · pos=flat · latido=1.50s
[RANGO] autosello PRL · ACECHANDO · Oz=0.0 link=— · manos_feria_informe.json
[RANGO] PRLUSDT_LINEAL last=0.1616 · río=ciego/muleta · mercado=linear · estado=ACECHANDO · dir=— · 0=0.1613 · Oz=— · Red=— · manos=ON · pos=flat · latido=1.50s
[RANGO] autosello PRL · ACECHANDO · Oz=0.0 link=— · manos_feria_informe.json
[RANGO] PRLUSDT_LINEAL last=0.1616 · río=WS · mercado=linear · estado=ACECHANDO · dir=— · 0=0.1613 · Oz=— · Red=— · manos=ON · pos=flat · latido=1.50s
[RANGO] PRLUSDT_LINEAL last=0.1613 · río=WS · mercado=linear · estado=ACECHANDO · dir=— · 0=0.1613 · Oz=— · Red=— · manos=ON · pos=flat · latido=1.50s
[RANGO] autosello PRL · ACECHANDO · Oz=0.0 link=— · manos_feria_informe.json
[RANGO] PRLUSDT_LINEAL last=0.1612 · río=WS · mercado=linear · estado=ACECHANDO · dir=— · 0=0.1613 · Oz=— · Red=— · manos=ON · pos=flat · latido=1.50s
[RANGO] autosello PRL · ACECHANDO · Oz=0.0 link=— · manos_feria_informe.json
[RANGO] PRLUSDT_LINEAL last=0.1614 · río=WS · mercado=linear · estado=ACECHANDO · dir=— · 0=0.1613 · Oz=— · Red=— · manos=ON · pos=flat · latido=1.50s
[RANGO] PRLUSDT_LINEAL last=0.1613 · río=WS · mercado=linear · estado=ACECHANDO · dir=— · 0=0.1613 · Oz=— · Red=— · manos=ON · pos=flat · latido=1.50s
[RANGO] autosello PRL · ACECHANDO · Oz=0.0 link=— · manos_feria_informe.json
[2026-08-31 09:08:25] [TUSK] RECONCILIACIÓN: PLTRUSDT_LINEAL: interno L:0.000000/S:0.000000 -> real L:0.030000/S:0.000000
[2026-08-31 09:08:25] [TUSK] RECONCILIACIÓN_FANTASMA: POWERUSDT_LINEAL existe interno pero no en exchange -> reseteando
[2026-08-31 09:08:25] [TUSK] RECONCILIACIÓN_OK: 2 frentes alineados con exchange
[RANGO] PRLUSDT_LINEAL last=0.1613 · río=ciego/muleta · mercado=linear · estado=ACECHANDO · dir=— · 0=0.1613 · Oz=— · Red=— · manos=ON · pos=flat · latido=1.50s
[RANGO] autosello PRL · ACECHANDO · Oz=0.0 link=— · manos_feria_informe.json
[RANGO] PRLUSDT_LINEAL last=0.1615 · río=ciego/muleta · mercado=linear · estado=ACECHANDO · dir=— · 0=0.1613 · Oz=— · Red=— · manos=ON · pos=flat · latido=1.50s
[RANGO] PRLUSDT_LINEAL last=0.1616 · río=WS · mercado=linear · estado=ACECHANDO · dir=— · 0=0.1613 · Oz=— · Red=— · manos=ON · pos=flat · latido=1.50s
[RANGO] autosello PRL · ACECHANDO · Oz=0.0 link=— · manos_feria_informe.json
[RANGO] PRLUSDT_LINEAL last=0.1615 · río=WS · mercado=linear · estado=ACECHANDO · dir=— · 0=0.1613 · Oz=— · Red=— · manos=ON · pos=flat · latido=1.50s
[RANGO] autosello PRL · ACECHANDO · Oz=0.0 link=— · manos_feria_informe.json
[RANGO] PRLUSDT_LINEAL last=0.1614 · río=WS · mercado=linear · estado=ACECHANDO · dir=— · 0=0.1613 · Oz=— · Red=— · manos=ON · pos=flat · latido=1.50s
[RANGO] PRLUSDT_LINEAL last=0.1616 · río=WS · mercado=linear · estado=ACECHANDO · dir=— · 0=0.1613 · Oz=— · Red=— · manos=ON · pos=flat · latido=1.50s
[RANGO] autosello PRL · ACECHANDO · Oz=0.0 link=— · manos_feria_informe.json
[2026-08-31 09:09:26] [TUSK] RECONCILIACIÓN: LITUSDT_LINEAL: interno L:0.000000/S:0.000000 -> real L:0.000000/S:22.200000
[2026-08-31 09:09:26] [TUSK] RECONCILIACIÓN_FANTASMA: CRDOUSDT_LINEAL existe interno pero no en exchange -> reseteando
[2026-08-31 09:09:26] [TUSK] RECONCILIACIÓN_OK: 2 frentes alineados con exchange
[RANGO] PRLUSDT_LINEAL last=0.1616 · río=WS · mercado=linear · estado=ACECHANDO · dir=— · 0=0.1613 · Oz=— · Red=— · manos=ON · pos=flat · latido=1.50s
[RANGO] autosello PRL · ACECHANDO · Oz=0.0 link=— · manos_feria_informe.json
[RANGO] PRLUSDT_LINEAL last=0.1616 · río=WS · mercado=linear · estado=ACECHANDO · dir=— · 0=0.1613 · Oz=— · Red=— · manos=ON · pos=flat · latido=1.50s
[RANGO] PRLUSDT_LINEAL last=0.1616 · río=WS · mercado=linear · estado=ACECHANDO · dir=— · 0=0.1613 · Oz=— · Red=— · manos=ON · pos=flat · latido=1.50s
[RANGO] autosello PRL · ACECHANDO · Oz=0.0 link=— · manos_feria_informe.json
[RANGO] PRLUSDT_LINEAL last=0.1613 · río=WS · mercado=linear · estado=ACECHANDO · dir=— · 0=0.1613 · Oz=— · Red=— · manos=ON · pos=flat · latido=1.50s
[RANGO] autosello PRL · ACECHANDO · Oz=0.0 link=— · manos_feria_informe.json
[RANGO] PRLUSDT_LINEAL last=0.1615 · río=ciego/muleta · mercado=linear · estado=ACECHANDO · dir=— · 0=0.1613 · Oz=— · Red=— · manos=ON · pos=flat · latido=1.50s
[RANGO] PRLUSDT_LINEAL last=0.1615 · río=ciego/muleta · mercado=linear · estado=ACECHANDO · dir=— · 0=0.1613 · Oz=— · Red=— · manos=ON · pos=flat · latido=1.50s
[RANGO] autosello PRL · ACECHANDO · Oz=0.0 link=— · manos_feria_informe.json
[2026-08-31 09:10:27] [TUSK] RECONCILIACIÓN: SOXLUSDT_LINEAL: interno L:0.000000/S:0.000000 -> real L:0.180000/S:0.000000
[2026-08-31 09:10:27] [TUSK] RECONCILIACIÓN: TRBUSDT_LINEAL: interno L:0.000000/S:0.000000 -> real L:5.240000/S:0.000000
[2026-08-31 09:10:27] [TUSK] RECONCILIACIÓN: APRUSDT_LINEAL: interno L:0.000000/S:0.000000 -> real L:73.000000/S:0.000000
[2026-08-31 09:10:27] [TUSK] RECONCILIACIÓN_FANTASMA: UNIUSDT_LINEAL existe interno pero no en exchange -> reseteando
[2026-08-31 09:10:27] [TUSK] RECONCILIACIÓN_FANTASMA: TSEMUSDT_LINEAL existe interno pero no en exchange -> reseteando
[2026-08-31 09:10:27] [TUSK] RECONCILIACIÓN_FANTASMA: FLNCUSDT_LINEAL existe interno pero no en exchange -> reseteando
[2026-08-31 09:10:27] [TUSK] RECONCILIACIÓN_OK: 6 frentes alineados con exchange
[RANGO] PRLUSDT_LINEAL last=0.1614 · río=WS · mercado=linear · estado=ACECHANDO · dir=— · 0=0.1613 · Oz=— · Red=— · manos=ON · pos=flat · latido=1.50s
[RANGO] autosello PRL · ACECHANDO · Oz=0.0 link=— · manos_feria_informe.json
[RANGO] PRLUSDT_LINEAL last=0.1614 · río=WS · mercado=linear · estado=ACECHANDO · dir=— · 0=0.1613 · Oz=— · Red=— · manos=ON · pos=flat · latido=1.50s
[RANGO] PRLUSDT_LINEAL last=0.1614 · río=WS · mercado=linear · estado=ACECHANDO · dir=— · 0=0.1613 · Oz=— · Red=— · manos=ON · pos=flat · latido=1.50s
[RANGO] autosello PRL · ACECHANDO · Oz=0.0 link=— · manos_feria_informe.json
[RANGO] PRLUSDT_LINEAL last=0.1614 · río=WS · mercado=linear · estado=ACECHANDO · dir=— · 0=0.1613 · Oz=— · Red=— · manos=ON · pos=flat · latido=1.50s
[RANGO] autosello PRL · ACECHANDO · Oz=0.0 link=— · manos_feria_informe.json
[RANGO] PRLUSDT_LINEAL last=0.1614 · río=ciego/muleta · mercado=linear · estado=ACECHANDO · dir=— · 0=0.1613 · Oz=— · Red=— · manos=ON · pos=flat · latido=1.50s
[RANGO] PRLUSDT_LINEAL last=0.1614 · río=ciego/muleta · mercado=linear · estado=ACECHANDO · dir=— · 0=0.1613 · Oz=— · Red=— · manos=ON · pos=flat · latido=1.50s
[RANGO] autosello PRL · ACECHANDO · Oz=0.0 link=— · manos_feria_informe.json
[RANGO] PRLUSDT_LINEAL last=0.1616 · río=ciego/muleta · mercado=linear · estado=ACECHANDO · dir=— · 0=0.1613 · Oz=— · Red=— · manos=ON · pos=flat · latido=1.50s
[RANGO] autosello PRL · ACECHANDO · Oz=0.0 link=— · manos_feria_informe.json
[RANGO] PRLUSDT_LINEAL last=0.1615 · río=WS · mercado=linear · estado=ACECHANDO · dir=— · 0=0.1613 · Oz=— · Red=— · manos=ON · pos=flat · latido=1.50s
[RANGO] autosello PRL · ACECHANDO · Oz=0.0 link=— · manos_feria_informe.json
[RANGO] PRLUSDT_LINEAL last=0.1616 · río=WS · mercado=linear · estado=ACECHANDO · dir=— · 0=0.1613 · Oz=— · Red=— · manos=ON · pos=flat · latido=1.50s
[RANGO] PRLUSDT_LINEAL last=0.1614 · río=WS · mercado=linear · estado=ACECHANDO · dir=— · 0=0.1613 · Oz=— · Red=— · manos=ON · pos=flat · latido=1.50s
[RANGO] autosello PRL · ACECHANDO · Oz=0.0 link=— · manos_feria_informe.json
[RANGO] PRLUSDT_LINEAL last=0.1612 · río=WS · mercado=linear · estado=ACECHANDO · dir=— · 0=0.1613 · Oz=— · Red=— · manos=ON · pos=flat · latido=1.50s
[RANGO] autosello PRL · ACECHANDO · Oz=0.0 link=— · manos_feria_informe.json
[RANGO] PRLUSDT_LINEAL last=0.1612 · río=WS · mercado=linear · estado=ACECHANDO · dir=— · 0=0.1613 · Oz=— · Red=— · manos=ON · pos=flat · latido=1.50s
[2026-08-31 09:12:30] [TUSK] RECONCILIACIÓN: SOXSUSDT_LINEAL: interno L:0.000000/S:0.000000 -> real L:0.000000/S:0.450000
[2026-08-31 09:12:30] [TUSK] RECONCILIACIÓN: AEHRUSDT_LINEAL: interno L:0.000000/S:0.000000 -> real L:0.230000/S:0.000000
[2026-08-31 09:12:30] [TUSK] RECONCILIACIÓN: KSMUSDT_LINEAL: interno L:0.000000/S:0.000000 -> real L:13.470000/S:0.000000
[2026-08-31 09:12:30] [TUSK] RECONCILIACIÓN_FANTASMA: SAMSUNGUSDT_LINEAL existe interno pero no en exchange -> reseteando
[2026-08-31 09:12:30] [TUSK] RECONCILIACIÓN_FANTASMA: NILUSDT_LINEAL existe interno pero no en exchange -> reseteando
[2026-08-31 09:12:30] [TUSK] RECONCILIACIÓN_FANTASMA: MORPHOUSDT_LINEAL existe interno pero no en exchange -> reseteando
[2026-08-31 09:12:30] [TUSK] RECONCILIACIÓN_OK: 6 frentes alineados con exchange
[RANGO] PRLUSDT_LINEAL last=0.1612 · río=WS · mercado=linear · estado=ACECHANDO · dir=— · 0=0.1613 · Oz=— · Red=— · manos=ON · pos=flat · latido=1.50s
[RANGO] autosello PRL · ACECHANDO · Oz=0.0 link=— · manos_feria_informe.json
[RANGO] PRLUSDT_LINEAL last=0.1612 · río=ciego/muleta · mercado=linear · estado=ACECHANDO · dir=— · 0=0.1613 · Oz=— · Red=— · manos=ON · pos=flat · latido=1.50s
[RANGO] autosello PRL · ACECHANDO · Oz=0.0 link=— · manos_feria_informe.json
[RANGO] PRLUSDT_LINEAL last=0.1611 · río=WS · mercado=linear · estado=ACECHANDO · dir=— · 0=0.1613 · Oz=— · Red=— · manos=ON · pos=flat · latido=1.50s
[RANGO] PRLUSDT_LINEAL last=0.1612 · río=WS · mercado=linear · estado=ACECHANDO · dir=— · 0=0.1613 · Oz=— · Red=— · manos=ON · pos=flat · latido=1.50s
[RANGO] autosello PRL · ACECHANDO · Oz=0.0 link=— · manos_feria_informe.json
[RANGO] PRLUSDT_LINEAL last=0.1613 · río=WS · mercado=linear · estado=ACECHANDO · dir=— · 0=0.1613 · Oz=— · Red=— · manos=ON · pos=flat · latido=1.50s
[RANGO] autosello PRL · ACECHANDO · Oz=0.0 link=— · manos_feria_informe.json
[RANGO] PRLUSDT_LINEAL last=0.1612 · río=ciego/muleta · mercado=linear · estado=ACECHANDO · dir=— · 0=0.1613 · Oz=— · Red=— · manos=ON · pos=flat · latido=1.50s
[2026-08-31 09:13:31] [TUSK] RECONCILIACIÓN: POWERUSDT_LINEAL: interno L:0.000000/S:0.000000 -> real L:0.000000/S:173.000000
[2026-08-31 09:13:31] [TUSK] RECONCILIACIÓN_FANTASMA: NEARUSDT_LINEAL existe interno pero no en exchange -> reseteando
[2026-08-31 09:13:31] [TUSK] RECONCILIACIÓN_OK: 2 frentes alineados con exchange
[RANGO] PRLUSDT_LINEAL last=0.1611 · río=WS · mercado=linear · estado=ACECHANDO · dir=— · 0=0.1613 · Oz=— · Red=— · manos=ON · pos=flat · latido=1.50s
[RANGO] autosello PRL · ACECHANDO · Oz=0.0 link=— · manos_feria_informe.json
[RANGO] PRLUSDT_LINEAL last=0.1611 · río=WS · mercado=linear · estado=ACECHANDO · dir=— · 0=0.1613 · Oz=— · Red=— · manos=ON · pos=flat · latido=1.50s
[RANGO] autosello PRL · ACECHANDO · Oz=0.0 link=— · manos_feria_informe.json
[RANGO] PRLUSDT_LINEAL last=0.1612 · río=ciego/muleta · mercado=linear · estado=ACECHANDO · dir=— · 0=0.1613 · Oz=— · Red=— · manos=ON · pos=flat · latido=1.50s
[RANGO] PRLUSDT_LINEAL last=0.1611 · río=WS · mercado=linear · estado=ACECHANDO · dir=— · 0=0.1613 · Oz=— · Red=— · manos=ON · pos=flat · latido=1.50s
[RANGO] autosello PRL · ACECHANDO · Oz=0.0 link=— · manos_feria_informe.json
[RANGO] PRLUSDT_LINEAL last=0.1611 · río=ciego/muleta · mercado=linear · estado=ACECHANDO · dir=— · 0=0.1613 · Oz=— · Red=— · manos=ON · pos=flat · latido=1.50s
[RANGO] autosello PRL · ACECHANDO · Oz=0.0 link=— · manos_feria_informe.json
[RANGO] PRLUSDT_LINEAL last=0.1612 · río=WS · mercado=linear · estado=ACECHANDO · dir=— · 0=0.1613 · Oz=— · Red=— · manos=ON · pos=flat · latido=1.50s
[2026-08-31 09:14:32] [TUSK] RECONCILIACIÓN: KORUUSDT_LINEAL: interno L:0.000000/S:0.000000 -> real L:0.000000/S:4.870000
[2026-08-31 09:14:32] [TUSK] RECONCILIACIÓN: ARMUSDT_LINEAL: interno L:0.000000/S:0.000000 -> real L:0.450000/S:0.000000
[2026-08-31 09:14:32] [TUSK] RECONCILIACIÓN_FANTASMA: BLUAIUSDT_LINEAL existe interno pero no en exchange -> reseteando
[2026-08-31 09:14:32] [TUSK] RECONCILIACIÓN_FANTASMA: WDCUSDT_LINEAL existe interno pero no en exchange -> reseteando
[2026-08-31 09:14:32] [TUSK] RECONCILIACIÓN_OK: 4 frentes alineados con exchange
[RANGO] PRLUSDT_LINEAL last=0.161 · río=WS · mercado=linear · estado=ACECHANDO · dir=— · 0=0.1613 · Oz=— · Red=— · manos=ON · pos=flat · latido=1.50s
[RANGO] autosello PRL · ACECHANDO · Oz=0.0 link=— · manos_feria_informe.json
[RANGO] PRLUSDT_LINEAL last=0.1611 · río=ciego/muleta · mercado=linear · estado=ACECHANDO · dir=— · 0=0.1613 · Oz=— · Red=— · manos=ON · pos=flat · latido=1.50s
[RANGO] autosello PRL · ACECHANDO · Oz=0.0 link=— · manos_feria_informe.json
[RANGO] PRLUSDT_LINEAL last=0.1611 · río=ciego/muleta · mercado=linear · estado=ACECHANDO · dir=— · 0=0.1613 · Oz=— · Red=— · manos=ON · pos=flat · latido=1.50s
[RANGO] PRLUSDT_LINEAL last=0.1611 · río=ciego/muleta · mercado=linear · estado=ACECHANDO · dir=— · 0=0.1613 · Oz=— · Red=— · manos=ON · pos=flat · latido=1.50s
[RANGO] autosello PRL · ACECHANDO · Oz=0.0 link=— · manos_feria_informe.json
[RANGO] PRLUSDT_LINEAL last=0.1612 · río=WS · mercado=linear · estado=ACECHANDO · dir=— · 0=0.1613 · Oz=— · Red=— · manos=ON · pos=flat · latido=1.50s
[RANGO] autosello PRL · ACECHANDO · Oz=0.0 link=— · manos_feria_informe.json
[RANGO] PRLUSDT_LINEAL last=0.161 · río=WS · mercado=linear · estado=ACECHANDO · dir=— · 0=0.1613 · Oz=— · Red=— · manos=ON · pos=flat · latido=1.50s
[RANGO] PRLUSDT_LINEAL last=0.1609 · río=WS · mercado=linear · estado=ACECHANDO · dir=— · 0=0.1613 · Oz=— · Red=— · manos=ON · pos=flat · latido=1.50s
[RANGO] autosello PRL · ACECHANDO · Oz=0.0 link=— · manos_feria_informe.json
[RANGO] PRLUSDT_LINEAL last=0.161 · río=WS · mercado=linear · estado=ACECHANDO · dir=— · 0=0.1613 · Oz=— · Red=— · manos=ON · pos=flat · latido=1.50s
[RANGO] autosello PRL · ACECHANDO · Oz=0.0 link=— · manos_feria_informe.json
[RANGO] PRLUSDT_LINEAL last=0.1612 · río=WS · mercado=linear · estado=ACECHANDO · dir=— · 0=0.1613 · Oz=— · Red=— · manos=ON · pos=flat · latido=1.50s
[RANGO] PRLUSDT_LINEAL last=0.1613 · río=WS · mercado=linear · estado=ACECHANDO · dir=— · 0=0.1613 · Oz=— · Red=— · manos=ON · pos=flat · latido=1.50s
[RANGO] autosello PRL · ACECHANDO · Oz=0.0 link=— · manos_feria_informe.json
[RANGO] PRLUSDT_LINEAL last=0.1613 · río=WS · mercado=linear · estado=ACECHANDO · dir=— · 0=0.1613 · Oz=— · Red=— · manos=ON · pos=flat · latido=1.50s
[RANGO] autosello PRL · ACECHANDO · Oz=0.0 link=— · manos_feria_informe.json
[RANGO] PRLUSDT_LINEAL last=0.1611 · río=WS · mercado=linear · estado=ACECHANDO · dir=— · 0=0.1613 · Oz=— · Red=— · manos=ON · pos=flat · latido=1.50s
[RANGO] PRLUSDT_LINEAL last=0.1611 · río=WS · mercado=linear · estado=ACECHANDO · dir=— · 0=0.1613 · Oz=— · Red=— · manos=ON · pos=flat · latido=1.50s
[RANGO] autosello PRL · ACECHANDO · Oz=0.0 link=— · manos_feria_informe.json
[RANGO] PRLUSDT_LINEAL last=0.1612 · río=WS · mercado=linear · estado=ACECHANDO · dir=— · 0=0.1613 · Oz=— · Red=— · manos=ON · pos=flat · latido=1.50s
[RANGO] autosello PRL · ACECHANDO · Oz=0.0 link=— · manos_feria_informe.json
[RANGO] PRLUSDT_LINEAL last=0.1608 · río=WS · mercado=linear · estado=ACECHANDO · dir=— · 0=0.1613 · Oz=— · Red=— · manos=ON · pos=flat · latido=1.50s
[RANGO] PRLUSDT_LINEAL last=0.1609 · río=WS · mercado=linear · estado=ACECHANDO · dir=— · 0=0.1613 · Oz=— · Red=— · manos=ON · pos=flat · latido=1.50s
[RANGO] autosello PRL · ACECHANDO · Oz=0.0 link=— · manos_feria_informe.json
[RANGO] PRLUSDT_LINEAL last=0.1608 · río=WS · mercado=linear · estado=ACECHANDO · dir=— · 0=0.1613 · Oz=— · Red=— · manos=ON · pos=flat · latido=1.50s
[RANGO] autosello PRL · ACECHANDO · Oz=0.0 link=— · manos_feria_informe.json
[RANGO] PRLUSDT_LINEAL last=0.1608 · río=WS · mercado=linear · estado=ACECHANDO · dir=— · 0=0.1613 · Oz=— · Red=— · manos=ON · pos=flat · latido=1.50s
[2026-08-31 09:17:36] [TUSK] RECONCILIACIÓN: QNTXUSDT_LINEAL: interno L:0.000000/S:0.000000 -> real L:0.400000/S:0.000000
[2026-08-31 09:17:36] [TUSK] RECONCILIACIÓN: XANUSDT_LINEAL: interno L:0.000000/S:0.000000 -> real L:107.000000/S:0.000000
[2026-08-31 09:17:36] [TUSK] RECONCILIACIÓN: POWERUSDT_LINEAL: interno L:0.000000/S:173.000000 -> real L:0.000000/S:232.000000
[2026-08-31 09:17:36] [TUSK] RECONCILIACIÓN: CRVUSDT_LINEAL: interno L:0.000000/S:14.500000 -> real L:0.000000/S:30.400000
[2026-08-31 09:17:36] [TUSK] RECONCILIACIÓN_FANTASMA: INTWUSDT_LINEAL existe interno pero no en exchange -> reseteando
[2026-08-31 09:17:36] [TUSK] RECONCILIACIÓN_FANTASMA: COTIUSDT_LINEAL existe interno pero no en exchange -> reseteando
[2026-08-31 09:17:36] [TUSK] RECONCILIACIÓN_OK: 6 frentes alineados con exchange
[RANGO] PRLUSDT_LINEAL last=0.1607 · río=WS · mercado=linear · estado=ACECHANDO · dir=— · 0=0.1613 · Oz=— · Red=— · manos=ON · pos=flat · latido=1.50s
[RANGO] autosello PRL · ACECHANDO · Oz=0.0 link=— · manos_feria_informe.json
[RANGO] PRLUSDT_LINEAL last=0.1609 · río=WS · mercado=linear · estado=ACECHANDO · dir=— · 0=0.1613 · Oz=— · Red=— · manos=ON · pos=flat · latido=1.50s
[RANGO] autosello PRL · ACECHANDO · Oz=0.0 link=— · manos_feria_informe.json
[RANGO] PRLUSDT_LINEAL last=0.1608 · río=WS · mercado=linear · estado=ACECHANDO · dir=— · 0=0.1613 · Oz=— · Red=— · manos=ON · pos=flat · latido=1.50s
[RANGO] PRLUSDT_LINEAL last=0.1608 · río=WS · mercado=linear · estado=ACECHANDO · dir=— · 0=0.1613 · Oz=— · Red=— · manos=ON · pos=flat · latido=1.50s
[RANGO] autosello PRL · ACECHANDO · Oz=0.0 link=— · manos_feria_informe.json
[RANGO] PRLUSDT_LINEAL last=0.1608 · río=WS · mercado=linear · estado=ACECHANDO · dir=— · 0=0.1613 · Oz=— · Red=— · manos=ON · pos=flat · latido=1.50s
[RANGO] autosello PRL · ACECHANDO · Oz=0.0 link=— · manos_feria_informe.json
[RANGO] PRLUSDT_LINEAL last=0.1606 · río=WS · mercado=linear · estado=ACECHANDO · dir=— · 0=0.1613 · Oz=— · Red=— · manos=ON · pos=flat · latido=1.50s
[2026-08-31 09:18:37] [TUSK] RECONCILIACIÓN: BROCCOLIUSDT_LINEAL: interno L:0.000000/S:0.000000 -> real L:3070.000000/S:0.000000
[2026-08-31 09:18:37] [TUSK] RECONCILIACIÓN_FANTASMA: DASHUSDT_LINEAL existe interno pero no en exchange -> reseteando
[2026-08-31 09:18:37] [TUSK] RECONCILIACIÓN_OK: 2 frentes alineados con exchange
[RANGO] PRLUSDT_LINEAL last=0.1608 · río=WS · mercado=linear · estado=ACECHANDO · dir=— · 0=0.1613 · Oz=— · Red=— · manos=ON · pos=flat · latido=1.50s
[RANGO] autosello PRL · ACECHANDO · Oz=0.0 link=— · manos_feria_informe.json
[RANGO] PRLUSDT_LINEAL last=0.1608 · río=WS · mercado=linear · estado=ACECHANDO · dir=— · 0=0.1613 · Oz=— · Red=— · manos=ON · pos=flat · latido=1.50s
[RANGO] autosello PRL · ACECHANDO · Oz=0.0 link=— · manos_feria_informe.json
[RANGO] PRLUSDT_LINEAL last=0.1608 · río=WS · mercado=linear · estado=ACECHANDO · dir=— · 0=0.1613 · Oz=— · Red=— · manos=ON · pos=flat · latido=1.50s
[RANGO] PRLUSDT_LINEAL last=0.1608 · río=WS · mercado=linear · estado=ACECHANDO · dir=— · 0=0.1613 · Oz=— · Red=— · manos=ON · pos=flat · latido=1.50s
[RANGO] autosello PRL · ACECHANDO · Oz=0.0 link=— · manos_feria_informe.json
[RANGO] PRLUSDT_LINEAL last=0.1608 · río=WS · mercado=linear · estado=ACECHANDO · dir=— · 0=0.1613 · Oz=— · Red=— · manos=ON · pos=flat · latido=1.50s
[RANGO] autosello PRL · ACECHANDO · Oz=0.0 link=— · manos_feria_informe.json
[RANGO] PRLUSDT_LINEAL last=0.1609 · río=WS · mercado=linear · estado=ACECHANDO · dir=— · 0=0.1613 · Oz=— · Red=— · manos=ON · pos=flat · latido=1.50s
[RANGO] PRLUSDT_LINEAL last=0.1611 · río=WS · mercado=linear · estado=ACECHANDO · dir=— · 0=0.1613 · Oz=— · Red=— · manos=ON · pos=flat · latido=1.50s
[RANGO] autosello PRL · ACECHANDO · Oz=0.0 link=— · manos_feria_informe.json
[RANGO] PRLUSDT_LINEAL last=0.1609 · río=WS · mercado=linear · estado=ACECHANDO · dir=— · 0=0.1613 · Oz=— · Red=— · manos=ON · pos=flat · latido=1.50s
[RANGO] autosello PRL · ACECHANDO · Oz=0.0 link=— · manos_feria_informe.json
[RANGO] PRLUSDT_LINEAL last=0.1608 · río=WS · mercado=linear · estado=ACECHANDO · dir=— · 0=0.1613 · Oz=— · Red=— · manos=ON · pos=flat · latido=1.50s
[RANGO] PRLUSDT_LINEAL last=0.1609 · río=WS · mercado=linear · estado=ACECHANDO · dir=— · 0=0.1613 · Oz=— · Red=— · manos=ON · pos=flat · latido=1.50s
[RANGO] autosello PRL · ACECHANDO · Oz=0.0 link=— · manos_feria_informe.json
[RANGO] PRLUSDT_LINEAL last=0.1607 · río=WS · mercado=linear · estado=ACECHANDO · dir=— · 0=0.1613 · Oz=— · Red=— · manos=ON · pos=flat · latido=1.50s
[RANGO] autosello PRL · ACECHANDO · Oz=0.0 link=— · manos_feria_informe.json
[RANGO] PRLUSDT_LINEAL last=0.1607 · río=WS · mercado=linear · estado=ACECHANDO · dir=— · 0=0.1613 · Oz=— · Red=— · manos=ON · pos=flat · latido=1.50s
[RANGO] PRLUSDT_LINEAL last=0.1609 · río=WS · mercado=linear · estado=ACECHANDO · dir=— · 0=0.1613 · Oz=— · Red=— · manos=ON · pos=flat · latido=1.50s
[RANGO] autosello PRL · ACECHANDO · Oz=0.0 link=— · manos_feria_informe.json
[2026-08-31 09:20:39] [TUSK] RECONCILIACIÓN: MUBARAKUSDT_LINEAL: interno L:0.000000/S:0.000000 -> real L:9963.000000/S:0.000000
[2026-08-31 09:20:39] [TUSK] RECONCILIACIÓN_FANTASMA: CRCLUSDT_LINEAL existe interno pero no en exchange -> reseteando
[2026-08-31 09:20:39] [TUSK] RECONCILIACIÓN_OK: 2 frentes alineados con exchange
[RANGO] PRLUSDT_LINEAL last=0.161 · río=WS · mercado=linear · estado=ACECHANDO · dir=— · 0=0.1613 · Oz=— · Red=— · manos=ON · pos=flat · latido=1.50s
[RANGO] autosello PRL · ACECHANDO · Oz=0.0 link=— · manos_feria_informe.json
[RANGO] PRLUSDT_LINEAL last=0.1607 · río=ciego/muleta · mercado=linear · estado=ACECHANDO · dir=— · 0=0.1613 · Oz=— · Red=— · manos=ON · pos=flat · latido=1.50s
[RANGO] autosello PRL · ACECHANDO · Oz=0.0 link=— · manos_feria_informe.json
[RANGO] PRLUSDT_LINEAL last=0.1607 · río=ciego/muleta · mercado=linear · estado=ACECHANDO · dir=— · 0=0.1613 · Oz=— · Red=— · manos=ON · pos=flat · latido=1.50s
[RANGO] PRLUSDT_LINEAL last=0.161 · río=WS · mercado=linear · estado=ACECHANDO · dir=— · 0=0.1613 · Oz=— · Red=— · manos=ON · pos=flat · latido=1.50s
[RANGO] autosello PRL · ACECHANDO · Oz=0.0 link=— · manos_feria_informe.json
[RANGO] PRLUSDT_LINEAL last=0.1611 · río=WS · mercado=linear · estado=ACECHANDO · dir=— · 0=0.1613 · Oz=— · Red=— · manos=ON · pos=flat · latido=1.50s
[RANGO] autosello PRL · ACECHANDO · Oz=0.0 link=— · manos_feria_informe.json
[RANGO] PRLUSDT_LINEAL last=0.1612 · río=WS · mercado=linear · estado=ACECHANDO · dir=— · 0=0.1613 · Oz=— · Red=— · manos=ON · pos=flat · latido=1.50s
[RANGO] PRLUSDT_LINEAL last=0.1611 · río=WS · mercado=linear · estado=ACECHANDO · dir=— · 0=0.1613 · Oz=— · Red=— · manos=ON · pos=flat · latido=1.50s
[RANGO] autosello PRL · ACECHANDO · Oz=0.0 link=— · manos_feria_informe.json
[RANGO] PRLUSDT_LINEAL last=0.1611 · río=ciego/muleta · mercado=linear · estado=ACECHANDO · dir=— · 0=0.1613 · Oz=— · Red=— · manos=ON · pos=flat · latido=1.50s
[RANGO] autosello PRL · ACECHANDO · Oz=0.0 link=— · manos_feria_informe.json
[RANGO] PRLUSDT_LINEAL last=0.161 · río=WS · mercado=linear · estado=ACECHANDO · dir=— · 0=0.1613 · Oz=— · Red=— · manos=ON · pos=flat · latido=1.50s
[RANGO] PRLUSDT_LINEAL last=0.1611 · río=WS · mercado=linear · estado=ACECHANDO · dir=— · 0=0.1613 · Oz=— · Red=— · manos=ON · pos=flat · latido=1.50s
[RANGO] autosello PRL · ACECHANDO · Oz=0.0 link=— · manos_feria_informe.json
[RANGO] PRLUSDT_LINEAL last=0.1614 · río=WS · mercado=linear · estado=ACECHANDO · dir=— · 0=0.1613 · Oz=— · Red=— · manos=ON · pos=flat · latido=1.50s
[RANGO] autosello PRL · ACECHANDO · Oz=0.0 link=— · manos_feria_informe.json
[RANGO] PRLUSDT_LINEAL last=0.1613 · río=WS · mercado=linear · estado=ACECHANDO · dir=— · 0=0.1613 · Oz=— · Red=— · manos=ON · pos=flat · latido=1.50s
[2026-08-31 09:22:42] [TUSK] RECONCILIACIÓN: LITUSDT_LINEAL: interno L:0.000000/S:22.200000 -> real L:0.000000/S:23.600000
[2026-08-31 09:22:42] [TUSK] RECONCILIACIÓN: SNXXUSDT_LINEAL: interno L:0.000000/S:0.000000 -> real L:6.090000/S:0.000000
[2026-08-31 09:22:42] [TUSK] RECONCILIACIÓN_FANTASMA: BSPUSDT_LINEAL existe interno pero no en exchange -> reseteando
[2026-08-31 09:22:42] [TUSK] RECONCILIACIÓN_OK: 3 frentes alineados con exchange
[RANGO] PRLUSDT_LINEAL last=0.1614 · río=WS · mercado=linear · estado=ACECHANDO · dir=— · 0=0.1613 · Oz=— · Red=— · manos=ON · pos=flat · latido=1.50s
[RANGO] autosello PRL · ACECHANDO · Oz=0.0 link=— · manos_feria_informe.json
[RANGO] PRLUSDT_LINEAL last=0.1614 · río=WS · mercado=linear · estado=ACECHANDO · dir=— · 0=0.1613 · Oz=— · Red=— · manos=ON · pos=flat · latido=1.50s
[RANGO] autosello PRL · ACECHANDO · Oz=0.0 link=— · manos_feria_informe.json
[RANGO] PRLUSDT_LINEAL last=0.1614 · río=WS · mercado=linear · estado=ACECHANDO · dir=— · 0=0.1613 · Oz=— · Red=— · manos=ON · pos=flat · latido=1.50s
[RANGO] PRLUSDT_LINEAL last=0.1613 · río=WS · mercado=linear · estado=ACECHANDO · dir=— · 0=0.1613 · Oz=— · Red=— · manos=ON · pos=flat · latido=1.50s
[RANGO] autosello PRL · ACECHANDO · Oz=0.0 link=— · manos_feria_informe.json
[RANGO] PRLUSDT_LINEAL last=0.1613 · río=WS · mercado=linear · estado=ACECHANDO · dir=— · 0=0.1613 · Oz=— · Red=— · manos=ON · pos=flat · latido=1.50s
[RANGO] autosello PRL · ACECHANDO · Oz=0.0 link=— · manos_feria_informe.json
[RANGO] PRLUSDT_LINEAL last=0.1614 · río=WS · mercado=linear · estado=ACECHANDO · dir=— · 0=0.1613 · Oz=— · Red=— · manos=ON · pos=flat · latido=1.50s
[2026-08-31 09:23:44] [TUSK] RECONCILIACIÓN: POWERUSDT_LINEAL: interno L:0.000000/S:232.000000 -> real L:0.000000/S:290.000000
[2026-08-31 09:23:44] [TUSK] RECONCILIACIÓN: CHIPUSDT_LINEAL: interno L:0.000000/S:0.000000 -> real L:390.000000/S:0.000000
[2026-08-31 09:23:44] [TUSK] RECONCILIACIÓN_FANTASMA: AAOIUSDT_LINEAL existe interno pero no en exchange -> reseteando
[2026-08-31 09:23:44] [TUSK] RECONCILIACIÓN_OK: 3 frentes alineados con exchange
[RANGO] PRLUSDT_LINEAL last=0.1614 · río=WS · mercado=linear · estado=ACECHANDO · dir=— · 0=0.1613 · Oz=— · Red=— · manos=ON · pos=flat · latido=1.50s
[RANGO] autosello PRL · ACECHANDO · Oz=0.0 link=— · manos_feria_informe.json
[RANGO] PRLUSDT_LINEAL last=0.1611 · río=WS · mercado=linear · estado=ACECHANDO · dir=— · 0=0.1613 · Oz=— · Red=— · manos=ON · pos=flat · latido=1.50s
[RANGO] autosello PRL · ACECHANDO · Oz=0.0 link=— · manos_feria_informe.json
[RANGO] PRLUSDT_LINEAL last=0.1612 · río=WS · mercado=linear · estado=ACECHANDO · dir=— · 0=0.1613 · Oz=— · Red=— · manos=ON · pos=flat · latido=1.50s
[RANGO] PRLUSDT_LINEAL last=0.1612 · río=WS · mercado=linear · estado=ACECHANDO · dir=— · 0=0.1613 · Oz=— · Red=— · manos=ON · pos=flat · latido=1.50s
[RANGO] autosello PRL · ACECHANDO · Oz=0.0 link=— · manos_feria_informe.json
[RANGO] PRLUSDT_LINEAL last=0.1611 · río=WS · mercado=linear · estado=ACECHANDO · dir=— · 0=0.1613 · Oz=— · Red=— · manos=ON · pos=flat · latido=1.50s
[RANGO] autosello PRL · ACECHANDO · Oz=0.0 link=— · manos_feria_informe.json
[RANGO] PRLUSDT_LINEAL last=0.1611 · río=WS · mercado=linear · estado=ACECHANDO · dir=— · 0=0.1613 · Oz=— · Red=— · manos=ON · pos=flat · latido=1.50s
[RANGO] PRLUSDT_LINEAL last=0.1612 · río=WS · mercado=linear · estado=ACECHANDO · dir=— · 0=0.1613 · Oz=— · Red=— · manos=ON · pos=flat · latido=1.50s
[RANGO] autosello PRL · ACECHANDO · Oz=0.0 link=— · manos_feria_informe.json
[RANGO] PRLUSDT_LINEAL last=0.1613 · río=WS · mercado=linear · estado=ACECHANDO · dir=— · 0=0.1613 · Oz=— · Red=— · manos=ON · pos=flat · latido=1.50s
[RANGO] autosello PRL · ACECHANDO · Oz=0.0 link=— · manos_feria_informe.json
[RANGO] PRLUSDT_LINEAL last=0.1612 · río=WS · mercado=linear · estado=ACECHANDO · dir=— · 0=0.1613 · Oz=— · Red=— · manos=ON · pos=flat · latido=1.50s
[RANGO] PRLUSDT_LINEAL last=0.1612 · río=WS · mercado=linear · estado=ACECHANDO · dir=— · 0=0.1613 · Oz=— · Red=— · manos=ON · pos=flat · latido=1.50s
[RANGO] autosello PRL · ACECHANDO · Oz=0.0 link=— · manos_feria_informe.json
[RANGO] PRLUSDT_LINEAL last=0.1615 · río=WS · mercado=linear · estado=ACECHANDO · dir=— · 0=0.1613 · Oz=— · Red=— · manos=ON · pos=flat · latido=1.50s
[RANGO] autosello PRL · ACECHANDO · Oz=0.0 link=— · manos_feria_informe.json
[RANGO] PRLUSDT_LINEAL last=0.1617 · río=WS · mercado=linear · estado=ACECHANDO · dir=— · 0=0.1613 · Oz=— · Red=— · manos=ON · pos=flat · latido=1.50s
[2026-08-31 09:25:46] [TUSK] RECONCILIACIÓN: NILUSDT_LINEAL: interno L:0.000000/S:0.000000 -> real L:126.000000/S:0.000000
[2026-08-31 09:25:46] [TUSK] RECONCILIACIÓN_FANTASMA: PLTRUSDT_LINEAL existe interno pero no en exchange -> reseteando
[2026-08-31 09:25:46] [TUSK] RECONCILIACIÓN_OK: 2 frentes alineados con exchange
[RANGO] PRLUSDT_LINEAL last=0.1614 · río=WS · mercado=linear · estado=ACECHANDO · dir=— · 0=0.1613 · Oz=— · Red=— · manos=ON · pos=flat · latido=1.50s
[RANGO] autosello PRL · ACECHANDO · Oz=0.0 link=— · manos_feria_informe.json
[RANGO] PRLUSDT_LINEAL last=0.1614 · río=WS · mercado=linear · estado=ACECHANDO · dir=— · 0=0.1613 · Oz=— · Red=— · manos=ON · pos=flat · latido=1.50s
[RANGO] autosello PRL · ACECHANDO · Oz=0.0 link=— · manos_feria_informe.json
[RANGO] PRLUSDT_LINEAL last=0.1612 · río=WS · mercado=linear · estado=ACECHANDO · dir=— · 0=0.1613 · Oz=— · Red=— · manos=ON · pos=flat · latido=1.50s
[RANGO] PRLUSDT_LINEAL last=0.1613 · río=WS · mercado=linear · estado=ACECHANDO · dir=— · 0=0.1613 · Oz=— · Red=— · manos=ON · pos=flat · latido=1.50s
[RANGO] autosello PRL · ACECHANDO · Oz=0.0 link=— · manos_feria_informe.json
[RANGO] PRLUSDT_LINEAL last=0.1614 · río=WS · mercado=linear · estado=ACECHANDO · dir=— · 0=0.1613 · Oz=— · Red=— · manos=ON · pos=flat · latido=1.50s
[RANGO] autosello PRL · ACECHANDO · Oz=0.0 link=— · manos_feria_informe.json
[RANGO] PRLUSDT_LINEAL last=0.1614 · río=WS · mercado=linear · estado=ACECHANDO · dir=— · 0=0.1613 · Oz=— · Red=— · manos=ON · pos=flat · latido=1.50s
[2026-08-31 09:26:47] [TUSK] RECONCILIACIÓN: PLTRUSDT_LINEAL: interno L:0.000000/S:0.000000 -> real L:0.030000/S:0.000000
[2026-08-31 09:26:47] [TUSK] RECONCILIACIÓN: ZKPUSDT_LINEAL: interno L:0.000000/S:0.000000 -> real L:1496.000000/S:0.000000
[2026-08-31 09:26:47] [TUSK] RECONCILIACIÓN: AXTIUSDT_LINEAL: interno L:0.000000/S:0.000000 -> real L:1.600000/S:0.000000
[2026-08-31 09:26:47] [TUSK] RECONCILIACIÓN_FANTASMA: BIOUSDT_LINEAL existe interno pero no en exchange -> reseteando
[2026-08-31 09:26:47] [TUSK] RECONCILIACIÓN_FANTASMA: TRBUSDT_LINEAL existe interno pero no en exchange -> reseteando
[2026-08-31 09:26:47] [TUSK] RECONCILIACIÓN_FANTASMA: SOXLUSDT_LINEAL existe interno pero no en exchange -> reseteando
[2026-08-31 09:26:47] [TUSK] RECONCILIACIÓN_OK: 6 frentes alineados con exchange
[RANGO] PRLUSDT_LINEAL last=0.1614 · río=WS · mercado=linear · estado=ACECHANDO · dir=— · 0=0.1613 · Oz=— · Red=— · manos=ON · pos=flat · latido=1.50s
[RANGO] autosello PRL · ACECHANDO · Oz=0.0 link=— · manos_feria_informe.json
[RANGO] PRLUSDT_LINEAL last=0.1613 · río=WS · mercado=linear · estado=ACECHANDO · dir=— · 0=0.1613 · Oz=— · Red=— · manos=ON · pos=flat · latido=1.50s
[RANGO] autosello PRL · ACECHANDO · Oz=0.0 link=— · manos_feria_informe.json
[RANGO] PRLUSDT_LINEAL last=0.1612 · río=ciego/muleta · mercado=linear · estado=ACECHANDO · dir=— · 0=0.1613 · Oz=— · Red=— · manos=ON · pos=flat · latido=1.50s
[RANGO] PRLUSDT_LINEAL last=0.1612 · río=WS · mercado=linear · estado=ACECHANDO · dir=— · 0=0.1613 · Oz=— · Red=— · manos=ON · pos=flat · latido=1.50s
[RANGO] autosello PRL · ACECHANDO · Oz=0.0 link=— · manos_feria_informe.json
[RANGO] PRLUSDT_LINEAL last=0.1608 · río=WS · mercado=linear · estado=ACECHANDO · dir=— · 0=0.1613 · Oz=— · Red=— · manos=ON · pos=flat · latido=1.50s
[RANGO] autosello PRL · ACECHANDO · Oz=0.0 link=— · manos_feria_informe.json
[RANGO] PRLUSDT_LINEAL last=0.1612 · río=WS · mercado=linear · estado=ACECHANDO · dir=— · 0=0.1613 · Oz=— · Red=— · manos=ON · pos=flat · latido=1.50s
[RANGO] PRLUSDT_LINEAL last=0.1611 · río=WS · mercado=linear · estado=ACECHANDO · dir=— · 0=0.1613 · Oz=— · Red=— · manos=ON · pos=flat · latido=1.50s
[RANGO] autosello PRL · ACECHANDO · Oz=0.0 link=— · manos_feria_informe.json
[RANGO] PRLUSDT_LINEAL last=0.1611 · río=WS · mercado=linear · estado=ACECHANDO · dir=— · 0=0.1613 · Oz=— · Red=— · manos=ON · pos=flat · latido=1.50s
[RANGO] autosello PRL · ACECHANDO · Oz=0.0 link=— · manos_feria_informe.json
[RANGO] PRLUSDT_LINEAL last=0.161 · río=WS · mercado=linear · estado=ACECHANDO · dir=— · 0=0.1613 · Oz=— · Red=— · manos=ON · pos=flat · latido=1.50s
[RANGO] PRLUSDT_LINEAL last=0.1612 · río=WS · mercado=linear · estado=ACECHANDO · dir=— · 0=0.1613 · Oz=— · Red=— · manos=ON · pos=flat · latido=1.50s
[RANGO] autosello PRL · ACECHANDO · Oz=0.0 link=— · manos_feria_informe.json
[RANGO] PRLUSDT_LINEAL last=0.1612 · río=WS · mercado=linear · estado=ACECHANDO · dir=— · 0=0.1613 · Oz=— · Red=— · manos=ON · pos=flat · latido=1.50s
[RANGO] autosello PRL · ACECHANDO · Oz=0.0 link=— · manos_feria_informe.json
[RANGO] PRLUSDT_LINEAL last=0.1613 · río=WS · mercado=linear · estado=ACECHANDO · dir=— · 0=0.1613 · Oz=— · Red=— · manos=ON · pos=flat · latido=1.50s
[2026-08-31 09:28:50] [TUSK] RECONCILIACIÓN: SAMSUNGUSDT_LINEAL: interno L:0.000000/S:0.000000 -> real L:0.000000/S:0.110000
[2026-08-31 09:28:50] [TUSK] RECONCILIACIÓN_FANTASMA: KSMUSDT_LINEAL existe interno pero no en exchange -> reseteando
[2026-08-31 09:28:50] [TUSK] RECONCILIACIÓN_OK: 2 frentes alineados con exchange
[RANGO] PRLUSDT_LINEAL last=0.161 · río=WS · mercado=linear · estado=ACECHANDO · dir=— · 0=0.1613 · Oz=— · Red=— · manos=ON · pos=flat · latido=1.50s
[RANGO] autosello PRL · ACECHANDO · Oz=0.0 link=— · manos_feria_informe.json
[RANGO] PRLUSDT_LINEAL last=0.1612 · río=WS · mercado=linear · estado=ACECHANDO · dir=— · 0=0.1613 · Oz=— · Red=— · manos=ON · pos=flat · latido=1.50s
[RANGO] autosello PRL · ACECHANDO · Oz=0.0 link=— · manos_feria_informe.json
[RANGO] PRLUSDT_LINEAL last=0.1612 · río=WS · mercado=linear · estado=ACECHANDO · dir=— · 0=0.1613 · Oz=— · Red=— · manos=ON · pos=flat · latido=1.50s
[RANGO] PRLUSDT_LINEAL last=0.1611 · río=WS · mercado=linear · estado=ACECHANDO · dir=— · 0=0.1613 · Oz=— · Red=— · manos=ON · pos=flat · latido=1.50s
[RANGO] autosello PRL · ACECHANDO · Oz=0.0 link=— · manos_feria_informe.json
[RANGO] PRLUSDT_LINEAL last=0.1609 · río=WS · mercado=linear · estado=ACECHANDO · dir=— · 0=0.1613 · Oz=— · Red=— · manos=ON · pos=flat · latido=1.50s
[RANGO] autosello PRL · ACECHANDO · Oz=0.0 link=— · manos_feria_informe.json
[RANGO] PRLUSDT_LINEAL last=0.1611 · río=WS · mercado=linear · estado=ACECHANDO · dir=— · 0=0.1613 · Oz=— · Red=— · manos=ON · pos=flat · latido=1.50s
[2026-08-31 09:29:51] [TUSK] RECONCILIACIÓN: POWERUSDT_LINEAL: interno L:0.000000/S:290.000000 -> real L:0.000000/S:347.000000
[2026-08-31 09:29:51] [TUSK] RECONCILIACIÓN_OK: 1 frentes alineados con exchange
[RANGO] PRLUSDT_LINEAL last=0.1613 · río=WS · mercado=linear · estado=ACECHANDO · dir=— · 0=0.1613 · Oz=— · Red=— · manos=ON · pos=flat · latido=1.50s
[RANGO] autosello PRL · ACECHANDO · Oz=0.0 link=— · manos_feria_informe.json
[RANGO] PRLUSDT_LINEAL last=0.1609 · río=WS · mercado=linear · estado=ACECHANDO · dir=— · 0=0.1613 · Oz=— · Red=— · manos=ON · pos=flat · latido=1.50s
[RANGO] autosello PRL · ACECHANDO · Oz=0.0 link=— · manos_feria_informe.json
[RANGO] PRLUSDT_LINEAL last=0.1611 · río=WS · mercado=linear · estado=ACECHANDO · dir=— · 0=0.1613 · Oz=— · Red=— · manos=ON · pos=flat · latido=1.50s
[RANGO] PRLUSDT_LINEAL last=0.1611 · río=WS · mercado=linear · estado=ACECHANDO · dir=— · 0=0.1613 · Oz=— · Red=— · manos=ON · pos=flat · latido=1.50s
[RANGO] autosello PRL · ACECHANDO · Oz=0.0 link=— · manos_feria_informe.json
[RANGO] PRLUSDT_LINEAL last=0.161 · río=WS · mercado=linear · estado=ACECHANDO · dir=— · 0=0.1613 · Oz=— · Red=— · manos=ON · pos=flat · latido=1.50s
[RANGO] autosello PRL · ACECHANDO · Oz=0.0 link=— · manos_feria_informe.json
[RANGO] PRLUSDT_LINEAL last=0.1611 · río=WS · mercado=linear · estado=ACECHANDO · dir=— · 0=0.1613 · Oz=— · Red=— · manos=ON · pos=flat · latido=1.50s
[RANGO] PRLUSDT_LINEAL last=0.1612 · río=WS · mercado=linear · estado=ACECHANDO · dir=— · 0=0.1613 · Oz=— · Red=— · manos=ON · pos=flat · latido=1.50s
[RANGO] autosello PRL · ACECHANDO · Oz=0.0 link=— · manos_feria_informe.json
[RANGO] PRLUSDT_LINEAL last=0.1612 · río=WS · mercado=linear · estado=ACECHANDO · dir=— · 0=0.1613 · Oz=— · Red=— · manos=ON · pos=flat · latido=1.50s
[RANGO] autosello PRL · ACECHANDO · Oz=0.0 link=— · manos_feria_informe.json
[RANGO] PRLUSDT_LINEAL last=0.1612 · río=WS · mercado=linear · estado=ACECHANDO · dir=— · 0=0.1613 · Oz=— · Red=— · manos=ON · pos=flat · latido=1.50s
[RANGO] PRLUSDT_LINEAL last=0.1612 · río=WS · mercado=linear · estado=ACECHANDO · dir=— · 0=0.1613 · Oz=— · Red=— · manos=ON · pos=flat · latido=1.50s
[RANGO] autosello PRL · ACECHANDO · Oz=0.0 link=— · manos_feria_informe.json
[RANGO] PRLUSDT_LINEAL last=0.1612 · río=WS · mercado=linear · estado=ACECHANDO · dir=— · 0=0.1613 · Oz=— · Red=— · manos=ON · pos=flat · latido=1.50s
[RANGO] autosello PRL · ACECHANDO · Oz=0.0 link=— · manos_feria_informe.json
[RANGO] PRLUSDT_LINEAL last=0.1612 · río=WS · mercado=linear · estado=ACECHANDO · dir=— · 0=0.1613 · Oz=— · Red=— · manos=ON · pos=flat · latido=1.50s
[RANGO] PRLUSDT_LINEAL last=0.1612 · río=WS · mercado=linear · estado=ACECHANDO · dir=— · 0=0.1613 · Oz=— · Red=— · manos=ON · pos=flat · latido=1.50s
[RANGO] autosello PRL · ACECHANDO · Oz=0.0 link=— · manos_feria_informe.json
[RANGO] PRLUSDT_LINEAL last=0.1614 · río=WS · mercado=linear · estado=ACECHANDO · dir=— · 0=0.1613 · Oz=— · Red=— · manos=ON · pos=flat · latido=1.50s
[RANGO] autosello PRL · ACECHANDO · Oz=0.0 link=— · manos_feria_informe.json
[RANGO] PRLUSDT_LINEAL last=0.1614 · río=WS · mercado=linear · estado=ACECHANDO · dir=— · 0=0.1613 · Oz=— · Red=— · manos=ON · pos=flat · latido=1.50s
[RANGO] PRLUSDT_LINEAL last=0.1613 · río=WS · mercado=linear · estado=ACECHANDO · dir=— · 0=0.1613 · Oz=— · Red=— · manos=ON · pos=flat · latido=1.50s
[RANGO] autosello PRL · ACECHANDO · Oz=0.0 link=— · manos_feria_informe.json
[RANGO] PRLUSDT_LINEAL last=0.1613 · río=WS · mercado=linear · estado=ACECHANDO · dir=— · 0=0.1613 · Oz=— · Red=— · manos=ON · pos=flat · latido=1.50s
[RANGO] autosello PRL · ACECHANDO · Oz=0.0 link=— · manos_feria_informe.json
[RANGO] PRLUSDT_LINEAL last=0.1612 · río=WS · mercado=linear · estado=ACECHANDO · dir=— · 0=0.1613 · Oz=— · Red=— · manos=ON · pos=flat · latido=1.50s
[RANGO] PRLUSDT_LINEAL last=0.1614 · río=WS · mercado=linear · estado=ACECHANDO · dir=— · 0=0.1613 · Oz=— · Red=— · manos=ON · pos=flat · latido=1.50s
[RANGO] autosello PRL · ACECHANDO · Oz=0.0 link=— · manos_feria_informe.json
[2026-08-31 09:32:56] [TUSK] RECONCILIACIÓN: BIOUSDT_LINEAL: interno L:0.000000/S:0.000000 -> real L:1016.000000/S:0.000000
[2026-08-31 09:32:56] [TUSK] RECONCILIACIÓN_FANTASMA: AEHRUSDT_LINEAL existe interno pero no en exchange -> reseteando
[2026-08-31 09:32:56] [TUSK] RECONCILIACIÓN_OK: 2 frentes alineados con exchange
[RANGO] PRLUSDT_LINEAL last=0.1613 · río=WS · mercado=linear · estado=ACECHANDO · dir=— · 0=0.1613 · Oz=— · Red=— · manos=ON · pos=flat · latido=1.50s
[RANGO] autosello PRL · ACECHANDO · Oz=0.0 link=— · manos_feria_informe.json
[RANGO] PRLUSDT_LINEAL last=0.1615 · río=WS · mercado=linear · estado=ACECHANDO · dir=— · 0=0.1613 · Oz=— · Red=— · manos=ON · pos=flat · latido=1.50s
[RANGO] PRLUSDT_LINEAL last=0.1614 · río=WS · mercado=linear · estado=ACECHANDO · dir=— · 0=0.1613 · Oz=— · Red=— · manos=ON · pos=flat · latido=1.50s
[RANGO] autosello PRL · ACECHANDO · Oz=0.0 link=— · manos_feria_informe.json
[RANGO] PRLUSDT_LINEAL last=0.1614 · río=WS · mercado=linear · estado=ACECHANDO · dir=— · 0=0.1613 · Oz=— · Red=— · manos=ON · pos=flat · latido=1.50s
[RANGO] autosello PRL · ACECHANDO · Oz=0.0 link=— · manos_feria_informe.json
[RANGO] PRLUSDT_LINEAL last=0.1619 · río=WS · mercado=linear · estado=ACECHANDO · dir=— · 0=0.1613 · Oz=— · Red=— · manos=ON · pos=flat · latido=1.50s
[RANGO] PRLUSDT_LINEAL last=0.1619 · río=WS · mercado=linear · estado=ACECHANDO · dir=— · 0=0.1613 · Oz=— · Red=— · manos=ON · pos=flat · latido=1.50s
[RANGO] autosello PRL · ACECHANDO · Oz=0.0 link=— · manos_feria_informe.json
[2026-08-31 09:33:57] [TUSK] RECONCILIACIÓN: PURRUSDT_LINEAL: interno L:0.000000/S:0.000000 -> real L:4.300000/S:0.000000
[2026-08-31 09:33:57] [TUSK] RECONCILIACIÓN_FANTASMA: SOXSUSDT_LINEAL existe interno pero no en exchange -> reseteando
[2026-08-31 09:33:57] [TUSK] RECONCILIACIÓN_OK: 2 frentes alineados con exchange
[RANGO] PRLUSDT_LINEAL last=0.1616 · río=WS · mercado=linear · estado=ACECHANDO · dir=— · 0=0.1613 · Oz=— · Red=— · manos=ON · pos=flat · latido=1.50s
[RANGO] autosello PRL · ACECHANDO · Oz=0.0 link=— · manos_feria_informe.json
[RANGO] PRLUSDT_LINEAL last=0.1618 · río=WS · mercado=linear · estado=ACECHANDO · dir=— · 0=0.1613 · Oz=— · Red=— · manos=ON · pos=flat · latido=1.50s
[RANGO] PRLUSDT_LINEAL last=0.1614 · río=WS · mercado=linear · estado=ACECHANDO · dir=— · 0=0.1613 · Oz=— · Red=— · manos=ON · pos=flat · latido=1.50s
[RANGO] autosello PRL · ACECHANDO · Oz=0.0 link=— · manos_feria_informe.json
[RANGO] PRLUSDT_LINEAL last=0.1614 · río=WS · mercado=linear · estado=ACECHANDO · dir=— · 0=0.1613 · Oz=— · Red=— · manos=ON · pos=flat · latido=1.50s
[RANGO] autosello PRL · ACECHANDO · Oz=0.0 link=— · manos_feria_informe.json
[RANGO] PRLUSDT_LINEAL last=0.1616 · río=WS · mercado=linear · estado=ACECHANDO · dir=— · 0=0.1613 · Oz=— · Red=— · manos=ON · pos=flat · latido=1.50s
[RANGO] PRLUSDT_LINEAL last=0.1614 · río=WS · mercado=linear · estado=ACECHANDO · dir=— · 0=0.1613 · Oz=— · Red=— · manos=ON · pos=flat · latido=1.50s
[RANGO] autosello PRL · ACECHANDO · Oz=0.0 link=— · manos_feria_informe.json
[2026-08-31 09:34:58] [TUSK] RECONCILIACIÓN: MSTRUSDT_LINEAL: interno L:0.000000/S:0.000000 -> real L:0.200000/S:0.000000
[2026-08-31 09:34:58] [TUSK] RECONCILIACIÓN_FANTASMA: KORUUSDT_LINEAL existe interno pero no en exchange -> reseteando
[2026-08-31 09:34:58] [TUSK] RECONCILIACIÓN_OK: 2 frentes alineados con exchange
[RANGO] PRLUSDT_LINEAL last=0.1607 · río=WS · mercado=linear · estado=ACECHANDO · dir=— · 0=0.1613 · Oz=— · Red=— · manos=ON · pos=flat · latido=1.50s
[RANGO] autosello PRL · ACECHANDO · Oz=0.0 link=— · manos_feria_informe.json
[RANGO] PRLUSDT_LINEAL last=0.1608 · río=WS · mercado=linear · estado=ACECHANDO · dir=— · 0=0.1613 · Oz=— · Red=— · manos=ON · pos=flat · latido=1.50s
[RANGO] PRLUSDT_LINEAL last=0.1609 · río=WS · mercado=linear · estado=ACECHANDO · dir=— · 0=0.1613 · Oz=— · Red=— · manos=ON · pos=flat · latido=1.50s
[RANGO] autosello PRL · ACECHANDO · Oz=0.0 link=— · manos_feria_informe.json
[RANGO] PRLUSDT_LINEAL last=0.1609 · río=WS · mercado=linear · estado=ACECHANDO · dir=— · 0=0.1613 · Oz=— · Red=— · manos=ON · pos=flat · latido=1.50s
[RANGO] autosello PRL · ACECHANDO · Oz=0.0 link=— · manos_feria_informe.json
[RANGO] PRLUSDT_LINEAL last=0.161 · río=WS · mercado=linear · estado=ACECHANDO · dir=— · 0=0.1613 · Oz=— · Red=— · manos=ON · pos=flat · latido=1.50s
[RANGO] PRLUSDT_LINEAL last=0.1609 · río=WS · mercado=linear · estado=ACECHANDO · dir=— · 0=0.1613 · Oz=— · Red=— · manos=ON · pos=flat · latido=1.50s
[RANGO] autosello PRL · ACECHANDO · Oz=0.0 link=— · manos_feria_informe.json
[2026-08-31 09:35:59] [TUSK] RECONCILIACIÓN: SYRUPUSDT_LINEAL: interno L:0.000000/S:0.000000 -> real L:482.000000/S:0.000000
[2026-08-31 09:36:00] [TUSK] RECONCILIACIÓN: COTIUSDT_LINEAL: interno L:0.000000/S:0.000000 -> real L:1213.000000/S:0.000000
[2026-08-31 09:36:00] [TUSK] RECONCILIACIÓN: PURRUSDT_LINEAL: interno L:4.300000/S:0.000000 -> real L:3.800000/S:0.000000
[2026-08-31 09:36:00] [TUSK] RECONCILIACIÓN_FANTASMA: APRUSDT_LINEAL existe interno pero no en exchange -> reseteando
[2026-08-31 09:36:00] [TUSK] RECONCILIACIÓN_FANTASMA: CRVUSDT_LINEAL existe interno pero no en exchange -> reseteando
[2026-08-31 09:36:00] [TUSK] RECONCILIACIÓN_OK: 5 frentes alineados con exchange
[RANGO] PRLUSDT_LINEAL last=0.1609 · río=WS · mercado=linear · estado=ACECHANDO · dir=— · 0=0.1613 · Oz=— · Red=— · manos=ON · pos=flat · latido=1.50s
[RANGO] autosello PRL · ACECHANDO · Oz=0.0 link=— · manos_feria_informe.json
[RANGO] PRLUSDT_LINEAL last=0.161 · río=WS · mercado=linear · estado=ACECHANDO · dir=— · 0=0.1613 · Oz=— · Red=— · manos=ON · pos=flat · latido=1.50s
[RANGO] PRLUSDT_LINEAL last=0.1609 · río=WS · mercado=linear · estado=ACECHANDO · dir=— · 0=0.1613 · Oz=— · Red=— · manos=ON · pos=flat · latido=1.50s
[RANGO] autosello PRL · ACECHANDO · Oz=0.0 link=— · manos_feria_informe.json
[RANGO] PRLUSDT_LINEAL last=0.161 · río=WS · mercado=linear · estado=ACECHANDO · dir=— · 0=0.1613 · Oz=— · Red=— · manos=ON · pos=flat · latido=1.50s
[RANGO] autosello PRL · ACECHANDO · Oz=0.0 link=— · manos_feria_informe.json
[RANGO] PRLUSDT_LINEAL last=0.1608 · río=ciego/muleta · mercado=linear · estado=ACECHANDO · dir=— · 0=0.1613 · Oz=— · Red=— · manos=ON · pos=flat · latido=1.50s
[RANGO] PRLUSDT_LINEAL last=0.161 · río=WS · mercado=linear · estado=ACECHANDO · dir=— · 0=0.1613 · Oz=— · Red=— · manos=ON · pos=flat · latido=1.50s
[RANGO] autosello PRL · ACECHANDO · Oz=0.0 link=— · manos_feria_informe.json
[2026-08-31 09:37:01] [TUSK] RECONCILIACIÓN: FWDIUSDT_LINEAL: interno L:0.000000/S:0.000000 -> real L:0.000000/S:4.200000
[2026-08-31 09:37:01] [TUSK] RECONCILIACIÓN: POWERUSDT_LINEAL: interno L:0.000000/S:347.000000 -> real L:0.000000/S:404.000000
[2026-08-31 09:37:01] [TUSK] RECONCILIACIÓN: PURRUSDT_LINEAL: interno L:3.800000/S:0.000000 -> real L:4.300000/S:0.000000
[2026-08-31 09:37:01] [TUSK] RECONCILIACIÓN_FANTASMA: XANUSDT_LINEAL existe interno pero no en exchange -> reseteando
[2026-08-31 09:37:01] [TUSK] RECONCILIACIÓN_OK: 4 frentes alineados con exchange
[RANGO] PRLUSDT_LINEAL last=0.1608 · río=WS · mercado=linear · estado=ACECHANDO · dir=— · 0=0.1613 · Oz=— · Red=— · manos=ON · pos=flat · latido=1.50s
[RANGO] autosello PRL · ACECHANDO · Oz=0.0 link=— · manos_feria_informe.json
[RANGO] PRLUSDT_LINEAL last=0.1608 · río=WS · mercado=linear · estado=ACECHANDO · dir=— · 0=0.1613 · Oz=— · Red=— · manos=ON · pos=flat · latido=1.50s
[RANGO] PRLUSDT_LINEAL last=0.1609 · río=WS · mercado=linear · estado=ACECHANDO · dir=— · 0=0.1613 · Oz=— · Red=— · manos=ON · pos=flat · latido=1.50s
[RANGO] autosello PRL · ACECHANDO · Oz=0.0 link=— · manos_feria_informe.json
[RANGO] PRLUSDT_LINEAL last=0.1609 · río=WS · mercado=linear · estado=ACECHANDO · dir=— · 0=0.1613 · Oz=— · Red=— · manos=ON · pos=flat · latido=1.50s
[RANGO] autosello PRL · ACECHANDO · Oz=0.0 link=— · manos_feria_informe.json
[RANGO] PRLUSDT_LINEAL last=0.1608 · río=WS · mercado=linear · estado=ACECHANDO · dir=— · 0=0.1613 · Oz=— · Red=— · manos=ON · pos=flat · latido=1.50s
[RANGO] PRLUSDT_LINEAL last=0.1607 · río=ciego/muleta · mercado=linear · estado=ACECHANDO · dir=— · 0=0.1613 · Oz=— · Red=— · manos=ON · pos=flat · latido=1.50s
[RANGO] autosello PRL · ACECHANDO · Oz=0.0 link=— · manos_feria_informe.json
[RANGO] PRLUSDT_LINEAL last=0.1607 · río=WS · mercado=linear · estado=ACECHANDO · dir=— · 0=0.1613 · Oz=— · Red=— · manos=ON · pos=flat · latido=1.50s
[RANGO] autosello PRL · ACECHANDO · Oz=0.0 link=— · manos_feria_informe.json
[RANGO] PRLUSDT_LINEAL last=0.1607 · río=WS · mercado=linear · estado=ACECHANDO · dir=— · 0=0.1613 · Oz=— · Red=— · manos=ON · pos=flat · latido=1.50s
[RANGO] PRLUSDT_LINEAL last=0.1606 · río=WS · mercado=linear · estado=ACECHANDO · dir=— · 0=0.1613 · Oz=— · Red=— · manos=ON · pos=flat · latido=1.50s
[RANGO] autosello PRL · ACECHANDO · Oz=0.0 link=— · manos_feria_informe.json
[RANGO] PRLUSDT_LINEAL last=0.1611 · río=WS · mercado=linear · estado=ACECHANDO · dir=— · 0=0.1613 · Oz=— · Red=— · manos=ON · pos=flat · latido=1.50s
[RANGO] autosello PRL · ACECHANDO · Oz=0.0 link=— · manos_feria_informe.json
[RANGO] PRLUSDT_LINEAL last=0.1608 · río=WS · mercado=linear · estado=ACECHANDO · dir=— · 0=0.1613 · Oz=— · Red=— · manos=ON · pos=flat · latido=1.50s
[RANGO] PRLUSDT_LINEAL last=0.1608 · río=WS · mercado=linear · estado=ACECHANDO · dir=— · 0=0.1613 · Oz=— · Red=— · manos=ON · pos=flat · latido=1.50s
[RANGO] autosello PRL · ACECHANDO · Oz=0.0 link=— · manos_feria_informe.json
[2026-08-31 09:39:03] [TUSK] RECONCILIACIÓN: XANUSDT_LINEAL: interno L:0.000000/S:0.000000 -> real L:0.000000/S:260.000000
[2026-08-31 09:39:03] [TUSK] RECONCILIACIÓN: SHAZUSDT_LINEAL: interno L:0.000000/S:0.000000 -> real L:1.260000/S:0.000000
[2026-08-31 09:39:03] [TUSK] RECONCILIACIÓN: POWERUSDT_LINEAL: interno L:0.000000/S:404.000000 -> real L:0.000000/S:460.000000
[2026-08-31 09:39:03] [TUSK] RECONCILIACIÓN_FANTASMA: QNTXUSDT_LINEAL existe interno pero no en exchange -> reseteando
[2026-08-31 09:39:03] [TUSK] RECONCILIACIÓN_FANTASMA: BROCCOLIUSDT_LINEAL existe interno pero no en exchange -> reseteando
[2026-08-31 09:39:03] [TUSK] RECONCILIACIÓN_OK: 5 frentes alineados con exchange
[RANGO] PRLUSDT_LINEAL last=0.1607 · río=WS · mercado=linear · estado=ACECHANDO · dir=— · 0=0.1613 · Oz=— · Red=— · manos=ON · pos=flat · latido=1.50s
[RANGO] autosello PRL · ACECHANDO · Oz=0.0 link=— · manos_feria_informe.json
[RANGO] PRLUSDT_LINEAL last=0.1609 · río=WS · mercado=linear · estado=ACECHANDO · dir=— · 0=0.1613 · Oz=— · Red=— · manos=ON · pos=flat · latido=1.50s
[RANGO] PRLUSDT_LINEAL last=0.1607 · río=WS · mercado=linear · estado=ACECHANDO · dir=— · 0=0.1613 · Oz=— · Red=— · manos=ON · pos=flat · latido=1.50s
[RANGO] autosello PRL · ACECHANDO · Oz=0.0 link=— · manos_feria_informe.json
[RANGO] PRLUSDT_LINEAL last=0.1608 · río=WS · mercado=linear · estado=ACECHANDO · dir=— · 0=0.1613 · Oz=— · Red=— · manos=ON · pos=flat · latido=1.50s
[RANGO] autosello PRL · ACECHANDO · Oz=0.0 link=— · manos_feria_informe.json
[RANGO] PRLUSDT_LINEAL last=0.1602 · río=WS · mercado=linear · estado=ACECHANDO · dir=— · 0=0.1613 · Oz=— · Red=— · manos=ON · pos=flat · latido=1.50s
[RANGO] PRLUSDT_LINEAL last=0.1603 · río=WS · mercado=linear · estado=ACECHANDO · dir=— · 0=0.1613 · Oz=— · Red=— · manos=ON · pos=flat · latido=1.50s
[RANGO] autosello PRL · ACECHANDO · Oz=0.0 link=— · manos_feria_informe.json
[2026-08-31 09:40:04] [TUSK] RECONCILIACIÓN: POWERUSDT_LINEAL: interno L:0.000000/S:460.000000 -> real L:0.000000/S:516.000000
[2026-08-31 09:40:04] [TUSK] RECONCILIACIÓN: SNXXUSDT_LINEAL: interno L:6.090000/S:0.000000 -> real L:6.470000/S:0.000000
[2026-08-31 09:40:04] [TUSK] RECONCILIACIÓN_OK: 2 frentes alineados con exchange
[RANGO] PRLUSDT_LINEAL last=0.1599 · río=WS · mercado=linear · estado=ACECHANDO · dir=— · 0=0.1613 · Oz=— · Red=— · manos=ON · pos=flat · latido=1.50s
[RANGO] autosello PRL · ACECHANDO · Oz=0.0 link=— · manos_feria_informe.json
[RANGO] PRLUSDT_LINEAL last=0.1599 · río=WS · mercado=linear · estado=ACECHANDO · dir=— · 0=0.1613 · Oz=— · Red=— · manos=ON · pos=flat · latido=1.50s
[RANGO] PRLUSDT_LINEAL last=0.1602 · río=WS · mercado=linear · estado=ACECHANDO · dir=— · 0=0.1613 · Oz=— · Red=— · manos=ON · pos=flat · latido=1.50s
[RANGO] autosello PRL · ACECHANDO · Oz=0.0 link=— · manos_feria_informe.json
[RANGO] PRLUSDT_LINEAL last=0.16 · río=WS · mercado=linear · estado=ACECHANDO · dir=— · 0=0.1613 · Oz=— · Red=— · manos=ON · pos=flat · latido=1.50s
[RANGO] autosello PRL · ACECHANDO · Oz=0.0 link=— · manos_feria_informe.json
[RANGO] PRLUSDT_LINEAL last=0.1603 · río=WS · mercado=linear · estado=ACECHANDO · dir=— · 0=0.1613 · Oz=— · Red=— · manos=ON · pos=flat · latido=1.50s
[RANGO] PRLUSDT_LINEAL last=0.1603 · río=WS · mercado=linear · estado=ACECHANDO · dir=— · 0=0.1613 · Oz=— · Red=— · manos=ON · pos=flat · latido=1.50s
[RANGO] autosello PRL · ACECHANDO · Oz=0.0 link=— · manos_feria_informe.json
[RANGO] PRLUSDT_LINEAL last=0.1603 · río=WS · mercado=linear · estado=ACECHANDO · dir=— · 0=0.1613 · Oz=— · Red=— · manos=ON · pos=flat · latido=1.50s
[RANGO] autosello PRL · ACECHANDO · Oz=0.0 link=— · manos_feria_informe.json
[RANGO] PRLUSDT_LINEAL last=0.1602 · río=WS · mercado=linear · estado=ACECHANDO · dir=— · 0=0.1613 · Oz=— · Red=— · manos=ON · pos=flat · latido=1.50s
[RANGO] PRLUSDT_LINEAL last=0.1602 · río=WS · mercado=linear · estado=ACECHANDO · dir=— · 0=0.1613 · Oz=— · Red=— · manos=ON · pos=flat · latido=1.50s
[RANGO] autosello PRL · ACECHANDO · Oz=0.0 link=— · manos_feria_informe.json
[RANGO] PRLUSDT_LINEAL last=0.1602 · río=WS · mercado=linear · estado=ACECHANDO · dir=— · 0=0.1613 · Oz=— · Red=— · manos=ON · pos=flat · latido=1.50s
[RANGO] autosello PRL · ACECHANDO · Oz=0.0 link=— · manos_feria_informe.json
[RANGO] PRLUSDT_LINEAL last=0.1602 · río=WS · mercado=linear · estado=ACECHANDO · dir=— · 0=0.1613 · Oz=— · Red=— · manos=ON · pos=flat · latido=1.50s
[RANGO] PRLUSDT_LINEAL last=0.1602 · río=WS · mercado=linear · estado=ACECHANDO · dir=— · 0=0.1613 · Oz=— · Red=— · manos=ON · pos=flat · latido=1.50s
[RANGO] autosello PRL · ACECHANDO · Oz=0.0 link=— · manos_feria_informe.json
[RANGO] PRLUSDT_LINEAL last=0.1602 · río=WS · mercado=linear · estado=ACECHANDO · dir=— · 0=0.1613 · Oz=— · Red=— · manos=ON · pos=flat · latido=1.50s
[2026-08-31 09:42:07] [TUSK] RECONCILIACIÓN: XANUSDT_LINEAL: interno L:0.000000/S:260.000000 -> real L:0.000000/S:623.000000
[2026-08-31 09:42:07] [TUSK] RECONCILIACIÓN_OK: 1 frentes alineados con exchange
[RANGO] autosello PRL · ACECHANDO · Oz=0.0 link=— · manos_feria_informe.json
[RANGO] PRLUSDT_LINEAL last=0.1603 · río=WS · mercado=linear · estado=ACECHANDO · dir=— · 0=0.1613 · Oz=— · Red=— · manos=ON · pos=flat · latido=1.50s
[RANGO] PRLUSDT_LINEAL last=0.1602 · río=ciego/muleta · mercado=linear · estado=ACECHANDO · dir=— · 0=0.1613 · Oz=— · Red=— · manos=ON · pos=flat · latido=1.50s
[RANGO] autosello PRL · ACECHANDO · Oz=0.0 link=— · manos_feria_informe.json
[RANGO] PRLUSDT_LINEAL last=0.16 · río=WS · mercado=linear · estado=ACECHANDO · dir=— · 0=0.1613 · Oz=— · Red=— · manos=ON · pos=flat · latido=1.50s
[RANGO] autosello PRL · ACECHANDO · Oz=0.0 link=— · manos_feria_informe.json
[RANGO] PRLUSDT_LINEAL last=0.1601 · río=WS · mercado=linear · estado=ACECHANDO · dir=— · 0=0.1613 · Oz=— · Red=— · manos=ON · pos=flat · latido=1.50s
[RANGO] autosello PRL · ACECHANDO · Oz=0.0 link=— · manos_feria_informe.json
[RANGO] PRLUSDT_LINEAL last=0.1601 · río=ciego/muleta · mercado=linear · estado=ACECHANDO · dir=— · 0=0.1613 · Oz=— · Red=— · manos=ON · pos=flat · latido=1.50s
[RANGO] PRLUSDT_LINEAL last=0.1603 · río=WS · mercado=linear · estado=ACECHANDO · dir=— · 0=0.1613 · Oz=— · Red=— · manos=ON · pos=flat · latido=1.50s
[RANGO] autosello PRL · ACECHANDO · Oz=0.0 link=— · manos_feria_informe.json
[RANGO] PRLUSDT_LINEAL last=0.1603 · río=WS · mercado=linear · estado=ACECHANDO · dir=— · 0=0.1613 · Oz=— · Red=— · manos=ON · pos=flat · latido=1.50s
[RANGO] autosello PRL · ACECHANDO · Oz=0.0 link=— · manos_feria_informe.json
[RANGO] PRLUSDT_LINEAL last=0.16 · río=WS · mercado=linear · estado=ACECHANDO · dir=— · 0=0.1613 · Oz=— · Red=— · manos=ON · pos=flat · latido=1.50s
[RANGO] PRLUSDT_LINEAL last=0.1602 · río=WS · mercado=linear · estado=ACECHANDO · dir=— · 0=0.1613 · Oz=— · Red=— · manos=ON · pos=flat · latido=1.50s
[RANGO] autosello PRL · ACECHANDO · Oz=0.0 link=— · manos_feria_informe.json
[RANGO] PRLUSDT_LINEAL last=0.1602 · río=WS · mercado=linear · estado=ACECHANDO · dir=— · 0=0.1613 · Oz=— · Red=— · manos=ON · pos=flat · latido=1.50s
[RANGO] autosello PRL · ACECHANDO · Oz=0.0 link=— · manos_feria_informe.json
[RANGO] PRLUSDT_LINEAL last=0.16 · río=WS · mercado=linear · estado=ACECHANDO · dir=— · 0=0.1613 · Oz=— · Red=— · manos=ON · pos=flat · latido=1.50s
[RANGO] PRLUSDT_LINEAL last=0.16 · río=WS · mercado=linear · estado=ACECHANDO · dir=— · 0=0.1613 · Oz=— · Red=— · manos=ON · pos=flat · latido=1.50s
[RANGO] autosello PRL · ACECHANDO · Oz=0.0 link=— · manos_feria_informe.json
[RANGO] PRLUSDT_LINEAL last=0.1601 · río=WS · mercado=linear · estado=ACECHANDO · dir=— · 0=0.1613 · Oz=— · Red=— · manos=ON · pos=flat · latido=1.50s
[RANGO] autosello PRL · ACECHANDO · Oz=0.0 link=— · manos_feria_informe.json
[RANGO] PRLUSDT_LINEAL last=0.1602 · río=WS · mercado=linear · estado=ACECHANDO · dir=— · 0=0.1613 · Oz=— · Red=— · manos=ON · pos=flat · latido=1.50s
[RANGO] PRLUSDT_LINEAL last=0.16 · río=WS · mercado=linear · estado=ACECHANDO · dir=— · 0=0.1613 · Oz=— · Red=— · manos=ON · pos=flat · latido=1.50s
[RANGO] autosello PRL · ACECHANDO · Oz=0.0 link=— · manos_feria_informe.json
[RANGO] PRLUSDT_LINEAL last=0.1601 · río=WS · mercado=linear · estado=ACECHANDO · dir=— · 0=0.1613 · Oz=— · Red=— · manos=ON · pos=flat · latido=1.50s
[RANGO] autosello PRL · ACECHANDO · Oz=0.0 link=— · manos_feria_informe.json
[RANGO] PRLUSDT_LINEAL last=0.1604 · río=WS · mercado=linear · estado=ACECHANDO · dir=— · 0=0.1613 · Oz=— · Red=— · manos=ON · pos=flat · latido=1.50s
[RANGO] PRLUSDT_LINEAL last=0.1603 · río=WS · mercado=linear · estado=ACECHANDO · dir=— · 0=0.1613 · Oz=— · Red=— · manos=ON · pos=flat · latido=1.50s
[2026-08-31 09:45:10] [TUSK] RECONCILIACIÓN: POWERUSDT_LINEAL: interno L:0.000000/S:516.000000 -> real L:0.000000/S:571.000000
[2026-08-31 09:45:10] [TUSK] RECONCILIACIÓN_OK: 1 frentes alineados con exchange
[RANGO] autosello PRL · ACECHANDO · Oz=0.0 link=— · manos_feria_informe.json
[RANGO] PRLUSDT_LINEAL last=0.1602 · río=WS · mercado=linear · estado=ACECHANDO · dir=— · 0=0.1613 · Oz=— · Red=— · manos=ON · pos=flat · latido=1.50s
[RANGO] autosello PRL · ACECHANDO · Oz=0.0 link=— · manos_feria_informe.json
[RANGO] PRLUSDT_LINEAL last=0.1603 · río=WS · mercado=linear · estado=ACECHANDO · dir=— · 0=0.1613 · Oz=— · Red=— · manos=ON · pos=flat · latido=1.50s
[RANGO] PRLUSDT_LINEAL last=0.1605 · río=ciego/muleta · mercado=linear · estado=ACECHANDO · dir=— · 0=0.1613 · Oz=— · Red=— · manos=ON · pos=flat · latido=1.50s
[RANGO] autosello PRL · ACECHANDO · Oz=0.0 link=— · manos_feria_informe.json
[RANGO] PRLUSDT_LINEAL last=0.1604 · río=WS · mercado=linear · estado=ACECHANDO · dir=— · 0=0.1613 · Oz=— · Red=— · manos=ON · pos=flat · latido=1.50s
[RANGO] autosello PRL · ACECHANDO · Oz=0.0 link=— · manos_feria_informe.json
[RANGO] PRLUSDT_LINEAL last=0.1605 · río=ciego/muleta · mercado=linear · estado=ACECHANDO · dir=— · 0=0.1613 · Oz=— · Red=— · manos=ON · pos=flat · latido=1.50s
[RANGO] PRLUSDT_LINEAL last=0.1605 · río=WS · mercado=linear · estado=ACECHANDO · dir=— · 0=0.1613 · Oz=— · Red=— · manos=ON · pos=flat · latido=1.50s
[2026-08-31 09:46:12] [TUSK] RECONCILIACIÓN: HYPEUSDT_LINEAL: interno L:0.000000/S:0.000000 -> real L:0.000000/S:0.270000
[2026-08-31 09:46:12] [TUSK] RECONCILIACIÓN: XANUSDT_LINEAL: interno L:0.000000/S:623.000000 -> real L:0.000000/S:982.000000
[2026-08-31 09:46:12] [TUSK] RECONCILIACIÓN_FANTASMA: ARMUSDT_LINEAL existe interno pero no en exchange -> reseteando
[2026-08-31 09:46:12] [TUSK] RECONCILIACIÓN_OK: 3 frentes alineados con exchange
[RANGO] autosello PRL · ACECHANDO · Oz=0.0 link=— · manos_feria_informe.json
[RANGO] PRLUSDT_LINEAL last=0.1607 · río=WS · mercado=linear · estado=ACECHANDO · dir=— · 0=0.1613 · Oz=— · Red=— · manos=ON · pos=flat · latido=1.50s
[RANGO] autosello PRL · ACECHANDO · Oz=0.0 link=— · manos_feria_informe.json
[RANGO] PRLUSDT_LINEAL last=0.1605 · río=ciego/muleta · mercado=linear · estado=ACECHANDO · dir=— · 0=0.1613 · Oz=— · Red=— · manos=ON · pos=flat · latido=1.50s
[RANGO] PRLUSDT_LINEAL last=0.1603 · río=WS · mercado=linear · estado=ACECHANDO · dir=— · 0=0.1613 · Oz=— · Red=— · manos=ON · pos=flat · latido=1.50s
[RANGO] autosello PRL · ACECHANDO · Oz=0.0 link=— · manos_feria_informe.json
[RANGO] PRLUSDT_LINEAL last=0.1605 · río=WS · mercado=linear · estado=ACECHANDO · dir=— · 0=0.1613 · Oz=— · Red=— · manos=ON · pos=flat · latido=1.50s
[RANGO] autosello PRL · ACECHANDO · Oz=0.0 link=— · manos_feria_informe.json
[RANGO] PRLUSDT_LINEAL last=0.1606 · río=WS · mercado=linear · estado=ACECHANDO · dir=— · 0=0.1613 · Oz=— · Red=— · manos=ON · pos=flat · latido=1.50s
[RANGO] PRLUSDT_LINEAL last=0.1605 · río=ciego/muleta · mercado=linear · estado=ACECHANDO · dir=— · 0=0.1613 · Oz=— · Red=— · manos=ON · pos=flat · latido=1.50s
[RANGO] autosello PRL · ACECHANDO · Oz=0.0 link=— · manos_feria_informe.json
[RANGO] PRLUSDT_LINEAL last=0.1606 · río=WS · mercado=linear · estado=ACECHANDO · dir=— · 0=0.1613 · Oz=— · Red=— · manos=ON · pos=flat · latido=1.50s
[RANGO] autosello PRL · ACECHANDO · Oz=0.0 link=— · manos_feria_informe.json
[RANGO] PRLUSDT_LINEAL last=0.1603 · río=WS · mercado=linear · estado=ACECHANDO · dir=— · 0=0.1613 · Oz=— · Red=— · manos=ON · pos=flat · latido=1.50s
[RANGO] PRLUSDT_LINEAL last=0.1602 · río=ciego/muleta · mercado=linear · estado=ACECHANDO · dir=— · 0=0.1613 · Oz=— · Red=— · manos=ON · pos=flat · latido=1.50s
[RANGO] autosello PRL · ACECHANDO · Oz=0.0 link=— · manos_feria_informe.json
[RANGO] PRLUSDT_LINEAL last=0.1603 · río=WS · mercado=linear · estado=ACECHANDO · dir=— · 0=0.1613 · Oz=— · Red=— · manos=ON · pos=flat · latido=1.50s
[RANGO] autosello PRL · ACECHANDO · Oz=0.0 link=— · manos_feria_informe.json
[RANGO] PRLUSDT_LINEAL last=0.1604 · río=WS · mercado=linear · estado=ACECHANDO · dir=— · 0=0.1613 · Oz=— · Red=— · manos=ON · pos=flat · latido=1.50s
[RANGO] autosello PRL · ACECHANDO · Oz=0.0 link=— · manos_feria_informe.json
[RANGO] PRLUSDT_LINEAL last=0.1605 · río=WS · mercado=linear · estado=ACECHANDO · dir=— · 0=0.1613 · Oz=— · Red=— · manos=ON · pos=flat · latido=1.50s
[RANGO] PRLUSDT_LINEAL last=0.1604 · río=WS · mercado=linear · estado=ACECHANDO · dir=— · 0=0.1613 · Oz=— · Red=— · manos=ON · pos=flat · latido=1.50s
[RANGO] autosello PRL · ACECHANDO · Oz=0.0 link=— · manos_feria_informe.json
[RANGO] PRLUSDT_LINEAL last=0.1602 · río=WS · mercado=linear · estado=ACECHANDO · dir=— · 0=0.1613 · Oz=— · Red=— · manos=ON · pos=flat · latido=1.50s
[RANGO] autosello PRL · ACECHANDO · Oz=0.0 link=— · manos_feria_informe.json
[RANGO] PRLUSDT_LINEAL last=0.1601 · río=WS · mercado=linear · estado=ACECHANDO · dir=— · 0=0.1613 · Oz=— · Red=— · manos=ON · pos=flat · latido=1.50s
[RANGO] PRLUSDT_LINEAL last=0.1602 · río=WS · mercado=linear · estado=ACECHANDO · dir=— · 0=0.1613 · Oz=— · Red=— · manos=ON · pos=flat · latido=1.50s
[RANGO] autosello PRL · ACECHANDO · Oz=0.0 link=— · manos_feria_informe.json
[RANGO] PRLUSDT_LINEAL last=0.16 · río=WS · mercado=linear · estado=ACECHANDO · dir=— · 0=0.1613 · Oz=— · Red=— · manos=ON · pos=flat · latido=1.50s
[RANGO] autosello PRL · ACECHANDO · Oz=0.0 link=— · manos_feria_informe.json
[RANGO] PRLUSDT_LINEAL last=0.1602 · río=WS · mercado=linear · estado=ACECHANDO · dir=— · 0=0.1613 · Oz=— · Red=— · manos=ON · pos=flat · latido=1.50s
[2026-08-31 09:49:16] [TUSK] RECONCILIACIÓN: POWERUSDT_LINEAL: interno L:0.000000/S:571.000000 -> real L:0.000000/S:625.000000
[2026-08-31 09:49:16] [TUSK] RECONCILIACIÓN_OK: 1 frentes alineados con exchange
[RANGO] PRLUSDT_LINEAL last=0.1602 · río=ciego/muleta · mercado=linear · estado=ACECHANDO · dir=— · 0=0.1613 · Oz=— · Red=— · manos=ON · pos=flat · latido=1.50s
[RANGO] autosello PRL · ACECHANDO · Oz=0.0 link=— · manos_feria_informe.json
[RANGO] PRLUSDT_LINEAL last=0.1601 · río=WS · mercado=linear · estado=ACECHANDO · dir=— · 0=0.1613 · Oz=— · Red=— · manos=ON · pos=flat · latido=1.50s
[RANGO] autosello PRL · ACECHANDO · Oz=0.0 link=— · manos_feria_informe.json
[RANGO] PRLUSDT_LINEAL last=0.1602 · río=ciego/muleta · mercado=linear · estado=ACECHANDO · dir=— · 0=0.1613 · Oz=— · Red=— · manos=ON · pos=flat · latido=1.50s
[RANGO] PRLUSDT_LINEAL last=0.1602 · río=ciego/muleta · mercado=linear · estado=ACECHANDO · dir=— · 0=0.1613 · Oz=— · Red=— · manos=ON · pos=flat · latido=1.50s
[RANGO] autosello PRL · ACECHANDO · Oz=0.0 link=— · manos_feria_informe.json
[RANGO] PRLUSDT_LINEAL last=0.1603 · río=WS · mercado=linear · estado=ACECHANDO · dir=— · 0=0.1613 · Oz=— · Red=— · manos=ON · pos=flat · latido=1.50s
[RANGO] autosello PRL · ACECHANDO · Oz=0.0 link=— · manos_feria_informe.json
[RANGO] PRLUSDT_LINEAL last=0.1601 · río=ciego/muleta · mercado=linear · estado=ACECHANDO · dir=— · 0=0.1613 · Oz=— · Red=— · manos=ON · pos=flat · latido=1.50s
[RANGO] PRLUSDT_LINEAL last=0.1601 · río=ciego/muleta · mercado=linear · estado=ACECHANDO · dir=— · 0=0.1613 · Oz=— · Red=— · manos=ON · pos=flat · latido=1.50s
[RANGO] autosello PRL · ACECHANDO · Oz=0.0 link=— · manos_feria_informe.json
[RANGO] PRLUSDT_LINEAL last=0.1601 · río=ciego/muleta · mercado=linear · estado=ACECHANDO · dir=— · 0=0.1613 · Oz=— · Red=— · manos=ON · pos=flat · latido=1.50s
[RANGO] autosello PRL · ACECHANDO · Oz=0.0 link=— · manos_feria_informe.json
[RANGO] PRLUSDT_LINEAL last=0.16 · río=WS · mercado=linear · estado=ACECHANDO · dir=— · 0=0.1613 · Oz=— · Red=— · manos=ON · pos=flat · latido=1.50s
[RANGO] autosello PRL · ACECHANDO · Oz=0.0 link=— · manos_feria_informe.json
[RANGO] PRLUSDT_LINEAL last=0.1603 · río=WS · mercado=linear · estado=ACECHANDO · dir=— · 0=0.1613 · Oz=— · Red=— · manos=ON · pos=flat · latido=1.50s
[RANGO] PRLUSDT_LINEAL last=0.1602 · río=WS · mercado=linear · estado=ACECHANDO · dir=— · 0=0.1613 · Oz=— · Red=— · manos=ON · pos=flat · latido=1.50s
[RANGO] autosello PRL · ACECHANDO · Oz=0.0 link=— · manos_feria_informe.json
[RANGO] PRLUSDT_LINEAL last=0.1601 · río=ciego/muleta · mercado=linear · estado=ACECHANDO · dir=— · 0=0.1613 · Oz=— · Red=— · manos=ON · pos=flat · latido=1.50s
[2026-08-31 09:51:19] [TUSK] RECONCILIACIÓN: POWERUSDT_LINEAL: interno L:0.000000/S:625.000000 -> real L:0.000000/S:571.000000
[2026-08-31 09:51:19] [TUSK] RECONCILIACIÓN_OK: 1 frentes alineados con exchange
[RANGO] autosello PRL · ACECHANDO · Oz=0.0 link=— · manos_feria_informe.json
[RANGO] PRLUSDT_LINEAL last=0.1601 · río=ciego/muleta · mercado=linear · estado=ACECHANDO · dir=— · 0=0.1613 · Oz=— · Red=— · manos=ON · pos=flat · latido=1.50s
[RANGO] PRLUSDT_LINEAL last=0.1601 · río=WS · mercado=linear · estado=ACECHANDO · dir=— · 0=0.1613 · Oz=— · Red=— · manos=ON · pos=flat · latido=1.50s
[RANGO] autosello PRL · ACECHANDO · Oz=0.0 link=— · manos_feria_informe.json
[RANGO] PRLUSDT_LINEAL last=0.1602 · río=WS · mercado=linear · estado=ACECHANDO · dir=— · 0=0.1613 · Oz=— · Red=— · manos=ON · pos=flat · latido=1.50s
[RANGO] autosello PRL · ACECHANDO · Oz=0.0 link=— · manos_feria_informe.json
[RANGO] PRLUSDT_LINEAL last=0.1601 · río=WS · mercado=linear · estado=ACECHANDO · dir=— · 0=0.1613 · Oz=— · Red=— · manos=ON · pos=flat · latido=1.50s
[RANGO] PRLUSDT_LINEAL last=0.1601 · río=WS · mercado=linear · estado=ACECHANDO · dir=— · 0=0.1613 · Oz=— · Red=— · manos=ON · pos=flat · latido=1.50s
[RANGO] autosello PRL · ACECHANDO · Oz=0.0 link=— · manos_feria_informe.json
[RANGO] PRLUSDT_LINEAL last=0.1602 · río=WS · mercado=linear · estado=ACECHANDO · dir=— · 0=0.1613 · Oz=— · Red=— · manos=ON · pos=flat · latido=1.50s
[2026-08-31 09:52:20] [TUSK] RECONCILIACIÓN: POWERUSDT_LINEAL: interno L:0.000000/S:571.000000 -> real L:0.000000/S:516.000000
[2026-08-31 09:52:20] [TUSK] RECONCILIACIÓN_OK: 1 frentes alineados con exchange
[RANGO] autosello PRL · ACECHANDO · Oz=0.0 link=— · manos_feria_informe.json
[RANGO] PRLUSDT_LINEAL last=0.1601 · río=WS · mercado=linear · estado=ACECHANDO · dir=— · 0=0.1613 · Oz=— · Red=— · manos=ON · pos=flat · latido=1.50s
[RANGO] PRLUSDT_LINEAL last=0.1599 · río=WS · mercado=linear · estado=ACECHANDO · dir=— · 0=0.1613 · Oz=— · Red=— · manos=ON · pos=flat · latido=1.50s
[RANGO] autosello PRL · ACECHANDO · Oz=0.0 link=— · manos_feria_informe.json
[RANGO] PRLUSDT_LINEAL last=0.1599 · río=WS · mercado=linear · estado=ACECHANDO · dir=— · 0=0.1613 · Oz=— · Red=— · manos=ON · pos=flat · latido=1.50s
[RANGO] autosello PRL · ACECHANDO · Oz=0.0 link=— · manos_feria_informe.json
[RANGO] PRLUSDT_LINEAL last=0.1599 · río=WS · mercado=linear · estado=ACECHANDO · dir=— · 0=0.1613 · Oz=— · Red=— · manos=ON · pos=flat · latido=1.50s
[RANGO] PRLUSDT_LINEAL last=0.1599 · río=WS · mercado=linear · estado=ACECHANDO · dir=— · 0=0.1613 · Oz=— · Red=— · manos=ON · pos=flat · latido=1.50s
[RANGO] autosello PRL · ACECHANDO · Oz=0.0 link=— · manos_feria_informe.json
[RANGO] PRLUSDT_LINEAL last=0.1599 · río=WS · mercado=linear · estado=ACECHANDO · dir=— · 0=0.1613 · Oz=— · Red=— · manos=ON · pos=flat · latido=1.50s
[RANGO] autosello PRL · ACECHANDO · Oz=0.0 link=— · manos_feria_informe.json
[RANGO] PRLUSDT_LINEAL last=0.1599 · río=ciego/muleta · mercado=linear · estado=ACECHANDO · dir=— · 0=0.1613 · Oz=— · Red=— · manos=ON · pos=flat · latido=1.50s
[RANGO] PRLUSDT_LINEAL last=0.1599 · río=ciego/muleta · mercado=linear · estado=ACECHANDO · dir=— · 0=0.1613 · Oz=— · Red=— · manos=ON · pos=flat · latido=1.50s
[RANGO] autosello PRL · ACECHANDO · Oz=0.0 link=— · manos_feria_informe.json
[RANGO] PRLUSDT_LINEAL last=0.1602 · río=WS · mercado=linear · estado=ACECHANDO · dir=— · 0=0.1613 · Oz=— · Red=— · manos=ON · pos=flat · latido=1.50s
[RANGO] autosello PRL · ACECHANDO · Oz=0.0 link=— · manos_feria_informe.json
[RANGO] PRLUSDT_LINEAL last=0.1601 · río=WS · mercado=linear · estado=ACECHANDO · dir=— · 0=0.1613 · Oz=— · Red=— · manos=ON · pos=flat · latido=1.50s
[RANGO] PRLUSDT_LINEAL last=0.1599 · río=ciego/muleta · mercado=linear · estado=ACECHANDO · dir=— · 0=0.1613 · Oz=— · Red=— · manos=ON · pos=flat · latido=1.50s
[RANGO] autosello PRL · ACECHANDO · Oz=0.0 link=— · manos_feria_informe.json
[RANGO] PRLUSDT_LINEAL last=0.16 · río=WS · mercado=linear · estado=ACECHANDO · dir=— · 0=0.1613 · Oz=— · Red=— · manos=ON · pos=flat · latido=1.50s
[2026-08-31 09:54:23] [TUSK] RECONCILIACIÓN: POWERUSDT_LINEAL: interno L:0.000000/S:516.000000 -> real L:0.000000/S:645.000000
[2026-08-31 09:54:23] [TUSK] RECONCILIACIÓN_OK: 1 frentes alineados con exchange
[RANGO] autosello PRL · ACECHANDO · Oz=0.0 link=— · manos_feria_informe.json
[RANGO] PRLUSDT_LINEAL last=0.1598 · río=WS · mercado=linear · estado=ACECHANDO · dir=— · 0=0.1613 · Oz=— · Red=— · manos=ON · pos=flat · latido=1.50s
[RANGO] PRLUSDT_LINEAL last=0.1598 · río=WS · mercado=linear · estado=ACECHANDO · dir=— · 0=0.1613 · Oz=— · Red=— · manos=ON · pos=flat · latido=1.50s
[RANGO] autosello PRL · ACECHANDO · Oz=0.0 link=— · manos_feria_informe.json
[RANGO] PRLUSDT_LINEAL last=0.16 · río=WS · mercado=linear · estado=ACECHANDO · dir=— · 0=0.1613 · Oz=— · Red=— · manos=ON · pos=flat · latido=1.50s
[RANGO] autosello PRL · ACECHANDO · Oz=0.0 link=— · manos_feria_informe.json
[RANGO] PRLUSDT_LINEAL last=0.16 · río=WS · mercado=linear · estado=ACECHANDO · dir=— · 0=0.1613 · Oz=— · Red=— · manos=ON · pos=flat · latido=1.50s
[RANGO] PRLUSDT_LINEAL last=0.1599 · río=WS · mercado=linear · estado=ACECHANDO · dir=— · 0=0.1613 · Oz=— · Red=— · manos=ON · pos=flat · latido=1.50s
[RANGO] autosello PRL · ACECHANDO · Oz=0.0 link=— · manos_feria_informe.json
[RANGO] PRLUSDT_LINEAL last=0.16 · río=WS · mercado=linear · estado=ACECHANDO · dir=— · 0=0.1613 · Oz=— · Red=— · manos=ON · pos=flat · latido=1.50s
[2026-08-31 09:55:24] [TUSK] RECONCILIACIÓN: SNXXUSDT_LINEAL: interno L:6.470000/S:0.000000 -> real L:6.850000/S:0.000000
[2026-08-31 09:55:24] [TUSK] RECONCILIACIÓN_OK: 1 frentes alineados con exchange
[RANGO] autosello PRL · ACECHANDO · Oz=0.0 link=— · manos_feria_informe.json
[RANGO] PRLUSDT_LINEAL last=0.1601 · río=WS · mercado=linear · estado=ACECHANDO · dir=— · 0=0.1613 · Oz=— · Red=— · manos=ON · pos=flat · latido=1.50s
[RANGO] PRLUSDT_LINEAL last=0.16 · río=ciego/muleta · mercado=linear · estado=ACECHANDO · dir=— · 0=0.1613 · Oz=— · Red=— · manos=ON · pos=flat · latido=1.50s
[RANGO] autosello PRL · ACECHANDO · Oz=0.0 link=— · manos_feria_informe.json
[RANGO] PRLUSDT_LINEAL last=0.16 · río=WS · mercado=linear · estado=ACECHANDO · dir=— · 0=0.1613 · Oz=— · Red=— · manos=ON · pos=flat · latido=1.50s
[RANGO] autosello PRL · ACECHANDO · Oz=0.0 link=— · manos_feria_informe.json
[RANGO] PRLUSDT_LINEAL last=0.1602 · río=ciego/muleta · mercado=linear · estado=ACECHANDO · dir=— · 0=0.1613 · Oz=— · Red=— · manos=ON · pos=flat · latido=1.50s
[RANGO] autosello PRL · ACECHANDO · Oz=0.0 link=— · manos_feria_informe.json
[RANGO] PRLUSDT_LINEAL last=0.1605 · río=WS · mercado=linear · estado=ACECHANDO · dir=— · 0=0.1613 · Oz=— · Red=— · manos=ON · pos=flat · latido=1.50s
[RANGO] PRLUSDT_LINEAL last=0.1602 · río=WS · mercado=linear · estado=ACECHANDO · dir=— · 0=0.1613 · Oz=— · Red=— · manos=ON · pos=flat · latido=1.50s
[2026-08-31 09:56:26] [TUSK] RECONCILIACIÓN: POWERUSDT_LINEAL: interno L:0.000000/S:645.000000 -> real L:0.000000/S:590.000000
[2026-08-31 09:56:26] [TUSK] RECONCILIACIÓN: ROSEUSDT_LINEAL: interno L:0.000000/S:0.000000 -> real L:0.000000/S:2258.000000
[2026-08-31 09:56:26] [TUSK] RECONCILIACIÓN_FANTASMA: LITUSDT_LINEAL existe interno pero no en exchange -> reseteando
[2026-08-31 09:56:26] [TUSK] RECONCILIACIÓN_OK: 3 frentes alineados con exchange
[RANGO] autosello PRL · ACECHANDO · Oz=0.0 link=— · manos_feria_informe.json
[RANGO] PRLUSDT_LINEAL last=0.1603 · río=WS · mercado=linear · estado=ACECHANDO · dir=— · 0=0.1613 · Oz=— · Red=— · manos=ON · pos=flat · latido=1.50s
[RANGO] autosello PRL · ACECHANDO · Oz=0.0 link=— · manos_feria_informe.json
[RANGO] PRLUSDT_LINEAL last=0.1603 · río=WS · mercado=linear · estado=ACECHANDO · dir=— · 0=0.1613 · Oz=— · Red=— · manos=ON · pos=flat · latido=1.50s
[RANGO] PRLUSDT_LINEAL last=0.1602 · río=WS · mercado=linear · estado=ACECHANDO · dir=— · 0=0.1613 · Oz=— · Red=— · manos=ON · pos=flat · latido=1.50s
[RANGO] autosello PRL · ACECHANDO · Oz=0.0 link=— · manos_feria_informe.json
[RANGO] PRLUSDT_LINEAL last=0.1603 · río=WS · mercado=linear · estado=ACECHANDO · dir=— · 0=0.1613 · Oz=— · Red=— · manos=ON · pos=flat · latido=1.50s
[RANGO] autosello PRL · ACECHANDO · Oz=0.0 link=— · manos_feria_informe.json
[RANGO] PRLUSDT_LINEAL last=0.1603 · río=WS · mercado=linear · estado=ACECHANDO · dir=— · 0=0.1613 · Oz=— · Red=— · manos=ON · pos=flat · latido=1.50s
[RANGO] PRLUSDT_LINEAL last=0.1603 · río=WS · mercado=linear · estado=ACECHANDO · dir=— · 0=0.1613 · Oz=— · Red=— · manos=ON · pos=flat · latido=1.50s
[2026-08-31 09:57:27] [TUSK] RECONCILIACIÓN: INTWUSDT_LINEAL: interno L:0.000000/S:0.000000 -> real L:2.680000/S:0.000000
[2026-08-31 09:57:27] [TUSK] RECONCILIACIÓN_FANTASMA: CHIPUSDT_LINEAL existe interno pero no en exchange -> reseteando
[2026-08-31 09:57:27] [TUSK] RECONCILIACIÓN_OK: 2 frentes alineados con exchange
[RANGO] autosello PRL · ACECHANDO · Oz=0.0 link=— · manos_feria_informe.json
[RANGO] PRLUSDT_LINEAL last=0.1602 · río=WS · mercado=linear · estado=ACECHANDO · dir=— · 0=0.1613 · Oz=— · Red=— · manos=ON · pos=flat · latido=1.50s
[RANGO] autosello PRL · ACECHANDO · Oz=0.0 link=— · manos_feria_informe.json
[RANGO] PRLUSDT_LINEAL last=0.1602 · río=ciego/muleta · mercado=linear · estado=ACECHANDO · dir=— · 0=0.1613 · Oz=— · Red=— · manos=ON · pos=flat · latido=1.50s
[RANGO] PRLUSDT_LINEAL last=0.1602 · río=ciego/muleta · mercado=linear · estado=ACECHANDO · dir=— · 0=0.1613 · Oz=— · Red=— · manos=ON · pos=flat · latido=1.50s
[RANGO] autosello PRL · ACECHANDO · Oz=0.0 link=— · manos_feria_informe.json
[RANGO] PRLUSDT_LINEAL last=0.1602 · río=WS · mercado=linear · estado=ACECHANDO · dir=— · 0=0.1613 · Oz=— · Red=— · manos=ON · pos=flat · latido=1.50s
[RANGO] autosello PRL · ACECHANDO · Oz=0.0 link=— · manos_feria_informe.json
[RANGO] PRLUSDT_LINEAL last=0.1602 · río=ciego/muleta · mercado=linear · estado=ACECHANDO · dir=— · 0=0.1613 · Oz=— · Red=— · manos=ON · pos=flat · latido=1.50s
[RANGO] PRLUSDT_LINEAL last=0.1602 · río=WS · mercado=linear · estado=ACECHANDO · dir=— · 0=0.1613 · Oz=— · Red=— · manos=ON · pos=flat · latido=1.50s
[RANGO] autosello PRL · ACECHANDO · Oz=0.0 link=— · manos_feria_informe.json
[2026-08-31 09:58:28] [TUSK] RECONCILIACIÓN: POWERUSDT_LINEAL: interno L:0.000000/S:590.000000 -> real L:0.000000/S:523.000000
[2026-08-31 09:58:28] [TUSK] RECONCILIACIÓN_OK: 1 frentes alineados con exchange
[RANGO] PRLUSDT_LINEAL last=0.1602 · río=ciego/muleta · mercado=linear · estado=ACECHANDO · dir=— · 0=0.1613 · Oz=— · Red=— · manos=ON · pos=flat · latido=1.50s
[RANGO] autosello PRL · ACECHANDO · Oz=0.0 link=— · manos_feria_informe.json
[RANGO] PRLUSDT_LINEAL last=0.1602 · río=WS · mercado=linear · estado=ACECHANDO · dir=— · 0=0.1613 · Oz=— · Red=— · manos=ON · pos=flat · latido=1.50s
[RANGO] PRLUSDT_LINEAL last=0.1604 · río=ciego/muleta · mercado=linear · estado=ACECHANDO · dir=— · 0=0.1613 · Oz=— · Red=— · manos=ON · pos=flat · latido=1.50s
[RANGO] autosello PRL · ACECHANDO · Oz=0.0 link=— · manos_feria_informe.json
[RANGO] PRLUSDT_LINEAL last=0.1604 · río=WS · mercado=linear · estado=ACECHANDO · dir=— · 0=0.1613 · Oz=— · Red=— · manos=ON · pos=flat · latido=1.50s
[RANGO] autosello PRL · ACECHANDO · Oz=0.0 link=— · manos_feria_informe.json
[RANGO] PRLUSDT_LINEAL last=0.1604 · río=WS · mercado=linear · estado=ACECHANDO · dir=— · 0=0.1613 · Oz=— · Red=— · manos=ON · pos=flat · latido=1.50s
[RANGO] PRLUSDT_LINEAL last=0.1605 · río=WS · mercado=linear · estado=ACECHANDO · dir=— · 0=0.1613 · Oz=— · Red=— · manos=ON · pos=flat · latido=1.50s
[RANGO] autosello PRL · ACECHANDO · Oz=0.0 link=— · manos_feria_informe.json
[2026-08-31 09:59:30] [TUSK] RECONCILIACIÓN: MVLLUSDT_LINEAL: interno L:0.000000/S:0.000000 -> real L:3.770000/S:0.000000
[2026-08-31 09:59:30] [TUSK] RECONCILIACIÓN_FANTASMA: NILUSDT_LINEAL existe interno pero no en exchange -> reseteando
[2026-08-31 09:59:30] [TUSK] RECONCILIACIÓN_OK: 2 frentes alineados con exchange
[RANGO] PRLUSDT_LINEAL last=0.1604 · río=WS · mercado=linear · estado=ACECHANDO · dir=— · 0=0.1613 · Oz=— · Red=— · manos=ON · pos=flat · latido=1.50s
[RANGO] autosello PRL · ACECHANDO · Oz=0.0 link=— · manos_feria_informe.json
[RANGO] PRLUSDT_LINEAL last=0.1605 · río=WS · mercado=linear · estado=ACECHANDO · dir=— · 0=0.1613 · Oz=— · Red=— · manos=ON · pos=flat · latido=1.50s
[RANGO] PRLUSDT_LINEAL last=0.1604 · río=ciego/muleta · mercado=linear · estado=ACECHANDO · dir=— · 0=0.1613 · Oz=— · Red=— · manos=ON · pos=flat · latido=1.50s
[RANGO] autosello PRL · ACECHANDO · Oz=0.0 link=— · manos_feria_informe.json
[RANGO] PRLUSDT_LINEAL last=0.1606 · río=WS · mercado=linear · estado=ACECHANDO · dir=— · 0=0.1613 · Oz=— · Red=— · manos=ON · pos=flat · latido=1.50s
[RANGO] autosello PRL · ACECHANDO · Oz=0.0 link=— · manos_feria_informe.json
[RANGO] PRLUSDT_LINEAL last=0.1605 · río=WS · mercado=linear · estado=ACECHANDO · dir=— · 0=0.1613 · Oz=— · Red=— · manos=ON · pos=flat · latido=1.50s
[RANGO] PRLUSDT_LINEAL last=0.1604 · río=ciego/muleta · mercado=linear · estado=ACECHANDO · dir=— · 0=0.1613 · Oz=— · Red=— · manos=ON · pos=flat · latido=1.50s
[RANGO] autosello PRL · ACECHANDO · Oz=0.0 link=— · manos_feria_informe.json
[2026-08-31 10:00:31] [TUSK] RECONCILIACIÓN: LSKUSDT_LINEAL: interno L:0.000000/S:0.000000 -> real L:94.400000/S:0.000000
[2026-08-31 10:00:31] [TUSK] RECONCILIACIÓN: CRDOUSDT_LINEAL: interno L:0.000000/S:0.000000 -> real L:0.140000/S:0.000000
[2026-08-31 10:00:31] [TUSK] RECONCILIACIÓN: XLMUSDT_LINEAL: interno L:0.000000/S:0.000000 -> real L:334.000000/S:0.000000
[2026-08-31 10:00:31] [TUSK] RECONCILIACIÓN: BATUSDT_LINEAL: interno L:0.000000/S:0.000000 -> real L:277.700000/S:0.000000
[2026-08-31 10:00:31] [TUSK] RECONCILIACIÓN: DASHUSDT_LINEAL: interno L:0.000000/S:0.000000 -> real L:0.000000/S:0.340000
[2026-08-31 10:00:31] [TUSK] RECONCILIACIÓN: SPACEUSDT_LINEAL: interno L:0.000000/S:0.000000 -> real L:3640.000000/S:0.000000
[2026-08-31 10:00:31] [TUSK] RECONCILIACIÓN: HYUNDAIUSDT_LINEAL: interno L:0.000000/S:0.000000 -> real L:0.200000/S:0.000000
[2026-08-31 10:00:31] [TUSK] RECONCILIACIÓN: ORCLUSDT_LINEAL: interno L:0.000000/S:0.000000 -> real L:0.090000/S:0.000000
[2026-08-31 10:00:31] [TUSK] RECONCILIACIÓN: ZBCNUSDT_LINEAL: interno L:0.000000/S:0.000000 -> real L:9700.000000/S:0.000000
[2026-08-31 10:00:31] [TUSK] RECONCILIACIÓN: APLDUSDT_LINEAL: interno L:0.000000/S:0.000000 -> real L:0.880000/S:0.000000
[2026-08-31 10:00:31] [TUSK] RECONCILIACIÓN: WDCUSDT_LINEAL: interno L:0.000000/S:0.000000 -> real L:0.020000/S:0.000000
[2026-08-31 10:00:31] [TUSK] RECONCILIACIÓN: AIGENSYNUSDT_LINEAL: interno L:0.000000/S:0.000000 -> real L:1230.000000/S:0.000000
[2026-08-31 10:00:31] [TUSK] RECONCILIACIÓN: CIENUSDT_LINEAL: interno L:0.000000/S:0.000000 -> real L:0.020000/S:0.000000
[2026-08-31 10:00:31] [TUSK] RECONCILIACIÓN: INTCUSDT_LINEAL: interno L:0.000000/S:0.000000 -> real L:0.130000/S:0.000000
[2026-08-31 10:00:31] [TUSK] RECONCILIACIÓN: SAFEUSDT_LINEAL: interno L:0.000000/S:0.000000 -> real L:0.000000/S:46.600000
[2026-08-31 10:00:31] [TUSK] RECONCILIACIÓN: SKHYUSDT_LINEAL: interno L:0.000000/S:0.000000 -> real L:0.260000/S:0.000000
[2026-08-31 10:00:31] [TUSK] RECONCILIACIÓN_FANTASMA: SAMSUNGUSDT_LINEAL existe interno pero no en exchange -> reseteando
[2026-08-31 10:00:31] [TUSK] RECONCILIACIÓN_FANTASMA: PLTRUSDT_LINEAL existe interno pero no en exchange -> reseteando
[2026-08-31 10:00:31] [TUSK] RECONCILIACIÓN_FANTASMA: BIOUSDT_LINEAL existe interno pero no en exchange -> reseteando
[2026-08-31 10:00:31] [TUSK] RECONCILIACIÓN_FANTASMA: SNXXUSDT_LINEAL existe interno pero no en exchange -> reseteando
[2026-08-31 10:00:31] [TUSK] RECONCILIACIÓN_FANTASMA: MVLLUSDT_LINEAL existe interno pero no en exchange -> reseteando
[2026-08-31 10:00:31] [TUSK] RECONCILIACIÓN_FANTASMA: INTWUSDT_LINEAL existe interno pero no en exchange -> reseteando
[2026-08-31 10:00:31] [TUSK] RECONCILIACIÓN_FANTASMA: NBISUSDT_LINEAL existe interno pero no en exchange -> reseteando
[2026-08-31 10:00:31] [TUSK] RECONCILIACIÓN_FANTASMA: AXTIUSDT_LINEAL existe interno pero no en exchange -> reseteando
[2026-08-31 10:00:31] [TUSK] RECONCILIACIÓN_FANTASMA: ZKPUSDT_LINEAL existe interno pero no en exchange -> reseteando
[2026-08-31 10:00:31] [TUSK] RECONCILIACIÓN_FANTASMA: MSTRUSDT_LINEAL existe interno pero no en exchange -> reseteando
[2026-08-31 10:00:31] [TUSK] RECONCILIACIÓN_FANTASMA: PURRUSDT_LINEAL existe interno pero no en exchange -> reseteando
[2026-08-31 10:00:31] [TUSK] RECONCILIACIÓN_FANTASMA: MUBARAKUSDT_LINEAL existe interno pero no en exchange -> reseteando
[2026-08-31 10:00:31] [TUSK] RECONCILIACIÓN_FANTASMA: FWDIUSDT_LINEAL existe interno pero no en exchange -> reseteando
[2026-08-31 10:00:31] [TUSK] RECONCILIACIÓN_FANTASMA: SHAZUSDT_LINEAL existe interno pero no en exchange -> reseteando
[2026-08-31 10:00:31] [TUSK] RECONCILIACIÓN_FANTASMA: HYPEUSDT_LINEAL existe interno pero no en exchange -> reseteando
[2026-08-31 10:00:31] [TUSK] RECONCILIACIÓN_FANTASMA: ROSEUSDT_LINEAL existe interno pero no en exchange -> reseteando
[2026-08-31 10:00:31] [TUSK] RECONCILIACIÓN_OK: 32 frentes alineados con exchange
[RANGO] PRLUSDT_LINEAL last=0.1604 · río=ciego/muleta · mercado=linear · estado=ACECHANDO · dir=— · 0=0.1613 · Oz=— · Red=— · manos=ON · pos=flat · latido=1.50s
[RANGO] autosello PRL · ACECHANDO · Oz=0.0 link=— · manos_feria_informe.json
[RANGO] PRLUSDT_LINEAL last=0.1602 · río=WS · mercado=linear · estado=ACECHANDO · dir=— · 0=0.1613 · Oz=— · Red=— · manos=ON · pos=flat · latido=1.50s
[RANGO] autosello PRL · ACECHANDO · Oz=0.0 link=— · manos_feria_informe.json
[RANGO] PRLUSDT_LINEAL last=0.1604 · río=WS · mercado=linear · estado=ACECHANDO · dir=— · 0=0.1613 · Oz=— · Red=— · manos=ON · pos=flat · latido=1.50s
[RANGO] PRLUSDT_LINEAL last=0.1602 · río=ciego/muleta · mercado=linear · estado=ACECHANDO · dir=— · 0=0.1613 · Oz=— · Red=— · manos=ON · pos=flat · latido=1.50s
[RANGO] autosello PRL · ACECHANDO · Oz=0.0 link=— · manos_feria_informe.json
[RANGO] PRLUSDT_LINEAL last=0.1604 · río=WS · mercado=linear · estado=ACECHANDO · dir=— · 0=0.1613 · Oz=— · Red=— · manos=ON · pos=flat · latido=1.50s
[RANGO] autosello PRL · ACECHANDO · Oz=0.0 link=— · manos_feria_informe.json
[RANGO] PRLUSDT_LINEAL last=0.1604 · río=WS · mercado=linear · estado=ACECHANDO · dir=— · 0=0.1613 · Oz=— · Red=— · manos=ON · pos=flat · latido=1.50s
[2026-08-31 10:01:32] [TUSK] RECONCILIACIÓN: POWERUSDT_LINEAL: interno L:0.000000/S:523.000000 -> real L:0.000000/S:364.000000
[2026-08-31 10:01:32] [TUSK] RECONCILIACIÓN: KNCUSDT_LINEAL: interno L:0.000000/S:0.000000 -> real L:354.100000/S:0.000000
[2026-08-31 10:01:32] [TUSK] RECONCILIACIÓN_FANTASMA: SKHYUSDT_LINEAL existe interno pero no en exchange -> reseteando
[2026-08-31 10:01:32] [TUSK] RECONCILIACIÓN_OK: 3 frentes alineados con exchange
[RANGO] PRLUSDT_LINEAL last=0.1603 · río=ciego/muleta · mercado=linear · estado=ACECHANDO · dir=— · 0=0.1613 · Oz=— · Red=— · manos=ON · pos=flat · latido=1.50s
[RANGO] autosello PRL · ACECHANDO · Oz=0.0 link=— · manos_feria_informe.json
[RANGO] PRLUSDT_LINEAL last=0.1603 · río=WS · mercado=linear · estado=ACECHANDO · dir=— · 0=0.1613 · Oz=— · Red=— · manos=ON · pos=flat · latido=1.50s
[RANGO] autosello PRL · ACECHANDO · Oz=0.0 link=— · manos_feria_informe.json
[RANGO] PRLUSDT_LINEAL last=0.1605 · río=WS · mercado=linear · estado=ACECHANDO · dir=— · 0=0.1613 · Oz=— · Red=— · manos=ON · pos=flat · latido=1.50s
[RANGO] PRLUSDT_LINEAL last=0.1605 · río=WS · mercado=linear · estado=ACECHANDO · dir=— · 0=0.1613 · Oz=— · Red=— · manos=ON · pos=flat · latido=1.50s
[RANGO] autosello PRL · ACECHANDO · Oz=0.0 link=— · manos_feria_informe.json
[RANGO] PRLUSDT_LINEAL last=0.1609 · río=WS · mercado=linear · estado=ACECHANDO · dir=— · 0=0.1613 · Oz=— · Red=— · manos=ON · pos=flat · latido=1.50s
[RANGO] autosello PRL · ACECHANDO · Oz=0.0 link=— · manos_feria_informe.json
[RANGO] PRLUSDT_LINEAL last=0.1605 · río=WS · mercado=linear · estado=ACECHANDO · dir=— · 0=0.1613 · Oz=— · Red=— · manos=ON · pos=flat · latido=1.50s
[RANGO] PRLUSDT_LINEAL last=0.1605 · río=WS · mercado=linear · estado=ACECHANDO · dir=— · 0=0.1613 · Oz=— · Red=— · manos=ON · pos=flat · latido=1.50s
[RANGO] autosello PRL · ACECHANDO · Oz=0.0 link=— · manos_feria_informe.json
[RANGO] PRLUSDT_LINEAL last=0.1607 · río=WS · mercado=linear · estado=ACECHANDO · dir=— · 0=0.1613 · Oz=— · Red=— · manos=ON · pos=flat · latido=1.50s
[RANGO] autosello PRL · ACECHANDO · Oz=0.0 link=— · manos_feria_informe.json
[RANGO] PRLUSDT_LINEAL last=0.1606 · río=WS · mercado=linear · estado=ACECHANDO · dir=— · 0=0.1613 · Oz=— · Red=— · manos=ON · pos=flat · latido=1.50s
[RANGO] PRLUSDT_LINEAL last=0.1605 · río=ciego/muleta · mercado=linear · estado=ACECHANDO · dir=— · 0=0.1613 · Oz=— · Red=— · manos=ON · pos=flat · latido=1.50s
[RANGO] autosello PRL · ACECHANDO · Oz=0.0 link=— · manos_feria_informe.json
[RANGO] PRLUSDT_LINEAL last=0.1604 · río=WS · mercado=linear · estado=ACECHANDO · dir=— · 0=0.1613 · Oz=— · Red=— · manos=ON · pos=flat · latido=1.50s
[RANGO] autosello PRL · ACECHANDO · Oz=0.0 link=— · manos_feria_informe.json
[RANGO] PRLUSDT_LINEAL last=0.1606 · río=ciego/muleta · mercado=linear · estado=ACECHANDO · dir=— · 0=0.1613 · Oz=— · Red=— · manos=ON · pos=flat · latido=1.50s
[2026-08-31 10:03:35] [TUSK] RECONCILIACIÓN: FWDIUSDT_LINEAL: interno L:0.000000/S:0.000000 -> real L:0.000000/S:5.100000
[2026-08-31 10:03:35] [TUSK] RECONCILIACIÓN: NBISUSDT_LINEAL: interno L:0.000000/S:0.000000 -> real L:0.000000/S:0.050000
[2026-08-31 10:03:35] [TUSK] RECONCILIACIÓN: RDWUSDT_LINEAL: interno L:0.000000/S:0.000000 -> real L:0.700000/S:0.000000
[2026-08-31 10:03:35] [TUSK] RECONCILIACIÓN_FANTASMA: CIENUSDT_LINEAL existe interno pero no en exchange -> reseteando
[2026-08-31 10:03:35] [TUSK] RECONCILIACIÓN_FANTASMA: INTCUSDT_LINEAL existe interno pero no en exchange -> reseteando
[2026-08-31 10:03:35] [TUSK] RECONCILIACIÓN_FANTASMA: SAFEUSDT_LINEAL existe interno pero no en exchange -> reseteando
[2026-08-31 10:03:35] [TUSK] RECONCILIACIÓN_OK: 6 frentes alineados con exchange
[RANGO] PRLUSDT_LINEAL last=0.1604 · río=WS · mercado=linear · estado=ACECHANDO · dir=— · 0=0.1613 · Oz=— · Red=— · manos=ON · pos=flat · latido=1.50s
[RANGO] autosello PRL · ACECHANDO · Oz=0.0 link=— · manos_feria_informe.json
[RANGO] PRLUSDT_LINEAL last=0.1606 · río=WS · mercado=linear · estado=ACECHANDO · dir=— · 0=0.1613 · Oz=— · Red=— · manos=ON · pos=flat · latido=1.50s
[RANGO] autosello PRL · ACECHANDO · Oz=0.0 link=— · manos_feria_informe.json
[RANGO] PRLUSDT_LINEAL last=0.1605 · río=WS · mercado=linear · estado=ACECHANDO · dir=— · 0=0.1613 · Oz=— · Red=— · manos=ON · pos=flat · latido=1.50s
[RANGO] PRLUSDT_LINEAL last=0.1605 · río=WS · mercado=linear · estado=ACECHANDO · dir=— · 0=0.1613 · Oz=— · Red=— · manos=ON · pos=flat · latido=1.50s
[RANGO] autosello PRL · ACECHANDO · Oz=0.0 link=— · manos_feria_informe.json
[RANGO] PRLUSDT_LINEAL last=0.1605 · río=WS · mercado=linear · estado=ACECHANDO · dir=— · 0=0.1613 · Oz=— · Red=— · manos=ON · pos=flat · latido=1.50s
[RANGO] autosello PRL · ACECHANDO · Oz=0.0 link=— · manos_feria_informe.json
[RANGO] PRLUSDT_LINEAL last=0.1606 · río=WS · mercado=linear · estado=ACECHANDO · dir=— · 0=0.1613 · Oz=— · Red=— · manos=ON · pos=flat · latido=1.50s
[RANGO] PRLUSDT_LINEAL last=0.1604 · río=ciego/muleta · mercado=linear · estado=ACECHANDO · dir=— · 0=0.1613 · Oz=— · Red=— · manos=ON · pos=flat · latido=1.50s
[RANGO] autosello PRL · ACECHANDO · Oz=0.0 link=— · manos_feria_informe.json
[RANGO] PRLUSDT_LINEAL last=0.1604 · río=ciego/muleta · mercado=linear · estado=ACECHANDO · dir=— · 0=0.1613 · Oz=— · Red=— · manos=ON · pos=flat · latido=1.50s
[RANGO] autosello PRL · ACECHANDO · Oz=0.0 link=— · manos_feria_informe.json
[RANGO] PRLUSDT_LINEAL last=0.1604 · río=WS · mercado=linear · estado=ACECHANDO · dir=— · 0=0.1613 · Oz=— · Red=— · manos=ON · pos=flat · latido=1.50s
[RANGO] autosello PRL · ACECHANDO · Oz=0.0 link=— · manos_feria_informe.json
[RANGO] PRLUSDT_LINEAL last=0.1603 · río=WS · mercado=linear · estado=ACECHANDO · dir=— · 0=0.1613 · Oz=— · Red=— · manos=ON · pos=flat · latido=1.50s
[RANGO] PRLUSDT_LINEAL last=0.1599 · río=WS · mercado=linear · estado=ACECHANDO · dir=— · 0=0.1613 · Oz=— · Red=— · manos=ON · pos=flat · latido=1.50s
[RANGO] autosello PRL · ACECHANDO · Oz=0.0 link=— · manos_feria_informe.json
[RANGO] PRLUSDT_LINEAL last=0.16 · río=ciego/muleta · mercado=linear · estado=ACECHANDO · dir=— · 0=0.1613 · Oz=— · Red=— · manos=ON · pos=flat · latido=1.50s
[2026-08-31 10:05:37] [TUSK] RECONCILIACIÓN: NILUSDT_LINEAL: interno L:0.000000/S:0.000000 -> real L:222.000000/S:0.000000
[2026-08-31 10:05:37] [TUSK] RECONCILIACIÓN: KORUUSDT_LINEAL: interno L:0.000000/S:0.000000 -> real L:0.000000/S:4.620000
[2026-08-31 10:05:37] [TUSK] RECONCILIACIÓN: PLTRUSDT_LINEAL: interno L:0.000000/S:0.000000 -> real L:0.030000/S:0.000000
[2026-08-31 10:05:37] [TUSK] RECONCILIACIÓN_FANTASMA: WDCUSDT_LINEAL existe interno pero no en exchange -> reseteando
[2026-08-31 10:05:37] [TUSK] RECONCILIACIÓN_FANTASMA: SYRUPUSDT_LINEAL existe interno pero no en exchange -> reseteando
[2026-08-31 10:05:38] [TUSK] RECONCILIACIÓN_FANTASMA: AIGENSYNUSDT_LINEAL existe interno pero no en exchange -> reseteando
[2026-08-31 10:05:38] [TUSK] RECONCILIACIÓN_OK: 6 frentes alineados con exchange
[RANGO] autosello PRL · ACECHANDO · Oz=0.0 link=— · manos_feria_informe.json
[RANGO] PRLUSDT_LINEAL last=0.16 · río=ciego/muleta · mercado=linear · estado=ACECHANDO · dir=— · 0=0.1613 · Oz=— · Red=— · manos=ON · pos=flat · latido=1.50s
[RANGO] PRLUSDT_LINEAL last=0.16 · río=ciego/muleta · mercado=linear · estado=ACECHANDO · dir=— · 0=0.1613 · Oz=— · Red=— · manos=ON · pos=flat · latido=1.50s
[RANGO] autosello PRL · ACECHANDO · Oz=0.0 link=— · manos_feria_informe.json
[RANGO] PRLUSDT_LINEAL last=0.1599 · río=WS · mercado=linear · estado=ACECHANDO · dir=— · 0=0.1613 · Oz=— · Red=— · manos=ON · pos=flat · latido=1.50s
[RANGO] autosello PRL · ACECHANDO · Oz=0.0 link=— · manos_feria_informe.json
[RANGO] PRLUSDT_LINEAL last=0.1599 · río=ciego/muleta · mercado=linear · estado=ACECHANDO · dir=— · 0=0.1613 · Oz=— · Red=— · manos=ON · pos=flat · latido=1.50s
[RANGO] PRLUSDT_LINEAL last=0.1599 · río=WS · mercado=linear · estado=ACECHANDO · dir=— · 0=0.1613 · Oz=— · Red=— · manos=ON · pos=flat · latido=1.50s
[RANGO] autosello PRL · ACECHANDO · Oz=0.0 link=— · manos_feria_informe.json
[RANGO] PRLUSDT_LINEAL last=0.1599 · río=ciego/muleta · mercado=linear · estado=ACECHANDO · dir=— · 0=0.1613 · Oz=— · Red=— · manos=ON · pos=flat · latido=1.50s
[2026-08-31 10:06:39] [TUSK] RECONCILIACIÓN: TWTUSDT_LINEAL: interno L:0.000000/S:0.000000 -> real L:48.800000/S:0.000000
[2026-08-31 10:06:39] [TUSK] RECONCILIACIÓN: ZEREBROUSDT_LINEAL: interno L:0.000000/S:0.000000 -> real L:0.000000/S:556.000000
[2026-08-31 10:06:39] [TUSK] RECONCILIACIÓN_FANTASMA: ZBCNUSDT_LINEAL existe interno pero no en exchange -> reseteando
[2026-08-31 10:06:39] [TUSK] RECONCILIACIÓN_FANTASMA: APLDUSDT_LINEAL existe interno pero no en exchange -> reseteando
[2026-08-31 10:06:39] [TUSK] RECONCILIACIÓN_OK: 4 frentes alineados con exchange
[RANGO] autosello PRL · ACECHANDO · Oz=0.0 link=— · manos_feria_informe.json
[RANGO] PRLUSDT_LINEAL last=0.16 · río=WS · mercado=linear · estado=ACECHANDO · dir=— · 0=0.1613 · Oz=— · Red=— · manos=ON · pos=flat · latido=1.50s
[RANGO] autosello PRL · ACECHANDO · Oz=0.0 link=— · manos_feria_informe.json
[RANGO] PRLUSDT_LINEAL last=0.16 · río=ciego/muleta · mercado=linear · estado=ACECHANDO · dir=— · 0=0.1613 · Oz=— · Red=— · manos=ON · pos=flat · latido=1.50s
[RANGO] PRLUSDT_LINEAL last=0.1602 · río=WS · mercado=linear · estado=ACECHANDO · dir=— · 0=0.1613 · Oz=— · Red=— · manos=ON · pos=flat · latido=1.50s
[RANGO] autosello PRL · ACECHANDO · Oz=0.0 link=— · manos_feria_informe.json
[RANGO] PRLUSDT_LINEAL last=0.1601 · río=WS · mercado=linear · estado=ACECHANDO · dir=— · 0=0.1613 · Oz=— · Red=— · manos=ON · pos=flat · latido=1.50s
[RANGO] autosello PRL · ACECHANDO · Oz=0.0 link=— · manos_feria_informe.json
[RANGO] PRLUSDT_LINEAL last=0.1599 · río=WS · mercado=linear · estado=ACECHANDO · dir=— · 0=0.1613 · Oz=— · Red=— · manos=ON · pos=flat · latido=1.50s
[RANGO] PRLUSDT_LINEAL last=0.1601 · río=WS · mercado=linear · estado=ACECHANDO · dir=— · 0=0.1613 · Oz=— · Red=— · manos=ON · pos=flat · latido=1.50s
[RANGO] autosello PRL · ACECHANDO · Oz=0.0 link=— · manos_feria_informe.json
[RANGO] PRLUSDT_LINEAL last=0.1602 · río=WS · mercado=linear · estado=ACECHANDO · dir=— · 0=0.1613 · Oz=— · Red=— · manos=ON · pos=flat · latido=1.50s
[RANGO] autosello PRL · ACECHANDO · Oz=0.0 link=— · manos_feria_informe.json
[RANGO] PRLUSDT_LINEAL last=0.16 · río=WS · mercado=linear · estado=ACECHANDO · dir=— · 0=0.1613 · Oz=— · Red=— · manos=ON · pos=flat · latido=1.50s
[RANGO] PRLUSDT_LINEAL last=0.1601 · río=ciego/muleta · mercado=linear · estado=ACECHANDO · dir=— · 0=0.1613 · Oz=— · Red=— · manos=ON · pos=flat · latido=1.50s
[RANGO] autosello PRL · ACECHANDO · Oz=0.0 link=— · manos_feria_informe.json
[RANGO] PRLUSDT_LINEAL last=0.1598 · río=WS · mercado=linear · estado=ACECHANDO · dir=— · 0=0.1613 · Oz=— · Red=— · manos=ON · pos=flat · latido=1.50s
[RANGO] autosello PRL · ACECHANDO · Oz=0.0 link=— · manos_feria_informe.json
[RANGO] PRLUSDT_LINEAL last=0.1597 · río=WS · mercado=linear · estado=ACECHANDO · dir=— · 0=0.1613 · Oz=— · Red=— · manos=ON · pos=flat · latido=1.50s
[RANGO] PRLUSDT_LINEAL last=0.1597 · río=WS · mercado=linear · estado=ACECHANDO · dir=— · 0=0.1613 · Oz=— · Red=— · manos=ON · pos=flat · latido=1.50s
[2026-08-31 10:08:42] [TUSK] RECONCILIACIÓN: XANUSDT_LINEAL: interno L:0.000000/S:982.000000 -> real L:0.000000/S:542.000000
[2026-08-31 10:08:42] [TUSK] RECONCILIACIÓN: SNXXUSDT_LINEAL: interno L:0.000000/S:0.000000 -> real L:7.610000/S:0.000000
[2026-08-31 10:08:42] [TUSK] RECONCILIACIÓN: POWERUSDT_LINEAL: interno L:0.000000/S:364.000000 -> real L:0.000000/S:307.000000
[2026-08-31 10:08:42] [TUSK] RECONCILIACIÓN_FANTASMA: ORCLUSDT_LINEAL existe interno pero no en exchange -> reseteando
[2026-08-31 10:08:42] [TUSK] RECONCILIACIÓN_OK: 4 frentes alineados con exchange
[RANGO] autosello PRL · ACECHANDO · Oz=0.0 link=— · manos_feria_informe.json
[RANGO] PRLUSDT_LINEAL last=0.1598 · río=WS · mercado=linear · estado=ACECHANDO · dir=— · 0=0.1613 · Oz=— · Red=— · manos=ON · pos=flat · latido=1.50s
[RANGO] autosello PRL · ACECHANDO · Oz=0.0 link=— · manos_feria_informe.json
[RANGO] PRLUSDT_LINEAL last=0.1598 · río=WS · mercado=linear · estado=ACECHANDO · dir=— · 0=0.1613 · Oz=— · Red=— · manos=ON · pos=flat · latido=1.50s
[RANGO] PRLUSDT_LINEAL last=0.1594 · río=WS · mercado=linear · estado=ACECHANDO · dir=— · 0=0.1613 · Oz=— · Red=— · manos=ON · pos=flat · latido=1.50s
[RANGO] autosello PRL · ACECHANDO · Oz=0.0 link=— · manos_feria_informe.json
[RANGO] PRLUSDT_LINEAL last=0.1598 · río=WS · mercado=linear · estado=ACECHANDO · dir=— · 0=0.1613 · Oz=— · Red=— · manos=ON · pos=flat · latido=1.50s
[RANGO] autosello PRL · ACECHANDO · Oz=0.0 link=— · manos_feria_informe.json
[RANGO] PRLUSDT_LINEAL last=0.1598 · río=WS · mercado=linear · estado=ACECHANDO · dir=— · 0=0.1613 · Oz=— · Red=— · manos=ON · pos=flat · latido=1.50s
[RANGO] PRLUSDT_LINEAL last=0.1598 · río=ciego/muleta · mercado=linear · estado=ACECHANDO · dir=— · 0=0.1613 · Oz=— · Red=— · manos=ON · pos=flat · latido=1.50s
[2026-08-31 10:09:43] [TUSK] RECONCILIACIÓN: AXTIUSDT_LINEAL: interno L:0.000000/S:0.000000 -> real L:1.690000/S:0.000000
[2026-08-31 10:09:43] [TUSK] RECONCILIACIÓN_FANTASMA: HYUNDAIUSDT_LINEAL existe interno pero no en exchange -> reseteando
[2026-08-31 10:09:43] [TUSK] RECONCILIACIÓN_OK: 2 frentes alineados con exchange
[RANGO] autosello PRL · ACECHANDO · Oz=0.0 link=— · manos_feria_informe.json
[RANGO] PRLUSDT_LINEAL last=0.1598 · río=ciego/muleta · mercado=linear · estado=ACECHANDO · dir=— · 0=0.1613 · Oz=— · Red=— · manos=ON · pos=flat · latido=1.50s
[RANGO] autosello PRL · ACECHANDO · Oz=0.0 link=— · manos_feria_informe.json
[RANGO] PRLUSDT_LINEAL last=0.1599 · río=WS · mercado=linear · estado=ACECHANDO · dir=— · 0=0.1613 · Oz=— · Red=— · manos=ON · pos=flat · latido=1.50s
[RANGO] PRLUSDT_LINEAL last=0.1598 · río=ciego/muleta · mercado=linear · estado=ACECHANDO · dir=— · 0=0.1613 · Oz=— · Red=— · manos=ON · pos=flat · latido=1.50s
[RANGO] autosello PRL · ACECHANDO · Oz=0.0 link=— · manos_feria_informe.json
[RANGO] PRLUSDT_LINEAL last=0.1598 · río=WS · mercado=linear · estado=ACECHANDO · dir=— · 0=0.1613 · Oz=— · Red=— · manos=ON · pos=flat · latido=1.50s
[RANGO] autosello PRL · ACECHANDO · Oz=0.0 link=— · manos_feria_informe.json
[RANGO] PRLUSDT_LINEAL last=0.1598 · río=WS · mercado=linear · estado=ACECHANDO · dir=— · 0=0.1613 · Oz=— · Red=— · manos=ON · pos=flat · latido=1.50s
[RANGO] PRLUSDT_LINEAL last=0.1598 · río=WS · mercado=linear · estado=ACECHANDO · dir=— · 0=0.1613 · Oz=— · Red=— · manos=ON · pos=flat · latido=1.50s
[RANGO] autosello PRL · ACECHANDO · Oz=0.0 link=— · manos_feria_informe.json
[2026-08-31 10:10:44] [TUSK] RECONCILIACIÓN: CHIPUSDT_LINEAL: interno L:0.000000/S:0.000000 -> real L:390.000000/S:0.000000
[2026-08-31 10:10:44] [TUSK] RECONCILIACIÓN_FANTASMA: SPACEUSDT_LINEAL existe interno pero no en exchange -> reseteando
[2026-08-31 10:10:44] [TUSK] RECONCILIACIÓN_OK: 2 frentes alineados con exchange
[RANGO] PRLUSDT_LINEAL last=0.1598 · río=WS · mercado=linear · estado=ACECHANDO · dir=— · 0=0.1613 · Oz=— · Red=— · manos=ON · pos=flat · latido=1.50s
[RANGO] autosello PRL · ACECHANDO · Oz=0.0 link=— · manos_feria_informe.json
[RANGO] PRLUSDT_LINEAL last=0.1597 · río=WS · mercado=linear · estado=ACECHANDO · dir=— · 0=0.1613 · Oz=— · Red=— · manos=ON · pos=flat · latido=1.50s
[RANGO] PRLUSDT_LINEAL last=0.1602 · río=WS · mercado=linear · estado=ACECHANDO · dir=— · 0=0.1613 · Oz=— · Red=— · manos=ON · pos=flat · latido=1.50s
[RANGO] autosello PRL · ACECHANDO · Oz=0.0 link=— · manos_feria_informe.json
[RANGO] PRLUSDT_LINEAL last=0.1601 · río=WS · mercado=linear · estado=ACECHANDO · dir=— · 0=0.1613 · Oz=— · Red=— · manos=ON · pos=flat · latido=1.50s
[RANGO] autosello PRL · ACECHANDO · Oz=0.0 link=— · manos_feria_informe.json
[RANGO] PRLUSDT_LINEAL last=0.1602 · río=WS · mercado=linear · estado=ACECHANDO · dir=— · 0=0.1613 · Oz=— · Red=— · manos=ON · pos=flat · latido=1.50s
[RANGO] PRLUSDT_LINEAL last=0.1603 · río=WS · mercado=linear · estado=ACECHANDO · dir=— · 0=0.1613 · Oz=— · Red=— · manos=ON · pos=flat · latido=1.50s
[RANGO] autosello PRL · ACECHANDO · Oz=0.0 link=— · manos_feria_informe.json
[2026-08-31 10:11:45] [TUSK] RECONCILIACIÓN: ZEREBROUSDT_LINEAL: interno L:0.000000/S:556.000000 -> real L:0.000000/S:686.000000
[2026-08-31 10:11:45] [TUSK] RECONCILIACIÓN: VVVUSDT_LINEAL: interno L:0.000000/S:0.000000 -> real L:2.880000/S:0.000000
[2026-08-31 10:11:45] [TUSK] RECONCILIACIÓN_FANTASMA: DASHUSDT_LINEAL existe interno pero no en exchange -> reseteando
[2026-08-31 10:11:45] [TUSK] RECONCILIACIÓN_OK: 3 frentes alineados con exchange
[RANGO] PRLUSDT_LINEAL last=0.1602 · río=ciego/muleta · mercado=linear · estado=ACECHANDO · dir=— · 0=0.1613 · Oz=— · Red=— · manos=ON · pos=flat · latido=1.50s
[RANGO] autosello PRL · ACECHANDO · Oz=0.0 link=— · manos_feria_informe.json
[RANGO] PRLUSDT_LINEAL last=0.1602 · río=WS · mercado=linear · estado=ACECHANDO · dir=— · 0=0.1613 · Oz=— · Red=— · manos=ON · pos=flat · latido=1.50s
[RANGO] autosello PRL · ACECHANDO · Oz=0.0 link=— · manos_feria_informe.json
[RANGO] PRLUSDT_LINEAL last=0.1604 · río=WS · mercado=linear · estado=ACECHANDO · dir=— · 0=0.1613 · Oz=— · Red=— · manos=ON · pos=flat · latido=1.50s
[RANGO] PRLUSDT_LINEAL last=0.1602 · río=WS · mercado=linear · estado=ACECHANDO · dir=— · 0=0.1613 · Oz=— · Red=— · manos=ON · pos=flat · latido=1.50s
[RANGO] autosello PRL · ACECHANDO · Oz=0.0 link=— · manos_feria_informe.json
[RANGO] PRLUSDT_LINEAL last=0.1603 · río=WS · mercado=linear · estado=ACECHANDO · dir=— · 0=0.1613 · Oz=— · Red=— · manos=ON · pos=flat · latido=1.50s
[RANGO] autosello PRL · ACECHANDO · Oz=0.0 link=— · manos_feria_informe.json
[RANGO] PRLUSDT_LINEAL last=0.16 · río=WS · mercado=linear · estado=ACECHANDO · dir=— · 0=0.1613 · Oz=— · Red=— · manos=ON · pos=flat · latido=1.50s
[2026-08-31 10:12:47] [TUSK] RECONCILIACIÓN: FWDIUSDT_LINEAL: interno L:0.000000/S:5.100000 -> real L:0.000000/S:6.000000
[2026-08-31 10:12:47] [TUSK] RECONCILIACIÓN_OK: 1 frentes alineados con exchange
[RANGO] PRLUSDT_LINEAL last=0.16 · río=ciego/muleta · mercado=linear · estado=ACECHANDO · dir=— · 0=0.1613 · Oz=— · Red=— · manos=ON · pos=flat · latido=1.50s
[RANGO] autosello PRL · ACECHANDO · Oz=0.0 link=— · manos_feria_informe.json
[RANGO] PRLUSDT_LINEAL last=0.1599 · río=WS · mercado=linear · estado=ACECHANDO · dir=— · 0=0.1613 · Oz=— · Red=— · manos=ON · pos=flat · latido=1.50s
[RANGO] autosello PRL · ACECHANDO · Oz=0.0 link=— · manos_feria_informe.json
[RANGO] PRLUSDT_LINEAL last=0.16 · río=WS · mercado=linear · estado=ACECHANDO · dir=— · 0=0.1613 · Oz=— · Red=— · manos=ON · pos=flat · latido=1.50s
[RANGO] PRLUSDT_LINEAL last=0.16 · río=WS · mercado=linear · estado=ACECHANDO · dir=— · 0=0.1613 · Oz=— · Red=— · manos=ON · pos=flat · latido=1.50s
[RANGO] autosello PRL · ACECHANDO · Oz=0.0 link=— · manos_feria_informe.json
[RANGO] PRLUSDT_LINEAL last=0.16 · río=ciego/muleta · mercado=linear · estado=ACECHANDO · dir=— · 0=0.1613 · Oz=— · Red=— · manos=ON · pos=flat · latido=1.50s
[RANGO] autosello PRL · ACECHANDO · Oz=0.0 link=— · manos_feria_informe.json
[RANGO] PRLUSDT_LINEAL last=0.16 · río=ciego/muleta · mercado=linear · estado=ACECHANDO · dir=— · 0=0.1613 · Oz=— · Red=— · manos=ON · pos=flat · latido=1.50s
[2026-08-31 10:13:48] [TUSK] RECONCILIACIÓN: TSLLUSDT_LINEAL: interno L:0.000000/S:0.000000 -> real L:0.120000/S:0.000000
[2026-08-31 10:13:48] [TUSK] RECONCILIACIÓN: FWDIUSDT_LINEAL: interno L:0.000000/S:6.000000 -> real L:0.000000/S:6.900000
[2026-08-31 10:13:48] [TUSK] RECONCILIACIÓN_FANTASMA: COTIUSDT_LINEAL existe interno pero no en exchange -> reseteando
[2026-08-31 10:13:48] [TUSK] RECONCILIACIÓN_OK: 3 frentes alineados con exchange
[RANGO] PRLUSDT_LINEAL last=0.16 · río=ciego/muleta · mercado=linear · estado=ACECHANDO · dir=— · 0=0.1613 · Oz=— · Red=— · manos=ON · pos=flat · latido=1.50s
[RANGO] autosello PRL · ACECHANDO · Oz=0.0 link=— · manos_feria_informe.json
[RANGO] PRLUSDT_LINEAL last=0.1599 · río=WS · mercado=linear · estado=ACECHANDO · dir=— · 0=0.1613 · Oz=— · Red=— · manos=ON · pos=flat · latido=1.50s
[RANGO] autosello PRL · ACECHANDO · Oz=0.0 link=— · manos_feria_informe.json
[RANGO] PRLUSDT_LINEAL last=0.1601 · río=WS · mercado=linear · estado=ACECHANDO · dir=— · 0=0.1613 · Oz=— · Red=— · manos=ON · pos=flat · latido=1.50s
[RANGO] PRLUSDT_LINEAL last=0.1598 · río=WS · mercado=linear · estado=ACECHANDO · dir=— · 0=0.1613 · Oz=— · Red=— · manos=ON · pos=flat · latido=1.50s
[RANGO] autosello PRL · ACECHANDO · Oz=0.0 link=— · manos_feria_informe.json
[RANGO] PRLUSDT_LINEAL last=0.1598 · río=WS · mercado=linear · estado=ACECHANDO · dir=— · 0=0.1613 · Oz=— · Red=— · manos=ON · pos=flat · latido=1.50s
[RANGO] autosello PRL · ACECHANDO · Oz=0.0 link=— · manos_feria_informe.json
[RANGO] PRLUSDT_LINEAL last=0.1598 · río=WS · mercado=linear · estado=ACECHANDO · dir=— · 0=0.1613 · Oz=— · Red=— · manos=ON · pos=flat · latido=1.50s
[2026-08-31 10:14:49] [TUSK] RECONCILIACIÓN: SNXXUSDT_LINEAL: interno L:7.610000/S:0.000000 -> real L:8.080000/S:0.000000
[2026-08-31 10:14:49] [TUSK] RECONCILIACIÓN_OK: 1 frentes alineados con exchange
[RANGO] PRLUSDT_LINEAL last=0.1599 · río=WS · mercado=linear · estado=ACECHANDO · dir=— · 0=0.1613 · Oz=— · Red=— · manos=ON · pos=flat · latido=1.50s
[RANGO] autosello PRL · ACECHANDO · Oz=0.0 link=— · manos_feria_informe.json
[RANGO] PRLUSDT_LINEAL last=0.1598 · río=WS · mercado=linear · estado=ACECHANDO · dir=— · 0=0.1613 · Oz=— · Red=— · manos=ON · pos=flat · latido=1.50s
[RANGO] autosello PRL · ACECHANDO · Oz=0.0 link=— · manos_feria_informe.json
[RANGO] PRLUSDT_LINEAL last=0.1598 · río=ciego/muleta · mercado=linear · estado=ACECHANDO · dir=— · 0=0.1613 · Oz=— · Red=— · manos=ON · pos=flat · latido=1.50s
[RANGO] autosello PRL · ACECHANDO · Oz=0.0 link=— · manos_feria_informe.json
[RANGO] PRLUSDT_LINEAL last=0.1598 · río=ciego/muleta · mercado=linear · estado=ACECHANDO · dir=— · 0=0.1613 · Oz=— · Red=— · manos=ON · pos=flat · latido=1.50s
[RANGO] PRLUSDT_LINEAL last=0.1598 · río=ciego/muleta · mercado=linear · estado=ACECHANDO · dir=— · 0=0.1613 · Oz=— · Red=— · manos=ON · pos=flat · latido=1.50s
[RANGO] autosello PRL · ACECHANDO · Oz=0.0 link=— · manos_feria_informe.json
[RANGO] PRLUSDT_LINEAL last=0.1598 · río=ciego/muleta · mercado=linear · estado=ACECHANDO · dir=— · 0=0.1613 · Oz=— · Red=— · manos=ON · pos=flat · latido=1.50s
[RANGO] autosello PRL · ACECHANDO · Oz=0.0 link=— · manos_feria_informe.json
[RANGO] PRLUSDT_LINEAL last=0.1599 · río=WS · mercado=linear · estado=ACECHANDO · dir=— · 0=0.1613 · Oz=— · Red=— · manos=ON · pos=flat · latido=1.50s
[RANGO] PRLUSDT_LINEAL last=0.1598 · río=WS · mercado=linear · estado=ACECHANDO · dir=— · 0=0.1613 · Oz=— · Red=— · manos=ON · pos=flat · latido=1.50s
[RANGO] autosello PRL · ACECHANDO · Oz=0.0 link=— · manos_feria_informe.json
[RANGO] PRLUSDT_LINEAL last=0.1597 · río=WS · mercado=linear · estado=ACECHANDO · dir=— · 0=0.1613 · Oz=— · Red=— · manos=ON · pos=flat · latido=1.50s
[RANGO] autosello PRL · ACECHANDO · Oz=0.0 link=— · manos_feria_informe.json
[RANGO] PRLUSDT_LINEAL last=0.1597 · río=WS · mercado=linear · estado=ACECHANDO · dir=— · 0=0.1613 · Oz=— · Red=— · manos=ON · pos=flat · latido=1.50s
[RANGO] PRLUSDT_LINEAL last=0.1596 · río=WS · mercado=linear · estado=ACECHANDO · dir=— · 0=0.1613 · Oz=— · Red=— · manos=ON · pos=flat · latido=1.50s
[RANGO] autosello PRL · ACECHANDO · Oz=0.0 link=— · manos_feria_informe.json
[RANGO] PRLUSDT_LINEAL last=0.1596 · río=WS · mercado=linear · estado=ACECHANDO · dir=— · 0=0.1613 · Oz=— · Red=— · manos=ON · pos=flat · latido=1.50s
[2026-08-31 10:16:52] [TUSK] RECONCILIACIÓN: UNIUSDT_LINEAL: interno L:0.000000/S:0.000000 -> real L:1.100000/S:0.000000
[2026-08-31 10:16:52] [TUSK] RECONCILIACIÓN_FANTASMA: BATUSDT_LINEAL existe interno pero no en exchange -> reseteando
[2026-08-31 10:16:52] [TUSK] RECONCILIACIÓN_OK: 2 frentes alineados con exchange
[RANGO] autosello PRL · ACECHANDO · Oz=0.0 link=— · manos_feria_informe.json
[RANGO] PRLUSDT_LINEAL last=0.1596 · río=WS · mercado=linear · estado=ACECHANDO · dir=— · 0=0.1613 · Oz=— · Red=— · manos=ON · pos=flat · latido=1.50s
[RANGO] PRLUSDT_LINEAL last=0.1597 · río=WS · mercado=linear · estado=ACECHANDO · dir=— · 0=0.1613 · Oz=— · Red=— · manos=ON · pos=flat · latido=1.50s
[RANGO] autosello PRL · ACECHANDO · Oz=0.0 link=— · manos_feria_informe.json
[RANGO] PRLUSDT_LINEAL last=0.1596 · río=WS · mercado=linear · estado=ACECHANDO · dir=— · 0=0.1613 · Oz=— · Red=— · manos=ON · pos=flat · latido=1.50s
[RANGO] autosello PRL · ACECHANDO · Oz=0.0 link=— · manos_feria_informe.json
[RANGO] PRLUSDT_LINEAL last=0.1595 · río=WS · mercado=linear · estado=ACECHANDO · dir=— · 0=0.1613 · Oz=— · Red=— · manos=ON · pos=flat · latido=1.50s
[RANGO] PRLUSDT_LINEAL last=0.1598 · río=WS · mercado=linear · estado=ACECHANDO · dir=— · 0=0.1613 · Oz=— · Red=— · manos=ON · pos=flat · latido=1.50s
[RANGO] autosello PRL · ACECHANDO · Oz=0.0 link=— · manos_feria_informe.json
[RANGO] PRLUSDT_LINEAL last=0.1597 · río=WS · mercado=linear · estado=ACECHANDO · dir=— · 0=0.1613 · Oz=— · Red=— · manos=ON · pos=flat · latido=1.50s
[2026-08-31 10:17:53] [TUSK] RECONCILIACIÓN: OUSDT_LINEAL: interno L:0.000000/S:0.000000 -> real L:0.000000/S:34.000000
[2026-08-31 10:17:53] [TUSK] RECONCILIACIÓN_FANTASMA: XLMUSDT_LINEAL existe interno pero no en exchange -> reseteando
[2026-08-31 10:17:53] [TUSK] RECONCILIACIÓN_OK: 2 frentes alineados con exchange
[RANGO] autosello PRL · ACECHANDO · Oz=0.0 link=— · manos_feria_informe.json
[RANGO] PRLUSDT_LINEAL last=0.1599 · río=WS · mercado=linear · estado=ACECHANDO · dir=— · 0=0.1613 · Oz=— · Red=— · manos=ON · pos=flat · latido=1.50s
[RANGO] PRLUSDT_LINEAL last=0.1598 · río=WS · mercado=linear · estado=ACECHANDO · dir=— · 0=0.1613 · Oz=— · Red=— · manos=ON · pos=flat · latido=1.50s
[RANGO] autosello PRL · ACECHANDO · Oz=0.0 link=— · manos_feria_informe.json
[RANGO] PRLUSDT_LINEAL last=0.1597 · río=WS · mercado=linear · estado=ACECHANDO · dir=— · 0=0.1613 · Oz=— · Red=— · manos=ON · pos=flat · latido=1.50s
[RANGO] autosello PRL · ACECHANDO · Oz=0.0 link=— · manos_feria_informe.json
[RANGO] PRLUSDT_LINEAL last=0.1597 · río=WS · mercado=linear · estado=ACECHANDO · dir=— · 0=0.1613 · Oz=— · Red=— · manos=ON · pos=flat · latido=1.50s
[RANGO] PRLUSDT_LINEAL last=0.1597 · río=WS · mercado=linear · estado=ACECHANDO · dir=— · 0=0.1613 · Oz=— · Red=— · manos=ON · pos=flat · latido=1.50s
[RANGO] autosello PRL · ACECHANDO · Oz=0.0 link=— · manos_feria_informe.json
[RANGO] PRLUSDT_LINEAL last=0.1596 · río=WS · mercado=linear · estado=ACECHANDO · dir=— · 0=0.1613 · Oz=— · Red=— · manos=ON · pos=flat · latido=1.50s
[RANGO] autosello PRL · ACECHANDO · Oz=0.0 link=— · manos_feria_informe.json
[RANGO] PRLUSDT_LINEAL last=0.1597 · río=WS · mercado=linear · estado=ACECHANDO · dir=— · 0=0.1613 · Oz=— · Red=— · manos=ON · pos=flat · latido=1.50s
[RANGO] PRLUSDT_LINEAL last=0.16 · río=WS · mercado=linear · estado=ACECHANDO · dir=— · 0=0.1613 · Oz=— · Red=— · manos=ON · pos=flat · latido=1.50s
[RANGO] autosello PRL · ACECHANDO · Oz=0.0 link=— · manos_feria_informe.json
[RANGO] PRLUSDT_LINEAL last=0.16 · río=WS · mercado=linear · estado=ACECHANDO · dir=— · 0=0.1613 · Oz=— · Red=— · manos=ON · pos=flat · latido=1.50s
[RANGO] autosello PRL · ACECHANDO · Oz=0.0 link=— · manos_feria_informe.json
[RANGO] PRLUSDT_LINEAL last=0.16 · río=WS · mercado=linear · estado=ACECHANDO · dir=— · 0=0.1613 · Oz=— · Red=— · manos=ON · pos=flat · latido=1.50s
[RANGO] PRLUSDT_LINEAL last=0.1604 · río=WS · mercado=linear · estado=ACECHANDO · dir=— · 0=0.1613 · Oz=— · Red=— · manos=ON · pos=flat · latido=1.50s
[RANGO] autosello PRL · ACECHANDO · Oz=0.0 link=— · manos_feria_informe.json
[RANGO] PRLUSDT_LINEAL last=0.1605 · río=WS · mercado=linear · estado=ACECHANDO · dir=— · 0=0.1613 · Oz=— · Red=— · manos=ON · pos=flat · latido=1.50s
[2026-08-31 10:19:55] [TUSK] RECONCILIACIÓN: POWERUSDT_LINEAL: interno L:0.000000/S:307.000000 -> real L:0.000000/S:249.000000
[2026-08-31 10:19:55] [TUSK] RECONCILIACIÓN_OK: 1 frentes alineados con exchange
[RANGO] autosello PRL · ACECHANDO · Oz=0.0 link=— · manos_feria_informe.json
[RANGO] PRLUSDT_LINEAL last=0.1602 · río=WS · mercado=linear · estado=ACECHANDO · dir=— · 0=0.1613 · Oz=— · Red=— · manos=ON · pos=flat · latido=1.50s
[RANGO] PRLUSDT_LINEAL last=0.16 · río=WS · mercado=linear · estado=ACECHANDO · dir=— · 0=0.1613 · Oz=— · Red=— · manos=ON · pos=flat · latido=1.50s
[RANGO] autosello PRL · ACECHANDO · Oz=0.0 link=— · manos_feria_informe.json
[RANGO] PRLUSDT_LINEAL last=0.1601 · río=WS · mercado=linear · estado=ACECHANDO · dir=— · 0=0.1613 · Oz=— · Red=— · manos=ON · pos=flat · latido=1.50s
[RANGO] autosello PRL · ACECHANDO · Oz=0.0 link=— · manos_feria_informe.json
[RANGO] PRLUSDT_LINEAL last=0.1604 · río=WS · mercado=linear · estado=ACECHANDO · dir=— · 0=0.1613 · Oz=— · Red=— · manos=ON · pos=flat · latido=1.50s
[RANGO] PRLUSDT_LINEAL last=0.1601 · río=WS · mercado=linear · estado=ACECHANDO · dir=— · 0=0.1613 · Oz=— · Red=— · manos=ON · pos=flat · latido=1.50s
[RANGO] autosello PRL · ACECHANDO · Oz=0.0 link=— · manos_feria_informe.json
[RANGO] PRLUSDT_LINEAL last=0.16 · río=WS · mercado=linear · estado=ACECHANDO · dir=— · 0=0.1613 · Oz=— · Red=— · manos=ON · pos=flat · latido=1.50s
[2026-08-31 10:20:57] [TUSK] RECONCILIACIÓN: STXXUSDT_LINEAL: interno L:0.000000/S:0.000000 -> real L:0.014000/S:0.000000
[2026-08-31 10:20:57] [TUSK] RECONCILIACIÓN_FANTASMA: CRDOUSDT_LINEAL existe interno pero no en exchange -> reseteando
[2026-08-31 10:20:57] [TUSK] RECONCILIACIÓN_OK: 2 frentes alineados con exchange
[RANGO] autosello PRL · ACECHANDO · Oz=0.0 link=— · manos_feria_informe.json
[RANGO] PRLUSDT_LINEAL last=0.16 · río=WS · mercado=linear · estado=ACECHANDO · dir=— · 0=0.1613 · Oz=— · Red=— · manos=ON · pos=flat · latido=1.50s
[RANGO] PRLUSDT_LINEAL last=0.1601 · río=ciego/muleta · mercado=linear · estado=ACECHANDO · dir=— · 0=0.1613 · Oz=— · Red=— · manos=ON · pos=flat · latido=1.50s
[RANGO] autosello PRL · ACECHANDO · Oz=0.0 link=— · manos_feria_informe.json
[RANGO] PRLUSDT_LINEAL last=0.1601 · río=WS · mercado=linear · estado=ACECHANDO · dir=— · 0=0.1613 · Oz=— · Red=— · manos=ON · pos=flat · latido=1.50s
[RANGO] autosello PRL · ACECHANDO · Oz=0.0 link=— · manos_feria_informe.json
[RANGO] PRLUSDT_LINEAL last=0.1602 · río=WS · mercado=linear · estado=ACECHANDO · dir=— · 0=0.1613 · Oz=— · Red=— · manos=ON · pos=flat · latido=1.50s
[RANGO] PRLUSDT_LINEAL last=0.1598 · río=WS · mercado=linear · estado=ACECHANDO · dir=— · 0=0.1613 · Oz=— · Red=— · manos=ON · pos=flat · latido=1.50s
[RANGO] autosello PRL · ACECHANDO · Oz=0.0 link=— · manos_feria_informe.json
[RANGO] PRLUSDT_LINEAL last=0.1599 · río=WS · mercado=linear · estado=ACECHANDO · dir=— · 0=0.1613 · Oz=— · Red=— · manos=ON · pos=flat · latido=1.50s
[2026-08-31 10:21:58] [TUSK] RECONCILIACIÓN: CRCLUSDT_LINEAL: interno L:0.000000/S:0.000000 -> real L:0.290000/S:0.000000
[2026-08-31 10:21:58] [TUSK] RECONCILIACIÓN: XANUSDT_LINEAL: interno L:0.000000/S:542.000000 -> real L:0.000000/S:171.000000
[2026-08-31 10:21:58] [TUSK] RECONCILIACIÓN_FANTASMA: LSKUSDT_LINEAL existe interno pero no en exchange -> reseteando
[2026-08-31 10:21:58] [TUSK] RECONCILIACIÓN_OK: 3 frentes alineados con exchange
[RANGO] autosello PRL · ACECHANDO · Oz=0.0 link=— · manos_feria_informe.json
[RANGO] PRLUSDT_LINEAL last=0.16 · río=WS · mercado=linear · estado=ACECHANDO · dir=— · 0=0.1613 · Oz=— · Red=— · manos=ON · pos=flat · latido=1.50s
[RANGO] PRLUSDT_LINEAL last=0.16 · río=ciego/muleta · mercado=linear · estado=ACECHANDO · dir=— · 0=0.1613 · Oz=— · Red=— · manos=ON · pos=flat · latido=1.50s
[RANGO] autosello PRL · ACECHANDO · Oz=0.0 link=— · manos_feria_informe.json
[RANGO] PRLUSDT_LINEAL last=0.1599 · río=WS · mercado=linear · estado=ACECHANDO · dir=— · 0=0.1613 · Oz=— · Red=— · manos=ON · pos=flat · latido=1.50s
[RANGO] autosello PRL · ACECHANDO · Oz=0.0 link=— · manos_feria_informe.json
[RANGO] PRLUSDT_LINEAL last=0.16 · río=ciego/muleta · mercado=linear · estado=ACECHANDO · dir=— · 0=0.1613 · Oz=— · Red=— · manos=ON · pos=flat · latido=1.50s
[RANGO] PRLUSDT_LINEAL last=0.1598 · río=WS · mercado=linear · estado=ACECHANDO · dir=— · 0=0.1613 · Oz=— · Red=— · manos=ON · pos=flat · latido=1.50s
[RANGO] autosello PRL · ACECHANDO · Oz=0.0 link=— · manos_feria_informe.json
[RANGO] PRLUSDT_LINEAL last=0.1598 · río=WS · mercado=linear · estado=ACECHANDO · dir=— · 0=0.1613 · Oz=— · Red=— · manos=ON · pos=flat · latido=1.50s
[RANGO] autosello PRL · ACECHANDO · Oz=0.0 link=— · manos_feria_informe.json
[2026-08-31 10:23:00] [TUSK] RECONCILIACIÓN: DASHUSDT_LINEAL: interno L:0.000000/S:0.000000 -> real L:0.000000/S:0.460000
[2026-08-31 10:23:00] [TUSK] RECONCILIACIÓN_FANTASMA: RDWUSDT_LINEAL existe interno pero no en exchange -> reseteando
[2026-08-31 10:23:00] [TUSK] RECONCILIACIÓN_OK: 2 frentes alineados con exchange
[RANGO] PRLUSDT_LINEAL last=0.1598 · río=ciego/muleta · mercado=linear · estado=ACECHANDO · dir=— · 0=0.1613 · Oz=— · Red=— · manos=ON · pos=flat · latido=1.50s
[RANGO] PRLUSDT_LINEAL last=0.1598 · río=ciego/muleta · mercado=linear · estado=ACECHANDO · dir=— · 0=0.1613 · Oz=— · Red=— · manos=ON · pos=flat · latido=1.50s
[RANGO] autosello PRL · ACECHANDO · Oz=0.0 link=— · manos_feria_informe.json
[RANGO] PRLUSDT_LINEAL last=0.1596 · río=WS · mercado=linear · estado=ACECHANDO · dir=— · 0=0.1613 · Oz=— · Red=— · manos=ON · pos=flat · latido=1.50s
[RANGO] autosello PRL · ACECHANDO · Oz=0.0 link=— · manos_feria_informe.json
[RANGO] PRLUSDT_LINEAL last=0.1596 · río=WS · mercado=linear · estado=ACECHANDO · dir=— · 0=0.1613 · Oz=— · Red=— · manos=ON · pos=flat · latido=1.50s
[RANGO] PRLUSDT_LINEAL last=0.1597 · río=WS · mercado=linear · estado=ACECHANDO · dir=— · 0=0.1613 · Oz=— · Red=— · manos=ON · pos=flat · latido=1.50s
[RANGO] autosello PRL · ACECHANDO · Oz=0.0 link=— · manos_feria_informe.json
[RANGO] PRLUSDT_LINEAL last=0.1597 · río=ciego/muleta · mercado=linear · estado=ACECHANDO · dir=— · 0=0.1613 · Oz=— · Red=— · manos=ON · pos=flat · latido=1.50s
[RANGO] autosello PRL · ACECHANDO · Oz=0.0 link=— · manos_feria_informe.json
[RANGO] PRLUSDT_LINEAL last=0.1597 · río=WS · mercado=linear · estado=ACECHANDO · dir=— · 0=0.1613 · Oz=— · Red=— · manos=ON · pos=flat · latido=1.50s
[RANGO] autosello PRL · ACECHANDO · Oz=0.0 link=— · manos_feria_informe.json
[RANGO] PRLUSDT_LINEAL last=0.1597 · río=WS · mercado=linear · estado=ACECHANDO · dir=— · 0=0.1613 · Oz=— · Red=— · manos=ON · pos=flat · latido=1.50s
[RANGO] PRLUSDT_LINEAL last=0.1597 · río=WS · mercado=linear · estado=ACECHANDO · dir=— · 0=0.1613 · Oz=— · Red=— · manos=ON · pos=flat · latido=1.50s
[RANGO] autosello PRL · ACECHANDO · Oz=0.0 link=— · manos_feria_informe.json
[RANGO] PRLUSDT_LINEAL last=0.1597 · río=ciego/muleta · mercado=linear · estado=ACECHANDO · dir=— · 0=0.1613 · Oz=— · Red=— · manos=ON · pos=flat · latido=1.50s
[RANGO] autosello PRL · ACECHANDO · Oz=0.0 link=— · manos_feria_informe.json
[RANGO] PRLUSDT_LINEAL last=0.1596 · río=WS · mercado=linear · estado=ACECHANDO · dir=— · 0=0.1613 · Oz=— · Red=— · manos=ON · pos=flat · latido=1.50s
[RANGO] PRLUSDT_LINEAL last=0.1597 · río=WS · mercado=linear · estado=ACECHANDO · dir=— · 0=0.1613 · Oz=— · Red=— · manos=ON · pos=flat · latido=1.50s
[RANGO] autosello PRL · ACECHANDO · Oz=0.0 link=— · manos_feria_informe.json
[2026-08-31 10:25:03] [TUSK] RECONCILIACIÓN: CFGUSDT_LINEAL: interno L:0.000000/S:0.000000 -> real L:1266.000000/S:0.000000
[2026-08-31 10:25:03] [TUSK] RECONCILIACIÓN: BLUAIUSDT_LINEAL: interno L:0.000000/S:0.000000 -> real L:1590.000000/S:0.000000
[2026-08-31 10:25:03] [TUSK] RECONCILIACIÓN_FANTASMA: KORUUSDT_LINEAL existe interno pero no en exchange -> reseteando
[2026-08-31 10:25:03] [TUSK] RECONCILIACIÓN_FANTASMA: KNCUSDT_LINEAL existe interno pero no en exchange -> reseteando
[2026-08-31 10:25:03] [TUSK] RECONCILIACIÓN_OK: 4 frentes alineados con exchange
[RANGO] PRLUSDT_LINEAL last=0.1595 · río=WS · mercado=linear · estado=ACECHANDO · dir=— · 0=0.1613 · Oz=— · Red=— · manos=ON · pos=flat · latido=1.50s
[RANGO] autosello PRL · ACECHANDO · Oz=0.0 link=— · manos_feria_informe.json
[RANGO] PRLUSDT_LINEAL last=0.1596 · río=WS · mercado=linear · estado=ACECHANDO · dir=— · 0=0.1613 · Oz=— · Red=— · manos=ON · pos=flat · latido=1.50s
[RANGO] PRLUSDT_LINEAL last=0.1594 · río=WS · mercado=linear · estado=ACECHANDO · dir=— · 0=0.1613 · Oz=— · Red=— · manos=ON · pos=flat · latido=1.50s
[RANGO] autosello PRL · ACECHANDO · Oz=0.0 link=— · manos_feria_informe.json
[RANGO] PRLUSDT_LINEAL last=0.1598 · río=WS · mercado=linear · estado=ACECHANDO · dir=— · 0=0.1613 · Oz=— · Red=— · manos=ON · pos=flat · latido=1.50s
[RANGO] autosello PRL · ACECHANDO · Oz=0.0 link=— · manos_feria_informe.json
[RANGO] PRLUSDT_LINEAL last=0.1598 · río=ciego/muleta · mercado=linear · estado=ACECHANDO · dir=— · 0=0.1613 · Oz=— · Red=— · manos=ON · pos=flat · latido=1.50s
[RANGO] PRLUSDT_LINEAL last=0.1597 · río=WS · mercado=linear · estado=ACECHANDO · dir=— · 0=0.1613 · Oz=— · Red=— · manos=ON · pos=flat · latido=1.50s
[RANGO] autosello PRL · ACECHANDO · Oz=0.0 link=— · manos_feria_informe.json
[RANGO] PRLUSDT_LINEAL last=0.1596 · río=WS · mercado=linear · estado=ACECHANDO · dir=— · 0=0.1613 · Oz=— · Red=— · manos=ON · pos=flat · latido=1.50s
[RANGO] autosello PRL · ACECHANDO · Oz=0.0 link=— · manos_feria_informe.json
[RANGO] PRLUSDT_LINEAL last=0.1596 · río=ciego/muleta · mercado=linear · estado=ACECHANDO · dir=— · 0=0.1613 · Oz=— · Red=— · manos=ON · pos=flat · latido=1.50s
[RANGO] PRLUSDT_LINEAL last=0.1596 · río=WS · mercado=linear · estado=ACECHANDO · dir=— · 0=0.1613 · Oz=— · Red=— · manos=ON · pos=flat · latido=1.50s
[RANGO] autosello PRL · ACECHANDO · Oz=0.0 link=— · manos_feria_informe.json
[RANGO] PRLUSDT_LINEAL last=0.1593 · río=WS · mercado=linear · estado=ACECHANDO · dir=— · 0=0.1613 · Oz=— · Red=— · manos=ON · pos=flat · latido=1.50s
[RANGO] autosello PRL · ACECHANDO · Oz=0.0 link=— · manos_feria_informe.json
[RANGO] PRLUSDT_LINEAL last=0.1595 · río=WS · mercado=linear · estado=ACECHANDO · dir=— · 0=0.1613 · Oz=— · Red=— · manos=ON · pos=flat · latido=1.50s
[RANGO] PRLUSDT_LINEAL last=0.1594 · río=WS · mercado=linear · estado=ACECHANDO · dir=— · 0=0.1613 · Oz=— · Red=— · manos=ON · pos=flat · latido=1.50s
[RANGO] autosello PRL · ACECHANDO · Oz=0.0 link=— · manos_feria_informe.json
[2026-08-31 10:27:05] [TUSK] RECONCILIACIÓN: TWTUSDT_LINEAL: interno L:48.800000/S:0.000000 -> real L:38.700000/S:0.000000
[2026-08-31 10:27:05] [TUSK] RECONCILIACIÓN_OK: 1 frentes alineados con exchange
[RANGO] PRLUSDT_LINEAL last=0.1595 · río=WS · mercado=linear · estado=ACECHANDO · dir=— · 0=0.1613 · Oz=— · Red=— · manos=ON · pos=flat · latido=1.50s
[RANGO] autosello PRL · ACECHANDO · Oz=0.0 link=— · manos_feria_informe.json
[RANGO] PRLUSDT_LINEAL last=0.1594 · río=WS · mercado=linear · estado=ACECHANDO · dir=— · 0=0.1613 · Oz=— · Red=— · manos=ON · pos=flat · latido=1.50s
[RANGO] PRLUSDT_LINEAL last=0.1595 · río=WS · mercado=linear · estado=ACECHANDO · dir=— · 0=0.1613 · Oz=— · Red=— · manos=ON · pos=flat · latido=1.50s
[RANGO] autosello PRL · ACECHANDO · Oz=0.0 link=— · manos_feria_informe.json
[RANGO] PRLUSDT_LINEAL last=0.1592 · río=WS · mercado=linear · estado=ACECHANDO · dir=— · 0=0.1613 · Oz=— · Red=— · manos=ON · pos=flat · latido=1.50s
[RANGO] autosello PRL · ACECHANDO · Oz=0.0 link=— · manos_feria_informe.json
[RANGO] PRLUSDT_LINEAL last=0.1594 · río=WS · mercado=linear · estado=ACECHANDO · dir=— · 0=0.1613 · Oz=— · Red=— · manos=ON · pos=flat · latido=1.50s
[RANGO] PRLUSDT_LINEAL last=0.1593 · río=WS · mercado=linear · estado=ACECHANDO · dir=— · 0=0.1613 · Oz=— · Red=— · manos=ON · pos=flat · latido=1.50s
[RANGO] autosello PRL · ACECHANDO · Oz=0.0 link=— · manos_feria_informe.json
[RANGO] PRLUSDT_LINEAL last=0.159 · río=WS · mercado=linear · estado=ACECHANDO · dir=— · 0=0.1613 · Oz=— · Red=— · manos=ON · pos=flat · latido=1.50s
[RANGO] autosello PRL · ACECHANDO · Oz=0.0 link=— · manos_feria_informe.json
[RANGO] PRLUSDT_LINEAL last=0.159 · río=WS · mercado=linear · estado=ACECHANDO · dir=— · 0=0.1613 · Oz=— · Red=— · manos=ON · pos=flat · latido=1.50s
[RANGO] PRLUSDT_LINEAL last=0.159 · río=WS · mercado=linear · estado=ACECHANDO · dir=— · 0=0.1613 · Oz=— · Red=— · manos=ON · pos=flat · latido=1.50s
[RANGO] autosello PRL · ACECHANDO · Oz=0.0 link=— · manos_feria_informe.json
[RANGO] PRLUSDT_LINEAL last=0.1589 · río=WS · mercado=linear · estado=ACECHANDO · dir=— · 0=0.1613 · Oz=— · Red=— · manos=ON · pos=flat · latido=1.50s
[RANGO] autosello PRL · ACECHANDO · Oz=0.0 link=— · manos_feria_informe.json
[RANGO] PRLUSDT_LINEAL last=0.159 · río=ciego/muleta · mercado=linear · estado=ACECHANDO · dir=— · 0=0.1613 · Oz=— · Red=— · manos=ON · pos=flat · latido=1.50s
[RANGO] PRLUSDT_LINEAL last=0.159 · río=WS · mercado=linear · estado=ACECHANDO · dir=— · 0=0.1613 · Oz=— · Red=— · manos=ON · pos=flat · latido=1.50s
[RANGO] autosello PRL · ACECHANDO · Oz=0.0 link=— · manos_feria_informe.json
[2026-08-31 10:29:08] [TUSK] RECONCILIACIÓN: DASHUSDT_LINEAL: interno L:0.000000/S:0.460000 -> real L:0.000000/S:0.570000
[2026-08-31 10:29:08] [TUSK] RECONCILIACIÓN_OK: 1 frentes alineados con exchange
[RANGO] PRLUSDT_LINEAL last=0.159 · río=ciego/muleta · mercado=linear · estado=ACECHANDO · dir=— · 0=0.1613 · Oz=— · Red=— · manos=ON · pos=flat · latido=1.50s
[RANGO] autosello PRL · ACECHANDO · Oz=0.0 link=— · manos_feria_informe.json
[RANGO] PRLUSDT_LINEAL last=0.1592 · río=WS · mercado=linear · estado=ACECHANDO · dir=— · 0=0.1613 · Oz=— · Red=— · manos=ON · pos=flat · latido=1.50s
[RANGO] PRLUSDT_LINEAL last=0.159 · río=WS · mercado=linear · estado=ACECHANDO · dir=— · 0=0.1613 · Oz=— · Red=— · manos=ON · pos=flat · latido=1.50s
[RANGO] autosello PRL · ACECHANDO · Oz=0.0 link=— · manos_feria_informe.json
[RANGO] PRLUSDT_LINEAL last=0.1588 · río=WS · mercado=linear · estado=ACECHANDO · dir=— · 0=0.1613 · Oz=— · Red=— · manos=ON · pos=flat · latido=1.50s
[RANGO] autosello PRL · ACECHANDO · Oz=0.0 link=— · manos_feria_informe.json
[RANGO] PRLUSDT_LINEAL last=0.159 · río=WS · mercado=linear · estado=ACECHANDO · dir=— · 0=0.1613 · Oz=— · Red=— · manos=ON · pos=flat · latido=1.50s
[RANGO] PRLUSDT_LINEAL last=0.1588 · río=WS · mercado=linear · estado=ACECHANDO · dir=— · 0=0.1613 · Oz=— · Red=— · manos=ON · pos=flat · latido=1.50s
[RANGO] autosello PRL · ACECHANDO · Oz=0.0 link=— · manos_feria_informe.json
[RANGO] PRLUSDT_LINEAL last=0.159 · río=WS · mercado=linear · estado=ACECHANDO · dir=— · 0=0.1613 · Oz=— · Red=— · manos=ON · pos=flat · latido=1.50s
[RANGO] autosello PRL · ACECHANDO · Oz=0.0 link=— · manos_feria_informe.json
[RANGO] PRLUSDT_LINEAL last=0.1589 · río=WS · mercado=linear · estado=ACECHANDO · dir=— · 0=0.1613 · Oz=— · Red=— · manos=ON · pos=flat · latido=1.50s
[RANGO] PRLUSDT_LINEAL last=0.1589 · río=WS · mercado=linear · estado=ACECHANDO · dir=— · 0=0.1613 · Oz=— · Red=— · manos=ON · pos=flat · latido=1.50s
[RANGO] autosello PRL · ACECHANDO · Oz=0.0 link=— · manos_feria_informe.json
[RANGO] PRLUSDT_LINEAL last=0.1589 · río=WS · mercado=linear · estado=ACECHANDO · dir=— · 0=0.1613 · Oz=— · Red=— · manos=ON · pos=flat · latido=1.50s
[RANGO] autosello PRL · ACECHANDO · Oz=0.0 link=— · manos_feria_informe.json
[RANGO] PRLUSDT_LINEAL last=0.1589 · río=WS · mercado=linear · estado=ACECHANDO · dir=— · 0=0.1613 · Oz=— · Red=— · manos=ON · pos=flat · latido=1.50s
[RANGO] PRLUSDT_LINEAL last=0.1589 · río=WS · mercado=linear · estado=ACECHANDO · dir=— · 0=0.1613 · Oz=— · Red=— · manos=ON · pos=flat · latido=1.50s
[RANGO] autosello PRL · ACECHANDO · Oz=0.0 link=— · manos_feria_informe.json
[RANGO] PRLUSDT_LINEAL last=0.159 · río=WS · mercado=linear · estado=ACECHANDO · dir=— · 0=0.1613 · Oz=— · Red=— · manos=ON · pos=flat · latido=1.50s
[RANGO] autosello PRL · ACECHANDO · Oz=0.0 link=— · manos_feria_informe.json
[RANGO] PRLUSDT_LINEAL last=0.1591 · río=WS · mercado=linear · estado=ACECHANDO · dir=— · 0=0.1613 · Oz=— · Red=— · manos=ON · pos=flat · latido=1.50s
[RANGO] PRLUSDT_LINEAL last=0.1589 · río=WS · mercado=linear · estado=ACECHANDO · dir=— · 0=0.1613 · Oz=— · Red=— · manos=ON · pos=flat · latido=1.50s
[RANGO] autosello PRL · ACECHANDO · Oz=0.0 link=— · manos_feria_informe.json
[RANGO] PRLUSDT_LINEAL last=0.159 · río=ciego/muleta · mercado=linear · estado=ACECHANDO · dir=— · 0=0.1613 · Oz=— · Red=— · manos=ON · pos=flat · latido=1.50s
[RANGO] autosello PRL · ACECHANDO · Oz=0.0 link=— · manos_feria_informe.json
[RANGO] PRLUSDT_LINEAL last=0.1589 · río=WS · mercado=linear · estado=ACECHANDO · dir=— · 0=0.1613 · Oz=— · Red=— · manos=ON · pos=flat · latido=1.50s
[RANGO] PRLUSDT_LINEAL last=0.1589 · río=WS · mercado=linear · estado=ACECHANDO · dir=— · 0=0.1613 · Oz=— · Red=— · manos=ON · pos=flat · latido=1.50s
[RANGO] autosello PRL · ACECHANDO · Oz=0.0 link=— · manos_feria_informe.json
[RANGO] PRLUSDT_LINEAL last=0.1592 · río=WS · mercado=linear · estado=ACECHANDO · dir=— · 0=0.1613 · Oz=— · Red=— · manos=ON · pos=flat · latido=1.50s
[RANGO] autosello PRL · ACECHANDO · Oz=0.0 link=— · manos_feria_informe.json
[RANGO] PRLUSDT_LINEAL last=0.1592 · río=WS · mercado=linear · estado=ACECHANDO · dir=— · 0=0.1613 · Oz=— · Red=— · manos=ON · pos=flat · latido=1.50s
[RANGO] PRLUSDT_LINEAL last=0.1592 · río=WS · mercado=linear · estado=ACECHANDO · dir=— · 0=0.1613 · Oz=— · Red=— · manos=ON · pos=flat · latido=1.50s
[RANGO] autosello PRL · ACECHANDO · Oz=0.0 link=— · manos_feria_informe.json
[RANGO] PRLUSDT_LINEAL last=0.1594 · río=WS · mercado=linear · estado=ACECHANDO · dir=— · 0=0.1613 · Oz=— · Red=— · manos=ON · pos=flat · latido=1.50s
[RANGO] autosello PRL · ACECHANDO · Oz=0.0 link=— · manos_feria_informe.json
[RANGO] PRLUSDT_LINEAL last=0.1592 · río=WS · mercado=linear · estado=ACECHANDO · dir=— · 0=0.1613 · Oz=— · Red=— · manos=ON · pos=flat · latido=1.50s
[RANGO] PRLUSDT_LINEAL last=0.1589 · río=WS · mercado=linear · estado=ACECHANDO · dir=— · 0=0.1613 · Oz=— · Red=— · manos=ON · pos=flat · latido=1.50s
[RANGO] autosello PRL · ACECHANDO · Oz=0.0 link=— · manos_feria_informe.json
[RANGO] PRLUSDT_LINEAL last=0.1589 · río=ciego/muleta · mercado=linear · estado=ACECHANDO · dir=— · 0=0.1613 · Oz=— · Red=— · manos=ON · pos=flat · latido=1.50s
[RANGO] autosello PRL · ACECHANDO · Oz=0.0 link=— · manos_feria_informe.json
[RANGO] PRLUSDT_LINEAL last=0.1591 · río=WS · mercado=linear · estado=ACECHANDO · dir=— · 0=0.1613 · Oz=— · Red=— · manos=ON · pos=flat · latido=1.50s
[RANGO] PRLUSDT_LINEAL last=0.1588 · río=WS · mercado=linear · estado=ACECHANDO · dir=— · 0=0.1613 · Oz=— · Red=— · manos=ON · pos=flat · latido=1.50s
[RANGO] autosello PRL · ACECHANDO · Oz=0.0 link=— · manos_feria_informe.json
[RANGO] PRLUSDT_LINEAL last=0.1581 · río=WS · mercado=linear · estado=ACECHANDO · dir=— · 0=0.1613 · Oz=— · Red=— · manos=ON · pos=flat · latido=1.50s
[RANGO] autosello PRL · ACECHANDO · Oz=0.0 link=— · manos_feria_informe.json
[RANGO] PRLUSDT_LINEAL last=0.158 · río=WS · mercado=linear · estado=ACECHANDO · dir=— · 0=0.1613 · Oz=— · Red=— · manos=ON · pos=flat · latido=0.10s
[RANGO] PRLUSDT_LINEAL last=0.1585 · río=WS · mercado=linear · estado=ACECHANDO · dir=— · 0=0.1613 · Oz=— · Red=— · manos=ON · pos=flat · latido=1.50s
[RANGO] autosello PRL · ACECHANDO · Oz=0.0 link=— · manos_feria_informe.json
[RANGO] PRLUSDT_LINEAL last=0.1585 · río=WS · mercado=linear · estado=ACECHANDO · dir=— · 0=0.1613 · Oz=— · Red=— · manos=ON · pos=flat · latido=1.50s
[2026-08-31 10:34:15] [TUSK] RECONCILIACIÓN: CHIPUSDT_LINEAL: interno L:390.000000/S:0.000000 -> real L:520.000000/S:0.000000
[2026-08-31 10:34:15] [TUSK] RECONCILIACIÓN: KNCUSDT_LINEAL: interno L:0.000000/S:0.000000 -> real L:354.100000/S:0.000000
[2026-08-31 10:34:15] [TUSK] RECONCILIACIÓN_FANTASMA: NILUSDT_LINEAL existe interno pero no en exchange -> reseteando
[2026-08-31 10:34:15] [TUSK] RECONCILIACIÓN_OK: 3 frentes alineados con exchange
[RANGO] autosello PRL · ACECHANDO · Oz=0.0 link=— · manos_feria_informe.json
[RANGO] PRLUSDT_LINEAL last=0.1584 · río=WS · mercado=linear · estado=ACECHANDO · dir=— · 0=0.1613 · Oz=— · Red=— · manos=ON · pos=flat · latido=1.50s
[RANGO] PRLUSDT_LINEAL last=0.1582 · río=WS · mercado=linear · estado=ACECHANDO · dir=— · 0=0.1613 · Oz=— · Red=— · manos=ON · pos=flat · latido=1.50s
[RANGO] autosello PRL · ACECHANDO · Oz=0.0 link=— · manos_feria_informe.json
[RANGO] PRLUSDT_LINEAL last=0.1584 · río=WS · mercado=linear · estado=ACECHANDO · dir=— · 0=0.1613 · Oz=— · Red=— · manos=ON · pos=flat · latido=1.50s
[RANGO] autosello PRL · ACECHANDO · Oz=0.0 link=— · manos_feria_informe.json
[RANGO] PRLUSDT_LINEAL last=0.1585 · río=WS · mercado=linear · estado=ACECHANDO · dir=— · 0=0.1613 · Oz=— · Red=— · manos=ON · pos=flat · latido=1.50s
[RANGO] PRLUSDT_LINEAL last=0.1586 · río=WS · mercado=linear · estado=ACECHANDO · dir=— · 0=0.1613 · Oz=— · Red=— · manos=ON · pos=flat · latido=1.50s
[RANGO] autosello PRL · ACECHANDO · Oz=0.0 link=— · manos_feria_informe.json
[RANGO] PRLUSDT_LINEAL last=0.1585 · río=WS · mercado=linear · estado=ACECHANDO · dir=— · 0=0.1613 · Oz=— · Red=— · manos=ON · pos=flat · latido=1.50s
[RANGO] autosello PRL · ACECHANDO · Oz=0.0 link=— · manos_feria_informe.json
[2026-08-31 10:35:17] [TUSK] RECONCILIACIÓN: FWDIUSDT_LINEAL: interno L:0.000000/S:6.900000 -> real L:0.000000/S:6.000000
[2026-08-31 10:35:17] [TUSK] RECONCILIACIÓN_OK: 1 frentes alineados con exchange
[RANGO] PRLUSDT_LINEAL last=0.1585 · río=WS · mercado=linear · estado=ACECHANDO · dir=— · 0=0.1613 · Oz=— · Red=— · manos=ON · pos=flat · latido=1.50s
[RANGO] PRLUSDT_LINEAL last=0.1587 · río=ciego/muleta · mercado=linear · estado=ACECHANDO · dir=— · 0=0.1613 · Oz=— · Red=— · manos=ON · pos=flat · latido=1.50s
[RANGO] autosello PRL · ACECHANDO · Oz=0.0 link=— · manos_feria_informe.json
[RANGO] PRLUSDT_LINEAL last=0.1585 · río=WS · mercado=linear · estado=ACECHANDO · dir=— · 0=0.1613 · Oz=— · Red=— · manos=ON · pos=flat · latido=1.50s
[RANGO] autosello PRL · ACECHANDO · Oz=0.0 link=— · manos_feria_informe.json
[RANGO] PRLUSDT_LINEAL last=0.1585 · río=ciego/muleta · mercado=linear · estado=ACECHANDO · dir=— · 0=0.1613 · Oz=— · Red=— · manos=ON · pos=flat · latido=1.50s
[RANGO] autosello PRL · ACECHANDO · Oz=0.0 link=— · manos_feria_informe.json
[RANGO] PRLUSDT_LINEAL last=0.1585 · río=WS · mercado=linear · estado=ACECHANDO · dir=— · 0=0.1613 · Oz=— · Red=— · manos=ON · pos=flat · latido=1.50s
[RANGO] PRLUSDT_LINEAL last=0.1586 · río=WS · mercado=linear · estado=ACECHANDO · dir=— · 0=0.1613 · Oz=— · Red=— · manos=ON · pos=flat · latido=1.50s
[RANGO] autosello PRL · ACECHANDO · Oz=0.0 link=— · manos_feria_informe.json
[RANGO] PRLUSDT_LINEAL last=0.1586 · río=WS · mercado=linear · estado=ACECHANDO · dir=— · 0=0.1613 · Oz=— · Red=— · manos=ON · pos=flat · latido=1.50s
[RANGO] autosello PRL · ACECHANDO · Oz=0.0 link=— · manos_feria_informe.json
[RANGO] PRLUSDT_LINEAL last=0.1586 · río=WS · mercado=linear · estado=ACECHANDO · dir=— · 0=0.1613 · Oz=— · Red=— · manos=ON · pos=flat · latido=1.50s
[RANGO] PRLUSDT_LINEAL last=0.1586 · río=WS · mercado=linear · estado=ACECHANDO · dir=— · 0=0.1613 · Oz=— · Red=— · manos=ON · pos=flat · latido=1.50s
[RANGO] autosello PRL · ACECHANDO · Oz=0.0 link=— · manos_feria_informe.json
[RANGO] PRLUSDT_LINEAL last=0.1587 · río=WS · mercado=linear · estado=ACECHANDO · dir=— · 0=0.1613 · Oz=— · Red=— · manos=ON · pos=flat · latido=1.50s
[RANGO] autosello PRL · ACECHANDO · Oz=0.0 link=— · manos_feria_informe.json
[RANGO] PRLUSDT_LINEAL last=0.1584 · río=WS · mercado=linear · estado=ACECHANDO · dir=— · 0=0.1613 · Oz=— · Red=— · manos=ON · pos=flat · latido=1.50s
[RANGO] PRLUSDT_LINEAL last=0.1585 · río=WS · mercado=linear · estado=ACECHANDO · dir=— · 0=0.1613 · Oz=— · Red=— · manos=ON · pos=flat · latido=1.50s
[RANGO] autosello PRL · ACECHANDO · Oz=0.0 link=— · manos_feria_informe.json
[RANGO] PRLUSDT_LINEAL last=0.1583 · río=ciego/muleta · mercado=linear · estado=ACECHANDO · dir=— · 0=0.1613 · Oz=— · Red=— · manos=ON · pos=flat · latido=1.50s
[RANGO] autosello PRL · ACECHANDO · Oz=0.0 link=— · manos_feria_informe.json
[RANGO] PRLUSDT_LINEAL last=0.1582 · río=WS · mercado=linear · estado=ACECHANDO · dir=— · 0=0.1613 · Oz=— · Red=— · manos=ON · pos=flat · latido=1.50s
[RANGO] PRLUSDT_LINEAL last=0.1585 · río=WS · mercado=linear · estado=ACECHANDO · dir=— · 0=0.1613 · Oz=— · Red=— · manos=ON · pos=flat · latido=1.50s
[RANGO] autosello PRL · ACECHANDO · Oz=0.0 link=— · manos_feria_informe.json
[RANGO] PRLUSDT_LINEAL last=0.1582 · río=WS · mercado=linear · estado=ACECHANDO · dir=— · 0=0.1613 · Oz=— · Red=— · manos=ON · pos=flat · latido=1.50s
[RANGO] autosello PRL · ACECHANDO · Oz=0.0 link=— · manos_feria_informe.json
[RANGO] PRLUSDT_LINEAL last=0.1586 · río=WS · mercado=linear · estado=ACECHANDO · dir=— · 0=0.1613 · Oz=— · Red=— · manos=ON · pos=flat · latido=1.50s
[RANGO] PRLUSDT_LINEAL last=0.1584 · río=WS · mercado=linear · estado=ACECHANDO · dir=— · 0=0.1613 · Oz=— · Red=— · manos=ON · pos=flat · latido=1.50s
[RANGO] autosello PRL · ACECHANDO · Oz=0.0 link=— · manos_feria_informe.json
[2026-08-31 10:38:20] [TUSK] RECONCILIACIÓN: POWERUSDT_LINEAL: interno L:0.000000/S:249.000000 -> real L:0.000000/S:190.000000
[2026-08-31 10:38:20] [TUSK] RECONCILIACIÓN_OK: 1 frentes alineados con exchange
[RANGO] PRLUSDT_LINEAL last=0.1582 · río=WS · mercado=linear · estado=ACECHANDO · dir=— · 0=0.1613 · Oz=— · Red=— · manos=ON · pos=flat · latido=1.50s
[RANGO] autosello PRL · ACECHANDO · Oz=0.0 link=— · manos_feria_informe.json
[RANGO] PRLUSDT_LINEAL last=0.1583 · río=ciego/muleta · mercado=linear · estado=ACECHANDO · dir=— · 0=0.1613 · Oz=— · Red=— · manos=ON · pos=flat · latido=1.50s
[RANGO] PRLUSDT_LINEAL last=0.1583 · río=WS · mercado=linear · estado=ACECHANDO · dir=— · 0=0.1613 · Oz=— · Red=— · manos=ON · pos=flat · latido=1.50s
[RANGO] autosello PRL · ACECHANDO · Oz=0.0 link=— · manos_feria_informe.json
[RANGO] PRLUSDT_LINEAL last=0.1585 · río=WS · mercado=linear · estado=ACECHANDO · dir=— · 0=0.1613 · Oz=— · Red=— · manos=ON · pos=flat · latido=1.50s
[RANGO] autosello PRL · ACECHANDO · Oz=0.0 link=— · manos_feria_informe.json
[RANGO] PRLUSDT_LINEAL last=0.1583 · río=WS · mercado=linear · estado=ACECHANDO · dir=— · 0=0.1613 · Oz=— · Red=— · manos=ON · pos=flat · latido=1.50s
[RANGO] PRLUSDT_LINEAL last=0.1583 · río=WS · mercado=linear · estado=ACECHANDO · dir=— · 0=0.1613 · Oz=— · Red=— · manos=ON · pos=flat · latido=1.50s
[RANGO] autosello PRL · ACECHANDO · Oz=0.0 link=— · manos_feria_informe.json
[RANGO] PRLUSDT_LINEAL last=0.1582 · río=WS · mercado=linear · estado=ACECHANDO · dir=— · 0=0.1613 · Oz=— · Red=— · manos=ON · pos=flat · latido=1.50s
[RANGO] autosello PRL · ACECHANDO · Oz=0.0 link=— · manos_feria_informe.json
[RANGO] PRLUSDT_LINEAL last=0.1583 · río=WS · mercado=linear · estado=ACECHANDO · dir=— · 0=0.1613 · Oz=— · Red=— · manos=ON · pos=flat · latido=1.50s
[RANGO] PRLUSDT_LINEAL last=0.1583 · río=WS · mercado=linear · estado=ACECHANDO · dir=— · 0=0.1613 · Oz=— · Red=— · manos=ON · pos=flat · latido=1.50s
[RANGO] autosello PRL · ACECHANDO · Oz=0.0 link=— · manos_feria_informe.json
[RANGO] PRLUSDT_LINEAL last=0.1585 · río=WS · mercado=linear · estado=ACECHANDO · dir=— · 0=0.1613 · Oz=— · Red=— · manos=ON · pos=flat · latido=1.50s
[RANGO] autosello PRL · ACECHANDO · Oz=0.0 link=— · manos_feria_informe.json
[RANGO] PRLUSDT_LINEAL last=0.1587 · río=WS · mercado=linear · estado=ACECHANDO · dir=— · 0=0.1613 · Oz=— · Red=— · manos=ON · pos=flat · latido=1.50s
[RANGO] PRLUSDT_LINEAL last=0.1588 · río=WS · mercado=linear · estado=ACECHANDO · dir=— · 0=0.1613 · Oz=— · Red=— · manos=ON · pos=flat · latido=1.50s
[RANGO] autosello PRL · ACECHANDO · Oz=0.0 link=— · manos_feria_informe.json
[2026-08-31 10:40:23] [TUSK] RECONCILIACIÓN: DASHUSDT_LINEAL: interno L:0.000000/S:0.570000 -> real L:0.000000/S:0.680000
[2026-08-31 10:40:23] [TUSK] RECONCILIACIÓN: ROSEUSDT_LINEAL: interno L:0.000000/S:0.000000 -> real L:0.000000/S:3056.000000
[2026-08-31 10:40:23] [TUSK] RECONCILIACIÓN: AEHRUSDT_LINEAL: interno L:0.000000/S:0.000000 -> real L:0.300000/S:0.000000
[2026-08-31 10:40:23] [TUSK] RECONCILIACIÓN_FANTASMA: NBISUSDT_LINEAL existe interno pero no en exchange -> reseteando
[2026-08-31 10:40:23] [TUSK] RECONCILIACIÓN_FANTASMA: AXTIUSDT_LINEAL existe interno pero no en exchange -> reseteando
[2026-08-31 10:40:23] [TUSK] RECONCILIACIÓN_OK: 5 frentes alineados con exchange
[RANGO] PRLUSDT_LINEAL last=0.159 · río=WS · mercado=linear · estado=ACECHANDO · dir=— · 0=0.1613 · Oz=— · Red=— · manos=ON · pos=flat · latido=1.50s
[RANGO] autosello PRL · ACECHANDO · Oz=0.0 link=— · manos_feria_informe.json
[RANGO] PRLUSDT_LINEAL last=0.159 · río=WS · mercado=linear · estado=ACECHANDO · dir=— · 0=0.1613 · Oz=— · Red=— · manos=ON · pos=flat · latido=1.50s
[RANGO] PRLUSDT_LINEAL last=0.1589 · río=WS · mercado=linear · estado=ACECHANDO · dir=— · 0=0.1613 · Oz=— · Red=— · manos=ON · pos=flat · latido=1.50s
[RANGO] autosello PRL · ACECHANDO · Oz=0.0 link=— · manos_feria_informe.json
[RANGO] PRLUSDT_LINEAL last=0.159 · río=WS · mercado=linear · estado=ACECHANDO · dir=— · 0=0.1613 · Oz=— · Red=— · manos=ON · pos=flat · latido=1.50s
[RANGO] autosello PRL · ACECHANDO · Oz=0.0 link=— · manos_feria_informe.json
[RANGO] PRLUSDT_LINEAL last=0.1591 · río=WS · mercado=linear · estado=ACECHANDO · dir=— · 0=0.1613 · Oz=— · Red=— · manos=ON · pos=flat · latido=1.50s
[RANGO] PRLUSDT_LINEAL last=0.1594 · río=WS · mercado=linear · estado=ACECHANDO · dir=— · 0=0.1613 · Oz=— · Red=— · manos=ON · pos=flat · latido=1.50s
[RANGO] autosello PRL · ACECHANDO · Oz=0.0 link=— · manos_feria_informe.json
[RANGO] PRLUSDT_LINEAL last=0.1593 · río=WS · mercado=linear · estado=ACECHANDO · dir=— · 0=0.1613 · Oz=— · Red=— · manos=ON · pos=flat · latido=1.50s
[2026-08-31 10:41:25] [TUSK] RECONCILIACIÓN: XANUSDT_LINEAL: interno L:0.000000/S:171.000000 -> real L:203.000000/S:0.000000
[2026-08-31 10:41:25] [TUSK] RECONCILIACIÓN_OK: 1 frentes alineados con exchange
[RANGO] autosello PRL · ACECHANDO · Oz=0.0 link=— · manos_feria_informe.json
[RANGO] PRLUSDT_LINEAL last=0.1592 · río=WS · mercado=linear · estado=ACECHANDO · dir=— · 0=0.1613 · Oz=— · Red=— · manos=ON · pos=flat · latido=1.50s
[RANGO] PRLUSDT_LINEAL last=0.1594 · río=WS · mercado=linear · estado=ACECHANDO · dir=— · 0=0.1613 · Oz=— · Red=— · manos=ON · pos=flat · latido=1.50s
[RANGO] autosello PRL · ACECHANDO · Oz=0.0 link=— · manos_feria_informe.json
[RANGO] PRLUSDT_LINEAL last=0.1591 · río=WS · mercado=linear · estado=ACECHANDO · dir=— · 0=0.1613 · Oz=— · Red=— · manos=ON · pos=flat · latido=1.50s
[RANGO] autosello PRL · ACECHANDO · Oz=0.0 link=— · manos_feria_informe.json
[RANGO] PRLUSDT_LINEAL last=0.1594 · río=WS · mercado=linear · estado=ACECHANDO · dir=— · 0=0.1613 · Oz=— · Red=— · manos=ON · pos=flat · latido=1.50s
[RANGO] PRLUSDT_LINEAL last=0.1593 · río=WS · mercado=linear · estado=ACECHANDO · dir=— · 0=0.1613 · Oz=— · Red=— · manos=ON · pos=flat · latido=1.50s
[RANGO] autosello PRL · ACECHANDO · Oz=0.0 link=— · manos_feria_informe.json
[RANGO] PRLUSDT_LINEAL last=0.1593 · río=WS · mercado=linear · estado=ACECHANDO · dir=— · 0=0.1613 · Oz=— · Red=— · manos=ON · pos=flat · latido=1.50s
[RANGO] autosello PRL · ACECHANDO · Oz=0.0 link=— · manos_feria_informe.json
[RANGO] PRLUSDT_LINEAL last=0.1593 · río=WS · mercado=linear · estado=ACECHANDO · dir=— · 0=0.1613 · Oz=— · Red=— · manos=ON · pos=flat · latido=1.50s
[RANGO] PRLUSDT_LINEAL last=0.1591 · río=WS · mercado=linear · estado=ACECHANDO · dir=— · 0=0.1613 · Oz=— · Red=— · manos=ON · pos=flat · latido=1.50s
[RANGO] autosello PRL · ACECHANDO · Oz=0.0 link=— · manos_feria_informe.json
[RANGO] PRLUSDT_LINEAL last=0.1591 · río=WS · mercado=linear · estado=ACECHANDO · dir=— · 0=0.1613 · Oz=— · Red=— · manos=ON · pos=flat · latido=1.50s
[RANGO] autosello PRL · ACECHANDO · Oz=0.0 link=— · manos_feria_informe.json
[RANGO] PRLUSDT_LINEAL last=0.1591 · río=WS · mercado=linear · estado=ACECHANDO · dir=— · 0=0.1613 · Oz=— · Red=— · manos=ON · pos=flat · latido=1.50s
[RANGO] PRLUSDT_LINEAL last=0.1593 · río=WS · mercado=linear · estado=ACECHANDO · dir=— · 0=0.1613 · Oz=— · Red=— · manos=ON · pos=flat · latido=1.50s
[RANGO] autosello PRL · ACECHANDO · Oz=0.0 link=— · manos_feria_informe.json
[RANGO] PRLUSDT_LINEAL last=0.1592 · río=WS · mercado=linear · estado=ACECHANDO · dir=— · 0=0.1613 · Oz=— · Red=— · manos=ON · pos=flat · latido=1.50s
[2026-08-31 10:43:27] [TUSK] RECONCILIACIÓN: TWTUSDT_LINEAL: interno L:38.700000/S:0.000000 -> real L:26.800000/S:0.000000
[2026-08-31 10:43:27] [TUSK] RECONCILIACIÓN_OK: 1 frentes alineados con exchange
[RANGO] autosello PRL · ACECHANDO · Oz=0.0 link=— · manos_feria_informe.json
[RANGO] PRLUSDT_LINEAL last=0.1592 · río=ciego/muleta · mercado=linear · estado=ACECHANDO · dir=— · 0=0.1613 · Oz=— · Red=— · manos=ON · pos=flat · latido=1.50s
[RANGO] PRLUSDT_LINEAL last=0.1593 · río=WS · mercado=linear · estado=ACECHANDO · dir=— · 0=0.1613 · Oz=— · Red=— · manos=ON · pos=flat · latido=1.50s
[RANGO] autosello PRL · ACECHANDO · Oz=0.0 link=— · manos_feria_informe.json
[RANGO] PRLUSDT_LINEAL last=0.1594 · río=WS · mercado=linear · estado=ACECHANDO · dir=— · 0=0.1613 · Oz=— · Red=— · manos=ON · pos=flat · latido=1.50s
[RANGO] autosello PRL · ACECHANDO · Oz=0.0 link=— · manos_feria_informe.json
[RANGO] PRLUSDT_LINEAL last=0.1591 · río=ciego/muleta · mercado=linear · estado=ACECHANDO · dir=— · 0=0.1613 · Oz=— · Red=— · manos=ON · pos=flat · latido=1.50s
[RANGO] PRLUSDT_LINEAL last=0.1591 · río=ciego/muleta · mercado=linear · estado=ACECHANDO · dir=— · 0=0.1613 · Oz=— · Red=— · manos=ON · pos=flat · latido=1.50s
[RANGO] autosello PRL · ACECHANDO · Oz=0.0 link=— · manos_feria_informe.json
[RANGO] PRLUSDT_LINEAL last=0.1591 · río=WS · mercado=linear · estado=ACECHANDO · dir=— · 0=0.1613 · Oz=— · Red=— · manos=ON · pos=flat · latido=1.50s
[2026-08-31 10:44:29] [TUSK] RECONCILIACIÓN: HYPEUSDT_LINEAL: interno L:0.000000/S:0.000000 -> real L:0.000000/S:0.340000
[2026-08-31 10:44:29] [TUSK] RECONCILIACIÓN: PURRUSDT_LINEAL: interno L:0.000000/S:0.000000 -> real L:3.000000/S:0.000000
[2026-08-31 10:44:29] [TUSK] RECONCILIACIÓN_FANTASMA: VVVUSDT_LINEAL existe interno pero no en exchange -> reseteando
[2026-08-31 10:44:29] [TUSK] RECONCILIACIÓN_FANTASMA: ZEREBROUSDT_LINEAL existe interno pero no en exchange -> reseteando
[2026-08-31 10:44:29] [TUSK] RECONCILIACIÓN_OK: 4 frentes alineados con exchange
[RANGO] autosello PRL · ACECHANDO · Oz=0.0 link=— · manos_feria_informe.json
[RANGO] PRLUSDT_LINEAL last=0.1591 · río=WS · mercado=linear · estado=ACECHANDO · dir=— · 0=0.1613 · Oz=— · Red=— · manos=ON · pos=flat · latido=1.50s
[RANGO] autosello PRL · ACECHANDO · Oz=0.0 link=— · manos_feria_informe.json
[RANGO] PRLUSDT_LINEAL last=0.1592 · río=WS · mercado=linear · estado=ACECHANDO · dir=— · 0=0.1613 · Oz=— · Red=— · manos=ON · pos=flat · latido=1.50s
[RANGO] PRLUSDT_LINEAL last=0.159 · río=WS · mercado=linear · estado=ACECHANDO · dir=— · 0=0.1613 · Oz=— · Red=— · manos=ON · pos=flat · latido=1.50s
[RANGO] autosello PRL · ACECHANDO · Oz=0.0 link=— · manos_feria_informe.json
[RANGO] PRLUSDT_LINEAL last=0.1589 · río=WS · mercado=linear · estado=ACECHANDO · dir=— · 0=0.1613 · Oz=— · Red=— · manos=ON · pos=flat · latido=1.50s
[RANGO] autosello PRL · ACECHANDO · Oz=0.0 link=— · manos_feria_informe.json
[RANGO] PRLUSDT_LINEAL last=0.1588 · río=WS · mercado=linear · estado=ACECHANDO · dir=— · 0=0.1613 · Oz=— · Red=— · manos=ON · pos=flat · latido=1.50s
[RANGO] PRLUSDT_LINEAL last=0.1589 · río=WS · mercado=linear · estado=ACECHANDO · dir=— · 0=0.1613 · Oz=— · Red=— · manos=ON · pos=flat · latido=1.50s
[2026-08-31 10:45:30] [TUSK] RECONCILIACIÓN: HYPEUSDT_LINEAL: interno L:0.000000/S:0.340000 -> real L:0.000000/S:0.400000
[2026-08-31 10:45:30] [TUSK] RECONCILIACIÓN: PURRUSDT_LINEAL: interno L:3.000000/S:0.000000 -> real L:2.500000/S:0.000000
[2026-08-31 10:45:30] [TUSK] RECONCILIACIÓN: BMNRUSDT_LINEAL: interno L:0.000000/S:0.000000 -> real L:2.100000/S:0.000000
[2026-08-31 10:45:30] [TUSK] RECONCILIACIÓN: CRCLUSDT_LINEAL: interno L:0.290000/S:0.000000 -> real L:0.230000/S:0.000000
[2026-08-31 10:45:30] [TUSK] RECONCILIACIÓN: HYPEUSD_INVERSE: interno L:291.000000/S:0.000000 -> real L:146.000000/S:0.000000
[2026-08-31 10:45:30] [TUSK] RECONCILIACIÓN_FANTASMA: TSLLUSDT_LINEAL existe interno pero no en exchange -> reseteando
[2026-08-31 10:45:30] [TUSK] RECONCILIACIÓN_OK: 6 frentes alineados con exchange
[RANGO] autosello PRL · ACECHANDO · Oz=0.0 link=— · manos_feria_informe.json
[RANGO] PRLUSDT_LINEAL last=0.1589 · río=ciego/muleta · mercado=linear · estado=ACECHANDO · dir=— · 0=0.1613 · Oz=— · Red=— · manos=ON · pos=flat · latido=1.50s
[RANGO] autosello PRL · ACECHANDO · Oz=0.0 link=— · manos_feria_informe.json
[RANGO] PRLUSDT_LINEAL last=0.1588 · río=WS · mercado=linear · estado=ACECHANDO · dir=— · 0=0.1613 · Oz=— · Red=— · manos=ON · pos=flat · latido=1.50s
[RANGO] PRLUSDT_LINEAL last=0.1589 · río=WS · mercado=linear · estado=ACECHANDO · dir=— · 0=0.1613 · Oz=— · Red=— · manos=ON · pos=flat · latido=1.50s
[RANGO] autosello PRL · ACECHANDO · Oz=0.0 link=— · manos_feria_informe.json
[RANGO] PRLUSDT_LINEAL last=0.1587 · río=WS · mercado=linear · estado=ACECHANDO · dir=— · 0=0.1613 · Oz=— · Red=— · manos=ON · pos=flat · latido=1.50s
[RANGO] autosello PRL · ACECHANDO · Oz=0.0 link=— · manos_feria_informe.json
[RANGO] PRLUSDT_LINEAL last=0.1587 · río=WS · mercado=linear · estado=ACECHANDO · dir=— · 0=0.1613 · Oz=— · Red=— · manos=ON · pos=flat · latido=1.50s
[RANGO] PRLUSDT_LINEAL last=0.1591 · río=ciego/muleta · mercado=linear · estado=ACECHANDO · dir=— · 0=0.1613 · Oz=— · Red=— · manos=ON · pos=flat · latido=1.50s
[2026-08-31 10:46:31] [TUSK] RECONCILIACIÓN: PURRUSDT_LINEAL: interno L:2.500000/S:0.000000 -> real L:3.000000/S:0.000000
[2026-08-31 10:46:31] [TUSK] RECONCILIACIÓN: LITUSDT_LINEAL: interno L:0.000000/S:0.000000 -> real L:0.000000/S:25.000000
[2026-08-31 10:46:31] [TUSK] RECONCILIACIÓN: HYPEUSD_INVERSE: interno L:146.000000/S:0.000000 -> real L:73.000000/S:0.000000
[2026-08-31 10:46:31] [TUSK] RECONCILIACIÓN_FANTASMA: SNXXUSDT_LINEAL existe interno pero no en exchange -> reseteando
[2026-08-31 10:46:31] [TUSK] RECONCILIACIÓN_OK: 4 frentes alineados con exchange
[RANGO] autosello PRL · ACECHANDO · Oz=0.0 link=— · manos_feria_informe.json
[RANGO] PRLUSDT_LINEAL last=0.1591 · río=ciego/muleta · mercado=linear · estado=ACECHANDO · dir=— · 0=0.1613 · Oz=— · Red=— · manos=ON · pos=flat · latido=1.50s
[RANGO] autosello PRL · ACECHANDO · Oz=0.0 link=— · manos_feria_informe.json
[RANGO] PRLUSDT_LINEAL last=0.1588 · río=WS · mercado=linear · estado=ACECHANDO · dir=— · 0=0.1613 · Oz=— · Red=— · manos=ON · pos=flat · latido=1.50s
[RANGO] PRLUSDT_LINEAL last=0.1588 · río=WS · mercado=linear · estado=ACECHANDO · dir=— · 0=0.1613 · Oz=— · Red=— · manos=ON · pos=flat · latido=1.50s
[RANGO] autosello PRL · ACECHANDO · Oz=0.0 link=— · manos_feria_informe.json
[RANGO] PRLUSDT_LINEAL last=0.1591 · río=ciego/muleta · mercado=linear · estado=ACECHANDO · dir=— · 0=0.1613 · Oz=— · Red=— · manos=ON · pos=flat · latido=1.50s
[RANGO] autosello PRL · ACECHANDO · Oz=0.0 link=— · manos_feria_informe.json
[RANGO] PRLUSDT_LINEAL last=0.1589 · río=WS · mercado=linear · estado=ACECHANDO · dir=— · 0=0.1613 · Oz=— · Red=— · manos=ON · pos=flat · latido=1.50s
[RANGO] PRLUSDT_LINEAL last=0.1591 · río=ciego/muleta · mercado=linear · estado=ACECHANDO · dir=— · 0=0.1613 · Oz=— · Red=— · manos=ON · pos=flat · latido=1.50s
[RANGO] autosello PRL · ACECHANDO · Oz=0.0 link=— · manos_feria_informe.json
[2026-08-31 10:47:33] [TUSK] RECONCILIACIÓN: LITUSDT_LINEAL: interno L:0.000000/S:25.000000 -> real L:0.000000/S:26.900000
[2026-08-31 10:47:33] [TUSK] RECONCILIACIÓN: PURRUSDT_LINEAL: interno L:3.000000/S:0.000000 -> real L:3.700000/S:0.000000
[2026-08-31 10:47:33] [TUSK] RECONCILIACIÓN: BLUAIUSDT_LINEAL: interno L:1590.000000/S:0.000000 -> real L:1180.000000/S:0.000000
[2026-08-31 10:47:33] [TUSK] RECONCILIACIÓN_OK: 3 frentes alineados con exchange
[RANGO] PRLUSDT_LINEAL last=0.1589 · río=WS · mercado=linear · estado=ACECHANDO · dir=— · 0=0.1613 · Oz=— · Red=— · manos=ON · pos=flat · latido=1.50s
[RANGO] autosello PRL · ACECHANDO · Oz=0.0 link=— · manos_feria_informe.json
[RANGO] PRLUSDT_LINEAL last=0.1587 · río=WS · mercado=linear · estado=ACECHANDO · dir=— · 0=0.1613 · Oz=— · Red=— · manos=ON · pos=flat · latido=1.50s
[RANGO] PRLUSDT_LINEAL last=0.1587 · río=ciego/muleta · mercado=linear · estado=ACECHANDO · dir=— · 0=0.1613 · Oz=— · Red=— · manos=ON · pos=flat · latido=1.50s
[RANGO] autosello PRL · ACECHANDO · Oz=0.0 link=— · manos_feria_informe.json
[RANGO] PRLUSDT_LINEAL last=0.1587 · río=ciego/muleta · mercado=linear · estado=ACECHANDO · dir=— · 0=0.1613 · Oz=— · Red=— · manos=ON · pos=flat · latido=1.50s
[RANGO] autosello PRL · ACECHANDO · Oz=0.0 link=— · manos_feria_informe.json
[RANGO] PRLUSDT_LINEAL last=0.1589 · río=ciego/muleta · mercado=linear · estado=ACECHANDO · dir=— · 0=0.1613 · Oz=— · Red=— · manos=ON · pos=flat · latido=1.50s
[RANGO] autosello PRL · ACECHANDO · Oz=0.0 link=— · manos_feria_informe.json
[RANGO] PRLUSDT_LINEAL last=0.1591 · río=WS · mercado=linear · estado=ACECHANDO · dir=— · 0=0.1613 · Oz=— · Red=— · manos=ON · pos=flat · latido=1.50s
[2026-08-31 10:48:36] [TUSK] RECONCILIACIÓN: PURRUSDT_LINEAL: interno L:3.700000/S:0.000000 -> real L:3.200000/S:0.000000
[2026-08-31 10:48:36] [TUSK] RECONCILIACIÓN_OK: 1 frentes alineados con exchange
[RANGO] PRLUSDT_LINEAL last=0.1591 · río=ciego/muleta · mercado=linear · estado=ACECHANDO · dir=— · 0=0.1613 · Oz=— · Red=— · manos=ON · pos=flat · latido=1.50s
[RANGO] autosello PRL · ACECHANDO · Oz=0.0 link=— · manos_feria_informe.json
[RANGO] PRLUSDT_LINEAL last=0.1592 · río=WS · mercado=linear · estado=ACECHANDO · dir=— · 0=0.1613 · Oz=— · Red=— · manos=ON · pos=flat · latido=1.50s
[RANGO] autosello PRL · ACECHANDO · Oz=0.0 link=— · manos_feria_informe.json
[RANGO] PRLUSDT_LINEAL last=0.1591 · río=ciego/muleta · mercado=linear · estado=ACECHANDO · dir=— · 0=0.1613 · Oz=— · Red=— · manos=ON · pos=flat · latido=1.50s
[RANGO] PRLUSDT_LINEAL last=0.1591 · río=ciego/muleta · mercado=linear · estado=ACECHANDO · dir=— · 0=0.1613 · Oz=— · Red=— · manos=ON · pos=flat · latido=1.50s
[RANGO] autosello PRL · ACECHANDO · Oz=0.0 link=— · manos_feria_informe.json
[RANGO] PRLUSDT_LINEAL last=0.1593 · río=WS · mercado=linear · estado=ACECHANDO · dir=— · 0=0.1613 · Oz=— · Red=— · manos=ON · pos=flat · latido=1.50s
[RANGO] autosello PRL · ACECHANDO · Oz=0.0 link=— · manos_feria_informe.json
[2026-08-31 10:49:37] [TUSK] RECONCILIACIÓN: PURRUSDT_LINEAL: interno L:3.200000/S:0.000000 -> real L:3.700000/S:0.000000
[2026-08-31 10:49:37] [TUSK] RECONCILIACIÓN: MORPHOUSDT_LINEAL: interno L:0.000000/S:0.000000 -> real L:23.000000/S:0.000000
[2026-08-31 10:49:37] [TUSK] RECONCILIACIÓN: DASHUSDT_LINEAL: interno L:0.000000/S:0.680000 -> real L:0.000000/S:0.810000
[2026-08-31 10:49:37] [TUSK] RECONCILIACIÓN_FANTASMA: UNIUSDT_LINEAL existe interno pero no en exchange -> reseteando
[2026-08-31 10:49:37] [TUSK] RECONCILIACIÓN_OK: 4 frentes alineados con exchange
[RANGO] PRLUSDT_LINEAL last=0.1593 · río=WS · mercado=linear · estado=ACECHANDO · dir=— · 0=0.1613 · Oz=— · Red=— · manos=ON · pos=flat · latido=1.50s
[RANGO] PRLUSDT_LINEAL last=0.1594 · río=WS · mercado=linear · estado=ACECHANDO · dir=— · 0=0.1613 · Oz=— · Red=— · manos=ON · pos=flat · latido=1.50s
[RANGO] autosello PRL · ACECHANDO · Oz=0.0 link=— · manos_feria_informe.json
[RANGO] PRLUSDT_LINEAL last=0.1592 · río=WS · mercado=linear · estado=ACECHANDO · dir=— · 0=0.1613 · Oz=— · Red=— · manos=ON · pos=flat · latido=1.50s
[RANGO] autosello PRL · ACECHANDO · Oz=0.0 link=— · manos_feria_informe.json
[RANGO] PRLUSDT_LINEAL last=0.1593 · río=ciego/muleta · mercado=linear · estado=ACECHANDO · dir=— · 0=0.1613 · Oz=— · Red=— · manos=ON · pos=flat · latido=1.50s
[RANGO] autosello PRL · ACECHANDO · Oz=0.0 link=— · manos_feria_informe.json
[RANGO] PRLUSDT_LINEAL last=0.1593 · río=WS · mercado=linear · estado=ACECHANDO · dir=— · 0=0.1613 · Oz=— · Red=— · manos=ON · pos=flat · latido=1.50s
[RANGO] PRLUSDT_LINEAL last=0.1592 · río=ciego/muleta · mercado=linear · estado=ACECHANDO · dir=— · 0=0.1613 · Oz=— · Red=— · manos=ON · pos=flat · latido=1.50s
[RANGO] autosello PRL · ACECHANDO · Oz=0.0 link=— · manos_feria_informe.json
[2026-08-31 10:50:38] [TUSK] RECONCILIACIÓN: ASTSUSDT_LINEAL: interno L:0.000000/S:0.000000 -> real L:0.780000/S:0.000000
[2026-08-31 10:50:38] [TUSK] RECONCILIACIÓN: LITUSDT_LINEAL: interno L:0.000000/S:26.900000 -> real L:0.000000/S:25.500000
[2026-08-31 10:50:38] [TUSK] RECONCILIACIÓN: ETHUSD_INVERSE: interno L:190.000000/S:0.000000 -> real L:95.000000/S:0.000000
[2026-08-31 10:50:38] [TUSK] RECONCILIACIÓN_FANTASMA: OUSDT_LINEAL existe interno pero no en exchange -> reseteando
[2026-08-31 10:50:38] [TUSK] RECONCILIACIÓN_OK: 4 frentes alineados con exchange
[RANGO] PRLUSDT_LINEAL last=0.159 · río=WS · mercado=linear · estado=ACECHANDO · dir=— · 0=0.1613 · Oz=— · Red=— · manos=ON · pos=flat · latido=1.50s
[RANGO] autosello PRL · ACECHANDO · Oz=0.0 link=— · manos_feria_informe.json
[RANGO] PRLUSDT_LINEAL last=0.1592 · río=WS · mercado=linear · estado=ACECHANDO · dir=— · 0=0.1613 · Oz=— · Red=— · manos=ON · pos=flat · latido=1.50s
[RANGO] PRLUSDT_LINEAL last=0.1591 · río=WS · mercado=linear · estado=ACECHANDO · dir=— · 0=0.1613 · Oz=— · Red=— · manos=ON · pos=flat · latido=1.50s
[RANGO] autosello PRL · ACECHANDO · Oz=0.0 link=— · manos_feria_informe.json
[RANGO] PRLUSDT_LINEAL last=0.1588 · río=WS · mercado=linear · estado=ACECHANDO · dir=— · 0=0.1613 · Oz=— · Red=— · manos=ON · pos=flat · latido=1.50s
[RANGO] autosello PRL · ACECHANDO · Oz=0.0 link=— · manos_feria_informe.json
[RANGO] PRLUSDT_LINEAL last=0.159 · río=WS · mercado=linear · estado=ACECHANDO · dir=— · 0=0.1613 · Oz=— · Red=— · manos=ON · pos=flat · latido=1.50s
[RANGO] PRLUSDT_LINEAL last=0.1588 · río=WS · mercado=linear · estado=ACECHANDO · dir=— · 0=0.1613 · Oz=— · Red=— · manos=ON · pos=flat · latido=1.50s
[RANGO] autosello PRL · ACECHANDO · Oz=0.0 link=— · manos_feria_informe.json
[RANGO] PRLUSDT_LINEAL last=0.1589 · río=WS · mercado=linear · estado=ACECHANDO · dir=— · 0=0.1613 · Oz=— · Red=— · manos=ON · pos=flat · latido=1.50s
[2026-08-31 10:51:40] [TUSK] RECONCILIACIÓN: MONUSDT_LINEAL: interno L:0.000000/S:0.000000 -> real L:5276.000000/S:0.000000
[2026-08-31 10:51:40] [TUSK] RECONCILIACIÓN_FANTASMA: STXXUSDT_LINEAL existe interno pero no en exchange -> reseteando
[2026-08-31 10:51:40] [TUSK] RECONCILIACIÓN_OK: 2 frentes alineados con exchange
[RANGO] autosello PRL · ACECHANDO · Oz=0.0 link=— · manos_feria_informe.json
[RANGO] PRLUSDT_LINEAL last=0.159 · río=WS · mercado=linear · estado=ACECHANDO · dir=— · 0=0.1613 · Oz=— · Red=— · manos=ON · pos=flat · latido=1.50s
[RANGO] PRLUSDT_LINEAL last=0.159 · río=ciego/muleta · mercado=linear · estado=ACECHANDO · dir=— · 0=0.1613 · Oz=— · Red=— · manos=ON · pos=flat · latido=1.50s
[RANGO] autosello PRL · ACECHANDO · Oz=0.0 link=— · manos_feria_informe.json
[RANGO] PRLUSDT_LINEAL last=0.159 · río=ciego/muleta · mercado=linear · estado=ACECHANDO · dir=— · 0=0.1613 · Oz=— · Red=— · manos=ON · pos=flat · latido=1.50s
[RANGO] autosello PRL · ACECHANDO · Oz=0.0 link=— · manos_feria_informe.json
[RANGO] PRLUSDT_LINEAL last=0.1589 · río=WS · mercado=linear · estado=ACECHANDO · dir=— · 0=0.1613 · Oz=— · Red=— · manos=ON · pos=flat · latido=1.50s
[RANGO] PRLUSDT_LINEAL last=0.1591 · río=WS · mercado=linear · estado=ACECHANDO · dir=— · 0=0.1613 · Oz=— · Red=— · manos=ON · pos=flat · latido=1.50s
[RANGO] autosello PRL · ACECHANDO · Oz=0.0 link=— · manos_feria_informe.json
[2026-08-31 10:52:41] [TUSK] RECONCILIACIÓN: SUSHIUSDT_LINEAL: interno L:0.000000/S:0.000000 -> real L:139.800000/S:0.000000
[2026-08-31 10:52:41] [TUSK] RECONCILIACIÓN: ACUUSDT_LINEAL: interno L:0.000000/S:0.000000 -> real L:215.000000/S:0.000000
[2026-08-31 10:52:41] [TUSK] RECONCILIACIÓN_FANTASMA: PLTRUSDT_LINEAL existe interno pero no en exchange -> reseteando
[2026-08-31 10:52:41] [TUSK] RECONCILIACIÓN_FANTASMA: CFGUSDT_LINEAL existe interno pero no en exchange -> reseteando
[2026-08-31 10:52:41] [TUSK] RECONCILIACIÓN_OK: 4 frentes alineados con exchange
[RANGO] PRLUSDT_LINEAL last=0.1587 · río=ciego/muleta · mercado=linear · estado=ACECHANDO · dir=— · 0=0.1613 · Oz=— · Red=— · manos=ON · pos=flat · latido=1.50s
[RANGO] autosello PRL · ACECHANDO · Oz=0.0 link=— · manos_feria_informe.json
[RANGO] PRLUSDT_LINEAL last=0.1587 · río=WS · mercado=linear · estado=ACECHANDO · dir=— · 0=0.1613 · Oz=— · Red=— · manos=ON · pos=flat · latido=1.50s
[RANGO] autosello PRL · ACECHANDO · Oz=0.0 link=— · manos_feria_informe.json
[RANGO] PRLUSDT_LINEAL last=0.1586 · río=WS · mercado=linear · estado=ACECHANDO · dir=— · 0=0.1613 · Oz=— · Red=— · manos=ON · pos=flat · latido=1.50s
[RANGO] PRLUSDT_LINEAL last=0.1587 · río=ciego/muleta · mercado=linear · estado=ACECHANDO · dir=— · 0=0.1613 · Oz=— · Red=— · manos=ON · pos=flat · latido=1.50s
[RANGO] autosello PRL · ACECHANDO · Oz=0.0 link=— · manos_feria_informe.json
[RANGO] PRLUSDT_LINEAL last=0.1587 · río=ciego/muleta · mercado=linear · estado=ACECHANDO · dir=— · 0=0.1613 · Oz=— · Red=— · manos=ON · pos=flat · latido=1.50s
[RANGO] autosello PRL · ACECHANDO · Oz=0.0 link=— · manos_feria_informe.json
[RANGO] PRLUSDT_LINEAL last=0.1587 · río=ciego/muleta · mercado=linear · estado=ACECHANDO · dir=— · 0=0.1613 · Oz=— · Red=— · manos=ON · pos=flat · latido=1.50s
[2026-08-31 10:53:43] [TUSK] RECONCILIACIÓN: TRBUSDT_LINEAL: interno L:0.000000/S:0.000000 -> real L:5.240000/S:0.000000
[2026-08-31 10:53:43] [TUSK] RECONCILIACIÓN_FANTASMA: FWDIUSDT_LINEAL existe interno pero no en exchange -> reseteando
[2026-08-31 10:53:43] [TUSK] RECONCILIACIÓN_OK: 2 frentes alineados con exchange
[RANGO] PRLUSDT_LINEAL last=0.1589 · río=WS · mercado=linear · estado=ACECHANDO · dir=— · 0=0.1613 · Oz=— · Red=— · manos=ON · pos=flat · latido=1.50s
[RANGO] autosello PRL · ACECHANDO · Oz=0.0 link=— · manos_feria_informe.json
[RANGO] PRLUSDT_LINEAL last=0.159 · río=WS · mercado=linear · estado=ACECHANDO · dir=— · 0=0.1613 · Oz=— · Red=— · manos=ON · pos=flat · latido=1.50s
[RANGO] autosello PRL · ACECHANDO · Oz=0.0 link=— · manos_feria_informe.json
[RANGO] PRLUSDT_LINEAL last=0.1592 · río=WS · mercado=linear · estado=ACECHANDO · dir=— · 0=0.1613 · Oz=— · Red=— · manos=ON · pos=flat · latido=1.50s
[RANGO] PRLUSDT_LINEAL last=0.1591 · río=ciego/muleta · mercado=linear · estado=ACECHANDO · dir=— · 0=0.1613 · Oz=— · Red=— · manos=ON · pos=flat · latido=1.50s
[RANGO] autosello PRL · ACECHANDO · Oz=0.0 link=— · manos_feria_informe.json
[RANGO] PRLUSDT_LINEAL last=0.1591 · río=ciego/muleta · mercado=linear · estado=ACECHANDO · dir=— · 0=0.1613 · Oz=— · Red=— · manos=ON · pos=flat · latido=1.50s
[RANGO] autosello PRL · ACECHANDO · Oz=0.0 link=— · manos_feria_informe.json
[RANGO] PRLUSDT_LINEAL last=0.1591 · río=WS · mercado=linear · estado=ACECHANDO · dir=— · 0=0.1613 · Oz=— · Red=— · manos=ON · pos=flat · latido=1.50s
[2026-08-31 10:54:44] [TUSK] RECONCILIACIÓN: LITUSDT_LINEAL: interno L:0.000000/S:25.500000 -> real L:0.000000/S:24.100000
[2026-08-31 10:54:44] [TUSK] RECONCILIACIÓN_OK: 1 frentes alineados con exchange
[RANGO] autosello PRL · ACECHANDO · Oz=0.0 link=— · manos_feria_informe.json
[RANGO] PRLUSDT_LINEAL last=0.1591 · río=ciego/muleta · mercado=linear · estado=ACECHANDO · dir=— · 0=0.1613 · Oz=— · Red=— · manos=ON · pos=flat · latido=1.50s
[RANGO] PRLUSDT_LINEAL last=0.1591 · río=ciego/muleta · mercado=linear · estado=ACECHANDO · dir=— · 0=0.1613 · Oz=— · Red=— · manos=ON · pos=flat · latido=1.50s
[RANGO] autosello PRL · ACECHANDO · Oz=0.0 link=— · manos_feria_informe.json
[RANGO] PRLUSDT_LINEAL last=0.1591 · río=ciego/muleta · mercado=linear · estado=ACECHANDO · dir=— · 0=0.1613 · Oz=— · Red=— · manos=ON · pos=flat · latido=1.50s
[RANGO] autosello PRL · ACECHANDO · Oz=0.0 link=— · manos_feria_informe.json
[RANGO] PRLUSDT_LINEAL last=0.1592 · río=WS · mercado=linear · estado=ACECHANDO · dir=— · 0=0.1613 · Oz=— · Red=— · manos=ON · pos=flat · latido=1.50s
[RANGO] PRLUSDT_LINEAL last=0.1594 · río=WS · mercado=linear · estado=ACECHANDO · dir=— · 0=0.1613 · Oz=— · Red=— · manos=ON · pos=flat · latido=1.50s
[RANGO] autosello PRL · ACECHANDO · Oz=0.0 link=— · manos_feria_informe.json
[RANGO] PRLUSDT_LINEAL last=0.1592 · río=WS · mercado=linear · estado=ACECHANDO · dir=— · 0=0.1613 · Oz=— · Red=— · manos=ON · pos=flat · latido=1.50s
[RANGO] autosello PRL · ACECHANDO · Oz=0.0 link=— · manos_feria_informe.json
[RANGO] PRLUSDT_LINEAL last=0.1592 · río=WS · mercado=linear · estado=ACECHANDO · dir=— · 0=0.1613 · Oz=— · Red=— · manos=ON · pos=flat · latido=1.50s
[RANGO] PRLUSDT_LINEAL last=0.1591 · río=ciego/muleta · mercado=linear · estado=ACECHANDO · dir=— · 0=0.1613 · Oz=— · Red=— · manos=ON · pos=flat · latido=1.50s
[RANGO] autosello PRL · ACECHANDO · Oz=0.0 link=— · manos_feria_informe.json
[RANGO] PRLUSDT_LINEAL last=0.1591 · río=WS · mercado=linear · estado=ACECHANDO · dir=— · 0=0.1613 · Oz=— · Red=— · manos=ON · pos=flat · latido=1.50s
[RANGO] autosello PRL · ACECHANDO · Oz=0.0 link=— · manos_feria_informe.json
[RANGO] PRLUSDT_LINEAL last=0.1591 · río=ciego/muleta · mercado=linear · estado=ACECHANDO · dir=— · 0=0.1613 · Oz=— · Red=— · manos=ON · pos=flat · latido=1.50s
[RANGO] PRLUSDT_LINEAL last=0.1591 · río=WS · mercado=linear · estado=ACECHANDO · dir=— · 0=0.1613 · Oz=— · Red=— · manos=ON · pos=flat · latido=1.50s
[RANGO] autosello PRL · ACECHANDO · Oz=0.0 link=— · manos_feria_informe.json
[RANGO] PRLUSDT_LINEAL last=0.1588 · río=WS · mercado=linear · estado=ACECHANDO · dir=— · 0=0.1613 · Oz=— · Red=— · manos=ON · pos=flat · latido=1.50s
[RANGO] autosello PRL · ACECHANDO · Oz=0.0 link=— · manos_feria_informe.json
[RANGO] PRLUSDT_LINEAL last=0.1589 · río=ciego/muleta · mercado=linear · estado=ACECHANDO · dir=— · 0=0.1613 · Oz=— · Red=— · manos=ON · pos=flat · latido=1.50s
[RANGO] autosello PRL · ACECHANDO · Oz=0.0 link=— · manos_feria_informe.json
[RANGO] PRLUSDT_LINEAL last=0.1587 · río=WS · mercado=linear · estado=ACECHANDO · dir=— · 0=0.1613 · Oz=— · Red=— · manos=ON · pos=flat · latido=1.50s
[RANGO] PRLUSDT_LINEAL last=0.1588 · río=WS · mercado=linear · estado=ACECHANDO · dir=— · 0=0.1613 · Oz=— · Red=— · manos=ON · pos=flat · latido=1.50s
[RANGO] autosello PRL · ACECHANDO · Oz=0.0 link=— · manos_feria_informe.json
[RANGO] PRLUSDT_LINEAL last=0.1589 · río=WS · mercado=linear · estado=ACECHANDO · dir=— · 0=0.1613 · Oz=— · Red=— · manos=ON · pos=flat · latido=1.50s
[RANGO] autosello PRL · ACECHANDO · Oz=0.0 link=— · manos_feria_informe.json
[RANGO] PRLUSDT_LINEAL last=0.1589 · río=ciego/muleta · mercado=linear · estado=ACECHANDO · dir=— · 0=0.1613 · Oz=— · Red=— · manos=ON · pos=flat · latido=1.50s
[RANGO] PRLUSDT_LINEAL last=0.1589 · río=WS · mercado=linear · estado=ACECHANDO · dir=— · 0=0.1613 · Oz=— · Red=— · manos=ON · pos=flat · latido=1.50s
[RANGO] autosello PRL · ACECHANDO · Oz=0.0 link=— · manos_feria_informe.json
[2026-08-31 10:57:48] [TUSK] RECONCILIACIÓN: ROBOUSDT_LINEAL: interno L:0.000000/S:0.000000 -> real L:3390.000000/S:0.000000
[2026-08-31 10:57:48] [TUSK] RECONCILIACIÓN_FANTASMA: POWERUSDT_LINEAL existe interno pero no en exchange -> reseteando
[2026-08-31 10:57:48] [TUSK] RECONCILIACIÓN_OK: 2 frentes alineados con exchange
[RANGO] PRLUSDT_LINEAL last=0.1588 · río=WS · mercado=linear · estado=ACECHANDO · dir=— · 0=0.1613 · Oz=— · Red=— · manos=ON · pos=flat · latido=1.50s
[RANGO] autosello PRL · ACECHANDO · Oz=0.0 link=— · manos_feria_informe.json
[RANGO] PRLUSDT_LINEAL last=0.1588 · río=WS · mercado=linear · estado=ACECHANDO · dir=— · 0=0.1613 · Oz=— · Red=— · manos=ON · pos=flat · latido=1.50s
[RANGO] PRLUSDT_LINEAL last=0.1592 · río=WS · mercado=linear · estado=ACECHANDO · dir=— · 0=0.1613 · Oz=— · Red=— · manos=ON · pos=flat · latido=1.50s
[RANGO] autosello PRL · ACECHANDO · Oz=0.0 link=— · manos_feria_informe.json
[RANGO] PRLUSDT_LINEAL last=0.1593 · río=WS · mercado=linear · estado=ACECHANDO · dir=— · 0=0.1613 · Oz=— · Red=— · manos=ON · pos=flat · latido=1.50s
[RANGO] autosello PRL · ACECHANDO · Oz=0.0 link=— · manos_feria_informe.json
[RANGO] PRLUSDT_LINEAL last=0.1587 · río=WS · mercado=linear · estado=ACECHANDO · dir=— · 0=0.1613 · Oz=— · Red=— · manos=ON · pos=flat · latido=1.50s
[RANGO] PRLUSDT_LINEAL last=0.1589 · río=WS · mercado=linear · estado=ACECHANDO · dir=— · 0=0.1613 · Oz=— · Red=— · manos=ON · pos=flat · latido=1.50s
[RANGO] autosello PRL · ACECHANDO · Oz=0.0 link=— · manos_feria_informe.json
[2026-08-31 10:58:50] [TUSK] RECONCILIACIÓN: MOVRUSDT_LINEAL: interno L:0.000000/S:0.000000 -> real L:0.000000/S:115.100000
[2026-08-31 10:58:50] [TUSK] RECONCILIACIÓN_FANTASMA: AEHRUSDT_LINEAL existe interno pero no en exchange -> reseteando
[2026-08-31 10:58:50] [TUSK] RECONCILIACIÓN_OK: 2 frentes alineados con exchange
[RANGO] PRLUSDT_LINEAL last=0.159 · río=WS · mercado=linear · estado=ACECHANDO · dir=— · 0=0.1613 · Oz=— · Red=— · manos=ON · pos=flat · latido=1.50s
[RANGO] autosello PRL · ACECHANDO · Oz=0.0 link=— · manos_feria_informe.json
[RANGO] PRLUSDT_LINEAL last=0.1588 · río=WS · mercado=linear · estado=ACECHANDO · dir=— · 0=0.1613 · Oz=— · Red=— · manos=ON · pos=flat · latido=1.50s
[RANGO] PRLUSDT_LINEAL last=0.1584 · río=WS · mercado=linear · estado=ACECHANDO · dir=— · 0=0.1613 · Oz=— · Red=— · manos=ON · pos=flat · latido=1.50s
[RANGO] autosello PRL · ACECHANDO · Oz=0.0 link=— · manos_feria_informe.json
[RANGO] PRLUSDT_LINEAL last=0.1584 · río=WS · mercado=linear · estado=ACECHANDO · dir=— · 0=0.1613 · Oz=— · Red=— · manos=ON · pos=flat · latido=1.50s
[RANGO] autosello PRL · ACECHANDO · Oz=0.0 link=— · manos_feria_informe.json
[RANGO] PRLUSDT_LINEAL last=0.1587 · río=WS · mercado=linear · estado=ACECHANDO · dir=— · 0=0.1613 · Oz=— · Red=— · manos=ON · pos=flat · latido=1.50s
[RANGO] PRLUSDT_LINEAL last=0.1584 · río=WS · mercado=linear · estado=ACECHANDO · dir=— · 0=0.1613 · Oz=— · Red=— · manos=ON · pos=flat · latido=1.50s
[RANGO] autosello PRL · ACECHANDO · Oz=0.0 link=— · manos_feria_informe.json
[2026-08-31 10:59:52] [TUSK] RECONCILIACIÓN: SAMSUNGUSDT_LINEAL: interno L:0.000000/S:0.000000 -> real L:0.000000/S:0.110000
[2026-08-31 10:59:52] [TUSK] RECONCILIACIÓN: POWERUSDT_LINEAL: interno L:0.000000/S:0.000000 -> real L:0.000000/S:130.000000
[2026-08-31 10:59:52] [TUSK] RECONCILIACIÓN_FANTASMA: CHIPUSDT_LINEAL existe interno pero no en exchange -> reseteando
[2026-08-31 10:59:52] [TUSK] RECONCILIACIÓN_FANTASMA: ROSEUSDT_LINEAL existe interno pero no en exchange -> reseteando
[2026-08-31 10:59:52] [TUSK] RECONCILIACIÓN_OK: 4 frentes alineados con exchange
[RANGO] PRLUSDT_LINEAL last=0.1584 · río=ciego/muleta · mercado=linear · estado=ACECHANDO · dir=— · 0=0.1613 · Oz=— · Red=— · manos=ON · pos=flat · latido=1.50s
[RANGO] autosello PRL · ACECHANDO · Oz=0.0 link=— · manos_feria_informe.json
[RANGO] PRLUSDT_LINEAL last=0.1585 · río=WS · mercado=linear · estado=ACECHANDO · dir=— · 0=0.1613 · Oz=— · Red=— · manos=ON · pos=flat · latido=1.50s
[RANGO] PRLUSDT_LINEAL last=0.1584 · río=ciego/muleta · mercado=linear · estado=ACECHANDO · dir=— · 0=0.1613 · Oz=— · Red=— · manos=ON · pos=flat · latido=1.50s
[RANGO] autosello PRL · ACECHANDO · Oz=0.0 link=— · manos_feria_informe.json
[RANGO] PRLUSDT_LINEAL last=0.1583 · río=WS · mercado=linear · estado=ACECHANDO · dir=— · 0=0.1613 · Oz=— · Red=— · manos=ON · pos=flat · latido=1.50s
[RANGO] autosello PRL · ACECHANDO · Oz=0.0 link=— · manos_feria_informe.json
[RANGO] PRLUSDT_LINEAL last=0.1584 · río=WS · mercado=linear · estado=ACECHANDO · dir=— · 0=0.1613 · Oz=— · Red=— · manos=ON · pos=flat · latido=1.50s
[RANGO] PRLUSDT_LINEAL last=0.1581 · río=WS · mercado=linear · estado=ACECHANDO · dir=— · 0=0.1613 · Oz=— · Red=— · manos=ON · pos=flat · latido=1.50s
[RANGO] autosello PRL · ACECHANDO · Oz=0.0 link=— · manos_feria_informe.json
[2026-08-31 11:00:53] [TUSK] RECONCILIACIÓN: TWTUSDT_LINEAL: interno L:26.800000/S:0.000000 -> real L:7.400000/S:0.000000
[2026-08-31 11:00:53] [TUSK] RECONCILIACIÓN: COTIUSDT_LINEAL: interno L:0.000000/S:0.000000 -> real L:1213.000000/S:0.000000
[2026-08-31 11:00:53] [TUSK] RECONCILIACIÓN_FANTASMA: CRCLUSDT_LINEAL existe interno pero no en exchange -> reseteando
[2026-08-31 11:00:53] [TUSK] RECONCILIACIÓN_OK: 3 frentes alineados con exchange
[RANGO] PRLUSDT_LINEAL last=0.1581 · río=WS · mercado=linear · estado=ACECHANDO · dir=— · 0=0.1613 · Oz=— · Red=— · manos=ON · pos=flat · latido=1.50s
[RANGO] autosello PRL · ACECHANDO · Oz=0.0 link=— · manos_feria_informe.json
[RANGO] PRLUSDT_LINEAL last=0.1583 · río=WS · mercado=linear · estado=ACECHANDO · dir=— · 0=0.1613 · Oz=— · Red=— · manos=ON · pos=flat · latido=1.50s
[RANGO] PRLUSDT_LINEAL last=0.1579 · río=WS · mercado=linear · estado=ACECHANDO · dir=— · 0=0.1613 · Oz=— · Red=— · manos=ON · pos=flat · latido=0.10s
[RANGO] autosello PRL · ACECHANDO · Oz=0.0 link=— · manos_feria_informe.json
[2026-08-31 11:01:19] [BERU_RANGO] ARMAR: RANGO_PRL_fdc9ef14 VACIO_ABAJO → trailing LONG Oz @0.158015 (0,2 detrás de extremo 0.157700) Red @0.000000 ($5.00).
[BERU_RANGO] ARMAR RANGO_PRL_fdc9ef14 VACIO_ABAJO direccion=LONG oz_adan=0.1580154 red_adan=0.0 masa_usd=5.0 trail_extremo=0.1577
[2026-08-31 11:01:19] [BRIDGE] IDX_ONE_WAY: PRLUSDT: casa en modo simple · reintento sin positionIdx | LINK:BRG-TRA-1-fd247f95e6fd61
[2026-08-31 11:01:20] [BRIDGE] ORDEN_ENVIADA: Buy 32.0 PRLUSDT @Market | ID:5c48fe3c-8266-4122-ba99-f587bc342fb2 LINK:BRG-TRA-1-fd247f95e6fd61 reduceOnly=0
[RANGO] PRL → ARMAR_ABAJO {'ok': True, 'evento': 'ARMAR_ABAJO', 'masa': 5.0, 'dir': 'LONG'}
[2026-08-31 11:01:21] [BRIDGE] ORDEN_CANCELADA: ID:5c48fe3c-8266-4122-ba99-f587bc342fb2 PRLUSDT
[2026-08-31 11:01:21] [BERU_RANGO] ALTAR_CANCEL: PRL PRE_MARKET_OZ link=BRG-TRA-1-fd247f95e6fd61 · ok
[2026-08-31 11:01:21] [BRIDGE] IDX_ONE_WAY: PRLUSDT: casa en modo simple · reintento sin positionIdx | LINK:BRG-MKT-1-3b1bf83bead33f
[2026-08-31 11:01:21] [BRIDGE] ORDEN_ENVIADA: Buy 32.0 PRLUSDT @Market | ID:1da8c91f-99ac-4c48-97e0-0ce62a9bbf39 LINK:BRG-MKT-1-3b1bf83bead33f reduceOnly=0
[2026-08-31 11:01:21] [BERU_RANGO] OZ_COSECHA: RANGO_PRL_fdc9ef14 Oz peldaño @0.158000 fill @0.158000 · wake=0.161300 · sangre act. ARRIBA 2.2% · Red trailing act. @0.156104 (callback 0.2% · $5) · extremo=0.157700.
[BERU_RANGO] OZ_COSECHA RANGO_PRL_fdc9ef14 wake=0.1613 oz=0.158 fill=0.158 sangre=ARRIBA red=0.156104 extremo=0.1577 precio=0.158 masa_usd=5.0
[RANGO] PRL → OZ_COSECHA {'ok': True, 'evento': 'OZ_COSECHA', 'cero': 0.1613, 'fill': 0.158, 'oz_despliegue': 0.158, 'sangre': 'ARRIBA', 'red': 0.156104, 'masa_hecha': 5.0, 'trail_extremo': 0.1577, 'oz': 0.158, 'dir': 'LONG'}
[RANGO] PRLUSDT_LINEAL last=0.1578 · río=WS · mercado=linear · estado=ACECHANDO · dir=— · 0=0.1613 · Oz=— · Red=0.156104 · manos=ON · pos=flat · latido=1.50s
[RANGO] autosello PRL · ACECHANDO · Oz=0.0 link=— · manos_feria_informe.json
[RANGO] PRLUSDT_LINEAL last=0.1579 · río=WS · mercado=linear · estado=ACECHANDO · dir=— · 0=0.1613 · Oz=— · Red=0.156104 · manos=ON · pos=flat · latido=1.50s
[RANGO] PRLUSDT_LINEAL last=0.1581 · río=WS · mercado=linear · estado=ACECHANDO · dir=— · 0=0.1613 · Oz=— · Red=0.156104 · manos=ON · pos=flat · latido=1.50s
[RANGO] autosello PRL · ACECHANDO · Oz=0.0 link=— · manos_feria_informe.json
[2026-08-31 11:01:54] [TUSK] RECONCILIACIÓN: PRLUSDT_LINEAL: interno L:0.000000/S:0.000000 -> real L:1308.000000/S:0.000000
[2026-08-31 11:01:54] [TUSK] RECONCILIACIÓN_FANTASMA: BMNRUSDT_LINEAL existe interno pero no en exchange -> reseteando
[2026-08-31 11:01:54] [TUSK] RECONCILIACIÓN_OK: 2 frentes alineados con exchange
[RANGO] PRLUSDT_LINEAL last=0.1579 · río=WS · mercado=linear · estado=ACECHANDO · dir=— · 0=0.1613 · Oz=— · Red=0.156104 · manos=ON · pos=LONG 1308@0.18274767 · latido=1.50s
[RANGO] autosello PRL · ACECHANDO · Oz=0.0 link=— · manos_feria_informe.json
[RANGO] PRLUSDT_LINEAL last=0.1578 · río=WS · mercado=linear · estado=ACECHANDO · dir=— · 0=0.1613 · Oz=— · Red=0.156104 · manos=ON · pos=LONG 1308@0.18274767 · latido=1.50s
[RANGO] PRLUSDT_LINEAL last=0.1582 · río=WS · mercado=linear · estado=ACECHANDO · dir=— · 0=0.1613 · Oz=— · Red=0.156104 · manos=ON · pos=LONG 1308@0.18274767 · latido=1.50s
[RANGO] autosello PRL · ACECHANDO · Oz=0.0 link=— · manos_feria_informe.json
[RANGO] PRLUSDT_LINEAL last=0.1579 · río=WS · mercado=linear · estado=ACECHANDO · dir=— · 0=0.1613 · Oz=— · Red=0.156104 · manos=ON · pos=LONG 1308@0.18274767 · latido=1.50s
[RANGO] autosello PRL · ACECHANDO · Oz=0.0 link=— · manos_feria_informe.json
[RANGO] PRLUSDT_LINEAL last=0.158 · río=ciego/muleta · mercado=linear · estado=ACECHANDO · dir=— · 0=0.1613 · Oz=— · Red=0.156104 · manos=ON · pos=LONG 1308@0.18274767 · latido=1.50s
[RANGO] PRLUSDT_LINEAL last=0.158 · río=WS · mercado=linear · estado=ACECHANDO · dir=— · 0=0.1613 · Oz=— · Red=0.156104 · manos=ON · pos=LONG 1308@0.18274767 · latido=1.50s
[RANGO] autosello PRL · ACECHANDO · Oz=0.0 link=— · manos_feria_informe.json
[RANGO] PRLUSDT_LINEAL last=0.1579 · río=WS · mercado=linear · estado=ACECHANDO · dir=— · 0=0.1613 · Oz=— · Red=0.156104 · manos=ON · pos=LONG 1308@0.18274767 · latido=1.50s
[RANGO] autosello PRL · ACECHANDO · Oz=0.0 link=— · manos_feria_informe.json
[RANGO] PRLUSDT_LINEAL last=0.158 · río=WS · mercado=linear · estado=ACECHANDO · dir=— · 0=0.1613 · Oz=— · Red=0.156104 · manos=ON · pos=LONG 1308@0.18274767 · latido=1.50s
[RANGO] PRLUSDT_LINEAL last=0.1579 · río=WS · mercado=linear · estado=ACECHANDO · dir=— · 0=0.1613 · Oz=— · Red=0.156104 · manos=ON · pos=LONG 1308@0.18274767 · latido=1.50s
[RANGO] autosello PRL · ACECHANDO · Oz=0.0 link=— · manos_feria_informe.json
[RANGO] PRLUSDT_LINEAL last=0.1579 · río=WS · mercado=linear · estado=ACECHANDO · dir=— · 0=0.1613 · Oz=— · Red=0.156104 · manos=ON · pos=LONG 1308@0.18274767 · latido=1.50s
[RANGO] autosello PRL · ACECHANDO · Oz=0.0 link=— · manos_feria_informe.json
[RANGO] PRLUSDT_LINEAL last=0.1577 · río=WS · mercado=linear · estado=ACECHANDO · dir=— · 0=0.1613 · Oz=— · Red=0.156104 · manos=ON · pos=LONG 1308@0.18274767 · latido=1.50s
[RANGO] PRLUSDT_LINEAL last=0.1581 · río=WS · mercado=linear · estado=ACECHANDO · dir=— · 0=0.1613 · Oz=— · Red=0.156104 · manos=ON · pos=LONG 1308@0.18274767 · latido=1.50s
[RANGO] autosello PRL · ACECHANDO · Oz=0.0 link=— · manos_feria_informe.json
[2026-08-31 11:03:57] [TUSK] RECONCILIACIÓN: KSMUSDT_LINEAL: interno L:0.000000/S:0.000000 -> real L:13.470000/S:0.000000
[2026-08-31 11:03:57] [TUSK] RECONCILIACIÓN: DASHUSDT_LINEAL: interno L:0.000000/S:0.810000 -> real L:0.000000/S:1.050000
[2026-08-31 11:03:57] [TUSK] RECONCILIACIÓN_FANTASMA: HYPEUSDT_LINEAL existe interno pero no en exchange -> reseteando
[2026-08-31 11:03:57] [TUSK] RECONCILIACIÓN_OK: 3 frentes alineados con exchange
[RANGO] PRLUSDT_LINEAL last=0.1579 · río=ciego/muleta · mercado=linear · estado=ACECHANDO · dir=— · 0=0.1613 · Oz=— · Red=0.156104 · manos=ON · pos=LONG 1308@0.18274767 · latido=1.50s
[RANGO] autosello PRL · ACECHANDO · Oz=0.0 link=— · manos_feria_informe.json
[RANGO] PRLUSDT_LINEAL last=0.1579 · río=ciego/muleta · mercado=linear · estado=ACECHANDO · dir=— · 0=0.1613 · Oz=— · Red=0.156104 · manos=ON · pos=LONG 1308@0.18274767 · latido=1.50s
[RANGO] autosello PRL · ACECHANDO · Oz=0.0 link=— · manos_feria_informe.json
[RANGO] PRLUSDT_LINEAL last=0.1579 · río=WS · mercado=linear · estado=ACECHANDO · dir=— · 0=0.1613 · Oz=— · Red=0.156104 · manos=ON · pos=LONG 1308@0.18274767 · latido=1.50s
[RANGO] PRLUSDT_LINEAL last=0.1576 · río=WS · mercado=linear · estado=ACECHANDO · dir=— · 0=0.1613 · Oz=— · Red=0.156104 · manos=ON · pos=LONG 1308@0.18274767 · latido=1.50s
[RANGO] autosello PRL · ACECHANDO · Oz=0.0 link=— · manos_feria_informe.json
[RANGO] PRLUSDT_LINEAL last=0.1578 · río=ciego/muleta · mercado=linear · estado=ACECHANDO · dir=— · 0=0.1613 · Oz=— · Red=0.156104 · manos=ON · pos=LONG 1308@0.18274767 · latido=1.50s
[RANGO] autosello PRL · ACECHANDO · Oz=0.0 link=— · manos_feria_informe.json
[RANGO] PRLUSDT_LINEAL last=0.1577 · río=WS · mercado=linear · estado=ACECHANDO · dir=— · 0=0.1613 · Oz=— · Red=0.156104 · manos=ON · pos=LONG 1308@0.18274767 · latido=1.50s
[RANGO] PRLUSDT_LINEAL last=0.1579 · río=WS · mercado=linear · estado=ACECHANDO · dir=— · 0=0.1613 · Oz=— · Red=0.156104 · manos=ON · pos=LONG 1308@0.18274767 · latido=1.50s
[RANGO] autosello PRL · ACECHANDO · Oz=0.0 link=— · manos_feria_informe.json
[RANGO] PRLUSDT_LINEAL last=0.1577 · río=WS · mercado=linear · estado=ACECHANDO · dir=— · 0=0.1613 · Oz=— · Red=0.156104 · manos=ON · pos=LONG 1308@0.18274767 · latido=1.50s
[RANGO] autosello PRL · ACECHANDO · Oz=0.0 link=— · manos_feria_informe.json
[RANGO] PRLUSDT_LINEAL last=0.1578 · río=WS · mercado=linear · estado=ACECHANDO · dir=— · 0=0.1613 · Oz=— · Red=0.156104 · manos=ON · pos=LONG 1308@0.18274767 · latido=1.50s
[RANGO] PRLUSDT_LINEAL last=0.1578 · río=WS · mercado=linear · estado=ACECHANDO · dir=— · 0=0.1613 · Oz=— · Red=0.156104 · manos=ON · pos=LONG 1308@0.18274767 · latido=1.50s
[RANGO] autosello PRL · ACECHANDO · Oz=0.0 link=— · manos_feria_informe.json
[RANGO] PRLUSDT_LINEAL last=0.1582 · río=WS · mercado=linear · estado=ACECHANDO · dir=— · 0=0.1613 · Oz=— · Red=0.156104 · manos=ON · pos=LONG 1308@0.18274767 · latido=1.50s
[RANGO] autosello PRL · ACECHANDO · Oz=0.0 link=— · manos_feria_informe.json
[RANGO] PRLUSDT_LINEAL last=0.1578 · río=WS · mercado=linear · estado=ACECHANDO · dir=— · 0=0.1613 · Oz=— · Red=0.156104 · manos=ON · pos=LONG 1308@0.18274767 · latido=1.50s
[RANGO] PRLUSDT_LINEAL last=0.158 · río=WS · mercado=linear · estado=ACECHANDO · dir=— · 0=0.1613 · Oz=— · Red=0.156104 · manos=ON · pos=LONG 1308@0.18274767 · latido=1.50s
[RANGO] autosello PRL · ACECHANDO · Oz=0.0 link=— · manos_feria_informe.json
[RANGO] PRLUSDT_LINEAL last=0.1577 · río=ciego/muleta · mercado=linear · estado=ACECHANDO · dir=— · 0=0.1613 · Oz=— · Red=0.156104 · manos=ON · pos=LONG 1308@0.18274767 · latido=1.50s
[RANGO] autosello PRL · ACECHANDO · Oz=0.0 link=— · manos_feria_informe.json
[RANGO] PRLUSDT_LINEAL last=0.1577 · río=WS · mercado=linear · estado=ACECHANDO · dir=— · 0=0.1613 · Oz=— · Red=0.156104 · manos=ON · pos=LONG 1308@0.18274767 · latido=1.50s
[RANGO] PRLUSDT_LINEAL last=0.1578 · río=ciego/muleta · mercado=linear · estado=ACECHANDO · dir=— · 0=0.1613 · Oz=— · Red=0.156104 · manos=ON · pos=LONG 1308@0.18274767 · latido=1.50s
[RANGO] autosello PRL · ACECHANDO · Oz=0.0 link=— · manos_feria_informe.json
[RANGO] PRLUSDT_LINEAL last=0.1577 · río=WS · mercado=linear · estado=ACECHANDO · dir=— · 0=0.1613 · Oz=— · Red=0.156104 · manos=ON · pos=LONG 1308@0.18274767 · latido=1.50s
[RANGO] autosello PRL · ACECHANDO · Oz=0.0 link=— · manos_feria_informe.json
[RANGO] PRLUSDT_LINEAL last=0.1579 · río=WS · mercado=linear · estado=ACECHANDO · dir=— · 0=0.1613 · Oz=— · Red=0.156104 · manos=ON · pos=LONG 1308@0.18274767 · latido=1.50s
[2026-08-31 11:07:00] [TUSK] RECONCILIACIÓN: ARCUSDT_LINEAL: interno L:0.000000/S:0.000000 -> real L:45.000000/S:0.000000
[2026-08-31 11:07:00] [TUSK] RECONCILIACIÓN_FANTASMA: BLUAIUSDT_LINEAL existe interno pero no en exchange -> reseteando
[2026-08-31 11:07:00] [TUSK] RECONCILIACIÓN_OK: 2 frentes alineados con exchange
[RANGO] PRLUSDT_LINEAL last=0.1578 · río=ciego/muleta · mercado=linear · estado=ACECHANDO · dir=— · 0=0.1613 · Oz=— · Red=0.156104 · manos=ON · pos=LONG 1308@0.18274767 · latido=1.50s
[RANGO] autosello PRL · ACECHANDO · Oz=0.0 link=— · manos_feria_informe.json
[RANGO] PRLUSDT_LINEAL last=0.1577 · río=WS · mercado=linear · estado=ACECHANDO · dir=— · 0=0.1613 · Oz=— · Red=0.156104 · manos=ON · pos=LONG 1308@0.18274767 · latido=1.50s
[RANGO] autosello PRL · ACECHANDO · Oz=0.0 link=— · manos_feria_informe.json
[RANGO] PRLUSDT_LINEAL last=0.1578 · río=ciego/muleta · mercado=linear · estado=ACECHANDO · dir=— · 0=0.1613 · Oz=— · Red=0.156104 · manos=ON · pos=LONG 1308@0.18274767 · latido=1.50s
[RANGO] PRLUSDT_LINEAL last=0.1578 · río=ciego/muleta · mercado=linear · estado=ACECHANDO · dir=— · 0=0.1613 · Oz=— · Red=0.156104 · manos=ON · pos=LONG 1308@0.18274767 · latido=1.50s
[RANGO] autosello PRL · ACECHANDO · Oz=0.0 link=— · manos_feria_informe.json
[RANGO] PRLUSDT_LINEAL last=0.1577 · río=WS · mercado=linear · estado=ACECHANDO · dir=— · 0=0.1613 · Oz=— · Red=0.156104 · manos=ON · pos=LONG 1308@0.18274767 · latido=1.50s
[RANGO] autosello PRL · ACECHANDO · Oz=0.0 link=— · manos_feria_informe.json
[RANGO] PRLUSDT_LINEAL last=0.1577 · río=WS · mercado=linear · estado=ACECHANDO · dir=— · 0=0.1613 · Oz=— · Red=0.156104 · manos=ON · pos=LONG 1308@0.18274767 · latido=1.50s
[RANGO] PRLUSDT_LINEAL last=0.1578 · río=WS · mercado=linear · estado=ACECHANDO · dir=— · 0=0.1613 · Oz=— · Red=0.156104 · manos=ON · pos=LONG 1308@0.18274767 · latido=1.50s
[RANGO] autosello PRL · ACECHANDO · Oz=0.0 link=— · manos_feria_informe.json
[RANGO] PRLUSDT_LINEAL last=0.1579 · río=ciego/muleta · mercado=linear · estado=ACECHANDO · dir=— · 0=0.1613 · Oz=— · Red=0.156104 · manos=ON · pos=LONG 1308@0.18274767 · latido=1.50s
[RANGO] autosello PRL · ACECHANDO · Oz=0.0 link=— · manos_feria_informe.json
[RANGO] PRLUSDT_LINEAL last=0.1577 · río=WS · mercado=linear · estado=ACECHANDO · dir=— · 0=0.1613 · Oz=— · Red=0.156104 · manos=ON · pos=LONG 1308@0.18274767 · latido=1.50s
[RANGO] autosello PRL · ACECHANDO · Oz=0.0 link=— · manos_feria_informe.json
[RANGO] PRLUSDT_LINEAL last=0.1579 · río=WS · mercado=linear · estado=ACECHANDO · dir=— · 0=0.1613 · Oz=— · Red=0.156104 · manos=ON · pos=LONG 1308@0.18274767 · latido=1.50s
[RANGO] PRLUSDT_LINEAL last=0.158 · río=WS · mercado=linear · estado=ACECHANDO · dir=— · 0=0.1613 · Oz=— · Red=0.156104 · manos=ON · pos=LONG 1308@0.18274767 · latido=1.50s
[RANGO] autosello PRL · ACECHANDO · Oz=0.0 link=— · manos_feria_informe.json
[RANGO] PRLUSDT_LINEAL last=0.1579 · río=WS · mercado=linear · estado=ACECHANDO · dir=— · 0=0.1613 · Oz=— · Red=0.156104 · manos=ON · pos=LONG 1308@0.18274767 · latido=1.50s
[RANGO] autosello PRL · ACECHANDO · Oz=0.0 link=— · manos_feria_informe.json
[RANGO] PRLUSDT_LINEAL last=0.1579 · río=WS · mercado=linear · estado=ACECHANDO · dir=— · 0=0.1613 · Oz=— · Red=0.156104 · manos=ON · pos=LONG 1308@0.18274767 · latido=1.50s
[RANGO] PRLUSDT_LINEAL last=0.1579 · río=WS · mercado=linear · estado=ACECHANDO · dir=— · 0=0.1613 · Oz=— · Red=0.156104 · manos=ON · pos=LONG 1308@0.18274767 · latido=1.50s
[RANGO] autosello PRL · ACECHANDO · Oz=0.0 link=— · manos_feria_informe.json
[RANGO] PRLUSDT_LINEAL last=0.1581 · río=WS · mercado=linear · estado=ACECHANDO · dir=— · 0=0.1613 · Oz=— · Red=0.156104 · manos=ON · pos=LONG 1308@0.18274767 · latido=1.50s
[RANGO] autosello PRL · ACECHANDO · Oz=0.0 link=— · manos_feria_informe.json
[RANGO] PRLUSDT_LINEAL last=0.158 · río=WS · mercado=linear · estado=ACECHANDO · dir=— · 0=0.1613 · Oz=— · Red=0.156104 · manos=ON · pos=LONG 1308@0.18274767 · latido=1.50s
[RANGO] PRLUSDT_LINEAL last=0.1581 · río=WS · mercado=linear · estado=ACECHANDO · dir=— · 0=0.1613 · Oz=— · Red=0.156104 · manos=ON · pos=LONG 1308@0.18274767 · latido=1.50s
[RANGO] autosello PRL · ACECHANDO · Oz=0.0 link=— · manos_feria_informe.json
[RANGO] PRLUSDT_LINEAL last=0.1578 · río=WS · mercado=linear · estado=ACECHANDO · dir=— · 0=0.1613 · Oz=— · Red=0.156104 · manos=ON · pos=LONG 1308@0.18274767 · latido=1.50s
[RANGO] autosello PRL · ACECHANDO · Oz=0.0 link=— · manos_feria_informe.json
[RANGO] PRLUSDT_LINEAL last=0.1579 · río=WS · mercado=linear · estado=ACECHANDO · dir=— · 0=0.1613 · Oz=— · Red=0.156104 · manos=ON · pos=LONG 1308@0.18274767 · latido=1.50s
[RANGO] PRLUSDT_LINEAL last=0.158 · río=ciego/muleta · mercado=linear · estado=ACECHANDO · dir=— · 0=0.1613 · Oz=— · Red=0.156104 · manos=ON · pos=LONG 1308@0.18274767 · latido=1.50s
[RANGO] autosello PRL · ACECHANDO · Oz=0.0 link=— · manos_feria_informe.json
[RANGO] PRLUSDT_LINEAL last=0.1581 · río=WS · mercado=linear · estado=ACECHANDO · dir=— · 0=0.1613 · Oz=— · Red=0.156104 · manos=ON · pos=LONG 1308@0.18274767 · latido=1.50s
[RANGO] autosello PRL · ACECHANDO · Oz=0.0 link=— · manos_feria_informe.json
[RANGO] PRLUSDT_LINEAL last=0.158 · río=WS · mercado=linear · estado=ACECHANDO · dir=— · 0=0.1613 · Oz=— · Red=0.156104 · manos=ON · pos=LONG 1308@0.18274767 · latido=1.50s
[RANGO] PRLUSDT_LINEAL last=0.1578 · río=WS · mercado=linear · estado=ACECHANDO · dir=— · 0=0.1613 · Oz=— · Red=0.156104 · manos=ON · pos=LONG 1308@0.18274767 · latido=1.50s
[RANGO] autosello PRL · ACECHANDO · Oz=0.0 link=— · manos_feria_informe.json
[RANGO] PRLUSDT_LINEAL last=0.1578 · río=WS · mercado=linear · estado=ACECHANDO · dir=— · 0=0.1613 · Oz=— · Red=0.156104 · manos=ON · pos=LONG 1308@0.18274767 · latido=1.50s
[RANGO] autosello PRL · ACECHANDO · Oz=0.0 link=— · manos_feria_informe.json
[2026-08-31 11:11:07] [TUSK] RECONCILIACIÓN: PLTRUSDT_LINEAL: interno L:0.000000/S:0.000000 -> real L:0.030000/S:0.000000
[2026-08-31 11:11:07] [TUSK] RECONCILIACIÓN_FANTASMA: XANUSDT_LINEAL existe interno pero no en exchange -> reseteando
[2026-08-31 11:11:07] [TUSK] RECONCILIACIÓN_OK: 2 frentes alineados con exchange
[RANGO] PRLUSDT_LINEAL last=0.1576 · río=WS · mercado=linear · estado=ACECHANDO · dir=— · 0=0.1613 · Oz=— · Red=0.156104 · manos=ON · pos=LONG 1308@0.18274767 · latido=1.50s
[RANGO] PRLUSDT_LINEAL last=0.1578 · río=WS · mercado=linear · estado=ACECHANDO · dir=— · 0=0.1613 · Oz=— · Red=0.156104 · manos=ON · pos=LONG 1308@0.18274767 · latido=1.50s
[RANGO] autosello PRL · ACECHANDO · Oz=0.0 link=— · manos_feria_informe.json
[RANGO] PRLUSDT_LINEAL last=0.158 · río=WS · mercado=linear · estado=ACECHANDO · dir=— · 0=0.1613 · Oz=— · Red=0.156104 · manos=ON · pos=LONG 1308@0.18274767 · latido=1.50s
[RANGO] autosello PRL · ACECHANDO · Oz=0.0 link=— · manos_feria_informe.json
[RANGO] PRLUSDT_LINEAL last=0.158 · río=WS · mercado=linear · estado=ACECHANDO · dir=— · 0=0.1613 · Oz=— · Red=0.156104 · manos=ON · pos=LONG 1308@0.18274767 · latido=1.50s
[RANGO] PRLUSDT_LINEAL last=0.1581 · río=WS · mercado=linear · estado=ACECHANDO · dir=— · 0=0.1613 · Oz=— · Red=0.156104 · manos=ON · pos=LONG 1308@0.18274767 · latido=1.50s
[RANGO] autosello PRL · ACECHANDO · Oz=0.0 link=— · manos_feria_informe.json
[RANGO] PRLUSDT_LINEAL last=0.1581 · río=WS · mercado=linear · estado=ACECHANDO · dir=— · 0=0.1613 · Oz=— · Red=0.156104 · manos=ON · pos=LONG 1308@0.18274767 · latido=1.50s
[RANGO] autosello PRL · ACECHANDO · Oz=0.0 link=— · manos_feria_informe.json
[RANGO] PRLUSDT_LINEAL last=0.1581 · río=WS · mercado=linear · estado=ACECHANDO · dir=— · 0=0.1613 · Oz=— · Red=0.156104 · manos=ON · pos=LONG 1308@0.18274767 · latido=1.50s
[RANGO] PRLUSDT_LINEAL last=0.1581 · río=WS · mercado=linear · estado=ACECHANDO · dir=— · 0=0.1613 · Oz=— · Red=0.156104 · manos=ON · pos=LONG 1308@0.18274767 · latido=1.50s
[RANGO] autosello PRL · ACECHANDO · Oz=0.0 link=— · manos_feria_informe.json
[RANGO] PRLUSDT_LINEAL last=0.1581 · río=ciego/muleta · mercado=linear · estado=ACECHANDO · dir=— · 0=0.1613 · Oz=— · Red=0.156104 · manos=ON · pos=LONG 1308@0.18274767 · latido=1.50s
[RANGO] autosello PRL · ACECHANDO · Oz=0.0 link=— · manos_feria_informe.json
[RANGO] PRLUSDT_LINEAL last=0.1579 · río=WS · mercado=linear · estado=ACECHANDO · dir=— · 0=0.1613 · Oz=— · Red=0.156104 · manos=ON · pos=LONG 1308@0.18274767 · latido=1.50s
[RANGO] PRLUSDT_LINEAL last=0.1581 · río=WS · mercado=linear · estado=ACECHANDO · dir=— · 0=0.1613 · Oz=— · Red=0.156104 · manos=ON · pos=LONG 1308@0.18274767 · latido=1.50s
[RANGO] autosello PRL · ACECHANDO · Oz=0.0 link=— · manos_feria_informe.json
[RANGO] PRLUSDT_LINEAL last=0.158 · río=ciego/muleta · mercado=linear · estado=ACECHANDO · dir=— · 0=0.1613 · Oz=— · Red=0.156104 · manos=ON · pos=LONG 1308@0.18274767 · latido=1.50s
[RANGO] autosello PRL · ACECHANDO · Oz=0.0 link=— · manos_feria_informe.json
[RANGO] PRLUSDT_LINEAL last=0.1582 · río=WS · mercado=linear · estado=ACECHANDO · dir=— · 0=0.1613 · Oz=— · Red=0.156104 · manos=ON · pos=LONG 1308@0.18274767 · latido=1.50s
[RANGO] PRLUSDT_LINEAL last=0.1582 · río=WS · mercado=linear · estado=ACECHANDO · dir=— · 0=0.1613 · Oz=— · Red=0.156104 · manos=ON · pos=LONG 1308@0.18274767 · latido=1.50s
[RANGO] autosello PRL · ACECHANDO · Oz=0.0 link=— · manos_feria_informe.json
[RANGO] PRLUSDT_LINEAL last=0.1579 · río=WS · mercado=linear · estado=ACECHANDO · dir=— · 0=0.1613 · Oz=— · Red=0.156104 · manos=ON · pos=LONG 1308@0.18274767 · latido=1.50s
[RANGO] autosello PRL · ACECHANDO · Oz=0.0 link=— · manos_feria_informe.json
[RANGO] PRLUSDT_LINEAL last=0.1583 · río=WS · mercado=linear · estado=ACECHANDO · dir=— · 0=0.1613 · Oz=— · Red=0.156104 · manos=ON · pos=LONG 1308@0.18274767 · latido=1.50s
[RANGO] PRLUSDT_LINEAL last=0.1582 · río=WS · mercado=linear · estado=ACECHANDO · dir=— · 0=0.1613 · Oz=— · Red=0.156104 · manos=ON · pos=LONG 1308@0.18274767 · latido=1.50s
[RANGO] autosello PRL · ACECHANDO · Oz=0.0 link=— · manos_feria_informe.json
[RANGO] PRLUSDT_LINEAL last=0.158 · río=WS · mercado=linear · estado=ACECHANDO · dir=— · 0=0.1613 · Oz=— · Red=0.156104 · manos=ON · pos=LONG 1308@0.18274767 · latido=1.50s
[RANGO] autosello PRL · ACECHANDO · Oz=0.0 link=— · manos_feria_informe.json
[RANGO] PRLUSDT_LINEAL last=0.1583 · río=WS · mercado=linear · estado=ACECHANDO · dir=— · 0=0.1613 · Oz=— · Red=0.156104 · manos=ON · pos=LONG 1308@0.18274767 · latido=1.50s
[2026-08-31 11:14:10] [TUSK] RECONCILIACIÓN_FANTASMA: AAVEUSD_INVERSE existe interno pero no en exchange -> reseteando
[2026-08-31 11:14:10] [TUSK] RECONCILIACIÓN_OK: 1 frentes alineados con exchange
[RANGO] PRLUSDT_LINEAL last=0.1579 · río=WS · mercado=linear · estado=ACECHANDO · dir=— · 0=0.1613 · Oz=— · Red=0.156104 · manos=ON · pos=LONG 1308@0.18274767 · latido=1.50s
[RANGO] autosello PRL · ACECHANDO · Oz=0.0 link=— · manos_feria_informe.json
[RANGO] PRLUSDT_LINEAL last=0.158 · río=WS · mercado=linear · estado=ACECHANDO · dir=— · 0=0.1613 · Oz=— · Red=0.156104 · manos=ON · pos=LONG 1308@0.18274767 · latido=1.50s
[RANGO] autosello PRL · ACECHANDO · Oz=0.0 link=— · manos_feria_informe.json
[RANGO] PRLUSDT_LINEAL last=0.1584 · río=WS · mercado=linear · estado=ACECHANDO · dir=— · 0=0.1613 · Oz=— · Red=0.156104 · manos=ON · pos=LONG 1308@0.18274767 · latido=1.50s
[RANGO] PRLUSDT_LINEAL last=0.1582 · río=WS · mercado=linear · estado=ACECHANDO · dir=— · 0=0.1613 · Oz=— · Red=0.156104 · manos=ON · pos=LONG 1308@0.18274767 · latido=1.50s
[RANGO] autosello PRL · ACECHANDO · Oz=0.0 link=— · manos_feria_informe.json
[RANGO] PRLUSDT_LINEAL last=0.1583 · río=WS · mercado=linear · estado=ACECHANDO · dir=— · 0=0.1613 · Oz=— · Red=0.156104 · manos=ON · pos=LONG 1308@0.18274767 · latido=1.50s
[RANGO] autosello PRL · ACECHANDO · Oz=0.0 link=— · manos_feria_informe.json
[RANGO] PRLUSDT_LINEAL last=0.158 · río=ciego/muleta · mercado=linear · estado=ACECHANDO · dir=— · 0=0.1613 · Oz=— · Red=0.156104 · manos=ON · pos=LONG 1308@0.18274767 · latido=1.50s
[2026-08-31 11:15:12] [TUSK] RECONCILIACIÓN: CRCLUSDT_LINEAL: interno L:0.000000/S:0.000000 -> real L:0.150000/S:0.000000
[2026-08-31 11:15:12] [TUSK] RECONCILIACIÓN: POWERUSDT_LINEAL: interno L:0.000000/S:130.000000 -> real L:0.000000/S:189.000000
[2026-08-31 11:15:12] [TUSK] RECONCILIACIÓN_FANTASMA: MORPHOUSDT_LINEAL existe interno pero no en exchange -> reseteando
[2026-08-31 11:15:12] [TUSK] RECONCILIACIÓN_OK: 3 frentes alineados con exchange
[RANGO] PRLUSDT_LINEAL last=0.1581 · río=WS · mercado=linear · estado=ACECHANDO · dir=— · 0=0.1613 · Oz=— · Red=0.156104 · manos=ON · pos=LONG 1308@0.18274767 · latido=1.50s
[RANGO] autosello PRL · ACECHANDO · Oz=0.0 link=— · manos_feria_informe.json
[RANGO] PRLUSDT_LINEAL last=0.1581 · río=WS · mercado=linear · estado=ACECHANDO · dir=— · 0=0.1613 · Oz=— · Red=0.156104 · manos=ON · pos=LONG 1308@0.18274767 · latido=1.50s
[RANGO] autosello PRL · ACECHANDO · Oz=0.0 link=— · manos_feria_informe.json
[RANGO] PRLUSDT_LINEAL last=0.158 · río=ciego/muleta · mercado=linear · estado=ACECHANDO · dir=— · 0=0.1613 · Oz=— · Red=0.156104 · manos=ON · pos=LONG 1308@0.18274767 · latido=1.50s
[RANGO] autosello PRL · ACECHANDO · Oz=0.0 link=— · manos_feria_informe.json
[RANGO] PRLUSDT_LINEAL last=0.1581 · río=WS · mercado=linear · estado=ACECHANDO · dir=— · 0=0.1613 · Oz=— · Red=0.156104 · manos=ON · pos=LONG 1308@0.18274767 · latido=1.50s
[RANGO] PRLUSDT_LINEAL last=0.1582 · río=WS · mercado=linear · estado=ACECHANDO · dir=— · 0=0.1613 · Oz=— · Red=0.156104 · manos=ON · pos=LONG 1308@0.18274767 · latido=1.50s
[RANGO] autosello PRL · ACECHANDO · Oz=0.0 link=— · manos_feria_informe.json
[RANGO] PRLUSDT_LINEAL last=0.1582 · río=WS · mercado=linear · estado=ACECHANDO · dir=— · 0=0.1613 · Oz=— · Red=0.156104 · manos=ON · pos=LONG 1308@0.18274767 · latido=1.50s
[RANGO] autosello PRL · ACECHANDO · Oz=0.0 link=— · manos_feria_informe.json
[RANGO] PRLUSDT_LINEAL last=0.1579 · río=WS · mercado=linear · estado=ACECHANDO · dir=— · 0=0.1613 · Oz=— · Red=0.156104 · manos=ON · pos=LONG 1308@0.18274767 · latido=1.50s
[RANGO] PRLUSDT_LINEAL last=0.1582 · río=WS · mercado=linear · estado=ACECHANDO · dir=— · 0=0.1613 · Oz=— · Red=0.156104 · manos=ON · pos=LONG 1308@0.18274767 · latido=1.50s
[RANGO] autosello PRL · ACECHANDO · Oz=0.0 link=— · manos_feria_informe.json
[RANGO] PRLUSDT_LINEAL last=0.1581 · río=WS · mercado=linear · estado=ACECHANDO · dir=— · 0=0.1613 · Oz=— · Red=0.156104 · manos=ON · pos=LONG 1308@0.18274767 · latido=1.50s
[RANGO] autosello PRL · ACECHANDO · Oz=0.0 link=— · manos_feria_informe.json
[RANGO] PRLUSDT_LINEAL last=0.1581 · río=WS · mercado=linear · estado=ACECHANDO · dir=— · 0=0.1613 · Oz=— · Red=0.156104 · manos=ON · pos=LONG 1308@0.18274767 · latido=1.50s
[RANGO] PRLUSDT_LINEAL last=0.1579 · río=WS · mercado=linear · estado=ACECHANDO · dir=— · 0=0.1613 · Oz=— · Red=0.156104 · manos=ON · pos=LONG 1308@0.18274767 · latido=1.50s
[RANGO] autosello PRL · ACECHANDO · Oz=0.0 link=— · manos_feria_informe.json
[RANGO] PRLUSDT_LINEAL last=0.1579 · río=WS · mercado=linear · estado=ACECHANDO · dir=— · 0=0.1613 · Oz=— · Red=0.156104 · manos=ON · pos=LONG 1308@0.18274767 · latido=1.50s
[2026-08-31 11:17:14] [TUSK] RECONCILIACIÓN: MORPHOUSDT_LINEAL: interno L:0.000000/S:0.000000 -> real L:21.000000/S:0.000000
[2026-08-31 11:17:14] [TUSK] RECONCILIACIÓN_FANTASMA: PURRUSDT_LINEAL existe interno pero no en exchange -> reseteando
[2026-08-31 11:17:14] [TUSK] RECONCILIACIÓN_OK: 2 frentes alineados con exchange
[RANGO] autosello PRL · ACECHANDO · Oz=0.0 link=— · manos_feria_informe.json
[RANGO] PRLUSDT_LINEAL last=0.158 · río=WS · mercado=linear · estado=ACECHANDO · dir=— · 0=0.1613 · Oz=— · Red=0.156104 · manos=ON · pos=LONG 1308@0.18274767 · latido=1.50s
[RANGO] PRLUSDT_LINEAL last=0.1577 · río=ciego/muleta · mercado=linear · estado=ACECHANDO · dir=— · 0=0.1613 · Oz=— · Red=0.156104 · manos=ON · pos=LONG 1308@0.18274767 · latido=1.50s
[RANGO] autosello PRL · ACECHANDO · Oz=0.0 link=— · manos_feria_informe.json
[RANGO] PRLUSDT_LINEAL last=0.1577 · río=WS · mercado=linear · estado=ACECHANDO · dir=— · 0=0.1613 · Oz=— · Red=0.156104 · manos=ON · pos=LONG 1308@0.18274767 · latido=1.50s
[RANGO] autosello PRL · ACECHANDO · Oz=0.0 link=— · manos_feria_informe.json
[RANGO] PRLUSDT_LINEAL last=0.1575 · río=WS · mercado=linear · estado=ACECHANDO · dir=— · 0=0.1613 · Oz=— · Red=0.156104 · manos=ON · pos=LONG 1308@0.18274767 · latido=1.50s
[RANGO] PRLUSDT_LINEAL last=0.1574 · río=WS · mercado=linear · estado=ACECHANDO · dir=— · 0=0.1613 · Oz=— · Red=0.156104 · manos=ON · pos=LONG 1308@0.18274767 · latido=1.50s
[RANGO] autosello PRL · ACECHANDO · Oz=0.0 link=— · manos_feria_informe.json
[RANGO] PRLUSDT_LINEAL last=0.1576 · río=WS · mercado=linear · estado=ACECHANDO · dir=— · 0=0.1613 · Oz=— · Red=0.156104 · manos=ON · pos=LONG 1308@0.18274767 · latido=1.50s
[2026-08-31 11:18:15] [TUSK] RECONCILIACIÓN: MSTRUSDT_LINEAL: interno L:0.000000/S:0.000000 -> real L:0.160000/S:0.000000
[2026-08-31 11:18:15] [TUSK] RECONCILIACIÓN_FANTASMA: ASTSUSDT_LINEAL existe interno pero no en exchange -> reseteando
[2026-08-31 11:18:15] [TUSK] RECONCILIACIÓN_OK: 2 frentes alineados con exchange
[RANGO] autosello PRL · ACECHANDO · Oz=0.0 link=— · manos_feria_informe.json
[RANGO] PRLUSDT_LINEAL last=0.1575 · río=WS · mercado=linear · estado=ACECHANDO · dir=— · 0=0.1613 · Oz=— · Red=0.156104 · manos=ON · pos=LONG 1308@0.18274767 · latido=1.50s
[RANGO] PRLUSDT_LINEAL last=0.1575 · río=WS · mercado=linear · estado=ACECHANDO · dir=— · 0=0.1613 · Oz=— · Red=0.156104 · manos=ON · pos=LONG 1308@0.18274767 · latido=1.50s
[RANGO] autosello PRL · ACECHANDO · Oz=0.0 link=— · manos_feria_informe.json
[RANGO] PRLUSDT_LINEAL last=0.1575 · río=WS · mercado=linear · estado=ACECHANDO · dir=— · 0=0.1613 · Oz=— · Red=0.156104 · manos=ON · pos=LONG 1308@0.18274767 · latido=1.50s
[RANGO] autosello PRL · ACECHANDO · Oz=0.0 link=— · manos_feria_informe.json
[RANGO] PRLUSDT_LINEAL last=0.1576 · río=WS · mercado=linear · estado=ACECHANDO · dir=— · 0=0.1613 · Oz=— · Red=0.156104 · manos=ON · pos=LONG 1308@0.18274767 · latido=1.50s
[RANGO] PRLUSDT_LINEAL last=0.1575 · río=WS · mercado=linear · estado=ACECHANDO · dir=— · 0=0.1613 · Oz=— · Red=0.156104 · manos=ON · pos=LONG 1308@0.18274767 · latido=1.50s
[RANGO] autosello PRL · ACECHANDO · Oz=0.0 link=— · manos_feria_informe.json
[RANGO] PRLUSDT_LINEAL last=0.1578 · río=WS · mercado=linear · estado=ACECHANDO · dir=— · 0=0.1613 · Oz=— · Red=0.156104 · manos=ON · pos=LONG 1308@0.18274767 · latido=1.50s
[RANGO] autosello PRL · ACECHANDO · Oz=0.0 link=— · manos_feria_informe.json
[RANGO] PRLUSDT_LINEAL last=0.1578 · río=WS · mercado=linear · estado=ACECHANDO · dir=— · 0=0.1613 · Oz=— · Red=0.156104 · manos=ON · pos=LONG 1308@0.18274767 · latido=1.50s
[RANGO] PRLUSDT_LINEAL last=0.1576 · río=WS · mercado=linear · estado=ACECHANDO · dir=— · 0=0.1613 · Oz=— · Red=0.156104 · manos=ON · pos=LONG 1308@0.18274767 · latido=1.50s
[RANGO] autosello PRL · ACECHANDO · Oz=0.0 link=— · manos_feria_informe.json
[RANGO] PRLUSDT_LINEAL last=0.1576 · río=WS · mercado=linear · estado=ACECHANDO · dir=— · 0=0.1613 · Oz=— · Red=0.156104 · manos=ON · pos=LONG 1308@0.18274767 · latido=1.50s
[RANGO] autosello PRL · ACECHANDO · Oz=0.0 link=— · manos_feria_informe.json
[RANGO] PRLUSDT_LINEAL last=0.1579 · río=WS · mercado=linear · estado=ACECHANDO · dir=— · 0=0.1613 · Oz=— · Red=0.156104 · manos=ON · pos=LONG 1308@0.18274767 · latido=1.50s
[RANGO] PRLUSDT_LINEAL last=0.1581 · río=WS · mercado=linear · estado=ACECHANDO · dir=— · 0=0.1613 · Oz=— · Red=0.156104 · manos=ON · pos=LONG 1308@0.18274767 · latido=1.50s
[RANGO] autosello PRL · ACECHANDO · Oz=0.0 link=— · manos_feria_informe.json
[RANGO] PRLUSDT_LINEAL last=0.158 · río=WS · mercado=linear · estado=ACECHANDO · dir=— · 0=0.1613 · Oz=— · Red=0.156104 · manos=ON · pos=LONG 1308@0.18274767 · latido=1.50s
[RANGO] autosello PRL · ACECHANDO · Oz=0.0 link=— · manos_feria_informe.json
[RANGO] PRLUSDT_LINEAL last=0.1581 · río=WS · mercado=linear · estado=ACECHANDO · dir=— · 0=0.1613 · Oz=— · Red=0.156104 · manos=ON · pos=LONG 1308@0.18274767 · latido=1.50s
[RANGO] PRLUSDT_LINEAL last=0.1581 · río=WS · mercado=linear · estado=ACECHANDO · dir=— · 0=0.1613 · Oz=— · Red=0.156104 · manos=ON · pos=LONG 1308@0.18274767 · latido=1.50s
[RANGO] autosello PRL · ACECHANDO · Oz=0.0 link=— · manos_feria_informe.json
[RANGO] PRLUSDT_LINEAL last=0.158 · río=WS · mercado=linear · estado=ACECHANDO · dir=— · 0=0.1613 · Oz=— · Red=0.156104 · manos=ON · pos=LONG 1308@0.18274767 · latido=1.50s
[RANGO] autosello PRL · ACECHANDO · Oz=0.0 link=— · manos_feria_informe.json
[RANGO] PRLUSDT_LINEAL last=0.1578 · río=WS · mercado=linear · estado=ACECHANDO · dir=— · 0=0.1613 · Oz=— · Red=0.156104 · manos=ON · pos=LONG 1308@0.18274767 · latido=1.50s
[RANGO] PRLUSDT_LINEAL last=0.1578 · río=WS · mercado=linear · estado=ACECHANDO · dir=— · 0=0.1613 · Oz=— · Red=0.156104 · manos=ON · pos=LONG 1308@0.18274767 · latido=1.50s
[RANGO] autosello PRL · ACECHANDO · Oz=0.0 link=— · manos_feria_informe.json
[RANGO] PRLUSDT_LINEAL last=0.158 · río=WS · mercado=linear · estado=ACECHANDO · dir=— · 0=0.1613 · Oz=— · Red=0.156104 · manos=ON · pos=LONG 1308@0.18274767 · latido=1.50s
[2026-08-31 11:21:19] [TUSK] RECONCILIACIÓN: LITUSDT_LINEAL: interno L:0.000000/S:24.100000 -> real L:0.000000/S:22.400000
[2026-08-31 11:21:19] [TUSK] RECONCILIACIÓN_OK: 1 frentes alineados con exchange
[RANGO] autosello PRL · ACECHANDO · Oz=0.0 link=— · manos_feria_informe.json
[RANGO] PRLUSDT_LINEAL last=0.158 · río=WS · mercado=linear · estado=ACECHANDO · dir=— · 0=0.1613 · Oz=— · Red=0.156104 · manos=ON · pos=LONG 1308@0.18274767 · latido=1.50s
[RANGO] PRLUSDT_LINEAL last=0.158 · río=WS · mercado=linear · estado=ACECHANDO · dir=— · 0=0.1613 · Oz=— · Red=0.156104 · manos=ON · pos=LONG 1308@0.18274767 · latido=1.50s
[RANGO] autosello PRL · ACECHANDO · Oz=0.0 link=— · manos_feria_informe.json
[RANGO] PRLUSDT_LINEAL last=0.1578 · río=ciego/muleta · mercado=linear · estado=ACECHANDO · dir=— · 0=0.1613 · Oz=— · Red=0.156104 · manos=ON · pos=LONG 1308@0.18274767 · latido=1.50s
[RANGO] autosello PRL · ACECHANDO · Oz=0.0 link=— · manos_feria_informe.json
[RANGO] PRLUSDT_LINEAL last=0.158 · río=WS · mercado=linear · estado=ACECHANDO · dir=— · 0=0.1613 · Oz=— · Red=0.156104 · manos=ON · pos=LONG 1308@0.18274767 · latido=1.50s
[RANGO] PRLUSDT_LINEAL last=0.1581 · río=WS · mercado=linear · estado=ACECHANDO · dir=— · 0=0.1613 · Oz=— · Red=0.156104 · manos=ON · pos=LONG 1308@0.18274767 · latido=1.50s
[RANGO] autosello PRL · ACECHANDO · Oz=0.0 link=— · manos_feria_informe.json
[RANGO] PRLUSDT_LINEAL last=0.1581 · río=WS · mercado=linear · estado=ACECHANDO · dir=— · 0=0.1613 · Oz=— · Red=0.156104 · manos=ON · pos=LONG 1308@0.18274767 · latido=1.50s
[RANGO] autosello PRL · ACECHANDO · Oz=0.0 link=— · manos_feria_informe.json
[RANGO] PRLUSDT_LINEAL last=0.1584 · río=WS · mercado=linear · estado=ACECHANDO · dir=— · 0=0.1613 · Oz=— · Red=0.156104 · manos=ON · pos=LONG 1308@0.18274767 · latido=1.50s
[RANGO] PRLUSDT_LINEAL last=0.1587 · río=WS · mercado=linear · estado=ACECHANDO · dir=— · 0=0.1613 · Oz=— · Red=0.156104 · manos=ON · pos=LONG 1308@0.18274767 · latido=1.50s
[RANGO] autosello PRL · ACECHANDO · Oz=0.0 link=— · manos_feria_informe.json
[RANGO] PRLUSDT_LINEAL last=0.1585 · río=WS · mercado=linear · estado=ACECHANDO · dir=— · 0=0.1613 · Oz=— · Red=0.156104 · manos=ON · pos=LONG 1308@0.18274767 · latido=1.50s
[RANGO] autosello PRL · ACECHANDO · Oz=0.0 link=— · manos_feria_informe.json
[RANGO] PRLUSDT_LINEAL last=0.1585 · río=ciego/muleta · mercado=linear · estado=ACECHANDO · dir=— · 0=0.1613 · Oz=— · Red=0.156104 · manos=ON · pos=LONG 1308@0.18274767 · latido=1.50s
[RANGO] PRLUSDT_LINEAL last=0.1589 · río=WS · mercado=linear · estado=ACECHANDO · dir=— · 0=0.1613 · Oz=— · Red=0.156104 · manos=ON · pos=LONG 1308@0.18274767 · latido=1.50s
[RANGO] autosello PRL · ACECHANDO · Oz=0.0 link=— · manos_feria_informe.json
[RANGO] PRLUSDT_LINEAL last=0.1587 · río=ciego/muleta · mercado=linear · estado=ACECHANDO · dir=— · 0=0.1613 · Oz=— · Red=0.156104 · manos=ON · pos=LONG 1308@0.18274767 · latido=1.50s
[RANGO] autosello PRL · ACECHANDO · Oz=0.0 link=— · manos_feria_informe.json
[RANGO] PRLUSDT_LINEAL last=0.1588 · río=WS · mercado=linear · estado=ACECHANDO · dir=— · 0=0.1613 · Oz=— · Red=0.156104 · manos=ON · pos=LONG 1308@0.18274767 · latido=1.50s
[RANGO] PRLUSDT_LINEAL last=0.1589 · río=WS · mercado=linear · estado=ACECHANDO · dir=— · 0=0.1613 · Oz=— · Red=0.156104 · manos=ON · pos=LONG 1308@0.18274767 · latido=1.50s
[RANGO] autosello PRL · ACECHANDO · Oz=0.0 link=— · manos_feria_informe.json
[RANGO] PRLUSDT_LINEAL last=0.1588 · río=WS · mercado=linear · estado=ACECHANDO · dir=— · 0=0.1613 · Oz=— · Red=0.156104 · manos=ON · pos=LONG 1308@0.18274767 · latido=1.50s
[RANGO] autosello PRL · ACECHANDO · Oz=0.0 link=— · manos_feria_informe.json
[RANGO] PRLUSDT_LINEAL last=0.1587 · río=WS · mercado=linear · estado=ACECHANDO · dir=— · 0=0.1613 · Oz=— · Red=0.156104 · manos=ON · pos=LONG 1308@0.18274767 · latido=1.50s
[RANGO] PRLUSDT_LINEAL last=0.1589 · río=WS · mercado=linear · estado=ACECHANDO · dir=— · 0=0.1613 · Oz=— · Red=0.156104 · manos=ON · pos=LONG 1308@0.18274767 · latido=1.50s
[RANGO] autosello PRL · ACECHANDO · Oz=0.0 link=— · manos_feria_informe.json
[RANGO] PRLUSDT_LINEAL last=0.1586 · río=WS · mercado=linear · estado=ACECHANDO · dir=— · 0=0.1613 · Oz=— · Red=0.156104 · manos=ON · pos=LONG 1308@0.18274767 · latido=1.50s
[RANGO] autosello PRL · ACECHANDO · Oz=0.0 link=— · manos_feria_informe.json
[2026-08-31 11:24:23] [TUSK] RECONCILIACIÓN: SYRUPUSDT_LINEAL: interno L:0.000000/S:0.000000 -> real L:454.000000/S:0.000000
[2026-08-31 11:24:23] [TUSK] RECONCILIACIÓN: XLMUSDT_LINEAL: interno L:0.000000/S:0.000000 -> real L:306.000000/S:0.000000
[2026-08-31 11:24:23] [TUSK] RECONCILIACIÓN_FANTASMA: MONUSDT_LINEAL existe interno pero no en exchange -> reseteando
[2026-08-31 11:24:23] [TUSK] RECONCILIACIÓN_FANTASMA: ACUUSDT_LINEAL existe interno pero no en exchange -> reseteando
[2026-08-31 11:24:23] [TUSK] RECONCILIACIÓN_OK: 4 frentes alineados con exchange
[RANGO] PRLUSDT_LINEAL last=0.1587 · río=ciego/muleta · mercado=linear · estado=ACECHANDO · dir=— · 0=0.1613 · Oz=— · Red=0.156104 · manos=ON · pos=LONG 1308@0.18274767 · latido=1.50s
[RANGO] PRLUSDT_LINEAL last=0.1587 · río=ciego/muleta · mercado=linear · estado=ACECHANDO · dir=— · 0=0.1613 · Oz=— · Red=0.156104 · manos=ON · pos=LONG 1308@0.18274767 · latido=1.50s
[RANGO] autosello PRL · ACECHANDO · Oz=0.0 link=— · manos_feria_informe.json
[RANGO] PRLUSDT_LINEAL last=0.159 · río=WS · mercado=linear · estado=ACECHANDO · dir=— · 0=0.1613 · Oz=— · Red=0.156104 · manos=ON · pos=LONG 1308@0.18274767 · latido=1.50s
[RANGO] autosello PRL · ACECHANDO · Oz=0.0 link=— · manos_feria_informe.json
[RANGO] PRLUSDT_LINEAL last=0.1588 · río=WS · mercado=linear · estado=ACECHANDO · dir=— · 0=0.1613 · Oz=— · Red=0.156104 · manos=ON · pos=LONG 1308@0.18274767 · latido=1.50s
[RANGO] autosello PRL · ACECHANDO · Oz=0.0 link=— · manos_feria_informe.json
[RANGO] PRLUSDT_LINEAL last=0.1585 · río=WS · mercado=linear · estado=ACECHANDO · dir=— · 0=0.1613 · Oz=— · Red=0.156104 · manos=ON · pos=LONG 1308@0.18274767 · latido=1.50s
[RANGO] PRLUSDT_LINEAL last=0.1588 · río=WS · mercado=linear · estado=ACECHANDO · dir=— · 0=0.1613 · Oz=— · Red=0.156104 · manos=ON · pos=LONG 1308@0.18274767 · latido=1.50s
[RANGO] autosello PRL · ACECHANDO · Oz=0.0 link=— · manos_feria_informe.json
[RANGO] PRLUSDT_LINEAL last=0.1587 · río=ciego/muleta · mercado=linear · estado=ACECHANDO · dir=— · 0=0.1613 · Oz=— · Red=0.156104 · manos=ON · pos=LONG 1308@0.18274767 · latido=1.50s
[RANGO] autosello PRL · ACECHANDO · Oz=0.0 link=— · manos_feria_informe.json
[RANGO] PRLUSDT_LINEAL last=0.1587 · río=ciego/muleta · mercado=linear · estado=ACECHANDO · dir=— · 0=0.1613 · Oz=— · Red=0.156104 · manos=ON · pos=LONG 1308@0.18274767 · latido=1.50s
[RANGO] PRLUSDT_LINEAL last=0.1587 · río=ciego/muleta · mercado=linear · estado=ACECHANDO · dir=— · 0=0.1613 · Oz=— · Red=0.156104 · manos=ON · pos=LONG 1308@0.18274767 · latido=1.50s
[RANGO] autosello PRL · ACECHANDO · Oz=0.0 link=— · manos_feria_informe.json
[RANGO] PRLUSDT_LINEAL last=0.1585 · río=WS · mercado=linear · estado=ACECHANDO · dir=— · 0=0.1613 · Oz=— · Red=0.156104 · manos=ON · pos=LONG 1308@0.18274767 · latido=1.50s
[RANGO] autosello PRL · ACECHANDO · Oz=0.0 link=— · manos_feria_informe.json
[RANGO] PRLUSDT_LINEAL last=0.1586 · río=WS · mercado=linear · estado=ACECHANDO · dir=— · 0=0.1613 · Oz=— · Red=0.156104 · manos=ON · pos=LONG 1308@0.18274767 · latido=1.50s
[RANGO] PRLUSDT_LINEAL last=0.1586 · río=WS · mercado=linear · estado=ACECHANDO · dir=— · 0=0.1613 · Oz=— · Red=0.156104 · manos=ON · pos=LONG 1308@0.18274767 · latido=1.50s
[RANGO] autosello PRL · ACECHANDO · Oz=0.0 link=— · manos_feria_informe.json
[RANGO] PRLUSDT_LINEAL last=0.1587 · río=WS · mercado=linear · estado=ACECHANDO · dir=— · 0=0.1613 · Oz=— · Red=0.156104 · manos=ON · pos=LONG 1308@0.18274767 · latido=1.50s
[RANGO] autosello PRL · ACECHANDO · Oz=0.0 link=— · manos_feria_informe.json
[RANGO] PRLUSDT_LINEAL last=0.1587 · río=ciego/muleta · mercado=linear · estado=ACECHANDO · dir=— · 0=0.1613 · Oz=— · Red=0.156104 · manos=ON · pos=LONG 1308@0.18274767 · latido=1.50s
[RANGO] PRLUSDT_LINEAL last=0.1585 · río=WS · mercado=linear · estado=ACECHANDO · dir=— · 0=0.1613 · Oz=— · Red=0.156104 · manos=ON · pos=LONG 1308@0.18274767 · latido=1.50s
[RANGO] autosello PRL · ACECHANDO · Oz=0.0 link=— · manos_feria_informe.json
[RANGO] PRLUSDT_LINEAL last=0.1586 · río=WS · mercado=linear · estado=ACECHANDO · dir=— · 0=0.1613 · Oz=— · Red=0.156104 · manos=ON · pos=LONG 1308@0.18274767 · latido=1.50s
[RANGO] autosello PRL · ACECHANDO · Oz=0.0 link=— · manos_feria_informe.json
[RANGO] PRLUSDT_LINEAL last=0.1586 · río=ciego/muleta · mercado=linear · estado=ACECHANDO · dir=— · 0=0.1613 · Oz=— · Red=0.156104 · manos=ON · pos=LONG 1308@0.18274767 · latido=1.50s
[RANGO] PRLUSDT_LINEAL last=0.1586 · río=ciego/muleta · mercado=linear · estado=ACECHANDO · dir=— · 0=0.1613 · Oz=— · Red=0.156104 · manos=ON · pos=LONG 1308@0.18274767 · latido=1.50s
[RANGO] autosello PRL · ACECHANDO · Oz=0.0 link=— · manos_feria_informe.json
[2026-08-31 11:27:27] [TUSK] RECONCILIACIÓN: ACUUSDT_LINEAL: interno L:0.000000/S:0.000000 -> real L:215.000000/S:0.000000
[2026-08-31 11:27:27] [TUSK] RECONCILIACIÓN: MONUSDT_LINEAL: interno L:0.000000/S:0.000000 -> real L:5276.000000/S:0.000000
[2026-08-31 11:27:27] [TUSK] RECONCILIACIÓN_FANTASMA: CRCLUSDT_LINEAL existe interno pero no en exchange -> reseteando
[2026-08-31 11:27:27] [TUSK] RECONCILIACIÓN_FANTASMA: COTIUSDT_LINEAL existe interno pero no en exchange -> reseteando
[2026-08-31 11:27:27] [TUSK] RECONCILIACIÓN_OK: 4 frentes alineados con exchange
[RANGO] PRLUSDT_LINEAL last=0.1586 · río=WS · mercado=linear · estado=ACECHANDO · dir=— · 0=0.1613 · Oz=— · Red=0.156104 · manos=ON · pos=LONG 1308@0.18274767 · latido=1.50s
[RANGO] autosello PRL · ACECHANDO · Oz=0.0 link=— · manos_feria_informe.json
[RANGO] PRLUSDT_LINEAL last=0.1586 · río=ciego/muleta · mercado=linear · estado=ACECHANDO · dir=— · 0=0.1613 · Oz=— · Red=0.156104 · manos=ON · pos=LONG 1308@0.18274767 · latido=1.50s
[RANGO] PRLUSDT_LINEAL last=0.1584 · río=ciego/muleta · mercado=linear · estado=ACECHANDO · dir=— · 0=0.1613 · Oz=— · Red=0.156104 · manos=ON · pos=LONG 1308@0.18274767 · latido=1.50s
[RANGO] autosello PRL · ACECHANDO · Oz=0.0 link=— · manos_feria_informe.json
[RANGO] PRLUSDT_LINEAL last=0.1582 · río=WS · mercado=linear · estado=ACECHANDO · dir=— · 0=0.1613 · Oz=— · Red=0.156104 · manos=ON · pos=LONG 1308@0.18274767 · latido=1.50s
[RANGO] autosello PRL · ACECHANDO · Oz=0.0 link=— · manos_feria_informe.json
[RANGO] PRLUSDT_LINEAL last=0.1583 · río=ciego/muleta · mercado=linear · estado=ACECHANDO · dir=— · 0=0.1613 · Oz=— · Red=0.156104 · manos=ON · pos=LONG 1308@0.18274767 · latido=1.50s
[RANGO] autosello PRL · ACECHANDO · Oz=0.0 link=— · manos_feria_informe.json
[RANGO] PRLUSDT_LINEAL last=0.1584 · río=WS · mercado=linear · estado=ACECHANDO · dir=— · 0=0.1613 · Oz=— · Red=0.156104 · manos=ON · pos=LONG 1308@0.18274767 · latido=1.50s
[2026-08-31 11:28:29] [TUSK] RECONCILIACIÓN: LITUSDT_LINEAL: interno L:0.000000/S:22.400000 -> real L:0.000000/S:20.400000
[2026-08-31 11:28:29] [TUSK] RECONCILIACIÓN_OK: 1 frentes alineados con exchange
[RANGO] PRLUSDT_LINEAL last=0.1583 · río=ciego/muleta · mercado=linear · estado=ACECHANDO · dir=— · 0=0.1613 · Oz=— · Red=0.156104 · manos=ON · pos=LONG 1308@0.18274767 · latido=1.50s
[RANGO] autosello PRL · ACECHANDO · Oz=0.0 link=— · manos_feria_informe.json
[RANGO] PRLUSDT_LINEAL last=0.1584 · río=WS · mercado=linear · estado=ACECHANDO · dir=— · 0=0.1613 · Oz=— · Red=0.156104 · manos=ON · pos=LONG 1308@0.18274767 · latido=1.50s
[RANGO] autosello PRL · ACECHANDO · Oz=0.0 link=— · manos_feria_informe.json
[RANGO] PRLUSDT_LINEAL last=0.1582 · río=WS · mercado=linear · estado=ACECHANDO · dir=— · 0=0.1613 · Oz=— · Red=0.156104 · manos=ON · pos=LONG 1308@0.18274767 · latido=1.50s
[RANGO] PRLUSDT_LINEAL last=0.158 · río=WS · mercado=linear · estado=ACECHANDO · dir=— · 0=0.1613 · Oz=— · Red=0.156104 · manos=ON · pos=LONG 1308@0.18274767 · latido=1.50s
[RANGO] autosello PRL · ACECHANDO · Oz=0.0 link=— · manos_feria_informe.json
[RANGO] PRLUSDT_LINEAL last=0.1583 · río=WS · mercado=linear · estado=ACECHANDO · dir=— · 0=0.1613 · Oz=— · Red=0.156104 · manos=ON · pos=LONG 1308@0.18274767 · latido=1.50s
[RANGO] autosello PRL · ACECHANDO · Oz=0.0 link=— · manos_feria_informe.json
[RANGO] PRLUSDT_LINEAL last=0.158 · río=WS · mercado=linear · estado=ACECHANDO · dir=— · 0=0.1613 · Oz=— · Red=0.156104 · manos=ON · pos=LONG 1308@0.18274767 · latido=1.50s
[2026-08-31 11:29:30] [TUSK] RECONCILIACIÓN: OUSDT_LINEAL: interno L:0.000000/S:0.000000 -> real L:0.000000/S:34.000000
[2026-08-31 11:29:30] [TUSK] RECONCILIACIÓN_FANTASMA: MONUSDT_LINEAL existe interno pero no en exchange -> reseteando
[2026-08-31 11:29:30] [TUSK] RECONCILIACIÓN_OK: 2 frentes alineados con exchange
[RANGO] PRLUSDT_LINEAL last=0.1582 · río=ciego/muleta · mercado=linear · estado=ACECHANDO · dir=— · 0=0.1613 · Oz=— · Red=0.156104 · manos=ON · pos=LONG 1308@0.18274767 · latido=1.50s
[RANGO] autosello PRL · ACECHANDO · Oz=0.0 link=— · manos_feria_informe.json
[RANGO] PRLUSDT_LINEAL last=0.1582 · río=ciego/muleta · mercado=linear · estado=ACECHANDO · dir=— · 0=0.1613 · Oz=— · Red=0.156104 · manos=ON · pos=LONG 1308@0.18274767 · latido=1.50s
[RANGO] autosello PRL · ACECHANDO · Oz=0.0 link=— · manos_feria_informe.json
[RANGO] PRLUSDT_LINEAL last=0.1581 · río=WS · mercado=linear · estado=ACECHANDO · dir=— · 0=0.1613 · Oz=— · Red=0.156104 · manos=ON · pos=LONG 1308@0.18274767 · latido=1.50s
[RANGO] PRLUSDT_LINEAL last=0.1583 · río=WS · mercado=linear · estado=ACECHANDO · dir=— · 0=0.1613 · Oz=— · Red=0.156104 · manos=ON · pos=LONG 1308@0.18274767 · latido=1.50s
[RANGO] autosello PRL · ACECHANDO · Oz=0.0 link=— · manos_feria_informe.json
[RANGO] PRLUSDT_LINEAL last=0.1582 · río=ciego/muleta · mercado=linear · estado=ACECHANDO · dir=— · 0=0.1613 · Oz=— · Red=0.156104 · manos=ON · pos=LONG 1308@0.18274767 · latido=1.50s
[RANGO] autosello PRL · ACECHANDO · Oz=0.0 link=— · manos_feria_informe.json
[RANGO] PRLUSDT_LINEAL last=0.1582 · río=ciego/muleta · mercado=linear · estado=ACECHANDO · dir=— · 0=0.1613 · Oz=— · Red=0.156104 · manos=ON · pos=LONG 1308@0.18274767 · latido=1.50s
[2026-08-31 11:30:31] [TUSK] RECONCILIACIÓN: CHIPUSDT_LINEAL: interno L:0.000000/S:0.000000 -> real L:520.000000/S:0.000000
[2026-08-31 11:30:31] [TUSK] RECONCILIACIÓN_FANTASMA: ACUUSDT_LINEAL existe interno pero no en exchange -> reseteando
[2026-08-31 11:30:31] [TUSK] RECONCILIACIÓN_OK: 2 frentes alineados con exchange
[RANGO] PRLUSDT_LINEAL last=0.1584 · río=WS · mercado=linear · estado=ACECHANDO · dir=— · 0=0.1613 · Oz=— · Red=0.156104 · manos=ON · pos=LONG 1308@0.18274767 · latido=1.50s
[RANGO] autosello PRL · ACECHANDO · Oz=0.0 link=— · manos_feria_informe.json
[RANGO] PRLUSDT_LINEAL last=0.1583 · río=WS · mercado=linear · estado=ACECHANDO · dir=— · 0=0.1613 · Oz=— · Red=0.156104 · manos=ON · pos=LONG 1308@0.18274767 · latido=1.50s
[RANGO] autosello PRL · ACECHANDO · Oz=0.0 link=— · manos_feria_informe.json
[RANGO] PRLUSDT_LINEAL last=0.1582 · río=ciego/muleta · mercado=linear · estado=ACECHANDO · dir=— · 0=0.1613 · Oz=— · Red=0.156104 · manos=ON · pos=LONG 1308@0.18274767 · latido=1.50s
[RANGO] autosello PRL · ACECHANDO · Oz=0.0 link=— · manos_feria_informe.json
[RANGO] PRLUSDT_LINEAL last=0.1582 · río=ciego/muleta · mercado=linear · estado=ACECHANDO · dir=— · 0=0.1613 · Oz=— · Red=0.156104 · manos=ON · pos=LONG 1308@0.18274767 · latido=1.50s
[RANGO] PRLUSDT_LINEAL last=0.1582 · río=ciego/muleta · mercado=linear · estado=ACECHANDO · dir=— · 0=0.1613 · Oz=— · Red=0.156104 · manos=ON · pos=LONG 1308@0.18274767 · latido=1.50s
[RANGO] autosello PRL · ACECHANDO · Oz=0.0 link=— · manos_feria_informe.json
[RANGO] PRLUSDT_LINEAL last=0.1582 · río=WS · mercado=linear · estado=ACECHANDO · dir=— · 0=0.1613 · Oz=— · Red=0.156104 · manos=ON · pos=LONG 1308@0.18274767 · latido=1.50s
[RANGO] autosello PRL · ACECHANDO · Oz=0.0 link=— · manos_feria_informe.json
[RANGO] PRLUSDT_LINEAL last=0.1582 · río=ciego/muleta · mercado=linear · estado=ACECHANDO · dir=— · 0=0.1613 · Oz=— · Red=0.156104 · manos=ON · pos=LONG 1308@0.18274767 · latido=1.50s
[RANGO] PRLUSDT_LINEAL last=0.1579 · río=WS · mercado=linear · estado=ACECHANDO · dir=— · 0=0.1613 · Oz=— · Red=0.156104 · manos=ON · pos=LONG 1308@0.18274767 · latido=1.50s
[RANGO] autosello PRL · ACECHANDO · Oz=0.0 link=— · manos_feria_informe.json
[RANGO] PRLUSDT_LINEAL last=0.1578 · río=WS · mercado=linear · estado=ACECHANDO · dir=— · 0=0.1613 · Oz=— · Red=0.156104 · manos=ON · pos=LONG 1308@0.18274767 · latido=1.50s
[RANGO] autosello PRL · ACECHANDO · Oz=0.0 link=— · manos_feria_informe.json
[RANGO] PRLUSDT_LINEAL last=0.1577 · río=WS · mercado=linear · estado=ACECHANDO · dir=— · 0=0.1613 · Oz=— · Red=0.156104 · manos=ON · pos=LONG 1308@0.18274767 · latido=1.50s
[RANGO] PRLUSDT_LINEAL last=0.1577 · río=WS · mercado=linear · estado=ACECHANDO · dir=— · 0=0.1613 · Oz=— · Red=0.156104 · manos=ON · pos=LONG 1308@0.18274767 · latido=1.50s
[RANGO] autosello PRL · ACECHANDO · Oz=0.0 link=— · manos_feria_informe.json
[RANGO] PRLUSDT_LINEAL last=0.1578 · río=WS · mercado=linear · estado=ACECHANDO · dir=— · 0=0.1613 · Oz=— · Red=0.156104 · manos=ON · pos=LONG 1308@0.18274767 · latido=1.50s
[2026-08-31 11:32:34] [TUSK] RECONCILIACIÓN: NILUSDT_LINEAL: interno L:0.000000/S:0.000000 -> real L:222.000000/S:0.000000
[2026-08-31 11:32:34] [TUSK] RECONCILIACIÓN_FANTASMA: KNCUSDT_LINEAL existe interno pero no en exchange -> reseteando
[2026-08-31 11:32:34] [TUSK] RECONCILIACIÓN_OK: 2 frentes alineados con exchange
[RANGO] autosello PRL · ACECHANDO · Oz=0.0 link=— · manos_feria_informe.json
[RANGO] PRLUSDT_LINEAL last=0.1576 · río=WS · mercado=linear · estado=ACECHANDO · dir=— · 0=0.1613 · Oz=— · Red=0.156104 · manos=ON · pos=LONG 1308@0.18274767 · latido=1.50s
[RANGO] PRLUSDT_LINEAL last=0.1579 · río=WS · mercado=linear · estado=ACECHANDO · dir=— · 0=0.1613 · Oz=— · Red=0.156104 · manos=ON · pos=LONG 1308@0.18274767 · latido=1.50s
[RANGO] autosello PRL · ACECHANDO · Oz=0.0 link=— · manos_feria_informe.json
[RANGO] PRLUSDT_LINEAL last=0.1576 · río=WS · mercado=linear · estado=ACECHANDO · dir=— · 0=0.1613 · Oz=— · Red=0.156104 · manos=ON · pos=LONG 1308@0.18274767 · latido=1.50s
[RANGO] autosello PRL · ACECHANDO · Oz=0.0 link=— · manos_feria_informe.json
[RANGO] PRLUSDT_LINEAL last=0.1576 · río=ciego/muleta · mercado=linear · estado=ACECHANDO · dir=— · 0=0.1613 · Oz=— · Red=0.156104 · manos=ON · pos=LONG 1308@0.18274767 · latido=1.50s
[RANGO] PRLUSDT_LINEAL last=0.1577 · río=WS · mercado=linear · estado=ACECHANDO · dir=— · 0=0.1613 · Oz=— · Red=0.156104 · manos=ON · pos=LONG 1308@0.18274767 · latido=1.50s
[RANGO] autosello PRL · ACECHANDO · Oz=0.0 link=— · manos_feria_informe.json
[RANGO] PRLUSDT_LINEAL last=0.1576 · río=ciego/muleta · mercado=linear · estado=ACECHANDO · dir=— · 0=0.1613 · Oz=— · Red=0.156104 · manos=ON · pos=LONG 1308@0.18274767 · latido=1.50s
[2026-08-31 11:33:36] [TUSK] RECONCILIACIÓN_FANTASMA: HYPEUSD_INVERSE existe interno pero no en exchange -> reseteando
[2026-08-31 11:33:36] [TUSK] RECONCILIACIÓN_OK: 1 frentes alineados con exchange
[RANGO] autosello PRL · ACECHANDO · Oz=0.0 link=— · manos_feria_informe.json
[RANGO] PRLUSDT_LINEAL last=0.1579 · río=WS · mercado=linear · estado=ACECHANDO · dir=— · 0=0.1613 · Oz=— · Red=0.156104 · manos=ON · pos=LONG 1308@0.18274767 · latido=1.50s
[RANGO] PRLUSDT_LINEAL last=0.1577 · río=WS · mercado=linear · estado=ACECHANDO · dir=— · 0=0.1613 · Oz=— · Red=0.156104 · manos=ON · pos=LONG 1308@0.18274767 · latido=1.50s
[RANGO] autosello PRL · ACECHANDO · Oz=0.0 link=— · manos_feria_informe.json
[RANGO] PRLUSDT_LINEAL last=0.1577 · río=ciego/muleta · mercado=linear · estado=ACECHANDO · dir=— · 0=0.1613 · Oz=— · Red=0.156104 · manos=ON · pos=LONG 1308@0.18274767 · latido=1.50s
[RANGO] autosello PRL · ACECHANDO · Oz=0.0 link=— · manos_feria_informe.json
[RANGO] PRLUSDT_LINEAL last=0.1578 · río=WS · mercado=linear · estado=ACECHANDO · dir=— · 0=0.1613 · Oz=— · Red=0.156104 · manos=ON · pos=LONG 1308@0.18274767 · latido=1.50s
[RANGO] autosello PRL · ACECHANDO · Oz=0.0 link=— · manos_feria_informe.json
[RANGO] PRLUSDT_LINEAL last=0.1576 · río=WS · mercado=linear · estado=ACECHANDO · dir=— · 0=0.1613 · Oz=— · Red=0.156104 · manos=ON · pos=LONG 1308@0.18274767 · latido=1.50s
[RANGO] PRLUSDT_LINEAL last=0.1576 · río=WS · mercado=linear · estado=ACECHANDO · dir=— · 0=0.1613 · Oz=— · Red=0.156104 · manos=ON · pos=LONG 1308@0.18274767 · latido=1.50s
[RANGO] autosello PRL · ACECHANDO · Oz=0.0 link=— · manos_feria_informe.json
[RANGO] PRLUSDT_LINEAL last=0.1572 · río=WS · mercado=linear · estado=ACECHANDO · dir=— · 0=0.1613 · Oz=— · Red=0.156104 · manos=ON · pos=LONG 1308@0.18274767 · latido=1.50s
[RANGO] autosello PRL · ACECHANDO · Oz=0.0 link=— · manos_feria_informe.json
[RANGO] PRLUSDT_LINEAL last=0.1574 · río=WS · mercado=linear · estado=ACECHANDO · dir=— · 0=0.1613 · Oz=— · Red=0.156104 · manos=ON · pos=LONG 1308@0.18274767 · latido=1.50s
[RANGO] PRLUSDT_LINEAL last=0.1573 · río=WS · mercado=linear · estado=ACECHANDO · dir=— · 0=0.1613 · Oz=— · Red=0.156104 · manos=ON · pos=LONG 1308@0.18274767 · latido=1.50s
[RANGO] autosello PRL · ACECHANDO · Oz=0.0 link=— · manos_feria_informe.json
[RANGO] PRLUSDT_LINEAL last=0.1573 · río=ciego/muleta · mercado=linear · estado=ACECHANDO · dir=— · 0=0.1613 · Oz=— · Red=0.156104 · manos=ON · pos=LONG 1308@0.18274767 · latido=1.50s
[RANGO] autosello PRL · ACECHANDO · Oz=0.0 link=— · manos_feria_informe.json
[RANGO] PRLUSDT_LINEAL last=0.1572 · río=WS · mercado=linear · estado=ACECHANDO · dir=— · 0=0.1613 · Oz=— · Red=0.156104 · manos=ON · pos=LONG 1308@0.18274767 · latido=1.50s
[RANGO] PRLUSDT_LINEAL last=0.1573 · río=WS · mercado=linear · estado=ACECHANDO · dir=— · 0=0.1613 · Oz=— · Red=0.156104 · manos=ON · pos=LONG 1308@0.18274767 · latido=1.50s
[2026-08-31 11:35:38] [TUSK] RECONCILIACIÓN: DASHUSDT_LINEAL: interno L:0.000000/S:1.050000 -> real L:0.000000/S:1.160000
[2026-08-31 11:35:38] [TUSK] RECONCILIACIÓN: KNCUSDT_LINEAL: interno L:0.000000/S:0.000000 -> real L:354.100000/S:0.000000
[2026-08-31 11:35:38] [TUSK] RECONCILIACIÓN_FANTASMA: KSMUSDT_LINEAL existe interno pero no en exchange -> reseteando
[2026-08-31 11:35:38] [TUSK] RECONCILIACIÓN_OK: 3 frentes alineados con exchange
[RANGO] autosello PRL · ACECHANDO · Oz=0.0 link=— · manos_feria_informe.json
[RANGO] PRLUSDT_LINEAL last=0.1573 · río=WS · mercado=linear · estado=ACECHANDO · dir=— · 0=0.1613 · Oz=— · Red=0.156104 · manos=ON · pos=LONG 1308@0.18274767 · latido=1.50s
[RANGO] autosello PRL · ACECHANDO · Oz=0.0 link=— · manos_feria_informe.json
[RANGO] PRLUSDT_LINEAL last=0.1574 · río=WS · mercado=linear · estado=ACECHANDO · dir=— · 0=0.1613 · Oz=— · Red=0.156104 · manos=ON · pos=LONG 1308@0.18274767 · latido=1.50s
[RANGO] PRLUSDT_LINEAL last=0.1573 · río=ciego/muleta · mercado=linear · estado=ACECHANDO · dir=— · 0=0.1613 · Oz=— · Red=0.156104 · manos=ON · pos=LONG 1308@0.18274767 · latido=1.50s
[RANGO] autosello PRL · ACECHANDO · Oz=0.0 link=— · manos_feria_informe.json
[RANGO] PRLUSDT_LINEAL last=0.1575 · río=WS · mercado=linear · estado=ACECHANDO · dir=— · 0=0.1613 · Oz=— · Red=0.156104 · manos=ON · pos=LONG 1308@0.18274767 · latido=1.50s
[RANGO] autosello PRL · ACECHANDO · Oz=0.0 link=— · manos_feria_informe.json
[RANGO] PRLUSDT_LINEAL last=0.1573 · río=WS · mercado=linear · estado=ACECHANDO · dir=— · 0=0.1613 · Oz=— · Red=0.156104 · manos=ON · pos=LONG 1308@0.18274767 · latido=1.50s
[RANGO] PRLUSDT_LINEAL last=0.1574 · río=ciego/muleta · mercado=linear · estado=ACECHANDO · dir=— · 0=0.1613 · Oz=— · Red=0.156104 · manos=ON · pos=LONG 1308@0.18274767 · latido=1.50s
[RANGO] autosello PRL · ACECHANDO · Oz=0.0 link=— · manos_feria_informe.json
[2026-08-31 11:36:40] [TUSK] RECONCILIACIÓN: ACUUSDT_LINEAL: interno L:0.000000/S:0.000000 -> real L:215.000000/S:0.000000
[2026-08-31 11:36:40] [TUSK] RECONCILIACIÓN: MONUSDT_LINEAL: interno L:0.000000/S:0.000000 -> real L:5276.000000/S:0.000000
[2026-08-31 11:36:40] [TUSK] RECONCILIACIÓN_FANTASMA: MSTRUSDT_LINEAL existe interno pero no en exchange -> reseteando
[2026-08-31 11:36:40] [TUSK] RECONCILIACIÓN_FANTASMA: MORPHOUSDT_LINEAL existe interno pero no en exchange -> reseteando
[2026-08-31 11:36:40] [TUSK] RECONCILIACIÓN_OK: 4 frentes alineados con exchange
[RANGO] PRLUSDT_LINEAL last=0.1574 · río=WS · mercado=linear · estado=ACECHANDO · dir=— · 0=0.1613 · Oz=— · Red=0.156104 · manos=ON · pos=LONG 1308@0.18274767 · latido=1.50s
[RANGO] autosello PRL · ACECHANDO · Oz=0.0 link=— · manos_feria_informe.json
[RANGO] PRLUSDT_LINEAL last=0.1574 · río=ciego/muleta · mercado=linear · estado=ACECHANDO · dir=— · 0=0.1613 · Oz=— · Red=0.156104 · manos=ON · pos=LONG 1308@0.18274767 · latido=1.50s
[RANGO] PRLUSDT_LINEAL last=0.1574 · río=ciego/muleta · mercado=linear · estado=ACECHANDO · dir=— · 0=0.1613 · Oz=— · Red=0.156104 · manos=ON · pos=LONG 1308@0.18274767 · latido=1.50s
[RANGO] autosello PRL · ACECHANDO · Oz=0.0 link=— · manos_feria_informe.json
[RANGO] PRLUSDT_LINEAL last=0.1574 · río=ciego/muleta · mercado=linear · estado=ACECHANDO · dir=— · 0=0.1613 · Oz=— · Red=0.156104 · manos=ON · pos=LONG 1308@0.18274767 · latido=1.50s
[RANGO] autosello PRL · ACECHANDO · Oz=0.0 link=— · manos_feria_informe.json
[RANGO] PRLUSDT_LINEAL last=0.1574 · río=WS · mercado=linear · estado=ACECHANDO · dir=— · 0=0.1613 · Oz=— · Red=0.156104 · manos=ON · pos=LONG 1308@0.18274767 · latido=1.50s
[RANGO] PRLUSDT_LINEAL last=0.1574 · río=ciego/muleta · mercado=linear · estado=ACECHANDO · dir=— · 0=0.1613 · Oz=— · Red=0.156104 · manos=ON · pos=LONG 1308@0.18274767 · latido=1.50s
[RANGO] autosello PRL · ACECHANDO · Oz=0.0 link=— · manos_feria_informe.json
[RANGO] PRLUSDT_LINEAL last=0.1574 · río=WS · mercado=linear · estado=ACECHANDO · dir=— · 0=0.1613 · Oz=— · Red=0.156104 · manos=ON · pos=LONG 1308@0.18274767 · latido=1.50s
[RANGO] autosello PRL · ACECHANDO · Oz=0.0 link=— · manos_feria_informe.json
[RANGO] PRLUSDT_LINEAL last=0.1575 · río=WS · mercado=linear · estado=ACECHANDO · dir=— · 0=0.1613 · Oz=— · Red=0.156104 · manos=ON · pos=LONG 1308@0.18274767 · latido=1.50s
[RANGO] autosello PRL · ACECHANDO · Oz=0.0 link=— · manos_feria_informe.json
[RANGO] PRLUSDT_LINEAL last=0.1576 · río=ciego/muleta · mercado=linear · estado=ACECHANDO · dir=— · 0=0.1613 · Oz=— · Red=0.156104 · manos=ON · pos=LONG 1308@0.18274767 · latido=1.50s
[RANGO] PRLUSDT_LINEAL last=0.1574 · río=WS · mercado=linear · estado=ACECHANDO · dir=— · 0=0.1613 · Oz=— · Red=0.156104 · manos=ON · pos=LONG 1308@0.18274767 · latido=1.50s
[RANGO] autosello PRL · ACECHANDO · Oz=0.0 link=— · manos_feria_informe.json
[RANGO] PRLUSDT_LINEAL last=0.1575 · río=WS · mercado=linear · estado=ACECHANDO · dir=— · 0=0.1613 · Oz=— · Red=0.156104 · manos=ON · pos=LONG 1308@0.18274767 · latido=1.50s
[RANGO] autosello PRL · ACECHANDO · Oz=0.0 link=— · manos_feria_informe.json
[RANGO] PRLUSDT_LINEAL last=0.1579 · río=WS · mercado=linear · estado=ACECHANDO · dir=— · 0=0.1613 · Oz=— · Red=0.156104 · manos=ON · pos=LONG 1308@0.18274767 · latido=1.50s
[2026-08-31 11:38:43] [TUSK] RECONCILIACIÓN: GIGGLEUSDT_LINEAL: interno L:0.000000/S:0.000000 -> real L:0.000000/S:1.906000
[2026-08-31 11:38:43] [TUSK] RECONCILIACIÓN: CRDOUSDT_LINEAL: interno L:0.000000/S:0.000000 -> real L:0.170000/S:0.000000
[2026-08-31 11:38:43] [TUSK] RECONCILIACIÓN: XANUSDT_LINEAL: interno L:0.000000/S:0.000000 -> real L:203.000000/S:0.000000
[2026-08-31 11:38:43] [TUSK] RECONCILIACIÓN_FANTASMA: PLTRUSDT_LINEAL existe interno pero no en exchange -> reseteando
[2026-08-31 11:38:43] [TUSK] RECONCILIACIÓN_FANTASMA: MONUSDT_LINEAL existe interno pero no en exchange -> reseteando
[2026-08-31 11:38:43] [TUSK] RECONCILIACIÓN_FANTASMA: ACUUSDT_LINEAL existe interno pero no en exchange -> reseteando
[2026-08-31 11:38:43] [TUSK] RECONCILIACIÓN_OK: 6 frentes alineados con exchange
[RANGO] PRLUSDT_LINEAL last=0.1579 · río=WS · mercado=linear · estado=ACECHANDO · dir=— · 0=0.1613 · Oz=— · Red=0.156104 · manos=ON · pos=LONG 1308@0.18274767 · latido=1.50s
[RANGO] autosello PRL · ACECHANDO · Oz=0.0 link=— · manos_feria_informe.json
[RANGO] PRLUSDT_LINEAL last=0.1582 · río=WS · mercado=linear · estado=ACECHANDO · dir=— · 0=0.1613 · Oz=— · Red=0.156104 · manos=ON · pos=LONG 1308@0.18274767 · latido=1.50s
[RANGO] autosello PRL · ACECHANDO · Oz=0.0 link=— · manos_feria_informe.json
[RANGO] PRLUSDT_LINEAL last=0.1581 · río=WS · mercado=linear · estado=ACECHANDO · dir=— · 0=0.1613 · Oz=— · Red=0.156104 · manos=ON · pos=LONG 1308@0.18274767 · latido=1.50s
[RANGO] PRLUSDT_LINEAL last=0.1585 · río=WS · mercado=linear · estado=ACECHANDO · dir=— · 0=0.1613 · Oz=— · Red=0.156104 · manos=ON · pos=LONG 1308@0.18274767 · latido=1.50s
[RANGO] autosello PRL · ACECHANDO · Oz=0.0 link=— · manos_feria_informe.json
[RANGO] PRLUSDT_LINEAL last=0.1581 · río=WS · mercado=linear · estado=ACECHANDO · dir=— · 0=0.1613 · Oz=— · Red=0.156104 · manos=ON · pos=LONG 1308@0.18274767 · latido=1.50s
[RANGO] autosello PRL · ACECHANDO · Oz=0.0 link=— · manos_feria_informe.json
[RANGO] PRLUSDT_LINEAL last=0.1586 · río=WS · mercado=linear · estado=ACECHANDO · dir=— · 0=0.1613 · Oz=— · Red=0.156104 · manos=ON · pos=LONG 1308@0.18274767 · latido=1.50s
[RANGO] PRLUSDT_LINEAL last=0.1582 · río=ciego/muleta · mercado=linear · estado=ACECHANDO · dir=— · 0=0.1613 · Oz=— · Red=0.156104 · manos=ON · pos=LONG 1308@0.18274767 · latido=1.50s
[RANGO] autosello PRL · ACECHANDO · Oz=0.0 link=— · manos_feria_informe.json
[RANGO] PRLUSDT_LINEAL last=0.1583 · río=WS · mercado=linear · estado=ACECHANDO · dir=— · 0=0.1613 · Oz=— · Red=0.156104 · manos=ON · pos=LONG 1308@0.18274767 · latido=1.50s
[RANGO] autosello PRL · ACECHANDO · Oz=0.0 link=— · manos_feria_informe.json
[RANGO] PRLUSDT_LINEAL last=0.158 · río=WS · mercado=linear · estado=ACECHANDO · dir=— · 0=0.1613 · Oz=— · Red=0.156104 · manos=ON · pos=LONG 1308@0.18274767 · latido=1.50s
[RANGO] PRLUSDT_LINEAL last=0.1581 · río=ciego/muleta · mercado=linear · estado=ACECHANDO · dir=— · 0=0.1613 · Oz=— · Red=0.156104 · manos=ON · pos=LONG 1308@0.18274767 · latido=1.50s
[RANGO] autosello PRL · ACECHANDO · Oz=0.0 link=— · manos_feria_informe.json
[RANGO] PRLUSDT_LINEAL last=0.1581 · río=ciego/muleta · mercado=linear · estado=ACECHANDO · dir=— · 0=0.1613 · Oz=— · Red=0.156104 · manos=ON · pos=LONG 1308@0.18274767 · latido=1.50s
[RANGO] autosello PRL · ACECHANDO · Oz=0.0 link=— · manos_feria_informe.json
[RANGO] PRLUSDT_LINEAL last=0.1581 · río=ciego/muleta · mercado=linear · estado=ACECHANDO · dir=— · 0=0.1613 · Oz=— · Red=0.156104 · manos=ON · pos=LONG 1308@0.18274767 · latido=1.50s
[2026-08-31 11:40:45] [TUSK] RECONCILIACIÓN: UBUSDT_LINEAL: interno L:0.000000/S:0.000000 -> real L:0.000000/S:330.000000
[2026-08-31 11:40:45] [TUSK] RECONCILIACIÓN_FANTASMA: KNCUSDT_LINEAL existe interno pero no en exchange -> reseteando
[2026-08-31 11:40:45] [TUSK] RECONCILIACIÓN_OK: 2 frentes alineados con exchange
[RANGO] PRLUSDT_LINEAL last=0.1585 · río=WS · mercado=linear · estado=ACECHANDO · dir=— · 0=0.1613 · Oz=— · Red=0.156104 · manos=ON · pos=LONG 1308@0.18274767 · latido=1.50s
[RANGO] autosello PRL · ACECHANDO · Oz=0.0 link=— · manos_feria_informe.json
[RANGO] PRLUSDT_LINEAL last=0.1582 · río=WS · mercado=linear · estado=ACECHANDO · dir=— · 0=0.1613 · Oz=— · Red=0.156104 · manos=ON · pos=LONG 1308@0.18274767 · latido=1.50s
[RANGO] autosello PRL · ACECHANDO · Oz=0.0 link=— · manos_feria_informe.json
[RANGO] PRLUSDT_LINEAL last=0.1586 · río=WS · mercado=linear · estado=ACECHANDO · dir=— · 0=0.1613 · Oz=— · Red=0.156104 · manos=ON · pos=LONG 1308@0.18274767 · latido=1.50s
[RANGO] PRLUSDT_LINEAL last=0.1586 · río=WS · mercado=linear · estado=ACECHANDO · dir=— · 0=0.1613 · Oz=— · Red=0.156104 · manos=ON · pos=LONG 1308@0.18274767 · latido=1.50s
[RANGO] autosello PRL · ACECHANDO · Oz=0.0 link=— · manos_feria_informe.json
[RANGO] PRLUSDT_LINEAL last=0.1585 · río=WS · mercado=linear · estado=ACECHANDO · dir=— · 0=0.1613 · Oz=— · Red=0.156104 · manos=ON · pos=LONG 1308@0.18274767 · latido=1.50s
[RANGO] autosello PRL · ACECHANDO · Oz=0.0 link=— · manos_feria_informe.json
[RANGO] PRLUSDT_LINEAL last=0.1587 · río=WS · mercado=linear · estado=ACECHANDO · dir=— · 0=0.1613 · Oz=— · Red=0.156104 · manos=ON · pos=LONG 1308@0.18274767 · latido=1.50s
[2026-08-31 11:41:47] [TUSK] RECONCILIACIÓN: KNCUSDT_LINEAL: interno L:0.000000/S:0.000000 -> real L:354.100000/S:0.000000
[2026-08-31 11:41:47] [TUSK] RECONCILIACIÓN: ACUUSDT_LINEAL: interno L:0.000000/S:0.000000 -> real L:215.000000/S:0.000000
[2026-08-31 11:41:47] [TUSK] RECONCILIACIÓN: MONUSDT_LINEAL: interno L:0.000000/S:0.000000 -> real L:5276.000000/S:0.000000
[2026-08-31 11:41:47] [TUSK] RECONCILIACIÓN_FANTASMA: TRBUSDT_LINEAL existe interno pero no en exchange -> reseteando
[2026-08-31 11:41:47] [TUSK] RECONCILIACIÓN_FANTASMA: SYRUPUSDT_LINEAL existe interno pero no en exchange -> reseteando
[2026-08-31 11:41:47] [TUSK] RECONCILIACIÓN_FANTASMA: SUSHIUSDT_LINEAL existe interno pero no en exchange -> reseteando
[2026-08-31 11:41:47] [TUSK] RECONCILIACIÓN_OK: 6 frentes alineados con exchange
[RANGO] PRLUSDT_LINEAL last=0.1585 · río=WS · mercado=linear · estado=ACECHANDO · dir=— · 0=0.1613 · Oz=— · Red=0.156104 · manos=ON · pos=LONG 1308@0.18274767 · latido=1.50s
[RANGO] autosello PRL · ACECHANDO · Oz=0.0 link=— · manos_feria_informe.json
[RANGO] PRLUSDT_LINEAL last=0.1585 · río=WS · mercado=linear · estado=ACECHANDO · dir=— · 0=0.1613 · Oz=— · Red=0.156104 · manos=ON · pos=LONG 1308@0.18274767 · latido=1.50s
[RANGO] autosello PRL · ACECHANDO · Oz=0.0 link=— · manos_feria_informe.json
[RANGO] PRLUSDT_LINEAL last=0.1586 · río=WS · mercado=linear · estado=ACECHANDO · dir=— · 0=0.1613 · Oz=— · Red=0.156104 · manos=ON · pos=LONG 1308@0.18274767 · latido=1.50s
[RANGO] PRLUSDT_LINEAL last=0.1585 · río=WS · mercado=linear · estado=ACECHANDO · dir=— · 0=0.1613 · Oz=— · Red=0.156104 · manos=ON · pos=LONG 1308@0.18274767 · latido=1.50s
[RANGO] autosello PRL · ACECHANDO · Oz=0.0 link=— · manos_feria_informe.json
[RANGO] PRLUSDT_LINEAL last=0.1584 · río=WS · mercado=linear · estado=ACECHANDO · dir=— · 0=0.1613 · Oz=— · Red=0.156104 · manos=ON · pos=LONG 1308@0.18274767 · latido=1.50s
[RANGO] autosello PRL · ACECHANDO · Oz=0.0 link=— · manos_feria_informe.json
[RANGO] PRLUSDT_LINEAL last=0.1584 · río=ciego/muleta · mercado=linear · estado=ACECHANDO · dir=— · 0=0.1613 · Oz=— · Red=0.156104 · manos=ON · pos=LONG 1308@0.18274767 · latido=1.50s
[2026-08-31 11:42:48] [TUSK] RECONCILIACIÓN: ASTSUSDT_LINEAL: interno L:0.000000/S:0.000000 -> real L:0.780000/S:0.000000
[2026-08-31 11:42:48] [TUSK] RECONCILIACIÓN: XRPUSD_INVERSE: interno L:230.000000/S:0.000000 -> real L:224.000000/S:0.000000
[2026-08-31 11:42:49] [TUSK] RECONCILIACIÓN_FANTASMA: TWTUSDT_LINEAL existe interno pero no en exchange -> reseteando
[2026-08-31 11:42:49] [TUSK] RECONCILIACIÓN_OK: 3 frentes alineados con exchange
[RANGO] autosello PRL · ACECHANDO · Oz=0.0 link=— · manos_feria_informe.json
[RANGO] PRLUSDT_LINEAL last=0.1587 · río=WS · mercado=linear · estado=ACECHANDO · dir=— · 0=0.1613 · Oz=— · Red=0.156104 · manos=ON · pos=LONG 1308@0.18274767 · latido=1.50s
[RANGO] PRLUSDT_LINEAL last=0.1585 · río=WS · mercado=linear · estado=ACECHANDO · dir=— · 0=0.1613 · Oz=— · Red=0.156104 · manos=ON · pos=LONG 1308@0.18274767 · latido=1.50s
[RANGO] autosello PRL · ACECHANDO · Oz=0.0 link=— · manos_feria_informe.json
[RANGO] PRLUSDT_LINEAL last=0.1585 · río=WS · mercado=linear · estado=ACECHANDO · dir=— · 0=0.1613 · Oz=— · Red=0.156104 · manos=ON · pos=LONG 1308@0.18274767 · latido=1.50s
[RANGO] autosello PRL · ACECHANDO · Oz=0.0 link=— · manos_feria_informe.json
[RANGO] PRLUSDT_LINEAL last=0.1587 · río=WS · mercado=linear · estado=ACECHANDO · dir=— · 0=0.1613 · Oz=— · Red=0.156104 · manos=ON · pos=LONG 1308@0.18274767 · latido=1.50s
[RANGO] PRLUSDT_LINEAL last=0.1587 · río=WS · mercado=linear · estado=ACECHANDO · dir=— · 0=0.1613 · Oz=— · Red=0.156104 · manos=ON · pos=LONG 1308@0.18274767 · latido=1.50s
[RANGO] autosello PRL · ACECHANDO · Oz=0.0 link=— · manos_feria_informe.json
[RANGO] PRLUSDT_LINEAL last=0.1588 · río=WS · mercado=linear · estado=ACECHANDO · dir=— · 0=0.1613 · Oz=— · Red=0.156104 · manos=ON · pos=LONG 1308@0.18274767 · latido=1.50s
[2026-08-31 11:43:50] [TUSK] RECONCILIACIÓN: PURRUSDT_LINEAL: interno L:0.000000/S:0.000000 -> real L:3.700000/S:0.000000
[2026-08-31 11:43:50] [TUSK] RECONCILIACIÓN_FANTASMA: XLMUSDT_LINEAL existe interno pero no en exchange -> reseteando
[2026-08-31 11:43:50] [TUSK] RECONCILIACIÓN_OK: 2 frentes alineados con exchange
[RANGO] autosello PRL · ACECHANDO · Oz=0.0 link=— · manos_feria_informe.json
[RANGO] PRLUSDT_LINEAL last=0.1586 · río=ciego/muleta · mercado=linear · estado=ACECHANDO · dir=— · 0=0.1613 · Oz=— · Red=0.156104 · manos=ON · pos=LONG 1308@0.18274767 · latido=1.50s
[RANGO] PRLUSDT_LINEAL last=0.1585 · río=WS · mercado=linear · estado=ACECHANDO · dir=— · 0=0.1613 · Oz=— · Red=0.156104 · manos=ON · pos=LONG 1308@0.18274767 · latido=1.50s
[RANGO] autosello PRL · ACECHANDO · Oz=0.0 link=— · manos_feria_informe.json
[RANGO] PRLUSDT_LINEAL last=0.1583 · río=WS · mercado=linear · estado=ACECHANDO · dir=— · 0=0.1613 · Oz=— · Red=0.156104 · manos=ON · pos=LONG 1308@0.18274767 · latido=1.50s
[RANGO] autosello PRL · ACECHANDO · Oz=0.0 link=— · manos_feria_informe.json
[RANGO] PRLUSDT_LINEAL last=0.1583 · río=WS · mercado=linear · estado=ACECHANDO · dir=— · 0=0.1613 · Oz=— · Red=0.156104 · manos=ON · pos=LONG 1308@0.18274767 · latido=1.50s
[RANGO] PRLUSDT_LINEAL last=0.1586 · río=WS · mercado=linear · estado=ACECHANDO · dir=— · 0=0.1613 · Oz=— · Red=0.156104 · manos=ON · pos=LONG 1308@0.18274767 · latido=1.50s
[RANGO] autosello PRL · ACECHANDO · Oz=0.0 link=— · manos_feria_informe.json
[RANGO] PRLUSDT_LINEAL last=0.1584 · río=WS · mercado=linear · estado=ACECHANDO · dir=— · 0=0.1613 · Oz=— · Red=0.156104 · manos=ON · pos=LONG 1308@0.18274767 · latido=1.50s
[2026-08-31 11:44:52] [TUSK] RECONCILIACIÓN: BEATUSDT_LINEAL: interno L:0.000000/S:0.000000 -> real L:166.000000/S:0.000000
[2026-08-31 11:44:52] [TUSK] RECONCILIACIÓN_FANTASMA: XRPUSD_INVERSE existe interno pero no en exchange -> reseteando
[2026-08-31 11:44:52] [TUSK] RECONCILIACIÓN_FANTASMA: PURRUSDT_LINEAL existe interno pero no en exchange -> reseteando
[2026-08-31 11:44:52] [TUSK] RECONCILIACIÓN_OK: 3 frentes alineados con exchange
[RANGO] autosello PRL · ACECHANDO · Oz=0.0 link=— · manos_feria_informe.json
[RANGO] PRLUSDT_LINEAL last=0.1584 · río=WS · mercado=linear · estado=ACECHANDO · dir=— · 0=0.1613 · Oz=— · Red=0.156104 · manos=ON · pos=LONG 1308@0.18274767 · latido=1.50s
[RANGO] PRLUSDT_LINEAL last=0.1586 · río=WS · mercado=linear · estado=ACECHANDO · dir=— · 0=0.1613 · Oz=— · Red=0.156104 · manos=ON · pos=LONG 1308@0.18274767 · latido=1.50s
[RANGO] autosello PRL · ACECHANDO · Oz=0.0 link=— · manos_feria_informe.json
[RANGO] PRLUSDT_LINEAL last=0.1584 · río=WS · mercado=linear · estado=ACECHANDO · dir=— · 0=0.1613 · Oz=— · Red=0.156104 · manos=ON · pos=LONG 1308@0.18274767 · latido=1.50s
[RANGO] autosello PRL · ACECHANDO · Oz=0.0 link=— · manos_feria_informe.json
[RANGO] PRLUSDT_LINEAL last=0.1587 · río=WS · mercado=linear · estado=ACECHANDO · dir=— · 0=0.1613 · Oz=— · Red=0.156104 · manos=ON · pos=LONG 1308@0.18274767 · latido=1.50s
[RANGO] PRLUSDT_LINEAL last=0.1586 · río=ciego/muleta · mercado=linear · estado=ACECHANDO · dir=— · 0=0.1613 · Oz=— · Red=0.156104 · manos=ON · pos=LONG 1308@0.18274767 · latido=1.50s
[RANGO] autosello PRL · ACECHANDO · Oz=0.0 link=— · manos_feria_informe.json
[RANGO] PRLUSDT_LINEAL last=0.1586 · río=WS · mercado=linear · estado=ACECHANDO · dir=— · 0=0.1613 · Oz=— · Red=0.156104 · manos=ON · pos=LONG 1308@0.18274767 · latido=1.50s
[2026-08-31 11:45:53] [TUSK] RECONCILIACIÓN: EULUSDT_LINEAL: interno L:0.000000/S:0.000000 -> real L:81.900000/S:0.000000
[2026-08-31 11:45:53] [TUSK] RECONCILIACIÓN: AKTUSDT_LINEAL: interno L:0.000000/S:0.000000 -> real L:209.400000/S:0.000000
[2026-08-31 11:45:53] [TUSK] RECONCILIACIÓN_FANTASMA: ASTSUSDT_LINEAL existe interno pero no en exchange -> reseteando
[2026-08-31 11:45:53] [TUSK] RECONCILIACIÓN_FANTASMA: MONUSDT_LINEAL existe interno pero no en exchange -> reseteando
[2026-08-31 11:45:53] [TUSK] RECONCILIACIÓN_OK: 4 frentes alineados con exchange
[RANGO] autosello PRL · ACECHANDO · Oz=0.0 link=— · manos_feria_informe.json
[RANGO] PRLUSDT_LINEAL last=0.1586 · río=WS · mercado=linear · estado=ACECHANDO · dir=— · 0=0.1613 · Oz=— · Red=0.156104 · manos=ON · pos=LONG 1308@0.18274767 · latido=1.50s
[RANGO] PRLUSDT_LINEAL last=0.1587 · río=WS · mercado=linear · estado=ACECHANDO · dir=— · 0=0.1613 · Oz=— · Red=0.156104 · manos=ON · pos=LONG 1308@0.18274767 · latido=1.50s
[RANGO] autosello PRL · ACECHANDO · Oz=0.0 link=— · manos_feria_informe.json
[RANGO] PRLUSDT_LINEAL last=0.1587 · río=WS · mercado=linear · estado=ACECHANDO · dir=— · 0=0.1613 · Oz=— · Red=0.156104 · manos=ON · pos=LONG 1308@0.18274767 · latido=1.50s
[RANGO] autosello PRL · ACECHANDO · Oz=0.0 link=— · manos_feria_informe.json
[RANGO] PRLUSDT_LINEAL last=0.1583 · río=WS · mercado=linear · estado=ACECHANDO · dir=— · 0=0.1613 · Oz=— · Red=0.156104 · manos=ON · pos=LONG 1308@0.18274767 · latido=1.50s
[RANGO] PRLUSDT_LINEAL last=0.1587 · río=ciego/muleta · mercado=linear · estado=ACECHANDO · dir=— · 0=0.1613 · Oz=— · Red=0.156104 · manos=ON · pos=LONG 1308@0.18274767 · latido=1.50s
[RANGO] autosello PRL · ACECHANDO · Oz=0.0 link=— · manos_feria_informe.json
[RANGO] PRLUSDT_LINEAL last=0.1584 · río=WS · mercado=linear · estado=ACECHANDO · dir=— · 0=0.1613 · Oz=— · Red=0.156104 · manos=ON · pos=LONG 1308@0.18274767 · latido=1.50s
[2026-08-31 11:46:54] [TUSK] RECONCILIACIÓN: DASHUSDT_LINEAL: interno L:0.000000/S:1.160000 -> real L:0.000000/S:1.270000
[2026-08-31 11:46:54] [TUSK] RECONCILIACIÓN: ESPUSDT_LINEAL: interno L:0.000000/S:0.000000 -> real L:1190.000000/S:0.000000
[2026-08-31 11:46:54] [TUSK] RECONCILIACIÓN: XRPUSD_INVERSE: interno L:0.000000/S:0.000000 -> real L:0.000000/S:5.000000
[2026-08-31 11:46:54] [TUSK] RECONCILIACIÓN_FANTASMA: ACUUSDT_LINEAL existe interno pero no en exchange -> reseteando
[2026-08-31 11:46:54] [TUSK] RECONCILIACIÓN_OK: 4 frentes alineados con exchange
[RANGO] autosello PRL · ACECHANDO · Oz=0.0 link=— · manos_feria_informe.json
[RANGO] PRLUSDT_LINEAL last=0.1584 · río=WS · mercado=linear · estado=ACECHANDO · dir=— · 0=0.1613 · Oz=— · Red=0.156104 · manos=ON · pos=LONG 1308@0.18274767 · latido=1.50s
[RANGO] PRLUSDT_LINEAL last=0.1585 · río=WS · mercado=linear · estado=ACECHANDO · dir=— · 0=0.1613 · Oz=— · Red=0.156104 · manos=ON · pos=LONG 1308@0.18274767 · latido=1.50s
[RANGO] autosello PRL · ACECHANDO · Oz=0.0 link=— · manos_feria_informe.json
[RANGO] PRLUSDT_LINEAL last=0.1585 · río=ciego/muleta · mercado=linear · estado=ACECHANDO · dir=— · 0=0.1613 · Oz=— · Red=0.156104 · manos=ON · pos=LONG 1308@0.18274767 · latido=1.50s
[RANGO] autosello PRL · ACECHANDO · Oz=0.0 link=— · manos_feria_informe.json
[RANGO] PRLUSDT_LINEAL last=0.1587 · río=WS · mercado=linear · estado=ACECHANDO · dir=— · 0=0.1613 · Oz=— · Red=0.156104 · manos=ON · pos=LONG 1308@0.18274767 · latido=1.50s
[RANGO] PRLUSDT_LINEAL last=0.1584 · río=WS · mercado=linear · estado=ACECHANDO · dir=— · 0=0.1613 · Oz=— · Red=0.156104 · manos=ON · pos=LONG 1308@0.18274767 · latido=1.50s
[RANGO] autosello PRL · ACECHANDO · Oz=0.0 link=— · manos_feria_informe.json
[RANGO] PRLUSDT_LINEAL last=0.1586 · río=WS · mercado=linear · estado=ACECHANDO · dir=— · 0=0.1613 · Oz=— · Red=0.156104 · manos=ON · pos=LONG 1308@0.18274767 · latido=1.50s
[RANGO] autosello PRL · ACECHANDO · Oz=0.0 link=— · manos_feria_informe.json
[2026-08-31 11:47:55] [TUSK] RECONCILIACIÓN_FANTASMA: ETHUSD_INVERSE existe interno pero no en exchange -> reseteando
[2026-08-31 11:47:55] [TUSK] RECONCILIACIÓN_OK: 1 frentes alineados con exchange
[RANGO] PRLUSDT_LINEAL last=0.1583 · río=WS · mercado=linear · estado=ACECHANDO · dir=— · 0=0.1613 · Oz=— · Red=0.156104 · manos=ON · pos=LONG 1308@0.18274767 · latido=1.50s
[RANGO] PRLUSDT_LINEAL last=0.1579 · río=WS · mercado=linear · estado=ACECHANDO · dir=— · 0=0.1613 · Oz=— · Red=0.156104 · manos=ON · pos=LONG 1308@0.18274767 · latido=1.50s
[RANGO] autosello PRL · ACECHANDO · Oz=0.0 link=— · manos_feria_informe.json
[RANGO] PRLUSDT_LINEAL last=0.1579 · río=WS · mercado=linear · estado=ACECHANDO · dir=— · 0=0.1613 · Oz=— · Red=0.156104 · manos=ON · pos=LONG 1308@0.18274767 · latido=1.50s
[RANGO] autosello PRL · ACECHANDO · Oz=0.0 link=— · manos_feria_informe.json
[RANGO] PRLUSDT_LINEAL last=0.158 · río=WS · mercado=linear · estado=ACECHANDO · dir=— · 0=0.1613 · Oz=— · Red=0.156104 · manos=ON · pos=LONG 1308@0.18274767 · latido=1.50s
[RANGO] PRLUSDT_LINEAL last=0.158 · río=WS · mercado=linear · estado=ACECHANDO · dir=— · 0=0.1613 · Oz=— · Red=0.156104 · manos=ON · pos=LONG 1308@0.18274767 · latido=1.50s
[RANGO] autosello PRL · ACECHANDO · Oz=0.0 link=— · manos_feria_informe.json
[RANGO] PRLUSDT_LINEAL last=0.1579 · río=WS · mercado=linear · estado=ACECHANDO · dir=— · 0=0.1613 · Oz=— · Red=0.156104 · manos=ON · pos=LONG 1308@0.18274767 · latido=1.50s
[RANGO] autosello PRL · ACECHANDO · Oz=0.0 link=— · manos_feria_informe.json
[RANGO] PRLUSDT_LINEAL last=0.1581 · río=WS · mercado=linear · estado=ACECHANDO · dir=— · 0=0.1613 · Oz=— · Red=0.156104 · manos=ON · pos=LONG 1308@0.18274767 · latido=1.50s
[RANGO] PRLUSDT_LINEAL last=0.1579 · río=WS · mercado=linear · estado=ACECHANDO · dir=— · 0=0.1613 · Oz=— · Red=0.156104 · manos=ON · pos=LONG 1308@0.18274767 · latido=1.50s
[RANGO] autosello PRL · ACECHANDO · Oz=0.0 link=— · manos_feria_informe.json
[RANGO] PRLUSDT_LINEAL last=0.1579 · río=WS · mercado=linear · estado=ACECHANDO · dir=— · 0=0.1613 · Oz=— · Red=0.156104 · manos=ON · pos=LONG 1308@0.18274767 · latido=1.50s
[RANGO] autosello PRL · ACECHANDO · Oz=0.0 link=— · manos_feria_informe.json
[RANGO] PRLUSDT_LINEAL last=0.158 · río=WS · mercado=linear · estado=ACECHANDO · dir=— · 0=0.1613 · Oz=— · Red=0.156104 · manos=ON · pos=LONG 1308@0.18274767 · latido=1.50s
[RANGO] PRLUSDT_LINEAL last=0.158 · río=ciego/muleta · mercado=linear · estado=ACECHANDO · dir=— · 0=0.1613 · Oz=— · Red=0.156104 · manos=ON · pos=LONG 1308@0.18274767 · latido=1.50s
[RANGO] autosello PRL · ACECHANDO · Oz=0.0 link=— · manos_feria_informe.json
[RANGO] PRLUSDT_LINEAL last=0.158 · río=ciego/muleta · mercado=linear · estado=ACECHANDO · dir=— · 0=0.1613 · Oz=— · Red=0.156104 · manos=ON · pos=LONG 1308@0.18274767 · latido=1.50s
[RANGO] autosello PRL · ACECHANDO · Oz=0.0 link=— · manos_feria_informe.json
[2026-08-31 11:49:58] [TUSK] RECONCILIACIÓN: NBISUSDT_LINEAL: interno L:0.000000/S:0.000000 -> real L:0.000000/S:0.050000
[2026-08-31 11:49:58] [TUSK] RECONCILIACIÓN: PEOPLEUSDT_LINEAL: interno L:0.000000/S:0.000000 -> real L:29905.000000/S:0.000000
[2026-08-31 11:49:58] [TUSK] RECONCILIACIÓN_FANTASMA: XLMUSD_INVERSE existe interno pero no en exchange -> reseteando
[2026-08-31 11:49:58] [TUSK] RECONCILIACIÓN_FANTASMA: KNCUSDT_LINEAL existe interno pero no en exchange -> reseteando
[2026-08-31 11:49:58] [TUSK] RECONCILIACIÓN_FANTASMA: ROBOUSDT_LINEAL existe interno pero no en exchange -> reseteando
[2026-08-31 11:49:58] [TUSK] RECONCILIACIÓN_OK: 5 frentes alineados con exchange
[RANGO] PRLUSDT_LINEAL last=0.1579 · río=WS · mercado=linear · estado=ACECHANDO · dir=— · 0=0.1613 · Oz=— · Red=0.156104 · manos=ON · pos=LONG 1308@0.18274767 · latido=1.50s
[RANGO] autosello PRL · ACECHANDO · Oz=0.0 link=— · manos_feria_informe.json
[RANGO] PRLUSDT_LINEAL last=0.158 · río=ciego/muleta · mercado=linear · estado=ACECHANDO · dir=— · 0=0.1613 · Oz=— · Red=0.156104 · manos=ON · pos=LONG 1308@0.18274767 · latido=1.50s
[RANGO] PRLUSDT_LINEAL last=0.158 · río=WS · mercado=linear · estado=ACECHANDO · dir=— · 0=0.1613 · Oz=— · Red=0.156104 · manos=ON · pos=LONG 1308@0.18274767 · latido=1.50s
[RANGO] autosello PRL · ACECHANDO · Oz=0.0 link=— · manos_feria_informe.json
[RANGO] PRLUSDT_LINEAL last=0.158 · río=WS · mercado=linear · estado=ACECHANDO · dir=— · 0=0.1613 · Oz=— · Red=0.156104 · manos=ON · pos=LONG 1308@0.18274767 · latido=1.50s
[RANGO] autosello PRL · ACECHANDO · Oz=0.0 link=— · manos_feria_informe.json
[RANGO] PRLUSDT_LINEAL last=0.158 · río=WS · mercado=linear · estado=ACECHANDO · dir=— · 0=0.1613 · Oz=— · Red=0.156104 · manos=ON · pos=LONG 1308@0.18274767 · latido=1.50s
[RANGO] PRLUSDT_LINEAL last=0.158 · río=ciego/muleta · mercado=linear · estado=ACECHANDO · dir=— · 0=0.1613 · Oz=— · Red=0.156104 · manos=ON · pos=LONG 1308@0.18274767 · latido=1.50s
[RANGO] autosello PRL · ACECHANDO · Oz=0.0 link=— · manos_feria_informe.json
[RANGO] PRLUSDT_LINEAL last=0.1581 · río=WS · mercado=linear · estado=ACECHANDO · dir=— · 0=0.1613 · Oz=— · Red=0.156104 · manos=ON · pos=LONG 1308@0.18274767 · latido=1.50s
[RANGO] autosello PRL · ACECHANDO · Oz=0.0 link=— · manos_feria_informe.json
[RANGO] PRLUSDT_LINEAL last=0.1581 · río=ciego/muleta · mercado=linear · estado=ACECHANDO · dir=— · 0=0.1613 · Oz=— · Red=0.156104 · manos=ON · pos=LONG 1308@0.18274767 · latido=1.50s
[RANGO] PRLUSDT_LINEAL last=0.1581 · río=ciego/muleta · mercado=linear · estado=ACECHANDO · dir=— · 0=0.1613 · Oz=— · Red=0.156104 · manos=ON · pos=LONG 1308@0.18274767 · latido=1.50s
[RANGO] autosello PRL · ACECHANDO · Oz=0.0 link=— · manos_feria_informe.json
[RANGO] PRLUSDT_LINEAL last=0.1581 · río=WS · mercado=linear · estado=ACECHANDO · dir=— · 0=0.1613 · Oz=— · Red=0.156104 · manos=ON · pos=LONG 1308@0.18274767 · latido=1.50s
[RANGO] autosello PRL · ACECHANDO · Oz=0.0 link=— · manos_feria_informe.json
[RANGO] PRLUSDT_LINEAL last=0.1581 · río=WS · mercado=linear · estado=ACECHANDO · dir=— · 0=0.1613 · Oz=— · Red=0.156104 · manos=ON · pos=LONG 1308@0.18274767 · latido=1.50s
[RANGO] PRLUSDT_LINEAL last=0.1581 · río=WS · mercado=linear · estado=ACECHANDO · dir=— · 0=0.1613 · Oz=— · Red=0.156104 · manos=ON · pos=LONG 1308@0.18274767 · latido=1.50s
[RANGO] autosello PRL · ACECHANDO · Oz=0.0 link=— · manos_feria_informe.json
[RANGO] PRLUSDT_LINEAL last=0.158 · río=WS · mercado=linear · estado=ACECHANDO · dir=— · 0=0.1613 · Oz=— · Red=0.156104 · manos=ON · pos=LONG 1308@0.18274767 · latido=1.50s
[RANGO] autosello PRL · ACECHANDO · Oz=0.0 link=— · manos_feria_informe.json
[RANGO] PRLUSDT_LINEAL last=0.158 · río=ciego/muleta · mercado=linear · estado=ACECHANDO · dir=— · 0=0.1613 · Oz=— · Red=0.156104 · manos=ON · pos=LONG 1308@0.18274767 · latido=1.50s
[RANGO] PRLUSDT_LINEAL last=0.158 · río=ciego/muleta · mercado=linear · estado=ACECHANDO · dir=— · 0=0.1613 · Oz=— · Red=0.156104 · manos=ON · pos=LONG 1308@0.18274767 · latido=1.50s
[RANGO] autosello PRL · ACECHANDO · Oz=0.0 link=— · manos_feria_informe.json
[RANGO] PRLUSDT_LINEAL last=0.1579 · río=WS · mercado=linear · estado=ACECHANDO · dir=— · 0=0.1613 · Oz=— · Red=0.156104 · manos=ON · pos=LONG 1308@0.18274767 · latido=1.50s
[RANGO] autosello PRL · ACECHANDO · Oz=0.0 link=— · manos_feria_informe.json
[RANGO] PRLUSDT_LINEAL last=0.1578 · río=ciego/muleta · mercado=linear · estado=ACECHANDO · dir=— · 0=0.1613 · Oz=— · Red=0.156104 · manos=ON · pos=LONG 1308@0.18274767 · latido=1.50s
[RANGO] autosello PRL · ACECHANDO · Oz=0.0 link=— · manos_feria_informe.json
[RANGO] PRLUSDT_LINEAL last=0.1579 · río=WS · mercado=linear · estado=ACECHANDO · dir=— · 0=0.1613 · Oz=— · Red=0.156104 · manos=ON · pos=LONG 1308@0.18274767 · latido=1.50s
[RANGO] PRLUSDT_LINEAL last=0.1577 · río=WS · mercado=linear · estado=ACECHANDO · dir=— · 0=0.1613 · Oz=— · Red=0.156104 · manos=ON · pos=LONG 1308@0.18274767 · latido=1.50s
[RANGO] autosello PRL · ACECHANDO · Oz=0.0 link=— · manos_feria_informe.json
[RANGO] PRLUSDT_LINEAL last=0.1579 · río=WS · mercado=linear · estado=ACECHANDO · dir=— · 0=0.1613 · Oz=— · Red=0.156104 · manos=ON · pos=LONG 1308@0.18274767 · latido=1.50s
[RANGO] autosello PRL · ACECHANDO · Oz=0.0 link=— · manos_feria_informe.json
[RANGO] PRLUSDT_LINEAL last=0.1577 · río=WS · mercado=linear · estado=ACECHANDO · dir=— · 0=0.1613 · Oz=— · Red=0.156104 · manos=ON · pos=LONG 1308@0.18274767 · latido=1.50s
[RANGO] PRLUSDT_LINEAL last=0.1579 · río=ciego/muleta · mercado=linear · estado=ACECHANDO · dir=— · 0=0.1613 · Oz=— · Red=0.156104 · manos=ON · pos=LONG 1308@0.18274767 · latido=1.50s
[RANGO] autosello PRL · ACECHANDO · Oz=0.0 link=— · manos_feria_informe.json
[RANGO] PRLUSDT_LINEAL last=0.1578 · río=WS · mercado=linear · estado=ACECHANDO · dir=— · 0=0.1613 · Oz=— · Red=0.156104 · manos=ON · pos=LONG 1308@0.18274767 · latido=1.50s
[RANGO] autosello PRL · ACECHANDO · Oz=0.0 link=— · manos_feria_informe.json
[RANGO] PRLUSDT_LINEAL last=0.158 · río=WS · mercado=linear · estado=ACECHANDO · dir=— · 0=0.1613 · Oz=— · Red=0.156104 · manos=ON · pos=LONG 1308@0.18274767 · latido=1.50s
[2026-08-31 11:54:03] [TUSK] RECONCILIACIÓN: MRVLUSDT_LINEAL: interno L:0.000000/S:0.000000 -> real L:1.050000/S:0.000000
[2026-08-31 11:54:03] [TUSK] RECONCILIACIÓN: DASHUSDT_LINEAL: interno L:0.000000/S:1.270000 -> real L:0.000000/S:1.160000
[2026-08-31 11:54:03] [TUSK] RECONCILIACIÓN_FANTASMA: MOVRUSDT_LINEAL existe interno pero no en exchange -> reseteando
[2026-08-31 11:54:03] [TUSK] RECONCILIACIÓN_OK: 3 frentes alineados con exchange
[RANGO] PRLUSDT_LINEAL last=0.158 · río=ciego/muleta · mercado=linear · estado=ACECHANDO · dir=— · 0=0.1613 · Oz=— · Red=0.156104 · manos=ON · pos=LONG 1308@0.18274767 · latido=1.50s
[RANGO] autosello PRL · ACECHANDO · Oz=0.0 link=— · manos_feria_informe.json
[RANGO] PRLUSDT_LINEAL last=0.158 · río=ciego/muleta · mercado=linear · estado=ACECHANDO · dir=— · 0=0.1613 · Oz=— · Red=0.156104 · manos=ON · pos=LONG 1308@0.18274767 · latido=1.50s
[RANGO] autosello PRL · ACECHANDO · Oz=0.0 link=— · manos_feria_informe.json
[RANGO] PRLUSDT_LINEAL last=0.1579 · río=ciego/muleta · mercado=linear · estado=ACECHANDO · dir=— · 0=0.1613 · Oz=— · Red=0.156104 · manos=ON · pos=LONG 1308@0.18274767 · latido=1.50s
[RANGO] PRLUSDT_LINEAL last=0.1579 · río=WS · mercado=linear · estado=ACECHANDO · dir=— · 0=0.1613 · Oz=— · Red=0.156104 · manos=ON · pos=LONG 1308@0.18274767 · latido=1.50s
[RANGO] autosello PRL · ACECHANDO · Oz=0.0 link=— · manos_feria_informe.json
[RANGO] PRLUSDT_LINEAL last=0.1578 · río=WS · mercado=linear · estado=ACECHANDO · dir=— · 0=0.1613 · Oz=— · Red=0.156104 · manos=ON · pos=LONG 1308@0.18274767 · latido=1.50s
[RANGO] autosello PRL · ACECHANDO · Oz=0.0 link=— · manos_feria_informe.json
[RANGO] PRLUSDT_LINEAL last=0.158 · río=ciego/muleta · mercado=linear · estado=ACECHANDO · dir=— · 0=0.1613 · Oz=— · Red=0.156104 · manos=ON · pos=LONG 1308@0.18274767 · latido=1.50s
[2026-08-31 11:55:04] [TUSK] RECONCILIACIÓN: BIOUSDT_LINEAL: interno L:0.000000/S:0.000000 -> real L:1016.000000/S:0.000000
[2026-08-31 11:55:04] [TUSK] RECONCILIACIÓN_FANTASMA: PRLUSDT_LINEAL existe interno pero no en exchange -> reseteando
[2026-08-31 11:55:04] [TUSK] RECONCILIACIÓN_OK: 2 frentes alineados con exchange
[RANGO] PRLUSDT_LINEAL last=0.158 · río=ciego/muleta · mercado=linear · estado=ACECHANDO · dir=— · 0=0.1613 · Oz=— · Red=0.156104 · manos=ON · pos=flat · latido=1.50s
[RANGO] autosello PRL · ACECHANDO · Oz=0.0 link=— · manos_feria_informe.json
[RANGO] PRLUSDT_LINEAL last=0.158 · río=ciego/muleta · mercado=linear · estado=ACECHANDO · dir=— · 0=0.1613 · Oz=— · Red=0.156104 · manos=ON · pos=flat · latido=1.50s
[RANGO] autosello PRL · ACECHANDO · Oz=0.0 link=— · manos_feria_informe.json
[RANGO] PRLUSDT_LINEAL last=0.1579 · río=WS · mercado=linear · estado=ACECHANDO · dir=— · 0=0.1613 · Oz=— · Red=0.156104 · manos=ON · pos=flat · latido=1.50s
[RANGO] autosello PRL · ACECHANDO · Oz=0.0 link=— · manos_feria_informe.json
[RANGO] PRLUSDT_LINEAL last=0.1577 · río=ciego/muleta · mercado=linear · estado=ACECHANDO · dir=— · 0=0.1613 · Oz=— · Red=0.156104 · manos=ON · pos=flat · latido=1.50s
[RANGO] PRLUSDT_LINEAL last=0.1577 · río=WS · mercado=linear · estado=ACECHANDO · dir=— · 0=0.1613 · Oz=— · Red=0.156104 · manos=ON · pos=flat · latido=1.50s
[RANGO] autosello PRL · ACECHANDO · Oz=0.0 link=— · manos_feria_informe.json
[RANGO] PRLUSDT_LINEAL last=0.1578 · río=WS · mercado=linear · estado=ACECHANDO · dir=— · 0=0.1613 · Oz=— · Red=0.156104 · manos=ON · pos=flat · latido=1.50s
[2026-08-31 11:56:06] [TUSK] RECONCILIACIÓN: DASHUSDT_LINEAL: interno L:0.000000/S:1.160000 -> real L:0.000000/S:1.050000
[2026-08-31 11:56:06] [TUSK] RECONCILIACIÓN_OK: 1 frentes alineados con exchange
[RANGO] autosello PRL · ACECHANDO · Oz=0.0 link=— · manos_feria_informe.json
[RANGO] PRLUSDT_LINEAL last=0.1578 · río=WS · mercado=linear · estado=ACECHANDO · dir=— · 0=0.1613 · Oz=— · Red=0.156104 · manos=ON · pos=flat · latido=1.50s
[RANGO] PRLUSDT_LINEAL last=0.158 · río=WS · mercado=linear · estado=ACECHANDO · dir=— · 0=0.1613 · Oz=— · Red=0.156104 · manos=ON · pos=flat · latido=1.50s
[RANGO] autosello PRL · ACECHANDO · Oz=0.0 link=— · manos_feria_informe.json
[RANGO] PRLUSDT_LINEAL last=0.1582 · río=WS · mercado=linear · estado=ACECHANDO · dir=— · 0=0.1613 · Oz=— · Red=0.156104 · manos=ON · pos=flat · latido=1.50s
[RANGO] autosello PRL · ACECHANDO · Oz=0.0 link=— · manos_feria_informe.json
[RANGO] PRLUSDT_LINEAL last=0.1582 · río=WS · mercado=linear · estado=ACECHANDO · dir=— · 0=0.1613 · Oz=— · Red=0.156104 · manos=ON · pos=flat · latido=1.50s
[RANGO] PRLUSDT_LINEAL last=0.1581 · río=WS · mercado=linear · estado=ACECHANDO · dir=— · 0=0.1613 · Oz=— · Red=0.156104 · manos=ON · pos=flat · latido=1.50s
[RANGO] autosello PRL · ACECHANDO · Oz=0.0 link=— · manos_feria_informe.json
[RANGO] PRLUSDT_LINEAL last=0.158 · río=WS · mercado=linear · estado=ACECHANDO · dir=— · 0=0.1613 · Oz=— · Red=0.156104 · manos=ON · pos=flat · latido=1.50s
[RANGO] autosello PRL · ACECHANDO · Oz=0.0 link=— · manos_feria_informe.json
[RANGO] PRLUSDT_LINEAL last=0.1581 · río=WS · mercado=linear · estado=ACECHANDO · dir=— · 0=0.1613 · Oz=— · Red=0.156104 · manos=ON · pos=flat · latido=1.50s
[RANGO] PRLUSDT_LINEAL last=0.1579 · río=WS · mercado=linear · estado=ACECHANDO · dir=— · 0=0.1613 · Oz=— · Red=0.156104 · manos=ON · pos=flat · latido=1.50s
[RANGO] autosello PRL · ACECHANDO · Oz=0.0 link=— · manos_feria_informe.json
[RANGO] PRLUSDT_LINEAL last=0.1582 · río=WS · mercado=linear · estado=ACECHANDO · dir=— · 0=0.1613 · Oz=— · Red=0.156104 · manos=ON · pos=flat · latido=1.50s
[RANGO] autosello PRL · ACECHANDO · Oz=0.0 link=— · manos_feria_informe.json
[RANGO] PRLUSDT_LINEAL last=0.158 · río=ciego/muleta · mercado=linear · estado=ACECHANDO · dir=— · 0=0.1613 · Oz=— · Red=0.156104 · manos=ON · pos=flat · latido=1.50s
[RANGO] PRLUSDT_LINEAL last=0.158 · río=ciego/muleta · mercado=linear · estado=ACECHANDO · dir=— · 0=0.1613 · Oz=— · Red=0.156104 · manos=ON · pos=flat · latido=1.50s
[RANGO] autosello PRL · ACECHANDO · Oz=0.0 link=— · manos_feria_informe.json
[RANGO] PRLUSDT_LINEAL last=0.158 · río=WS · mercado=linear · estado=ACECHANDO · dir=— · 0=0.1613 · Oz=— · Red=0.156104 · manos=ON · pos=flat · latido=1.50s
[RANGO] autosello PRL · ACECHANDO · Oz=0.0 link=— · manos_feria_informe.json
[RANGO] PRLUSDT_LINEAL last=0.158 · río=WS · mercado=linear · estado=ACECHANDO · dir=— · 0=0.1613 · Oz=— · Red=0.156104 · manos=ON · pos=flat · latido=1.50s
[RANGO] PRLUSDT_LINEAL last=0.1582 · río=WS · mercado=linear · estado=ACECHANDO · dir=— · 0=0.1613 · Oz=— · Red=0.156104 · manos=ON · pos=flat · latido=1.50s
[RANGO] autosello PRL · ACECHANDO · Oz=0.0 link=— · manos_feria_informe.json
[RANGO] PRLUSDT_LINEAL last=0.1581 · río=WS · mercado=linear · estado=ACECHANDO · dir=— · 0=0.1613 · Oz=— · Red=0.156104 · manos=ON · pos=flat · latido=1.50s
[RANGO] autosello PRL · ACECHANDO · Oz=0.0 link=— · manos_feria_informe.json
[RANGO] PRLUSDT_LINEAL last=0.1578 · río=WS · mercado=linear · estado=ACECHANDO · dir=— · 0=0.1613 · Oz=— · Red=0.156104 · manos=ON · pos=flat · latido=1.50s
[RANGO] PRLUSDT_LINEAL last=0.1579 · río=ciego/muleta · mercado=linear · estado=ACECHANDO · dir=— · 0=0.1613 · Oz=— · Red=0.156104 · manos=ON · pos=flat · latido=1.50s
[RANGO] autosello PRL · ACECHANDO · Oz=0.0 link=— · manos_feria_informe.json
[RANGO] PRLUSDT_LINEAL last=0.1578 · río=WS · mercado=linear · estado=ACECHANDO · dir=— · 0=0.1613 · Oz=— · Red=0.156104 · manos=ON · pos=flat · latido=1.50s
[RANGO] autosello PRL · ACECHANDO · Oz=0.0 link=— · manos_feria_informe.json
[RANGO] PRLUSDT_LINEAL last=0.1579 · río=WS · mercado=linear · estado=ACECHANDO · dir=— · 0=0.1613 · Oz=— · Red=0.156104 · manos=ON · pos=flat · latido=1.50s
[RANGO] PRLUSDT_LINEAL last=0.1581 · río=WS · mercado=linear · estado=ACECHANDO · dir=— · 0=0.1613 · Oz=— · Red=0.156104 · manos=ON · pos=flat · latido=1.50s
[RANGO] autosello PRL · ACECHANDO · Oz=0.0 link=— · manos_feria_informe.json
[RANGO] PRLUSDT_LINEAL last=0.1578 · río=WS · mercado=linear · estado=ACECHANDO · dir=— · 0=0.1613 · Oz=— · Red=0.156104 · manos=ON · pos=flat · latido=1.50s
[RANGO] autosello PRL · ACECHANDO · Oz=0.0 link=— · manos_feria_informe.json
[RANGO] PRLUSDT_LINEAL last=0.1579 · río=ciego/muleta · mercado=linear · estado=ACECHANDO · dir=— · 0=0.1613 · Oz=— · Red=0.156104 · manos=ON · pos=flat · latido=1.50s
[RANGO] autosello PRL · ACECHANDO · Oz=0.0 link=— · manos_feria_informe.json
[RANGO] PRLUSDT_LINEAL last=0.1579 · río=ciego/muleta · mercado=linear · estado=ACECHANDO · dir=— · 0=0.1613 · Oz=— · Red=0.156104 · manos=ON · pos=flat · latido=1.50s
[RANGO] PRLUSDT_LINEAL last=0.1576 · río=WS · mercado=linear · estado=ACECHANDO · dir=— · 0=0.1613 · Oz=— · Red=0.156104 · manos=ON · pos=flat · latido=1.50s
[RANGO] autosello PRL · ACECHANDO · Oz=0.0 link=— · manos_feria_informe.json
[RANGO] PRLUSDT_LINEAL last=0.1577 · río=WS · mercado=linear · estado=ACECHANDO · dir=— · 0=0.1613 · Oz=— · Red=0.156104 · manos=ON · pos=flat · latido=1.50s
[RANGO] autosello PRL · ACECHANDO · Oz=0.0 link=— · manos_feria_informe.json
[RANGO] PRLUSDT_LINEAL last=0.1577 · río=WS · mercado=linear · estado=ACECHANDO · dir=— · 0=0.1613 · Oz=— · Red=0.156104 · manos=ON · pos=flat · latido=1.50s
[RANGO] PRLUSDT_LINEAL last=0.1576 · río=WS · mercado=linear · estado=ACECHANDO · dir=— · 0=0.1613 · Oz=— · Red=0.156104 · manos=ON · pos=flat · latido=1.50s
[RANGO] autosello PRL · ACECHANDO · Oz=0.0 link=— · manos_feria_informe.json
[RANGO] PRLUSDT_LINEAL last=0.1574 · río=WS · mercado=linear · estado=ACECHANDO · dir=— · 0=0.1613 · Oz=— · Red=0.156104 · manos=ON · pos=flat · latido=1.50s
[RANGO] autosello PRL · ACECHANDO · Oz=0.0 link=— · manos_feria_informe.json
[RANGO] PRLUSDT_LINEAL last=0.1574 · río=WS · mercado=linear · estado=ACECHANDO · dir=— · 0=0.1613 · Oz=— · Red=0.156104 · manos=ON · pos=flat · latido=1.50s
[RANGO] PRLUSDT_LINEAL last=0.1574 · río=WS · mercado=linear · estado=ACECHANDO · dir=— · 0=0.1613 · Oz=— · Red=0.156104 · manos=ON · pos=flat · latido=1.50s
[RANGO] autosello PRL · ACECHANDO · Oz=0.0 link=— · manos_feria_informe.json
[2026-08-31 12:01:12] [TUSK] RECONCILIACIÓN: PURRUSDT_LINEAL: interno L:0.000000/S:0.000000 -> real L:3.200000/S:0.000000
[2026-08-31 12:01:12] [TUSK] RECONCILIACIÓN: BTCUSD_INVERSE: interno L:0.000000/S:0.000000 -> real L:0.000000/S:10.000000
[2026-08-31 12:01:12] [TUSK] RECONCILIACIÓN_FANTASMA: SAMSUNGUSDT_LINEAL existe interno pero no en exchange -> reseteando
[2026-08-31 12:01:12] [TUSK] RECONCILIACIÓN_OK: 3 frentes alineados con exchange
[RANGO] PRLUSDT_LINEAL last=0.1574 · río=WS · mercado=linear · estado=ACECHANDO · dir=— · 0=0.1613 · Oz=— · Red=0.156104 · manos=ON · pos=flat · latido=1.50s
[RANGO] autosello PRL · ACECHANDO · Oz=0.0 link=— · manos_feria_informe.json
[RANGO] PRLUSDT_LINEAL last=0.1575 · río=WS · mercado=linear · estado=ACECHANDO · dir=— · 0=0.1613 · Oz=— · Red=0.156104 · manos=ON · pos=flat · latido=1.50s
[RANGO] PRLUSDT_LINEAL last=0.1573 · río=ciego/muleta · mercado=linear · estado=ACECHANDO · dir=— · 0=0.1613 · Oz=— · Red=0.156104 · manos=ON · pos=flat · latido=1.50s
[RANGO] autosello PRL · ACECHANDO · Oz=0.0 link=— · manos_feria_informe.json
[RANGO] PRLUSDT_LINEAL last=0.1575 · río=WS · mercado=linear · estado=ACECHANDO · dir=— · 0=0.1613 · Oz=— · Red=0.156104 · manos=ON · pos=flat · latido=1.50s
[RANGO] autosello PRL · ACECHANDO · Oz=0.0 link=— · manos_feria_informe.json
[RANGO] PRLUSDT_LINEAL last=0.1576 · río=WS · mercado=linear · estado=ACECHANDO · dir=— · 0=0.1613 · Oz=— · Red=0.156104 · manos=ON · pos=flat · latido=1.50s
[RANGO] PRLUSDT_LINEAL last=0.1576 · río=WS · mercado=linear · estado=ACECHANDO · dir=— · 0=0.1613 · Oz=— · Red=0.156104 · manos=ON · pos=flat · latido=1.50s
[RANGO] autosello PRL · ACECHANDO · Oz=0.0 link=— · manos_feria_informe.json
[2026-08-31 12:02:14] [TUSK] RECONCILIACIÓN_FANTASMA: BTCUSD_INVERSE existe interno pero no en exchange -> reseteando
[2026-08-31 12:02:14] [TUSK] RECONCILIACIÓN_OK: 1 frentes alineados con exchange
[RANGO] PRLUSDT_LINEAL last=0.1574 · río=WS · mercado=linear · estado=ACECHANDO · dir=— · 0=0.1613 · Oz=— · Red=0.156104 · manos=ON · pos=flat · latido=1.50s
[RANGO] autosello PRL · ACECHANDO · Oz=0.0 link=— · manos_feria_informe.json
[RANGO] PRLUSDT_LINEAL last=0.1573 · río=WS · mercado=linear · estado=ACECHANDO · dir=— · 0=0.1613 · Oz=— · Red=0.156104 · manos=ON · pos=flat · latido=1.50s
[RANGO] PRLUSDT_LINEAL last=0.1574 · río=ciego/muleta · mercado=linear · estado=ACECHANDO · dir=— · 0=0.1613 · Oz=— · Red=0.156104 · manos=ON · pos=flat · latido=1.50s
[RANGO] autosello PRL · ACECHANDO · Oz=0.0 link=— · manos_feria_informe.json
[RANGO] PRLUSDT_LINEAL last=0.1575 · río=WS · mercado=linear · estado=ACECHANDO · dir=— · 0=0.1613 · Oz=— · Red=0.156104 · manos=ON · pos=flat · latido=1.50s
[RANGO] autosello PRL · ACECHANDO · Oz=0.0 link=— · manos_feria_informe.json
[RANGO] PRLUSDT_LINEAL last=0.1573 · río=WS · mercado=linear · estado=ACECHANDO · dir=— · 0=0.1613 · Oz=— · Red=0.156104 · manos=ON · pos=flat · latido=1.50s
[RANGO] PRLUSDT_LINEAL last=0.1574 · río=ciego/muleta · mercado=linear · estado=ACECHANDO · dir=— · 0=0.1613 · Oz=— · Red=0.156104 · manos=ON · pos=flat · latido=1.50s
[RANGO] autosello PRL · ACECHANDO · Oz=0.0 link=— · manos_feria_informe.json
[2026-08-31 12:03:15] [TUSK] RECONCILIACIÓN: SAMSUNGUSDT_LINEAL: interno L:0.000000/S:0.000000 -> real L:0.000000/S:0.110000
[2026-08-31 12:03:15] [TUSK] RECONCILIACIÓN_FANTASMA: PURRUSDT_LINEAL existe interno pero no en exchange -> reseteando
[2026-08-31 12:03:15] [TUSK] RECONCILIACIÓN_OK: 2 frentes alineados con exchange
[RANGO] PRLUSDT_LINEAL last=0.1573 · río=WS · mercado=linear · estado=ACECHANDO · dir=— · 0=0.1613 · Oz=— · Red=0.156104 · manos=ON · pos=flat · latido=1.50s
[RANGO] autosello PRL · ACECHANDO · Oz=0.0 link=— · manos_feria_informe.json
[RANGO] PRLUSDT_LINEAL last=0.1574 · río=WS · mercado=linear · estado=ACECHANDO · dir=— · 0=0.1613 · Oz=— · Red=0.156104 · manos=ON · pos=flat · latido=1.50s
[RANGO] PRLUSDT_LINEAL last=0.1573 · río=ciego/muleta · mercado=linear · estado=ACECHANDO · dir=— · 0=0.1613 · Oz=— · Red=0.156104 · manos=ON · pos=flat · latido=1.50s
[RANGO] autosello PRL · ACECHANDO · Oz=0.0 link=— · manos_feria_informe.json
[RANGO] PRLUSDT_LINEAL last=0.1573 · río=ciego/muleta · mercado=linear · estado=ACECHANDO · dir=— · 0=0.1613 · Oz=— · Red=0.156104 · manos=ON · pos=flat · latido=1.50s
[RANGO] autosello PRL · ACECHANDO · Oz=0.0 link=— · manos_feria_informe.json
[RANGO] PRLUSDT_LINEAL last=0.1573 · río=ciego/muleta · mercado=linear · estado=ACECHANDO · dir=— · 0=0.1613 · Oz=— · Red=0.156104 · manos=ON · pos=flat · latido=1.50s
[RANGO] autosello PRL · ACECHANDO · Oz=0.0 link=— · manos_feria_informe.json
[RANGO] PRLUSDT_LINEAL last=0.1574 · río=WS · mercado=linear · estado=ACECHANDO · dir=— · 0=0.1613 · Oz=— · Red=0.156104 · manos=ON · pos=flat · latido=1.50s
[2026-08-31 12:04:16] [TUSK] RECONCILIACIÓN: EULUSDT_LINEAL: interno L:81.900000/S:0.000000 -> real L:77.900000/S:0.000000
[2026-08-31 12:04:16] [TUSK] RECONCILIACIÓN_OK: 1 frentes alineados con exchange
[RANGO] PRLUSDT_LINEAL last=0.1573 · río=ciego/muleta · mercado=linear · estado=ACECHANDO · dir=— · 0=0.1613 · Oz=— · Red=0.156104 · manos=ON · pos=flat · latido=1.50s
[RANGO] autosello PRL · ACECHANDO · Oz=0.0 link=— · manos_feria_informe.json
[RANGO] PRLUSDT_LINEAL last=0.1574 · río=WS · mercado=linear · estado=ACECHANDO · dir=— · 0=0.1613 · Oz=— · Red=0.156104 · manos=ON · pos=flat · latido=1.50s
[RANGO] autosello PRL · ACECHANDO · Oz=0.0 link=— · manos_feria_informe.json
[RANGO] PRLUSDT_LINEAL last=0.1574 · río=WS · mercado=linear · estado=ACECHANDO · dir=— · 0=0.1613 · Oz=— · Red=0.156104 · manos=ON · pos=flat · latido=1.50s
[RANGO] PRLUSDT_LINEAL last=0.1574 · río=WS · mercado=linear · estado=ACECHANDO · dir=— · 0=0.1613 · Oz=— · Red=0.156104 · manos=ON · pos=flat · latido=1.50s
[RANGO] autosello PRL · ACECHANDO · Oz=0.0 link=— · manos_feria_informe.json
[RANGO] PRLUSDT_LINEAL last=0.1574 · río=WS · mercado=linear · estado=ACECHANDO · dir=— · 0=0.1613 · Oz=— · Red=0.156104 · manos=ON · pos=flat · latido=1.50s
[RANGO] autosello PRL · ACECHANDO · Oz=0.0 link=— · manos_feria_informe.json
[RANGO] PRLUSDT_LINEAL last=0.1573 · río=ciego/muleta · mercado=linear · estado=ACECHANDO · dir=— · 0=0.1613 · Oz=— · Red=0.156104 · manos=ON · pos=flat · latido=1.50s
[RANGO] PRLUSDT_LINEAL last=0.1573 · río=ciego/muleta · mercado=linear · estado=ACECHANDO · dir=— · 0=0.1613 · Oz=— · Red=0.156104 · manos=ON · pos=flat · latido=1.50s
[RANGO] autosello PRL · ACECHANDO · Oz=0.0 link=— · manos_feria_informe.json
[RANGO] PRLUSDT_LINEAL last=0.1573 · río=ciego/muleta · mercado=linear · estado=ACECHANDO · dir=— · 0=0.1613 · Oz=— · Red=0.156104 · manos=ON · pos=flat · latido=1.50s
[RANGO] autosello PRL · ACECHANDO · Oz=0.0 link=— · manos_feria_informe.json
[RANGO] PRLUSDT_LINEAL last=0.1575 · río=WS · mercado=linear · estado=ACECHANDO · dir=— · 0=0.1613 · Oz=— · Red=0.156104 · manos=ON · pos=flat · latido=1.50s
[RANGO] PRLUSDT_LINEAL last=0.1574 · río=WS · mercado=linear · estado=ACECHANDO · dir=— · 0=0.1613 · Oz=— · Red=0.156104 · manos=ON · pos=flat · latido=1.50s
[RANGO] autosello PRL · ACECHANDO · Oz=0.0 link=— · manos_feria_informe.json
[RANGO] PRLUSDT_LINEAL last=0.1574 · río=WS · mercado=linear · estado=ACECHANDO · dir=— · 0=0.1613 · Oz=— · Red=0.156104 · manos=ON · pos=flat · latido=1.50s
[RANGO] autosello PRL · ACECHANDO · Oz=0.0 link=— · manos_feria_informe.json
[RANGO] PRLUSDT_LINEAL last=0.1573 · río=ciego/muleta · mercado=linear · estado=ACECHANDO · dir=— · 0=0.1613 · Oz=— · Red=0.156104 · manos=ON · pos=flat · latido=1.50s
[RANGO] PRLUSDT_LINEAL last=0.1574 · río=WS · mercado=linear · estado=ACECHANDO · dir=— · 0=0.1613 · Oz=— · Red=0.156104 · manos=ON · pos=flat · latido=1.50s
[RANGO] autosello PRL · ACECHANDO · Oz=0.0 link=— · manos_feria_informe.json
[RANGO] PRLUSDT_LINEAL last=0.1573 · río=WS · mercado=linear · estado=ACECHANDO · dir=— · 0=0.1613 · Oz=— · Red=0.156104 · manos=ON · pos=flat · latido=1.50s
[RANGO] autosello PRL · ACECHANDO · Oz=0.0 link=— · manos_feria_informe.json
[RANGO] PRLUSDT_LINEAL last=0.1573 · río=WS · mercado=linear · estado=ACECHANDO · dir=— · 0=0.1613 · Oz=— · Red=0.156104 · manos=ON · pos=flat · latido=1.50s
[RANGO] PRLUSDT_LINEAL last=0.1573 · río=ciego/muleta · mercado=linear · estado=ACECHANDO · dir=— · 0=0.1613 · Oz=— · Red=0.156104 · manos=ON · pos=flat · latido=1.50s
[RANGO] autosello PRL · ACECHANDO · Oz=0.0 link=— · manos_feria_informe.json
[RANGO] PRLUSDT_LINEAL last=0.1572 · río=WS · mercado=linear · estado=ACECHANDO · dir=— · 0=0.1613 · Oz=— · Red=0.156104 · manos=ON · pos=flat · latido=1.50s
[RANGO] autosello PRL · ACECHANDO · Oz=0.0 link=— · manos_feria_informe.json
[RANGO] PRLUSDT_LINEAL last=0.1574 · río=WS · mercado=linear · estado=ACECHANDO · dir=— · 0=0.1613 · Oz=— · Red=0.156104 · manos=ON · pos=flat · latido=1.50s
[2026-08-31 12:07:21] [TUSK] RECONCILIACIÓN: USARUSDT_LINEAL: interno L:0.000000/S:0.000000 -> real L:0.900000/S:0.000000
[2026-08-31 12:07:21] [TUSK] RECONCILIACIÓN: DASHUSDT_LINEAL: interno L:0.000000/S:1.050000 -> real L:0.000000/S:1.160000
[2026-08-31 12:07:21] [TUSK] RECONCILIACIÓN_FANTASMA: SAMSUNGUSDT_LINEAL existe interno pero no en exchange -> reseteando
[2026-08-31 12:07:21] [TUSK] RECONCILIACIÓN_OK: 3 frentes alineados con exchange
[RANGO] PRLUSDT_LINEAL last=0.1573 · río=ciego/muleta · mercado=linear · estado=ACECHANDO · dir=— · 0=0.1613 · Oz=— · Red=0.156104 · manos=ON · pos=flat · latido=1.50s
[RANGO] autosello PRL · ACECHANDO · Oz=0.0 link=— · manos_feria_informe.json
[RANGO] PRLUSDT_LINEAL last=0.1573 · río=ciego/muleta · mercado=linear · estado=ACECHANDO · dir=— · 0=0.1613 · Oz=— · Red=0.156104 · manos=ON · pos=flat · latido=1.50s
[RANGO] autosello PRL · ACECHANDO · Oz=0.0 link=— · manos_feria_informe.json
[RANGO] PRLUSDT_LINEAL last=0.1573 · río=ciego/muleta · mercado=linear · estado=ACECHANDO · dir=— · 0=0.1613 · Oz=— · Red=0.156104 · manos=ON · pos=flat · latido=1.50s
[RANGO] autosello PRL · ACECHANDO · Oz=0.0 link=— · manos_feria_informe.json
[RANGO] PRLUSDT_LINEAL last=0.1573 · río=ciego/muleta · mercado=linear · estado=ACECHANDO · dir=— · 0=0.1613 · Oz=— · Red=0.156104 · manos=ON · pos=flat · latido=1.50s
[RANGO] PRLUSDT_LINEAL last=0.1576 · río=WS · mercado=linear · estado=ACECHANDO · dir=— · 0=0.1613 · Oz=— · Red=0.156104 · manos=ON · pos=flat · latido=1.50s
[RANGO] autosello PRL · ACECHANDO · Oz=0.0 link=— · manos_feria_informe.json
[RANGO] PRLUSDT_LINEAL last=0.1575 · río=WS · mercado=linear · estado=ACECHANDO · dir=— · 0=0.1613 · Oz=— · Red=0.156104 · manos=ON · pos=flat · latido=1.50s
[RANGO] autosello PRL · ACECHANDO · Oz=0.0 link=— · manos_feria_informe.json
[RANGO] PRLUSDT_LINEAL last=0.1574 · río=WS · mercado=linear · estado=ACECHANDO · dir=— · 0=0.1613 · Oz=— · Red=0.156104 · manos=ON · pos=flat · latido=1.50s
[RANGO] PRLUSDT_LINEAL last=0.1573 · río=WS · mercado=linear · estado=ACECHANDO · dir=— · 0=0.1613 · Oz=— · Red=0.156104 · manos=ON · pos=flat · latido=1.50s
[RANGO] autosello PRL · ACECHANDO · Oz=0.0 link=— · manos_feria_informe.json
[RANGO] PRLUSDT_LINEAL last=0.1576 · río=WS · mercado=linear · estado=ACECHANDO · dir=— · 0=0.1613 · Oz=— · Red=0.156104 · manos=ON · pos=flat · latido=1.50s
[RANGO] autosello PRL · ACECHANDO · Oz=0.0 link=— · manos_feria_informe.json
[RANGO] PRLUSDT_LINEAL last=0.1572 · río=WS · mercado=linear · estado=ACECHANDO · dir=— · 0=0.1613 · Oz=— · Red=0.156104 · manos=ON · pos=flat · latido=1.50s
[RANGO] PRLUSDT_LINEAL last=0.1574 · río=WS · mercado=linear · estado=ACECHANDO · dir=— · 0=0.1613 · Oz=— · Red=0.156104 · manos=ON · pos=flat · latido=1.50s
[RANGO] autosello PRL · ACECHANDO · Oz=0.0 link=— · manos_feria_informe.json
[RANGO] PRLUSDT_LINEAL last=0.1572 · río=ciego/muleta · mercado=linear · estado=ACECHANDO · dir=— · 0=0.1613 · Oz=— · Red=0.156104 · manos=ON · pos=flat · latido=1.50s
[2026-08-31 12:09:23] [TUSK] RECONCILIACIÓN: CHIPUSDT_LINEAL: interno L:520.000000/S:0.000000 -> real L:680.000000/S:0.000000
[2026-08-31 12:09:23] [TUSK] RECONCILIACIÓN: EULUSDT_LINEAL: interno L:77.900000/S:0.000000 -> real L:73.900000/S:0.000000
[2026-08-31 12:09:23] [TUSK] RECONCILIACIÓN_OK: 2 frentes alineados con exchange
[RANGO] autosello PRL · ACECHANDO · Oz=0.0 link=— · manos_feria_informe.json
[RANGO] PRLUSDT_LINEAL last=0.1572 · río=WS · mercado=linear · estado=ACECHANDO · dir=— · 0=0.1613 · Oz=— · Red=0.156104 · manos=ON · pos=flat · latido=1.50s
[RANGO] PRLUSDT_LINEAL last=0.1573 · río=ciego/muleta · mercado=linear · estado=ACECHANDO · dir=— · 0=0.1613 · Oz=— · Red=0.156104 · manos=ON · pos=flat · latido=1.50s
[RANGO] autosello PRL · ACECHANDO · Oz=0.0 link=— · manos_feria_informe.json
[RANGO] PRLUSDT_LINEAL last=0.1573 · río=WS · mercado=linear · estado=ACECHANDO · dir=— · 0=0.1613 · Oz=— · Red=0.156104 · manos=ON · pos=flat · latido=1.50s
[RANGO] autosello PRL · ACECHANDO · Oz=0.0 link=— · manos_feria_informe.json
[RANGO] PRLUSDT_LINEAL last=0.1573 · río=WS · mercado=linear · estado=ACECHANDO · dir=— · 0=0.1613 · Oz=— · Red=0.156104 · manos=ON · pos=flat · latido=1.50s
[RANGO] PRLUSDT_LINEAL last=0.1573 · río=WS · mercado=linear · estado=ACECHANDO · dir=— · 0=0.1613 · Oz=— · Red=0.156104 · manos=ON · pos=flat · latido=1.50s
[RANGO] autosello PRL · ACECHANDO · Oz=0.0 link=— · manos_feria_informe.json
[RANGO] PRLUSDT_LINEAL last=0.1572 · río=WS · mercado=linear · estado=ACECHANDO · dir=— · 0=0.1613 · Oz=— · Red=0.156104 · manos=ON · pos=flat · latido=1.50s
[2026-08-31 12:10:24] [TUSK] RECONCILIACIÓN: POWERUSDT_LINEAL: interno L:0.000000/S:189.000000 -> real L:0.000000/S:129.000000
[2026-08-31 12:10:24] [TUSK] RECONCILIACIÓN_OK: 1 frentes alineados con exchange
[RANGO] autosello PRL · ACECHANDO · Oz=0.0 link=— · manos_feria_informe.json
[RANGO] PRLUSDT_LINEAL last=0.1573 · río=WS · mercado=linear · estado=ACECHANDO · dir=— · 0=0.1613 · Oz=— · Red=0.156104 · manos=ON · pos=flat · latido=1.50s
[RANGO] PRLUSDT_LINEAL last=0.1572 · río=WS · mercado=linear · estado=ACECHANDO · dir=— · 0=0.1613 · Oz=— · Red=0.156104 · manos=ON · pos=flat · latido=1.50s
[RANGO] autosello PRL · ACECHANDO · Oz=0.0 link=— · manos_feria_informe.json
[RANGO] PRLUSDT_LINEAL last=0.1573 · río=WS · mercado=linear · estado=ACECHANDO · dir=— · 0=0.1613 · Oz=— · Red=0.156104 · manos=ON · pos=flat · latido=1.50s
[RANGO] autosello PRL · ACECHANDO · Oz=0.0 link=— · manos_feria_informe.json
[RANGO] PRLUSDT_LINEAL last=0.1573 · río=WS · mercado=linear · estado=ACECHANDO · dir=— · 0=0.1613 · Oz=— · Red=0.156104 · manos=ON · pos=flat · latido=1.50s
[RANGO] PRLUSDT_LINEAL last=0.1573 · río=ciego/muleta · mercado=linear · estado=ACECHANDO · dir=— · 0=0.1613 · Oz=— · Red=0.156104 · manos=ON · pos=flat · latido=1.50s
[RANGO] autosello PRL · ACECHANDO · Oz=0.0 link=— · manos_feria_informe.json
[RANGO] PRLUSDT_LINEAL last=0.1573 · río=WS · mercado=linear · estado=ACECHANDO · dir=— · 0=0.1613 · Oz=— · Red=0.156104 · manos=ON · pos=flat · latido=1.50s
[RANGO] autosello PRL · ACECHANDO · Oz=0.0 link=— · manos_feria_informe.json
[RANGO] PRLUSDT_LINEAL last=0.1573 · río=WS · mercado=linear · estado=ACECHANDO · dir=— · 0=0.1613 · Oz=— · Red=0.156104 · manos=ON · pos=flat · latido=1.50s
[RANGO] PRLUSDT_LINEAL last=0.1573 · río=WS · mercado=linear · estado=ACECHANDO · dir=— · 0=0.1613 · Oz=— · Red=0.156104 · manos=ON · pos=flat · latido=1.50s
[RANGO] autosello PRL · ACECHANDO · Oz=0.0 link=— · manos_feria_informe.json
[RANGO] PRLUSDT_LINEAL last=0.1573 · río=WS · mercado=linear · estado=ACECHANDO · dir=— · 0=0.1613 · Oz=— · Red=0.156104 · manos=ON · pos=flat · latido=1.50s
[RANGO] autosello PRL · ACECHANDO · Oz=0.0 link=— · manos_feria_informe.json
[RANGO] PRLUSDT_LINEAL last=0.1573 · río=ciego/muleta · mercado=linear · estado=ACECHANDO · dir=— · 0=0.1613 · Oz=— · Red=0.156104 · manos=ON · pos=flat · latido=1.50s
[RANGO] PRLUSDT_LINEAL last=0.1573 · río=WS · mercado=linear · estado=ACECHANDO · dir=— · 0=0.1613 · Oz=— · Red=0.156104 · manos=ON · pos=flat · latido=1.50s
[RANGO] autosello PRL · ACECHANDO · Oz=0.0 link=— · manos_feria_informe.json
[RANGO] PRLUSDT_LINEAL last=0.1573 · río=WS · mercado=linear · estado=ACECHANDO · dir=— · 0=0.1613 · Oz=— · Red=0.156104 · manos=ON · pos=flat · latido=1.50s
[RANGO] autosello PRL · ACECHANDO · Oz=0.0 link=— · manos_feria_informe.json
[RANGO] PRLUSDT_LINEAL last=0.1573 · río=WS · mercado=linear · estado=ACECHANDO · dir=— · 0=0.1613 · Oz=— · Red=0.156104 · manos=ON · pos=flat · latido=1.50s
[RANGO] PRLUSDT_LINEAL last=0.1573 · río=ciego/muleta · mercado=linear · estado=ACECHANDO · dir=— · 0=0.1613 · Oz=— · Red=0.156104 · manos=ON · pos=flat · latido=1.50s
[RANGO] autosello PRL · ACECHANDO · Oz=0.0 link=— · manos_feria_informe.json
[RANGO] PRLUSDT_LINEAL last=0.1573 · río=WS · mercado=linear · estado=ACECHANDO · dir=— · 0=0.1613 · Oz=— · Red=0.156104 · manos=ON · pos=flat · latido=1.50s
[RANGO] autosello PRL · ACECHANDO · Oz=0.0 link=— · manos_feria_informe.json
[RANGO] PRLUSDT_LINEAL last=0.1573 · río=WS · mercado=linear · estado=ACECHANDO · dir=— · 0=0.1613 · Oz=— · Red=0.156104 · manos=ON · pos=flat · latido=1.50s
[RANGO] autosello PRL · ACECHANDO · Oz=0.0 link=— · manos_feria_informe.json
[RANGO] PRLUSDT_LINEAL last=0.1572 · río=WS · mercado=linear · estado=ACECHANDO · dir=— · 0=0.1613 · Oz=— · Red=0.156104 · manos=ON · pos=flat · latido=1.50s
[RANGO] PRLUSDT_LINEAL last=0.1571 · río=WS · mercado=linear · estado=ACECHANDO · dir=— · 0=0.1613 · Oz=— · Red=0.156104 · manos=ON · pos=flat · latido=1.50s
[RANGO] autosello PRL · ACECHANDO · Oz=0.0 link=— · manos_feria_informe.json
[RANGO] PRLUSDT_LINEAL last=0.157 · río=WS · mercado=linear · estado=ACECHANDO · dir=— · 0=0.1613 · Oz=— · Red=0.156104 · manos=ON · pos=flat · latido=1.50s
[RANGO] autosello PRL · ACECHANDO · Oz=0.0 link=— · manos_feria_informe.json
[RANGO] PRLUSDT_LINEAL last=0.1569 · río=ciego/muleta · mercado=linear · estado=ACECHANDO · dir=— · 0=0.1613 · Oz=— · Red=0.156104 · manos=ON · pos=flat · latido=1.50s
[RANGO] PRLUSDT_LINEAL last=0.1569 · río=ciego/muleta · mercado=linear · estado=ACECHANDO · dir=— · 0=0.1613 · Oz=— · Red=0.156104 · manos=ON · pos=flat · latido=1.50s
[RANGO] autosello PRL · ACECHANDO · Oz=0.0 link=— · manos_feria_informe.json
[RANGO] PRLUSDT_LINEAL last=0.1569 · río=ciego/muleta · mercado=linear · estado=ACECHANDO · dir=— · 0=0.1613 · Oz=— · Red=0.156104 · manos=ON · pos=flat · latido=1.50s
[RANGO] autosello PRL · ACECHANDO · Oz=0.0 link=— · manos_feria_informe.json
[RANGO] PRLUSDT_LINEAL last=0.1569 · río=WS · mercado=linear · estado=ACECHANDO · dir=— · 0=0.1613 · Oz=— · Red=0.156104 · manos=ON · pos=flat · latido=1.50s
[RANGO] PRLUSDT_LINEAL last=0.1568 · río=WS · mercado=linear · estado=ACECHANDO · dir=— · 0=0.1613 · Oz=— · Red=0.156104 · manos=ON · pos=flat · latido=1.50s
[RANGO] autosello PRL · ACECHANDO · Oz=0.0 link=— · manos_feria_informe.json
[RANGO] PRLUSDT_LINEAL last=0.1569 · río=WS · mercado=linear · estado=ACECHANDO · dir=— · 0=0.1613 · Oz=— · Red=0.156104 · manos=ON · pos=flat · latido=1.50s
[RANGO] autosello PRL · ACECHANDO · Oz=0.0 link=— · manos_feria_informe.json
[RANGO] PRLUSDT_LINEAL last=0.1568 · río=WS · mercado=linear · estado=ACECHANDO · dir=— · 0=0.1613 · Oz=— · Red=0.156104 · manos=ON · pos=flat · latido=1.50s
[RANGO] PRLUSDT_LINEAL last=0.1568 · río=WS · mercado=linear · estado=ACECHANDO · dir=— · 0=0.1613 · Oz=— · Red=0.156104 · manos=ON · pos=flat · latido=1.50s
[RANGO] autosello PRL · ACECHANDO · Oz=0.0 link=— · manos_feria_informe.json
[RANGO] PRLUSDT_LINEAL last=0.157 · río=WS · mercado=linear · estado=ACECHANDO · dir=— · 0=0.1613 · Oz=— · Red=0.156104 · manos=ON · pos=flat · latido=1.50s
[RANGO] autosello PRL · ACECHANDO · Oz=0.0 link=— · manos_feria_informe.json
[RANGO] PRLUSDT_LINEAL last=0.1568 · río=WS · mercado=linear · estado=ACECHANDO · dir=— · 0=0.1613 · Oz=— · Red=0.156104 · manos=ON · pos=flat · latido=1.50s
[RANGO] PRLUSDT_LINEAL last=0.1568 · río=WS · mercado=linear · estado=ACECHANDO · dir=— · 0=0.1613 · Oz=— · Red=0.156104 · manos=ON · pos=flat · latido=1.50s
[RANGO] autosello PRL · ACECHANDO · Oz=0.0 link=— · manos_feria_informe.json
[2026-08-31 12:15:31] [TUSK] RECONCILIACIÓN: ZKPUSDT_LINEAL: interno L:0.000000/S:0.000000 -> real L:1496.000000/S:0.000000
[2026-08-31 12:15:31] [TUSK] RECONCILIACIÓN_FANTASMA: ARCUSDT_LINEAL existe interno pero no en exchange -> reseteando
[2026-08-31 12:15:31] [TUSK] RECONCILIACIÓN_OK: 2 frentes alineados con exchange
[RANGO] PRLUSDT_LINEAL last=0.1568 · río=WS · mercado=linear · estado=ACECHANDO · dir=— · 0=0.1613 · Oz=— · Red=0.156104 · manos=ON · pos=flat · latido=1.50s
[RANGO] autosello PRL · ACECHANDO · Oz=0.0 link=— · manos_feria_informe.json
[RANGO] PRLUSDT_LINEAL last=0.1568 · río=WS · mercado=linear · estado=ACECHANDO · dir=— · 0=0.1613 · Oz=— · Red=0.156104 · manos=ON · pos=flat · latido=1.50s
[RANGO] PRLUSDT_LINEAL last=0.1569 · río=WS · mercado=linear · estado=ACECHANDO · dir=— · 0=0.1613 · Oz=— · Red=0.156104 · manos=ON · pos=flat · latido=1.50s
[RANGO] autosello PRL · ACECHANDO · Oz=0.0 link=— · manos_feria_informe.json
[RANGO] PRLUSDT_LINEAL last=0.1569 · río=ciego/muleta · mercado=linear · estado=ACECHANDO · dir=— · 0=0.1613 · Oz=— · Red=0.156104 · manos=ON · pos=flat · latido=1.50s
[RANGO] autosello PRL · ACECHANDO · Oz=0.0 link=— · manos_feria_informe.json
[RANGO] PRLUSDT_LINEAL last=0.157 · río=WS · mercado=linear · estado=ACECHANDO · dir=— · 0=0.1613 · Oz=— · Red=0.156104 · manos=ON · pos=flat · latido=1.50s
[RANGO] PRLUSDT_LINEAL last=0.1572 · río=WS · mercado=linear · estado=ACECHANDO · dir=— · 0=0.1613 · Oz=— · Red=0.156104 · manos=ON · pos=flat · latido=1.50s
[RANGO] autosello PRL · ACECHANDO · Oz=0.0 link=— · manos_feria_informe.json
[RANGO] PRLUSDT_LINEAL last=0.1571 · río=ciego/muleta · mercado=linear · estado=ACECHANDO · dir=— · 0=0.1613 · Oz=— · Red=0.156104 · manos=ON · pos=flat · latido=1.50s
[RANGO] autosello PRL · ACECHANDO · Oz=0.0 link=— · manos_feria_informe.json
[RANGO] PRLUSDT_LINEAL last=0.157 · río=WS · mercado=linear · estado=ACECHANDO · dir=— · 0=0.1613 · Oz=— · Red=0.156104 · manos=ON · pos=flat · latido=1.50s
[RANGO] PRLUSDT_LINEAL last=0.1571 · río=ciego/muleta · mercado=linear · estado=ACECHANDO · dir=— · 0=0.1613 · Oz=— · Red=0.156104 · manos=ON · pos=flat · latido=1.50s
[RANGO] autosello PRL · ACECHANDO · Oz=0.0 link=— · manos_feria_informe.json
[RANGO] PRLUSDT_LINEAL last=0.1571 · río=WS · mercado=linear · estado=ACECHANDO · dir=— · 0=0.1613 · Oz=— · Red=0.156104 · manos=ON · pos=flat · latido=1.50s
[RANGO] autosello PRL · ACECHANDO · Oz=0.0 link=— · manos_feria_informe.json
[RANGO] PRLUSDT_LINEAL last=0.1571 · río=WS · mercado=linear · estado=ACECHANDO · dir=— · 0=0.1613 · Oz=— · Red=0.156104 · manos=ON · pos=flat · latido=1.50s
[RANGO] autosello PRL · ACECHANDO · Oz=0.0 link=— · manos_feria_informe.json
[RANGO] PRLUSDT_LINEAL last=0.1571 · río=WS · mercado=linear · estado=ACECHANDO · dir=— · 0=0.1613 · Oz=— · Red=0.156104 · manos=ON · pos=flat · latido=1.50s
[RANGO] PRLUSDT_LINEAL last=0.1571 · río=WS · mercado=linear · estado=ACECHANDO · dir=— · 0=0.1613 · Oz=— · Red=0.156104 · manos=ON · pos=flat · latido=1.50s
[RANGO] autosello PRL · ACECHANDO · Oz=0.0 link=— · manos_feria_informe.json
[RANGO] PRLUSDT_LINEAL last=0.1572 · río=WS · mercado=linear · estado=ACECHANDO · dir=— · 0=0.1613 · Oz=— · Red=0.156104 · manos=ON · pos=flat · latido=1.50s
[RANGO] autosello PRL · ACECHANDO · Oz=0.0 link=— · manos_feria_informe.json
[RANGO] PRLUSDT_LINEAL last=0.1573 · río=WS · mercado=linear · estado=ACECHANDO · dir=— · 0=0.1613 · Oz=— · Red=0.156104 · manos=ON · pos=flat · latido=1.50s
[RANGO] PRLUSDT_LINEAL last=0.1572 · río=ciego/muleta · mercado=linear · estado=ACECHANDO · dir=— · 0=0.1613 · Oz=— · Red=0.156104 · manos=ON · pos=flat · latido=1.50s
[RANGO] autosello PRL · ACECHANDO · Oz=0.0 link=— · manos_feria_informe.json
[RANGO] PRLUSDT_LINEAL last=0.1574 · río=WS · mercado=linear · estado=ACECHANDO · dir=— · 0=0.1613 · Oz=— · Red=0.156104 · manos=ON · pos=flat · latido=1.50s
[RANGO] autosello PRL · ACECHANDO · Oz=0.0 link=— · manos_feria_informe.json
[RANGO] PRLUSDT_LINEAL last=0.1573 · río=WS · mercado=linear · estado=ACECHANDO · dir=— · 0=0.1613 · Oz=— · Red=0.156104 · manos=ON · pos=flat · latido=1.50s
[2026-08-31 12:18:35] [TUSK] RECONCILIACIÓN: CFGUSDT_LINEAL: interno L:0.000000/S:0.000000 -> real L:1266.000000/S:0.000000
[2026-08-31 12:18:35] [TUSK] RECONCILIACIÓN_FANTASMA: LITUSDT_LINEAL existe interno pero no en exchange -> reseteando
[2026-08-31 12:18:35] [TUSK] RECONCILIACIÓN_OK: 2 frentes alineados con exchange
[RANGO] PRLUSDT_LINEAL last=0.1572 · río=WS · mercado=linear · estado=ACECHANDO · dir=— · 0=0.1613 · Oz=— · Red=0.156104 · manos=ON · pos=flat · latido=1.50s
[RANGO] autosello PRL · ACECHANDO · Oz=0.0 link=— · manos_feria_informe.json
[RANGO] PRLUSDT_LINEAL last=0.1573 · río=ciego/muleta · mercado=linear · estado=ACECHANDO · dir=— · 0=0.1613 · Oz=— · Red=0.156104 · manos=ON · pos=flat · latido=1.50s
[RANGO] autosello PRL · ACECHANDO · Oz=0.0 link=— · manos_feria_informe.json
[RANGO] PRLUSDT_LINEAL last=0.1575 · río=WS · mercado=linear · estado=ACECHANDO · dir=— · 0=0.1613 · Oz=— · Red=0.156104 · manos=ON · pos=flat · latido=1.50s
[RANGO] PRLUSDT_LINEAL last=0.1575 · río=WS · mercado=linear · estado=ACECHANDO · dir=— · 0=0.1613 · Oz=— · Red=0.156104 · manos=ON · pos=flat · latido=1.50s
[RANGO] autosello PRL · ACECHANDO · Oz=0.0 link=— · manos_feria_informe.json
[RANGO] PRLUSDT_LINEAL last=0.1577 · río=WS · mercado=linear · estado=ACECHANDO · dir=— · 0=0.1613 · Oz=— · Red=0.156104 · manos=ON · pos=flat · latido=1.50s
[RANGO] autosello PRL · ACECHANDO · Oz=0.0 link=— · manos_feria_informe.json
[RANGO] PRLUSDT_LINEAL last=0.1575 · río=WS · mercado=linear · estado=ACECHANDO · dir=— · 0=0.1613 · Oz=— · Red=0.156104 · manos=ON · pos=flat · latido=1.50s
[RANGO] PRLUSDT_LINEAL last=0.1575 · río=WS · mercado=linear · estado=ACECHANDO · dir=— · 0=0.1613 · Oz=— · Red=0.156104 · manos=ON · pos=flat · latido=1.50s
[RANGO] autosello PRL · ACECHANDO · Oz=0.0 link=— · manos_feria_informe.json
[RANGO] PRLUSDT_LINEAL last=0.1576 · río=ciego/muleta · mercado=linear · estado=ACECHANDO · dir=— · 0=0.1613 · Oz=— · Red=0.156104 · manos=ON · pos=flat · latido=1.50s
[RANGO] autosello PRL · ACECHANDO · Oz=0.0 link=— · manos_feria_informe.json
[RANGO] PRLUSDT_LINEAL last=0.1575 · río=WS · mercado=linear · estado=ACECHANDO · dir=— · 0=0.1613 · Oz=— · Red=0.156104 · manos=ON · pos=flat · latido=1.50s
[RANGO] PRLUSDT_LINEAL last=0.1575 · río=WS · mercado=linear · estado=ACECHANDO · dir=— · 0=0.1613 · Oz=— · Red=0.156104 · manos=ON · pos=flat · latido=1.50s
[RANGO] autosello PRL · ACECHANDO · Oz=0.0 link=— · manos_feria_informe.json
[RANGO] PRLUSDT_LINEAL last=0.1575 · río=ciego/muleta · mercado=linear · estado=ACECHANDO · dir=— · 0=0.1613 · Oz=— · Red=0.156104 · manos=ON · pos=flat · latido=1.50s
[RANGO] autosello PRL · ACECHANDO · Oz=0.0 link=— · manos_feria_informe.json
[RANGO] PRLUSDT_LINEAL last=0.1575 · río=WS · mercado=linear · estado=ACECHANDO · dir=— · 0=0.1613 · Oz=— · Red=0.156104 · manos=ON · pos=flat · latido=1.50s
[RANGO] PRLUSDT_LINEAL last=0.1575 · río=WS · mercado=linear · estado=ACECHANDO · dir=— · 0=0.1613 · Oz=— · Red=0.156104 · manos=ON · pos=flat · latido=1.50s
[RANGO] autosello PRL · ACECHANDO · Oz=0.0 link=— · manos_feria_informe.json
[RANGO] PRLUSDT_LINEAL last=0.1576 · río=WS · mercado=linear · estado=ACECHANDO · dir=— · 0=0.1613 · Oz=— · Red=0.156104 · manos=ON · pos=flat · latido=1.50s
[RANGO] autosello PRL · ACECHANDO · Oz=0.0 link=— · manos_feria_informe.json
[RANGO] PRLUSDT_LINEAL last=0.1576 · río=WS · mercado=linear · estado=ACECHANDO · dir=— · 0=0.1613 · Oz=— · Red=0.156104 · manos=ON · pos=flat · latido=1.50s
[RANGO] PRLUSDT_LINEAL last=0.1575 · río=ciego/muleta · mercado=linear · estado=ACECHANDO · dir=— · 0=0.1613 · Oz=— · Red=0.156104 · manos=ON · pos=flat · latido=1.50s
[RANGO] autosello PRL · ACECHANDO · Oz=0.0 link=— · manos_feria_informe.json
[RANGO] PRLUSDT_LINEAL last=0.1575 · río=WS · mercado=linear · estado=ACECHANDO · dir=— · 0=0.1613 · Oz=— · Red=0.156104 · manos=ON · pos=flat · latido=1.50s
[RANGO] autosello PRL · ACECHANDO · Oz=0.0 link=— · manos_feria_informe.json
[RANGO] PRLUSDT_LINEAL last=0.1574 · río=WS · mercado=linear · estado=ACECHANDO · dir=— · 0=0.1613 · Oz=— · Red=0.156104 · manos=ON · pos=flat · latido=1.50s
[2026-08-31 12:21:38] [TUSK] RECONCILIACIÓN: CVXUSDT_LINEAL: interno L:0.000000/S:0.000000 -> real L:28.700000/S:0.000000
[2026-08-31 12:21:38] [TUSK] RECONCILIACIÓN_FANTASMA: XANUSDT_LINEAL existe interno pero no en exchange -> reseteando
[2026-08-31 12:21:38] [TUSK] RECONCILIACIÓN_OK: 2 frentes alineados con exchange
[RANGO] PRLUSDT_LINEAL last=0.1575 · río=ciego/muleta · mercado=linear · estado=ACECHANDO · dir=— · 0=0.1613 · Oz=— · Red=0.156104 · manos=ON · pos=flat · latido=1.50s
[RANGO] autosello PRL · ACECHANDO · Oz=0.0 link=— · manos_feria_informe.json
[RANGO] PRLUSDT_LINEAL last=0.1575 · río=WS · mercado=linear · estado=ACECHANDO · dir=— · 0=0.1613 · Oz=— · Red=0.156104 · manos=ON · pos=flat · latido=1.50s
[RANGO] autosello PRL · ACECHANDO · Oz=0.0 link=— · manos_feria_informe.json
[RANGO] PRLUSDT_LINEAL last=0.1574 · río=WS · mercado=linear · estado=ACECHANDO · dir=— · 0=0.1613 · Oz=— · Red=0.156104 · manos=ON · pos=flat · latido=1.50s
[RANGO] PRLUSDT_LINEAL last=0.1575 · río=ciego/muleta · mercado=linear · estado=ACECHANDO · dir=— · 0=0.1613 · Oz=— · Red=0.156104 · manos=ON · pos=flat · latido=1.50s
[RANGO] autosello PRL · ACECHANDO · Oz=0.0 link=— · manos_feria_informe.json
[RANGO] PRLUSDT_LINEAL last=0.1574 · río=WS · mercado=linear · estado=ACECHANDO · dir=— · 0=0.1613 · Oz=— · Red=0.156104 · manos=ON · pos=flat · latido=1.50s
[RANGO] autosello PRL · ACECHANDO · Oz=0.0 link=— · manos_feria_informe.json
[RANGO] PRLUSDT_LINEAL last=0.1574 · río=ciego/muleta · mercado=linear · estado=ACECHANDO · dir=— · 0=0.1613 · Oz=— · Red=0.156104 · manos=ON · pos=flat · latido=1.50s
[2026-08-31 12:22:40] [TUSK] RECONCILIACIÓN: XANUSDT_LINEAL: interno L:0.000000/S:0.000000 -> real L:203.000000/S:0.000000
[2026-08-31 12:22:40] [TUSK] RECONCILIACIÓN_FANTASMA: CRDOUSDT_LINEAL existe interno pero no en exchange -> reseteando
[2026-08-31 12:22:40] [TUSK] RECONCILIACIÓN_OK: 2 frentes alineados con exchange
[RANGO] autosello PRL · ACECHANDO · Oz=0.0 link=— · manos_feria_informe.json
[RANGO] PRLUSDT_LINEAL last=0.1572 · río=WS · mercado=linear · estado=ACECHANDO · dir=— · 0=0.1613 · Oz=— · Red=0.156104 · manos=ON · pos=flat · latido=1.50s
[RANGO] PRLUSDT_LINEAL last=0.1571 · río=WS · mercado=linear · estado=ACECHANDO · dir=— · 0=0.1613 · Oz=— · Red=0.156104 · manos=ON · pos=flat · latido=1.50s
[RANGO] autosello PRL · ACECHANDO · Oz=0.0 link=— · manos_feria_informe.json
[RANGO] PRLUSDT_LINEAL last=0.1571 · río=WS · mercado=linear · estado=ACECHANDO · dir=— · 0=0.1613 · Oz=— · Red=0.156104 · manos=ON · pos=flat · latido=1.50s
[RANGO] autosello PRL · ACECHANDO · Oz=0.0 link=— · manos_feria_informe.json
[RANGO] PRLUSDT_LINEAL last=0.1573 · río=WS · mercado=linear · estado=ACECHANDO · dir=— · 0=0.1613 · Oz=— · Red=0.156104 · manos=ON · pos=flat · latido=1.50s
[RANGO] PRLUSDT_LINEAL last=0.157 · río=WS · mercado=linear · estado=ACECHANDO · dir=— · 0=0.1613 · Oz=— · Red=0.156104 · manos=ON · pos=flat · latido=1.50s
[RANGO] autosello PRL · ACECHANDO · Oz=0.0 link=— · manos_feria_informe.json
[RANGO] PRLUSDT_LINEAL last=0.1572 · río=WS · mercado=linear · estado=ACECHANDO · dir=— · 0=0.1613 · Oz=— · Red=0.156104 · manos=ON · pos=flat · latido=1.50s
[2026-08-31 12:23:41] [TUSK] RECONCILIACIÓN: LTCUSD_INVERSE: interno L:234.000000/S:0.000000 -> real L:229.000000/S:0.000000
[2026-08-31 12:23:41] [TUSK] RECONCILIACIÓN_OK: 1 frentes alineados con exchange
[RANGO] autosello PRL · ACECHANDO · Oz=0.0 link=— · manos_feria_informe.json
[RANGO] PRLUSDT_LINEAL last=0.1571 · río=WS · mercado=linear · estado=ACECHANDO · dir=— · 0=0.1613 · Oz=— · Red=0.156104 · manos=ON · pos=flat · latido=1.50s
[RANGO] PRLUSDT_LINEAL last=0.1571 · río=WS · mercado=linear · estado=ACECHANDO · dir=— · 0=0.1613 · Oz=— · Red=0.156104 · manos=ON · pos=flat · latido=1.50s
[RANGO] autosello PRL · ACECHANDO · Oz=0.0 link=— · manos_feria_informe.json
[RANGO] PRLUSDT_LINEAL last=0.1571 · río=WS · mercado=linear · estado=ACECHANDO · dir=— · 0=0.1613 · Oz=— · Red=0.156104 · manos=ON · pos=flat · latido=1.50s
[RANGO] autosello PRL · ACECHANDO · Oz=0.0 link=— · manos_feria_informe.json
[RANGO] PRLUSDT_LINEAL last=0.1571 · río=WS · mercado=linear · estado=ACECHANDO · dir=— · 0=0.1613 · Oz=— · Red=0.156104 · manos=ON · pos=flat · latido=1.50s
[RANGO] PRLUSDT_LINEAL last=0.157 · río=ciego/muleta · mercado=linear · estado=ACECHANDO · dir=— · 0=0.1613 · Oz=— · Red=0.156104 · manos=ON · pos=flat · latido=1.50s
[RANGO] autosello PRL · ACECHANDO · Oz=0.0 link=— · manos_feria_informe.json
[RANGO] PRLUSDT_LINEAL last=0.1571 · río=WS · mercado=linear · estado=ACECHANDO · dir=— · 0=0.1613 · Oz=— · Red=0.156104 · manos=ON · pos=flat · latido=1.50s
[RANGO] autosello PRL · ACECHANDO · Oz=0.0 link=— · manos_feria_informe.json
[RANGO] PRLUSDT_LINEAL last=0.1572 · río=WS · mercado=linear · estado=ACECHANDO · dir=— · 0=0.1613 · Oz=— · Red=0.156104 · manos=ON · pos=flat · latido=1.50s
[RANGO] PRLUSDT_LINEAL last=0.1572 · río=WS · mercado=linear · estado=ACECHANDO · dir=— · 0=0.1613 · Oz=— · Red=0.156104 · manos=ON · pos=flat · latido=1.50s
[RANGO] autosello PRL · ACECHANDO · Oz=0.0 link=— · manos_feria_informe.json
[RANGO] PRLUSDT_LINEAL last=0.1572 · río=WS · mercado=linear · estado=ACECHANDO · dir=— · 0=0.1613 · Oz=— · Red=0.156104 · manos=ON · pos=flat · latido=1.50s
[RANGO] autosello PRL · ACECHANDO · Oz=0.0 link=— · manos_feria_informe.json
[RANGO] PRLUSDT_LINEAL last=0.1572 · río=WS · mercado=linear · estado=ACECHANDO · dir=— · 0=0.1613 · Oz=— · Red=0.156104 · manos=ON · pos=flat · latido=1.50s
[RANGO] PRLUSDT_LINEAL last=0.157 · río=WS · mercado=linear · estado=ACECHANDO · dir=— · 0=0.1613 · Oz=— · Red=0.156104 · manos=ON · pos=flat · latido=1.50s
[RANGO] autosello PRL · ACECHANDO · Oz=0.0 link=— · manos_feria_informe.json
[RANGO] PRLUSDT_LINEAL last=0.1572 · río=WS · mercado=linear · estado=ACECHANDO · dir=— · 0=0.1613 · Oz=— · Red=0.156104 · manos=ON · pos=flat · latido=1.50s
[2026-08-31 12:25:44] [TUSK] RECONCILIACIÓN: ROBOUSDT_LINEAL: interno L:0.000000/S:0.000000 -> real L:3800.000000/S:0.000000
[2026-08-31 12:25:44] [TUSK] RECONCILIACIÓN_FANTASMA: UBUSDT_LINEAL existe interno pero no en exchange -> reseteando
[2026-08-31 12:25:44] [TUSK] RECONCILIACIÓN_OK: 2 frentes alineados con exchange
[RANGO] autosello PRL · ACECHANDO · Oz=0.0 link=— · manos_feria_informe.json
[RANGO] PRLUSDT_LINEAL last=0.1571 · río=WS · mercado=linear · estado=ACECHANDO · dir=— · 0=0.1613 · Oz=— · Red=0.156104 · manos=ON · pos=flat · latido=1.50s
[RANGO] PRLUSDT_LINEAL last=0.1574 · río=WS · mercado=linear · estado=ACECHANDO · dir=— · 0=0.1613 · Oz=— · Red=0.156104 · manos=ON · pos=flat · latido=1.50s
[RANGO] autosello PRL · ACECHANDO · Oz=0.0 link=— · manos_feria_informe.json
[RANGO] PRLUSDT_LINEAL last=0.157 · río=ciego/muleta · mercado=linear · estado=ACECHANDO · dir=— · 0=0.1613 · Oz=— · Red=0.156104 · manos=ON · pos=flat · latido=1.50s
[RANGO] autosello PRL · ACECHANDO · Oz=0.0 link=— · manos_feria_informe.json
[RANGO] PRLUSDT_LINEAL last=0.1571 · río=WS · mercado=linear · estado=ACECHANDO · dir=— · 0=0.1613 · Oz=— · Red=0.156104 · manos=ON · pos=flat · latido=1.50s
[RANGO] PRLUSDT_LINEAL last=0.1572 · río=WS · mercado=linear · estado=ACECHANDO · dir=— · 0=0.1613 · Oz=— · Red=0.156104 · manos=ON · pos=flat · latido=1.50s
[RANGO] autosello PRL · ACECHANDO · Oz=0.0 link=— · manos_feria_informe.json
[RANGO] PRLUSDT_LINEAL last=0.1571 · río=WS · mercado=linear · estado=ACECHANDO · dir=— · 0=0.1613 · Oz=— · Red=0.156104 · manos=ON · pos=flat · latido=1.50s
[RANGO] autosello PRL · ACECHANDO · Oz=0.0 link=— · manos_feria_informe.json
[2026-08-31 12:26:45] [TUSK] RECONCILIACIÓN: EULUSDT_LINEAL: interno L:73.900000/S:0.000000 -> real L:70.000000/S:0.000000
[2026-08-31 12:26:45] [TUSK] RECONCILIACIÓN_OK: 1 frentes alineados con exchange
[RANGO] PRLUSDT_LINEAL last=0.1572 · río=WS · mercado=linear · estado=ACECHANDO · dir=— · 0=0.1613 · Oz=— · Red=0.156104 · manos=ON · pos=flat · latido=1.50s
[RANGO] PRLUSDT_LINEAL last=0.1571 · río=WS · mercado=linear · estado=ACECHANDO · dir=— · 0=0.1613 · Oz=— · Red=0.156104 · manos=ON · pos=flat · latido=1.50s
[RANGO] autosello PRL · ACECHANDO · Oz=0.0 link=— · manos_feria_informe.json
[RANGO] PRLUSDT_LINEAL last=0.1571 · río=WS · mercado=linear · estado=ACECHANDO · dir=— · 0=0.1613 · Oz=— · Red=0.156104 · manos=ON · pos=flat · latido=1.50s
[RANGO] autosello PRL · ACECHANDO · Oz=0.0 link=— · manos_feria_informe.json
[RANGO] PRLUSDT_LINEAL last=0.1571 · río=WS · mercado=linear · estado=ACECHANDO · dir=— · 0=0.1613 · Oz=— · Red=0.156104 · manos=ON · pos=flat · latido=1.50s
[RANGO] PRLUSDT_LINEAL last=0.1573 · río=WS · mercado=linear · estado=ACECHANDO · dir=— · 0=0.1613 · Oz=— · Red=0.156104 · manos=ON · pos=flat · latido=1.50s
[RANGO] autosello PRL · ACECHANDO · Oz=0.0 link=— · manos_feria_informe.json
[RANGO] PRLUSDT_LINEAL last=0.1571 · río=WS · mercado=linear · estado=ACECHANDO · dir=— · 0=0.1613 · Oz=— · Red=0.156104 · manos=ON · pos=flat · latido=1.50s
[RANGO] autosello PRL · ACECHANDO · Oz=0.0 link=— · manos_feria_informe.json
[2026-08-31 12:27:46] [TUSK] RECONCILIACIÓN: BEATUSDT_LINEAL: interno L:166.000000/S:0.000000 -> real L:118.000000/S:0.000000
[2026-08-31 12:27:46] [TUSK] RECONCILIACIÓN_OK: 1 frentes alineados con exchange
[RANGO] PRLUSDT_LINEAL last=0.1573 · río=WS · mercado=linear · estado=ACECHANDO · dir=— · 0=0.1613 · Oz=— · Red=0.156104 · manos=ON · pos=flat · latido=1.50s
[RANGO] PRLUSDT_LINEAL last=0.1569 · río=WS · mercado=linear · estado=ACECHANDO · dir=— · 0=0.1613 · Oz=— · Red=0.156104 · manos=ON · pos=flat · latido=1.50s
[RANGO] autosello PRL · ACECHANDO · Oz=0.0 link=— · manos_feria_informe.json
[RANGO] PRLUSDT_LINEAL last=0.157 · río=WS · mercado=linear · estado=ACECHANDO · dir=— · 0=0.1613 · Oz=— · Red=0.156104 · manos=ON · pos=flat · latido=1.50s
[RANGO] autosello PRL · ACECHANDO · Oz=0.0 link=— · manos_feria_informe.json
[RANGO] PRLUSDT_LINEAL last=0.1571 · río=WS · mercado=linear · estado=ACECHANDO · dir=— · 0=0.1613 · Oz=— · Red=0.156104 · manos=ON · pos=flat · latido=1.50s
[RANGO] PRLUSDT_LINEAL last=0.1571 · río=WS · mercado=linear · estado=ACECHANDO · dir=— · 0=0.1613 · Oz=— · Red=0.156104 · manos=ON · pos=flat · latido=1.50s
[RANGO] autosello PRL · ACECHANDO · Oz=0.0 link=— · manos_feria_informe.json
[RANGO] PRLUSDT_LINEAL last=0.157 · río=ciego/muleta · mercado=linear · estado=ACECHANDO · dir=— · 0=0.1613 · Oz=— · Red=0.156104 · manos=ON · pos=flat · latido=1.50s
[RANGO] autosello PRL · ACECHANDO · Oz=0.0 link=— · manos_feria_informe.json
[RANGO] PRLUSDT_LINEAL last=0.1571 · río=WS · mercado=linear · estado=ACECHANDO · dir=— · 0=0.1613 · Oz=— · Red=0.156104 · manos=ON · pos=flat · latido=1.50s
[RANGO] PRLUSDT_LINEAL last=0.1571 · río=WS · mercado=linear · estado=ACECHANDO · dir=— · 0=0.1613 · Oz=— · Red=0.156104 · manos=ON · pos=flat · latido=1.50s
[RANGO] autosello PRL · ACECHANDO · Oz=0.0 link=— · manos_feria_informe.json
[RANGO] PRLUSDT_LINEAL last=0.1571 · río=WS · mercado=linear · estado=ACECHANDO · dir=— · 0=0.1613 · Oz=— · Red=0.156104 · manos=ON · pos=flat · latido=1.50s
[RANGO] autosello PRL · ACECHANDO · Oz=0.0 link=— · manos_feria_informe.json
[RANGO] PRLUSDT_LINEAL last=0.1571 · río=WS · mercado=linear · estado=ACECHANDO · dir=— · 0=0.1613 · Oz=— · Red=0.156104 · manos=ON · pos=flat · latido=1.50s
[RANGO] PRLUSDT_LINEAL last=0.157 · río=WS · mercado=linear · estado=ACECHANDO · dir=— · 0=0.1613 · Oz=— · Red=0.156104 · manos=ON · pos=flat · latido=1.50s
[RANGO] autosello PRL · ACECHANDO · Oz=0.0 link=— · manos_feria_informe.json
[RANGO] PRLUSDT_LINEAL last=0.157 · río=WS · mercado=linear · estado=ACECHANDO · dir=— · 0=0.1613 · Oz=— · Red=0.156104 · manos=ON · pos=flat · latido=1.50s
[RANGO] autosello PRL · ACECHANDO · Oz=0.0 link=— · manos_feria_informe.json
[2026-08-31 12:29:49] [TUSK] RECONCILIACIÓN: DASHUSDT_LINEAL: interno L:0.000000/S:1.160000 -> real L:0.000000/S:1.270000
[2026-08-31 12:29:49] [TUSK] RECONCILIACIÓN_OK: 1 frentes alineados con exchange
[RANGO] PRLUSDT_LINEAL last=0.157 · río=WS · mercado=linear · estado=ACECHANDO · dir=— · 0=0.1613 · Oz=— · Red=0.156104 · manos=ON · pos=flat · latido=1.50s
[RANGO] PRLUSDT_LINEAL last=0.1569 · río=WS · mercado=linear · estado=ACECHANDO · dir=— · 0=0.1613 · Oz=— · Red=0.156104 · manos=ON · pos=flat · latido=1.50s
[RANGO] autosello PRL · ACECHANDO · Oz=0.0 link=— · manos_feria_informe.json
[RANGO] PRLUSDT_LINEAL last=0.1569 · río=WS · mercado=linear · estado=ACECHANDO · dir=— · 0=0.1613 · Oz=— · Red=0.156104 · manos=ON · pos=flat · latido=1.50s
[RANGO] autosello PRL · ACECHANDO · Oz=0.0 link=— · manos_feria_informe.json
[RANGO] PRLUSDT_LINEAL last=0.157 · río=WS · mercado=linear · estado=ACECHANDO · dir=— · 0=0.1613 · Oz=— · Red=0.156104 · manos=ON · pos=flat · latido=1.50s
[RANGO] PRLUSDT_LINEAL last=0.157 · río=WS · mercado=linear · estado=ACECHANDO · dir=— · 0=0.1613 · Oz=— · Red=0.156104 · manos=ON · pos=flat · latido=1.50s
[RANGO] autosello PRL · ACECHANDO · Oz=0.0 link=— · manos_feria_informe.json
[RANGO] PRLUSDT_LINEAL last=0.157 · río=WS · mercado=linear · estado=ACECHANDO · dir=— · 0=0.1613 · Oz=— · Red=0.156104 · manos=ON · pos=flat · latido=1.50s
[RANGO] autosello PRL · ACECHANDO · Oz=0.0 link=— · manos_feria_informe.json
[RANGO] PRLUSDT_LINEAL last=0.157 · río=WS · mercado=linear · estado=ACECHANDO · dir=— · 0=0.1613 · Oz=— · Red=0.156104 · manos=ON · pos=flat · latido=1.50s
[RANGO] PRLUSDT_LINEAL last=0.1569 · río=WS · mercado=linear · estado=ACECHANDO · dir=— · 0=0.1613 · Oz=— · Red=0.156104 · manos=ON · pos=flat · latido=1.50s
[RANGO] autosello PRL · ACECHANDO · Oz=0.0 link=— · manos_feria_informe.json
[RANGO] PRLUSDT_LINEAL last=0.1571 · río=WS · mercado=linear · estado=ACECHANDO · dir=— · 0=0.1613 · Oz=— · Red=0.156104 · manos=ON · pos=flat · latido=1.50s
[RANGO] autosello PRL · ACECHANDO · Oz=0.0 link=— · manos_feria_informe.json
[RANGO] PRLUSDT_LINEAL last=0.1571 · río=WS · mercado=linear · estado=ACECHANDO · dir=— · 0=0.1613 · Oz=— · Red=0.156104 · manos=ON · pos=flat · latido=1.50s
[RANGO] PRLUSDT_LINEAL last=0.1572 · río=WS · mercado=linear · estado=ACECHANDO · dir=— · 0=0.1613 · Oz=— · Red=0.156104 · manos=ON · pos=flat · latido=1.50s
[RANGO] autosello PRL · ACECHANDO · Oz=0.0 link=— · manos_feria_informe.json
[RANGO] PRLUSDT_LINEAL last=0.1572 · río=WS · mercado=linear · estado=ACECHANDO · dir=— · 0=0.1613 · Oz=— · Red=0.156104 · manos=ON · pos=flat · latido=1.50s
[RANGO] autosello PRL · ACECHANDO · Oz=0.0 link=— · manos_feria_informe.json
[RANGO] PRLUSDT_LINEAL last=0.1573 · río=ciego/muleta · mercado=linear · estado=ACECHANDO · dir=— · 0=0.1613 · Oz=— · Red=0.156104 · manos=ON · pos=flat · latido=1.50s
[RANGO] PRLUSDT_LINEAL last=0.1571 · río=WS · mercado=linear · estado=ACECHANDO · dir=— · 0=0.1613 · Oz=— · Red=0.156104 · manos=ON · pos=flat · latido=1.50s
[RANGO] autosello PRL · ACECHANDO · Oz=0.0 link=— · manos_feria_informe.json
[RANGO] PRLUSDT_LINEAL last=0.1571 · río=WS · mercado=linear · estado=ACECHANDO · dir=— · 0=0.1613 · Oz=— · Red=0.156104 · manos=ON · pos=flat · latido=1.50s
[RANGO] autosello PRL · ACECHANDO · Oz=0.0 link=— · manos_feria_informe.json
[RANGO] PRLUSDT_LINEAL last=0.1573 · río=WS · mercado=linear · estado=ACECHANDO · dir=— · 0=0.1613 · Oz=— · Red=0.156104 · manos=ON · pos=flat · latido=1.50s
[RANGO] PRLUSDT_LINEAL last=0.1572 · río=ciego/muleta · mercado=linear · estado=ACECHANDO · dir=— · 0=0.1613 · Oz=— · Red=0.156104 · manos=ON · pos=flat · latido=1.50s
[RANGO] autosello PRL · ACECHANDO · Oz=0.0 link=— · manos_feria_informe.json
[RANGO] PRLUSDT_LINEAL last=0.1571 · río=WS · mercado=linear · estado=ACECHANDO · dir=— · 0=0.1613 · Oz=— · Red=0.156104 · manos=ON · pos=flat · latido=1.50s
[RANGO] autosello PRL · ACECHANDO · Oz=0.0 link=— · manos_feria_informe.json
[RANGO] PRLUSDT_LINEAL last=0.1571 · río=WS · mercado=linear · estado=ACECHANDO · dir=— · 0=0.1613 · Oz=— · Red=0.156104 · manos=ON · pos=flat · latido=1.50s
[2026-08-31 12:32:52] [TUSK] RECONCILIACIÓN: BSPUSDT_LINEAL: interno L:0.000000/S:0.000000 -> real L:0.690000/S:0.000000
[2026-08-31 12:32:52] [TUSK] RECONCILIACIÓN_FANTASMA: AKTUSDT_LINEAL existe interno pero no en exchange -> reseteando
[2026-08-31 12:32:52] [TUSK] RECONCILIACIÓN_OK: 2 frentes alineados con exchange
[RANGO] autosello PRL · ACECHANDO · Oz=0.0 link=— · manos_feria_informe.json
[RANGO] PRLUSDT_LINEAL last=0.1571 · río=WS · mercado=linear · estado=ACECHANDO · dir=— · 0=0.1613 · Oz=— · Red=0.156104 · manos=ON · pos=flat · latido=1.50s
[RANGO] PRLUSDT_LINEAL last=0.157 · río=WS · mercado=linear · estado=ACECHANDO · dir=— · 0=0.1613 · Oz=— · Red=0.156104 · manos=ON · pos=flat · latido=1.50s
[RANGO] autosello PRL · ACECHANDO · Oz=0.0 link=— · manos_feria_informe.json
[RANGO] PRLUSDT_LINEAL last=0.1571 · río=WS · mercado=linear · estado=ACECHANDO · dir=— · 0=0.1613 · Oz=— · Red=0.156104 · manos=ON · pos=flat · latido=1.50s
[RANGO] PRLUSDT_LINEAL last=0.1571 · río=WS · mercado=linear · estado=ACECHANDO · dir=— · 0=0.1613 · Oz=— · Red=0.156104 · manos=ON · pos=flat · latido=1.50s
[RANGO] autosello PRL · ACECHANDO · Oz=0.0 link=— · manos_feria_informe.json
[RANGO] PRLUSDT_LINEAL last=0.157 · río=ciego/muleta · mercado=linear · estado=ACECHANDO · dir=— · 0=0.1613 · Oz=— · Red=0.156104 · manos=ON · pos=flat · latido=1.50s
[RANGO] autosello PRL · ACECHANDO · Oz=0.0 link=— · manos_feria_informe.json
[RANGO] PRLUSDT_LINEAL last=0.1569 · río=WS · mercado=linear · estado=ACECHANDO · dir=— · 0=0.1613 · Oz=— · Red=0.156104 · manos=ON · pos=flat · latido=1.50s
[RANGO] autosello PRL · ACECHANDO · Oz=0.0 link=— · manos_feria_informe.json
[RANGO] PRLUSDT_LINEAL last=0.1571 · río=WS · mercado=linear · estado=ACECHANDO · dir=— · 0=0.1613 · Oz=— · Red=0.156104 · manos=ON · pos=flat · latido=1.50s
[RANGO] PRLUSDT_LINEAL last=0.1569 · río=WS · mercado=linear · estado=ACECHANDO · dir=— · 0=0.1613 · Oz=— · Red=0.156104 · manos=ON · pos=flat · latido=1.50s
[RANGO] autosello PRL · ACECHANDO · Oz=0.0 link=— · manos_feria_informe.json
[RANGO] PRLUSDT_LINEAL last=0.1567 · río=ciego/muleta · mercado=linear · estado=ACECHANDO · dir=— · 0=0.1613 · Oz=— · Red=0.156104 · manos=ON · pos=flat · latido=1.50s
[RANGO] autosello PRL · ACECHANDO · Oz=0.0 link=— · manos_feria_informe.json
[RANGO] PRLUSDT_LINEAL last=0.1567 · río=ciego/muleta · mercado=linear · estado=ACECHANDO · dir=— · 0=0.1613 · Oz=— · Red=0.156104 · manos=ON · pos=flat · latido=1.50s
[RANGO] PRLUSDT_LINEAL last=0.1567 · río=ciego/muleta · mercado=linear · estado=ACECHANDO · dir=— · 0=0.1613 · Oz=— · Red=0.156104 · manos=ON · pos=flat · latido=1.50s
[RANGO] autosello PRL · ACECHANDO · Oz=0.0 link=— · manos_feria_informe.json
[RANGO] PRLUSDT_LINEAL last=0.1568 · río=WS · mercado=linear · estado=ACECHANDO · dir=— · 0=0.1613 · Oz=— · Red=0.156104 · manos=ON · pos=flat · latido=1.50s
[RANGO] autosello PRL · ACECHANDO · Oz=0.0 link=— · manos_feria_informe.json
[RANGO] PRLUSDT_LINEAL last=0.1568 · río=WS · mercado=linear · estado=ACECHANDO · dir=— · 0=0.1613 · Oz=— · Red=0.156104 · manos=ON · pos=flat · latido=1.50s
[RANGO] PRLUSDT_LINEAL last=0.1568 · río=WS · mercado=linear · estado=ACECHANDO · dir=— · 0=0.1613 · Oz=— · Red=0.156104 · manos=ON · pos=flat · latido=1.50s
[RANGO] autosello PRL · ACECHANDO · Oz=0.0 link=— · manos_feria_informe.json
[RANGO] PRLUSDT_LINEAL last=0.1566 · río=WS · mercado=linear · estado=ACECHANDO · dir=— · 0=0.1613 · Oz=— · Red=0.156104 · manos=ON · pos=flat · latido=1.50s
[RANGO] autosello PRL · ACECHANDO · Oz=0.0 link=— · manos_feria_informe.json
[RANGO] PRLUSDT_LINEAL last=0.1567 · río=ciego/muleta · mercado=linear · estado=ACECHANDO · dir=— · 0=0.1613 · Oz=— · Red=0.156104 · manos=ON · pos=flat · latido=1.50s
[RANGO] PRLUSDT_LINEAL last=0.1567 · río=WS · mercado=linear · estado=ACECHANDO · dir=— · 0=0.1613 · Oz=— · Red=0.156104 · manos=ON · pos=flat · latido=1.50s
[RANGO] autosello PRL · ACECHANDO · Oz=0.0 link=— · manos_feria_informe.json
[RANGO] PRLUSDT_LINEAL last=0.1565 · río=WS · mercado=linear · estado=ACECHANDO · dir=— · 0=0.1613 · Oz=— · Red=0.156104 · manos=ON · pos=flat · latido=1.50s
[RANGO] autosello PRL · ACECHANDO · Oz=0.0 link=— · manos_feria_informe.json
[RANGO] PRLUSDT_LINEAL last=0.1568 · río=WS · mercado=linear · estado=ACECHANDO · dir=— · 0=0.1613 · Oz=— · Red=0.156104 · manos=ON · pos=flat · latido=1.50s
[RANGO] PRLUSDT_LINEAL last=0.1568 · río=WS · mercado=linear · estado=ACECHANDO · dir=— · 0=0.1613 · Oz=— · Red=0.156104 · manos=ON · pos=flat · latido=1.50s
[RANGO] autosello PRL · ACECHANDO · Oz=0.0 link=— · manos_feria_informe.json
[RANGO] PRLUSDT_LINEAL last=0.1568 · río=WS · mercado=linear · estado=ACECHANDO · dir=— · 0=0.1613 · Oz=— · Red=0.156104 · manos=ON · pos=flat · latido=1.50s
[RANGO] autosello PRL · ACECHANDO · Oz=0.0 link=— · manos_feria_informe.json
[RANGO] PRLUSDT_LINEAL last=0.1568 · río=WS · mercado=linear · estado=ACECHANDO · dir=— · 0=0.1613 · Oz=— · Red=0.156104 · manos=ON · pos=flat · latido=1.50s
[RANGO] PRLUSDT_LINEAL last=0.1568 · río=WS · mercado=linear · estado=ACECHANDO · dir=— · 0=0.1613 · Oz=— · Red=0.156104 · manos=ON · pos=flat · latido=1.50s
[RANGO] autosello PRL · ACECHANDO · Oz=0.0 link=— · manos_feria_informe.json
[RANGO] PRLUSDT_LINEAL last=0.1568 · río=ciego/muleta · mercado=linear · estado=ACECHANDO · dir=— · 0=0.1613 · Oz=— · Red=0.156104 · manos=ON · pos=flat · latido=1.50s
[RANGO] autosello PRL · ACECHANDO · Oz=0.0 link=— · manos_feria_informe.json
[RANGO] PRLUSDT_LINEAL last=0.1568 · río=WS · mercado=linear · estado=ACECHANDO · dir=— · 0=0.1613 · Oz=— · Red=0.156104 · manos=ON · pos=flat · latido=1.50s
[RANGO] PRLUSDT_LINEAL last=0.1569 · río=WS · mercado=linear · estado=ACECHANDO · dir=— · 0=0.1613 · Oz=— · Red=0.156104 · manos=ON · pos=flat · latido=1.50s
[RANGO] autosello PRL · ACECHANDO · Oz=0.0 link=— · manos_feria_informe.json
[RANGO] PRLUSDT_LINEAL last=0.1569 · río=ciego/muleta · mercado=linear · estado=ACECHANDO · dir=— · 0=0.1613 · Oz=— · Red=0.156104 · manos=ON · pos=flat · latido=1.50s
[RANGO] autosello PRL · ACECHANDO · Oz=0.0 link=— · manos_feria_informe.json
[RANGO] PRLUSDT_LINEAL last=0.157 · río=WS · mercado=linear · estado=ACECHANDO · dir=— · 0=0.1613 · Oz=— · Red=0.156104 · manos=ON · pos=flat · latido=1.50s
[RANGO] PRLUSDT_LINEAL last=0.157 · río=WS · mercado=linear · estado=ACECHANDO · dir=— · 0=0.1613 · Oz=— · Red=0.156104 · manos=ON · pos=flat · latido=1.50s
[RANGO] autosello PRL · ACECHANDO · Oz=0.0 link=— · manos_feria_informe.json
[RANGO] PRLUSDT_LINEAL last=0.1569 · río=ciego/muleta · mercado=linear · estado=ACECHANDO · dir=— · 0=0.1613 · Oz=— · Red=0.156104 · manos=ON · pos=flat · latido=1.50s
[RANGO] autosello PRL · ACECHANDO · Oz=0.0 link=— · manos_feria_informe.json
[RANGO] PRLUSDT_LINEAL last=0.1572 · río=WS · mercado=linear · estado=ACECHANDO · dir=— · 0=0.1613 · Oz=— · Red=0.156104 · manos=ON · pos=flat · latido=1.50s
[RANGO] autosello PRL · ACECHANDO · Oz=0.0 link=— · manos_feria_informe.json
[RANGO] PRLUSDT_LINEAL last=0.157 · río=WS · mercado=linear · estado=ACECHANDO · dir=— · 0=0.1613 · Oz=— · Red=0.156104 · manos=ON · pos=flat · latido=1.50s
[RANGO] PRLUSDT_LINEAL last=0.157 · río=ciego/muleta · mercado=linear · estado=ACECHANDO · dir=— · 0=0.1613 · Oz=— · Red=0.156104 · manos=ON · pos=flat · latido=1.50s
[RANGO] autosello PRL · ACECHANDO · Oz=0.0 link=— · manos_feria_informe.json
[RANGO] PRLUSDT_LINEAL last=0.157 · río=ciego/muleta · mercado=linear · estado=ACECHANDO · dir=— · 0=0.1613 · Oz=— · Red=0.156104 · manos=ON · pos=flat · latido=1.50s
[RANGO] autosello PRL · ACECHANDO · Oz=0.0 link=— · manos_feria_informe.json
[RANGO] PRLUSDT_LINEAL last=0.157 · río=WS · mercado=linear · estado=ACECHANDO · dir=— · 0=0.1613 · Oz=— · Red=0.156104 · manos=ON · pos=flat · latido=1.50s
[RANGO] PRLUSDT_LINEAL last=0.1567 · río=WS · mercado=linear · estado=ACECHANDO · dir=— · 0=0.1613 · Oz=— · Red=0.156104 · manos=ON · pos=flat · latido=1.50s
[RANGO] autosello PRL · ACECHANDO · Oz=0.0 link=— · manos_feria_informe.json
[RANGO] PRLUSDT_LINEAL last=0.1569 · río=WS · mercado=linear · estado=ACECHANDO · dir=— · 0=0.1613 · Oz=— · Red=0.156104 · manos=ON · pos=flat · latido=1.50s
[RANGO] autosello PRL · ACECHANDO · Oz=0.0 link=— · manos_feria_informe.json
[RANGO] PRLUSDT_LINEAL last=0.1567 · río=ciego/muleta · mercado=linear · estado=ACECHANDO · dir=— · 0=0.1613 · Oz=— · Red=0.156104 · manos=ON · pos=flat · latido=1.50s
[RANGO] PRLUSDT_LINEAL last=0.1567 · río=ciego/muleta · mercado=linear · estado=ACECHANDO · dir=— · 0=0.1613 · Oz=— · Red=0.156104 · manos=ON · pos=flat · latido=1.50s
[RANGO] autosello PRL · ACECHANDO · Oz=0.0 link=— · manos_feria_informe.json
[RANGO] PRLUSDT_LINEAL last=0.157 · río=WS · mercado=linear · estado=ACECHANDO · dir=— · 0=0.1613 · Oz=— · Red=0.156104 · manos=ON · pos=flat · latido=1.50s
[RANGO] autosello PRL · ACECHANDO · Oz=0.0 link=— · manos_feria_informe.json
[RANGO] PRLUSDT_LINEAL last=0.1568 · río=WS · mercado=linear · estado=ACECHANDO · dir=— · 0=0.1613 · Oz=— · Red=0.156104 · manos=ON · pos=flat · latido=1.50s
[RANGO] PRLUSDT_LINEAL last=0.1568 · río=WS · mercado=linear · estado=ACECHANDO · dir=— · 0=0.1613 · Oz=— · Red=0.156104 · manos=ON · pos=flat · latido=1.50s
[RANGO] autosello PRL · ACECHANDO · Oz=0.0 link=— · manos_feria_informe.json
[RANGO] PRLUSDT_LINEAL last=0.1568 · río=WS · mercado=linear · estado=ACECHANDO · dir=— · 0=0.1613 · Oz=— · Red=0.156104 · manos=ON · pos=flat · latido=1.50s
[RANGO] autosello PRL · ACECHANDO · Oz=0.0 link=— · manos_feria_informe.json
[RANGO] PRLUSDT_LINEAL last=0.1569 · río=WS · mercado=linear · estado=ACECHANDO · dir=— · 0=0.1613 · Oz=— · Red=0.156104 · manos=ON · pos=flat · latido=1.50s
[RANGO] PRLUSDT_LINEAL last=0.157 · río=WS · mercado=linear · estado=ACECHANDO · dir=— · 0=0.1613 · Oz=— · Red=0.156104 · manos=ON · pos=flat · latido=1.50s
[RANGO] autosello PRL · ACECHANDO · Oz=0.0 link=— · manos_feria_informe.json
[RANGO] PRLUSDT_LINEAL last=0.1569 · río=WS · mercado=linear · estado=ACECHANDO · dir=— · 0=0.1613 · Oz=— · Red=0.156104 · manos=ON · pos=flat · latido=1.50s
[RANGO] autosello PRL · ACECHANDO · Oz=0.0 link=— · manos_feria_informe.json
[RANGO] PRLUSDT_LINEAL last=0.1571 · río=WS · mercado=linear · estado=ACECHANDO · dir=— · 0=0.1613 · Oz=— · Red=0.156104 · manos=ON · pos=flat · latido=1.50s
[RANGO] PRLUSDT_LINEAL last=0.1571 · río=WS · mercado=linear · estado=ACECHANDO · dir=— · 0=0.1613 · Oz=— · Red=0.156104 · manos=ON · pos=flat · latido=1.50s
[RANGO] autosello PRL · ACECHANDO · Oz=0.0 link=— · manos_feria_informe.json
[RANGO] PRLUSDT_LINEAL last=0.157 · río=WS · mercado=linear · estado=ACECHANDO · dir=— · 0=0.1613 · Oz=— · Red=0.156104 · manos=ON · pos=flat · latido=1.50s
[RANGO] autosello PRL · ACECHANDO · Oz=0.0 link=— · manos_feria_informe.json
[RANGO] PRLUSDT_LINEAL last=0.157 · río=WS · mercado=linear · estado=ACECHANDO · dir=— · 0=0.1613 · Oz=— · Red=0.156104 · manos=ON · pos=flat · latido=1.50s
[RANGO] PRLUSDT_LINEAL last=0.157 · río=WS · mercado=linear · estado=ACECHANDO · dir=— · 0=0.1613 · Oz=— · Red=0.156104 · manos=ON · pos=flat · latido=1.50s
[RANGO] autosello PRL · ACECHANDO · Oz=0.0 link=— · manos_feria_informe.json
[RANGO] PRLUSDT_LINEAL last=0.1571 · río=ciego/muleta · mercado=linear · estado=ACECHANDO · dir=— · 0=0.1613 · Oz=— · Red=0.156104 · manos=ON · pos=flat · latido=1.50s
[RANGO] autosello PRL · ACECHANDO · Oz=0.0 link=— · manos_feria_informe.json
[RANGO] PRLUSDT_LINEAL last=0.1571 · río=ciego/muleta · mercado=linear · estado=ACECHANDO · dir=— · 0=0.1613 · Oz=— · Red=0.156104 · manos=ON · pos=flat · latido=1.50s
[RANGO] autosello PRL · ACECHANDO · Oz=0.0 link=— · manos_feria_informe.json
[RANGO] PRLUSDT_LINEAL last=0.1571 · río=WS · mercado=linear · estado=ACECHANDO · dir=— · 0=0.1613 · Oz=— · Red=0.156104 · manos=ON · pos=flat · latido=1.50s
[RANGO] PRLUSDT_LINEAL last=0.1571 · río=ciego/muleta · mercado=linear · estado=ACECHANDO · dir=— · 0=0.1613 · Oz=— · Red=0.156104 · manos=ON · pos=flat · latido=1.50s
[RANGO] autosello PRL · ACECHANDO · Oz=0.0 link=— · manos_feria_informe.json
[RANGO] PRLUSDT_LINEAL last=0.1572 · río=WS · mercado=linear · estado=ACECHANDO · dir=— · 0=0.1613 · Oz=— · Red=0.156104 · manos=ON · pos=flat · latido=1.50s
[RANGO] autosello PRL · ACECHANDO · Oz=0.0 link=— · manos_feria_informe.json
[RANGO] PRLUSDT_LINEAL last=0.1571 · río=ciego/muleta · mercado=linear · estado=ACECHANDO · dir=— · 0=0.1613 · Oz=— · Red=0.156104 · manos=ON · pos=flat · latido=1.50s
[RANGO] PRLUSDT_LINEAL last=0.1572 · río=WS · mercado=linear · estado=ACECHANDO · dir=— · 0=0.1613 · Oz=— · Red=0.156104 · manos=ON · pos=flat · latido=1.50s
[RANGO] autosello PRL · ACECHANDO · Oz=0.0 link=— · manos_feria_informe.json
[RANGO] PRLUSDT_LINEAL last=0.1571 · río=ciego/muleta · mercado=linear · estado=ACECHANDO · dir=— · 0=0.1613 · Oz=— · Red=0.156104 · manos=ON · pos=flat · latido=1.50s
[RANGO] autosello PRL · ACECHANDO · Oz=0.0 link=— · manos_feria_informe.json
[RANGO] PRLUSDT_LINEAL last=0.1573 · río=WS · mercado=linear · estado=ACECHANDO · dir=— · 0=0.1613 · Oz=— · Red=0.156104 · manos=ON · pos=flat · latido=1.50s
[RANGO] PRLUSDT_LINEAL last=0.157 · río=WS · mercado=linear · estado=ACECHANDO · dir=— · 0=0.1613 · Oz=— · Red=0.156104 · manos=ON · pos=flat · latido=1.50s
[RANGO] autosello PRL · ACECHANDO · Oz=0.0 link=— · manos_feria_informe.json
[RANGO] PRLUSDT_LINEAL last=0.1568 · río=WS · mercado=linear · estado=ACECHANDO · dir=— · 0=0.1613 · Oz=— · Red=0.156104 · manos=ON · pos=flat · latido=1.50s
[RANGO] autosello PRL · ACECHANDO · Oz=0.0 link=— · manos_feria_informe.json
[RANGO] PRLUSDT_LINEAL last=0.1568 · río=WS · mercado=linear · estado=ACECHANDO · dir=— · 0=0.1613 · Oz=— · Red=0.156104 · manos=ON · pos=flat · latido=1.50s
[RANGO] PRLUSDT_LINEAL last=0.1568 · río=WS · mercado=linear · estado=ACECHANDO · dir=— · 0=0.1613 · Oz=— · Red=0.156104 · manos=ON · pos=flat · latido=1.50s
[RANGO] autosello PRL · ACECHANDO · Oz=0.0 link=— · manos_feria_informe.json
[RANGO] PRLUSDT_LINEAL last=0.1567 · río=WS · mercado=linear · estado=ACECHANDO · dir=— · 0=0.1613 · Oz=— · Red=0.156104 · manos=ON · pos=flat · latido=1.50s
[RANGO] autosello PRL · ACECHANDO · Oz=0.0 link=— · manos_feria_informe.json
[RANGO] PRLUSDT_LINEAL last=0.1572 · río=WS · mercado=linear · estado=ACECHANDO · dir=— · 0=0.1613 · Oz=— · Red=0.156104 · manos=ON · pos=flat · latido=1.50s
[RANGO] PRLUSDT_LINEAL last=0.1574 · río=WS · mercado=linear · estado=ACECHANDO · dir=— · 0=0.1613 · Oz=— · Red=0.156104 · manos=ON · pos=flat · latido=1.50s
[RANGO] autosello PRL · ACECHANDO · Oz=0.0 link=— · manos_feria_informe.json
[RANGO] PRLUSDT_LINEAL last=0.1569 · río=WS · mercado=linear · estado=ACECHANDO · dir=— · 0=0.1613 · Oz=— · Red=0.156104 · manos=ON · pos=flat · latido=1.50s
[RANGO] autosello PRL · ACECHANDO · Oz=0.0 link=— · manos_feria_informe.json
[RANGO] PRLUSDT_LINEAL last=0.157 · río=WS · mercado=linear · estado=ACECHANDO · dir=— · 0=0.1613 · Oz=— · Red=0.156104 · manos=ON · pos=flat · latido=1.50s
[RANGO] PRLUSDT_LINEAL last=0.157 · río=WS · mercado=linear · estado=ACECHANDO · dir=— · 0=0.1613 · Oz=— · Red=0.156104 · manos=ON · pos=flat · latido=1.50s
[RANGO] autosello PRL · ACECHANDO · Oz=0.0 link=— · manos_feria_informe.json
[RANGO] PRLUSDT_LINEAL last=0.157 · río=WS · mercado=linear · estado=ACECHANDO · dir=— · 0=0.1613 · Oz=— · Red=0.156104 · manos=ON · pos=flat · latido=1.50s
[RANGO] autosello PRL · ACECHANDO · Oz=0.0 link=— · manos_feria_informe.json
[RANGO] PRLUSDT_LINEAL last=0.1571 · río=WS · mercado=linear · estado=ACECHANDO · dir=— · 0=0.1613 · Oz=— · Red=0.156104 · manos=ON · pos=flat · latido=1.50s
[2026-08-31 12:45:09] [TUSK] RECONCILIACIÓN: LTCUSD_INVERSE: interno L:229.000000/S:0.000000 -> real L:224.000000/S:0.000000
[2026-08-31 12:45:09] [TUSK] RECONCILIACIÓN_OK: 1 frentes alineados con exchange
[RANGO] PRLUSDT_LINEAL last=0.1569 · río=WS · mercado=linear · estado=ACECHANDO · dir=— · 0=0.1613 · Oz=— · Red=0.156104 · manos=ON · pos=flat · latido=1.50s
[RANGO] autosello PRL · ACECHANDO · Oz=0.0 link=— · manos_feria_informe.json
[RANGO] PRLUSDT_LINEAL last=0.1569 · río=WS · mercado=linear · estado=ACECHANDO · dir=— · 0=0.1613 · Oz=— · Red=0.156104 · manos=ON · pos=flat · latido=1.50s
[RANGO] autosello PRL · ACECHANDO · Oz=0.0 link=— · manos_feria_informe.json
[RANGO] PRLUSDT_LINEAL last=0.1568 · río=WS · mercado=linear · estado=ACECHANDO · dir=— · 0=0.1613 · Oz=— · Red=0.156104 · manos=ON · pos=flat · latido=1.50s
[RANGO] PRLUSDT_LINEAL last=0.1568 · río=WS · mercado=linear · estado=ACECHANDO · dir=— · 0=0.1613 · Oz=— · Red=0.156104 · manos=ON · pos=flat · latido=1.50s
[RANGO] autosello PRL · ACECHANDO · Oz=0.0 link=— · manos_feria_informe.json
[RANGO] PRLUSDT_LINEAL last=0.1568 · río=WS · mercado=linear · estado=ACECHANDO · dir=— · 0=0.1613 · Oz=— · Red=0.156104 · manos=ON · pos=flat · latido=1.50s
[RANGO] autosello PRL · ACECHANDO · Oz=0.0 link=— · manos_feria_informe.json
[RANGO] PRLUSDT_LINEAL last=0.157 · río=WS · mercado=linear · estado=ACECHANDO · dir=— · 0=0.1613 · Oz=— · Red=0.156104 · manos=ON · pos=flat · latido=1.50s
[2026-08-31 12:46:10] [TUSK] RECONCILIACIÓN: POPCATUSDT_LINEAL: interno L:0.000000/S:0.000000 -> real L:1640.000000/S:0.000000
[2026-08-31 12:46:10] [TUSK] RECONCILIACIÓN_FANTASMA: ESPUSDT_LINEAL existe interno pero no en exchange -> reseteando
[2026-08-31 12:46:10] [TUSK] RECONCILIACIÓN_OK: 2 frentes alineados con exchange
[RANGO] PRLUSDT_LINEAL last=0.1569 · río=WS · mercado=linear · estado=ACECHANDO · dir=— · 0=0.1613 · Oz=— · Red=0.156104 · manos=ON · pos=flat · latido=1.50s
[RANGO] autosello PRL · ACECHANDO · Oz=0.0 link=— · manos_feria_informe.json
[RANGO] PRLUSDT_LINEAL last=0.1569 · río=WS · mercado=linear · estado=ACECHANDO · dir=— · 0=0.1613 · Oz=— · Red=0.156104 · manos=ON · pos=flat · latido=1.50s
[RANGO] autosello PRL · ACECHANDO · Oz=0.0 link=— · manos_feria_informe.json
[RANGO] PRLUSDT_LINEAL last=0.1569 · río=WS · mercado=linear · estado=ACECHANDO · dir=— · 0=0.1613 · Oz=— · Red=0.156104 · manos=ON · pos=flat · latido=1.50s
[RANGO] PRLUSDT_LINEAL last=0.1566 · río=WS · mercado=linear · estado=ACECHANDO · dir=— · 0=0.1613 · Oz=— · Red=0.156104 · manos=ON · pos=flat · latido=1.50s
[RANGO] autosello PRL · ACECHANDO · Oz=0.0 link=— · manos_feria_informe.json
[RANGO] PRLUSDT_LINEAL last=0.1567 · río=WS · mercado=linear · estado=ACECHANDO · dir=— · 0=0.1613 · Oz=— · Red=0.156104 · manos=ON · pos=flat · latido=1.50s
[RANGO] autosello PRL · ACECHANDO · Oz=0.0 link=— · manos_feria_informe.json
[RANGO] PRLUSDT_LINEAL last=0.1569 · río=WS · mercado=linear · estado=ACECHANDO · dir=— · 0=0.1613 · Oz=— · Red=0.156104 · manos=ON · pos=flat · latido=1.50s
[2026-08-31 12:47:12] [TUSK] RECONCILIACIÓN: CRVUSDT_LINEAL: interno L:0.000000/S:0.000000 -> real L:0.000000/S:46.100000
[2026-08-31 12:47:12] [TUSK] RECONCILIACIÓN_FANTASMA: PEOPLEUSDT_LINEAL existe interno pero no en exchange -> reseteando
[2026-08-31 12:47:12] [TUSK] RECONCILIACIÓN_OK: 2 frentes alineados con exchange
[RANGO] PRLUSDT_LINEAL last=0.1568 · río=WS · mercado=linear · estado=ACECHANDO · dir=— · 0=0.1613 · Oz=— · Red=0.156104 · manos=ON · pos=flat · latido=1.50s
[RANGO] autosello PRL · ACECHANDO · Oz=0.0 link=— · manos_feria_informe.json
[RANGO] PRLUSDT_LINEAL last=0.157 · río=WS · mercado=linear · estado=ACECHANDO · dir=— · 0=0.1613 · Oz=— · Red=0.156104 · manos=ON · pos=flat · latido=1.50s
[RANGO] autosello PRL · ACECHANDO · Oz=0.0 link=— · manos_feria_informe.json
[RANGO] PRLUSDT_LINEAL last=0.1569 · río=WS · mercado=linear · estado=ACECHANDO · dir=— · 0=0.1613 · Oz=— · Red=0.156104 · manos=ON · pos=flat · latido=1.50s
[RANGO] PRLUSDT_LINEAL last=0.1569 · río=WS · mercado=linear · estado=ACECHANDO · dir=— · 0=0.1613 · Oz=— · Red=0.156104 · manos=ON · pos=flat · latido=1.50s
[RANGO] autosello PRL · ACECHANDO · Oz=0.0 link=— · manos_feria_informe.json
[RANGO] PRLUSDT_LINEAL last=0.1569 · río=WS · mercado=linear · estado=ACECHANDO · dir=— · 0=0.1613 · Oz=— · Red=0.156104 · manos=ON · pos=flat · latido=1.50s
[RANGO] autosello PRL · ACECHANDO · Oz=0.0 link=— · manos_feria_informe.json
[RANGO] PRLUSDT_LINEAL last=0.1569 · río=ciego/muleta · mercado=linear · estado=ACECHANDO · dir=— · 0=0.1613 · Oz=— · Red=0.156104 · manos=ON · pos=flat · latido=1.50s
[RANGO] PRLUSDT_LINEAL last=0.1567 · río=WS · mercado=linear · estado=ACECHANDO · dir=— · 0=0.1613 · Oz=— · Red=0.156104 · manos=ON · pos=flat · latido=1.50s
[RANGO] autosello PRL · ACECHANDO · Oz=0.0 link=— · manos_feria_informe.json
[RANGO] PRLUSDT_LINEAL last=0.1567 · río=WS · mercado=linear · estado=ACECHANDO · dir=— · 0=0.1613 · Oz=— · Red=0.156104 · manos=ON · pos=flat · latido=1.50s
[RANGO] autosello PRL · ACECHANDO · Oz=0.0 link=— · manos_feria_informe.json
[RANGO] PRLUSDT_LINEAL last=0.1567 · río=WS · mercado=linear · estado=ACECHANDO · dir=— · 0=0.1613 · Oz=— · Red=0.156104 · manos=ON · pos=flat · latido=1.50s
[RANGO] PRLUSDT_LINEAL last=0.1565 · río=WS · mercado=linear · estado=ACECHANDO · dir=— · 0=0.1613 · Oz=— · Red=0.156104 · manos=ON · pos=flat · latido=1.50s
[RANGO] autosello PRL · ACECHANDO · Oz=0.0 link=— · manos_feria_informe.json
[RANGO] PRLUSDT_LINEAL last=0.1567 · río=WS · mercado=linear · estado=ACECHANDO · dir=— · 0=0.1613 · Oz=— · Red=0.156104 · manos=ON · pos=flat · latido=1.50s
[RANGO] autosello PRL · ACECHANDO · Oz=0.0 link=— · manos_feria_informe.json
[RANGO] PRLUSDT_LINEAL last=0.1568 · río=WS · mercado=linear · estado=ACECHANDO · dir=— · 0=0.1613 · Oz=— · Red=0.156104 · manos=ON · pos=flat · latido=1.50s
[RANGO] PRLUSDT_LINEAL last=0.1566 · río=WS · mercado=linear · estado=ACECHANDO · dir=— · 0=0.1613 · Oz=— · Red=0.156104 · manos=ON · pos=flat · latido=1.50s
[RANGO] autosello PRL · ACECHANDO · Oz=0.0 link=— · manos_feria_informe.json
[RANGO] PRLUSDT_LINEAL last=0.1566 · río=WS · mercado=linear · estado=ACECHANDO · dir=— · 0=0.1613 · Oz=— · Red=0.156104 · manos=ON · pos=flat · latido=1.50s
[RANGO] autosello PRL · ACECHANDO · Oz=0.0 link=— · manos_feria_informe.json
[RANGO] PRLUSDT_LINEAL last=0.1568 · río=ciego/muleta · mercado=linear · estado=ACECHANDO · dir=— · 0=0.1613 · Oz=— · Red=0.156104 · manos=ON · pos=flat · latido=1.50s
[RANGO] autosello PRL · ACECHANDO · Oz=0.0 link=— · manos_feria_informe.json
[RANGO] PRLUSDT_LINEAL last=0.1565 · río=WS · mercado=linear · estado=ACECHANDO · dir=— · 0=0.1613 · Oz=— · Red=0.156104 · manos=ON · pos=flat · latido=1.50s
[RANGO] PRLUSDT_LINEAL last=0.1568 · río=WS · mercado=linear · estado=ACECHANDO · dir=— · 0=0.1613 · Oz=— · Red=0.156104 · manos=ON · pos=flat · latido=1.50s
[RANGO] autosello PRL · ACECHANDO · Oz=0.0 link=— · manos_feria_informe.json
[RANGO] PRLUSDT_LINEAL last=0.1568 · río=ciego/muleta · mercado=linear · estado=ACECHANDO · dir=— · 0=0.1613 · Oz=— · Red=0.156104 · manos=ON · pos=flat · latido=1.50s
[2026-08-31 12:50:15] [TUSK] RECONCILIACIÓN: PEOPLEUSDT_LINEAL: interno L:0.000000/S:0.000000 -> real L:29905.000000/S:0.000000
[2026-08-31 12:50:15] [TUSK] RECONCILIACIÓN_FANTASMA: NEARUSD_INVERSE existe interno pero no en exchange -> reseteando
[2026-08-31 12:50:15] [TUSK] RECONCILIACIÓN_FANTASMA: NILUSDT_LINEAL existe interno pero no en exchange -> reseteando
[2026-08-31 12:50:15] [TUSK] RECONCILIACIÓN_OK: 3 frentes alineados con exchange
[RANGO] autosello PRL · ACECHANDO · Oz=0.0 link=— · manos_feria_informe.json
[RANGO] PRLUSDT_LINEAL last=0.157 · río=WS · mercado=linear · estado=ACECHANDO · dir=— · 0=0.1613 · Oz=— · Red=0.156104 · manos=ON · pos=flat · latido=1.50s
[RANGO] PRLUSDT_LINEAL last=0.1567 · río=WS · mercado=linear · estado=ACECHANDO · dir=— · 0=0.1613 · Oz=— · Red=0.156104 · manos=ON · pos=flat · latido=1.50s
[RANGO] autosello PRL · ACECHANDO · Oz=0.0 link=— · manos_feria_informe.json
[RANGO] PRLUSDT_LINEAL last=0.1565 · río=WS · mercado=linear · estado=ACECHANDO · dir=— · 0=0.1613 · Oz=— · Red=0.156104 · manos=ON · pos=flat · latido=1.50s
[RANGO] autosello PRL · ACECHANDO · Oz=0.0 link=— · manos_feria_informe.json
[RANGO] PRLUSDT_LINEAL last=0.1565 · río=WS · mercado=linear · estado=ACECHANDO · dir=— · 0=0.1613 · Oz=— · Red=0.156104 · manos=ON · pos=flat · latido=1.50s
[RANGO] PRLUSDT_LINEAL last=0.1568 · río=WS · mercado=linear · estado=ACECHANDO · dir=— · 0=0.1613 · Oz=— · Red=0.156104 · manos=ON · pos=flat · latido=1.50s
[RANGO] autosello PRL · ACECHANDO · Oz=0.0 link=— · manos_feria_informe.json
[RANGO] PRLUSDT_LINEAL last=0.1567 · río=WS · mercado=linear · estado=ACECHANDO · dir=— · 0=0.1613 · Oz=— · Red=0.156104 · manos=ON · pos=flat · latido=1.50s
[RANGO] autosello PRL · ACECHANDO · Oz=0.0 link=— · manos_feria_informe.json
[RANGO] PRLUSDT_LINEAL last=0.1568 · río=WS · mercado=linear · estado=ACECHANDO · dir=— · 0=0.1613 · Oz=— · Red=0.156104 · manos=ON · pos=flat · latido=1.50s
[RANGO] PRLUSDT_LINEAL last=0.157 · río=WS · mercado=linear · estado=ACECHANDO · dir=— · 0=0.1613 · Oz=— · Red=0.156104 · manos=ON · pos=flat · latido=1.50s
[RANGO] autosello PRL · ACECHANDO · Oz=0.0 link=— · manos_feria_informe.json
[RANGO] PRLUSDT_LINEAL last=0.1569 · río=WS · mercado=linear · estado=ACECHANDO · dir=— · 0=0.1613 · Oz=— · Red=0.156104 · manos=ON · pos=flat · latido=1.50s
[RANGO] autosello PRL · ACECHANDO · Oz=0.0 link=— · manos_feria_informe.json
[RANGO] PRLUSDT_LINEAL last=0.1569 · río=WS · mercado=linear · estado=ACECHANDO · dir=— · 0=0.1613 · Oz=— · Red=0.156104 · manos=ON · pos=flat · latido=1.50s
[RANGO] PRLUSDT_LINEAL last=0.1568 · río=WS · mercado=linear · estado=ACECHANDO · dir=— · 0=0.1613 · Oz=— · Red=0.156104 · manos=ON · pos=flat · latido=1.50s
[RANGO] autosello PRL · ACECHANDO · Oz=0.0 link=— · manos_feria_informe.json
[RANGO] PRLUSDT_LINEAL last=0.1569 · río=WS · mercado=linear · estado=ACECHANDO · dir=— · 0=0.1613 · Oz=— · Red=0.156104 · manos=ON · pos=flat · latido=1.50s
[RANGO] autosello PRL · ACECHANDO · Oz=0.0 link=— · manos_feria_informe.json
[2026-08-31 12:52:18] [TUSK] RECONCILIACIÓN: FWDIUSDT_LINEAL: interno L:0.000000/S:0.000000 -> real L:0.000000/S:6.900000
[2026-08-31 12:52:18] [TUSK] RECONCILIACIÓN_FANTASMA: PEOPLEUSDT_LINEAL existe interno pero no en exchange -> reseteando
[2026-08-31 12:52:18] [TUSK] RECONCILIACIÓN_OK: 2 frentes alineados con exchange
[RANGO] PRLUSDT_LINEAL last=0.1569 · río=WS · mercado=linear · estado=ACECHANDO · dir=— · 0=0.1613 · Oz=— · Red=0.156104 · manos=ON · pos=flat · latido=1.50s
[RANGO] PRLUSDT_LINEAL last=0.1569 · río=ciego/muleta · mercado=linear · estado=ACECHANDO · dir=— · 0=0.1613 · Oz=— · Red=0.156104 · manos=ON · pos=flat · latido=1.50s
[RANGO] autosello PRL · ACECHANDO · Oz=0.0 link=— · manos_feria_informe.json
[RANGO] PRLUSDT_LINEAL last=0.1567 · río=WS · mercado=linear · estado=ACECHANDO · dir=— · 0=0.1613 · Oz=— · Red=0.156104 · manos=ON · pos=flat · latido=1.50s
[RANGO] autosello PRL · ACECHANDO · Oz=0.0 link=— · manos_feria_informe.json
[RANGO] PRLUSDT_LINEAL last=0.1567 · río=ciego/muleta · mercado=linear · estado=ACECHANDO · dir=— · 0=0.1613 · Oz=— · Red=0.156104 · manos=ON · pos=flat · latido=1.50s
[RANGO] PRLUSDT_LINEAL last=0.1565 · río=WS · mercado=linear · estado=ACECHANDO · dir=— · 0=0.1613 · Oz=— · Red=0.156104 · manos=ON · pos=flat · latido=1.50s
[RANGO] autosello PRL · ACECHANDO · Oz=0.0 link=— · manos_feria_informe.json
[RANGO] PRLUSDT_LINEAL last=0.1568 · río=WS · mercado=linear · estado=ACECHANDO · dir=— · 0=0.1613 · Oz=— · Red=0.156104 · manos=ON · pos=flat · latido=1.50s
[RANGO] autosello PRL · ACECHANDO · Oz=0.0 link=— · manos_feria_informe.json
[RANGO] PRLUSDT_LINEAL last=0.1566 · río=WS · mercado=linear · estado=ACECHANDO · dir=— · 0=0.1613 · Oz=— · Red=0.156104 · manos=ON · pos=flat · latido=1.50s
[2026-08-31 12:53:27] [BERU_RANGO] ARMAR: RANGO_PRL_R1_60acc1 RED → trailing LONG Oz @0.156412 (0,2 detrás de extremo 0.156100) Red @0.000000 ($5.00).
[BERU_RANGO] ARMAR RANGO_PRL_R1_60acc1 RED direccion=LONG oz_adan=0.1564122 red_adan=0.0 masa_usd=5.0 trail_extremo=0.1561
[2026-08-31 12:53:28] [BRIDGE] IDX_ONE_WAY: PRLUSDT: casa en modo simple · reintento sin positionIdx | LINK:BRG-TRA-2-78c74edb561212
[2026-08-31 12:53:28] [BRIDGE] ORDEN_ENVIADA: Buy 32.0 PRLUSDT @Market | ID:c139bda0-3174-4692-95b3-30d7f2237ae9 LINK:BRG-TRA-2-78c74edb561212 reduceOnly=0
[RANGO] PRL → ARMAR_RED {'ok': True, 'evento': 'ARMAR_RED', 'masa': 5.0, 'dir': 'LONG', 'escalon': 1, 'nota': 'Red meta-saco -> trailing callback 0.2'}
[2026-08-31 12:53:29] [BRIDGE] ORDEN_CANCELADA: ID:c139bda0-3174-4692-95b3-30d7f2237ae9 PRLUSDT
[2026-08-31 12:53:29] [BERU_RANGO] ALTAR_CANCEL: PRL PRE_MARKET_OZ link=BRG-TRA-2-78c74edb561212 · ok
[2026-08-31 12:53:30] [BRIDGE] IDX_ONE_WAY: PRLUSDT: casa en modo simple · reintento sin positionIdx | LINK:BRG-MKT-2-453adc8a127af1
[2026-08-31 12:53:30] [BRIDGE] ORDEN_ERROR: Order does not meet minimum order value 5USDT (ErrCode: 110094) (ErrTime: 18:53:30).
Request → POST https://api.bybit.com/v5/order/create: {"category": "linear", "symbol": "PRLUSDT", "side": "Buy", "orderType": "Market", "qty": "32.0", "orderLinkId": "BRG-MKT-2-453adc8a127af1", "reduceOnly": false}. | LINK:BRG-MKT-2-453adc8a127af1
[BELLION OIDO · CRITICO] BRIDGE ORDEN_ERROR
[2026-08-31 12:53:30] [BERU_RANGO] OZ_COSECHA: RANGO_PRL_R1_60acc1 Oz peldaño @0.156400 fill @0.156400 · wake=0.161300 · sangre act. ARRIBA 2.2% · Red trailing act. @0.154523 (callback 0.2% · $5) · extremo=0.156100.
[BERU_RANGO] OZ_COSECHA RANGO_PRL_R1_60acc1 wake=0.1613 oz=0.1564 fill=0.1564 sangre=ARRIBA red=0.1545232 extremo=0.1561 precio=0.1564 masa_usd=5.0
[RANGO] PRL → OZ_COSECHA {'ok': True, 'evento': 'OZ_COSECHA', 'cero': 0.1613, 'fill': 0.1564, 'oz_despliegue': 0.1564, 'sangre': 'ARRIBA', 'red': 0.1545232, 'masa_hecha': 5.0, 'trail_extremo': 0.1561, 'oz': 0.1564, 'dir': 'LONG'}
[RANGO] PRLUSDT_LINEAL last=0.1562 · río=WS · mercado=linear · estado=ACECHANDO · dir=— · 0=0.1613 · Oz=— · Red=0.1545232 · manos=ON · pos=flat · latido=1.50s
[RANGO] autosello PRL · ACECHANDO · Oz=0.0 link=— · manos_feria_informe.json
[RANGO] PRLUSDT_LINEAL last=0.1562 · río=WS · mercado=linear · estado=ACECHANDO · dir=— · 0=0.1613 · Oz=— · Red=0.1545232 · manos=ON · pos=flat · latido=1.50s
[RANGO] autosello PRL · ACECHANDO · Oz=0.0 link=— · manos_feria_informe.json
[RANGO] PRLUSDT_LINEAL last=0.156 · río=WS · mercado=linear · estado=ACECHANDO · dir=— · 0=0.1613 · Oz=— · Red=0.1545232 · manos=ON · pos=flat · latido=1.50s
[RANGO] PRLUSDT_LINEAL last=0.156 · río=WS · mercado=linear · estado=ACECHANDO · dir=— · 0=0.1613 · Oz=— · Red=0.1545232 · manos=ON · pos=flat · latido=1.50s
[RANGO] autosello PRL · ACECHANDO · Oz=0.0 link=— · manos_feria_informe.json
[RANGO] PRLUSDT_LINEAL last=0.1562 · río=ciego/muleta · mercado=linear · estado=ACECHANDO · dir=— · 0=0.1613 · Oz=— · Red=0.1545232 · manos=ON · pos=flat · latido=1.50s
[RANGO] autosello PRL · ACECHANDO · Oz=0.0 link=— · manos_feria_informe.json
[2026-08-31 12:54:20] [TUSK] RECONCILIACIÓN: PEOPLEUSDT_LINEAL: interno L:0.000000/S:0.000000 -> real L:29905.000000/S:0.000000
[2026-08-31 12:54:20] [TUSK] RECONCILIACIÓN: ESPUSDT_LINEAL: interno L:0.000000/S:0.000000 -> real L:1190.000000/S:0.000000
[2026-08-31 12:54:20] [TUSK] RECONCILIACIÓN_FANTASMA: POWERUSDT_LINEAL existe interno pero no en exchange -> reseteando
[2026-08-31 12:54:20] [TUSK] RECONCILIACIÓN_FANTASMA: NBISUSDT_LINEAL existe interno pero no en exchange -> reseteando
[2026-08-31 12:54:20] [TUSK] RECONCILIACIÓN_OK: 4 frentes alineados con exchange
[RANGO] PRLUSDT_LINEAL last=0.1564 · río=WS · mercado=linear · estado=ACECHANDO · dir=— · 0=0.1613 · Oz=— · Red=0.1545232 · manos=ON · pos=flat · latido=1.50s
[RANGO] PRLUSDT_LINEAL last=0.1563 · río=ciego/muleta · mercado=linear · estado=ACECHANDO · dir=— · 0=0.1613 · Oz=— · Red=0.1545232 · manos=ON · pos=flat · latido=1.50s
[RANGO] autosello PRL · ACECHANDO · Oz=0.0 link=— · manos_feria_informe.json
[RANGO] PRLUSDT_LINEAL last=0.1563 · río=ciego/muleta · mercado=linear · estado=ACECHANDO · dir=— · 0=0.1613 · Oz=— · Red=0.1545232 · manos=ON · pos=flat · latido=1.50s
[RANGO] autosello PRL · ACECHANDO · Oz=0.0 link=— · manos_feria_informe.json
[RANGO] PRLUSDT_LINEAL last=0.1562 · río=WS · mercado=linear · estado=ACECHANDO · dir=— · 0=0.1613 · Oz=— · Red=0.1545232 · manos=ON · pos=flat · latido=1.50s
[RANGO] autosello PRL · ACECHANDO · Oz=0.0 link=— · manos_feria_informe.json
[RANGO] PRLUSDT_LINEAL last=0.1561 · río=WS · mercado=linear · estado=ACECHANDO · dir=— · 0=0.1613 · Oz=— · Red=0.1545232 · manos=ON · pos=flat · latido=1.50s
[RANGO] PRLUSDT_LINEAL last=0.1563 · río=ciego/muleta · mercado=linear · estado=ACECHANDO · dir=— · 0=0.1613 · Oz=— · Red=0.1545232 · manos=ON · pos=flat · latido=1.50s
[RANGO] autosello PRL · ACECHANDO · Oz=0.0 link=— · manos_feria_informe.json
[RANGO] PRLUSDT_LINEAL last=0.1562 · río=WS · mercado=linear · estado=ACECHANDO · dir=— · 0=0.1613 · Oz=— · Red=0.1545232 · manos=ON · pos=flat · latido=1.50s
[RANGO] autosello PRL · ACECHANDO · Oz=0.0 link=— · manos_feria_informe.json
[RANGO] PRLUSDT_LINEAL last=0.1563 · río=ciego/muleta · mercado=linear · estado=ACECHANDO · dir=— · 0=0.1613 · Oz=— · Red=0.1545232 · manos=ON · pos=flat · latido=1.50s
[RANGO] PRLUSDT_LINEAL last=0.1563 · río=ciego/muleta · mercado=linear · estado=ACECHANDO · dir=— · 0=0.1613 · Oz=— · Red=0.1545232 · manos=ON · pos=flat · latido=1.50s
[RANGO] autosello PRL · ACECHANDO · Oz=0.0 link=— · manos_feria_informe.json
[RANGO] PRLUSDT_LINEAL last=0.1562 · río=WS · mercado=linear · estado=ACECHANDO · dir=— · 0=0.1613 · Oz=— · Red=0.1545232 · manos=ON · pos=flat · latido=1.50s
[RANGO] autosello PRL · ACECHANDO · Oz=0.0 link=— · manos_feria_informe.json
[RANGO] PRLUSDT_LINEAL last=0.156 · río=WS · mercado=linear · estado=ACECHANDO · dir=— · 0=0.1613 · Oz=— · Red=0.1545232 · manos=ON · pos=flat · latido=1.50s
[RANGO] PRLUSDT_LINEAL last=0.156 · río=WS · mercado=linear · estado=ACECHANDO · dir=— · 0=0.1613 · Oz=— · Red=0.1545232 · manos=ON · pos=flat · latido=1.50s
[RANGO] autosello PRL · ACECHANDO · Oz=0.0 link=— · manos_feria_informe.json
[2026-08-31 12:56:23] [TUSK] RECONCILIACIÓN: AKTUSDT_LINEAL: interno L:0.000000/S:0.000000 -> real L:209.400000/S:0.000000
[2026-08-31 12:56:23] [TUSK] RECONCILIACIÓN_FANTASMA: GIGGLEUSDT_LINEAL existe interno pero no en exchange -> reseteando
[2026-08-31 12:56:23] [TUSK] RECONCILIACIÓN_OK: 2 frentes alineados con exchange
[RANGO] PRLUSDT_LINEAL last=0.1561 · río=WS · mercado=linear · estado=ACECHANDO · dir=— · 0=0.1613 · Oz=— · Red=0.1545232 · manos=ON · pos=flat · latido=1.50s
[RANGO] autosello PRL · ACECHANDO · Oz=0.0 link=— · manos_feria_informe.json
[RANGO] PRLUSDT_LINEAL last=0.1562 · río=ciego/muleta · mercado=linear · estado=ACECHANDO · dir=— · 0=0.1613 · Oz=— · Red=0.1545232 · manos=ON · pos=flat · latido=1.50s
[RANGO] PRLUSDT_LINEAL last=0.1561 · río=WS · mercado=linear · estado=ACECHANDO · dir=— · 0=0.1613 · Oz=— · Red=0.1545232 · manos=ON · pos=flat · latido=1.50s
[RANGO] autosello PRL · ACECHANDO · Oz=0.0 link=— · manos_feria_informe.json
[RANGO] PRLUSDT_LINEAL last=0.1563 · río=WS · mercado=linear · estado=ACECHANDO · dir=— · 0=0.1613 · Oz=— · Red=0.1545232 · manos=ON · pos=flat · latido=1.50s
[RANGO] autosello PRL · ACECHANDO · Oz=0.0 link=— · manos_feria_informe.json
[RANGO] PRLUSDT_LINEAL last=0.1564 · río=WS · mercado=linear · estado=ACECHANDO · dir=— · 0=0.1613 · Oz=— · Red=0.1545232 · manos=ON · pos=flat · latido=1.50s
[RANGO] PRLUSDT_LINEAL last=0.1563 · río=ciego/muleta · mercado=linear · estado=ACECHANDO · dir=— · 0=0.1613 · Oz=— · Red=0.1545232 · manos=ON · pos=flat · latido=1.50s
[RANGO] autosello PRL · ACECHANDO · Oz=0.0 link=— · manos_feria_informe.json
[2026-08-31 12:57:24] [TUSK] RECONCILIACIÓN: DASHUSDT_LINEAL: interno L:0.000000/S:1.270000 -> real L:0.000000/S:1.160000
[2026-08-31 12:57:24] [TUSK] RECONCILIACIÓN_OK: 1 frentes alineados con exchange
[RANGO] PRLUSDT_LINEAL last=0.1564 · río=ciego/muleta · mercado=linear · estado=ACECHANDO · dir=— · 0=0.1613 · Oz=— · Red=0.1545232 · manos=ON · pos=flat · latido=1.50s
[RANGO] autosello PRL · ACECHANDO · Oz=0.0 link=— · manos_feria_informe.json
[RANGO] PRLUSDT_LINEAL last=0.1562 · río=WS · mercado=linear · estado=ACECHANDO · dir=— · 0=0.1613 · Oz=— · Red=0.1545232 · manos=ON · pos=flat · latido=1.50s
[RANGO] autosello PRL · ACECHANDO · Oz=0.0 link=— · manos_feria_informe.json
[RANGO] PRLUSDT_LINEAL last=0.1563 · río=WS · mercado=linear · estado=ACECHANDO · dir=— · 0=0.1613 · Oz=— · Red=0.1545232 · manos=ON · pos=flat · latido=1.50s
[RANGO] PRLUSDT_LINEAL last=0.1563 · río=ciego/muleta · mercado=linear · estado=ACECHANDO · dir=— · 0=0.1613 · Oz=— · Red=0.1545232 · manos=ON · pos=flat · latido=1.50s
[RANGO] autosello PRL · ACECHANDO · Oz=0.0 link=— · manos_feria_informe.json
[RANGO] PRLUSDT_LINEAL last=0.1564 · río=WS · mercado=linear · estado=ACECHANDO · dir=— · 0=0.1613 · Oz=— · Red=0.1545232 · manos=ON · pos=flat · latido=1.50s
[RANGO] autosello PRL · ACECHANDO · Oz=0.0 link=— · manos_feria_informe.json
[RANGO] PRLUSDT_LINEAL last=0.1563 · río=WS · mercado=linear · estado=ACECHANDO · dir=— · 0=0.1613 · Oz=— · Red=0.1545232 · manos=ON · pos=flat · latido=1.50s
[RANGO] PRLUSDT_LINEAL last=0.1563 · río=ciego/muleta · mercado=linear · estado=ACECHANDO · dir=— · 0=0.1613 · Oz=— · Red=0.1545232 · manos=ON · pos=flat · latido=1.50s
[RANGO] autosello PRL · ACECHANDO · Oz=0.0 link=— · manos_feria_informe.json
[RANGO] PRLUSDT_LINEAL last=0.1563 · río=ciego/muleta · mercado=linear · estado=ACECHANDO · dir=— · 0=0.1613 · Oz=— · Red=0.1545232 · manos=ON · pos=flat · latido=1.50s
[RANGO] autosello PRL · ACECHANDO · Oz=0.0 link=— · manos_feria_informe.json
[RANGO] PRLUSDT_LINEAL last=0.1563 · río=WS · mercado=linear · estado=ACECHANDO · dir=— · 0=0.1613 · Oz=— · Red=0.1545232 · manos=ON · pos=flat · latido=1.50s
[RANGO] PRLUSDT_LINEAL last=0.1563 · río=ciego/muleta · mercado=linear · estado=ACECHANDO · dir=— · 0=0.1613 · Oz=— · Red=0.1545232 · manos=ON · pos=flat · latido=1.50s
[RANGO] autosello PRL · ACECHANDO · Oz=0.0 link=— · manos_feria_informe.json
[RANGO] PRLUSDT_LINEAL last=0.1565 · río=ciego/muleta · mercado=linear · estado=ACECHANDO · dir=— · 0=0.1613 · Oz=— · Red=0.1545232 · manos=ON · pos=flat · latido=1.50s
[RANGO] autosello PRL · ACECHANDO · Oz=0.0 link=— · manos_feria_informe.json
[RANGO] PRLUSDT_LINEAL last=0.1565 · río=WS · mercado=linear · estado=ACECHANDO · dir=— · 0=0.1613 · Oz=— · Red=0.1545232 · manos=ON · pos=flat · latido=1.50s
[RANGO] PRLUSDT_LINEAL last=0.1564 · río=WS · mercado=linear · estado=ACECHANDO · dir=— · 0=0.1613 · Oz=— · Red=0.1545232 · manos=ON · pos=flat · latido=1.50s
[RANGO] autosello PRL · ACECHANDO · Oz=0.0 link=— · manos_feria_informe.json
[RANGO] PRLUSDT_LINEAL last=0.1565 · río=WS · mercado=linear · estado=ACECHANDO · dir=— · 0=0.1613 · Oz=— · Red=0.1545232 · manos=ON · pos=flat · latido=1.50s
[RANGO] autosello PRL · ACECHANDO · Oz=0.0 link=— · manos_feria_informe.json
[RANGO] PRLUSDT_LINEAL last=0.1566 · río=ciego/muleta · mercado=linear · estado=ACECHANDO · dir=— · 0=0.1613 · Oz=— · Red=0.1545232 · manos=ON · pos=flat · latido=1.50s
[RANGO] PRLUSDT_LINEAL last=0.1564 · río=WS · mercado=linear · estado=ACECHANDO · dir=— · 0=0.1613 · Oz=— · Red=0.1545232 · manos=ON · pos=flat · latido=1.50s
[RANGO] autosello PRL · ACECHANDO · Oz=0.0 link=— · manos_feria_informe.json
[RANGO] PRLUSDT_LINEAL last=0.1565 · río=WS · mercado=linear · estado=ACECHANDO · dir=— · 0=0.1613 · Oz=— · Red=0.1545232 · manos=ON · pos=flat · latido=1.50s
[RANGO] autosello PRL · ACECHANDO · Oz=0.0 link=— · manos_feria_informe.json
[RANGO] PRLUSDT_LINEAL last=0.1565 · río=ciego/muleta · mercado=linear · estado=ACECHANDO · dir=— · 0=0.1613 · Oz=— · Red=0.1545232 · manos=ON · pos=flat · latido=1.50s
[2026-08-31 13:00:28] [TUSK] RECONCILIACIÓN: PRLUSDT_LINEAL: interno L:0.000000/S:0.000000 -> real L:1308.000000/S:0.000000
[2026-08-31 13:00:28] [TUSK] RECONCILIACIÓN_FANTASMA: AKTUSDT_LINEAL existe interno pero no en exchange -> reseteando
[2026-08-31 13:00:28] [TUSK] RECONCILIACIÓN_OK: 2 frentes alineados con exchange
[RANGO] autosello PRL · ACECHANDO · Oz=0.0 link=— · manos_feria_informe.json
[RANGO] PRLUSDT_LINEAL last=0.1565 · río=ciego/muleta · mercado=linear · estado=ACECHANDO · dir=— · 0=0.1613 · Oz=— · Red=0.1545232 · manos=ON · pos=LONG 1308@0.18274767 · latido=1.50s
[RANGO] PRLUSDT_LINEAL last=0.1563 · río=WS · mercado=linear · estado=ACECHANDO · dir=— · 0=0.1613 · Oz=— · Red=0.1545232 · manos=ON · pos=LONG 1308@0.18274767 · latido=1.50s
[RANGO] autosello PRL · ACECHANDO · Oz=0.0 link=— · manos_feria_informe.json
[RANGO] PRLUSDT_LINEAL last=0.1565 · río=ciego/muleta · mercado=linear · estado=ACECHANDO · dir=— · 0=0.1613 · Oz=— · Red=0.1545232 · manos=ON · pos=LONG 1308@0.18274767 · latido=1.50s
[RANGO] autosello PRL · ACECHANDO · Oz=0.0 link=— · manos_feria_informe.json
[RANGO] PRLUSDT_LINEAL last=0.1563 · río=WS · mercado=linear · estado=ACECHANDO · dir=— · 0=0.1613 · Oz=— · Red=0.1545232 · manos=ON · pos=LONG 1308@0.18274767 · latido=1.50s
[RANGO] PRLUSDT_LINEAL last=0.1565 · río=ciego/muleta · mercado=linear · estado=ACECHANDO · dir=— · 0=0.1613 · Oz=— · Red=0.1545232 · manos=ON · pos=LONG 1308@0.18274767 · latido=1.50s
[RANGO] autosello PRL · ACECHANDO · Oz=0.0 link=— · manos_feria_informe.json
[RANGO] PRLUSDT_LINEAL last=0.1562 · río=WS · mercado=linear · estado=ACECHANDO · dir=— · 0=0.1613 · Oz=— · Red=0.1545232 · manos=ON · pos=LONG 1308@0.18274767 · latido=1.50s
[RANGO] autosello PRL · ACECHANDO · Oz=0.0 link=— · manos_feria_informe.json
[RANGO] PRLUSDT_LINEAL last=0.1565 · río=WS · mercado=linear · estado=ACECHANDO · dir=— · 0=0.1613 · Oz=— · Red=0.1545232 · manos=ON · pos=LONG 1308@0.18274767 · latido=1.50s
[RANGO] PRLUSDT_LINEAL last=0.1563 · río=WS · mercado=linear · estado=ACECHANDO · dir=— · 0=0.1613 · Oz=— · Red=0.1545232 · manos=ON · pos=LONG 1308@0.18274767 · latido=1.50s
[RANGO] autosello PRL · ACECHANDO · Oz=0.0 link=— · manos_feria_informe.json
[RANGO] PRLUSDT_LINEAL last=0.1562 · río=ciego/muleta · mercado=linear · estado=ACECHANDO · dir=— · 0=0.1613 · Oz=— · Red=0.1545232 · manos=ON · pos=LONG 1308@0.18274767 · latido=1.50s
[RANGO] autosello PRL · ACECHANDO · Oz=0.0 link=— · manos_feria_informe.json
[RANGO] PRLUSDT_LINEAL last=0.1562 · río=WS · mercado=linear · estado=ACECHANDO · dir=— · 0=0.1613 · Oz=— · Red=0.1545232 · manos=ON · pos=LONG 1308@0.18274767 · latido=1.50s
[RANGO] PRLUSDT_LINEAL last=0.1563 · río=WS · mercado=linear · estado=ACECHANDO · dir=— · 0=0.1613 · Oz=— · Red=0.1545232 · manos=ON · pos=LONG 1308@0.18274767 · latido=1.50s
[RANGO] autosello PRL · ACECHANDO · Oz=0.0 link=— · manos_feria_informe.json
[RANGO] PRLUSDT_LINEAL last=0.1561 · río=WS · mercado=linear · estado=ACECHANDO · dir=— · 0=0.1613 · Oz=— · Red=0.1545232 · manos=ON · pos=LONG 1308@0.18274767 · latido=1.50s
[RANGO] autosello PRL · ACECHANDO · Oz=0.0 link=— · manos_feria_informe.json
[RANGO] PRLUSDT_LINEAL last=0.1564 · río=WS · mercado=linear · estado=ACECHANDO · dir=— · 0=0.1613 · Oz=— · Red=0.1545232 · manos=ON · pos=LONG 1308@0.18274767 · latido=1.50s
[RANGO] PRLUSDT_LINEAL last=0.1561 · río=WS · mercado=linear · estado=ACECHANDO · dir=— · 0=0.1613 · Oz=— · Red=0.1545232 · manos=ON · pos=LONG 1308@0.18274767 · latido=1.50s
[RANGO] autosello PRL · ACECHANDO · Oz=0.0 link=— · manos_feria_informe.json
[RANGO] PRLUSDT_LINEAL last=0.1561 · río=WS · mercado=linear · estado=ACECHANDO · dir=— · 0=0.1613 · Oz=— · Red=0.1545232 · manos=ON · pos=LONG 1308@0.18274767 · latido=1.50s
[RANGO] autosello PRL · ACECHANDO · Oz=0.0 link=— · manos_feria_informe.json
[RANGO] PRLUSDT_LINEAL last=0.1561 · río=WS · mercado=linear · estado=ACECHANDO · dir=— · 0=0.1613 · Oz=— · Red=0.1545232 · manos=ON · pos=LONG 1308@0.18274767 · latido=1.50s
[RANGO] PRLUSDT_LINEAL last=0.156 · río=WS · mercado=linear · estado=ACECHANDO · dir=— · 0=0.1613 · Oz=— · Red=0.1545232 · manos=ON · pos=LONG 1308@0.18274767 · latido=1.50s
[RANGO] autosello PRL · ACECHANDO · Oz=0.0 link=— · manos_feria_informe.json
[RANGO] PRLUSDT_LINEAL last=0.156 · río=WS · mercado=linear · estado=ACECHANDO · dir=— · 0=0.1613 · Oz=— · Red=0.1545232 · manos=ON · pos=LONG 1308@0.18274767 · latido=1.50s
[RANGO] autosello PRL · ACECHANDO · Oz=0.0 link=— · manos_feria_informe.json
[RANGO] PRLUSDT_LINEAL last=0.1562 · río=WS · mercado=linear · estado=ACECHANDO · dir=— · 0=0.1613 · Oz=— · Red=0.1545232 · manos=ON · pos=LONG 1308@0.18274767 · latido=1.50s
[RANGO] PRLUSDT_LINEAL last=0.1561 · río=WS · mercado=linear · estado=ACECHANDO · dir=— · 0=0.1613 · Oz=— · Red=0.1545232 · manos=ON · pos=LONG 1308@0.18274767 · latido=1.50s
[RANGO] autosello PRL · ACECHANDO · Oz=0.0 link=— · manos_feria_informe.json
[RANGO] PRLUSDT_LINEAL last=0.1561 · río=WS · mercado=linear · estado=ACECHANDO · dir=— · 0=0.1613 · Oz=— · Red=0.1545232 · manos=ON · pos=LONG 1308@0.18274767 · latido=1.50s
[RANGO] autosello PRL · ACECHANDO · Oz=0.0 link=— · manos_feria_informe.json
[RANGO] PRLUSDT_LINEAL last=0.156 · río=WS · mercado=linear · estado=ACECHANDO · dir=— · 0=0.1613 · Oz=— · Red=0.1545232 · manos=ON · pos=LONG 1308@0.18274767 · latido=1.50s
[RANGO] PRLUSDT_LINEAL last=0.1562 · río=WS · mercado=linear · estado=ACECHANDO · dir=— · 0=0.1613 · Oz=— · Red=0.1545232 · manos=ON · pos=LONG 1308@0.18274767 · latido=1.50s
[RANGO] autosello PRL · ACECHANDO · Oz=0.0 link=— · manos_feria_informe.json
[RANGO] PRLUSDT_LINEAL last=0.156 · río=WS · mercado=linear · estado=ACECHANDO · dir=— · 0=0.1613 · Oz=— · Red=0.1545232 · manos=ON · pos=LONG 1308@0.18274767 · latido=1.50s
[RANGO] autosello PRL · ACECHANDO · Oz=0.0 link=— · manos_feria_informe.json
[RANGO] PRLUSDT_LINEAL last=0.1561 · río=WS · mercado=linear · estado=ACECHANDO · dir=— · 0=0.1613 · Oz=— · Red=0.1545232 · manos=ON · pos=LONG 1308@0.18274767 · latido=1.50s
[RANGO] PRLUSDT_LINEAL last=0.1561 · río=WS · mercado=linear · estado=ACECHANDO · dir=— · 0=0.1613 · Oz=— · Red=0.1545232 · manos=ON · pos=LONG 1308@0.18274767 · latido=1.50s
[RANGO] autosello PRL · ACECHANDO · Oz=0.0 link=— · manos_feria_informe.json
[RANGO] PRLUSDT_LINEAL last=0.1559 · río=WS · mercado=linear · estado=ACECHANDO · dir=— · 0=0.1613 · Oz=— · Red=0.1545232 · manos=ON · pos=LONG 1308@0.18274767 · latido=1.50s
[RANGO] autosello PRL · ACECHANDO · Oz=0.0 link=— · manos_feria_informe.json
[RANGO] PRLUSDT_LINEAL last=0.1559 · río=WS · mercado=linear · estado=ACECHANDO · dir=— · 0=0.1613 · Oz=— · Red=0.1545232 · manos=ON · pos=LONG 1308@0.18274767 · latido=1.50s
[RANGO] PRLUSDT_LINEAL last=0.1562 · río=WS · mercado=linear · estado=ACECHANDO · dir=— · 0=0.1613 · Oz=— · Red=0.1545232 · manos=ON · pos=LONG 1308@0.18274767 · latido=1.50s
[RANGO] autosello PRL · ACECHANDO · Oz=0.0 link=— · manos_feria_informe.json
[RANGO] PRLUSDT_LINEAL last=0.1561 · río=WS · mercado=linear · estado=ACECHANDO · dir=— · 0=0.1613 · Oz=— · Red=0.1545232 · manos=ON · pos=LONG 1308@0.18274767 · latido=1.50s
[RANGO] autosello PRL · ACECHANDO · Oz=0.0 link=— · manos_feria_informe.json
[RANGO] PRLUSDT_LINEAL last=0.156 · río=WS · mercado=linear · estado=ACECHANDO · dir=— · 0=0.1613 · Oz=— · Red=0.1545232 · manos=ON · pos=LONG 1308@0.18274767 · latido=1.50s
[RANGO] PRLUSDT_LINEAL last=0.1561 · río=WS · mercado=linear · estado=ACECHANDO · dir=— · 0=0.1613 · Oz=— · Red=0.1545232 · manos=ON · pos=LONG 1308@0.18274767 · latido=1.50s
[RANGO] autosello PRL · ACECHANDO · Oz=0.0 link=— · manos_feria_informe.json
[RANGO] PRLUSDT_LINEAL last=0.156 · río=WS · mercado=linear · estado=ACECHANDO · dir=— · 0=0.1613 · Oz=— · Red=0.1545232 · manos=ON · pos=LONG 1308@0.18274767 · latido=1.50s
[RANGO] autosello PRL · ACECHANDO · Oz=0.0 link=— · manos_feria_informe.json
[RANGO] PRLUSDT_LINEAL last=0.1561 · río=WS · mercado=linear · estado=ACECHANDO · dir=— · 0=0.1613 · Oz=— · Red=0.1545232 · manos=ON · pos=LONG 1308@0.18274767 · latido=1.50s
[RANGO] PRLUSDT_LINEAL last=0.1561 · río=WS · mercado=linear · estado=ACECHANDO · dir=— · 0=0.1613 · Oz=— · Red=0.1545232 · manos=ON · pos=LONG 1308@0.18274767 · latido=1.50s
[RANGO] autosello PRL · ACECHANDO · Oz=0.0 link=— · manos_feria_informe.json
[RANGO] PRLUSDT_LINEAL last=0.156 · río=WS · mercado=linear · estado=ACECHANDO · dir=— · 0=0.1613 · Oz=— · Red=0.1545232 · manos=ON · pos=LONG 1308@0.18274767 · latido=1.50s
[RANGO] autosello PRL · ACECHANDO · Oz=0.0 link=— · manos_feria_informe.json
[2026-08-31 13:06:35] [TUSK] RECONCILIACIÓN: FWDIUSDT_LINEAL: interno L:0.000000/S:6.900000 -> real L:0.000000/S:7.700000
[2026-08-31 13:06:35] [TUSK] RECONCILIACIÓN_OK: 1 frentes alineados con exchange
[RANGO] PRLUSDT_LINEAL last=0.1561 · río=WS · mercado=linear · estado=ACECHANDO · dir=— · 0=0.1613 · Oz=— · Red=0.1545232 · manos=ON · pos=LONG 1308@0.18274767 · latido=1.50s
[RANGO] PRLUSDT_LINEAL last=0.1559 · río=WS · mercado=linear · estado=ACECHANDO · dir=— · 0=0.1613 · Oz=— · Red=0.1545232 · manos=ON · pos=LONG 1308@0.18274767 · latido=1.50s
[RANGO] autosello PRL · ACECHANDO · Oz=0.0 link=— · manos_feria_informe.json
[RANGO] PRLUSDT_LINEAL last=0.1559 · río=WS · mercado=linear · estado=ACECHANDO · dir=— · 0=0.1613 · Oz=— · Red=0.1545232 · manos=ON · pos=LONG 1308@0.18274767 · latido=1.50s
[RANGO] autosello PRL · ACECHANDO · Oz=0.0 link=— · manos_feria_informe.json
[RANGO] PRLUSDT_LINEAL last=0.156 · río=ciego/muleta · mercado=linear · estado=ACECHANDO · dir=— · 0=0.1613 · Oz=— · Red=0.1545232 · manos=ON · pos=LONG 1308@0.18274767 · latido=1.50s
[RANGO] PRLUSDT_LINEAL last=0.156 · río=WS · mercado=linear · estado=ACECHANDO · dir=— · 0=0.1613 · Oz=— · Red=0.1545232 · manos=ON · pos=LONG 1308@0.18274767 · latido=1.50s
[RANGO] autosello PRL · ACECHANDO · Oz=0.0 link=— · manos_feria_informe.json
[RANGO] PRLUSDT_LINEAL last=0.156 · río=WS · mercado=linear · estado=ACECHANDO · dir=— · 0=0.1613 · Oz=— · Red=0.1545232 · manos=ON · pos=LONG 1308@0.18274767 · latido=1.50s
[RANGO] autosello PRL · ACECHANDO · Oz=0.0 link=— · manos_feria_informe.json
[RANGO] PRLUSDT_LINEAL last=0.156 · río=ciego/muleta · mercado=linear · estado=ACECHANDO · dir=— · 0=0.1613 · Oz=— · Red=0.1545232 · manos=ON · pos=LONG 1308@0.18274767 · latido=1.50s
[RANGO] PRLUSDT_LINEAL last=0.156 · río=WS · mercado=linear · estado=ACECHANDO · dir=— · 0=0.1613 · Oz=— · Red=0.1545232 · manos=ON · pos=LONG 1308@0.18274767 · latido=1.50s
[RANGO] autosello PRL · ACECHANDO · Oz=0.0 link=— · manos_feria_informe.json
[RANGO] PRLUSDT_LINEAL last=0.1559 · río=WS · mercado=linear · estado=ACECHANDO · dir=— · 0=0.1613 · Oz=— · Red=0.1545232 · manos=ON · pos=LONG 1308@0.18274767 · latido=1.50s
[RANGO] autosello PRL · ACECHANDO · Oz=0.0 link=— · manos_feria_informe.json
[RANGO] PRLUSDT_LINEAL last=0.1561 · río=WS · mercado=linear · estado=ACECHANDO · dir=— · 0=0.1613 · Oz=— · Red=0.1545232 · manos=ON · pos=LONG 1308@0.18274767 · latido=1.50s
[RANGO] PRLUSDT_LINEAL last=0.156 · río=WS · mercado=linear · estado=ACECHANDO · dir=— · 0=0.1613 · Oz=— · Red=0.1545232 · manos=ON · pos=LONG 1308@0.18274767 · latido=1.50s
[RANGO] autosello PRL · ACECHANDO · Oz=0.0 link=— · manos_feria_informe.json
[RANGO] PRLUSDT_LINEAL last=0.1561 · río=WS · mercado=linear · estado=ACECHANDO · dir=— · 0=0.1613 · Oz=— · Red=0.1545232 · manos=ON · pos=LONG 1308@0.18274767 · latido=1.50s
[RANGO] autosello PRL · ACECHANDO · Oz=0.0 link=— · manos_feria_informe.json
[2026-08-31 13:08:37] [TUSK] RECONCILIACIÓN: DASHUSDT_LINEAL: interno L:0.000000/S:1.160000 -> real L:0.000000/S:0.940000
[2026-08-31 13:08:37] [TUSK] RECONCILIACIÓN_OK: 1 frentes alineados con exchange
[RANGO] PRLUSDT_LINEAL last=0.1559 · río=WS · mercado=linear · estado=ACECHANDO · dir=— · 0=0.1613 · Oz=— · Red=0.1545232 · manos=ON · pos=LONG 1308@0.18274767 · latido=1.50s
[RANGO] PRLUSDT_LINEAL last=0.1561 · río=WS · mercado=linear · estado=ACECHANDO · dir=— · 0=0.1613 · Oz=— · Red=0.1545232 · manos=ON · pos=LONG 1308@0.18274767 · latido=1.50s
[RANGO] autosello PRL · ACECHANDO · Oz=0.0 link=— · manos_feria_informe.json
[RANGO] PRLUSDT_LINEAL last=0.1561 · río=WS · mercado=linear · estado=ACECHANDO · dir=— · 0=0.1613 · Oz=— · Red=0.1545232 · manos=ON · pos=LONG 1308@0.18274767 · latido=1.50s
[RANGO] autosello PRL · ACECHANDO · Oz=0.0 link=— · manos_feria_informe.json
[RANGO] PRLUSDT_LINEAL last=0.1563 · río=WS · mercado=linear · estado=ACECHANDO · dir=— · 0=0.1613 · Oz=— · Red=0.1545232 · manos=ON · pos=LONG 1308@0.18274767 · latido=1.50s
[RANGO] PRLUSDT_LINEAL last=0.1562 · río=WS · mercado=linear · estado=ACECHANDO · dir=— · 0=0.1613 · Oz=— · Red=0.1545232 · manos=ON · pos=LONG 1308@0.18274767 · latido=1.50s
[RANGO] autosello PRL · ACECHANDO · Oz=0.0 link=— · manos_feria_informe.json
[RANGO] PRLUSDT_LINEAL last=0.1561 · río=WS · mercado=linear · estado=ACECHANDO · dir=— · 0=0.1613 · Oz=— · Red=0.1545232 · manos=ON · pos=LONG 1308@0.18274767 · latido=1.50s
[RANGO] autosello PRL · ACECHANDO · Oz=0.0 link=— · manos_feria_informe.json
[RANGO] PRLUSDT_LINEAL last=0.1561 · río=WS · mercado=linear · estado=ACECHANDO · dir=— · 0=0.1613 · Oz=— · Red=0.1545232 · manos=ON · pos=LONG 1308@0.18274767 · latido=1.50s
[2026-08-31 13:09:39] [TUSK] RECONCILIACIÓN: DASHUSDT_LINEAL: interno L:0.000000/S:0.940000 -> real L:0.000000/S:0.820000
[2026-08-31 13:09:39] [TUSK] RECONCILIACIÓN: WDCUSDT_LINEAL: interno L:0.000000/S:0.000000 -> real L:0.020000/S:0.000000
[2026-08-31 13:09:39] [TUSK] RECONCILIACIÓN_FANTASMA: ESPUSDT_LINEAL existe interno pero no en exchange -> reseteando
[2026-08-31 13:09:39] [TUSK] RECONCILIACIÓN_OK: 3 frentes alineados con exchange
[RANGO] PRLUSDT_LINEAL last=0.1562 · río=WS · mercado=linear · estado=ACECHANDO · dir=— · 0=0.1613 · Oz=— · Red=0.1545232 · manos=ON · pos=LONG 1308@0.18274767 · latido=1.50s
[RANGO] autosello PRL · ACECHANDO · Oz=0.0 link=— · manos_feria_informe.json
[RANGO] PRLUSDT_LINEAL last=0.1562 · río=WS · mercado=linear · estado=ACECHANDO · dir=— · 0=0.1613 · Oz=— · Red=0.1545232 · manos=ON · pos=LONG 1308@0.18274767 · latido=1.50s
[RANGO] autosello PRL · ACECHANDO · Oz=0.0 link=— · manos_feria_informe.json
[RANGO] PRLUSDT_LINEAL last=0.1562 · río=ciego/muleta · mercado=linear · estado=ACECHANDO · dir=— · 0=0.1613 · Oz=— · Red=0.1545232 · manos=ON · pos=LONG 1308@0.18274767 · latido=1.50s
[RANGO] autosello PRL · ACECHANDO · Oz=0.0 link=— · manos_feria_informe.json
[RANGO] PRLUSDT_LINEAL last=0.1561 · río=WS · mercado=linear · estado=ACECHANDO · dir=— · 0=0.1613 · Oz=— · Red=0.1545232 · manos=ON · pos=LONG 1308@0.18274767 · latido=1.50s
[RANGO] PRLUSDT_LINEAL last=0.1561 · río=WS · mercado=linear · estado=ACECHANDO · dir=— · 0=0.1613 · Oz=— · Red=0.1545232 · manos=ON · pos=LONG 1308@0.18274767 · latido=1.50s
[RANGO] autosello PRL · ACECHANDO · Oz=0.0 link=— · manos_feria_informe.json
[RANGO] PRLUSDT_LINEAL last=0.156 · río=ciego/muleta · mercado=linear · estado=ACECHANDO · dir=— · 0=0.1613 · Oz=— · Red=0.1545232 · manos=ON · pos=LONG 1308@0.18274767 · latido=1.50s
[2026-08-31 13:10:41] [TUSK] RECONCILIACIÓN: TERUSDT_LINEAL: interno L:0.000000/S:0.000000 -> real L:0.100000/S:0.000000
[2026-08-31 13:10:41] [TUSK] RECONCILIACIÓN_FANTASMA: PEOPLEUSDT_LINEAL existe interno pero no en exchange -> reseteando
[2026-08-31 13:10:41] [TUSK] RECONCILIACIÓN_OK: 2 frentes alineados con exchange
[RANGO] autosello PRL · ACECHANDO · Oz=0.0 link=— · manos_feria_informe.json
[RANGO] PRLUSDT_LINEAL last=0.1559 · río=WS · mercado=linear · estado=ACECHANDO · dir=— · 0=0.1613 · Oz=— · Red=0.1545232 · manos=ON · pos=LONG 1308@0.18274767 · latido=1.50s
[RANGO] PRLUSDT_LINEAL last=0.156 · río=WS · mercado=linear · estado=ACECHANDO · dir=— · 0=0.1613 · Oz=— · Red=0.1545232 · manos=ON · pos=LONG 1308@0.18274767 · latido=1.50s
[RANGO] autosello PRL · ACECHANDO · Oz=0.0 link=— · manos_feria_informe.json
[RANGO] PRLUSDT_LINEAL last=0.1559 · río=WS · mercado=linear · estado=ACECHANDO · dir=— · 0=0.1613 · Oz=— · Red=0.1545232 · manos=ON · pos=LONG 1308@0.18274767 · latido=1.50s
[RANGO] autosello PRL · ACECHANDO · Oz=0.0 link=— · manos_feria_informe.json
[RANGO] PRLUSDT_LINEAL last=0.156 · río=WS · mercado=linear · estado=ACECHANDO · dir=— · 0=0.1613 · Oz=— · Red=0.1545232 · manos=ON · pos=LONG 1308@0.18274767 · latido=1.50s
[RANGO] PRLUSDT_LINEAL last=0.1561 · río=WS · mercado=linear · estado=ACECHANDO · dir=— · 0=0.1613 · Oz=— · Red=0.1545232 · manos=ON · pos=LONG 1308@0.18274767 · latido=1.50s
[RANGO] autosello PRL · ACECHANDO · Oz=0.0 link=— · manos_feria_informe.json
[RANGO] PRLUSDT_LINEAL last=0.156 · río=ciego/muleta · mercado=linear · estado=ACECHANDO · dir=— · 0=0.1613 · Oz=— · Red=0.1545232 · manos=ON · pos=LONG 1308@0.18274767 · latido=1.50s
[RANGO] autosello PRL · ACECHANDO · Oz=0.0 link=— · manos_feria_informe.json
[RANGO] PRLUSDT_LINEAL last=0.156 · río=ciego/muleta · mercado=linear · estado=ACECHANDO · dir=— · 0=0.1613 · Oz=— · Red=0.1545232 · manos=ON · pos=LONG 1308@0.18274767 · latido=1.50s
[RANGO] PRLUSDT_LINEAL last=0.1561 · río=WS · mercado=linear · estado=ACECHANDO · dir=— · 0=0.1613 · Oz=— · Red=0.1545232 · manos=ON · pos=LONG 1308@0.18274767 · latido=1.50s
[RANGO] autosello PRL · ACECHANDO · Oz=0.0 link=— · manos_feria_informe.json
[RANGO] PRLUSDT_LINEAL last=0.156 · río=ciego/muleta · mercado=linear · estado=ACECHANDO · dir=— · 0=0.1613 · Oz=— · Red=0.1545232 · manos=ON · pos=LONG 1308@0.18274767 · latido=1.50s
[RANGO] autosello PRL · ACECHANDO · Oz=0.0 link=— · manos_feria_informe.json
[RANGO] PRLUSDT_LINEAL last=0.156 · río=ciego/muleta · mercado=linear · estado=ACECHANDO · dir=— · 0=0.1613 · Oz=— · Red=0.1545232 · manos=ON · pos=LONG 1308@0.18274767 · latido=1.50s
[RANGO] autosello PRL · ACECHANDO · Oz=0.0 link=— · manos_feria_informe.json
[RANGO] PRLUSDT_LINEAL last=0.1561 · río=WS · mercado=linear · estado=ACECHANDO · dir=— · 0=0.1613 · Oz=— · Red=0.1545232 · manos=ON · pos=LONG 1308@0.18274767 · latido=1.50s
[RANGO] PRLUSDT_LINEAL last=0.1559 · río=WS · mercado=linear · estado=ACECHANDO · dir=— · 0=0.1613 · Oz=— · Red=0.1545232 · manos=ON · pos=LONG 1308@0.18274767 · latido=1.50s
[RANGO] autosello PRL · ACECHANDO · Oz=0.0 link=— · manos_feria_informe.json
[RANGO] PRLUSDT_LINEAL last=0.1562 · río=WS · mercado=linear · estado=ACECHANDO · dir=— · 0=0.1613 · Oz=— · Red=0.1545232 · manos=ON · pos=LONG 1308@0.18274767 · latido=1.50s
[RANGO] autosello PRL · ACECHANDO · Oz=0.0 link=— · manos_feria_informe.json
[RANGO] PRLUSDT_LINEAL last=0.1561 · río=WS · mercado=linear · estado=ACECHANDO · dir=— · 0=0.1613 · Oz=— · Red=0.1545232 · manos=ON · pos=LONG 1308@0.18274767 · latido=1.50s
[RANGO] PRLUSDT_LINEAL last=0.1559 · río=ciego/muleta · mercado=linear · estado=ACECHANDO · dir=— · 0=0.1613 · Oz=— · Red=0.1545232 · manos=ON · pos=LONG 1308@0.18274767 · latido=1.50s
[RANGO] autosello PRL · ACECHANDO · Oz=0.0 link=— · manos_feria_informe.json
[RANGO] PRLUSDT_LINEAL last=0.1559 · río=WS · mercado=linear · estado=ACECHANDO · dir=— · 0=0.1613 · Oz=— · Red=0.1545232 · manos=ON · pos=LONG 1308@0.18274767 · latido=1.50s
[RANGO] autosello PRL · ACECHANDO · Oz=0.0 link=— · manos_feria_informe.json
[RANGO] PRLUSDT_LINEAL last=0.1561 · río=WS · mercado=linear · estado=ACECHANDO · dir=— · 0=0.1613 · Oz=— · Red=0.1545232 · manos=ON · pos=LONG 1308@0.18274767 · latido=1.50s
[RANGO] PRLUSDT_LINEAL last=0.1559 · río=ciego/muleta · mercado=linear · estado=ACECHANDO · dir=— · 0=0.1613 · Oz=— · Red=0.1545232 · manos=ON · pos=LONG 1308@0.18274767 · latido=1.50s
[2026-08-31 13:13:46] [TUSK] RECONCILIACIÓN: ONDSUSDT_LINEAL: interno L:0.000000/S:0.000000 -> real L:2.100000/S:0.000000
[2026-08-31 13:13:46] [TUSK] RECONCILIACIÓN_FANTASMA: MRVLUSDT_LINEAL existe interno pero no en exchange -> reseteando
[2026-08-31 13:13:46] [TUSK] RECONCILIACIÓN_OK: 2 frentes alineados con exchange
[RANGO] autosello PRL · ACECHANDO · Oz=0.0 link=— · manos_feria_informe.json
[RANGO] PRLUSDT_LINEAL last=0.1559 · río=WS · mercado=linear · estado=ACECHANDO · dir=— · 0=0.1613 · Oz=— · Red=0.1545232 · manos=ON · pos=LONG 1308@0.18274767 · latido=1.50s
[RANGO] autosello PRL · ACECHANDO · Oz=0.0 link=— · manos_feria_informe.json
[RANGO] PRLUSDT_LINEAL last=0.1562 · río=WS · mercado=linear · estado=ACECHANDO · dir=— · 0=0.1613 · Oz=— · Red=0.1545232 · manos=ON · pos=LONG 1308@0.18274767 · latido=1.50s
[RANGO] PRLUSDT_LINEAL last=0.1559 · río=ciego/muleta · mercado=linear · estado=ACECHANDO · dir=— · 0=0.1613 · Oz=— · Red=0.1545232 · manos=ON · pos=LONG 1308@0.18274767 · latido=1.50s
[RANGO] autosello PRL · ACECHANDO · Oz=0.0 link=— · manos_feria_informe.json
[RANGO] PRLUSDT_LINEAL last=0.1558 · río=WS · mercado=linear · estado=ACECHANDO · dir=— · 0=0.1613 · Oz=— · Red=0.1545232 · manos=ON · pos=LONG 1308@0.18274767 · latido=1.50s
[RANGO] autosello PRL · ACECHANDO · Oz=0.0 link=— · manos_feria_informe.json
[RANGO] PRLUSDT_LINEAL last=0.1558 · río=WS · mercado=linear · estado=ACECHANDO · dir=— · 0=0.1613 · Oz=— · Red=0.1545232 · manos=ON · pos=LONG 1308@0.18274767 · latido=1.50s
[RANGO] PRLUSDT_LINEAL last=0.1559 · río=WS · mercado=linear · estado=ACECHANDO · dir=— · 0=0.1613 · Oz=— · Red=0.1545232 · manos=ON · pos=LONG 1308@0.18274767 · latido=1.50s
[RANGO] autosello PRL · ACECHANDO · Oz=0.0 link=— · manos_feria_informe.json
[RANGO] PRLUSDT_LINEAL last=0.1557 · río=WS · mercado=linear · estado=ACECHANDO · dir=— · 0=0.1613 · Oz=— · Red=0.1545232 · manos=ON · pos=LONG 1308@0.18274767 · latido=1.50s
[RANGO] autosello PRL · ACECHANDO · Oz=0.0 link=— · manos_feria_informe.json
[RANGO] PRLUSDT_LINEAL last=0.1558 · río=WS · mercado=linear · estado=ACECHANDO · dir=— · 0=0.1613 · Oz=— · Red=0.1545232 · manos=ON · pos=LONG 1308@0.18274767 · latido=1.50s
[RANGO] PRLUSDT_LINEAL last=0.1557 · río=WS · mercado=linear · estado=ACECHANDO · dir=— · 0=0.1613 · Oz=— · Red=0.1545232 · manos=ON · pos=LONG 1308@0.18274767 · latido=1.50s
[RANGO] autosello PRL · ACECHANDO · Oz=0.0 link=— · manos_feria_informe.json
[RANGO] PRLUSDT_LINEAL last=0.1557 · río=WS · mercado=linear · estado=ACECHANDO · dir=— · 0=0.1613 · Oz=— · Red=0.1545232 · manos=ON · pos=LONG 1308@0.18274767 · latido=1.50s
[RANGO] autosello PRL · ACECHANDO · Oz=0.0 link=— · manos_feria_informe.json
[RANGO] PRLUSDT_LINEAL last=0.1555 · río=WS · mercado=linear · estado=ACECHANDO · dir=— · 0=0.1613 · Oz=— · Red=0.1545232 · manos=ON · pos=LONG 1308@0.18274767 · latido=1.50s
[RANGO] PRLUSDT_LINEAL last=0.1555 · río=WS · mercado=linear · estado=ACECHANDO · dir=— · 0=0.1613 · Oz=— · Red=0.1545232 · manos=ON · pos=LONG 1308@0.18274767 · latido=1.50s
[RANGO] autosello PRL · ACECHANDO · Oz=0.0 link=— · manos_feria_informe.json
[RANGO] PRLUSDT_LINEAL last=0.1553 · río=WS · mercado=linear · estado=ACECHANDO · dir=— · 0=0.1613 · Oz=— · Red=0.1545232 · manos=ON · pos=LONG 1308@0.18274767 · latido=1.50s
[RANGO] autosello PRL · ACECHANDO · Oz=0.0 link=— · manos_feria_informe.json
[RANGO] PRLUSDT_LINEAL last=0.1555 · río=WS · mercado=linear · estado=ACECHANDO · dir=— · 0=0.1613 · Oz=— · Red=0.1545232 · manos=ON · pos=LONG 1308@0.18274767 · latido=1.50s
[RANGO] PRLUSDT_LINEAL last=0.1555 · río=WS · mercado=linear · estado=ACECHANDO · dir=— · 0=0.1613 · Oz=— · Red=0.1545232 · manos=ON · pos=LONG 1308@0.18274767 · latido=1.50s
[RANGO] autosello PRL · ACECHANDO · Oz=0.0 link=— · manos_feria_informe.json
[RANGO] PRLUSDT_LINEAL last=0.1554 · río=WS · mercado=linear · estado=ACECHANDO · dir=— · 0=0.1613 · Oz=— · Red=0.1545232 · manos=ON · pos=LONG 1308@0.18274767 · latido=1.50s
[RANGO] autosello PRL · ACECHANDO · Oz=0.0 link=— · manos_feria_informe.json
[RANGO] PRLUSDT_LINEAL last=0.155 · río=WS · mercado=linear · estado=ACECHANDO · dir=— · 0=0.1613 · Oz=— · Red=0.1545232 · manos=ON · pos=LONG 1308@0.18274767 · latido=1.50s
[RANGO] PRLUSDT_LINEAL last=0.1548 · río=WS · mercado=linear · estado=ACECHANDO · dir=— · 0=0.1613 · Oz=— · Red=0.1545232 · manos=ON · pos=LONG 1308@0.18274767 · latido=0.10s
[RANGO] autosello PRL · ACECHANDO · Oz=0.0 link=— · manos_feria_informe.json
[RANGO] PRLUSDT_LINEAL last=0.1549 · río=WS · mercado=linear · estado=ACECHANDO · dir=— · 0=0.1613 · Oz=— · Red=0.1545232 · manos=ON · pos=LONG 1308@0.18274767 · latido=1.50s
[RANGO] autosello PRL · ACECHANDO · Oz=0.0 link=— · manos_feria_informe.json
[RANGO] PRLUSDT_LINEAL last=0.1549 · río=WS · mercado=linear · estado=ACECHANDO · dir=— · 0=0.1613 · Oz=— · Red=0.1545232 · manos=ON · pos=LONG 1308@0.18274767 · latido=1.50s
[RANGO] PRLUSDT_LINEAL last=0.1552 · río=WS · mercado=linear · estado=ACECHANDO · dir=— · 0=0.1613 · Oz=— · Red=0.1545232 · manos=ON · pos=LONG 1308@0.18274767 · latido=1.50s
[RANGO] autosello PRL · ACECHANDO · Oz=0.0 link=— · manos_feria_informe.json
[RANGO] PRLUSDT_LINEAL last=0.1552 · río=WS · mercado=linear · estado=ACECHANDO · dir=— · 0=0.1613 · Oz=— · Red=0.1545232 · manos=ON · pos=LONG 1308@0.18274767 · latido=1.50s
[RANGO] autosello PRL · ACECHANDO · Oz=0.0 link=— · manos_feria_informe.json
[RANGO] PRLUSDT_LINEAL last=0.1549 · río=WS · mercado=linear · estado=ACECHANDO · dir=— · 0=0.1613 · Oz=— · Red=0.1545232 · manos=ON · pos=LONG 1308@0.18274767 · latido=1.50s
[RANGO] PRLUSDT_LINEAL last=0.1551 · río=WS · mercado=linear · estado=ACECHANDO · dir=— · 0=0.1613 · Oz=— · Red=0.1545232 · manos=ON · pos=LONG 1308@0.18274767 · latido=1.50s
[RANGO] autosello PRL · ACECHANDO · Oz=0.0 link=— · manos_feria_informe.json
[RANGO] PRLUSDT_LINEAL last=0.1551 · río=WS · mercado=linear · estado=ACECHANDO · dir=— · 0=0.1613 · Oz=— · Red=0.1545232 · manos=ON · pos=LONG 1308@0.18274767 · latido=1.50s
[RANGO] autosello PRL · ACECHANDO · Oz=0.0 link=— · manos_feria_informe.json
[RANGO] PRLUSDT_LINEAL last=0.155 · río=WS · mercado=linear · estado=ACECHANDO · dir=— · 0=0.1613 · Oz=— · Red=0.1545232 · manos=ON · pos=LONG 1308@0.18274767 · latido=1.50s
[RANGO] PRLUSDT_LINEAL last=0.155 · río=WS · mercado=linear · estado=ACECHANDO · dir=— · 0=0.1613 · Oz=— · Red=0.1545232 · manos=ON · pos=LONG 1308@0.18274767 · latido=1.50s
[RANGO] autosello PRL · ACECHANDO · Oz=0.0 link=— · manos_feria_informe.json
[RANGO] PRLUSDT_LINEAL last=0.1553 · río=WS · mercado=linear · estado=ACECHANDO · dir=— · 0=0.1613 · Oz=— · Red=0.1545232 · manos=ON · pos=LONG 1308@0.18274767 · latido=1.50s
[RANGO] autosello PRL · ACECHANDO · Oz=0.0 link=— · manos_feria_informe.json
[RANGO] PRLUSDT_LINEAL last=0.1553 · río=WS · mercado=linear · estado=ACECHANDO · dir=— · 0=0.1613 · Oz=— · Red=0.1545232 · manos=ON · pos=LONG 1308@0.18274767 · latido=1.50s
[RANGO] PRLUSDT_LINEAL last=0.1553 · río=WS · mercado=linear · estado=ACECHANDO · dir=— · 0=0.1613 · Oz=— · Red=0.1545232 · manos=ON · pos=LONG 1308@0.18274767 · latido=1.50s
[RANGO] autosello PRL · ACECHANDO · Oz=0.0 link=— · manos_feria_informe.json
[RANGO] PRLUSDT_LINEAL last=0.1552 · río=ciego/muleta · mercado=linear · estado=ACECHANDO · dir=— · 0=0.1613 · Oz=— · Red=0.1545232 · manos=ON · pos=LONG 1308@0.18274767 · latido=1.50s
[RANGO] autosello PRL · ACECHANDO · Oz=0.0 link=— · manos_feria_informe.json
[RANGO] PRLUSDT_LINEAL last=0.1552 · río=WS · mercado=linear · estado=ACECHANDO · dir=— · 0=0.1613 · Oz=— · Red=0.1545232 · manos=ON · pos=LONG 1308@0.18274767 · latido=1.50s
[RANGO] PRLUSDT_LINEAL last=0.1552 · río=WS · mercado=linear · estado=ACECHANDO · dir=— · 0=0.1613 · Oz=— · Red=0.1545232 · manos=ON · pos=LONG 1308@0.18274767 · latido=1.50s
[RANGO] autosello PRL · ACECHANDO · Oz=0.0 link=— · manos_feria_informe.json
[RANGO] PRLUSDT_LINEAL last=0.155 · río=WS · mercado=linear · estado=ACECHANDO · dir=— · 0=0.1613 · Oz=— · Red=0.1545232 · manos=ON · pos=LONG 1308@0.18274767 · latido=1.50s
[RANGO] autosello PRL · ACECHANDO · Oz=0.0 link=— · manos_feria_informe.json
[RANGO] PRLUSDT_LINEAL last=0.155 · río=WS · mercado=linear · estado=ACECHANDO · dir=— · 0=0.1613 · Oz=— · Red=0.1545232 · manos=ON · pos=LONG 1308@0.18274767 · latido=1.50s
[RANGO] PRLUSDT_LINEAL last=0.155 · río=ciego/muleta · mercado=linear · estado=ACECHANDO · dir=— · 0=0.1613 · Oz=— · Red=0.1545232 · manos=ON · pos=LONG 1308@0.18274767 · latido=1.50s
[RANGO] autosello PRL · ACECHANDO · Oz=0.0 link=— · manos_feria_informe.json
[RANGO] PRLUSDT_LINEAL last=0.1549 · río=WS · mercado=linear · estado=ACECHANDO · dir=— · 0=0.1613 · Oz=— · Red=0.1545232 · manos=ON · pos=LONG 1308@0.18274767 · latido=1.50s
[RANGO] autosello PRL · ACECHANDO · Oz=0.0 link=— · manos_feria_informe.json
[RANGO] PRLUSDT_LINEAL last=0.155 · río=WS · mercado=linear · estado=ACECHANDO · dir=— · 0=0.1613 · Oz=— · Red=0.1545232 · manos=ON · pos=LONG 1308@0.18274767 · latido=1.50s
[RANGO] PRLUSDT_LINEAL last=0.155 · río=WS · mercado=linear · estado=ACECHANDO · dir=— · 0=0.1613 · Oz=— · Red=0.1545232 · manos=ON · pos=LONG 1308@0.18274767 · latido=1.50s
[RANGO] autosello PRL · ACECHANDO · Oz=0.0 link=— · manos_feria_informe.json
[RANGO] PRLUSDT_LINEAL last=0.155 · río=WS · mercado=linear · estado=ACECHANDO · dir=— · 0=0.1613 · Oz=— · Red=0.1545232 · manos=ON · pos=LONG 1308@0.18274767 · latido=1.50s
[RANGO] autosello PRL · ACECHANDO · Oz=0.0 link=— · manos_feria_informe.json
[RANGO] PRLUSDT_LINEAL last=0.155 · río=WS · mercado=linear · estado=ACECHANDO · dir=— · 0=0.1613 · Oz=— · Red=0.1545232 · manos=ON · pos=LONG 1308@0.18274767 · latido=1.50s
[RANGO] PRLUSDT_LINEAL last=0.1549 · río=WS · mercado=linear · estado=ACECHANDO · dir=— · 0=0.1613 · Oz=— · Red=0.1545232 · manos=ON · pos=LONG 1308@0.18274767 · latido=1.50s
[RANGO] autosello PRL · ACECHANDO · Oz=0.0 link=— · manos_feria_informe.json
[RANGO] PRLUSDT_LINEAL last=0.1552 · río=WS · mercado=linear · estado=ACECHANDO · dir=— · 0=0.1613 · Oz=— · Red=0.1545232 · manos=ON · pos=LONG 1308@0.18274767 · latido=1.50s
[RANGO] autosello PRL · ACECHANDO · Oz=0.0 link=— · manos_feria_informe.json
[RANGO] PRLUSDT_LINEAL last=0.1552 · río=WS · mercado=linear · estado=ACECHANDO · dir=— · 0=0.1613 · Oz=— · Red=0.1545232 · manos=ON · pos=LONG 1308@0.18274767 · latido=1.50s
[RANGO] PRLUSDT_LINEAL last=0.155 · río=WS · mercado=linear · estado=ACECHANDO · dir=— · 0=0.1613 · Oz=— · Red=0.1545232 · manos=ON · pos=LONG 1308@0.18274767 · latido=1.50s
[RANGO] autosello PRL · ACECHANDO · Oz=0.0 link=— · manos_feria_informe.json
[RANGO] PRLUSDT_LINEAL last=0.1549 · río=WS · mercado=linear · estado=ACECHANDO · dir=— · 0=0.1613 · Oz=— · Red=0.1545232 · manos=ON · pos=LONG 1308@0.18274767 · latido=1.50s
[RANGO] autosello PRL · ACECHANDO · Oz=0.0 link=— · manos_feria_informe.json
[RANGO] PRLUSDT_LINEAL last=0.1549 · río=WS · mercado=linear · estado=ACECHANDO · dir=— · 0=0.1613 · Oz=— · Red=0.1545232 · manos=ON · pos=LONG 1308@0.18274767 · latido=1.50s
[RANGO] PRLUSDT_LINEAL last=0.1547 · río=ciego/muleta · mercado=linear · estado=ACECHANDO · dir=— · 0=0.1613 · Oz=— · Red=0.1545232 · manos=ON · pos=LONG 1308@0.18274767 · latido=0.10s
[RANGO] autosello PRL · ACECHANDO · Oz=0.0 link=— · manos_feria_informe.json
[RANGO] PRLUSDT_LINEAL last=0.1548 · río=WS · mercado=linear · estado=ACECHANDO · dir=— · 0=0.1613 · Oz=— · Red=0.1545232 · manos=ON · pos=LONG 1308@0.18274767 · latido=0.10s
[RANGO] autosello PRL · ACECHANDO · Oz=0.0 link=— · manos_feria_informe.json
[RANGO] PRLUSDT_LINEAL last=0.1549 · río=WS · mercado=linear · estado=ACECHANDO · dir=— · 0=0.1613 · Oz=— · Red=0.1545232 · manos=ON · pos=LONG 1308@0.18274767 · latido=1.50s
[RANGO] PRLUSDT_LINEAL last=0.1549 · río=WS · mercado=linear · estado=ACECHANDO · dir=— · 0=0.1613 · Oz=— · Red=0.1545232 · manos=ON · pos=LONG 1308@0.18274767 · latido=1.50s
[RANGO] autosello PRL · ACECHANDO · Oz=0.0 link=— · manos_feria_informe.json
[RANGO] PRLUSDT_LINEAL last=0.1548 · río=WS · mercado=linear · estado=ACECHANDO · dir=— · 0=0.1613 · Oz=— · Red=0.1545232 · manos=ON · pos=LONG 1308@0.18274767 · latido=0.10s
[RANGO] autosello PRL · ACECHANDO · Oz=0.0 link=— · manos_feria_informe.json
[RANGO] PRLUSDT_LINEAL last=0.155 · río=WS · mercado=linear · estado=ACECHANDO · dir=— · 0=0.1613 · Oz=— · Red=0.1545232 · manos=ON · pos=LONG 1308@0.18274767 · latido=1.50s
[RANGO] PRLUSDT_LINEAL last=0.1548 · río=WS · mercado=linear · estado=ACECHANDO · dir=— · 0=0.1613 · Oz=— · Red=0.1545232 · manos=ON · pos=LONG 1308@0.18274767 · latido=0.10s
[RANGO] autosello PRL · ACECHANDO · Oz=0.0 link=— · manos_feria_informe.json
[RANGO] PRLUSDT_LINEAL last=0.1551 · río=WS · mercado=linear · estado=ACECHANDO · dir=— · 0=0.1613 · Oz=— · Red=0.1545232 · manos=ON · pos=LONG 1308@0.18274767 · latido=1.50s
[RANGO] autosello PRL · ACECHANDO · Oz=0.0 link=— · manos_feria_informe.json
[RANGO] PRLUSDT_LINEAL last=0.1549 · río=ciego/muleta · mercado=linear · estado=ACECHANDO · dir=— · 0=0.1613 · Oz=— · Red=0.1545232 · manos=ON · pos=LONG 1308@0.18274767 · latido=1.50s
[RANGO] autosello PRL · ACECHANDO · Oz=0.0 link=— · manos_feria_informe.json
[RANGO] PRLUSDT_LINEAL last=0.1549 · río=ciego/muleta · mercado=linear · estado=ACECHANDO · dir=— · 0=0.1613 · Oz=— · Red=0.1545232 · manos=ON · pos=LONG 1308@0.18274767 · latido=1.50s
[RANGO] PRLUSDT_LINEAL last=0.1551 · río=WS · mercado=linear · estado=ACECHANDO · dir=— · 0=0.1613 · Oz=— · Red=0.1545232 · manos=ON · pos=LONG 1308@0.18274767 · latido=1.50s
[RANGO] autosello PRL · ACECHANDO · Oz=0.0 link=— · manos_feria_informe.json
[RANGO] PRLUSDT_LINEAL last=0.1551 · río=WS · mercado=linear · estado=ACECHANDO · dir=— · 0=0.1613 · Oz=— · Red=0.1545232 · manos=ON · pos=LONG 1308@0.18274767 · latido=1.50s
[RANGO] autosello PRL · ACECHANDO · Oz=0.0 link=— · manos_feria_informe.json
[RANGO] PRLUSDT_LINEAL last=0.1551 · río=WS · mercado=linear · estado=ACECHANDO · dir=— · 0=0.1613 · Oz=— · Red=0.1545232 · manos=ON · pos=LONG 1308@0.18274767 · latido=1.50s
[RANGO] PRLUSDT_LINEAL last=0.1557 · río=WS · mercado=linear · estado=ACECHANDO · dir=— · 0=0.1613 · Oz=— · Red=0.1545232 · manos=ON · pos=LONG 1308@0.18274767 · latido=1.50s
[RANGO] autosello PRL · ACECHANDO · Oz=0.0 link=— · manos_feria_informe.json
[RANGO] PRLUSDT_LINEAL last=0.1556 · río=WS · mercado=linear · estado=ACECHANDO · dir=— · 0=0.1613 · Oz=— · Red=0.1545232 · manos=ON · pos=LONG 1308@0.18274767 · latido=1.50s
[RANGO] autosello PRL · ACECHANDO · Oz=0.0 link=— · manos_feria_informe.json
[RANGO] PRLUSDT_LINEAL last=0.1555 · río=WS · mercado=linear · estado=ACECHANDO · dir=— · 0=0.1613 · Oz=— · Red=0.1545232 · manos=ON · pos=LONG 1308@0.18274767 · latido=1.50s
[RANGO] PRLUSDT_LINEAL last=0.1555 · río=WS · mercado=linear · estado=ACECHANDO · dir=— · 0=0.1613 · Oz=— · Red=0.1545232 · manos=ON · pos=LONG 1308@0.18274767 · latido=1.50s
[RANGO] autosello PRL · ACECHANDO · Oz=0.0 link=— · manos_feria_informe.json
[RANGO] PRLUSDT_LINEAL last=0.1557 · río=WS · mercado=linear · estado=ACECHANDO · dir=— · 0=0.1613 · Oz=— · Red=0.1545232 · manos=ON · pos=LONG 1308@0.18274767 · latido=1.50s
[RANGO] autosello PRL · ACECHANDO · Oz=0.0 link=— · manos_feria_informe.json
[RANGO] PRLUSDT_LINEAL last=0.1556 · río=WS · mercado=linear · estado=ACECHANDO · dir=— · 0=0.1613 · Oz=— · Red=0.1545232 · manos=ON · pos=LONG 1308@0.18274767 · latido=1.50s
[RANGO] PRLUSDT_LINEAL last=0.1557 · río=WS · mercado=linear · estado=ACECHANDO · dir=— · 0=0.1613 · Oz=— · Red=0.1545232 · manos=ON · pos=LONG 1308@0.18274767 · latido=1.50s
[RANGO] autosello PRL · ACECHANDO · Oz=0.0 link=— · manos_feria_informe.json
[RANGO] PRLUSDT_LINEAL last=0.1557 · río=WS · mercado=linear · estado=ACECHANDO · dir=— · 0=0.1613 · Oz=— · Red=0.1545232 · manos=ON · pos=LONG 1308@0.18274767 · latido=1.50s
[RANGO] autosello PRL · ACECHANDO · Oz=0.0 link=— · manos_feria_informe.json
[RANGO] PRLUSDT_LINEAL last=0.156 · río=WS · mercado=linear · estado=ACECHANDO · dir=— · 0=0.1613 · Oz=— · Red=0.1545232 · manos=ON · pos=LONG 1308@0.18274767 · latido=1.50s
[RANGO] PRLUSDT_LINEAL last=0.1557 · río=ciego/muleta · mercado=linear · estado=ACECHANDO · dir=— · 0=0.1613 · Oz=— · Red=0.1545232 · manos=ON · pos=LONG 1308@0.18274767 · latido=1.50s
[RANGO] autosello PRL · ACECHANDO · Oz=0.0 link=— · manos_feria_informe.json
[RANGO] PRLUSDT_LINEAL last=0.1559 · río=WS · mercado=linear · estado=ACECHANDO · dir=— · 0=0.1613 · Oz=— · Red=0.1545232 · manos=ON · pos=LONG 1308@0.18274767 · latido=1.50s
[RANGO] autosello PRL · ACECHANDO · Oz=0.0 link=— · manos_feria_informe.json
[RANGO] PRLUSDT_LINEAL last=0.1558 · río=ciego/muleta · mercado=linear · estado=ACECHANDO · dir=— · 0=0.1613 · Oz=— · Red=0.1545232 · manos=ON · pos=LONG 1308@0.18274767 · latido=1.50s
[2026-08-31 13:26:02] [TUSK] RECONCILIACIÓN: FWDIUSDT_LINEAL: interno L:0.000000/S:7.700000 -> real L:0.000000/S:8.500000
[2026-08-31 13:26:02] [TUSK] RECONCILIACIÓN_OK: 1 frentes alineados con exchange
[RANGO] PRLUSDT_LINEAL last=0.1557 · río=WS · mercado=linear · estado=ACECHANDO · dir=— · 0=0.1613 · Oz=— · Red=0.1545232 · manos=ON · pos=LONG 1308@0.18274767 · latido=1.50s
[RANGO] autosello PRL · ACECHANDO · Oz=0.0 link=— · manos_feria_informe.json
[RANGO] PRLUSDT_LINEAL last=0.1558 · río=WS · mercado=linear · estado=ACECHANDO · dir=— · 0=0.1613 · Oz=— · Red=0.1545232 · manos=ON · pos=LONG 1308@0.18274767 · latido=1.50s
[RANGO] autosello PRL · ACECHANDO · Oz=0.0 link=— · manos_feria_informe.json
[RANGO] PRLUSDT_LINEAL last=0.156 · río=WS · mercado=linear · estado=ACECHANDO · dir=— · 0=0.1613 · Oz=— · Red=0.1545232 · manos=ON · pos=LONG 1308@0.18274767 · latido=1.50s
[RANGO] PRLUSDT_LINEAL last=0.1565 · río=WS · mercado=linear · estado=ACECHANDO · dir=— · 0=0.1613 · Oz=— · Red=0.1545232 · manos=ON · pos=LONG 1308@0.18274767 · latido=1.50s
[RANGO] autosello PRL · ACECHANDO · Oz=0.0 link=— · manos_feria_informe.json
[RANGO] PRLUSDT_LINEAL last=0.1565 · río=WS · mercado=linear · estado=ACECHANDO · dir=— · 0=0.1613 · Oz=— · Red=0.1545232 · manos=ON · pos=LONG 1308@0.18274767 · latido=1.50s
[RANGO] autosello PRL · ACECHANDO · Oz=0.0 link=— · manos_feria_informe.json
[RANGO] PRLUSDT_LINEAL last=0.1564 · río=WS · mercado=linear · estado=ACECHANDO · dir=— · 0=0.1613 · Oz=— · Red=0.1545232 · manos=ON · pos=LONG 1308@0.18274767 · latido=1.50s
[RANGO] PRLUSDT_LINEAL last=0.156 · río=WS · mercado=linear · estado=ACECHANDO · dir=— · 0=0.1613 · Oz=— · Red=0.1545232 · manos=ON · pos=LONG 1308@0.18274767 · latido=1.50s
[2026-08-31 13:27:04] [TUSK] RECONCILIACIÓN: CRVUSDT_LINEAL: interno L:0.000000/S:46.100000 -> real L:0.000000/S:61.700000
[2026-08-31 13:27:04] [TUSK] RECONCILIACIÓN_OK: 1 frentes alineados con exchange
[RANGO] autosello PRL · ACECHANDO · Oz=0.0 link=— · manos_feria_informe.json
[RANGO] PRLUSDT_LINEAL last=0.1559 · río=WS · mercado=linear · estado=ACECHANDO · dir=— · 0=0.1613 · Oz=— · Red=0.1545232 · manos=ON · pos=LONG 1308@0.18274767 · latido=1.50s
[RANGO] autosello PRL · ACECHANDO · Oz=0.0 link=— · manos_feria_informe.json
[RANGO] PRLUSDT_LINEAL last=0.156 · río=WS · mercado=linear · estado=ACECHANDO · dir=— · 0=0.1613 · Oz=— · Red=0.1545232 · manos=ON · pos=LONG 1308@0.18274767 · latido=1.50s
[RANGO] PRLUSDT_LINEAL last=0.1562 · río=ciego/muleta · mercado=linear · estado=ACECHANDO · dir=— · 0=0.1613 · Oz=— · Red=0.1545232 · manos=ON · pos=LONG 1308@0.18274767 · latido=1.50s
[RANGO] autosello PRL · ACECHANDO · Oz=0.0 link=— · manos_feria_informe.json
[RANGO] PRLUSDT_LINEAL last=0.1559 · río=WS · mercado=linear · estado=ACECHANDO · dir=— · 0=0.1613 · Oz=— · Red=0.1545232 · manos=ON · pos=LONG 1308@0.18274767 · latido=1.50s
[RANGO] autosello PRL · ACECHANDO · Oz=0.0 link=— · manos_feria_informe.json
[RANGO] PRLUSDT_LINEAL last=0.1559 · río=ciego/muleta · mercado=linear · estado=ACECHANDO · dir=— · 0=0.1613 · Oz=— · Red=0.1545232 · manos=ON · pos=LONG 1308@0.18274767 · latido=1.50s
[RANGO] PRLUSDT_LINEAL last=0.1561 · río=WS · mercado=linear · estado=ACECHANDO · dir=— · 0=0.1613 · Oz=— · Red=0.1545232 · manos=ON · pos=LONG 1308@0.18274767 · latido=1.50s
[RANGO] autosello PRL · ACECHANDO · Oz=0.0 link=— · manos_feria_informe.json
[RANGO] PRLUSDT_LINEAL last=0.1561 · río=WS · mercado=linear · estado=ACECHANDO · dir=— · 0=0.1613 · Oz=— · Red=0.1545232 · manos=ON · pos=LONG 1308@0.18274767 · latido=1.50s
[RANGO] autosello PRL · ACECHANDO · Oz=0.0 link=— · manos_feria_informe.json
[RANGO] PRLUSDT_LINEAL last=0.1562 · río=WS · mercado=linear · estado=ACECHANDO · dir=— · 0=0.1613 · Oz=— · Red=0.1545232 · manos=ON · pos=LONG 1308@0.18274767 · latido=1.50s
[RANGO] PRLUSDT_LINEAL last=0.156 · río=WS · mercado=linear · estado=ACECHANDO · dir=— · 0=0.1613 · Oz=— · Red=0.1545232 · manos=ON · pos=LONG 1308@0.18274767 · latido=1.50s
[RANGO] autosello PRL · ACECHANDO · Oz=0.0 link=— · manos_feria_informe.json
[RANGO] PRLUSDT_LINEAL last=0.1561 · río=ciego/muleta · mercado=linear · estado=ACECHANDO · dir=— · 0=0.1613 · Oz=— · Red=0.1545232 · manos=ON · pos=LONG 1308@0.18274767 · latido=1.50s
[RANGO] autosello PRL · ACECHANDO · Oz=0.0 link=— · manos_feria_informe.json
[RANGO] PRLUSDT_LINEAL last=0.1559 · río=ciego/muleta · mercado=linear · estado=ACECHANDO · dir=— · 0=0.1613 · Oz=— · Red=0.1545232 · manos=ON · pos=LONG 1308@0.18274767 · latido=1.50s
[RANGO] autosello PRL · ACECHANDO · Oz=0.0 link=— · manos_feria_informe.json
[RANGO] PRLUSDT_LINEAL last=0.1559 · río=WS · mercado=linear · estado=ACECHANDO · dir=— · 0=0.1613 · Oz=— · Red=0.1545232 · manos=ON · pos=LONG 1308@0.18274767 · latido=1.50s
[RANGO] PRLUSDT_LINEAL last=0.1561 · río=ciego/muleta · mercado=linear · estado=ACECHANDO · dir=— · 0=0.1613 · Oz=— · Red=0.1545232 · manos=ON · pos=LONG 1308@0.18274767 · latido=1.50s
[RANGO] autosello PRL · ACECHANDO · Oz=0.0 link=— · manos_feria_informe.json
[RANGO] PRLUSDT_LINEAL last=0.1562 · río=WS · mercado=linear · estado=ACECHANDO · dir=— · 0=0.1613 · Oz=— · Red=0.1545232 · manos=ON · pos=LONG 1308@0.18274767 · latido=1.50s
[RANGO] autosello PRL · ACECHANDO · Oz=0.0 link=— · manos_feria_informe.json
[RANGO] PRLUSDT_LINEAL last=0.1558 · río=WS · mercado=linear · estado=ACECHANDO · dir=— · 0=0.1613 · Oz=— · Red=0.1545232 · manos=ON · pos=LONG 1308@0.18274767 · latido=1.50s
[RANGO] PRLUSDT_LINEAL last=0.1561 · río=WS · mercado=linear · estado=ACECHANDO · dir=— · 0=0.1613 · Oz=— · Red=0.1545232 · manos=ON · pos=LONG 1308@0.18274767 · latido=1.50s
[RANGO] autosello PRL · ACECHANDO · Oz=0.0 link=— · manos_feria_informe.json
[RANGO] PRLUSDT_LINEAL last=0.156 · río=WS · mercado=linear · estado=ACECHANDO · dir=— · 0=0.1613 · Oz=— · Red=0.1545232 · manos=ON · pos=LONG 1308@0.18274767 · latido=1.50s
[RANGO] autosello PRL · ACECHANDO · Oz=0.0 link=— · manos_feria_informe.json
[RANGO] PRLUSDT_LINEAL last=0.1558 · río=WS · mercado=linear · estado=ACECHANDO · dir=— · 0=0.1613 · Oz=— · Red=0.1545232 · manos=ON · pos=LONG 1308@0.18274767 · latido=1.50s
[RANGO] PRLUSDT_LINEAL last=0.156 · río=WS · mercado=linear · estado=ACECHANDO · dir=— · 0=0.1613 · Oz=— · Red=0.1545232 · manos=ON · pos=LONG 1308@0.18274767 · latido=1.50s
[RANGO] autosello PRL · ACECHANDO · Oz=0.0 link=— · manos_feria_informe.json
[RANGO] PRLUSDT_LINEAL last=0.156 · río=ciego/muleta · mercado=linear · estado=ACECHANDO · dir=— · 0=0.1613 · Oz=— · Red=0.1545232 · manos=ON · pos=LONG 1308@0.18274767 · latido=1.50s
[RANGO] autosello PRL · ACECHANDO · Oz=0.0 link=— · manos_feria_informe.json
[RANGO] PRLUSDT_LINEAL last=0.156 · río=ciego/muleta · mercado=linear · estado=ACECHANDO · dir=— · 0=0.1613 · Oz=— · Red=0.1545232 · manos=ON · pos=LONG 1308@0.18274767 · latido=1.50s
[RANGO] PRLUSDT_LINEAL last=0.1564 · río=WS · mercado=linear · estado=ACECHANDO · dir=— · 0=0.1613 · Oz=— · Red=0.1545232 · manos=ON · pos=LONG 1308@0.18274767 · latido=1.50s
[RANGO] autosello PRL · ACECHANDO · Oz=0.0 link=— · manos_feria_informe.json
[RANGO] PRLUSDT_LINEAL last=0.1567 · río=WS · mercado=linear · estado=ACECHANDO · dir=— · 0=0.1613 · Oz=— · Red=0.1545232 · manos=ON · pos=LONG 1308@0.18274767 · latido=1.50s
[RANGO] autosello PRL · ACECHANDO · Oz=0.0 link=— · manos_feria_informe.json
[RANGO] PRLUSDT_LINEAL last=0.1566 · río=WS · mercado=linear · estado=ACECHANDO · dir=— · 0=0.1613 · Oz=— · Red=0.1545232 · manos=ON · pos=LONG 1308@0.18274767 · latido=1.50s
[RANGO] PRLUSDT_LINEAL last=0.1566 · río=WS · mercado=linear · estado=ACECHANDO · dir=— · 0=0.1613 · Oz=— · Red=0.1545232 · manos=ON · pos=LONG 1308@0.18274767 · latido=1.50s
[RANGO] autosello PRL · ACECHANDO · Oz=0.0 link=— · manos_feria_informe.json
[RANGO] PRLUSDT_LINEAL last=0.1564 · río=WS · mercado=linear · estado=ACECHANDO · dir=— · 0=0.1613 · Oz=— · Red=0.1545232 · manos=ON · pos=LONG 1308@0.18274767 · latido=1.50s
[RANGO] autosello PRL · ACECHANDO · Oz=0.0 link=— · manos_feria_informe.json
[RANGO] PRLUSDT_LINEAL last=0.1564 · río=WS · mercado=linear · estado=ACECHANDO · dir=— · 0=0.1613 · Oz=— · Red=0.1545232 · manos=ON · pos=LONG 1308@0.18274767 · latido=1.50s
[RANGO] PRLUSDT_LINEAL last=0.1565 · río=WS · mercado=linear · estado=ACECHANDO · dir=— · 0=0.1613 · Oz=— · Red=0.1545232 · manos=ON · pos=LONG 1308@0.18274767 · latido=1.50s
[RANGO] autosello PRL · ACECHANDO · Oz=0.0 link=— · manos_feria_informe.json
[RANGO] PRLUSDT_LINEAL last=0.1565 · río=WS · mercado=linear · estado=ACECHANDO · dir=— · 0=0.1613 · Oz=— · Red=0.1545232 · manos=ON · pos=LONG 1308@0.18274767 · latido=1.50s
[RANGO] autosello PRL · ACECHANDO · Oz=0.0 link=— · manos_feria_informe.json
[RANGO] PRLUSDT_LINEAL last=0.1565 · río=WS · mercado=linear · estado=ACECHANDO · dir=— · 0=0.1613 · Oz=— · Red=0.1545232 · manos=ON · pos=LONG 1308@0.18274767 · latido=1.50s
[RANGO] PRLUSDT_LINEAL last=0.1566 · río=WS · mercado=linear · estado=ACECHANDO · dir=— · 0=0.1613 · Oz=— · Red=0.1545232 · manos=ON · pos=LONG 1308@0.18274767 · latido=1.50s
[RANGO] autosello PRL · ACECHANDO · Oz=0.0 link=— · manos_feria_informe.json
[RANGO] PRLUSDT_LINEAL last=0.1565 · río=WS · mercado=linear · estado=ACECHANDO · dir=— · 0=0.1613 · Oz=— · Red=0.1545232 · manos=ON · pos=LONG 1308@0.18274767 · latido=1.50s
[RANGO] autosello PRL · ACECHANDO · Oz=0.0 link=— · manos_feria_informe.json
[RANGO] PRLUSDT_LINEAL last=0.1566 · río=ciego/muleta · mercado=linear · estado=ACECHANDO · dir=— · 0=0.1613 · Oz=— · Red=0.1545232 · manos=ON · pos=LONG 1308@0.18274767 · latido=1.50s
[RANGO] PRLUSDT_LINEAL last=0.1564 · río=WS · mercado=linear · estado=ACECHANDO · dir=— · 0=0.1613 · Oz=— · Red=0.1545232 · manos=ON · pos=LONG 1308@0.18274767 · latido=1.50s
[RANGO] autosello PRL · ACECHANDO · Oz=0.0 link=— · manos_feria_informe.json
[RANGO] PRLUSDT_LINEAL last=0.1566 · río=ciego/muleta · mercado=linear · estado=ACECHANDO · dir=— · 0=0.1613 · Oz=— · Red=0.1545232 · manos=ON · pos=LONG 1308@0.18274767 · latido=1.50s
[RANGO] autosello PRL · ACECHANDO · Oz=0.0 link=— · manos_feria_informe.json
[RANGO] PRLUSDT_LINEAL last=0.1564 · río=WS · mercado=linear · estado=ACECHANDO · dir=— · 0=0.1613 · Oz=— · Red=0.1545232 · manos=ON · pos=LONG 1308@0.18274767 · latido=1.50s
[RANGO] PRLUSDT_LINEAL last=0.1565 · río=WS · mercado=linear · estado=ACECHANDO · dir=— · 0=0.1613 · Oz=— · Red=0.1545232 · manos=ON · pos=LONG 1308@0.18274767 · latido=1.50s
[RANGO] autosello PRL · ACECHANDO · Oz=0.0 link=— · manos_feria_informe.json
[RANGO] PRLUSDT_LINEAL last=0.1566 · río=ciego/muleta · mercado=linear · estado=ACECHANDO · dir=— · 0=0.1613 · Oz=— · Red=0.1545232 · manos=ON · pos=LONG 1308@0.18274767 · latido=1.50s
[RANGO] autosello PRL · ACECHANDO · Oz=0.0 link=— · manos_feria_informe.json
[RANGO] PRLUSDT_LINEAL last=0.1566 · río=ciego/muleta · mercado=linear · estado=ACECHANDO · dir=— · 0=0.1613 · Oz=— · Red=0.1545232 · manos=ON · pos=LONG 1308@0.18274767 · latido=1.50s
[RANGO] autosello PRL · ACECHANDO · Oz=0.0 link=— · manos_feria_informe.json
[RANGO] PRLUSDT_LINEAL last=0.1565 · río=WS · mercado=linear · estado=ACECHANDO · dir=— · 0=0.1613 · Oz=— · Red=0.1545232 · manos=ON · pos=LONG 1308@0.18274767 · latido=1.50s
[RANGO] PRLUSDT_LINEAL last=0.1566 · río=WS · mercado=linear · estado=ACECHANDO · dir=— · 0=0.1613 · Oz=— · Red=0.1545232 · manos=ON · pos=LONG 1308@0.18274767 · latido=1.50s
[RANGO] autosello PRL · ACECHANDO · Oz=0.0 link=— · manos_feria_informe.json
[2026-08-31 13:34:12] [TUSK] RECONCILIACIÓN: EULUSDT_LINEAL: interno L:70.000000/S:0.000000 -> real L:66.100000/S:0.000000
[2026-08-31 13:34:12] [TUSK] RECONCILIACIÓN_OK: 1 frentes alineados con exchange
[RANGO] PRLUSDT_LINEAL last=0.1567 · río=WS · mercado=linear · estado=ACECHANDO · dir=— · 0=0.1613 · Oz=— · Red=0.1545232 · manos=ON · pos=LONG 1308@0.18274767 · latido=1.50s
[RANGO] autosello PRL · ACECHANDO · Oz=0.0 link=— · manos_feria_informe.json
[RANGO] PRLUSDT_LINEAL last=0.1568 · río=WS · mercado=linear · estado=ACECHANDO · dir=— · 0=0.1613 · Oz=— · Red=0.1545232 · manos=ON · pos=LONG 1308@0.18274767 · latido=1.50s
[RANGO] PRLUSDT_LINEAL last=0.1567 · río=WS · mercado=linear · estado=ACECHANDO · dir=— · 0=0.1613 · Oz=— · Red=0.1545232 · manos=ON · pos=LONG 1308@0.18274767 · latido=1.50s
[RANGO] autosello PRL · ACECHANDO · Oz=0.0 link=— · manos_feria_informe.json
[RANGO] PRLUSDT_LINEAL last=0.1567 · río=WS · mercado=linear · estado=ACECHANDO · dir=— · 0=0.1613 · Oz=— · Red=0.1545232 · manos=ON · pos=LONG 1308@0.18274767 · latido=1.50s
[RANGO] autosello PRL · ACECHANDO · Oz=0.0 link=— · manos_feria_informe.json
[RANGO] PRLUSDT_LINEAL last=0.1566 · río=ciego/muleta · mercado=linear · estado=ACECHANDO · dir=— · 0=0.1613 · Oz=— · Red=0.1545232 · manos=ON · pos=LONG 1308@0.18274767 · latido=1.50s
[RANGO] PRLUSDT_LINEAL last=0.1567 · río=WS · mercado=linear · estado=ACECHANDO · dir=— · 0=0.1613 · Oz=— · Red=0.1545232 · manos=ON · pos=LONG 1308@0.18274767 · latido=1.50s
[RANGO] autosello PRL · ACECHANDO · Oz=0.0 link=— · manos_feria_informe.json
[RANGO] PRLUSDT_LINEAL last=0.1565 · río=WS · mercado=linear · estado=ACECHANDO · dir=— · 0=0.1613 · Oz=— · Red=0.1545232 · manos=ON · pos=LONG 1308@0.18274767 · latido=1.50s
[RANGO] autosello PRL · ACECHANDO · Oz=0.0 link=— · manos_feria_informe.json
[RANGO] PRLUSDT_LINEAL last=0.1566 · río=WS · mercado=linear · estado=ACECHANDO · dir=— · 0=0.1613 · Oz=— · Red=0.1545232 · manos=ON · pos=LONG 1308@0.18274767 · latido=1.50s
[RANGO] PRLUSDT_LINEAL last=0.1566 · río=WS · mercado=linear · estado=ACECHANDO · dir=— · 0=0.1613 · Oz=— · Red=0.1545232 · manos=ON · pos=LONG 1308@0.18274767 · latido=1.50s
[RANGO] autosello PRL · ACECHANDO · Oz=0.0 link=— · manos_feria_informe.json
[RANGO] PRLUSDT_LINEAL last=0.1568 · río=WS · mercado=linear · estado=ACECHANDO · dir=— · 0=0.1613 · Oz=— · Red=0.1545232 · manos=ON · pos=LONG 1308@0.18274767 · latido=1.50s
[RANGO] autosello PRL · ACECHANDO · Oz=0.0 link=— · manos_feria_informe.json
[RANGO] PRLUSDT_LINEAL last=0.1565 · río=ciego/muleta · mercado=linear · estado=ACECHANDO · dir=— · 0=0.1613 · Oz=— · Red=0.1545232 · manos=ON · pos=LONG 1308@0.18274767 · latido=1.50s
[RANGO] PRLUSDT_LINEAL last=0.1565 · río=WS · mercado=linear · estado=ACECHANDO · dir=— · 0=0.1613 · Oz=— · Red=0.1545232 · manos=ON · pos=LONG 1308@0.18274767 · latido=1.50s
[RANGO] autosello PRL · ACECHANDO · Oz=0.0 link=— · manos_feria_informe.json
[RANGO] PRLUSDT_LINEAL last=0.1565 · río=ciego/muleta · mercado=linear · estado=ACECHANDO · dir=— · 0=0.1613 · Oz=— · Red=0.1545232 · manos=ON · pos=LONG 1308@0.18274767 · latido=1.50s
[2026-08-31 13:36:15] [TUSK] RECONCILIACIÓN: OUSDT_LINEAL: interno L:0.000000/S:34.000000 -> real L:0.000000/S:44.000000
[2026-08-31 13:36:15] [TUSK] RECONCILIACIÓN: MRVLUSDT_LINEAL: interno L:0.000000/S:0.000000 -> real L:1.050000/S:0.000000
[2026-08-31 13:36:15] [TUSK] RECONCILIACIÓN: PEOPLEUSDT_LINEAL: interno L:0.000000/S:0.000000 -> real L:29905.000000/S:0.000000
[2026-08-31 13:36:15] [TUSK] RECONCILIACIÓN_FANTASMA: DASHUSDT_LINEAL existe interno pero no en exchange -> reseteando
[2026-08-31 13:36:15] [TUSK] RECONCILIACIÓN_FANTASMA: EULUSDT_LINEAL existe interno pero no en exchange -> reseteando
[2026-08-31 13:36:15] [TUSK] RECONCILIACIÓN_OK: 5 frentes alineados con exchange
[RANGO] autosello PRL · ACECHANDO · Oz=0.0 link=— · manos_feria_informe.json
[RANGO] PRLUSDT_LINEAL last=0.1568 · río=WS · mercado=linear · estado=ACECHANDO · dir=— · 0=0.1613 · Oz=— · Red=0.1545232 · manos=ON · pos=LONG 1308@0.18274767 · latido=1.50s
[RANGO] PRLUSDT_LINEAL last=0.1568 · río=WS · mercado=linear · estado=ACECHANDO · dir=— · 0=0.1613 · Oz=— · Red=0.1545232 · manos=ON · pos=LONG 1308@0.18274767 · latido=1.50s
[RANGO] autosello PRL · ACECHANDO · Oz=0.0 link=— · manos_feria_informe.json
[RANGO] PRLUSDT_LINEAL last=0.1567 · río=WS · mercado=linear · estado=ACECHANDO · dir=— · 0=0.1613 · Oz=— · Red=0.1545232 · manos=ON · pos=LONG 1308@0.18274767 · latido=1.50s
[RANGO] autosello PRL · ACECHANDO · Oz=0.0 link=— · manos_feria_informe.json
[RANGO] PRLUSDT_LINEAL last=0.1569 · río=WS · mercado=linear · estado=ACECHANDO · dir=— · 0=0.1613 · Oz=— · Red=0.1545232 · manos=ON · pos=LONG 1308@0.18274767 · latido=1.50s
[RANGO] PRLUSDT_LINEAL last=0.1569 · río=WS · mercado=linear · estado=ACECHANDO · dir=— · 0=0.1613 · Oz=— · Red=0.1545232 · manos=ON · pos=LONG 1308@0.18274767 · latido=1.50s
[RANGO] autosello PRL · ACECHANDO · Oz=0.0 link=— · manos_feria_informe.json
[RANGO] PRLUSDT_LINEAL last=0.157 · río=WS · mercado=linear · estado=ACECHANDO · dir=— · 0=0.1613 · Oz=— · Red=0.1545232 · manos=ON · pos=LONG 1308@0.18274767 · latido=1.50s
[RANGO] autosello PRL · ACECHANDO · Oz=0.0 link=— · manos_feria_informe.json
[RANGO] PRLUSDT_LINEAL last=0.157 · río=ciego/muleta · mercado=linear · estado=ACECHANDO · dir=— · 0=0.1613 · Oz=— · Red=0.1545232 · manos=ON · pos=LONG 1308@0.18274767 · latido=1.50s
[RANGO] PRLUSDT_LINEAL last=0.157 · río=ciego/muleta · mercado=linear · estado=ACECHANDO · dir=— · 0=0.1613 · Oz=— · Red=0.1545232 · manos=ON · pos=LONG 1308@0.18274767 · latido=1.50s
[RANGO] autosello PRL · ACECHANDO · Oz=0.0 link=— · manos_feria_informe.json
[RANGO] PRLUSDT_LINEAL last=0.157 · río=ciego/muleta · mercado=linear · estado=ACECHANDO · dir=— · 0=0.1613 · Oz=— · Red=0.1545232 · manos=ON · pos=LONG 1308@0.18274767 · latido=1.50s
[RANGO] autosello PRL · ACECHANDO · Oz=0.0 link=— · manos_feria_informe.json
[RANGO] PRLUSDT_LINEAL last=0.157 · río=WS · mercado=linear · estado=ACECHANDO · dir=— · 0=0.1613 · Oz=— · Red=0.1545232 · manos=ON · pos=LONG 1308@0.18274767 · latido=1.50s
[RANGO] autosello PRL · ACECHANDO · Oz=0.0 link=— · manos_feria_informe.json
[RANGO] PRLUSDT_LINEAL last=0.1576 · río=WS · mercado=linear · estado=ACECHANDO · dir=— · 0=0.1613 · Oz=— · Red=0.1545232 · manos=ON · pos=LONG 1308@0.18274767 · latido=1.50s
[RANGO] PRLUSDT_LINEAL last=0.1576 · río=ciego/muleta · mercado=linear · estado=ACECHANDO · dir=— · 0=0.1613 · Oz=— · Red=0.1545232 · manos=ON · pos=LONG 1308@0.18274767 · latido=1.50s
[2026-08-31 13:38:17] [TUSK] RECONCILIACIÓN: ESPUSDT_LINEAL: interno L:0.000000/S:0.000000 -> real L:1190.000000/S:0.000000
[2026-08-31 13:38:17] [TUSK] RECONCILIACIÓN_FANTASMA: BEATUSDT_LINEAL existe interno pero no en exchange -> reseteando
[2026-08-31 13:38:17] [TUSK] RECONCILIACIÓN_OK: 2 frentes alineados con exchange
[RANGO] autosello PRL · ACECHANDO · Oz=0.0 link=— · manos_feria_informe.json
[RANGO] PRLUSDT_LINEAL last=0.1576 · río=ciego/muleta · mercado=linear · estado=ACECHANDO · dir=— · 0=0.1613 · Oz=— · Red=0.1545232 · manos=ON · pos=LONG 1308@0.18274767 · latido=1.50s
[RANGO] autosello PRL · ACECHANDO · Oz=0.0 link=— · manos_feria_informe.json
[RANGO] PRLUSDT_LINEAL last=0.1576 · río=ciego/muleta · mercado=linear · estado=ACECHANDO · dir=— · 0=0.1613 · Oz=— · Red=0.1545232 · manos=ON · pos=LONG 1308@0.18274767 · latido=1.50s
[RANGO] PRLUSDT_LINEAL last=0.1577 · río=WS · mercado=linear · estado=ACECHANDO · dir=— · 0=0.1613 · Oz=— · Red=0.1545232 · manos=ON · pos=LONG 1308@0.18274767 · latido=1.50s
[RANGO] autosello PRL · ACECHANDO · Oz=0.0 link=— · manos_feria_informe.json
[RANGO] PRLUSDT_LINEAL last=0.1576 · río=WS · mercado=linear · estado=ACECHANDO · dir=— · 0=0.1613 · Oz=— · Red=0.1545232 · manos=ON · pos=LONG 1308@0.18274767 · latido=1.50s
[RANGO] autosello PRL · ACECHANDO · Oz=0.0 link=— · manos_feria_informe.json
[RANGO] PRLUSDT_LINEAL last=0.1572 · río=WS · mercado=linear · estado=ACECHANDO · dir=— · 0=0.1613 · Oz=— · Red=0.1545232 · manos=ON · pos=LONG 1308@0.18274767 · latido=1.50s
[RANGO] PRLUSDT_LINEAL last=0.1572 · río=WS · mercado=linear · estado=ACECHANDO · dir=— · 0=0.1613 · Oz=— · Red=0.1545232 · manos=ON · pos=LONG 1308@0.18274767 · latido=1.50s
[RANGO] autosello PRL · ACECHANDO · Oz=0.0 link=— · manos_feria_informe.json
[RANGO] PRLUSDT_LINEAL last=0.1568 · río=WS · mercado=linear · estado=ACECHANDO · dir=— · 0=0.1613 · Oz=— · Red=0.1545232 · manos=ON · pos=LONG 1308@0.18274767 · latido=1.50s
[RANGO] autosello PRL · ACECHANDO · Oz=0.0 link=— · manos_feria_informe.json
[RANGO] PRLUSDT_LINEAL last=0.157 · río=WS · mercado=linear · estado=ACECHANDO · dir=— · 0=0.1613 · Oz=— · Red=0.1545232 · manos=ON · pos=LONG 1308@0.18274767 · latido=1.50s
[RANGO] PRLUSDT_LINEAL last=0.1566 · río=ciego/muleta · mercado=linear · estado=ACECHANDO · dir=— · 0=0.1613 · Oz=— · Red=0.1545232 · manos=ON · pos=LONG 1308@0.18274767 · latido=1.50s
[RANGO] autosello PRL · ACECHANDO · Oz=0.0 link=— · manos_feria_informe.json
[RANGO] PRLUSDT_LINEAL last=0.1567 · río=WS · mercado=linear · estado=ACECHANDO · dir=— · 0=0.1613 · Oz=— · Red=0.1545232 · manos=ON · pos=LONG 1308@0.18274767 · latido=1.50s
[RANGO] autosello PRL · ACECHANDO · Oz=0.0 link=— · manos_feria_informe.json
[RANGO] PRLUSDT_LINEAL last=0.1565 · río=WS · mercado=linear · estado=ACECHANDO · dir=— · 0=0.1613 · Oz=— · Red=0.1545232 · manos=ON · pos=LONG 1308@0.18274767 · latido=1.50s
[RANGO] PRLUSDT_LINEAL last=0.1568 · río=WS · mercado=linear · estado=ACECHANDO · dir=— · 0=0.1613 · Oz=— · Red=0.1545232 · manos=ON · pos=LONG 1308@0.18274767 · latido=1.50s
[RANGO] autosello PRL · ACECHANDO · Oz=0.0 link=— · manos_feria_informe.json
[RANGO] PRLUSDT_LINEAL last=0.1567 · río=WS · mercado=linear · estado=ACECHANDO · dir=— · 0=0.1613 · Oz=— · Red=0.1545232 · manos=ON · pos=LONG 1308@0.18274767 · latido=1.50s
[RANGO] autosello PRL · ACECHANDO · Oz=0.0 link=— · manos_feria_informe.json
[RANGO] PRLUSDT_LINEAL last=0.1571 · río=WS · mercado=linear · estado=ACECHANDO · dir=— · 0=0.1613 · Oz=— · Red=0.1545232 · manos=ON · pos=LONG 1308@0.18274767 · latido=1.50s
[RANGO] PRLUSDT_LINEAL last=0.1567 · río=WS · mercado=linear · estado=ACECHANDO · dir=— · 0=0.1613 · Oz=— · Red=0.1545232 · manos=ON · pos=LONG 1308@0.18274767 · latido=1.50s
[RANGO] autosello PRL · ACECHANDO · Oz=0.0 link=— · manos_feria_informe.json
[RANGO] PRLUSDT_LINEAL last=0.1567 · río=ciego/muleta · mercado=linear · estado=ACECHANDO · dir=— · 0=0.1613 · Oz=— · Red=0.1545232 · manos=ON · pos=LONG 1308@0.18274767 · latido=1.50s
[RANGO] autosello PRL · ACECHANDO · Oz=0.0 link=— · manos_feria_informe.json
[RANGO] PRLUSDT_LINEAL last=0.1567 · río=WS · mercado=linear · estado=ACECHANDO · dir=— · 0=0.1613 · Oz=— · Red=0.1545232 · manos=ON · pos=LONG 1308@0.18274767 · latido=1.50s
[RANGO] PRLUSDT_LINEAL last=0.157 · río=WS · mercado=linear · estado=ACECHANDO · dir=— · 0=0.1613 · Oz=— · Red=0.1545232 · manos=ON · pos=LONG 1308@0.18274767 · latido=1.50s
[RANGO] autosello PRL · ACECHANDO · Oz=0.0 link=— · manos_feria_informe.json
[RANGO] PRLUSDT_LINEAL last=0.1568 · río=WS · mercado=linear · estado=ACECHANDO · dir=— · 0=0.1613 · Oz=— · Red=0.1545232 · manos=ON · pos=LONG 1308@0.18274767 · latido=1.50s
[RANGO] autosello PRL · ACECHANDO · Oz=0.0 link=— · manos_feria_informe.json
[RANGO] PRLUSDT_LINEAL last=0.1569 · río=ciego/muleta · mercado=linear · estado=ACECHANDO · dir=— · 0=0.1613 · Oz=— · Red=0.1545232 · manos=ON · pos=LONG 1308@0.18274767 · latido=1.50s
[RANGO] PRLUSDT_LINEAL last=0.1569 · río=WS · mercado=linear · estado=ACECHANDO · dir=— · 0=0.1613 · Oz=— · Red=0.1545232 · manos=ON · pos=LONG 1308@0.18274767 · latido=1.50s
[RANGO] autosello PRL · ACECHANDO · Oz=0.0 link=— · manos_feria_informe.json
[RANGO] PRLUSDT_LINEAL last=0.1566 · río=WS · mercado=linear · estado=ACECHANDO · dir=— · 0=0.1613 · Oz=— · Red=0.1545232 · manos=ON · pos=LONG 1308@0.18274767 · latido=1.50s
[RANGO] autosello PRL · ACECHANDO · Oz=0.0 link=— · manos_feria_informe.json
[RANGO] PRLUSDT_LINEAL last=0.1569 · río=ciego/muleta · mercado=linear · estado=ACECHANDO · dir=— · 0=0.1613 · Oz=— · Red=0.1545232 · manos=ON · pos=LONG 1308@0.18274767 · latido=1.50s
[RANGO] autosello PRL · ACECHANDO · Oz=0.0 link=— · manos_feria_informe.json
[RANGO] PRLUSDT_LINEAL last=0.1568 · río=WS · mercado=linear · estado=ACECHANDO · dir=— · 0=0.1613 · Oz=— · Red=0.1545232 · manos=ON · pos=LONG 1308@0.18274767 · latido=1.50s
[RANGO] PRLUSDT_LINEAL last=0.1566 · río=ciego/muleta · mercado=linear · estado=ACECHANDO · dir=— · 0=0.1613 · Oz=— · Red=0.1545232 · manos=ON · pos=LONG 1308@0.18274767 · latido=1.50s
[RANGO] autosello PRL · ACECHANDO · Oz=0.0 link=— · manos_feria_informe.json
[RANGO] PRLUSDT_LINEAL last=0.1567 · río=WS · mercado=linear · estado=ACECHANDO · dir=— · 0=0.1613 · Oz=— · Red=0.1545232 · manos=ON · pos=LONG 1308@0.18274767 · latido=1.50s
[RANGO] autosello PRL · ACECHANDO · Oz=0.0 link=— · manos_feria_informe.json
[RANGO] PRLUSDT_LINEAL last=0.1566 · río=WS · mercado=linear · estado=ACECHANDO · dir=— · 0=0.1613 · Oz=— · Red=0.1545232 · manos=ON · pos=LONG 1308@0.18274767 · latido=1.50s
[RANGO] PRLUSDT_LINEAL last=0.1568 · río=WS · mercado=linear · estado=ACECHANDO · dir=— · 0=0.1613 · Oz=— · Red=0.1545232 · manos=ON · pos=LONG 1308@0.18274767 · latido=1.50s
[RANGO] autosello PRL · ACECHANDO · Oz=0.0 link=— · manos_feria_informe.json
[RANGO] PRLUSDT_LINEAL last=0.1565 · río=ciego/muleta · mercado=linear · estado=ACECHANDO · dir=— · 0=0.1613 · Oz=— · Red=0.1545232 · manos=ON · pos=LONG 1308@0.18274767 · latido=1.50s
[RANGO] autosello PRL · ACECHANDO · Oz=0.0 link=— · manos_feria_informe.json
[RANGO] PRLUSDT_LINEAL last=0.1567 · río=WS · mercado=linear · estado=ACECHANDO · dir=— · 0=0.1613 · Oz=— · Red=0.1545232 · manos=ON · pos=LONG 1308@0.18274767 · latido=1.50s
[RANGO] PRLUSDT_LINEAL last=0.1568 · río=WS · mercado=linear · estado=ACECHANDO · dir=— · 0=0.1613 · Oz=— · Red=0.1545232 · manos=ON · pos=LONG 1308@0.18274767 · latido=1.50s
[RANGO] autosello PRL · ACECHANDO · Oz=0.0 link=— · manos_feria_informe.json
[RANGO] PRLUSDT_LINEAL last=0.1567 · río=WS · mercado=linear · estado=ACECHANDO · dir=— · 0=0.1613 · Oz=— · Red=0.1545232 · manos=ON · pos=LONG 1308@0.18274767 · latido=1.50s
[RANGO] autosello PRL · ACECHANDO · Oz=0.0 link=— · manos_feria_informe.json
[RANGO] PRLUSDT_LINEAL last=0.1567 · río=ciego/muleta · mercado=linear · estado=ACECHANDO · dir=— · 0=0.1613 · Oz=— · Red=0.1545232 · manos=ON · pos=LONG 1308@0.18274767 · latido=1.50s
[RANGO] PRLUSDT_LINEAL last=0.1567 · río=ciego/muleta · mercado=linear · estado=ACECHANDO · dir=— · 0=0.1613 · Oz=— · Red=0.1545232 · manos=ON · pos=LONG 1308@0.18274767 · latido=1.50s
[RANGO] autosello PRL · ACECHANDO · Oz=0.0 link=— · manos_feria_informe.json
[RANGO] PRLUSDT_LINEAL last=0.1567 · río=ciego/muleta · mercado=linear · estado=ACECHANDO · dir=— · 0=0.1613 · Oz=— · Red=0.1545232 · manos=ON · pos=LONG 1308@0.18274767 · latido=1.50s
[RANGO] autosello PRL · ACECHANDO · Oz=0.0 link=— · manos_feria_informe.json
[RANGO] PRLUSDT_LINEAL last=0.1567 · río=WS · mercado=linear · estado=ACECHANDO · dir=— · 0=0.1613 · Oz=— · Red=0.1545232 · manos=ON · pos=LONG 1308@0.18274767 · latido=1.50s
[RANGO] PRLUSDT_LINEAL last=0.1567 · río=ciego/muleta · mercado=linear · estado=ACECHANDO · dir=— · 0=0.1613 · Oz=— · Red=0.1545232 · manos=ON · pos=LONG 1308@0.18274767 · latido=1.50s
[RANGO] autosello PRL · ACECHANDO · Oz=0.0 link=— · manos_feria_informe.json
[RANGO] PRLUSDT_LINEAL last=0.1567 · río=WS · mercado=linear · estado=ACECHANDO · dir=— · 0=0.1613 · Oz=— · Red=0.1545232 · manos=ON · pos=LONG 1308@0.18274767 · latido=1.50s
[RANGO] autosello PRL · ACECHANDO · Oz=0.0 link=— · manos_feria_informe.json
[RANGO] PRLUSDT_LINEAL last=0.1567 · río=ciego/muleta · mercado=linear · estado=ACECHANDO · dir=— · 0=0.1613 · Oz=— · Red=0.1545232 · manos=ON · pos=LONG 1308@0.18274767 · latido=1.50s
[RANGO] autosello PRL · ACECHANDO · Oz=0.0 link=— · manos_feria_informe.json
[RANGO] PRLUSDT_LINEAL last=0.1564 · río=ciego/muleta · mercado=linear · estado=ACECHANDO · dir=— · 0=0.1613 · Oz=— · Red=0.1545232 · manos=ON · pos=LONG 1308@0.18274767 · latido=1.50s
[RANGO] PRLUSDT_LINEAL last=0.1564 · río=ciego/muleta · mercado=linear · estado=ACECHANDO · dir=— · 0=0.1613 · Oz=— · Red=0.1545232 · manos=ON · pos=LONG 1308@0.18274767 · latido=1.50s
[RANGO] autosello PRL · ACECHANDO · Oz=0.0 link=— · manos_feria_informe.json
[RANGO] PRLUSDT_LINEAL last=0.1565 · río=WS · mercado=linear · estado=ACECHANDO · dir=— · 0=0.1613 · Oz=— · Red=0.1545232 · manos=ON · pos=LONG 1308@0.18274767 · latido=1.50s
[RANGO] autosello PRL · ACECHANDO · Oz=0.0 link=— · manos_feria_informe.json
[RANGO] PRLUSDT_LINEAL last=0.1564 · río=ciego/muleta · mercado=linear · estado=ACECHANDO · dir=— · 0=0.1613 · Oz=— · Red=0.1545232 · manos=ON · pos=LONG 1308@0.18274767 · latido=1.50s
[RANGO] PRLUSDT_LINEAL last=0.1564 · río=WS · mercado=linear · estado=ACECHANDO · dir=— · 0=0.1613 · Oz=— · Red=0.1545232 · manos=ON · pos=LONG 1308@0.18274767 · latido=1.50s
[RANGO] autosello PRL · ACECHANDO · Oz=0.0 link=— · manos_feria_informe.json
[RANGO] PRLUSDT_LINEAL last=0.1563 · río=WS · mercado=linear · estado=ACECHANDO · dir=— · 0=0.1613 · Oz=— · Red=0.1545232 · manos=ON · pos=LONG 1308@0.18274767 · latido=1.50s
[RANGO] autosello PRL · ACECHANDO · Oz=0.0 link=— · manos_feria_informe.json
[RANGO] PRLUSDT_LINEAL last=0.1565 · río=WS · mercado=linear · estado=ACECHANDO · dir=— · 0=0.1613 · Oz=— · Red=0.1545232 · manos=ON · pos=LONG 1308@0.18274767 · latido=1.50s
[RANGO] PRLUSDT_LINEAL last=0.1563 · río=ciego/muleta · mercado=linear · estado=ACECHANDO · dir=— · 0=0.1613 · Oz=— · Red=0.1545232 · manos=ON · pos=LONG 1308@0.18274767 · latido=1.50s
[RANGO] autosello PRL · ACECHANDO · Oz=0.0 link=— · manos_feria_informe.json
[RANGO] PRLUSDT_LINEAL last=0.1566 · río=WS · mercado=linear · estado=ACECHANDO · dir=— · 0=0.1613 · Oz=— · Red=0.1545232 · manos=ON · pos=LONG 1308@0.18274767 · latido=1.50s
[RANGO] autosello PRL · ACECHANDO · Oz=0.0 link=— · manos_feria_informe.json
[RANGO] PRLUSDT_LINEAL last=0.1563 · río=WS · mercado=linear · estado=ACECHANDO · dir=— · 0=0.1613 · Oz=— · Red=0.1545232 · manos=ON · pos=LONG 1308@0.18274767 · latido=1.50s
[RANGO] PRLUSDT_LINEAL last=0.1566 · río=WS · mercado=linear · estado=ACECHANDO · dir=— · 0=0.1613 · Oz=— · Red=0.1545232 · manos=ON · pos=LONG 1308@0.18274767 · latido=1.50s
[RANGO] autosello PRL · ACECHANDO · Oz=0.0 link=— · manos_feria_informe.json
[RANGO] PRLUSDT_LINEAL last=0.1563 · río=WS · mercado=linear · estado=ACECHANDO · dir=— · 0=0.1613 · Oz=— · Red=0.1545232 · manos=ON · pos=LONG 1308@0.18274767 · latido=1.50s
[RANGO] autosello PRL · ACECHANDO · Oz=0.0 link=— · manos_feria_informe.json
[RANGO] PRLUSDT_LINEAL last=0.1563 · río=WS · mercado=linear · estado=ACECHANDO · dir=— · 0=0.1613 · Oz=— · Red=0.1545232 · manos=ON · pos=LONG 1308@0.18274767 · latido=1.50s
[RANGO] PRLUSDT_LINEAL last=0.1563 · río=WS · mercado=linear · estado=ACECHANDO · dir=— · 0=0.1613 · Oz=— · Red=0.1545232 · manos=ON · pos=LONG 1308@0.18274767 · latido=1.50s
[RANGO] autosello PRL · ACECHANDO · Oz=0.0 link=— · manos_feria_informe.json
[RANGO] PRLUSDT_LINEAL last=0.1566 · río=WS · mercado=linear · estado=ACECHANDO · dir=— · 0=0.1613 · Oz=— · Red=0.1545232 · manos=ON · pos=LONG 1308@0.18274767 · latido=1.50s
[RANGO] autosello PRL · ACECHANDO · Oz=0.0 link=— · manos_feria_informe.json
[RANGO] PRLUSDT_LINEAL last=0.1563 · río=WS · mercado=linear · estado=ACECHANDO · dir=— · 0=0.1613 · Oz=— · Red=0.1545232 · manos=ON · pos=LONG 1308@0.18274767 · latido=1.50s
[RANGO] PRLUSDT_LINEAL last=0.1564 · río=WS · mercado=linear · estado=ACECHANDO · dir=— · 0=0.1613 · Oz=— · Red=0.1545232 · manos=ON · pos=LONG 1308@0.18274767 · latido=1.50s
[RANGO] autosello PRL · ACECHANDO · Oz=0.0 link=— · manos_feria_informe.json
[RANGO] PRLUSDT_LINEAL last=0.1562 · río=WS · mercado=linear · estado=ACECHANDO · dir=— · 0=0.1613 · Oz=— · Red=0.1545232 · manos=ON · pos=LONG 1308@0.18274767 · latido=1.50s
[RANGO] autosello PRL · ACECHANDO · Oz=0.0 link=— · manos_feria_informe.json
[RANGO] PRLUSDT_LINEAL last=0.1564 · río=WS · mercado=linear · estado=ACECHANDO · dir=— · 0=0.1613 · Oz=— · Red=0.1545232 · manos=ON · pos=LONG 1308@0.18274767 · latido=1.50s
[RANGO] PRLUSDT_LINEAL last=0.1563 · río=WS · mercado=linear · estado=ACECHANDO · dir=— · 0=0.1613 · Oz=— · Red=0.1545232 · manos=ON · pos=LONG 1308@0.18274767 · latido=1.50s
[RANGO] autosello PRL · ACECHANDO · Oz=0.0 link=— · manos_feria_informe.json
[RANGO] PRLUSDT_LINEAL last=0.1563 · río=ciego/muleta · mercado=linear · estado=ACECHANDO · dir=— · 0=0.1613 · Oz=— · Red=0.1545232 · manos=ON · pos=LONG 1308@0.18274767 · latido=1.50s
[RANGO] autosello PRL · ACECHANDO · Oz=0.0 link=— · manos_feria_informe.json
[RANGO] PRLUSDT_LINEAL last=0.1564 · río=ciego/muleta · mercado=linear · estado=ACECHANDO · dir=— · 0=0.1613 · Oz=— · Red=0.1545232 · manos=ON · pos=LONG 1308@0.18274767 · latido=1.50s
[RANGO] autosello PRL · ACECHANDO · Oz=0.0 link=— · manos_feria_informe.json
[RANGO] PRLUSDT_LINEAL last=0.1563 · río=WS · mercado=linear · estado=ACECHANDO · dir=— · 0=0.1613 · Oz=— · Red=0.1545232 · manos=ON · pos=LONG 1308@0.18274767 · latido=1.50s
[RANGO] PRLUSDT_LINEAL last=0.1563 · río=WS · mercado=linear · estado=ACECHANDO · dir=— · 0=0.1613 · Oz=— · Red=0.1545232 · manos=ON · pos=LONG 1308@0.18274767 · latido=1.50s
[RANGO] autosello PRL · ACECHANDO · Oz=0.0 link=— · manos_feria_informe.json
[RANGO] PRLUSDT_LINEAL last=0.1564 · río=WS · mercado=linear · estado=ACECHANDO · dir=— · 0=0.1613 · Oz=— · Red=0.1545232 · manos=ON · pos=LONG 1308@0.18274767 · latido=1.50s
[RANGO] autosello PRL · ACECHANDO · Oz=0.0 link=— · manos_feria_informe.json
[RANGO] PRLUSDT_LINEAL last=0.1563 · río=WS · mercado=linear · estado=ACECHANDO · dir=— · 0=0.1613 · Oz=— · Red=0.1545232 · manos=ON · pos=LONG 1308@0.18274767 · latido=1.50s
[RANGO] PRLUSDT_LINEAL last=0.1564 · río=WS · mercado=linear · estado=ACECHANDO · dir=— · 0=0.1613 · Oz=— · Red=0.1545232 · manos=ON · pos=LONG 1308@0.18274767 · latido=1.50s
[RANGO] autosello PRL · ACECHANDO · Oz=0.0 link=— · manos_feria_informe.json
[RANGO] PRLUSDT_LINEAL last=0.1562 · río=WS · mercado=linear · estado=ACECHANDO · dir=— · 0=0.1613 · Oz=— · Red=0.1545232 · manos=ON · pos=LONG 1308@0.18274767 · latido=1.50s
[RANGO] autosello PRL · ACECHANDO · Oz=0.0 link=— · manos_feria_informe.json
[RANGO] PRLUSDT_LINEAL last=0.1561 · río=ciego/muleta · mercado=linear · estado=ACECHANDO · dir=— · 0=0.1613 · Oz=— · Red=0.1545232 · manos=ON · pos=LONG 1308@0.18274767 · latido=1.50s
[RANGO] PRLUSDT_LINEAL last=0.1562 · río=WS · mercado=linear · estado=ACECHANDO · dir=— · 0=0.1613 · Oz=— · Red=0.1545232 · manos=ON · pos=LONG 1308@0.18274767 · latido=1.50s
[RANGO] autosello PRL · ACECHANDO · Oz=0.0 link=— · manos_feria_informe.json
[RANGO] PRLUSDT_LINEAL last=0.1564 · río=WS · mercado=linear · estado=ACECHANDO · dir=— · 0=0.1613 · Oz=— · Red=0.1545232 · manos=ON · pos=LONG 1308@0.18274767 · latido=1.50s
[RANGO] autosello PRL · ACECHANDO · Oz=0.0 link=— · manos_feria_informe.json
[RANGO] PRLUSDT_LINEAL last=0.1564 · río=WS · mercado=linear · estado=ACECHANDO · dir=— · 0=0.1613 · Oz=— · Red=0.1545232 · manos=ON · pos=LONG 1308@0.18274767 · latido=1.50s
[2026-08-31 13:50:33] [TUSK] RECONCILIACIÓN: MARAUSDT_LINEAL: interno L:0.000000/S:0.000000 -> real L:0.000000/S:0.470000
[2026-08-31 13:50:33] [TUSK] RECONCILIACIÓN: CRDOUSDT_LINEAL: interno L:0.000000/S:0.000000 -> real L:0.200000/S:0.000000
[2026-08-31 13:50:33] [TUSK] RECONCILIACIÓN: MVLLUSDT_LINEAL: interno L:0.000000/S:0.000000 -> real L:3.560000/S:0.000000
[2026-08-31 13:50:33] [TUSK] RECONCILIACIÓN_FANTASMA: MRVLUSDT_LINEAL existe interno pero no en exchange -> reseteando
[2026-08-31 13:50:33] [TUSK] RECONCILIACIÓN_FANTASMA: ESPUSDT_LINEAL existe interno pero no en exchange -> reseteando
[2026-08-31 13:50:33] [TUSK] RECONCILIACIÓN_FANTASMA: PEOPLEUSDT_LINEAL existe interno pero no en exchange -> reseteando
[2026-08-31 13:50:33] [TUSK] RECONCILIACIÓN_OK: 6 frentes alineados con exchange
[RANGO] PRLUSDT_LINEAL last=0.1562 · río=ciego/muleta · mercado=linear · estado=ACECHANDO · dir=— · 0=0.1613 · Oz=— · Red=0.1545232 · manos=ON · pos=LONG 1308@0.18274767 · latido=1.50s
[RANGO] autosello PRL · ACECHANDO · Oz=0.0 link=— · manos_feria_informe.json
[RANGO] PRLUSDT_LINEAL last=0.1564 · río=WS · mercado=linear · estado=ACECHANDO · dir=— · 0=0.1613 · Oz=— · Red=0.1545232 · manos=ON · pos=LONG 1308@0.18274767 · latido=1.50s
[RANGO] autosello PRL · ACECHANDO · Oz=0.0 link=— · manos_feria_informe.json
[RANGO] PRLUSDT_LINEAL last=0.1564 · río=WS · mercado=linear · estado=ACECHANDO · dir=— · 0=0.1613 · Oz=— · Red=0.1545232 · manos=ON · pos=LONG 1308@0.18274767 · latido=1.50s
[RANGO] PRLUSDT_LINEAL last=0.1563 · río=WS · mercado=linear · estado=ACECHANDO · dir=— · 0=0.1613 · Oz=— · Red=0.1545232 · manos=ON · pos=LONG 1308@0.18274767 · latido=1.50s
[RANGO] autosello PRL · ACECHANDO · Oz=0.0 link=— · manos_feria_informe.json
[RANGO] PRLUSDT_LINEAL last=0.1562 · río=WS · mercado=linear · estado=ACECHANDO · dir=— · 0=0.1613 · Oz=— · Red=0.1545232 · manos=ON · pos=LONG 1308@0.18274767 · latido=1.50s
[RANGO] autosello PRL · ACECHANDO · Oz=0.0 link=— · manos_feria_informe.json
[RANGO] PRLUSDT_LINEAL last=0.1564 · río=WS · mercado=linear · estado=ACECHANDO · dir=— · 0=0.1613 · Oz=— · Red=0.1545232 · manos=ON · pos=LONG 1308@0.18274767 · latido=1.50s
[RANGO] PRLUSDT_LINEAL last=0.1564 · río=ciego/muleta · mercado=linear · estado=ACECHANDO · dir=— · 0=0.1613 · Oz=— · Red=0.1545232 · manos=ON · pos=LONG 1308@0.18274767 · latido=1.50s
[RANGO] autosello PRL · ACECHANDO · Oz=0.0 link=— · manos_feria_informe.json
[RANGO] PRLUSDT_LINEAL last=0.1564 · río=WS · mercado=linear · estado=ACECHANDO · dir=— · 0=0.1613 · Oz=— · Red=0.1545232 · manos=ON · pos=LONG 1308@0.18274767 · latido=1.50s
[RANGO] autosello PRL · ACECHANDO · Oz=0.0 link=— · manos_feria_informe.json
[RANGO] PRLUSDT_LINEAL last=0.1566 · río=WS · mercado=linear · estado=ACECHANDO · dir=— · 0=0.1613 · Oz=— · Red=0.1545232 · manos=ON · pos=LONG 1308@0.18274767 · latido=1.50s
[RANGO] PRLUSDT_LINEAL last=0.1569 · río=WS · mercado=linear · estado=ACECHANDO · dir=— · 0=0.1613 · Oz=— · Red=0.1545232 · manos=ON · pos=LONG 1308@0.18274767 · latido=1.50s
[RANGO] autosello PRL · ACECHANDO · Oz=0.0 link=— · manos_feria_informe.json
[RANGO] PRLUSDT_LINEAL last=0.1567 · río=ciego/muleta · mercado=linear · estado=ACECHANDO · dir=— · 0=0.1613 · Oz=— · Red=0.1545232 · manos=ON · pos=LONG 1308@0.18274767 · latido=1.50s
[RANGO] autosello PRL · ACECHANDO · Oz=0.0 link=— · manos_feria_informe.json
[RANGO] PRLUSDT_LINEAL last=0.1565 · río=WS · mercado=linear · estado=ACECHANDO · dir=— · 0=0.1613 · Oz=— · Red=0.1545232 · manos=ON · pos=LONG 1308@0.18274767 · latido=1.50s
[RANGO] PRLUSDT_LINEAL last=0.1568 · río=WS · mercado=linear · estado=ACECHANDO · dir=— · 0=0.1613 · Oz=— · Red=0.1545232 · manos=ON · pos=LONG 1308@0.18274767 · latido=1.50s
[RANGO] autosello PRL · ACECHANDO · Oz=0.0 link=— · manos_feria_informe.json
[RANGO] PRLUSDT_LINEAL last=0.1566 · río=WS · mercado=linear · estado=ACECHANDO · dir=— · 0=0.1613 · Oz=— · Red=0.1545232 · manos=ON · pos=LONG 1308@0.18274767 · latido=1.50s
[RANGO] autosello PRL · ACECHANDO · Oz=0.0 link=— · manos_feria_informe.json
[RANGO] PRLUSDT_LINEAL last=0.1568 · río=WS · mercado=linear · estado=ACECHANDO · dir=— · 0=0.1613 · Oz=— · Red=0.1545232 · manos=ON · pos=LONG 1308@0.18274767 · latido=1.50s
[RANGO] PRLUSDT_LINEAL last=0.1565 · río=WS · mercado=linear · estado=ACECHANDO · dir=— · 0=0.1613 · Oz=— · Red=0.1545232 · manos=ON · pos=LONG 1308@0.18274767 · latido=1.50s
[RANGO] autosello PRL · ACECHANDO · Oz=0.0 link=— · manos_feria_informe.json
[RANGO] PRLUSDT_LINEAL last=0.1567 · río=WS · mercado=linear · estado=ACECHANDO · dir=— · 0=0.1613 · Oz=— · Red=0.1545232 · manos=ON · pos=LONG 1308@0.18274767 · latido=1.50s
[RANGO] autosello PRL · ACECHANDO · Oz=0.0 link=— · manos_feria_informe.json
[RANGO] PRLUSDT_LINEAL last=0.1566 · río=ciego/muleta · mercado=linear · estado=ACECHANDO · dir=— · 0=0.1613 · Oz=— · Red=0.1545232 · manos=ON · pos=LONG 1308@0.18274767 · latido=1.50s
[2026-08-31 13:53:37] [TUSK] RECONCILIACIÓN: SAMSUNGUSDT_LINEAL: interno L:0.000000/S:0.000000 -> real L:0.000000/S:0.110000
[2026-08-31 13:53:37] [TUSK] RECONCILIACIÓN_FANTASMA: USARUSDT_LINEAL existe interno pero no en exchange -> reseteando
[2026-08-31 13:53:37] [TUSK] RECONCILIACIÓN_OK: 2 frentes alineados con exchange
[RANGO] PRLUSDT_LINEAL last=0.1564 · río=WS · mercado=linear · estado=ACECHANDO · dir=— · 0=0.1613 · Oz=— · Red=0.1545232 · manos=ON · pos=LONG 1308@0.18274767 · latido=1.50s
[RANGO] autosello PRL · ACECHANDO · Oz=0.0 link=— · manos_feria_informe.json
[RANGO] PRLUSDT_LINEAL last=0.1564 · río=WS · mercado=linear · estado=ACECHANDO · dir=— · 0=0.1613 · Oz=— · Red=0.1545232 · manos=ON · pos=LONG 1308@0.18274767 · latido=1.50s
[RANGO] autosello PRL · ACECHANDO · Oz=0.0 link=— · manos_feria_informe.json
[RANGO] PRLUSDT_LINEAL last=0.1566 · río=ciego/muleta · mercado=linear · estado=ACECHANDO · dir=— · 0=0.1613 · Oz=— · Red=0.1545232 · manos=ON · pos=LONG 1308@0.18274767 · latido=1.50s
[RANGO] PRLUSDT_LINEAL last=0.1565 · río=WS · mercado=linear · estado=ACECHANDO · dir=— · 0=0.1613 · Oz=— · Red=0.1545232 · manos=ON · pos=LONG 1308@0.18274767 · latido=1.50s
[RANGO] autosello PRL · ACECHANDO · Oz=0.0 link=— · manos_feria_informe.json
[RANGO] PRLUSDT_LINEAL last=0.1566 · río=WS · mercado=linear · estado=ACECHANDO · dir=— · 0=0.1613 · Oz=— · Red=0.1545232 · manos=ON · pos=LONG 1308@0.18274767 · latido=1.50s
[RANGO] autosello PRL · ACECHANDO · Oz=0.0 link=— · manos_feria_informe.json
[RANGO] PRLUSDT_LINEAL last=0.1565 · río=ciego/muleta · mercado=linear · estado=ACECHANDO · dir=— · 0=0.1613 · Oz=— · Red=0.1545232 · manos=ON · pos=LONG 1308@0.18274767 · latido=1.50s
[RANGO] autosello PRL · ACECHANDO · Oz=0.0 link=— · manos_feria_informe.json
[RANGO] PRLUSDT_LINEAL last=0.1563 · río=WS · mercado=linear · estado=ACECHANDO · dir=— · 0=0.1613 · Oz=— · Red=0.1545232 · manos=ON · pos=LONG 1308@0.18274767 · latido=1.50s
[RANGO] PRLUSDT_LINEAL last=0.1563 · río=WS · mercado=linear · estado=ACECHANDO · dir=— · 0=0.1613 · Oz=— · Red=0.1545232 · manos=ON · pos=LONG 1308@0.18274767 · latido=1.50s
[RANGO] autosello PRL · ACECHANDO · Oz=0.0 link=— · manos_feria_informe.json
[RANGO] PRLUSDT_LINEAL last=0.1563 · río=WS · mercado=linear · estado=ACECHANDO · dir=— · 0=0.1613 · Oz=— · Red=0.1545232 · manos=ON · pos=LONG 1308@0.18274767 · latido=1.50s
[RANGO] autosello PRL · ACECHANDO · Oz=0.0 link=— · manos_feria_informe.json
[RANGO] PRLUSDT_LINEAL last=0.1563 · río=ciego/muleta · mercado=linear · estado=ACECHANDO · dir=— · 0=0.1613 · Oz=— · Red=0.1545232 · manos=ON · pos=LONG 1308@0.18274767 · latido=1.50s
[RANGO] PRLUSDT_LINEAL last=0.1564 · río=WS · mercado=linear · estado=ACECHANDO · dir=— · 0=0.1613 · Oz=— · Red=0.1545232 · manos=ON · pos=LONG 1308@0.18274767 · latido=1.50s
[RANGO] autosello PRL · ACECHANDO · Oz=0.0 link=— · manos_feria_informe.json
[RANGO] PRLUSDT_LINEAL last=0.1563 · río=ciego/muleta · mercado=linear · estado=ACECHANDO · dir=— · 0=0.1613 · Oz=— · Red=0.1545232 · manos=ON · pos=LONG 1308@0.18274767 · latido=1.50s
[RANGO] autosello PRL · ACECHANDO · Oz=0.0 link=— · manos_feria_informe.json
[RANGO] PRLUSDT_LINEAL last=0.1563 · río=ciego/muleta · mercado=linear · estado=ACECHANDO · dir=— · 0=0.1613 · Oz=— · Red=0.1545232 · manos=ON · pos=LONG 1308@0.18274767 · latido=1.50s
[RANGO] PRLUSDT_LINEAL last=0.1563 · río=WS · mercado=linear · estado=ACECHANDO · dir=— · 0=0.1613 · Oz=— · Red=0.1545232 · manos=ON · pos=LONG 1308@0.18274767 · latido=1.50s
[RANGO] autosello PRL · ACECHANDO · Oz=0.0 link=— · manos_feria_informe.json
[RANGO] PRLUSDT_LINEAL last=0.1563 · río=WS · mercado=linear · estado=ACECHANDO · dir=— · 0=0.1613 · Oz=— · Red=0.1545232 · manos=ON · pos=LONG 1308@0.18274767 · latido=1.50s
[RANGO] autosello PRL · ACECHANDO · Oz=0.0 link=— · manos_feria_informe.json
[RANGO] PRLUSDT_LINEAL last=0.1566 · río=WS · mercado=linear · estado=ACECHANDO · dir=— · 0=0.1613 · Oz=— · Red=0.1545232 · manos=ON · pos=LONG 1308@0.18274767 · latido=1.50s
[RANGO] PRLUSDT_LINEAL last=0.1565 · río=WS · mercado=linear · estado=ACECHANDO · dir=— · 0=0.1613 · Oz=— · Red=0.1545232 · manos=ON · pos=LONG 1308@0.18274767 · latido=1.50s
[RANGO] autosello PRL · ACECHANDO · Oz=0.0 link=— · manos_feria_informe.json
[RANGO] PRLUSDT_LINEAL last=0.1565 · río=ciego/muleta · mercado=linear · estado=ACECHANDO · dir=— · 0=0.1613 · Oz=— · Red=0.1545232 · manos=ON · pos=LONG 1308@0.18274767 · latido=1.50s
[RANGO] autosello PRL · ACECHANDO · Oz=0.0 link=— · manos_feria_informe.json
[RANGO] PRLUSDT_LINEAL last=0.1565 · río=ciego/muleta · mercado=linear · estado=ACECHANDO · dir=— · 0=0.1613 · Oz=— · Red=0.1545232 · manos=ON · pos=LONG 1308@0.18274767 · latido=1.50s
[RANGO] autosello PRL · ACECHANDO · Oz=0.0 link=— · manos_feria_informe.json
[RANGO] PRLUSDT_LINEAL last=0.1565 · río=WS · mercado=linear · estado=ACECHANDO · dir=— · 0=0.1613 · Oz=— · Red=0.1545232 · manos=ON · pos=LONG 1308@0.18274767 · latido=1.50s
[RANGO] PRLUSDT_LINEAL last=0.1566 · río=WS · mercado=linear · estado=ACECHANDO · dir=— · 0=0.1613 · Oz=— · Red=0.1545232 · manos=ON · pos=LONG 1308@0.18274767 · latido=1.50s
[RANGO] autosello PRL · ACECHANDO · Oz=0.0 link=— · manos_feria_informe.json
[RANGO] PRLUSDT_LINEAL last=0.1566 · río=WS · mercado=linear · estado=ACECHANDO · dir=— · 0=0.1613 · Oz=— · Red=0.1545232 · manos=ON · pos=LONG 1308@0.18274767 · latido=1.50s
[RANGO] autosello PRL · ACECHANDO · Oz=0.0 link=— · manos_feria_informe.json
[RANGO] PRLUSDT_LINEAL last=0.1565 · río=ciego/muleta · mercado=linear · estado=ACECHANDO · dir=— · 0=0.1613 · Oz=— · Red=0.1545232 · manos=ON · pos=LONG 1308@0.18274767 · latido=1.50s
[RANGO] PRLUSDT_LINEAL last=0.1565 · río=ciego/muleta · mercado=linear · estado=ACECHANDO · dir=— · 0=0.1613 · Oz=— · Red=0.1545232 · manos=ON · pos=LONG 1308@0.18274767 · latido=1.50s
[RANGO] autosello PRL · ACECHANDO · Oz=0.0 link=— · manos_feria_informe.json
[RANGO] PRLUSDT_LINEAL last=0.1568 · río=WS · mercado=linear · estado=ACECHANDO · dir=— · 0=0.1613 · Oz=— · Red=0.1545232 · manos=ON · pos=LONG 1308@0.18274767 · latido=1.50s
[RANGO] autosello PRL · ACECHANDO · Oz=0.0 link=— · manos_feria_informe.json
[RANGO] PRLUSDT_LINEAL last=0.1566 · río=WS · mercado=linear · estado=ACECHANDO · dir=— · 0=0.1613 · Oz=— · Red=0.1545232 · manos=ON · pos=LONG 1308@0.18274767 · latido=1.50s
[RANGO] PRLUSDT_LINEAL last=0.1567 · río=WS · mercado=linear · estado=ACECHANDO · dir=— · 0=0.1613 · Oz=— · Red=0.1545232 · manos=ON · pos=LONG 1308@0.18274767 · latido=1.50s
[RANGO] autosello PRL · ACECHANDO · Oz=0.0 link=— · manos_feria_informe.json
[RANGO] PRLUSDT_LINEAL last=0.1566 · río=WS · mercado=linear · estado=ACECHANDO · dir=— · 0=0.1613 · Oz=— · Red=0.1545232 · manos=ON · pos=LONG 1308@0.18274767 · latido=1.50s
[RANGO] autosello PRL · ACECHANDO · Oz=0.0 link=— · manos_feria_informe.json
[RANGO] PRLUSDT_LINEAL last=0.1567 · río=WS · mercado=linear · estado=ACECHANDO · dir=— · 0=0.1613 · Oz=— · Red=0.1545232 · manos=ON · pos=LONG 1308@0.18274767 · latido=1.50s
[RANGO] PRLUSDT_LINEAL last=0.1567 · río=ciego/muleta · mercado=linear · estado=ACECHANDO · dir=— · 0=0.1613 · Oz=— · Red=0.1545232 · manos=ON · pos=LONG 1308@0.18274767 · latido=1.50s
[RANGO] autosello PRL · ACECHANDO · Oz=0.0 link=— · manos_feria_informe.json
[RANGO] PRLUSDT_LINEAL last=0.1567 · río=ciego/muleta · mercado=linear · estado=ACECHANDO · dir=— · 0=0.1613 · Oz=— · Red=0.1545232 · manos=ON · pos=LONG 1308@0.18274767 · latido=1.50s
[RANGO] autosello PRL · ACECHANDO · Oz=0.0 link=— · manos_feria_informe.json
[RANGO] PRLUSDT_LINEAL last=0.1564 · río=WS · mercado=linear · estado=ACECHANDO · dir=— · 0=0.1613 · Oz=— · Red=0.1545232 · manos=ON · pos=LONG 1308@0.18274767 · latido=1.50s
[RANGO] PRLUSDT_LINEAL last=0.1565 · río=ciego/muleta · mercado=linear · estado=ACECHANDO · dir=— · 0=0.1613 · Oz=— · Red=0.1545232 · manos=ON · pos=LONG 1308@0.18274767 · latido=1.50s
[RANGO] autosello PRL · ACECHANDO · Oz=0.0 link=— · manos_feria_informe.json
[RANGO] PRLUSDT_LINEAL last=0.1565 · río=WS · mercado=linear · estado=ACECHANDO · dir=— · 0=0.1613 · Oz=— · Red=0.1545232 · manos=ON · pos=LONG 1308@0.18274767 · latido=1.50s
[RANGO] autosello PRL · ACECHANDO · Oz=0.0 link=— · manos_feria_informe.json
[RANGO] PRLUSDT_LINEAL last=0.1568 · río=WS · mercado=linear · estado=ACECHANDO · dir=— · 0=0.1613 · Oz=— · Red=0.1545232 · manos=ON · pos=LONG 1308@0.18274767 · latido=1.50s
[RANGO] PRLUSDT_LINEAL last=0.1568 · río=WS · mercado=linear · estado=ACECHANDO · dir=— · 0=0.1613 · Oz=— · Red=0.1545232 · manos=ON · pos=LONG 1308@0.18274767 · latido=1.50s
[RANGO] autosello PRL · ACECHANDO · Oz=0.0 link=— · manos_feria_informe.json
[RANGO] PRLUSDT_LINEAL last=0.1566 · río=ciego/muleta · mercado=linear · estado=ACECHANDO · dir=— · 0=0.1613 · Oz=— · Red=0.1545232 · manos=ON · pos=LONG 1308@0.18274767 · latido=1.50s
[RANGO] autosello PRL · ACECHANDO · Oz=0.0 link=— · manos_feria_informe.json
[RANGO] PRLUSDT_LINEAL last=0.1566 · río=WS · mercado=linear · estado=ACECHANDO · dir=— · 0=0.1613 · Oz=— · Red=0.1545232 · manos=ON · pos=LONG 1308@0.18274767 · latido=1.50s
[RANGO] PRLUSDT_LINEAL last=0.1568 · río=WS · mercado=linear · estado=ACECHANDO · dir=— · 0=0.1613 · Oz=— · Red=0.1545232 · manos=ON · pos=LONG 1308@0.18274767 · latido=1.50s
[RANGO] autosello PRL · ACECHANDO · Oz=0.0 link=— · manos_feria_informe.json
[RANGO] PRLUSDT_LINEAL last=0.1567 · río=WS · mercado=linear · estado=ACECHANDO · dir=— · 0=0.1613 · Oz=— · Red=0.1545232 · manos=ON · pos=LONG 1308@0.18274767 · latido=1.50s
[RANGO] autosello PRL · ACECHANDO · Oz=0.0 link=— · manos_feria_informe.json
[RANGO] PRLUSDT_LINEAL last=0.1567 · río=WS · mercado=linear · estado=ACECHANDO · dir=— · 0=0.1613 · Oz=— · Red=0.1545232 · manos=ON · pos=LONG 1308@0.18274767 · latido=1.50s
[RANGO] PRLUSDT_LINEAL last=0.1566 · río=ciego/muleta · mercado=linear · estado=ACECHANDO · dir=— · 0=0.1613 · Oz=— · Red=0.1545232 · manos=ON · pos=LONG 1308@0.18274767 · latido=1.50s
[RANGO] autosello PRL · ACECHANDO · Oz=0.0 link=— · manos_feria_informe.json
[2026-08-31 14:00:46] [TUSK] RECONCILIACIÓN: AKTUSDT_LINEAL: interno L:0.000000/S:0.000000 -> real L:209.400000/S:0.000000
[2026-08-31 14:00:46] [TUSK] RECONCILIACIÓN: SAFEUSDT_LINEAL: interno L:0.000000/S:0.000000 -> real L:0.000000/S:46.600000
[2026-08-31 14:00:46] [TUSK] RECONCILIACIÓN: AIGENSYNUSDT_LINEAL: interno L:0.000000/S:0.000000 -> real L:1230.000000/S:0.000000
[2026-08-31 14:00:46] [TUSK] RECONCILIACIÓN: LSKUSDT_LINEAL: interno L:0.000000/S:0.000000 -> real L:94.400000/S:0.000000
[2026-08-31 14:00:46] [TUSK] RECONCILIACIÓN: ZBTUSDT_LINEAL: interno L:0.000000/S:0.000000 -> real L:0.000000/S:230.800000
[2026-08-31 14:00:46] [TUSK] RECONCILIACIÓN: CROSSUSDT_LINEAL: interno L:0.000000/S:0.000000 -> real L:700.000000/S:0.000000
[2026-08-31 14:00:46] [TUSK] RECONCILIACIÓN: HUSDT_LINEAL: interno L:0.000000/S:0.000000 -> real L:210.000000/S:0.000000
[2026-08-31 14:00:46] [TUSK] RECONCILIACIÓN: ACUUSDT_LINEAL: interno L:0.000000/S:0.000000 -> real L:215.000000/S:0.000000
[2026-08-31 14:00:46] [TUSK] RECONCILIACIÓN: ZEREBROUSDT_LINEAL: interno L:0.000000/S:0.000000 -> real L:0.000000/S:686.000000
[2026-08-31 14:00:46] [TUSK] RECONCILIACIÓN: AEROUSDT_LINEAL: interno L:0.000000/S:0.000000 -> real L:70.000000/S:0.000000
[2026-08-31 14:00:46] [TUSK] RECONCILIACIÓN: ARCUSDT_LINEAL: interno L:0.000000/S:0.000000 -> real L:45.000000/S:0.000000
[2026-08-31 14:00:46] [TUSK] RECONCILIACIÓN_FANTASMA: BSPUSDT_LINEAL existe interno pero no en exchange -> reseteando
[2026-08-31 14:00:46] [TUSK] RECONCILIACIÓN_FANTASMA: MVLLUSDT_LINEAL existe interno pero no en exchange -> reseteando
[2026-08-31 14:00:46] [TUSK] RECONCILIACIÓN_FANTASMA: CRDOUSDT_LINEAL existe interno pero no en exchange -> reseteando
[2026-08-31 14:00:46] [TUSK] RECONCILIACIÓN_FANTASMA: WDCUSDT_LINEAL existe interno pero no en exchange -> reseteando
[2026-08-31 14:00:46] [TUSK] RECONCILIACIÓN_FANTASMA: ZKPUSDT_LINEAL existe interno pero no en exchange -> reseteando
[2026-08-31 14:00:46] [TUSK] RECONCILIACIÓN_FANTASMA: CRVUSDT_LINEAL existe interno pero no en exchange -> reseteando
[2026-08-31 14:00:46] [TUSK] RECONCILIACIÓN_FANTASMA: FWDIUSDT_LINEAL existe interno pero no en exchange -> reseteando
[2026-08-31 14:00:46] [TUSK] RECONCILIACIÓN_FANTASMA: ROBOUSDT_LINEAL existe interno pero no en exchange -> reseteando
[2026-08-31 14:00:46] [TUSK] RECONCILIACIÓN_FANTASMA: TERUSDT_LINEAL existe interno pero no en exchange -> reseteando
[2026-08-31 14:00:46] [TUSK] RECONCILIACIÓN_FANTASMA: ONDSUSDT_LINEAL existe interno pero no en exchange -> reseteando
[2026-08-31 14:00:46] [TUSK] RECONCILIACIÓN_FANTASMA: MARAUSDT_LINEAL existe interno pero no en exchange -> reseteando
[2026-08-31 14:00:46] [TUSK] RECONCILIACIÓN_OK: 22 frentes alineados con exchange
[RANGO] PRLUSDT_LINEAL last=0.1565 · río=WS · mercado=linear · estado=ACECHANDO · dir=— · 0=0.1613 · Oz=— · Red=0.1545232 · manos=ON · pos=LONG 1308@0.18274767 · latido=1.50s
[RANGO] autosello PRL · ACECHANDO · Oz=0.0 link=— · manos_feria_informe.json
[RANGO] PRLUSDT_LINEAL last=0.1569 · río=ciego/muleta · mercado=linear · estado=ACECHANDO · dir=— · 0=0.1613 · Oz=— · Red=0.1545232 · manos=ON · pos=LONG 1308@0.18274767 · latido=1.50s
[RANGO] autosello PRL · ACECHANDO · Oz=0.0 link=— · manos_feria_informe.json
[RANGO] PRLUSDT_LINEAL last=0.1571 · río=WS · mercado=linear · estado=ACECHANDO · dir=— · 0=0.1613 · Oz=— · Red=0.1545232 · manos=ON · pos=LONG 1308@0.18274767 · latido=1.50s
[RANGO] PRLUSDT_LINEAL last=0.157 · río=WS · mercado=linear · estado=ACECHANDO · dir=— · 0=0.1613 · Oz=— · Red=0.1545232 · manos=ON · pos=LONG 1308@0.18274767 · latido=1.50s
[RANGO] autosello PRL · ACECHANDO · Oz=0.0 link=— · manos_feria_informe.json
[RANGO] PRLUSDT_LINEAL last=0.1569 · río=WS · mercado=linear · estado=ACECHANDO · dir=— · 0=0.1613 · Oz=— · Red=0.1545232 · manos=ON · pos=LONG 1308@0.18274767 · latido=1.50s
[RANGO] autosello PRL · ACECHANDO · Oz=0.0 link=— · manos_feria_informe.json
[RANGO] PRLUSDT_LINEAL last=0.1569 · río=WS · mercado=linear · estado=ACECHANDO · dir=— · 0=0.1613 · Oz=— · Red=0.1545232 · manos=ON · pos=LONG 1308@0.18274767 · latido=1.50s
[RANGO] PRLUSDT_LINEAL last=0.1567 · río=ciego/muleta · mercado=linear · estado=ACECHANDO · dir=— · 0=0.1613 · Oz=— · Red=0.1545232 · manos=ON · pos=LONG 1308@0.18274767 · latido=1.50s
[RANGO] autosello PRL · ACECHANDO · Oz=0.0 link=— · manos_feria_informe.json
[RANGO] PRLUSDT_LINEAL last=0.1567 · río=ciego/muleta · mercado=linear · estado=ACECHANDO · dir=— · 0=0.1613 · Oz=— · Red=0.1545232 · manos=ON · pos=LONG 1308@0.18274767 · latido=1.50s
[RANGO] autosello PRL · ACECHANDO · Oz=0.0 link=— · manos_feria_informe.json
[RANGO] PRLUSDT_LINEAL last=0.1568 · río=WS · mercado=linear · estado=ACECHANDO · dir=— · 0=0.1613 · Oz=— · Red=0.1545232 · manos=ON · pos=LONG 1308@0.18274767 · latido=1.50s
[RANGO] PRLUSDT_LINEAL last=0.1568 · río=WS · mercado=linear · estado=ACECHANDO · dir=— · 0=0.1613 · Oz=— · Red=0.1545232 · manos=ON · pos=LONG 1308@0.18274767 · latido=1.50s
[RANGO] autosello PRL · ACECHANDO · Oz=0.0 link=— · manos_feria_informe.json
[RANGO] PRLUSDT_LINEAL last=0.1567 · río=WS · mercado=linear · estado=ACECHANDO · dir=— · 0=0.1613 · Oz=— · Red=0.1545232 · manos=ON · pos=LONG 1308@0.18274767 · latido=1.50s
[RANGO] autosello PRL · ACECHANDO · Oz=0.0 link=— · manos_feria_informe.json
[RANGO] PRLUSDT_LINEAL last=0.1566 · río=WS · mercado=linear · estado=ACECHANDO · dir=— · 0=0.1613 · Oz=— · Red=0.1545232 · manos=ON · pos=LONG 1308@0.18274767 · latido=1.50s
[RANGO] PRLUSDT_LINEAL last=0.1566 · río=WS · mercado=linear · estado=ACECHANDO · dir=— · 0=0.1613 · Oz=— · Red=0.1545232 · manos=ON · pos=LONG 1308@0.18274767 · latido=1.50s
[RANGO] autosello PRL · ACECHANDO · Oz=0.0 link=— · manos_feria_informe.json
[RANGO] PRLUSDT_LINEAL last=0.1563 · río=WS · mercado=linear · estado=ACECHANDO · dir=— · 0=0.1613 · Oz=— · Red=0.1545232 · manos=ON · pos=LONG 1308@0.18274767 · latido=1.50s
[RANGO] autosello PRL · ACECHANDO · Oz=0.0 link=— · manos_feria_informe.json
[RANGO] PRLUSDT_LINEAL last=0.1563 · río=WS · mercado=linear · estado=ACECHANDO · dir=— · 0=0.1613 · Oz=— · Red=0.1545232 · manos=ON · pos=LONG 1308@0.18274767 · latido=1.50s
[RANGO] PRLUSDT_LINEAL last=0.1562 · río=WS · mercado=linear · estado=ACECHANDO · dir=— · 0=0.1613 · Oz=— · Red=0.1545232 · manos=ON · pos=LONG 1308@0.18274767 · latido=1.50s
[RANGO] autosello PRL · ACECHANDO · Oz=0.0 link=— · manos_feria_informe.json
[RANGO] PRLUSDT_LINEAL last=0.1562 · río=ciego/muleta · mercado=linear · estado=ACECHANDO · dir=— · 0=0.1613 · Oz=— · Red=0.1545232 · manos=ON · pos=LONG 1308@0.18274767 · latido=1.50s
[RANGO] autosello PRL · ACECHANDO · Oz=0.0 link=— · manos_feria_informe.json
[RANGO] PRLUSDT_LINEAL last=0.1562 · río=ciego/muleta · mercado=linear · estado=ACECHANDO · dir=— · 0=0.1613 · Oz=— · Red=0.1545232 · manos=ON · pos=LONG 1308@0.18274767 · latido=1.50s
[RANGO] PRLUSDT_LINEAL last=0.1564 · río=WS · mercado=linear · estado=ACECHANDO · dir=— · 0=0.1613 · Oz=— · Red=0.1545232 · manos=ON · pos=LONG 1308@0.18274767 · latido=1.50s
[RANGO] autosello PRL · ACECHANDO · Oz=0.0 link=— · manos_feria_informe.json
[RANGO] PRLUSDT_LINEAL last=0.1563 · río=WS · mercado=linear · estado=ACECHANDO · dir=— · 0=0.1613 · Oz=— · Red=0.1545232 · manos=ON · pos=LONG 1308@0.18274767 · latido=1.50s
[RANGO] autosello PRL · ACECHANDO · Oz=0.0 link=— · manos_feria_informe.json
[RANGO] PRLUSDT_LINEAL last=0.1562 · río=WS · mercado=linear · estado=ACECHANDO · dir=— · 0=0.1613 · Oz=— · Red=0.1545232 · manos=ON · pos=LONG 1308@0.18274767 · latido=1.50s
[RANGO] PRLUSDT_LINEAL last=0.1563 · río=WS · mercado=linear · estado=ACECHANDO · dir=— · 0=0.1613 · Oz=— · Red=0.1545232 · manos=ON · pos=LONG 1308@0.18274767 · latido=1.50s
[RANGO] autosello PRL · ACECHANDO · Oz=0.0 link=— · manos_feria_informe.json
[RANGO] PRLUSDT_LINEAL last=0.1562 · río=ciego/muleta · mercado=linear · estado=ACECHANDO · dir=— · 0=0.1613 · Oz=— · Red=0.1545232 · manos=ON · pos=LONG 1308@0.18274767 · latido=1.50s
[RANGO] autosello PRL · ACECHANDO · Oz=0.0 link=— · manos_feria_informe.json
[RANGO] PRLUSDT_LINEAL last=0.1562 · río=ciego/muleta · mercado=linear · estado=ACECHANDO · dir=— · 0=0.1613 · Oz=— · Red=0.1545232 · manos=ON · pos=LONG 1308@0.18274767 · latido=1.50s
[RANGO] autosello PRL · ACECHANDO · Oz=0.0 link=— · manos_feria_informe.json
[RANGO] PRLUSDT_LINEAL last=0.1562 · río=WS · mercado=linear · estado=ACECHANDO · dir=— · 0=0.1613 · Oz=— · Red=0.1545232 · manos=ON · pos=LONG 1308@0.18274767 · latido=1.50s
[RANGO] PRLUSDT_LINEAL last=0.1561 · río=ciego/muleta · mercado=linear · estado=ACECHANDO · dir=— · 0=0.1613 · Oz=— · Red=0.1545232 · manos=ON · pos=LONG 1308@0.18274767 · latido=1.50s
[RANGO] autosello PRL · ACECHANDO · Oz=0.0 link=— · manos_feria_informe.json
[RANGO] PRLUSDT_LINEAL last=0.1562 · río=WS · mercado=linear · estado=ACECHANDO · dir=— · 0=0.1613 · Oz=— · Red=0.1545232 · manos=ON · pos=LONG 1308@0.18274767 · latido=1.50s
[RANGO] autosello PRL · ACECHANDO · Oz=0.0 link=— · manos_feria_informe.json
[RANGO] PRLUSDT_LINEAL last=0.1562 · río=ciego/muleta · mercado=linear · estado=ACECHANDO · dir=— · 0=0.1613 · Oz=— · Red=0.1545232 · manos=ON · pos=LONG 1308@0.18274767 · latido=1.50s
[RANGO] PRLUSDT_LINEAL last=0.1559 · río=ciego/muleta · mercado=linear · estado=ACECHANDO · dir=— · 0=0.1613 · Oz=— · Red=0.1545232 · manos=ON · pos=LONG 1308@0.18274767 · latido=1.50s
[RANGO] autosello PRL · ACECHANDO · Oz=0.0 link=— · manos_feria_informe.json
[RANGO] PRLUSDT_LINEAL last=0.1559 · río=ciego/muleta · mercado=linear · estado=ACECHANDO · dir=— · 0=0.1613 · Oz=— · Red=0.1545232 · manos=ON · pos=LONG 1308@0.18274767 · latido=1.50s
[RANGO] autosello PRL · ACECHANDO · Oz=0.0 link=— · manos_feria_informe.json
[RANGO] PRLUSDT_LINEAL last=0.1562 · río=WS · mercado=linear · estado=ACECHANDO · dir=— · 0=0.1613 · Oz=— · Red=0.1545232 · manos=ON · pos=LONG 1308@0.18274767 · latido=1.50s
[RANGO] PRLUSDT_LINEAL last=0.1562 · río=WS · mercado=linear · estado=ACECHANDO · dir=— · 0=0.1613 · Oz=— · Red=0.1545232 · manos=ON · pos=LONG 1308@0.18274767 · latido=1.50s
[RANGO] autosello PRL · ACECHANDO · Oz=0.0 link=— · manos_feria_informe.json
[RANGO] PRLUSDT_LINEAL last=0.1562 · río=WS · mercado=linear · estado=ACECHANDO · dir=— · 0=0.1613 · Oz=— · Red=0.1545232 · manos=ON · pos=LONG 1308@0.18274767 · latido=1.50s
[RANGO] autosello PRL · ACECHANDO · Oz=0.0 link=— · manos_feria_informe.json
[RANGO] PRLUSDT_LINEAL last=0.1561 · río=WS · mercado=linear · estado=ACECHANDO · dir=— · 0=0.1613 · Oz=— · Red=0.1545232 · manos=ON · pos=LONG 1308@0.18274767 · latido=1.50s
[RANGO] PRLUSDT_LINEAL last=0.1561 · río=ciego/muleta · mercado=linear · estado=ACECHANDO · dir=— · 0=0.1613 · Oz=— · Red=0.1545232 · manos=ON · pos=LONG 1308@0.18274767 · latido=1.50s
[RANGO] autosello PRL · ACECHANDO · Oz=0.0 link=— · manos_feria_informe.json
[RANGO] PRLUSDT_LINEAL last=0.1561 · río=ciego/muleta · mercado=linear · estado=ACECHANDO · dir=— · 0=0.1613 · Oz=— · Red=0.1545232 · manos=ON · pos=LONG 1308@0.18274767 · latido=1.50s
[RANGO] autosello PRL · ACECHANDO · Oz=0.0 link=— · manos_feria_informe.json
[RANGO] PRLUSDT_LINEAL last=0.1561 · río=ciego/muleta · mercado=linear · estado=ACECHANDO · dir=— · 0=0.1613 · Oz=— · Red=0.1545232 · manos=ON · pos=LONG 1308@0.18274767 · latido=1.50s
[RANGO] PRLUSDT_LINEAL last=0.1561 · río=ciego/muleta · mercado=linear · estado=ACECHANDO · dir=— · 0=0.1613 · Oz=— · Red=0.1545232 · manos=ON · pos=LONG 1308@0.18274767 · latido=1.50s
[RANGO] autosello PRL · ACECHANDO · Oz=0.0 link=— · manos_feria_informe.json
[RANGO] PRLUSDT_LINEAL last=0.1561 · río=ciego/muleta · mercado=linear · estado=ACECHANDO · dir=— · 0=0.1613 · Oz=— · Red=0.1545232 · manos=ON · pos=LONG 1308@0.18274767 · latido=1.50s
[RANGO] autosello PRL · ACECHANDO · Oz=0.0 link=— · manos_feria_informe.json
[RANGO] PRLUSDT_LINEAL last=0.1561 · río=ciego/muleta · mercado=linear · estado=ACECHANDO · dir=— · 0=0.1613 · Oz=— · Red=0.1545232 · manos=ON · pos=LONG 1308@0.18274767 · latido=1.50s
[RANGO] autosello PRL · ACECHANDO · Oz=0.0 link=— · manos_feria_informe.json
[RANGO] PRLUSDT_LINEAL last=0.1563 · río=WS · mercado=linear · estado=ACECHANDO · dir=— · 0=0.1613 · Oz=— · Red=0.1545232 · manos=ON · pos=LONG 1308@0.18274767 · latido=1.50s
[RANGO] PRLUSDT_LINEAL last=0.1562 · río=WS · mercado=linear · estado=ACECHANDO · dir=— · 0=0.1613 · Oz=— · Red=0.1545232 · manos=ON · pos=LONG 1308@0.18274767 · latido=1.50s
[RANGO] autosello PRL · ACECHANDO · Oz=0.0 link=— · manos_feria_informe.json
[RANGO] PRLUSDT_LINEAL last=0.1563 · río=WS · mercado=linear · estado=ACECHANDO · dir=— · 0=0.1613 · Oz=— · Red=0.1545232 · manos=ON · pos=LONG 1308@0.18274767 · latido=1.50s
[RANGO] autosello PRL · ACECHANDO · Oz=0.0 link=— · manos_feria_informe.json
[RANGO] PRLUSDT_LINEAL last=0.1564 · río=WS · mercado=linear · estado=ACECHANDO · dir=— · 0=0.1613 · Oz=— · Red=0.1545232 · manos=ON · pos=LONG 1308@0.18274767 · latido=1.50s
[RANGO] PRLUSDT_LINEAL last=0.1565 · río=WS · mercado=linear · estado=ACECHANDO · dir=— · 0=0.1613 · Oz=— · Red=0.1545232 · manos=ON · pos=LONG 1308@0.18274767 · latido=1.50s
[RANGO] autosello PRL · ACECHANDO · Oz=0.0 link=— · manos_feria_informe.json
[RANGO] PRLUSDT_LINEAL last=0.1565 · río=WS · mercado=linear · estado=ACECHANDO · dir=— · 0=0.1613 · Oz=— · Red=0.1545232 · manos=ON · pos=LONG 1308@0.18274767 · latido=1.50s
[RANGO] autosello PRL · ACECHANDO · Oz=0.0 link=— · manos_feria_informe.json
[RANGO] PRLUSDT_LINEAL last=0.1565 · río=WS · mercado=linear · estado=ACECHANDO · dir=— · 0=0.1613 · Oz=— · Red=0.1545232 · manos=ON · pos=LONG 1308@0.18274767 · latido=1.50s
[RANGO] PRLUSDT_LINEAL last=0.1563 · río=WS · mercado=linear · estado=ACECHANDO · dir=— · 0=0.1613 · Oz=— · Red=0.1545232 · manos=ON · pos=LONG 1308@0.18274767 · latido=1.50s
[RANGO] autosello PRL · ACECHANDO · Oz=0.0 link=— · manos_feria_informe.json
[RANGO] PRLUSDT_LINEAL last=0.1564 · río=ciego/muleta · mercado=linear · estado=ACECHANDO · dir=— · 0=0.1613 · Oz=— · Red=0.1545232 · manos=ON · pos=LONG 1308@0.18274767 · latido=1.50s
[RANGO] autosello PRL · ACECHANDO · Oz=0.0 link=— · manos_feria_informe.json
[RANGO] PRLUSDT_LINEAL last=0.1564 · río=ciego/muleta · mercado=linear · estado=ACECHANDO · dir=— · 0=0.1613 · Oz=— · Red=0.1545232 · manos=ON · pos=LONG 1308@0.18274767 · latido=1.50s
[RANGO] PRLUSDT_LINEAL last=0.1564 · río=ciego/muleta · mercado=linear · estado=ACECHANDO · dir=— · 0=0.1613 · Oz=— · Red=0.1545232 · manos=ON · pos=LONG 1308@0.18274767 · latido=1.50s
[RANGO] autosello PRL · ACECHANDO · Oz=0.0 link=— · manos_feria_informe.json
[RANGO] PRLUSDT_LINEAL last=0.1565 · río=ciego/muleta · mercado=linear · estado=ACECHANDO · dir=— · 0=0.1613 · Oz=— · Red=0.1545232 · manos=ON · pos=LONG 1308@0.18274767 · latido=1.50s
[RANGO] autosello PRL · ACECHANDO · Oz=0.0 link=— · manos_feria_informe.json
[RANGO] PRLUSDT_LINEAL last=0.1565 · río=WS · mercado=linear · estado=ACECHANDO · dir=— · 0=0.1613 · Oz=— · Red=0.1545232 · manos=ON · pos=LONG 1308@0.18274767 · latido=1.50s
[RANGO] PRLUSDT_LINEAL last=0.1565 · río=WS · mercado=linear · estado=ACECHANDO · dir=— · 0=0.1613 · Oz=— · Red=0.1545232 · manos=ON · pos=LONG 1308@0.18274767 · latido=1.50s
[RANGO] autosello PRL · ACECHANDO · Oz=0.0 link=— · manos_feria_informe.json
[RANGO] PRLUSDT_LINEAL last=0.1564 · río=ciego/muleta · mercado=linear · estado=ACECHANDO · dir=— · 0=0.1613 · Oz=— · Red=0.1545232 · manos=ON · pos=LONG 1308@0.18274767 · latido=1.50s
[RANGO] autosello PRL · ACECHANDO · Oz=0.0 link=— · manos_feria_informe.json
[RANGO] PRLUSDT_LINEAL last=0.1568 · río=WS · mercado=linear · estado=ACECHANDO · dir=— · 0=0.1613 · Oz=— · Red=0.1545232 · manos=ON · pos=LONG 1308@0.18274767 · latido=1.50s
[RANGO] PRLUSDT_LINEAL last=0.1564 · río=ciego/muleta · mercado=linear · estado=ACECHANDO · dir=— · 0=0.1613 · Oz=— · Red=0.1545232 · manos=ON · pos=LONG 1308@0.18274767 · latido=1.50s
[RANGO] autosello PRL · ACECHANDO · Oz=0.0 link=— · manos_feria_informe.json
[RANGO] PRLUSDT_LINEAL last=0.1565 · río=WS · mercado=linear · estado=ACECHANDO · dir=— · 0=0.1613 · Oz=— · Red=0.1545232 · manos=ON · pos=LONG 1308@0.18274767 · latido=1.50s
[RANGO] autosello PRL · ACECHANDO · Oz=0.0 link=— · manos_feria_informe.json
[RANGO] PRLUSDT_LINEAL last=0.1566 · río=WS · mercado=linear · estado=ACECHANDO · dir=— · 0=0.1613 · Oz=— · Red=0.1545232 · manos=ON · pos=LONG 1308@0.18274767 · latido=1.50s
[RANGO] PRLUSDT_LINEAL last=0.1565 · río=WS · mercado=linear · estado=ACECHANDO · dir=— · 0=0.1613 · Oz=— · Red=0.1545232 · manos=ON · pos=LONG 1308@0.18274767 · latido=1.50s
[RANGO] autosello PRL · ACECHANDO · Oz=0.0 link=— · manos_feria_informe.json
[RANGO] PRLUSDT_LINEAL last=0.1565 · río=ciego/muleta · mercado=linear · estado=ACECHANDO · dir=— · 0=0.1613 · Oz=— · Red=0.1545232 · manos=ON · pos=LONG 1308@0.18274767 · latido=1.50s
[RANGO] autosello PRL · ACECHANDO · Oz=0.0 link=— · manos_feria_informe.json
[RANGO] PRLUSDT_LINEAL last=0.1567 · río=WS · mercado=linear · estado=ACECHANDO · dir=— · 0=0.1613 · Oz=— · Red=0.1545232 · manos=ON · pos=LONG 1308@0.18274767 · latido=1.50s
[RANGO] autosello PRL · ACECHANDO · Oz=0.0 link=— · manos_feria_informe.json
[RANGO] PRLUSDT_LINEAL last=0.1566 · río=WS · mercado=linear · estado=ACECHANDO · dir=— · 0=0.1613 · Oz=— · Red=0.1545232 · manos=ON · pos=LONG 1308@0.18274767 · latido=1.50s
[RANGO] PRLUSDT_LINEAL last=0.1565 · río=ciego/muleta · mercado=linear · estado=ACECHANDO · dir=— · 0=0.1613 · Oz=— · Red=0.1545232 · manos=ON · pos=LONG 1308@0.18274767 · latido=1.50s
[RANGO] autosello PRL · ACECHANDO · Oz=0.0 link=— · manos_feria_informe.json
[RANGO] PRLUSDT_LINEAL last=0.1565 · río=WS · mercado=linear · estado=ACECHANDO · dir=— · 0=0.1613 · Oz=— · Red=0.1545232 · manos=ON · pos=LONG 1308@0.18274767 · latido=1.50s
[RANGO] autosello PRL · ACECHANDO · Oz=0.0 link=— · manos_feria_informe.json
[RANGO] PRLUSDT_LINEAL last=0.1565 · río=ciego/muleta · mercado=linear · estado=ACECHANDO · dir=— · 0=0.1613 · Oz=— · Red=0.1545232 · manos=ON · pos=LONG 1308@0.18274767 · latido=1.50s
[RANGO] PRLUSDT_LINEAL last=0.1566 · río=WS · mercado=linear · estado=ACECHANDO · dir=— · 0=0.1613 · Oz=— · Red=0.1545232 · manos=ON · pos=LONG 1308@0.18274767 · latido=1.50s
[RANGO] autosello PRL · ACECHANDO · Oz=0.0 link=— · manos_feria_informe.json
[RANGO] PRLUSDT_LINEAL last=0.1565 · río=ciego/muleta · mercado=linear · estado=ACECHANDO · dir=— · 0=0.1613 · Oz=— · Red=0.1545232 · manos=ON · pos=LONG 1308@0.18274767 · latido=1.50s
[RANGO] autosello PRL · ACECHANDO · Oz=0.0 link=— · manos_feria_informe.json
[RANGO] PRLUSDT_LINEAL last=0.1565 · río=ciego/muleta · mercado=linear · estado=ACECHANDO · dir=— · 0=0.1613 · Oz=— · Red=0.1545232 · manos=ON · pos=LONG 1308@0.18274767 · latido=1.50s
[RANGO] PRLUSDT_LINEAL last=0.1566 · río=WS · mercado=linear · estado=ACECHANDO · dir=— · 0=0.1613 · Oz=— · Red=0.1545232 · manos=ON · pos=LONG 1308@0.18274767 · latido=1.50s
[RANGO] autosello PRL · ACECHANDO · Oz=0.0 link=— · manos_feria_informe.json
[RANGO] PRLUSDT_LINEAL last=0.1566 · río=WS · mercado=linear · estado=ACECHANDO · dir=— · 0=0.1613 · Oz=— · Red=0.1545232 · manos=ON · pos=LONG 1308@0.18274767 · latido=1.50s
[RANGO] autosello PRL · ACECHANDO · Oz=0.0 link=— · manos_feria_informe.json
[RANGO] PRLUSDT_LINEAL last=0.1565 · río=ciego/muleta · mercado=linear · estado=ACECHANDO · dir=— · 0=0.1613 · Oz=— · Red=0.1545232 · manos=ON · pos=LONG 1308@0.18274767 · latido=1.50s
[RANGO] PRLUSDT_LINEAL last=0.1567 · río=WS · mercado=linear · estado=ACECHANDO · dir=— · 0=0.1613 · Oz=— · Red=0.1545232 · manos=ON · pos=LONG 1308@0.18274767 · latido=1.50s
[RANGO] autosello PRL · ACECHANDO · Oz=0.0 link=— · manos_feria_informe.json
[RANGO] PRLUSDT_LINEAL last=0.1566 · río=WS · mercado=linear · estado=ACECHANDO · dir=— · 0=0.1613 · Oz=— · Red=0.1545232 · manos=ON · pos=LONG 1308@0.18274767 · latido=1.50s
[RANGO] autosello PRL · ACECHANDO · Oz=0.0 link=— · manos_feria_informe.json
[RANGO] PRLUSDT_LINEAL last=0.1565 · río=WS · mercado=linear · estado=ACECHANDO · dir=— · 0=0.1613 · Oz=— · Red=0.1545232 · manos=ON · pos=LONG 1308@0.18274767 · latido=1.50s
[RANGO] PRLUSDT_LINEAL last=0.1566 · río=WS · mercado=linear · estado=ACECHANDO · dir=— · 0=0.1613 · Oz=— · Red=0.1545232 · manos=ON · pos=LONG 1308@0.18274767 · latido=1.50s
[RANGO] autosello PRL · ACECHANDO · Oz=0.0 link=— · manos_feria_informe.json
[RANGO] PRLUSDT_LINEAL last=0.1565 · río=WS · mercado=linear · estado=ACECHANDO · dir=— · 0=0.1613 · Oz=— · Red=0.1545232 · manos=ON · pos=LONG 1308@0.18274767 · latido=1.50s
[RANGO] autosello PRL · ACECHANDO · Oz=0.0 link=— · manos_feria_informe.json
[RANGO] PRLUSDT_LINEAL last=0.1565 · río=WS · mercado=linear · estado=ACECHANDO · dir=— · 0=0.1613 · Oz=— · Red=0.1545232 · manos=ON · pos=LONG 1308@0.18274767 · latido=1.50s
[RANGO] PRLUSDT_LINEAL last=0.1565 · río=ciego/muleta · mercado=linear · estado=ACECHANDO · dir=— · 0=0.1613 · Oz=— · Red=0.1545232 · manos=ON · pos=LONG 1308@0.18274767 · latido=1.50s
[RANGO] autosello PRL · ACECHANDO · Oz=0.0 link=— · manos_feria_informe.json
[RANGO] PRLUSDT_LINEAL last=0.1565 · río=ciego/muleta · mercado=linear · estado=ACECHANDO · dir=— · 0=0.1613 · Oz=— · Red=0.1545232 · manos=ON · pos=LONG 1308@0.18274767 · latido=1.50s
[RANGO] autosello PRL · ACECHANDO · Oz=0.0 link=— · manos_feria_informe.json
[RANGO] PRLUSDT_LINEAL last=0.1565 · río=ciego/muleta · mercado=linear · estado=ACECHANDO · dir=— · 0=0.1613 · Oz=— · Red=0.1545232 · manos=ON · pos=LONG 1308@0.18274767 · latido=1.50s
[RANGO] autosello PRL · ACECHANDO · Oz=0.0 link=— · manos_feria_informe.json
[RANGO] PRLUSDT_LINEAL last=0.1565 · río=ciego/muleta · mercado=linear · estado=ACECHANDO · dir=— · 0=0.1613 · Oz=— · Red=0.1545232 · manos=ON · pos=LONG 1308@0.18274767 · latido=1.50s
[RANGO] PRLUSDT_LINEAL last=0.1565 · río=ciego/muleta · mercado=linear · estado=ACECHANDO · dir=— · 0=0.1613 · Oz=— · Red=0.1545232 · manos=ON · pos=LONG 1308@0.18274767 · latido=1.50s
[RANGO] autosello PRL · ACECHANDO · Oz=0.0 link=— · manos_feria_informe.json
[RANGO] PRLUSDT_LINEAL last=0.1565 · río=ciego/muleta · mercado=linear · estado=ACECHANDO · dir=— · 0=0.1613 · Oz=— · Red=0.1545232 · manos=ON · pos=LONG 1308@0.18274767 · latido=1.50s
[RANGO] autosello PRL · ACECHANDO · Oz=0.0 link=— · manos_feria_informe.json
[RANGO] PRLUSDT_LINEAL last=0.1565 · río=ciego/muleta · mercado=linear · estado=ACECHANDO · dir=— · 0=0.1613 · Oz=— · Red=0.1545232 · manos=ON · pos=LONG 1308@0.18274767 · latido=1.50s
[RANGO] PRLUSDT_LINEAL last=0.1565 · río=WS · mercado=linear · estado=ACECHANDO · dir=— · 0=0.1613 · Oz=— · Red=0.1545232 · manos=ON · pos=LONG 1308@0.18274767 · latido=1.50s
[RANGO] autosello PRL · ACECHANDO · Oz=0.0 link=— · manos_feria_informe.json
[RANGO] PRLUSDT_LINEAL last=0.1566 · río=WS · mercado=linear · estado=ACECHANDO · dir=— · 0=0.1613 · Oz=— · Red=0.1545232 · manos=ON · pos=LONG 1308@0.18274767 · latido=1.50s
[RANGO] autosello PRL · ACECHANDO · Oz=0.0 link=— · manos_feria_informe.json
[RANGO] PRLUSDT_LINEAL last=0.1565 · río=ciego/muleta · mercado=linear · estado=ACECHANDO · dir=— · 0=0.1613 · Oz=— · Red=0.1545232 · manos=ON · pos=LONG 1308@0.18274767 · latido=1.50s
[RANGO] autosello PRL · ACECHANDO · Oz=0.0 link=— · manos_feria_informe.json
[RANGO] PRLUSDT_LINEAL last=0.1565 · río=ciego/muleta · mercado=linear · estado=ACECHANDO · dir=— · 0=0.1613 · Oz=— · Red=0.1545232 · manos=ON · pos=LONG 1308@0.18274767 · latido=1.50s
[2026-08-31 14:16:05] [TUSK] RECONCILIACIÓN: OUSDT_LINEAL: interno L:0.000000/S:44.000000 -> real L:0.000000/S:54.000000
[2026-08-31 14:16:05] [TUSK] RECONCILIACIÓN_FANTASMA: OPUSD_INVERSE existe interno pero no en exchange -> reseteando
[2026-08-31 14:16:05] [TUSK] RECONCILIACIÓN_OK: 2 frentes alineados con exchange
[RANGO] PRLUSDT_LINEAL last=0.1565 · río=ciego/muleta · mercado=linear · estado=ACECHANDO · dir=— · 0=0.1613 · Oz=— · Red=0.1545232 · manos=ON · pos=LONG 1308@0.18274767 · latido=1.50s
[RANGO] autosello PRL · ACECHANDO · Oz=0.0 link=— · manos_feria_informe.json
[RANGO] PRLUSDT_LINEAL last=0.1567 · río=WS · mercado=linear · estado=ACECHANDO · dir=— · 0=0.1613 · Oz=— · Red=0.1545232 · manos=ON · pos=LONG 1308@0.18274767 · latido=1.50s
[RANGO] autosello PRL · ACECHANDO · Oz=0.0 link=— · manos_feria_informe.json
[RANGO] PRLUSDT_LINEAL last=0.1566 · río=WS · mercado=linear · estado=ACECHANDO · dir=— · 0=0.1613 · Oz=— · Red=0.1545232 · manos=ON · pos=LONG 1308@0.18274767 · latido=1.50s
[RANGO] PRLUSDT_LINEAL last=0.1567 · río=WS · mercado=linear · estado=ACECHANDO · dir=— · 0=0.1613 · Oz=— · Red=0.1545232 · manos=ON · pos=LONG 1308@0.18274767 · latido=1.50s
[RANGO] autosello PRL · ACECHANDO · Oz=0.0 link=— · manos_feria_informe.json
[RANGO] PRLUSDT_LINEAL last=0.1567 · río=WS · mercado=linear · estado=ACECHANDO · dir=— · 0=0.1613 · Oz=— · Red=0.1545232 · manos=ON · pos=LONG 1308@0.18274767 · latido=1.50s
[RANGO] autosello PRL · ACECHANDO · Oz=0.0 link=— · manos_feria_informe.json
[RANGO] PRLUSDT_LINEAL last=0.1567 · río=WS · mercado=linear · estado=ACECHANDO · dir=— · 0=0.1613 · Oz=— · Red=0.1545232 · manos=ON · pos=LONG 1308@0.18274767 · latido=1.50s
[RANGO] PRLUSDT_LINEAL last=0.1568 · río=WS · mercado=linear · estado=ACECHANDO · dir=— · 0=0.1613 · Oz=— · Red=0.1545232 · manos=ON · pos=LONG 1308@0.18274767 · latido=1.50s
[RANGO] autosello PRL · ACECHANDO · Oz=0.0 link=— · manos_feria_informe.json
[RANGO] PRLUSDT_LINEAL last=0.1567 · río=WS · mercado=linear · estado=ACECHANDO · dir=— · 0=0.1613 · Oz=— · Red=0.1545232 · manos=ON · pos=LONG 1308@0.18274767 · latido=1.50s
[RANGO] autosello PRL · ACECHANDO · Oz=0.0 link=— · manos_feria_informe.json
[RANGO] PRLUSDT_LINEAL last=0.1568 · río=WS · mercado=linear · estado=ACECHANDO · dir=— · 0=0.1613 · Oz=— · Red=0.1545232 · manos=ON · pos=LONG 1308@0.18274767 · latido=1.50s
[RANGO] PRLUSDT_LINEAL last=0.1567 · río=WS · mercado=linear · estado=ACECHANDO · dir=— · 0=0.1613 · Oz=— · Red=0.1545232 · manos=ON · pos=LONG 1308@0.18274767 · latido=1.50s
[RANGO] autosello PRL · ACECHANDO · Oz=0.0 link=— · manos_feria_informe.json
[RANGO] PRLUSDT_LINEAL last=0.1567 · río=ciego/muleta · mercado=linear · estado=ACECHANDO · dir=— · 0=0.1613 · Oz=— · Red=0.1545232 · manos=ON · pos=LONG 1308@0.18274767 · latido=1.50s
[RANGO] autosello PRL · ACECHANDO · Oz=0.0 link=— · manos_feria_informe.json
[RANGO] PRLUSDT_LINEAL last=0.1571 · río=WS · mercado=linear · estado=ACECHANDO · dir=— · 0=0.1613 · Oz=— · Red=0.1545232 · manos=ON · pos=LONG 1308@0.18274767 · latido=1.50s
[RANGO] PRLUSDT_LINEAL last=0.1568 · río=WS · mercado=linear · estado=ACECHANDO · dir=— · 0=0.1613 · Oz=— · Red=0.1545232 · manos=ON · pos=LONG 1308@0.18274767 · latido=1.50s
[RANGO] autosello PRL · ACECHANDO · Oz=0.0 link=— · manos_feria_informe.json
[RANGO] PRLUSDT_LINEAL last=0.157 · río=WS · mercado=linear · estado=ACECHANDO · dir=— · 0=0.1613 · Oz=— · Red=0.1545232 · manos=ON · pos=LONG 1308@0.18274767 · latido=1.50s
[RANGO] autosello PRL · ACECHANDO · Oz=0.0 link=— · manos_feria_informe.json
[RANGO] PRLUSDT_LINEAL last=0.1571 · río=WS · mercado=linear · estado=ACECHANDO · dir=— · 0=0.1613 · Oz=— · Red=0.1545232 · manos=ON · pos=LONG 1308@0.18274767 · latido=1.50s
[RANGO] PRLUSDT_LINEAL last=0.1568 · río=WS · mercado=linear · estado=ACECHANDO · dir=— · 0=0.1613 · Oz=— · Red=0.1545232 · manos=ON · pos=LONG 1308@0.18274767 · latido=1.50s
[RANGO] autosello PRL · ACECHANDO · Oz=0.0 link=— · manos_feria_informe.json
[RANGO] PRLUSDT_LINEAL last=0.1568 · río=ciego/muleta · mercado=linear · estado=ACECHANDO · dir=— · 0=0.1613 · Oz=— · Red=0.1545232 · manos=ON · pos=LONG 1308@0.18274767 · latido=1.50s
[RANGO] autosello PRL · ACECHANDO · Oz=0.0 link=— · manos_feria_informe.json
[RANGO] PRLUSDT_LINEAL last=0.157 · río=WS · mercado=linear · estado=ACECHANDO · dir=— · 0=0.1613 · Oz=— · Red=0.1545232 · manos=ON · pos=LONG 1308@0.18274767 · latido=1.50s
[2026-08-31 14:19:08] [TUSK] RECONCILIACIÓN: CRVUSDT_LINEAL: interno L:0.000000/S:0.000000 -> real L:0.000000/S:77.000000
[2026-08-31 14:19:08] [TUSK] RECONCILIACIÓN_FANTASMA: CHIPUSDT_LINEAL existe interno pero no en exchange -> reseteando
[2026-08-31 14:19:08] [TUSK] RECONCILIACIÓN_OK: 2 frentes alineados con exchange
[RANGO] PRLUSDT_LINEAL last=0.157 · río=WS · mercado=linear · estado=ACECHANDO · dir=— · 0=0.1613 · Oz=— · Red=0.1545232 · manos=ON · pos=LONG 1308@0.18274767 · latido=1.50s
[RANGO] autosello PRL · ACECHANDO · Oz=0.0 link=— · manos_feria_informe.json
[RANGO] PRLUSDT_LINEAL last=0.157 · río=WS · mercado=linear · estado=ACECHANDO · dir=— · 0=0.1613 · Oz=— · Red=0.1545232 · manos=ON · pos=LONG 1308@0.18274767 · latido=1.50s
[RANGO] autosello PRL · ACECHANDO · Oz=0.0 link=— · manos_feria_informe.json
[RANGO] PRLUSDT_LINEAL last=0.157 · río=ciego/muleta · mercado=linear · estado=ACECHANDO · dir=— · 0=0.1613 · Oz=— · Red=0.1545232 · manos=ON · pos=LONG 1308@0.18274767 · latido=1.50s
[RANGO] autosello PRL · ACECHANDO · Oz=0.0 link=— · manos_feria_informe.json
[RANGO] PRLUSDT_LINEAL last=0.1569 · río=WS · mercado=linear · estado=ACECHANDO · dir=— · 0=0.1613 · Oz=— · Red=0.1545232 · manos=ON · pos=LONG 1308@0.18274767 · latido=1.50s
[RANGO] PRLUSDT_LINEAL last=0.1569 · río=WS · mercado=linear · estado=ACECHANDO · dir=— · 0=0.1613 · Oz=— · Red=0.1545232 · manos=ON · pos=LONG 1308@0.18274767 · latido=1.50s
[RANGO] autosello PRL · ACECHANDO · Oz=0.0 link=— · manos_feria_informe.json
[RANGO] PRLUSDT_LINEAL last=0.157 · río=ciego/muleta · mercado=linear · estado=ACECHANDO · dir=— · 0=0.1613 · Oz=— · Red=0.1545232 · manos=ON · pos=LONG 1308@0.18274767 · latido=1.50s
[RANGO] autosello PRL · ACECHANDO · Oz=0.0 link=— · manos_feria_informe.json
[RANGO] PRLUSDT_LINEAL last=0.157 · río=ciego/muleta · mercado=linear · estado=ACECHANDO · dir=— · 0=0.1613 · Oz=— · Red=0.1545232 · manos=ON · pos=LONG 1308@0.18274767 · latido=1.50s
[RANGO] PRLUSDT_LINEAL last=0.157 · río=ciego/muleta · mercado=linear · estado=ACECHANDO · dir=— · 0=0.1613 · Oz=— · Red=0.1545232 · manos=ON · pos=LONG 1308@0.18274767 · latido=1.50s
[RANGO] autosello PRL · ACECHANDO · Oz=0.0 link=— · manos_feria_informe.json
[RANGO] PRLUSDT_LINEAL last=0.157 · río=ciego/muleta · mercado=linear · estado=ACECHANDO · dir=— · 0=0.1613 · Oz=— · Red=0.1545232 · manos=ON · pos=LONG 1308@0.18274767 · latido=1.50s
[RANGO] autosello PRL · ACECHANDO · Oz=0.0 link=— · manos_feria_informe.json
[RANGO] PRLUSDT_LINEAL last=0.157 · río=WS · mercado=linear · estado=ACECHANDO · dir=— · 0=0.1613 · Oz=— · Red=0.1545232 · manos=ON · pos=LONG 1308@0.18274767 · latido=1.50s
[RANGO] PRLUSDT_LINEAL last=0.157 · río=WS · mercado=linear · estado=ACECHANDO · dir=— · 0=0.1613 · Oz=— · Red=0.1545232 · manos=ON · pos=LONG 1308@0.18274767 · latido=1.50s
[RANGO] autosello PRL · ACECHANDO · Oz=0.0 link=— · manos_feria_informe.json
[RANGO] PRLUSDT_LINEAL last=0.1569 · río=WS · mercado=linear · estado=ACECHANDO · dir=— · 0=0.1613 · Oz=— · Red=0.1545232 · manos=ON · pos=LONG 1308@0.18274767 · latido=1.50s
[RANGO] autosello PRL · ACECHANDO · Oz=0.0 link=— · manos_feria_informe.json
[RANGO] PRLUSDT_LINEAL last=0.157 · río=ciego/muleta · mercado=linear · estado=ACECHANDO · dir=— · 0=0.1613 · Oz=— · Red=0.1545232 · manos=ON · pos=LONG 1308@0.18274767 · latido=1.50s
[RANGO] PRLUSDT_LINEAL last=0.157 · río=ciego/muleta · mercado=linear · estado=ACECHANDO · dir=— · 0=0.1613 · Oz=— · Red=0.1545232 · manos=ON · pos=LONG 1308@0.18274767 · latido=1.50s
[RANGO] autosello PRL · ACECHANDO · Oz=0.0 link=— · manos_feria_informe.json
[RANGO] PRLUSDT_LINEAL last=0.1569 · río=WS · mercado=linear · estado=ACECHANDO · dir=— · 0=0.1613 · Oz=— · Red=0.1545232 · manos=ON · pos=LONG 1308@0.18274767 · latido=1.50s
[RANGO] autosello PRL · ACECHANDO · Oz=0.0 link=— · manos_feria_informe.json
[RANGO] PRLUSDT_LINEAL last=0.157 · río=ciego/muleta · mercado=linear · estado=ACECHANDO · dir=— · 0=0.1613 · Oz=— · Red=0.1545232 · manos=ON · pos=LONG 1308@0.18274767 · latido=1.50s
[RANGO] PRLUSDT_LINEAL last=0.1568 · río=WS · mercado=linear · estado=ACECHANDO · dir=— · 0=0.1613 · Oz=— · Red=0.1545232 · manos=ON · pos=LONG 1308@0.18274767 · latido=1.50s
[RANGO] autosello PRL · ACECHANDO · Oz=0.0 link=— · manos_feria_informe.json
[RANGO] PRLUSDT_LINEAL last=0.157 · río=WS · mercado=linear · estado=ACECHANDO · dir=— · 0=0.1613 · Oz=— · Red=0.1545232 · manos=ON · pos=LONG 1308@0.18274767 · latido=1.50s
[RANGO] autosello PRL · ACECHANDO · Oz=0.0 link=— · manos_feria_informe.json
[RANGO] PRLUSDT_LINEAL last=0.1572 · río=WS · mercado=linear · estado=ACECHANDO · dir=— · 0=0.1613 · Oz=— · Red=0.1545232 · manos=ON · pos=LONG 1308@0.18274767 · latido=1.50s
[RANGO] PRLUSDT_LINEAL last=0.1573 · río=WS · mercado=linear · estado=ACECHANDO · dir=— · 0=0.1613 · Oz=— · Red=0.1545232 · manos=ON · pos=LONG 1308@0.18274767 · latido=1.50s
[RANGO] autosello PRL · ACECHANDO · Oz=0.0 link=— · manos_feria_informe.json
[RANGO] PRLUSDT_LINEAL last=0.1571 · río=WS · mercado=linear · estado=ACECHANDO · dir=— · 0=0.1613 · Oz=— · Red=0.1545232 · manos=ON · pos=LONG 1308@0.18274767 · latido=1.50s
[RANGO] autosello PRL · ACECHANDO · Oz=0.0 link=— · manos_feria_informe.json
[RANGO] PRLUSDT_LINEAL last=0.1572 · río=WS · mercado=linear · estado=ACECHANDO · dir=— · 0=0.1613 · Oz=— · Red=0.1545232 · manos=ON · pos=LONG 1308@0.18274767 · latido=1.50s
[RANGO] PRLUSDT_LINEAL last=0.1573 · río=WS · mercado=linear · estado=ACECHANDO · dir=— · 0=0.1613 · Oz=— · Red=0.1545232 · manos=ON · pos=LONG 1308@0.18274767 · latido=1.50s
[RANGO] autosello PRL · ACECHANDO · Oz=0.0 link=— · manos_feria_informe.json
[RANGO] PRLUSDT_LINEAL last=0.1574 · río=WS · mercado=linear · estado=ACECHANDO · dir=— · 0=0.1613 · Oz=— · Red=0.1545232 · manos=ON · pos=LONG 1308@0.18274767 · latido=1.50s
[RANGO] autosello PRL · ACECHANDO · Oz=0.0 link=— · manos_feria_informe.json
[RANGO] PRLUSDT_LINEAL last=0.1572 · río=WS · mercado=linear · estado=ACECHANDO · dir=— · 0=0.1613 · Oz=— · Red=0.1545232 · manos=ON · pos=LONG 1308@0.18274767 · latido=1.50s
[RANGO] PRLUSDT_LINEAL last=0.1573 · río=ciego/muleta · mercado=linear · estado=ACECHANDO · dir=— · 0=0.1613 · Oz=— · Red=0.1545232 · manos=ON · pos=LONG 1308@0.18274767 · latido=1.50s
[RANGO] autosello PRL · ACECHANDO · Oz=0.0 link=— · manos_feria_informe.json
[RANGO] PRLUSDT_LINEAL last=0.1571 · río=WS · mercado=linear · estado=ACECHANDO · dir=— · 0=0.1613 · Oz=— · Red=0.1545232 · manos=ON · pos=LONG 1308@0.18274767 · latido=1.50s
[RANGO] autosello PRL · ACECHANDO · Oz=0.0 link=— · manos_feria_informe.json
[RANGO] PRLUSDT_LINEAL last=0.157 · río=WS · mercado=linear · estado=ACECHANDO · dir=— · 0=0.1613 · Oz=— · Red=0.1545232 · manos=ON · pos=LONG 1308@0.18274767 · latido=1.50s
[RANGO] autosello PRL · ACECHANDO · Oz=0.0 link=— · manos_feria_informe.json
[RANGO] PRLUSDT_LINEAL last=0.1571 · río=WS · mercado=linear · estado=ACECHANDO · dir=— · 0=0.1613 · Oz=— · Red=0.1545232 · manos=ON · pos=LONG 1308@0.18274767 · latido=1.50s
[RANGO] PRLUSDT_LINEAL last=0.157 · río=ciego/muleta · mercado=linear · estado=ACECHANDO · dir=— · 0=0.1613 · Oz=— · Red=0.1545232 · manos=ON · pos=LONG 1308@0.18274767 · latido=1.50s
[RANGO] autosello PRL · ACECHANDO · Oz=0.0 link=— · manos_feria_informe.json
[RANGO] PRLUSDT_LINEAL last=0.1571 · río=WS · mercado=linear · estado=ACECHANDO · dir=— · 0=0.1613 · Oz=— · Red=0.1545232 · manos=ON · pos=LONG 1308@0.18274767 · latido=1.50s
[RANGO] autosello PRL · ACECHANDO · Oz=0.0 link=— · manos_feria_informe.json
[RANGO] PRLUSDT_LINEAL last=0.157 · río=ciego/muleta · mercado=linear · estado=ACECHANDO · dir=— · 0=0.1613 · Oz=— · Red=0.1545232 · manos=ON · pos=LONG 1308@0.18274767 · latido=1.50s
[RANGO] PRLUSDT_LINEAL last=0.157 · río=WS · mercado=linear · estado=ACECHANDO · dir=— · 0=0.1613 · Oz=— · Red=0.1545232 · manos=ON · pos=LONG 1308@0.18274767 · latido=1.50s
[RANGO] autosello PRL · ACECHANDO · Oz=0.0 link=— · manos_feria_informe.json
[RANGO] PRLUSDT_LINEAL last=0.157 · río=ciego/muleta · mercado=linear · estado=ACECHANDO · dir=— · 0=0.1613 · Oz=— · Red=0.1545232 · manos=ON · pos=LONG 1308@0.18274767 · latido=1.50s
[RANGO] autosello PRL · ACECHANDO · Oz=0.0 link=— · manos_feria_informe.json
[RANGO] PRLUSDT_LINEAL last=0.1571 · río=WS · mercado=linear · estado=ACECHANDO · dir=— · 0=0.1613 · Oz=— · Red=0.1545232 · manos=ON · pos=LONG 1308@0.18274767 · latido=1.50s
[RANGO] PRLUSDT_LINEAL last=0.1571 · río=WS · mercado=linear · estado=ACECHANDO · dir=— · 0=0.1613 · Oz=— · Red=0.1545232 · manos=ON · pos=LONG 1308@0.18274767 · latido=1.50s
[RANGO] autosello PRL · ACECHANDO · Oz=0.0 link=— · manos_feria_informe.json
[RANGO] PRLUSDT_LINEAL last=0.157 · río=WS · mercado=linear · estado=ACECHANDO · dir=— · 0=0.1613 · Oz=— · Red=0.1545232 · manos=ON · pos=LONG 1308@0.18274767 · latido=1.50s
[RANGO] autosello PRL · ACECHANDO · Oz=0.0 link=— · manos_feria_informe.json
[RANGO] PRLUSDT_LINEAL last=0.1571 · río=ciego/muleta · mercado=linear · estado=ACECHANDO · dir=— · 0=0.1613 · Oz=— · Red=0.1545232 · manos=ON · pos=LONG 1308@0.18274767 · latido=1.50s
[RANGO] PRLUSDT_LINEAL last=0.1571 · río=ciego/muleta · mercado=linear · estado=ACECHANDO · dir=— · 0=0.1613 · Oz=— · Red=0.1545232 · manos=ON · pos=LONG 1308@0.18274767 · latido=1.50s
[RANGO] autosello PRL · ACECHANDO · Oz=0.0 link=— · manos_feria_informe.json
[RANGO] PRLUSDT_LINEAL last=0.1571 · río=ciego/muleta · mercado=linear · estado=ACECHANDO · dir=— · 0=0.1613 · Oz=— · Red=0.1545232 · manos=ON · pos=LONG 1308@0.18274767 · latido=1.50s
[RANGO] autosello PRL · ACECHANDO · Oz=0.0 link=— · manos_feria_informe.json
[RANGO] PRLUSDT_LINEAL last=0.1569 · río=WS · mercado=linear · estado=ACECHANDO · dir=— · 0=0.1613 · Oz=— · Red=0.1545232 · manos=ON · pos=LONG 1308@0.18274767 · latido=1.50s
[RANGO] PRLUSDT_LINEAL last=0.1568 · río=WS · mercado=linear · estado=ACECHANDO · dir=— · 0=0.1613 · Oz=— · Red=0.1545232 · manos=ON · pos=LONG 1308@0.18274767 · latido=1.50s
[RANGO] autosello PRL · ACECHANDO · Oz=0.0 link=— · manos_feria_informe.json
[2026-08-31 14:26:16] [TUSK] RECONCILIACIÓN: CRVUSDT_LINEAL: interno L:0.000000/S:77.000000 -> real L:0.000000/S:95.100000
[2026-08-31 14:26:16] [TUSK] RECONCILIACIÓN: CVXUSDT_LINEAL: interno L:28.700000/S:0.000000 -> real L:25.560000/S:0.000000
[2026-08-31 14:26:16] [TUSK] RECONCILIACIÓN_OK: 2 frentes alineados con exchange
[RANGO] PRLUSDT_LINEAL last=0.1568 · río=WS · mercado=linear · estado=ACECHANDO · dir=— · 0=0.1613 · Oz=— · Red=0.1545232 · manos=ON · pos=LONG 1308@0.18274767 · latido=1.50s
[RANGO] autosello PRL · ACECHANDO · Oz=0.0 link=— · manos_feria_informe.json
[RANGO] PRLUSDT_LINEAL last=0.1568 · río=WS · mercado=linear · estado=ACECHANDO · dir=— · 0=0.1613 · Oz=— · Red=0.1545232 · manos=ON · pos=LONG 1308@0.18274767 · latido=1.50s
[RANGO] PRLUSDT_LINEAL last=0.1568 · río=WS · mercado=linear · estado=ACECHANDO · dir=— · 0=0.1613 · Oz=— · Red=0.1545232 · manos=ON · pos=LONG 1308@0.18274767 · latido=1.50s
[RANGO] autosello PRL · ACECHANDO · Oz=0.0 link=— · manos_feria_informe.json
[RANGO] PRLUSDT_LINEAL last=0.1569 · río=WS · mercado=linear · estado=ACECHANDO · dir=— · 0=0.1613 · Oz=— · Red=0.1545232 · manos=ON · pos=LONG 1308@0.18274767 · latido=1.50s
[RANGO] autosello PRL · ACECHANDO · Oz=0.0 link=— · manos_feria_informe.json
[RANGO] PRLUSDT_LINEAL last=0.1568 · río=ciego/muleta · mercado=linear · estado=ACECHANDO · dir=— · 0=0.1613 · Oz=— · Red=0.1545232 · manos=ON · pos=LONG 1308@0.18274767 · latido=1.50s
[RANGO] autosello PRL · ACECHANDO · Oz=0.0 link=— · manos_feria_informe.json
[RANGO] PRLUSDT_LINEAL last=0.1568 · río=WS · mercado=linear · estado=ACECHANDO · dir=— · 0=0.1613 · Oz=— · Red=0.1545232 · manos=ON · pos=LONG 1308@0.18274767 · latido=1.50s
[RANGO] PRLUSDT_LINEAL last=0.1568 · río=ciego/muleta · mercado=linear · estado=ACECHANDO · dir=— · 0=0.1613 · Oz=— · Red=0.1545232 · manos=ON · pos=LONG 1308@0.18274767 · latido=1.50s
[RANGO] autosello PRL · ACECHANDO · Oz=0.0 link=— · manos_feria_informe.json
[RANGO] PRLUSDT_LINEAL last=0.1568 · río=WS · mercado=linear · estado=ACECHANDO · dir=— · 0=0.1613 · Oz=— · Red=0.1545232 · manos=ON · pos=LONG 1308@0.18274767 · latido=1.50s
[RANGO] autosello PRL · ACECHANDO · Oz=0.0 link=— · manos_feria_informe.json
[RANGO] PRLUSDT_LINEAL last=0.1567 · río=ciego/muleta · mercado=linear · estado=ACECHANDO · dir=— · 0=0.1613 · Oz=— · Red=0.1545232 · manos=ON · pos=LONG 1308@0.18274767 · latido=1.50s
[RANGO] PRLUSDT_LINEAL last=0.1568 · río=WS · mercado=linear · estado=ACECHANDO · dir=— · 0=0.1613 · Oz=— · Red=0.1545232 · manos=ON · pos=LONG 1308@0.18274767 · latido=1.50s
[RANGO] autosello PRL · ACECHANDO · Oz=0.0 link=— · manos_feria_informe.json
[RANGO] PRLUSDT_LINEAL last=0.1568 · río=WS · mercado=linear · estado=ACECHANDO · dir=— · 0=0.1613 · Oz=— · Red=0.1545232 · manos=ON · pos=LONG 1308@0.18274767 · latido=1.50s
[RANGO] autosello PRL · ACECHANDO · Oz=0.0 link=— · manos_feria_informe.json
[RANGO] PRLUSDT_LINEAL last=0.1568 · río=WS · mercado=linear · estado=ACECHANDO · dir=— · 0=0.1613 · Oz=— · Red=0.1545232 · manos=ON · pos=LONG 1308@0.18274767 · latido=1.50s
[RANGO] PRLUSDT_LINEAL last=0.157 · río=WS · mercado=linear · estado=ACECHANDO · dir=— · 0=0.1613 · Oz=— · Red=0.1545232 · manos=ON · pos=LONG 1308@0.18274767 · latido=1.50s
[RANGO] autosello PRL · ACECHANDO · Oz=0.0 link=— · manos_feria_informe.json
[RANGO] PRLUSDT_LINEAL last=0.1569 · río=WS · mercado=linear · estado=ACECHANDO · dir=— · 0=0.1613 · Oz=— · Red=0.1545232 · manos=ON · pos=LONG 1308@0.18274767 · latido=1.50s
[RANGO] autosello PRL · ACECHANDO · Oz=0.0 link=— · manos_feria_informe.json
[RANGO] PRLUSDT_LINEAL last=0.1569 · río=ciego/muleta · mercado=linear · estado=ACECHANDO · dir=— · 0=0.1613 · Oz=— · Red=0.1545232 · manos=ON · pos=LONG 1308@0.18274767 · latido=1.50s
[RANGO] PRLUSDT_LINEAL last=0.1569 · río=ciego/muleta · mercado=linear · estado=ACECHANDO · dir=— · 0=0.1613 · Oz=— · Red=0.1545232 · manos=ON · pos=LONG 1308@0.18274767 · latido=1.50s
[RANGO] autosello PRL · ACECHANDO · Oz=0.0 link=— · manos_feria_informe.json
[RANGO] PRLUSDT_LINEAL last=0.1567 · río=WS · mercado=linear · estado=ACECHANDO · dir=— · 0=0.1613 · Oz=— · Red=0.1545232 · manos=ON · pos=LONG 1308@0.18274767 · latido=1.50s
[RANGO] autosello PRL · ACECHANDO · Oz=0.0 link=— · manos_feria_informe.json
[RANGO] PRLUSDT_LINEAL last=0.1567 · río=WS · mercado=linear · estado=ACECHANDO · dir=— · 0=0.1613 · Oz=— · Red=0.1545232 · manos=ON · pos=LONG 1308@0.18274767 · latido=1.50s
[RANGO] PRLUSDT_LINEAL last=0.1566 · río=WS · mercado=linear · estado=ACECHANDO · dir=— · 0=0.1613 · Oz=— · Red=0.1545232 · manos=ON · pos=LONG 1308@0.18274767 · latido=1.50s
[RANGO] autosello PRL · ACECHANDO · Oz=0.0 link=— · manos_feria_informe.json
[RANGO] PRLUSDT_LINEAL last=0.1566 · río=WS · mercado=linear · estado=ACECHANDO · dir=— · 0=0.1613 · Oz=— · Red=0.1545232 · manos=ON · pos=LONG 1308@0.18274767 · latido=1.50s
[RANGO] autosello PRL · ACECHANDO · Oz=0.0 link=— · manos_feria_informe.json
[RANGO] PRLUSDT_LINEAL last=0.1569 · río=WS · mercado=linear · estado=ACECHANDO · dir=— · 0=0.1613 · Oz=— · Red=0.1545232 · manos=ON · pos=LONG 1308@0.18274767 · latido=1.50s
[RANGO] PRLUSDT_LINEAL last=0.1568 · río=WS · mercado=linear · estado=ACECHANDO · dir=— · 0=0.1613 · Oz=— · Red=0.1545232 · manos=ON · pos=LONG 1308@0.18274767 · latido=1.50s
[RANGO] autosello PRL · ACECHANDO · Oz=0.0 link=— · manos_feria_informe.json
[RANGO] PRLUSDT_LINEAL last=0.1569 · río=WS · mercado=linear · estado=ACECHANDO · dir=— · 0=0.1613 · Oz=— · Red=0.1545232 · manos=ON · pos=LONG 1308@0.18274767 · latido=1.50s
[RANGO] autosello PRL · ACECHANDO · Oz=0.0 link=— · manos_feria_informe.json
[RANGO] PRLUSDT_LINEAL last=0.157 · río=WS · mercado=linear · estado=ACECHANDO · dir=— · 0=0.1613 · Oz=— · Red=0.1545232 · manos=ON · pos=LONG 1308@0.18274767 · latido=1.50s
[RANGO] PRLUSDT_LINEAL last=0.157 · río=WS · mercado=linear · estado=ACECHANDO · dir=— · 0=0.1613 · Oz=— · Red=0.1545232 · manos=ON · pos=LONG 1308@0.18274767 · latido=1.50s
[RANGO] autosello PRL · ACECHANDO · Oz=0.0 link=— · manos_feria_informe.json
[RANGO] PRLUSDT_LINEAL last=0.1569 · río=WS · mercado=linear · estado=ACECHANDO · dir=— · 0=0.1613 · Oz=— · Red=0.1545232 · manos=ON · pos=LONG 1308@0.18274767 · latido=1.50s
[RANGO] autosello PRL · ACECHANDO · Oz=0.0 link=— · manos_feria_informe.json
[RANGO] PRLUSDT_LINEAL last=0.1569 · río=WS · mercado=linear · estado=ACECHANDO · dir=— · 0=0.1613 · Oz=— · Red=0.1545232 · manos=ON · pos=LONG 1308@0.18274767 · latido=1.50s
[RANGO] PRLUSDT_LINEAL last=0.1569 · río=ciego/muleta · mercado=linear · estado=ACECHANDO · dir=— · 0=0.1613 · Oz=— · Red=0.1545232 · manos=ON · pos=LONG 1308@0.18274767 · latido=1.50s
[RANGO] autosello PRL · ACECHANDO · Oz=0.0 link=— · manos_feria_informe.json
[RANGO] PRLUSDT_LINEAL last=0.1569 · río=ciego/muleta · mercado=linear · estado=ACECHANDO · dir=— · 0=0.1613 · Oz=— · Red=0.1545232 · manos=ON · pos=LONG 1308@0.18274767 · latido=1.50s
[RANGO] autosello PRL · ACECHANDO · Oz=0.0 link=— · manos_feria_informe.json
[RANGO] PRLUSDT_LINEAL last=0.1569 · río=WS · mercado=linear · estado=ACECHANDO · dir=— · 0=0.1613 · Oz=— · Red=0.1545232 · manos=ON · pos=LONG 1308@0.18274767 · latido=1.50s
[RANGO] PRLUSDT_LINEAL last=0.1569 · río=ciego/muleta · mercado=linear · estado=ACECHANDO · dir=— · 0=0.1613 · Oz=— · Red=0.1545232 · manos=ON · pos=LONG 1308@0.18274767 · latido=1.50s
[RANGO] autosello PRL · ACECHANDO · Oz=0.0 link=— · manos_feria_informe.json
[RANGO] PRLUSDT_LINEAL last=0.1569 · río=WS · mercado=linear · estado=ACECHANDO · dir=— · 0=0.1613 · Oz=— · Red=0.1545232 · manos=ON · pos=LONG 1308@0.18274767 · latido=1.50s
[RANGO] autosello PRL · ACECHANDO · Oz=0.0 link=— · manos_feria_informe.json
[RANGO] PRLUSDT_LINEAL last=0.1569 · río=WS · mercado=linear · estado=ACECHANDO · dir=— · 0=0.1613 · Oz=— · Red=0.1545232 · manos=ON · pos=LONG 1308@0.18274767 · latido=1.50s
[RANGO] PRLUSDT_LINEAL last=0.1569 · río=WS · mercado=linear · estado=ACECHANDO · dir=— · 0=0.1613 · Oz=— · Red=0.1545232 · manos=ON · pos=LONG 1308@0.18274767 · latido=1.50s
[RANGO] autosello PRL · ACECHANDO · Oz=0.0 link=— · manos_feria_informe.json
[RANGO] PRLUSDT_LINEAL last=0.1567 · río=ciego/muleta · mercado=linear · estado=ACECHANDO · dir=— · 0=0.1613 · Oz=— · Red=0.1545232 · manos=ON · pos=LONG 1308@0.18274767 · latido=1.50s
[RANGO] autosello PRL · ACECHANDO · Oz=0.0 link=— · manos_feria_informe.json
[RANGO] PRLUSDT_LINEAL last=0.1568 · río=WS · mercado=linear · estado=ACECHANDO · dir=— · 0=0.1613 · Oz=— · Red=0.1545232 · manos=ON · pos=LONG 1308@0.18274767 · latido=1.50s
[2026-08-31 14:32:23] [TUSK] RECONCILIACIÓN: CRVUSDT_LINEAL: interno L:0.000000/S:95.100000 -> real L:0.000000/S:110.100000
[2026-08-31 14:32:23] [TUSK] RECONCILIACIÓN_OK: 1 frentes alineados con exchange
[RANGO] autosello PRL · ACECHANDO · Oz=0.0 link=— · manos_feria_informe.json
[RANGO] PRLUSDT_LINEAL last=0.1567 · río=ciego/muleta · mercado=linear · estado=ACECHANDO · dir=— · 0=0.1613 · Oz=— · Red=0.1545232 · manos=ON · pos=LONG 1308@0.18274767 · latido=1.50s
[RANGO] PRLUSDT_LINEAL last=0.1574 · río=WS · mercado=linear · estado=ACECHANDO · dir=— · 0=0.1613 · Oz=— · Red=0.1545232 · manos=ON · pos=LONG 1308@0.18274767 · latido=1.50s
[RANGO] autosello PRL · ACECHANDO · Oz=0.0 link=— · manos_feria_informe.json
[RANGO] PRLUSDT_LINEAL last=0.1574 · río=WS · mercado=linear · estado=ACECHANDO · dir=— · 0=0.1613 · Oz=— · Red=0.1545232 · manos=ON · pos=LONG 1308@0.18274767 · latido=1.50s
[RANGO] autosello PRL · ACECHANDO · Oz=0.0 link=— · manos_feria_informe.json
[RANGO] PRLUSDT_LINEAL last=0.1574 · río=WS · mercado=linear · estado=ACECHANDO · dir=— · 0=0.1613 · Oz=— · Red=0.1545232 · manos=ON · pos=LONG 1308@0.18274767 · latido=1.50s
[RANGO] PRLUSDT_LINEAL last=0.1573 · río=WS · mercado=linear · estado=ACECHANDO · dir=— · 0=0.1613 · Oz=— · Red=0.1545232 · manos=ON · pos=LONG 1308@0.18274767 · latido=1.50s
[RANGO] autosello PRL · ACECHANDO · Oz=0.0 link=— · manos_feria_informe.json
[RANGO] PRLUSDT_LINEAL last=0.1575 · río=WS · mercado=linear · estado=ACECHANDO · dir=— · 0=0.1613 · Oz=— · Red=0.1545232 · manos=ON · pos=LONG 1308@0.18274767 · latido=1.50s
[RANGO] autosello PRL · ACECHANDO · Oz=0.0 link=— · manos_feria_informe.json
[RANGO] PRLUSDT_LINEAL last=0.1573 · río=ciego/muleta · mercado=linear · estado=ACECHANDO · dir=— · 0=0.1613 · Oz=— · Red=0.1545232 · manos=ON · pos=LONG 1308@0.18274767 · latido=1.50s
[RANGO] PRLUSDT_LINEAL last=0.1574 · río=WS · mercado=linear · estado=ACECHANDO · dir=— · 0=0.1613 · Oz=— · Red=0.1545232 · manos=ON · pos=LONG 1308@0.18274767 · latido=1.50s
[RANGO] autosello PRL · ACECHANDO · Oz=0.0 link=— · manos_feria_informe.json
[RANGO] PRLUSDT_LINEAL last=0.1573 · río=WS · mercado=linear · estado=ACECHANDO · dir=— · 0=0.1613 · Oz=— · Red=0.1545232 · manos=ON · pos=LONG 1308@0.18274767 · latido=1.50s
[RANGO] autosello PRL · ACECHANDO · Oz=0.0 link=— · manos_feria_informe.json
[RANGO] PRLUSDT_LINEAL last=0.1573 · río=ciego/muleta · mercado=linear · estado=ACECHANDO · dir=— · 0=0.1613 · Oz=— · Red=0.1545232 · manos=ON · pos=LONG 1308@0.18274767 · latido=1.50s
[RANGO] PRLUSDT_LINEAL last=0.1574 · río=WS · mercado=linear · estado=ACECHANDO · dir=— · 0=0.1613 · Oz=— · Red=0.1545232 · manos=ON · pos=LONG 1308@0.18274767 · latido=1.50s
[RANGO] autosello PRL · ACECHANDO · Oz=0.0 link=— · manos_feria_informe.json
[RANGO] PRLUSDT_LINEAL last=0.1575 · río=WS · mercado=linear · estado=ACECHANDO · dir=— · 0=0.1613 · Oz=— · Red=0.1545232 · manos=ON · pos=LONG 1308@0.18274767 · latido=1.50s
[RANGO] autosello PRL · ACECHANDO · Oz=0.0 link=— · manos_feria_informe.json
[RANGO] PRLUSDT_LINEAL last=0.1573 · río=WS · mercado=linear · estado=ACECHANDO · dir=— · 0=0.1613 · Oz=— · Red=0.1545232 · manos=ON · pos=LONG 1308@0.18274767 · latido=1.50s
[RANGO] PRLUSDT_LINEAL last=0.1573 · río=WS · mercado=linear · estado=ACECHANDO · dir=— · 0=0.1613 · Oz=— · Red=0.1545232 · manos=ON · pos=LONG 1308@0.18274767 · latido=1.50s
[RANGO] autosello PRL · ACECHANDO · Oz=0.0 link=— · manos_feria_informe.json
[RANGO] PRLUSDT_LINEAL last=0.1575 · río=WS · mercado=linear · estado=ACECHANDO · dir=— · 0=0.1613 · Oz=— · Red=0.1545232 · manos=ON · pos=LONG 1308@0.18274767 · latido=1.50s
[RANGO] autosello PRL · ACECHANDO · Oz=0.0 link=— · manos_feria_informe.json
[RANGO] PRLUSDT_LINEAL last=0.1574 · río=WS · mercado=linear · estado=ACECHANDO · dir=— · 0=0.1613 · Oz=— · Red=0.1545232 · manos=ON · pos=LONG 1308@0.18274767 · latido=1.50s
[RANGO] PRLUSDT_LINEAL last=0.1575 · río=WS · mercado=linear · estado=ACECHANDO · dir=— · 0=0.1613 · Oz=— · Red=0.1545232 · manos=ON · pos=LONG 1308@0.18274767 · latido=1.50s
[RANGO] autosello PRL · ACECHANDO · Oz=0.0 link=— · manos_feria_informe.json
[RANGO] PRLUSDT_LINEAL last=0.1575 · río=WS · mercado=linear · estado=ACECHANDO · dir=— · 0=0.1613 · Oz=— · Red=0.1545232 · manos=ON · pos=LONG 1308@0.18274767 · latido=1.50s
[RANGO] autosello PRL · ACECHANDO · Oz=0.0 link=— · manos_feria_informe.json
[RANGO] PRLUSDT_LINEAL last=0.1573 · río=ciego/muleta · mercado=linear · estado=ACECHANDO · dir=— · 0=0.1613 · Oz=— · Red=0.1545232 · manos=ON · pos=LONG 1308@0.18274767 · latido=1.50s
[RANGO] PRLUSDT_LINEAL last=0.1573 · río=ciego/muleta · mercado=linear · estado=ACECHANDO · dir=— · 0=0.1613 · Oz=— · Red=0.1545232 · manos=ON · pos=LONG 1308@0.18274767 · latido=1.50s
[RANGO] autosello PRL · ACECHANDO · Oz=0.0 link=— · manos_feria_informe.json
[RANGO] PRLUSDT_LINEAL last=0.1573 · río=WS · mercado=linear · estado=ACECHANDO · dir=— · 0=0.1613 · Oz=— · Red=0.1545232 · manos=ON · pos=LONG 1308@0.18274767 · latido=1.50s
[RANGO] autosello PRL · ACECHANDO · Oz=0.0 link=— · manos_feria_informe.json
[RANGO] PRLUSDT_LINEAL last=0.1572 · río=WS · mercado=linear · estado=ACECHANDO · dir=— · 0=0.1613 · Oz=— · Red=0.1545232 · manos=ON · pos=LONG 1308@0.18274767 · latido=1.50s
[RANGO] PRLUSDT_LINEAL last=0.1572 · río=WS · mercado=linear · estado=ACECHANDO · dir=— · 0=0.1613 · Oz=— · Red=0.1545232 · manos=ON · pos=LONG 1308@0.18274767 · latido=1.50s
[RANGO] autosello PRL · ACECHANDO · Oz=0.0 link=— · manos_feria_informe.json
[RANGO] PRLUSDT_LINEAL last=0.1571 · río=ciego/muleta · mercado=linear · estado=ACECHANDO · dir=— · 0=0.1613 · Oz=— · Red=0.1545232 · manos=ON · pos=LONG 1308@0.18274767 · latido=1.50s
[RANGO] autosello PRL · ACECHANDO · Oz=0.0 link=— · manos_feria_informe.json
[RANGO] PRLUSDT_LINEAL last=0.1572 · río=WS · mercado=linear · estado=ACECHANDO · dir=— · 0=0.1613 · Oz=— · Red=0.1545232 · manos=ON · pos=LONG 1308@0.18274767 · latido=1.50s
[RANGO] PRLUSDT_LINEAL last=0.1572 · río=WS · mercado=linear · estado=ACECHANDO · dir=— · 0=0.1613 · Oz=— · Red=0.1545232 · manos=ON · pos=LONG 1308@0.18274767 · latido=1.50s
[RANGO] autosello PRL · ACECHANDO · Oz=0.0 link=— · manos_feria_informe.json
[RANGO] PRLUSDT_LINEAL last=0.1571 · río=ciego/muleta · mercado=linear · estado=ACECHANDO · dir=— · 0=0.1613 · Oz=— · Red=0.1545232 · manos=ON · pos=LONG 1308@0.18274767 · latido=1.50s
[RANGO] autosello PRL · ACECHANDO · Oz=0.0 link=— · manos_feria_informe.json
[RANGO] PRLUSDT_LINEAL last=0.157 · río=WS · mercado=linear · estado=ACECHANDO · dir=— · 0=0.1613 · Oz=— · Red=0.1545232 · manos=ON · pos=LONG 1308@0.18274767 · latido=1.50s
[RANGO] autosello PRL · ACECHANDO · Oz=0.0 link=— · manos_feria_informe.json
[RANGO] PRLUSDT_LINEAL last=0.157 · río=WS · mercado=linear · estado=ACECHANDO · dir=— · 0=0.1613 · Oz=— · Red=0.1545232 · manos=ON · pos=LONG 1308@0.18274767 · latido=1.50s
[RANGO] PRLUSDT_LINEAL last=0.157 · río=ciego/muleta · mercado=linear · estado=ACECHANDO · dir=— · 0=0.1613 · Oz=— · Red=0.1545232 · manos=ON · pos=LONG 1308@0.18274767 · latido=1.50s
[RANGO] autosello PRL · ACECHANDO · Oz=0.0 link=— · manos_feria_informe.json
[RANGO] PRLUSDT_LINEAL last=0.157 · río=ciego/muleta · mercado=linear · estado=ACECHANDO · dir=— · 0=0.1613 · Oz=— · Red=0.1545232 · manos=ON · pos=LONG 1308@0.18274767 · latido=1.50s
[RANGO] autosello PRL · ACECHANDO · Oz=0.0 link=— · manos_feria_informe.json
[RANGO] PRLUSDT_LINEAL last=0.1572 · río=WS · mercado=linear · estado=ACECHANDO · dir=— · 0=0.1613 · Oz=— · Red=0.1545232 · manos=ON · pos=LONG 1308@0.18274767 · latido=1.50s
[RANGO] PRLUSDT_LINEAL last=0.1571 · río=WS · mercado=linear · estado=ACECHANDO · dir=— · 0=0.1613 · Oz=— · Red=0.1545232 · manos=ON · pos=LONG 1308@0.18274767 · latido=1.50s
[RANGO] autosello PRL · ACECHANDO · Oz=0.0 link=— · manos_feria_informe.json
[RANGO] PRLUSDT_LINEAL last=0.1568 · río=WS · mercado=linear · estado=ACECHANDO · dir=— · 0=0.1613 · Oz=— · Red=0.1545232 · manos=ON · pos=LONG 1308@0.18274767 · latido=1.50s
[RANGO] autosello PRL · ACECHANDO · Oz=0.0 link=— · manos_feria_informe.json
[RANGO] PRLUSDT_LINEAL last=0.1569 · río=WS · mercado=linear · estado=ACECHANDO · dir=— · 0=0.1613 · Oz=— · Red=0.1545232 · manos=ON · pos=LONG 1308@0.18274767 · latido=1.50s
[RANGO] PRLUSDT_LINEAL last=0.1569 · río=WS · mercado=linear · estado=ACECHANDO · dir=— · 0=0.1613 · Oz=— · Red=0.1545232 · manos=ON · pos=LONG 1308@0.18274767 · latido=1.50s
[RANGO] autosello PRL · ACECHANDO · Oz=0.0 link=— · manos_feria_informe.json
[RANGO] PRLUSDT_LINEAL last=0.1566 · río=WS · mercado=linear · estado=ACECHANDO · dir=— · 0=0.1613 · Oz=— · Red=0.1545232 · manos=ON · pos=LONG 1308@0.18274767 · latido=1.50s
[RANGO] autosello PRL · ACECHANDO · Oz=0.0 link=— · manos_feria_informe.json
[RANGO] PRLUSDT_LINEAL last=0.1567 · río=WS · mercado=linear · estado=ACECHANDO · dir=— · 0=0.1613 · Oz=— · Red=0.1545232 · manos=ON · pos=LONG 1308@0.18274767 · latido=1.50s
[RANGO] PRLUSDT_LINEAL last=0.1568 · río=WS · mercado=linear · estado=ACECHANDO · dir=— · 0=0.1613 · Oz=— · Red=0.1545232 · manos=ON · pos=LONG 1308@0.18274767 · latido=1.50s
[RANGO] autosello PRL · ACECHANDO · Oz=0.0 link=— · manos_feria_informe.json
[RANGO] PRLUSDT_LINEAL last=0.1562 · río=WS · mercado=linear · estado=ACECHANDO · dir=— · 0=0.1613 · Oz=— · Red=0.1545232 · manos=ON · pos=LONG 1308@0.18274767 · latido=1.50s
[RANGO] autosello PRL · ACECHANDO · Oz=0.0 link=— · manos_feria_informe.json
[RANGO] PRLUSDT_LINEAL last=0.1563 · río=WS · mercado=linear · estado=ACECHANDO · dir=— · 0=0.1613 · Oz=— · Red=0.1545232 · manos=ON · pos=LONG 1308@0.18274767 · latido=1.50s
[RANGO] PRLUSDT_LINEAL last=0.1563 · río=ciego/muleta · mercado=linear · estado=ACECHANDO · dir=— · 0=0.1613 · Oz=— · Red=0.1545232 · manos=ON · pos=LONG 1308@0.18274767 · latido=1.50s
[RANGO] autosello PRL · ACECHANDO · Oz=0.0 link=— · manos_feria_informe.json
[RANGO] PRLUSDT_LINEAL last=0.1564 · río=WS · mercado=linear · estado=ACECHANDO · dir=— · 0=0.1613 · Oz=— · Red=0.1545232 · manos=ON · pos=LONG 1308@0.18274767 · latido=1.50s
[RANGO] autosello PRL · ACECHANDO · Oz=0.0 link=— · manos_feria_informe.json
[RANGO] PRLUSDT_LINEAL last=0.1563 · río=ciego/muleta · mercado=linear · estado=ACECHANDO · dir=— · 0=0.1613 · Oz=— · Red=0.1545232 · manos=ON · pos=LONG 1308@0.18274767 · latido=1.50s
[RANGO] PRLUSDT_LINEAL last=0.1562 · río=WS · mercado=linear · estado=ACECHANDO · dir=— · 0=0.1613 · Oz=— · Red=0.1545232 · manos=ON · pos=LONG 1308@0.18274767 · latido=1.50s
[RANGO] autosello PRL · ACECHANDO · Oz=0.0 link=— · manos_feria_informe.json
[RANGO] PRLUSDT_LINEAL last=0.1561 · río=WS · mercado=linear · estado=ACECHANDO · dir=— · 0=0.1613 · Oz=— · Red=0.1545232 · manos=ON · pos=LONG 1308@0.18274767 · latido=1.50s
[RANGO] autosello PRL · ACECHANDO · Oz=0.0 link=— · manos_feria_informe.json
[RANGO] PRLUSDT_LINEAL last=0.1563 · río=ciego/muleta · mercado=linear · estado=ACECHANDO · dir=— · 0=0.1613 · Oz=— · Red=0.1545232 · manos=ON · pos=LONG 1308@0.18274767 · latido=1.50s
[RANGO] PRLUSDT_LINEAL last=0.1563 · río=WS · mercado=linear · estado=ACECHANDO · dir=— · 0=0.1613 · Oz=— · Red=0.1545232 · manos=ON · pos=LONG 1308@0.18274767 · latido=1.50s
[RANGO] autosello PRL · ACECHANDO · Oz=0.0 link=— · manos_feria_informe.json
[RANGO] PRLUSDT_LINEAL last=0.1563 · río=ciego/muleta · mercado=linear · estado=ACECHANDO · dir=— · 0=0.1613 · Oz=— · Red=0.1545232 · manos=ON · pos=LONG 1308@0.18274767 · latido=1.50s
[RANGO] autosello PRL · ACECHANDO · Oz=0.0 link=— · manos_feria_informe.json
[RANGO] PRLUSDT_LINEAL last=0.1562 · río=WS · mercado=linear · estado=ACECHANDO · dir=— · 0=0.1613 · Oz=— · Red=0.1545232 · manos=ON · pos=LONG 1308@0.18274767 · latido=1.50s
[RANGO] PRLUSDT_LINEAL last=0.1563 · río=WS · mercado=linear · estado=ACECHANDO · dir=— · 0=0.1613 · Oz=— · Red=0.1545232 · manos=ON · pos=LONG 1308@0.18274767 · latido=1.50s
[RANGO] autosello PRL · ACECHANDO · Oz=0.0 link=— · manos_feria_informe.json
[RANGO] PRLUSDT_LINEAL last=0.1563 · río=ciego/muleta · mercado=linear · estado=ACECHANDO · dir=— · 0=0.1613 · Oz=— · Red=0.1545232 · manos=ON · pos=LONG 1308@0.18274767 · latido=1.50s
[RANGO] autosello PRL · ACECHANDO · Oz=0.0 link=— · manos_feria_informe.json
[RANGO] PRLUSDT_LINEAL last=0.1563 · río=ciego/muleta · mercado=linear · estado=ACECHANDO · dir=— · 0=0.1613 · Oz=— · Red=0.1545232 · manos=ON · pos=LONG 1308@0.18274767 · latido=1.50s
[RANGO] autosello PRL · ACECHANDO · Oz=0.0 link=— · manos_feria_informe.json
[RANGO] PRLUSDT_LINEAL last=0.1563 · río=ciego/muleta · mercado=linear · estado=ACECHANDO · dir=— · 0=0.1613 · Oz=— · Red=0.1545232 · manos=ON · pos=LONG 1308@0.18274767 · latido=1.50s
[RANGO] PRLUSDT_LINEAL last=0.1563 · río=ciego/muleta · mercado=linear · estado=ACECHANDO · dir=— · 0=0.1613 · Oz=— · Red=0.1545232 · manos=ON · pos=LONG 1308@0.18274767 · latido=1.50s
[RANGO] autosello PRL · ACECHANDO · Oz=0.0 link=— · manos_feria_informe.json
[RANGO] PRLUSDT_LINEAL last=0.1563 · río=ciego/muleta · mercado=linear · estado=ACECHANDO · dir=— · 0=0.1613 · Oz=— · Red=0.1545232 · manos=ON · pos=LONG 1308@0.18274767 · latido=1.50s
[RANGO] autosello PRL · ACECHANDO · Oz=0.0 link=— · manos_feria_informe.json
[RANGO] PRLUSDT_LINEAL last=0.1562 · río=WS · mercado=linear · estado=ACECHANDO · dir=— · 0=0.1613 · Oz=— · Red=0.1545232 · manos=ON · pos=LONG 1308@0.18274767 · latido=1.50s
[RANGO] PRLUSDT_LINEAL last=0.1563 · río=WS · mercado=linear · estado=ACECHANDO · dir=— · 0=0.1613 · Oz=— · Red=0.1545232 · manos=ON · pos=LONG 1308@0.18274767 · latido=1.50s
[RANGO] autosello PRL · ACECHANDO · Oz=0.0 link=— · manos_feria_informe.json
[RANGO] PRLUSDT_LINEAL last=0.1564 · río=WS · mercado=linear · estado=ACECHANDO · dir=— · 0=0.1613 · Oz=— · Red=0.1545232 · manos=ON · pos=LONG 1308@0.18274767 · latido=1.50s
[RANGO] autosello PRL · ACECHANDO · Oz=0.0 link=— · manos_feria_informe.json
[RANGO] PRLUSDT_LINEAL last=0.1561 · río=ciego/muleta · mercado=linear · estado=ACECHANDO · dir=— · 0=0.1613 · Oz=— · Red=0.1545232 · manos=ON · pos=LONG 1308@0.18274767 · latido=1.50s
[RANGO] autosello PRL · ACECHANDO · Oz=0.0 link=— · manos_feria_informe.json
[RANGO] PRLUSDT_LINEAL last=0.1561 · río=ciego/muleta · mercado=linear · estado=ACECHANDO · dir=— · 0=0.1613 · Oz=— · Red=0.1545232 · manos=ON · pos=LONG 1308@0.18274767 · latido=1.50s
[RANGO] PRLUSDT_LINEAL last=0.1563 · río=WS · mercado=linear · estado=ACECHANDO · dir=— · 0=0.1613 · Oz=— · Red=0.1545232 · manos=ON · pos=LONG 1308@0.18274767 · latido=1.50s
[RANGO] autosello PRL · ACECHANDO · Oz=0.0 link=— · manos_feria_informe.json
[RANGO] PRLUSDT_LINEAL last=0.1561 · río=WS · mercado=linear · estado=ACECHANDO · dir=— · 0=0.1613 · Oz=— · Red=0.1545232 · manos=ON · pos=LONG 1308@0.18274767 · latido=1.50s
[RANGO] autosello PRL · ACECHANDO · Oz=0.0 link=— · manos_feria_informe.json
[RANGO] PRLUSDT_LINEAL last=0.1561 · río=ciego/muleta · mercado=linear · estado=ACECHANDO · dir=— · 0=0.1613 · Oz=— · Red=0.1545232 · manos=ON · pos=LONG 1308@0.18274767 · latido=1.50s
[RANGO] PRLUSDT_LINEAL last=0.1562 · río=WS · mercado=linear · estado=ACECHANDO · dir=— · 0=0.1613 · Oz=— · Red=0.1545232 · manos=ON · pos=LONG 1308@0.18274767 · latido=1.50s
[RANGO] autosello PRL · ACECHANDO · Oz=0.0 link=— · manos_feria_informe.json
[RANGO] PRLUSDT_LINEAL last=0.1564 · río=WS · mercado=linear · estado=ACECHANDO · dir=— · 0=0.1613 · Oz=— · Red=0.1545232 · manos=ON · pos=LONG 1308@0.18274767 · latido=1.50s
[RANGO] autosello PRL · ACECHANDO · Oz=0.0 link=— · manos_feria_informe.json
[RANGO] PRLUSDT_LINEAL last=0.1563 · río=ciego/muleta · mercado=linear · estado=ACECHANDO · dir=— · 0=0.1613 · Oz=— · Red=0.1545232 · manos=ON · pos=LONG 1308@0.18274767 · latido=1.50s
[RANGO] PRLUSDT_LINEAL last=0.1564 · río=WS · mercado=linear · estado=ACECHANDO · dir=— · 0=0.1613 · Oz=— · Red=0.1545232 · manos=ON · pos=LONG 1308@0.18274767 · latido=1.50s
[RANGO] autosello PRL · ACECHANDO · Oz=0.0 link=— · manos_feria_informe.json
[RANGO] PRLUSDT_LINEAL last=0.1563 · río=ciego/muleta · mercado=linear · estado=ACECHANDO · dir=— · 0=0.1613 · Oz=— · Red=0.1545232 · manos=ON · pos=LONG 1308@0.18274767 · latido=1.50s
[RANGO] autosello PRL · ACECHANDO · Oz=0.0 link=— · manos_feria_informe.json
[RANGO] PRLUSDT_LINEAL last=0.1563 · río=ciego/muleta · mercado=linear · estado=ACECHANDO · dir=— · 0=0.1613 · Oz=— · Red=0.1545232 · manos=ON · pos=LONG 1308@0.18274767 · latido=1.50s
[RANGO] PRLUSDT_LINEAL last=0.1563 · río=WS · mercado=linear · estado=ACECHANDO · dir=— · 0=0.1613 · Oz=— · Red=0.1545232 · manos=ON · pos=LONG 1308@0.18274767 · latido=1.50s
[RANGO] autosello PRL · ACECHANDO · Oz=0.0 link=— · manos_feria_informe.json
[RANGO] PRLUSDT_LINEAL last=0.1565 · río=WS · mercado=linear · estado=ACECHANDO · dir=— · 0=0.1613 · Oz=— · Red=0.1545232 · manos=ON · pos=LONG 1308@0.18274767 · latido=1.50s
[RANGO] autosello PRL · ACECHANDO · Oz=0.0 link=— · manos_feria_informe.json
[RANGO] PRLUSDT_LINEAL last=0.1565 · río=WS · mercado=linear · estado=ACECHANDO · dir=— · 0=0.1613 · Oz=— · Red=0.1545232 · manos=ON · pos=LONG 1308@0.18274767 · latido=1.50s
[RANGO] PRLUSDT_LINEAL last=0.1563 · río=WS · mercado=linear · estado=ACECHANDO · dir=— · 0=0.1613 · Oz=— · Red=0.1545232 · manos=ON · pos=LONG 1308@0.18274767 · latido=1.50s
[RANGO] autosello PRL · ACECHANDO · Oz=0.0 link=— · manos_feria_informe.json
[RANGO] PRLUSDT_LINEAL last=0.1563 · río=ciego/muleta · mercado=linear · estado=ACECHANDO · dir=— · 0=0.1613 · Oz=— · Red=0.1545232 · manos=ON · pos=LONG 1308@0.18274767 · latido=1.50s
[RANGO] autosello PRL · ACECHANDO · Oz=0.0 link=— · manos_feria_informe.json
[RANGO] PRLUSDT_LINEAL last=0.1565 · río=WS · mercado=linear · estado=ACECHANDO · dir=— · 0=0.1613 · Oz=— · Red=0.1545232 · manos=ON · pos=LONG 1308@0.18274767 · latido=1.50s
[RANGO] autosello PRL · ACECHANDO · Oz=0.0 link=— · manos_feria_informe.json
[RANGO] PRLUSDT_LINEAL last=0.1565 · río=WS · mercado=linear · estado=ACECHANDO · dir=— · 0=0.1613 · Oz=— · Red=0.1545232 · manos=ON · pos=LONG 1308@0.18274767 · latido=1.50s
[RANGO] PRLUSDT_LINEAL last=0.1563 · río=ciego/muleta · mercado=linear · estado=ACECHANDO · dir=— · 0=0.1613 · Oz=— · Red=0.1545232 · manos=ON · pos=LONG 1308@0.18274767 · latido=1.50s
[RANGO] autosello PRL · ACECHANDO · Oz=0.0 link=— · manos_feria_informe.json
[RANGO] PRLUSDT_LINEAL last=0.1564 · río=WS · mercado=linear · estado=ACECHANDO · dir=— · 0=0.1613 · Oz=— · Red=0.1545232 · manos=ON · pos=LONG 1308@0.18274767 · latido=1.50s
[RANGO] autosello PRL · ACECHANDO · Oz=0.0 link=— · manos_feria_informe.json
[RANGO] PRLUSDT_LINEAL last=0.1563 · río=WS · mercado=linear · estado=ACECHANDO · dir=— · 0=0.1613 · Oz=— · Red=0.1545232 · manos=ON · pos=LONG 1308@0.18274767 · latido=1.50s
[RANGO] PRLUSDT_LINEAL last=0.1563 · río=WS · mercado=linear · estado=ACECHANDO · dir=— · 0=0.1613 · Oz=— · Red=0.1545232 · manos=ON · pos=LONG 1308@0.18274767 · latido=1.50s
[RANGO] autosello PRL · ACECHANDO · Oz=0.0 link=— · manos_feria_informe.json
[RANGO] PRLUSDT_LINEAL last=0.1563 · río=ciego/muleta · mercado=linear · estado=ACECHANDO · dir=— · 0=0.1613 · Oz=— · Red=0.1545232 · manos=ON · pos=LONG 1308@0.18274767 · latido=1.50s
[RANGO] autosello PRL · ACECHANDO · Oz=0.0 link=— · manos_feria_informe.json
[RANGO] PRLUSDT_LINEAL last=0.1563 · río=ciego/muleta · mercado=linear · estado=ACECHANDO · dir=— · 0=0.1613 · Oz=— · Red=0.1545232 · manos=ON · pos=LONG 1308@0.18274767 · latido=1.50s
[RANGO] PRLUSDT_LINEAL last=0.1563 · río=ciego/muleta · mercado=linear · estado=ACECHANDO · dir=— · 0=0.1613 · Oz=— · Red=0.1545232 · manos=ON · pos=LONG 1308@0.18274767 · latido=1.50s
[RANGO] autosello PRL · ACECHANDO · Oz=0.0 link=— · manos_feria_informe.json
[RANGO] PRLUSDT_LINEAL last=0.1563 · río=ciego/muleta · mercado=linear · estado=ACECHANDO · dir=— · 0=0.1613 · Oz=— · Red=0.1545232 · manos=ON · pos=LONG 1308@0.18274767 · latido=1.50s
[RANGO] autosello PRL · ACECHANDO · Oz=0.0 link=— · manos_feria_informe.json
[RANGO] PRLUSDT_LINEAL last=0.1563 · río=WS · mercado=linear · estado=ACECHANDO · dir=— · 0=0.1613 · Oz=— · Red=0.1545232 · manos=ON · pos=LONG 1308@0.18274767 · latido=1.50s
[RANGO] autosello PRL · ACECHANDO · Oz=0.0 link=— · manos_feria_informe.json
[RANGO] PRLUSDT_LINEAL last=0.1562 · río=WS · mercado=linear · estado=ACECHANDO · dir=— · 0=0.1613 · Oz=— · Red=0.1545232 · manos=ON · pos=LONG 1308@0.18274767 · latido=1.50s
[RANGO] PRLUSDT_LINEAL last=0.1563 · río=ciego/muleta · mercado=linear · estado=ACECHANDO · dir=— · 0=0.1613 · Oz=— · Red=0.1545232 · manos=ON · pos=LONG 1308@0.18274767 · latido=1.50s
[RANGO] autosello PRL · ACECHANDO · Oz=0.0 link=— · manos_feria_informe.json
[RANGO] PRLUSDT_LINEAL last=0.1563 · río=ciego/muleta · mercado=linear · estado=ACECHANDO · dir=— · 0=0.1613 · Oz=— · Red=0.1545232 · manos=ON · pos=LONG 1308@0.18274767 · latido=1.50s
[RANGO] autosello PRL · ACECHANDO · Oz=0.0 link=— · manos_feria_informe.json
[RANGO] PRLUSDT_LINEAL last=0.1562 · río=WS · mercado=linear · estado=ACECHANDO · dir=— · 0=0.1613 · Oz=— · Red=0.1545232 · manos=ON · pos=LONG 1308@0.18274767 · latido=1.50s
[RANGO] PRLUSDT_LINEAL last=0.1562 · río=WS · mercado=linear · estado=ACECHANDO · dir=— · 0=0.1613 · Oz=— · Red=0.1545232 · manos=ON · pos=LONG 1308@0.18274767 · latido=1.50s
[RANGO] autosello PRL · ACECHANDO · Oz=0.0 link=— · manos_feria_informe.json
[RANGO] PRLUSDT_LINEAL last=0.1561 · río=WS · mercado=linear · estado=ACECHANDO · dir=— · 0=0.1613 · Oz=— · Red=0.1545232 · manos=ON · pos=LONG 1308@0.18274767 · latido=1.50s
[RANGO] autosello PRL · ACECHANDO · Oz=0.0 link=— · manos_feria_informe.json
[RANGO] PRLUSDT_LINEAL last=0.1562 · río=WS · mercado=linear · estado=ACECHANDO · dir=— · 0=0.1613 · Oz=— · Red=0.1545232 · manos=ON · pos=LONG 1308@0.18274767 · latido=1.50s
[RANGO] PRLUSDT_LINEAL last=0.156 · río=WS · mercado=linear · estado=ACECHANDO · dir=— · 0=0.1613 · Oz=— · Red=0.1545232 · manos=ON · pos=LONG 1308@0.18274767 · latido=1.50s
[RANGO] autosello PRL · ACECHANDO · Oz=0.0 link=— · manos_feria_informe.json
[RANGO] PRLUSDT_LINEAL last=0.1562 · río=WS · mercado=linear · estado=ACECHANDO · dir=— · 0=0.1613 · Oz=— · Red=0.1545232 · manos=ON · pos=LONG 1308@0.18274767 · latido=1.50s
[RANGO] autosello PRL · ACECHANDO · Oz=0.0 link=— · manos_feria_informe.json
[RANGO] PRLUSDT_LINEAL last=0.156 · río=WS · mercado=linear · estado=ACECHANDO · dir=— · 0=0.1613 · Oz=— · Red=0.1545232 · manos=ON · pos=LONG 1308@0.18274767 · latido=1.50s
[RANGO] PRLUSDT_LINEAL last=0.1562 · río=ciego/muleta · mercado=linear · estado=ACECHANDO · dir=— · 0=0.1613 · Oz=— · Red=0.1545232 · manos=ON · pos=LONG 1308@0.18274767 · latido=1.50s
[RANGO] autosello PRL · ACECHANDO · Oz=0.0 link=— · manos_feria_informe.json
[RANGO] PRLUSDT_LINEAL last=0.1561 · río=WS · mercado=linear · estado=ACECHANDO · dir=— · 0=0.1613 · Oz=— · Red=0.1545232 · manos=ON · pos=LONG 1308@0.18274767 · latido=1.50s
[RANGO] autosello PRL · ACECHANDO · Oz=0.0 link=— · manos_feria_informe.json
[RANGO] PRLUSDT_LINEAL last=0.1564 · río=ciego/muleta · mercado=linear · estado=ACECHANDO · dir=— · 0=0.1613 · Oz=— · Red=0.1545232 · manos=ON · pos=LONG 1308@0.18274767 · latido=1.50s
[RANGO] PRLUSDT_LINEAL last=0.1564 · río=ciego/muleta · mercado=linear · estado=ACECHANDO · dir=— · 0=0.1613 · Oz=— · Red=0.1545232 · manos=ON · pos=LONG 1308@0.18274767 · latido=1.50s
[RANGO] autosello PRL · ACECHANDO · Oz=0.0 link=— · manos_feria_informe.json
[RANGO] PRLUSDT_LINEAL last=0.1564 · río=ciego/muleta · mercado=linear · estado=ACECHANDO · dir=— · 0=0.1613 · Oz=— · Red=0.1545232 · manos=ON · pos=LONG 1308@0.18274767 · latido=1.50s
[RANGO] autosello PRL · ACECHANDO · Oz=0.0 link=— · manos_feria_informe.json
[RANGO] PRLUSDT_LINEAL last=0.1564 · río=ciego/muleta · mercado=linear · estado=ACECHANDO · dir=— · 0=0.1613 · Oz=— · Red=0.1545232 · manos=ON · pos=LONG 1308@0.18274767 · latido=1.50s
[RANGO] PRLUSDT_LINEAL last=0.156 · río=WS · mercado=linear · estado=ACECHANDO · dir=— · 0=0.1613 · Oz=— · Red=0.1545232 · manos=ON · pos=LONG 1308@0.18274767 · latido=1.50s
[RANGO] autosello PRL · ACECHANDO · Oz=0.0 link=— · manos_feria_informe.json
[RANGO] PRLUSDT_LINEAL last=0.1559 · río=WS · mercado=linear · estado=ACECHANDO · dir=— · 0=0.1613 · Oz=— · Red=0.1545232 · manos=ON · pos=LONG 1308@0.18274767 · latido=1.50s
[RANGO] autosello PRL · ACECHANDO · Oz=0.0 link=— · manos_feria_informe.json
[RANGO] PRLUSDT_LINEAL last=0.156 · río=ciego/muleta · mercado=linear · estado=ACECHANDO · dir=— · 0=0.1613 · Oz=— · Red=0.1545232 · manos=ON · pos=LONG 1308@0.18274767 · latido=1.50s
[RANGO] PRLUSDT_LINEAL last=0.1562 · río=WS · mercado=linear · estado=ACECHANDO · dir=— · 0=0.1613 · Oz=— · Red=0.1545232 · manos=ON · pos=LONG 1308@0.18274767 · latido=1.50s
[RANGO] autosello PRL · ACECHANDO · Oz=0.0 link=— · manos_feria_informe.json
[RANGO] PRLUSDT_LINEAL last=0.156 · río=WS · mercado=linear · estado=ACECHANDO · dir=— · 0=0.1613 · Oz=— · Red=0.1545232 · manos=ON · pos=LONG 1308@0.18274767 · latido=1.50s
[RANGO] autosello PRL · ACECHANDO · Oz=0.0 link=— · manos_feria_informe.json
[2026-08-31 14:50:47] [TUSK] RECONCILIACIÓN: CHIPUSDT_LINEAL: interno L:0.000000/S:0.000000 -> real L:550.000000/S:0.000000
[2026-08-31 14:50:47] [TUSK] RECONCILIACIÓN: FWDIUSDT_LINEAL: interno L:0.000000/S:0.000000 -> real L:0.000000/S:9.300000
[2026-08-31 14:50:47] [TUSK] RECONCILIACIÓN_FANTASMA: PRLUSDT_LINEAL existe interno pero no en exchange -> reseteando
[2026-08-31 14:50:47] [TUSK] RECONCILIACIÓN_FANTASMA: AEROUSDT_LINEAL existe interno pero no en exchange -> reseteando
[2026-08-31 14:50:47] [TUSK] RECONCILIACIÓN_OK: 4 frentes alineados con exchange
[RANGO] PRLUSDT_LINEAL last=0.1563 · río=WS · mercado=linear · estado=ACECHANDO · dir=— · 0=0.1613 · Oz=— · Red=0.1545232 · manos=ON · pos=flat · latido=1.50s
[RANGO] PRLUSDT_LINEAL last=0.156 · río=ciego/muleta · mercado=linear · estado=ACECHANDO · dir=— · 0=0.1613 · Oz=— · Red=0.1545232 · manos=ON · pos=flat · latido=1.50s
[RANGO] autosello PRL · ACECHANDO · Oz=0.0 link=— · manos_feria_informe.json
[RANGO] PRLUSDT_LINEAL last=0.1563 · río=WS · mercado=linear · estado=ACECHANDO · dir=— · 0=0.1613 · Oz=— · Red=0.1545232 · manos=ON · pos=flat · latido=1.50s
[RANGO] autosello PRL · ACECHANDO · Oz=0.0 link=— · manos_feria_informe.json
[RANGO] PRLUSDT_LINEAL last=0.156 · río=ciego/muleta · mercado=linear · estado=ACECHANDO · dir=— · 0=0.1613 · Oz=— · Red=0.1545232 · manos=ON · pos=flat · latido=1.50s
[RANGO] autosello PRL · ACECHANDO · Oz=0.0 link=— · manos_feria_informe.json
[RANGO] PRLUSDT_LINEAL last=0.1562 · río=WS · mercado=linear · estado=ACECHANDO · dir=— · 0=0.1613 · Oz=— · Red=0.1545232 · manos=ON · pos=flat · latido=1.50s
[RANGO] PRLUSDT_LINEAL last=0.1562 · río=WS · mercado=linear · estado=ACECHANDO · dir=— · 0=0.1613 · Oz=— · Red=0.1545232 · manos=ON · pos=flat · latido=1.50s
[RANGO] autosello PRL · ACECHANDO · Oz=0.0 link=— · manos_feria_informe.json
[RANGO] PRLUSDT_LINEAL last=0.1561 · río=WS · mercado=linear · estado=ACECHANDO · dir=— · 0=0.1613 · Oz=— · Red=0.1545232 · manos=ON · pos=flat · latido=1.50s
[RANGO] autosello PRL · ACECHANDO · Oz=0.0 link=— · manos_feria_informe.json
[RANGO] PRLUSDT_LINEAL last=0.1562 · río=WS · mercado=linear · estado=ACECHANDO · dir=— · 0=0.1613 · Oz=— · Red=0.1545232 · manos=ON · pos=flat · latido=1.50s
[RANGO] PRLUSDT_LINEAL last=0.1561 · río=WS · mercado=linear · estado=ACECHANDO · dir=— · 0=0.1613 · Oz=— · Red=0.1545232 · manos=ON · pos=flat · latido=1.50s
[RANGO] autosello PRL · ACECHANDO · Oz=0.0 link=— · manos_feria_informe.json
[RANGO] PRLUSDT_LINEAL last=0.1562 · río=WS · mercado=linear · estado=ACECHANDO · dir=— · 0=0.1613 · Oz=— · Red=0.1545232 · manos=ON · pos=flat · latido=1.50s
[RANGO] autosello PRL · ACECHANDO · Oz=0.0 link=— · manos_feria_informe.json
[RANGO] PRLUSDT_LINEAL last=0.1561 · río=ciego/muleta · mercado=linear · estado=ACECHANDO · dir=— · 0=0.1613 · Oz=— · Red=0.1545232 · manos=ON · pos=flat · latido=1.50s
[RANGO] PRLUSDT_LINEAL last=0.1562 · río=WS · mercado=linear · estado=ACECHANDO · dir=— · 0=0.1613 · Oz=— · Red=0.1545232 · manos=ON · pos=flat · latido=1.50s
[RANGO] autosello PRL · ACECHANDO · Oz=0.0 link=— · manos_feria_informe.json
[RANGO] PRLUSDT_LINEAL last=0.1559 · río=WS · mercado=linear · estado=ACECHANDO · dir=— · 0=0.1613 · Oz=— · Red=0.1545232 · manos=ON · pos=flat · latido=1.50s
[RANGO] autosello PRL · ACECHANDO · Oz=0.0 link=— · manos_feria_informe.json
[RANGO] PRLUSDT_LINEAL last=0.156 · río=WS · mercado=linear · estado=ACECHANDO · dir=— · 0=0.1613 · Oz=— · Red=0.1545232 · manos=ON · pos=flat · latido=1.50s
[RANGO] PRLUSDT_LINEAL last=0.1563 · río=WS · mercado=linear · estado=ACECHANDO · dir=— · 0=0.1613 · Oz=— · Red=0.1545232 · manos=ON · pos=flat · latido=1.50s
[RANGO] autosello PRL · ACECHANDO · Oz=0.0 link=— · manos_feria_informe.json
[RANGO] PRLUSDT_LINEAL last=0.1562 · río=WS · mercado=linear · estado=ACECHANDO · dir=— · 0=0.1613 · Oz=— · Red=0.1545232 · manos=ON · pos=flat · latido=1.50s
[RANGO] autosello PRL · ACECHANDO · Oz=0.0 link=— · manos_feria_informe.json
[RANGO] PRLUSDT_LINEAL last=0.156 · río=ciego/muleta · mercado=linear · estado=ACECHANDO · dir=— · 0=0.1613 · Oz=— · Red=0.1545232 · manos=ON · pos=flat · latido=1.50s
[RANGO] PRLUSDT_LINEAL last=0.156 · río=ciego/muleta · mercado=linear · estado=ACECHANDO · dir=— · 0=0.1613 · Oz=— · Red=0.1545232 · manos=ON · pos=flat · latido=1.50s
[RANGO] autosello PRL · ACECHANDO · Oz=0.0 link=— · manos_feria_informe.json
[RANGO] PRLUSDT_LINEAL last=0.156 · río=ciego/muleta · mercado=linear · estado=ACECHANDO · dir=— · 0=0.1613 · Oz=— · Red=0.1545232 · manos=ON · pos=flat · latido=1.50s
[RANGO] autosello PRL · ACECHANDO · Oz=0.0 link=— · manos_feria_informe.json
[RANGO] PRLUSDT_LINEAL last=0.156 · río=ciego/muleta · mercado=linear · estado=ACECHANDO · dir=— · 0=0.1613 · Oz=— · Red=0.1545232 · manos=ON · pos=flat · latido=1.50s
[RANGO] PRLUSDT_LINEAL last=0.1563 · río=WS · mercado=linear · estado=ACECHANDO · dir=— · 0=0.1613 · Oz=— · Red=0.1545232 · manos=ON · pos=flat · latido=1.50s
[RANGO] autosello PRL · ACECHANDO · Oz=0.0 link=— · manos_feria_informe.json
[RANGO] PRLUSDT_LINEAL last=0.1561 · río=WS · mercado=linear · estado=ACECHANDO · dir=— · 0=0.1613 · Oz=— · Red=0.1545232 · manos=ON · pos=flat · latido=1.50s
[RANGO] autosello PRL · ACECHANDO · Oz=0.0 link=— · manos_feria_informe.json
[RANGO] PRLUSDT_LINEAL last=0.156 · río=ciego/muleta · mercado=linear · estado=ACECHANDO · dir=— · 0=0.1613 · Oz=— · Red=0.1545232 · manos=ON · pos=flat · latido=1.50s
[RANGO] autosello PRL · ACECHANDO · Oz=0.0 link=— · manos_feria_informe.json
[RANGO] PRLUSDT_LINEAL last=0.1561 · río=WS · mercado=linear · estado=ACECHANDO · dir=— · 0=0.1613 · Oz=— · Red=0.1545232 · manos=ON · pos=flat · latido=1.50s
[RANGO] PRLUSDT_LINEAL last=0.156 · río=ciego/muleta · mercado=linear · estado=ACECHANDO · dir=— · 0=0.1613 · Oz=— · Red=0.1545232 · manos=ON · pos=flat · latido=1.50s
[RANGO] autosello PRL · ACECHANDO · Oz=0.0 link=— · manos_feria_informe.json
[RANGO] PRLUSDT_LINEAL last=0.156 · río=WS · mercado=linear · estado=ACECHANDO · dir=— · 0=0.1613 · Oz=— · Red=0.1545232 · manos=ON · pos=flat · latido=1.50s
[RANGO] autosello PRL · ACECHANDO · Oz=0.0 link=— · manos_feria_informe.json
[RANGO] PRLUSDT_LINEAL last=0.1561 · río=WS · mercado=linear · estado=ACECHANDO · dir=— · 0=0.1613 · Oz=— · Red=0.1545232 · manos=ON · pos=flat · latido=1.50s
[RANGO] PRLUSDT_LINEAL last=0.1561 · río=WS · mercado=linear · estado=ACECHANDO · dir=— · 0=0.1613 · Oz=— · Red=0.1545232 · manos=ON · pos=flat · latido=1.50s
[RANGO] autosello PRL · ACECHANDO · Oz=0.0 link=— · manos_feria_informe.json
[RANGO] PRLUSDT_LINEAL last=0.156 · río=ciego/muleta · mercado=linear · estado=ACECHANDO · dir=— · 0=0.1613 · Oz=— · Red=0.1545232 · manos=ON · pos=flat · latido=1.50s
[RANGO] autosello PRL · ACECHANDO · Oz=0.0 link=— · manos_feria_informe.json
[RANGO] PRLUSDT_LINEAL last=0.156 · río=WS · mercado=linear · estado=ACECHANDO · dir=— · 0=0.1613 · Oz=— · Red=0.1545232 · manos=ON · pos=flat · latido=1.50s
[RANGO] PRLUSDT_LINEAL last=0.1559 · río=WS · mercado=linear · estado=ACECHANDO · dir=— · 0=0.1613 · Oz=— · Red=0.1545232 · manos=ON · pos=flat · latido=1.50s
[RANGO] autosello PRL · ACECHANDO · Oz=0.0 link=— · manos_feria_informe.json
[RANGO] PRLUSDT_LINEAL last=0.156 · río=WS · mercado=linear · estado=ACECHANDO · dir=— · 0=0.1613 · Oz=— · Red=0.1545232 · manos=ON · pos=flat · latido=1.50s
[RANGO] autosello PRL · ACECHANDO · Oz=0.0 link=— · manos_feria_informe.json
[RANGO] PRLUSDT_LINEAL last=0.1561 · río=WS · mercado=linear · estado=ACECHANDO · dir=— · 0=0.1613 · Oz=— · Red=0.1545232 · manos=ON · pos=flat · latido=1.50s
[RANGO] PRLUSDT_LINEAL last=0.156 · río=WS · mercado=linear · estado=ACECHANDO · dir=— · 0=0.1613 · Oz=— · Red=0.1545232 · manos=ON · pos=flat · latido=1.50s
[RANGO] autosello PRL · ACECHANDO · Oz=0.0 link=— · manos_feria_informe.json
[RANGO] PRLUSDT_LINEAL last=0.156 · río=ciego/muleta · mercado=linear · estado=ACECHANDO · dir=— · 0=0.1613 · Oz=— · Red=0.1545232 · manos=ON · pos=flat · latido=1.50s
[RANGO] autosello PRL · ACECHANDO · Oz=0.0 link=— · manos_feria_informe.json
[RANGO] PRLUSDT_LINEAL last=0.1557 · río=WS · mercado=linear · estado=ACECHANDO · dir=— · 0=0.1613 · Oz=— · Red=0.1545232 · manos=ON · pos=flat · latido=1.50s
[RANGO] autosello PRL · ACECHANDO · Oz=0.0 link=— · manos_feria_informe.json
[RANGO] PRLUSDT_LINEAL last=0.1556 · río=WS · mercado=linear · estado=ACECHANDO · dir=— · 0=0.1613 · Oz=— · Red=0.1545232 · manos=ON · pos=flat · latido=1.50s
[RANGO] PRLUSDT_LINEAL last=0.1555 · río=WS · mercado=linear · estado=ACECHANDO · dir=— · 0=0.1613 · Oz=— · Red=0.1545232 · manos=ON · pos=flat · latido=1.50s
[RANGO] autosello PRL · ACECHANDO · Oz=0.0 link=— · manos_feria_informe.json
[RANGO] PRLUSDT_LINEAL last=0.1559 · río=WS · mercado=linear · estado=ACECHANDO · dir=— · 0=0.1613 · Oz=— · Red=0.1545232 · manos=ON · pos=flat · latido=1.50s
[RANGO] autosello PRL · ACECHANDO · Oz=0.0 link=— · manos_feria_informe.json
[RANGO] PRLUSDT_LINEAL last=0.1559 · río=ciego/muleta · mercado=linear · estado=ACECHANDO · dir=— · 0=0.1613 · Oz=— · Red=0.1545232 · manos=ON · pos=flat · latido=1.50s
[RANGO] PRLUSDT_LINEAL last=0.1558 · río=WS · mercado=linear · estado=ACECHANDO · dir=— · 0=0.1613 · Oz=— · Red=0.1545232 · manos=ON · pos=flat · latido=1.50s
[RANGO] autosello PRL · ACECHANDO · Oz=0.0 link=— · manos_feria_informe.json
[RANGO] PRLUSDT_LINEAL last=0.156 · río=WS · mercado=linear · estado=ACECHANDO · dir=— · 0=0.1613 · Oz=— · Red=0.1545232 · manos=ON · pos=flat · latido=1.50s
[RANGO] autosello PRL · ACECHANDO · Oz=0.0 link=— · manos_feria_informe.json
[RANGO] PRLUSDT_LINEAL last=0.156 · río=WS · mercado=linear · estado=ACECHANDO · dir=— · 0=0.1613 · Oz=— · Red=0.1545232 · manos=ON · pos=flat · latido=1.50s
[RANGO] PRLUSDT_LINEAL last=0.1563 · río=WS · mercado=linear · estado=ACECHANDO · dir=— · 0=0.1613 · Oz=— · Red=0.1545232 · manos=ON · pos=flat · latido=1.50s
[RANGO] autosello PRL · ACECHANDO · Oz=0.0 link=— · manos_feria_informe.json
[RANGO] PRLUSDT_LINEAL last=0.1561 · río=ciego/muleta · mercado=linear · estado=ACECHANDO · dir=— · 0=0.1613 · Oz=— · Red=0.1545232 · manos=ON · pos=flat · latido=1.50s
[RANGO] autosello PRL · ACECHANDO · Oz=0.0 link=— · manos_feria_informe.json
[RANGO] PRLUSDT_LINEAL last=0.1561 · río=ciego/muleta · mercado=linear · estado=ACECHANDO · dir=— · 0=0.1613 · Oz=— · Red=0.1545232 · manos=ON · pos=flat · latido=1.50s
[RANGO] PRLUSDT_LINEAL last=0.1562 · río=WS · mercado=linear · estado=ACECHANDO · dir=— · 0=0.1613 · Oz=— · Red=0.1545232 · manos=ON · pos=flat · latido=1.50s
[RANGO] autosello PRL · ACECHANDO · Oz=0.0 link=— · manos_feria_informe.json
[RANGO] PRLUSDT_LINEAL last=0.156 · río=WS · mercado=linear · estado=ACECHANDO · dir=— · 0=0.1613 · Oz=— · Red=0.1545232 · manos=ON · pos=flat · latido=1.50s
[RANGO] autosello PRL · ACECHANDO · Oz=0.0 link=— · manos_feria_informe.json
[RANGO] PRLUSDT_LINEAL last=0.1561 · río=ciego/muleta · mercado=linear · estado=ACECHANDO · dir=— · 0=0.1613 · Oz=— · Red=0.1545232 · manos=ON · pos=flat · latido=1.50s
[RANGO] PRLUSDT_LINEAL last=0.1561 · río=WS · mercado=linear · estado=ACECHANDO · dir=— · 0=0.1613 · Oz=— · Red=0.1545232 · manos=ON · pos=flat · latido=1.50s
[RANGO] autosello PRL · ACECHANDO · Oz=0.0 link=— · manos_feria_informe.json
[RANGO] PRLUSDT_LINEAL last=0.1562 · río=WS · mercado=linear · estado=ACECHANDO · dir=— · 0=0.1613 · Oz=— · Red=0.1545232 · manos=ON · pos=flat · latido=1.50s
[RANGO] autosello PRL · ACECHANDO · Oz=0.0 link=— · manos_feria_informe.json
[RANGO] PRLUSDT_LINEAL last=0.1563 · río=WS · mercado=linear · estado=ACECHANDO · dir=— · 0=0.1613 · Oz=— · Red=0.1545232 · manos=ON · pos=flat · latido=1.50s
[RANGO] PRLUSDT_LINEAL last=0.1563 · río=ciego/muleta · mercado=linear · estado=ACECHANDO · dir=— · 0=0.1613 · Oz=— · Red=0.1545232 · manos=ON · pos=flat · latido=1.50s
[RANGO] autosello PRL · ACECHANDO · Oz=0.0 link=— · manos_feria_informe.json
[RANGO] PRLUSDT_LINEAL last=0.1563 · río=ciego/muleta · mercado=linear · estado=ACECHANDO · dir=— · 0=0.1613 · Oz=— · Red=0.1545232 · manos=ON · pos=flat · latido=1.50s
[RANGO] autosello PRL · ACECHANDO · Oz=0.0 link=— · manos_feria_informe.json
[RANGO] PRLUSDT_LINEAL last=0.1563 · río=ciego/muleta · mercado=linear · estado=ACECHANDO · dir=— · 0=0.1613 · Oz=— · Red=0.1545232 · manos=ON · pos=flat · latido=1.50s
[RANGO] autosello PRL · ACECHANDO · Oz=0.0 link=— · manos_feria_informe.json
[RANGO] PRLUSDT_LINEAL last=0.1566 · río=WS · mercado=linear · estado=ACECHANDO · dir=— · 0=0.1613 · Oz=— · Red=0.1545232 · manos=ON · pos=flat · latido=1.50s
[RANGO] PRLUSDT_LINEAL last=0.1563 · río=WS · mercado=linear · estado=ACECHANDO · dir=— · 0=0.1613 · Oz=— · Red=0.1545232 · manos=ON · pos=flat · latido=1.50s
[RANGO] autosello PRL · ACECHANDO · Oz=0.0 link=— · manos_feria_informe.json
[RANGO] PRLUSDT_LINEAL last=0.1563 · río=WS · mercado=linear · estado=ACECHANDO · dir=— · 0=0.1613 · Oz=— · Red=0.1545232 · manos=ON · pos=flat · latido=1.50s
[RANGO] autosello PRL · ACECHANDO · Oz=0.0 link=— · manos_feria_informe.json
[RANGO] PRLUSDT_LINEAL last=0.1563 · río=ciego/muleta · mercado=linear · estado=ACECHANDO · dir=— · 0=0.1613 · Oz=— · Red=0.1545232 · manos=ON · pos=flat · latido=1.50s
[RANGO] PRLUSDT_LINEAL last=0.1563 · río=ciego/muleta · mercado=linear · estado=ACECHANDO · dir=— · 0=0.1613 · Oz=— · Red=0.1545232 · manos=ON · pos=flat · latido=1.50s
[RANGO] autosello PRL · ACECHANDO · Oz=0.0 link=— · manos_feria_informe.json
[RANGO] PRLUSDT_LINEAL last=0.1563 · río=WS · mercado=linear · estado=ACECHANDO · dir=— · 0=0.1613 · Oz=— · Red=0.1545232 · manos=ON · pos=flat · latido=1.50s
[RANGO] autosello PRL · ACECHANDO · Oz=0.0 link=— · manos_feria_informe.json
[RANGO] PRLUSDT_LINEAL last=0.1563 · río=WS · mercado=linear · estado=ACECHANDO · dir=— · 0=0.1613 · Oz=— · Red=0.1545232 · manos=ON · pos=flat · latido=1.50s
[RANGO] PRLUSDT_LINEAL last=0.1561 · río=WS · mercado=linear · estado=ACECHANDO · dir=— · 0=0.1613 · Oz=— · Red=0.1545232 · manos=ON · pos=flat · latido=1.50s
[RANGO] autosello PRL · ACECHANDO · Oz=0.0 link=— · manos_feria_informe.json
[RANGO] PRLUSDT_LINEAL last=0.1565 · río=WS · mercado=linear · estado=ACECHANDO · dir=— · 0=0.1613 · Oz=— · Red=0.1545232 · manos=ON · pos=flat · latido=1.50s
[RANGO] autosello PRL · ACECHANDO · Oz=0.0 link=— · manos_feria_informe.json
[RANGO] PRLUSDT_LINEAL last=0.1564 · río=WS · mercado=linear · estado=ACECHANDO · dir=— · 0=0.1613 · Oz=— · Red=0.1545232 · manos=ON · pos=flat · latido=1.50s
[RANGO] PRLUSDT_LINEAL last=0.1564 · río=ciego/muleta · mercado=linear · estado=ACECHANDO · dir=— · 0=0.1613 · Oz=— · Red=0.1545232 · manos=ON · pos=flat · latido=1.50s
[RANGO] autosello PRL · ACECHANDO · Oz=0.0 link=— · manos_feria_informe.json
[RANGO] PRLUSDT_LINEAL last=0.1564 · río=ciego/muleta · mercado=linear · estado=ACECHANDO · dir=— · 0=0.1613 · Oz=— · Red=0.1545232 · manos=ON · pos=flat · latido=1.50s
[RANGO] autosello PRL · ACECHANDO · Oz=0.0 link=— · manos_feria_informe.json
[RANGO] PRLUSDT_LINEAL last=0.1564 · río=WS · mercado=linear · estado=ACECHANDO · dir=— · 0=0.1613 · Oz=— · Red=0.1545232 · manos=ON · pos=flat · latido=1.50s
[RANGO] PRLUSDT_LINEAL last=0.1564 · río=WS · mercado=linear · estado=ACECHANDO · dir=— · 0=0.1613 · Oz=— · Red=0.1545232 · manos=ON · pos=flat · latido=1.50s
[RANGO] autosello PRL · ACECHANDO · Oz=0.0 link=— · manos_feria_informe.json
[RANGO] PRLUSDT_LINEAL last=0.1562 · río=ciego/muleta · mercado=linear · estado=ACECHANDO · dir=— · 0=0.1613 · Oz=— · Red=0.1545232 · manos=ON · pos=flat · latido=1.50s
[RANGO] autosello PRL · ACECHANDO · Oz=0.0 link=— · manos_feria_informe.json
[RANGO] PRLUSDT_LINEAL last=0.1562 · río=ciego/muleta · mercado=linear · estado=ACECHANDO · dir=— · 0=0.1613 · Oz=— · Red=0.1545232 · manos=ON · pos=flat · latido=1.50s
[RANGO] PRLUSDT_LINEAL last=0.1561 · río=WS · mercado=linear · estado=ACECHANDO · dir=— · 0=0.1613 · Oz=— · Red=0.1545232 · manos=ON · pos=flat · latido=1.50s
[RANGO] autosello PRL · ACECHANDO · Oz=0.0 link=— · manos_feria_informe.json
[RANGO] PRLUSDT_LINEAL last=0.156 · río=WS · mercado=linear · estado=ACECHANDO · dir=— · 0=0.1613 · Oz=— · Red=0.1545232 · manos=ON · pos=flat · latido=1.50s
[RANGO] autosello PRL · ACECHANDO · Oz=0.0 link=— · manos_feria_informe.json
[RANGO] PRLUSDT_LINEAL last=0.1562 · río=ciego/muleta · mercado=linear · estado=ACECHANDO · dir=— · 0=0.1613 · Oz=— · Red=0.1545232 · manos=ON · pos=flat · latido=1.50s
[RANGO] PRLUSDT_LINEAL last=0.1561 · río=WS · mercado=linear · estado=ACECHANDO · dir=— · 0=0.1613 · Oz=— · Red=0.1545232 · manos=ON · pos=flat · latido=1.50s
[RANGO] autosello PRL · ACECHANDO · Oz=0.0 link=— · manos_feria_informe.json
[RANGO] PRLUSDT_LINEAL last=0.1563 · río=WS · mercado=linear · estado=ACECHANDO · dir=— · 0=0.1613 · Oz=— · Red=0.1545232 · manos=ON · pos=flat · latido=1.50s
[RANGO] autosello PRL · ACECHANDO · Oz=0.0 link=— · manos_feria_informe.json
[RANGO] PRLUSDT_LINEAL last=0.1562 · río=ciego/muleta · mercado=linear · estado=ACECHANDO · dir=— · 0=0.1613 · Oz=— · Red=0.1545232 · manos=ON · pos=flat · latido=1.50s
[RANGO] PRLUSDT_LINEAL last=0.1562 · río=ciego/muleta · mercado=linear · estado=ACECHANDO · dir=— · 0=0.1613 · Oz=— · Red=0.1545232 · manos=ON · pos=flat · latido=1.50s
[RANGO] autosello PRL · ACECHANDO · Oz=0.0 link=— · manos_feria_informe.json
[2026-08-31 15:04:04] [TUSK] RECONCILIACIÓN: ZKPUSDT_LINEAL: interno L:0.000000/S:0.000000 -> real L:1716.000000/S:0.000000
[2026-08-31 15:04:04] [TUSK] RECONCILIACIÓN_FANTASMA: BIOUSDT_LINEAL existe interno pero no en exchange -> reseteando
[2026-08-31 15:04:04] [TUSK] RECONCILIACIÓN_OK: 2 frentes alineados con exchange
[RANGO] PRLUSDT_LINEAL last=0.1562 · río=ciego/muleta · mercado=linear · estado=ACECHANDO · dir=— · 0=0.1613 · Oz=— · Red=0.1545232 · manos=ON · pos=flat · latido=1.50s
[RANGO] autosello PRL · ACECHANDO · Oz=0.0 link=— · manos_feria_informe.json
[RANGO] PRLUSDT_LINEAL last=0.1562 · río=ciego/muleta · mercado=linear · estado=ACECHANDO · dir=— · 0=0.1613 · Oz=— · Red=0.1545232 · manos=ON · pos=flat · latido=1.50s
[RANGO] autosello PRL · ACECHANDO · Oz=0.0 link=— · manos_feria_informe.json
[RANGO] PRLUSDT_LINEAL last=0.1562 · río=ciego/muleta · mercado=linear · estado=ACECHANDO · dir=— · 0=0.1613 · Oz=— · Red=0.1545232 · manos=ON · pos=flat · latido=1.50s
[RANGO] PRLUSDT_LINEAL last=0.1562 · río=ciego/muleta · mercado=linear · estado=ACECHANDO · dir=— · 0=0.1613 · Oz=— · Red=0.1545232 · manos=ON · pos=flat · latido=1.50s
[RANGO] autosello PRL · ACECHANDO · Oz=0.0 link=— · manos_feria_informe.json
[RANGO] PRLUSDT_LINEAL last=0.1562 · río=ciego/muleta · mercado=linear · estado=ACECHANDO · dir=— · 0=0.1613 · Oz=— · Red=0.1545232 · manos=ON · pos=flat · latido=1.50s
[RANGO] autosello PRL · ACECHANDO · Oz=0.0 link=— · manos_feria_informe.json
[RANGO] PRLUSDT_LINEAL last=0.1562 · río=ciego/muleta · mercado=linear · estado=ACECHANDO · dir=— · 0=0.1613 · Oz=— · Red=0.1545232 · manos=ON · pos=flat · latido=1.50s
[2026-08-31 15:05:06] [TUSK] RECONCILIACIÓN: BIOUSDT_LINEAL: interno L:0.000000/S:0.000000 -> real L:1016.000000/S:0.000000
[2026-08-31 15:05:06] [TUSK] RECONCILIACIÓN_FANTASMA: ACUUSDT_LINEAL existe interno pero no en exchange -> reseteando
[2026-08-31 15:05:06] [TUSK] RECONCILIACIÓN_OK: 2 frentes alineados con exchange
[RANGO] PRLUSDT_LINEAL last=0.1563 · río=ciego/muleta · mercado=linear · estado=ACECHANDO · dir=— · 0=0.1613 · Oz=— · Red=0.1545232 · manos=ON · pos=flat · latido=1.50s
[RANGO] autosello PRL · ACECHANDO · Oz=0.0 link=— · manos_feria_informe.json
[RANGO] PRLUSDT_LINEAL last=0.1562 · río=WS · mercado=linear · estado=ACECHANDO · dir=— · 0=0.1613 · Oz=— · Red=0.1545232 · manos=ON · pos=flat · latido=1.50s
[RANGO] autosello PRL · ACECHANDO · Oz=0.0 link=— · manos_feria_informe.json
[RANGO] PRLUSDT_LINEAL last=0.1563 · río=WS · mercado=linear · estado=ACECHANDO · dir=— · 0=0.1613 · Oz=— · Red=0.1545232 · manos=ON · pos=flat · latido=1.50s
[RANGO] autosello PRL · ACECHANDO · Oz=0.0 link=— · manos_feria_informe.json
[RANGO] PRLUSDT_LINEAL last=0.1562 · río=WS · mercado=linear · estado=ACECHANDO · dir=— · 0=0.1613 · Oz=— · Red=0.1545232 · manos=ON · pos=flat · latido=1.50s
[RANGO] PRLUSDT_LINEAL last=0.1563 · río=WS · mercado=linear · estado=ACECHANDO · dir=— · 0=0.1613 · Oz=— · Red=0.1545232 · manos=ON · pos=flat · latido=1.50s
[RANGO] autosello PRL · ACECHANDO · Oz=0.0 link=— · manos_feria_informe.json
[RANGO] PRLUSDT_LINEAL last=0.1561 · río=WS · mercado=linear · estado=ACECHANDO · dir=— · 0=0.1613 · Oz=— · Red=0.1545232 · manos=ON · pos=flat · latido=1.50s
[RANGO] autosello PRL · ACECHANDO · Oz=0.0 link=— · manos_feria_informe.json
[RANGO] PRLUSDT_LINEAL last=0.1562 · río=ciego/muleta · mercado=linear · estado=ACECHANDO · dir=— · 0=0.1613 · Oz=— · Red=0.1545232 · manos=ON · pos=flat · latido=1.50s
[RANGO] PRLUSDT_LINEAL last=0.1561 · río=WS · mercado=linear · estado=ACECHANDO · dir=— · 0=0.1613 · Oz=— · Red=0.1545232 · manos=ON · pos=flat · latido=1.50s
[RANGO] autosello PRL · ACECHANDO · Oz=0.0 link=— · manos_feria_informe.json
[RANGO] PRLUSDT_LINEAL last=0.1561 · río=WS · mercado=linear · estado=ACECHANDO · dir=— · 0=0.1613 · Oz=— · Red=0.1545232 · manos=ON · pos=flat · latido=1.50s
[RANGO] autosello PRL · ACECHANDO · Oz=0.0 link=— · manos_feria_informe.json
[RANGO] PRLUSDT_LINEAL last=0.1558 · río=WS · mercado=linear · estado=ACECHANDO · dir=— · 0=0.1613 · Oz=— · Red=0.1545232 · manos=ON · pos=flat · latido=1.50s
[RANGO] PRLUSDT_LINEAL last=0.1559 · río=WS · mercado=linear · estado=ACECHANDO · dir=— · 0=0.1613 · Oz=— · Red=0.1545232 · manos=ON · pos=flat · latido=1.50s
[RANGO] autosello PRL · ACECHANDO · Oz=0.0 link=— · manos_feria_informe.json
[RANGO] PRLUSDT_LINEAL last=0.1557 · río=ciego/muleta · mercado=linear · estado=ACECHANDO · dir=— · 0=0.1613 · Oz=— · Red=0.1545232 · manos=ON · pos=flat · latido=1.50s
[2026-08-31 15:07:09] [TUSK] RECONCILIACIÓN: OUSDT_LINEAL: interno L:0.000000/S:54.000000 -> real L:0.000000/S:65.000000
[2026-08-31 15:07:09] [TUSK] RECONCILIACIÓN: AEROUSDT_LINEAL: interno L:0.000000/S:0.000000 -> real L:70.000000/S:0.000000
[2026-08-31 15:07:09] [TUSK] RECONCILIACIÓN_FANTASMA: AIGENSYNUSDT_LINEAL existe interno pero no en exchange -> reseteando
[2026-08-31 15:07:09] [TUSK] RECONCILIACIÓN_OK: 3 frentes alineados con exchange
[RANGO] autosello PRL · ACECHANDO · Oz=0.0 link=— · manos_feria_informe.json
[RANGO] PRLUSDT_LINEAL last=0.1557 · río=WS · mercado=linear · estado=ACECHANDO · dir=— · 0=0.1613 · Oz=— · Red=0.1545232 · manos=ON · pos=flat · latido=1.50s
[RANGO] PRLUSDT_LINEAL last=0.1557 · río=ciego/muleta · mercado=linear · estado=ACECHANDO · dir=— · 0=0.1613 · Oz=— · Red=0.1545232 · manos=ON · pos=flat · latido=1.50s
[RANGO] autosello PRL · ACECHANDO · Oz=0.0 link=— · manos_feria_informe.json
