
════════════════════════════════════════════════════════
    ARISE BERU RANGO — MANOS ON
    Santo: ZHIPUUSDT_LINEAL · mercado=linear · perfil=feria · Vacío ±2.2% · masa $5.0 · Red $5.0
    FASE: HIERRO | SIM=False | TESTNET=False
════════════════════════════════════════════════════════
[2026-08-31 08:05:23] [BRIDGE] LEVERAGE_ERROR: ZHIPUUSD 25x: params error: symbol invalid ZHIPUUSD (ErrCode: 10001) (ErrTime: 14:05:23).
Request → POST https://api.bybit.com/v5/position/set-leverage: {"category": "inverse", "symbol": "ZHIPUUSD", "buyLeverage": "25", "sellLeverage": "25"}.
[BELLION OIDO · CRITICO] BRIDGE LEVERAGE_ERROR
[2026-08-31 08:05:24] [BRIDGE] LEVERAGE_ERROR: ZHIPUUSD 20x: params error: symbol invalid ZHIPUUSD (ErrCode: 10001) (ErrTime: 14:05:24).
Request → POST https://api.bybit.com/v5/position/set-leverage: {"category": "inverse", "symbol": "ZHIPUUSD", "buyLeverage": "20", "sellLeverage": "20"}.
[BELLION OIDO · CRITICO] BRIDGE LEVERAGE_ERROR
[2026-08-31 08:05:24] [BRIDGE] LEVERAGE_ERROR: ZHIPUUSD 15x: params error: symbol invalid ZHIPUUSD (ErrCode: 10001) (ErrTime: 14:05:24).
Request → POST https://api.bybit.com/v5/position/set-leverage: {"category": "inverse", "symbol": "ZHIPUUSD", "buyLeverage": "15", "sellLeverage": "15"}.
[BELLION OIDO · CRITICO] BRIDGE LEVERAGE_ERROR
[2026-08-31 08:05:24] [BRIDGE] LEVERAGE_ERROR: ZHIPUUSD 12x: params error: symbol invalid ZHIPUUSD (ErrCode: 10001) (ErrTime: 14:05:24).
Request → POST https://api.bybit.com/v5/position/set-leverage: {"category": "inverse", "symbol": "ZHIPUUSD", "buyLeverage": "12", "sellLeverage": "12"}.
[BELLION OIDO · CRITICO] BRIDGE LEVERAGE_ERROR
[2026-08-31 08:05:24] [BRIDGE] LEVERAGE_ERROR: ZHIPUUSD 10x: params error: symbol invalid ZHIPUUSD (ErrCode: 10001) (ErrTime: 14:05:24).
Request → POST https://api.bybit.com/v5/position/set-leverage: {"category": "inverse", "symbol": "ZHIPUUSD", "buyLeverage": "10", "sellLeverage": "10"}.
[BELLION OIDO · CRITICO] BRIDGE LEVERAGE_ERROR
[2026-08-31 08:05:25] [BRIDGE] LEVERAGE_ERROR: ZHIPUUSD 8x: params error: symbol invalid ZHIPUUSD (ErrCode: 10001) (ErrTime: 14:05:25).
Request → POST https://api.bybit.com/v5/position/set-leverage: {"category": "inverse", "symbol": "ZHIPUUSD", "buyLeverage": "8", "sellLeverage": "8"}.
[BELLION OIDO · CRITICO] BRIDGE LEVERAGE_ERROR
[2026-08-31 08:05:25] [BRIDGE] LEVERAGE_ERROR: ZHIPUUSD 5x: params error: symbol invalid ZHIPUUSD (ErrCode: 10001) (ErrTime: 14:05:25).
Request → POST https://api.bybit.com/v5/position/set-leverage: {"category": "inverse", "symbol": "ZHIPUUSD", "buyLeverage": "5", "sellLeverage": "5"}.
[BELLION OIDO · CRITICO] BRIDGE LEVERAGE_ERROR
[2026-08-31 08:05:26] [BRIDGE] LEVERAGE_ERROR: ZHIPUUSD 3x: params error: symbol invalid ZHIPUUSD (ErrCode: 10001) (ErrTime: 14:05:26).
Request → POST https://api.bybit.com/v5/position/set-leverage: {"category": "inverse", "symbol": "ZHIPUUSD", "buyLeverage": "3", "sellLeverage": "3"}.
[BELLION OIDO · CRITICO] BRIDGE LEVERAGE_ERROR
[2026-08-31 08:05:26] [BRIDGE] LEVERAGE_ERROR: ZHIPUUSD 2x: params error: symbol invalid ZHIPUUSD (ErrCode: 10001) (ErrTime: 14:05:26).
Request → POST https://api.bybit.com/v5/position/set-leverage: {"category": "inverse", "symbol": "ZHIPUUSD", "buyLeverage": "2", "sellLeverage": "2"}.
[BELLION OIDO · CRITICO] BRIDGE LEVERAGE_ERROR
[2026-08-31 08:05:26] [BRIDGE] LEVERAGE_ERROR: ZHIPUUSD 1x: params error: symbol invalid ZHIPUUSD (ErrCode: 10001) (ErrTime: 14:05:26).
Request → POST https://api.bybit.com/v5/position/set-leverage: {"category": "inverse", "symbol": "ZHIPUUSD", "buyLeverage": "1", "sellLeverage": "1"}.
[BELLION OIDO · CRITICO] BRIDGE LEVERAGE_ERROR
[2026-08-31 08:05:27] [BRIDGE] LEVERAGE_ERROR: ZHIPUUSD 23x: params error: symbol invalid ZHIPUUSD (ErrCode: 10001) (ErrTime: 14:05:27).
Request → POST https://api.bybit.com/v5/position/set-leverage: {"category": "inverse", "symbol": "ZHIPUUSD", "buyLeverage": "23", "sellLeverage": "23"}.
[BELLION OIDO · CRITICO] BRIDGE LEVERAGE_ERROR
[2026-08-31 08:05:27] [BRIDGE] LEVERAGE_ERROR: ZHIPUUSD 21x: params error: symbol invalid ZHIPUUSD (ErrCode: 10001) (ErrTime: 14:05:27).
Request → POST https://api.bybit.com/v5/position/set-leverage: {"category": "inverse", "symbol": "ZHIPUUSD", "buyLeverage": "21", "sellLeverage": "21"}.
[BELLION OIDO · CRITICO] BRIDGE LEVERAGE_ERROR
[2026-08-31 08:05:27] [BRIDGE] LEVERAGE_ERROR: ZHIPUUSD 19x: params error: symbol invalid ZHIPUUSD (ErrCode: 10001) (ErrTime: 14:05:27).
Request → POST https://api.bybit.com/v5/position/set-leverage: {"category": "inverse", "symbol": "ZHIPUUSD", "buyLeverage": "19", "sellLeverage": "19"}.
[BELLION OIDO · CRITICO] BRIDGE LEVERAGE_ERROR
[2026-08-31 08:05:27] [BRIDGE] LEVERAGE_ERROR: ZHIPUUSD 17x: params error: symbol invalid ZHIPUUSD (ErrCode: 10001) (ErrTime: 14:05:27).
Request → POST https://api.bybit.com/v5/position/set-leverage: {"category": "inverse", "symbol": "ZHIPUUSD", "buyLeverage": "17", "sellLeverage": "17"}.
[BELLION OIDO · CRITICO] BRIDGE LEVERAGE_ERROR
[2026-08-31 08:05:28] [BRIDGE] LEVERAGE_ERROR: ZHIPUUSD 13x: params error: symbol invalid ZHIPUUSD (ErrCode: 10001) (ErrTime: 14:05:28).
Request → POST https://api.bybit.com/v5/position/set-leverage: {"category": "inverse", "symbol": "ZHIPUUSD", "buyLeverage": "13", "sellLeverage": "13"}.
[BELLION OIDO · CRITICO] BRIDGE LEVERAGE_ERROR
[2026-08-31 08:05:28] [BRIDGE] LEVERAGE_ERROR: ZHIPUUSD 11x: params error: symbol invalid ZHIPUUSD (ErrCode: 10001) (ErrTime: 14:05:28).
Request → POST https://api.bybit.com/v5/position/set-leverage: {"category": "inverse", "symbol": "ZHIPUUSD", "buyLeverage": "11", "sellLeverage": "11"}.
[BELLION OIDO · CRITICO] BRIDGE LEVERAGE_ERROR
[2026-08-31 08:05:28] [BRIDGE] LEVERAGE_ERROR: ZHIPUUSD 9x: params error: symbol invalid ZHIPUUSD (ErrCode: 10001) (ErrTime: 14:05:28).
Request → POST https://api.bybit.com/v5/position/set-leverage: {"category": "inverse", "symbol": "ZHIPUUSD", "buyLeverage": "9", "sellLeverage": "9"}.
[BELLION OIDO · CRITICO] BRIDGE LEVERAGE_ERROR
[2026-08-31 08:05:29] [BRIDGE] LEVERAGE_ERROR: ZHIPUUSD 7x: params error: symbol invalid ZHIPUUSD (ErrCode: 10001) (ErrTime: 14:05:29).
Request → POST https://api.bybit.com/v5/position/set-leverage: {"category": "inverse", "symbol": "ZHIPUUSD", "buyLeverage": "7", "sellLeverage": "7"}.
[BELLION OIDO · CRITICO] BRIDGE LEVERAGE_ERROR
[2026-08-31 08:05:29] [BRIDGE] LEVERAGE_ERROR: ZHIPUUSD 24x: params error: symbol invalid ZHIPUUSD (ErrCode: 10001) (ErrTime: 14:05:29).
Request → POST https://api.bybit.com/v5/position/set-leverage: {"category": "inverse", "symbol": "ZHIPUUSD", "buyLeverage": "24", "sellLeverage": "24"}.
[BELLION OIDO · CRITICO] BRIDGE LEVERAGE_ERROR
[2026-08-31 08:05:29] [BRIDGE] LEVERAGE_ERROR: ZHIPUUSD 22x: params error: symbol invalid ZHIPUUSD (ErrCode: 10001) (ErrTime: 14:05:29).
Request → POST https://api.bybit.com/v5/position/set-leverage: {"category": "inverse", "symbol": "ZHIPUUSD", "buyLeverage": "22", "sellLeverage": "22"}.
[BELLION OIDO · CRITICO] BRIDGE LEVERAGE_ERROR
[2026-08-31 08:05:29] [BRIDGE] LEVERAGE_ERROR: ZHIPUUSD 18x: params error: symbol invalid ZHIPUUSD (ErrCode: 10001) (ErrTime: 14:05:29).
Request → POST https://api.bybit.com/v5/position/set-leverage: {"category": "inverse", "symbol": "ZHIPUUSD", "buyLeverage": "18", "sellLeverage": "18"}.
[BELLION OIDO · CRITICO] BRIDGE LEVERAGE_ERROR
[2026-08-31 08:05:30] [BRIDGE] LEVERAGE_ERROR: ZHIPUUSD 16x: params error: symbol invalid ZHIPUUSD (ErrCode: 10001) (ErrTime: 14:05:30).
Request → POST https://api.bybit.com/v5/position/set-leverage: {"category": "inverse", "symbol": "ZHIPUUSD", "buyLeverage": "16", "sellLeverage": "16"}.
[BELLION OIDO · CRITICO] BRIDGE LEVERAGE_ERROR
[2026-08-31 08:05:30] [BRIDGE] LEVERAGE_ERROR: ZHIPUUSD 14x: params error: symbol invalid ZHIPUUSD (ErrCode: 10001) (ErrTime: 14:05:30).
Request → POST https://api.bybit.com/v5/position/set-leverage: {"category": "inverse", "symbol": "ZHIPUUSD", "buyLeverage": "14", "sellLeverage": "14"}.
[BELLION OIDO · CRITICO] BRIDGE LEVERAGE_ERROR
[2026-08-31 08:05:30] [BRIDGE] LEVERAGE_ERROR: ZHIPUUSD 6x: params error: symbol invalid ZHIPUUSD (ErrCode: 10001) (ErrTime: 14:05:30).
Request → POST https://api.bybit.com/v5/position/set-leverage: {"category": "inverse", "symbol": "ZHIPUUSD", "buyLeverage": "6", "sellLeverage": "6"}.
[BELLION OIDO · CRITICO] BRIDGE LEVERAGE_ERROR
[2026-08-31 08:05:31] [BRIDGE] LEVERAGE_ERROR: ZHIPUUSD 4x: params error: symbol invalid ZHIPUUSD (ErrCode: 10001) (ErrTime: 14:05:31).
Request → POST https://api.bybit.com/v5/position/set-leverage: {"category": "inverse", "symbol": "ZHIPUUSD", "buyLeverage": "4", "sellLeverage": "4"}.
[BELLION OIDO · CRITICO] BRIDGE LEVERAGE_ERROR
[2026-08-31 08:05:31] [IGRIS] LEVERAGE_MAX_AVISO: ZHIPU · ZHIPUUSD (inverse): pedido 25x · Bybit NO dejó · params error: symbol invalid ZHIPUUSD (ErrCode: 10001) (ErrTime: 14:05:31).
Request → POST https://api.bybit.com/v5/position/set-leverage: {"category": "inverse", "symbol": "ZHIPUUSD", "buyLeverage": "4", "sellLeverage": "4"}.
[BELLION OIDO · CRITICO] IGRIS LEVERAGE_MAX_AVISO
[2026-08-31 08:05:31] [IGRIS] LEVERAGE_MAX_OK: ZHIPU · ZHIPUUSDT (linear): 25x (techo catálogo)
[RANGO] apalanc ZHIPU AVISO: [{'ok': False, 'activo': 'ZHIPU', 'symbol': 'ZHIPUUSD', 'category': 'inverse', 'pedido': 25, 'aplicado': None, 'motivo': 'params error: symbol invalid ZHIPUUSD (ErrCode: 10001) (ErrTime: 14:05:31).\nRequest → POST https://api.bybit.com/v5/position/set-leverage: {"category": "inverse", "symbol": "ZHIPUUSD", "buyLeverage": "4", "sellLeverage": "4"}.'}]
[2026-08-31 08:05:33] [TUSK] RECONCILIACIÓN: AEHRUSDT_LINEAL: interno L:0.000000/S:0.000000 -> real L:0.090000/S:0.000000
[2026-08-31 08:05:33] [TUSK] RECONCILIACIÓN: BSPUSDT_LINEAL: interno L:0.000000/S:0.000000 -> real L:0.170000/S:0.000000
[2026-08-31 08:05:33] [TUSK] RECONCILIACIÓN: WDCUSDT_LINEAL: interno L:0.000000/S:0.000000 -> real L:0.020000/S:0.000000
[2026-08-31 08:05:33] [TUSK] RECONCILIACIÓN: BLUAIUSDT_LINEAL: interno L:0.000000/S:0.000000 -> real L:850.000000/S:0.000000
[2026-08-31 08:05:33] [TUSK] RECONCILIACIÓN: COTIUSDT_LINEAL: interno L:0.000000/S:0.000000 -> real L:1588.000000/S:0.000000
[2026-08-31 08:05:33] [TUSK] RECONCILIACIÓN: SAMSUNGUSDT_LINEAL: interno L:0.000000/S:0.000000 -> real L:0.000000/S:0.110000
[2026-08-31 08:05:33] [TUSK] RECONCILIACIÓN: LITUSDT_LINEAL: interno L:0.000000/S:0.000000 -> real L:0.000000/S:20.800000
[2026-08-31 08:05:33] [TUSK] RECONCILIACIÓN: PLTRUSDT_LINEAL: interno L:0.000000/S:0.000000 -> real L:0.030000/S:0.000000
[2026-08-31 08:05:33] [TUSK] RECONCILIACIÓN: BIOUSDT_LINEAL: interno L:0.000000/S:0.000000 -> real L:1016.000000/S:0.000000
[2026-08-31 08:05:33] [TUSK] RECONCILIACIÓN: TSLLUSDT_LINEAL: interno L:0.000000/S:0.000000 -> real L:1.150000/S:0.000000
[2026-08-31 08:05:33] [TUSK] RECONCILIACIÓN: POWERUSDT_LINEAL: interno L:0.000000/S:0.000000 -> real L:67.000000/S:0.000000
[2026-08-31 08:05:33] [TUSK] RECONCILIACIÓN: SNXXUSDT_LINEAL: interno L:0.000000/S:0.000000 -> real L:6.450000/S:0.000000
[2026-08-31 08:05:33] [TUSK] RECONCILIACIÓN: KSMUSDT_LINEAL: interno L:0.000000/S:0.000000 -> real L:13.470000/S:0.000000
[2026-08-31 08:05:33] [TUSK] RECONCILIACIÓN: MRVLUSDT_LINEAL: interno L:0.000000/S:0.000000 -> real L:1.050000/S:0.000000
[2026-08-31 08:05:33] [TUSK] RECONCILIACIÓN: CRCLUSDT_LINEAL: interno L:0.000000/S:0.000000 -> real L:0.410000/S:0.000000
[2026-08-31 08:05:33] [TUSK] RECONCILIACIÓN: MVLLUSDT_LINEAL: interno L:0.000000/S:0.000000 -> real L:3.550000/S:0.000000
[2026-08-31 08:05:33] [TUSK] RECONCILIACIÓN: CRDOUSDT_LINEAL: interno L:0.000000/S:0.000000 -> real L:0.110000/S:0.000000
[2026-08-31 08:05:33] [TUSK] RECONCILIACIÓN: ZBCNUSDT_LINEAL: interno L:0.000000/S:0.000000 -> real L:9700.000000/S:0.000000
[2026-08-31 08:05:33] [TUSK] RECONCILIACIÓN: FLYUSDT_LINEAL: interno L:0.000000/S:0.000000 -> real L:0.090000/S:0.000000
[2026-08-31 08:05:33] [TUSK] RECONCILIACIÓN: INTWUSDT_LINEAL: interno L:0.000000/S:0.000000 -> real L:2.120000/S:0.000000
[2026-08-31 08:05:33] [TUSK] RECONCILIACIÓN: LTCUSD_INVERSE: interno L:0.000000/S:0.000000 -> real L:234.000000/S:0.000000
[2026-08-31 08:05:33] [TUSK] RECONCILIACIÓN: DOGEUSD_INVERSE: interno L:0.000000/S:0.000000 -> real L:219.000000/S:0.000000
[2026-08-31 08:05:33] [TUSK] RECONCILIACIÓN: ETHUSD_INVERSE: interno L:0.000000/S:0.000000 -> real L:190.000000/S:0.000000
[2026-08-31 08:05:33] [TUSK] RECONCILIACIÓN: HYPEUSD_INVERSE: interno L:0.000000/S:0.000000 -> real L:291.000000/S:0.000000
[2026-08-31 08:05:33] [TUSK] RECONCILIACIÓN: SOLUSD_INVERSE: interno L:0.000000/S:0.000000 -> real L:201.000000/S:0.000000
[2026-08-31 08:05:33] [TUSK] RECONCILIACIÓN: BTCUSD_INVERSE: interno L:0.000000/S:0.000000 -> real L:202.000000/S:0.000000
[2026-08-31 08:05:34] [TUSK] RECONCILIACIÓN: XRPUSD_INVERSE: interno L:0.000000/S:0.000000 -> real L:230.000000/S:0.000000
[2026-08-31 08:05:34] [TUSK] RECONCILIACIÓN: FILUSD_INVERSE: interno L:0.000000/S:0.000000 -> real L:198.000000/S:0.000000
[2026-08-31 08:05:34] [TUSK] RECONCILIACIÓN: MNTUSD_INVERSE: interno L:0.000000/S:0.000000 -> real L:69.000000/S:0.000000
[2026-08-31 08:05:34] [TUSK] RECONCILIACIÓN: AAVEUSD_INVERSE: interno L:0.000000/S:0.000000 -> real L:178.000000/S:0.000000
[2026-08-31 08:05:34] [TUSK] RECONCILIACIÓN: APTUSD_INVERSE: interno L:0.000000/S:0.000000 -> real L:210.000000/S:0.000000
[2026-08-31 08:05:34] [TUSK] RECONCILIACIÓN: AVAXUSD_INVERSE: interno L:0.000000/S:0.000000 -> real L:200.000000/S:0.000000
[2026-08-31 08:05:34] [TUSK] RECONCILIACIÓN: BCHUSD_INVERSE: interno L:0.000000/S:0.000000 -> real L:180.000000/S:0.000000
[2026-08-31 08:05:34] [TUSK] RECONCILIACIÓN: ETCUSD_INVERSE: interno L:0.000000/S:0.000000 -> real L:283.000000/S:0.000000
[2026-08-31 08:05:34] [TUSK] RECONCILIACIÓN: LINKUSD_INVERSE: interno L:0.000000/S:0.000000 -> real L:199.000000/S:0.000000
[2026-08-31 08:05:34] [TUSK] RECONCILIACIÓN: NEARUSD_INVERSE: interno L:0.000000/S:0.000000 -> real L:113.000000/S:0.000000
[2026-08-31 08:05:34] [TUSK] RECONCILIACIÓN: OPUSD_INVERSE: interno L:0.000000/S:0.000000 -> real L:225.000000/S:0.000000
[2026-08-31 08:05:34] [TUSK] RECONCILIACIÓN: SUIUSD_INVERSE: interno L:0.000000/S:0.000000 -> real L:208.000000/S:0.000000
[2026-08-31 08:05:34] [TUSK] RECONCILIACIÓN: XLMUSD_INVERSE: interno L:0.000000/S:0.000000 -> real L:206.000000/S:0.000000
[2026-08-31 08:05:34] [TUSK] RECONCILIACIÓN: DOTUSD_INVERSE: interno L:0.000000/S:0.000000 -> real L:200.000000/S:0.000000
[2026-08-31 08:05:34] [TUSK] RECONCILIACIÓN_OK: 40 frentes alineados con exchange
[RANGO] Checkpoint SEMILLA · forzado --desde-cero · edad=—s · pos=0
[2026-08-31 08:05:34] [BERU_RANGO] WAKE: RANGO_ZHIPU_270e88bd 0=143.160000 Vacío ±2.2% → trailing Oz 0.2% · masa $5.00 · Red→$5.
[BERU_RANGO] WAKE RANGO_ZHIPU_270e88bd 0=143.16 precio=143.16 masa_usd=5.0
[RANGO] Wake ZHIPU 0=143.16 · Red=— · sangre=— · estado=ACECHANDO · Oz=— · manos=True · bridge=ON · SEMILLA

[RANGO] Hilo vivo · Stop/amend/Market permitidos · Ctrl+C sella.

[TANK] Trinidad 22 activos | pentiverso ['LTC', 'BTC'] | beru ['ETHUSDT_SPOT'] | ref: ETH (HIERRO).
[2026-08-31 08:05:34] [BRIDGE] TRINIDAD: Sentidos[beru_rango]: catalog 803+40 lin | 0+0 inv | 0 spot · WS 1 shards · tickers=1 · books=OFF · trades=ON · bases=ZHIPU
[RANGO] ZHIPUUSDT_LINEAL last=143.14 · río=WS · mercado=linear · estado=ACECHANDO · dir=— · 0=143.16 · Oz=— · Red=— · manos=ON · pos=flat · latido=1.50s
[RANGO] autosello ZHIPU · ACECHANDO · Oz=0.0 link=— · manos_feria_informe.json
[RANGO] ZHIPUUSDT_LINEAL last=143.1 · río=WS · mercado=linear · estado=ACECHANDO · dir=— · 0=143.16 · Oz=— · Red=— · manos=ON · pos=flat · latido=1.50s
[RANGO] autosello ZHIPU · ACECHANDO · Oz=0.0 link=— · manos_feria_informe.json
[RANGO] ZHIPUUSDT_LINEAL last=143.16 · río=WS · mercado=linear · estado=ACECHANDO · dir=— · 0=143.16 · Oz=— · Red=— · manos=ON · pos=flat · latido=1.50s
[RANGO] ZHIPUUSDT_LINEAL last=143.19 · río=WS · mercado=linear · estado=ACECHANDO · dir=— · 0=143.16 · Oz=— · Red=— · manos=ON · pos=flat · latido=1.50s
[RANGO] autosello ZHIPU · ACECHANDO · Oz=0.0 link=— · manos_feria_informe.json
[RANGO] ZHIPUUSDT_LINEAL last=143.17 · río=WS · mercado=linear · estado=ACECHANDO · dir=— · 0=143.16 · Oz=— · Red=— · manos=ON · pos=flat · latido=1.50s
[RANGO] autosello ZHIPU · ACECHANDO · Oz=0.0 link=— · manos_feria_informe.json
[RANGO] ZHIPUUSDT_LINEAL last=143.29 · río=ciego/muleta · mercado=linear · estado=ACECHANDO · dir=— · 0=143.16 · Oz=— · Red=— · manos=ON · pos=flat · latido=1.50s
[2026-08-31 08:06:37] [TUSK] RECONCILIACIÓN: NILUSDT_LINEAL: interno L:0.000000/S:0.000000 -> real L:220.000000/S:0.000000
[2026-08-31 08:06:37] [TUSK] RECONCILIACIÓN: QNTXUSDT_LINEAL: interno L:0.000000/S:0.000000 -> real L:0.200000/S:0.000000
[2026-08-31 08:06:38] [TUSK] RECONCILIACIÓN_FANTASMA: FLYUSDT_LINEAL existe interno pero no en exchange -> reseteando
[2026-08-31 08:06:38] [TUSK] RECONCILIACIÓN_FANTASMA: INTWUSDT_LINEAL existe interno pero no en exchange -> reseteando
[2026-08-31 08:06:38] [TUSK] RECONCILIACIÓN_OK: 4 frentes alineados con exchange
[RANGO] ZHIPUUSDT_LINEAL last=143.29 · río=ciego/muleta · mercado=linear · estado=ACECHANDO · dir=— · 0=143.16 · Oz=— · Red=— · manos=ON · pos=flat · latido=1.50s
[RANGO] autosello ZHIPU · ACECHANDO · Oz=0.0 link=— · manos_feria_informe.json
[RANGO] ZHIPUUSDT_LINEAL last=143.17 · río=WS · mercado=linear · estado=ACECHANDO · dir=— · 0=143.16 · Oz=— · Red=— · manos=ON · pos=flat · latido=1.50s
[RANGO] autosello ZHIPU · ACECHANDO · Oz=0.0 link=— · manos_feria_informe.json
[RANGO] ZHIPUUSDT_LINEAL last=143.23 · río=WS · mercado=linear · estado=ACECHANDO · dir=— · 0=143.16 · Oz=— · Red=— · manos=ON · pos=flat · latido=1.50s
[RANGO] ZHIPUUSDT_LINEAL last=143.21 · río=WS · mercado=linear · estado=ACECHANDO · dir=— · 0=143.16 · Oz=— · Red=— · manos=ON · pos=flat · latido=1.50s
[RANGO] autosello ZHIPU · ACECHANDO · Oz=0.0 link=— · manos_feria_informe.json
[RANGO] ZHIPUUSDT_LINEAL last=143.17 · río=WS · mercado=linear · estado=ACECHANDO · dir=— · 0=143.16 · Oz=— · Red=— · manos=ON · pos=flat · latido=1.50s
[RANGO] autosello ZHIPU · ACECHANDO · Oz=0.0 link=— · manos_feria_informe.json
[RANGO] ZHIPUUSDT_LINEAL last=143.21 · río=WS · mercado=linear · estado=ACECHANDO · dir=— · 0=143.16 · Oz=— · Red=— · manos=ON · pos=flat · latido=1.50s
[RANGO] ZHIPUUSDT_LINEAL last=143.2 · río=ciego/muleta · mercado=linear · estado=ACECHANDO · dir=— · 0=143.16 · Oz=— · Red=— · manos=ON · pos=flat · latido=1.50s
[2026-08-31 08:07:40] [TUSK] RECONCILIACIÓN: NBISUSDT_LINEAL: interno L:0.000000/S:0.000000 -> real L:0.000000/S:0.050000
[2026-08-31 08:07:40] [TUSK] RECONCILIACIÓN_FANTASMA: ZBCNUSDT_LINEAL existe interno pero no en exchange -> reseteando
[2026-08-31 08:07:40] [TUSK] RECONCILIACIÓN_OK: 2 frentes alineados con exchange
[RANGO] autosello ZHIPU · ACECHANDO · Oz=0.0 link=— · manos_feria_informe.json
[RANGO] ZHIPUUSDT_LINEAL last=143.2 · río=WS · mercado=linear · estado=ACECHANDO · dir=— · 0=143.16 · Oz=— · Red=— · manos=ON · pos=flat · latido=1.50s
[RANGO] autosello ZHIPU · ACECHANDO · Oz=0.0 link=— · manos_feria_informe.json
[RANGO] ZHIPUUSDT_LINEAL last=143.18 · río=WS · mercado=linear · estado=ACECHANDO · dir=— · 0=143.16 · Oz=— · Red=— · manos=ON · pos=flat · latido=1.50s
[RANGO] ZHIPUUSDT_LINEAL last=143.21 · río=WS · mercado=linear · estado=ACECHANDO · dir=— · 0=143.16 · Oz=— · Red=— · manos=ON · pos=flat · latido=1.50s
[RANGO] autosello ZHIPU · ACECHANDO · Oz=0.0 link=— · manos_feria_informe.json
[RANGO] ZHIPUUSDT_LINEAL last=143.22 · río=WS · mercado=linear · estado=ACECHANDO · dir=— · 0=143.16 · Oz=— · Red=— · manos=ON · pos=flat · latido=1.50s
[RANGO] autosello ZHIPU · ACECHANDO · Oz=0.0 link=— · manos_feria_informe.json
[RANGO] ZHIPUUSDT_LINEAL last=143.2 · río=WS · mercado=linear · estado=ACECHANDO · dir=— · 0=143.16 · Oz=— · Red=— · manos=ON · pos=flat · latido=1.50s
[RANGO] ZHIPUUSDT_LINEAL last=143.2 · río=WS · mercado=linear · estado=ACECHANDO · dir=— · 0=143.16 · Oz=— · Red=— · manos=ON · pos=flat · latido=1.50s
[2026-08-31 08:08:42] [TUSK] RECONCILIACIÓN: CRCLUSDT_LINEAL: interno L:0.410000/S:0.000000 -> real L:0.470000/S:0.000000
[2026-08-31 08:08:42] [TUSK] RECONCILIACIÓN_OK: 1 frentes alineados con exchange
[RANGO] autosello ZHIPU · ACECHANDO · Oz=0.0 link=— · manos_feria_informe.json
[RANGO] ZHIPUUSDT_LINEAL last=143.21 · río=WS · mercado=linear · estado=ACECHANDO · dir=— · 0=143.16 · Oz=— · Red=— · manos=ON · pos=flat · latido=1.50s
[RANGO] autosello ZHIPU · ACECHANDO · Oz=0.0 link=— · manos_feria_informe.json
[RANGO] ZHIPUUSDT_LINEAL last=143.21 · río=WS · mercado=linear · estado=ACECHANDO · dir=— · 0=143.16 · Oz=— · Red=— · manos=ON · pos=flat · latido=1.50s
[RANGO] ZHIPUUSDT_LINEAL last=143.31 · río=WS · mercado=linear · estado=ACECHANDO · dir=— · 0=143.16 · Oz=— · Red=— · manos=ON · pos=flat · latido=1.50s
[RANGO] autosello ZHIPU · ACECHANDO · Oz=0.0 link=— · manos_feria_informe.json
[RANGO] ZHIPUUSDT_LINEAL last=143.19 · río=ciego/muleta · mercado=linear · estado=ACECHANDO · dir=— · 0=143.16 · Oz=— · Red=— · manos=ON · pos=flat · latido=1.50s
[RANGO] autosello ZHIPU · ACECHANDO · Oz=0.0 link=— · manos_feria_informe.json
[RANGO] ZHIPUUSDT_LINEAL last=143.14 · río=WS · mercado=linear · estado=ACECHANDO · dir=— · 0=143.16 · Oz=— · Red=— · manos=ON · pos=flat · latido=1.50s
[RANGO] ZHIPUUSDT_LINEAL last=143.14 · río=WS · mercado=linear · estado=ACECHANDO · dir=— · 0=143.16 · Oz=— · Red=— · manos=ON · pos=flat · latido=1.50s
[RANGO] autosello ZHIPU · ACECHANDO · Oz=0.0 link=— · manos_feria_informe.json
[2026-08-31 08:09:44] [TUSK] RECONCILIACIÓN: VVVUSDT_LINEAL: interno L:0.000000/S:0.000000 -> real L:3.180000/S:0.000000
[2026-08-31 08:09:44] [TUSK] RECONCILIACIÓN_FANTASMA: CRDOUSDT_LINEAL existe interno pero no en exchange -> reseteando
[2026-08-31 08:09:44] [TUSK] RECONCILIACIÓN_OK: 2 frentes alineados con exchange
[RANGO] ZHIPUUSDT_LINEAL last=143.19 · río=ciego/muleta · mercado=linear · estado=ACECHANDO · dir=— · 0=143.16 · Oz=— · Red=— · manos=ON · pos=flat · latido=1.50s
[RANGO] autosello ZHIPU · ACECHANDO · Oz=0.0 link=— · manos_feria_informe.json
[RANGO] ZHIPUUSDT_LINEAL last=143.25 · río=WS · mercado=linear · estado=ACECHANDO · dir=— · 0=143.16 · Oz=— · Red=— · manos=ON · pos=flat · latido=1.50s
[RANGO] ZHIPUUSDT_LINEAL last=143.23 · río=WS · mercado=linear · estado=ACECHANDO · dir=— · 0=143.16 · Oz=— · Red=— · manos=ON · pos=flat · latido=1.50s
[RANGO] autosello ZHIPU · ACECHANDO · Oz=0.0 link=— · manos_feria_informe.json
[RANGO] ZHIPUUSDT_LINEAL last=143.14 · río=WS · mercado=linear · estado=ACECHANDO · dir=— · 0=143.16 · Oz=— · Red=— · manos=ON · pos=flat · latido=1.50s
[RANGO] autosello ZHIPU · ACECHANDO · Oz=0.0 link=— · manos_feria_informe.json
[RANGO] ZHIPUUSDT_LINEAL last=143.25 · río=WS · mercado=linear · estado=ACECHANDO · dir=— · 0=143.16 · Oz=— · Red=— · manos=ON · pos=flat · latido=1.50s
[RANGO] ZHIPUUSDT_LINEAL last=143.2 · río=WS · mercado=linear · estado=ACECHANDO · dir=— · 0=143.16 · Oz=— · Red=— · manos=ON · pos=flat · latido=1.50s
[RANGO] autosello ZHIPU · ACECHANDO · Oz=0.0 link=— · manos_feria_informe.json
[2026-08-31 08:10:45] [TUSK] RECONCILIACIÓN: BSPUSDT_LINEAL: interno L:0.170000/S:0.000000 -> real L:0.290000/S:0.000000
[2026-08-31 08:10:45] [TUSK] RECONCILIACIÓN_OK: 1 frentes alineados con exchange
[RANGO] ZHIPUUSDT_LINEAL last=143.2 · río=WS · mercado=linear · estado=ACECHANDO · dir=— · 0=143.16 · Oz=— · Red=— · manos=ON · pos=flat · latido=1.50s
[RANGO] autosello ZHIPU · ACECHANDO · Oz=0.0 link=— · manos_feria_informe.json
[RANGO] ZHIPUUSDT_LINEAL last=143.13 · río=WS · mercado=linear · estado=ACECHANDO · dir=— · 0=143.16 · Oz=— · Red=— · manos=ON · pos=flat · latido=1.50s
[RANGO] ZHIPUUSDT_LINEAL last=143.09 · río=WS · mercado=linear · estado=ACECHANDO · dir=— · 0=143.16 · Oz=— · Red=— · manos=ON · pos=flat · latido=1.50s
[RANGO] autosello ZHIPU · ACECHANDO · Oz=0.0 link=— · manos_feria_informe.json
[RANGO] ZHIPUUSDT_LINEAL last=143.18 · río=WS · mercado=linear · estado=ACECHANDO · dir=— · 0=143.16 · Oz=— · Red=— · manos=ON · pos=flat · latido=1.50s
[RANGO] autosello ZHIPU · ACECHANDO · Oz=0.0 link=— · manos_feria_informe.json
[RANGO] ZHIPUUSDT_LINEAL last=143.17 · río=WS · mercado=linear · estado=ACECHANDO · dir=— · 0=143.16 · Oz=— · Red=— · manos=ON · pos=flat · latido=1.50s
[RANGO] ZHIPUUSDT_LINEAL last=143.09 · río=WS · mercado=linear · estado=ACECHANDO · dir=— · 0=143.16 · Oz=— · Red=— · manos=ON · pos=flat · latido=1.50s
[RANGO] autosello ZHIPU · ACECHANDO · Oz=0.0 link=— · manos_feria_informe.json
[RANGO] ZHIPUUSDT_LINEAL last=143.1 · río=WS · mercado=linear · estado=ACECHANDO · dir=— · 0=143.16 · Oz=— · Red=— · manos=ON · pos=flat · latido=1.50s
[RANGO] autosello ZHIPU · ACECHANDO · Oz=0.0 link=— · manos_feria_informe.json
[RANGO] ZHIPUUSDT_LINEAL last=143.07 · río=WS · mercado=linear · estado=ACECHANDO · dir=— · 0=143.16 · Oz=— · Red=— · manos=ON · pos=flat · latido=1.50s
[RANGO] ZHIPUUSDT_LINEAL last=143.19 · río=WS · mercado=linear · estado=ACECHANDO · dir=— · 0=143.16 · Oz=— · Red=— · manos=ON · pos=flat · latido=1.50s
[RANGO] autosello ZHIPU · ACECHANDO · Oz=0.0 link=— · manos_feria_informe.json
[RANGO] ZHIPUUSDT_LINEAL last=143.1 · río=ciego/muleta · mercado=linear · estado=ACECHANDO · dir=— · 0=143.16 · Oz=— · Red=— · manos=ON · pos=flat · latido=1.50s
[RANGO] autosello ZHIPU · ACECHANDO · Oz=0.0 link=— · manos_feria_informe.json
[RANGO] ZHIPUUSDT_LINEAL last=143.05 · río=WS · mercado=linear · estado=ACECHANDO · dir=— · 0=143.16 · Oz=— · Red=— · manos=ON · pos=flat · latido=1.50s
[RANGO] autosello ZHIPU · ACECHANDO · Oz=0.0 link=— · manos_feria_informe.json
[RANGO] ZHIPUUSDT_LINEAL last=143.19 · río=WS · mercado=linear · estado=ACECHANDO · dir=— · 0=143.16 · Oz=— · Red=— · manos=ON · pos=flat · latido=1.50s
[2026-08-31 08:12:47] [TUSK] RECONCILIACIÓN: SNXXUSDT_LINEAL: interno L:6.450000/S:0.000000 -> real L:6.830000/S:0.000000
[2026-08-31 08:12:47] [TUSK] RECONCILIACIÓN_OK: 1 frentes alineados con exchange
[RANGO] ZHIPUUSDT_LINEAL last=143.1 · río=ciego/muleta · mercado=linear · estado=ACECHANDO · dir=— · 0=143.16 · Oz=— · Red=— · manos=ON · pos=flat · latido=1.50s
[RANGO] autosello ZHIPU · ACECHANDO · Oz=0.0 link=— · manos_feria_informe.json
[RANGO] ZHIPUUSDT_LINEAL last=143.2 · río=WS · mercado=linear · estado=ACECHANDO · dir=— · 0=143.16 · Oz=— · Red=— · manos=ON · pos=flat · latido=1.50s
[RANGO] autosello ZHIPU · ACECHANDO · Oz=0.0 link=— · manos_feria_informe.json
[RANGO] ZHIPUUSDT_LINEAL last=143.2 · río=WS · mercado=linear · estado=ACECHANDO · dir=— · 0=143.16 · Oz=— · Red=— · manos=ON · pos=flat · latido=1.50s
[RANGO] ZHIPUUSDT_LINEAL last=143.23 · río=WS · mercado=linear · estado=ACECHANDO · dir=— · 0=143.16 · Oz=— · Red=— · manos=ON · pos=flat · latido=1.50s
[RANGO] autosello ZHIPU · ACECHANDO · Oz=0.0 link=— · manos_feria_informe.json
[RANGO] ZHIPUUSDT_LINEAL last=143.09 · río=WS · mercado=linear · estado=ACECHANDO · dir=— · 0=143.16 · Oz=— · Red=— · manos=ON · pos=flat · latido=1.50s
[RANGO] autosello ZHIPU · ACECHANDO · Oz=0.0 link=— · manos_feria_informe.json
[RANGO] ZHIPUUSDT_LINEAL last=143.23 · río=WS · mercado=linear · estado=ACECHANDO · dir=— · 0=143.16 · Oz=— · Red=— · manos=ON · pos=flat · latido=1.50s
[2026-08-31 08:13:48] [TUSK] RECONCILIACIÓN: ZBCNUSDT_LINEAL: interno L:0.000000/S:0.000000 -> real L:9700.000000/S:0.000000
[2026-08-31 08:13:48] [TUSK] RECONCILIACIÓN_FANTASMA: MVLLUSDT_LINEAL existe interno pero no en exchange -> reseteando
[2026-08-31 08:13:48] [TUSK] RECONCILIACIÓN_OK: 2 frentes alineados con exchange
[RANGO] ZHIPUUSDT_LINEAL last=143.1 · río=WS · mercado=linear · estado=ACECHANDO · dir=— · 0=143.16 · Oz=— · Red=— · manos=ON · pos=flat · latido=1.50s
[RANGO] autosello ZHIPU · ACECHANDO · Oz=0.0 link=— · manos_feria_informe.json
[RANGO] ZHIPUUSDT_LINEAL last=143.2 · río=WS · mercado=linear · estado=ACECHANDO · dir=— · 0=143.16 · Oz=— · Red=— · manos=ON · pos=flat · latido=1.50s
[RANGO] autosello ZHIPU · ACECHANDO · Oz=0.0 link=— · manos_feria_informe.json
[RANGO] ZHIPUUSDT_LINEAL last=143.02 · río=WS · mercado=linear · estado=ACECHANDO · dir=— · 0=143.16 · Oz=— · Red=— · manos=ON · pos=flat · latido=1.50s
[RANGO] ZHIPUUSDT_LINEAL last=142.92 · río=WS · mercado=linear · estado=ACECHANDO · dir=— · 0=143.16 · Oz=— · Red=— · manos=ON · pos=flat · latido=1.50s
[RANGO] autosello ZHIPU · ACECHANDO · Oz=0.0 link=— · manos_feria_informe.json
[RANGO] ZHIPUUSDT_LINEAL last=143.11 · río=WS · mercado=linear · estado=ACECHANDO · dir=— · 0=143.16 · Oz=— · Red=— · manos=ON · pos=flat · latido=1.50s
[RANGO] autosello ZHIPU · ACECHANDO · Oz=0.0 link=— · manos_feria_informe.json
[RANGO] ZHIPUUSDT_LINEAL last=143.08 · río=WS · mercado=linear · estado=ACECHANDO · dir=— · 0=143.16 · Oz=— · Red=— · manos=ON · pos=flat · latido=1.50s
[2026-08-31 08:14:49] [TUSK] RECONCILIACIÓN: AEHRUSDT_LINEAL: interno L:0.090000/S:0.000000 -> real L:0.160000/S:0.000000
[2026-08-31 08:14:49] [TUSK] RECONCILIACIÓN: AAOIUSDT_LINEAL: interno L:0.000000/S:0.000000 -> real L:0.530000/S:0.000000
[2026-08-31 08:14:49] [TUSK] RECONCILIACIÓN_FANTASMA: MRVLUSDT_LINEAL existe interno pero no en exchange -> reseteando
[2026-08-31 08:14:49] [TUSK] RECONCILIACIÓN_OK: 3 frentes alineados con exchange
[RANGO] ZHIPUUSDT_LINEAL last=142.91 · río=WS · mercado=linear · estado=ACECHANDO · dir=— · 0=143.16 · Oz=— · Red=— · manos=ON · pos=flat · latido=1.50s
[RANGO] autosello ZHIPU · ACECHANDO · Oz=0.0 link=— · manos_feria_informe.json
[RANGO] ZHIPUUSDT_LINEAL last=142.9 · río=WS · mercado=linear · estado=ACECHANDO · dir=— · 0=143.16 · Oz=— · Red=— · manos=ON · pos=flat · latido=1.50s
[RANGO] autosello ZHIPU · ACECHANDO · Oz=0.0 link=— · manos_feria_informe.json
[RANGO] ZHIPUUSDT_LINEAL last=143.06 · río=WS · mercado=linear · estado=ACECHANDO · dir=— · 0=143.16 · Oz=— · Red=— · manos=ON · pos=flat · latido=1.50s
[RANGO] ZHIPUUSDT_LINEAL last=142.9 · río=WS · mercado=linear · estado=ACECHANDO · dir=— · 0=143.16 · Oz=— · Red=— · manos=ON · pos=flat · latido=1.50s
[RANGO] autosello ZHIPU · ACECHANDO · Oz=0.0 link=— · manos_feria_informe.json
[RANGO] ZHIPUUSDT_LINEAL last=143.04 · río=WS · mercado=linear · estado=ACECHANDO · dir=— · 0=143.16 · Oz=— · Red=— · manos=ON · pos=flat · latido=1.50s
[RANGO] autosello ZHIPU · ACECHANDO · Oz=0.0 link=— · manos_feria_informe.json
[RANGO] ZHIPUUSDT_LINEAL last=143.0 · río=WS · mercado=linear · estado=ACECHANDO · dir=— · 0=143.16 · Oz=— · Red=— · manos=ON · pos=flat · latido=1.50s
[2026-08-31 08:15:50] [TUSK] RECONCILIACIÓN: SNXXUSDT_LINEAL: interno L:6.830000/S:0.000000 -> real L:7.210000/S:0.000000
[2026-08-31 08:15:50] [TUSK] RECONCILIACIÓN_OK: 1 frentes alineados con exchange
[RANGO] ZHIPUUSDT_LINEAL last=142.9 · río=WS · mercado=linear · estado=ACECHANDO · dir=— · 0=143.16 · Oz=— · Red=— · manos=ON · pos=flat · latido=1.50s
[RANGO] autosello ZHIPU · ACECHANDO · Oz=0.0 link=— · manos_feria_informe.json
[RANGO] ZHIPUUSDT_LINEAL last=142.89 · río=WS · mercado=linear · estado=ACECHANDO · dir=— · 0=143.16 · Oz=— · Red=— · manos=ON · pos=flat · latido=1.50s
[RANGO] autosello ZHIPU · ACECHANDO · Oz=0.0 link=— · manos_feria_informe.json
[RANGO] ZHIPUUSDT_LINEAL last=142.9 · río=WS · mercado=linear · estado=ACECHANDO · dir=— · 0=143.16 · Oz=— · Red=— · manos=ON · pos=flat · latido=1.50s
[RANGO] ZHIPUUSDT_LINEAL last=142.92 · río=WS · mercado=linear · estado=ACECHANDO · dir=— · 0=143.16 · Oz=— · Red=— · manos=ON · pos=flat · latido=1.50s
[RANGO] autosello ZHIPU · ACECHANDO · Oz=0.0 link=— · manos_feria_informe.json
[RANGO] ZHIPUUSDT_LINEAL last=142.89 · río=WS · mercado=linear · estado=ACECHANDO · dir=— · 0=143.16 · Oz=— · Red=— · manos=ON · pos=flat · latido=1.50s
[RANGO] autosello ZHIPU · ACECHANDO · Oz=0.0 link=— · manos_feria_informe.json
[RANGO] ZHIPUUSDT_LINEAL last=143.02 · río=WS · mercado=linear · estado=ACECHANDO · dir=— · 0=143.16 · Oz=— · Red=— · manos=ON · pos=flat · latido=1.50s
[2026-08-31 08:16:51] [TUSK] RECONCILIACIÓN: AXTIUSDT_LINEAL: interno L:0.000000/S:0.000000 -> real L:1.690000/S:0.000000
[2026-08-31 08:16:51] [TUSK] RECONCILIACIÓN: ZKPUSDT_LINEAL: interno L:0.000000/S:0.000000 -> real L:1281.000000/S:0.000000
[2026-08-31 08:16:51] [TUSK] RECONCILIACIÓN_FANTASMA: TSLLUSDT_LINEAL existe interno pero no en exchange -> reseteando
[2026-08-31 08:16:51] [TUSK] RECONCILIACIÓN_FANTASMA: POWERUSDT_LINEAL existe interno pero no en exchange -> reseteando
[2026-08-31 08:16:51] [TUSK] RECONCILIACIÓN_OK: 4 frentes alineados con exchange
[RANGO] ZHIPUUSDT_LINEAL last=143.14 · río=WS · mercado=linear · estado=ACECHANDO · dir=— · 0=143.16 · Oz=— · Red=— · manos=ON · pos=flat · latido=1.50s
[RANGO] autosello ZHIPU · ACECHANDO · Oz=0.0 link=— · manos_feria_informe.json
[RANGO] ZHIPUUSDT_LINEAL last=142.92 · río=WS · mercado=linear · estado=ACECHANDO · dir=— · 0=143.16 · Oz=— · Red=— · manos=ON · pos=flat · latido=1.50s
[RANGO] autosello ZHIPU · ACECHANDO · Oz=0.0 link=— · manos_feria_informe.json
[RANGO] ZHIPUUSDT_LINEAL last=143.08 · río=WS · mercado=linear · estado=ACECHANDO · dir=— · 0=143.16 · Oz=— · Red=— · manos=ON · pos=flat · latido=1.50s
[RANGO] ZHIPUUSDT_LINEAL last=142.98 · río=ciego/muleta · mercado=linear · estado=ACECHANDO · dir=— · 0=143.16 · Oz=— · Red=— · manos=ON · pos=flat · latido=1.50s
[RANGO] autosello ZHIPU · ACECHANDO · Oz=0.0 link=— · manos_feria_informe.json
[RANGO] ZHIPUUSDT_LINEAL last=143.07 · río=WS · mercado=linear · estado=ACECHANDO · dir=— · 0=143.16 · Oz=— · Red=— · manos=ON · pos=flat · latido=1.50s
[RANGO] autosello ZHIPU · ACECHANDO · Oz=0.0 link=— · manos_feria_informe.json
[RANGO] ZHIPUUSDT_LINEAL last=143.06 · río=WS · mercado=linear · estado=ACECHANDO · dir=— · 0=143.16 · Oz=— · Red=— · manos=ON · pos=flat · latido=1.50s
[RANGO] ZHIPUUSDT_LINEAL last=142.96 · río=WS · mercado=linear · estado=ACECHANDO · dir=— · 0=143.16 · Oz=— · Red=— · manos=ON · pos=flat · latido=1.50s
[RANGO] autosello ZHIPU · ACECHANDO · Oz=0.0 link=— · manos_feria_informe.json
[RANGO] ZHIPUUSDT_LINEAL last=142.97 · río=WS · mercado=linear · estado=ACECHANDO · dir=— · 0=143.16 · Oz=— · Red=— · manos=ON · pos=flat · latido=1.50s
[RANGO] autosello ZHIPU · ACECHANDO · Oz=0.0 link=— · manos_feria_informe.json
[RANGO] ZHIPUUSDT_LINEAL last=142.96 · río=WS · mercado=linear · estado=ACECHANDO · dir=— · 0=143.16 · Oz=— · Red=— · manos=ON · pos=flat · latido=1.50s
[RANGO] ZHIPUUSDT_LINEAL last=142.98 · río=ciego/muleta · mercado=linear · estado=ACECHANDO · dir=— · 0=143.16 · Oz=— · Red=— · manos=ON · pos=flat · latido=1.50s
[RANGO] autosello ZHIPU · ACECHANDO · Oz=0.0 link=— · manos_feria_informe.json
[RANGO] ZHIPUUSDT_LINEAL last=142.98 · río=ciego/muleta · mercado=linear · estado=ACECHANDO · dir=— · 0=143.16 · Oz=— · Red=— · manos=ON · pos=flat · latido=1.50s
[RANGO] autosello ZHIPU · ACECHANDO · Oz=0.0 link=— · manos_feria_informe.json
[RANGO] ZHIPUUSDT_LINEAL last=142.94 · río=WS · mercado=linear · estado=ACECHANDO · dir=— · 0=143.16 · Oz=— · Red=— · manos=ON · pos=flat · latido=1.50s
[RANGO] ZHIPUUSDT_LINEAL last=142.81 · río=WS · mercado=linear · estado=ACECHANDO · dir=— · 0=143.16 · Oz=— · Red=— · manos=ON · pos=flat · latido=1.50s
[RANGO] autosello ZHIPU · ACECHANDO · Oz=0.0 link=— · manos_feria_informe.json
[RANGO] ZHIPUUSDT_LINEAL last=142.98 · río=ciego/muleta · mercado=linear · estado=ACECHANDO · dir=— · 0=143.16 · Oz=— · Red=— · manos=ON · pos=flat · latido=1.50s
[RANGO] autosello ZHIPU · ACECHANDO · Oz=0.0 link=— · manos_feria_informe.json
[RANGO] ZHIPUUSDT_LINEAL last=142.98 · río=ciego/muleta · mercado=linear · estado=ACECHANDO · dir=— · 0=143.16 · Oz=— · Red=— · manos=ON · pos=flat · latido=1.50s
[RANGO] autosello ZHIPU · ACECHANDO · Oz=0.0 link=— · manos_feria_informe.json
[RANGO] ZHIPUUSDT_LINEAL last=142.98 · río=ciego/muleta · mercado=linear · estado=ACECHANDO · dir=— · 0=143.16 · Oz=— · Red=— · manos=ON · pos=flat · latido=1.50s
[RANGO] ZHIPUUSDT_LINEAL last=142.98 · río=ciego/muleta · mercado=linear · estado=ACECHANDO · dir=— · 0=143.16 · Oz=— · Red=— · manos=ON · pos=flat · latido=1.50s
[RANGO] autosello ZHIPU · ACECHANDO · Oz=0.0 link=— · manos_feria_informe.json
[RANGO] ZHIPUUSDT_LINEAL last=143.0 · río=WS · mercado=linear · estado=ACECHANDO · dir=— · 0=143.16 · Oz=— · Red=— · manos=ON · pos=flat · latido=1.50s
[RANGO] autosello ZHIPU · ACECHANDO · Oz=0.0 link=— · manos_feria_informe.json
[RANGO] ZHIPUUSDT_LINEAL last=143.03 · río=WS · mercado=linear · estado=ACECHANDO · dir=— · 0=143.16 · Oz=— · Red=— · manos=ON · pos=flat · latido=1.50s
[RANGO] ZHIPUUSDT_LINEAL last=142.89 · río=WS · mercado=linear · estado=ACECHANDO · dir=— · 0=143.16 · Oz=— · Red=— · manos=ON · pos=flat · latido=1.50s
[RANGO] autosello ZHIPU · ACECHANDO · Oz=0.0 link=— · manos_feria_informe.json
[RANGO] ZHIPUUSDT_LINEAL last=142.83 · río=WS · mercado=linear · estado=ACECHANDO · dir=— · 0=143.16 · Oz=— · Red=— · manos=ON · pos=flat · latido=1.50s
[RANGO] autosello ZHIPU · ACECHANDO · Oz=0.0 link=— · manos_feria_informe.json
[RANGO] ZHIPUUSDT_LINEAL last=142.95 · río=WS · mercado=linear · estado=ACECHANDO · dir=— · 0=143.16 · Oz=— · Red=— · manos=ON · pos=flat · latido=1.50s
[RANGO] ZHIPUUSDT_LINEAL last=142.87 · río=WS · mercado=linear · estado=ACECHANDO · dir=— · 0=143.16 · Oz=— · Red=— · manos=ON · pos=flat · latido=1.50s
[RANGO] autosello ZHIPU · ACECHANDO · Oz=0.0 link=— · manos_feria_informe.json
[RANGO] ZHIPUUSDT_LINEAL last=142.9 · río=WS · mercado=linear · estado=ACECHANDO · dir=— · 0=143.16 · Oz=— · Red=— · manos=ON · pos=flat · latido=1.50s
[2026-08-31 08:20:56] [TUSK] RECONCILIACIÓN: MSTRUSDT_LINEAL: interno L:0.000000/S:0.000000 -> real L:0.240000/S:0.000000
[2026-08-31 08:20:56] [TUSK] RECONCILIACIÓN: SNXXUSDT_LINEAL: interno L:7.210000/S:0.000000 -> real L:6.830000/S:0.000000
[2026-08-31 08:20:56] [TUSK] RECONCILIACIÓN_FANTASMA: BIOUSDT_LINEAL existe interno pero no en exchange -> reseteando
[2026-08-31 08:20:56] [TUSK] RECONCILIACIÓN_OK: 3 frentes alineados con exchange
[RANGO] autosello ZHIPU · ACECHANDO · Oz=0.0 link=— · manos_feria_informe.json
[RANGO] ZHIPUUSDT_LINEAL last=142.95 · río=ciego/muleta · mercado=linear · estado=ACECHANDO · dir=— · 0=143.16 · Oz=— · Red=— · manos=ON · pos=flat · latido=1.50s
[RANGO] ZHIPUUSDT_LINEAL last=142.91 · río=WS · mercado=linear · estado=ACECHANDO · dir=— · 0=143.16 · Oz=— · Red=— · manos=ON · pos=flat · latido=1.50s
[RANGO] autosello ZHIPU · ACECHANDO · Oz=0.0 link=— · manos_feria_informe.json
[RANGO] ZHIPUUSDT_LINEAL last=143.05 · río=WS · mercado=linear · estado=ACECHANDO · dir=— · 0=143.16 · Oz=— · Red=— · manos=ON · pos=flat · latido=1.50s
[RANGO] autosello ZHIPU · ACECHANDO · Oz=0.0 link=— · manos_feria_informe.json
[RANGO] ZHIPUUSDT_LINEAL last=143.12 · río=WS · mercado=linear · estado=ACECHANDO · dir=— · 0=143.16 · Oz=— · Red=— · manos=ON · pos=flat · latido=1.50s
[RANGO] ZHIPUUSDT_LINEAL last=143.21 · río=WS · mercado=linear · estado=ACECHANDO · dir=— · 0=143.16 · Oz=— · Red=— · manos=ON · pos=flat · latido=1.50s
[RANGO] autosello ZHIPU · ACECHANDO · Oz=0.0 link=— · manos_feria_informe.json
[RANGO] ZHIPUUSDT_LINEAL last=143.27 · río=ciego/muleta · mercado=linear · estado=ACECHANDO · dir=— · 0=143.16 · Oz=— · Red=— · manos=ON · pos=flat · latido=1.50s
[RANGO] autosello ZHIPU · ACECHANDO · Oz=0.0 link=— · manos_feria_informe.json
[RANGO] ZHIPUUSDT_LINEAL last=143.05 · río=WS · mercado=linear · estado=ACECHANDO · dir=— · 0=143.16 · Oz=— · Red=— · manos=ON · pos=flat · latido=1.50s
[RANGO] autosello ZHIPU · ACECHANDO · Oz=0.0 link=— · manos_feria_informe.json
[RANGO] ZHIPUUSDT_LINEAL last=143.16 · río=WS · mercado=linear · estado=ACECHANDO · dir=— · 0=143.16 · Oz=— · Red=— · manos=ON · pos=flat · latido=1.50s
[RANGO] ZHIPUUSDT_LINEAL last=143.03 · río=WS · mercado=linear · estado=ACECHANDO · dir=— · 0=143.16 · Oz=— · Red=— · manos=ON · pos=flat · latido=1.50s
[RANGO] autosello ZHIPU · ACECHANDO · Oz=0.0 link=— · manos_feria_informe.json
[RANGO] ZHIPUUSDT_LINEAL last=143.06 · río=ciego/muleta · mercado=linear · estado=ACECHANDO · dir=— · 0=143.16 · Oz=— · Red=— · manos=ON · pos=flat · latido=1.50s
[RANGO] autosello ZHIPU · ACECHANDO · Oz=0.0 link=— · manos_feria_informe.json
[RANGO] ZHIPUUSDT_LINEAL last=143.44 · río=WS · mercado=linear · estado=ACECHANDO · dir=— · 0=143.16 · Oz=— · Red=— · manos=ON · pos=flat · latido=1.50s
[RANGO] ZHIPUUSDT_LINEAL last=143.58 · río=WS · mercado=linear · estado=ACECHANDO · dir=— · 0=143.16 · Oz=— · Red=— · manos=ON · pos=flat · latido=1.50s
[2026-08-31 08:22:58] [TUSK] RECONCILIACIÓN: POWERUSDT_LINEAL: interno L:0.000000/S:0.000000 -> real L:67.000000/S:0.000000
[2026-08-31 08:22:58] [TUSK] RECONCILIACIÓN_FANTASMA: PLTRUSDT_LINEAL existe interno pero no en exchange -> reseteando
[2026-08-31 08:22:58] [TUSK] RECONCILIACIÓN_OK: 2 frentes alineados con exchange
[RANGO] autosello ZHIPU · ACECHANDO · Oz=0.0 link=— · manos_feria_informe.json
[RANGO] ZHIPUUSDT_LINEAL last=143.67 · río=WS · mercado=linear · estado=ACECHANDO · dir=— · 0=143.16 · Oz=— · Red=— · manos=ON · pos=flat · latido=1.50s
[RANGO] autosello ZHIPU · ACECHANDO · Oz=0.0 link=— · manos_feria_informe.json
[RANGO] ZHIPUUSDT_LINEAL last=143.64 · río=WS · mercado=linear · estado=ACECHANDO · dir=— · 0=143.16 · Oz=— · Red=— · manos=ON · pos=flat · latido=1.50s
[RANGO] ZHIPUUSDT_LINEAL last=143.79 · río=WS · mercado=linear · estado=ACECHANDO · dir=— · 0=143.16 · Oz=— · Red=— · manos=ON · pos=flat · latido=1.50s
[RANGO] autosello ZHIPU · ACECHANDO · Oz=0.0 link=— · manos_feria_informe.json
[RANGO] ZHIPUUSDT_LINEAL last=143.61 · río=WS · mercado=linear · estado=ACECHANDO · dir=— · 0=143.16 · Oz=— · Red=— · manos=ON · pos=flat · latido=1.50s
[RANGO] autosello ZHIPU · ACECHANDO · Oz=0.0 link=— · manos_feria_informe.json
[RANGO] ZHIPUUSDT_LINEAL last=143.65 · río=WS · mercado=linear · estado=ACECHANDO · dir=— · 0=143.16 · Oz=— · Red=— · manos=ON · pos=flat · latido=1.50s
[RANGO] ZHIPUUSDT_LINEAL last=143.7 · río=WS · mercado=linear · estado=ACECHANDO · dir=— · 0=143.16 · Oz=— · Red=— · manos=ON · pos=flat · latido=1.50s
[RANGO] autosello ZHIPU · ACECHANDO · Oz=0.0 link=— · manos_feria_informe.json
[RANGO] ZHIPUUSDT_LINEAL last=143.82 · río=WS · mercado=linear · estado=ACECHANDO · dir=— · 0=143.16 · Oz=— · Red=— · manos=ON · pos=flat · latido=1.50s
[RANGO] autosello ZHIPU · ACECHANDO · Oz=0.0 link=— · manos_feria_informe.json
[RANGO] ZHIPUUSDT_LINEAL last=143.8 · río=WS · mercado=linear · estado=ACECHANDO · dir=— · 0=143.16 · Oz=— · Red=— · manos=ON · pos=flat · latido=1.50s
[RANGO] ZHIPUUSDT_LINEAL last=143.55 · río=WS · mercado=linear · estado=ACECHANDO · dir=— · 0=143.16 · Oz=— · Red=— · manos=ON · pos=flat · latido=1.50s
[RANGO] autosello ZHIPU · ACECHANDO · Oz=0.0 link=— · manos_feria_informe.json
[RANGO] ZHIPUUSDT_LINEAL last=143.6 · río=WS · mercado=linear · estado=ACECHANDO · dir=— · 0=143.16 · Oz=— · Red=— · manos=ON · pos=flat · latido=1.50s
[RANGO] autosello ZHIPU · ACECHANDO · Oz=0.0 link=— · manos_feria_informe.json
[RANGO] ZHIPUUSDT_LINEAL last=143.81 · río=WS · mercado=linear · estado=ACECHANDO · dir=— · 0=143.16 · Oz=— · Red=— · manos=ON · pos=flat · latido=1.50s
[RANGO] ZHIPUUSDT_LINEAL last=143.71 · río=WS · mercado=linear · estado=ACECHANDO · dir=— · 0=143.16 · Oz=— · Red=— · manos=ON · pos=flat · latido=1.50s
[RANGO] autosello ZHIPU · ACECHANDO · Oz=0.0 link=— · manos_feria_informe.json
[RANGO] ZHIPUUSDT_LINEAL last=143.77 · río=WS · mercado=linear · estado=ACECHANDO · dir=— · 0=143.16 · Oz=— · Red=— · manos=ON · pos=flat · latido=1.50s
[RANGO] autosello ZHIPU · ACECHANDO · Oz=0.0 link=— · manos_feria_informe.json
[RANGO] ZHIPUUSDT_LINEAL last=143.9 · río=WS · mercado=linear · estado=ACECHANDO · dir=— · 0=143.16 · Oz=— · Red=— · manos=ON · pos=flat · latido=1.50s
[RANGO] ZHIPUUSDT_LINEAL last=143.89 · río=WS · mercado=linear · estado=ACECHANDO · dir=— · 0=143.16 · Oz=— · Red=— · manos=ON · pos=flat · latido=1.50s
[RANGO] autosello ZHIPU · ACECHANDO · Oz=0.0 link=— · manos_feria_informe.json
[RANGO] ZHIPUUSDT_LINEAL last=143.94 · río=WS · mercado=linear · estado=ACECHANDO · dir=— · 0=143.16 · Oz=— · Red=— · manos=ON · pos=flat · latido=1.50s
[RANGO] autosello ZHIPU · ACECHANDO · Oz=0.0 link=— · manos_feria_informe.json
[RANGO] ZHIPUUSDT_LINEAL last=144.39 · río=WS · mercado=linear · estado=ACECHANDO · dir=— · 0=143.16 · Oz=— · Red=— · manos=ON · pos=flat · latido=1.50s
[RANGO] ZHIPUUSDT_LINEAL last=144.14 · río=WS · mercado=linear · estado=ACECHANDO · dir=— · 0=143.16 · Oz=— · Red=— · manos=ON · pos=flat · latido=1.50s
[RANGO] autosello ZHIPU · ACECHANDO · Oz=0.0 link=— · manos_feria_informe.json
[RANGO] ZHIPUUSDT_LINEAL last=143.95 · río=WS · mercado=linear · estado=ACECHANDO · dir=— · 0=143.16 · Oz=— · Red=— · manos=ON · pos=flat · latido=1.50s
[RANGO] autosello ZHIPU · ACECHANDO · Oz=0.0 link=— · manos_feria_informe.json
[RANGO] ZHIPUUSDT_LINEAL last=144.33 · río=WS · mercado=linear · estado=ACECHANDO · dir=— · 0=143.16 · Oz=— · Red=— · manos=ON · pos=flat · latido=1.50s
[RANGO] ZHIPUUSDT_LINEAL last=144.21 · río=WS · mercado=linear · estado=ACECHANDO · dir=— · 0=143.16 · Oz=— · Red=— · manos=ON · pos=flat · latido=1.50s
[RANGO] autosello ZHIPU · ACECHANDO · Oz=0.0 link=— · manos_feria_informe.json
[RANGO] ZHIPUUSDT_LINEAL last=144.06 · río=WS · mercado=linear · estado=ACECHANDO · dir=— · 0=143.16 · Oz=— · Red=— · manos=ON · pos=flat · latido=1.50s
[RANGO] autosello ZHIPU · ACECHANDO · Oz=0.0 link=— · manos_feria_informe.json
[RANGO] ZHIPUUSDT_LINEAL last=144.08 · río=WS · mercado=linear · estado=ACECHANDO · dir=— · 0=143.16 · Oz=— · Red=— · manos=ON · pos=flat · latido=1.50s
[RANGO] ZHIPUUSDT_LINEAL last=144.28 · río=WS · mercado=linear · estado=ACECHANDO · dir=— · 0=143.16 · Oz=— · Red=— · manos=ON · pos=flat · latido=1.50s
[RANGO] autosello ZHIPU · ACECHANDO · Oz=0.0 link=— · manos_feria_informe.json
[RANGO] ZHIPUUSDT_LINEAL last=144.3 · río=WS · mercado=linear · estado=ACECHANDO · dir=— · 0=143.16 · Oz=— · Red=— · manos=ON · pos=flat · latido=1.50s
[RANGO] autosello ZHIPU · ACECHANDO · Oz=0.0 link=— · manos_feria_informe.json
[RANGO] ZHIPUUSDT_LINEAL last=144.1 · río=WS · mercado=linear · estado=ACECHANDO · dir=— · 0=143.16 · Oz=— · Red=— · manos=ON · pos=flat · latido=1.50s
[RANGO] ZHIPUUSDT_LINEAL last=144.06 · río=WS · mercado=linear · estado=ACECHANDO · dir=— · 0=143.16 · Oz=— · Red=— · manos=ON · pos=flat · latido=1.50s
[RANGO] autosello ZHIPU · ACECHANDO · Oz=0.0 link=— · manos_feria_informe.json
[RANGO] ZHIPUUSDT_LINEAL last=144.13 · río=WS · mercado=linear · estado=ACECHANDO · dir=— · 0=143.16 · Oz=— · Red=— · manos=ON · pos=flat · latido=1.50s
[RANGO] autosello ZHIPU · ACECHANDO · Oz=0.0 link=— · manos_feria_informe.json
[RANGO] ZHIPUUSDT_LINEAL last=144.15 · río=ciego/muleta · mercado=linear · estado=ACECHANDO · dir=— · 0=143.16 · Oz=— · Red=— · manos=ON · pos=flat · latido=1.50s
[RANGO] ZHIPUUSDT_LINEAL last=144.15 · río=ciego/muleta · mercado=linear · estado=ACECHANDO · dir=— · 0=143.16 · Oz=— · Red=— · manos=ON · pos=flat · latido=1.50s
[RANGO] autosello ZHIPU · ACECHANDO · Oz=0.0 link=— · manos_feria_informe.json
[2026-08-31 08:28:04] [TUSK] RECONCILIACIÓN: POWERUSDT_LINEAL: interno L:67.000000/S:0.000000 -> real L:6.000000/S:0.000000
[2026-08-31 08:28:04] [TUSK] RECONCILIACIÓN_OK: 1 frentes alineados con exchange
[RANGO] ZHIPUUSDT_LINEAL last=144.08 · río=WS · mercado=linear · estado=ACECHANDO · dir=— · 0=143.16 · Oz=— · Red=— · manos=ON · pos=flat · latido=1.50s
[RANGO] autosello ZHIPU · ACECHANDO · Oz=0.0 link=— · manos_feria_informe.json
[RANGO] ZHIPUUSDT_LINEAL last=144.1 · río=WS · mercado=linear · estado=ACECHANDO · dir=— · 0=143.16 · Oz=— · Red=— · manos=ON · pos=flat · latido=1.50s
[RANGO] ZHIPUUSDT_LINEAL last=144.12 · río=WS · mercado=linear · estado=ACECHANDO · dir=— · 0=143.16 · Oz=— · Red=— · manos=ON · pos=flat · latido=1.50s
[RANGO] autosello ZHIPU · ACECHANDO · Oz=0.0 link=— · manos_feria_informe.json
[RANGO] ZHIPUUSDT_LINEAL last=144.34 · río=WS · mercado=linear · estado=ACECHANDO · dir=— · 0=143.16 · Oz=— · Red=— · manos=ON · pos=flat · latido=1.50s
[RANGO] autosello ZHIPU · ACECHANDO · Oz=0.0 link=— · manos_feria_informe.json
[RANGO] ZHIPUUSDT_LINEAL last=144.29 · río=ciego/muleta · mercado=linear · estado=ACECHANDO · dir=— · 0=143.16 · Oz=— · Red=— · manos=ON · pos=flat · latido=1.50s
[RANGO] ZHIPUUSDT_LINEAL last=144.37 · río=WS · mercado=linear · estado=ACECHANDO · dir=— · 0=143.16 · Oz=— · Red=— · manos=ON · pos=flat · latido=1.50s
[RANGO] autosello ZHIPU · ACECHANDO · Oz=0.0 link=— · manos_feria_informe.json
[RANGO] ZHIPUUSDT_LINEAL last=144.33 · río=WS · mercado=linear · estado=ACECHANDO · dir=— · 0=143.16 · Oz=— · Red=— · manos=ON · pos=flat · latido=1.50s
[RANGO] autosello ZHIPU · ACECHANDO · Oz=0.0 link=— · manos_feria_informe.json
[RANGO] ZHIPUUSDT_LINEAL last=144.24 · río=WS · mercado=linear · estado=ACECHANDO · dir=— · 0=143.16 · Oz=— · Red=— · manos=ON · pos=flat · latido=1.50s
[RANGO] ZHIPUUSDT_LINEAL last=144.22 · río=WS · mercado=linear · estado=ACECHANDO · dir=— · 0=143.16 · Oz=— · Red=— · manos=ON · pos=flat · latido=1.50s
[RANGO] autosello ZHIPU · ACECHANDO · Oz=0.0 link=— · manos_feria_informe.json
[RANGO] ZHIPUUSDT_LINEAL last=144.23 · río=WS · mercado=linear · estado=ACECHANDO · dir=— · 0=143.16 · Oz=— · Red=— · manos=ON · pos=flat · latido=1.50s
[RANGO] autosello ZHIPU · ACECHANDO · Oz=0.0 link=— · manos_feria_informe.json
[RANGO] ZHIPUUSDT_LINEAL last=144.14 · río=WS · mercado=linear · estado=ACECHANDO · dir=— · 0=143.16 · Oz=— · Red=— · manos=ON · pos=flat · latido=1.50s
[RANGO] ZHIPUUSDT_LINEAL last=144.15 · río=WS · mercado=linear · estado=ACECHANDO · dir=— · 0=143.16 · Oz=— · Red=— · manos=ON · pos=flat · latido=1.50s
[RANGO] autosello ZHIPU · ACECHANDO · Oz=0.0 link=— · manos_feria_informe.json
[RANGO] ZHIPUUSDT_LINEAL last=144.21 · río=WS · mercado=linear · estado=ACECHANDO · dir=— · 0=143.16 · Oz=— · Red=— · manos=ON · pos=flat · latido=1.50s
[RANGO] autosello ZHIPU · ACECHANDO · Oz=0.0 link=— · manos_feria_informe.json
[RANGO] ZHIPUUSDT_LINEAL last=144.11 · río=WS · mercado=linear · estado=ACECHANDO · dir=— · 0=143.16 · Oz=— · Red=— · manos=ON · pos=flat · latido=1.50s
[RANGO] ZHIPUUSDT_LINEAL last=144.12 · río=WS · mercado=linear · estado=ACECHANDO · dir=— · 0=143.16 · Oz=— · Red=— · manos=ON · pos=flat · latido=1.50s
[RANGO] autosello ZHIPU · ACECHANDO · Oz=0.0 link=— · manos_feria_informe.json
[RANGO] ZHIPUUSDT_LINEAL last=144.21 · río=WS · mercado=linear · estado=ACECHANDO · dir=— · 0=143.16 · Oz=— · Red=— · manos=ON · pos=flat · latido=1.50s
[RANGO] autosello ZHIPU · ACECHANDO · Oz=0.0 link=— · manos_feria_informe.json
[RANGO] ZHIPUUSDT_LINEAL last=144.17 · río=WS · mercado=linear · estado=ACECHANDO · dir=— · 0=143.16 · Oz=— · Red=— · manos=ON · pos=flat · latido=1.50s
[RANGO] ZHIPUUSDT_LINEAL last=144.27 · río=WS · mercado=linear · estado=ACECHANDO · dir=— · 0=143.16 · Oz=— · Red=— · manos=ON · pos=flat · latido=1.50s
[RANGO] autosello ZHIPU · ACECHANDO · Oz=0.0 link=— · manos_feria_informe.json
[RANGO] ZHIPUUSDT_LINEAL last=144.31 · río=WS · mercado=linear · estado=ACECHANDO · dir=— · 0=143.16 · Oz=— · Red=— · manos=ON · pos=flat · latido=1.50s
[RANGO] autosello ZHIPU · ACECHANDO · Oz=0.0 link=— · manos_feria_informe.json
[RANGO] ZHIPUUSDT_LINEAL last=144.37 · río=WS · mercado=linear · estado=ACECHANDO · dir=— · 0=143.16 · Oz=— · Red=— · manos=ON · pos=flat · latido=1.50s
[RANGO] ZHIPUUSDT_LINEAL last=144.36 · río=WS · mercado=linear · estado=ACECHANDO · dir=— · 0=143.16 · Oz=— · Red=— · manos=ON · pos=flat · latido=1.50s
[RANGO] autosello ZHIPU · ACECHANDO · Oz=0.0 link=— · manos_feria_informe.json
[RANGO] ZHIPUUSDT_LINEAL last=144.3 · río=WS · mercado=linear · estado=ACECHANDO · dir=— · 0=143.16 · Oz=— · Red=— · manos=ON · pos=flat · latido=1.50s
[RANGO] autosello ZHIPU · ACECHANDO · Oz=0.0 link=— · manos_feria_informe.json
[RANGO] ZHIPUUSDT_LINEAL last=144.33 · río=WS · mercado=linear · estado=ACECHANDO · dir=— · 0=143.16 · Oz=— · Red=— · manos=ON · pos=flat · latido=1.50s
[RANGO] ZHIPUUSDT_LINEAL last=144.32 · río=WS · mercado=linear · estado=ACECHANDO · dir=— · 0=143.16 · Oz=— · Red=— · manos=ON · pos=flat · latido=1.50s
[RANGO] autosello ZHIPU · ACECHANDO · Oz=0.0 link=— · manos_feria_informe.json
[RANGO] ZHIPUUSDT_LINEAL last=144.37 · río=WS · mercado=linear · estado=ACECHANDO · dir=— · 0=143.16 · Oz=— · Red=— · manos=ON · pos=flat · latido=1.50s
[RANGO] autosello ZHIPU · ACECHANDO · Oz=0.0 link=— · manos_feria_informe.json
[RANGO] ZHIPUUSDT_LINEAL last=144.52 · río=WS · mercado=linear · estado=ACECHANDO · dir=— · 0=143.16 · Oz=— · Red=— · manos=ON · pos=flat · latido=1.50s
[RANGO] ZHIPUUSDT_LINEAL last=144.44 · río=WS · mercado=linear · estado=ACECHANDO · dir=— · 0=143.16 · Oz=— · Red=— · manos=ON · pos=flat · latido=1.50s
[RANGO] autosello ZHIPU · ACECHANDO · Oz=0.0 link=— · manos_feria_informe.json
[RANGO] ZHIPUUSDT_LINEAL last=144.4 · río=WS · mercado=linear · estado=ACECHANDO · dir=— · 0=143.16 · Oz=— · Red=— · manos=ON · pos=flat · latido=1.50s
[RANGO] autosello ZHIPU · ACECHANDO · Oz=0.0 link=— · manos_feria_informe.json
[RANGO] ZHIPUUSDT_LINEAL last=144.52 · río=WS · mercado=linear · estado=ACECHANDO · dir=— · 0=143.16 · Oz=— · Red=— · manos=ON · pos=flat · latido=1.50s
[RANGO] ZHIPUUSDT_LINEAL last=144.44 · río=WS · mercado=linear · estado=ACECHANDO · dir=— · 0=143.16 · Oz=— · Red=— · manos=ON · pos=flat · latido=1.50s
[RANGO] autosello ZHIPU · ACECHANDO · Oz=0.0 link=— · manos_feria_informe.json
[RANGO] ZHIPUUSDT_LINEAL last=144.42 · río=WS · mercado=linear · estado=ACECHANDO · dir=— · 0=143.16 · Oz=— · Red=— · manos=ON · pos=flat · latido=1.50s
[RANGO] autosello ZHIPU · ACECHANDO · Oz=0.0 link=— · manos_feria_informe.json
[RANGO] ZHIPUUSDT_LINEAL last=144.37 · río=WS · mercado=linear · estado=ACECHANDO · dir=— · 0=143.16 · Oz=— · Red=— · manos=ON · pos=flat · latido=1.50s
[RANGO] ZHIPUUSDT_LINEAL last=144.42 · río=WS · mercado=linear · estado=ACECHANDO · dir=— · 0=143.16 · Oz=— · Red=— · manos=ON · pos=flat · latido=1.50s
[RANGO] autosello ZHIPU · ACECHANDO · Oz=0.0 link=— · manos_feria_informe.json
[RANGO] ZHIPUUSDT_LINEAL last=144.95 · río=WS · mercado=linear · estado=ACECHANDO · dir=— · 0=143.16 · Oz=— · Red=— · manos=ON · pos=flat · latido=1.50s
[RANGO] autosello ZHIPU · ACECHANDO · Oz=0.0 link=— · manos_feria_informe.json
[RANGO] ZHIPUUSDT_LINEAL last=144.82 · río=WS · mercado=linear · estado=ACECHANDO · dir=— · 0=143.16 · Oz=— · Red=— · manos=ON · pos=flat · latido=1.50s
[RANGO] ZHIPUUSDT_LINEAL last=144.58 · río=WS · mercado=linear · estado=ACECHANDO · dir=— · 0=143.16 · Oz=— · Red=— · manos=ON · pos=flat · latido=1.50s
[RANGO] autosello ZHIPU · ACECHANDO · Oz=0.0 link=— · manos_feria_informe.json
[RANGO] ZHIPUUSDT_LINEAL last=144.91 · río=WS · mercado=linear · estado=ACECHANDO · dir=— · 0=143.16 · Oz=— · Red=— · manos=ON · pos=flat · latido=1.50s
[RANGO] autosello ZHIPU · ACECHANDO · Oz=0.0 link=— · manos_feria_informe.json
[RANGO] ZHIPUUSDT_LINEAL last=144.94 · río=WS · mercado=linear · estado=ACECHANDO · dir=— · 0=143.16 · Oz=— · Red=— · manos=ON · pos=flat · latido=1.50s
[RANGO] ZHIPUUSDT_LINEAL last=144.71 · río=WS · mercado=linear · estado=ACECHANDO · dir=— · 0=143.16 · Oz=— · Red=— · manos=ON · pos=flat · latido=1.50s
[RANGO] autosello ZHIPU · ACECHANDO · Oz=0.0 link=— · manos_feria_informe.json
[RANGO] ZHIPUUSDT_LINEAL last=144.76 · río=WS · mercado=linear · estado=ACECHANDO · dir=— · 0=143.16 · Oz=— · Red=— · manos=ON · pos=flat · latido=1.50s
[RANGO] autosello ZHIPU · ACECHANDO · Oz=0.0 link=— · manos_feria_informe.json
[RANGO] ZHIPUUSDT_LINEAL last=144.8 · río=WS · mercado=linear · estado=ACECHANDO · dir=— · 0=143.16 · Oz=— · Red=— · manos=ON · pos=flat · latido=1.50s
[RANGO] ZHIPUUSDT_LINEAL last=144.84 · río=WS · mercado=linear · estado=ACECHANDO · dir=— · 0=143.16 · Oz=— · Red=— · manos=ON · pos=flat · latido=1.50s
[RANGO] autosello ZHIPU · ACECHANDO · Oz=0.0 link=— · manos_feria_informe.json
[RANGO] ZHIPUUSDT_LINEAL last=144.88 · río=WS · mercado=linear · estado=ACECHANDO · dir=— · 0=143.16 · Oz=— · Red=— · manos=ON · pos=flat · latido=1.50s
[RANGO] autosello ZHIPU · ACECHANDO · Oz=0.0 link=— · manos_feria_informe.json
[RANGO] ZHIPUUSDT_LINEAL last=145.18 · río=WS · mercado=linear · estado=ACECHANDO · dir=— · 0=143.16 · Oz=— · Red=— · manos=ON · pos=flat · latido=1.50s
[RANGO] ZHIPUUSDT_LINEAL last=145.23 · río=WS · mercado=linear · estado=ACECHANDO · dir=— · 0=143.16 · Oz=— · Red=— · manos=ON · pos=flat · latido=1.50s
[RANGO] autosello ZHIPU · ACECHANDO · Oz=0.0 link=— · manos_feria_informe.json
[RANGO] ZHIPUUSDT_LINEAL last=145.26 · río=WS · mercado=linear · estado=ACECHANDO · dir=— · 0=143.16 · Oz=— · Red=— · manos=ON · pos=flat · latido=1.50s
[RANGO] autosello ZHIPU · ACECHANDO · Oz=0.0 link=— · manos_feria_informe.json
[RANGO] ZHIPUUSDT_LINEAL last=145.08 · río=WS · mercado=linear · estado=ACECHANDO · dir=— · 0=143.16 · Oz=— · Red=— · manos=ON · pos=flat · latido=1.50s
[RANGO] ZHIPUUSDT_LINEAL last=145.36 · río=WS · mercado=linear · estado=ACECHANDO · dir=— · 0=143.16 · Oz=— · Red=— · manos=ON · pos=flat · latido=1.50s
[RANGO] autosello ZHIPU · ACECHANDO · Oz=0.0 link=— · manos_feria_informe.json
[RANGO] ZHIPUUSDT_LINEAL last=145.18 · río=WS · mercado=linear · estado=ACECHANDO · dir=— · 0=143.16 · Oz=— · Red=— · manos=ON · pos=flat · latido=1.50s
[2026-08-31 08:36:12] [TUSK] RECONCILIACIÓN: TSLLUSDT_LINEAL: interno L:0.000000/S:0.000000 -> real L:0.630000/S:0.000000
[2026-08-31 08:36:12] [TUSK] RECONCILIACIÓN_FANTASMA: COTIUSDT_LINEAL existe interno pero no en exchange -> reseteando
[2026-08-31 08:36:12] [TUSK] RECONCILIACIÓN_OK: 2 frentes alineados con exchange
[RANGO] autosello ZHIPU · ACECHANDO · Oz=0.0 link=— · manos_feria_informe.json
[RANGO] ZHIPUUSDT_LINEAL last=145.55 · río=WS · mercado=linear · estado=ACECHANDO · dir=— · 0=143.16 · Oz=— · Red=— · manos=ON · pos=flat · latido=1.50s
[RANGO] ZHIPUUSDT_LINEAL last=145.43 · río=WS · mercado=linear · estado=ACECHANDO · dir=— · 0=143.16 · Oz=— · Red=— · manos=ON · pos=flat · latido=1.50s
[RANGO] autosello ZHIPU · ACECHANDO · Oz=0.0 link=— · manos_feria_informe.json
[RANGO] ZHIPUUSDT_LINEAL last=145.41 · río=WS · mercado=linear · estado=ACECHANDO · dir=— · 0=143.16 · Oz=— · Red=— · manos=ON · pos=flat · latido=1.50s
[RANGO] autosello ZHIPU · ACECHANDO · Oz=0.0 link=— · manos_feria_informe.json
[RANGO] ZHIPUUSDT_LINEAL last=145.39 · río=WS · mercado=linear · estado=ACECHANDO · dir=— · 0=143.16 · Oz=— · Red=— · manos=ON · pos=flat · latido=1.50s
[RANGO] ZHIPUUSDT_LINEAL last=145.44 · río=WS · mercado=linear · estado=ACECHANDO · dir=— · 0=143.16 · Oz=— · Red=— · manos=ON · pos=flat · latido=1.50s
[RANGO] autosello ZHIPU · ACECHANDO · Oz=0.0 link=— · manos_feria_informe.json
[RANGO] ZHIPUUSDT_LINEAL last=145.56 · río=WS · mercado=linear · estado=ACECHANDO · dir=— · 0=143.16 · Oz=— · Red=— · manos=ON · pos=flat · latido=1.50s
[RANGO] autosello ZHIPU · ACECHANDO · Oz=0.0 link=— · manos_feria_informe.json
[RANGO] ZHIPUUSDT_LINEAL last=145.91 · río=WS · mercado=linear · estado=ACECHANDO · dir=— · 0=143.16 · Oz=— · Red=— · manos=ON · pos=flat · latido=1.50s
[RANGO] ZHIPUUSDT_LINEAL last=145.98 · río=WS · mercado=linear · estado=ACECHANDO · dir=— · 0=143.16 · Oz=— · Red=— · manos=ON · pos=flat · latido=1.50s
[RANGO] autosello ZHIPU · ACECHANDO · Oz=0.0 link=— · manos_feria_informe.json
[RANGO] ZHIPUUSDT_LINEAL last=145.91 · río=WS · mercado=linear · estado=ACECHANDO · dir=— · 0=143.16 · Oz=— · Red=— · manos=ON · pos=flat · latido=1.50s
[RANGO] autosello ZHIPU · ACECHANDO · Oz=0.0 link=— · manos_feria_informe.json
[RANGO] ZHIPUUSDT_LINEAL last=145.85 · río=WS · mercado=linear · estado=ACECHANDO · dir=— · 0=143.16 · Oz=— · Red=— · manos=ON · pos=flat · latido=1.50s
[RANGO] ZHIPUUSDT_LINEAL last=146.44 · río=WS · mercado=linear · estado=ACECHANDO · dir=— · 0=143.16 · Oz=— · Red=— · manos=ON · pos=flat · latido=0.10s
[2026-08-31 08:37:59] [BERU_RANGO] ARMAR: RANGO_ZHIPU_270e88bd VACIO_ARRIBA → trailing SHORT Oz @145.947520 (0,2 detrás de extremo 146.240000) Red @0.000000 ($5.00).
[BERU_RANGO] ARMAR RANGO_ZHIPU_270e88bd VACIO_ARRIBA direccion=SHORT oz_adan=145.94752 red_adan=0.0 masa_usd=5.0 trail_extremo=146.24
[RANGO] autosello ZHIPU · CAZANDO · Oz=145.94752 link=— · manos_feria_informe.json
[2026-08-31 08:37:59] [BRIDGE] ORDEN_ERROR: Qty invalid (ErrCode: 10001) (ErrTime: 14:37:59).
Request → POST https://api.bybit.com/v5/order/create: {"category": "linear", "symbol": "ZHIPUUSDT", "side": "Sell", "orderType": "Market", "qty": "0.03425888977078884", "orderLinkId": "BRG-TRA-1-d8d74c6cc9009a", "positionIdx": 2, "reduceOnly": false, "triggerPrice": "145.94752", "triggerDirection": 2, "triggerBy": "LastPrice", "orderFilter": "StopOrder"}. | LINK:BRG-TRA-1-d8d74c6cc9009a
[BELLION OIDO · CRITICO] BRIDGE ORDEN_ERROR
[RANGO] ZHIPU → ARMAR_ARRIBA {'ok': True, 'evento': 'ARMAR_ARRIBA', 'masa': 5.0, 'dir': 'SHORT'}
[2026-08-31 08:38:00] [BRIDGE] ORDEN_ERROR: Qty invalid (ErrCode: 10001) (ErrTime: 14:38:00).
Request → POST https://api.bybit.com/v5/order/create: {"category": "linear", "symbol": "ZHIPUUSDT", "side": "Sell", "orderType": "Market", "qty": "0.03424952173967843", "orderLinkId": "BRG-MKT-1-f24186b2f1e1e9", "positionIdx": 2, "reduceOnly": false}. | LINK:BRG-MKT-1-f24186b2f1e1e9
[BELLION OIDO · CRITICO] BRIDGE ORDEN_ERROR
[2026-08-31 08:38:00] [BERU_RANGO] OZ_COSECHA: RANGO_ZHIPU_270e88bd Oz peldaño @145.987440 fill @145.987440 · wake=143.160000 · sangre act. ABAJO 2.2% · Red trailing act. @147.739289 (callback 0.2% · $5) · extremo=146.280000.
[BERU_RANGO] OZ_COSECHA RANGO_ZHIPU_270e88bd wake=143.16 oz=145.98744 fill=145.98744 sangre=ABAJO red=147.73928927999998 extremo=146.28 precio=145.98744 masa_usd=5.0
[RANGO] ZHIPU → OZ_COSECHA {'ok': True, 'evento': 'OZ_COSECHA', 'cero': 143.16, 'fill': 145.98744, 'oz_despliegue': 145.98744, 'sangre': 'ABAJO', 'red': 147.73928927999998, 'masa_hecha': 5.0, 'trail_extremo': 146.28, 'oz': 145.98744, 'dir': 'SHORT'}
[RANGO] ZHIPUUSDT_LINEAL last=145.75 · río=WS · mercado=linear · estado=ACECHANDO · dir=— · 0=143.16 · Oz=— · Red=147.73928927999998 · manos=ON · pos=flat · latido=1.50s
[2026-08-31 08:38:14] [TUSK] RECONCILIACIÓN: APRUSDT_LINEAL: interno L:0.000000/S:0.000000 -> real L:73.000000/S:0.000000
[2026-08-31 08:38:14] [TUSK] RECONCILIACIÓN: BROCCOLIUSDT_LINEAL: interno L:0.000000/S:0.000000 -> real L:2781.000000/S:0.000000
[2026-08-31 08:38:14] [TUSK] RECONCILIACIÓN_FANTASMA: NILUSDT_LINEAL existe interno pero no en exchange -> reseteando
[2026-08-31 08:38:14] [TUSK] RECONCILIACIÓN_FANTASMA: QNTXUSDT_LINEAL existe interno pero no en exchange -> reseteando
[2026-08-31 08:38:14] [TUSK] RECONCILIACIÓN_OK: 4 frentes alineados con exchange
[RANGO] autosello ZHIPU · ACECHANDO · Oz=0.0 link=— · manos_feria_informe.json
[RANGO] ZHIPUUSDT_LINEAL last=146.32 · río=WS · mercado=linear · estado=ACECHANDO · dir=— · 0=143.16 · Oz=— · Red=147.73928927999998 · manos=ON · pos=flat · latido=1.50s
[RANGO] ZHIPUUSDT_LINEAL last=146.09 · río=WS · mercado=linear · estado=ACECHANDO · dir=— · 0=143.16 · Oz=— · Red=147.73928927999998 · manos=ON · pos=flat · latido=1.50s
[RANGO] autosello ZHIPU · ACECHANDO · Oz=0.0 link=— · manos_feria_informe.json
[RANGO] ZHIPUUSDT_LINEAL last=146.31 · río=WS · mercado=linear · estado=ACECHANDO · dir=— · 0=143.16 · Oz=— · Red=147.73928927999998 · manos=ON · pos=flat · latido=1.50s
[RANGO] autosello ZHIPU · ACECHANDO · Oz=0.0 link=— · manos_feria_informe.json
[RANGO] ZHIPUUSDT_LINEAL last=146.02 · río=WS · mercado=linear · estado=ACECHANDO · dir=— · 0=143.16 · Oz=— · Red=147.73928927999998 · manos=ON · pos=flat · latido=1.50s
[RANGO] ZHIPUUSDT_LINEAL last=146.91 · río=WS · mercado=linear · estado=ACECHANDO · dir=— · 0=143.16 · Oz=— · Red=147.73928927999998 · manos=ON · pos=flat · latido=1.50s
[RANGO] autosello ZHIPU · ACECHANDO · Oz=0.0 link=— · manos_feria_informe.json
[RANGO] ZHIPUUSDT_LINEAL last=146.84 · río=WS · mercado=linear · estado=ACECHANDO · dir=— · 0=143.16 · Oz=— · Red=147.73928927999998 · manos=ON · pos=flat · latido=1.50s
[RANGO] autosello ZHIPU · ACECHANDO · Oz=0.0 link=— · manos_feria_informe.json
[2026-08-31 08:39:15] [TUSK] RECONCILIACIÓN: DASHUSDT_LINEAL: interno L:0.000000/S:0.000000 -> real L:0.000000/S:0.220000
[2026-08-31 08:39:16] [TUSK] RECONCILIACIÓN_FANTASMA: CRCLUSDT_LINEAL existe interno pero no en exchange -> reseteando
[2026-08-31 08:39:16] [TUSK] RECONCILIACIÓN_OK: 2 frentes alineados con exchange
[RANGO] ZHIPUUSDT_LINEAL last=146.26 · río=WS · mercado=linear · estado=ACECHANDO · dir=— · 0=143.16 · Oz=— · Red=147.73928927999998 · manos=ON · pos=flat · latido=1.50s
[RANGO] ZHIPUUSDT_LINEAL last=147.59 · río=WS · mercado=linear · estado=ACECHANDO · dir=— · 0=143.16 · Oz=— · Red=147.73928927999998 · manos=ON · pos=flat · latido=0.10s
[2026-08-31 08:39:29] [BERU_RANGO] ARMAR: RANGO_ZHIPU_R1_8b0f7b RED → trailing SHORT Oz @147.464480 (0,2 detrás de extremo 147.760000) Red @0.000000 ($5.00).
[BERU_RANGO] ARMAR RANGO_ZHIPU_R1_8b0f7b RED direccion=SHORT oz_adan=147.46447999999998 red_adan=0.0 masa_usd=5.0 trail_extremo=147.76
[RANGO] autosello ZHIPU · CAZANDO · Oz=147.46447999999998 link=— · manos_feria_informe.json
[2026-08-31 08:39:30] [BRIDGE] ORDEN_ERROR: Qty invalid (ErrCode: 10001) (ErrTime: 14:39:30).
Request → POST https://api.bybit.com/v5/order/create: {"category": "linear", "symbol": "ZHIPUUSDT", "side": "Sell", "orderType": "Market", "qty": "0.0339064702225241", "orderLinkId": "BRG-TRA-2-ead01c965017ec", "positionIdx": 2, "reduceOnly": false, "triggerPrice": "147.46447999999998", "triggerDirection": 2, "triggerBy": "LastPrice", "orderFilter": "StopOrder"}. | LINK:BRG-TRA-2-ead01c965017ec
[BELLION OIDO · CRITICO] BRIDGE ORDEN_ERROR
[RANGO] ZHIPU → ARMAR_RED {'ok': True, 'evento': 'ARMAR_RED', 'masa': 5.0, 'dir': 'SHORT', 'escalon': 1, 'nota': 'Red meta-saco -> trailing callback 0.2'}
[2026-08-31 08:39:30] [BRIDGE] ORDEN_ERROR: Qty invalid (ErrCode: 10001) (ErrTime: 14:39:30).
Request → POST https://api.bybit.com/v5/order/create: {"category": "linear", "symbol": "ZHIPUUSDT", "side": "Sell", "orderType": "Market", "qty": "0.033888122565477276", "orderLinkId": "BRG-MKT-2-1ed3fe910bf03f", "positionIdx": 2, "reduceOnly": false}. | LINK:BRG-MKT-2-1ed3fe910bf03f
[BELLION OIDO · CRITICO] BRIDGE ORDEN_ERROR
[2026-08-31 08:39:30] [BERU_RANGO] OZ_COSECHA: RANGO_ZHIPU_R1_8b0f7b Oz peldaño @147.544320 fill @147.544320 · wake=143.160000 · sangre act. ABAJO 2.2% · Red trailing act. @149.314852 (callback 0.2% · $5) · extremo=147.840000.
[BERU_RANGO] OZ_COSECHA RANGO_ZHIPU_R1_8b0f7b wake=143.16 oz=147.54432 fill=147.54432 sangre=ABAJO red=149.31485184 extremo=147.84 precio=147.54432 masa_usd=5.0
[RANGO] ZHIPU → OZ_COSECHA {'ok': True, 'evento': 'OZ_COSECHA', 'cero': 143.16, 'fill': 147.54432, 'oz_despliegue': 147.54432, 'sangre': 'ABAJO', 'red': 149.31485184, 'masa_hecha': 5.0, 'trail_extremo': 147.84, 'oz': 147.54432, 'dir': 'SHORT'}
[RANGO] ZHIPUUSDT_LINEAL last=147.77 · río=WS · mercado=linear · estado=ACECHANDO · dir=— · 0=143.16 · Oz=— · Red=149.31485184 · manos=ON · pos=flat · latido=1.50s
[RANGO] autosello ZHIPU · ACECHANDO · Oz=0.0 link=— · manos_feria_informe.json
[RANGO] ZHIPUUSDT_LINEAL last=146.65 · río=WS · mercado=linear · estado=ACECHANDO · dir=— · 0=143.16 · Oz=— · Red=149.31485184 · manos=ON · pos=flat · latido=1.50s
[RANGO] ZHIPUUSDT_LINEAL last=147.29 · río=WS · mercado=linear · estado=ACECHANDO · dir=— · 0=143.16 · Oz=— · Red=149.31485184 · manos=ON · pos=flat · latido=1.50s
[RANGO] autosello ZHIPU · ACECHANDO · Oz=0.0 link=— · manos_feria_informe.json
[RANGO] ZHIPUUSDT_LINEAL last=146.68 · río=WS · mercado=linear · estado=ACECHANDO · dir=— · 0=143.16 · Oz=— · Red=149.31485184 · manos=ON · pos=flat · latido=1.50s
[RANGO] autosello ZHIPU · ACECHANDO · Oz=0.0 link=— · manos_feria_informe.json
[2026-08-31 08:40:17] [TUSK] RECONCILIACIÓN: POWERUSDT_LINEAL: interno L:6.000000/S:0.000000 -> real L:0.000000/S:54.000000
[2026-08-31 08:40:17] [TUSK] RECONCILIACIÓN_OK: 1 frentes alineados con exchange
[RANGO] ZHIPUUSDT_LINEAL last=146.82 · río=WS · mercado=linear · estado=ACECHANDO · dir=— · 0=143.16 · Oz=— · Red=149.31485184 · manos=ON · pos=flat · latido=1.50s
[RANGO] ZHIPUUSDT_LINEAL last=147.13 · río=WS · mercado=linear · estado=ACECHANDO · dir=— · 0=143.16 · Oz=— · Red=149.31485184 · manos=ON · pos=flat · latido=1.50s
[RANGO] autosello ZHIPU · ACECHANDO · Oz=0.0 link=— · manos_feria_informe.json
[RANGO] ZHIPUUSDT_LINEAL last=147.06 · río=WS · mercado=linear · estado=ACECHANDO · dir=— · 0=143.16 · Oz=— · Red=149.31485184 · manos=ON · pos=flat · latido=1.50s
[RANGO] autosello ZHIPU · ACECHANDO · Oz=0.0 link=— · manos_feria_informe.json
[RANGO] ZHIPUUSDT_LINEAL last=147.29 · río=WS · mercado=linear · estado=ACECHANDO · dir=— · 0=143.16 · Oz=— · Red=149.31485184 · manos=ON · pos=flat · latido=1.50s
[RANGO] ZHIPUUSDT_LINEAL last=147.18 · río=WS · mercado=linear · estado=ACECHANDO · dir=— · 0=143.16 · Oz=— · Red=149.31485184 · manos=ON · pos=flat · latido=1.50s
[RANGO] autosello ZHIPU · ACECHANDO · Oz=0.0 link=— · manos_feria_informe.json
[RANGO] ZHIPUUSDT_LINEAL last=146.76 · río=WS · mercado=linear · estado=ACECHANDO · dir=— · 0=143.16 · Oz=— · Red=149.31485184 · manos=ON · pos=flat · latido=1.50s
[RANGO] autosello ZHIPU · ACECHANDO · Oz=0.0 link=— · manos_feria_informe.json
[2026-08-31 08:41:18] [TUSK] RECONCILIACIÓN: SNXXUSDT_LINEAL: interno L:6.830000/S:0.000000 -> real L:6.460000/S:0.000000
[2026-08-31 08:41:18] [TUSK] RECONCILIACIÓN_OK: 1 frentes alineados con exchange
[RANGO] ZHIPUUSDT_LINEAL last=147.1 · río=WS · mercado=linear · estado=ACECHANDO · dir=— · 0=143.16 · Oz=— · Red=149.31485184 · manos=ON · pos=flat · latido=1.50s
[RANGO] ZHIPUUSDT_LINEAL last=147.06 · río=WS · mercado=linear · estado=ACECHANDO · dir=— · 0=143.16 · Oz=— · Red=149.31485184 · manos=ON · pos=flat · latido=1.50s
[RANGO] autosello ZHIPU · ACECHANDO · Oz=0.0 link=— · manos_feria_informe.json
[RANGO] ZHIPUUSDT_LINEAL last=146.95 · río=WS · mercado=linear · estado=ACECHANDO · dir=— · 0=143.16 · Oz=— · Red=149.31485184 · manos=ON · pos=flat · latido=1.50s
[RANGO] autosello ZHIPU · ACECHANDO · Oz=0.0 link=— · manos_feria_informe.json
[RANGO] ZHIPUUSDT_LINEAL last=146.62 · río=WS · mercado=linear · estado=ACECHANDO · dir=— · 0=143.16 · Oz=— · Red=149.31485184 · manos=ON · pos=flat · latido=1.50s
[RANGO] ZHIPUUSDT_LINEAL last=146.68 · río=WS · mercado=linear · estado=ACECHANDO · dir=— · 0=143.16 · Oz=— · Red=149.31485184 · manos=ON · pos=flat · latido=1.50s
[RANGO] autosello ZHIPU · ACECHANDO · Oz=0.0 link=— · manos_feria_informe.json
[RANGO] ZHIPUUSDT_LINEAL last=146.59 · río=WS · mercado=linear · estado=ACECHANDO · dir=— · 0=143.16 · Oz=— · Red=149.31485184 · manos=ON · pos=flat · latido=1.50s
[RANGO] autosello ZHIPU · ACECHANDO · Oz=0.0 link=— · manos_feria_informe.json
[RANGO] ZHIPUUSDT_LINEAL last=146.51 · río=WS · mercado=linear · estado=ACECHANDO · dir=— · 0=143.16 · Oz=— · Red=149.31485184 · manos=ON · pos=flat · latido=1.50s
[2026-08-31 08:42:19] [TUSK] RECONCILIACIÓN: MORPHOUSDT_LINEAL: interno L:0.000000/S:0.000000 -> real L:27.000000/S:0.000000
[2026-08-31 08:42:19] [TUSK] RECONCILIACIÓN_FANTASMA: BSPUSDT_LINEAL existe interno pero no en exchange -> reseteando
[2026-08-31 08:42:19] [TUSK] RECONCILIACIÓN_OK: 2 frentes alineados con exchange
[RANGO] ZHIPUUSDT_LINEAL last=146.5 · río=WS · mercado=linear · estado=ACECHANDO · dir=— · 0=143.16 · Oz=— · Red=149.31485184 · manos=ON · pos=flat · latido=1.50s
[RANGO] autosello ZHIPU · ACECHANDO · Oz=0.0 link=— · manos_feria_informe.json
[RANGO] ZHIPUUSDT_LINEAL last=146.61 · río=WS · mercado=linear · estado=ACECHANDO · dir=— · 0=143.16 · Oz=— · Red=149.31485184 · manos=ON · pos=flat · latido=1.50s
[RANGO] autosello ZHIPU · ACECHANDO · Oz=0.0 link=— · manos_feria_informe.json
[RANGO] ZHIPUUSDT_LINEAL last=146.65 · río=WS · mercado=linear · estado=ACECHANDO · dir=— · 0=143.16 · Oz=— · Red=149.31485184 · manos=ON · pos=flat · latido=1.50s
[RANGO] ZHIPUUSDT_LINEAL last=146.41 · río=WS · mercado=linear · estado=ACECHANDO · dir=— · 0=143.16 · Oz=— · Red=149.31485184 · manos=ON · pos=flat · latido=1.50s
[RANGO] autosello ZHIPU · ACECHANDO · Oz=0.0 link=— · manos_feria_informe.json
[RANGO] ZHIPUUSDT_LINEAL last=146.24 · río=WS · mercado=linear · estado=ACECHANDO · dir=— · 0=143.16 · Oz=— · Red=149.31485184 · manos=ON · pos=flat · latido=1.50s
[RANGO] autosello ZHIPU · ACECHANDO · Oz=0.0 link=— · manos_feria_informe.json
[RANGO] ZHIPUUSDT_LINEAL last=146.4 · río=WS · mercado=linear · estado=ACECHANDO · dir=— · 0=143.16 · Oz=— · Red=149.31485184 · manos=ON · pos=flat · latido=1.50s
[2026-08-31 08:43:20] [TUSK] RECONCILIACIÓN: TRBUSDT_LINEAL: interno L:0.000000/S:0.000000 -> real L:5.240000/S:0.000000
[2026-08-31 08:43:20] [TUSK] RECONCILIACIÓN_FANTASMA: SAMSUNGUSDT_LINEAL existe interno pero no en exchange -> reseteando
[2026-08-31 08:43:20] [TUSK] RECONCILIACIÓN_OK: 2 frentes alineados con exchange
[RANGO] ZHIPUUSDT_LINEAL last=145.95 · río=WS · mercado=linear · estado=ACECHANDO · dir=— · 0=143.16 · Oz=— · Red=149.31485184 · manos=ON · pos=flat · latido=1.50s
[RANGO] autosello ZHIPU · ACECHANDO · Oz=0.0 link=— · manos_feria_informe.json
[RANGO] ZHIPUUSDT_LINEAL last=146.12 · río=WS · mercado=linear · estado=ACECHANDO · dir=— · 0=143.16 · Oz=— · Red=149.31485184 · manos=ON · pos=flat · latido=1.50s
[RANGO] autosello ZHIPU · ACECHANDO · Oz=0.0 link=— · manos_feria_informe.json
[RANGO] ZHIPUUSDT_LINEAL last=146.09 · río=WS · mercado=linear · estado=ACECHANDO · dir=— · 0=143.16 · Oz=— · Red=149.31485184 · manos=ON · pos=flat · latido=1.50s
[RANGO] ZHIPUUSDT_LINEAL last=146.16 · río=WS · mercado=linear · estado=ACECHANDO · dir=— · 0=143.16 · Oz=— · Red=149.31485184 · manos=ON · pos=flat · latido=1.50s
[RANGO] autosello ZHIPU · ACECHANDO · Oz=0.0 link=— · manos_feria_informe.json
[RANGO] ZHIPUUSDT_LINEAL last=146.48 · río=WS · mercado=linear · estado=ACECHANDO · dir=— · 0=143.16 · Oz=— · Red=149.31485184 · manos=ON · pos=flat · latido=1.50s
[RANGO] autosello ZHIPU · ACECHANDO · Oz=0.0 link=— · manos_feria_informe.json
[RANGO] ZHIPUUSDT_LINEAL last=146.52 · río=WS · mercado=linear · estado=ACECHANDO · dir=— · 0=143.16 · Oz=— · Red=149.31485184 · manos=ON · pos=flat · latido=1.50s
[2026-08-31 08:44:21] [TUSK] RECONCILIACIÓN: CRCLUSDT_LINEAL: interno L:0.000000/S:0.000000 -> real L:0.410000/S:0.000000
[2026-08-31 08:44:21] [TUSK] RECONCILIACIÓN: PURRUSDT_LINEAL: interno L:0.000000/S:0.000000 -> real L:4.800000/S:0.000000
[2026-08-31 08:44:21] [TUSK] RECONCILIACIÓN: UNIUSDT_LINEAL: interno L:0.000000/S:0.000000 -> real L:0.900000/S:0.000000
[2026-08-31 08:44:21] [TUSK] RECONCILIACIÓN_FANTASMA: AEHRUSDT_LINEAL existe interno pero no en exchange -> reseteando
[2026-08-31 08:44:21] [TUSK] RECONCILIACIÓN_FANTASMA: KSMUSDT_LINEAL existe interno pero no en exchange -> reseteando
[2026-08-31 08:44:21] [TUSK] RECONCILIACIÓN_FANTASMA: AAOIUSDT_LINEAL existe interno pero no en exchange -> reseteando
[2026-08-31 08:44:21] [TUSK] RECONCILIACIÓN_OK: 6 frentes alineados con exchange
[RANGO] ZHIPUUSDT_LINEAL last=147.7 · río=WS · mercado=linear · estado=ACECHANDO · dir=— · 0=143.16 · Oz=— · Red=149.31485184 · manos=ON · pos=flat · latido=1.50s
[RANGO] autosello ZHIPU · ACECHANDO · Oz=0.0 link=— · manos_feria_informe.json
[RANGO] ZHIPUUSDT_LINEAL last=147.45 · río=WS · mercado=linear · estado=ACECHANDO · dir=— · 0=143.16 · Oz=— · Red=149.31485184 · manos=ON · pos=flat · latido=1.50s
[RANGO] autosello ZHIPU · ACECHANDO · Oz=0.0 link=— · manos_feria_informe.json
[RANGO] ZHIPUUSDT_LINEAL last=147.1 · río=WS · mercado=linear · estado=ACECHANDO · dir=— · 0=143.16 · Oz=— · Red=149.31485184 · manos=ON · pos=flat · latido=1.50s
[RANGO] ZHIPUUSDT_LINEAL last=146.72 · río=WS · mercado=linear · estado=ACECHANDO · dir=— · 0=143.16 · Oz=— · Red=149.31485184 · manos=ON · pos=flat · latido=1.50s
[RANGO] autosello ZHIPU · ACECHANDO · Oz=0.0 link=— · manos_feria_informe.json
[RANGO] ZHIPUUSDT_LINEAL last=147.01 · río=WS · mercado=linear · estado=ACECHANDO · dir=— · 0=143.16 · Oz=— · Red=149.31485184 · manos=ON · pos=flat · latido=1.50s
[RANGO] autosello ZHIPU · ACECHANDO · Oz=0.0 link=— · manos_feria_informe.json
[RANGO] ZHIPUUSDT_LINEAL last=147.21 · río=WS · mercado=linear · estado=ACECHANDO · dir=— · 0=143.16 · Oz=— · Red=149.31485184 · manos=ON · pos=flat · latido=1.50s
[RANGO] ZHIPUUSDT_LINEAL last=147.11 · río=WS · mercado=linear · estado=ACECHANDO · dir=— · 0=143.16 · Oz=— · Red=149.31485184 · manos=ON · pos=flat · latido=1.50s
[RANGO] autosello ZHIPU · ACECHANDO · Oz=0.0 link=— · manos_feria_informe.json
[RANGO] ZHIPUUSDT_LINEAL last=147.3 · río=WS · mercado=linear · estado=ACECHANDO · dir=— · 0=143.16 · Oz=— · Red=149.31485184 · manos=ON · pos=flat · latido=1.50s
[RANGO] autosello ZHIPU · ACECHANDO · Oz=0.0 link=— · manos_feria_informe.json
[RANGO] ZHIPUUSDT_LINEAL last=147.34 · río=WS · mercado=linear · estado=ACECHANDO · dir=— · 0=143.16 · Oz=— · Red=149.31485184 · manos=ON · pos=flat · latido=1.50s
[RANGO] ZHIPUUSDT_LINEAL last=147.23 · río=WS · mercado=linear · estado=ACECHANDO · dir=— · 0=143.16 · Oz=— · Red=149.31485184 · manos=ON · pos=flat · latido=1.50s
[RANGO] autosello ZHIPU · ACECHANDO · Oz=0.0 link=— · manos_feria_informe.json
[RANGO] ZHIPUUSDT_LINEAL last=147.42 · río=WS · mercado=linear · estado=ACECHANDO · dir=— · 0=143.16 · Oz=— · Red=149.31485184 · manos=ON · pos=flat · latido=1.50s
[RANGO] autosello ZHIPU · ACECHANDO · Oz=0.0 link=— · manos_feria_informe.json
[RANGO] ZHIPUUSDT_LINEAL last=147.34 · río=WS · mercado=linear · estado=ACECHANDO · dir=— · 0=143.16 · Oz=— · Red=149.31485184 · manos=ON · pos=flat · latido=1.50s
[2026-08-31 08:46:23] [TUSK] RECONCILIACIÓN: KSMUSDT_LINEAL: interno L:0.000000/S:0.000000 -> real L:13.470000/S:0.000000
[2026-08-31 08:46:23] [TUSK] RECONCILIACIÓN: BIOUSDT_LINEAL: interno L:0.000000/S:0.000000 -> real L:1016.000000/S:0.000000
[2026-08-31 08:46:23] [TUSK] RECONCILIACIÓN_FANTASMA: AXTIUSDT_LINEAL existe interno pero no en exchange -> reseteando
[2026-08-31 08:46:23] [TUSK] RECONCILIACIÓN_FANTASMA: ZKPUSDT_LINEAL existe interno pero no en exchange -> reseteando
[2026-08-31 08:46:23] [TUSK] RECONCILIACIÓN_OK: 4 frentes alineados con exchange
[RANGO] ZHIPUUSDT_LINEAL last=147.14 · río=WS · mercado=linear · estado=ACECHANDO · dir=— · 0=143.16 · Oz=— · Red=149.31485184 · manos=ON · pos=flat · latido=1.50s
[RANGO] autosello ZHIPU · ACECHANDO · Oz=0.0 link=— · manos_feria_informe.json
[RANGO] ZHIPUUSDT_LINEAL last=147.28 · río=WS · mercado=linear · estado=ACECHANDO · dir=— · 0=143.16 · Oz=— · Red=149.31485184 · manos=ON · pos=flat · latido=1.50s
[RANGO] autosello ZHIPU · ACECHANDO · Oz=0.0 link=— · manos_feria_informe.json
[RANGO] ZHIPUUSDT_LINEAL last=147.11 · río=WS · mercado=linear · estado=ACECHANDO · dir=— · 0=143.16 · Oz=— · Red=149.31485184 · manos=ON · pos=flat · latido=1.50s
[RANGO] ZHIPUUSDT_LINEAL last=147.14 · río=WS · mercado=linear · estado=ACECHANDO · dir=— · 0=143.16 · Oz=— · Red=149.31485184 · manos=ON · pos=flat · latido=1.50s
[RANGO] autosello ZHIPU · ACECHANDO · Oz=0.0 link=— · manos_feria_informe.json
[RANGO] ZHIPUUSDT_LINEAL last=147.08 · río=WS · mercado=linear · estado=ACECHANDO · dir=— · 0=143.16 · Oz=— · Red=149.31485184 · manos=ON · pos=flat · latido=1.50s
[RANGO] autosello ZHIPU · ACECHANDO · Oz=0.0 link=— · manos_feria_informe.json
[RANGO] ZHIPUUSDT_LINEAL last=147.07 · río=WS · mercado=linear · estado=ACECHANDO · dir=— · 0=143.16 · Oz=— · Red=149.31485184 · manos=ON · pos=flat · latido=1.50s
[2026-08-31 08:47:24] [TUSK] RECONCILIACIÓN: POWERUSDT_LINEAL: interno L:0.000000/S:54.000000 -> real L:0.000000/S:114.000000
[2026-08-31 08:47:24] [TUSK] RECONCILIACIÓN_OK: 1 frentes alineados con exchange
[RANGO] ZHIPUUSDT_LINEAL last=147.1 · río=WS · mercado=linear · estado=ACECHANDO · dir=— · 0=143.16 · Oz=— · Red=149.31485184 · manos=ON · pos=flat · latido=1.50s
[RANGO] autosello ZHIPU · ACECHANDO · Oz=0.0 link=— · manos_feria_informe.json
[RANGO] ZHIPUUSDT_LINEAL last=147.14 · río=WS · mercado=linear · estado=ACECHANDO · dir=— · 0=143.16 · Oz=— · Red=149.31485184 · manos=ON · pos=flat · latido=1.50s
[RANGO] autosello ZHIPU · ACECHANDO · Oz=0.0 link=— · manos_feria_informe.json
[RANGO] ZHIPUUSDT_LINEAL last=147.17 · río=WS · mercado=linear · estado=ACECHANDO · dir=— · 0=143.16 · Oz=— · Red=149.31485184 · manos=ON · pos=flat · latido=1.50s
[RANGO] ZHIPUUSDT_LINEAL last=147.01 · río=WS · mercado=linear · estado=ACECHANDO · dir=— · 0=143.16 · Oz=— · Red=149.31485184 · manos=ON · pos=flat · latido=1.50s
[RANGO] autosello ZHIPU · ACECHANDO · Oz=0.0 link=— · manos_feria_informe.json
[RANGO] ZHIPUUSDT_LINEAL last=147.04 · río=WS · mercado=linear · estado=ACECHANDO · dir=— · 0=143.16 · Oz=— · Red=149.31485184 · manos=ON · pos=flat · latido=1.50s
[RANGO] autosello ZHIPU · ACECHANDO · Oz=0.0 link=— · manos_feria_informe.json
[RANGO] ZHIPUUSDT_LINEAL last=147.14 · río=ciego/muleta · mercado=linear · estado=ACECHANDO · dir=— · 0=143.16 · Oz=— · Red=149.31485184 · manos=ON · pos=flat · latido=1.50s
[2026-08-31 08:48:25] [TUSK] RECONCILIACIÓN: ZKPUSDT_LINEAL: interno L:0.000000/S:0.000000 -> real L:1388.000000/S:0.000000
[2026-08-31 08:48:25] [TUSK] RECONCILIACIÓN: SAMSUNGUSDT_LINEAL: interno L:0.000000/S:0.000000 -> real L:0.000000/S:0.110000
[2026-08-31 08:48:25] [TUSK] RECONCILIACIÓN_FANTASMA: WDCUSDT_LINEAL existe interno pero no en exchange -> reseteando
[2026-08-31 08:48:25] [TUSK] RECONCILIACIÓN_FANTASMA: ZBCNUSDT_LINEAL existe interno pero no en exchange -> reseteando
[2026-08-31 08:48:25] [TUSK] RECONCILIACIÓN_OK: 4 frentes alineados con exchange
[RANGO] autosello ZHIPU · ACECHANDO · Oz=0.0 link=— · manos_feria_informe.json
[RANGO] ZHIPUUSDT_LINEAL last=147.0 · río=WS · mercado=linear · estado=ACECHANDO · dir=— · 0=143.16 · Oz=— · Red=149.31485184 · manos=ON · pos=flat · latido=1.50s
[RANGO] ZHIPUUSDT_LINEAL last=147.14 · río=ciego/muleta · mercado=linear · estado=ACECHANDO · dir=— · 0=143.16 · Oz=— · Red=149.31485184 · manos=ON · pos=flat · latido=1.50s
[RANGO] autosello ZHIPU · ACECHANDO · Oz=0.0 link=— · manos_feria_informe.json
[RANGO] ZHIPUUSDT_LINEAL last=147.0 · río=WS · mercado=linear · estado=ACECHANDO · dir=— · 0=143.16 · Oz=— · Red=149.31485184 · manos=ON · pos=flat · latido=1.50s
[RANGO] autosello ZHIPU · ACECHANDO · Oz=0.0 link=— · manos_feria_informe.json
[RANGO] ZHIPUUSDT_LINEAL last=147.04 · río=WS · mercado=linear · estado=ACECHANDO · dir=— · 0=143.16 · Oz=— · Red=149.31485184 · manos=ON · pos=flat · latido=1.50s
[RANGO] ZHIPUUSDT_LINEAL last=146.98 · río=WS · mercado=linear · estado=ACECHANDO · dir=— · 0=143.16 · Oz=— · Red=149.31485184 · manos=ON · pos=flat · latido=1.50s
[RANGO] autosello ZHIPU · ACECHANDO · Oz=0.0 link=— · manos_feria_informe.json
[RANGO] ZHIPUUSDT_LINEAL last=146.98 · río=WS · mercado=linear · estado=ACECHANDO · dir=— · 0=143.16 · Oz=— · Red=149.31485184 · manos=ON · pos=flat · latido=1.50s
[2026-08-31 08:49:26] [TUSK] RECONCILIACIÓN: TSEMUSDT_LINEAL: interno L:0.000000/S:0.000000 -> real L:0.090000/S:0.000000
[2026-08-31 08:49:26] [TUSK] RECONCILIACIÓN: CRDOUSDT_LINEAL: interno L:0.000000/S:0.000000 -> real L:0.140000/S:0.000000
[2026-08-31 08:49:26] [TUSK] RECONCILIACIÓN_FANTASMA: TSLLUSDT_LINEAL existe interno pero no en exchange -> reseteando
[2026-08-31 08:49:26] [TUSK] RECONCILIACIÓN_FANTASMA: MSTRUSDT_LINEAL existe interno pero no en exchange -> reseteando
[2026-08-31 08:49:26] [TUSK] RECONCILIACIÓN_OK: 4 frentes alineados con exchange
[RANGO] autosello ZHIPU · ACECHANDO · Oz=0.0 link=— · manos_feria_informe.json
[RANGO] ZHIPUUSDT_LINEAL last=146.54 · río=WS · mercado=linear · estado=ACECHANDO · dir=— · 0=143.16 · Oz=— · Red=149.31485184 · manos=ON · pos=flat · latido=1.50s
[RANGO] ZHIPUUSDT_LINEAL last=146.7 · río=WS · mercado=linear · estado=ACECHANDO · dir=— · 0=143.16 · Oz=— · Red=149.31485184 · manos=ON · pos=flat · latido=1.50s
[RANGO] autosello ZHIPU · ACECHANDO · Oz=0.0 link=— · manos_feria_informe.json
[RANGO] ZHIPUUSDT_LINEAL last=146.72 · río=WS · mercado=linear · estado=ACECHANDO · dir=— · 0=143.16 · Oz=— · Red=149.31485184 · manos=ON · pos=flat · latido=1.50s
[RANGO] autosello ZHIPU · ACECHANDO · Oz=0.0 link=— · manos_feria_informe.json
[RANGO] ZHIPUUSDT_LINEAL last=146.87 · río=WS · mercado=linear · estado=ACECHANDO · dir=— · 0=143.16 · Oz=— · Red=149.31485184 · manos=ON · pos=flat · latido=1.50s
[RANGO] ZHIPUUSDT_LINEAL last=146.86 · río=WS · mercado=linear · estado=ACECHANDO · dir=— · 0=143.16 · Oz=— · Red=149.31485184 · manos=ON · pos=flat · latido=1.50s
[RANGO] autosello ZHIPU · ACECHANDO · Oz=0.0 link=— · manos_feria_informe.json
[RANGO] ZHIPUUSDT_LINEAL last=146.81 · río=WS · mercado=linear · estado=ACECHANDO · dir=— · 0=143.16 · Oz=— · Red=149.31485184 · manos=ON · pos=flat · latido=1.50s
[2026-08-31 08:50:28] [TUSK] RECONCILIACIÓN: BSPUSDT_LINEAL: interno L:0.000000/S:0.000000 -> real L:0.440000/S:0.000000
[2026-08-31 08:50:28] [TUSK] RECONCILIACIÓN: ADAUSD_INVERSE: interno L:0.000000/S:0.000000 -> real L:207.000000/S:0.000000
[2026-08-31 08:50:28] [TUSK] RECONCILIACIÓN_FANTASMA: BTCUSD_INVERSE existe interno pero no en exchange -> reseteando
[2026-08-31 08:50:28] [TUSK] RECONCILIACIÓN_FANTASMA: BROCCOLIUSDT_LINEAL existe interno pero no en exchange -> reseteando
[2026-08-31 08:50:28] [TUSK] RECONCILIACIÓN_OK: 4 frentes alineados con exchange
[RANGO] autosello ZHIPU · ACECHANDO · Oz=0.0 link=— · manos_feria_informe.json
[RANGO] ZHIPUUSDT_LINEAL last=146.83 · río=WS · mercado=linear · estado=ACECHANDO · dir=— · 0=143.16 · Oz=— · Red=149.31485184 · manos=ON · pos=flat · latido=1.50s
[RANGO] ZHIPUUSDT_LINEAL last=146.91 · río=WS · mercado=linear · estado=ACECHANDO · dir=— · 0=143.16 · Oz=— · Red=149.31485184 · manos=ON · pos=flat · latido=1.50s
[RANGO] autosello ZHIPU · ACECHANDO · Oz=0.0 link=— · manos_feria_informe.json
[RANGO] ZHIPUUSDT_LINEAL last=146.88 · río=WS · mercado=linear · estado=ACECHANDO · dir=— · 0=143.16 · Oz=— · Red=149.31485184 · manos=ON · pos=flat · latido=1.50s
[RANGO] autosello ZHIPU · ACECHANDO · Oz=0.0 link=— · manos_feria_informe.json
[RANGO] ZHIPUUSDT_LINEAL last=146.88 · río=WS · mercado=linear · estado=ACECHANDO · dir=— · 0=143.16 · Oz=— · Red=149.31485184 · manos=ON · pos=flat · latido=1.50s
[RANGO] ZHIPUUSDT_LINEAL last=146.89 · río=WS · mercado=linear · estado=ACECHANDO · dir=— · 0=143.16 · Oz=— · Red=149.31485184 · manos=ON · pos=flat · latido=1.50s
[RANGO] autosello ZHIPU · ACECHANDO · Oz=0.0 link=— · manos_feria_informe.json
[RANGO] ZHIPUUSDT_LINEAL last=146.83 · río=WS · mercado=linear · estado=ACECHANDO · dir=— · 0=143.16 · Oz=— · Red=149.31485184 · manos=ON · pos=flat · latido=1.50s
[2026-08-31 08:51:29] [TUSK] RECONCILIACIÓN: UNIUSDT_LINEAL: interno L:0.900000/S:0.000000 -> real L:0.000000/S:0.100000
[2026-08-31 08:51:29] [TUSK] RECONCILIACIÓN_OK: 1 frentes alineados con exchange
[RANGO] autosello ZHIPU · ACECHANDO · Oz=0.0 link=— · manos_feria_informe.json
[RANGO] ZHIPUUSDT_LINEAL last=146.9 · río=ciego/muleta · mercado=linear · estado=ACECHANDO · dir=— · 0=143.16 · Oz=— · Red=149.31485184 · manos=ON · pos=flat · latido=1.50s
[RANGO] ZHIPUUSDT_LINEAL last=146.9 · río=ciego/muleta · mercado=linear · estado=ACECHANDO · dir=— · 0=143.16 · Oz=— · Red=149.31485184 · manos=ON · pos=flat · latido=1.50s
[RANGO] autosello ZHIPU · ACECHANDO · Oz=0.0 link=— · manos_feria_informe.json
[RANGO] ZHIPUUSDT_LINEAL last=146.76 · río=WS · mercado=linear · estado=ACECHANDO · dir=— · 0=143.16 · Oz=— · Red=149.31485184 · manos=ON · pos=flat · latido=1.50s
[RANGO] autosello ZHIPU · ACECHANDO · Oz=0.0 link=— · manos_feria_informe.json
[RANGO] ZHIPUUSDT_LINEAL last=146.74 · río=WS · mercado=linear · estado=ACECHANDO · dir=— · 0=143.16 · Oz=— · Red=149.31485184 · manos=ON · pos=flat · latido=1.50s
[RANGO] ZHIPUUSDT_LINEAL last=146.81 · río=ciego/muleta · mercado=linear · estado=ACECHANDO · dir=— · 0=143.16 · Oz=— · Red=149.31485184 · manos=ON · pos=flat · latido=1.50s
[RANGO] autosello ZHIPU · ACECHANDO · Oz=0.0 link=— · manos_feria_informe.json
[RANGO] ZHIPUUSDT_LINEAL last=146.45 · río=WS · mercado=linear · estado=ACECHANDO · dir=— · 0=143.16 · Oz=— · Red=149.31485184 · manos=ON · pos=flat · latido=1.50s
[2026-08-31 08:52:30] [TUSK] RECONCILIACIÓN: NILUSDT_LINEAL: interno L:0.000000/S:0.000000 -> real L:220.000000/S:0.000000
[2026-08-31 08:52:30] [TUSK] RECONCILIACIÓN: FLNCUSDT_LINEAL: interno L:0.000000/S:0.000000 -> real L:3.300000/S:0.000000
[2026-08-31 08:52:30] [TUSK] RECONCILIACIÓN: AAVEUSD_INVERSE: interno L:178.000000/S:0.000000 -> real L:89.000000/S:0.000000
[2026-08-31 08:52:30] [TUSK] RECONCILIACIÓN_FANTASMA: VVVUSDT_LINEAL existe interno pero no en exchange -> reseteando
[2026-08-31 08:52:30] [TUSK] RECONCILIACIÓN_FANTASMA: DASHUSDT_LINEAL existe interno pero no en exchange -> reseteando
[2026-08-31 08:52:30] [TUSK] RECONCILIACIÓN_OK: 5 frentes alineados con exchange
[RANGO] autosello ZHIPU · ACECHANDO · Oz=0.0 link=— · manos_feria_informe.json
[RANGO] ZHIPUUSDT_LINEAL last=146.45 · río=WS · mercado=linear · estado=ACECHANDO · dir=— · 0=143.16 · Oz=— · Red=149.31485184 · manos=ON · pos=flat · latido=1.50s
[RANGO] ZHIPUUSDT_LINEAL last=146.45 · río=WS · mercado=linear · estado=ACECHANDO · dir=— · 0=143.16 · Oz=— · Red=149.31485184 · manos=ON · pos=flat · latido=1.50s
[RANGO] autosello ZHIPU · ACECHANDO · Oz=0.0 link=— · manos_feria_informe.json
[RANGO] ZHIPUUSDT_LINEAL last=146.57 · río=ciego/muleta · mercado=linear · estado=ACECHANDO · dir=— · 0=143.16 · Oz=— · Red=149.31485184 · manos=ON · pos=flat · latido=1.50s
[RANGO] autosello ZHIPU · ACECHANDO · Oz=0.0 link=— · manos_feria_informe.json
[RANGO] ZHIPUUSDT_LINEAL last=146.54 · río=WS · mercado=linear · estado=ACECHANDO · dir=— · 0=143.16 · Oz=— · Red=149.31485184 · manos=ON · pos=flat · latido=1.50s
[RANGO] ZHIPUUSDT_LINEAL last=146.53 · río=WS · mercado=linear · estado=ACECHANDO · dir=— · 0=143.16 · Oz=— · Red=149.31485184 · manos=ON · pos=flat · latido=1.50s
[RANGO] autosello ZHIPU · ACECHANDO · Oz=0.0 link=— · manos_feria_informe.json
[RANGO] ZHIPUUSDT_LINEAL last=146.54 · río=WS · mercado=linear · estado=ACECHANDO · dir=— · 0=143.16 · Oz=— · Red=149.31485184 · manos=ON · pos=flat · latido=1.50s
[RANGO] autosello ZHIPU · ACECHANDO · Oz=0.0 link=— · manos_feria_informe.json
[2026-08-31 08:53:31] [TUSK] RECONCILIACIÓN: MORPHOUSDT_LINEAL: interno L:27.000000/S:0.000000 -> real L:25.000000/S:0.000000
[2026-08-31 08:53:31] [TUSK] RECONCILIACIÓN: CRVUSDT_LINEAL: interno L:0.000000/S:0.000000 -> real L:4.800000/S:0.000000
[2026-08-31 08:53:31] [TUSK] RECONCILIACIÓN_FANTASMA: SNXXUSDT_LINEAL existe interno pero no en exchange -> reseteando
[2026-08-31 08:53:31] [TUSK] RECONCILIACIÓN_OK: 3 frentes alineados con exchange
[RANGO] ZHIPUUSDT_LINEAL last=146.49 · río=WS · mercado=linear · estado=ACECHANDO · dir=— · 0=143.16 · Oz=— · Red=149.31485184 · manos=ON · pos=flat · latido=1.50s
[RANGO] ZHIPUUSDT_LINEAL last=146.51 · río=WS · mercado=linear · estado=ACECHANDO · dir=— · 0=143.16 · Oz=— · Red=149.31485184 · manos=ON · pos=flat · latido=1.50s
[RANGO] autosello ZHIPU · ACECHANDO · Oz=0.0 link=— · manos_feria_informe.json
[RANGO] ZHIPUUSDT_LINEAL last=146.55 · río=WS · mercado=linear · estado=ACECHANDO · dir=— · 0=143.16 · Oz=— · Red=149.31485184 · manos=ON · pos=flat · latido=1.50s
[RANGO] autosello ZHIPU · ACECHANDO · Oz=0.0 link=— · manos_feria_informe.json
[RANGO] ZHIPUUSDT_LINEAL last=146.53 · río=WS · mercado=linear · estado=ACECHANDO · dir=— · 0=143.16 · Oz=— · Red=149.31485184 · manos=ON · pos=flat · latido=1.50s
[RANGO] ZHIPUUSDT_LINEAL last=146.52 · río=WS · mercado=linear · estado=ACECHANDO · dir=— · 0=143.16 · Oz=— · Red=149.31485184 · manos=ON · pos=flat · latido=1.50s
[RANGO] autosello ZHIPU · ACECHANDO · Oz=0.0 link=— · manos_feria_informe.json
[RANGO] ZHIPUUSDT_LINEAL last=146.55 · río=WS · mercado=linear · estado=ACECHANDO · dir=— · 0=143.16 · Oz=— · Red=149.31485184 · manos=ON · pos=flat · latido=1.50s
[RANGO] autosello ZHIPU · ACECHANDO · Oz=0.0 link=— · manos_feria_informe.json
[RANGO] ZHIPUUSDT_LINEAL last=146.47 · río=ciego/muleta · mercado=linear · estado=ACECHANDO · dir=— · 0=143.16 · Oz=— · Red=149.31485184 · manos=ON · pos=flat · latido=1.50s
[RANGO] ZHIPUUSDT_LINEAL last=146.58 · río=WS · mercado=linear · estado=ACECHANDO · dir=— · 0=143.16 · Oz=— · Red=149.31485184 · manos=ON · pos=flat · latido=1.50s
[RANGO] autosello ZHIPU · ACECHANDO · Oz=0.0 link=— · manos_feria_informe.json
[RANGO] ZHIPUUSDT_LINEAL last=146.64 · río=WS · mercado=linear · estado=ACECHANDO · dir=— · 0=143.16 · Oz=— · Red=149.31485184 · manos=ON · pos=flat · latido=1.50s
[RANGO] autosello ZHIPU · ACECHANDO · Oz=0.0 link=— · manos_feria_informe.json
[RANGO] ZHIPUUSDT_LINEAL last=146.64 · río=WS · mercado=linear · estado=ACECHANDO · dir=— · 0=143.16 · Oz=— · Red=149.31485184 · manos=ON · pos=flat · latido=1.50s
[RANGO] ZHIPUUSDT_LINEAL last=146.62 · río=WS · mercado=linear · estado=ACECHANDO · dir=— · 0=143.16 · Oz=— · Red=149.31485184 · manos=ON · pos=flat · latido=1.50s
[RANGO] autosello ZHIPU · ACECHANDO · Oz=0.0 link=— · manos_feria_informe.json
[RANGO] ZHIPUUSDT_LINEAL last=146.69 · río=WS · mercado=linear · estado=ACECHANDO · dir=— · 0=143.16 · Oz=— · Red=149.31485184 · manos=ON · pos=flat · latido=1.50s
[RANGO] autosello ZHIPU · ACECHANDO · Oz=0.0 link=— · manos_feria_informe.json
[RANGO] ZHIPUUSDT_LINEAL last=146.55 · río=WS · mercado=linear · estado=ACECHANDO · dir=— · 0=143.16 · Oz=— · Red=149.31485184 · manos=ON · pos=flat · latido=1.50s
[RANGO] ZHIPUUSDT_LINEAL last=146.57 · río=WS · mercado=linear · estado=ACECHANDO · dir=— · 0=143.16 · Oz=— · Red=149.31485184 · manos=ON · pos=flat · latido=1.50s
[RANGO] autosello ZHIPU · ACECHANDO · Oz=0.0 link=— · manos_feria_informe.json
[RANGO] ZHIPUUSDT_LINEAL last=146.59 · río=WS · mercado=linear · estado=ACECHANDO · dir=— · 0=143.16 · Oz=— · Red=149.31485184 · manos=ON · pos=flat · latido=1.50s
[RANGO] autosello ZHIPU · ACECHANDO · Oz=0.0 link=— · manos_feria_informe.json
[RANGO] ZHIPUUSDT_LINEAL last=146.68 · río=WS · mercado=linear · estado=ACECHANDO · dir=— · 0=143.16 · Oz=— · Red=149.31485184 · manos=ON · pos=flat · latido=1.50s
[RANGO] ZHIPUUSDT_LINEAL last=146.55 · río=WS · mercado=linear · estado=ACECHANDO · dir=— · 0=143.16 · Oz=— · Red=149.31485184 · manos=ON · pos=flat · latido=1.50s
[RANGO] autosello ZHIPU · ACECHANDO · Oz=0.0 link=— · manos_feria_informe.json
[RANGO] ZHIPUUSDT_LINEAL last=146.48 · río=WS · mercado=linear · estado=ACECHANDO · dir=— · 0=143.16 · Oz=— · Red=149.31485184 · manos=ON · pos=flat · latido=1.50s
[RANGO] autosello ZHIPU · ACECHANDO · Oz=0.0 link=— · manos_feria_informe.json
[2026-08-31 08:56:34] [TUSK] RECONCILIACIÓN: WDCUSDT_LINEAL: interno L:0.000000/S:0.000000 -> real L:0.020000/S:0.000000
[2026-08-31 08:56:34] [TUSK] RECONCILIACIÓN_FANTASMA: LITUSDT_LINEAL existe interno pero no en exchange -> reseteando
[2026-08-31 08:56:34] [TUSK] RECONCILIACIÓN_OK: 2 frentes alineados con exchange
[RANGO] ZHIPUUSDT_LINEAL last=146.54 · río=WS · mercado=linear · estado=ACECHANDO · dir=— · 0=143.16 · Oz=— · Red=149.31485184 · manos=ON · pos=flat · latido=1.50s
[RANGO] ZHIPUUSDT_LINEAL last=146.5 · río=WS · mercado=linear · estado=ACECHANDO · dir=— · 0=143.16 · Oz=— · Red=149.31485184 · manos=ON · pos=flat · latido=1.50s
[RANGO] autosello ZHIPU · ACECHANDO · Oz=0.0 link=— · manos_feria_informe.json
[RANGO] ZHIPUUSDT_LINEAL last=146.47 · río=WS · mercado=linear · estado=ACECHANDO · dir=— · 0=143.16 · Oz=— · Red=149.31485184 · manos=ON · pos=flat · latido=1.50s
[RANGO] autosello ZHIPU · ACECHANDO · Oz=0.0 link=— · manos_feria_informe.json
[RANGO] ZHIPUUSDT_LINEAL last=146.47 · río=WS · mercado=linear · estado=ACECHANDO · dir=— · 0=143.16 · Oz=— · Red=149.31485184 · manos=ON · pos=flat · latido=1.50s
[RANGO] ZHIPUUSDT_LINEAL last=146.47 · río=WS · mercado=linear · estado=ACECHANDO · dir=— · 0=143.16 · Oz=— · Red=149.31485184 · manos=ON · pos=flat · latido=1.50s
[RANGO] autosello ZHIPU · ACECHANDO · Oz=0.0 link=— · manos_feria_informe.json
[RANGO] ZHIPUUSDT_LINEAL last=146.46 · río=WS · mercado=linear · estado=ACECHANDO · dir=— · 0=143.16 · Oz=— · Red=149.31485184 · manos=ON · pos=flat · latido=1.50s
[RANGO] autosello ZHIPU · ACECHANDO · Oz=0.0 link=— · manos_feria_informe.json
[2026-08-31 08:57:35] [TUSK] RECONCILIACIÓN: NEARUSDT_LINEAL: interno L:0.000000/S:0.000000 -> real L:0.000000/S:24.600000
[2026-08-31 08:57:35] [TUSK] RECONCILIACIÓN_FANTASMA: TRBUSDT_LINEAL existe interno pero no en exchange -> reseteando
[2026-08-31 08:57:35] [TUSK] RECONCILIACIÓN_OK: 2 frentes alineados con exchange
[RANGO] ZHIPUUSDT_LINEAL last=146.3 · río=WS · mercado=linear · estado=ACECHANDO · dir=— · 0=143.16 · Oz=— · Red=149.31485184 · manos=ON · pos=flat · latido=1.50s
[RANGO] ZHIPUUSDT_LINEAL last=146.41 · río=WS · mercado=linear · estado=ACECHANDO · dir=— · 0=143.16 · Oz=— · Red=149.31485184 · manos=ON · pos=flat · latido=1.50s
[RANGO] autosello ZHIPU · ACECHANDO · Oz=0.0 link=— · manos_feria_informe.json
[RANGO] ZHIPUUSDT_LINEAL last=146.41 · río=WS · mercado=linear · estado=ACECHANDO · dir=— · 0=143.16 · Oz=— · Red=149.31485184 · manos=ON · pos=flat · latido=1.50s
[RANGO] autosello ZHIPU · ACECHANDO · Oz=0.0 link=— · manos_feria_informe.json
[RANGO] ZHIPUUSDT_LINEAL last=146.31 · río=WS · mercado=linear · estado=ACECHANDO · dir=— · 0=143.16 · Oz=— · Red=149.31485184 · manos=ON · pos=flat · latido=1.50s
[RANGO] ZHIPUUSDT_LINEAL last=146.23 · río=WS · mercado=linear · estado=ACECHANDO · dir=— · 0=143.16 · Oz=— · Red=149.31485184 · manos=ON · pos=flat · latido=1.50s
[RANGO] autosello ZHIPU · ACECHANDO · Oz=0.0 link=— · manos_feria_informe.json
[RANGO] ZHIPUUSDT_LINEAL last=146.55 · río=WS · mercado=linear · estado=ACECHANDO · dir=— · 0=143.16 · Oz=— · Red=149.31485184 · manos=ON · pos=flat · latido=1.50s
[RANGO] autosello ZHIPU · ACECHANDO · Oz=0.0 link=— · manos_feria_informe.json
[RANGO] ZHIPUUSDT_LINEAL last=146.53 · río=WS · mercado=linear · estado=ACECHANDO · dir=— · 0=143.16 · Oz=— · Red=149.31485184 · manos=ON · pos=flat · latido=1.50s
[RANGO] ZHIPUUSDT_LINEAL last=146.5 · río=WS · mercado=linear · estado=ACECHANDO · dir=— · 0=143.16 · Oz=— · Red=149.31485184 · manos=ON · pos=flat · latido=1.50s
[RANGO] autosello ZHIPU · ACECHANDO · Oz=0.0 link=— · manos_feria_informe.json
[RANGO] ZHIPUUSDT_LINEAL last=146.49 · río=WS · mercado=linear · estado=ACECHANDO · dir=— · 0=143.16 · Oz=— · Red=149.31485184 · manos=ON · pos=flat · latido=1.50s
[RANGO] autosello ZHIPU · ACECHANDO · Oz=0.0 link=— · manos_feria_informe.json
[RANGO] ZHIPUUSDT_LINEAL last=146.49 · río=WS · mercado=linear · estado=ACECHANDO · dir=— · 0=143.16 · Oz=— · Red=149.31485184 · manos=ON · pos=flat · latido=1.50s
[RANGO] ZHIPUUSDT_LINEAL last=146.42 · río=WS · mercado=linear · estado=ACECHANDO · dir=— · 0=143.16 · Oz=— · Red=149.31485184 · manos=ON · pos=flat · latido=1.50s
[RANGO] autosello ZHIPU · ACECHANDO · Oz=0.0 link=— · manos_feria_informe.json
[RANGO] ZHIPUUSDT_LINEAL last=146.48 · río=WS · mercado=linear · estado=ACECHANDO · dir=— · 0=143.16 · Oz=— · Red=149.31485184 · manos=ON · pos=flat · latido=1.50s
[RANGO] autosello ZHIPU · ACECHANDO · Oz=0.0 link=— · manos_feria_informe.json
[RANGO] ZHIPUUSDT_LINEAL last=146.33 · río=WS · mercado=linear · estado=ACECHANDO · dir=— · 0=143.16 · Oz=— · Red=149.31485184 · manos=ON · pos=flat · latido=1.50s
[RANGO] ZHIPUUSDT_LINEAL last=146.46 · río=WS · mercado=linear · estado=ACECHANDO · dir=— · 0=143.16 · Oz=— · Red=149.31485184 · manos=ON · pos=flat · latido=1.50s
[RANGO] autosello ZHIPU · ACECHANDO · Oz=0.0 link=— · manos_feria_informe.json
[RANGO] ZHIPUUSDT_LINEAL last=146.67 · río=ciego/muleta · mercado=linear · estado=ACECHANDO · dir=— · 0=143.16 · Oz=— · Red=149.31485184 · manos=ON · pos=flat · latido=1.50s
[RANGO] autosello ZHIPU · ACECHANDO · Oz=0.0 link=— · manos_feria_informe.json
[RANGO] ZHIPUUSDT_LINEAL last=146.67 · río=ciego/muleta · mercado=linear · estado=ACECHANDO · dir=— · 0=143.16 · Oz=— · Red=149.31485184 · manos=ON · pos=flat · latido=1.50s
[RANGO] autosello ZHIPU · ACECHANDO · Oz=0.0 link=— · manos_feria_informe.json
[RANGO] ZHIPUUSDT_LINEAL last=146.33 · río=WS · mercado=linear · estado=ACECHANDO · dir=— · 0=143.16 · Oz=— · Red=149.31485184 · manos=ON · pos=flat · latido=1.50s
[RANGO] ZHIPUUSDT_LINEAL last=146.39 · río=WS · mercado=linear · estado=ACECHANDO · dir=— · 0=143.16 · Oz=— · Red=149.31485184 · manos=ON · pos=flat · latido=1.50s
[RANGO] autosello ZHIPU · ACECHANDO · Oz=0.0 link=— · manos_feria_informe.json
[RANGO] ZHIPUUSDT_LINEAL last=146.46 · río=WS · mercado=linear · estado=ACECHANDO · dir=— · 0=143.16 · Oz=— · Red=149.31485184 · manos=ON · pos=flat · latido=1.50s
[2026-08-31 09:00:38] [TUSK] RECONCILIACIÓN: COTIUSDT_LINEAL: interno L:0.000000/S:0.000000 -> real L:1588.000000/S:0.000000
[2026-08-31 09:00:38] [TUSK] RECONCILIACIÓN_FANTASMA: PURRUSDT_LINEAL existe interno pero no en exchange -> reseteando
[2026-08-31 09:00:38] [TUSK] RECONCILIACIÓN_OK: 2 frentes alineados con exchange
[RANGO] autosello ZHIPU · ACECHANDO · Oz=0.0 link=— · manos_feria_informe.json
[RANGO] ZHIPUUSDT_LINEAL last=146.37 · río=WS · mercado=linear · estado=ACECHANDO · dir=— · 0=143.16 · Oz=— · Red=149.31485184 · manos=ON · pos=flat · latido=1.50s
[RANGO] ZHIPUUSDT_LINEAL last=146.36 · río=WS · mercado=linear · estado=ACECHANDO · dir=— · 0=143.16 · Oz=— · Red=149.31485184 · manos=ON · pos=flat · latido=1.50s
[RANGO] autosello ZHIPU · ACECHANDO · Oz=0.0 link=— · manos_feria_informe.json
[RANGO] ZHIPUUSDT_LINEAL last=146.67 · río=ciego/muleta · mercado=linear · estado=ACECHANDO · dir=— · 0=143.16 · Oz=— · Red=149.31485184 · manos=ON · pos=flat · latido=1.50s
[RANGO] autosello ZHIPU · ACECHANDO · Oz=0.0 link=— · manos_feria_informe.json
[RANGO] ZHIPUUSDT_LINEAL last=146.38 · río=WS · mercado=linear · estado=ACECHANDO · dir=— · 0=143.16 · Oz=— · Red=149.31485184 · manos=ON · pos=flat · latido=1.50s
[RANGO] ZHIPUUSDT_LINEAL last=146.52 · río=WS · mercado=linear · estado=ACECHANDO · dir=— · 0=143.16 · Oz=— · Red=149.31485184 · manos=ON · pos=flat · latido=1.50s
[RANGO] autosello ZHIPU · ACECHANDO · Oz=0.0 link=— · manos_feria_informe.json
[RANGO] ZHIPUUSDT_LINEAL last=146.26 · río=WS · mercado=linear · estado=ACECHANDO · dir=— · 0=143.16 · Oz=— · Red=149.31485184 · manos=ON · pos=flat · latido=1.50s
[RANGO] autosello ZHIPU · ACECHANDO · Oz=0.0 link=— · manos_feria_informe.json
[RANGO] ZHIPUUSDT_LINEAL last=146.49 · río=WS · mercado=linear · estado=ACECHANDO · dir=— · 0=143.16 · Oz=— · Red=149.31485184 · manos=ON · pos=flat · latido=1.50s
[RANGO] ZHIPUUSDT_LINEAL last=146.28 · río=WS · mercado=linear · estado=ACECHANDO · dir=— · 0=143.16 · Oz=— · Red=149.31485184 · manos=ON · pos=flat · latido=1.50s
[RANGO] autosello ZHIPU · ACECHANDO · Oz=0.0 link=— · manos_feria_informe.json
[RANGO] ZHIPUUSDT_LINEAL last=146.37 · río=ciego/muleta · mercado=linear · estado=ACECHANDO · dir=— · 0=143.16 · Oz=— · Red=149.31485184 · manos=ON · pos=flat · latido=1.50s
[RANGO] autosello ZHIPU · ACECHANDO · Oz=0.0 link=— · manos_feria_informe.json
[RANGO] ZHIPUUSDT_LINEAL last=146.26 · río=WS · mercado=linear · estado=ACECHANDO · dir=— · 0=143.16 · Oz=— · Red=149.31485184 · manos=ON · pos=flat · latido=1.50s
[RANGO] ZHIPUUSDT_LINEAL last=146.26 · río=WS · mercado=linear · estado=ACECHANDO · dir=— · 0=143.16 · Oz=— · Red=149.31485184 · manos=ON · pos=flat · latido=1.50s
[RANGO] autosello ZHIPU · ACECHANDO · Oz=0.0 link=— · manos_feria_informe.json
[RANGO] ZHIPUUSDT_LINEAL last=146.47 · río=WS · mercado=linear · estado=ACECHANDO · dir=— · 0=143.16 · Oz=— · Red=149.31485184 · manos=ON · pos=flat · latido=1.50s
[RANGO] autosello ZHIPU · ACECHANDO · Oz=0.0 link=— · manos_feria_informe.json
[RANGO] ZHIPUUSDT_LINEAL last=146.55 · río=WS · mercado=linear · estado=ACECHANDO · dir=— · 0=143.16 · Oz=— · Red=149.31485184 · manos=ON · pos=flat · latido=1.50s
[RANGO] ZHIPUUSDT_LINEAL last=146.41 · río=WS · mercado=linear · estado=ACECHANDO · dir=— · 0=143.16 · Oz=— · Red=149.31485184 · manos=ON · pos=flat · latido=1.50s
[RANGO] autosello ZHIPU · ACECHANDO · Oz=0.0 link=— · manos_feria_informe.json
[RANGO] ZHIPUUSDT_LINEAL last=146.44 · río=WS · mercado=linear · estado=ACECHANDO · dir=— · 0=143.16 · Oz=— · Red=149.31485184 · manos=ON · pos=flat · latido=1.50s
[RANGO] autosello ZHIPU · ACECHANDO · Oz=0.0 link=— · manos_feria_informe.json
[RANGO] ZHIPUUSDT_LINEAL last=146.42 · río=WS · mercado=linear · estado=ACECHANDO · dir=— · 0=143.16 · Oz=— · Red=149.31485184 · manos=ON · pos=flat · latido=1.50s
[RANGO] ZHIPUUSDT_LINEAL last=146.54 · río=WS · mercado=linear · estado=ACECHANDO · dir=— · 0=143.16 · Oz=— · Red=149.31485184 · manos=ON · pos=flat · latido=1.50s
[RANGO] autosello ZHIPU · ACECHANDO · Oz=0.0 link=— · manos_feria_informe.json
[RANGO] ZHIPUUSDT_LINEAL last=146.57 · río=WS · mercado=linear · estado=ACECHANDO · dir=— · 0=143.16 · Oz=— · Red=149.31485184 · manos=ON · pos=flat · latido=1.50s
[2026-08-31 09:03:41] [TUSK] RECONCILIACIÓN: INTWUSDT_LINEAL: interno L:0.000000/S:0.000000 -> real L:2.400000/S:0.000000
[2026-08-31 09:03:41] [TUSK] RECONCILIACIÓN_FANTASMA: CRCLUSDT_LINEAL existe interno pero no en exchange -> reseteando
[2026-08-31 09:03:41] [TUSK] RECONCILIACIÓN_OK: 2 frentes alineados con exchange
[RANGO] autosello ZHIPU · ACECHANDO · Oz=0.0 link=— · manos_feria_informe.json
[RANGO] ZHIPUUSDT_LINEAL last=146.55 · río=WS · mercado=linear · estado=ACECHANDO · dir=— · 0=143.16 · Oz=— · Red=149.31485184 · manos=ON · pos=flat · latido=1.50s
[RANGO] ZHIPUUSDT_LINEAL last=146.52 · río=WS · mercado=linear · estado=ACECHANDO · dir=— · 0=143.16 · Oz=— · Red=149.31485184 · manos=ON · pos=flat · latido=1.50s
[RANGO] autosello ZHIPU · ACECHANDO · Oz=0.0 link=— · manos_feria_informe.json
[RANGO] ZHIPUUSDT_LINEAL last=146.59 · río=WS · mercado=linear · estado=ACECHANDO · dir=— · 0=143.16 · Oz=— · Red=149.31485184 · manos=ON · pos=flat · latido=1.50s
[RANGO] autosello ZHIPU · ACECHANDO · Oz=0.0 link=— · manos_feria_informe.json
[RANGO] ZHIPUUSDT_LINEAL last=146.48 · río=WS · mercado=linear · estado=ACECHANDO · dir=— · 0=143.16 · Oz=— · Red=149.31485184 · manos=ON · pos=flat · latido=1.50s
[RANGO] ZHIPUUSDT_LINEAL last=146.55 · río=WS · mercado=linear · estado=ACECHANDO · dir=— · 0=143.16 · Oz=— · Red=149.31485184 · manos=ON · pos=flat · latido=1.50s
[RANGO] autosello ZHIPU · ACECHANDO · Oz=0.0 link=— · manos_feria_informe.json
[RANGO] ZHIPUUSDT_LINEAL last=146.44 · río=WS · mercado=linear · estado=ACECHANDO · dir=— · 0=143.16 · Oz=— · Red=149.31485184 · manos=ON · pos=flat · latido=1.50s
[2026-08-31 09:04:42] [TUSK] RECONCILIACIÓN: BSPUSDT_LINEAL: interno L:0.440000/S:0.000000 -> real L:0.560000/S:0.000000
[2026-08-31 09:04:42] [TUSK] RECONCILIACIÓN: CRCLUSDT_LINEAL: interno L:0.000000/S:0.000000 -> real L:0.350000/S:0.000000
[2026-08-31 09:04:42] [TUSK] RECONCILIACIÓN: DASHUSDT_LINEAL: interno L:0.000000/S:0.000000 -> real L:0.000000/S:0.340000
[2026-08-31 09:04:42] [TUSK] RECONCILIACIÓN_FANTASMA: KSMUSDT_LINEAL existe interno pero no en exchange -> reseteando
[2026-08-31 09:04:42] [TUSK] RECONCILIACIÓN_FANTASMA: APRUSDT_LINEAL existe interno pero no en exchange -> reseteando
[2026-08-31 09:04:42] [TUSK] RECONCILIACIÓN_OK: 5 frentes alineados con exchange
[RANGO] autosello ZHIPU · ACECHANDO · Oz=0.0 link=— · manos_feria_informe.json
[RANGO] ZHIPUUSDT_LINEAL last=146.52 · río=WS · mercado=linear · estado=ACECHANDO · dir=— · 0=143.16 · Oz=— · Red=149.31485184 · manos=ON · pos=flat · latido=1.50s
[RANGO] ZHIPUUSDT_LINEAL last=146.4 · río=WS · mercado=linear · estado=ACECHANDO · dir=— · 0=143.16 · Oz=— · Red=149.31485184 · manos=ON · pos=flat · latido=1.50s
[RANGO] autosello ZHIPU · ACECHANDO · Oz=0.0 link=— · manos_feria_informe.json
[RANGO] ZHIPUUSDT_LINEAL last=146.52 · río=ciego/muleta · mercado=linear · estado=ACECHANDO · dir=— · 0=143.16 · Oz=— · Red=149.31485184 · manos=ON · pos=flat · latido=1.50s
[RANGO] autosello ZHIPU · ACECHANDO · Oz=0.0 link=— · manos_feria_informe.json
[RANGO] ZHIPUUSDT_LINEAL last=146.52 · río=WS · mercado=linear · estado=ACECHANDO · dir=— · 0=143.16 · Oz=— · Red=149.31485184 · manos=ON · pos=flat · latido=1.50s
[RANGO] ZHIPUUSDT_LINEAL last=146.51 · río=WS · mercado=linear · estado=ACECHANDO · dir=— · 0=143.16 · Oz=— · Red=149.31485184 · manos=ON · pos=flat · latido=1.50s
[RANGO] autosello ZHIPU · ACECHANDO · Oz=0.0 link=— · manos_feria_informe.json
[RANGO] ZHIPUUSDT_LINEAL last=146.5 · río=WS · mercado=linear · estado=ACECHANDO · dir=— · 0=143.16 · Oz=— · Red=149.31485184 · manos=ON · pos=flat · latido=1.50s
[2026-08-31 09:05:44] [TUSK] RECONCILIACIÓN: AAOIUSDT_LINEAL: interno L:0.000000/S:0.000000 -> real L:0.480000/S:0.000000
[2026-08-31 09:05:44] [TUSK] RECONCILIACIÓN_FANTASMA: ZKPUSDT_LINEAL existe interno pero no en exchange -> reseteando
[2026-08-31 09:05:44] [TUSK] RECONCILIACIÓN_OK: 2 frentes alineados con exchange
[RANGO] autosello ZHIPU · ACECHANDO · Oz=0.0 link=— · manos_feria_informe.json
[RANGO] ZHIPUUSDT_LINEAL last=146.48 · río=WS · mercado=linear · estado=ACECHANDO · dir=— · 0=143.16 · Oz=— · Red=149.31485184 · manos=ON · pos=flat · latido=1.50s
[RANGO] ZHIPUUSDT_LINEAL last=146.46 · río=WS · mercado=linear · estado=ACECHANDO · dir=— · 0=143.16 · Oz=— · Red=149.31485184 · manos=ON · pos=flat · latido=1.50s
[RANGO] autosello ZHIPU · ACECHANDO · Oz=0.0 link=— · manos_feria_informe.json
[RANGO] ZHIPUUSDT_LINEAL last=146.43 · río=WS · mercado=linear · estado=ACECHANDO · dir=— · 0=143.16 · Oz=— · Red=149.31485184 · manos=ON · pos=flat · latido=1.50s
[RANGO] autosello ZHIPU · ACECHANDO · Oz=0.0 link=— · manos_feria_informe.json
[RANGO] ZHIPUUSDT_LINEAL last=146.5 · río=WS · mercado=linear · estado=ACECHANDO · dir=— · 0=143.16 · Oz=— · Red=149.31485184 · manos=ON · pos=flat · latido=1.50s
[RANGO] ZHIPUUSDT_LINEAL last=146.32 · río=WS · mercado=linear · estado=ACECHANDO · dir=— · 0=143.16 · Oz=— · Red=149.31485184 · manos=ON · pos=flat · latido=1.50s
[RANGO] autosello ZHIPU · ACECHANDO · Oz=0.0 link=— · manos_feria_informe.json
[RANGO] ZHIPUUSDT_LINEAL last=146.3 · río=WS · mercado=linear · estado=ACECHANDO · dir=— · 0=143.16 · Oz=— · Red=149.31485184 · manos=ON · pos=flat · latido=1.50s
[2026-08-31 09:06:45] [TUSK] RECONCILIACIÓN: CRVUSDT_LINEAL: interno L:4.800000/S:0.000000 -> real L:0.000000/S:14.500000
[2026-08-31 09:06:45] [TUSK] RECONCILIACIÓN_OK: 1 frentes alineados con exchange
[RANGO] autosello ZHIPU · ACECHANDO · Oz=0.0 link=— · manos_feria_informe.json
[RANGO] ZHIPUUSDT_LINEAL last=146.32 · río=ciego/muleta · mercado=linear · estado=ACECHANDO · dir=— · 0=143.16 · Oz=— · Red=149.31485184 · manos=ON · pos=flat · latido=1.50s
[RANGO] autosello ZHIPU · ACECHANDO · Oz=0.0 link=— · manos_feria_informe.json
[RANGO] ZHIPUUSDT_LINEAL last=146.4 · río=WS · mercado=linear · estado=ACECHANDO · dir=— · 0=143.16 · Oz=— · Red=149.31485184 · manos=ON · pos=flat · latido=1.50s
[RANGO] ZHIPUUSDT_LINEAL last=146.25 · río=WS · mercado=linear · estado=ACECHANDO · dir=— · 0=143.16 · Oz=— · Red=149.31485184 · manos=ON · pos=flat · latido=1.50s
[RANGO] autosello ZHIPU · ACECHANDO · Oz=0.0 link=— · manos_feria_informe.json
[RANGO] ZHIPUUSDT_LINEAL last=146.25 · río=WS · mercado=linear · estado=ACECHANDO · dir=— · 0=143.16 · Oz=— · Red=149.31485184 · manos=ON · pos=flat · latido=1.50s
[RANGO] autosello ZHIPU · ACECHANDO · Oz=0.0 link=— · manos_feria_informe.json
[RANGO] ZHIPUUSDT_LINEAL last=146.24 · río=WS · mercado=linear · estado=ACECHANDO · dir=— · 0=143.16 · Oz=— · Red=149.31485184 · manos=ON · pos=flat · latido=1.50s
[RANGO] ZHIPUUSDT_LINEAL last=146.21 · río=WS · mercado=linear · estado=ACECHANDO · dir=— · 0=143.16 · Oz=— · Red=149.31485184 · manos=ON · pos=flat · latido=1.50s
[RANGO] autosello ZHIPU · ACECHANDO · Oz=0.0 link=— · manos_feria_informe.json
[2026-08-31 09:07:47] [TUSK] RECONCILIACIÓN: PLTRUSDT_LINEAL: interno L:0.000000/S:0.000000 -> real L:0.030000/S:0.000000
[2026-08-31 09:07:47] [TUSK] RECONCILIACIÓN_FANTASMA: POWERUSDT_LINEAL existe interno pero no en exchange -> reseteando
[2026-08-31 09:07:47] [TUSK] RECONCILIACIÓN_OK: 2 frentes alineados con exchange
[RANGO] ZHIPUUSDT_LINEAL last=146.24 · río=WS · mercado=linear · estado=ACECHANDO · dir=— · 0=143.16 · Oz=— · Red=149.31485184 · manos=ON · pos=flat · latido=1.50s
[RANGO] autosello ZHIPU · ACECHANDO · Oz=0.0 link=— · manos_feria_informe.json
[RANGO] ZHIPUUSDT_LINEAL last=146.22 · río=WS · mercado=linear · estado=ACECHANDO · dir=— · 0=143.16 · Oz=— · Red=149.31485184 · manos=ON · pos=flat · latido=1.50s
[RANGO] ZHIPUUSDT_LINEAL last=146.36 · río=WS · mercado=linear · estado=ACECHANDO · dir=— · 0=143.16 · Oz=— · Red=149.31485184 · manos=ON · pos=flat · latido=1.50s
[RANGO] autosello ZHIPU · ACECHANDO · Oz=0.0 link=— · manos_feria_informe.json
[RANGO] ZHIPUUSDT_LINEAL last=146.35 · río=WS · mercado=linear · estado=ACECHANDO · dir=— · 0=143.16 · Oz=— · Red=149.31485184 · manos=ON · pos=flat · latido=1.50s
[RANGO] autosello ZHIPU · ACECHANDO · Oz=0.0 link=— · manos_feria_informe.json
[RANGO] ZHIPUUSDT_LINEAL last=146.29 · río=WS · mercado=linear · estado=ACECHANDO · dir=— · 0=143.16 · Oz=— · Red=149.31485184 · manos=ON · pos=flat · latido=1.50s
[RANGO] ZHIPUUSDT_LINEAL last=146.28 · río=WS · mercado=linear · estado=ACECHANDO · dir=— · 0=143.16 · Oz=— · Red=149.31485184 · manos=ON · pos=flat · latido=1.50s
[RANGO] autosello ZHIPU · ACECHANDO · Oz=0.0 link=— · manos_feria_informe.json
[2026-08-31 09:08:48] [TUSK] RECONCILIACIÓN: LITUSDT_LINEAL: interno L:0.000000/S:0.000000 -> real L:0.000000/S:22.200000
[2026-08-31 09:08:48] [TUSK] RECONCILIACIÓN_FANTASMA: CRDOUSDT_LINEAL existe interno pero no en exchange -> reseteando
[2026-08-31 09:08:48] [TUSK] RECONCILIACIÓN_OK: 2 frentes alineados con exchange
[RANGO] ZHIPUUSDT_LINEAL last=146.32 · río=WS · mercado=linear · estado=ACECHANDO · dir=— · 0=143.16 · Oz=— · Red=149.31485184 · manos=ON · pos=flat · latido=1.50s
[RANGO] autosello ZHIPU · ACECHANDO · Oz=0.0 link=— · manos_feria_informe.json
[RANGO] ZHIPUUSDT_LINEAL last=146.31 · río=WS · mercado=linear · estado=ACECHANDO · dir=— · 0=143.16 · Oz=— · Red=149.31485184 · manos=ON · pos=flat · latido=1.50s
[RANGO] ZHIPUUSDT_LINEAL last=146.18 · río=WS · mercado=linear · estado=ACECHANDO · dir=— · 0=143.16 · Oz=— · Red=149.31485184 · manos=ON · pos=flat · latido=1.50s
[RANGO] autosello ZHIPU · ACECHANDO · Oz=0.0 link=— · manos_feria_informe.json
[RANGO] ZHIPUUSDT_LINEAL last=146.29 · río=WS · mercado=linear · estado=ACECHANDO · dir=— · 0=143.16 · Oz=— · Red=149.31485184 · manos=ON · pos=flat · latido=1.50s
[RANGO] autosello ZHIPU · ACECHANDO · Oz=0.0 link=— · manos_feria_informe.json
[RANGO] ZHIPUUSDT_LINEAL last=146.08 · río=WS · mercado=linear · estado=ACECHANDO · dir=— · 0=143.16 · Oz=— · Red=149.31485184 · manos=ON · pos=flat · latido=1.50s
[RANGO] ZHIPUUSDT_LINEAL last=146.16 · río=WS · mercado=linear · estado=ACECHANDO · dir=— · 0=143.16 · Oz=— · Red=149.31485184 · manos=ON · pos=flat · latido=1.50s
[RANGO] autosello ZHIPU · ACECHANDO · Oz=0.0 link=— · manos_feria_informe.json
[2026-08-31 09:09:49] [TUSK] RECONCILIACIÓN: APRUSDT_LINEAL: interno L:0.000000/S:0.000000 -> real L:73.000000/S:0.000000
[2026-08-31 09:09:49] [TUSK] RECONCILIACIÓN_FANTASMA: TSEMUSDT_LINEAL existe interno pero no en exchange -> reseteando
[2026-08-31 09:09:49] [TUSK] RECONCILIACIÓN_OK: 2 frentes alineados con exchange
[RANGO] ZHIPUUSDT_LINEAL last=146.18 · río=WS · mercado=linear · estado=ACECHANDO · dir=— · 0=143.16 · Oz=— · Red=149.31485184 · manos=ON · pos=flat · latido=1.50s
[RANGO] autosello ZHIPU · ACECHANDO · Oz=0.0 link=— · manos_feria_informe.json
[RANGO] ZHIPUUSDT_LINEAL last=146.2 · río=WS · mercado=linear · estado=ACECHANDO · dir=— · 0=143.16 · Oz=— · Red=149.31485184 · manos=ON · pos=flat · latido=1.50s
[RANGO] ZHIPUUSDT_LINEAL last=146.05 · río=WS · mercado=linear · estado=ACECHANDO · dir=— · 0=143.16 · Oz=— · Red=149.31485184 · manos=ON · pos=flat · latido=1.50s
[RANGO] autosello ZHIPU · ACECHANDO · Oz=0.0 link=— · manos_feria_informe.json
[RANGO] ZHIPUUSDT_LINEAL last=146.23 · río=WS · mercado=linear · estado=ACECHANDO · dir=— · 0=143.16 · Oz=— · Red=149.31485184 · manos=ON · pos=flat · latido=1.50s
[RANGO] autosello ZHIPU · ACECHANDO · Oz=0.0 link=— · manos_feria_informe.json
[RANGO] ZHIPUUSDT_LINEAL last=146.1 · río=WS · mercado=linear · estado=ACECHANDO · dir=— · 0=143.16 · Oz=— · Red=149.31485184 · manos=ON · pos=flat · latido=1.50s
[RANGO] ZHIPUUSDT_LINEAL last=146.17 · río=WS · mercado=linear · estado=ACECHANDO · dir=— · 0=143.16 · Oz=— · Red=149.31485184 · manos=ON · pos=flat · latido=1.50s
[RANGO] autosello ZHIPU · ACECHANDO · Oz=0.0 link=— · manos_feria_informe.json
[2026-08-31 09:10:50] [TUSK] RECONCILIACIÓN: SOXLUSDT_LINEAL: interno L:0.000000/S:0.000000 -> real L:0.180000/S:0.000000
[2026-08-31 09:10:50] [TUSK] RECONCILIACIÓN: TRBUSDT_LINEAL: interno L:0.000000/S:0.000000 -> real L:5.240000/S:0.000000
[2026-08-31 09:10:50] [TUSK] RECONCILIACIÓN_FANTASMA: UNIUSDT_LINEAL existe interno pero no en exchange -> reseteando
[2026-08-31 09:10:50] [TUSK] RECONCILIACIÓN_FANTASMA: FLNCUSDT_LINEAL existe interno pero no en exchange -> reseteando
[2026-08-31 09:10:50] [TUSK] RECONCILIACIÓN_OK: 4 frentes alineados con exchange
[RANGO] ZHIPUUSDT_LINEAL last=146.13 · río=WS · mercado=linear · estado=ACECHANDO · dir=— · 0=143.16 · Oz=— · Red=149.31485184 · manos=ON · pos=flat · latido=1.50s
[RANGO] autosello ZHIPU · ACECHANDO · Oz=0.0 link=— · manos_feria_informe.json
[RANGO] ZHIPUUSDT_LINEAL last=146.19 · río=WS · mercado=linear · estado=ACECHANDO · dir=— · 0=143.16 · Oz=— · Red=149.31485184 · manos=ON · pos=flat · latido=1.50s
[RANGO] ZHIPUUSDT_LINEAL last=146.2 · río=WS · mercado=linear · estado=ACECHANDO · dir=— · 0=143.16 · Oz=— · Red=149.31485184 · manos=ON · pos=flat · latido=1.50s
[RANGO] autosello ZHIPU · ACECHANDO · Oz=0.0 link=— · manos_feria_informe.json
[RANGO] ZHIPUUSDT_LINEAL last=146.13 · río=WS · mercado=linear · estado=ACECHANDO · dir=— · 0=143.16 · Oz=— · Red=149.31485184 · manos=ON · pos=flat · latido=1.50s
[RANGO] autosello ZHIPU · ACECHANDO · Oz=0.0 link=— · manos_feria_informe.json
[RANGO] ZHIPUUSDT_LINEAL last=146.29 · río=WS · mercado=linear · estado=ACECHANDO · dir=— · 0=143.16 · Oz=— · Red=149.31485184 · manos=ON · pos=flat · latido=1.50s
[RANGO] ZHIPUUSDT_LINEAL last=146.28 · río=WS · mercado=linear · estado=ACECHANDO · dir=— · 0=143.16 · Oz=— · Red=149.31485184 · manos=ON · pos=flat · latido=1.50s
[RANGO] autosello ZHIPU · ACECHANDO · Oz=0.0 link=— · manos_feria_informe.json
[2026-08-31 09:11:51] [TUSK] RECONCILIACIÓN: KSMUSDT_LINEAL: interno L:0.000000/S:0.000000 -> real L:13.470000/S:0.000000
[2026-08-31 09:11:51] [TUSK] RECONCILIACIÓN_FANTASMA: NILUSDT_LINEAL existe interno pero no en exchange -> reseteando
[2026-08-31 09:11:51] [TUSK] RECONCILIACIÓN_OK: 2 frentes alineados con exchange
[RANGO] ZHIPUUSDT_LINEAL last=146.41 · río=WS · mercado=linear · estado=ACECHANDO · dir=— · 0=143.16 · Oz=— · Red=149.31485184 · manos=ON · pos=flat · latido=1.50s
[RANGO] autosello ZHIPU · ACECHANDO · Oz=0.0 link=— · manos_feria_informe.json
[RANGO] ZHIPUUSDT_LINEAL last=146.44 · río=WS · mercado=linear · estado=ACECHANDO · dir=— · 0=143.16 · Oz=— · Red=149.31485184 · manos=ON · pos=flat · latido=1.50s
[RANGO] ZHIPUUSDT_LINEAL last=146.27 · río=WS · mercado=linear · estado=ACECHANDO · dir=— · 0=143.16 · Oz=— · Red=149.31485184 · manos=ON · pos=flat · latido=1.50s
[RANGO] autosello ZHIPU · ACECHANDO · Oz=0.0 link=— · manos_feria_informe.json
[RANGO] ZHIPUUSDT_LINEAL last=146.26 · río=WS · mercado=linear · estado=ACECHANDO · dir=— · 0=143.16 · Oz=— · Red=149.31485184 · manos=ON · pos=flat · latido=1.50s
[RANGO] autosello ZHIPU · ACECHANDO · Oz=0.0 link=— · manos_feria_informe.json
[RANGO] ZHIPUUSDT_LINEAL last=146.31 · río=WS · mercado=linear · estado=ACECHANDO · dir=— · 0=143.16 · Oz=— · Red=149.31485184 · manos=ON · pos=flat · latido=1.50s
[RANGO] ZHIPUUSDT_LINEAL last=146.36 · río=WS · mercado=linear · estado=ACECHANDO · dir=— · 0=143.16 · Oz=— · Red=149.31485184 · manos=ON · pos=flat · latido=1.50s
[RANGO] autosello ZHIPU · ACECHANDO · Oz=0.0 link=— · manos_feria_informe.json
[RANGO] ZHIPUUSDT_LINEAL last=146.29 · río=WS · mercado=linear · estado=ACECHANDO · dir=— · 0=143.16 · Oz=— · Red=149.31485184 · manos=ON · pos=flat · latido=1.50s
[2026-08-31 09:12:52] [TUSK] RECONCILIACIÓN: POWERUSDT_LINEAL: interno L:0.000000/S:0.000000 -> real L:0.000000/S:173.000000
[2026-08-31 09:12:52] [TUSK] RECONCILIACIÓN: SOXSUSDT_LINEAL: interno L:0.000000/S:0.000000 -> real L:0.000000/S:0.450000
[2026-08-31 09:12:52] [TUSK] RECONCILIACIÓN: AEHRUSDT_LINEAL: interno L:0.000000/S:0.000000 -> real L:0.230000/S:0.000000
[2026-08-31 09:12:52] [TUSK] RECONCILIACIÓN_FANTASMA: SAMSUNGUSDT_LINEAL existe interno pero no en exchange -> reseteando
[2026-08-31 09:12:52] [TUSK] RECONCILIACIÓN_FANTASMA: MORPHOUSDT_LINEAL existe interno pero no en exchange -> reseteando
[2026-08-31 09:12:52] [TUSK] RECONCILIACIÓN_FANTASMA: NEARUSDT_LINEAL existe interno pero no en exchange -> reseteando
[2026-08-31 09:12:52] [TUSK] RECONCILIACIÓN_OK: 6 frentes alineados con exchange
[RANGO] autosello ZHIPU · ACECHANDO · Oz=0.0 link=— · manos_feria_informe.json
[RANGO] ZHIPUUSDT_LINEAL last=146.31 · río=WS · mercado=linear · estado=ACECHANDO · dir=— · 0=143.16 · Oz=— · Red=149.31485184 · manos=ON · pos=flat · latido=1.50s
[RANGO] ZHIPUUSDT_LINEAL last=146.28 · río=WS · mercado=linear · estado=ACECHANDO · dir=— · 0=143.16 · Oz=— · Red=149.31485184 · manos=ON · pos=flat · latido=1.50s
[RANGO] autosello ZHIPU · ACECHANDO · Oz=0.0 link=— · manos_feria_informe.json
[RANGO] ZHIPUUSDT_LINEAL last=146.17 · río=WS · mercado=linear · estado=ACECHANDO · dir=— · 0=143.16 · Oz=— · Red=149.31485184 · manos=ON · pos=flat · latido=1.50s
[RANGO] autosello ZHIPU · ACECHANDO · Oz=0.0 link=— · manos_feria_informe.json
[RANGO] ZHIPUUSDT_LINEAL last=146.1 · río=WS · mercado=linear · estado=ACECHANDO · dir=— · 0=143.16 · Oz=— · Red=149.31485184 · manos=ON · pos=flat · latido=1.50s
[RANGO] ZHIPUUSDT_LINEAL last=146.14 · río=WS · mercado=linear · estado=ACECHANDO · dir=— · 0=143.16 · Oz=— · Red=149.31485184 · manos=ON · pos=flat · latido=1.50s
[RANGO] autosello ZHIPU · ACECHANDO · Oz=0.0 link=— · manos_feria_informe.json
[RANGO] ZHIPUUSDT_LINEAL last=146.2 · río=WS · mercado=linear · estado=ACECHANDO · dir=— · 0=143.16 · Oz=— · Red=149.31485184 · manos=ON · pos=flat · latido=1.50s
[2026-08-31 09:13:53] [TUSK] RECONCILIACIÓN: ARMUSDT_LINEAL: interno L:0.000000/S:0.000000 -> real L:0.450000/S:0.000000
[2026-08-31 09:13:53] [TUSK] RECONCILIACIÓN_FANTASMA: WDCUSDT_LINEAL existe interno pero no en exchange -> reseteando
[2026-08-31 09:13:53] [TUSK] RECONCILIACIÓN_OK: 2 frentes alineados con exchange
[RANGO] autosello ZHIPU · ACECHANDO · Oz=0.0 link=— · manos_feria_informe.json
[RANGO] ZHIPUUSDT_LINEAL last=146.21 · río=WS · mercado=linear · estado=ACECHANDO · dir=— · 0=143.16 · Oz=— · Red=149.31485184 · manos=ON · pos=flat · latido=1.50s
[RANGO] ZHIPUUSDT_LINEAL last=146.28 · río=WS · mercado=linear · estado=ACECHANDO · dir=— · 0=143.16 · Oz=— · Red=149.31485184 · manos=ON · pos=flat · latido=1.50s
[RANGO] autosello ZHIPU · ACECHANDO · Oz=0.0 link=— · manos_feria_informe.json
[RANGO] ZHIPUUSDT_LINEAL last=146.31 · río=WS · mercado=linear · estado=ACECHANDO · dir=— · 0=143.16 · Oz=— · Red=149.31485184 · manos=ON · pos=flat · latido=1.50s
[RANGO] autosello ZHIPU · ACECHANDO · Oz=0.0 link=— · manos_feria_informe.json
[RANGO] ZHIPUUSDT_LINEAL last=146.11 · río=WS · mercado=linear · estado=ACECHANDO · dir=— · 0=143.16 · Oz=— · Red=149.31485184 · manos=ON · pos=flat · latido=1.50s
[RANGO] ZHIPUUSDT_LINEAL last=146.23 · río=WS · mercado=linear · estado=ACECHANDO · dir=— · 0=143.16 · Oz=— · Red=149.31485184 · manos=ON · pos=flat · latido=1.50s
[RANGO] autosello ZHIPU · ACECHANDO · Oz=0.0 link=— · manos_feria_informe.json
[RANGO] ZHIPUUSDT_LINEAL last=146.23 · río=WS · mercado=linear · estado=ACECHANDO · dir=— · 0=143.16 · Oz=— · Red=149.31485184 · manos=ON · pos=flat · latido=1.50s
[2026-08-31 09:14:54] [TUSK] RECONCILIACIÓN: KORUUSDT_LINEAL: interno L:0.000000/S:0.000000 -> real L:0.000000/S:4.870000
[2026-08-31 09:14:54] [TUSK] RECONCILIACIÓN_FANTASMA: BLUAIUSDT_LINEAL existe interno pero no en exchange -> reseteando
[2026-08-31 09:14:54] [TUSK] RECONCILIACIÓN_OK: 2 frentes alineados con exchange
[RANGO] autosello ZHIPU · ACECHANDO · Oz=0.0 link=— · manos_feria_informe.json
[RANGO] ZHIPUUSDT_LINEAL last=145.98 · río=WS · mercado=linear · estado=ACECHANDO · dir=— · 0=143.16 · Oz=— · Red=149.31485184 · manos=ON · pos=flat · latido=1.50s
[RANGO] ZHIPUUSDT_LINEAL last=146.11 · río=WS · mercado=linear · estado=ACECHANDO · dir=— · 0=143.16 · Oz=— · Red=149.31485184 · manos=ON · pos=flat · latido=1.50s
[RANGO] autosello ZHIPU · ACECHANDO · Oz=0.0 link=— · manos_feria_informe.json
[RANGO] ZHIPUUSDT_LINEAL last=145.9 · río=WS · mercado=linear · estado=ACECHANDO · dir=— · 0=143.16 · Oz=— · Red=149.31485184 · manos=ON · pos=flat · latido=1.50s
[RANGO] autosello ZHIPU · ACECHANDO · Oz=0.0 link=— · manos_feria_informe.json
[RANGO] ZHIPUUSDT_LINEAL last=145.83 · río=WS · mercado=linear · estado=ACECHANDO · dir=— · 0=143.16 · Oz=— · Red=149.31485184 · manos=ON · pos=flat · latido=1.50s
[RANGO] ZHIPUUSDT_LINEAL last=146.3 · río=ciego/muleta · mercado=linear · estado=ACECHANDO · dir=— · 0=143.16 · Oz=— · Red=149.31485184 · manos=ON · pos=flat · latido=1.50s
[RANGO] autosello ZHIPU · ACECHANDO · Oz=0.0 link=— · manos_feria_informe.json
[RANGO] ZHIPUUSDT_LINEAL last=145.87 · río=WS · mercado=linear · estado=ACECHANDO · dir=— · 0=143.16 · Oz=— · Red=149.31485184 · manos=ON · pos=flat · latido=1.50s
[RANGO] autosello ZHIPU · ACECHANDO · Oz=0.0 link=— · manos_feria_informe.json
[RANGO] ZHIPUUSDT_LINEAL last=145.96 · río=WS · mercado=linear · estado=ACECHANDO · dir=— · 0=143.16 · Oz=— · Red=149.31485184 · manos=ON · pos=flat · latido=1.50s
[RANGO] ZHIPUUSDT_LINEAL last=146.03 · río=WS · mercado=linear · estado=ACECHANDO · dir=— · 0=143.16 · Oz=— · Red=149.31485184 · manos=ON · pos=flat · latido=1.50s
[RANGO] autosello ZHIPU · ACECHANDO · Oz=0.0 link=— · manos_feria_informe.json
[RANGO] ZHIPUUSDT_LINEAL last=145.98 · río=WS · mercado=linear · estado=ACECHANDO · dir=— · 0=143.16 · Oz=— · Red=149.31485184 · manos=ON · pos=flat · latido=1.50s
[RANGO] autosello ZHIPU · ACECHANDO · Oz=0.0 link=— · manos_feria_informe.json
[RANGO] ZHIPUUSDT_LINEAL last=146.04 · río=WS · mercado=linear · estado=ACECHANDO · dir=— · 0=143.16 · Oz=— · Red=149.31485184 · manos=ON · pos=flat · latido=1.50s
[RANGO] ZHIPUUSDT_LINEAL last=146.02 · río=WS · mercado=linear · estado=ACECHANDO · dir=— · 0=143.16 · Oz=— · Red=149.31485184 · manos=ON · pos=flat · latido=1.50s
[RANGO] autosello ZHIPU · ACECHANDO · Oz=0.0 link=— · manos_feria_informe.json
[RANGO] ZHIPUUSDT_LINEAL last=145.81 · río=WS · mercado=linear · estado=ACECHANDO · dir=— · 0=143.16 · Oz=— · Red=149.31485184 · manos=ON · pos=flat · latido=1.50s
[2026-08-31 09:16:57] [TUSK] RECONCILIACIÓN: CRVUSDT_LINEAL: interno L:0.000000/S:14.500000 -> real L:0.000000/S:30.400000
[2026-08-31 09:16:57] [TUSK] RECONCILIACIÓN_OK: 1 frentes alineados con exchange
[RANGO] autosello ZHIPU · ACECHANDO · Oz=0.0 link=— · manos_feria_informe.json
[RANGO] ZHIPUUSDT_LINEAL last=145.78 · río=WS · mercado=linear · estado=ACECHANDO · dir=— · 0=143.16 · Oz=— · Red=149.31485184 · manos=ON · pos=flat · latido=1.50s
[RANGO] ZHIPUUSDT_LINEAL last=145.78 · río=ciego/muleta · mercado=linear · estado=ACECHANDO · dir=— · 0=143.16 · Oz=— · Red=149.31485184 · manos=ON · pos=flat · latido=1.50s
[RANGO] autosello ZHIPU · ACECHANDO · Oz=0.0 link=— · manos_feria_informe.json
[RANGO] ZHIPUUSDT_LINEAL last=145.73 · río=WS · mercado=linear · estado=ACECHANDO · dir=— · 0=143.16 · Oz=— · Red=149.31485184 · manos=ON · pos=flat · latido=1.50s
[RANGO] autosello ZHIPU · ACECHANDO · Oz=0.0 link=— · manos_feria_informe.json
[RANGO] ZHIPUUSDT_LINEAL last=145.76 · río=WS · mercado=linear · estado=ACECHANDO · dir=— · 0=143.16 · Oz=— · Red=149.31485184 · manos=ON · pos=flat · latido=1.50s
[RANGO] ZHIPUUSDT_LINEAL last=145.7 · río=WS · mercado=linear · estado=ACECHANDO · dir=— · 0=143.16 · Oz=— · Red=149.31485184 · manos=ON · pos=flat · latido=1.50s
[RANGO] autosello ZHIPU · ACECHANDO · Oz=0.0 link=— · manos_feria_informe.json
[RANGO] ZHIPUUSDT_LINEAL last=145.71 · río=WS · mercado=linear · estado=ACECHANDO · dir=— · 0=143.16 · Oz=— · Red=149.31485184 · manos=ON · pos=flat · latido=1.50s
[2026-08-31 09:17:58] [TUSK] RECONCILIACIÓN: QNTXUSDT_LINEAL: interno L:0.000000/S:0.000000 -> real L:0.400000/S:0.000000
[2026-08-31 09:17:58] [TUSK] RECONCILIACIÓN: XANUSDT_LINEAL: interno L:0.000000/S:0.000000 -> real L:107.000000/S:0.000000
[2026-08-31 09:17:58] [TUSK] RECONCILIACIÓN: POWERUSDT_LINEAL: interno L:0.000000/S:173.000000 -> real L:0.000000/S:232.000000
[2026-08-31 09:17:58] [TUSK] RECONCILIACIÓN_FANTASMA: COTIUSDT_LINEAL existe interno pero no en exchange -> reseteando
[2026-08-31 09:17:58] [TUSK] RECONCILIACIÓN_FANTASMA: INTWUSDT_LINEAL existe interno pero no en exchange -> reseteando
[2026-08-31 09:17:58] [TUSK] RECONCILIACIÓN_OK: 5 frentes alineados con exchange
[RANGO] autosello ZHIPU · ACECHANDO · Oz=0.0 link=— · manos_feria_informe.json
[RANGO] ZHIPUUSDT_LINEAL last=145.74 · río=WS · mercado=linear · estado=ACECHANDO · dir=— · 0=143.16 · Oz=— · Red=149.31485184 · manos=ON · pos=flat · latido=1.50s
[RANGO] ZHIPUUSDT_LINEAL last=145.85 · río=WS · mercado=linear · estado=ACECHANDO · dir=— · 0=143.16 · Oz=— · Red=149.31485184 · manos=ON · pos=flat · latido=1.50s
[RANGO] autosello ZHIPU · ACECHANDO · Oz=0.0 link=— · manos_feria_informe.json
[RANGO] ZHIPUUSDT_LINEAL last=145.74 · río=WS · mercado=linear · estado=ACECHANDO · dir=— · 0=143.16 · Oz=— · Red=149.31485184 · manos=ON · pos=flat · latido=1.50s
[RANGO] autosello ZHIPU · ACECHANDO · Oz=0.0 link=— · manos_feria_informe.json
[RANGO] ZHIPUUSDT_LINEAL last=145.74 · río=WS · mercado=linear · estado=ACECHANDO · dir=— · 0=143.16 · Oz=— · Red=149.31485184 · manos=ON · pos=flat · latido=1.50s
[RANGO] ZHIPUUSDT_LINEAL last=145.6 · río=WS · mercado=linear · estado=ACECHANDO · dir=— · 0=143.16 · Oz=— · Red=149.31485184 · manos=ON · pos=flat · latido=1.50s
[RANGO] autosello ZHIPU · ACECHANDO · Oz=0.0 link=— · manos_feria_informe.json
[RANGO] ZHIPUUSDT_LINEAL last=145.62 · río=WS · mercado=linear · estado=ACECHANDO · dir=— · 0=143.16 · Oz=— · Red=149.31485184 · manos=ON · pos=flat · latido=1.50s
[2026-08-31 09:18:59] [TUSK] RECONCILIACIÓN: BROCCOLIUSDT_LINEAL: interno L:0.000000/S:0.000000 -> real L:3070.000000/S:0.000000
[2026-08-31 09:18:59] [TUSK] RECONCILIACIÓN_FANTASMA: DASHUSDT_LINEAL existe interno pero no en exchange -> reseteando
[2026-08-31 09:18:59] [TUSK] RECONCILIACIÓN_OK: 2 frentes alineados con exchange
[RANGO] autosello ZHIPU · ACECHANDO · Oz=0.0 link=— · manos_feria_informe.json
[RANGO] ZHIPUUSDT_LINEAL last=145.7 · río=WS · mercado=linear · estado=ACECHANDO · dir=— · 0=143.16 · Oz=— · Red=149.31485184 · manos=ON · pos=flat · latido=1.50s
[RANGO] ZHIPUUSDT_LINEAL last=145.68 · río=WS · mercado=linear · estado=ACECHANDO · dir=— · 0=143.16 · Oz=— · Red=149.31485184 · manos=ON · pos=flat · latido=1.50s
[RANGO] autosello ZHIPU · ACECHANDO · Oz=0.0 link=— · manos_feria_informe.json
[RANGO] ZHIPUUSDT_LINEAL last=145.54 · río=WS · mercado=linear · estado=ACECHANDO · dir=— · 0=143.16 · Oz=— · Red=149.31485184 · manos=ON · pos=flat · latido=1.50s
[RANGO] autosello ZHIPU · ACECHANDO · Oz=0.0 link=— · manos_feria_informe.json
[RANGO] ZHIPUUSDT_LINEAL last=145.46 · río=WS · mercado=linear · estado=ACECHANDO · dir=— · 0=143.16 · Oz=— · Red=149.31485184 · manos=ON · pos=flat · latido=1.50s
[RANGO] ZHIPUUSDT_LINEAL last=145.72 · río=WS · mercado=linear · estado=ACECHANDO · dir=— · 0=143.16 · Oz=— · Red=149.31485184 · manos=ON · pos=flat · latido=1.50s
[RANGO] autosello ZHIPU · ACECHANDO · Oz=0.0 link=— · manos_feria_informe.json
[RANGO] ZHIPUUSDT_LINEAL last=145.6 · río=WS · mercado=linear · estado=ACECHANDO · dir=— · 0=143.16 · Oz=— · Red=149.31485184 · manos=ON · pos=flat · latido=1.50s
[RANGO] autosello ZHIPU · ACECHANDO · Oz=0.0 link=— · manos_feria_informe.json
[RANGO] ZHIPUUSDT_LINEAL last=145.7 · río=WS · mercado=linear · estado=ACECHANDO · dir=— · 0=143.16 · Oz=— · Red=149.31485184 · manos=ON · pos=flat · latido=1.50s
[RANGO] ZHIPUUSDT_LINEAL last=145.63 · río=WS · mercado=linear · estado=ACECHANDO · dir=— · 0=143.16 · Oz=— · Red=149.31485184 · manos=ON · pos=flat · latido=1.50s
[RANGO] autosello ZHIPU · ACECHANDO · Oz=0.0 link=— · manos_feria_informe.json
[RANGO] ZHIPUUSDT_LINEAL last=145.58 · río=WS · mercado=linear · estado=ACECHANDO · dir=— · 0=143.16 · Oz=— · Red=149.31485184 · manos=ON · pos=flat · latido=1.50s
[RANGO] autosello ZHIPU · ACECHANDO · Oz=0.0 link=— · manos_feria_informe.json
[RANGO] ZHIPUUSDT_LINEAL last=145.48 · río=WS · mercado=linear · estado=ACECHANDO · dir=— · 0=143.16 · Oz=— · Red=149.31485184 · manos=ON · pos=flat · latido=1.50s
[RANGO] ZHIPUUSDT_LINEAL last=145.02 · río=WS · mercado=linear · estado=ACECHANDO · dir=— · 0=143.16 · Oz=— · Red=149.31485184 · manos=ON · pos=flat · latido=1.50s
[RANGO] autosello ZHIPU · ACECHANDO · Oz=0.0 link=— · manos_feria_informe.json
[RANGO] ZHIPUUSDT_LINEAL last=145.08 · río=WS · mercado=linear · estado=ACECHANDO · dir=— · 0=143.16 · Oz=— · Red=149.31485184 · manos=ON · pos=flat · latido=1.50s
[2026-08-31 09:21:01] [TUSK] RECONCILIACIÓN: MUBARAKUSDT_LINEAL: interno L:0.000000/S:0.000000 -> real L:9963.000000/S:0.000000
[2026-08-31 09:21:01] [TUSK] RECONCILIACIÓN_FANTASMA: CRCLUSDT_LINEAL existe interno pero no en exchange -> reseteando
[2026-08-31 09:21:01] [TUSK] RECONCILIACIÓN_OK: 2 frentes alineados con exchange
[RANGO] autosello ZHIPU · ACECHANDO · Oz=0.0 link=— · manos_feria_informe.json
[RANGO] ZHIPUUSDT_LINEAL last=144.89 · río=WS · mercado=linear · estado=ACECHANDO · dir=— · 0=143.16 · Oz=— · Red=149.31485184 · manos=ON · pos=flat · latido=1.50s
[RANGO] ZHIPUUSDT_LINEAL last=145.45 · río=WS · mercado=linear · estado=ACECHANDO · dir=— · 0=143.16 · Oz=— · Red=149.31485184 · manos=ON · pos=flat · latido=1.50s
[RANGO] autosello ZHIPU · ACECHANDO · Oz=0.0 link=— · manos_feria_informe.json
[RANGO] ZHIPUUSDT_LINEAL last=145.08 · río=WS · mercado=linear · estado=ACECHANDO · dir=— · 0=143.16 · Oz=— · Red=149.31485184 · manos=ON · pos=flat · latido=1.50s
[RANGO] autosello ZHIPU · ACECHANDO · Oz=0.0 link=— · manos_feria_informe.json
[RANGO] ZHIPUUSDT_LINEAL last=144.96 · río=WS · mercado=linear · estado=ACECHANDO · dir=— · 0=143.16 · Oz=— · Red=149.31485184 · manos=ON · pos=flat · latido=1.50s
[RANGO] ZHIPUUSDT_LINEAL last=145.21 · río=WS · mercado=linear · estado=ACECHANDO · dir=— · 0=143.16 · Oz=— · Red=149.31485184 · manos=ON · pos=flat · latido=1.50s
[RANGO] autosello ZHIPU · ACECHANDO · Oz=0.0 link=— · manos_feria_informe.json
[RANGO] ZHIPUUSDT_LINEAL last=145.32 · río=WS · mercado=linear · estado=ACECHANDO · dir=— · 0=143.16 · Oz=— · Red=149.31485184 · manos=ON · pos=flat · latido=1.50s
[RANGO] autosello ZHIPU · ACECHANDO · Oz=0.0 link=— · manos_feria_informe.json
[2026-08-31 09:22:02] [TUSK] RECONCILIACIÓN: SNXXUSDT_LINEAL: interno L:0.000000/S:0.000000 -> real L:6.090000/S:0.000000
[2026-08-31 09:22:02] [TUSK] RECONCILIACIÓN_FANTASMA: BSPUSDT_LINEAL existe interno pero no en exchange -> reseteando
[2026-08-31 09:22:02] [TUSK] RECONCILIACIÓN_OK: 2 frentes alineados con exchange
[RANGO] ZHIPUUSDT_LINEAL last=145.13 · río=WS · mercado=linear · estado=ACECHANDO · dir=— · 0=143.16 · Oz=— · Red=149.31485184 · manos=ON · pos=flat · latido=1.50s
[RANGO] ZHIPUUSDT_LINEAL last=145.27 · río=WS · mercado=linear · estado=ACECHANDO · dir=— · 0=143.16 · Oz=— · Red=149.31485184 · manos=ON · pos=flat · latido=1.50s
[RANGO] autosello ZHIPU · ACECHANDO · Oz=0.0 link=— · manos_feria_informe.json
[RANGO] ZHIPUUSDT_LINEAL last=145.22 · río=WS · mercado=linear · estado=ACECHANDO · dir=— · 0=143.16 · Oz=— · Red=149.31485184 · manos=ON · pos=flat · latido=1.50s
[RANGO] autosello ZHIPU · ACECHANDO · Oz=0.0 link=— · manos_feria_informe.json
[RANGO] ZHIPUUSDT_LINEAL last=145.11 · río=WS · mercado=linear · estado=ACECHANDO · dir=— · 0=143.16 · Oz=— · Red=149.31485184 · manos=ON · pos=flat · latido=1.50s
[RANGO] ZHIPUUSDT_LINEAL last=145.24 · río=ciego/muleta · mercado=linear · estado=ACECHANDO · dir=— · 0=143.16 · Oz=— · Red=149.31485184 · manos=ON · pos=flat · latido=1.50s
[RANGO] autosello ZHIPU · ACECHANDO · Oz=0.0 link=— · manos_feria_informe.json
[RANGO] ZHIPUUSDT_LINEAL last=145.26 · río=WS · mercado=linear · estado=ACECHANDO · dir=— · 0=143.16 · Oz=— · Red=149.31485184 · manos=ON · pos=flat · latido=1.50s
[RANGO] autosello ZHIPU · ACECHANDO · Oz=0.0 link=— · manos_feria_informe.json
[2026-08-31 09:23:04] [TUSK] RECONCILIACIÓN: CHIPUSDT_LINEAL: interno L:0.000000/S:0.000000 -> real L:390.000000/S:0.000000
[2026-08-31 09:23:04] [TUSK] RECONCILIACIÓN: LITUSDT_LINEAL: interno L:0.000000/S:22.200000 -> real L:0.000000/S:23.600000
[2026-08-31 09:23:04] [TUSK] RECONCILIACIÓN_FANTASMA: AAOIUSDT_LINEAL existe interno pero no en exchange -> reseteando
[2026-08-31 09:23:04] [TUSK] RECONCILIACIÓN_OK: 3 frentes alineados con exchange
[RANGO] ZHIPUUSDT_LINEAL last=145.27 · río=WS · mercado=linear · estado=ACECHANDO · dir=— · 0=143.16 · Oz=— · Red=149.31485184 · manos=ON · pos=flat · latido=1.50s
[RANGO] ZHIPUUSDT_LINEAL last=145.28 · río=WS · mercado=linear · estado=ACECHANDO · dir=— · 0=143.16 · Oz=— · Red=149.31485184 · manos=ON · pos=flat · latido=1.50s
[RANGO] autosello ZHIPU · ACECHANDO · Oz=0.0 link=— · manos_feria_informe.json
[RANGO] ZHIPUUSDT_LINEAL last=145.05 · río=WS · mercado=linear · estado=ACECHANDO · dir=— · 0=143.16 · Oz=— · Red=149.31485184 · manos=ON · pos=flat · latido=1.50s
[RANGO] autosello ZHIPU · ACECHANDO · Oz=0.0 link=— · manos_feria_informe.json
[RANGO] ZHIPUUSDT_LINEAL last=145.02 · río=WS · mercado=linear · estado=ACECHANDO · dir=— · 0=143.16 · Oz=— · Red=149.31485184 · manos=ON · pos=flat · latido=1.50s
[RANGO] ZHIPUUSDT_LINEAL last=145.04 · río=WS · mercado=linear · estado=ACECHANDO · dir=— · 0=143.16 · Oz=— · Red=149.31485184 · manos=ON · pos=flat · latido=1.50s
[RANGO] autosello ZHIPU · ACECHANDO · Oz=0.0 link=— · manos_feria_informe.json
[RANGO] ZHIPUUSDT_LINEAL last=145.05 · río=WS · mercado=linear · estado=ACECHANDO · dir=— · 0=143.16 · Oz=— · Red=149.31485184 · manos=ON · pos=flat · latido=1.50s
[RANGO] autosello ZHIPU · ACECHANDO · Oz=0.0 link=— · manos_feria_informe.json
[RANGO] ZHIPUUSDT_LINEAL last=145.15 · río=WS · mercado=linear · estado=ACECHANDO · dir=— · 0=143.16 · Oz=— · Red=149.31485184 · manos=ON · pos=flat · latido=1.50s
[2026-08-31 09:24:05] [TUSK] RECONCILIACIÓN: POWERUSDT_LINEAL: interno L:0.000000/S:232.000000 -> real L:0.000000/S:290.000000
[2026-08-31 09:24:05] [TUSK] RECONCILIACIÓN_OK: 1 frentes alineados con exchange
[RANGO] ZHIPUUSDT_LINEAL last=145.03 · río=WS · mercado=linear · estado=ACECHANDO · dir=— · 0=143.16 · Oz=— · Red=149.31485184 · manos=ON · pos=flat · latido=1.50s
[RANGO] autosello ZHIPU · ACECHANDO · Oz=0.0 link=— · manos_feria_informe.json
[RANGO] ZHIPUUSDT_LINEAL last=145.08 · río=WS · mercado=linear · estado=ACECHANDO · dir=— · 0=143.16 · Oz=— · Red=149.31485184 · manos=ON · pos=flat · latido=1.50s
[RANGO] autosello ZHIPU · ACECHANDO · Oz=0.0 link=— · manos_feria_informe.json
[RANGO] ZHIPUUSDT_LINEAL last=145.18 · río=WS · mercado=linear · estado=ACECHANDO · dir=— · 0=143.16 · Oz=— · Red=149.31485184 · manos=ON · pos=flat · latido=1.50s
[RANGO] ZHIPUUSDT_LINEAL last=145.12 · río=WS · mercado=linear · estado=ACECHANDO · dir=— · 0=143.16 · Oz=— · Red=149.31485184 · manos=ON · pos=flat · latido=1.50s
[RANGO] autosello ZHIPU · ACECHANDO · Oz=0.0 link=— · manos_feria_informe.json
[RANGO] ZHIPUUSDT_LINEAL last=145.1 · río=WS · mercado=linear · estado=ACECHANDO · dir=— · 0=143.16 · Oz=— · Red=149.31485184 · manos=ON · pos=flat · latido=1.50s
[RANGO] autosello ZHIPU · ACECHANDO · Oz=0.0 link=— · manos_feria_informe.json
[RANGO] ZHIPUUSDT_LINEAL last=145.13 · río=WS · mercado=linear · estado=ACECHANDO · dir=— · 0=143.16 · Oz=— · Red=149.31485184 · manos=ON · pos=flat · latido=1.50s
[RANGO] ZHIPUUSDT_LINEAL last=145.15 · río=ciego/muleta · mercado=linear · estado=ACECHANDO · dir=— · 0=143.16 · Oz=— · Red=149.31485184 · manos=ON · pos=flat · latido=1.50s
[RANGO] autosello ZHIPU · ACECHANDO · Oz=0.0 link=— · manos_feria_informe.json
[RANGO] ZHIPUUSDT_LINEAL last=145.22 · río=WS · mercado=linear · estado=ACECHANDO · dir=— · 0=143.16 · Oz=— · Red=149.31485184 · manos=ON · pos=flat · latido=1.50s
[RANGO] autosello ZHIPU · ACECHANDO · Oz=0.0 link=— · manos_feria_informe.json
[RANGO] ZHIPUUSDT_LINEAL last=145.14 · río=WS · mercado=linear · estado=ACECHANDO · dir=— · 0=143.16 · Oz=— · Red=149.31485184 · manos=ON · pos=flat · latido=1.50s
[RANGO] ZHIPUUSDT_LINEAL last=145.12 · río=WS · mercado=linear · estado=ACECHANDO · dir=— · 0=143.16 · Oz=— · Red=149.31485184 · manos=ON · pos=flat · latido=1.50s
[RANGO] autosello ZHIPU · ACECHANDO · Oz=0.0 link=— · manos_feria_informe.json
[RANGO] ZHIPUUSDT_LINEAL last=145.0 · río=WS · mercado=linear · estado=ACECHANDO · dir=— · 0=143.16 · Oz=— · Red=149.31485184 · manos=ON · pos=flat · latido=1.50s
[RANGO] autosello ZHIPU · ACECHANDO · Oz=0.0 link=— · manos_feria_informe.json
[RANGO] ZHIPUUSDT_LINEAL last=145.29 · río=WS · mercado=linear · estado=ACECHANDO · dir=— · 0=143.16 · Oz=— · Red=149.31485184 · manos=ON · pos=flat · latido=1.50s
[2026-08-31 09:26:07] [TUSK] RECONCILIACIÓN: AXTIUSDT_LINEAL: interno L:0.000000/S:0.000000 -> real L:1.600000/S:0.000000
[2026-08-31 09:26:07] [TUSK] RECONCILIACIÓN: NILUSDT_LINEAL: interno L:0.000000/S:0.000000 -> real L:126.000000/S:0.000000
[2026-08-31 09:26:07] [TUSK] RECONCILIACIÓN_FANTASMA: PLTRUSDT_LINEAL existe interno pero no en exchange -> reseteando
[2026-08-31 09:26:07] [TUSK] RECONCILIACIÓN_FANTASMA: BIOUSDT_LINEAL existe interno pero no en exchange -> reseteando
[2026-08-31 09:26:07] [TUSK] RECONCILIACIÓN_OK: 4 frentes alineados con exchange
[RANGO] ZHIPUUSDT_LINEAL last=145.15 · río=WS · mercado=linear · estado=ACECHANDO · dir=— · 0=143.16 · Oz=— · Red=149.31485184 · manos=ON · pos=flat · latido=1.50s
[RANGO] autosello ZHIPU · ACECHANDO · Oz=0.0 link=— · manos_feria_informe.json
[RANGO] ZHIPUUSDT_LINEAL last=145.1 · río=WS · mercado=linear · estado=ACECHANDO · dir=— · 0=143.16 · Oz=— · Red=149.31485184 · manos=ON · pos=flat · latido=1.50s
[RANGO] autosello ZHIPU · ACECHANDO · Oz=0.0 link=— · manos_feria_informe.json
[RANGO] ZHIPUUSDT_LINEAL last=145.27 · río=WS · mercado=linear · estado=ACECHANDO · dir=— · 0=143.16 · Oz=— · Red=149.31485184 · manos=ON · pos=flat · latido=1.50s
[RANGO] ZHIPUUSDT_LINEAL last=145.25 · río=ciego/muleta · mercado=linear · estado=ACECHANDO · dir=— · 0=143.16 · Oz=— · Red=149.31485184 · manos=ON · pos=flat · latido=1.50s
[RANGO] autosello ZHIPU · ACECHANDO · Oz=0.0 link=— · manos_feria_informe.json
[RANGO] ZHIPUUSDT_LINEAL last=145.25 · río=ciego/muleta · mercado=linear · estado=ACECHANDO · dir=— · 0=143.16 · Oz=— · Red=149.31485184 · manos=ON · pos=flat · latido=1.50s
[RANGO] autosello ZHIPU · ACECHANDO · Oz=0.0 link=— · manos_feria_informe.json
[RANGO] ZHIPUUSDT_LINEAL last=145.43 · río=WS · mercado=linear · estado=ACECHANDO · dir=— · 0=143.16 · Oz=— · Red=149.31485184 · manos=ON · pos=flat · latido=1.50s
[2026-08-31 09:27:08] [TUSK] RECONCILIACIÓN: PLTRUSDT_LINEAL: interno L:0.000000/S:0.000000 -> real L:0.030000/S:0.000000
[2026-08-31 09:27:08] [TUSK] RECONCILIACIÓN: ZKPUSDT_LINEAL: interno L:0.000000/S:0.000000 -> real L:1496.000000/S:0.000000
[2026-08-31 09:27:08] [TUSK] RECONCILIACIÓN_FANTASMA: TRBUSDT_LINEAL existe interno pero no en exchange -> reseteando
[2026-08-31 09:27:08] [TUSK] RECONCILIACIÓN_FANTASMA: SOXLUSDT_LINEAL existe interno pero no en exchange -> reseteando
[2026-08-31 09:27:08] [TUSK] RECONCILIACIÓN_OK: 4 frentes alineados con exchange
[RANGO] autosello ZHIPU · ACECHANDO · Oz=0.0 link=— · manos_feria_informe.json
[RANGO] ZHIPUUSDT_LINEAL last=145.39 · río=WS · mercado=linear · estado=ACECHANDO · dir=— · 0=143.16 · Oz=— · Red=149.31485184 · manos=ON · pos=flat · latido=1.50s
[RANGO] ZHIPUUSDT_LINEAL last=145.54 · río=ciego/muleta · mercado=linear · estado=ACECHANDO · dir=— · 0=143.16 · Oz=— · Red=149.31485184 · manos=ON · pos=flat · latido=1.50s
[RANGO] autosello ZHIPU · ACECHANDO · Oz=0.0 link=— · manos_feria_informe.json
[RANGO] ZHIPUUSDT_LINEAL last=145.5 · río=WS · mercado=linear · estado=ACECHANDO · dir=— · 0=143.16 · Oz=— · Red=149.31485184 · manos=ON · pos=flat · latido=1.50s
[RANGO] autosello ZHIPU · ACECHANDO · Oz=0.0 link=— · manos_feria_informe.json
[RANGO] ZHIPUUSDT_LINEAL last=145.65 · río=WS · mercado=linear · estado=ACECHANDO · dir=— · 0=143.16 · Oz=— · Red=149.31485184 · manos=ON · pos=flat · latido=1.50s
[RANGO] ZHIPUUSDT_LINEAL last=145.48 · río=WS · mercado=linear · estado=ACECHANDO · dir=— · 0=143.16 · Oz=— · Red=149.31485184 · manos=ON · pos=flat · latido=1.50s
[RANGO] autosello ZHIPU · ACECHANDO · Oz=0.0 link=— · manos_feria_informe.json
[RANGO] ZHIPUUSDT_LINEAL last=145.59 · río=WS · mercado=linear · estado=ACECHANDO · dir=— · 0=143.16 · Oz=— · Red=149.31485184 · manos=ON · pos=flat · latido=1.50s
[RANGO] autosello ZHIPU · ACECHANDO · Oz=0.0 link=— · manos_feria_informe.json
[RANGO] ZHIPUUSDT_LINEAL last=145.78 · río=ciego/muleta · mercado=linear · estado=ACECHANDO · dir=— · 0=143.16 · Oz=— · Red=149.31485184 · manos=ON · pos=flat · latido=1.50s
[RANGO] ZHIPUUSDT_LINEAL last=145.78 · río=WS · mercado=linear · estado=ACECHANDO · dir=— · 0=143.16 · Oz=— · Red=149.31485184 · manos=ON · pos=flat · latido=1.50s
[RANGO] autosello ZHIPU · ACECHANDO · Oz=0.0 link=— · manos_feria_informe.json
[RANGO] ZHIPUUSDT_LINEAL last=145.65 · río=WS · mercado=linear · estado=ACECHANDO · dir=— · 0=143.16 · Oz=— · Red=149.31485184 · manos=ON · pos=flat · latido=1.50s
[RANGO] autosello ZHIPU · ACECHANDO · Oz=0.0 link=— · manos_feria_informe.json
[RANGO] ZHIPUUSDT_LINEAL last=145.74 · río=ciego/muleta · mercado=linear · estado=ACECHANDO · dir=— · 0=143.16 · Oz=— · Red=149.31485184 · manos=ON · pos=flat · latido=1.50s
[RANGO] ZHIPUUSDT_LINEAL last=145.74 · río=ciego/muleta · mercado=linear · estado=ACECHANDO · dir=— · 0=143.16 · Oz=— · Red=149.31485184 · manos=ON · pos=flat · latido=1.50s
[RANGO] autosello ZHIPU · ACECHANDO · Oz=0.0 link=— · manos_feria_informe.json
[2026-08-31 09:29:10] [TUSK] RECONCILIACIÓN: SAMSUNGUSDT_LINEAL: interno L:0.000000/S:0.000000 -> real L:0.000000/S:0.110000
[2026-08-31 09:29:10] [TUSK] RECONCILIACIÓN_FANTASMA: KSMUSDT_LINEAL existe interno pero no en exchange -> reseteando
[2026-08-31 09:29:10] [TUSK] RECONCILIACIÓN_OK: 2 frentes alineados con exchange
[RANGO] ZHIPUUSDT_LINEAL last=145.96 · río=WS · mercado=linear · estado=ACECHANDO · dir=— · 0=143.16 · Oz=— · Red=149.31485184 · manos=ON · pos=flat · latido=1.50s
[RANGO] autosello ZHIPU · ACECHANDO · Oz=0.0 link=— · manos_feria_informe.json
[RANGO] ZHIPUUSDT_LINEAL last=145.61 · río=WS · mercado=linear · estado=ACECHANDO · dir=— · 0=143.16 · Oz=— · Red=149.31485184 · manos=ON · pos=flat · latido=1.50s
[RANGO] ZHIPUUSDT_LINEAL last=145.66 · río=WS · mercado=linear · estado=ACECHANDO · dir=— · 0=143.16 · Oz=— · Red=149.31485184 · manos=ON · pos=flat · latido=1.50s
[RANGO] autosello ZHIPU · ACECHANDO · Oz=0.0 link=— · manos_feria_informe.json
[RANGO] ZHIPUUSDT_LINEAL last=145.7 · río=WS · mercado=linear · estado=ACECHANDO · dir=— · 0=143.16 · Oz=— · Red=149.31485184 · manos=ON · pos=flat · latido=1.50s
[RANGO] autosello ZHIPU · ACECHANDO · Oz=0.0 link=— · manos_feria_informe.json
[RANGO] ZHIPUUSDT_LINEAL last=145.72 · río=WS · mercado=linear · estado=ACECHANDO · dir=— · 0=143.16 · Oz=— · Red=149.31485184 · manos=ON · pos=flat · latido=1.50s
[RANGO] ZHIPUUSDT_LINEAL last=145.81 · río=WS · mercado=linear · estado=ACECHANDO · dir=— · 0=143.16 · Oz=— · Red=149.31485184 · manos=ON · pos=flat · latido=1.50s
[RANGO] autosello ZHIPU · ACECHANDO · Oz=0.0 link=— · manos_feria_informe.json
[2026-08-31 09:30:12] [TUSK] RECONCILIACIÓN: POWERUSDT_LINEAL: interno L:0.000000/S:290.000000 -> real L:0.000000/S:347.000000
[2026-08-31 09:30:12] [TUSK] RECONCILIACIÓN_OK: 1 frentes alineados con exchange
[RANGO] ZHIPUUSDT_LINEAL last=145.77 · río=WS · mercado=linear · estado=ACECHANDO · dir=— · 0=143.16 · Oz=— · Red=149.31485184 · manos=ON · pos=flat · latido=1.50s
[RANGO] autosello ZHIPU · ACECHANDO · Oz=0.0 link=— · manos_feria_informe.json
[RANGO] ZHIPUUSDT_LINEAL last=145.65 · río=WS · mercado=linear · estado=ACECHANDO · dir=— · 0=143.16 · Oz=— · Red=149.31485184 · manos=ON · pos=flat · latido=1.50s
[RANGO] ZHIPUUSDT_LINEAL last=145.81 · río=WS · mercado=linear · estado=ACECHANDO · dir=— · 0=143.16 · Oz=— · Red=149.31485184 · manos=ON · pos=flat · latido=1.50s
[RANGO] autosello ZHIPU · ACECHANDO · Oz=0.0 link=— · manos_feria_informe.json
[RANGO] ZHIPUUSDT_LINEAL last=145.89 · río=ciego/muleta · mercado=linear · estado=ACECHANDO · dir=— · 0=143.16 · Oz=— · Red=149.31485184 · manos=ON · pos=flat · latido=1.50s
[RANGO] autosello ZHIPU · ACECHANDO · Oz=0.0 link=— · manos_feria_informe.json
[RANGO] ZHIPUUSDT_LINEAL last=145.72 · río=WS · mercado=linear · estado=ACECHANDO · dir=— · 0=143.16 · Oz=— · Red=149.31485184 · manos=ON · pos=flat · latido=1.50s
[RANGO] autosello ZHIPU · ACECHANDO · Oz=0.0 link=— · manos_feria_informe.json
[RANGO] ZHIPUUSDT_LINEAL last=145.89 · río=ciego/muleta · mercado=linear · estado=ACECHANDO · dir=— · 0=143.16 · Oz=— · Red=149.31485184 · manos=ON · pos=flat · latido=1.50s
[RANGO] ZHIPUUSDT_LINEAL last=145.89 · río=ciego/muleta · mercado=linear · estado=ACECHANDO · dir=— · 0=143.16 · Oz=— · Red=149.31485184 · manos=ON · pos=flat · latido=1.50s
[RANGO] autosello ZHIPU · ACECHANDO · Oz=0.0 link=— · manos_feria_informe.json
[RANGO] ZHIPUUSDT_LINEAL last=145.84 · río=WS · mercado=linear · estado=ACECHANDO · dir=— · 0=143.16 · Oz=— · Red=149.31485184 · manos=ON · pos=flat · latido=1.50s
[RANGO] autosello ZHIPU · ACECHANDO · Oz=0.0 link=— · manos_feria_informe.json
[RANGO] ZHIPUUSDT_LINEAL last=145.89 · río=ciego/muleta · mercado=linear · estado=ACECHANDO · dir=— · 0=143.16 · Oz=— · Red=149.31485184 · manos=ON · pos=flat · latido=1.50s
[RANGO] ZHIPUUSDT_LINEAL last=145.83 · río=WS · mercado=linear · estado=ACECHANDO · dir=— · 0=143.16 · Oz=— · Red=149.31485184 · manos=ON · pos=flat · latido=1.50s
[RANGO] autosello ZHIPU · ACECHANDO · Oz=0.0 link=— · manos_feria_informe.json
[RANGO] ZHIPUUSDT_LINEAL last=145.81 · río=WS · mercado=linear · estado=ACECHANDO · dir=— · 0=143.16 · Oz=— · Red=149.31485184 · manos=ON · pos=flat · latido=1.50s
[RANGO] autosello ZHIPU · ACECHANDO · Oz=0.0 link=— · manos_feria_informe.json
[RANGO] ZHIPUUSDT_LINEAL last=145.77 · río=WS · mercado=linear · estado=ACECHANDO · dir=— · 0=143.16 · Oz=— · Red=149.31485184 · manos=ON · pos=flat · latido=1.50s
[RANGO] ZHIPUUSDT_LINEAL last=145.98 · río=WS · mercado=linear · estado=ACECHANDO · dir=— · 0=143.16 · Oz=— · Red=149.31485184 · manos=ON · pos=flat · latido=1.50s
[RANGO] autosello ZHIPU · ACECHANDO · Oz=0.0 link=— · manos_feria_informe.json
[RANGO] ZHIPUUSDT_LINEAL last=145.82 · río=ciego/muleta · mercado=linear · estado=ACECHANDO · dir=— · 0=143.16 · Oz=— · Red=149.31485184 · manos=ON · pos=flat · latido=1.50s
[RANGO] autosello ZHIPU · ACECHANDO · Oz=0.0 link=— · manos_feria_informe.json
[RANGO] ZHIPUUSDT_LINEAL last=145.86 · río=WS · mercado=linear · estado=ACECHANDO · dir=— · 0=143.16 · Oz=— · Red=149.31485184 · manos=ON · pos=flat · latido=1.50s
[RANGO] ZHIPUUSDT_LINEAL last=145.84 · río=WS · mercado=linear · estado=ACECHANDO · dir=— · 0=143.16 · Oz=— · Red=149.31485184 · manos=ON · pos=flat · latido=1.50s
[RANGO] autosello ZHIPU · ACECHANDO · Oz=0.0 link=— · manos_feria_informe.json
[RANGO] ZHIPUUSDT_LINEAL last=146.62 · río=WS · mercado=linear · estado=ACECHANDO · dir=— · 0=143.16 · Oz=— · Red=149.31485184 · manos=ON · pos=flat · latido=1.50s
[RANGO] autosello ZHIPU · ACECHANDO · Oz=0.0 link=— · manos_feria_informe.json
[RANGO] ZHIPUUSDT_LINEAL last=146.5 · río=WS · mercado=linear · estado=ACECHANDO · dir=— · 0=143.16 · Oz=— · Red=149.31485184 · manos=ON · pos=flat · latido=1.50s
[2026-08-31 09:33:15] [TUSK] RECONCILIACIÓN: BIOUSDT_LINEAL: interno L:0.000000/S:0.000000 -> real L:1016.000000/S:0.000000
[2026-08-31 09:33:15] [TUSK] RECONCILIACIÓN_FANTASMA: AEHRUSDT_LINEAL existe interno pero no en exchange -> reseteando
[2026-08-31 09:33:15] [TUSK] RECONCILIACIÓN_OK: 2 frentes alineados con exchange
[RANGO] ZHIPUUSDT_LINEAL last=146.02 · río=WS · mercado=linear · estado=ACECHANDO · dir=— · 0=143.16 · Oz=— · Red=149.31485184 · manos=ON · pos=flat · latido=1.50s
[RANGO] autosello ZHIPU · ACECHANDO · Oz=0.0 link=— · manos_feria_informe.json
[RANGO] ZHIPUUSDT_LINEAL last=146.4 · río=WS · mercado=linear · estado=ACECHANDO · dir=— · 0=143.16 · Oz=— · Red=149.31485184 · manos=ON · pos=flat · latido=1.50s
[RANGO] autosello ZHIPU · ACECHANDO · Oz=0.0 link=— · manos_feria_informe.json
[RANGO] ZHIPUUSDT_LINEAL last=146.11 · río=WS · mercado=linear · estado=ACECHANDO · dir=— · 0=143.16 · Oz=— · Red=149.31485184 · manos=ON · pos=flat · latido=1.50s
[RANGO] ZHIPUUSDT_LINEAL last=145.98 · río=WS · mercado=linear · estado=ACECHANDO · dir=— · 0=143.16 · Oz=— · Red=149.31485184 · manos=ON · pos=flat · latido=1.50s
[RANGO] autosello ZHIPU · ACECHANDO · Oz=0.0 link=— · manos_feria_informe.json
[RANGO] ZHIPUUSDT_LINEAL last=146.08 · río=WS · mercado=linear · estado=ACECHANDO · dir=— · 0=143.16 · Oz=— · Red=149.31485184 · manos=ON · pos=flat · latido=1.50s
[RANGO] autosello ZHIPU · ACECHANDO · Oz=0.0 link=— · manos_feria_informe.json
[RANGO] ZHIPUUSDT_LINEAL last=146.13 · río=WS · mercado=linear · estado=ACECHANDO · dir=— · 0=143.16 · Oz=— · Red=149.31485184 · manos=ON · pos=flat · latido=1.50s
[2026-08-31 09:34:16] [TUSK] RECONCILIACIÓN: MSTRUSDT_LINEAL: interno L:0.000000/S:0.000000 -> real L:0.200000/S:0.000000
[2026-08-31 09:34:16] [TUSK] RECONCILIACIÓN: PURRUSDT_LINEAL: interno L:0.000000/S:0.000000 -> real L:4.300000/S:0.000000
[2026-08-31 09:34:16] [TUSK] RECONCILIACIÓN_FANTASMA: SOXSUSDT_LINEAL existe interno pero no en exchange -> reseteando
[2026-08-31 09:34:16] [TUSK] RECONCILIACIÓN_FANTASMA: KORUUSDT_LINEAL existe interno pero no en exchange -> reseteando
[2026-08-31 09:34:16] [TUSK] RECONCILIACIÓN_OK: 4 frentes alineados con exchange
[RANGO] ZHIPUUSDT_LINEAL last=146.06 · río=WS · mercado=linear · estado=ACECHANDO · dir=— · 0=143.16 · Oz=— · Red=149.31485184 · manos=ON · pos=flat · latido=1.50s
[RANGO] autosello ZHIPU · ACECHANDO · Oz=0.0 link=— · manos_feria_informe.json
[RANGO] ZHIPUUSDT_LINEAL last=145.9 · río=WS · mercado=linear · estado=ACECHANDO · dir=— · 0=143.16 · Oz=— · Red=149.31485184 · manos=ON · pos=flat · latido=1.50s
[RANGO] autosello ZHIPU · ACECHANDO · Oz=0.0 link=— · manos_feria_informe.json
[RANGO] ZHIPUUSDT_LINEAL last=145.95 · río=WS · mercado=linear · estado=ACECHANDO · dir=— · 0=143.16 · Oz=— · Red=149.31485184 · manos=ON · pos=flat · latido=1.50s
[RANGO] ZHIPUUSDT_LINEAL last=146.04 · río=WS · mercado=linear · estado=ACECHANDO · dir=— · 0=143.16 · Oz=— · Red=149.31485184 · manos=ON · pos=flat · latido=1.50s
[RANGO] autosello ZHIPU · ACECHANDO · Oz=0.0 link=— · manos_feria_informe.json
[RANGO] ZHIPUUSDT_LINEAL last=146.07 · río=WS · mercado=linear · estado=ACECHANDO · dir=— · 0=143.16 · Oz=— · Red=149.31485184 · manos=ON · pos=flat · latido=1.50s
[RANGO] autosello ZHIPU · ACECHANDO · Oz=0.0 link=— · manos_feria_informe.json
[RANGO] ZHIPUUSDT_LINEAL last=146.01 · río=WS · mercado=linear · estado=ACECHANDO · dir=— · 0=143.16 · Oz=— · Red=149.31485184 · manos=ON · pos=flat · latido=1.50s
[RANGO] ZHIPUUSDT_LINEAL last=145.94 · río=WS · mercado=linear · estado=ACECHANDO · dir=— · 0=143.16 · Oz=— · Red=149.31485184 · manos=ON · pos=flat · latido=1.50s
[2026-08-31 09:35:17] [TUSK] RECONCILIACIÓN: PURRUSDT_LINEAL: interno L:4.300000/S:0.000000 -> real L:3.800000/S:0.000000
[2026-08-31 09:35:17] [TUSK] RECONCILIACIÓN_OK: 1 frentes alineados con exchange
[RANGO] autosello ZHIPU · ACECHANDO · Oz=0.0 link=— · manos_feria_informe.json
[RANGO] ZHIPUUSDT_LINEAL last=146.07 · río=ciego/muleta · mercado=linear · estado=ACECHANDO · dir=— · 0=143.16 · Oz=— · Red=149.31485184 · manos=ON · pos=flat · latido=1.50s
[RANGO] autosello ZHIPU · ACECHANDO · Oz=0.0 link=— · manos_feria_informe.json
[RANGO] ZHIPUUSDT_LINEAL last=145.97 · río=WS · mercado=linear · estado=ACECHANDO · dir=— · 0=143.16 · Oz=— · Red=149.31485184 · manos=ON · pos=flat · latido=1.50s
[RANGO] autosello ZHIPU · ACECHANDO · Oz=0.0 link=— · manos_feria_informe.json
[RANGO] ZHIPUUSDT_LINEAL last=145.91 · río=WS · mercado=linear · estado=ACECHANDO · dir=— · 0=143.16 · Oz=— · Red=149.31485184 · manos=ON · pos=flat · latido=1.50s
[RANGO] ZHIPUUSDT_LINEAL last=146.1 · río=WS · mercado=linear · estado=ACECHANDO · dir=— · 0=143.16 · Oz=— · Red=149.31485184 · manos=ON · pos=flat · latido=1.50s
[RANGO] autosello ZHIPU · ACECHANDO · Oz=0.0 link=— · manos_feria_informe.json
[RANGO] ZHIPUUSDT_LINEAL last=146.09 · río=WS · mercado=linear · estado=ACECHANDO · dir=— · 0=143.16 · Oz=— · Red=149.31485184 · manos=ON · pos=flat · latido=1.50s
[RANGO] autosello ZHIPU · ACECHANDO · Oz=0.0 link=— · manos_feria_informe.json
[RANGO] ZHIPUUSDT_LINEAL last=145.91 · río=WS · mercado=linear · estado=ACECHANDO · dir=— · 0=143.16 · Oz=— · Red=149.31485184 · manos=ON · pos=flat · latido=1.50s
[2026-08-31 09:36:18] [TUSK] RECONCILIACIÓN: PURRUSDT_LINEAL: interno L:3.800000/S:0.000000 -> real L:4.300000/S:0.000000
[2026-08-31 09:36:18] [TUSK] RECONCILIACIÓN: SYRUPUSDT_LINEAL: interno L:0.000000/S:0.000000 -> real L:482.000000/S:0.000000
[2026-08-31 09:36:18] [TUSK] RECONCILIACIÓN: COTIUSDT_LINEAL: interno L:0.000000/S:0.000000 -> real L:1213.000000/S:0.000000
[2026-08-31 09:36:18] [TUSK] RECONCILIACIÓN_FANTASMA: APRUSDT_LINEAL existe interno pero no en exchange -> reseteando
[2026-08-31 09:36:18] [TUSK] RECONCILIACIÓN_FANTASMA: CRVUSDT_LINEAL existe interno pero no en exchange -> reseteando
[2026-08-31 09:36:18] [TUSK] RECONCILIACIÓN_OK: 5 frentes alineados con exchange
[RANGO] ZHIPUUSDT_LINEAL last=146.01 · río=WS · mercado=linear · estado=ACECHANDO · dir=— · 0=143.16 · Oz=— · Red=149.31485184 · manos=ON · pos=flat · latido=1.50s
[RANGO] autosello ZHIPU · ACECHANDO · Oz=0.0 link=— · manos_feria_informe.json
[RANGO] ZHIPUUSDT_LINEAL last=146.07 · río=ciego/muleta · mercado=linear · estado=ACECHANDO · dir=— · 0=143.16 · Oz=— · Red=149.31485184 · manos=ON · pos=flat · latido=1.50s
[RANGO] autosello ZHIPU · ACECHANDO · Oz=0.0 link=— · manos_feria_informe.json
[RANGO] ZHIPUUSDT_LINEAL last=146.1 · río=WS · mercado=linear · estado=ACECHANDO · dir=— · 0=143.16 · Oz=— · Red=149.31485184 · manos=ON · pos=flat · latido=1.50s
[RANGO] ZHIPUUSDT_LINEAL last=145.9 · río=WS · mercado=linear · estado=ACECHANDO · dir=— · 0=143.16 · Oz=— · Red=149.31485184 · manos=ON · pos=flat · latido=1.50s
[RANGO] autosello ZHIPU · ACECHANDO · Oz=0.0 link=— · manos_feria_informe.json
[RANGO] ZHIPUUSDT_LINEAL last=146.03 · río=WS · mercado=linear · estado=ACECHANDO · dir=— · 0=143.16 · Oz=— · Red=149.31485184 · manos=ON · pos=flat · latido=1.50s
[RANGO] autosello ZHIPU · ACECHANDO · Oz=0.0 link=— · manos_feria_informe.json
[RANGO] ZHIPUUSDT_LINEAL last=146.01 · río=WS · mercado=linear · estado=ACECHANDO · dir=— · 0=143.16 · Oz=— · Red=149.31485184 · manos=ON · pos=flat · latido=1.50s
[2026-08-31 09:37:19] [TUSK] RECONCILIACIÓN: FWDIUSDT_LINEAL: interno L:0.000000/S:0.000000 -> real L:0.000000/S:4.200000
[2026-08-31 09:37:19] [TUSK] RECONCILIACIÓN: POWERUSDT_LINEAL: interno L:0.000000/S:347.000000 -> real L:0.000000/S:404.000000
[2026-08-31 09:37:19] [TUSK] RECONCILIACIÓN_FANTASMA: XANUSDT_LINEAL existe interno pero no en exchange -> reseteando
[2026-08-31 09:37:19] [TUSK] RECONCILIACIÓN_OK: 3 frentes alineados con exchange
[RANGO] ZHIPUUSDT_LINEAL last=145.86 · río=WS · mercado=linear · estado=ACECHANDO · dir=— · 0=143.16 · Oz=— · Red=149.31485184 · manos=ON · pos=flat · latido=1.50s
[RANGO] autosello ZHIPU · ACECHANDO · Oz=0.0 link=— · manos_feria_informe.json
[RANGO] ZHIPUUSDT_LINEAL last=145.99 · río=WS · mercado=linear · estado=ACECHANDO · dir=— · 0=143.16 · Oz=— · Red=149.31485184 · manos=ON · pos=flat · latido=1.50s
[RANGO] autosello ZHIPU · ACECHANDO · Oz=0.0 link=— · manos_feria_informe.json
[RANGO] ZHIPUUSDT_LINEAL last=145.88 · río=WS · mercado=linear · estado=ACECHANDO · dir=— · 0=143.16 · Oz=— · Red=149.31485184 · manos=ON · pos=flat · latido=1.50s
[RANGO] ZHIPUUSDT_LINEAL last=145.87 · río=WS · mercado=linear · estado=ACECHANDO · dir=— · 0=143.16 · Oz=— · Red=149.31485184 · manos=ON · pos=flat · latido=1.50s
[RANGO] autosello ZHIPU · ACECHANDO · Oz=0.0 link=— · manos_feria_informe.json
[RANGO] ZHIPUUSDT_LINEAL last=146.04 · río=ciego/muleta · mercado=linear · estado=ACECHANDO · dir=— · 0=143.16 · Oz=— · Red=149.31485184 · manos=ON · pos=flat · latido=1.50s
[RANGO] autosello ZHIPU · ACECHANDO · Oz=0.0 link=— · manos_feria_informe.json
[RANGO] ZHIPUUSDT_LINEAL last=145.9 · río=WS · mercado=linear · estado=ACECHANDO · dir=— · 0=143.16 · Oz=— · Red=149.31485184 · manos=ON · pos=flat · latido=1.50s
[2026-08-31 09:38:21] [TUSK] RECONCILIACIÓN: SHAZUSDT_LINEAL: interno L:0.000000/S:0.000000 -> real L:1.260000/S:0.000000
[2026-08-31 09:38:21] [TUSK] RECONCILIACIÓN: POWERUSDT_LINEAL: interno L:0.000000/S:404.000000 -> real L:0.000000/S:460.000000
[2026-08-31 09:38:21] [TUSK] RECONCILIACIÓN_FANTASMA: QNTXUSDT_LINEAL existe interno pero no en exchange -> reseteando
[2026-08-31 09:38:21] [TUSK] RECONCILIACIÓN_OK: 3 frentes alineados con exchange
[RANGO] ZHIPUUSDT_LINEAL last=145.95 · río=WS · mercado=linear · estado=ACECHANDO · dir=— · 0=143.16 · Oz=— · Red=149.31485184 · manos=ON · pos=flat · latido=1.50s
[RANGO] autosello ZHIPU · ACECHANDO · Oz=0.0 link=— · manos_feria_informe.json
[RANGO] ZHIPUUSDT_LINEAL last=145.88 · río=WS · mercado=linear · estado=ACECHANDO · dir=— · 0=143.16 · Oz=— · Red=149.31485184 · manos=ON · pos=flat · latido=1.50s
[RANGO] autosello ZHIPU · ACECHANDO · Oz=0.0 link=— · manos_feria_informe.json
[RANGO] ZHIPUUSDT_LINEAL last=145.99 · río=WS · mercado=linear · estado=ACECHANDO · dir=— · 0=143.16 · Oz=— · Red=149.31485184 · manos=ON · pos=flat · latido=1.50s
[RANGO] ZHIPUUSDT_LINEAL last=146.04 · río=ciego/muleta · mercado=linear · estado=ACECHANDO · dir=— · 0=143.16 · Oz=— · Red=149.31485184 · manos=ON · pos=flat · latido=1.50s
[RANGO] autosello ZHIPU · ACECHANDO · Oz=0.0 link=— · manos_feria_informe.json
[RANGO] ZHIPUUSDT_LINEAL last=145.96 · río=WS · mercado=linear · estado=ACECHANDO · dir=— · 0=143.16 · Oz=— · Red=149.31485184 · manos=ON · pos=flat · latido=1.50s
[RANGO] autosello ZHIPU · ACECHANDO · Oz=0.0 link=— · manos_feria_informe.json
[RANGO] ZHIPUUSDT_LINEAL last=145.95 · río=WS · mercado=linear · estado=ACECHANDO · dir=— · 0=143.16 · Oz=— · Red=149.31485184 · manos=ON · pos=flat · latido=1.50s
[2026-08-31 09:39:22] [TUSK] RECONCILIACIÓN: XANUSDT_LINEAL: interno L:0.000000/S:0.000000 -> real L:0.000000/S:260.000000
[2026-08-31 09:39:22] [TUSK] RECONCILIACIÓN_FANTASMA: BROCCOLIUSDT_LINEAL existe interno pero no en exchange -> reseteando
[2026-08-31 09:39:22] [TUSK] RECONCILIACIÓN_OK: 2 frentes alineados con exchange
[RANGO] ZHIPUUSDT_LINEAL last=145.62 · río=WS · mercado=linear · estado=ACECHANDO · dir=— · 0=143.16 · Oz=— · Red=149.31485184 · manos=ON · pos=flat · latido=1.50s
[RANGO] autosello ZHIPU · ACECHANDO · Oz=0.0 link=— · manos_feria_informe.json
[RANGO] ZHIPUUSDT_LINEAL last=145.78 · río=WS · mercado=linear · estado=ACECHANDO · dir=— · 0=143.16 · Oz=— · Red=149.31485184 · manos=ON · pos=flat · latido=1.50s
[RANGO] autosello ZHIPU · ACECHANDO · Oz=0.0 link=— · manos_feria_informe.json
[RANGO] ZHIPUUSDT_LINEAL last=145.85 · río=WS · mercado=linear · estado=ACECHANDO · dir=— · 0=143.16 · Oz=— · Red=149.31485184 · manos=ON · pos=flat · latido=1.50s
[RANGO] ZHIPUUSDT_LINEAL last=145.72 · río=WS · mercado=linear · estado=ACECHANDO · dir=— · 0=143.16 · Oz=— · Red=149.31485184 · manos=ON · pos=flat · latido=1.50s
[RANGO] autosello ZHIPU · ACECHANDO · Oz=0.0 link=— · manos_feria_informe.json
[RANGO] ZHIPUUSDT_LINEAL last=145.7 · río=WS · mercado=linear · estado=ACECHANDO · dir=— · 0=143.16 · Oz=— · Red=149.31485184 · manos=ON · pos=flat · latido=1.50s
[RANGO] autosello ZHIPU · ACECHANDO · Oz=0.0 link=— · manos_feria_informe.json
[RANGO] ZHIPUUSDT_LINEAL last=145.53 · río=WS · mercado=linear · estado=ACECHANDO · dir=— · 0=143.16 · Oz=— · Red=149.31485184 · manos=ON · pos=flat · latido=1.50s
[2026-08-31 09:40:23] [TUSK] RECONCILIACIÓN: POWERUSDT_LINEAL: interno L:0.000000/S:460.000000 -> real L:0.000000/S:516.000000
[2026-08-31 09:40:23] [TUSK] RECONCILIACIÓN: SNXXUSDT_LINEAL: interno L:6.090000/S:0.000000 -> real L:6.470000/S:0.000000
[2026-08-31 09:40:23] [TUSK] RECONCILIACIÓN_OK: 2 frentes alineados con exchange
[RANGO] ZHIPUUSDT_LINEAL last=145.55 · río=WS · mercado=linear · estado=ACECHANDO · dir=— · 0=143.16 · Oz=— · Red=149.31485184 · manos=ON · pos=flat · latido=1.50s
[RANGO] autosello ZHIPU · ACECHANDO · Oz=0.0 link=— · manos_feria_informe.json
[RANGO] ZHIPUUSDT_LINEAL last=145.49 · río=WS · mercado=linear · estado=ACECHANDO · dir=— · 0=143.16 · Oz=— · Red=149.31485184 · manos=ON · pos=flat · latido=1.50s
[RANGO] autosello ZHIPU · ACECHANDO · Oz=0.0 link=— · manos_feria_informe.json
[RANGO] ZHIPUUSDT_LINEAL last=145.36 · río=WS · mercado=linear · estado=ACECHANDO · dir=— · 0=143.16 · Oz=— · Red=149.31485184 · manos=ON · pos=flat · latido=1.50s
[RANGO] ZHIPUUSDT_LINEAL last=145.45 · río=WS · mercado=linear · estado=ACECHANDO · dir=— · 0=143.16 · Oz=— · Red=149.31485184 · manos=ON · pos=flat · latido=1.50s
[RANGO] autosello ZHIPU · ACECHANDO · Oz=0.0 link=— · manos_feria_informe.json
[RANGO] ZHIPUUSDT_LINEAL last=145.4 · río=WS · mercado=linear · estado=ACECHANDO · dir=— · 0=143.16 · Oz=— · Red=149.31485184 · manos=ON · pos=flat · latido=1.50s
[RANGO] autosello ZHIPU · ACECHANDO · Oz=0.0 link=— · manos_feria_informe.json
[RANGO] ZHIPUUSDT_LINEAL last=145.39 · río=WS · mercado=linear · estado=ACECHANDO · dir=— · 0=143.16 · Oz=— · Red=149.31485184 · manos=ON · pos=flat · latido=1.50s
[2026-08-31 09:41:24] [TUSK] RECONCILIACIÓN: XANUSDT_LINEAL: interno L:0.000000/S:260.000000 -> real L:0.000000/S:623.000000
[2026-08-31 09:41:24] [TUSK] RECONCILIACIÓN_OK: 1 frentes alineados con exchange
[RANGO] ZHIPUUSDT_LINEAL last=145.39 · río=WS · mercado=linear · estado=ACECHANDO · dir=— · 0=143.16 · Oz=— · Red=149.31485184 · manos=ON · pos=flat · latido=1.50s
[RANGO] autosello ZHIPU · ACECHANDO · Oz=0.0 link=— · manos_feria_informe.json
[RANGO] ZHIPUUSDT_LINEAL last=145.56 · río=WS · mercado=linear · estado=ACECHANDO · dir=— · 0=143.16 · Oz=— · Red=149.31485184 · manos=ON · pos=flat · latido=1.50s
[RANGO] autosello ZHIPU · ACECHANDO · Oz=0.0 link=— · manos_feria_informe.json
[RANGO] ZHIPUUSDT_LINEAL last=145.14 · río=WS · mercado=linear · estado=ACECHANDO · dir=— · 0=143.16 · Oz=— · Red=149.31485184 · manos=ON · pos=flat · latido=1.50s
[RANGO] ZHIPUUSDT_LINEAL last=145.13 · río=WS · mercado=linear · estado=ACECHANDO · dir=— · 0=143.16 · Oz=— · Red=149.31485184 · manos=ON · pos=flat · latido=1.50s
[RANGO] autosello ZHIPU · ACECHANDO · Oz=0.0 link=— · manos_feria_informe.json
[RANGO] ZHIPUUSDT_LINEAL last=145.43 · río=WS · mercado=linear · estado=ACECHANDO · dir=— · 0=143.16 · Oz=— · Red=149.31485184 · manos=ON · pos=flat · latido=1.50s
[RANGO] autosello ZHIPU · ACECHANDO · Oz=0.0 link=— · manos_feria_informe.json
[RANGO] ZHIPUUSDT_LINEAL last=145.01 · río=WS · mercado=linear · estado=ACECHANDO · dir=— · 0=143.16 · Oz=— · Red=149.31485184 · manos=ON · pos=flat · latido=1.50s
[RANGO] ZHIPUUSDT_LINEAL last=144.91 · río=WS · mercado=linear · estado=ACECHANDO · dir=— · 0=143.16 · Oz=— · Red=149.31485184 · manos=ON · pos=flat · latido=1.50s
[RANGO] autosello ZHIPU · ACECHANDO · Oz=0.0 link=— · manos_feria_informe.json
[RANGO] ZHIPUUSDT_LINEAL last=145.29 · río=WS · mercado=linear · estado=ACECHANDO · dir=— · 0=143.16 · Oz=— · Red=149.31485184 · manos=ON · pos=flat · latido=1.50s
[RANGO] autosello ZHIPU · ACECHANDO · Oz=0.0 link=— · manos_feria_informe.json
[RANGO] ZHIPUUSDT_LINEAL last=145.24 · río=WS · mercado=linear · estado=ACECHANDO · dir=— · 0=143.16 · Oz=— · Red=149.31485184 · manos=ON · pos=flat · latido=1.50s
[RANGO] ZHIPUUSDT_LINEAL last=144.9 · río=WS · mercado=linear · estado=ACECHANDO · dir=— · 0=143.16 · Oz=— · Red=149.31485184 · manos=ON · pos=flat · latido=1.50s
[RANGO] autosello ZHIPU · ACECHANDO · Oz=0.0 link=— · manos_feria_informe.json
[RANGO] ZHIPUUSDT_LINEAL last=145.16 · río=WS · mercado=linear · estado=ACECHANDO · dir=— · 0=143.16 · Oz=— · Red=149.31485184 · manos=ON · pos=flat · latido=1.50s
[RANGO] autosello ZHIPU · ACECHANDO · Oz=0.0 link=— · manos_feria_informe.json
[RANGO] ZHIPUUSDT_LINEAL last=144.92 · río=WS · mercado=linear · estado=ACECHANDO · dir=— · 0=143.16 · Oz=— · Red=149.31485184 · manos=ON · pos=flat · latido=1.50s
[RANGO] ZHIPUUSDT_LINEAL last=145.08 · río=WS · mercado=linear · estado=ACECHANDO · dir=— · 0=143.16 · Oz=— · Red=149.31485184 · manos=ON · pos=flat · latido=1.50s
[RANGO] autosello ZHIPU · ACECHANDO · Oz=0.0 link=— · manos_feria_informe.json
[RANGO] ZHIPUUSDT_LINEAL last=144.81 · río=WS · mercado=linear · estado=ACECHANDO · dir=— · 0=143.16 · Oz=— · Red=149.31485184 · manos=ON · pos=flat · latido=1.50s
[RANGO] autosello ZHIPU · ACECHANDO · Oz=0.0 link=— · manos_feria_informe.json
[RANGO] ZHIPUUSDT_LINEAL last=144.89 · río=WS · mercado=linear · estado=ACECHANDO · dir=— · 0=143.16 · Oz=— · Red=149.31485184 · manos=ON · pos=flat · latido=1.50s
[RANGO] ZHIPUUSDT_LINEAL last=145.01 · río=WS · mercado=linear · estado=ACECHANDO · dir=— · 0=143.16 · Oz=— · Red=149.31485184 · manos=ON · pos=flat · latido=1.50s
[RANGO] autosello ZHIPU · ACECHANDO · Oz=0.0 link=— · manos_feria_informe.json
[RANGO] ZHIPUUSDT_LINEAL last=144.86 · río=WS · mercado=linear · estado=ACECHANDO · dir=— · 0=143.16 · Oz=— · Red=149.31485184 · manos=ON · pos=flat · latido=1.50s
[RANGO] autosello ZHIPU · ACECHANDO · Oz=0.0 link=— · manos_feria_informe.json
[RANGO] ZHIPUUSDT_LINEAL last=145.01 · río=ciego/muleta · mercado=linear · estado=ACECHANDO · dir=— · 0=143.16 · Oz=— · Red=149.31485184 · manos=ON · pos=flat · latido=1.50s
[RANGO] ZHIPUUSDT_LINEAL last=145.01 · río=ciego/muleta · mercado=linear · estado=ACECHANDO · dir=— · 0=143.16 · Oz=— · Red=149.31485184 · manos=ON · pos=flat · latido=1.50s
[RANGO] autosello ZHIPU · ACECHANDO · Oz=0.0 link=— · manos_feria_informe.json
[RANGO] ZHIPUUSDT_LINEAL last=145.01 · río=ciego/muleta · mercado=linear · estado=ACECHANDO · dir=— · 0=143.16 · Oz=— · Red=149.31485184 · manos=ON · pos=flat · latido=1.50s
[RANGO] autosello ZHIPU · ACECHANDO · Oz=0.0 link=— · manos_feria_informe.json
[RANGO] ZHIPUUSDT_LINEAL last=144.83 · río=WS · mercado=linear · estado=ACECHANDO · dir=— · 0=143.16 · Oz=— · Red=149.31485184 · manos=ON · pos=flat · latido=1.50s
[RANGO] autosello ZHIPU · ACECHANDO · Oz=0.0 link=— · manos_feria_informe.json
[RANGO] ZHIPUUSDT_LINEAL last=145.01 · río=WS · mercado=linear · estado=ACECHANDO · dir=— · 0=143.16 · Oz=— · Red=149.31485184 · manos=ON · pos=flat · latido=1.50s
[RANGO] ZHIPUUSDT_LINEAL last=144.92 · río=WS · mercado=linear · estado=ACECHANDO · dir=— · 0=143.16 · Oz=— · Red=149.31485184 · manos=ON · pos=flat · latido=1.50s
[RANGO] autosello ZHIPU · ACECHANDO · Oz=0.0 link=— · manos_feria_informe.json
[RANGO] ZHIPUUSDT_LINEAL last=144.86 · río=WS · mercado=linear · estado=ACECHANDO · dir=— · 0=143.16 · Oz=— · Red=149.31485184 · manos=ON · pos=flat · latido=1.50s
[2026-08-31 09:45:28] [TUSK] RECONCILIACIÓN: XANUSDT_LINEAL: interno L:0.000000/S:623.000000 -> real L:0.000000/S:982.000000
[2026-08-31 09:45:28] [TUSK] RECONCILIACIÓN: POWERUSDT_LINEAL: interno L:0.000000/S:516.000000 -> real L:0.000000/S:571.000000
[2026-08-31 09:45:28] [TUSK] RECONCILIACIÓN_OK: 2 frentes alineados con exchange
[RANGO] autosello ZHIPU · ACECHANDO · Oz=0.0 link=— · manos_feria_informe.json
[RANGO] ZHIPUUSDT_LINEAL last=144.76 · río=WS · mercado=linear · estado=ACECHANDO · dir=— · 0=143.16 · Oz=— · Red=149.31485184 · manos=ON · pos=flat · latido=1.50s
[RANGO] ZHIPUUSDT_LINEAL last=144.99 · río=WS · mercado=linear · estado=ACECHANDO · dir=— · 0=143.16 · Oz=— · Red=149.31485184 · manos=ON · pos=flat · latido=1.50s
[RANGO] autosello ZHIPU · ACECHANDO · Oz=0.0 link=— · manos_feria_informe.json
[RANGO] ZHIPUUSDT_LINEAL last=144.82 · río=WS · mercado=linear · estado=ACECHANDO · dir=— · 0=143.16 · Oz=— · Red=149.31485184 · manos=ON · pos=flat · latido=1.50s
[RANGO] autosello ZHIPU · ACECHANDO · Oz=0.0 link=— · manos_feria_informe.json
[RANGO] ZHIPUUSDT_LINEAL last=145.1 · río=WS · mercado=linear · estado=ACECHANDO · dir=— · 0=143.16 · Oz=— · Red=149.31485184 · manos=ON · pos=flat · latido=1.50s
[RANGO] ZHIPUUSDT_LINEAL last=145.1 · río=ciego/muleta · mercado=linear · estado=ACECHANDO · dir=— · 0=143.16 · Oz=— · Red=149.31485184 · manos=ON · pos=flat · latido=1.50s
[RANGO] autosello ZHIPU · ACECHANDO · Oz=0.0 link=— · manos_feria_informe.json
[RANGO] ZHIPUUSDT_LINEAL last=144.87 · río=WS · mercado=linear · estado=ACECHANDO · dir=— · 0=143.16 · Oz=— · Red=149.31485184 · manos=ON · pos=flat · latido=1.50s
[2026-08-31 09:46:29] [TUSK] RECONCILIACIÓN: HYPEUSDT_LINEAL: interno L:0.000000/S:0.000000 -> real L:0.000000/S:0.270000
[2026-08-31 09:46:29] [TUSK] RECONCILIACIÓN_FANTASMA: ARMUSDT_LINEAL existe interno pero no en exchange -> reseteando
[2026-08-31 09:46:29] [TUSK] RECONCILIACIÓN_OK: 2 frentes alineados con exchange
[RANGO] autosello ZHIPU · ACECHANDO · Oz=0.0 link=— · manos_feria_informe.json
[RANGO] ZHIPUUSDT_LINEAL last=145.01 · río=WS · mercado=linear · estado=ACECHANDO · dir=— · 0=143.16 · Oz=— · Red=149.31485184 · manos=ON · pos=flat · latido=1.50s
[RANGO] ZHIPUUSDT_LINEAL last=144.89 · río=WS · mercado=linear · estado=ACECHANDO · dir=— · 0=143.16 · Oz=— · Red=149.31485184 · manos=ON · pos=flat · latido=1.50s
[RANGO] autosello ZHIPU · ACECHANDO · Oz=0.0 link=— · manos_feria_informe.json
[RANGO] ZHIPUUSDT_LINEAL last=145.1 · río=ciego/muleta · mercado=linear · estado=ACECHANDO · dir=— · 0=143.16 · Oz=— · Red=149.31485184 · manos=ON · pos=flat · latido=1.50s
[RANGO] autosello ZHIPU · ACECHANDO · Oz=0.0 link=— · manos_feria_informe.json
[RANGO] ZHIPUUSDT_LINEAL last=144.92 · río=WS · mercado=linear · estado=ACECHANDO · dir=— · 0=143.16 · Oz=— · Red=149.31485184 · manos=ON · pos=flat · latido=1.50s
[RANGO] ZHIPUUSDT_LINEAL last=144.91 · río=WS · mercado=linear · estado=ACECHANDO · dir=— · 0=143.16 · Oz=— · Red=149.31485184 · manos=ON · pos=flat · latido=1.50s
[RANGO] autosello ZHIPU · ACECHANDO · Oz=0.0 link=— · manos_feria_informe.json
[RANGO] ZHIPUUSDT_LINEAL last=145.1 · río=ciego/muleta · mercado=linear · estado=ACECHANDO · dir=— · 0=143.16 · Oz=— · Red=149.31485184 · manos=ON · pos=flat · latido=1.50s
[RANGO] autosello ZHIPU · ACECHANDO · Oz=0.0 link=— · manos_feria_informe.json
[RANGO] ZHIPUUSDT_LINEAL last=145.05 · río=WS · mercado=linear · estado=ACECHANDO · dir=— · 0=143.16 · Oz=— · Red=149.31485184 · manos=ON · pos=flat · latido=1.50s
[RANGO] ZHIPUUSDT_LINEAL last=144.91 · río=WS · mercado=linear · estado=ACECHANDO · dir=— · 0=143.16 · Oz=— · Red=149.31485184 · manos=ON · pos=flat · latido=1.50s
[RANGO] autosello ZHIPU · ACECHANDO · Oz=0.0 link=— · manos_feria_informe.json
[RANGO] ZHIPUUSDT_LINEAL last=144.95 · río=WS · mercado=linear · estado=ACECHANDO · dir=— · 0=143.16 · Oz=— · Red=149.31485184 · manos=ON · pos=flat · latido=1.50s
[RANGO] autosello ZHIPU · ACECHANDO · Oz=0.0 link=— · manos_feria_informe.json
[RANGO] ZHIPUUSDT_LINEAL last=145.1 · río=ciego/muleta · mercado=linear · estado=ACECHANDO · dir=— · 0=143.16 · Oz=— · Red=149.31485184 · manos=ON · pos=flat · latido=1.50s
[RANGO] ZHIPUUSDT_LINEAL last=145.1 · río=ciego/muleta · mercado=linear · estado=ACECHANDO · dir=— · 0=143.16 · Oz=— · Red=149.31485184 · manos=ON · pos=flat · latido=1.50s
[RANGO] autosello ZHIPU · ACECHANDO · Oz=0.0 link=— · manos_feria_informe.json
[RANGO] ZHIPUUSDT_LINEAL last=145.1 · río=ciego/muleta · mercado=linear · estado=ACECHANDO · dir=— · 0=143.16 · Oz=— · Red=149.31485184 · manos=ON · pos=flat · latido=1.50s
[2026-08-31 09:48:32] [TUSK] RECONCILIACIÓN: POWERUSDT_LINEAL: interno L:0.000000/S:571.000000 -> real L:0.000000/S:625.000000
[2026-08-31 09:48:32] [TUSK] RECONCILIACIÓN_OK: 1 frentes alineados con exchange
[RANGO] autosello ZHIPU · ACECHANDO · Oz=0.0 link=— · manos_feria_informe.json
[RANGO] ZHIPUUSDT_LINEAL last=144.88 · río=WS · mercado=linear · estado=ACECHANDO · dir=— · 0=143.16 · Oz=— · Red=149.31485184 · manos=ON · pos=flat · latido=1.50s
[RANGO] autosello ZHIPU · ACECHANDO · Oz=0.0 link=— · manos_feria_informe.json
[RANGO] ZHIPUUSDT_LINEAL last=144.87 · río=WS · mercado=linear · estado=ACECHANDO · dir=— · 0=143.16 · Oz=— · Red=149.31485184 · manos=ON · pos=flat · latido=1.50s
[RANGO] ZHIPUUSDT_LINEAL last=144.88 · río=WS · mercado=linear · estado=ACECHANDO · dir=— · 0=143.16 · Oz=— · Red=149.31485184 · manos=ON · pos=flat · latido=1.50s
[RANGO] autosello ZHIPU · ACECHANDO · Oz=0.0 link=— · manos_feria_informe.json
[RANGO] ZHIPUUSDT_LINEAL last=144.82 · río=WS · mercado=linear · estado=ACECHANDO · dir=— · 0=143.16 · Oz=— · Red=149.31485184 · manos=ON · pos=flat · latido=1.50s
[RANGO] autosello ZHIPU · ACECHANDO · Oz=0.0 link=— · manos_feria_informe.json
[RANGO] ZHIPUUSDT_LINEAL last=144.86 · río=WS · mercado=linear · estado=ACECHANDO · dir=— · 0=143.16 · Oz=— · Red=149.31485184 · manos=ON · pos=flat · latido=1.50s
[RANGO] ZHIPUUSDT_LINEAL last=144.85 · río=WS · mercado=linear · estado=ACECHANDO · dir=— · 0=143.16 · Oz=— · Red=149.31485184 · manos=ON · pos=flat · latido=1.50s
[RANGO] autosello ZHIPU · ACECHANDO · Oz=0.0 link=— · manos_feria_informe.json
[RANGO] ZHIPUUSDT_LINEAL last=144.71 · río=WS · mercado=linear · estado=ACECHANDO · dir=— · 0=143.16 · Oz=— · Red=149.31485184 · manos=ON · pos=flat · latido=1.50s
[RANGO] autosello ZHIPU · ACECHANDO · Oz=0.0 link=— · manos_feria_informe.json
[RANGO] ZHIPUUSDT_LINEAL last=144.7 · río=WS · mercado=linear · estado=ACECHANDO · dir=— · 0=143.16 · Oz=— · Red=149.31485184 · manos=ON · pos=flat · latido=1.50s
[RANGO] ZHIPUUSDT_LINEAL last=144.74 · río=WS · mercado=linear · estado=ACECHANDO · dir=— · 0=143.16 · Oz=— · Red=149.31485184 · manos=ON · pos=flat · latido=1.50s
[RANGO] autosello ZHIPU · ACECHANDO · Oz=0.0 link=— · manos_feria_informe.json
[RANGO] ZHIPUUSDT_LINEAL last=144.67 · río=WS · mercado=linear · estado=ACECHANDO · dir=— · 0=143.16 · Oz=— · Red=149.31485184 · manos=ON · pos=flat · latido=1.50s
[RANGO] autosello ZHIPU · ACECHANDO · Oz=0.0 link=— · manos_feria_informe.json
[RANGO] ZHIPUUSDT_LINEAL last=144.62 · río=WS · mercado=linear · estado=ACECHANDO · dir=— · 0=143.16 · Oz=— · Red=149.31485184 · manos=ON · pos=flat · latido=1.50s
[RANGO] ZHIPUUSDT_LINEAL last=144.78 · río=WS · mercado=linear · estado=ACECHANDO · dir=— · 0=143.16 · Oz=— · Red=149.31485184 · manos=ON · pos=flat · latido=1.50s
[RANGO] autosello ZHIPU · ACECHANDO · Oz=0.0 link=— · manos_feria_informe.json
[RANGO] ZHIPUUSDT_LINEAL last=144.82 · río=WS · mercado=linear · estado=ACECHANDO · dir=— · 0=143.16 · Oz=— · Red=149.31485184 · manos=ON · pos=flat · latido=1.50s
[RANGO] autosello ZHIPU · ACECHANDO · Oz=0.0 link=— · manos_feria_informe.json
[RANGO] ZHIPUUSDT_LINEAL last=144.55 · río=WS · mercado=linear · estado=ACECHANDO · dir=— · 0=143.16 · Oz=— · Red=149.31485184 · manos=ON · pos=flat · latido=0.10s
[RANGO] ZHIPUUSDT_LINEAL last=144.62 · río=WS · mercado=linear · estado=ACECHANDO · dir=— · 0=143.16 · Oz=— · Red=149.31485184 · manos=ON · pos=flat · latido=1.50s
[RANGO] autosello ZHIPU · ACECHANDO · Oz=0.0 link=— · manos_feria_informe.json
[RANGO] ZHIPUUSDT_LINEAL last=144.51 · río=WS · mercado=linear · estado=ACECHANDO · dir=— · 0=143.16 · Oz=— · Red=149.31485184 · manos=ON · pos=flat · latido=0.10s
[RANGO] autosello ZHIPU · ACECHANDO · Oz=0.0 link=— · manos_feria_informe.json
[RANGO] ZHIPUUSDT_LINEAL last=144.48 · río=WS · mercado=linear · estado=ACECHANDO · dir=— · 0=143.16 · Oz=— · Red=149.31485184 · manos=ON · pos=flat · latido=0.10s
[RANGO] ZHIPUUSDT_LINEAL last=144.47 · río=WS · mercado=linear · estado=ACECHANDO · dir=— · 0=143.16 · Oz=— · Red=149.31485184 · manos=ON · pos=flat · latido=0.10s
[RANGO] autosello ZHIPU · ACECHANDO · Oz=0.0 link=— · manos_feria_informe.json
[2026-08-31 09:51:36] [TUSK] RECONCILIACIÓN: POWERUSDT_LINEAL: interno L:0.000000/S:625.000000 -> real L:0.000000/S:571.000000
[2026-08-31 09:51:36] [TUSK] RECONCILIACIÓN_OK: 1 frentes alineados con exchange
[RANGO] ZHIPUUSDT_LINEAL last=144.51 · río=WS · mercado=linear · estado=ACECHANDO · dir=— · 0=143.16 · Oz=— · Red=149.31485184 · manos=ON · pos=flat · latido=0.10s
[RANGO] autosello ZHIPU · ACECHANDO · Oz=0.0 link=— · manos_feria_informe.json
[RANGO] ZHIPUUSDT_LINEAL last=144.62 · río=WS · mercado=linear · estado=ACECHANDO · dir=— · 0=143.16 · Oz=— · Red=149.31485184 · manos=ON · pos=flat · latido=1.50s
[RANGO] ZHIPUUSDT_LINEAL last=144.42 · río=WS · mercado=linear · estado=ACECHANDO · dir=— · 0=143.16 · Oz=— · Red=149.31485184 · manos=ON · pos=flat · latido=0.10s
[RANGO] autosello ZHIPU · ACECHANDO · Oz=0.0 link=— · manos_feria_informe.json
[RANGO] ZHIPUUSDT_LINEAL last=144.52 · río=WS · mercado=linear · estado=ACECHANDO · dir=— · 0=143.16 · Oz=— · Red=149.31485184 · manos=ON · pos=flat · latido=0.10s
[RANGO] autosello ZHIPU · ACECHANDO · Oz=0.0 link=— · manos_feria_informe.json
[RANGO] ZHIPUUSDT_LINEAL last=144.48 · río=WS · mercado=linear · estado=ACECHANDO · dir=— · 0=143.16 · Oz=— · Red=149.31485184 · manos=ON · pos=flat · latido=0.10s
[RANGO] ZHIPUUSDT_LINEAL last=144.59 · río=ciego/muleta · mercado=linear · estado=ACECHANDO · dir=— · 0=143.16 · Oz=— · Red=149.31485184 · manos=ON · pos=flat · latido=1.50s
[RANGO] autosello ZHIPU · ACECHANDO · Oz=0.0 link=— · manos_feria_informe.json
[2026-08-31 09:52:37] [TUSK] RECONCILIACIÓN: POWERUSDT_LINEAL: interno L:0.000000/S:571.000000 -> real L:0.000000/S:516.000000
[2026-08-31 09:52:37] [TUSK] RECONCILIACIÓN_OK: 1 frentes alineados con exchange
[RANGO] ZHIPUUSDT_LINEAL last=144.36 · río=WS · mercado=linear · estado=ACECHANDO · dir=— · 0=143.16 · Oz=— · Red=149.31485184 · manos=ON · pos=flat · latido=0.10s
[RANGO] autosello ZHIPU · ACECHANDO · Oz=0.0 link=— · manos_feria_informe.json
[RANGO] ZHIPUUSDT_LINEAL last=144.59 · río=ciego/muleta · mercado=linear · estado=ACECHANDO · dir=— · 0=143.16 · Oz=— · Red=149.31485184 · manos=ON · pos=flat · latido=1.50s
[RANGO] ZHIPUUSDT_LINEAL last=144.42 · río=WS · mercado=linear · estado=ACECHANDO · dir=— · 0=143.16 · Oz=— · Red=149.31485184 · manos=ON · pos=flat · latido=0.10s
[RANGO] autosello ZHIPU · ACECHANDO · Oz=0.0 link=— · manos_feria_informe.json
[RANGO] ZHIPUUSDT_LINEAL last=144.41 · río=WS · mercado=linear · estado=ACECHANDO · dir=— · 0=143.16 · Oz=— · Red=149.31485184 · manos=ON · pos=flat · latido=0.10s
[RANGO] autosello ZHIPU · ACECHANDO · Oz=0.0 link=— · manos_feria_informe.json
[RANGO] ZHIPUUSDT_LINEAL last=144.5 · río=WS · mercado=linear · estado=ACECHANDO · dir=— · 0=143.16 · Oz=— · Red=149.31485184 · manos=ON · pos=flat · latido=0.10s
[RANGO] ZHIPUUSDT_LINEAL last=144.4 · río=WS · mercado=linear · estado=ACECHANDO · dir=— · 0=143.16 · Oz=— · Red=149.31485184 · manos=ON · pos=flat · latido=0.10s
[RANGO] autosello ZHIPU · ACECHANDO · Oz=0.0 link=— · manos_feria_informe.json
[RANGO] ZHIPUUSDT_LINEAL last=144.5 · río=WS · mercado=linear · estado=ACECHANDO · dir=— · 0=143.16 · Oz=— · Red=149.31485184 · manos=ON · pos=flat · latido=0.10s
[RANGO] autosello ZHIPU · ACECHANDO · Oz=0.0 link=— · manos_feria_informe.json
[RANGO] ZHIPUUSDT_LINEAL last=144.43 · río=WS · mercado=linear · estado=ACECHANDO · dir=— · 0=143.16 · Oz=— · Red=149.31485184 · manos=ON · pos=flat · latido=0.10s
[2026-08-31 09:53:50] [BERU_RANGO] ARMAR: RANGO_ZHIPU_R1_8b0f7b SANGRE → trailing LONG Oz @144.538500 (0,2 detrás de extremo 144.250000) Red @0.000000 ($5.00).
[BERU_RANGO] ARMAR RANGO_ZHIPU_R1_8b0f7b SANGRE direccion=LONG oz_adan=144.5385 red_adan=0.0 masa_usd=5.0 trail_extremo=144.25
[2026-08-31 09:53:50] [BRIDGE] ORDEN_ERROR: Qty invalid (ErrCode: 10001) (ErrTime: 15:53:50).
Request → POST https://api.bybit.com/v5/order/create: {"category": "linear", "symbol": "ZHIPUUSDT", "side": "Buy", "orderType": "Market", "qty": "0.03459285934197463", "orderLinkId": "BRG-TRA-3-a2a546c87f2b96", "positionIdx": 1, "reduceOnly": false, "triggerPrice": "144.5385", "triggerDirection": 1, "triggerBy": "LastPrice", "orderFilter": "StopOrder"}. | LINK:BRG-TRA-3-a2a546c87f2b96
[BELLION OIDO · CRITICO] BRIDGE ORDEN_ERROR
[RANGO] ZHIPU → ARMAR_SANGRE {'ok': True, 'evento': 'ARMAR_SANGRE', 'masa': 5.0, 'dir': 'LONG'}
[RANGO] ZHIPUUSDT_LINEAL last=144.42 · río=WS · mercado=linear · estado=CAZANDO · dir=LONG · 0=143.16 · Oz=144.5385 · Red=— · manos=ON · pos=flat · latido=0.10s
[RANGO] autosello ZHIPU · CAZANDO · Oz=144.5385 link=— · manos_feria_informe.json
[RANGO] ZHIPUUSDT_LINEAL last=144.29 · río=WS · mercado=linear · estado=CAZANDO · dir=LONG · 0=143.16 · Oz=144.5385 · Red=— · manos=ON · pos=flat · latido=0.10s
[RANGO] autosello ZHIPU · CAZANDO · Oz=144.52848 link=— · manos_feria_informe.json
[RANGO] ZHIPUUSDT_LINEAL last=144.4 · río=WS · mercado=linear · estado=CAZANDO · dir=LONG · 0=143.16 · Oz=144.52848 · Red=— · manos=ON · pos=flat · latido=0.10s
[RANGO] ZHIPUUSDT_LINEAL last=144.23 · río=WS · mercado=linear · estado=CAZANDO · dir=LONG · 0=143.16 · Oz=144.51845999999998 · Red=— · manos=ON · pos=flat · latido=0.10s
[RANGO] autosello ZHIPU · CAZANDO · Oz=144.51845999999998 link=— · manos_feria_informe.json
[2026-08-31 09:54:39] [TUSK] RECONCILIACIÓN: POWERUSDT_LINEAL: interno L:0.000000/S:516.000000 -> real L:0.000000/S:645.000000
[2026-08-31 09:54:39] [TUSK] RECONCILIACIÓN_OK: 1 frentes alineados con exchange
[RANGO] ZHIPUUSDT_LINEAL last=144.32 · río=WS · mercado=linear · estado=CAZANDO · dir=LONG · 0=143.16 · Oz=144.51845999999998 · Red=— · manos=ON · pos=flat · latido=0.10s
[RANGO] autosello ZHIPU · CAZANDO · Oz=144.51845999999998 link=— · manos_feria_informe.json
[RANGO] ZHIPUUSDT_LINEAL last=144.36 · río=WS · mercado=linear · estado=CAZANDO · dir=LONG · 0=143.16 · Oz=144.51845999999998 · Red=— · manos=ON · pos=flat · latido=0.10s
[RANGO] ZHIPUUSDT_LINEAL last=144.23 · río=WS · mercado=linear · estado=CAZANDO · dir=LONG · 0=143.16 · Oz=144.51845999999998 · Red=— · manos=ON · pos=flat · latido=0.10s
[RANGO] autosello ZHIPU · CAZANDO · Oz=144.51845999999998 link=— · manos_feria_informe.json
[RANGO] ZHIPUUSDT_LINEAL last=144.34 · río=WS · mercado=linear · estado=CAZANDO · dir=LONG · 0=143.16 · Oz=144.51845999999998 · Red=— · manos=ON · pos=flat · latido=0.10s
[RANGO] autosello ZHIPU · CAZANDO · Oz=144.41826 link=— · manos_feria_informe.json
[RANGO] ZHIPUUSDT_LINEAL last=144.13 · río=WS · mercado=linear · estado=CAZANDO · dir=LONG · 0=143.16 · Oz=144.41826 · Red=— · manos=ON · pos=flat · latido=0.10s
[RANGO] ZHIPUUSDT_LINEAL last=144.23 · río=ciego/muleta · mercado=linear · estado=CAZANDO · dir=LONG · 0=143.16 · Oz=144.41826 · Red=— · manos=ON · pos=flat · latido=0.10s
[RANGO] autosello ZHIPU · CAZANDO · Oz=144.41826 link=— · manos_feria_informe.json
[RANGO] ZHIPUUSDT_LINEAL last=144.19 · río=WS · mercado=linear · estado=CAZANDO · dir=LONG · 0=143.16 · Oz=144.41826 · Red=— · manos=ON · pos=flat · latido=0.10s
[2026-08-31 09:55:40] [TUSK] RECONCILIACIÓN: SNXXUSDT_LINEAL: interno L:6.470000/S:0.000000 -> real L:6.850000/S:0.000000
[2026-08-31 09:55:40] [TUSK] RECONCILIACIÓN_OK: 1 frentes alineados con exchange
[RANGO] autosello ZHIPU · CAZANDO · Oz=144.35814 link=— · manos_feria_informe.json
[RANGO] ZHIPUUSDT_LINEAL last=144.28 · río=WS · mercado=linear · estado=CAZANDO · dir=LONG · 0=143.16 · Oz=144.35814 · Red=— · manos=ON · pos=flat · latido=0.10s
[RANGO] ZHIPUUSDT_LINEAL last=144.27 · río=WS · mercado=linear · estado=CAZANDO · dir=LONG · 0=143.16 · Oz=144.35814 · Red=— · manos=ON · pos=flat · latido=0.10s
[RANGO] autosello ZHIPU · CAZANDO · Oz=144.35814 link=— · manos_feria_informe.json
[2026-08-31 09:56:06] [BRIDGE] ORDEN_ERROR: Qty invalid (ErrCode: 10001) (ErrTime: 15:56:06).
Request → POST https://api.bybit.com/v5/order/create: {"category": "linear", "symbol": "ZHIPUUSDT", "side": "Buy", "orderType": "Market", "qty": "0.03463607940639856", "orderLinkId": "BRG-MKT-3-4ab9be4d00fa3f", "positionIdx": 1, "reduceOnly": false}. | LINK:BRG-MKT-3-4ab9be4d00fa3f
[BELLION OIDO · CRITICO] BRIDGE ORDEN_ERROR
[2026-08-31 09:56:06] [BERU_RANGO] OZ_COSECHA: RANGO_ZHIPU_R1_8b0f7b Oz peldaño @144.358140 fill @144.358140 · wake=143.160000 · sangre act. ARRIBA 2.2% · Red trailing act. @142.625842 (callback 0.2% · $5) · extremo=144.070000.
[BERU_RANGO] OZ_COSECHA RANGO_ZHIPU_R1_8b0f7b wake=143.16 oz=144.35814 fill=144.35814 sangre=ARRIBA red=142.62584232 extremo=144.07 precio=144.35814 masa_usd=5.0
[RANGO] ZHIPU → OZ_COSECHA {'ok': True, 'evento': 'OZ_COSECHA', 'cero': 143.16, 'fill': 144.35814, 'oz_despliegue': 144.35814, 'sangre': 'ARRIBA', 'red': 142.62584232, 'masa_hecha': 5.0, 'trail_extremo': 144.07, 'oz': 144.35814, 'dir': 'LONG'}
[RANGO] ZHIPUUSDT_LINEAL last=144.25 · río=WS · mercado=linear · estado=ACECHANDO · dir=— · 0=143.16 · Oz=— · Red=142.62584232 · manos=ON · pos=flat · latido=1.50s
[RANGO] autosello ZHIPU · ACECHANDO · Oz=0.0 link=— · manos_feria_informe.json
[RANGO] ZHIPUUSDT_LINEAL last=144.22 · río=ciego/muleta · mercado=linear · estado=ACECHANDO · dir=— · 0=143.16 · Oz=— · Red=142.62584232 · manos=ON · pos=flat · latido=1.50s
[RANGO] ZHIPUUSDT_LINEAL last=144.29 · río=WS · mercado=linear · estado=ACECHANDO · dir=— · 0=143.16 · Oz=— · Red=142.62584232 · manos=ON · pos=flat · latido=1.50s
[RANGO] autosello ZHIPU · ACECHANDO · Oz=0.0 link=— · manos_feria_informe.json
[RANGO] ZHIPUUSDT_LINEAL last=144.32 · río=WS · mercado=linear · estado=ACECHANDO · dir=— · 0=143.16 · Oz=— · Red=142.62584232 · manos=ON · pos=flat · latido=1.50s
[2026-08-31 09:56:42] [TUSK] RECONCILIACIÓN: POWERUSDT_LINEAL: interno L:0.000000/S:645.000000 -> real L:0.000000/S:590.000000
[2026-08-31 09:56:42] [TUSK] RECONCILIACIÓN: ROSEUSDT_LINEAL: interno L:0.000000/S:0.000000 -> real L:0.000000/S:2258.000000
[2026-08-31 09:56:42] [TUSK] RECONCILIACIÓN_FANTASMA: LITUSDT_LINEAL existe interno pero no en exchange -> reseteando
[2026-08-31 09:56:42] [TUSK] RECONCILIACIÓN_OK: 3 frentes alineados con exchange
[RANGO] autosello ZHIPU · ACECHANDO · Oz=0.0 link=— · manos_feria_informe.json
[RANGO] ZHIPUUSDT_LINEAL last=144.05 · río=WS · mercado=linear · estado=ACECHANDO · dir=— · 0=143.16 · Oz=— · Red=142.62584232 · manos=ON · pos=flat · latido=1.50s
[RANGO] ZHIPUUSDT_LINEAL last=143.98 · río=WS · mercado=linear · estado=ACECHANDO · dir=— · 0=143.16 · Oz=— · Red=142.62584232 · manos=ON · pos=flat · latido=1.50s
[RANGO] autosello ZHIPU · ACECHANDO · Oz=0.0 link=— · manos_feria_informe.json
[RANGO] ZHIPUUSDT_LINEAL last=144.17 · río=WS · mercado=linear · estado=ACECHANDO · dir=— · 0=143.16 · Oz=— · Red=142.62584232 · manos=ON · pos=flat · latido=1.50s
[RANGO] autosello ZHIPU · ACECHANDO · Oz=0.0 link=— · manos_feria_informe.json
[RANGO] ZHIPUUSDT_LINEAL last=143.88 · río=WS · mercado=linear · estado=ACECHANDO · dir=— · 0=143.16 · Oz=— · Red=142.62584232 · manos=ON · pos=flat · latido=1.50s
[RANGO] ZHIPUUSDT_LINEAL last=144.01 · río=WS · mercado=linear · estado=ACECHANDO · dir=— · 0=143.16 · Oz=— · Red=142.62584232 · manos=ON · pos=flat · latido=1.50s
[RANGO] autosello ZHIPU · ACECHANDO · Oz=0.0 link=— · manos_feria_informe.json
[RANGO] ZHIPUUSDT_LINEAL last=144.06 · río=WS · mercado=linear · estado=ACECHANDO · dir=— · 0=143.16 · Oz=— · Red=142.62584232 · manos=ON · pos=flat · latido=1.50s
[2026-08-31 09:57:43] [TUSK] RECONCILIACIÓN: INTWUSDT_LINEAL: interno L:0.000000/S:0.000000 -> real L:2.680000/S:0.000000
[2026-08-31 09:57:43] [TUSK] RECONCILIACIÓN_FANTASMA: CHIPUSDT_LINEAL existe interno pero no en exchange -> reseteando
[2026-08-31 09:57:43] [TUSK] RECONCILIACIÓN_OK: 2 frentes alineados con exchange
[RANGO] autosello ZHIPU · ACECHANDO · Oz=0.0 link=— · manos_feria_informe.json
[RANGO] ZHIPUUSDT_LINEAL last=143.9 · río=WS · mercado=linear · estado=ACECHANDO · dir=— · 0=143.16 · Oz=— · Red=142.62584232 · manos=ON · pos=flat · latido=1.50s
[RANGO] ZHIPUUSDT_LINEAL last=143.9 · río=WS · mercado=linear · estado=ACECHANDO · dir=— · 0=143.16 · Oz=— · Red=142.62584232 · manos=ON · pos=flat · latido=1.50s
[RANGO] autosello ZHIPU · ACECHANDO · Oz=0.0 link=— · manos_feria_informe.json
[RANGO] ZHIPUUSDT_LINEAL last=143.82 · río=WS · mercado=linear · estado=ACECHANDO · dir=— · 0=143.16 · Oz=— · Red=142.62584232 · manos=ON · pos=flat · latido=1.50s
[RANGO] autosello ZHIPU · ACECHANDO · Oz=0.0 link=— · manos_feria_informe.json
[RANGO] ZHIPUUSDT_LINEAL last=143.84 · río=WS · mercado=linear · estado=ACECHANDO · dir=— · 0=143.16 · Oz=— · Red=142.62584232 · manos=ON · pos=flat · latido=1.50s
[RANGO] ZHIPUUSDT_LINEAL last=143.87 · río=WS · mercado=linear · estado=ACECHANDO · dir=— · 0=143.16 · Oz=— · Red=142.62584232 · manos=ON · pos=flat · latido=1.50s
[RANGO] autosello ZHIPU · ACECHANDO · Oz=0.0 link=— · manos_feria_informe.json
[RANGO] ZHIPUUSDT_LINEAL last=143.99 · río=WS · mercado=linear · estado=ACECHANDO · dir=— · 0=143.16 · Oz=— · Red=142.62584232 · manos=ON · pos=flat · latido=1.50s
[2026-08-31 09:58:44] [TUSK] RECONCILIACIÓN: POWERUSDT_LINEAL: interno L:0.000000/S:590.000000 -> real L:0.000000/S:523.000000
[2026-08-31 09:58:44] [TUSK] RECONCILIACIÓN_OK: 1 frentes alineados con exchange
[RANGO] autosello ZHIPU · ACECHANDO · Oz=0.0 link=— · manos_feria_informe.json
[RANGO] ZHIPUUSDT_LINEAL last=143.93 · río=WS · mercado=linear · estado=ACECHANDO · dir=— · 0=143.16 · Oz=— · Red=142.62584232 · manos=ON · pos=flat · latido=1.50s
[RANGO] ZHIPUUSDT_LINEAL last=143.83 · río=WS · mercado=linear · estado=ACECHANDO · dir=— · 0=143.16 · Oz=— · Red=142.62584232 · manos=ON · pos=flat · latido=1.50s
[RANGO] autosello ZHIPU · ACECHANDO · Oz=0.0 link=— · manos_feria_informe.json
[RANGO] ZHIPUUSDT_LINEAL last=143.82 · río=WS · mercado=linear · estado=ACECHANDO · dir=— · 0=143.16 · Oz=— · Red=142.62584232 · manos=ON · pos=flat · latido=1.50s
[RANGO] autosello ZHIPU · ACECHANDO · Oz=0.0 link=— · manos_feria_informe.json
[RANGO] ZHIPUUSDT_LINEAL last=143.82 · río=WS · mercado=linear · estado=ACECHANDO · dir=— · 0=143.16 · Oz=— · Red=142.62584232 · manos=ON · pos=flat · latido=1.50s
[RANGO] ZHIPUUSDT_LINEAL last=143.88 · río=WS · mercado=linear · estado=ACECHANDO · dir=— · 0=143.16 · Oz=— · Red=142.62584232 · manos=ON · pos=flat · latido=1.50s
[RANGO] autosello ZHIPU · ACECHANDO · Oz=0.0 link=— · manos_feria_informe.json
[RANGO] ZHIPUUSDT_LINEAL last=143.89 · río=WS · mercado=linear · estado=ACECHANDO · dir=— · 0=143.16 · Oz=— · Red=142.62584232 · manos=ON · pos=flat · latido=1.50s
[2026-08-31 09:59:45] [TUSK] RECONCILIACIÓN: MVLLUSDT_LINEAL: interno L:0.000000/S:0.000000 -> real L:3.770000/S:0.000000
[2026-08-31 09:59:45] [TUSK] RECONCILIACIÓN_FANTASMA: NILUSDT_LINEAL existe interno pero no en exchange -> reseteando
[2026-08-31 09:59:45] [TUSK] RECONCILIACIÓN_OK: 2 frentes alineados con exchange
[RANGO] autosello ZHIPU · ACECHANDO · Oz=0.0 link=— · manos_feria_informe.json
[RANGO] ZHIPUUSDT_LINEAL last=143.94 · río=WS · mercado=linear · estado=ACECHANDO · dir=— · 0=143.16 · Oz=— · Red=142.62584232 · manos=ON · pos=flat · latido=1.50s
[RANGO] ZHIPUUSDT_LINEAL last=144.07 · río=WS · mercado=linear · estado=ACECHANDO · dir=— · 0=143.16 · Oz=— · Red=142.62584232 · manos=ON · pos=flat · latido=1.50s
[RANGO] autosello ZHIPU · ACECHANDO · Oz=0.0 link=— · manos_feria_informe.json
[RANGO] ZHIPUUSDT_LINEAL last=143.94 · río=WS · mercado=linear · estado=ACECHANDO · dir=— · 0=143.16 · Oz=— · Red=142.62584232 · manos=ON · pos=flat · latido=1.50s
[RANGO] autosello ZHIPU · ACECHANDO · Oz=0.0 link=— · manos_feria_informe.json
[RANGO] ZHIPUUSDT_LINEAL last=144.0 · río=WS · mercado=linear · estado=ACECHANDO · dir=— · 0=143.16 · Oz=— · Red=142.62584232 · manos=ON · pos=flat · latido=1.50s
[RANGO] ZHIPUUSDT_LINEAL last=143.92 · río=WS · mercado=linear · estado=ACECHANDO · dir=— · 0=143.16 · Oz=— · Red=142.62584232 · manos=ON · pos=flat · latido=1.50s
[RANGO] autosello ZHIPU · ACECHANDO · Oz=0.0 link=— · manos_feria_informe.json
[RANGO] ZHIPUUSDT_LINEAL last=143.98 · río=WS · mercado=linear · estado=ACECHANDO · dir=— · 0=143.16 · Oz=— · Red=142.62584232 · manos=ON · pos=flat · latido=1.50s
[2026-08-31 10:00:46] [TUSK] RECONCILIACIÓN: POWERUSDT_LINEAL: interno L:0.000000/S:523.000000 -> real L:0.000000/S:444.000000
[2026-08-31 10:00:46] [TUSK] RECONCILIACIÓN: KNCUSDT_LINEAL: interno L:0.000000/S:0.000000 -> real L:354.100000/S:0.000000
[2026-08-31 10:00:46] [TUSK] RECONCILIACIÓN: LSKUSDT_LINEAL: interno L:0.000000/S:0.000000 -> real L:94.400000/S:0.000000
[2026-08-31 10:00:46] [TUSK] RECONCILIACIÓN: CRDOUSDT_LINEAL: interno L:0.000000/S:0.000000 -> real L:0.140000/S:0.000000
[2026-08-31 10:00:47] [TUSK] RECONCILIACIÓN: XLMUSDT_LINEAL: interno L:0.000000/S:0.000000 -> real L:334.000000/S:0.000000
[2026-08-31 10:00:47] [TUSK] RECONCILIACIÓN: BATUSDT_LINEAL: interno L:0.000000/S:0.000000 -> real L:277.700000/S:0.000000
[2026-08-31 10:00:47] [TUSK] RECONCILIACIÓN: DASHUSDT_LINEAL: interno L:0.000000/S:0.000000 -> real L:0.000000/S:0.340000
[2026-08-31 10:00:47] [TUSK] RECONCILIACIÓN: SPACEUSDT_LINEAL: interno L:0.000000/S:0.000000 -> real L:3640.000000/S:0.000000
[2026-08-31 10:00:47] [TUSK] RECONCILIACIÓN: HYUNDAIUSDT_LINEAL: interno L:0.000000/S:0.000000 -> real L:0.200000/S:0.000000
[2026-08-31 10:00:47] [TUSK] RECONCILIACIÓN: ORCLUSDT_LINEAL: interno L:0.000000/S:0.000000 -> real L:0.090000/S:0.000000
[2026-08-31 10:00:47] [TUSK] RECONCILIACIÓN: ZBCNUSDT_LINEAL: interno L:0.000000/S:0.000000 -> real L:9700.000000/S:0.000000
[2026-08-31 10:00:47] [TUSK] RECONCILIACIÓN: APLDUSDT_LINEAL: interno L:0.000000/S:0.000000 -> real L:0.880000/S:0.000000
[2026-08-31 10:00:47] [TUSK] RECONCILIACIÓN: WDCUSDT_LINEAL: interno L:0.000000/S:0.000000 -> real L:0.020000/S:0.000000
[2026-08-31 10:00:47] [TUSK] RECONCILIACIÓN: AIGENSYNUSDT_LINEAL: interno L:0.000000/S:0.000000 -> real L:1230.000000/S:0.000000
[2026-08-31 10:00:47] [TUSK] RECONCILIACIÓN: CIENUSDT_LINEAL: interno L:0.000000/S:0.000000 -> real L:0.020000/S:0.000000
[2026-08-31 10:00:47] [TUSK] RECONCILIACIÓN: INTCUSDT_LINEAL: interno L:0.000000/S:0.000000 -> real L:0.130000/S:0.000000
[2026-08-31 10:00:47] [TUSK] RECONCILIACIÓN: SAFEUSDT_LINEAL: interno L:0.000000/S:0.000000 -> real L:0.000000/S:46.600000
[2026-08-31 10:00:47] [TUSK] RECONCILIACIÓN_FANTASMA: SAMSUNGUSDT_LINEAL existe interno pero no en exchange -> reseteando
[2026-08-31 10:00:47] [TUSK] RECONCILIACIÓN_FANTASMA: PLTRUSDT_LINEAL existe interno pero no en exchange -> reseteando
[2026-08-31 10:00:47] [TUSK] RECONCILIACIÓN_FANTASMA: BIOUSDT_LINEAL existe interno pero no en exchange -> reseteando
[2026-08-31 10:00:47] [TUSK] RECONCILIACIÓN_FANTASMA: SNXXUSDT_LINEAL existe interno pero no en exchange -> reseteando
[2026-08-31 10:00:47] [TUSK] RECONCILIACIÓN_FANTASMA: MVLLUSDT_LINEAL existe interno pero no en exchange -> reseteando
[2026-08-31 10:00:47] [TUSK] RECONCILIACIÓN_FANTASMA: INTWUSDT_LINEAL existe interno pero no en exchange -> reseteando
[2026-08-31 10:00:47] [TUSK] RECONCILIACIÓN_FANTASMA: NBISUSDT_LINEAL existe interno pero no en exchange -> reseteando
[2026-08-31 10:00:47] [TUSK] RECONCILIACIÓN_FANTASMA: AXTIUSDT_LINEAL existe interno pero no en exchange -> reseteando
[2026-08-31 10:00:47] [TUSK] RECONCILIACIÓN_FANTASMA: ZKPUSDT_LINEAL existe interno pero no en exchange -> reseteando
[2026-08-31 10:00:47] [TUSK] RECONCILIACIÓN_FANTASMA: MSTRUSDT_LINEAL existe interno pero no en exchange -> reseteando
[2026-08-31 10:00:47] [TUSK] RECONCILIACIÓN_FANTASMA: PURRUSDT_LINEAL existe interno pero no en exchange -> reseteando
[2026-08-31 10:00:47] [TUSK] RECONCILIACIÓN_FANTASMA: MUBARAKUSDT_LINEAL existe interno pero no en exchange -> reseteando
[2026-08-31 10:00:47] [TUSK] RECONCILIACIÓN_FANTASMA: FWDIUSDT_LINEAL existe interno pero no en exchange -> reseteando
[2026-08-31 10:00:47] [TUSK] RECONCILIACIÓN_FANTASMA: SHAZUSDT_LINEAL existe interno pero no en exchange -> reseteando
[2026-08-31 10:00:47] [TUSK] RECONCILIACIÓN_FANTASMA: HYPEUSDT_LINEAL existe interno pero no en exchange -> reseteando
[2026-08-31 10:00:47] [TUSK] RECONCILIACIÓN_FANTASMA: ROSEUSDT_LINEAL existe interno pero no en exchange -> reseteando
[2026-08-31 10:00:47] [TUSK] RECONCILIACIÓN_OK: 33 frentes alineados con exchange
[RANGO] autosello ZHIPU · ACECHANDO · Oz=0.0 link=— · manos_feria_informe.json
[RANGO] ZHIPUUSDT_LINEAL last=144.02 · río=WS · mercado=linear · estado=ACECHANDO · dir=— · 0=143.16 · Oz=— · Red=142.62584232 · manos=ON · pos=flat · latido=1.50s
[RANGO] ZHIPUUSDT_LINEAL last=143.94 · río=WS · mercado=linear · estado=ACECHANDO · dir=— · 0=143.16 · Oz=— · Red=142.62584232 · manos=ON · pos=flat · latido=1.50s
[RANGO] autosello ZHIPU · ACECHANDO · Oz=0.0 link=— · manos_feria_informe.json
[RANGO] ZHIPUUSDT_LINEAL last=143.92 · río=WS · mercado=linear · estado=ACECHANDO · dir=— · 0=143.16 · Oz=— · Red=142.62584232 · manos=ON · pos=flat · latido=1.50s
[RANGO] autosello ZHIPU · ACECHANDO · Oz=0.0 link=— · manos_feria_informe.json
[RANGO] ZHIPUUSDT_LINEAL last=143.92 · río=WS · mercado=linear · estado=ACECHANDO · dir=— · 0=143.16 · Oz=— · Red=142.62584232 · manos=ON · pos=flat · latido=1.50s
[RANGO] ZHIPUUSDT_LINEAL last=144.05 · río=WS · mercado=linear · estado=ACECHANDO · dir=— · 0=143.16 · Oz=— · Red=142.62584232 · manos=ON · pos=flat · latido=1.50s
[RANGO] autosello ZHIPU · ACECHANDO · Oz=0.0 link=— · manos_feria_informe.json
[RANGO] ZHIPUUSDT_LINEAL last=144.03 · río=WS · mercado=linear · estado=ACECHANDO · dir=— · 0=143.16 · Oz=— · Red=142.62584232 · manos=ON · pos=flat · latido=1.50s
[2026-08-31 10:01:48] [TUSK] RECONCILIACIÓN: POWERUSDT_LINEAL: interno L:0.000000/S:444.000000 -> real L:0.000000/S:364.000000
[2026-08-31 10:01:48] [TUSK] RECONCILIACIÓN_OK: 1 frentes alineados con exchange
[RANGO] autosello ZHIPU · ACECHANDO · Oz=0.0 link=— · manos_feria_informe.json
[RANGO] ZHIPUUSDT_LINEAL last=144.07 · río=WS · mercado=linear · estado=ACECHANDO · dir=— · 0=143.16 · Oz=— · Red=142.62584232 · manos=ON · pos=flat · latido=1.50s
[RANGO] ZHIPUUSDT_LINEAL last=144.13 · río=WS · mercado=linear · estado=ACECHANDO · dir=— · 0=143.16 · Oz=— · Red=142.62584232 · manos=ON · pos=flat · latido=1.50s
[RANGO] autosello ZHIPU · ACECHANDO · Oz=0.0 link=— · manos_feria_informe.json
[RANGO] ZHIPUUSDT_LINEAL last=144.12 · río=WS · mercado=linear · estado=ACECHANDO · dir=— · 0=143.16 · Oz=— · Red=142.62584232 · manos=ON · pos=flat · latido=1.50s
[RANGO] autosello ZHIPU · ACECHANDO · Oz=0.0 link=— · manos_feria_informe.json
[RANGO] ZHIPUUSDT_LINEAL last=144.12 · río=WS · mercado=linear · estado=ACECHANDO · dir=— · 0=143.16 · Oz=— · Red=142.62584232 · manos=ON · pos=flat · latido=1.50s
[RANGO] ZHIPUUSDT_LINEAL last=144.22 · río=WS · mercado=linear · estado=ACECHANDO · dir=— · 0=143.16 · Oz=— · Red=142.62584232 · manos=ON · pos=flat · latido=1.50s
[RANGO] autosello ZHIPU · ACECHANDO · Oz=0.0 link=— · manos_feria_informe.json
[RANGO] ZHIPUUSDT_LINEAL last=144.18 · río=WS · mercado=linear · estado=ACECHANDO · dir=— · 0=143.16 · Oz=— · Red=142.62584232 · manos=ON · pos=flat · latido=1.50s
[RANGO] autosello ZHIPU · ACECHANDO · Oz=0.0 link=— · manos_feria_informe.json
[2026-08-31 10:02:49] [TUSK] RECONCILIACIÓN: NBISUSDT_LINEAL: interno L:0.000000/S:0.000000 -> real L:0.000000/S:0.050000
[2026-08-31 10:02:49] [TUSK] RECONCILIACIÓN: RDWUSDT_LINEAL: interno L:0.000000/S:0.000000 -> real L:0.700000/S:0.000000
[2026-08-31 10:02:49] [TUSK] RECONCILIACIÓN_FANTASMA: INTCUSDT_LINEAL existe interno pero no en exchange -> reseteando
[2026-08-31 10:02:49] [TUSK] RECONCILIACIÓN_FANTASMA: SAFEUSDT_LINEAL existe interno pero no en exchange -> reseteando
[2026-08-31 10:02:49] [TUSK] RECONCILIACIÓN_OK: 4 frentes alineados con exchange
[RANGO] ZHIPUUSDT_LINEAL last=144.09 · río=WS · mercado=linear · estado=ACECHANDO · dir=— · 0=143.16 · Oz=— · Red=142.62584232 · manos=ON · pos=flat · latido=1.50s
[RANGO] ZHIPUUSDT_LINEAL last=144.29 · río=WS · mercado=linear · estado=ACECHANDO · dir=— · 0=143.16 · Oz=— · Red=142.62584232 · manos=ON · pos=flat · latido=1.50s
[RANGO] autosello ZHIPU · ACECHANDO · Oz=0.0 link=— · manos_feria_informe.json
[RANGO] ZHIPUUSDT_LINEAL last=144.22 · río=WS · mercado=linear · estado=ACECHANDO · dir=— · 0=143.16 · Oz=— · Red=142.62584232 · manos=ON · pos=flat · latido=1.50s
[RANGO] autosello ZHIPU · ACECHANDO · Oz=0.0 link=— · manos_feria_informe.json
[RANGO] ZHIPUUSDT_LINEAL last=144.36 · río=WS · mercado=linear · estado=ACECHANDO · dir=— · 0=143.16 · Oz=— · Red=142.62584232 · manos=ON · pos=flat · latido=1.50s
[RANGO] ZHIPUUSDT_LINEAL last=144.22 · río=ciego/muleta · mercado=linear · estado=ACECHANDO · dir=— · 0=143.16 · Oz=— · Red=142.62584232 · manos=ON · pos=flat · latido=1.50s
[RANGO] autosello ZHIPU · ACECHANDO · Oz=0.0 link=— · manos_feria_informe.json
[RANGO] ZHIPUUSDT_LINEAL last=144.21 · río=WS · mercado=linear · estado=ACECHANDO · dir=— · 0=143.16 · Oz=— · Red=142.62584232 · manos=ON · pos=flat · latido=1.50s
[RANGO] autosello ZHIPU · ACECHANDO · Oz=0.0 link=— · manos_feria_informe.json
[2026-08-31 10:03:50] [TUSK] RECONCILIACIÓN: FWDIUSDT_LINEAL: interno L:0.000000/S:0.000000 -> real L:0.000000/S:5.100000
[2026-08-31 10:03:50] [TUSK] RECONCILIACIÓN_FANTASMA: CIENUSDT_LINEAL existe interno pero no en exchange -> reseteando
[2026-08-31 10:03:50] [TUSK] RECONCILIACIÓN_OK: 2 frentes alineados con exchange
[RANGO] ZHIPUUSDT_LINEAL last=144.22 · río=WS · mercado=linear · estado=ACECHANDO · dir=— · 0=143.16 · Oz=— · Red=142.62584232 · manos=ON · pos=flat · latido=1.50s
[RANGO] ZHIPUUSDT_LINEAL last=144.24 · río=WS · mercado=linear · estado=ACECHANDO · dir=— · 0=143.16 · Oz=— · Red=142.62584232 · manos=ON · pos=flat · latido=1.50s
[RANGO] autosello ZHIPU · ACECHANDO · Oz=0.0 link=— · manos_feria_informe.json
[RANGO] ZHIPUUSDT_LINEAL last=144.41 · río=WS · mercado=linear · estado=ACECHANDO · dir=— · 0=143.16 · Oz=— · Red=142.62584232 · manos=ON · pos=flat · latido=1.50s
[RANGO] autosello ZHIPU · ACECHANDO · Oz=0.0 link=— · manos_feria_informe.json
[RANGO] ZHIPUUSDT_LINEAL last=144.48 · río=WS · mercado=linear · estado=ACECHANDO · dir=— · 0=143.16 · Oz=— · Red=142.62584232 · manos=ON · pos=flat · latido=1.50s
[RANGO] ZHIPUUSDT_LINEAL last=144.44 · río=WS · mercado=linear · estado=ACECHANDO · dir=— · 0=143.16 · Oz=— · Red=142.62584232 · manos=ON · pos=flat · latido=1.50s
[RANGO] autosello ZHIPU · ACECHANDO · Oz=0.0 link=— · manos_feria_informe.json
[RANGO] ZHIPUUSDT_LINEAL last=144.35 · río=ciego/muleta · mercado=linear · estado=ACECHANDO · dir=— · 0=143.16 · Oz=— · Red=142.62584232 · manos=ON · pos=flat · latido=1.50s
[RANGO] autosello ZHIPU · ACECHANDO · Oz=0.0 link=— · manos_feria_informe.json
[2026-08-31 10:04:51] [TUSK] RECONCILIACIÓN: PLTRUSDT_LINEAL: interno L:0.000000/S:0.000000 -> real L:0.030000/S:0.000000
[2026-08-31 10:04:51] [TUSK] RECONCILIACIÓN_FANTASMA: AIGENSYNUSDT_LINEAL existe interno pero no en exchange -> reseteando
[2026-08-31 10:04:51] [TUSK] RECONCILIACIÓN_OK: 2 frentes alineados con exchange
[RANGO] ZHIPUUSDT_LINEAL last=144.35 · río=ciego/muleta · mercado=linear · estado=ACECHANDO · dir=— · 0=143.16 · Oz=— · Red=142.62584232 · manos=ON · pos=flat · latido=1.50s
[RANGO] autosello ZHIPU · ACECHANDO · Oz=0.0 link=— · manos_feria_informe.json
[RANGO] ZHIPUUSDT_LINEAL last=144.35 · río=WS · mercado=linear · estado=ACECHANDO · dir=— · 0=143.16 · Oz=— · Red=142.62584232 · manos=ON · pos=flat · latido=1.50s
[RANGO] ZHIPUUSDT_LINEAL last=144.3 · río=WS · mercado=linear · estado=ACECHANDO · dir=— · 0=143.16 · Oz=— · Red=142.62584232 · manos=ON · pos=flat · latido=1.50s
[RANGO] autosello ZHIPU · ACECHANDO · Oz=0.0 link=— · manos_feria_informe.json
[RANGO] ZHIPUUSDT_LINEAL last=144.35 · río=ciego/muleta · mercado=linear · estado=ACECHANDO · dir=— · 0=143.16 · Oz=— · Red=142.62584232 · manos=ON · pos=flat · latido=1.50s
[RANGO] autosello ZHIPU · ACECHANDO · Oz=0.0 link=— · manos_feria_informe.json
[RANGO] ZHIPUUSDT_LINEAL last=144.35 · río=ciego/muleta · mercado=linear · estado=ACECHANDO · dir=— · 0=143.16 · Oz=— · Red=142.62584232 · manos=ON · pos=flat · latido=1.50s
[RANGO] ZHIPUUSDT_LINEAL last=144.39 · río=WS · mercado=linear · estado=ACECHANDO · dir=— · 0=143.16 · Oz=— · Red=142.62584232 · manos=ON · pos=flat · latido=1.50s
[RANGO] autosello ZHIPU · ACECHANDO · Oz=0.0 link=— · manos_feria_informe.json
[2026-08-31 10:05:52] [TUSK] RECONCILIACIÓN: NILUSDT_LINEAL: interno L:0.000000/S:0.000000 -> real L:222.000000/S:0.000000
[2026-08-31 10:05:52] [TUSK] RECONCILIACIÓN: KORUUSDT_LINEAL: interno L:0.000000/S:0.000000 -> real L:0.000000/S:4.620000
[2026-08-31 10:05:52] [TUSK] RECONCILIACIÓN_FANTASMA: WDCUSDT_LINEAL existe interno pero no en exchange -> reseteando
[2026-08-31 10:05:52] [TUSK] RECONCILIACIÓN_FANTASMA: SYRUPUSDT_LINEAL existe interno pero no en exchange -> reseteando
[2026-08-31 10:05:52] [TUSK] RECONCILIACIÓN_OK: 4 frentes alineados con exchange
[RANGO] ZHIPUUSDT_LINEAL last=144.39 · río=WS · mercado=linear · estado=ACECHANDO · dir=— · 0=143.16 · Oz=— · Red=142.62584232 · manos=ON · pos=flat · latido=1.50s
[RANGO] autosello ZHIPU · ACECHANDO · Oz=0.0 link=— · manos_feria_informe.json
[RANGO] ZHIPUUSDT_LINEAL last=144.36 · río=WS · mercado=linear · estado=ACECHANDO · dir=— · 0=143.16 · Oz=— · Red=142.62584232 · manos=ON · pos=flat · latido=1.50s
[RANGO] ZHIPUUSDT_LINEAL last=144.33 · río=WS · mercado=linear · estado=ACECHANDO · dir=— · 0=143.16 · Oz=— · Red=142.62584232 · manos=ON · pos=flat · latido=1.50s
[RANGO] autosello ZHIPU · ACECHANDO · Oz=0.0 link=— · manos_feria_informe.json
[RANGO] ZHIPUUSDT_LINEAL last=144.35 · río=ciego/muleta · mercado=linear · estado=ACECHANDO · dir=— · 0=143.16 · Oz=— · Red=142.62584232 · manos=ON · pos=flat · latido=1.50s
[RANGO] autosello ZHIPU · ACECHANDO · Oz=0.0 link=— · manos_feria_informe.json
[RANGO] ZHIPUUSDT_LINEAL last=144.23 · río=WS · mercado=linear · estado=ACECHANDO · dir=— · 0=143.16 · Oz=— · Red=142.62584232 · manos=ON · pos=flat · latido=1.50s
[RANGO] ZHIPUUSDT_LINEAL last=144.21 · río=WS · mercado=linear · estado=ACECHANDO · dir=— · 0=143.16 · Oz=— · Red=142.62584232 · manos=ON · pos=flat · latido=1.50s
[RANGO] autosello ZHIPU · ACECHANDO · Oz=0.0 link=— · manos_feria_informe.json
[2026-08-31 10:06:53] [TUSK] RECONCILIACIÓN: TWTUSDT_LINEAL: interno L:0.000000/S:0.000000 -> real L:48.800000/S:0.000000
[2026-08-31 10:06:53] [TUSK] RECONCILIACIÓN: ZEREBROUSDT_LINEAL: interno L:0.000000/S:0.000000 -> real L:0.000000/S:556.000000
[2026-08-31 10:06:53] [TUSK] RECONCILIACIÓN_FANTASMA: ZBCNUSDT_LINEAL existe interno pero no en exchange -> reseteando
[2026-08-31 10:06:53] [TUSK] RECONCILIACIÓN_FANTASMA: APLDUSDT_LINEAL existe interno pero no en exchange -> reseteando
[2026-08-31 10:06:53] [TUSK] RECONCILIACIÓN_OK: 4 frentes alineados con exchange
[RANGO] ZHIPUUSDT_LINEAL last=144.35 · río=ciego/muleta · mercado=linear · estado=ACECHANDO · dir=— · 0=143.16 · Oz=— · Red=142.62584232 · manos=ON · pos=flat · latido=1.50s
[RANGO] autosello ZHIPU · ACECHANDO · Oz=0.0 link=— · manos_feria_informe.json
[RANGO] ZHIPUUSDT_LINEAL last=144.25 · río=WS · mercado=linear · estado=ACECHANDO · dir=— · 0=143.16 · Oz=— · Red=142.62584232 · manos=ON · pos=flat · latido=1.50s
[RANGO] ZHIPUUSDT_LINEAL last=144.21 · río=WS · mercado=linear · estado=ACECHANDO · dir=— · 0=143.16 · Oz=— · Red=142.62584232 · manos=ON · pos=flat · latido=1.50s
[RANGO] autosello ZHIPU · ACECHANDO · Oz=0.0 link=— · manos_feria_informe.json
[RANGO] ZHIPUUSDT_LINEAL last=144.25 · río=WS · mercado=linear · estado=ACECHANDO · dir=— · 0=143.16 · Oz=— · Red=142.62584232 · manos=ON · pos=flat · latido=1.50s
[RANGO] autosello ZHIPU · ACECHANDO · Oz=0.0 link=— · manos_feria_informe.json
[RANGO] ZHIPUUSDT_LINEAL last=144.35 · río=ciego/muleta · mercado=linear · estado=ACECHANDO · dir=— · 0=143.16 · Oz=— · Red=142.62584232 · manos=ON · pos=flat · latido=1.50s
[RANGO] autosello ZHIPU · ACECHANDO · Oz=0.0 link=— · manos_feria_informe.json
[RANGO] ZHIPUUSDT_LINEAL last=144.35 · río=ciego/muleta · mercado=linear · estado=ACECHANDO · dir=— · 0=143.16 · Oz=— · Red=142.62584232 · manos=ON · pos=flat · latido=1.50s
[RANGO] ZHIPUUSDT_LINEAL last=144.35 · río=ciego/muleta · mercado=linear · estado=ACECHANDO · dir=— · 0=143.16 · Oz=— · Red=142.62584232 · manos=ON · pos=flat · latido=1.50s
[RANGO] autosello ZHIPU · ACECHANDO · Oz=0.0 link=— · manos_feria_informe.json
[RANGO] ZHIPUUSDT_LINEAL last=144.25 · río=WS · mercado=linear · estado=ACECHANDO · dir=— · 0=143.16 · Oz=— · Red=142.62584232 · manos=ON · pos=flat · latido=1.50s
[RANGO] autosello ZHIPU · ACECHANDO · Oz=0.0 link=— · manos_feria_informe.json
[RANGO] ZHIPUUSDT_LINEAL last=144.28 · río=WS · mercado=linear · estado=ACECHANDO · dir=— · 0=143.16 · Oz=— · Red=142.62584232 · manos=ON · pos=flat · latido=1.50s
[RANGO] ZHIPUUSDT_LINEAL last=144.24 · río=WS · mercado=linear · estado=ACECHANDO · dir=— · 0=143.16 · Oz=— · Red=142.62584232 · manos=ON · pos=flat · latido=1.50s
[RANGO] autosello ZHIPU · ACECHANDO · Oz=0.0 link=— · manos_feria_informe.json
[RANGO] ZHIPUUSDT_LINEAL last=144.35 · río=ciego/muleta · mercado=linear · estado=ACECHANDO · dir=— · 0=143.16 · Oz=— · Red=142.62584232 · manos=ON · pos=flat · latido=1.50s
[RANGO] autosello ZHIPU · ACECHANDO · Oz=0.0 link=— · manos_feria_informe.json
[RANGO] ZHIPUUSDT_LINEAL last=144.35 · río=ciego/muleta · mercado=linear · estado=ACECHANDO · dir=— · 0=143.16 · Oz=— · Red=142.62584232 · manos=ON · pos=flat · latido=1.50s
[2026-08-31 10:08:55] [TUSK] RECONCILIACIÓN: XANUSDT_LINEAL: interno L:0.000000/S:982.000000 -> real L:0.000000/S:542.000000
[2026-08-31 10:08:55] [TUSK] RECONCILIACIÓN: SNXXUSDT_LINEAL: interno L:0.000000/S:0.000000 -> real L:7.610000/S:0.000000
[2026-08-31 10:08:55] [TUSK] RECONCILIACIÓN: POWERUSDT_LINEAL: interno L:0.000000/S:364.000000 -> real L:0.000000/S:307.000000
[2026-08-31 10:08:55] [TUSK] RECONCILIACIÓN_FANTASMA: ORCLUSDT_LINEAL existe interno pero no en exchange -> reseteando
[2026-08-31 10:08:55] [TUSK] RECONCILIACIÓN_OK: 4 frentes alineados con exchange
[RANGO] ZHIPUUSDT_LINEAL last=144.2 · río=WS · mercado=linear · estado=ACECHANDO · dir=— · 0=143.16 · Oz=— · Red=142.62584232 · manos=ON · pos=flat · latido=1.50s
[RANGO] autosello ZHIPU · ACECHANDO · Oz=0.0 link=— · manos_feria_informe.json
[RANGO] ZHIPUUSDT_LINEAL last=144.35 · río=ciego/muleta · mercado=linear · estado=ACECHANDO · dir=— · 0=143.16 · Oz=— · Red=142.62584232 · manos=ON · pos=flat · latido=1.50s
[RANGO] autosello ZHIPU · ACECHANDO · Oz=0.0 link=— · manos_feria_informe.json
[RANGO] ZHIPUUSDT_LINEAL last=144.19 · río=WS · mercado=linear · estado=ACECHANDO · dir=— · 0=143.16 · Oz=— · Red=142.62584232 · manos=ON · pos=flat · latido=1.50s
[RANGO] ZHIPUUSDT_LINEAL last=144.23 · río=WS · mercado=linear · estado=ACECHANDO · dir=— · 0=143.16 · Oz=— · Red=142.62584232 · manos=ON · pos=flat · latido=1.50s
[RANGO] autosello ZHIPU · ACECHANDO · Oz=0.0 link=— · manos_feria_informe.json
[RANGO] ZHIPUUSDT_LINEAL last=144.23 · río=WS · mercado=linear · estado=ACECHANDO · dir=— · 0=143.16 · Oz=— · Red=142.62584232 · manos=ON · pos=flat · latido=1.50s
[RANGO] autosello ZHIPU · ACECHANDO · Oz=0.0 link=— · manos_feria_informe.json
[RANGO] ZHIPUUSDT_LINEAL last=144.36 · río=WS · mercado=linear · estado=ACECHANDO · dir=— · 0=143.16 · Oz=— · Red=142.62584232 · manos=ON · pos=flat · latido=1.50s
[2026-08-31 10:09:56] [TUSK] RECONCILIACIÓN: CHIPUSDT_LINEAL: interno L:0.000000/S:0.000000 -> real L:390.000000/S:0.000000
[2026-08-31 10:09:56] [TUSK] RECONCILIACIÓN: AXTIUSDT_LINEAL: interno L:0.000000/S:0.000000 -> real L:1.690000/S:0.000000
[2026-08-31 10:09:56] [TUSK] RECONCILIACIÓN_FANTASMA: SPACEUSDT_LINEAL existe interno pero no en exchange -> reseteando
[2026-08-31 10:09:56] [TUSK] RECONCILIACIÓN_FANTASMA: HYUNDAIUSDT_LINEAL existe interno pero no en exchange -> reseteando
[2026-08-31 10:09:56] [TUSK] RECONCILIACIÓN_OK: 4 frentes alineados con exchange
[RANGO] ZHIPUUSDT_LINEAL last=144.38 · río=WS · mercado=linear · estado=ACECHANDO · dir=— · 0=143.16 · Oz=— · Red=142.62584232 · manos=ON · pos=flat · latido=1.50s
[RANGO] autosello ZHIPU · ACECHANDO · Oz=0.0 link=— · manos_feria_informe.json
[RANGO] ZHIPUUSDT_LINEAL last=144.36 · río=ciego/muleta · mercado=linear · estado=ACECHANDO · dir=— · 0=143.16 · Oz=— · Red=142.62584232 · manos=ON · pos=flat · latido=1.50s
[RANGO] autosello ZHIPU · ACECHANDO · Oz=0.0 link=— · manos_feria_informe.json
[RANGO] ZHIPUUSDT_LINEAL last=144.25 · río=WS · mercado=linear · estado=ACECHANDO · dir=— · 0=143.16 · Oz=— · Red=142.62584232 · manos=ON · pos=flat · latido=1.50s
[RANGO] autosello ZHIPU · ACECHANDO · Oz=0.0 link=— · manos_feria_informe.json
[RANGO] ZHIPUUSDT_LINEAL last=144.36 · río=ciego/muleta · mercado=linear · estado=ACECHANDO · dir=— · 0=143.16 · Oz=— · Red=142.62584232 · manos=ON · pos=flat · latido=1.50s
[RANGO] ZHIPUUSDT_LINEAL last=144.4 · río=WS · mercado=linear · estado=ACECHANDO · dir=— · 0=143.16 · Oz=— · Red=142.62584232 · manos=ON · pos=flat · latido=1.50s
[RANGO] autosello ZHIPU · ACECHANDO · Oz=0.0 link=— · manos_feria_informe.json
[RANGO] ZHIPUUSDT_LINEAL last=144.34 · río=WS · mercado=linear · estado=ACECHANDO · dir=— · 0=143.16 · Oz=— · Red=142.62584232 · manos=ON · pos=flat · latido=1.50s
[2026-08-31 10:10:57] [TUSK] RECONCILIACIÓN: ZEREBROUSDT_LINEAL: interno L:0.000000/S:556.000000 -> real L:0.000000/S:686.000000
[2026-08-31 10:10:57] [TUSK] RECONCILIACIÓN: VVVUSDT_LINEAL: interno L:0.000000/S:0.000000 -> real L:2.880000/S:0.000000
[2026-08-31 10:10:57] [TUSK] RECONCILIACIÓN_FANTASMA: DASHUSDT_LINEAL existe interno pero no en exchange -> reseteando
[2026-08-31 10:10:57] [TUSK] RECONCILIACIÓN_OK: 3 frentes alineados con exchange
[RANGO] autosello ZHIPU · ACECHANDO · Oz=0.0 link=— · manos_feria_informe.json
[RANGO] ZHIPUUSDT_LINEAL last=144.3 · río=WS · mercado=linear · estado=ACECHANDO · dir=— · 0=143.16 · Oz=— · Red=142.62584232 · manos=ON · pos=flat · latido=1.50s
[RANGO] ZHIPUUSDT_LINEAL last=144.22 · río=WS · mercado=linear · estado=ACECHANDO · dir=— · 0=143.16 · Oz=— · Red=142.62584232 · manos=ON · pos=flat · latido=1.50s
[RANGO] autosello ZHIPU · ACECHANDO · Oz=0.0 link=— · manos_feria_informe.json
[RANGO] ZHIPUUSDT_LINEAL last=144.24 · río=WS · mercado=linear · estado=ACECHANDO · dir=— · 0=143.16 · Oz=— · Red=142.62584232 · manos=ON · pos=flat · latido=1.50s
[RANGO] autosello ZHIPU · ACECHANDO · Oz=0.0 link=— · manos_feria_informe.json
[RANGO] ZHIPUUSDT_LINEAL last=144.24 · río=WS · mercado=linear · estado=ACECHANDO · dir=— · 0=143.16 · Oz=— · Red=142.62584232 · manos=ON · pos=flat · latido=1.50s
[RANGO] ZHIPUUSDT_LINEAL last=144.24 · río=WS · mercado=linear · estado=ACECHANDO · dir=— · 0=143.16 · Oz=— · Red=142.62584232 · manos=ON · pos=flat · latido=1.50s
[RANGO] autosello ZHIPU · ACECHANDO · Oz=0.0 link=— · manos_feria_informe.json
[RANGO] ZHIPUUSDT_LINEAL last=144.31 · río=WS · mercado=linear · estado=ACECHANDO · dir=— · 0=143.16 · Oz=— · Red=142.62584232 · manos=ON · pos=flat · latido=1.50s
[RANGO] autosello ZHIPU · ACECHANDO · Oz=0.0 link=— · manos_feria_informe.json
[RANGO] ZHIPUUSDT_LINEAL last=144.47 · río=WS · mercado=linear · estado=ACECHANDO · dir=— · 0=143.16 · Oz=— · Red=142.62584232 · manos=ON · pos=flat · latido=1.50s
[RANGO] ZHIPUUSDT_LINEAL last=144.34 · río=WS · mercado=linear · estado=ACECHANDO · dir=— · 0=143.16 · Oz=— · Red=142.62584232 · manos=ON · pos=flat · latido=1.50s
[RANGO] autosello ZHIPU · ACECHANDO · Oz=0.0 link=— · manos_feria_informe.json
[RANGO] ZHIPUUSDT_LINEAL last=144.37 · río=WS · mercado=linear · estado=ACECHANDO · dir=— · 0=143.16 · Oz=— · Red=142.62584232 · manos=ON · pos=flat · latido=1.50s
[RANGO] autosello ZHIPU · ACECHANDO · Oz=0.0 link=— · manos_feria_informe.json
[RANGO] ZHIPUUSDT_LINEAL last=144.36 · río=WS · mercado=linear · estado=ACECHANDO · dir=— · 0=143.16 · Oz=— · Red=142.62584232 · manos=ON · pos=flat · latido=1.50s
[RANGO] ZHIPUUSDT_LINEAL last=144.35 · río=WS · mercado=linear · estado=ACECHANDO · dir=— · 0=143.16 · Oz=— · Red=142.62584232 · manos=ON · pos=flat · latido=1.50s
[RANGO] autosello ZHIPU · ACECHANDO · Oz=0.0 link=— · manos_feria_informe.json
[RANGO] ZHIPUUSDT_LINEAL last=144.37 · río=WS · mercado=linear · estado=ACECHANDO · dir=— · 0=143.16 · Oz=— · Red=142.62584232 · manos=ON · pos=flat · latido=1.50s
[2026-08-31 10:13:00] [TUSK] RECONCILIACIÓN: FWDIUSDT_LINEAL: interno L:0.000000/S:5.100000 -> real L:0.000000/S:6.000000
[2026-08-31 10:13:00] [TUSK] RECONCILIACIÓN_OK: 1 frentes alineados con exchange
[RANGO] autosello ZHIPU · ACECHANDO · Oz=0.0 link=— · manos_feria_informe.json
[RANGO] ZHIPUUSDT_LINEAL last=144.28 · río=WS · mercado=linear · estado=ACECHANDO · dir=— · 0=143.16 · Oz=— · Red=142.62584232 · manos=ON · pos=flat · latido=1.50s
[RANGO] ZHIPUUSDT_LINEAL last=144.28 · río=WS · mercado=linear · estado=ACECHANDO · dir=— · 0=143.16 · Oz=— · Red=142.62584232 · manos=ON · pos=flat · latido=1.50s
[RANGO] autosello ZHIPU · ACECHANDO · Oz=0.0 link=— · manos_feria_informe.json
[RANGO] ZHIPUUSDT_LINEAL last=144.32 · río=WS · mercado=linear · estado=ACECHANDO · dir=— · 0=143.16 · Oz=— · Red=142.62584232 · manos=ON · pos=flat · latido=1.50s
[RANGO] autosello ZHIPU · ACECHANDO · Oz=0.0 link=— · manos_feria_informe.json
[RANGO] ZHIPUUSDT_LINEAL last=144.35 · río=WS · mercado=linear · estado=ACECHANDO · dir=— · 0=143.16 · Oz=— · Red=142.62584232 · manos=ON · pos=flat · latido=1.50s
[RANGO] ZHIPUUSDT_LINEAL last=144.35 · río=WS · mercado=linear · estado=ACECHANDO · dir=— · 0=143.16 · Oz=— · Red=142.62584232 · manos=ON · pos=flat · latido=1.50s
[RANGO] autosello ZHIPU · ACECHANDO · Oz=0.0 link=— · manos_feria_informe.json
[RANGO] ZHIPUUSDT_LINEAL last=144.35 · río=WS · mercado=linear · estado=ACECHANDO · dir=— · 0=143.16 · Oz=— · Red=142.62584232 · manos=ON · pos=flat · latido=1.50s
[2026-08-31 10:14:01] [TUSK] RECONCILIACIÓN: TSLLUSDT_LINEAL: interno L:0.000000/S:0.000000 -> real L:0.120000/S:0.000000
[2026-08-31 10:14:01] [TUSK] RECONCILIACIÓN: FWDIUSDT_LINEAL: interno L:0.000000/S:6.000000 -> real L:0.000000/S:6.900000
[2026-08-31 10:14:01] [TUSK] RECONCILIACIÓN_FANTASMA: COTIUSDT_LINEAL existe interno pero no en exchange -> reseteando
[2026-08-31 10:14:01] [TUSK] RECONCILIACIÓN_OK: 3 frentes alineados con exchange
[RANGO] autosello ZHIPU · ACECHANDO · Oz=0.0 link=— · manos_feria_informe.json
[RANGO] ZHIPUUSDT_LINEAL last=144.48 · río=WS · mercado=linear · estado=ACECHANDO · dir=— · 0=143.16 · Oz=— · Red=142.62584232 · manos=ON · pos=flat · latido=1.50s
[RANGO] ZHIPUUSDT_LINEAL last=144.46 · río=WS · mercado=linear · estado=ACECHANDO · dir=— · 0=143.16 · Oz=— · Red=142.62584232 · manos=ON · pos=flat · latido=1.50s
[RANGO] autosello ZHIPU · ACECHANDO · Oz=0.0 link=— · manos_feria_informe.json
[RANGO] ZHIPUUSDT_LINEAL last=144.47 · río=ciego/muleta · mercado=linear · estado=ACECHANDO · dir=— · 0=143.16 · Oz=— · Red=142.62584232 · manos=ON · pos=flat · latido=1.50s
[RANGO] autosello ZHIPU · ACECHANDO · Oz=0.0 link=— · manos_feria_informe.json
[RANGO] ZHIPUUSDT_LINEAL last=144.47 · río=ciego/muleta · mercado=linear · estado=ACECHANDO · dir=— · 0=143.16 · Oz=— · Red=142.62584232 · manos=ON · pos=flat · latido=1.50s
[RANGO] ZHIPUUSDT_LINEAL last=144.38 · río=WS · mercado=linear · estado=ACECHANDO · dir=— · 0=143.16 · Oz=— · Red=142.62584232 · manos=ON · pos=flat · latido=1.50s
[RANGO] autosello ZHIPU · ACECHANDO · Oz=0.0 link=— · manos_feria_informe.json
[RANGO] ZHIPUUSDT_LINEAL last=144.36 · río=WS · mercado=linear · estado=ACECHANDO · dir=— · 0=143.16 · Oz=— · Red=142.62584232 · manos=ON · pos=flat · latido=1.50s
[2026-08-31 10:15:02] [TUSK] RECONCILIACIÓN: SNXXUSDT_LINEAL: interno L:7.610000/S:0.000000 -> real L:8.080000/S:0.000000
[2026-08-31 10:15:02] [TUSK] RECONCILIACIÓN_OK: 1 frentes alineados con exchange
[RANGO] autosello ZHIPU · ACECHANDO · Oz=0.0 link=— · manos_feria_informe.json
[RANGO] ZHIPUUSDT_LINEAL last=144.35 · río=WS · mercado=linear · estado=ACECHANDO · dir=— · 0=143.16 · Oz=— · Red=142.62584232 · manos=ON · pos=flat · latido=1.50s
[RANGO] ZHIPUUSDT_LINEAL last=144.35 · río=WS · mercado=linear · estado=ACECHANDO · dir=— · 0=143.16 · Oz=— · Red=142.62584232 · manos=ON · pos=flat · latido=1.50s
[RANGO] autosello ZHIPU · ACECHANDO · Oz=0.0 link=— · manos_feria_informe.json
[RANGO] ZHIPUUSDT_LINEAL last=144.45 · río=WS · mercado=linear · estado=ACECHANDO · dir=— · 0=143.16 · Oz=— · Red=142.62584232 · manos=ON · pos=flat · latido=1.50s
[RANGO] autosello ZHIPU · ACECHANDO · Oz=0.0 link=— · manos_feria_informe.json
[RANGO] ZHIPUUSDT_LINEAL last=144.48 · río=WS · mercado=linear · estado=ACECHANDO · dir=— · 0=143.16 · Oz=— · Red=142.62584232 · manos=ON · pos=flat · latido=1.50s
[RANGO] ZHIPUUSDT_LINEAL last=144.39 · río=WS · mercado=linear · estado=ACECHANDO · dir=— · 0=143.16 · Oz=— · Red=142.62584232 · manos=ON · pos=flat · latido=1.50s
[RANGO] autosello ZHIPU · ACECHANDO · Oz=0.0 link=— · manos_feria_informe.json
[RANGO] ZHIPUUSDT_LINEAL last=144.51 · río=WS · mercado=linear · estado=ACECHANDO · dir=— · 0=143.16 · Oz=— · Red=142.62584232 · manos=ON · pos=flat · latido=1.50s
[2026-08-31 10:16:03] [TUSK] RECONCILIACIÓN: UNIUSDT_LINEAL: interno L:0.000000/S:0.000000 -> real L:1.100000/S:0.000000
[2026-08-31 10:16:03] [TUSK] RECONCILIACIÓN_FANTASMA: BATUSDT_LINEAL existe interno pero no en exchange -> reseteando
[2026-08-31 10:16:03] [TUSK] RECONCILIACIÓN_OK: 2 frentes alineados con exchange
[RANGO] autosello ZHIPU · ACECHANDO · Oz=0.0 link=— · manos_feria_informe.json
[RANGO] ZHIPUUSDT_LINEAL last=144.38 · río=WS · mercado=linear · estado=ACECHANDO · dir=— · 0=143.16 · Oz=— · Red=142.62584232 · manos=ON · pos=flat · latido=1.50s
[RANGO] ZHIPUUSDT_LINEAL last=144.47 · río=ciego/muleta · mercado=linear · estado=ACECHANDO · dir=— · 0=143.16 · Oz=— · Red=142.62584232 · manos=ON · pos=flat · latido=1.50s
[RANGO] autosello ZHIPU · ACECHANDO · Oz=0.0 link=— · manos_feria_informe.json
[RANGO] ZHIPUUSDT_LINEAL last=144.38 · río=WS · mercado=linear · estado=ACECHANDO · dir=— · 0=143.16 · Oz=— · Red=142.62584232 · manos=ON · pos=flat · latido=1.50s
[RANGO] autosello ZHIPU · ACECHANDO · Oz=0.0 link=— · manos_feria_informe.json
[RANGO] ZHIPUUSDT_LINEAL last=144.47 · río=ciego/muleta · mercado=linear · estado=ACECHANDO · dir=— · 0=143.16 · Oz=— · Red=142.62584232 · manos=ON · pos=flat · latido=1.50s
[RANGO] ZHIPUUSDT_LINEAL last=144.35 · río=WS · mercado=linear · estado=ACECHANDO · dir=— · 0=143.16 · Oz=— · Red=142.62584232 · manos=ON · pos=flat · latido=1.50s
[RANGO] autosello ZHIPU · ACECHANDO · Oz=0.0 link=— · manos_feria_informe.json
[RANGO] ZHIPUUSDT_LINEAL last=144.48 · río=WS · mercado=linear · estado=ACECHANDO · dir=— · 0=143.16 · Oz=— · Red=142.62584232 · manos=ON · pos=flat · latido=1.50s
[RANGO] autosello ZHIPU · ACECHANDO · Oz=0.0 link=— · manos_feria_informe.json
[RANGO] ZHIPUUSDT_LINEAL last=144.49 · río=WS · mercado=linear · estado=ACECHANDO · dir=— · 0=143.16 · Oz=— · Red=142.62584232 · manos=ON · pos=flat · latido=1.50s
[RANGO] ZHIPUUSDT_LINEAL last=144.45 · río=WS · mercado=linear · estado=ACECHANDO · dir=— · 0=143.16 · Oz=— · Red=142.62584232 · manos=ON · pos=flat · latido=1.50s
[RANGO] autosello ZHIPU · ACECHANDO · Oz=0.0 link=— · manos_feria_informe.json
[RANGO] ZHIPUUSDT_LINEAL last=144.46 · río=WS · mercado=linear · estado=ACECHANDO · dir=— · 0=143.16 · Oz=— · Red=142.62584232 · manos=ON · pos=flat · latido=1.50s
[RANGO] autosello ZHIPU · ACECHANDO · Oz=0.0 link=— · manos_feria_informe.json
[RANGO] ZHIPUUSDT_LINEAL last=144.36 · río=WS · mercado=linear · estado=ACECHANDO · dir=— · 0=143.16 · Oz=— · Red=142.62584232 · manos=ON · pos=flat · latido=1.50s
[RANGO] ZHIPUUSDT_LINEAL last=144.47 · río=ciego/muleta · mercado=linear · estado=ACECHANDO · dir=— · 0=143.16 · Oz=— · Red=142.62584232 · manos=ON · pos=flat · latido=1.50s
[RANGO] autosello ZHIPU · ACECHANDO · Oz=0.0 link=— · manos_feria_informe.json
[RANGO] ZHIPUUSDT_LINEAL last=144.47 · río=ciego/muleta · mercado=linear · estado=ACECHANDO · dir=— · 0=143.16 · Oz=— · Red=142.62584232 · manos=ON · pos=flat · latido=1.50s
[RANGO] autosello ZHIPU · ACECHANDO · Oz=0.0 link=— · manos_feria_informe.json
[2026-08-31 10:18:05] [TUSK] RECONCILIACIÓN: OUSDT_LINEAL: interno L:0.000000/S:0.000000 -> real L:0.000000/S:34.000000
[2026-08-31 10:18:05] [TUSK] RECONCILIACIÓN_FANTASMA: XLMUSDT_LINEAL existe interno pero no en exchange -> reseteando
[2026-08-31 10:18:05] [TUSK] RECONCILIACIÓN_OK: 2 frentes alineados con exchange
[RANGO] ZHIPUUSDT_LINEAL last=144.47 · río=ciego/muleta · mercado=linear · estado=ACECHANDO · dir=— · 0=143.16 · Oz=— · Red=142.62584232 · manos=ON · pos=flat · latido=1.50s
[RANGO] autosello ZHIPU · ACECHANDO · Oz=0.0 link=— · manos_feria_informe.json
[RANGO] ZHIPUUSDT_LINEAL last=144.48 · río=WS · mercado=linear · estado=ACECHANDO · dir=— · 0=143.16 · Oz=— · Red=142.62584232 · manos=ON · pos=flat · latido=1.50s
[RANGO] ZHIPUUSDT_LINEAL last=144.57 · río=WS · mercado=linear · estado=ACECHANDO · dir=— · 0=143.16 · Oz=— · Red=142.62584232 · manos=ON · pos=flat · latido=1.50s
[RANGO] autosello ZHIPU · ACECHANDO · Oz=0.0 link=— · manos_feria_informe.json
[RANGO] ZHIPUUSDT_LINEAL last=144.47 · río=ciego/muleta · mercado=linear · estado=ACECHANDO · dir=— · 0=143.16 · Oz=— · Red=142.62584232 · manos=ON · pos=flat · latido=1.50s
[RANGO] autosello ZHIPU · ACECHANDO · Oz=0.0 link=— · manos_feria_informe.json
[RANGO] ZHIPUUSDT_LINEAL last=144.54 · río=WS · mercado=linear · estado=ACECHANDO · dir=— · 0=143.16 · Oz=— · Red=142.62584232 · manos=ON · pos=flat · latido=1.50s
[RANGO] ZHIPUUSDT_LINEAL last=144.51 · río=WS · mercado=linear · estado=ACECHANDO · dir=— · 0=143.16 · Oz=— · Red=142.62584232 · manos=ON · pos=flat · latido=1.50s
[RANGO] autosello ZHIPU · ACECHANDO · Oz=0.0 link=— · manos_feria_informe.json
[RANGO] ZHIPUUSDT_LINEAL last=144.64 · río=WS · mercado=linear · estado=ACECHANDO · dir=— · 0=143.16 · Oz=— · Red=142.62584232 · manos=ON · pos=flat · latido=1.50s
[RANGO] autosello ZHIPU · ACECHANDO · Oz=0.0 link=— · manos_feria_informe.json
[RANGO] ZHIPUUSDT_LINEAL last=144.59 · río=WS · mercado=linear · estado=ACECHANDO · dir=— · 0=143.16 · Oz=— · Red=142.62584232 · manos=ON · pos=flat · latido=1.50s
[RANGO] ZHIPUUSDT_LINEAL last=144.54 · río=ciego/muleta · mercado=linear · estado=ACECHANDO · dir=— · 0=143.16 · Oz=— · Red=142.62584232 · manos=ON · pos=flat · latido=1.50s
[RANGO] autosello ZHIPU · ACECHANDO · Oz=0.0 link=— · manos_feria_informe.json
[RANGO] ZHIPUUSDT_LINEAL last=144.47 · río=WS · mercado=linear · estado=ACECHANDO · dir=— · 0=143.16 · Oz=— · Red=142.62584232 · manos=ON · pos=flat · latido=1.50s
[RANGO] autosello ZHIPU · ACECHANDO · Oz=0.0 link=— · manos_feria_informe.json
[RANGO] ZHIPUUSDT_LINEAL last=144.54 · río=ciego/muleta · mercado=linear · estado=ACECHANDO · dir=— · 0=143.16 · Oz=— · Red=142.62584232 · manos=ON · pos=flat · latido=1.50s
[RANGO] ZHIPUUSDT_LINEAL last=144.55 · río=WS · mercado=linear · estado=ACECHANDO · dir=— · 0=143.16 · Oz=— · Red=142.62584232 · manos=ON · pos=flat · latido=1.50s
[RANGO] autosello ZHIPU · ACECHANDO · Oz=0.0 link=— · manos_feria_informe.json
[2026-08-31 10:20:07] [TUSK] RECONCILIACIÓN: POWERUSDT_LINEAL: interno L:0.000000/S:307.000000 -> real L:0.000000/S:249.000000
[2026-08-31 10:20:07] [TUSK] RECONCILIACIÓN_OK: 1 frentes alineados con exchange
[RANGO] ZHIPUUSDT_LINEAL last=144.52 · río=WS · mercado=linear · estado=ACECHANDO · dir=— · 0=143.16 · Oz=— · Red=142.62584232 · manos=ON · pos=flat · latido=1.50s
[RANGO] autosello ZHIPU · ACECHANDO · Oz=0.0 link=— · manos_feria_informe.json
[RANGO] ZHIPUUSDT_LINEAL last=144.52 · río=ciego/muleta · mercado=linear · estado=ACECHANDO · dir=— · 0=143.16 · Oz=— · Red=142.62584232 · manos=ON · pos=flat · latido=1.50s
[RANGO] ZHIPUUSDT_LINEAL last=144.6 · río=WS · mercado=linear · estado=ACECHANDO · dir=— · 0=143.16 · Oz=— · Red=142.62584232 · manos=ON · pos=flat · latido=1.50s
[RANGO] autosello ZHIPU · ACECHANDO · Oz=0.0 link=— · manos_feria_informe.json
[RANGO] ZHIPUUSDT_LINEAL last=144.52 · río=ciego/muleta · mercado=linear · estado=ACECHANDO · dir=— · 0=143.16 · Oz=— · Red=142.62584232 · manos=ON · pos=flat · latido=1.50s
[RANGO] autosello ZHIPU · ACECHANDO · Oz=0.0 link=— · manos_feria_informe.json
[RANGO] ZHIPUUSDT_LINEAL last=144.66 · río=WS · mercado=linear · estado=ACECHANDO · dir=— · 0=143.16 · Oz=— · Red=142.62584232 · manos=ON · pos=flat · latido=1.50s
[RANGO] ZHIPUUSDT_LINEAL last=144.64 · río=WS · mercado=linear · estado=ACECHANDO · dir=— · 0=143.16 · Oz=— · Red=142.62584232 · manos=ON · pos=flat · latido=1.50s
[RANGO] autosello ZHIPU · ACECHANDO · Oz=0.0 link=— · manos_feria_informe.json
[2026-08-31 10:21:08] [TUSK] RECONCILIACIÓN: STXXUSDT_LINEAL: interno L:0.000000/S:0.000000 -> real L:0.014000/S:0.000000
[2026-08-31 10:21:08] [TUSK] RECONCILIACIÓN_FANTASMA: CRDOUSDT_LINEAL existe interno pero no en exchange -> reseteando
[2026-08-31 10:21:08] [TUSK] RECONCILIACIÓN_OK: 2 frentes alineados con exchange
[RANGO] ZHIPUUSDT_LINEAL last=144.63 · río=WS · mercado=linear · estado=ACECHANDO · dir=— · 0=143.16 · Oz=— · Red=142.62584232 · manos=ON · pos=flat · latido=1.50s
[RANGO] autosello ZHIPU · ACECHANDO · Oz=0.0 link=— · manos_feria_informe.json
[RANGO] ZHIPUUSDT_LINEAL last=144.6 · río=WS · mercado=linear · estado=ACECHANDO · dir=— · 0=143.16 · Oz=— · Red=142.62584232 · manos=ON · pos=flat · latido=1.50s
[RANGO] ZHIPUUSDT_LINEAL last=144.59 · río=WS · mercado=linear · estado=ACECHANDO · dir=— · 0=143.16 · Oz=— · Red=142.62584232 · manos=ON · pos=flat · latido=1.50s
[RANGO] autosello ZHIPU · ACECHANDO · Oz=0.0 link=— · manos_feria_informe.json
[RANGO] ZHIPUUSDT_LINEAL last=144.59 · río=WS · mercado=linear · estado=ACECHANDO · dir=— · 0=143.16 · Oz=— · Red=142.62584232 · manos=ON · pos=flat · latido=1.50s
[RANGO] autosello ZHIPU · ACECHANDO · Oz=0.0 link=— · manos_feria_informe.json
[RANGO] ZHIPUUSDT_LINEAL last=144.59 · río=WS · mercado=linear · estado=ACECHANDO · dir=— · 0=143.16 · Oz=— · Red=142.62584232 · manos=ON · pos=flat · latido=1.50s
[RANGO] ZHIPUUSDT_LINEAL last=144.64 · río=WS · mercado=linear · estado=ACECHANDO · dir=— · 0=143.16 · Oz=— · Red=142.62584232 · manos=ON · pos=flat · latido=1.50s
[RANGO] autosello ZHIPU · ACECHANDO · Oz=0.0 link=— · manos_feria_informe.json
[2026-08-31 10:22:09] [TUSK] RECONCILIACIÓN: DASHUSDT_LINEAL: interno L:0.000000/S:0.000000 -> real L:0.000000/S:0.460000
[2026-08-31 10:22:09] [TUSK] RECONCILIACIÓN: CRCLUSDT_LINEAL: interno L:0.000000/S:0.000000 -> real L:0.290000/S:0.000000
[2026-08-31 10:22:09] [TUSK] RECONCILIACIÓN: XANUSDT_LINEAL: interno L:0.000000/S:542.000000 -> real L:0.000000/S:171.000000
[2026-08-31 10:22:09] [TUSK] RECONCILIACIÓN_FANTASMA: LSKUSDT_LINEAL existe interno pero no en exchange -> reseteando
[2026-08-31 10:22:09] [TUSK] RECONCILIACIÓN_FANTASMA: RDWUSDT_LINEAL existe interno pero no en exchange -> reseteando
[2026-08-31 10:22:09] [TUSK] RECONCILIACIÓN_OK: 5 frentes alineados con exchange
[RANGO] ZHIPUUSDT_LINEAL last=144.64 · río=WS · mercado=linear · estado=ACECHANDO · dir=— · 0=143.16 · Oz=— · Red=142.62584232 · manos=ON · pos=flat · latido=1.50s
[RANGO] autosello ZHIPU · ACECHANDO · Oz=0.0 link=— · manos_feria_informe.json
[RANGO] ZHIPUUSDT_LINEAL last=144.64 · río=WS · mercado=linear · estado=ACECHANDO · dir=— · 0=143.16 · Oz=— · Red=142.62584232 · manos=ON · pos=flat · latido=1.50s
[RANGO] ZHIPUUSDT_LINEAL last=144.64 · río=WS · mercado=linear · estado=ACECHANDO · dir=— · 0=143.16 · Oz=— · Red=142.62584232 · manos=ON · pos=flat · latido=1.50s
[RANGO] autosello ZHIPU · ACECHANDO · Oz=0.0 link=— · manos_feria_informe.json
[RANGO] ZHIPUUSDT_LINEAL last=144.62 · río=ciego/muleta · mercado=linear · estado=ACECHANDO · dir=— · 0=143.16 · Oz=— · Red=142.62584232 · manos=ON · pos=flat · latido=1.50s
[RANGO] autosello ZHIPU · ACECHANDO · Oz=0.0 link=— · manos_feria_informe.json
[RANGO] ZHIPUUSDT_LINEAL last=144.64 · río=WS · mercado=linear · estado=ACECHANDO · dir=— · 0=143.16 · Oz=— · Red=142.62584232 · manos=ON · pos=flat · latido=1.50s
[RANGO] autosello ZHIPU · ACECHANDO · Oz=0.0 link=— · manos_feria_informe.json
[RANGO] ZHIPUUSDT_LINEAL last=144.61 · río=WS · mercado=linear · estado=ACECHANDO · dir=— · 0=143.16 · Oz=— · Red=142.62584232 · manos=ON · pos=flat · latido=1.50s
[RANGO] ZHIPUUSDT_LINEAL last=144.62 · río=ciego/muleta · mercado=linear · estado=ACECHANDO · dir=— · 0=143.16 · Oz=— · Red=142.62584232 · manos=ON · pos=flat · latido=1.50s
[RANGO] autosello ZHIPU · ACECHANDO · Oz=0.0 link=— · manos_feria_informe.json
[RANGO] ZHIPUUSDT_LINEAL last=144.56 · río=WS · mercado=linear · estado=ACECHANDO · dir=— · 0=143.16 · Oz=— · Red=142.62584232 · manos=ON · pos=flat · latido=1.50s
[RANGO] autosello ZHIPU · ACECHANDO · Oz=0.0 link=— · manos_feria_informe.json
[RANGO] ZHIPUUSDT_LINEAL last=144.58 · río=WS · mercado=linear · estado=ACECHANDO · dir=— · 0=143.16 · Oz=— · Red=142.62584232 · manos=ON · pos=flat · latido=1.50s
[RANGO] ZHIPUUSDT_LINEAL last=144.61 · río=WS · mercado=linear · estado=ACECHANDO · dir=— · 0=143.16 · Oz=— · Red=142.62584232 · manos=ON · pos=flat · latido=1.50s
[RANGO] autosello ZHIPU · ACECHANDO · Oz=0.0 link=— · manos_feria_informe.json
[RANGO] ZHIPUUSDT_LINEAL last=144.61 · río=WS · mercado=linear · estado=ACECHANDO · dir=— · 0=143.16 · Oz=— · Red=142.62584232 · manos=ON · pos=flat · latido=1.50s
[RANGO] autosello ZHIPU · ACECHANDO · Oz=0.0 link=— · manos_feria_informe.json
[RANGO] ZHIPUUSDT_LINEAL last=144.58 · río=WS · mercado=linear · estado=ACECHANDO · dir=— · 0=143.16 · Oz=— · Red=142.62584232 · manos=ON · pos=flat · latido=1.50s
[2026-08-31 10:24:11] [TUSK] RECONCILIACIÓN: BLUAIUSDT_LINEAL: interno L:0.000000/S:0.000000 -> real L:1590.000000/S:0.000000
[2026-08-31 10:24:11] [TUSK] RECONCILIACIÓN_FANTASMA: KNCUSDT_LINEAL existe interno pero no en exchange -> reseteando
[2026-08-31 10:24:11] [TUSK] RECONCILIACIÓN_OK: 2 frentes alineados con exchange
[RANGO] ZHIPUUSDT_LINEAL last=144.57 · río=ciego/muleta · mercado=linear · estado=ACECHANDO · dir=— · 0=143.16 · Oz=— · Red=142.62584232 · manos=ON · pos=flat · latido=1.50s
[RANGO] autosello ZHIPU · ACECHANDO · Oz=0.0 link=— · manos_feria_informe.json
[RANGO] ZHIPUUSDT_LINEAL last=144.57 · río=ciego/muleta · mercado=linear · estado=ACECHANDO · dir=— · 0=143.16 · Oz=— · Red=142.62584232 · manos=ON · pos=flat · latido=1.50s
[RANGO] autosello ZHIPU · ACECHANDO · Oz=0.0 link=— · manos_feria_informe.json
[RANGO] ZHIPUUSDT_LINEAL last=144.56 · río=WS · mercado=linear · estado=ACECHANDO · dir=— · 0=143.16 · Oz=— · Red=142.62584232 · manos=ON · pos=flat · latido=1.50s
[RANGO] ZHIPUUSDT_LINEAL last=144.56 · río=WS · mercado=linear · estado=ACECHANDO · dir=— · 0=143.16 · Oz=— · Red=142.62584232 · manos=ON · pos=flat · latido=1.50s
[RANGO] autosello ZHIPU · ACECHANDO · Oz=0.0 link=— · manos_feria_informe.json
[RANGO] ZHIPUUSDT_LINEAL last=144.54 · río=WS · mercado=linear · estado=ACECHANDO · dir=— · 0=143.16 · Oz=— · Red=142.62584232 · manos=ON · pos=flat · latido=1.50s
[RANGO] autosello ZHIPU · ACECHANDO · Oz=0.0 link=— · manos_feria_informe.json
[RANGO] ZHIPUUSDT_LINEAL last=144.57 · río=ciego/muleta · mercado=linear · estado=ACECHANDO · dir=— · 0=143.16 · Oz=— · Red=142.62584232 · manos=ON · pos=flat · latido=1.50s
[2026-08-31 10:25:12] [TUSK] RECONCILIACIÓN: CFGUSDT_LINEAL: interno L:0.000000/S:0.000000 -> real L:1266.000000/S:0.000000
[2026-08-31 10:25:12] [TUSK] RECONCILIACIÓN_FANTASMA: KORUUSDT_LINEAL existe interno pero no en exchange -> reseteando
[2026-08-31 10:25:12] [TUSK] RECONCILIACIÓN_OK: 2 frentes alineados con exchange
[RANGO] ZHIPUUSDT_LINEAL last=144.61 · río=WS · mercado=linear · estado=ACECHANDO · dir=— · 0=143.16 · Oz=— · Red=142.62584232 · manos=ON · pos=flat · latido=1.50s
[RANGO] autosello ZHIPU · ACECHANDO · Oz=0.0 link=— · manos_feria_informe.json
[RANGO] ZHIPUUSDT_LINEAL last=144.57 · río=ciego/muleta · mercado=linear · estado=ACECHANDO · dir=— · 0=143.16 · Oz=— · Red=142.62584232 · manos=ON · pos=flat · latido=1.50s
[RANGO] autosello ZHIPU · ACECHANDO · Oz=0.0 link=— · manos_feria_informe.json
[RANGO] ZHIPUUSDT_LINEAL last=144.52 · río=WS · mercado=linear · estado=ACECHANDO · dir=— · 0=143.16 · Oz=— · Red=142.62584232 · manos=ON · pos=flat · latido=1.50s
[RANGO] ZHIPUUSDT_LINEAL last=144.59 · río=WS · mercado=linear · estado=ACECHANDO · dir=— · 0=143.16 · Oz=— · Red=142.62584232 · manos=ON · pos=flat · latido=1.50s
[RANGO] autosello ZHIPU · ACECHANDO · Oz=0.0 link=— · manos_feria_informe.json
[RANGO] ZHIPUUSDT_LINEAL last=144.59 · río=WS · mercado=linear · estado=ACECHANDO · dir=— · 0=143.16 · Oz=— · Red=142.62584232 · manos=ON · pos=flat · latido=1.50s
[RANGO] autosello ZHIPU · ACECHANDO · Oz=0.0 link=— · manos_feria_informe.json
[RANGO] ZHIPUUSDT_LINEAL last=144.65 · río=WS · mercado=linear · estado=ACECHANDO · dir=— · 0=143.16 · Oz=— · Red=142.62584232 · manos=ON · pos=flat · latido=1.50s
[RANGO] ZHIPUUSDT_LINEAL last=144.44 · río=WS · mercado=linear · estado=ACECHANDO · dir=— · 0=143.16 · Oz=— · Red=142.62584232 · manos=ON · pos=flat · latido=1.50s
[RANGO] autosello ZHIPU · ACECHANDO · Oz=0.0 link=— · manos_feria_informe.json
[RANGO] ZHIPUUSDT_LINEAL last=144.37 · río=WS · mercado=linear · estado=ACECHANDO · dir=— · 0=143.16 · Oz=— · Red=142.62584232 · manos=ON · pos=flat · latido=1.50s
[RANGO] autosello ZHIPU · ACECHANDO · Oz=0.0 link=— · manos_feria_informe.json
[RANGO] ZHIPUUSDT_LINEAL last=144.59 · río=ciego/muleta · mercado=linear · estado=ACECHANDO · dir=— · 0=143.16 · Oz=— · Red=142.62584232 · manos=ON · pos=flat · latido=1.50s
[RANGO] ZHIPUUSDT_LINEAL last=144.36 · río=WS · mercado=linear · estado=ACECHANDO · dir=— · 0=143.16 · Oz=— · Red=142.62584232 · manos=ON · pos=flat · latido=1.50s
[RANGO] autosello ZHIPU · ACECHANDO · Oz=0.0 link=— · manos_feria_informe.json
[RANGO] ZHIPUUSDT_LINEAL last=144.37 · río=WS · mercado=linear · estado=ACECHANDO · dir=— · 0=143.16 · Oz=— · Red=142.62584232 · manos=ON · pos=flat · latido=1.50s
[RANGO] autosello ZHIPU · ACECHANDO · Oz=0.0 link=— · manos_feria_informe.json
[RANGO] ZHIPUUSDT_LINEAL last=144.59 · río=ciego/muleta · mercado=linear · estado=ACECHANDO · dir=— · 0=143.16 · Oz=— · Red=142.62584232 · manos=ON · pos=flat · latido=1.50s
[2026-08-31 10:27:15] [TUSK] RECONCILIACIÓN: TWTUSDT_LINEAL: interno L:48.800000/S:0.000000 -> real L:38.700000/S:0.000000
[2026-08-31 10:27:15] [TUSK] RECONCILIACIÓN_OK: 1 frentes alineados con exchange
[RANGO] autosello ZHIPU · ACECHANDO · Oz=0.0 link=— · manos_feria_informe.json
[RANGO] ZHIPUUSDT_LINEAL last=144.59 · río=ciego/muleta · mercado=linear · estado=ACECHANDO · dir=— · 0=143.16 · Oz=— · Red=142.62584232 · manos=ON · pos=flat · latido=1.50s
[RANGO] ZHIPUUSDT_LINEAL last=144.59 · río=ciego/muleta · mercado=linear · estado=ACECHANDO · dir=— · 0=143.16 · Oz=— · Red=142.62584232 · manos=ON · pos=flat · latido=1.50s
[RANGO] autosello ZHIPU · ACECHANDO · Oz=0.0 link=— · manos_feria_informe.json
[RANGO] ZHIPUUSDT_LINEAL last=144.59 · río=ciego/muleta · mercado=linear · estado=ACECHANDO · dir=— · 0=143.16 · Oz=— · Red=142.62584232 · manos=ON · pos=flat · latido=1.50s
[RANGO] autosello ZHIPU · ACECHANDO · Oz=0.0 link=— · manos_feria_informe.json
[RANGO] ZHIPUUSDT_LINEAL last=144.59 · río=ciego/muleta · mercado=linear · estado=ACECHANDO · dir=— · 0=143.16 · Oz=— · Red=142.62584232 · manos=ON · pos=flat · latido=1.50s
[RANGO] ZHIPUUSDT_LINEAL last=144.39 · río=WS · mercado=linear · estado=ACECHANDO · dir=— · 0=143.16 · Oz=— · Red=142.62584232 · manos=ON · pos=flat · latido=1.50s
[RANGO] autosello ZHIPU · ACECHANDO · Oz=0.0 link=— · manos_feria_informe.json
[RANGO] ZHIPUUSDT_LINEAL last=144.36 · río=WS · mercado=linear · estado=ACECHANDO · dir=— · 0=143.16 · Oz=— · Red=142.62584232 · manos=ON · pos=flat · latido=1.50s
[RANGO] autosello ZHIPU · ACECHANDO · Oz=0.0 link=— · manos_feria_informe.json
[RANGO] ZHIPUUSDT_LINEAL last=144.59 · río=ciego/muleta · mercado=linear · estado=ACECHANDO · dir=— · 0=143.16 · Oz=— · Red=142.62584232 · manos=ON · pos=flat · latido=1.50s
[RANGO] ZHIPUUSDT_LINEAL last=144.59 · río=ciego/muleta · mercado=linear · estado=ACECHANDO · dir=— · 0=143.16 · Oz=— · Red=142.62584232 · manos=ON · pos=flat · latido=1.50s
[RANGO] autosello ZHIPU · ACECHANDO · Oz=0.0 link=— · manos_feria_informe.json
[RANGO] ZHIPUUSDT_LINEAL last=144.59 · río=ciego/muleta · mercado=linear · estado=ACECHANDO · dir=— · 0=143.16 · Oz=— · Red=142.62584232 · manos=ON · pos=flat · latido=1.50s
[RANGO] autosello ZHIPU · ACECHANDO · Oz=0.0 link=— · manos_feria_informe.json
[RANGO] ZHIPUUSDT_LINEAL last=144.37 · río=WS · mercado=linear · estado=ACECHANDO · dir=— · 0=143.16 · Oz=— · Red=142.62584232 · manos=ON · pos=flat · latido=1.50s
[RANGO] ZHIPUUSDT_LINEAL last=144.39 · río=WS · mercado=linear · estado=ACECHANDO · dir=— · 0=143.16 · Oz=— · Red=142.62584232 · manos=ON · pos=flat · latido=1.50s
[RANGO] autosello ZHIPU · ACECHANDO · Oz=0.0 link=— · manos_feria_informe.json
[RANGO] ZHIPUUSDT_LINEAL last=144.59 · río=ciego/muleta · mercado=linear · estado=ACECHANDO · dir=— · 0=143.16 · Oz=— · Red=142.62584232 · manos=ON · pos=flat · latido=1.50s
[2026-08-31 10:29:18] [TUSK] RECONCILIACIÓN: DASHUSDT_LINEAL: interno L:0.000000/S:0.460000 -> real L:0.000000/S:0.570000
[2026-08-31 10:29:18] [TUSK] RECONCILIACIÓN_OK: 1 frentes alineados con exchange
[RANGO] autosello ZHIPU · ACECHANDO · Oz=0.0 link=— · manos_feria_informe.json
[RANGO] ZHIPUUSDT_LINEAL last=144.59 · río=ciego/muleta · mercado=linear · estado=ACECHANDO · dir=— · 0=143.16 · Oz=— · Red=142.62584232 · manos=ON · pos=flat · latido=1.50s
[RANGO] autosello ZHIPU · ACECHANDO · Oz=0.0 link=— · manos_feria_informe.json
[RANGO] ZHIPUUSDT_LINEAL last=144.59 · río=ciego/muleta · mercado=linear · estado=ACECHANDO · dir=— · 0=143.16 · Oz=— · Red=142.62584232 · manos=ON · pos=flat · latido=1.50s
[RANGO] ZHIPUUSDT_LINEAL last=144.36 · río=WS · mercado=linear · estado=ACECHANDO · dir=— · 0=143.16 · Oz=— · Red=142.62584232 · manos=ON · pos=flat · latido=1.50s
[RANGO] autosello ZHIPU · ACECHANDO · Oz=0.0 link=— · manos_feria_informe.json
[RANGO] ZHIPUUSDT_LINEAL last=144.59 · río=ciego/muleta · mercado=linear · estado=ACECHANDO · dir=— · 0=143.16 · Oz=— · Red=142.62584232 · manos=ON · pos=flat · latido=1.50s
[RANGO] autosello ZHIPU · ACECHANDO · Oz=0.0 link=— · manos_feria_informe.json
[RANGO] ZHIPUUSDT_LINEAL last=144.42 · río=WS · mercado=linear · estado=ACECHANDO · dir=— · 0=143.16 · Oz=— · Red=142.62584232 · manos=ON · pos=flat · latido=1.50s
[RANGO] ZHIPUUSDT_LINEAL last=144.38 · río=WS · mercado=linear · estado=ACECHANDO · dir=— · 0=143.16 · Oz=— · Red=142.62584232 · manos=ON · pos=flat · latido=1.50s
[RANGO] autosello ZHIPU · ACECHANDO · Oz=0.0 link=— · manos_feria_informe.json
[RANGO] ZHIPUUSDT_LINEAL last=144.38 · río=WS · mercado=linear · estado=ACECHANDO · dir=— · 0=143.16 · Oz=— · Red=142.62584232 · manos=ON · pos=flat · latido=1.50s
[RANGO] autosello ZHIPU · ACECHANDO · Oz=0.0 link=— · manos_feria_informe.json
[RANGO] ZHIPUUSDT_LINEAL last=144.39 · río=ciego/muleta · mercado=linear · estado=ACECHANDO · dir=— · 0=143.16 · Oz=— · Red=142.62584232 · manos=ON · pos=flat · latido=1.50s
[RANGO] ZHIPUUSDT_LINEAL last=144.39 · río=ciego/muleta · mercado=linear · estado=ACECHANDO · dir=— · 0=143.16 · Oz=— · Red=142.62584232 · manos=ON · pos=flat · latido=1.50s
[RANGO] autosello ZHIPU · ACECHANDO · Oz=0.0 link=— · manos_feria_informe.json
[RANGO] ZHIPUUSDT_LINEAL last=144.39 · río=ciego/muleta · mercado=linear · estado=ACECHANDO · dir=— · 0=143.16 · Oz=— · Red=142.62584232 · manos=ON · pos=flat · latido=1.50s
[RANGO] autosello ZHIPU · ACECHANDO · Oz=0.0 link=— · manos_feria_informe.json
[RANGO] ZHIPUUSDT_LINEAL last=144.44 · río=WS · mercado=linear · estado=ACECHANDO · dir=— · 0=143.16 · Oz=— · Red=142.62584232 · manos=ON · pos=flat · latido=1.50s
[RANGO] autosello ZHIPU · ACECHANDO · Oz=0.0 link=— · manos_feria_informe.json
[RANGO] ZHIPUUSDT_LINEAL last=144.39 · río=WS · mercado=linear · estado=ACECHANDO · dir=— · 0=143.16 · Oz=— · Red=142.62584232 · manos=ON · pos=flat · latido=1.50s
[RANGO] ZHIPUUSDT_LINEAL last=144.39 · río=ciego/muleta · mercado=linear · estado=ACECHANDO · dir=— · 0=143.16 · Oz=— · Red=142.62584232 · manos=ON · pos=flat · latido=1.50s
[RANGO] autosello ZHIPU · ACECHANDO · Oz=0.0 link=— · manos_feria_informe.json
[RANGO] ZHIPUUSDT_LINEAL last=144.39 · río=ciego/muleta · mercado=linear · estado=ACECHANDO · dir=— · 0=143.16 · Oz=— · Red=142.62584232 · manos=ON · pos=flat · latido=1.50s
[RANGO] autosello ZHIPU · ACECHANDO · Oz=0.0 link=— · manos_feria_informe.json
[RANGO] ZHIPUUSDT_LINEAL last=144.4 · río=WS · mercado=linear · estado=ACECHANDO · dir=— · 0=143.16 · Oz=— · Red=142.62584232 · manos=ON · pos=flat · latido=1.50s
[RANGO] ZHIPUUSDT_LINEAL last=144.39 · río=WS · mercado=linear · estado=ACECHANDO · dir=— · 0=143.16 · Oz=— · Red=142.62584232 · manos=ON · pos=flat · latido=1.50s
[RANGO] autosello ZHIPU · ACECHANDO · Oz=0.0 link=— · manos_feria_informe.json
[RANGO] ZHIPUUSDT_LINEAL last=144.39 · río=ciego/muleta · mercado=linear · estado=ACECHANDO · dir=— · 0=143.16 · Oz=— · Red=142.62584232 · manos=ON · pos=flat · latido=1.50s
[RANGO] autosello ZHIPU · ACECHANDO · Oz=0.0 link=— · manos_feria_informe.json
[RANGO] ZHIPUUSDT_LINEAL last=144.39 · río=ciego/muleta · mercado=linear · estado=ACECHANDO · dir=— · 0=143.16 · Oz=— · Red=142.62584232 · manos=ON · pos=flat · latido=1.50s
[RANGO] ZHIPUUSDT_LINEAL last=144.39 · río=ciego/muleta · mercado=linear · estado=ACECHANDO · dir=— · 0=143.16 · Oz=— · Red=142.62584232 · manos=ON · pos=flat · latido=1.50s
[RANGO] autosello ZHIPU · ACECHANDO · Oz=0.0 link=— · manos_feria_informe.json
[RANGO] ZHIPUUSDT_LINEAL last=144.49 · río=WS · mercado=linear · estado=ACECHANDO · dir=— · 0=143.16 · Oz=— · Red=142.62584232 · manos=ON · pos=flat · latido=1.50s
[RANGO] autosello ZHIPU · ACECHANDO · Oz=0.0 link=— · manos_feria_informe.json
[RANGO] ZHIPUUSDT_LINEAL last=144.49 · río=ciego/muleta · mercado=linear · estado=ACECHANDO · dir=— · 0=143.16 · Oz=— · Red=142.62584232 · manos=ON · pos=flat · latido=1.50s
[RANGO] ZHIPUUSDT_LINEAL last=144.41 · río=WS · mercado=linear · estado=ACECHANDO · dir=— · 0=143.16 · Oz=— · Red=142.62584232 · manos=ON · pos=flat · latido=1.50s
[RANGO] autosello ZHIPU · ACECHANDO · Oz=0.0 link=— · manos_feria_informe.json
[RANGO] ZHIPUUSDT_LINEAL last=144.41 · río=WS · mercado=linear · estado=ACECHANDO · dir=— · 0=143.16 · Oz=— · Red=142.62584232 · manos=ON · pos=flat · latido=1.50s
[RANGO] autosello ZHIPU · ACECHANDO · Oz=0.0 link=— · manos_feria_informe.json
[RANGO] ZHIPUUSDT_LINEAL last=144.41 · río=WS · mercado=linear · estado=ACECHANDO · dir=— · 0=143.16 · Oz=— · Red=142.62584232 · manos=ON · pos=flat · latido=1.50s
[RANGO] ZHIPUUSDT_LINEAL last=144.41 · río=WS · mercado=linear · estado=ACECHANDO · dir=— · 0=143.16 · Oz=— · Red=142.62584232 · manos=ON · pos=flat · latido=1.50s
[RANGO] autosello ZHIPU · ACECHANDO · Oz=0.0 link=— · manos_feria_informe.json
[RANGO] ZHIPUUSDT_LINEAL last=144.41 · río=WS · mercado=linear · estado=ACECHANDO · dir=— · 0=143.16 · Oz=— · Red=142.62584232 · manos=ON · pos=flat · latido=1.50s
[RANGO] autosello ZHIPU · ACECHANDO · Oz=0.0 link=— · manos_feria_informe.json
[RANGO] ZHIPUUSDT_LINEAL last=144.41 · río=WS · mercado=linear · estado=ACECHANDO · dir=— · 0=143.16 · Oz=— · Red=142.62584232 · manos=ON · pos=flat · latido=1.50s
[RANGO] ZHIPUUSDT_LINEAL last=144.42 · río=WS · mercado=linear · estado=ACECHANDO · dir=— · 0=143.16 · Oz=— · Red=142.62584232 · manos=ON · pos=flat · latido=1.50s
[RANGO] autosello ZHIPU · ACECHANDO · Oz=0.0 link=— · manos_feria_informe.json
[RANGO] ZHIPUUSDT_LINEAL last=144.4 · río=WS · mercado=linear · estado=ACECHANDO · dir=— · 0=143.16 · Oz=— · Red=142.62584232 · manos=ON · pos=flat · latido=1.50s
[RANGO] autosello ZHIPU · ACECHANDO · Oz=0.0 link=— · manos_feria_informe.json
[2026-08-31 10:34:23] [TUSK] RECONCILIACIÓN: FWDIUSDT_LINEAL: interno L:0.000000/S:6.900000 -> real L:0.000000/S:6.000000
[2026-08-31 10:34:23] [TUSK] RECONCILIACIÓN: CHIPUSDT_LINEAL: interno L:390.000000/S:0.000000 -> real L:520.000000/S:0.000000
[2026-08-31 10:34:23] [TUSK] RECONCILIACIÓN: KNCUSDT_LINEAL: interno L:0.000000/S:0.000000 -> real L:354.100000/S:0.000000
[2026-08-31 10:34:23] [TUSK] RECONCILIACIÓN_FANTASMA: NILUSDT_LINEAL existe interno pero no en exchange -> reseteando
[2026-08-31 10:34:23] [TUSK] RECONCILIACIÓN_OK: 4 frentes alineados con exchange
[RANGO] ZHIPUUSDT_LINEAL last=144.42 · río=WS · mercado=linear · estado=ACECHANDO · dir=— · 0=143.16 · Oz=— · Red=142.62584232 · manos=ON · pos=flat · latido=1.50s
[RANGO] ZHIPUUSDT_LINEAL last=144.42 · río=WS · mercado=linear · estado=ACECHANDO · dir=— · 0=143.16 · Oz=— · Red=142.62584232 · manos=ON · pos=flat · latido=1.50s
[RANGO] autosello ZHIPU · ACECHANDO · Oz=0.0 link=— · manos_feria_informe.json
[RANGO] ZHIPUUSDT_LINEAL last=144.4 · río=WS · mercado=linear · estado=ACECHANDO · dir=— · 0=143.16 · Oz=— · Red=142.62584232 · manos=ON · pos=flat · latido=1.50s
[RANGO] autosello ZHIPU · ACECHANDO · Oz=0.0 link=— · manos_feria_informe.json
[RANGO] ZHIPUUSDT_LINEAL last=144.4 · río=WS · mercado=linear · estado=ACECHANDO · dir=— · 0=143.16 · Oz=— · Red=142.62584232 · manos=ON · pos=flat · latido=1.50s
[RANGO] ZHIPUUSDT_LINEAL last=144.41 · río=WS · mercado=linear · estado=ACECHANDO · dir=— · 0=143.16 · Oz=— · Red=142.62584232 · manos=ON · pos=flat · latido=1.50s
[RANGO] autosello ZHIPU · ACECHANDO · Oz=0.0 link=— · manos_feria_informe.json
[RANGO] ZHIPUUSDT_LINEAL last=144.42 · río=WS · mercado=linear · estado=ACECHANDO · dir=— · 0=143.16 · Oz=— · Red=142.62584232 · manos=ON · pos=flat · latido=1.50s
[RANGO] autosello ZHIPU · ACECHANDO · Oz=0.0 link=— · manos_feria_informe.json
[RANGO] ZHIPUUSDT_LINEAL last=144.4 · río=WS · mercado=linear · estado=ACECHANDO · dir=— · 0=143.16 · Oz=— · Red=142.62584232 · manos=ON · pos=flat · latido=1.50s
[RANGO] ZHIPUUSDT_LINEAL last=144.41 · río=WS · mercado=linear · estado=ACECHANDO · dir=— · 0=143.16 · Oz=— · Red=142.62584232 · manos=ON · pos=flat · latido=1.50s
[RANGO] autosello ZHIPU · ACECHANDO · Oz=0.0 link=— · manos_feria_informe.json
[RANGO] ZHIPUUSDT_LINEAL last=144.4 · río=WS · mercado=linear · estado=ACECHANDO · dir=— · 0=143.16 · Oz=— · Red=142.62584232 · manos=ON · pos=flat · latido=1.50s
[RANGO] autosello ZHIPU · ACECHANDO · Oz=0.0 link=— · manos_feria_informe.json
[RANGO] ZHIPUUSDT_LINEAL last=144.49 · río=WS · mercado=linear · estado=ACECHANDO · dir=— · 0=143.16 · Oz=— · Red=142.62584232 · manos=ON · pos=flat · latido=1.50s
[RANGO] ZHIPUUSDT_LINEAL last=144.36 · río=WS · mercado=linear · estado=ACECHANDO · dir=— · 0=143.16 · Oz=— · Red=142.62584232 · manos=ON · pos=flat · latido=1.50s
[RANGO] autosello ZHIPU · ACECHANDO · Oz=0.0 link=— · manos_feria_informe.json
[RANGO] ZHIPUUSDT_LINEAL last=144.49 · río=WS · mercado=linear · estado=ACECHANDO · dir=— · 0=143.16 · Oz=— · Red=142.62584232 · manos=ON · pos=flat · latido=1.50s
[RANGO] autosello ZHIPU · ACECHANDO · Oz=0.0 link=— · manos_feria_informe.json
[RANGO] ZHIPUUSDT_LINEAL last=144.29 · río=WS · mercado=linear · estado=ACECHANDO · dir=— · 0=143.16 · Oz=— · Red=142.62584232 · manos=ON · pos=flat · latido=1.50s
[RANGO] ZHIPUUSDT_LINEAL last=144.29 · río=WS · mercado=linear · estado=ACECHANDO · dir=— · 0=143.16 · Oz=— · Red=142.62584232 · manos=ON · pos=flat · latido=1.50s
[RANGO] autosello ZHIPU · ACECHANDO · Oz=0.0 link=— · manos_feria_informe.json
[RANGO] ZHIPUUSDT_LINEAL last=144.26 · río=WS · mercado=linear · estado=ACECHANDO · dir=— · 0=143.16 · Oz=— · Red=142.62584232 · manos=ON · pos=flat · latido=1.50s
[RANGO] autosello ZHIPU · ACECHANDO · Oz=0.0 link=— · manos_feria_informe.json
[RANGO] ZHIPUUSDT_LINEAL last=144.49 · río=ciego/muleta · mercado=linear · estado=ACECHANDO · dir=— · 0=143.16 · Oz=— · Red=142.62584232 · manos=ON · pos=flat · latido=1.50s
[RANGO] autosello ZHIPU · ACECHANDO · Oz=0.0 link=— · manos_feria_informe.json
[RANGO] ZHIPUUSDT_LINEAL last=144.28 · río=WS · mercado=linear · estado=ACECHANDO · dir=— · 0=143.16 · Oz=— · Red=142.62584232 · manos=ON · pos=flat · latido=1.50s
[RANGO] ZHIPUUSDT_LINEAL last=144.38 · río=WS · mercado=linear · estado=ACECHANDO · dir=— · 0=143.16 · Oz=— · Red=142.62584232 · manos=ON · pos=flat · latido=1.50s
[RANGO] autosello ZHIPU · ACECHANDO · Oz=0.0 link=— · manos_feria_informe.json
[RANGO] ZHIPUUSDT_LINEAL last=144.49 · río=ciego/muleta · mercado=linear · estado=ACECHANDO · dir=— · 0=143.16 · Oz=— · Red=142.62584232 · manos=ON · pos=flat · latido=1.50s
[RANGO] autosello ZHIPU · ACECHANDO · Oz=0.0 link=— · manos_feria_informe.json
[RANGO] ZHIPUUSDT_LINEAL last=144.49 · río=ciego/muleta · mercado=linear · estado=ACECHANDO · dir=— · 0=143.16 · Oz=— · Red=142.62584232 · manos=ON · pos=flat · latido=1.50s
[RANGO] ZHIPUUSDT_LINEAL last=144.5 · río=WS · mercado=linear · estado=ACECHANDO · dir=— · 0=143.16 · Oz=— · Red=142.62584232 · manos=ON · pos=flat · latido=1.50s
[RANGO] autosello ZHIPU · ACECHANDO · Oz=0.0 link=— · manos_feria_informe.json
[RANGO] ZHIPUUSDT_LINEAL last=144.49 · río=ciego/muleta · mercado=linear · estado=ACECHANDO · dir=— · 0=143.16 · Oz=— · Red=142.62584232 · manos=ON · pos=flat · latido=1.50s
[RANGO] autosello ZHIPU · ACECHANDO · Oz=0.0 link=— · manos_feria_informe.json
[RANGO] ZHIPUUSDT_LINEAL last=144.33 · río=WS · mercado=linear · estado=ACECHANDO · dir=— · 0=143.16 · Oz=— · Red=142.62584232 · manos=ON · pos=flat · latido=1.50s
[RANGO] ZHIPUUSDT_LINEAL last=144.34 · río=WS · mercado=linear · estado=ACECHANDO · dir=— · 0=143.16 · Oz=— · Red=142.62584232 · manos=ON · pos=flat · latido=1.50s
[RANGO] autosello ZHIPU · ACECHANDO · Oz=0.0 link=— · manos_feria_informe.json
[2026-08-31 10:38:28] [TUSK] RECONCILIACIÓN: POWERUSDT_LINEAL: interno L:0.000000/S:249.000000 -> real L:0.000000/S:190.000000
[2026-08-31 10:38:28] [TUSK] RECONCILIACIÓN_OK: 1 frentes alineados con exchange
[RANGO] ZHIPUUSDT_LINEAL last=144.27 · río=WS · mercado=linear · estado=ACECHANDO · dir=— · 0=143.16 · Oz=— · Red=142.62584232 · manos=ON · pos=flat · latido=1.50s
[RANGO] autosello ZHIPU · ACECHANDO · Oz=0.0 link=— · manos_feria_informe.json
[RANGO] ZHIPUUSDT_LINEAL last=144.27 · río=WS · mercado=linear · estado=ACECHANDO · dir=— · 0=143.16 · Oz=— · Red=142.62584232 · manos=ON · pos=flat · latido=1.50s
[RANGO] ZHIPUUSDT_LINEAL last=144.27 · río=WS · mercado=linear · estado=ACECHANDO · dir=— · 0=143.16 · Oz=— · Red=142.62584232 · manos=ON · pos=flat · latido=1.50s
[RANGO] autosello ZHIPU · ACECHANDO · Oz=0.0 link=— · manos_feria_informe.json
[RANGO] ZHIPUUSDT_LINEAL last=144.49 · río=ciego/muleta · mercado=linear · estado=ACECHANDO · dir=— · 0=143.16 · Oz=— · Red=142.62584232 · manos=ON · pos=flat · latido=1.50s
[RANGO] autosello ZHIPU · ACECHANDO · Oz=0.0 link=— · manos_feria_informe.json
[RANGO] ZHIPUUSDT_LINEAL last=144.49 · río=ciego/muleta · mercado=linear · estado=ACECHANDO · dir=— · 0=143.16 · Oz=— · Red=142.62584232 · manos=ON · pos=flat · latido=1.50s
[RANGO] autosello ZHIPU · ACECHANDO · Oz=0.0 link=— · manos_feria_informe.json
[RANGO] ZHIPUUSDT_LINEAL last=144.49 · río=ciego/muleta · mercado=linear · estado=ACECHANDO · dir=— · 0=143.16 · Oz=— · Red=142.62584232 · manos=ON · pos=flat · latido=1.50s
[RANGO] ZHIPUUSDT_LINEAL last=144.28 · río=WS · mercado=linear · estado=ACECHANDO · dir=— · 0=143.16 · Oz=— · Red=142.62584232 · manos=ON · pos=flat · latido=1.50s
[RANGO] autosello ZHIPU · ACECHANDO · Oz=0.0 link=— · manos_feria_informe.json
[RANGO] ZHIPUUSDT_LINEAL last=144.28 · río=WS · mercado=linear · estado=ACECHANDO · dir=— · 0=143.16 · Oz=— · Red=142.62584232 · manos=ON · pos=flat · latido=1.50s
[RANGO] autosello ZHIPU · ACECHANDO · Oz=0.0 link=— · manos_feria_informe.json
[RANGO] ZHIPUUSDT_LINEAL last=144.29 · río=WS · mercado=linear · estado=ACECHANDO · dir=— · 0=143.16 · Oz=— · Red=142.62584232 · manos=ON · pos=flat · latido=1.50s
[RANGO] ZHIPUUSDT_LINEAL last=144.29 · río=WS · mercado=linear · estado=ACECHANDO · dir=— · 0=143.16 · Oz=— · Red=142.62584232 · manos=ON · pos=flat · latido=1.50s
[RANGO] autosello ZHIPU · ACECHANDO · Oz=0.0 link=— · manos_feria_informe.json
[RANGO] ZHIPUUSDT_LINEAL last=144.46 · río=ciego/muleta · mercado=linear · estado=ACECHANDO · dir=— · 0=143.16 · Oz=— · Red=142.62584232 · manos=ON · pos=flat · latido=1.50s
[RANGO] autosello ZHIPU · ACECHANDO · Oz=0.0 link=— · manos_feria_informe.json
[RANGO] ZHIPUUSDT_LINEAL last=144.46 · río=ciego/muleta · mercado=linear · estado=ACECHANDO · dir=— · 0=143.16 · Oz=— · Red=142.62584232 · manos=ON · pos=flat · latido=1.50s
[2026-08-31 10:40:30] [TUSK] RECONCILIACIÓN: DASHUSDT_LINEAL: interno L:0.000000/S:0.570000 -> real L:0.000000/S:0.680000
[2026-08-31 10:40:30] [TUSK] RECONCILIACIÓN: ROSEUSDT_LINEAL: interno L:0.000000/S:0.000000 -> real L:0.000000/S:3056.000000
[2026-08-31 10:40:30] [TUSK] RECONCILIACIÓN: AEHRUSDT_LINEAL: interno L:0.000000/S:0.000000 -> real L:0.300000/S:0.000000
[2026-08-31 10:40:30] [TUSK] RECONCILIACIÓN_FANTASMA: NBISUSDT_LINEAL existe interno pero no en exchange -> reseteando
[2026-08-31 10:40:30] [TUSK] RECONCILIACIÓN_FANTASMA: AXTIUSDT_LINEAL existe interno pero no en exchange -> reseteando
[2026-08-31 10:40:30] [TUSK] RECONCILIACIÓN_OK: 5 frentes alineados con exchange
[RANGO] ZHIPUUSDT_LINEAL last=144.46 · río=ciego/muleta · mercado=linear · estado=ACECHANDO · dir=— · 0=143.16 · Oz=— · Red=142.62584232 · manos=ON · pos=flat · latido=1.50s
[RANGO] autosello ZHIPU · ACECHANDO · Oz=0.0 link=— · manos_feria_informe.json
[RANGO] ZHIPUUSDT_LINEAL last=144.3 · río=WS · mercado=linear · estado=ACECHANDO · dir=— · 0=143.16 · Oz=— · Red=142.62584232 · manos=ON · pos=flat · latido=1.50s
[RANGO] autosello ZHIPU · ACECHANDO · Oz=0.0 link=— · manos_feria_informe.json
[RANGO] ZHIPUUSDT_LINEAL last=144.46 · río=ciego/muleta · mercado=linear · estado=ACECHANDO · dir=— · 0=143.16 · Oz=— · Red=142.62584232 · manos=ON · pos=flat · latido=1.50s
[RANGO] ZHIPUUSDT_LINEAL last=144.32 · río=WS · mercado=linear · estado=ACECHANDO · dir=— · 0=143.16 · Oz=— · Red=142.62584232 · manos=ON · pos=flat · latido=1.50s
[RANGO] autosello ZHIPU · ACECHANDO · Oz=0.0 link=— · manos_feria_informe.json
[RANGO] ZHIPUUSDT_LINEAL last=144.46 · río=ciego/muleta · mercado=linear · estado=ACECHANDO · dir=— · 0=143.16 · Oz=— · Red=142.62584232 · manos=ON · pos=flat · latido=1.50s
[RANGO] autosello ZHIPU · ACECHANDO · Oz=0.0 link=— · manos_feria_informe.json
[RANGO] ZHIPUUSDT_LINEAL last=144.46 · río=ciego/muleta · mercado=linear · estado=ACECHANDO · dir=— · 0=143.16 · Oz=— · Red=142.62584232 · manos=ON · pos=flat · latido=1.50s
[2026-08-31 10:41:31] [TUSK] RECONCILIACIÓN: XANUSDT_LINEAL: interno L:0.000000/S:171.000000 -> real L:203.000000/S:0.000000
[2026-08-31 10:41:31] [TUSK] RECONCILIACIÓN_OK: 1 frentes alineados con exchange
[RANGO] autosello ZHIPU · ACECHANDO · Oz=0.0 link=— · manos_feria_informe.json
[RANGO] ZHIPUUSDT_LINEAL last=144.34 · río=WS · mercado=linear · estado=ACECHANDO · dir=— · 0=143.16 · Oz=— · Red=142.62584232 · manos=ON · pos=flat · latido=1.50s
[RANGO] ZHIPUUSDT_LINEAL last=144.46 · río=ciego/muleta · mercado=linear · estado=ACECHANDO · dir=— · 0=143.16 · Oz=— · Red=142.62584232 · manos=ON · pos=flat · latido=1.50s
[RANGO] autosello ZHIPU · ACECHANDO · Oz=0.0 link=— · manos_feria_informe.json
[RANGO] ZHIPUUSDT_LINEAL last=144.46 · río=ciego/muleta · mercado=linear · estado=ACECHANDO · dir=— · 0=143.16 · Oz=— · Red=142.62584232 · manos=ON · pos=flat · latido=1.50s
[RANGO] autosello ZHIPU · ACECHANDO · Oz=0.0 link=— · manos_feria_informe.json
[RANGO] ZHIPUUSDT_LINEAL last=144.36 · río=WS · mercado=linear · estado=ACECHANDO · dir=— · 0=143.16 · Oz=— · Red=142.62584232 · manos=ON · pos=flat · latido=1.50s
[RANGO] ZHIPUUSDT_LINEAL last=144.49 · río=WS · mercado=linear · estado=ACECHANDO · dir=— · 0=143.16 · Oz=— · Red=142.62584232 · manos=ON · pos=flat · latido=1.50s
[RANGO] autosello ZHIPU · ACECHANDO · Oz=0.0 link=— · manos_feria_informe.json
[RANGO] ZHIPUUSDT_LINEAL last=144.51 · río=WS · mercado=linear · estado=ACECHANDO · dir=— · 0=143.16 · Oz=— · Red=142.62584232 · manos=ON · pos=flat · latido=1.50s
[RANGO] autosello ZHIPU · ACECHANDO · Oz=0.0 link=— · manos_feria_informe.json
[RANGO] ZHIPUUSDT_LINEAL last=144.39 · río=WS · mercado=linear · estado=ACECHANDO · dir=— · 0=143.16 · Oz=— · Red=142.62584232 · manos=ON · pos=flat · latido=1.50s
[RANGO] ZHIPUUSDT_LINEAL last=144.47 · río=WS · mercado=linear · estado=ACECHANDO · dir=— · 0=143.16 · Oz=— · Red=142.62584232 · manos=ON · pos=flat · latido=1.50s
[RANGO] autosello ZHIPU · ACECHANDO · Oz=0.0 link=— · manos_feria_informe.json
[RANGO] ZHIPUUSDT_LINEAL last=144.49 · río=WS · mercado=linear · estado=ACECHANDO · dir=— · 0=143.16 · Oz=— · Red=142.62584232 · manos=ON · pos=flat · latido=1.50s
[RANGO] autosello ZHIPU · ACECHANDO · Oz=0.0 link=— · manos_feria_informe.json
[RANGO] ZHIPUUSDT_LINEAL last=144.43 · río=WS · mercado=linear · estado=ACECHANDO · dir=— · 0=143.16 · Oz=— · Red=142.62584232 · manos=ON · pos=flat · latido=1.50s
[RANGO] ZHIPUUSDT_LINEAL last=144.44 · río=WS · mercado=linear · estado=ACECHANDO · dir=— · 0=143.16 · Oz=— · Red=142.62584232 · manos=ON · pos=flat · latido=1.50s
[RANGO] autosello ZHIPU · ACECHANDO · Oz=0.0 link=— · manos_feria_informe.json
[RANGO] ZHIPUUSDT_LINEAL last=144.46 · río=WS · mercado=linear · estado=ACECHANDO · dir=— · 0=143.16 · Oz=— · Red=142.62584232 · manos=ON · pos=flat · latido=1.50s
[2026-08-31 10:43:34] [TUSK] RECONCILIACIÓN: PURRUSDT_LINEAL: interno L:0.000000/S:0.000000 -> real L:3.800000/S:0.000000
[2026-08-31 10:43:34] [TUSK] RECONCILIACIÓN: TWTUSDT_LINEAL: interno L:38.700000/S:0.000000 -> real L:26.800000/S:0.000000
[2026-08-31 10:43:34] [TUSK] RECONCILIACIÓN_FANTASMA: VVVUSDT_LINEAL existe interno pero no en exchange -> reseteando
[2026-08-31 10:43:34] [TUSK] RECONCILIACIÓN_OK: 3 frentes alineados con exchange
[RANGO] autosello ZHIPU · ACECHANDO · Oz=0.0 link=— · manos_feria_informe.json
[RANGO] ZHIPUUSDT_LINEAL last=144.47 · río=WS · mercado=linear · estado=ACECHANDO · dir=— · 0=143.16 · Oz=— · Red=142.62584232 · manos=ON · pos=flat · latido=1.50s
[RANGO] ZHIPUUSDT_LINEAL last=144.5 · río=WS · mercado=linear · estado=ACECHANDO · dir=— · 0=143.16 · Oz=— · Red=142.62584232 · manos=ON · pos=flat · latido=1.50s
[RANGO] autosello ZHIPU · ACECHANDO · Oz=0.0 link=— · manos_feria_informe.json
[RANGO] ZHIPUUSDT_LINEAL last=144.5 · río=WS · mercado=linear · estado=ACECHANDO · dir=— · 0=143.16 · Oz=— · Red=142.62584232 · manos=ON · pos=flat · latido=1.50s
[RANGO] autosello ZHIPU · ACECHANDO · Oz=0.0 link=— · manos_feria_informe.json
[RANGO] ZHIPUUSDT_LINEAL last=144.63 · río=WS · mercado=linear · estado=ACECHANDO · dir=— · 0=143.16 · Oz=— · Red=142.62584232 · manos=ON · pos=flat · latido=1.50s
[RANGO] ZHIPUUSDT_LINEAL last=144.5 · río=WS · mercado=linear · estado=ACECHANDO · dir=— · 0=143.16 · Oz=— · Red=142.62584232 · manos=ON · pos=flat · latido=1.50s
[RANGO] autosello ZHIPU · ACECHANDO · Oz=0.0 link=— · manos_feria_informe.json
[RANGO] ZHIPUUSDT_LINEAL last=144.54 · río=WS · mercado=linear · estado=ACECHANDO · dir=— · 0=143.16 · Oz=— · Red=142.62584232 · manos=ON · pos=flat · latido=1.50s
[2026-08-31 10:44:35] [TUSK] RECONCILIACIÓN: CRCLUSDT_LINEAL: interno L:0.290000/S:0.000000 -> real L:0.230000/S:0.000000
[2026-08-31 10:44:35] [TUSK] RECONCILIACIÓN: HYPEUSDT_LINEAL: interno L:0.000000/S:0.000000 -> real L:0.000000/S:0.340000
[2026-08-31 10:44:35] [TUSK] RECONCILIACIÓN: PURRUSDT_LINEAL: interno L:3.800000/S:0.000000 -> real L:3.000000/S:0.000000
[2026-08-31 10:44:35] [TUSK] RECONCILIACIÓN_FANTASMA: ZEREBROUSDT_LINEAL existe interno pero no en exchange -> reseteando
[2026-08-31 10:44:35] [TUSK] RECONCILIACIÓN_OK: 4 frentes alineados con exchange
[RANGO] autosello ZHIPU · ACECHANDO · Oz=0.0 link=— · manos_feria_informe.json
[RANGO] ZHIPUUSDT_LINEAL last=144.36 · río=ciego/muleta · mercado=linear · estado=ACECHANDO · dir=— · 0=143.16 · Oz=— · Red=142.62584232 · manos=ON · pos=flat · latido=1.50s
[RANGO] ZHIPUUSDT_LINEAL last=144.56 · río=WS · mercado=linear · estado=ACECHANDO · dir=— · 0=143.16 · Oz=— · Red=142.62584232 · manos=ON · pos=flat · latido=1.50s
[RANGO] autosello ZHIPU · ACECHANDO · Oz=0.0 link=— · manos_feria_informe.json
[RANGO] ZHIPUUSDT_LINEAL last=144.62 · río=WS · mercado=linear · estado=ACECHANDO · dir=— · 0=143.16 · Oz=— · Red=142.62584232 · manos=ON · pos=flat · latido=1.50s
[RANGO] autosello ZHIPU · ACECHANDO · Oz=0.0 link=— · manos_feria_informe.json
[RANGO] ZHIPUUSDT_LINEAL last=144.57 · río=WS · mercado=linear · estado=ACECHANDO · dir=— · 0=143.16 · Oz=— · Red=142.62584232 · manos=ON · pos=flat · latido=1.50s
[RANGO] ZHIPUUSDT_LINEAL last=144.53 · río=WS · mercado=linear · estado=ACECHANDO · dir=— · 0=143.16 · Oz=— · Red=142.62584232 · manos=ON · pos=flat · latido=1.50s
[RANGO] autosello ZHIPU · ACECHANDO · Oz=0.0 link=— · manos_feria_informe.json
[RANGO] ZHIPUUSDT_LINEAL last=144.71 · río=ciego/muleta · mercado=linear · estado=ACECHANDO · dir=— · 0=143.16 · Oz=— · Red=142.62584232 · manos=ON · pos=flat · latido=1.50s
[RANGO] autosello ZHIPU · ACECHANDO · Oz=0.0 link=— · manos_feria_informe.json
[2026-08-31 10:45:36] [TUSK] RECONCILIACIÓN: HYPEUSDT_LINEAL: interno L:0.000000/S:0.340000 -> real L:0.000000/S:0.400000
[2026-08-31 10:45:36] [TUSK] RECONCILIACIÓN: PURRUSDT_LINEAL: interno L:3.000000/S:0.000000 -> real L:2.500000/S:0.000000
[2026-08-31 10:45:36] [TUSK] RECONCILIACIÓN: BMNRUSDT_LINEAL: interno L:0.000000/S:0.000000 -> real L:2.100000/S:0.000000
[2026-08-31 10:45:36] [TUSK] RECONCILIACIÓN: HYPEUSD_INVERSE: interno L:291.000000/S:0.000000 -> real L:146.000000/S:0.000000
[2026-08-31 10:45:36] [TUSK] RECONCILIACIÓN_FANTASMA: TSLLUSDT_LINEAL existe interno pero no en exchange -> reseteando
[2026-08-31 10:45:36] [TUSK] RECONCILIACIÓN_OK: 5 frentes alineados con exchange
[RANGO] ZHIPUUSDT_LINEAL last=144.59 · río=WS · mercado=linear · estado=ACECHANDO · dir=— · 0=143.16 · Oz=— · Red=142.62584232 · manos=ON · pos=flat · latido=1.50s
[RANGO] ZHIPUUSDT_LINEAL last=144.71 · río=ciego/muleta · mercado=linear · estado=ACECHANDO · dir=— · 0=143.16 · Oz=— · Red=142.62584232 · manos=ON · pos=flat · latido=1.50s
[RANGO] autosello ZHIPU · ACECHANDO · Oz=0.0 link=— · manos_feria_informe.json
[RANGO] ZHIPUUSDT_LINEAL last=144.58 · río=WS · mercado=linear · estado=ACECHANDO · dir=— · 0=143.16 · Oz=— · Red=142.62584232 · manos=ON · pos=flat · latido=1.50s
[RANGO] autosello ZHIPU · ACECHANDO · Oz=0.0 link=— · manos_feria_informe.json
[RANGO] ZHIPUUSDT_LINEAL last=144.4 · río=WS · mercado=linear · estado=ACECHANDO · dir=— · 0=143.16 · Oz=— · Red=142.62584232 · manos=ON · pos=flat · latido=1.50s
[RANGO] ZHIPUUSDT_LINEAL last=144.34 · río=WS · mercado=linear · estado=ACECHANDO · dir=— · 0=143.16 · Oz=— · Red=142.62584232 · manos=ON · pos=flat · latido=1.50s
[RANGO] autosello ZHIPU · ACECHANDO · Oz=0.0 link=— · manos_feria_informe.json
[RANGO] ZHIPUUSDT_LINEAL last=144.31 · río=WS · mercado=linear · estado=ACECHANDO · dir=— · 0=143.16 · Oz=— · Red=142.62584232 · manos=ON · pos=flat · latido=1.50s
[RANGO] autosello ZHIPU · ACECHANDO · Oz=0.0 link=— · manos_feria_informe.json
[2026-08-31 10:46:37] [TUSK] RECONCILIACIÓN: BLUAIUSDT_LINEAL: interno L:1590.000000/S:0.000000 -> real L:1180.000000/S:0.000000
[2026-08-31 10:46:37] [TUSK] RECONCILIACIÓN: PURRUSDT_LINEAL: interno L:2.500000/S:0.000000 -> real L:3.000000/S:0.000000
[2026-08-31 10:46:37] [TUSK] RECONCILIACIÓN: LITUSDT_LINEAL: interno L:0.000000/S:0.000000 -> real L:0.000000/S:25.000000
[2026-08-31 10:46:37] [TUSK] RECONCILIACIÓN: HYPEUSD_INVERSE: interno L:146.000000/S:0.000000 -> real L:73.000000/S:0.000000
[2026-08-31 10:46:37] [TUSK] RECONCILIACIÓN_FANTASMA: SNXXUSDT_LINEAL existe interno pero no en exchange -> reseteando
[2026-08-31 10:46:37] [TUSK] RECONCILIACIÓN_OK: 5 frentes alineados con exchange
[RANGO] ZHIPUUSDT_LINEAL last=144.33 · río=WS · mercado=linear · estado=ACECHANDO · dir=— · 0=143.16 · Oz=— · Red=142.62584232 · manos=ON · pos=flat · latido=1.50s
[RANGO] ZHIPUUSDT_LINEAL last=144.52 · río=WS · mercado=linear · estado=ACECHANDO · dir=— · 0=143.16 · Oz=— · Red=142.62584232 · manos=ON · pos=flat · latido=1.50s
[RANGO] autosello ZHIPU · ACECHANDO · Oz=0.0 link=— · manos_feria_informe.json
[RANGO] ZHIPUUSDT_LINEAL last=144.51 · río=WS · mercado=linear · estado=ACECHANDO · dir=— · 0=143.16 · Oz=— · Red=142.62584232 · manos=ON · pos=flat · latido=1.50s
[RANGO] autosello ZHIPU · ACECHANDO · Oz=0.0 link=— · manos_feria_informe.json
[RANGO] ZHIPUUSDT_LINEAL last=144.29 · río=WS · mercado=linear · estado=ACECHANDO · dir=— · 0=143.16 · Oz=— · Red=142.62584232 · manos=ON · pos=flat · latido=1.50s
[RANGO] ZHIPUUSDT_LINEAL last=144.29 · río=WS · mercado=linear · estado=ACECHANDO · dir=— · 0=143.16 · Oz=— · Red=142.62584232 · manos=ON · pos=flat · latido=1.50s
[RANGO] autosello ZHIPU · ACECHANDO · Oz=0.0 link=— · manos_feria_informe.json
[RANGO] ZHIPUUSDT_LINEAL last=144.46 · río=WS · mercado=linear · estado=ACECHANDO · dir=— · 0=143.16 · Oz=— · Red=142.62584232 · manos=ON · pos=flat · latido=1.50s
[RANGO] autosello ZHIPU · ACECHANDO · Oz=0.0 link=— · manos_feria_informe.json
[2026-08-31 10:47:38] [TUSK] RECONCILIACIÓN: LITUSDT_LINEAL: interno L:0.000000/S:25.000000 -> real L:0.000000/S:26.900000
[2026-08-31 10:47:38] [TUSK] RECONCILIACIÓN: PURRUSDT_LINEAL: interno L:3.000000/S:0.000000 -> real L:3.700000/S:0.000000
[2026-08-31 10:47:38] [TUSK] RECONCILIACIÓN_OK: 2 frentes alineados con exchange
[RANGO] ZHIPUUSDT_LINEAL last=144.43 · río=WS · mercado=linear · estado=ACECHANDO · dir=— · 0=143.16 · Oz=— · Red=142.62584232 · manos=ON · pos=flat · latido=1.50s
[RANGO] ZHIPUUSDT_LINEAL last=144.4 · río=WS · mercado=linear · estado=ACECHANDO · dir=— · 0=143.16 · Oz=— · Red=142.62584232 · manos=ON · pos=flat · latido=1.50s
[RANGO] autosello ZHIPU · ACECHANDO · Oz=0.0 link=— · manos_feria_informe.json
[RANGO] ZHIPUUSDT_LINEAL last=144.22 · río=WS · mercado=linear · estado=ACECHANDO · dir=— · 0=143.16 · Oz=— · Red=142.62584232 · manos=ON · pos=flat · latido=1.50s
[RANGO] autosello ZHIPU · ACECHANDO · Oz=0.0 link=— · manos_feria_informe.json
[RANGO] ZHIPUUSDT_LINEAL last=144.18 · río=WS · mercado=linear · estado=ACECHANDO · dir=— · 0=143.16 · Oz=— · Red=142.62584232 · manos=ON · pos=flat · latido=1.50s
[RANGO] ZHIPUUSDT_LINEAL last=144.33 · río=WS · mercado=linear · estado=ACECHANDO · dir=— · 0=143.16 · Oz=— · Red=142.62584232 · manos=ON · pos=flat · latido=1.50s
[RANGO] autosello ZHIPU · ACECHANDO · Oz=0.0 link=— · manos_feria_informe.json
[RANGO] ZHIPUUSDT_LINEAL last=144.14 · río=WS · mercado=linear · estado=ACECHANDO · dir=— · 0=143.16 · Oz=— · Red=142.62584232 · manos=ON · pos=flat · latido=1.50s
[RANGO] autosello ZHIPU · ACECHANDO · Oz=0.0 link=— · manos_feria_informe.json
[2026-08-31 10:48:40] [TUSK] RECONCILIACIÓN: PURRUSDT_LINEAL: interno L:3.700000/S:0.000000 -> real L:3.200000/S:0.000000
[2026-08-31 10:48:40] [TUSK] RECONCILIACIÓN_OK: 1 frentes alineados con exchange
[RANGO] ZHIPUUSDT_LINEAL last=144.29 · río=WS · mercado=linear · estado=ACECHANDO · dir=— · 0=143.16 · Oz=— · Red=142.62584232 · manos=ON · pos=flat · latido=1.50s
[RANGO] ZHIPUUSDT_LINEAL last=144.28 · río=WS · mercado=linear · estado=ACECHANDO · dir=— · 0=143.16 · Oz=— · Red=142.62584232 · manos=ON · pos=flat · latido=1.50s
[RANGO] autosello ZHIPU · ACECHANDO · Oz=0.0 link=— · manos_feria_informe.json
[RANGO] ZHIPUUSDT_LINEAL last=144.22 · río=WS · mercado=linear · estado=ACECHANDO · dir=— · 0=143.16 · Oz=— · Red=142.62584232 · manos=ON · pos=flat · latido=1.50s
[RANGO] autosello ZHIPU · ACECHANDO · Oz=0.0 link=— · manos_feria_informe.json
[RANGO] ZHIPUUSDT_LINEAL last=144.28 · río=WS · mercado=linear · estado=ACECHANDO · dir=— · 0=143.16 · Oz=— · Red=142.62584232 · manos=ON · pos=flat · latido=1.50s
[RANGO] ZHIPUUSDT_LINEAL last=144.39 · río=WS · mercado=linear · estado=ACECHANDO · dir=— · 0=143.16 · Oz=— · Red=142.62584232 · manos=ON · pos=flat · latido=1.50s
[RANGO] autosello ZHIPU · ACECHANDO · Oz=0.0 link=— · manos_feria_informe.json
[RANGO] ZHIPUUSDT_LINEAL last=144.29 · río=WS · mercado=linear · estado=ACECHANDO · dir=— · 0=143.16 · Oz=— · Red=142.62584232 · manos=ON · pos=flat · latido=1.50s
[RANGO] autosello ZHIPU · ACECHANDO · Oz=0.0 link=— · manos_feria_informe.json
[RANGO] ZHIPUUSDT_LINEAL last=144.13 · río=ciego/muleta · mercado=linear · estado=ACECHANDO · dir=— · 0=143.16 · Oz=— · Red=142.62584232 · manos=ON · pos=flat · latido=1.50s
[2026-08-31 10:49:41] [TUSK] RECONCILIACIÓN: PURRUSDT_LINEAL: interno L:3.200000/S:0.000000 -> real L:3.700000/S:0.000000
[2026-08-31 10:49:41] [TUSK] RECONCILIACIÓN: MORPHOUSDT_LINEAL: interno L:0.000000/S:0.000000 -> real L:23.000000/S:0.000000
[2026-08-31 10:49:41] [TUSK] RECONCILIACIÓN: DASHUSDT_LINEAL: interno L:0.000000/S:0.680000 -> real L:0.000000/S:0.810000
[2026-08-31 10:49:41] [TUSK] RECONCILIACIÓN: ETHUSD_INVERSE: interno L:190.000000/S:0.000000 -> real L:95.000000/S:0.000000
[2026-08-31 10:49:41] [TUSK] RECONCILIACIÓN_FANTASMA: UNIUSDT_LINEAL existe interno pero no en exchange -> reseteando
[2026-08-31 10:49:41] [TUSK] RECONCILIACIÓN_OK: 5 frentes alineados con exchange
[RANGO] autosello ZHIPU · ACECHANDO · Oz=0.0 link=— · manos_feria_informe.json
[RANGO] ZHIPUUSDT_LINEAL last=144.25 · río=WS · mercado=linear · estado=ACECHANDO · dir=— · 0=143.16 · Oz=— · Red=142.62584232 · manos=ON · pos=flat · latido=1.50s
[RANGO] ZHIPUUSDT_LINEAL last=144.3 · río=WS · mercado=linear · estado=ACECHANDO · dir=— · 0=143.16 · Oz=— · Red=142.62584232 · manos=ON · pos=flat · latido=1.50s
[RANGO] autosello ZHIPU · ACECHANDO · Oz=0.0 link=— · manos_feria_informe.json
[RANGO] ZHIPUUSDT_LINEAL last=144.27 · río=WS · mercado=linear · estado=ACECHANDO · dir=— · 0=143.16 · Oz=— · Red=142.62584232 · manos=ON · pos=flat · latido=1.50s
[RANGO] autosello ZHIPU · ACECHANDO · Oz=0.0 link=— · manos_feria_informe.json
[RANGO] ZHIPUUSDT_LINEAL last=144.28 · río=WS · mercado=linear · estado=ACECHANDO · dir=— · 0=143.16 · Oz=— · Red=142.62584232 · manos=ON · pos=flat · latido=1.50s
[RANGO] ZHIPUUSDT_LINEAL last=144.27 · río=WS · mercado=linear · estado=ACECHANDO · dir=— · 0=143.16 · Oz=— · Red=142.62584232 · manos=ON · pos=flat · latido=1.50s
[RANGO] autosello ZHIPU · ACECHANDO · Oz=0.0 link=— · manos_feria_informe.json
[RANGO] ZHIPUUSDT_LINEAL last=144.13 · río=ciego/muleta · mercado=linear · estado=ACECHANDO · dir=— · 0=143.16 · Oz=— · Red=142.62584232 · manos=ON · pos=flat · latido=1.50s
[2026-08-31 10:50:43] [TUSK] RECONCILIACIÓN: ASTSUSDT_LINEAL: interno L:0.000000/S:0.000000 -> real L:0.780000/S:0.000000
[2026-08-31 10:50:43] [TUSK] RECONCILIACIÓN: LITUSDT_LINEAL: interno L:0.000000/S:26.900000 -> real L:0.000000/S:25.500000
[2026-08-31 10:50:43] [TUSK] RECONCILIACIÓN_FANTASMA: OUSDT_LINEAL existe interno pero no en exchange -> reseteando
[2026-08-31 10:50:43] [TUSK] RECONCILIACIÓN_OK: 3 frentes alineados con exchange
[RANGO] autosello ZHIPU · ACECHANDO · Oz=0.0 link=— · manos_feria_informe.json
[RANGO] ZHIPUUSDT_LINEAL last=144.27 · río=WS · mercado=linear · estado=ACECHANDO · dir=— · 0=143.16 · Oz=— · Red=142.62584232 · manos=ON · pos=flat · latido=1.50s
[RANGO] ZHIPUUSDT_LINEAL last=144.28 · río=WS · mercado=linear · estado=ACECHANDO · dir=— · 0=143.16 · Oz=— · Red=142.62584232 · manos=ON · pos=flat · latido=1.50s
[RANGO] autosello ZHIPU · ACECHANDO · Oz=0.0 link=— · manos_feria_informe.json
[RANGO] ZHIPUUSDT_LINEAL last=144.31 · río=WS · mercado=linear · estado=ACECHANDO · dir=— · 0=143.16 · Oz=— · Red=142.62584232 · manos=ON · pos=flat · latido=1.50s
[RANGO] autosello ZHIPU · ACECHANDO · Oz=0.0 link=— · manos_feria_informe.json
[RANGO] ZHIPUUSDT_LINEAL last=144.26 · río=WS · mercado=linear · estado=ACECHANDO · dir=— · 0=143.16 · Oz=— · Red=142.62584232 · manos=ON · pos=flat · latido=1.50s
[RANGO] ZHIPUUSDT_LINEAL last=144.13 · río=ciego/muleta · mercado=linear · estado=ACECHANDO · dir=— · 0=143.16 · Oz=— · Red=142.62584232 · manos=ON · pos=flat · latido=1.50s
[RANGO] autosello ZHIPU · ACECHANDO · Oz=0.0 link=— · manos_feria_informe.json
[RANGO] ZHIPUUSDT_LINEAL last=144.13 · río=ciego/muleta · mercado=linear · estado=ACECHANDO · dir=— · 0=143.16 · Oz=— · Red=142.62584232 · manos=ON · pos=flat · latido=1.50s
[2026-08-31 10:51:44] [TUSK] RECONCILIACIÓN: MONUSDT_LINEAL: interno L:0.000000/S:0.000000 -> real L:5276.000000/S:0.000000
[2026-08-31 10:51:44] [TUSK] RECONCILIACIÓN_FANTASMA: STXXUSDT_LINEAL existe interno pero no en exchange -> reseteando
[2026-08-31 10:51:44] [TUSK] RECONCILIACIÓN_OK: 2 frentes alineados con exchange
[RANGO] autosello ZHIPU · ACECHANDO · Oz=0.0 link=— · manos_feria_informe.json
[RANGO] ZHIPUUSDT_LINEAL last=144.13 · río=ciego/muleta · mercado=linear · estado=ACECHANDO · dir=— · 0=143.16 · Oz=— · Red=142.62584232 · manos=ON · pos=flat · latido=1.50s
[RANGO] ZHIPUUSDT_LINEAL last=144.13 · río=ciego/muleta · mercado=linear · estado=ACECHANDO · dir=— · 0=143.16 · Oz=— · Red=142.62584232 · manos=ON · pos=flat · latido=1.50s
[RANGO] autosello ZHIPU · ACECHANDO · Oz=0.0 link=— · manos_feria_informe.json
[RANGO] ZHIPUUSDT_LINEAL last=144.31 · río=WS · mercado=linear · estado=ACECHANDO · dir=— · 0=143.16 · Oz=— · Red=142.62584232 · manos=ON · pos=flat · latido=1.50s
[RANGO] autosello ZHIPU · ACECHANDO · Oz=0.0 link=— · manos_feria_informe.json
[RANGO] ZHIPUUSDT_LINEAL last=144.13 · río=ciego/muleta · mercado=linear · estado=ACECHANDO · dir=— · 0=143.16 · Oz=— · Red=142.62584232 · manos=ON · pos=flat · latido=1.50s
[RANGO] autosello ZHIPU · ACECHANDO · Oz=0.0 link=— · manos_feria_informe.json
[RANGO] ZHIPUUSDT_LINEAL last=144.13 · río=ciego/muleta · mercado=linear · estado=ACECHANDO · dir=— · 0=143.16 · Oz=— · Red=142.62584232 · manos=ON · pos=flat · latido=1.50s
[2026-08-31 10:52:45] [TUSK] RECONCILIACIÓN: TRBUSDT_LINEAL: interno L:0.000000/S:0.000000 -> real L:5.240000/S:0.000000
[2026-08-31 10:52:45] [TUSK] RECONCILIACIÓN: SUSHIUSDT_LINEAL: interno L:0.000000/S:0.000000 -> real L:139.800000/S:0.000000
[2026-08-31 10:52:45] [TUSK] RECONCILIACIÓN: ACUUSDT_LINEAL: interno L:0.000000/S:0.000000 -> real L:215.000000/S:0.000000
[2026-08-31 10:52:45] [TUSK] RECONCILIACIÓN_FANTASMA: PLTRUSDT_LINEAL existe interno pero no en exchange -> reseteando
[2026-08-31 10:52:45] [TUSK] RECONCILIACIÓN_FANTASMA: FWDIUSDT_LINEAL existe interno pero no en exchange -> reseteando
[2026-08-31 10:52:45] [TUSK] RECONCILIACIÓN_FANTASMA: CFGUSDT_LINEAL existe interno pero no en exchange -> reseteando
[2026-08-31 10:52:45] [TUSK] RECONCILIACIÓN_OK: 6 frentes alineados con exchange
[RANGO] ZHIPUUSDT_LINEAL last=144.13 · río=ciego/muleta · mercado=linear · estado=ACECHANDO · dir=— · 0=143.16 · Oz=— · Red=142.62584232 · manos=ON · pos=flat · latido=1.50s
[RANGO] autosello ZHIPU · ACECHANDO · Oz=0.0 link=— · manos_feria_informe.json
[RANGO] ZHIPUUSDT_LINEAL last=144.13 · río=ciego/muleta · mercado=linear · estado=ACECHANDO · dir=— · 0=143.16 · Oz=— · Red=142.62584232 · manos=ON · pos=flat · latido=1.50s
[RANGO] autosello ZHIPU · ACECHANDO · Oz=0.0 link=— · manos_feria_informe.json
[RANGO] ZHIPUUSDT_LINEAL last=144.13 · río=ciego/muleta · mercado=linear · estado=ACECHANDO · dir=— · 0=143.16 · Oz=— · Red=142.62584232 · manos=ON · pos=flat · latido=1.50s
[RANGO] ZHIPUUSDT_LINEAL last=144.24 · río=WS · mercado=linear · estado=ACECHANDO · dir=— · 0=143.16 · Oz=— · Red=142.62584232 · manos=ON · pos=flat · latido=1.50s
[RANGO] autosello ZHIPU · ACECHANDO · Oz=0.0 link=— · manos_feria_informe.json
[RANGO] ZHIPUUSDT_LINEAL last=144.24 · río=WS · mercado=linear · estado=ACECHANDO · dir=— · 0=143.16 · Oz=— · Red=142.62584232 · manos=ON · pos=flat · latido=1.50s
[RANGO] autosello ZHIPU · ACECHANDO · Oz=0.0 link=— · manos_feria_informe.json
[RANGO] ZHIPUUSDT_LINEAL last=144.3 · río=WS · mercado=linear · estado=ACECHANDO · dir=— · 0=143.16 · Oz=— · Red=142.62584232 · manos=ON · pos=flat · latido=1.50s
[RANGO] ZHIPUUSDT_LINEAL last=144.13 · río=ciego/muleta · mercado=linear · estado=ACECHANDO · dir=— · 0=143.16 · Oz=— · Red=142.62584232 · manos=ON · pos=flat · latido=1.50s
[RANGO] autosello ZHIPU · ACECHANDO · Oz=0.0 link=— · manos_feria_informe.json
[RANGO] ZHIPUUSDT_LINEAL last=144.25 · río=WS · mercado=linear · estado=ACECHANDO · dir=— · 0=143.16 · Oz=— · Red=142.62584232 · manos=ON · pos=flat · latido=1.50s
[RANGO] autosello ZHIPU · ACECHANDO · Oz=0.0 link=— · manos_feria_informe.json
[RANGO] ZHIPUUSDT_LINEAL last=144.21 · río=WS · mercado=linear · estado=ACECHANDO · dir=— · 0=143.16 · Oz=— · Red=142.62584232 · manos=ON · pos=flat · latido=1.50s
[RANGO] ZHIPUUSDT_LINEAL last=144.19 · río=WS · mercado=linear · estado=ACECHANDO · dir=— · 0=143.16 · Oz=— · Red=142.62584232 · manos=ON · pos=flat · latido=1.50s
[RANGO] autosello ZHIPU · ACECHANDO · Oz=0.0 link=— · manos_feria_informe.json
[RANGO] ZHIPUUSDT_LINEAL last=144.13 · río=ciego/muleta · mercado=linear · estado=ACECHANDO · dir=— · 0=143.16 · Oz=— · Red=142.62584232 · manos=ON · pos=flat · latido=1.50s
[RANGO] autosello ZHIPU · ACECHANDO · Oz=0.0 link=— · manos_feria_informe.json
[RANGO] ZHIPUUSDT_LINEAL last=144.13 · río=ciego/muleta · mercado=linear · estado=ACECHANDO · dir=— · 0=143.16 · Oz=— · Red=142.62584232 · manos=ON · pos=flat · latido=1.50s
[2026-08-31 10:54:47] [TUSK] RECONCILIACIÓN: LITUSDT_LINEAL: interno L:0.000000/S:25.500000 -> real L:0.000000/S:24.100000
[2026-08-31 10:54:48] [TUSK] RECONCILIACIÓN_OK: 1 frentes alineados con exchange
[RANGO] ZHIPUUSDT_LINEAL last=144.28 · río=WS · mercado=linear · estado=ACECHANDO · dir=— · 0=143.16 · Oz=— · Red=142.62584232 · manos=ON · pos=flat · latido=1.50s
[RANGO] autosello ZHIPU · ACECHANDO · Oz=0.0 link=— · manos_feria_informe.json
[RANGO] ZHIPUUSDT_LINEAL last=144.27 · río=WS · mercado=linear · estado=ACECHANDO · dir=— · 0=143.16 · Oz=— · Red=142.62584232 · manos=ON · pos=flat · latido=1.50s
[RANGO] autosello ZHIPU · ACECHANDO · Oz=0.0 link=— · manos_feria_informe.json
[RANGO] ZHIPUUSDT_LINEAL last=144.13 · río=ciego/muleta · mercado=linear · estado=ACECHANDO · dir=— · 0=143.16 · Oz=— · Red=142.62584232 · manos=ON · pos=flat · latido=1.50s
[RANGO] autosello ZHIPU · ACECHANDO · Oz=0.0 link=— · manos_feria_informe.json
[RANGO] ZHIPUUSDT_LINEAL last=144.13 · río=ciego/muleta · mercado=linear · estado=ACECHANDO · dir=— · 0=143.16 · Oz=— · Red=142.62584232 · manos=ON · pos=flat · latido=1.50s
[RANGO] ZHIPUUSDT_LINEAL last=144.21 · río=WS · mercado=linear · estado=ACECHANDO · dir=— · 0=143.16 · Oz=— · Red=142.62584232 · manos=ON · pos=flat · latido=1.50s
[RANGO] autosello ZHIPU · ACECHANDO · Oz=0.0 link=— · manos_feria_informe.json
[RANGO] ZHIPUUSDT_LINEAL last=144.21 · río=WS · mercado=linear · estado=ACECHANDO · dir=— · 0=143.16 · Oz=— · Red=142.62584232 · manos=ON · pos=flat · latido=1.50s
[RANGO] autosello ZHIPU · ACECHANDO · Oz=0.0 link=— · manos_feria_informe.json
[RANGO] ZHIPUUSDT_LINEAL last=144.26 · río=WS · mercado=linear · estado=ACECHANDO · dir=— · 0=143.16 · Oz=— · Red=142.62584232 · manos=ON · pos=flat · latido=1.50s
[RANGO] ZHIPUUSDT_LINEAL last=144.24 · río=WS · mercado=linear · estado=ACECHANDO · dir=— · 0=143.16 · Oz=— · Red=142.62584232 · manos=ON · pos=flat · latido=1.50s
[RANGO] autosello ZHIPU · ACECHANDO · Oz=0.0 link=— · manos_feria_informe.json
[RANGO] ZHIPUUSDT_LINEAL last=144.26 · río=WS · mercado=linear · estado=ACECHANDO · dir=— · 0=143.16 · Oz=— · Red=142.62584232 · manos=ON · pos=flat · latido=1.50s
[RANGO] autosello ZHIPU · ACECHANDO · Oz=0.0 link=— · manos_feria_informe.json
[RANGO] ZHIPUUSDT_LINEAL last=144.25 · río=WS · mercado=linear · estado=ACECHANDO · dir=— · 0=143.16 · Oz=— · Red=142.62584232 · manos=ON · pos=flat · latido=1.50s
[RANGO] ZHIPUUSDT_LINEAL last=144.26 · río=ciego/muleta · mercado=linear · estado=ACECHANDO · dir=— · 0=143.16 · Oz=— · Red=142.62584232 · manos=ON · pos=flat · latido=1.50s
[RANGO] autosello ZHIPU · ACECHANDO · Oz=0.0 link=— · manos_feria_informe.json
[RANGO] ZHIPUUSDT_LINEAL last=144.26 · río=WS · mercado=linear · estado=ACECHANDO · dir=— · 0=143.16 · Oz=— · Red=142.62584232 · manos=ON · pos=flat · latido=1.50s
[RANGO] autosello ZHIPU · ACECHANDO · Oz=0.0 link=— · manos_feria_informe.json
[RANGO] ZHIPUUSDT_LINEAL last=144.26 · río=ciego/muleta · mercado=linear · estado=ACECHANDO · dir=— · 0=143.16 · Oz=— · Red=142.62584232 · manos=ON · pos=flat · latido=1.50s
[RANGO] ZHIPUUSDT_LINEAL last=144.27 · río=WS · mercado=linear · estado=ACECHANDO · dir=— · 0=143.16 · Oz=— · Red=142.62584232 · manos=ON · pos=flat · latido=1.50s
[RANGO] autosello ZHIPU · ACECHANDO · Oz=0.0 link=— · manos_feria_informe.json
[RANGO] ZHIPUUSDT_LINEAL last=144.31 · río=WS · mercado=linear · estado=ACECHANDO · dir=— · 0=143.16 · Oz=— · Red=142.62584232 · manos=ON · pos=flat · latido=1.50s
[RANGO] autosello ZHIPU · ACECHANDO · Oz=0.0 link=— · manos_feria_informe.json
[RANGO] ZHIPUUSDT_LINEAL last=144.26 · río=WS · mercado=linear · estado=ACECHANDO · dir=— · 0=143.16 · Oz=— · Red=142.62584232 · manos=ON · pos=flat · latido=1.50s
[RANGO] ZHIPUUSDT_LINEAL last=144.26 · río=ciego/muleta · mercado=linear · estado=ACECHANDO · dir=— · 0=143.16 · Oz=— · Red=142.62584232 · manos=ON · pos=flat · latido=1.50s
[RANGO] autosello ZHIPU · ACECHANDO · Oz=0.0 link=— · manos_feria_informe.json
[RANGO] ZHIPUUSDT_LINEAL last=144.26 · río=ciego/muleta · mercado=linear · estado=ACECHANDO · dir=— · 0=143.16 · Oz=— · Red=142.62584232 · manos=ON · pos=flat · latido=1.50s
[2026-08-31 10:57:51] [TUSK] RECONCILIACIÓN: ROBOUSDT_LINEAL: interno L:0.000000/S:0.000000 -> real L:3390.000000/S:0.000000
[2026-08-31 10:57:51] [TUSK] RECONCILIACIÓN_FANTASMA: POWERUSDT_LINEAL existe interno pero no en exchange -> reseteando
[2026-08-31 10:57:51] [TUSK] RECONCILIACIÓN_OK: 2 frentes alineados con exchange
[RANGO] autosello ZHIPU · ACECHANDO · Oz=0.0 link=— · manos_feria_informe.json
[RANGO] ZHIPUUSDT_LINEAL last=144.26 · río=ciego/muleta · mercado=linear · estado=ACECHANDO · dir=— · 0=143.16 · Oz=— · Red=142.62584232 · manos=ON · pos=flat · latido=1.50s
[RANGO] autosello ZHIPU · ACECHANDO · Oz=0.0 link=— · manos_feria_informe.json
[RANGO] ZHIPUUSDT_LINEAL last=144.29 · río=WS · mercado=linear · estado=ACECHANDO · dir=— · 0=143.16 · Oz=— · Red=142.62584232 · manos=ON · pos=flat · latido=1.50s
[RANGO] ZHIPUUSDT_LINEAL last=144.31 · río=WS · mercado=linear · estado=ACECHANDO · dir=— · 0=143.16 · Oz=— · Red=142.62584232 · manos=ON · pos=flat · latido=1.50s
[RANGO] autosello ZHIPU · ACECHANDO · Oz=0.0 link=— · manos_feria_informe.json
[RANGO] ZHIPUUSDT_LINEAL last=144.39 · río=WS · mercado=linear · estado=ACECHANDO · dir=— · 0=143.16 · Oz=— · Red=142.62584232 · manos=ON · pos=flat · latido=1.50s
[RANGO] autosello ZHIPU · ACECHANDO · Oz=0.0 link=— · manos_feria_informe.json
[RANGO] ZHIPUUSDT_LINEAL last=144.31 · río=ciego/muleta · mercado=linear · estado=ACECHANDO · dir=— · 0=143.16 · Oz=— · Red=142.62584232 · manos=ON · pos=flat · latido=1.50s
[RANGO] ZHIPUUSDT_LINEAL last=144.23 · río=WS · mercado=linear · estado=ACECHANDO · dir=— · 0=143.16 · Oz=— · Red=142.62584232 · manos=ON · pos=flat · latido=1.50s
[RANGO] autosello ZHIPU · ACECHANDO · Oz=0.0 link=— · manos_feria_informe.json
[2026-08-31 10:58:52] [TUSK] RECONCILIACIÓN: MOVRUSDT_LINEAL: interno L:0.000000/S:0.000000 -> real L:0.000000/S:115.100000
[2026-08-31 10:58:52] [TUSK] RECONCILIACIÓN_FANTASMA: AEHRUSDT_LINEAL existe interno pero no en exchange -> reseteando
[2026-08-31 10:58:52] [TUSK] RECONCILIACIÓN_OK: 2 frentes alineados con exchange
[RANGO] ZHIPUUSDT_LINEAL last=144.35 · río=WS · mercado=linear · estado=ACECHANDO · dir=— · 0=143.16 · Oz=— · Red=142.62584232 · manos=ON · pos=flat · latido=1.50s
[RANGO] autosello ZHIPU · ACECHANDO · Oz=0.0 link=— · manos_feria_informe.json
[RANGO] ZHIPUUSDT_LINEAL last=144.31 · río=ciego/muleta · mercado=linear · estado=ACECHANDO · dir=— · 0=143.16 · Oz=— · Red=142.62584232 · manos=ON · pos=flat · latido=1.50s
[RANGO] ZHIPUUSDT_LINEAL last=144.23 · río=WS · mercado=linear · estado=ACECHANDO · dir=— · 0=143.16 · Oz=— · Red=142.62584232 · manos=ON · pos=flat · latido=1.50s
[RANGO] autosello ZHIPU · ACECHANDO · Oz=0.0 link=— · manos_feria_informe.json
[RANGO] ZHIPUUSDT_LINEAL last=144.31 · río=ciego/muleta · mercado=linear · estado=ACECHANDO · dir=— · 0=143.16 · Oz=— · Red=142.62584232 · manos=ON · pos=flat · latido=1.50s
[RANGO] autosello ZHIPU · ACECHANDO · Oz=0.0 link=— · manos_feria_informe.json
[RANGO] ZHIPUUSDT_LINEAL last=144.31 · río=ciego/muleta · mercado=linear · estado=ACECHANDO · dir=— · 0=143.16 · Oz=— · Red=142.62584232 · manos=ON · pos=flat · latido=1.50s
[RANGO] ZHIPUUSDT_LINEAL last=144.31 · río=ciego/muleta · mercado=linear · estado=ACECHANDO · dir=— · 0=143.16 · Oz=— · Red=142.62584232 · manos=ON · pos=flat · latido=1.50s
[RANGO] autosello ZHIPU · ACECHANDO · Oz=0.0 link=— · manos_feria_informe.json
[2026-08-31 10:59:53] [TUSK] RECONCILIACIÓN: SAMSUNGUSDT_LINEAL: interno L:0.000000/S:0.000000 -> real L:0.000000/S:0.110000
[2026-08-31 10:59:53] [TUSK] RECONCILIACIÓN: POWERUSDT_LINEAL: interno L:0.000000/S:0.000000 -> real L:0.000000/S:130.000000
[2026-08-31 10:59:53] [TUSK] RECONCILIACIÓN_FANTASMA: CHIPUSDT_LINEAL existe interno pero no en exchange -> reseteando
[2026-08-31 10:59:53] [TUSK] RECONCILIACIÓN_FANTASMA: ROSEUSDT_LINEAL existe interno pero no en exchange -> reseteando
[2026-08-31 10:59:53] [TUSK] RECONCILIACIÓN_OK: 4 frentes alineados con exchange
[RANGO] ZHIPUUSDT_LINEAL last=144.31 · río=ciego/muleta · mercado=linear · estado=ACECHANDO · dir=— · 0=143.16 · Oz=— · Red=142.62584232 · manos=ON · pos=flat · latido=1.50s
[RANGO] autosello ZHIPU · ACECHANDO · Oz=0.0 link=— · manos_feria_informe.json
[RANGO] ZHIPUUSDT_LINEAL last=144.34 · río=WS · mercado=linear · estado=ACECHANDO · dir=— · 0=143.16 · Oz=— · Red=142.62584232 · manos=ON · pos=flat · latido=1.50s
[RANGO] ZHIPUUSDT_LINEAL last=144.28 · río=WS · mercado=linear · estado=ACECHANDO · dir=— · 0=143.16 · Oz=— · Red=142.62584232 · manos=ON · pos=flat · latido=1.50s
[RANGO] autosello ZHIPU · ACECHANDO · Oz=0.0 link=— · manos_feria_informe.json
[RANGO] ZHIPUUSDT_LINEAL last=144.27 · río=WS · mercado=linear · estado=ACECHANDO · dir=— · 0=143.16 · Oz=— · Red=142.62584232 · manos=ON · pos=flat · latido=1.50s
[RANGO] autosello ZHIPU · ACECHANDO · Oz=0.0 link=— · manos_feria_informe.json
[RANGO] ZHIPUUSDT_LINEAL last=144.26 · río=WS · mercado=linear · estado=ACECHANDO · dir=— · 0=143.16 · Oz=— · Red=142.62584232 · manos=ON · pos=flat · latido=1.50s
[RANGO] ZHIPUUSDT_LINEAL last=144.21 · río=ciego/muleta · mercado=linear · estado=ACECHANDO · dir=— · 0=143.16 · Oz=— · Red=142.62584232 · manos=ON · pos=flat · latido=1.50s
[RANGO] autosello ZHIPU · ACECHANDO · Oz=0.0 link=— · manos_feria_informe.json
[2026-08-31 11:00:55] [TUSK] RECONCILIACIÓN: TWTUSDT_LINEAL: interno L:26.800000/S:0.000000 -> real L:7.400000/S:0.000000
[2026-08-31 11:00:55] [TUSK] RECONCILIACIÓN: COTIUSDT_LINEAL: interno L:0.000000/S:0.000000 -> real L:1213.000000/S:0.000000
[2026-08-31 11:00:55] [TUSK] RECONCILIACIÓN_FANTASMA: CRCLUSDT_LINEAL existe interno pero no en exchange -> reseteando
[2026-08-31 11:00:55] [TUSK] RECONCILIACIÓN_OK: 3 frentes alineados con exchange
[RANGO] ZHIPUUSDT_LINEAL last=144.15 · río=WS · mercado=linear · estado=ACECHANDO · dir=— · 0=143.16 · Oz=— · Red=142.62584232 · manos=ON · pos=flat · latido=1.50s
[RANGO] autosello ZHIPU · ACECHANDO · Oz=0.0 link=— · manos_feria_informe.json
[RANGO] ZHIPUUSDT_LINEAL last=144.01 · río=WS · mercado=linear · estado=ACECHANDO · dir=— · 0=143.16 · Oz=— · Red=142.62584232 · manos=ON · pos=flat · latido=1.50s
[RANGO] autosello ZHIPU · ACECHANDO · Oz=0.0 link=— · manos_feria_informe.json
[RANGO] ZHIPUUSDT_LINEAL last=144.15 · río=ciego/muleta · mercado=linear · estado=ACECHANDO · dir=— · 0=143.16 · Oz=— · Red=142.62584232 · manos=ON · pos=flat · latido=1.50s
[RANGO] ZHIPUUSDT_LINEAL last=144.18 · río=WS · mercado=linear · estado=ACECHANDO · dir=— · 0=143.16 · Oz=— · Red=142.62584232 · manos=ON · pos=flat · latido=1.50s
[RANGO] autosello ZHIPU · ACECHANDO · Oz=0.0 link=— · manos_feria_informe.json
[RANGO] ZHIPUUSDT_LINEAL last=144.17 · río=WS · mercado=linear · estado=ACECHANDO · dir=— · 0=143.16 · Oz=— · Red=142.62584232 · manos=ON · pos=flat · latido=1.50s
[RANGO] autosello ZHIPU · ACECHANDO · Oz=0.0 link=— · manos_feria_informe.json
[RANGO] ZHIPUUSDT_LINEAL last=144.08 · río=WS · mercado=linear · estado=ACECHANDO · dir=— · 0=143.16 · Oz=— · Red=142.62584232 · manos=ON · pos=flat · latido=1.50s
[2026-08-31 11:01:56] [TUSK] RECONCILIACIÓN: PRLUSDT_LINEAL: interno L:0.000000/S:0.000000 -> real L:1308.000000/S:0.000000
[2026-08-31 11:01:56] [TUSK] RECONCILIACIÓN_FANTASMA: BMNRUSDT_LINEAL existe interno pero no en exchange -> reseteando
[2026-08-31 11:01:56] [TUSK] RECONCILIACIÓN_OK: 2 frentes alineados con exchange
[RANGO] ZHIPUUSDT_LINEAL last=144.15 · río=ciego/muleta · mercado=linear · estado=ACECHANDO · dir=— · 0=143.16 · Oz=— · Red=142.62584232 · manos=ON · pos=flat · latido=1.50s
[RANGO] autosello ZHIPU · ACECHANDO · Oz=0.0 link=— · manos_feria_informe.json
[RANGO] ZHIPUUSDT_LINEAL last=144.15 · río=ciego/muleta · mercado=linear · estado=ACECHANDO · dir=— · 0=143.16 · Oz=— · Red=142.62584232 · manos=ON · pos=flat · latido=1.50s
[RANGO] autosello ZHIPU · ACECHANDO · Oz=0.0 link=— · manos_feria_informe.json
[RANGO] ZHIPUUSDT_LINEAL last=144.15 · río=ciego/muleta · mercado=linear · estado=ACECHANDO · dir=— · 0=143.16 · Oz=— · Red=142.62584232 · manos=ON · pos=flat · latido=1.50s
[RANGO] ZHIPUUSDT_LINEAL last=144.15 · río=ciego/muleta · mercado=linear · estado=ACECHANDO · dir=— · 0=143.16 · Oz=— · Red=142.62584232 · manos=ON · pos=flat · latido=1.50s
[RANGO] autosello ZHIPU · ACECHANDO · Oz=0.0 link=— · manos_feria_informe.json
[RANGO] ZHIPUUSDT_LINEAL last=144.15 · río=ciego/muleta · mercado=linear · estado=ACECHANDO · dir=— · 0=143.16 · Oz=— · Red=142.62584232 · manos=ON · pos=flat · latido=1.50s
[RANGO] autosello ZHIPU · ACECHANDO · Oz=0.0 link=— · manos_feria_informe.json
[RANGO] ZHIPUUSDT_LINEAL last=144.15 · río=ciego/muleta · mercado=linear · estado=ACECHANDO · dir=— · 0=143.16 · Oz=— · Red=142.62584232 · manos=ON · pos=flat · latido=1.50s
[RANGO] autosello ZHIPU · ACECHANDO · Oz=0.0 link=— · manos_feria_informe.json
[RANGO] ZHIPUUSDT_LINEAL last=144.15 · río=ciego/muleta · mercado=linear · estado=ACECHANDO · dir=— · 0=143.16 · Oz=— · Red=142.62584232 · manos=ON · pos=flat · latido=1.50s
[RANGO] ZHIPUUSDT_LINEAL last=144.14 · río=WS · mercado=linear · estado=ACECHANDO · dir=— · 0=143.16 · Oz=— · Red=142.62584232 · manos=ON · pos=flat · latido=1.50s
[RANGO] autosello ZHIPU · ACECHANDO · Oz=0.0 link=— · manos_feria_informe.json
[RANGO] ZHIPUUSDT_LINEAL last=144.15 · río=ciego/muleta · mercado=linear · estado=ACECHANDO · dir=— · 0=143.16 · Oz=— · Red=142.62584232 · manos=ON · pos=flat · latido=1.50s
[RANGO] autosello ZHIPU · ACECHANDO · Oz=0.0 link=— · manos_feria_informe.json
[RANGO] ZHIPUUSDT_LINEAL last=144.07 · río=WS · mercado=linear · estado=ACECHANDO · dir=— · 0=143.16 · Oz=— · Red=142.62584232 · manos=ON · pos=flat · latido=1.50s
[RANGO] ZHIPUUSDT_LINEAL last=144.03 · río=WS · mercado=linear · estado=ACECHANDO · dir=— · 0=143.16 · Oz=— · Red=142.62584232 · manos=ON · pos=flat · latido=1.50s
[RANGO] autosello ZHIPU · ACECHANDO · Oz=0.0 link=— · manos_feria_informe.json
[2026-08-31 11:03:58] [TUSK] RECONCILIACIÓN: KSMUSDT_LINEAL: interno L:0.000000/S:0.000000 -> real L:13.470000/S:0.000000
[2026-08-31 11:03:58] [TUSK] RECONCILIACIÓN: DASHUSDT_LINEAL: interno L:0.000000/S:0.810000 -> real L:0.000000/S:1.050000
[2026-08-31 11:03:58] [TUSK] RECONCILIACIÓN_FANTASMA: HYPEUSDT_LINEAL existe interno pero no en exchange -> reseteando
[2026-08-31 11:03:58] [TUSK] RECONCILIACIÓN_OK: 3 frentes alineados con exchange
[RANGO] ZHIPUUSDT_LINEAL last=144.11 · río=WS · mercado=linear · estado=ACECHANDO · dir=— · 0=143.16 · Oz=— · Red=142.62584232 · manos=ON · pos=flat · latido=1.50s
[RANGO] autosello ZHIPU · ACECHANDO · Oz=0.0 link=— · manos_feria_informe.json
[RANGO] ZHIPUUSDT_LINEAL last=144.06 · río=WS · mercado=linear · estado=ACECHANDO · dir=— · 0=143.16 · Oz=— · Red=142.62584232 · manos=ON · pos=flat · latido=1.50s
[RANGO] ZHIPUUSDT_LINEAL last=143.96 · río=WS · mercado=linear · estado=ACECHANDO · dir=— · 0=143.16 · Oz=— · Red=142.62584232 · manos=ON · pos=flat · latido=1.50s
[RANGO] autosello ZHIPU · ACECHANDO · Oz=0.0 link=— · manos_feria_informe.json
[RANGO] ZHIPUUSDT_LINEAL last=144.15 · río=WS · mercado=linear · estado=ACECHANDO · dir=— · 0=143.16 · Oz=— · Red=142.62584232 · manos=ON · pos=flat · latido=1.50s
[RANGO] autosello ZHIPU · ACECHANDO · Oz=0.0 link=— · manos_feria_informe.json
[RANGO] ZHIPUUSDT_LINEAL last=144.15 · río=WS · mercado=linear · estado=ACECHANDO · dir=— · 0=143.16 · Oz=— · Red=142.62584232 · manos=ON · pos=flat · latido=1.50s
[RANGO] ZHIPUUSDT_LINEAL last=144.05 · río=WS · mercado=linear · estado=ACECHANDO · dir=— · 0=143.16 · Oz=— · Red=142.62584232 · manos=ON · pos=flat · latido=1.50s
[RANGO] autosello ZHIPU · ACECHANDO · Oz=0.0 link=— · manos_feria_informe.json
[RANGO] ZHIPUUSDT_LINEAL last=144.09 · río=WS · mercado=linear · estado=ACECHANDO · dir=— · 0=143.16 · Oz=— · Red=142.62584232 · manos=ON · pos=flat · latido=1.50s
[RANGO] autosello ZHIPU · ACECHANDO · Oz=0.0 link=— · manos_feria_informe.json
[RANGO] ZHIPUUSDT_LINEAL last=144.1 · río=WS · mercado=linear · estado=ACECHANDO · dir=— · 0=143.16 · Oz=— · Red=142.62584232 · manos=ON · pos=flat · latido=1.50s
[RANGO] ZHIPUUSDT_LINEAL last=144.08 · río=WS · mercado=linear · estado=ACECHANDO · dir=— · 0=143.16 · Oz=— · Red=142.62584232 · manos=ON · pos=flat · latido=1.50s
[RANGO] autosello ZHIPU · ACECHANDO · Oz=0.0 link=— · manos_feria_informe.json
[RANGO] ZHIPUUSDT_LINEAL last=144.08 · río=WS · mercado=linear · estado=ACECHANDO · dir=— · 0=143.16 · Oz=— · Red=142.62584232 · manos=ON · pos=flat · latido=1.50s
[RANGO] autosello ZHIPU · ACECHANDO · Oz=0.0 link=— · manos_feria_informe.json
[RANGO] ZHIPUUSDT_LINEAL last=144.08 · río=ciego/muleta · mercado=linear · estado=ACECHANDO · dir=— · 0=143.16 · Oz=— · Red=142.62584232 · manos=ON · pos=flat · latido=1.50s
[RANGO] ZHIPUUSDT_LINEAL last=144.01 · río=WS · mercado=linear · estado=ACECHANDO · dir=— · 0=143.16 · Oz=— · Red=142.62584232 · manos=ON · pos=flat · latido=1.50s
[RANGO] autosello ZHIPU · ACECHANDO · Oz=0.0 link=— · manos_feria_informe.json
[RANGO] ZHIPUUSDT_LINEAL last=144.04 · río=WS · mercado=linear · estado=ACECHANDO · dir=— · 0=143.16 · Oz=— · Red=142.62584232 · manos=ON · pos=flat · latido=1.50s
[RANGO] autosello ZHIPU · ACECHANDO · Oz=0.0 link=— · manos_feria_informe.json
[RANGO] ZHIPUUSDT_LINEAL last=144.1 · río=WS · mercado=linear · estado=ACECHANDO · dir=— · 0=143.16 · Oz=— · Red=142.62584232 · manos=ON · pos=flat · latido=1.50s
[RANGO] ZHIPUUSDT_LINEAL last=144.08 · río=ciego/muleta · mercado=linear · estado=ACECHANDO · dir=— · 0=143.16 · Oz=— · Red=142.62584232 · manos=ON · pos=flat · latido=1.50s
[RANGO] autosello ZHIPU · ACECHANDO · Oz=0.0 link=— · manos_feria_informe.json
[RANGO] ZHIPUUSDT_LINEAL last=144.01 · río=WS · mercado=linear · estado=ACECHANDO · dir=— · 0=143.16 · Oz=— · Red=142.62584232 · manos=ON · pos=flat · latido=1.50s
[RANGO] autosello ZHIPU · ACECHANDO · Oz=0.0 link=— · manos_feria_informe.json
[RANGO] ZHIPUUSDT_LINEAL last=144.08 · río=ciego/muleta · mercado=linear · estado=ACECHANDO · dir=— · 0=143.16 · Oz=— · Red=142.62584232 · manos=ON · pos=flat · latido=1.50s
[RANGO] ZHIPUUSDT_LINEAL last=144.12 · río=WS · mercado=linear · estado=ACECHANDO · dir=— · 0=143.16 · Oz=— · Red=142.62584232 · manos=ON · pos=flat · latido=1.50s
[RANGO] autosello ZHIPU · ACECHANDO · Oz=0.0 link=— · manos_feria_informe.json
[RANGO] ZHIPUUSDT_LINEAL last=144.04 · río=WS · mercado=linear · estado=ACECHANDO · dir=— · 0=143.16 · Oz=— · Red=142.62584232 · manos=ON · pos=flat · latido=1.50s
[2026-08-31 11:07:02] [TUSK] RECONCILIACIÓN: ARCUSDT_LINEAL: interno L:0.000000/S:0.000000 -> real L:45.000000/S:0.000000
[2026-08-31 11:07:02] [TUSK] RECONCILIACIÓN_FANTASMA: BLUAIUSDT_LINEAL existe interno pero no en exchange -> reseteando
[2026-08-31 11:07:02] [TUSK] RECONCILIACIÓN_OK: 2 frentes alineados con exchange
[RANGO] autosello ZHIPU · ACECHANDO · Oz=0.0 link=— · manos_feria_informe.json
[RANGO] ZHIPUUSDT_LINEAL last=144.1 · río=WS · mercado=linear · estado=ACECHANDO · dir=— · 0=143.16 · Oz=— · Red=142.62584232 · manos=ON · pos=flat · latido=1.50s
[RANGO] ZHIPUUSDT_LINEAL last=144.08 · río=ciego/muleta · mercado=linear · estado=ACECHANDO · dir=— · 0=143.16 · Oz=— · Red=142.62584232 · manos=ON · pos=flat · latido=1.50s
[RANGO] autosello ZHIPU · ACECHANDO · Oz=0.0 link=— · manos_feria_informe.json
[RANGO] ZHIPUUSDT_LINEAL last=144.08 · río=ciego/muleta · mercado=linear · estado=ACECHANDO · dir=— · 0=143.16 · Oz=— · Red=142.62584232 · manos=ON · pos=flat · latido=1.50s
[RANGO] autosello ZHIPU · ACECHANDO · Oz=0.0 link=— · manos_feria_informe.json
[RANGO] ZHIPUUSDT_LINEAL last=144.08 · río=ciego/muleta · mercado=linear · estado=ACECHANDO · dir=— · 0=143.16 · Oz=— · Red=142.62584232 · manos=ON · pos=flat · latido=1.50s
[RANGO] autosello ZHIPU · ACECHANDO · Oz=0.0 link=— · manos_feria_informe.json
[RANGO] ZHIPUUSDT_LINEAL last=144.11 · río=WS · mercado=linear · estado=ACECHANDO · dir=— · 0=143.16 · Oz=— · Red=142.62584232 · manos=ON · pos=flat · latido=1.50s
[RANGO] ZHIPUUSDT_LINEAL last=144.08 · río=ciego/muleta · mercado=linear · estado=ACECHANDO · dir=— · 0=143.16 · Oz=— · Red=142.62584232 · manos=ON · pos=flat · latido=1.50s
[RANGO] autosello ZHIPU · ACECHANDO · Oz=0.0 link=— · manos_feria_informe.json
[RANGO] ZHIPUUSDT_LINEAL last=144.08 · río=ciego/muleta · mercado=linear · estado=ACECHANDO · dir=— · 0=143.16 · Oz=— · Red=142.62584232 · manos=ON · pos=flat · latido=1.50s
[RANGO] autosello ZHIPU · ACECHANDO · Oz=0.0 link=— · manos_feria_informe.json
[RANGO] ZHIPUUSDT_LINEAL last=144.07 · río=WS · mercado=linear · estado=ACECHANDO · dir=— · 0=143.16 · Oz=— · Red=142.62584232 · manos=ON · pos=flat · latido=1.50s
[RANGO] ZHIPUUSDT_LINEAL last=144.08 · río=ciego/muleta · mercado=linear · estado=ACECHANDO · dir=— · 0=143.16 · Oz=— · Red=142.62584232 · manos=ON · pos=flat · latido=1.50s
[RANGO] autosello ZHIPU · ACECHANDO · Oz=0.0 link=— · manos_feria_informe.json
[RANGO] ZHIPUUSDT_LINEAL last=144.07 · río=WS · mercado=linear · estado=ACECHANDO · dir=— · 0=143.16 · Oz=— · Red=142.62584232 · manos=ON · pos=flat · latido=1.50s
[RANGO] autosello ZHIPU · ACECHANDO · Oz=0.0 link=— · manos_feria_informe.json
[RANGO] ZHIPUUSDT_LINEAL last=144.11 · río=WS · mercado=linear · estado=ACECHANDO · dir=— · 0=143.16 · Oz=— · Red=142.62584232 · manos=ON · pos=flat · latido=1.50s
[RANGO] ZHIPUUSDT_LINEAL last=144.17 · río=WS · mercado=linear · estado=ACECHANDO · dir=— · 0=143.16 · Oz=— · Red=142.62584232 · manos=ON · pos=flat · latido=1.50s
[RANGO] autosello ZHIPU · ACECHANDO · Oz=0.0 link=— · manos_feria_informe.json
[RANGO] ZHIPUUSDT_LINEAL last=144.14 · río=WS · mercado=linear · estado=ACECHANDO · dir=— · 0=143.16 · Oz=— · Red=142.62584232 · manos=ON · pos=flat · latido=1.50s
[RANGO] autosello ZHIPU · ACECHANDO · Oz=0.0 link=— · manos_feria_informe.json
[RANGO] ZHIPUUSDT_LINEAL last=144.08 · río=ciego/muleta · mercado=linear · estado=ACECHANDO · dir=— · 0=143.16 · Oz=— · Red=142.62584232 · manos=ON · pos=flat · latido=1.50s
[RANGO] ZHIPUUSDT_LINEAL last=144.21 · río=WS · mercado=linear · estado=ACECHANDO · dir=— · 0=143.16 · Oz=— · Red=142.62584232 · manos=ON · pos=flat · latido=1.50s
[RANGO] autosello ZHIPU · ACECHANDO · Oz=0.0 link=— · manos_feria_informe.json
[RANGO] ZHIPUUSDT_LINEAL last=144.17 · río=WS · mercado=linear · estado=ACECHANDO · dir=— · 0=143.16 · Oz=— · Red=142.62584232 · manos=ON · pos=flat · latido=1.50s
[RANGO] autosello ZHIPU · ACECHANDO · Oz=0.0 link=— · manos_feria_informe.json
[RANGO] ZHIPUUSDT_LINEAL last=144.08 · río=ciego/muleta · mercado=linear · estado=ACECHANDO · dir=— · 0=143.16 · Oz=— · Red=142.62584232 · manos=ON · pos=flat · latido=1.50s
[RANGO] autosello ZHIPU · ACECHANDO · Oz=0.0 link=— · manos_feria_informe.json
[RANGO] ZHIPUUSDT_LINEAL last=144.17 · río=WS · mercado=linear · estado=ACECHANDO · dir=— · 0=143.16 · Oz=— · Red=142.62584232 · manos=ON · pos=flat · latido=1.50s
[RANGO] ZHIPUUSDT_LINEAL last=144.12 · río=WS · mercado=linear · estado=ACECHANDO · dir=— · 0=143.16 · Oz=— · Red=142.62584232 · manos=ON · pos=flat · latido=1.50s
[RANGO] autosello ZHIPU · ACECHANDO · Oz=0.0 link=— · manos_feria_informe.json
[RANGO] ZHIPUUSDT_LINEAL last=144.16 · río=WS · mercado=linear · estado=ACECHANDO · dir=— · 0=143.16 · Oz=— · Red=142.62584232 · manos=ON · pos=flat · latido=1.50s
[RANGO] autosello ZHIPU · ACECHANDO · Oz=0.0 link=— · manos_feria_informe.json
[RANGO] ZHIPUUSDT_LINEAL last=144.21 · río=WS · mercado=linear · estado=ACECHANDO · dir=— · 0=143.16 · Oz=— · Red=142.62584232 · manos=ON · pos=flat · latido=1.50s
[RANGO] ZHIPUUSDT_LINEAL last=144.17 · río=ciego/muleta · mercado=linear · estado=ACECHANDO · dir=— · 0=143.16 · Oz=— · Red=142.62584232 · manos=ON · pos=flat · latido=1.50s
[RANGO] autosello ZHIPU · ACECHANDO · Oz=0.0 link=— · manos_feria_informe.json
[RANGO] ZHIPUUSDT_LINEAL last=144.22 · río=WS · mercado=linear · estado=ACECHANDO · dir=— · 0=143.16 · Oz=— · Red=142.62584232 · manos=ON · pos=flat · latido=1.50s
[RANGO] autosello ZHIPU · ACECHANDO · Oz=0.0 link=— · manos_feria_informe.json
[2026-08-31 11:11:08] [TUSK] RECONCILIACIÓN: PLTRUSDT_LINEAL: interno L:0.000000/S:0.000000 -> real L:0.030000/S:0.000000
[2026-08-31 11:11:09] [TUSK] RECONCILIACIÓN_FANTASMA: XANUSDT_LINEAL existe interno pero no en exchange -> reseteando
[2026-08-31 11:11:09] [TUSK] RECONCILIACIÓN_OK: 2 frentes alineados con exchange
[RANGO] ZHIPUUSDT_LINEAL last=144.17 · río=ciego/muleta · mercado=linear · estado=ACECHANDO · dir=— · 0=143.16 · Oz=— · Red=142.62584232 · manos=ON · pos=flat · latido=1.50s
[RANGO] ZHIPUUSDT_LINEAL last=144.12 · río=WS · mercado=linear · estado=ACECHANDO · dir=— · 0=143.16 · Oz=— · Red=142.62584232 · manos=ON · pos=flat · latido=1.50s
[RANGO] autosello ZHIPU · ACECHANDO · Oz=0.0 link=— · manos_feria_informe.json
[RANGO] ZHIPUUSDT_LINEAL last=144.17 · río=ciego/muleta · mercado=linear · estado=ACECHANDO · dir=— · 0=143.16 · Oz=— · Red=142.62584232 · manos=ON · pos=flat · latido=1.50s
[RANGO] autosello ZHIPU · ACECHANDO · Oz=0.0 link=— · manos_feria_informe.json
[RANGO] ZHIPUUSDT_LINEAL last=144.22 · río=WS · mercado=linear · estado=ACECHANDO · dir=— · 0=143.16 · Oz=— · Red=142.62584232 · manos=ON · pos=flat · latido=1.50s
[RANGO] ZHIPUUSDT_LINEAL last=144.21 · río=WS · mercado=linear · estado=ACECHANDO · dir=— · 0=143.16 · Oz=— · Red=142.62584232 · manos=ON · pos=flat · latido=1.50s
[RANGO] autosello ZHIPU · ACECHANDO · Oz=0.0 link=— · manos_feria_informe.json
[RANGO] ZHIPUUSDT_LINEAL last=144.2 · río=WS · mercado=linear · estado=ACECHANDO · dir=— · 0=143.16 · Oz=— · Red=142.62584232 · manos=ON · pos=flat · latido=1.50s
[RANGO] autosello ZHIPU · ACECHANDO · Oz=0.0 link=— · manos_feria_informe.json
[RANGO] ZHIPUUSDT_LINEAL last=144.16 · río=WS · mercado=linear · estado=ACECHANDO · dir=— · 0=143.16 · Oz=— · Red=142.62584232 · manos=ON · pos=flat · latido=1.50s
[RANGO] ZHIPUUSDT_LINEAL last=144.17 · río=ciego/muleta · mercado=linear · estado=ACECHANDO · dir=— · 0=143.16 · Oz=— · Red=142.62584232 · manos=ON · pos=flat · latido=1.50s
[RANGO] autosello ZHIPU · ACECHANDO · Oz=0.0 link=— · manos_feria_informe.json
[RANGO] ZHIPUUSDT_LINEAL last=144.17 · río=ciego/muleta · mercado=linear · estado=ACECHANDO · dir=— · 0=143.16 · Oz=— · Red=142.62584232 · manos=ON · pos=flat · latido=1.50s
[RANGO] autosello ZHIPU · ACECHANDO · Oz=0.0 link=— · manos_feria_informe.json
[RANGO] ZHIPUUSDT_LINEAL last=144.26 · río=WS · mercado=linear · estado=ACECHANDO · dir=— · 0=143.16 · Oz=— · Red=142.62584232 · manos=ON · pos=flat · latido=1.50s
[RANGO] autosello ZHIPU · ACECHANDO · Oz=0.0 link=— · manos_feria_informe.json
[RANGO] ZHIPUUSDT_LINEAL last=144.21 · río=WS · mercado=linear · estado=ACECHANDO · dir=— · 0=143.16 · Oz=— · Red=142.62584232 · manos=ON · pos=flat · latido=1.50s
[RANGO] ZHIPUUSDT_LINEAL last=144.25 · río=WS · mercado=linear · estado=ACECHANDO · dir=— · 0=143.16 · Oz=— · Red=142.62584232 · manos=ON · pos=flat · latido=1.50s
[RANGO] autosello ZHIPU · ACECHANDO · Oz=0.0 link=— · manos_feria_informe.json
[RANGO] ZHIPUUSDT_LINEAL last=144.17 · río=ciego/muleta · mercado=linear · estado=ACECHANDO · dir=— · 0=143.16 · Oz=— · Red=142.62584232 · manos=ON · pos=flat · latido=1.50s
[RANGO] autosello ZHIPU · ACECHANDO · Oz=0.0 link=— · manos_feria_informe.json
[RANGO] ZHIPUUSDT_LINEAL last=144.23 · río=WS · mercado=linear · estado=ACECHANDO · dir=— · 0=143.16 · Oz=— · Red=142.62584232 · manos=ON · pos=flat · latido=1.50s
[RANGO] ZHIPUUSDT_LINEAL last=144.17 · río=ciego/muleta · mercado=linear · estado=ACECHANDO · dir=— · 0=143.16 · Oz=— · Red=142.62584232 · manos=ON · pos=flat · latido=1.50s
[RANGO] autosello ZHIPU · ACECHANDO · Oz=0.0 link=— · manos_feria_informe.json
[RANGO] ZHIPUUSDT_LINEAL last=144.17 · río=ciego/muleta · mercado=linear · estado=ACECHANDO · dir=— · 0=143.16 · Oz=— · Red=142.62584232 · manos=ON · pos=flat · latido=1.50s
[RANGO] autosello ZHIPU · ACECHANDO · Oz=0.0 link=— · manos_feria_informe.json
[RANGO] ZHIPUUSDT_LINEAL last=144.26 · río=WS · mercado=linear · estado=ACECHANDO · dir=— · 0=143.16 · Oz=— · Red=142.62584232 · manos=ON · pos=flat · latido=1.50s
[RANGO] ZHIPUUSDT_LINEAL last=144.17 · río=ciego/muleta · mercado=linear · estado=ACECHANDO · dir=— · 0=143.16 · Oz=— · Red=142.62584232 · manos=ON · pos=flat · latido=1.50s
[RANGO] autosello ZHIPU · ACECHANDO · Oz=0.0 link=— · manos_feria_informe.json
[2026-08-31 11:14:13] [TUSK] RECONCILIACIÓN_FANTASMA: AAVEUSD_INVERSE existe interno pero no en exchange -> reseteando
[2026-08-31 11:14:13] [TUSK] RECONCILIACIÓN_OK: 1 frentes alineados con exchange
[RANGO] ZHIPUUSDT_LINEAL last=144.17 · río=ciego/muleta · mercado=linear · estado=ACECHANDO · dir=— · 0=143.16 · Oz=— · Red=142.62584232 · manos=ON · pos=flat · latido=1.50s
[RANGO] autosello ZHIPU · ACECHANDO · Oz=0.0 link=— · manos_feria_informe.json
[RANGO] ZHIPUUSDT_LINEAL last=144.27 · río=WS · mercado=linear · estado=ACECHANDO · dir=— · 0=143.16 · Oz=— · Red=142.62584232 · manos=ON · pos=flat · latido=1.50s
[RANGO] ZHIPUUSDT_LINEAL last=144.27 · río=WS · mercado=linear · estado=ACECHANDO · dir=— · 0=143.16 · Oz=— · Red=142.62584232 · manos=ON · pos=flat · latido=1.50s
[RANGO] autosello ZHIPU · ACECHANDO · Oz=0.0 link=— · manos_feria_informe.json
[RANGO] ZHIPUUSDT_LINEAL last=144.17 · río=ciego/muleta · mercado=linear · estado=ACECHANDO · dir=— · 0=143.16 · Oz=— · Red=142.62584232 · manos=ON · pos=flat · latido=1.50s
[RANGO] autosello ZHIPU · ACECHANDO · Oz=0.0 link=— · manos_feria_informe.json
[RANGO] ZHIPUUSDT_LINEAL last=144.17 · río=ciego/muleta · mercado=linear · estado=ACECHANDO · dir=— · 0=143.16 · Oz=— · Red=142.62584232 · manos=ON · pos=flat · latido=1.50s
[RANGO] autosello ZHIPU · ACECHANDO · Oz=0.0 link=— · manos_feria_informe.json
[RANGO] ZHIPUUSDT_LINEAL last=144.28 · río=WS · mercado=linear · estado=ACECHANDO · dir=— · 0=143.16 · Oz=— · Red=142.62584232 · manos=ON · pos=flat · latido=1.50s
[2026-08-31 11:15:14] [TUSK] RECONCILIACIÓN: CRCLUSDT_LINEAL: interno L:0.000000/S:0.000000 -> real L:0.150000/S:0.000000
[2026-08-31 11:15:14] [TUSK] RECONCILIACIÓN: POWERUSDT_LINEAL: interno L:0.000000/S:130.000000 -> real L:0.000000/S:189.000000
[2026-08-31 11:15:14] [TUSK] RECONCILIACIÓN_FANTASMA: MORPHOUSDT_LINEAL existe interno pero no en exchange -> reseteando
[2026-08-31 11:15:15] [TUSK] RECONCILIACIÓN_OK: 3 frentes alineados con exchange
[RANGO] ZHIPUUSDT_LINEAL last=144.17 · río=ciego/muleta · mercado=linear · estado=ACECHANDO · dir=— · 0=143.16 · Oz=— · Red=142.62584232 · manos=ON · pos=flat · latido=1.50s
[RANGO] autosello ZHIPU · ACECHANDO · Oz=0.0 link=— · manos_feria_informe.json
[RANGO] ZHIPUUSDT_LINEAL last=144.1 · río=WS · mercado=linear · estado=ACECHANDO · dir=— · 0=143.16 · Oz=— · Red=142.62584232 · manos=ON · pos=flat · latido=1.50s
[RANGO] autosello ZHIPU · ACECHANDO · Oz=0.0 link=— · manos_feria_informe.json
[RANGO] ZHIPUUSDT_LINEAL last=144.26 · río=WS · mercado=linear · estado=ACECHANDO · dir=— · 0=143.16 · Oz=— · Red=142.62584232 · manos=ON · pos=flat · latido=1.50s
[RANGO] ZHIPUUSDT_LINEAL last=144.25 · río=WS · mercado=linear · estado=ACECHANDO · dir=— · 0=143.16 · Oz=— · Red=142.62584232 · manos=ON · pos=flat · latido=1.50s
[RANGO] autosello ZHIPU · ACECHANDO · Oz=0.0 link=— · manos_feria_informe.json
[RANGO] ZHIPUUSDT_LINEAL last=144.1 · río=WS · mercado=linear · estado=ACECHANDO · dir=— · 0=143.16 · Oz=— · Red=142.62584232 · manos=ON · pos=flat · latido=1.50s
[RANGO] autosello ZHIPU · ACECHANDO · Oz=0.0 link=— · manos_feria_informe.json
[RANGO] ZHIPUUSDT_LINEAL last=144.21 · río=ciego/muleta · mercado=linear · estado=ACECHANDO · dir=— · 0=143.16 · Oz=— · Red=142.62584232 · manos=ON · pos=flat · latido=1.50s
[RANGO] ZHIPUUSDT_LINEAL last=144.13 · río=WS · mercado=linear · estado=ACECHANDO · dir=— · 0=143.16 · Oz=— · Red=142.62584232 · manos=ON · pos=flat · latido=1.50s
[RANGO] autosello ZHIPU · ACECHANDO · Oz=0.0 link=— · manos_feria_informe.json
[RANGO] ZHIPUUSDT_LINEAL last=144.21 · río=ciego/muleta · mercado=linear · estado=ACECHANDO · dir=— · 0=143.16 · Oz=— · Red=142.62584232 · manos=ON · pos=flat · latido=1.50s
[RANGO] autosello ZHIPU · ACECHANDO · Oz=0.0 link=— · manos_feria_informe.json
[RANGO] ZHIPUUSDT_LINEAL last=144.18 · río=WS · mercado=linear · estado=ACECHANDO · dir=— · 0=143.16 · Oz=— · Red=142.62584232 · manos=ON · pos=flat · latido=1.50s
[RANGO] ZHIPUUSDT_LINEAL last=144.18 · río=ciego/muleta · mercado=linear · estado=ACECHANDO · dir=— · 0=143.16 · Oz=— · Red=142.62584232 · manos=ON · pos=flat · latido=1.50s
[RANGO] autosello ZHIPU · ACECHANDO · Oz=0.0 link=— · manos_feria_informe.json
[RANGO] ZHIPUUSDT_LINEAL last=144.31 · río=WS · mercado=linear · estado=ACECHANDO · dir=— · 0=143.16 · Oz=— · Red=142.62584232 · manos=ON · pos=flat · latido=1.50s
[RANGO] autosello ZHIPU · ACECHANDO · Oz=0.0 link=— · manos_feria_informe.json
[RANGO] ZHIPUUSDT_LINEAL last=144.31 · río=ciego/muleta · mercado=linear · estado=ACECHANDO · dir=— · 0=143.16 · Oz=— · Red=142.62584232 · manos=ON · pos=flat · latido=1.50s
[2026-08-31 11:17:17] [TUSK] RECONCILIACIÓN: MSTRUSDT_LINEAL: interno L:0.000000/S:0.000000 -> real L:0.160000/S:0.000000
[2026-08-31 11:17:17] [TUSK] RECONCILIACIÓN: MORPHOUSDT_LINEAL: interno L:0.000000/S:0.000000 -> real L:21.000000/S:0.000000
[2026-08-31 11:17:17] [TUSK] RECONCILIACIÓN_FANTASMA: PURRUSDT_LINEAL existe interno pero no en exchange -> reseteando
[2026-08-31 11:17:17] [TUSK] RECONCILIACIÓN_FANTASMA: ASTSUSDT_LINEAL existe interno pero no en exchange -> reseteando
[2026-08-31 11:17:17] [TUSK] RECONCILIACIÓN_OK: 4 frentes alineados con exchange
[RANGO] ZHIPUUSDT_LINEAL last=144.16 · río=WS · mercado=linear · estado=ACECHANDO · dir=— · 0=143.16 · Oz=— · Red=142.62584232 · manos=ON · pos=flat · latido=1.50s
[RANGO] autosello ZHIPU · ACECHANDO · Oz=0.0 link=— · manos_feria_informe.json
[RANGO] ZHIPUUSDT_LINEAL last=144.14 · río=WS · mercado=linear · estado=ACECHANDO · dir=— · 0=143.16 · Oz=— · Red=142.62584232 · manos=ON · pos=flat · latido=1.50s
[RANGO] autosello ZHIPU · ACECHANDO · Oz=0.0 link=— · manos_feria_informe.json
[RANGO] ZHIPUUSDT_LINEAL last=144.31 · río=ciego/muleta · mercado=linear · estado=ACECHANDO · dir=— · 0=143.16 · Oz=— · Red=142.62584232 · manos=ON · pos=flat · latido=1.50s
[RANGO] ZHIPUUSDT_LINEAL last=144.31 · río=ciego/muleta · mercado=linear · estado=ACECHANDO · dir=— · 0=143.16 · Oz=— · Red=142.62584232 · manos=ON · pos=flat · latido=1.50s
[RANGO] autosello ZHIPU · ACECHANDO · Oz=0.0 link=— · manos_feria_informe.json
[RANGO] ZHIPUUSDT_LINEAL last=144.32 · río=WS · mercado=linear · estado=ACECHANDO · dir=— · 0=143.16 · Oz=— · Red=142.62584232 · manos=ON · pos=flat · latido=1.50s
[RANGO] autosello ZHIPU · ACECHANDO · Oz=0.0 link=— · manos_feria_informe.json
[RANGO] ZHIPUUSDT_LINEAL last=144.31 · río=ciego/muleta · mercado=linear · estado=ACECHANDO · dir=— · 0=143.16 · Oz=— · Red=142.62584232 · manos=ON · pos=flat · latido=1.50s
[RANGO] autosello ZHIPU · ACECHANDO · Oz=0.0 link=— · manos_feria_informe.json
[RANGO] ZHIPUUSDT_LINEAL last=144.31 · río=ciego/muleta · mercado=linear · estado=ACECHANDO · dir=— · 0=143.16 · Oz=— · Red=142.62584232 · manos=ON · pos=flat · latido=1.50s
[RANGO] ZHIPUUSDT_LINEAL last=144.31 · río=ciego/muleta · mercado=linear · estado=ACECHANDO · dir=— · 0=143.16 · Oz=— · Red=142.62584232 · manos=ON · pos=flat · latido=1.50s
[RANGO] autosello ZHIPU · ACECHANDO · Oz=0.0 link=— · manos_feria_informe.json
[RANGO] ZHIPUUSDT_LINEAL last=144.31 · río=ciego/muleta · mercado=linear · estado=ACECHANDO · dir=— · 0=143.16 · Oz=— · Red=142.62584232 · manos=ON · pos=flat · latido=1.50s
[RANGO] autosello ZHIPU · ACECHANDO · Oz=0.0 link=— · manos_feria_informe.json
[RANGO] ZHIPUUSDT_LINEAL last=144.31 · río=ciego/muleta · mercado=linear · estado=ACECHANDO · dir=— · 0=143.16 · Oz=— · Red=142.62584232 · manos=ON · pos=flat · latido=1.50s
[RANGO] ZHIPUUSDT_LINEAL last=144.31 · río=ciego/muleta · mercado=linear · estado=ACECHANDO · dir=— · 0=143.16 · Oz=— · Red=142.62584232 · manos=ON · pos=flat · latido=1.50s
[RANGO] autosello ZHIPU · ACECHANDO · Oz=0.0 link=— · manos_feria_informe.json
[RANGO] ZHIPUUSDT_LINEAL last=144.28 · río=WS · mercado=linear · estado=ACECHANDO · dir=— · 0=143.16 · Oz=— · Red=142.62584232 · manos=ON · pos=flat · latido=1.50s
[RANGO] autosello ZHIPU · ACECHANDO · Oz=0.0 link=— · manos_feria_informe.json
[RANGO] ZHIPUUSDT_LINEAL last=144.31 · río=ciego/muleta · mercado=linear · estado=ACECHANDO · dir=— · 0=143.16 · Oz=— · Red=142.62584232 · manos=ON · pos=flat · latido=1.50s
[RANGO] autosello ZHIPU · ACECHANDO · Oz=0.0 link=— · manos_feria_informe.json
[RANGO] ZHIPUUSDT_LINEAL last=144.31 · río=ciego/muleta · mercado=linear · estado=ACECHANDO · dir=— · 0=143.16 · Oz=— · Red=142.62584232 · manos=ON · pos=flat · latido=1.50s
[RANGO] ZHIPUUSDT_LINEAL last=144.13 · río=WS · mercado=linear · estado=ACECHANDO · dir=— · 0=143.16 · Oz=— · Red=142.62584232 · manos=ON · pos=flat · latido=1.50s
[RANGO] autosello ZHIPU · ACECHANDO · Oz=0.0 link=— · manos_feria_informe.json
[RANGO] ZHIPUUSDT_LINEAL last=144.25 · río=WS · mercado=linear · estado=ACECHANDO · dir=— · 0=143.16 · Oz=— · Red=142.62584232 · manos=ON · pos=flat · latido=1.50s
[RANGO] autosello ZHIPU · ACECHANDO · Oz=0.0 link=— · manos_feria_informe.json
[RANGO] ZHIPUUSDT_LINEAL last=144.31 · río=ciego/muleta · mercado=linear · estado=ACECHANDO · dir=— · 0=143.16 · Oz=— · Red=142.62584232 · manos=ON · pos=flat · latido=1.50s
[RANGO] ZHIPUUSDT_LINEAL last=144.31 · río=ciego/muleta · mercado=linear · estado=ACECHANDO · dir=— · 0=143.16 · Oz=— · Red=142.62584232 · manos=ON · pos=flat · latido=1.50s
[RANGO] autosello ZHIPU · ACECHANDO · Oz=0.0 link=— · manos_feria_informe.json
[RANGO] ZHIPUUSDT_LINEAL last=144.31 · río=ciego/muleta · mercado=linear · estado=ACECHANDO · dir=— · 0=143.16 · Oz=— · Red=142.62584232 · manos=ON · pos=flat · latido=1.50s
[RANGO] autosello ZHIPU · ACECHANDO · Oz=0.0 link=— · manos_feria_informe.json
[RANGO] ZHIPUUSDT_LINEAL last=144.31 · río=ciego/muleta · mercado=linear · estado=ACECHANDO · dir=— · 0=143.16 · Oz=— · Red=142.62584232 · manos=ON · pos=flat · latido=1.50s
[RANGO] ZHIPUUSDT_LINEAL last=144.31 · río=ciego/muleta · mercado=linear · estado=ACECHANDO · dir=— · 0=143.16 · Oz=— · Red=142.62584232 · manos=ON · pos=flat · latido=1.50s
[RANGO] autosello ZHIPU · ACECHANDO · Oz=0.0 link=— · manos_feria_informe.json
[RANGO] ZHIPUUSDT_LINEAL last=144.21 · río=WS · mercado=linear · estado=ACECHANDO · dir=— · 0=143.16 · Oz=— · Red=142.62584232 · manos=ON · pos=flat · latido=1.50s
[RANGO] autosello ZHIPU · ACECHANDO · Oz=0.0 link=— · manos_feria_informe.json
[RANGO] ZHIPUUSDT_LINEAL last=144.31 · río=ciego/muleta · mercado=linear · estado=ACECHANDO · dir=— · 0=143.16 · Oz=— · Red=142.62584232 · manos=ON · pos=flat · latido=1.50s
[2026-08-31 11:21:22] [TUSK] RECONCILIACIÓN: LITUSDT_LINEAL: interno L:0.000000/S:24.100000 -> real L:0.000000/S:22.400000
[2026-08-31 11:21:22] [TUSK] RECONCILIACIÓN_OK: 1 frentes alineados con exchange
[RANGO] autosello ZHIPU · ACECHANDO · Oz=0.0 link=— · manos_feria_informe.json
[RANGO] ZHIPUUSDT_LINEAL last=144.31 · río=ciego/muleta · mercado=linear · estado=ACECHANDO · dir=— · 0=143.16 · Oz=— · Red=142.62584232 · manos=ON · pos=flat · latido=1.50s
[RANGO] ZHIPUUSDT_LINEAL last=144.31 · río=ciego/muleta · mercado=linear · estado=ACECHANDO · dir=— · 0=143.16 · Oz=— · Red=142.62584232 · manos=ON · pos=flat · latido=1.50s
[RANGO] autosello ZHIPU · ACECHANDO · Oz=0.0 link=— · manos_feria_informe.json
[RANGO] ZHIPUUSDT_LINEAL last=144.31 · río=ciego/muleta · mercado=linear · estado=ACECHANDO · dir=— · 0=143.16 · Oz=— · Red=142.62584232 · manos=ON · pos=flat · latido=1.50s
[RANGO] autosello ZHIPU · ACECHANDO · Oz=0.0 link=— · manos_feria_informe.json
[RANGO] ZHIPUUSDT_LINEAL last=144.31 · río=ciego/muleta · mercado=linear · estado=ACECHANDO · dir=— · 0=143.16 · Oz=— · Red=142.62584232 · manos=ON · pos=flat · latido=1.50s
[RANGO] ZHIPUUSDT_LINEAL last=144.31 · río=ciego/muleta · mercado=linear · estado=ACECHANDO · dir=— · 0=143.16 · Oz=— · Red=142.62584232 · manos=ON · pos=flat · latido=1.50s
[RANGO] autosello ZHIPU · ACECHANDO · Oz=0.0 link=— · manos_feria_informe.json
[RANGO] ZHIPUUSDT_LINEAL last=144.31 · río=ciego/muleta · mercado=linear · estado=ACECHANDO · dir=— · 0=143.16 · Oz=— · Red=142.62584232 · manos=ON · pos=flat · latido=1.50s
[RANGO] autosello ZHIPU · ACECHANDO · Oz=0.0 link=— · manos_feria_informe.json
[RANGO] ZHIPUUSDT_LINEAL last=144.31 · río=ciego/muleta · mercado=linear · estado=ACECHANDO · dir=— · 0=143.16 · Oz=— · Red=142.62584232 · manos=ON · pos=flat · latido=1.50s
[RANGO] autosello ZHIPU · ACECHANDO · Oz=0.0 link=— · manos_feria_informe.json
[RANGO] ZHIPUUSDT_LINEAL last=144.31 · río=ciego/muleta · mercado=linear · estado=ACECHANDO · dir=— · 0=143.16 · Oz=— · Red=142.62584232 · manos=ON · pos=flat · latido=1.50s
[RANGO] ZHIPUUSDT_LINEAL last=144.31 · río=ciego/muleta · mercado=linear · estado=ACECHANDO · dir=— · 0=143.16 · Oz=— · Red=142.62584232 · manos=ON · pos=flat · latido=1.50s
[RANGO] autosello ZHIPU · ACECHANDO · Oz=0.0 link=— · manos_feria_informe.json
[RANGO] ZHIPUUSDT_LINEAL last=144.28 · río=WS · mercado=linear · estado=ACECHANDO · dir=— · 0=143.16 · Oz=— · Red=142.62584232 · manos=ON · pos=flat · latido=1.50s
[RANGO] autosello ZHIPU · ACECHANDO · Oz=0.0 link=— · manos_feria_informe.json
[RANGO] ZHIPUUSDT_LINEAL last=144.31 · río=ciego/muleta · mercado=linear · estado=ACECHANDO · dir=— · 0=143.16 · Oz=— · Red=142.62584232 · manos=ON · pos=flat · latido=1.50s
[RANGO] ZHIPUUSDT_LINEAL last=144.11 · río=WS · mercado=linear · estado=ACECHANDO · dir=— · 0=143.16 · Oz=— · Red=142.62584232 · manos=ON · pos=flat · latido=1.50s
[RANGO] autosello ZHIPU · ACECHANDO · Oz=0.0 link=— · manos_feria_informe.json
[RANGO] ZHIPUUSDT_LINEAL last=144.31 · río=ciego/muleta · mercado=linear · estado=ACECHANDO · dir=— · 0=143.16 · Oz=— · Red=142.62584232 · manos=ON · pos=flat · latido=1.50s
[RANGO] autosello ZHIPU · ACECHANDO · Oz=0.0 link=— · manos_feria_informe.json
[RANGO] ZHIPUUSDT_LINEAL last=144.12 · río=WS · mercado=linear · estado=ACECHANDO · dir=— · 0=143.16 · Oz=— · Red=142.62584232 · manos=ON · pos=flat · latido=1.50s
[RANGO] ZHIPUUSDT_LINEAL last=144.31 · río=ciego/muleta · mercado=linear · estado=ACECHANDO · dir=— · 0=143.16 · Oz=— · Red=142.62584232 · manos=ON · pos=flat · latido=1.50s
[RANGO] autosello ZHIPU · ACECHANDO · Oz=0.0 link=— · manos_feria_informe.json
[RANGO] ZHIPUUSDT_LINEAL last=144.31 · río=ciego/muleta · mercado=linear · estado=ACECHANDO · dir=— · 0=143.16 · Oz=— · Red=142.62584232 · manos=ON · pos=flat · latido=1.50s
[RANGO] autosello ZHIPU · ACECHANDO · Oz=0.0 link=— · manos_feria_informe.json
[RANGO] ZHIPUUSDT_LINEAL last=144.31 · río=ciego/muleta · mercado=linear · estado=ACECHANDO · dir=— · 0=143.16 · Oz=— · Red=142.62584232 · manos=ON · pos=flat · latido=1.50s
[RANGO] autosello ZHIPU · ACECHANDO · Oz=0.0 link=— · manos_feria_informe.json
[RANGO] ZHIPUUSDT_LINEAL last=144.31 · río=ciego/muleta · mercado=linear · estado=ACECHANDO · dir=— · 0=143.16 · Oz=— · Red=142.62584232 · manos=ON · pos=flat · latido=1.50s
[2026-08-31 11:24:28] [TUSK] RECONCILIACIÓN: SYRUPUSDT_LINEAL: interno L:0.000000/S:0.000000 -> real L:454.000000/S:0.000000
[2026-08-31 11:24:30] [TUSK] RECONCILIACIÓN: XLMUSDT_LINEAL: interno L:0.000000/S:0.000000 -> real L:306.000000/S:0.000000
[2026-08-31 11:24:30] [TUSK] RECONCILIACIÓN_FANTASMA: MONUSDT_LINEAL existe interno pero no en exchange -> reseteando
[2026-08-31 11:24:30] [TUSK] RECONCILIACIÓN_FANTASMA: ACUUSDT_LINEAL existe interno pero no en exchange -> reseteando
[2026-08-31 11:24:30] [TUSK] RECONCILIACIÓN_OK: 4 frentes alineados con exchange
[RANGO] ZHIPUUSDT_LINEAL last=144.31 · río=ciego/muleta · mercado=linear · estado=ACECHANDO · dir=— · 0=143.16 · Oz=— · Red=142.62584232 · manos=ON · pos=flat · latido=1.50s
[RANGO] autosello ZHIPU · ACECHANDO · Oz=0.0 link=— · manos_feria_informe.json
[RANGO] ZHIPUUSDT_LINEAL last=144.31 · río=ciego/muleta · mercado=linear · estado=ACECHANDO · dir=— · 0=143.16 · Oz=— · Red=142.62584232 · manos=ON · pos=flat · latido=1.50s
[RANGO] autosello ZHIPU · ACECHANDO · Oz=0.0 link=— · manos_feria_informe.json
[RANGO] ZHIPUUSDT_LINEAL last=144.31 · río=ciego/muleta · mercado=linear · estado=ACECHANDO · dir=— · 0=143.16 · Oz=— · Red=142.62584232 · manos=ON · pos=flat · latido=1.50s
[RANGO] ZHIPUUSDT_LINEAL last=144.11 · río=WS · mercado=linear · estado=ACECHANDO · dir=— · 0=143.16 · Oz=— · Red=142.62584232 · manos=ON · pos=flat · latido=1.50s
[RANGO] autosello ZHIPU · ACECHANDO · Oz=0.0 link=— · manos_feria_informe.json
[RANGO] ZHIPUUSDT_LINEAL last=144.08 · río=WS · mercado=linear · estado=ACECHANDO · dir=— · 0=143.16 · Oz=— · Red=142.62584232 · manos=ON · pos=flat · latido=1.50s
[RANGO] autosello ZHIPU · ACECHANDO · Oz=0.0 link=— · manos_feria_informe.json
[RANGO] ZHIPUUSDT_LINEAL last=144.22 · río=WS · mercado=linear · estado=ACECHANDO · dir=— · 0=143.16 · Oz=— · Red=142.62584232 · manos=ON · pos=flat · latido=1.50s
[RANGO] ZHIPUUSDT_LINEAL last=144.31 · río=ciego/muleta · mercado=linear · estado=ACECHANDO · dir=— · 0=143.16 · Oz=— · Red=142.62584232 · manos=ON · pos=flat · latido=1.50s
[RANGO] autosello ZHIPU · ACECHANDO · Oz=0.0 link=— · manos_feria_informe.json
[RANGO] ZHIPUUSDT_LINEAL last=144.31 · río=ciego/muleta · mercado=linear · estado=ACECHANDO · dir=— · 0=143.16 · Oz=— · Red=142.62584232 · manos=ON · pos=flat · latido=1.50s
[RANGO] autosello ZHIPU · ACECHANDO · Oz=0.0 link=— · manos_feria_informe.json
[RANGO] ZHIPUUSDT_LINEAL last=143.97 · río=WS · mercado=linear · estado=ACECHANDO · dir=— · 0=143.16 · Oz=— · Red=142.62584232 · manos=ON · pos=flat · latido=1.50s
[RANGO] autosello ZHIPU · ACECHANDO · Oz=0.0 link=— · manos_feria_informe.json
[RANGO] ZHIPUUSDT_LINEAL last=144.31 · río=ciego/muleta · mercado=linear · estado=ACECHANDO · dir=— · 0=143.16 · Oz=— · Red=142.62584232 · manos=ON · pos=flat · latido=1.50s
[RANGO] ZHIPUUSDT_LINEAL last=144.31 · río=ciego/muleta · mercado=linear · estado=ACECHANDO · dir=— · 0=143.16 · Oz=— · Red=142.62584232 · manos=ON · pos=flat · latido=1.50s
[RANGO] autosello ZHIPU · ACECHANDO · Oz=0.0 link=— · manos_feria_informe.json
[2026-08-31 11:26:32] [TUSK] RECONCILIACIÓN: ACUUSDT_LINEAL: interno L:0.000000/S:0.000000 -> real L:215.000000/S:0.000000
[2026-08-31 11:26:32] [TUSK] RECONCILIACIÓN_FANTASMA: COTIUSDT_LINEAL existe interno pero no en exchange -> reseteando
[2026-08-31 11:26:32] [TUSK] RECONCILIACIÓN_OK: 2 frentes alineados con exchange
[RANGO] ZHIPUUSDT_LINEAL last=144.31 · río=ciego/muleta · mercado=linear · estado=ACECHANDO · dir=— · 0=143.16 · Oz=— · Red=142.62584232 · manos=ON · pos=flat · latido=1.50s
[RANGO] autosello ZHIPU · ACECHANDO · Oz=0.0 link=— · manos_feria_informe.json
[RANGO] ZHIPUUSDT_LINEAL last=144.31 · río=ciego/muleta · mercado=linear · estado=ACECHANDO · dir=— · 0=143.16 · Oz=— · Red=142.62584232 · manos=ON · pos=flat · latido=1.50s
[RANGO] ZHIPUUSDT_LINEAL last=144.31 · río=ciego/muleta · mercado=linear · estado=ACECHANDO · dir=— · 0=143.16 · Oz=— · Red=142.62584232 · manos=ON · pos=flat · latido=1.50s
[RANGO] autosello ZHIPU · ACECHANDO · Oz=0.0 link=— · manos_feria_informe.json
[RANGO] ZHIPUUSDT_LINEAL last=143.87 · río=WS · mercado=linear · estado=ACECHANDO · dir=— · 0=143.16 · Oz=— · Red=142.62584232 · manos=ON · pos=flat · latido=1.50s
[RANGO] autosello ZHIPU · ACECHANDO · Oz=0.0 link=— · manos_feria_informe.json
[RANGO] ZHIPUUSDT_LINEAL last=144.3 · río=WS · mercado=linear · estado=ACECHANDO · dir=— · 0=143.16 · Oz=— · Red=142.62584232 · manos=ON · pos=flat · latido=1.50s
[RANGO] ZHIPUUSDT_LINEAL last=143.85 · río=WS · mercado=linear · estado=ACECHANDO · dir=— · 0=143.16 · Oz=— · Red=142.62584232 · manos=ON · pos=flat · latido=1.50s
[RANGO] autosello ZHIPU · ACECHANDO · Oz=0.0 link=— · manos_feria_informe.json
[2026-08-31 11:27:33] [TUSK] RECONCILIACIÓN: MONUSDT_LINEAL: interno L:0.000000/S:0.000000 -> real L:5276.000000/S:0.000000
[2026-08-31 11:27:33] [TUSK] RECONCILIACIÓN_FANTASMA: CRCLUSDT_LINEAL existe interno pero no en exchange -> reseteando
[2026-08-31 11:27:33] [TUSK] RECONCILIACIÓN_OK: 2 frentes alineados con exchange
[RANGO] ZHIPUUSDT_LINEAL last=143.87 · río=WS · mercado=linear · estado=ACECHANDO · dir=— · 0=143.16 · Oz=— · Red=142.62584232 · manos=ON · pos=flat · latido=1.50s
[RANGO] autosello ZHIPU · ACECHANDO · Oz=0.0 link=— · manos_feria_informe.json
[RANGO] ZHIPUUSDT_LINEAL last=144.31 · río=ciego/muleta · mercado=linear · estado=ACECHANDO · dir=— · 0=143.16 · Oz=— · Red=142.62584232 · manos=ON · pos=flat · latido=1.50s
[RANGO] ZHIPUUSDT_LINEAL last=144.31 · río=ciego/muleta · mercado=linear · estado=ACECHANDO · dir=— · 0=143.16 · Oz=— · Red=142.62584232 · manos=ON · pos=flat · latido=1.50s
[RANGO] autosello ZHIPU · ACECHANDO · Oz=0.0 link=— · manos_feria_informe.json
[RANGO] ZHIPUUSDT_LINEAL last=143.86 · río=WS · mercado=linear · estado=ACECHANDO · dir=— · 0=143.16 · Oz=— · Red=142.62584232 · manos=ON · pos=flat · latido=1.50s
[RANGO] autosello ZHIPU · ACECHANDO · Oz=0.0 link=— · manos_feria_informe.json
[RANGO] ZHIPUUSDT_LINEAL last=143.84 · río=WS · mercado=linear · estado=ACECHANDO · dir=— · 0=143.16 · Oz=— · Red=142.62584232 · manos=ON · pos=flat · latido=1.50s
[RANGO] ZHIPUUSDT_LINEAL last=144.31 · río=ciego/muleta · mercado=linear · estado=ACECHANDO · dir=— · 0=143.16 · Oz=— · Red=142.62584232 · manos=ON · pos=flat · latido=1.50s
[RANGO] autosello ZHIPU · ACECHANDO · Oz=0.0 link=— · manos_feria_informe.json
[2026-08-31 11:28:35] [TUSK] RECONCILIACIÓN: LITUSDT_LINEAL: interno L:0.000000/S:22.400000 -> real L:0.000000/S:20.400000
[2026-08-31 11:28:35] [TUSK] RECONCILIACIÓN_OK: 1 frentes alineados con exchange
[RANGO] ZHIPUUSDT_LINEAL last=143.86 · río=WS · mercado=linear · estado=ACECHANDO · dir=— · 0=143.16 · Oz=— · Red=142.62584232 · manos=ON · pos=flat · latido=1.50s
[RANGO] autosello ZHIPU · ACECHANDO · Oz=0.0 link=— · manos_feria_informe.json
[RANGO] ZHIPUUSDT_LINEAL last=143.99 · río=WS · mercado=linear · estado=ACECHANDO · dir=— · 0=143.16 · Oz=— · Red=142.62584232 · manos=ON · pos=flat · latido=1.50s
[RANGO] autosello ZHIPU · ACECHANDO · Oz=0.0 link=— · manos_feria_informe.json
[RANGO] ZHIPUUSDT_LINEAL last=144.31 · río=ciego/muleta · mercado=linear · estado=ACECHANDO · dir=— · 0=143.16 · Oz=— · Red=142.62584232 · manos=ON · pos=flat · latido=1.50s
[RANGO] ZHIPUUSDT_LINEAL last=144.31 · río=ciego/muleta · mercado=linear · estado=ACECHANDO · dir=— · 0=143.16 · Oz=— · Red=142.62584232 · manos=ON · pos=flat · latido=1.50s
[RANGO] autosello ZHIPU · ACECHANDO · Oz=0.0 link=— · manos_feria_informe.json
[RANGO] ZHIPUUSDT_LINEAL last=143.98 · río=WS · mercado=linear · estado=ACECHANDO · dir=— · 0=143.16 · Oz=— · Red=142.62584232 · manos=ON · pos=flat · latido=1.50s
[RANGO] autosello ZHIPU · ACECHANDO · Oz=0.0 link=— · manos_feria_informe.json
[RANGO] ZHIPUUSDT_LINEAL last=144.31 · río=ciego/muleta · mercado=linear · estado=ACECHANDO · dir=— · 0=143.16 · Oz=— · Red=142.62584232 · manos=ON · pos=flat · latido=1.50s
[2026-08-31 11:29:36] [TUSK] RECONCILIACIÓN: OUSDT_LINEAL: interno L:0.000000/S:0.000000 -> real L:0.000000/S:34.000000
[2026-08-31 11:29:36] [TUSK] RECONCILIACIÓN_FANTASMA: MONUSDT_LINEAL existe interno pero no en exchange -> reseteando
[2026-08-31 11:29:36] [TUSK] RECONCILIACIÓN_OK: 2 frentes alineados con exchange
[RANGO] ZHIPUUSDT_LINEAL last=144.31 · río=ciego/muleta · mercado=linear · estado=ACECHANDO · dir=— · 0=143.16 · Oz=— · Red=142.62584232 · manos=ON · pos=flat · latido=1.50s
[RANGO] autosello ZHIPU · ACECHANDO · Oz=0.0 link=— · manos_feria_informe.json
[RANGO] ZHIPUUSDT_LINEAL last=144.31 · río=ciego/muleta · mercado=linear · estado=ACECHANDO · dir=— · 0=143.16 · Oz=— · Red=142.62584232 · manos=ON · pos=flat · latido=1.50s
[RANGO] autosello ZHIPU · ACECHANDO · Oz=0.0 link=— · manos_feria_informe.json
[RANGO] ZHIPUUSDT_LINEAL last=143.89 · río=WS · mercado=linear · estado=ACECHANDO · dir=— · 0=143.16 · Oz=— · Red=142.62584232 · manos=ON · pos=flat · latido=1.50s
[RANGO] ZHIPUUSDT_LINEAL last=143.8 · río=WS · mercado=linear · estado=ACECHANDO · dir=— · 0=143.16 · Oz=— · Red=142.62584232 · manos=ON · pos=flat · latido=1.50s
[RANGO] autosello ZHIPU · ACECHANDO · Oz=0.0 link=— · manos_feria_informe.json
[RANGO] ZHIPUUSDT_LINEAL last=144.31 · río=ciego/muleta · mercado=linear · estado=ACECHANDO · dir=— · 0=143.16 · Oz=— · Red=142.62584232 · manos=ON · pos=flat · latido=1.50s
[RANGO] autosello ZHIPU · ACECHANDO · Oz=0.0 link=— · manos_feria_informe.json
[RANGO] ZHIPUUSDT_LINEAL last=144.31 · río=ciego/muleta · mercado=linear · estado=ACECHANDO · dir=— · 0=143.16 · Oz=— · Red=142.62584232 · manos=ON · pos=flat · latido=1.50s
[2026-08-31 11:30:38] [TUSK] RECONCILIACIÓN: CHIPUSDT_LINEAL: interno L:0.000000/S:0.000000 -> real L:520.000000/S:0.000000
[2026-08-31 11:30:38] [TUSK] RECONCILIACIÓN_FANTASMA: ACUUSDT_LINEAL existe interno pero no en exchange -> reseteando
[2026-08-31 11:30:38] [TUSK] RECONCILIACIÓN_OK: 2 frentes alineados con exchange
[RANGO] ZHIPUUSDT_LINEAL last=143.8 · río=WS · mercado=linear · estado=ACECHANDO · dir=— · 0=143.16 · Oz=— · Red=142.62584232 · manos=ON · pos=flat · latido=1.50s
[RANGO] autosello ZHIPU · ACECHANDO · Oz=0.0 link=— · manos_feria_informe.json
[RANGO] ZHIPUUSDT_LINEAL last=144.26 · río=WS · mercado=linear · estado=ACECHANDO · dir=— · 0=143.16 · Oz=— · Red=142.62584232 · manos=ON · pos=flat · latido=1.50s
[RANGO] autosello ZHIPU · ACECHANDO · Oz=0.0 link=— · manos_feria_informe.json
[RANGO] ZHIPUUSDT_LINEAL last=143.91 · río=WS · mercado=linear · estado=ACECHANDO · dir=— · 0=143.16 · Oz=— · Red=142.62584232 · manos=ON · pos=flat · latido=1.50s
[RANGO] ZHIPUUSDT_LINEAL last=143.93 · río=WS · mercado=linear · estado=ACECHANDO · dir=— · 0=143.16 · Oz=— · Red=142.62584232 · manos=ON · pos=flat · latido=1.50s
[RANGO] autosello ZHIPU · ACECHANDO · Oz=0.0 link=— · manos_feria_informe.json
[RANGO] ZHIPUUSDT_LINEAL last=144.31 · río=ciego/muleta · mercado=linear · estado=ACECHANDO · dir=— · 0=143.16 · Oz=— · Red=142.62584232 · manos=ON · pos=flat · latido=1.50s
[RANGO] autosello ZHIPU · ACECHANDO · Oz=0.0 link=— · manos_feria_informe.json
[RANGO] ZHIPUUSDT_LINEAL last=144.25 · río=WS · mercado=linear · estado=ACECHANDO · dir=— · 0=143.16 · Oz=— · Red=142.62584232 · manos=ON · pos=flat · latido=1.50s
[RANGO] autosello ZHIPU · ACECHANDO · Oz=0.0 link=— · manos_feria_informe.json
[RANGO] ZHIPUUSDT_LINEAL last=144.31 · río=ciego/muleta · mercado=linear · estado=ACECHANDO · dir=— · 0=143.16 · Oz=— · Red=142.62584232 · manos=ON · pos=flat · latido=1.50s
[RANGO] ZHIPUUSDT_LINEAL last=144.31 · río=ciego/muleta · mercado=linear · estado=ACECHANDO · dir=— · 0=143.16 · Oz=— · Red=142.62584232 · manos=ON · pos=flat · latido=1.50s
[RANGO] autosello ZHIPU · ACECHANDO · Oz=0.0 link=— · manos_feria_informe.json
[RANGO] ZHIPUUSDT_LINEAL last=143.92 · río=WS · mercado=linear · estado=ACECHANDO · dir=— · 0=143.16 · Oz=— · Red=142.62584232 · manos=ON · pos=flat · latido=1.50s
[RANGO] autosello ZHIPU · ACECHANDO · Oz=0.0 link=— · manos_feria_informe.json
[RANGO] ZHIPUUSDT_LINEAL last=143.84 · río=WS · mercado=linear · estado=ACECHANDO · dir=— · 0=143.16 · Oz=— · Red=142.62584232 · manos=ON · pos=flat · latido=1.50s
[RANGO] ZHIPUUSDT_LINEAL last=143.88 · río=WS · mercado=linear · estado=ACECHANDO · dir=— · 0=143.16 · Oz=— · Red=142.62584232 · manos=ON · pos=flat · latido=1.50s
[RANGO] autosello ZHIPU · ACECHANDO · Oz=0.0 link=— · manos_feria_informe.json
[RANGO] ZHIPUUSDT_LINEAL last=143.87 · río=WS · mercado=linear · estado=ACECHANDO · dir=— · 0=143.16 · Oz=— · Red=142.62584232 · manos=ON · pos=flat · latido=1.50s
[2026-08-31 11:32:40] [TUSK] RECONCILIACIÓN: NILUSDT_LINEAL: interno L:0.000000/S:0.000000 -> real L:222.000000/S:0.000000
[2026-08-31 11:32:40] [TUSK] RECONCILIACIÓN_FANTASMA: KNCUSDT_LINEAL existe interno pero no en exchange -> reseteando
[2026-08-31 11:32:40] [TUSK] RECONCILIACIÓN_OK: 2 frentes alineados con exchange
[RANGO] autosello ZHIPU · ACECHANDO · Oz=0.0 link=— · manos_feria_informe.json
[RANGO] ZHIPUUSDT_LINEAL last=144.01 · río=WS · mercado=linear · estado=ACECHANDO · dir=— · 0=143.16 · Oz=— · Red=142.62584232 · manos=ON · pos=flat · latido=1.50s
[RANGO] ZHIPUUSDT_LINEAL last=144.31 · río=ciego/muleta · mercado=linear · estado=ACECHANDO · dir=— · 0=143.16 · Oz=— · Red=142.62584232 · manos=ON · pos=flat · latido=1.50s
[RANGO] autosello ZHIPU · ACECHANDO · Oz=0.0 link=— · manos_feria_informe.json
[RANGO] ZHIPUUSDT_LINEAL last=143.83 · río=WS · mercado=linear · estado=ACECHANDO · dir=— · 0=143.16 · Oz=— · Red=142.62584232 · manos=ON · pos=flat · latido=1.50s
[RANGO] autosello ZHIPU · ACECHANDO · Oz=0.0 link=— · manos_feria_informe.json
[RANGO] ZHIPUUSDT_LINEAL last=144.23 · río=WS · mercado=linear · estado=ACECHANDO · dir=— · 0=143.16 · Oz=— · Red=142.62584232 · manos=ON · pos=flat · latido=1.50s
[RANGO] ZHIPUUSDT_LINEAL last=144.23 · río=WS · mercado=linear · estado=ACECHANDO · dir=— · 0=143.16 · Oz=— · Red=142.62584232 · manos=ON · pos=flat · latido=1.50s
[RANGO] autosello ZHIPU · ACECHANDO · Oz=0.0 link=— · manos_feria_informe.json
[RANGO] ZHIPUUSDT_LINEAL last=144.31 · río=ciego/muleta · mercado=linear · estado=ACECHANDO · dir=— · 0=143.16 · Oz=— · Red=142.62584232 · manos=ON · pos=flat · latido=1.50s
[2026-08-31 11:33:42] [TUSK] RECONCILIACIÓN_FANTASMA: HYPEUSD_INVERSE existe interno pero no en exchange -> reseteando
[2026-08-31 11:33:42] [TUSK] RECONCILIACIÓN_OK: 1 frentes alineados con exchange
[RANGO] autosello ZHIPU · ACECHANDO · Oz=0.0 link=— · manos_feria_informe.json
[RANGO] ZHIPUUSDT_LINEAL last=144.31 · río=ciego/muleta · mercado=linear · estado=ACECHANDO · dir=— · 0=143.16 · Oz=— · Red=142.62584232 · manos=ON · pos=flat · latido=1.50s
[RANGO] ZHIPUUSDT_LINEAL last=144.31 · río=ciego/muleta · mercado=linear · estado=ACECHANDO · dir=— · 0=143.16 · Oz=— · Red=142.62584232 · manos=ON · pos=flat · latido=1.50s
[RANGO] autosello ZHIPU · ACECHANDO · Oz=0.0 link=— · manos_feria_informe.json
[RANGO] ZHIPUUSDT_LINEAL last=144.31 · río=ciego/muleta · mercado=linear · estado=ACECHANDO · dir=— · 0=143.16 · Oz=— · Red=142.62584232 · manos=ON · pos=flat · latido=1.50s
[RANGO] autosello ZHIPU · ACECHANDO · Oz=0.0 link=— · manos_feria_informe.json
[RANGO] ZHIPUUSDT_LINEAL last=143.84 · río=WS · mercado=linear · estado=ACECHANDO · dir=— · 0=143.16 · Oz=— · Red=142.62584232 · manos=ON · pos=flat · latido=1.50s
[RANGO] autosello ZHIPU · ACECHANDO · Oz=0.0 link=— · manos_feria_informe.json
[RANGO] ZHIPUUSDT_LINEAL last=144.31 · río=ciego/muleta · mercado=linear · estado=ACECHANDO · dir=— · 0=143.16 · Oz=— · Red=142.62584232 · manos=ON · pos=flat · latido=1.50s
[RANGO] ZHIPUUSDT_LINEAL last=143.8 · río=WS · mercado=linear · estado=ACECHANDO · dir=— · 0=143.16 · Oz=— · Red=142.62584232 · manos=ON · pos=flat · latido=1.50s
[RANGO] autosello ZHIPU · ACECHANDO · Oz=0.0 link=— · manos_feria_informe.json
[RANGO] ZHIPUUSDT_LINEAL last=144.31 · río=ciego/muleta · mercado=linear · estado=ACECHANDO · dir=— · 0=143.16 · Oz=— · Red=142.62584232 · manos=ON · pos=flat · latido=1.50s
[RANGO] autosello ZHIPU · ACECHANDO · Oz=0.0 link=— · manos_feria_informe.json
[RANGO] ZHIPUUSDT_LINEAL last=144.31 · río=ciego/muleta · mercado=linear · estado=ACECHANDO · dir=— · 0=143.16 · Oz=— · Red=142.62584232 · manos=ON · pos=flat · latido=1.50s
[RANGO] ZHIPUUSDT_LINEAL last=144.31 · río=ciego/muleta · mercado=linear · estado=ACECHANDO · dir=— · 0=143.16 · Oz=— · Red=142.62584232 · manos=ON · pos=flat · latido=1.50s
[RANGO] autosello ZHIPU · ACECHANDO · Oz=0.0 link=— · manos_feria_informe.json
[RANGO] ZHIPUUSDT_LINEAL last=144.21 · río=WS · mercado=linear · estado=ACECHANDO · dir=— · 0=143.16 · Oz=— · Red=142.62584232 · manos=ON · pos=flat · latido=1.50s
[RANGO] autosello ZHIPU · ACECHANDO · Oz=0.0 link=— · manos_feria_informe.json
[RANGO] ZHIPUUSDT_LINEAL last=144.31 · río=ciego/muleta · mercado=linear · estado=ACECHANDO · dir=— · 0=143.16 · Oz=— · Red=142.62584232 · manos=ON · pos=flat · latido=1.50s
[RANGO] ZHIPUUSDT_LINEAL last=144.31 · río=ciego/muleta · mercado=linear · estado=ACECHANDO · dir=— · 0=143.16 · Oz=— · Red=142.62584232 · manos=ON · pos=flat · latido=1.50s
[RANGO] autosello ZHIPU · ACECHANDO · Oz=0.0 link=— · manos_feria_informe.json
[2026-08-31 11:35:44] [TUSK] RECONCILIACIÓN: DASHUSDT_LINEAL: interno L:0.000000/S:1.050000 -> real L:0.000000/S:1.160000
[2026-08-31 11:35:44] [TUSK] RECONCILIACIÓN: KNCUSDT_LINEAL: interno L:0.000000/S:0.000000 -> real L:354.100000/S:0.000000
[2026-08-31 11:35:44] [TUSK] RECONCILIACIÓN_FANTASMA: KSMUSDT_LINEAL existe interno pero no en exchange -> reseteando
[2026-08-31 11:35:44] [TUSK] RECONCILIACIÓN_OK: 3 frentes alineados con exchange
[RANGO] ZHIPUUSDT_LINEAL last=144.02 · río=WS · mercado=linear · estado=ACECHANDO · dir=— · 0=143.16 · Oz=— · Red=142.62584232 · manos=ON · pos=flat · latido=1.50s
[RANGO] autosello ZHIPU · ACECHANDO · Oz=0.0 link=— · manos_feria_informe.json
[RANGO] ZHIPUUSDT_LINEAL last=143.91 · río=WS · mercado=linear · estado=ACECHANDO · dir=— · 0=143.16 · Oz=— · Red=142.62584232 · manos=ON · pos=flat · latido=1.50s
[RANGO] ZHIPUUSDT_LINEAL last=144.02 · río=ciego/muleta · mercado=linear · estado=ACECHANDO · dir=— · 0=143.16 · Oz=— · Red=142.62584232 · manos=ON · pos=flat · latido=1.50s
[RANGO] autosello ZHIPU · ACECHANDO · Oz=0.0 link=— · manos_feria_informe.json
[RANGO] ZHIPUUSDT_LINEAL last=144.02 · río=ciego/muleta · mercado=linear · estado=ACECHANDO · dir=— · 0=143.16 · Oz=— · Red=142.62584232 · manos=ON · pos=flat · latido=1.50s
[RANGO] autosello ZHIPU · ACECHANDO · Oz=0.0 link=— · manos_feria_informe.json
[RANGO] ZHIPUUSDT_LINEAL last=143.94 · río=WS · mercado=linear · estado=ACECHANDO · dir=— · 0=143.16 · Oz=— · Red=142.62584232 · manos=ON · pos=flat · latido=1.50s
[RANGO] autosello ZHIPU · ACECHANDO · Oz=0.0 link=— · manos_feria_informe.json
[RANGO] ZHIPUUSDT_LINEAL last=144.02 · río=ciego/muleta · mercado=linear · estado=ACECHANDO · dir=— · 0=143.16 · Oz=— · Red=142.62584232 · manos=ON · pos=flat · latido=1.50s
[2026-08-31 11:36:46] [TUSK] RECONCILIACIÓN: ACUUSDT_LINEAL: interno L:0.000000/S:0.000000 -> real L:215.000000/S:0.000000
[2026-08-31 11:36:46] [TUSK] RECONCILIACIÓN: MONUSDT_LINEAL: interno L:0.000000/S:0.000000 -> real L:5276.000000/S:0.000000
[2026-08-31 11:36:46] [TUSK] RECONCILIACIÓN_FANTASMA: MSTRUSDT_LINEAL existe interno pero no en exchange -> reseteando
[2026-08-31 11:36:46] [TUSK] RECONCILIACIÓN_FANTASMA: MORPHOUSDT_LINEAL existe interno pero no en exchange -> reseteando
[2026-08-31 11:36:46] [TUSK] RECONCILIACIÓN_OK: 4 frentes alineados con exchange
[RANGO] ZHIPUUSDT_LINEAL last=144.02 · río=ciego/muleta · mercado=linear · estado=ACECHANDO · dir=— · 0=143.16 · Oz=— · Red=142.62584232 · manos=ON · pos=flat · latido=1.50s
[RANGO] autosello ZHIPU · ACECHANDO · Oz=0.0 link=— · manos_feria_informe.json
[RANGO] ZHIPUUSDT_LINEAL last=143.9 · río=WS · mercado=linear · estado=ACECHANDO · dir=— · 0=143.16 · Oz=— · Red=142.62584232 · manos=ON · pos=flat · latido=1.50s
[RANGO] autosello ZHIPU · ACECHANDO · Oz=0.0 link=— · manos_feria_informe.json
[RANGO] ZHIPUUSDT_LINEAL last=144.02 · río=ciego/muleta · mercado=linear · estado=ACECHANDO · dir=— · 0=143.16 · Oz=— · Red=142.62584232 · manos=ON · pos=flat · latido=1.50s
[RANGO] ZHIPUUSDT_LINEAL last=144.02 · río=ciego/muleta · mercado=linear · estado=ACECHANDO · dir=— · 0=143.16 · Oz=— · Red=142.62584232 · manos=ON · pos=flat · latido=1.50s
[RANGO] autosello ZHIPU · ACECHANDO · Oz=0.0 link=— · manos_feria_informe.json
[RANGO] ZHIPUUSDT_LINEAL last=144.02 · río=ciego/muleta · mercado=linear · estado=ACECHANDO · dir=— · 0=143.16 · Oz=— · Red=142.62584232 · manos=ON · pos=flat · latido=1.50s
[RANGO] autosello ZHIPU · ACECHANDO · Oz=0.0 link=— · manos_feria_informe.json
[RANGO] ZHIPUUSDT_LINEAL last=143.99 · río=WS · mercado=linear · estado=ACECHANDO · dir=— · 0=143.16 · Oz=— · Red=142.62584232 · manos=ON · pos=flat · latido=1.50s
[RANGO] autosello ZHIPU · ACECHANDO · Oz=0.0 link=— · manos_feria_informe.json
[RANGO] ZHIPUUSDT_LINEAL last=144.02 · río=ciego/muleta · mercado=linear · estado=ACECHANDO · dir=— · 0=143.16 · Oz=— · Red=142.62584232 · manos=ON · pos=flat · latido=1.50s
[RANGO] ZHIPUUSDT_LINEAL last=143.94 · río=WS · mercado=linear · estado=ACECHANDO · dir=— · 0=143.16 · Oz=— · Red=142.62584232 · manos=ON · pos=flat · latido=1.50s
[RANGO] autosello ZHIPU · ACECHANDO · Oz=0.0 link=— · manos_feria_informe.json
[RANGO] ZHIPUUSDT_LINEAL last=143.98 · río=WS · mercado=linear · estado=ACECHANDO · dir=— · 0=143.16 · Oz=— · Red=142.62584232 · manos=ON · pos=flat · latido=1.50s
[RANGO] autosello ZHIPU · ACECHANDO · Oz=0.0 link=— · manos_feria_informe.json
[RANGO] ZHIPUUSDT_LINEAL last=144.02 · río=ciego/muleta · mercado=linear · estado=ACECHANDO · dir=— · 0=143.16 · Oz=— · Red=142.62584232 · manos=ON · pos=flat · latido=1.50s
[RANGO] ZHIPUUSDT_LINEAL last=144.02 · río=ciego/muleta · mercado=linear · estado=ACECHANDO · dir=— · 0=143.16 · Oz=— · Red=142.62584232 · manos=ON · pos=flat · latido=1.50s
[RANGO] autosello ZHIPU · ACECHANDO · Oz=0.0 link=— · manos_feria_informe.json
[2026-08-31 11:38:49] [TUSK] RECONCILIACIÓN: GIGGLEUSDT_LINEAL: interno L:0.000000/S:0.000000 -> real L:0.000000/S:1.906000
[2026-08-31 11:38:49] [TUSK] RECONCILIACIÓN: CRDOUSDT_LINEAL: interno L:0.000000/S:0.000000 -> real L:0.170000/S:0.000000
[2026-08-31 11:38:49] [TUSK] RECONCILIACIÓN: XANUSDT_LINEAL: interno L:0.000000/S:0.000000 -> real L:203.000000/S:0.000000
[2026-08-31 11:38:49] [TUSK] RECONCILIACIÓN_FANTASMA: PLTRUSDT_LINEAL existe interno pero no en exchange -> reseteando
[2026-08-31 11:38:49] [TUSK] RECONCILIACIÓN_FANTASMA: MONUSDT_LINEAL existe interno pero no en exchange -> reseteando
[2026-08-31 11:38:49] [TUSK] RECONCILIACIÓN_FANTASMA: ACUUSDT_LINEAL existe interno pero no en exchange -> reseteando
[2026-08-31 11:38:49] [TUSK] RECONCILIACIÓN_OK: 6 frentes alineados con exchange
[RANGO] ZHIPUUSDT_LINEAL last=144.02 · río=ciego/muleta · mercado=linear · estado=ACECHANDO · dir=— · 0=143.16 · Oz=— · Red=142.62584232 · manos=ON · pos=flat · latido=1.50s
[RANGO] autosello ZHIPU · ACECHANDO · Oz=0.0 link=— · manos_feria_informe.json
[RANGO] ZHIPUUSDT_LINEAL last=143.96 · río=WS · mercado=linear · estado=ACECHANDO · dir=— · 0=143.16 · Oz=— · Red=142.62584232 · manos=ON · pos=flat · latido=1.50s
[RANGO] ZHIPUUSDT_LINEAL last=144.02 · río=ciego/muleta · mercado=linear · estado=ACECHANDO · dir=— · 0=143.16 · Oz=— · Red=142.62584232 · manos=ON · pos=flat · latido=1.50s
[RANGO] autosello ZHIPU · ACECHANDO · Oz=0.0 link=— · manos_feria_informe.json
[RANGO] ZHIPUUSDT_LINEAL last=144.02 · río=ciego/muleta · mercado=linear · estado=ACECHANDO · dir=— · 0=143.16 · Oz=— · Red=142.62584232 · manos=ON · pos=flat · latido=1.50s
[RANGO] autosello ZHIPU · ACECHANDO · Oz=0.0 link=— · manos_feria_informe.json
[RANGO] ZHIPUUSDT_LINEAL last=144.02 · río=ciego/muleta · mercado=linear · estado=ACECHANDO · dir=— · 0=143.16 · Oz=— · Red=142.62584232 · manos=ON · pos=flat · latido=1.50s
[RANGO] autosello ZHIPU · ACECHANDO · Oz=0.0 link=— · manos_feria_informe.json
[RANGO] ZHIPUUSDT_LINEAL last=144.02 · río=ciego/muleta · mercado=linear · estado=ACECHANDO · dir=— · 0=143.16 · Oz=— · Red=142.62584232 · manos=ON · pos=flat · latido=1.50s
[RANGO] ZHIPUUSDT_LINEAL last=144.02 · río=ciego/muleta · mercado=linear · estado=ACECHANDO · dir=— · 0=143.16 · Oz=— · Red=142.62584232 · manos=ON · pos=flat · latido=1.50s
[RANGO] autosello ZHIPU · ACECHANDO · Oz=0.0 link=— · manos_feria_informe.json
[RANGO] ZHIPUUSDT_LINEAL last=144.01 · río=WS · mercado=linear · estado=ACECHANDO · dir=— · 0=143.16 · Oz=— · Red=142.62584232 · manos=ON · pos=flat · latido=1.50s
[RANGO] autosello ZHIPU · ACECHANDO · Oz=0.0 link=— · manos_feria_informe.json
[RANGO] ZHIPUUSDT_LINEAL last=144.15 · río=WS · mercado=linear · estado=ACECHANDO · dir=— · 0=143.16 · Oz=— · Red=142.62584232 · manos=ON · pos=flat · latido=1.50s
[RANGO] ZHIPUUSDT_LINEAL last=143.98 · río=WS · mercado=linear · estado=ACECHANDO · dir=— · 0=143.16 · Oz=— · Red=142.62584232 · manos=ON · pos=flat · latido=1.50s
[RANGO] autosello ZHIPU · ACECHANDO · Oz=0.0 link=— · manos_feria_informe.json
[RANGO] ZHIPUUSDT_LINEAL last=144.11 · río=WS · mercado=linear · estado=ACECHANDO · dir=— · 0=143.16 · Oz=— · Red=142.62584232 · manos=ON · pos=flat · latido=1.50s
[RANGO] autosello ZHIPU · ACECHANDO · Oz=0.0 link=— · manos_feria_informe.json
[RANGO] ZHIPUUSDT_LINEAL last=144.02 · río=ciego/muleta · mercado=linear · estado=ACECHANDO · dir=— · 0=143.16 · Oz=— · Red=142.62584232 · manos=ON · pos=flat · latido=1.50s
[2026-08-31 11:40:51] [TUSK] RECONCILIACIÓN: UBUSDT_LINEAL: interno L:0.000000/S:0.000000 -> real L:0.000000/S:330.000000
[2026-08-31 11:40:51] [TUSK] RECONCILIACIÓN_FANTASMA: KNCUSDT_LINEAL existe interno pero no en exchange -> reseteando
[2026-08-31 11:40:51] [TUSK] RECONCILIACIÓN_OK: 2 frentes alineados con exchange
[RANGO] ZHIPUUSDT_LINEAL last=144.1 · río=WS · mercado=linear · estado=ACECHANDO · dir=— · 0=143.16 · Oz=— · Red=142.62584232 · manos=ON · pos=flat · latido=1.50s
[RANGO] autosello ZHIPU · ACECHANDO · Oz=0.0 link=— · manos_feria_informe.json
[RANGO] ZHIPUUSDT_LINEAL last=144.1 · río=WS · mercado=linear · estado=ACECHANDO · dir=— · 0=143.16 · Oz=— · Red=142.62584232 · manos=ON · pos=flat · latido=1.50s
[RANGO] autosello ZHIPU · ACECHANDO · Oz=0.0 link=— · manos_feria_informe.json
[RANGO] ZHIPUUSDT_LINEAL last=143.97 · río=WS · mercado=linear · estado=ACECHANDO · dir=— · 0=143.16 · Oz=— · Red=142.62584232 · manos=ON · pos=flat · latido=1.50s
[RANGO] ZHIPUUSDT_LINEAL last=143.97 · río=WS · mercado=linear · estado=ACECHANDO · dir=— · 0=143.16 · Oz=— · Red=142.62584232 · manos=ON · pos=flat · latido=1.50s
[RANGO] autosello ZHIPU · ACECHANDO · Oz=0.0 link=— · manos_feria_informe.json
[RANGO] ZHIPUUSDT_LINEAL last=144.05 · río=WS · mercado=linear · estado=ACECHANDO · dir=— · 0=143.16 · Oz=— · Red=142.62584232 · manos=ON · pos=flat · latido=1.50s
[RANGO] autosello ZHIPU · ACECHANDO · Oz=0.0 link=— · manos_feria_informe.json
[RANGO] ZHIPUUSDT_LINEAL last=144.03 · río=WS · mercado=linear · estado=ACECHANDO · dir=— · 0=143.16 · Oz=— · Red=142.62584232 · manos=ON · pos=flat · latido=1.50s
[2026-08-31 11:41:53] [TUSK] RECONCILIACIÓN: KNCUSDT_LINEAL: interno L:0.000000/S:0.000000 -> real L:354.100000/S:0.000000
[2026-08-31 11:41:53] [TUSK] RECONCILIACIÓN: ACUUSDT_LINEAL: interno L:0.000000/S:0.000000 -> real L:215.000000/S:0.000000
[2026-08-31 11:41:53] [TUSK] RECONCILIACIÓN: MONUSDT_LINEAL: interno L:0.000000/S:0.000000 -> real L:5276.000000/S:0.000000
[2026-08-31 11:41:53] [TUSK] RECONCILIACIÓN_FANTASMA: TRBUSDT_LINEAL existe interno pero no en exchange -> reseteando
[2026-08-31 11:41:53] [TUSK] RECONCILIACIÓN_FANTASMA: SYRUPUSDT_LINEAL existe interno pero no en exchange -> reseteando
[2026-08-31 11:41:53] [TUSK] RECONCILIACIÓN_FANTASMA: SUSHIUSDT_LINEAL existe interno pero no en exchange -> reseteando
[2026-08-31 11:41:53] [TUSK] RECONCILIACIÓN_OK: 6 frentes alineados con exchange
[RANGO] ZHIPUUSDT_LINEAL last=144.04 · río=WS · mercado=linear · estado=ACECHANDO · dir=— · 0=143.16 · Oz=— · Red=142.62584232 · manos=ON · pos=flat · latido=1.50s
[RANGO] autosello ZHIPU · ACECHANDO · Oz=0.0 link=— · manos_feria_informe.json
[RANGO] ZHIPUUSDT_LINEAL last=144.05 · río=WS · mercado=linear · estado=ACECHANDO · dir=— · 0=143.16 · Oz=— · Red=142.62584232 · manos=ON · pos=flat · latido=1.50s
[RANGO] autosello ZHIPU · ACECHANDO · Oz=0.0 link=— · manos_feria_informe.json
[RANGO] ZHIPUUSDT_LINEAL last=144.19 · río=WS · mercado=linear · estado=ACECHANDO · dir=— · 0=143.16 · Oz=— · Red=142.62584232 · manos=ON · pos=flat · latido=1.50s
[RANGO] ZHIPUUSDT_LINEAL last=144.02 · río=ciego/muleta · mercado=linear · estado=ACECHANDO · dir=— · 0=143.16 · Oz=— · Red=142.62584232 · manos=ON · pos=flat · latido=1.50s
[RANGO] autosello ZHIPU · ACECHANDO · Oz=0.0 link=— · manos_feria_informe.json
[RANGO] ZHIPUUSDT_LINEAL last=144.1 · río=WS · mercado=linear · estado=ACECHANDO · dir=— · 0=143.16 · Oz=— · Red=142.62584232 · manos=ON · pos=flat · latido=1.50s
[RANGO] autosello ZHIPU · ACECHANDO · Oz=0.0 link=— · manos_feria_informe.json
[RANGO] ZHIPUUSDT_LINEAL last=144.33 · río=WS · mercado=linear · estado=ACECHANDO · dir=— · 0=143.16 · Oz=— · Red=142.62584232 · manos=ON · pos=flat · latido=1.50s
[2026-08-31 11:42:54] [TUSK] RECONCILIACIÓN: ASTSUSDT_LINEAL: interno L:0.000000/S:0.000000 -> real L:0.780000/S:0.000000
[2026-08-31 11:42:54] [TUSK] RECONCILIACIÓN: XRPUSD_INVERSE: interno L:230.000000/S:0.000000 -> real L:224.000000/S:0.000000
[2026-08-31 11:42:54] [TUSK] RECONCILIACIÓN_FANTASMA: TWTUSDT_LINEAL existe interno pero no en exchange -> reseteando
[2026-08-31 11:42:54] [TUSK] RECONCILIACIÓN_OK: 3 frentes alineados con exchange
[RANGO] ZHIPUUSDT_LINEAL last=144.19 · río=WS · mercado=linear · estado=ACECHANDO · dir=— · 0=143.16 · Oz=— · Red=142.62584232 · manos=ON · pos=flat · latido=1.50s
[RANGO] autosello ZHIPU · ACECHANDO · Oz=0.0 link=— · manos_feria_informe.json
[RANGO] ZHIPUUSDT_LINEAL last=144.3 · río=WS · mercado=linear · estado=ACECHANDO · dir=— · 0=143.16 · Oz=— · Red=142.62584232 · manos=ON · pos=flat · latido=1.50s
[RANGO] autosello ZHIPU · ACECHANDO · Oz=0.0 link=— · manos_feria_informe.json
[RANGO] ZHIPUUSDT_LINEAL last=144.15 · río=WS · mercado=linear · estado=ACECHANDO · dir=— · 0=143.16 · Oz=— · Red=142.62584232 · manos=ON · pos=flat · latido=1.50s
[RANGO] ZHIPUUSDT_LINEAL last=144.23 · río=ciego/muleta · mercado=linear · estado=ACECHANDO · dir=— · 0=143.16 · Oz=— · Red=142.62584232 · manos=ON · pos=flat · latido=1.50s
[RANGO] autosello ZHIPU · ACECHANDO · Oz=0.0 link=— · manos_feria_informe.json
[RANGO] ZHIPUUSDT_LINEAL last=144.23 · río=ciego/muleta · mercado=linear · estado=ACECHANDO · dir=— · 0=143.16 · Oz=— · Red=142.62584232 · manos=ON · pos=flat · latido=1.50s
[RANGO] autosello ZHIPU · ACECHANDO · Oz=0.0 link=— · manos_feria_informe.json
[RANGO] ZHIPUUSDT_LINEAL last=144.23 · río=ciego/muleta · mercado=linear · estado=ACECHANDO · dir=— · 0=143.16 · Oz=— · Red=142.62584232 · manos=ON · pos=flat · latido=1.50s
[2026-08-31 11:43:56] [TUSK] RECONCILIACIÓN: PURRUSDT_LINEAL: interno L:0.000000/S:0.000000 -> real L:3.700000/S:0.000000
[2026-08-31 11:43:56] [TUSK] RECONCILIACIÓN_FANTASMA: XLMUSDT_LINEAL existe interno pero no en exchange -> reseteando
[2026-08-31 11:43:56] [TUSK] RECONCILIACIÓN_OK: 2 frentes alineados con exchange
[RANGO] autosello ZHIPU · ACECHANDO · Oz=0.0 link=— · manos_feria_informe.json
[RANGO] ZHIPUUSDT_LINEAL last=144.23 · río=WS · mercado=linear · estado=ACECHANDO · dir=— · 0=143.16 · Oz=— · Red=142.62584232 · manos=ON · pos=flat · latido=1.50s
[RANGO] ZHIPUUSDT_LINEAL last=144.2 · río=WS · mercado=linear · estado=ACECHANDO · dir=— · 0=143.16 · Oz=— · Red=142.62584232 · manos=ON · pos=flat · latido=1.50s
[RANGO] autosello ZHIPU · ACECHANDO · Oz=0.0 link=— · manos_feria_informe.json
[RANGO] ZHIPUUSDT_LINEAL last=144.26 · río=WS · mercado=linear · estado=ACECHANDO · dir=— · 0=143.16 · Oz=— · Red=142.62584232 · manos=ON · pos=flat · latido=1.50s
[RANGO] autosello ZHIPU · ACECHANDO · Oz=0.0 link=— · manos_feria_informe.json
[RANGO] ZHIPUUSDT_LINEAL last=144.23 · río=ciego/muleta · mercado=linear · estado=ACECHANDO · dir=— · 0=143.16 · Oz=— · Red=142.62584232 · manos=ON · pos=flat · latido=1.50s
[RANGO] ZHIPUUSDT_LINEAL last=144.21 · río=WS · mercado=linear · estado=ACECHANDO · dir=— · 0=143.16 · Oz=— · Red=142.62584232 · manos=ON · pos=flat · latido=1.50s
[RANGO] autosello ZHIPU · ACECHANDO · Oz=0.0 link=— · manos_feria_informe.json
[RANGO] ZHIPUUSDT_LINEAL last=144.23 · río=ciego/muleta · mercado=linear · estado=ACECHANDO · dir=— · 0=143.16 · Oz=— · Red=142.62584232 · manos=ON · pos=flat · latido=1.50s
[2026-08-31 11:44:57] [TUSK] RECONCILIACIÓN: BEATUSDT_LINEAL: interno L:0.000000/S:0.000000 -> real L:166.000000/S:0.000000
[2026-08-31 11:44:57] [TUSK] RECONCILIACIÓN_FANTASMA: XRPUSD_INVERSE existe interno pero no en exchange -> reseteando
[2026-08-31 11:44:57] [TUSK] RECONCILIACIÓN_FANTASMA: PURRUSDT_LINEAL existe interno pero no en exchange -> reseteando
[2026-08-31 11:44:57] [TUSK] RECONCILIACIÓN_OK: 3 frentes alineados con exchange
[RANGO] autosello ZHIPU · ACECHANDO · Oz=0.0 link=— · manos_feria_informe.json
[RANGO] ZHIPUUSDT_LINEAL last=144.26 · río=WS · mercado=linear · estado=ACECHANDO · dir=— · 0=143.16 · Oz=— · Red=142.62584232 · manos=ON · pos=flat · latido=1.50s
[RANGO] ZHIPUUSDT_LINEAL last=144.23 · río=ciego/muleta · mercado=linear · estado=ACECHANDO · dir=— · 0=143.16 · Oz=— · Red=142.62584232 · manos=ON · pos=flat · latido=1.50s
[RANGO] autosello ZHIPU · ACECHANDO · Oz=0.0 link=— · manos_feria_informe.json
[RANGO] ZHIPUUSDT_LINEAL last=144.23 · río=ciego/muleta · mercado=linear · estado=ACECHANDO · dir=— · 0=143.16 · Oz=— · Red=142.62584232 · manos=ON · pos=flat · latido=1.50s
[RANGO] autosello ZHIPU · ACECHANDO · Oz=0.0 link=— · manos_feria_informe.json
[RANGO] ZHIPUUSDT_LINEAL last=144.23 · río=ciego/muleta · mercado=linear · estado=ACECHANDO · dir=— · 0=143.16 · Oz=— · Red=142.62584232 · manos=ON · pos=flat · latido=1.50s
[RANGO] autosello ZHIPU · ACECHANDO · Oz=0.0 link=— · manos_feria_informe.json
[RANGO] ZHIPUUSDT_LINEAL last=144.26 · río=WS · mercado=linear · estado=ACECHANDO · dir=— · 0=143.16 · Oz=— · Red=142.62584232 · manos=ON · pos=flat · latido=1.50s
[RANGO] ZHIPUUSDT_LINEAL last=144.11 · río=WS · mercado=linear · estado=ACECHANDO · dir=— · 0=143.16 · Oz=— · Red=142.62584232 · manos=ON · pos=flat · latido=1.50s
[2026-08-31 11:45:59] [TUSK] RECONCILIACIÓN: EULUSDT_LINEAL: interno L:0.000000/S:0.000000 -> real L:81.900000/S:0.000000
[2026-08-31 11:45:59] [TUSK] RECONCILIACIÓN: AKTUSDT_LINEAL: interno L:0.000000/S:0.000000 -> real L:209.400000/S:0.000000
[2026-08-31 11:45:59] [TUSK] RECONCILIACIÓN_FANTASMA: ASTSUSDT_LINEAL existe interno pero no en exchange -> reseteando
[2026-08-31 11:45:59] [TUSK] RECONCILIACIÓN_FANTASMA: MONUSDT_LINEAL existe interno pero no en exchange -> reseteando
[2026-08-31 11:45:59] [TUSK] RECONCILIACIÓN_OK: 4 frentes alineados con exchange
[RANGO] autosello ZHIPU · ACECHANDO · Oz=0.0 link=— · manos_feria_informe.json
[RANGO] ZHIPUUSDT_LINEAL last=144.23 · río=ciego/muleta · mercado=linear · estado=ACECHANDO · dir=— · 0=143.16 · Oz=— · Red=142.62584232 · manos=ON · pos=flat · latido=1.50s
[RANGO] autosello ZHIPU · ACECHANDO · Oz=0.0 link=— · manos_feria_informe.json
[RANGO] ZHIPUUSDT_LINEAL last=144.27 · río=WS · mercado=linear · estado=ACECHANDO · dir=— · 0=143.16 · Oz=— · Red=142.62584232 · manos=ON · pos=flat · latido=1.50s
[RANGO] ZHIPUUSDT_LINEAL last=144.24 · río=ciego/muleta · mercado=linear · estado=ACECHANDO · dir=— · 0=143.16 · Oz=— · Red=142.62584232 · manos=ON · pos=flat · latido=1.50s
[RANGO] autosello ZHIPU · ACECHANDO · Oz=0.0 link=— · manos_feria_informe.json
[RANGO] ZHIPUUSDT_LINEAL last=144.24 · río=ciego/muleta · mercado=linear · estado=ACECHANDO · dir=— · 0=143.16 · Oz=— · Red=142.62584232 · manos=ON · pos=flat · latido=1.50s
[RANGO] autosello ZHIPU · ACECHANDO · Oz=0.0 link=— · manos_feria_informe.json
[RANGO] ZHIPUUSDT_LINEAL last=144.24 · río=ciego/muleta · mercado=linear · estado=ACECHANDO · dir=— · 0=143.16 · Oz=— · Red=142.62584232 · manos=ON · pos=flat · latido=1.50s
[RANGO] ZHIPUUSDT_LINEAL last=144.11 · río=WS · mercado=linear · estado=ACECHANDO · dir=— · 0=143.16 · Oz=— · Red=142.62584232 · manos=ON · pos=flat · latido=1.50s
[2026-08-31 11:47:00] [TUSK] RECONCILIACIÓN: DASHUSDT_LINEAL: interno L:0.000000/S:1.160000 -> real L:0.000000/S:1.270000
[2026-08-31 11:47:00] [TUSK] RECONCILIACIÓN: ESPUSDT_LINEAL: interno L:0.000000/S:0.000000 -> real L:1190.000000/S:0.000000
[2026-08-31 11:47:00] [TUSK] RECONCILIACIÓN: XRPUSD_INVERSE: interno L:0.000000/S:0.000000 -> real L:0.000000/S:5.000000
[2026-08-31 11:47:00] [TUSK] RECONCILIACIÓN_FANTASMA: ACUUSDT_LINEAL existe interno pero no en exchange -> reseteando
[2026-08-31 11:47:00] [TUSK] RECONCILIACIÓN_OK: 4 frentes alineados con exchange
[RANGO] autosello ZHIPU · ACECHANDO · Oz=0.0 link=— · manos_feria_informe.json
[RANGO] ZHIPUUSDT_LINEAL last=144.22 · río=ciego/muleta · mercado=linear · estado=ACECHANDO · dir=— · 0=143.16 · Oz=— · Red=142.62584232 · manos=ON · pos=flat · latido=1.50s
[RANGO] autosello ZHIPU · ACECHANDO · Oz=0.0 link=— · manos_feria_informe.json
[RANGO] ZHIPUUSDT_LINEAL last=144.1 · río=WS · mercado=linear · estado=ACECHANDO · dir=— · 0=143.16 · Oz=— · Red=142.62584232 · manos=ON · pos=flat · latido=1.50s
[RANGO] ZHIPUUSDT_LINEAL last=144.22 · río=ciego/muleta · mercado=linear · estado=ACECHANDO · dir=— · 0=143.16 · Oz=— · Red=142.62584232 · manos=ON · pos=flat · latido=1.50s
[RANGO] autosello ZHIPU · ACECHANDO · Oz=0.0 link=— · manos_feria_informe.json
[RANGO] ZHIPUUSDT_LINEAL last=144.22 · río=ciego/muleta · mercado=linear · estado=ACECHANDO · dir=— · 0=143.16 · Oz=— · Red=142.62584232 · manos=ON · pos=flat · latido=1.50s
[RANGO] autosello ZHIPU · ACECHANDO · Oz=0.0 link=— · manos_feria_informe.json
[RANGO] ZHIPUUSDT_LINEAL last=144.22 · río=ciego/muleta · mercado=linear · estado=ACECHANDO · dir=— · 0=143.16 · Oz=— · Red=142.62584232 · manos=ON · pos=flat · latido=1.50s
[RANGO] autosello ZHIPU · ACECHANDO · Oz=0.0 link=— · manos_feria_informe.json
[2026-08-31 11:48:01] [TUSK] RECONCILIACIÓN_FANTASMA: ETHUSD_INVERSE existe interno pero no en exchange -> reseteando
[2026-08-31 11:48:01] [TUSK] RECONCILIACIÓN_OK: 1 frentes alineados con exchange
[RANGO] ZHIPUUSDT_LINEAL last=144.22 · río=ciego/muleta · mercado=linear · estado=ACECHANDO · dir=— · 0=143.16 · Oz=— · Red=142.62584232 · manos=ON · pos=flat · latido=1.50s
[RANGO] ZHIPUUSDT_LINEAL last=144.22 · río=ciego/muleta · mercado=linear · estado=ACECHANDO · dir=— · 0=143.16 · Oz=— · Red=142.62584232 · manos=ON · pos=flat · latido=1.50s
[RANGO] autosello ZHIPU · ACECHANDO · Oz=0.0 link=— · manos_feria_informe.json
[RANGO] ZHIPUUSDT_LINEAL last=144.17 · río=WS · mercado=linear · estado=ACECHANDO · dir=— · 0=143.16 · Oz=— · Red=142.62584232 · manos=ON · pos=flat · latido=1.50s
[RANGO] autosello ZHIPU · ACECHANDO · Oz=0.0 link=— · manos_feria_informe.json
[RANGO] ZHIPUUSDT_LINEAL last=144.22 · río=ciego/muleta · mercado=linear · estado=ACECHANDO · dir=— · 0=143.16 · Oz=— · Red=142.62584232 · manos=ON · pos=flat · latido=1.50s
[RANGO] ZHIPUUSDT_LINEAL last=144.22 · río=ciego/muleta · mercado=linear · estado=ACECHANDO · dir=— · 0=143.16 · Oz=— · Red=142.62584232 · manos=ON · pos=flat · latido=1.50s
[RANGO] autosello ZHIPU · ACECHANDO · Oz=0.0 link=— · manos_feria_informe.json
[RANGO] ZHIPUUSDT_LINEAL last=144.22 · río=ciego/muleta · mercado=linear · estado=ACECHANDO · dir=— · 0=143.16 · Oz=— · Red=142.62584232 · manos=ON · pos=flat · latido=1.50s
[RANGO] autosello ZHIPU · ACECHANDO · Oz=0.0 link=— · manos_feria_informe.json
[2026-08-31 11:49:03] [TUSK] RECONCILIACIÓN_FANTASMA: XLMUSD_INVERSE existe interno pero no en exchange -> reseteando
[2026-08-31 11:49:03] [TUSK] RECONCILIACIÓN_OK: 1 frentes alineados con exchange
[RANGO] ZHIPUUSDT_LINEAL last=143.99 · río=WS · mercado=linear · estado=ACECHANDO · dir=— · 0=143.16 · Oz=— · Red=142.62584232 · manos=ON · pos=flat · latido=1.50s
[RANGO] ZHIPUUSDT_LINEAL last=143.99 · río=WS · mercado=linear · estado=ACECHANDO · dir=— · 0=143.16 · Oz=— · Red=142.62584232 · manos=ON · pos=flat · latido=1.50s
[RANGO] autosello ZHIPU · ACECHANDO · Oz=0.0 link=— · manos_feria_informe.json
[RANGO] ZHIPUUSDT_LINEAL last=144.22 · río=ciego/muleta · mercado=linear · estado=ACECHANDO · dir=— · 0=143.16 · Oz=— · Red=142.62584232 · manos=ON · pos=flat · latido=1.50s
[RANGO] autosello ZHIPU · ACECHANDO · Oz=0.0 link=— · manos_feria_informe.json
[RANGO] ZHIPUUSDT_LINEAL last=144.22 · río=ciego/muleta · mercado=linear · estado=ACECHANDO · dir=— · 0=143.16 · Oz=— · Red=142.62584232 · manos=ON · pos=flat · latido=1.50s
[RANGO] autosello ZHIPU · ACECHANDO · Oz=0.0 link=— · manos_feria_informe.json
[RANGO] ZHIPUUSDT_LINEAL last=144.22 · río=ciego/muleta · mercado=linear · estado=ACECHANDO · dir=— · 0=143.16 · Oz=— · Red=142.62584232 · manos=ON · pos=flat · latido=1.50s
[RANGO] ZHIPUUSDT_LINEAL last=144.1 · río=WS · mercado=linear · estado=ACECHANDO · dir=— · 0=143.16 · Oz=— · Red=142.62584232 · manos=ON · pos=flat · latido=1.50s
[RANGO] autosello ZHIPU · ACECHANDO · Oz=0.0 link=— · manos_feria_informe.json
[2026-08-31 11:50:04] [TUSK] RECONCILIACIÓN: NBISUSDT_LINEAL: interno L:0.000000/S:0.000000 -> real L:0.000000/S:0.050000
[2026-08-31 11:50:04] [TUSK] RECONCILIACIÓN: PEOPLEUSDT_LINEAL: interno L:0.000000/S:0.000000 -> real L:29905.000000/S:0.000000
[2026-08-31 11:50:04] [TUSK] RECONCILIACIÓN_FANTASMA: KNCUSDT_LINEAL existe interno pero no en exchange -> reseteando
[2026-08-31 11:50:04] [TUSK] RECONCILIACIÓN_FANTASMA: ROBOUSDT_LINEAL existe interno pero no en exchange -> reseteando
[2026-08-31 11:50:04] [TUSK] RECONCILIACIÓN_OK: 4 frentes alineados con exchange
[RANGO] ZHIPUUSDT_LINEAL last=144.22 · río=ciego/muleta · mercado=linear · estado=ACECHANDO · dir=— · 0=143.16 · Oz=— · Red=142.62584232 · manos=ON · pos=flat · latido=1.50s
[RANGO] autosello ZHIPU · ACECHANDO · Oz=0.0 link=— · manos_feria_informe.json
[RANGO] ZHIPUUSDT_LINEAL last=144.01 · río=WS · mercado=linear · estado=ACECHANDO · dir=— · 0=143.16 · Oz=— · Red=142.62584232 · manos=ON · pos=flat · latido=1.50s
[RANGO] ZHIPUUSDT_LINEAL last=144.22 · río=ciego/muleta · mercado=linear · estado=ACECHANDO · dir=— · 0=143.16 · Oz=— · Red=142.62584232 · manos=ON · pos=flat · latido=1.50s
[RANGO] autosello ZHIPU · ACECHANDO · Oz=0.0 link=— · manos_feria_informe.json
[RANGO] ZHIPUUSDT_LINEAL last=144.04 · río=WS · mercado=linear · estado=ACECHANDO · dir=— · 0=143.16 · Oz=— · Red=142.62584232 · manos=ON · pos=flat · latido=1.50s
[RANGO] autosello ZHIPU · ACECHANDO · Oz=0.0 link=— · manos_feria_informe.json
[RANGO] ZHIPUUSDT_LINEAL last=144.06 · río=WS · mercado=linear · estado=ACECHANDO · dir=— · 0=143.16 · Oz=— · Red=142.62584232 · manos=ON · pos=flat · latido=1.50s
[RANGO] ZHIPUUSDT_LINEAL last=144.22 · río=ciego/muleta · mercado=linear · estado=ACECHANDO · dir=— · 0=143.16 · Oz=— · Red=142.62584232 · manos=ON · pos=flat · latido=1.50s
[RANGO] autosello ZHIPU · ACECHANDO · Oz=0.0 link=— · manos_feria_informe.json
[RANGO] ZHIPUUSDT_LINEAL last=144.22 · río=ciego/muleta · mercado=linear · estado=ACECHANDO · dir=— · 0=143.16 · Oz=— · Red=142.62584232 · manos=ON · pos=flat · latido=1.50s
[RANGO] autosello ZHIPU · ACECHANDO · Oz=0.0 link=— · manos_feria_informe.json
[RANGO] ZHIPUUSDT_LINEAL last=144.0 · río=WS · mercado=linear · estado=ACECHANDO · dir=— · 0=143.16 · Oz=— · Red=142.62584232 · manos=ON · pos=flat · latido=1.50s
[RANGO] ZHIPUUSDT_LINEAL last=144.22 · río=ciego/muleta · mercado=linear · estado=ACECHANDO · dir=— · 0=143.16 · Oz=— · Red=142.62584232 · manos=ON · pos=flat · latido=1.50s
[RANGO] autosello ZHIPU · ACECHANDO · Oz=0.0 link=— · manos_feria_informe.json
[RANGO] ZHIPUUSDT_LINEAL last=144.04 · río=WS · mercado=linear · estado=ACECHANDO · dir=— · 0=143.16 · Oz=— · Red=142.62584232 · manos=ON · pos=flat · latido=1.50s
[RANGO] autosello ZHIPU · ACECHANDO · Oz=0.0 link=— · manos_feria_informe.json
[RANGO] ZHIPUUSDT_LINEAL last=144.22 · río=ciego/muleta · mercado=linear · estado=ACECHANDO · dir=— · 0=143.16 · Oz=— · Red=142.62584232 · manos=ON · pos=flat · latido=1.50s
[RANGO] autosello ZHIPU · ACECHANDO · Oz=0.0 link=— · manos_feria_informe.json
[RANGO] ZHIPUUSDT_LINEAL last=144.22 · río=ciego/muleta · mercado=linear · estado=ACECHANDO · dir=— · 0=143.16 · Oz=— · Red=142.62584232 · manos=ON · pos=flat · latido=1.50s
[RANGO] ZHIPUUSDT_LINEAL last=144.22 · río=ciego/muleta · mercado=linear · estado=ACECHANDO · dir=— · 0=143.16 · Oz=— · Red=142.62584232 · manos=ON · pos=flat · latido=1.50s
[RANGO] autosello ZHIPU · ACECHANDO · Oz=0.0 link=— · manos_feria_informe.json
[RANGO] ZHIPUUSDT_LINEAL last=144.04 · río=WS · mercado=linear · estado=ACECHANDO · dir=— · 0=143.16 · Oz=— · Red=142.62584232 · manos=ON · pos=flat · latido=1.50s
[RANGO] autosello ZHIPU · ACECHANDO · Oz=0.0 link=— · manos_feria_informe.json
[RANGO] ZHIPUUSDT_LINEAL last=144.22 · río=ciego/muleta · mercado=linear · estado=ACECHANDO · dir=— · 0=143.16 · Oz=— · Red=142.62584232 · manos=ON · pos=flat · latido=1.50s
[RANGO] ZHIPUUSDT_LINEAL last=144.1 · río=WS · mercado=linear · estado=ACECHANDO · dir=— · 0=143.16 · Oz=— · Red=142.62584232 · manos=ON · pos=flat · latido=1.50s
[RANGO] autosello ZHIPU · ACECHANDO · Oz=0.0 link=— · manos_feria_informe.json
[RANGO] ZHIPUUSDT_LINEAL last=144.1 · río=WS · mercado=linear · estado=ACECHANDO · dir=— · 0=143.16 · Oz=— · Red=142.62584232 · manos=ON · pos=flat · latido=1.50s
[RANGO] autosello ZHIPU · ACECHANDO · Oz=0.0 link=— · manos_feria_informe.json
[RANGO] ZHIPUUSDT_LINEAL last=144.09 · río=WS · mercado=linear · estado=ACECHANDO · dir=— · 0=143.16 · Oz=— · Red=142.62584232 · manos=ON · pos=flat · latido=1.50s
[RANGO] ZHIPUUSDT_LINEAL last=144.19 · río=ciego/muleta · mercado=linear · estado=ACECHANDO · dir=— · 0=143.16 · Oz=— · Red=142.62584232 · manos=ON · pos=flat · latido=1.50s
[RANGO] autosello ZHIPU · ACECHANDO · Oz=0.0 link=— · manos_feria_informe.json
[RANGO] ZHIPUUSDT_LINEAL last=144.18 · río=WS · mercado=linear · estado=ACECHANDO · dir=— · 0=143.16 · Oz=— · Red=142.62584232 · manos=ON · pos=flat · latido=1.50s
[RANGO] autosello ZHIPU · ACECHANDO · Oz=0.0 link=— · manos_feria_informe.json
[RANGO] ZHIPUUSDT_LINEAL last=144.2 · río=WS · mercado=linear · estado=ACECHANDO · dir=— · 0=143.16 · Oz=— · Red=142.62584232 · manos=ON · pos=flat · latido=1.50s
[RANGO] ZHIPUUSDT_LINEAL last=144.19 · río=ciego/muleta · mercado=linear · estado=ACECHANDO · dir=— · 0=143.16 · Oz=— · Red=142.62584232 · manos=ON · pos=flat · latido=1.50s
[RANGO] autosello ZHIPU · ACECHANDO · Oz=0.0 link=— · manos_feria_informe.json
[RANGO] ZHIPUUSDT_LINEAL last=144.29 · río=WS · mercado=linear · estado=ACECHANDO · dir=— · 0=143.16 · Oz=— · Red=142.62584232 · manos=ON · pos=flat · latido=1.50s
[RANGO] autosello ZHIPU · ACECHANDO · Oz=0.0 link=— · manos_feria_informe.json
[RANGO] ZHIPUUSDT_LINEAL last=144.21 · río=WS · mercado=linear · estado=ACECHANDO · dir=— · 0=143.16 · Oz=— · Red=142.62584232 · manos=ON · pos=flat · latido=1.50s
[2026-08-31 11:54:09] [TUSK] RECONCILIACIÓN: MRVLUSDT_LINEAL: interno L:0.000000/S:0.000000 -> real L:1.050000/S:0.000000
[2026-08-31 11:54:09] [TUSK] RECONCILIACIÓN: DASHUSDT_LINEAL: interno L:0.000000/S:1.270000 -> real L:0.000000/S:1.160000
[2026-08-31 11:54:09] [TUSK] RECONCILIACIÓN_FANTASMA: MOVRUSDT_LINEAL existe interno pero no en exchange -> reseteando
[2026-08-31 11:54:09] [TUSK] RECONCILIACIÓN_OK: 3 frentes alineados con exchange
[RANGO] ZHIPUUSDT_LINEAL last=144.22 · río=WS · mercado=linear · estado=ACECHANDO · dir=— · 0=143.16 · Oz=— · Red=142.62584232 · manos=ON · pos=flat · latido=1.50s
[RANGO] autosello ZHIPU · ACECHANDO · Oz=0.0 link=— · manos_feria_informe.json
[RANGO] ZHIPUUSDT_LINEAL last=144.23 · río=WS · mercado=linear · estado=ACECHANDO · dir=— · 0=143.16 · Oz=— · Red=142.62584232 · manos=ON · pos=flat · latido=1.50s
[RANGO] autosello ZHIPU · ACECHANDO · Oz=0.0 link=— · manos_feria_informe.json
[RANGO] ZHIPUUSDT_LINEAL last=144.36 · río=WS · mercado=linear · estado=ACECHANDO · dir=— · 0=143.16 · Oz=— · Red=142.62584232 · manos=ON · pos=flat · latido=1.50s
[RANGO] ZHIPUUSDT_LINEAL last=144.31 · río=WS · mercado=linear · estado=ACECHANDO · dir=— · 0=143.16 · Oz=— · Red=142.62584232 · manos=ON · pos=flat · latido=1.50s
[RANGO] autosello ZHIPU · ACECHANDO · Oz=0.0 link=— · manos_feria_informe.json
[RANGO] ZHIPUUSDT_LINEAL last=144.19 · río=ciego/muleta · mercado=linear · estado=ACECHANDO · dir=— · 0=143.16 · Oz=— · Red=142.62584232 · manos=ON · pos=flat · latido=1.50s
[RANGO] autosello ZHIPU · ACECHANDO · Oz=0.0 link=— · manos_feria_informe.json
[RANGO] ZHIPUUSDT_LINEAL last=144.39 · río=WS · mercado=linear · estado=ACECHANDO · dir=— · 0=143.16 · Oz=— · Red=142.62584232 · manos=ON · pos=flat · latido=1.50s
[2026-08-31 11:55:10] [TUSK] RECONCILIACIÓN: DASHUSDT_LINEAL: interno L:0.000000/S:1.160000 -> real L:0.000000/S:1.050000
[2026-08-31 11:55:10] [TUSK] RECONCILIACIÓN: BIOUSDT_LINEAL: interno L:0.000000/S:0.000000 -> real L:1016.000000/S:0.000000
[2026-08-31 11:55:10] [TUSK] RECONCILIACIÓN_FANTASMA: PRLUSDT_LINEAL existe interno pero no en exchange -> reseteando
[2026-08-31 11:55:10] [TUSK] RECONCILIACIÓN_OK: 3 frentes alineados con exchange
[RANGO] ZHIPUUSDT_LINEAL last=144.32 · río=WS · mercado=linear · estado=ACECHANDO · dir=— · 0=143.16 · Oz=— · Red=142.62584232 · manos=ON · pos=flat · latido=1.50s
[RANGO] autosello ZHIPU · ACECHANDO · Oz=0.0 link=— · manos_feria_informe.json
[RANGO] ZHIPUUSDT_LINEAL last=144.35 · río=WS · mercado=linear · estado=ACECHANDO · dir=— · 0=143.16 · Oz=— · Red=142.62584232 · manos=ON · pos=flat · latido=1.50s
[RANGO] autosello ZHIPU · ACECHANDO · Oz=0.0 link=— · manos_feria_informe.json
[RANGO] ZHIPUUSDT_LINEAL last=144.37 · río=WS · mercado=linear · estado=ACECHANDO · dir=— · 0=143.16 · Oz=— · Red=142.62584232 · manos=ON · pos=flat · latido=1.50s
[RANGO] ZHIPUUSDT_LINEAL last=144.31 · río=WS · mercado=linear · estado=ACECHANDO · dir=— · 0=143.16 · Oz=— · Red=142.62584232 · manos=ON · pos=flat · latido=1.50s
[RANGO] autosello ZHIPU · ACECHANDO · Oz=0.0 link=— · manos_feria_informe.json
[RANGO] ZHIPUUSDT_LINEAL last=144.28 · río=WS · mercado=linear · estado=ACECHANDO · dir=— · 0=143.16 · Oz=— · Red=142.62584232 · manos=ON · pos=flat · latido=1.50s
[RANGO] autosello ZHIPU · ACECHANDO · Oz=0.0 link=— · manos_feria_informe.json
[RANGO] ZHIPUUSDT_LINEAL last=144.28 · río=WS · mercado=linear · estado=ACECHANDO · dir=— · 0=143.16 · Oz=— · Red=142.62584232 · manos=ON · pos=flat · latido=1.50s
[RANGO] autosello ZHIPU · ACECHANDO · Oz=0.0 link=— · manos_feria_informe.json
[RANGO] ZHIPUUSDT_LINEAL last=144.29 · río=WS · mercado=linear · estado=ACECHANDO · dir=— · 0=143.16 · Oz=— · Red=142.62584232 · manos=ON · pos=flat · latido=1.50s
[RANGO] ZHIPUUSDT_LINEAL last=144.29 · río=WS · mercado=linear · estado=ACECHANDO · dir=— · 0=143.16 · Oz=— · Red=142.62584232 · manos=ON · pos=flat · latido=1.50s
[RANGO] autosello ZHIPU · ACECHANDO · Oz=0.0 link=— · manos_feria_informe.json
[RANGO] ZHIPUUSDT_LINEAL last=144.37 · río=ciego/muleta · mercado=linear · estado=ACECHANDO · dir=— · 0=143.16 · Oz=— · Red=142.62584232 · manos=ON · pos=flat · latido=1.50s
[RANGO] autosello ZHIPU · ACECHANDO · Oz=0.0 link=— · manos_feria_informe.json
[RANGO] ZHIPUUSDT_LINEAL last=144.37 · río=WS · mercado=linear · estado=ACECHANDO · dir=— · 0=143.16 · Oz=— · Red=142.62584232 · manos=ON · pos=flat · latido=1.50s
[RANGO] ZHIPUUSDT_LINEAL last=144.39 · río=WS · mercado=linear · estado=ACECHANDO · dir=— · 0=143.16 · Oz=— · Red=142.62584232 · manos=ON · pos=flat · latido=1.50s
[RANGO] autosello ZHIPU · ACECHANDO · Oz=0.0 link=— · manos_feria_informe.json
[RANGO] ZHIPUUSDT_LINEAL last=144.46 · río=ciego/muleta · mercado=linear · estado=ACECHANDO · dir=— · 0=143.16 · Oz=— · Red=142.62584232 · manos=ON · pos=flat · latido=1.50s
[RANGO] autosello ZHIPU · ACECHANDO · Oz=0.0 link=— · manos_feria_informe.json
[RANGO] ZHIPUUSDT_LINEAL last=144.41 · río=WS · mercado=linear · estado=ACECHANDO · dir=— · 0=143.16 · Oz=— · Red=142.62584232 · manos=ON · pos=flat · latido=1.50s
[RANGO] ZHIPUUSDT_LINEAL last=144.46 · río=ciego/muleta · mercado=linear · estado=ACECHANDO · dir=— · 0=143.16 · Oz=— · Red=142.62584232 · manos=ON · pos=flat · latido=1.50s
[RANGO] autosello ZHIPU · ACECHANDO · Oz=0.0 link=— · manos_feria_informe.json
[RANGO] ZHIPUUSDT_LINEAL last=144.46 · río=ciego/muleta · mercado=linear · estado=ACECHANDO · dir=— · 0=143.16 · Oz=— · Red=142.62584232 · manos=ON · pos=flat · latido=1.50s
[RANGO] autosello ZHIPU · ACECHANDO · Oz=0.0 link=— · manos_feria_informe.json
[RANGO] ZHIPUUSDT_LINEAL last=144.41 · río=WS · mercado=linear · estado=ACECHANDO · dir=— · 0=143.16 · Oz=— · Red=142.62584232 · manos=ON · pos=flat · latido=1.50s
[RANGO] ZHIPUUSDT_LINEAL last=144.46 · río=ciego/muleta · mercado=linear · estado=ACECHANDO · dir=— · 0=143.16 · Oz=— · Red=142.62584232 · manos=ON · pos=flat · latido=1.50s
[RANGO] autosello ZHIPU · ACECHANDO · Oz=0.0 link=— · manos_feria_informe.json
[RANGO] ZHIPUUSDT_LINEAL last=144.43 · río=WS · mercado=linear · estado=ACECHANDO · dir=— · 0=143.16 · Oz=— · Red=142.62584232 · manos=ON · pos=flat · latido=1.50s
[RANGO] autosello ZHIPU · ACECHANDO · Oz=0.0 link=— · manos_feria_informe.json
[RANGO] ZHIPUUSDT_LINEAL last=144.38 · río=WS · mercado=linear · estado=ACECHANDO · dir=— · 0=143.16 · Oz=— · Red=142.62584232 · manos=ON · pos=flat · latido=1.50s
[RANGO] ZHIPUUSDT_LINEAL last=144.44 · río=WS · mercado=linear · estado=ACECHANDO · dir=— · 0=143.16 · Oz=— · Red=142.62584232 · manos=ON · pos=flat · latido=1.50s
[RANGO] autosello ZHIPU · ACECHANDO · Oz=0.0 link=— · manos_feria_informe.json
[RANGO] ZHIPUUSDT_LINEAL last=144.46 · río=ciego/muleta · mercado=linear · estado=ACECHANDO · dir=— · 0=143.16 · Oz=— · Red=142.62584232 · manos=ON · pos=flat · latido=1.50s
[RANGO] autosello ZHIPU · ACECHANDO · Oz=0.0 link=— · manos_feria_informe.json
[RANGO] ZHIPUUSDT_LINEAL last=144.58 · río=WS · mercado=linear · estado=ACECHANDO · dir=— · 0=143.16 · Oz=— · Red=142.62584232 · manos=ON · pos=flat · latido=1.50s
[RANGO] ZHIPUUSDT_LINEAL last=144.56 · río=WS · mercado=linear · estado=ACECHANDO · dir=— · 0=143.16 · Oz=— · Red=142.62584232 · manos=ON · pos=flat · latido=1.50s
[RANGO] autosello ZHIPU · ACECHANDO · Oz=0.0 link=— · manos_feria_informe.json
[RANGO] ZHIPUUSDT_LINEAL last=144.5 · río=WS · mercado=linear · estado=ACECHANDO · dir=— · 0=143.16 · Oz=— · Red=142.62584232 · manos=ON · pos=flat · latido=1.50s
[RANGO] autosello ZHIPU · ACECHANDO · Oz=0.0 link=— · manos_feria_informe.json
[RANGO] ZHIPUUSDT_LINEAL last=144.55 · río=WS · mercado=linear · estado=ACECHANDO · dir=— · 0=143.16 · Oz=— · Red=142.62584232 · manos=ON · pos=flat · latido=1.50s
[RANGO] ZHIPUUSDT_LINEAL last=144.46 · río=WS · mercado=linear · estado=ACECHANDO · dir=— · 0=143.16 · Oz=— · Red=142.62584232 · manos=ON · pos=flat · latido=1.50s
[RANGO] autosello ZHIPU · ACECHANDO · Oz=0.0 link=— · manos_feria_informe.json
[RANGO] ZHIPUUSDT_LINEAL last=144.5 · río=WS · mercado=linear · estado=ACECHANDO · dir=— · 0=143.16 · Oz=— · Red=142.62584232 · manos=ON · pos=flat · latido=1.50s
[RANGO] autosello ZHIPU · ACECHANDO · Oz=0.0 link=— · manos_feria_informe.json
[RANGO] ZHIPUUSDT_LINEAL last=144.53 · río=WS · mercado=linear · estado=ACECHANDO · dir=— · 0=143.16 · Oz=— · Red=142.62584232 · manos=ON · pos=flat · latido=1.50s
[RANGO] ZHIPUUSDT_LINEAL last=144.6 · río=WS · mercado=linear · estado=ACECHANDO · dir=— · 0=143.16 · Oz=— · Red=142.62584232 · manos=ON · pos=flat · latido=1.50s
[RANGO] autosello ZHIPU · ACECHANDO · Oz=0.0 link=— · manos_feria_informe.json
[RANGO] ZHIPUUSDT_LINEAL last=144.47 · río=WS · mercado=linear · estado=ACECHANDO · dir=— · 0=143.16 · Oz=— · Red=142.62584232 · manos=ON · pos=flat · latido=1.50s
[RANGO] autosello ZHIPU · ACECHANDO · Oz=0.0 link=— · manos_feria_informe.json
[RANGO] ZHIPUUSDT_LINEAL last=144.42 · río=WS · mercado=linear · estado=ACECHANDO · dir=— · 0=143.16 · Oz=— · Red=142.62584232 · manos=ON · pos=flat · latido=1.50s
[RANGO] ZHIPUUSDT_LINEAL last=144.41 · río=WS · mercado=linear · estado=ACECHANDO · dir=— · 0=143.16 · Oz=— · Red=142.62584232 · manos=ON · pos=flat · latido=1.50s
[RANGO] autosello ZHIPU · ACECHANDO · Oz=0.0 link=— · manos_feria_informe.json
[RANGO] ZHIPUUSDT_LINEAL last=144.46 · río=WS · mercado=linear · estado=ACECHANDO · dir=— · 0=143.16 · Oz=— · Red=142.62584232 · manos=ON · pos=flat · latido=1.50s
[RANGO] autosello ZHIPU · ACECHANDO · Oz=0.0 link=— · manos_feria_informe.json
[RANGO] ZHIPUUSDT_LINEAL last=144.52 · río=WS · mercado=linear · estado=ACECHANDO · dir=— · 0=143.16 · Oz=— · Red=142.62584232 · manos=ON · pos=flat · latido=1.50s
[RANGO] ZHIPUUSDT_LINEAL last=144.5 · río=WS · mercado=linear · estado=ACECHANDO · dir=— · 0=143.16 · Oz=— · Red=142.62584232 · manos=ON · pos=flat · latido=1.50s
[RANGO] autosello ZHIPU · ACECHANDO · Oz=0.0 link=— · manos_feria_informe.json
[RANGO] ZHIPUUSDT_LINEAL last=144.46 · río=WS · mercado=linear · estado=ACECHANDO · dir=— · 0=143.16 · Oz=— · Red=142.62584232 · manos=ON · pos=flat · latido=1.50s
[RANGO] autosello ZHIPU · ACECHANDO · Oz=0.0 link=— · manos_feria_informe.json
[2026-08-31 12:01:18] [TUSK] RECONCILIACIÓN: PURRUSDT_LINEAL: interno L:0.000000/S:0.000000 -> real L:3.200000/S:0.000000
[2026-08-31 12:01:18] [TUSK] RECONCILIACIÓN: BTCUSD_INVERSE: interno L:0.000000/S:0.000000 -> real L:0.000000/S:10.000000
[2026-08-31 12:01:18] [TUSK] RECONCILIACIÓN_FANTASMA: SAMSUNGUSDT_LINEAL existe interno pero no en exchange -> reseteando
[2026-08-31 12:01:18] [TUSK] RECONCILIACIÓN_OK: 3 frentes alineados con exchange
[RANGO] ZHIPUUSDT_LINEAL last=144.5 · río=WS · mercado=linear · estado=ACECHANDO · dir=— · 0=143.16 · Oz=— · Red=142.62584232 · manos=ON · pos=flat · latido=1.50s
[RANGO] ZHIPUUSDT_LINEAL last=144.55 · río=ciego/muleta · mercado=linear · estado=ACECHANDO · dir=— · 0=143.16 · Oz=— · Red=142.62584232 · manos=ON · pos=flat · latido=1.50s
[RANGO] autosello ZHIPU · ACECHANDO · Oz=0.0 link=— · manos_feria_informe.json
[RANGO] ZHIPUUSDT_LINEAL last=144.55 · río=ciego/muleta · mercado=linear · estado=ACECHANDO · dir=— · 0=143.16 · Oz=— · Red=142.62584232 · manos=ON · pos=flat · latido=1.50s
[RANGO] autosello ZHIPU · ACECHANDO · Oz=0.0 link=— · manos_feria_informe.json
[RANGO] ZHIPUUSDT_LINEAL last=144.55 · río=ciego/muleta · mercado=linear · estado=ACECHANDO · dir=— · 0=143.16 · Oz=— · Red=142.62584232 · manos=ON · pos=flat · latido=1.50s
[RANGO] autosello ZHIPU · ACECHANDO · Oz=0.0 link=— · manos_feria_informe.json
[RANGO] ZHIPUUSDT_LINEAL last=144.52 · río=WS · mercado=linear · estado=ACECHANDO · dir=— · 0=143.16 · Oz=— · Red=142.62584232 · manos=ON · pos=flat · latido=1.50s
[RANGO] ZHIPUUSDT_LINEAL last=144.55 · río=ciego/muleta · mercado=linear · estado=ACECHANDO · dir=— · 0=143.16 · Oz=— · Red=142.62584232 · manos=ON · pos=flat · latido=1.50s
[RANGO] autosello ZHIPU · ACECHANDO · Oz=0.0 link=— · manos_feria_informe.json
[2026-08-31 12:02:19] [TUSK] RECONCILIACIÓN_FANTASMA: BTCUSD_INVERSE existe interno pero no en exchange -> reseteando
[2026-08-31 12:02:19] [TUSK] RECONCILIACIÓN_OK: 1 frentes alineados con exchange
[RANGO] ZHIPUUSDT_LINEAL last=144.5 · río=WS · mercado=linear · estado=ACECHANDO · dir=— · 0=143.16 · Oz=— · Red=142.62584232 · manos=ON · pos=flat · latido=1.50s
[RANGO] autosello ZHIPU · ACECHANDO · Oz=0.0 link=— · manos_feria_informe.json
[RANGO] ZHIPUUSDT_LINEAL last=144.51 · río=WS · mercado=linear · estado=ACECHANDO · dir=— · 0=143.16 · Oz=— · Red=142.62584232 · manos=ON · pos=flat · latido=1.50s
[RANGO] ZHIPUUSDT_LINEAL last=144.55 · río=ciego/muleta · mercado=linear · estado=ACECHANDO · dir=— · 0=143.16 · Oz=— · Red=142.62584232 · manos=ON · pos=flat · latido=1.50s
[RANGO] autosello ZHIPU · ACECHANDO · Oz=0.0 link=— · manos_feria_informe.json
[RANGO] ZHIPUUSDT_LINEAL last=144.45 · río=WS · mercado=linear · estado=ACECHANDO · dir=— · 0=143.16 · Oz=— · Red=142.62584232 · manos=ON · pos=flat · latido=1.50s
[RANGO] autosello ZHIPU · ACECHANDO · Oz=0.0 link=— · manos_feria_informe.json
[RANGO] ZHIPUUSDT_LINEAL last=144.45 · río=WS · mercado=linear · estado=ACECHANDO · dir=— · 0=143.16 · Oz=— · Red=142.62584232 · manos=ON · pos=flat · latido=1.50s
[RANGO] ZHIPUUSDT_LINEAL last=144.55 · río=ciego/muleta · mercado=linear · estado=ACECHANDO · dir=— · 0=143.16 · Oz=— · Red=142.62584232 · manos=ON · pos=flat · latido=1.50s
[RANGO] autosello ZHIPU · ACECHANDO · Oz=0.0 link=— · manos_feria_informe.json
[2026-08-31 12:03:20] [TUSK] RECONCILIACIÓN: EULUSDT_LINEAL: interno L:81.900000/S:0.000000 -> real L:77.900000/S:0.000000
[2026-08-31 12:03:20] [TUSK] RECONCILIACIÓN: SAMSUNGUSDT_LINEAL: interno L:0.000000/S:0.000000 -> real L:0.000000/S:0.110000
[2026-08-31 12:03:20] [TUSK] RECONCILIACIÓN_FANTASMA: PURRUSDT_LINEAL existe interno pero no en exchange -> reseteando
[2026-08-31 12:03:20] [TUSK] RECONCILIACIÓN_OK: 3 frentes alineados con exchange
[RANGO] ZHIPUUSDT_LINEAL last=144.55 · río=ciego/muleta · mercado=linear · estado=ACECHANDO · dir=— · 0=143.16 · Oz=— · Red=142.62584232 · manos=ON · pos=flat · latido=1.50s
[RANGO] autosello ZHIPU · ACECHANDO · Oz=0.0 link=— · manos_feria_informe.json
[RANGO] ZHIPUUSDT_LINEAL last=144.56 · río=WS · mercado=linear · estado=ACECHANDO · dir=— · 0=143.16 · Oz=— · Red=142.62584232 · manos=ON · pos=flat · latido=1.50s
[RANGO] ZHIPUUSDT_LINEAL last=144.48 · río=WS · mercado=linear · estado=ACECHANDO · dir=— · 0=143.16 · Oz=— · Red=142.62584232 · manos=ON · pos=flat · latido=1.50s
[RANGO] autosello ZHIPU · ACECHANDO · Oz=0.0 link=— · manos_feria_informe.json
[RANGO] ZHIPUUSDT_LINEAL last=144.52 · río=WS · mercado=linear · estado=ACECHANDO · dir=— · 0=143.16 · Oz=— · Red=142.62584232 · manos=ON · pos=flat · latido=1.50s
[RANGO] autosello ZHIPU · ACECHANDO · Oz=0.0 link=— · manos_feria_informe.json
[RANGO] ZHIPUUSDT_LINEAL last=144.58 · río=WS · mercado=linear · estado=ACECHANDO · dir=— · 0=143.16 · Oz=— · Red=142.62584232 · manos=ON · pos=flat · latido=1.50s
[RANGO] ZHIPUUSDT_LINEAL last=144.58 · río=WS · mercado=linear · estado=ACECHANDO · dir=— · 0=143.16 · Oz=— · Red=142.62584232 · manos=ON · pos=flat · latido=1.50s
[RANGO] autosello ZHIPU · ACECHANDO · Oz=0.0 link=— · manos_feria_informe.json
[RANGO] ZHIPUUSDT_LINEAL last=144.51 · río=WS · mercado=linear · estado=ACECHANDO · dir=— · 0=143.16 · Oz=— · Red=142.62584232 · manos=ON · pos=flat · latido=1.50s
[RANGO] autosello ZHIPU · ACECHANDO · Oz=0.0 link=— · manos_feria_informe.json
[RANGO] ZHIPUUSDT_LINEAL last=144.57 · río=WS · mercado=linear · estado=ACECHANDO · dir=— · 0=143.16 · Oz=— · Red=142.62584232 · manos=ON · pos=flat · latido=1.50s
[RANGO] ZHIPUUSDT_LINEAL last=144.63 · río=ciego/muleta · mercado=linear · estado=ACECHANDO · dir=— · 0=143.16 · Oz=— · Red=142.62584232 · manos=ON · pos=flat · latido=1.50s
[RANGO] autosello ZHIPU · ACECHANDO · Oz=0.0 link=— · manos_feria_informe.json
[RANGO] ZHIPUUSDT_LINEAL last=144.63 · río=ciego/muleta · mercado=linear · estado=ACECHANDO · dir=— · 0=143.16 · Oz=— · Red=142.62584232 · manos=ON · pos=flat · latido=1.50s
[RANGO] autosello ZHIPU · ACECHANDO · Oz=0.0 link=— · manos_feria_informe.json
[RANGO] ZHIPUUSDT_LINEAL last=144.47 · río=WS · mercado=linear · estado=ACECHANDO · dir=— · 0=143.16 · Oz=— · Red=142.62584232 · manos=ON · pos=flat · latido=1.50s
[RANGO] ZHIPUUSDT_LINEAL last=144.63 · río=ciego/muleta · mercado=linear · estado=ACECHANDO · dir=— · 0=143.16 · Oz=— · Red=142.62584232 · manos=ON · pos=flat · latido=1.50s
[RANGO] autosello ZHIPU · ACECHANDO · Oz=0.0 link=— · manos_feria_informe.json
[RANGO] ZHIPUUSDT_LINEAL last=144.63 · río=ciego/muleta · mercado=linear · estado=ACECHANDO · dir=— · 0=143.16 · Oz=— · Red=142.62584232 · manos=ON · pos=flat · latido=1.50s
[RANGO] autosello ZHIPU · ACECHANDO · Oz=0.0 link=— · manos_feria_informe.json
[RANGO] ZHIPUUSDT_LINEAL last=144.56 · río=WS · mercado=linear · estado=ACECHANDO · dir=— · 0=143.16 · Oz=— · Red=142.62584232 · manos=ON · pos=flat · latido=1.50s
[RANGO] autosello ZHIPU · ACECHANDO · Oz=0.0 link=— · manos_feria_informe.json
[RANGO] ZHIPUUSDT_LINEAL last=144.57 · río=WS · mercado=linear · estado=ACECHANDO · dir=— · 0=143.16 · Oz=— · Red=142.62584232 · manos=ON · pos=flat · latido=1.50s
[RANGO] ZHIPUUSDT_LINEAL last=144.63 · río=ciego/muleta · mercado=linear · estado=ACECHANDO · dir=— · 0=143.16 · Oz=— · Red=142.62584232 · manos=ON · pos=flat · latido=1.50s
[RANGO] autosello ZHIPU · ACECHANDO · Oz=0.0 link=— · manos_feria_informe.json
[RANGO] ZHIPUUSDT_LINEAL last=144.57 · río=WS · mercado=linear · estado=ACECHANDO · dir=— · 0=143.16 · Oz=— · Red=142.62584232 · manos=ON · pos=flat · latido=1.50s
[RANGO] autosello ZHIPU · ACECHANDO · Oz=0.0 link=— · manos_feria_informe.json
[RANGO] ZHIPUUSDT_LINEAL last=144.47 · río=WS · mercado=linear · estado=ACECHANDO · dir=— · 0=143.16 · Oz=— · Red=142.62584232 · manos=ON · pos=flat · latido=1.50s
[RANGO] ZHIPUUSDT_LINEAL last=144.56 · río=WS · mercado=linear · estado=ACECHANDO · dir=— · 0=143.16 · Oz=— · Red=142.62584232 · manos=ON · pos=flat · latido=1.50s
[RANGO] autosello ZHIPU · ACECHANDO · Oz=0.0 link=— · manos_feria_informe.json
[RANGO] ZHIPUUSDT_LINEAL last=144.54 · río=WS · mercado=linear · estado=ACECHANDO · dir=— · 0=143.16 · Oz=— · Red=142.62584232 · manos=ON · pos=flat · latido=1.50s
[RANGO] autosello ZHIPU · ACECHANDO · Oz=0.0 link=— · manos_feria_informe.json
[RANGO] ZHIPUUSDT_LINEAL last=144.55 · río=WS · mercado=linear · estado=ACECHANDO · dir=— · 0=143.16 · Oz=— · Red=142.62584232 · manos=ON · pos=flat · latido=1.50s
[RANGO] ZHIPUUSDT_LINEAL last=144.63 · río=ciego/muleta · mercado=linear · estado=ACECHANDO · dir=— · 0=143.16 · Oz=— · Red=142.62584232 · manos=ON · pos=flat · latido=1.50s
[RANGO] autosello ZHIPU · ACECHANDO · Oz=0.0 link=— · manos_feria_informe.json
[RANGO] ZHIPUUSDT_LINEAL last=144.49 · río=WS · mercado=linear · estado=ACECHANDO · dir=— · 0=143.16 · Oz=— · Red=142.62584232 · manos=ON · pos=flat · latido=1.50s
[RANGO] autosello ZHIPU · ACECHANDO · Oz=0.0 link=— · manos_feria_informe.json
[RANGO] ZHIPUUSDT_LINEAL last=144.54 · río=WS · mercado=linear · estado=ACECHANDO · dir=— · 0=143.16 · Oz=— · Red=142.62584232 · manos=ON · pos=flat · latido=1.50s
[2026-08-31 12:07:25] [TUSK] RECONCILIACIÓN: USARUSDT_LINEAL: interno L:0.000000/S:0.000000 -> real L:0.900000/S:0.000000
[2026-08-31 12:07:25] [TUSK] RECONCILIACIÓN: DASHUSDT_LINEAL: interno L:0.000000/S:1.050000 -> real L:0.000000/S:1.160000
[2026-08-31 12:07:25] [TUSK] RECONCILIACIÓN_FANTASMA: SAMSUNGUSDT_LINEAL existe interno pero no en exchange -> reseteando
[2026-08-31 12:07:25] [TUSK] RECONCILIACIÓN_OK: 3 frentes alineados con exchange
[RANGO] ZHIPUUSDT_LINEAL last=144.63 · río=ciego/muleta · mercado=linear · estado=ACECHANDO · dir=— · 0=143.16 · Oz=— · Red=142.62584232 · manos=ON · pos=flat · latido=1.50s
[RANGO] autosello ZHIPU · ACECHANDO · Oz=0.0 link=— · manos_feria_informe.json
[RANGO] ZHIPUUSDT_LINEAL last=144.63 · río=ciego/muleta · mercado=linear · estado=ACECHANDO · dir=— · 0=143.16 · Oz=— · Red=142.62584232 · manos=ON · pos=flat · latido=1.50s
[RANGO] autosello ZHIPU · ACECHANDO · Oz=0.0 link=— · manos_feria_informe.json
[RANGO] ZHIPUUSDT_LINEAL last=144.63 · río=ciego/muleta · mercado=linear · estado=ACECHANDO · dir=— · 0=143.16 · Oz=— · Red=142.62584232 · manos=ON · pos=flat · latido=1.50s
[RANGO] autosello ZHIPU · ACECHANDO · Oz=0.0 link=— · manos_feria_informe.json
[RANGO] ZHIPUUSDT_LINEAL last=144.61 · río=WS · mercado=linear · estado=ACECHANDO · dir=— · 0=143.16 · Oz=— · Red=142.62584232 · manos=ON · pos=flat · latido=1.50s
[RANGO] ZHIPUUSDT_LINEAL last=144.63 · río=ciego/muleta · mercado=linear · estado=ACECHANDO · dir=— · 0=143.16 · Oz=— · Red=142.62584232 · manos=ON · pos=flat · latido=1.50s
[RANGO] autosello ZHIPU · ACECHANDO · Oz=0.0 link=— · manos_feria_informe.json
[RANGO] ZHIPUUSDT_LINEAL last=144.63 · río=ciego/muleta · mercado=linear · estado=ACECHANDO · dir=— · 0=143.16 · Oz=— · Red=142.62584232 · manos=ON · pos=flat · latido=1.50s
[RANGO] autosello ZHIPU · ACECHANDO · Oz=0.0 link=— · manos_feria_informe.json
[RANGO] ZHIPUUSDT_LINEAL last=144.63 · río=ciego/muleta · mercado=linear · estado=ACECHANDO · dir=— · 0=143.16 · Oz=— · Red=142.62584232 · manos=ON · pos=flat · latido=1.50s
[RANGO] ZHIPUUSDT_LINEAL last=144.63 · río=ciego/muleta · mercado=linear · estado=ACECHANDO · dir=— · 0=143.16 · Oz=— · Red=142.62584232 · manos=ON · pos=flat · latido=1.50s
[RANGO] autosello ZHIPU · ACECHANDO · Oz=0.0 link=— · manos_feria_informe.json
[RANGO] ZHIPUUSDT_LINEAL last=144.63 · río=ciego/muleta · mercado=linear · estado=ACECHANDO · dir=— · 0=143.16 · Oz=— · Red=142.62584232 · manos=ON · pos=flat · latido=1.50s
[RANGO] autosello ZHIPU · ACECHANDO · Oz=0.0 link=— · manos_feria_informe.json
[RANGO] ZHIPUUSDT_LINEAL last=144.63 · río=ciego/muleta · mercado=linear · estado=ACECHANDO · dir=— · 0=143.16 · Oz=— · Red=142.62584232 · manos=ON · pos=flat · latido=1.50s
[RANGO] autosello ZHIPU · ACECHANDO · Oz=0.0 link=— · manos_feria_informe.json
[RANGO] ZHIPUUSDT_LINEAL last=144.63 · río=ciego/muleta · mercado=linear · estado=ACECHANDO · dir=— · 0=143.16 · Oz=— · Red=142.62584232 · manos=ON · pos=flat · latido=1.50s
[2026-08-31 12:09:28] [TUSK] RECONCILIACIÓN: CHIPUSDT_LINEAL: interno L:520.000000/S:0.000000 -> real L:680.000000/S:0.000000
[2026-08-31 12:09:28] [TUSK] RECONCILIACIÓN: EULUSDT_LINEAL: interno L:77.900000/S:0.000000 -> real L:73.900000/S:0.000000
[2026-08-31 12:09:28] [TUSK] RECONCILIACIÓN_OK: 2 frentes alineados con exchange
[RANGO] ZHIPUUSDT_LINEAL last=144.63 · río=ciego/muleta · mercado=linear · estado=ACECHANDO · dir=— · 0=143.16 · Oz=— · Red=142.62584232 · manos=ON · pos=flat · latido=1.50s
[RANGO] autosello ZHIPU · ACECHANDO · Oz=0.0 link=— · manos_feria_informe.json
[RANGO] ZHIPUUSDT_LINEAL last=144.63 · río=ciego/muleta · mercado=linear · estado=ACECHANDO · dir=— · 0=143.16 · Oz=— · Red=142.62584232 · manos=ON · pos=flat · latido=1.50s
[RANGO] autosello ZHIPU · ACECHANDO · Oz=0.0 link=— · manos_feria_informe.json
[RANGO] ZHIPUUSDT_LINEAL last=144.54 · río=WS · mercado=linear · estado=ACECHANDO · dir=— · 0=143.16 · Oz=— · Red=142.62584232 · manos=ON · pos=flat · latido=1.50s
[RANGO] autosello ZHIPU · ACECHANDO · Oz=0.0 link=— · manos_feria_informe.json
[RANGO] ZHIPUUSDT_LINEAL last=144.48 · río=WS · mercado=linear · estado=ACECHANDO · dir=— · 0=143.16 · Oz=— · Red=142.62584232 · manos=ON · pos=flat · latido=1.50s
[RANGO] ZHIPUUSDT_LINEAL last=144.63 · río=ciego/muleta · mercado=linear · estado=ACECHANDO · dir=— · 0=143.16 · Oz=— · Red=142.62584232 · manos=ON · pos=flat · latido=1.50s
[RANGO] autosello ZHIPU · ACECHANDO · Oz=0.0 link=— · manos_feria_informe.json
[RANGO] ZHIPUUSDT_LINEAL last=144.63 · río=ciego/muleta · mercado=linear · estado=ACECHANDO · dir=— · 0=143.16 · Oz=— · Red=142.62584232 · manos=ON · pos=flat · latido=1.50s
[2026-08-31 12:10:29] [TUSK] RECONCILIACIÓN: POWERUSDT_LINEAL: interno L:0.000000/S:189.000000 -> real L:0.000000/S:129.000000
[2026-08-31 12:10:29] [TUSK] RECONCILIACIÓN_OK: 1 frentes alineados con exchange
[RANGO] autosello ZHIPU · ACECHANDO · Oz=0.0 link=— · manos_feria_informe.json
[RANGO] ZHIPUUSDT_LINEAL last=144.63 · río=ciego/muleta · mercado=linear · estado=ACECHANDO · dir=— · 0=143.16 · Oz=— · Red=142.62584232 · manos=ON · pos=flat · latido=1.50s
[RANGO] ZHIPUUSDT_LINEAL last=144.53 · río=WS · mercado=linear · estado=ACECHANDO · dir=— · 0=143.16 · Oz=— · Red=142.62584232 · manos=ON · pos=flat · latido=1.50s
[RANGO] autosello ZHIPU · ACECHANDO · Oz=0.0 link=— · manos_feria_informe.json
[RANGO] ZHIPUUSDT_LINEAL last=144.63 · río=ciego/muleta · mercado=linear · estado=ACECHANDO · dir=— · 0=143.16 · Oz=— · Red=142.62584232 · manos=ON · pos=flat · latido=1.50s
[RANGO] autosello ZHIPU · ACECHANDO · Oz=0.0 link=— · manos_feria_informe.json
[RANGO] ZHIPUUSDT_LINEAL last=144.52 · río=WS · mercado=linear · estado=ACECHANDO · dir=— · 0=143.16 · Oz=— · Red=142.62584232 · manos=ON · pos=flat · latido=1.50s
[RANGO] ZHIPUUSDT_LINEAL last=144.51 · río=WS · mercado=linear · estado=ACECHANDO · dir=— · 0=143.16 · Oz=— · Red=142.62584232 · manos=ON · pos=flat · latido=1.50s
[RANGO] autosello ZHIPU · ACECHANDO · Oz=0.0 link=— · manos_feria_informe.json
[RANGO] ZHIPUUSDT_LINEAL last=144.52 · río=WS · mercado=linear · estado=ACECHANDO · dir=— · 0=143.16 · Oz=— · Red=142.62584232 · manos=ON · pos=flat · latido=1.50s
[RANGO] autosello ZHIPU · ACECHANDO · Oz=0.0 link=— · manos_feria_informe.json
[RANGO] ZHIPUUSDT_LINEAL last=144.63 · río=ciego/muleta · mercado=linear · estado=ACECHANDO · dir=— · 0=143.16 · Oz=— · Red=142.62584232 · manos=ON · pos=flat · latido=1.50s
[RANGO] ZHIPUUSDT_LINEAL last=144.63 · río=ciego/muleta · mercado=linear · estado=ACECHANDO · dir=— · 0=143.16 · Oz=— · Red=142.62584232 · manos=ON · pos=flat · latido=1.50s
[RANGO] autosello ZHIPU · ACECHANDO · Oz=0.0 link=— · manos_feria_informe.json
[RANGO] ZHIPUUSDT_LINEAL last=144.51 · río=WS · mercado=linear · estado=ACECHANDO · dir=— · 0=143.16 · Oz=— · Red=142.62584232 · manos=ON · pos=flat · latido=1.50s
[RANGO] autosello ZHIPU · ACECHANDO · Oz=0.0 link=— · manos_feria_informe.json
[RANGO] ZHIPUUSDT_LINEAL last=144.37 · río=WS · mercado=linear · estado=ACECHANDO · dir=— · 0=143.16 · Oz=— · Red=142.62584232 · manos=ON · pos=flat · latido=1.50s
[RANGO] ZHIPUUSDT_LINEAL last=144.47 · río=ciego/muleta · mercado=linear · estado=ACECHANDO · dir=— · 0=143.16 · Oz=— · Red=142.62584232 · manos=ON · pos=flat · latido=1.50s
[RANGO] autosello ZHIPU · ACECHANDO · Oz=0.0 link=— · manos_feria_informe.json
[RANGO] ZHIPUUSDT_LINEAL last=144.47 · río=ciego/muleta · mercado=linear · estado=ACECHANDO · dir=— · 0=143.16 · Oz=— · Red=142.62584232 · manos=ON · pos=flat · latido=1.50s
[RANGO] autosello ZHIPU · ACECHANDO · Oz=0.0 link=— · manos_feria_informe.json
[RANGO] ZHIPUUSDT_LINEAL last=144.48 · río=WS · mercado=linear · estado=ACECHANDO · dir=— · 0=143.16 · Oz=— · Red=142.62584232 · manos=ON · pos=flat · latido=1.50s
[RANGO] ZHIPUUSDT_LINEAL last=144.39 · río=WS · mercado=linear · estado=ACECHANDO · dir=— · 0=143.16 · Oz=— · Red=142.62584232 · manos=ON · pos=flat · latido=1.50s
[RANGO] autosello ZHIPU · ACECHANDO · Oz=0.0 link=— · manos_feria_informe.json
[RANGO] ZHIPUUSDT_LINEAL last=144.47 · río=ciego/muleta · mercado=linear · estado=ACECHANDO · dir=— · 0=143.16 · Oz=— · Red=142.62584232 · manos=ON · pos=flat · latido=1.50s
[RANGO] autosello ZHIPU · ACECHANDO · Oz=0.0 link=— · manos_feria_informe.json
[RANGO] ZHIPUUSDT_LINEAL last=144.47 · río=ciego/muleta · mercado=linear · estado=ACECHANDO · dir=— · 0=143.16 · Oz=— · Red=142.62584232 · manos=ON · pos=flat · latido=1.50s
[RANGO] autosello ZHIPU · ACECHANDO · Oz=0.0 link=— · manos_feria_informe.json
[RANGO] ZHIPUUSDT_LINEAL last=144.46 · río=WS · mercado=linear · estado=ACECHANDO · dir=— · 0=143.16 · Oz=— · Red=142.62584232 · manos=ON · pos=flat · latido=1.50s
[RANGO] ZHIPUUSDT_LINEAL last=144.47 · río=ciego/muleta · mercado=linear · estado=ACECHANDO · dir=— · 0=143.16 · Oz=— · Red=142.62584232 · manos=ON · pos=flat · latido=1.50s
[RANGO] autosello ZHIPU · ACECHANDO · Oz=0.0 link=— · manos_feria_informe.json
[RANGO] ZHIPUUSDT_LINEAL last=144.52 · río=ciego/muleta · mercado=linear · estado=ACECHANDO · dir=— · 0=143.16 · Oz=— · Red=142.62584232 · manos=ON · pos=flat · latido=1.50s
[RANGO] autosello ZHIPU · ACECHANDO · Oz=0.0 link=— · manos_feria_informe.json
[RANGO] ZHIPUUSDT_LINEAL last=144.41 · río=WS · mercado=linear · estado=ACECHANDO · dir=— · 0=143.16 · Oz=— · Red=142.62584232 · manos=ON · pos=flat · latido=1.50s
[RANGO] ZHIPUUSDT_LINEAL last=144.43 · río=WS · mercado=linear · estado=ACECHANDO · dir=— · 0=143.16 · Oz=— · Red=142.62584232 · manos=ON · pos=flat · latido=1.50s
[RANGO] autosello ZHIPU · ACECHANDO · Oz=0.0 link=— · manos_feria_informe.json
[RANGO] ZHIPUUSDT_LINEAL last=144.43 · río=WS · mercado=linear · estado=ACECHANDO · dir=— · 0=143.16 · Oz=— · Red=142.62584232 · manos=ON · pos=flat · latido=1.50s
[RANGO] autosello ZHIPU · ACECHANDO · Oz=0.0 link=— · manos_feria_informe.json
[RANGO] ZHIPUUSDT_LINEAL last=144.42 · río=WS · mercado=linear · estado=ACECHANDO · dir=— · 0=143.16 · Oz=— · Red=142.62584232 · manos=ON · pos=flat · latido=1.50s
[RANGO] ZHIPUUSDT_LINEAL last=144.52 · río=ciego/muleta · mercado=linear · estado=ACECHANDO · dir=— · 0=143.16 · Oz=— · Red=142.62584232 · manos=ON · pos=flat · latido=1.50s
[RANGO] autosello ZHIPU · ACECHANDO · Oz=0.0 link=— · manos_feria_informe.json
[RANGO] ZHIPUUSDT_LINEAL last=144.37 · río=WS · mercado=linear · estado=ACECHANDO · dir=— · 0=143.16 · Oz=— · Red=142.62584232 · manos=ON · pos=flat · latido=1.50s
[RANGO] autosello ZHIPU · ACECHANDO · Oz=0.0 link=— · manos_feria_informe.json
[RANGO] ZHIPUUSDT_LINEAL last=144.37 · río=WS · mercado=linear · estado=ACECHANDO · dir=— · 0=143.16 · Oz=— · Red=142.62584232 · manos=ON · pos=flat · latido=1.50s
[RANGO] ZHIPUUSDT_LINEAL last=144.33 · río=WS · mercado=linear · estado=ACECHANDO · dir=— · 0=143.16 · Oz=— · Red=142.62584232 · manos=ON · pos=flat · latido=1.50s
[RANGO] autosello ZHIPU · ACECHANDO · Oz=0.0 link=— · manos_feria_informe.json
[RANGO] ZHIPUUSDT_LINEAL last=144.45 · río=WS · mercado=linear · estado=ACECHANDO · dir=— · 0=143.16 · Oz=— · Red=142.62584232 · manos=ON · pos=flat · latido=1.50s
[RANGO] autosello ZHIPU · ACECHANDO · Oz=0.0 link=— · manos_feria_informe.json
[RANGO] ZHIPUUSDT_LINEAL last=144.36 · río=WS · mercado=linear · estado=ACECHANDO · dir=— · 0=143.16 · Oz=— · Red=142.62584232 · manos=ON · pos=flat · latido=1.50s
[RANGO] ZHIPUUSDT_LINEAL last=144.38 · río=WS · mercado=linear · estado=ACECHANDO · dir=— · 0=143.16 · Oz=— · Red=142.62584232 · manos=ON · pos=flat · latido=1.50s
[RANGO] autosello ZHIPU · ACECHANDO · Oz=0.0 link=— · manos_feria_informe.json
[2026-08-31 12:15:36] [TUSK] RECONCILIACIÓN: ZKPUSDT_LINEAL: interno L:0.000000/S:0.000000 -> real L:1496.000000/S:0.000000
[2026-08-31 12:15:36] [TUSK] RECONCILIACIÓN_FANTASMA: ARCUSDT_LINEAL existe interno pero no en exchange -> reseteando
[2026-08-31 12:15:36] [TUSK] RECONCILIACIÓN_OK: 2 frentes alineados con exchange
[RANGO] ZHIPUUSDT_LINEAL last=144.52 · río=ciego/muleta · mercado=linear · estado=ACECHANDO · dir=— · 0=143.16 · Oz=— · Red=142.62584232 · manos=ON · pos=flat · latido=1.50s
[RANGO] autosello ZHIPU · ACECHANDO · Oz=0.0 link=— · manos_feria_informe.json
[RANGO] ZHIPUUSDT_LINEAL last=144.52 · río=ciego/muleta · mercado=linear · estado=ACECHANDO · dir=— · 0=143.16 · Oz=— · Red=142.62584232 · manos=ON · pos=flat · latido=1.50s
[RANGO] ZHIPUUSDT_LINEAL last=144.44 · río=WS · mercado=linear · estado=ACECHANDO · dir=— · 0=143.16 · Oz=— · Red=142.62584232 · manos=ON · pos=flat · latido=1.50s
[RANGO] autosello ZHIPU · ACECHANDO · Oz=0.0 link=— · manos_feria_informe.json
[RANGO] ZHIPUUSDT_LINEAL last=144.33 · río=WS · mercado=linear · estado=ACECHANDO · dir=— · 0=143.16 · Oz=— · Red=142.62584232 · manos=ON · pos=flat · latido=1.50s
[RANGO] autosello ZHIPU · ACECHANDO · Oz=0.0 link=— · manos_feria_informe.json
[RANGO] ZHIPUUSDT_LINEAL last=144.36 · río=WS · mercado=linear · estado=ACECHANDO · dir=— · 0=143.16 · Oz=— · Red=142.62584232 · manos=ON · pos=flat · latido=1.50s
[RANGO] ZHIPUUSDT_LINEAL last=144.52 · río=ciego/muleta · mercado=linear · estado=ACECHANDO · dir=— · 0=143.16 · Oz=— · Red=142.62584232 · manos=ON · pos=flat · latido=1.50s
[RANGO] autosello ZHIPU · ACECHANDO · Oz=0.0 link=— · manos_feria_informe.json
[RANGO] ZHIPUUSDT_LINEAL last=144.52 · río=ciego/muleta · mercado=linear · estado=ACECHANDO · dir=— · 0=143.16 · Oz=— · Red=142.62584232 · manos=ON · pos=flat · latido=1.50s
[RANGO] autosello ZHIPU · ACECHANDO · Oz=0.0 link=— · manos_feria_informe.json
[RANGO] ZHIPUUSDT_LINEAL last=144.42 · río=WS · mercado=linear · estado=ACECHANDO · dir=— · 0=143.16 · Oz=— · Red=142.62584232 · manos=ON · pos=flat · latido=1.50s
[RANGO] autosello ZHIPU · ACECHANDO · Oz=0.0 link=— · manos_feria_informe.json
[RANGO] ZHIPUUSDT_LINEAL last=144.29 · río=WS · mercado=linear · estado=ACECHANDO · dir=— · 0=143.16 · Oz=— · Red=142.62584232 · manos=ON · pos=flat · latido=1.50s
[RANGO] ZHIPUUSDT_LINEAL last=144.35 · río=WS · mercado=linear · estado=ACECHANDO · dir=— · 0=143.16 · Oz=— · Red=142.62584232 · manos=ON · pos=flat · latido=1.50s
[RANGO] autosello ZHIPU · ACECHANDO · Oz=0.0 link=— · manos_feria_informe.json
[RANGO] ZHIPUUSDT_LINEAL last=144.25 · río=WS · mercado=linear · estado=ACECHANDO · dir=— · 0=143.16 · Oz=— · Red=142.62584232 · manos=ON · pos=flat · latido=1.50s
[RANGO] autosello ZHIPU · ACECHANDO · Oz=0.0 link=— · manos_feria_informe.json
[RANGO] ZHIPUUSDT_LINEAL last=144.39 · río=WS · mercado=linear · estado=ACECHANDO · dir=— · 0=143.16 · Oz=— · Red=142.62584232 · manos=ON · pos=flat · latido=1.50s
[RANGO] ZHIPUUSDT_LINEAL last=144.38 · río=WS · mercado=linear · estado=ACECHANDO · dir=— · 0=143.16 · Oz=— · Red=142.62584232 · manos=ON · pos=flat · latido=1.50s
[RANGO] autosello ZHIPU · ACECHANDO · Oz=0.0 link=— · manos_feria_informe.json
[RANGO] ZHIPUUSDT_LINEAL last=144.52 · río=ciego/muleta · mercado=linear · estado=ACECHANDO · dir=— · 0=143.16 · Oz=— · Red=142.62584232 · manos=ON · pos=flat · latido=1.50s
[RANGO] autosello ZHIPU · ACECHANDO · Oz=0.0 link=— · manos_feria_informe.json
[RANGO] ZHIPUUSDT_LINEAL last=144.33 · río=WS · mercado=linear · estado=ACECHANDO · dir=— · 0=143.16 · Oz=— · Red=142.62584232 · manos=ON · pos=flat · latido=1.50s
[RANGO] ZHIPUUSDT_LINEAL last=144.32 · río=WS · mercado=linear · estado=ACECHANDO · dir=— · 0=143.16 · Oz=— · Red=142.62584232 · manos=ON · pos=flat · latido=1.50s
[RANGO] autosello ZHIPU · ACECHANDO · Oz=0.0 link=— · manos_feria_informe.json
[RANGO] ZHIPUUSDT_LINEAL last=144.23 · río=WS · mercado=linear · estado=ACECHANDO · dir=— · 0=143.16 · Oz=— · Red=142.62584232 · manos=ON · pos=flat · latido=1.50s
[RANGO] autosello ZHIPU · ACECHANDO · Oz=0.0 link=— · manos_feria_informe.json
[RANGO] ZHIPUUSDT_LINEAL last=144.23 · río=WS · mercado=linear · estado=ACECHANDO · dir=— · 0=143.16 · Oz=— · Red=142.62584232 · manos=ON · pos=flat · latido=1.50s
[2026-08-31 12:18:40] [TUSK] RECONCILIACIÓN: CFGUSDT_LINEAL: interno L:0.000000/S:0.000000 -> real L:1266.000000/S:0.000000
[2026-08-31 12:18:40] [TUSK] RECONCILIACIÓN_FANTASMA: LITUSDT_LINEAL existe interno pero no en exchange -> reseteando
[2026-08-31 12:18:40] [TUSK] RECONCILIACIÓN_OK: 2 frentes alineados con exchange
[RANGO] ZHIPUUSDT_LINEAL last=144.29 · río=ciego/muleta · mercado=linear · estado=ACECHANDO · dir=— · 0=143.16 · Oz=— · Red=142.62584232 · manos=ON · pos=flat · latido=1.50s
[RANGO] autosello ZHIPU · ACECHANDO · Oz=0.0 link=— · manos_feria_informe.json
[RANGO] ZHIPUUSDT_LINEAL last=144.26 · río=WS · mercado=linear · estado=ACECHANDO · dir=— · 0=143.16 · Oz=— · Red=142.62584232 · manos=ON · pos=flat · latido=1.50s
[RANGO] autosello ZHIPU · ACECHANDO · Oz=0.0 link=— · manos_feria_informe.json
[RANGO] ZHIPUUSDT_LINEAL last=144.29 · río=ciego/muleta · mercado=linear · estado=ACECHANDO · dir=— · 0=143.16 · Oz=— · Red=142.62584232 · manos=ON · pos=flat · latido=1.50s
[RANGO] ZHIPUUSDT_LINEAL last=144.27 · río=WS · mercado=linear · estado=ACECHANDO · dir=— · 0=143.16 · Oz=— · Red=142.62584232 · manos=ON · pos=flat · latido=1.50s
[RANGO] autosello ZHIPU · ACECHANDO · Oz=0.0 link=— · manos_feria_informe.json
[RANGO] ZHIPUUSDT_LINEAL last=144.29 · río=ciego/muleta · mercado=linear · estado=ACECHANDO · dir=— · 0=143.16 · Oz=— · Red=142.62584232 · manos=ON · pos=flat · latido=1.50s
[RANGO] autosello ZHIPU · ACECHANDO · Oz=0.0 link=— · manos_feria_informe.json
[RANGO] ZHIPUUSDT_LINEAL last=144.29 · río=ciego/muleta · mercado=linear · estado=ACECHANDO · dir=— · 0=143.16 · Oz=— · Red=142.62584232 · manos=ON · pos=flat · latido=1.50s
[RANGO] autosello ZHIPU · ACECHANDO · Oz=0.0 link=— · manos_feria_informe.json
[RANGO] ZHIPUUSDT_LINEAL last=144.24 · río=WS · mercado=linear · estado=ACECHANDO · dir=— · 0=143.16 · Oz=— · Red=142.62584232 · manos=ON · pos=flat · latido=1.50s
[RANGO] ZHIPUUSDT_LINEAL last=144.29 · río=ciego/muleta · mercado=linear · estado=ACECHANDO · dir=— · 0=143.16 · Oz=— · Red=142.62584232 · manos=ON · pos=flat · latido=1.50s
[RANGO] autosello ZHIPU · ACECHANDO · Oz=0.0 link=— · manos_feria_informe.json
[RANGO] ZHIPUUSDT_LINEAL last=144.29 · río=ciego/muleta · mercado=linear · estado=ACECHANDO · dir=— · 0=143.16 · Oz=— · Red=142.62584232 · manos=ON · pos=flat · latido=1.50s
[RANGO] autosello ZHIPU · ACECHANDO · Oz=0.0 link=— · manos_feria_informe.json
[RANGO] ZHIPUUSDT_LINEAL last=144.26 · río=WS · mercado=linear · estado=ACECHANDO · dir=— · 0=143.16 · Oz=— · Red=142.62584232 · manos=ON · pos=flat · latido=1.50s
[RANGO] ZHIPUUSDT_LINEAL last=144.29 · río=ciego/muleta · mercado=linear · estado=ACECHANDO · dir=— · 0=143.16 · Oz=— · Red=142.62584232 · manos=ON · pos=flat · latido=1.50s
[RANGO] autosello ZHIPU · ACECHANDO · Oz=0.0 link=— · manos_feria_informe.json
[RANGO] ZHIPUUSDT_LINEAL last=144.29 · río=ciego/muleta · mercado=linear · estado=ACECHANDO · dir=— · 0=143.16 · Oz=— · Red=142.62584232 · manos=ON · pos=flat · latido=1.50s
[RANGO] autosello ZHIPU · ACECHANDO · Oz=0.0 link=— · manos_feria_informe.json
[RANGO] ZHIPUUSDT_LINEAL last=144.3 · río=WS · mercado=linear · estado=ACECHANDO · dir=— · 0=143.16 · Oz=— · Red=142.62584232 · manos=ON · pos=flat · latido=1.50s
[RANGO] ZHIPUUSDT_LINEAL last=144.26 · río=WS · mercado=linear · estado=ACECHANDO · dir=— · 0=143.16 · Oz=— · Red=142.62584232 · manos=ON · pos=flat · latido=1.50s
[RANGO] autosello ZHIPU · ACECHANDO · Oz=0.0 link=— · manos_feria_informe.json
[RANGO] ZHIPUUSDT_LINEAL last=144.29 · río=ciego/muleta · mercado=linear · estado=ACECHANDO · dir=— · 0=143.16 · Oz=— · Red=142.62584232 · manos=ON · pos=flat · latido=1.50s
[RANGO] autosello ZHIPU · ACECHANDO · Oz=0.0 link=— · manos_feria_informe.json
[RANGO] ZHIPUUSDT_LINEAL last=144.29 · río=ciego/muleta · mercado=linear · estado=ACECHANDO · dir=— · 0=143.16 · Oz=— · Red=142.62584232 · manos=ON · pos=flat · latido=1.50s
[RANGO] autosello ZHIPU · ACECHANDO · Oz=0.0 link=— · manos_feria_informe.json
[RANGO] ZHIPUUSDT_LINEAL last=144.29 · río=ciego/muleta · mercado=linear · estado=ACECHANDO · dir=— · 0=143.16 · Oz=— · Red=142.62584232 · manos=ON · pos=flat · latido=1.50s
[2026-08-31 12:21:43] [TUSK] RECONCILIACIÓN: CVXUSDT_LINEAL: interno L:0.000000/S:0.000000 -> real L:28.700000/S:0.000000
[2026-08-31 12:21:43] [TUSK] RECONCILIACIÓN_FANTASMA: XANUSDT_LINEAL existe interno pero no en exchange -> reseteando
[2026-08-31 12:21:43] [TUSK] RECONCILIACIÓN_OK: 2 frentes alineados con exchange
[RANGO] ZHIPUUSDT_LINEAL last=144.23 · río=WS · mercado=linear · estado=ACECHANDO · dir=— · 0=143.16 · Oz=— · Red=142.62584232 · manos=ON · pos=flat · latido=1.50s
[RANGO] autosello ZHIPU · ACECHANDO · Oz=0.0 link=— · manos_feria_informe.json
[RANGO] ZHIPUUSDT_LINEAL last=144.31 · río=WS · mercado=linear · estado=ACECHANDO · dir=— · 0=143.16 · Oz=— · Red=142.62584232 · manos=ON · pos=flat · latido=1.50s
[RANGO] autosello ZHIPU · ACECHANDO · Oz=0.0 link=— · manos_feria_informe.json
[RANGO] ZHIPUUSDT_LINEAL last=144.31 · río=WS · mercado=linear · estado=ACECHANDO · dir=— · 0=143.16 · Oz=— · Red=142.62584232 · manos=ON · pos=flat · latido=1.50s
[RANGO] ZHIPUUSDT_LINEAL last=144.56 · río=ciego/muleta · mercado=linear · estado=ACECHANDO · dir=— · 0=143.16 · Oz=— · Red=142.62584232 · manos=ON · pos=flat · latido=1.50s
[RANGO] autosello ZHIPU · ACECHANDO · Oz=0.0 link=— · manos_feria_informe.json
[RANGO] ZHIPUUSDT_LINEAL last=144.56 · río=ciego/muleta · mercado=linear · estado=ACECHANDO · dir=— · 0=143.16 · Oz=— · Red=142.62584232 · manos=ON · pos=flat · latido=1.50s
[RANGO] autosello ZHIPU · ACECHANDO · Oz=0.0 link=— · manos_feria_informe.json
[RANGO] ZHIPUUSDT_LINEAL last=144.56 · río=ciego/muleta · mercado=linear · estado=ACECHANDO · dir=— · 0=143.16 · Oz=— · Red=142.62584232 · manos=ON · pos=flat · latido=1.50s
[2026-08-31 12:22:44] [TUSK] RECONCILIACIÓN: XANUSDT_LINEAL: interno L:0.000000/S:0.000000 -> real L:203.000000/S:0.000000
[2026-08-31 12:22:44] [TUSK] RECONCILIACIÓN_FANTASMA: CRDOUSDT_LINEAL existe interno pero no en exchange -> reseteando
[2026-08-31 12:22:45] [TUSK] RECONCILIACIÓN_OK: 2 frentes alineados con exchange
[RANGO] ZHIPUUSDT_LINEAL last=144.56 · río=ciego/muleta · mercado=linear · estado=ACECHANDO · dir=— · 0=143.16 · Oz=— · Red=142.62584232 · manos=ON · pos=flat · latido=1.50s
[RANGO] autosello ZHIPU · ACECHANDO · Oz=0.0 link=— · manos_feria_informe.json
[RANGO] ZHIPUUSDT_LINEAL last=144.33 · río=WS · mercado=linear · estado=ACECHANDO · dir=— · 0=143.16 · Oz=— · Red=142.62584232 · manos=ON · pos=flat · latido=1.50s
[RANGO] autosello ZHIPU · ACECHANDO · Oz=0.0 link=— · manos_feria_informe.json
[RANGO] ZHIPUUSDT_LINEAL last=144.33 · río=WS · mercado=linear · estado=ACECHANDO · dir=— · 0=143.16 · Oz=— · Red=142.62584232 · manos=ON · pos=flat · latido=1.50s
[RANGO] ZHIPUUSDT_LINEAL last=144.34 · río=WS · mercado=linear · estado=ACECHANDO · dir=— · 0=143.16 · Oz=— · Red=142.62584232 · manos=ON · pos=flat · latido=1.50s
[RANGO] autosello ZHIPU · ACECHANDO · Oz=0.0 link=— · manos_feria_informe.json
[RANGO] ZHIPUUSDT_LINEAL last=144.56 · río=ciego/muleta · mercado=linear · estado=ACECHANDO · dir=— · 0=143.16 · Oz=— · Red=142.62584232 · manos=ON · pos=flat · latido=1.50s
[RANGO] autosello ZHIPU · ACECHANDO · Oz=0.0 link=— · manos_feria_informe.json
[RANGO] ZHIPUUSDT_LINEAL last=144.56 · río=ciego/muleta · mercado=linear · estado=ACECHANDO · dir=— · 0=143.16 · Oz=— · Red=142.62584232 · manos=ON · pos=flat · latido=1.50s
[2026-08-31 12:23:46] [TUSK] RECONCILIACIÓN: LTCUSD_INVERSE: interno L:234.000000/S:0.000000 -> real L:229.000000/S:0.000000
[2026-08-31 12:23:46] [TUSK] RECONCILIACIÓN_OK: 1 frentes alineados con exchange
[RANGO] ZHIPUUSDT_LINEAL last=144.35 · río=WS · mercado=linear · estado=ACECHANDO · dir=— · 0=143.16 · Oz=— · Red=142.62584232 · manos=ON · pos=flat · latido=1.50s
[RANGO] autosello ZHIPU · ACECHANDO · Oz=0.0 link=— · manos_feria_informe.json
[RANGO] ZHIPUUSDT_LINEAL last=144.29 · río=WS · mercado=linear · estado=ACECHANDO · dir=— · 0=143.16 · Oz=— · Red=142.62584232 · manos=ON · pos=flat · latido=1.50s
[RANGO] autosello ZHIPU · ACECHANDO · Oz=0.0 link=— · manos_feria_informe.json
[RANGO] ZHIPUUSDT_LINEAL last=144.56 · río=ciego/muleta · mercado=linear · estado=ACECHANDO · dir=— · 0=143.16 · Oz=— · Red=142.62584232 · manos=ON · pos=flat · latido=1.50s
[RANGO] autosello ZHIPU · ACECHANDO · Oz=0.0 link=— · manos_feria_informe.json
[RANGO] ZHIPUUSDT_LINEAL last=144.56 · río=ciego/muleta · mercado=linear · estado=ACECHANDO · dir=— · 0=143.16 · Oz=— · Red=142.62584232 · manos=ON · pos=flat · latido=1.50s
[RANGO] ZHIPUUSDT_LINEAL last=144.42 · río=WS · mercado=linear · estado=ACECHANDO · dir=— · 0=143.16 · Oz=— · Red=142.62584232 · manos=ON · pos=flat · latido=1.50s
[RANGO] autosello ZHIPU · ACECHANDO · Oz=0.0 link=— · manos_feria_informe.json
[RANGO] ZHIPUUSDT_LINEAL last=144.56 · río=ciego/muleta · mercado=linear · estado=ACECHANDO · dir=— · 0=143.16 · Oz=— · Red=142.62584232 · manos=ON · pos=flat · latido=1.50s
[RANGO] autosello ZHIPU · ACECHANDO · Oz=0.0 link=— · manos_feria_informe.json
[RANGO] ZHIPUUSDT_LINEAL last=144.38 · río=WS · mercado=linear · estado=ACECHANDO · dir=— · 0=143.16 · Oz=— · Red=142.62584232 · manos=ON · pos=flat · latido=1.50s
[RANGO] ZHIPUUSDT_LINEAL last=144.39 · río=WS · mercado=linear · estado=ACECHANDO · dir=— · 0=143.16 · Oz=— · Red=142.62584232 · manos=ON · pos=flat · latido=1.50s
[RANGO] autosello ZHIPU · ACECHANDO · Oz=0.0 link=— · manos_feria_informe.json
[RANGO] ZHIPUUSDT_LINEAL last=144.56 · río=ciego/muleta · mercado=linear · estado=ACECHANDO · dir=— · 0=143.16 · Oz=— · Red=142.62584232 · manos=ON · pos=flat · latido=1.50s
[RANGO] autosello ZHIPU · ACECHANDO · Oz=0.0 link=— · manos_feria_informe.json
[RANGO] ZHIPUUSDT_LINEAL last=144.56 · río=ciego/muleta · mercado=linear · estado=ACECHANDO · dir=— · 0=143.16 · Oz=— · Red=142.62584232 · manos=ON · pos=flat · latido=1.50s
[RANGO] ZHIPUUSDT_LINEAL last=144.56 · río=ciego/muleta · mercado=linear · estado=ACECHANDO · dir=— · 0=143.16 · Oz=— · Red=142.62584232 · manos=ON · pos=flat · latido=1.50s
[RANGO] autosello ZHIPU · ACECHANDO · Oz=0.0 link=— · manos_feria_informe.json
[RANGO] ZHIPUUSDT_LINEAL last=144.56 · río=ciego/muleta · mercado=linear · estado=ACECHANDO · dir=— · 0=143.16 · Oz=— · Red=142.62584232 · manos=ON · pos=flat · latido=1.50s
[2026-08-31 12:25:49] [TUSK] RECONCILIACIÓN: ROBOUSDT_LINEAL: interno L:0.000000/S:0.000000 -> real L:3800.000000/S:0.000000
[2026-08-31 12:25:49] [TUSK] RECONCILIACIÓN_FANTASMA: UBUSDT_LINEAL existe interno pero no en exchange -> reseteando
[2026-08-31 12:25:49] [TUSK] RECONCILIACIÓN_OK: 2 frentes alineados con exchange
[RANGO] autosello ZHIPU · ACECHANDO · Oz=0.0 link=— · manos_feria_informe.json
[RANGO] ZHIPUUSDT_LINEAL last=144.56 · río=ciego/muleta · mercado=linear · estado=ACECHANDO · dir=— · 0=143.16 · Oz=— · Red=142.62584232 · manos=ON · pos=flat · latido=1.50s
[RANGO] autosello ZHIPU · ACECHANDO · Oz=0.0 link=— · manos_feria_informe.json
[RANGO] ZHIPUUSDT_LINEAL last=144.56 · río=ciego/muleta · mercado=linear · estado=ACECHANDO · dir=— · 0=143.16 · Oz=— · Red=142.62584232 · manos=ON · pos=flat · latido=1.50s
[RANGO] ZHIPUUSDT_LINEAL last=144.38 · río=WS · mercado=linear · estado=ACECHANDO · dir=— · 0=143.16 · Oz=— · Red=142.62584232 · manos=ON · pos=flat · latido=1.50s
[RANGO] autosello ZHIPU · ACECHANDO · Oz=0.0 link=— · manos_feria_informe.json
[RANGO] ZHIPUUSDT_LINEAL last=144.25 · río=WS · mercado=linear · estado=ACECHANDO · dir=— · 0=143.16 · Oz=— · Red=142.62584232 · manos=ON · pos=flat · latido=1.50s
[RANGO] autosello ZHIPU · ACECHANDO · Oz=0.0 link=— · manos_feria_informe.json
[RANGO] ZHIPUUSDT_LINEAL last=144.25 · río=ciego/muleta · mercado=linear · estado=ACECHANDO · dir=— · 0=143.16 · Oz=— · Red=142.62584232 · manos=ON · pos=flat · latido=1.50s
[RANGO] ZHIPUUSDT_LINEAL last=144.25 · río=ciego/muleta · mercado=linear · estado=ACECHANDO · dir=— · 0=143.16 · Oz=— · Red=142.62584232 · manos=ON · pos=flat · latido=1.50s
[RANGO] autosello ZHIPU · ACECHANDO · Oz=0.0 link=— · manos_feria_informe.json
[2026-08-31 12:26:50] [TUSK] RECONCILIACIÓN: EULUSDT_LINEAL: interno L:73.900000/S:0.000000 -> real L:70.000000/S:0.000000
[2026-08-31 12:26:50] [TUSK] RECONCILIACIÓN_OK: 1 frentes alineados con exchange
[RANGO] ZHIPUUSDT_LINEAL last=144.3 · río=WS · mercado=linear · estado=ACECHANDO · dir=— · 0=143.16 · Oz=— · Red=142.62584232 · manos=ON · pos=flat · latido=1.50s
[RANGO] autosello ZHIPU · ACECHANDO · Oz=0.0 link=— · manos_feria_informe.json
[RANGO] ZHIPUUSDT_LINEAL last=144.3 · río=WS · mercado=linear · estado=ACECHANDO · dir=— · 0=143.16 · Oz=— · Red=142.62584232 · manos=ON · pos=flat · latido=1.50s
[RANGO] ZHIPUUSDT_LINEAL last=144.31 · río=WS · mercado=linear · estado=ACECHANDO · dir=— · 0=143.16 · Oz=— · Red=142.62584232 · manos=ON · pos=flat · latido=1.50s
[RANGO] autosello ZHIPU · ACECHANDO · Oz=0.0 link=— · manos_feria_informe.json
[RANGO] ZHIPUUSDT_LINEAL last=144.31 · río=WS · mercado=linear · estado=ACECHANDO · dir=— · 0=143.16 · Oz=— · Red=142.62584232 · manos=ON · pos=flat · latido=1.50s
[RANGO] autosello ZHIPU · ACECHANDO · Oz=0.0 link=— · manos_feria_informe.json
[RANGO] ZHIPUUSDT_LINEAL last=144.3 · río=WS · mercado=linear · estado=ACECHANDO · dir=— · 0=143.16 · Oz=— · Red=142.62584232 · manos=ON · pos=flat · latido=1.50s
[RANGO] ZHIPUUSDT_LINEAL last=144.25 · río=ciego/muleta · mercado=linear · estado=ACECHANDO · dir=— · 0=143.16 · Oz=— · Red=142.62584232 · manos=ON · pos=flat · latido=1.50s
[RANGO] autosello ZHIPU · ACECHANDO · Oz=0.0 link=— · manos_feria_informe.json
[2026-08-31 12:27:51] [TUSK] RECONCILIACIÓN: BEATUSDT_LINEAL: interno L:166.000000/S:0.000000 -> real L:118.000000/S:0.000000
[2026-08-31 12:27:51] [TUSK] RECONCILIACIÓN_OK: 1 frentes alineados con exchange
[RANGO] ZHIPUUSDT_LINEAL last=144.25 · río=ciego/muleta · mercado=linear · estado=ACECHANDO · dir=— · 0=143.16 · Oz=— · Red=142.62584232 · manos=ON · pos=flat · latido=1.50s
[RANGO] autosello ZHIPU · ACECHANDO · Oz=0.0 link=— · manos_feria_informe.json
[RANGO] ZHIPUUSDT_LINEAL last=144.25 · río=ciego/muleta · mercado=linear · estado=ACECHANDO · dir=— · 0=143.16 · Oz=— · Red=142.62584232 · manos=ON · pos=flat · latido=1.50s
[RANGO] autosello ZHIPU · ACECHANDO · Oz=0.0 link=— · manos_feria_informe.json
[RANGO] ZHIPUUSDT_LINEAL last=144.25 · río=ciego/muleta · mercado=linear · estado=ACECHANDO · dir=— · 0=143.16 · Oz=— · Red=142.62584232 · manos=ON · pos=flat · latido=1.50s
[RANGO] ZHIPUUSDT_LINEAL last=144.25 · río=ciego/muleta · mercado=linear · estado=ACECHANDO · dir=— · 0=143.16 · Oz=— · Red=142.62584232 · manos=ON · pos=flat · latido=1.50s
[RANGO] autosello ZHIPU · ACECHANDO · Oz=0.0 link=— · manos_feria_informe.json
[RANGO] ZHIPUUSDT_LINEAL last=144.25 · río=ciego/muleta · mercado=linear · estado=ACECHANDO · dir=— · 0=143.16 · Oz=— · Red=142.62584232 · manos=ON · pos=flat · latido=1.50s
[RANGO] autosello ZHIPU · ACECHANDO · Oz=0.0 link=— · manos_feria_informe.json
[RANGO] ZHIPUUSDT_LINEAL last=144.28 · río=WS · mercado=linear · estado=ACECHANDO · dir=— · 0=143.16 · Oz=— · Red=142.62584232 · manos=ON · pos=flat · latido=1.50s
[RANGO] autosello ZHIPU · ACECHANDO · Oz=0.0 link=— · manos_feria_informe.json
[RANGO] ZHIPUUSDT_LINEAL last=144.25 · río=ciego/muleta · mercado=linear · estado=ACECHANDO · dir=— · 0=143.16 · Oz=— · Red=142.62584232 · manos=ON · pos=flat · latido=1.50s
[RANGO] ZHIPUUSDT_LINEAL last=144.14 · río=WS · mercado=linear · estado=ACECHANDO · dir=— · 0=143.16 · Oz=— · Red=142.62584232 · manos=ON · pos=flat · latido=1.50s
[RANGO] autosello ZHIPU · ACECHANDO · Oz=0.0 link=— · manos_feria_informe.json
[RANGO] ZHIPUUSDT_LINEAL last=144.29 · río=WS · mercado=linear · estado=ACECHANDO · dir=— · 0=143.16 · Oz=— · Red=142.62584232 · manos=ON · pos=flat · latido=1.50s
[RANGO] autosello ZHIPU · ACECHANDO · Oz=0.0 link=— · manos_feria_informe.json
[RANGO] ZHIPUUSDT_LINEAL last=144.2 · río=WS · mercado=linear · estado=ACECHANDO · dir=— · 0=143.16 · Oz=— · Red=142.62584232 · manos=ON · pos=flat · latido=1.50s
[RANGO] ZHIPUUSDT_LINEAL last=144.27 · río=WS · mercado=linear · estado=ACECHANDO · dir=— · 0=143.16 · Oz=— · Red=142.62584232 · manos=ON · pos=flat · latido=1.50s
[RANGO] autosello ZHIPU · ACECHANDO · Oz=0.0 link=— · manos_feria_informe.json
[2026-08-31 12:29:54] [TUSK] RECONCILIACIÓN: DASHUSDT_LINEAL: interno L:0.000000/S:1.160000 -> real L:0.000000/S:1.270000
[2026-08-31 12:29:54] [TUSK] RECONCILIACIÓN_OK: 1 frentes alineados con exchange
[RANGO] ZHIPUUSDT_LINEAL last=144.11 · río=WS · mercado=linear · estado=ACECHANDO · dir=— · 0=143.16 · Oz=— · Red=142.62584232 · manos=ON · pos=flat · latido=1.50s
[RANGO] autosello ZHIPU · ACECHANDO · Oz=0.0 link=— · manos_feria_informe.json
[RANGO] ZHIPUUSDT_LINEAL last=144.12 · río=WS · mercado=linear · estado=ACECHANDO · dir=— · 0=143.16 · Oz=— · Red=142.62584232 · manos=ON · pos=flat · latido=1.50s
[RANGO] ZHIPUUSDT_LINEAL last=144.12 · río=ciego/muleta · mercado=linear · estado=ACECHANDO · dir=— · 0=143.16 · Oz=— · Red=142.62584232 · manos=ON · pos=flat · latido=1.50s
[RANGO] autosello ZHIPU · ACECHANDO · Oz=0.0 link=— · manos_feria_informe.json
[RANGO] ZHIPUUSDT_LINEAL last=144.17 · río=WS · mercado=linear · estado=ACECHANDO · dir=— · 0=143.16 · Oz=— · Red=142.62584232 · manos=ON · pos=flat · latido=1.50s
[RANGO] autosello ZHIPU · ACECHANDO · Oz=0.0 link=— · manos_feria_informe.json
[RANGO] ZHIPUUSDT_LINEAL last=144.21 · río=WS · mercado=linear · estado=ACECHANDO · dir=— · 0=143.16 · Oz=— · Red=142.62584232 · manos=ON · pos=flat · latido=1.50s
[RANGO] ZHIPUUSDT_LINEAL last=144.19 · río=WS · mercado=linear · estado=ACECHANDO · dir=— · 0=143.16 · Oz=— · Red=142.62584232 · manos=ON · pos=flat · latido=1.50s
[RANGO] autosello ZHIPU · ACECHANDO · Oz=0.0 link=— · manos_feria_informe.json
[RANGO] ZHIPUUSDT_LINEAL last=144.06 · río=WS · mercado=linear · estado=ACECHANDO · dir=— · 0=143.16 · Oz=— · Red=142.62584232 · manos=ON · pos=flat · latido=1.50s
[RANGO] autosello ZHIPU · ACECHANDO · Oz=0.0 link=— · manos_feria_informe.json
[RANGO] ZHIPUUSDT_LINEAL last=144.12 · río=ciego/muleta · mercado=linear · estado=ACECHANDO · dir=— · 0=143.16 · Oz=— · Red=142.62584232 · manos=ON · pos=flat · latido=1.50s
[RANGO] ZHIPUUSDT_LINEAL last=144.12 · río=ciego/muleta · mercado=linear · estado=ACECHANDO · dir=— · 0=143.16 · Oz=— · Red=142.62584232 · manos=ON · pos=flat · latido=1.50s
[RANGO] autosello ZHIPU · ACECHANDO · Oz=0.0 link=— · manos_feria_informe.json
[RANGO] ZHIPUUSDT_LINEAL last=144.17 · río=WS · mercado=linear · estado=ACECHANDO · dir=— · 0=143.16 · Oz=— · Red=142.62584232 · manos=ON · pos=flat · latido=1.50s
[RANGO] autosello ZHIPU · ACECHANDO · Oz=0.0 link=— · manos_feria_informe.json
[RANGO] ZHIPUUSDT_LINEAL last=144.12 · río=ciego/muleta · mercado=linear · estado=ACECHANDO · dir=— · 0=143.16 · Oz=— · Red=142.62584232 · manos=ON · pos=flat · latido=1.50s
[RANGO] ZHIPUUSDT_LINEAL last=144.12 · río=WS · mercado=linear · estado=ACECHANDO · dir=— · 0=143.16 · Oz=— · Red=142.62584232 · manos=ON · pos=flat · latido=1.50s
[RANGO] autosello ZHIPU · ACECHANDO · Oz=0.0 link=— · manos_feria_informe.json
[RANGO] ZHIPUUSDT_LINEAL last=144.13 · río=WS · mercado=linear · estado=ACECHANDO · dir=— · 0=143.16 · Oz=— · Red=142.62584232 · manos=ON · pos=flat · latido=1.50s
[RANGO] autosello ZHIPU · ACECHANDO · Oz=0.0 link=— · manos_feria_informe.json
[RANGO] ZHIPUUSDT_LINEAL last=144.12 · río=ciego/muleta · mercado=linear · estado=ACECHANDO · dir=— · 0=143.16 · Oz=— · Red=142.62584232 · manos=ON · pos=flat · latido=1.50s
[RANGO] ZHIPUUSDT_LINEAL last=144.12 · río=ciego/muleta · mercado=linear · estado=ACECHANDO · dir=— · 0=143.16 · Oz=— · Red=142.62584232 · manos=ON · pos=flat · latido=1.50s
[RANGO] autosello ZHIPU · ACECHANDO · Oz=0.0 link=— · manos_feria_informe.json
[RANGO] ZHIPUUSDT_LINEAL last=144.12 · río=ciego/muleta · mercado=linear · estado=ACECHANDO · dir=— · 0=143.16 · Oz=— · Red=142.62584232 · manos=ON · pos=flat · latido=1.50s
[RANGO] autosello ZHIPU · ACECHANDO · Oz=0.0 link=— · manos_feria_informe.json
[RANGO] ZHIPUUSDT_LINEAL last=144.12 · río=ciego/muleta · mercado=linear · estado=ACECHANDO · dir=— · 0=143.16 · Oz=— · Red=142.62584232 · manos=ON · pos=flat · latido=1.50s
[RANGO] autosello ZHIPU · ACECHANDO · Oz=0.0 link=— · manos_feria_informe.json
[RANGO] ZHIPUUSDT_LINEAL last=144.12 · río=ciego/muleta · mercado=linear · estado=ACECHANDO · dir=— · 0=143.16 · Oz=— · Red=142.62584232 · manos=ON · pos=flat · latido=1.50s
[2026-08-31 12:32:57] [TUSK] RECONCILIACIÓN: BSPUSDT_LINEAL: interno L:0.000000/S:0.000000 -> real L:0.690000/S:0.000000
[2026-08-31 12:32:57] [TUSK] RECONCILIACIÓN_FANTASMA: AKTUSDT_LINEAL existe interno pero no en exchange -> reseteando
[2026-08-31 12:32:57] [TUSK] RECONCILIACIÓN_OK: 2 frentes alineados con exchange
[RANGO] ZHIPUUSDT_LINEAL last=144.12 · río=WS · mercado=linear · estado=ACECHANDO · dir=— · 0=143.16 · Oz=— · Red=142.62584232 · manos=ON · pos=flat · latido=1.50s
[RANGO] autosello ZHIPU · ACECHANDO · Oz=0.0 link=— · manos_feria_informe.json
[RANGO] ZHIPUUSDT_LINEAL last=144.13 · río=WS · mercado=linear · estado=ACECHANDO · dir=— · 0=143.16 · Oz=— · Red=142.62584232 · manos=ON · pos=flat · latido=1.50s
[RANGO] autosello ZHIPU · ACECHANDO · Oz=0.0 link=— · manos_feria_informe.json
[RANGO] ZHIPUUSDT_LINEAL last=144.12 · río=WS · mercado=linear · estado=ACECHANDO · dir=— · 0=143.16 · Oz=— · Red=142.62584232 · manos=ON · pos=flat · latido=1.50s
[RANGO] ZHIPUUSDT_LINEAL last=144.12 · río=ciego/muleta · mercado=linear · estado=ACECHANDO · dir=— · 0=143.16 · Oz=— · Red=142.62584232 · manos=ON · pos=flat · latido=1.50s
[RANGO] autosello ZHIPU · ACECHANDO · Oz=0.0 link=— · manos_feria_informe.json
[RANGO] ZHIPUUSDT_LINEAL last=144.17 · río=WS · mercado=linear · estado=ACECHANDO · dir=— · 0=143.16 · Oz=— · Red=142.62584232 · manos=ON · pos=flat · latido=1.50s
[RANGO] autosello ZHIPU · ACECHANDO · Oz=0.0 link=— · manos_feria_informe.json
[RANGO] ZHIPUUSDT_LINEAL last=144.16 · río=WS · mercado=linear · estado=ACECHANDO · dir=— · 0=143.16 · Oz=— · Red=142.62584232 · manos=ON · pos=flat · latido=1.50s
[RANGO] ZHIPUUSDT_LINEAL last=144.15 · río=WS · mercado=linear · estado=ACECHANDO · dir=— · 0=143.16 · Oz=— · Red=142.62584232 · manos=ON · pos=flat · latido=1.50s
[RANGO] autosello ZHIPU · ACECHANDO · Oz=0.0 link=— · manos_feria_informe.json
[RANGO] ZHIPUUSDT_LINEAL last=144.12 · río=ciego/muleta · mercado=linear · estado=ACECHANDO · dir=— · 0=143.16 · Oz=— · Red=142.62584232 · manos=ON · pos=flat · latido=1.50s
[RANGO] autosello ZHIPU · ACECHANDO · Oz=0.0 link=— · manos_feria_informe.json
[RANGO] ZHIPUUSDT_LINEAL last=144.12 · río=ciego/muleta · mercado=linear · estado=ACECHANDO · dir=— · 0=143.16 · Oz=— · Red=142.62584232 · manos=ON · pos=flat · latido=1.50s
[RANGO] autosello ZHIPU · ACECHANDO · Oz=0.0 link=— · manos_feria_informe.json
[RANGO] ZHIPUUSDT_LINEAL last=144.18 · río=WS · mercado=linear · estado=ACECHANDO · dir=— · 0=143.16 · Oz=— · Red=142.62584232 · manos=ON · pos=flat · latido=1.50s
[RANGO] ZHIPUUSDT_LINEAL last=144.11 · río=WS · mercado=linear · estado=ACECHANDO · dir=— · 0=143.16 · Oz=— · Red=142.62584232 · manos=ON · pos=flat · latido=1.50s
[RANGO] autosello ZHIPU · ACECHANDO · Oz=0.0 link=— · manos_feria_informe.json
[RANGO] ZHIPUUSDT_LINEAL last=144.24 · río=WS · mercado=linear · estado=ACECHANDO · dir=— · 0=143.16 · Oz=— · Red=142.62584232 · manos=ON · pos=flat · latido=1.50s
[RANGO] autosello ZHIPU · ACECHANDO · Oz=0.0 link=— · manos_feria_informe.json
[RANGO] ZHIPUUSDT_LINEAL last=144.12 · río=ciego/muleta · mercado=linear · estado=ACECHANDO · dir=— · 0=143.16 · Oz=— · Red=142.62584232 · manos=ON · pos=flat · latido=1.50s
[RANGO] ZHIPUUSDT_LINEAL last=144.12 · río=ciego/muleta · mercado=linear · estado=ACECHANDO · dir=— · 0=143.16 · Oz=— · Red=142.62584232 · manos=ON · pos=flat · latido=1.50s
[RANGO] autosello ZHIPU · ACECHANDO · Oz=0.0 link=— · manos_feria_informe.json
[RANGO] ZHIPUUSDT_LINEAL last=144.15 · río=WS · mercado=linear · estado=ACECHANDO · dir=— · 0=143.16 · Oz=— · Red=142.62584232 · manos=ON · pos=flat · latido=1.50s
[RANGO] autosello ZHIPU · ACECHANDO · Oz=0.0 link=— · manos_feria_informe.json
[RANGO] ZHIPUUSDT_LINEAL last=144.12 · río=ciego/muleta · mercado=linear · estado=ACECHANDO · dir=— · 0=143.16 · Oz=— · Red=142.62584232 · manos=ON · pos=flat · latido=1.50s
[RANGO] ZHIPUUSDT_LINEAL last=144.15 · río=WS · mercado=linear · estado=ACECHANDO · dir=— · 0=143.16 · Oz=— · Red=142.62584232 · manos=ON · pos=flat · latido=1.50s
[RANGO] autosello ZHIPU · ACECHANDO · Oz=0.0 link=— · manos_feria_informe.json
[RANGO] ZHIPUUSDT_LINEAL last=144.11 · río=WS · mercado=linear · estado=ACECHANDO · dir=— · 0=143.16 · Oz=— · Red=142.62584232 · manos=ON · pos=flat · latido=1.50s
[RANGO] autosello ZHIPU · ACECHANDO · Oz=0.0 link=— · manos_feria_informe.json
[RANGO] ZHIPUUSDT_LINEAL last=144.11 · río=WS · mercado=linear · estado=ACECHANDO · dir=— · 0=143.16 · Oz=— · Red=142.62584232 · manos=ON · pos=flat · latido=1.50s
[RANGO] ZHIPUUSDT_LINEAL last=144.12 · río=ciego/muleta · mercado=linear · estado=ACECHANDO · dir=— · 0=143.16 · Oz=— · Red=142.62584232 · manos=ON · pos=flat · latido=1.50s
[RANGO] autosello ZHIPU · ACECHANDO · Oz=0.0 link=— · manos_feria_informe.json
[RANGO] ZHIPUUSDT_LINEAL last=144.12 · río=ciego/muleta · mercado=linear · estado=ACECHANDO · dir=— · 0=143.16 · Oz=— · Red=142.62584232 · manos=ON · pos=flat · latido=1.50s
[RANGO] autosello ZHIPU · ACECHANDO · Oz=0.0 link=— · manos_feria_informe.json
[RANGO] ZHIPUUSDT_LINEAL last=144.12 · río=ciego/muleta · mercado=linear · estado=ACECHANDO · dir=— · 0=143.16 · Oz=— · Red=142.62584232 · manos=ON · pos=flat · latido=1.50s
[RANGO] autosello ZHIPU · ACECHANDO · Oz=0.0 link=— · manos_feria_informe.json
[RANGO] ZHIPUUSDT_LINEAL last=144.14 · río=WS · mercado=linear · estado=ACECHANDO · dir=— · 0=143.16 · Oz=— · Red=142.62584232 · manos=ON · pos=flat · latido=1.50s
[RANGO] ZHIPUUSDT_LINEAL last=144.16 · río=WS · mercado=linear · estado=ACECHANDO · dir=— · 0=143.16 · Oz=— · Red=142.62584232 · manos=ON · pos=flat · latido=1.50s
[RANGO] autosello ZHIPU · ACECHANDO · Oz=0.0 link=— · manos_feria_informe.json
[RANGO] ZHIPUUSDT_LINEAL last=144.19 · río=WS · mercado=linear · estado=ACECHANDO · dir=— · 0=143.16 · Oz=— · Red=142.62584232 · manos=ON · pos=flat · latido=1.50s
[RANGO] autosello ZHIPU · ACECHANDO · Oz=0.0 link=— · manos_feria_informe.json
[RANGO] ZHIPUUSDT_LINEAL last=144.16 · río=WS · mercado=linear · estado=ACECHANDO · dir=— · 0=143.16 · Oz=— · Red=142.62584232 · manos=ON · pos=flat · latido=1.50s
[RANGO] ZHIPUUSDT_LINEAL last=144.12 · río=WS · mercado=linear · estado=ACECHANDO · dir=— · 0=143.16 · Oz=— · Red=142.62584232 · manos=ON · pos=flat · latido=1.50s
[RANGO] autosello ZHIPU · ACECHANDO · Oz=0.0 link=— · manos_feria_informe.json
[RANGO] ZHIPUUSDT_LINEAL last=144.12 · río=WS · mercado=linear · estado=ACECHANDO · dir=— · 0=143.16 · Oz=— · Red=142.62584232 · manos=ON · pos=flat · latido=1.50s
[RANGO] autosello ZHIPU · ACECHANDO · Oz=0.0 link=— · manos_feria_informe.json
[RANGO] ZHIPUUSDT_LINEAL last=144.12 · río=WS · mercado=linear · estado=ACECHANDO · dir=— · 0=143.16 · Oz=— · Red=142.62584232 · manos=ON · pos=flat · latido=1.50s
[RANGO] ZHIPUUSDT_LINEAL last=144.12 · río=WS · mercado=linear · estado=ACECHANDO · dir=— · 0=143.16 · Oz=— · Red=142.62584232 · manos=ON · pos=flat · latido=1.50s
[RANGO] autosello ZHIPU · ACECHANDO · Oz=0.0 link=— · manos_feria_informe.json
[RANGO] ZHIPUUSDT_LINEAL last=144.12 · río=ciego/muleta · mercado=linear · estado=ACECHANDO · dir=— · 0=143.16 · Oz=— · Red=142.62584232 · manos=ON · pos=flat · latido=1.50s
[RANGO] autosello ZHIPU · ACECHANDO · Oz=0.0 link=— · manos_feria_informe.json
[RANGO] ZHIPUUSDT_LINEAL last=144.12 · río=ciego/muleta · mercado=linear · estado=ACECHANDO · dir=— · 0=143.16 · Oz=— · Red=142.62584232 · manos=ON · pos=flat · latido=1.50s
[RANGO] ZHIPUUSDT_LINEAL last=144.11 · río=WS · mercado=linear · estado=ACECHANDO · dir=— · 0=143.16 · Oz=— · Red=142.62584232 · manos=ON · pos=flat · latido=1.50s
[RANGO] autosello ZHIPU · ACECHANDO · Oz=0.0 link=— · manos_feria_informe.json
[RANGO] ZHIPUUSDT_LINEAL last=144.11 · río=WS · mercado=linear · estado=ACECHANDO · dir=— · 0=143.16 · Oz=— · Red=142.62584232 · manos=ON · pos=flat · latido=1.50s
[RANGO] autosello ZHIPU · ACECHANDO · Oz=0.0 link=— · manos_feria_informe.json
[RANGO] ZHIPUUSDT_LINEAL last=144.13 · río=WS · mercado=linear · estado=ACECHANDO · dir=— · 0=143.16 · Oz=— · Red=142.62584232 · manos=ON · pos=flat · latido=1.50s
[RANGO] ZHIPUUSDT_LINEAL last=144.12 · río=ciego/muleta · mercado=linear · estado=ACECHANDO · dir=— · 0=143.16 · Oz=— · Red=142.62584232 · manos=ON · pos=flat · latido=1.50s
[RANGO] autosello ZHIPU · ACECHANDO · Oz=0.0 link=— · manos_feria_informe.json
[RANGO] ZHIPUUSDT_LINEAL last=144.12 · río=ciego/muleta · mercado=linear · estado=ACECHANDO · dir=— · 0=143.16 · Oz=— · Red=142.62584232 · manos=ON · pos=flat · latido=1.50s
[RANGO] autosello ZHIPU · ACECHANDO · Oz=0.0 link=— · manos_feria_informe.json
[RANGO] ZHIPUUSDT_LINEAL last=144.12 · río=ciego/muleta · mercado=linear · estado=ACECHANDO · dir=— · 0=143.16 · Oz=— · Red=142.62584232 · manos=ON · pos=flat · latido=1.50s
[RANGO] ZHIPUUSDT_LINEAL last=144.12 · río=ciego/muleta · mercado=linear · estado=ACECHANDO · dir=— · 0=143.16 · Oz=— · Red=142.62584232 · manos=ON · pos=flat · latido=1.50s
[RANGO] autosello ZHIPU · ACECHANDO · Oz=0.0 link=— · manos_feria_informe.json
[RANGO] ZHIPUUSDT_LINEAL last=144.12 · río=ciego/muleta · mercado=linear · estado=ACECHANDO · dir=— · 0=143.16 · Oz=— · Red=142.62584232 · manos=ON · pos=flat · latido=1.50s
[RANGO] autosello ZHIPU · ACECHANDO · Oz=0.0 link=— · manos_feria_informe.json
[RANGO] ZHIPUUSDT_LINEAL last=144.12 · río=ciego/muleta · mercado=linear · estado=ACECHANDO · dir=— · 0=143.16 · Oz=— · Red=142.62584232 · manos=ON · pos=flat · latido=1.50s
[RANGO] autosello ZHIPU · ACECHANDO · Oz=0.0 link=— · manos_feria_informe.json
[RANGO] ZHIPUUSDT_LINEAL last=144.12 · río=ciego/muleta · mercado=linear · estado=ACECHANDO · dir=— · 0=143.16 · Oz=— · Red=142.62584232 · manos=ON · pos=flat · latido=1.50s
[RANGO] ZHIPUUSDT_LINEAL last=144.2 · río=WS · mercado=linear · estado=ACECHANDO · dir=— · 0=143.16 · Oz=— · Red=142.62584232 · manos=ON · pos=flat · latido=1.50s
[RANGO] autosello ZHIPU · ACECHANDO · Oz=0.0 link=— · manos_feria_informe.json
[RANGO] ZHIPUUSDT_LINEAL last=144.12 · río=ciego/muleta · mercado=linear · estado=ACECHANDO · dir=— · 0=143.16 · Oz=— · Red=142.62584232 · manos=ON · pos=flat · latido=1.50s
[RANGO] autosello ZHIPU · ACECHANDO · Oz=0.0 link=— · manos_feria_informe.json
[RANGO] ZHIPUUSDT_LINEAL last=144.21 · río=WS · mercado=linear · estado=ACECHANDO · dir=— · 0=143.16 · Oz=— · Red=142.62584232 · manos=ON · pos=flat · latido=1.50s
[RANGO] ZHIPUUSDT_LINEAL last=144.14 · río=WS · mercado=linear · estado=ACECHANDO · dir=— · 0=143.16 · Oz=— · Red=142.62584232 · manos=ON · pos=flat · latido=1.50s
[RANGO] autosello ZHIPU · ACECHANDO · Oz=0.0 link=— · manos_feria_informe.json
[RANGO] ZHIPUUSDT_LINEAL last=144.14 · río=WS · mercado=linear · estado=ACECHANDO · dir=— · 0=143.16 · Oz=— · Red=142.62584232 · manos=ON · pos=flat · latido=1.50s
[RANGO] autosello ZHIPU · ACECHANDO · Oz=0.0 link=— · manos_feria_informe.json
[RANGO] ZHIPUUSDT_LINEAL last=144.21 · río=WS · mercado=linear · estado=ACECHANDO · dir=— · 0=143.16 · Oz=— · Red=142.62584232 · manos=ON · pos=flat · latido=1.50s
[RANGO] ZHIPUUSDT_LINEAL last=144.21 · río=WS · mercado=linear · estado=ACECHANDO · dir=— · 0=143.16 · Oz=— · Red=142.62584232 · manos=ON · pos=flat · latido=1.50s
[RANGO] autosello ZHIPU · ACECHANDO · Oz=0.0 link=— · manos_feria_informe.json
[RANGO] ZHIPUUSDT_LINEAL last=144.12 · río=ciego/muleta · mercado=linear · estado=ACECHANDO · dir=— · 0=143.16 · Oz=— · Red=142.62584232 · manos=ON · pos=flat · latido=1.50s
[RANGO] autosello ZHIPU · ACECHANDO · Oz=0.0 link=— · manos_feria_informe.json
[RANGO] ZHIPUUSDT_LINEAL last=144.12 · río=ciego/muleta · mercado=linear · estado=ACECHANDO · dir=— · 0=143.16 · Oz=— · Red=142.62584232 · manos=ON · pos=flat · latido=1.50s
[RANGO] ZHIPUUSDT_LINEAL last=144.12 · río=ciego/muleta · mercado=linear · estado=ACECHANDO · dir=— · 0=143.16 · Oz=— · Red=142.62584232 · manos=ON · pos=flat · latido=1.50s
[RANGO] autosello ZHIPU · ACECHANDO · Oz=0.0 link=— · manos_feria_informe.json
[RANGO] ZHIPUUSDT_LINEAL last=144.12 · río=ciego/muleta · mercado=linear · estado=ACECHANDO · dir=— · 0=143.16 · Oz=— · Red=142.62584232 · manos=ON · pos=flat · latido=1.50s
[RANGO] autosello ZHIPU · ACECHANDO · Oz=0.0 link=— · manos_feria_informe.json
[RANGO] ZHIPUUSDT_LINEAL last=144.12 · río=ciego/muleta · mercado=linear · estado=ACECHANDO · dir=— · 0=143.16 · Oz=— · Red=142.62584232 · manos=ON · pos=flat · latido=1.50s
[RANGO] autosello ZHIPU · ACECHANDO · Oz=0.0 link=— · manos_feria_informe.json
[RANGO] ZHIPUUSDT_LINEAL last=144.12 · río=ciego/muleta · mercado=linear · estado=ACECHANDO · dir=— · 0=143.16 · Oz=— · Red=142.62584232 · manos=ON · pos=flat · latido=1.50s
[RANGO] ZHIPUUSDT_LINEAL last=144.14 · río=WS · mercado=linear · estado=ACECHANDO · dir=— · 0=143.16 · Oz=— · Red=142.62584232 · manos=ON · pos=flat · latido=1.50s
[RANGO] autosello ZHIPU · ACECHANDO · Oz=0.0 link=— · manos_feria_informe.json
[RANGO] ZHIPUUSDT_LINEAL last=144.12 · río=ciego/muleta · mercado=linear · estado=ACECHANDO · dir=— · 0=143.16 · Oz=— · Red=142.62584232 · manos=ON · pos=flat · latido=1.50s
[RANGO] autosello ZHIPU · ACECHANDO · Oz=0.0 link=— · manos_feria_informe.json
[RANGO] ZHIPUUSDT_LINEAL last=144.16 · río=WS · mercado=linear · estado=ACECHANDO · dir=— · 0=143.16 · Oz=— · Red=142.62584232 · manos=ON · pos=flat · latido=1.50s
[RANGO] ZHIPUUSDT_LINEAL last=144.18 · río=WS · mercado=linear · estado=ACECHANDO · dir=— · 0=143.16 · Oz=— · Red=142.62584232 · manos=ON · pos=flat · latido=1.50s
[RANGO] autosello ZHIPU · ACECHANDO · Oz=0.0 link=— · manos_feria_informe.json
[RANGO] ZHIPUUSDT_LINEAL last=144.12 · río=ciego/muleta · mercado=linear · estado=ACECHANDO · dir=— · 0=143.16 · Oz=— · Red=142.62584232 · manos=ON · pos=flat · latido=1.50s
[RANGO] autosello ZHIPU · ACECHANDO · Oz=0.0 link=— · manos_feria_informe.json
[RANGO] ZHIPUUSDT_LINEAL last=144.26 · río=WS · mercado=linear · estado=ACECHANDO · dir=— · 0=143.16 · Oz=— · Red=142.62584232 · manos=ON · pos=flat · latido=1.50s
[RANGO] ZHIPUUSDT_LINEAL last=144.45 · río=ciego/muleta · mercado=linear · estado=ACECHANDO · dir=— · 0=143.16 · Oz=— · Red=142.62584232 · manos=ON · pos=flat · latido=1.50s
[RANGO] autosello ZHIPU · ACECHANDO · Oz=0.0 link=— · manos_feria_informe.json
[RANGO] ZHIPUUSDT_LINEAL last=144.18 · río=WS · mercado=linear · estado=ACECHANDO · dir=— · 0=143.16 · Oz=— · Red=142.62584232 · manos=ON · pos=flat · latido=1.50s
[RANGO] autosello ZHIPU · ACECHANDO · Oz=0.0 link=— · manos_feria_informe.json
[RANGO] ZHIPUUSDT_LINEAL last=144.45 · río=ciego/muleta · mercado=linear · estado=ACECHANDO · dir=— · 0=143.16 · Oz=— · Red=142.62584232 · manos=ON · pos=flat · latido=1.50s
[RANGO] ZHIPUUSDT_LINEAL last=144.45 · río=ciego/muleta · mercado=linear · estado=ACECHANDO · dir=— · 0=143.16 · Oz=— · Red=142.62584232 · manos=ON · pos=flat · latido=1.50s
[RANGO] autosello ZHIPU · ACECHANDO · Oz=0.0 link=— · manos_feria_informe.json
[RANGO] ZHIPUUSDT_LINEAL last=144.17 · río=WS · mercado=linear · estado=ACECHANDO · dir=— · 0=143.16 · Oz=— · Red=142.62584232 · manos=ON · pos=flat · latido=1.50s
[RANGO] autosello ZHIPU · ACECHANDO · Oz=0.0 link=— · manos_feria_informe.json
[RANGO] ZHIPUUSDT_LINEAL last=144.45 · río=ciego/muleta · mercado=linear · estado=ACECHANDO · dir=— · 0=143.16 · Oz=— · Red=142.62584232 · manos=ON · pos=flat · latido=1.50s
[RANGO] autosello ZHIPU · ACECHANDO · Oz=0.0 link=— · manos_feria_informe.json
[RANGO] ZHIPUUSDT_LINEAL last=144.45 · río=ciego/muleta · mercado=linear · estado=ACECHANDO · dir=— · 0=143.16 · Oz=— · Red=142.62584232 · manos=ON · pos=flat · latido=1.50s
[RANGO] ZHIPUUSDT_LINEAL last=144.18 · río=WS · mercado=linear · estado=ACECHANDO · dir=— · 0=143.16 · Oz=— · Red=142.62584232 · manos=ON · pos=flat · latido=1.50s
[RANGO] autosello ZHIPU · ACECHANDO · Oz=0.0 link=— · manos_feria_informe.json
[RANGO] ZHIPUUSDT_LINEAL last=144.45 · río=ciego/muleta · mercado=linear · estado=ACECHANDO · dir=— · 0=143.16 · Oz=— · Red=142.62584232 · manos=ON · pos=flat · latido=1.50s
[RANGO] autosello ZHIPU · ACECHANDO · Oz=0.0 link=— · manos_feria_informe.json
[RANGO] ZHIPUUSDT_LINEAL last=144.45 · río=ciego/muleta · mercado=linear · estado=ACECHANDO · dir=— · 0=143.16 · Oz=— · Red=142.62584232 · manos=ON · pos=flat · latido=1.50s
[2026-08-31 12:45:12] [TUSK] RECONCILIACIÓN: POPCATUSDT_LINEAL: interno L:0.000000/S:0.000000 -> real L:1640.000000/S:0.000000
[2026-08-31 12:45:12] [TUSK] RECONCILIACIÓN: LTCUSD_INVERSE: interno L:229.000000/S:0.000000 -> real L:224.000000/S:0.000000
[2026-08-31 12:45:13] [TUSK] RECONCILIACIÓN_FANTASMA: ESPUSDT_LINEAL existe interno pero no en exchange -> reseteando
[2026-08-31 12:45:13] [TUSK] RECONCILIACIÓN_OK: 3 frentes alineados con exchange
[RANGO] ZHIPUUSDT_LINEAL last=144.45 · río=ciego/muleta · mercado=linear · estado=ACECHANDO · dir=— · 0=143.16 · Oz=— · Red=142.62584232 · manos=ON · pos=flat · latido=1.50s
[RANGO] autosello ZHIPU · ACECHANDO · Oz=0.0 link=— · manos_feria_informe.json
[RANGO] ZHIPUUSDT_LINEAL last=144.45 · río=ciego/muleta · mercado=linear · estado=ACECHANDO · dir=— · 0=143.16 · Oz=— · Red=142.62584232 · manos=ON · pos=flat · latido=1.50s
[RANGO] autosello ZHIPU · ACECHANDO · Oz=0.0 link=— · manos_feria_informe.json
[RANGO] ZHIPUUSDT_LINEAL last=144.19 · río=WS · mercado=linear · estado=ACECHANDO · dir=— · 0=143.16 · Oz=— · Red=142.62584232 · manos=ON · pos=flat · latido=1.50s
[RANGO] ZHIPUUSDT_LINEAL last=144.45 · río=ciego/muleta · mercado=linear · estado=ACECHANDO · dir=— · 0=143.16 · Oz=— · Red=142.62584232 · manos=ON · pos=flat · latido=1.50s
[RANGO] autosello ZHIPU · ACECHANDO · Oz=0.0 link=— · manos_feria_informe.json
[RANGO] ZHIPUUSDT_LINEAL last=144.19 · río=WS · mercado=linear · estado=ACECHANDO · dir=— · 0=143.16 · Oz=— · Red=142.62584232 · manos=ON · pos=flat · latido=1.50s
[RANGO] autosello ZHIPU · ACECHANDO · Oz=0.0 link=— · manos_feria_informe.json
[RANGO] ZHIPUUSDT_LINEAL last=144.32 · río=ciego/muleta · mercado=linear · estado=ACECHANDO · dir=— · 0=143.16 · Oz=— · Red=142.62584232 · manos=ON · pos=flat · latido=1.50s
[RANGO] autosello ZHIPU · ACECHANDO · Oz=0.0 link=— · manos_feria_informe.json
[RANGO] ZHIPUUSDT_LINEAL last=144.32 · río=ciego/muleta · mercado=linear · estado=ACECHANDO · dir=— · 0=143.16 · Oz=— · Red=142.62584232 · manos=ON · pos=flat · latido=1.50s
[RANGO] ZHIPUUSDT_LINEAL last=144.19 · río=WS · mercado=linear · estado=ACECHANDO · dir=— · 0=143.16 · Oz=— · Red=142.62584232 · manos=ON · pos=flat · latido=1.50s
[RANGO] autosello ZHIPU · ACECHANDO · Oz=0.0 link=— · manos_feria_informe.json
[RANGO] ZHIPUUSDT_LINEAL last=144.19 · río=WS · mercado=linear · estado=ACECHANDO · dir=— · 0=143.16 · Oz=— · Red=142.62584232 · manos=ON · pos=flat · latido=1.50s
[RANGO] autosello ZHIPU · ACECHANDO · Oz=0.0 link=— · manos_feria_informe.json
[RANGO] ZHIPUUSDT_LINEAL last=144.32 · río=ciego/muleta · mercado=linear · estado=ACECHANDO · dir=— · 0=143.16 · Oz=— · Red=142.62584232 · manos=ON · pos=flat · latido=1.50s
[RANGO] ZHIPUUSDT_LINEAL last=144.32 · río=ciego/muleta · mercado=linear · estado=ACECHANDO · dir=— · 0=143.16 · Oz=— · Red=142.62584232 · manos=ON · pos=flat · latido=1.50s
[RANGO] autosello ZHIPU · ACECHANDO · Oz=0.0 link=— · manos_feria_informe.json
[RANGO] ZHIPUUSDT_LINEAL last=144.32 · río=ciego/muleta · mercado=linear · estado=ACECHANDO · dir=— · 0=143.16 · Oz=— · Red=142.62584232 · manos=ON · pos=flat · latido=1.50s
[2026-08-31 12:47:16] [TUSK] RECONCILIACIÓN: CRVUSDT_LINEAL: interno L:0.000000/S:0.000000 -> real L:0.000000/S:46.100000
[2026-08-31 12:47:16] [TUSK] RECONCILIACIÓN_FANTASMA: PEOPLEUSDT_LINEAL existe interno pero no en exchange -> reseteando
[2026-08-31 12:47:16] [TUSK] RECONCILIACIÓN_OK: 2 frentes alineados con exchange
[RANGO] autosello ZHIPU · ACECHANDO · Oz=0.0 link=— · manos_feria_informe.json
[RANGO] ZHIPUUSDT_LINEAL last=144.19 · río=WS · mercado=linear · estado=ACECHANDO · dir=— · 0=143.16 · Oz=— · Red=142.62584232 · manos=ON · pos=flat · latido=1.50s
[RANGO] ZHIPUUSDT_LINEAL last=144.32 · río=ciego/muleta · mercado=linear · estado=ACECHANDO · dir=— · 0=143.16 · Oz=— · Red=142.62584232 · manos=ON · pos=flat · latido=1.50s
[RANGO] autosello ZHIPU · ACECHANDO · Oz=0.0 link=— · manos_feria_informe.json
[RANGO] ZHIPUUSDT_LINEAL last=144.32 · río=ciego/muleta · mercado=linear · estado=ACECHANDO · dir=— · 0=143.16 · Oz=— · Red=142.62584232 · manos=ON · pos=flat · latido=1.50s
[RANGO] autosello ZHIPU · ACECHANDO · Oz=0.0 link=— · manos_feria_informe.json
[RANGO] ZHIPUUSDT_LINEAL last=144.32 · río=ciego/muleta · mercado=linear · estado=ACECHANDO · dir=— · 0=143.16 · Oz=— · Red=142.62584232 · manos=ON · pos=flat · latido=1.50s
[RANGO] autosello ZHIPU · ACECHANDO · Oz=0.0 link=— · manos_feria_informe.json
[RANGO] ZHIPUUSDT_LINEAL last=144.32 · río=ciego/muleta · mercado=linear · estado=ACECHANDO · dir=— · 0=143.16 · Oz=— · Red=142.62584232 · manos=ON · pos=flat · latido=1.50s
[RANGO] ZHIPUUSDT_LINEAL last=144.32 · río=ciego/muleta · mercado=linear · estado=ACECHANDO · dir=— · 0=143.16 · Oz=— · Red=142.62584232 · manos=ON · pos=flat · latido=1.50s
[RANGO] autosello ZHIPU · ACECHANDO · Oz=0.0 link=— · manos_feria_informe.json
[RANGO] ZHIPUUSDT_LINEAL last=144.32 · río=ciego/muleta · mercado=linear · estado=ACECHANDO · dir=— · 0=143.16 · Oz=— · Red=142.62584232 · manos=ON · pos=flat · latido=1.50s
[RANGO] autosello ZHIPU · ACECHANDO · Oz=0.0 link=— · manos_feria_informe.json
[RANGO] ZHIPUUSDT_LINEAL last=144.25 · río=WS · mercado=linear · estado=ACECHANDO · dir=— · 0=143.16 · Oz=— · Red=142.62584232 · manos=ON · pos=flat · latido=1.50s
[RANGO] ZHIPUUSDT_LINEAL last=144.32 · río=ciego/muleta · mercado=linear · estado=ACECHANDO · dir=— · 0=143.16 · Oz=— · Red=142.62584232 · manos=ON · pos=flat · latido=1.50s
[RANGO] autosello ZHIPU · ACECHANDO · Oz=0.0 link=— · manos_feria_informe.json
[RANGO] ZHIPUUSDT_LINEAL last=144.32 · río=ciego/muleta · mercado=linear · estado=ACECHANDO · dir=— · 0=143.16 · Oz=— · Red=142.62584232 · manos=ON · pos=flat · latido=1.50s
[RANGO] autosello ZHIPU · ACECHANDO · Oz=0.0 link=— · manos_feria_informe.json
[RANGO] ZHIPUUSDT_LINEAL last=144.32 · río=ciego/muleta · mercado=linear · estado=ACECHANDO · dir=— · 0=143.16 · Oz=— · Red=142.62584232 · manos=ON · pos=flat · latido=1.50s
[RANGO] autosello ZHIPU · ACECHANDO · Oz=0.0 link=— · manos_feria_informe.json
[RANGO] ZHIPUUSDT_LINEAL last=144.32 · río=ciego/muleta · mercado=linear · estado=ACECHANDO · dir=— · 0=143.16 · Oz=— · Red=142.62584232 · manos=ON · pos=flat · latido=1.50s
[RANGO] ZHIPUUSDT_LINEAL last=144.32 · río=ciego/muleta · mercado=linear · estado=ACECHANDO · dir=— · 0=143.16 · Oz=— · Red=142.62584232 · manos=ON · pos=flat · latido=1.50s
[RANGO] autosello ZHIPU · ACECHANDO · Oz=0.0 link=— · manos_feria_informe.json
[RANGO] ZHIPUUSDT_LINEAL last=144.32 · río=ciego/muleta · mercado=linear · estado=ACECHANDO · dir=— · 0=143.16 · Oz=— · Red=142.62584232 · manos=ON · pos=flat · latido=1.50s
[RANGO] autosello ZHIPU · ACECHANDO · Oz=0.0 link=— · manos_feria_informe.json
[RANGO] ZHIPUUSDT_LINEAL last=144.28 · río=WS · mercado=linear · estado=ACECHANDO · dir=— · 0=143.16 · Oz=— · Red=142.62584232 · manos=ON · pos=flat · latido=1.50s
[RANGO] ZHIPUUSDT_LINEAL last=144.27 · río=WS · mercado=linear · estado=ACECHANDO · dir=— · 0=143.16 · Oz=— · Red=142.62584232 · manos=ON · pos=flat · latido=1.50s
[RANGO] autosello ZHIPU · ACECHANDO · Oz=0.0 link=— · manos_feria_informe.json
[RANGO] ZHIPUUSDT_LINEAL last=144.36 · río=WS · mercado=linear · estado=ACECHANDO · dir=— · 0=143.16 · Oz=— · Red=142.62584232 · manos=ON · pos=flat · latido=1.50s
[2026-08-31 12:50:20] [TUSK] RECONCILIACIÓN: PEOPLEUSDT_LINEAL: interno L:0.000000/S:0.000000 -> real L:29905.000000/S:0.000000
[2026-08-31 12:50:20] [TUSK] RECONCILIACIÓN_FANTASMA: NEARUSD_INVERSE existe interno pero no en exchange -> reseteando
[2026-08-31 12:50:20] [TUSK] RECONCILIACIÓN_FANTASMA: NILUSDT_LINEAL existe interno pero no en exchange -> reseteando
[2026-08-31 12:50:20] [TUSK] RECONCILIACIÓN_OK: 3 frentes alineados con exchange
[RANGO] autosello ZHIPU · ACECHANDO · Oz=0.0 link=— · manos_feria_informe.json
[RANGO] ZHIPUUSDT_LINEAL last=144.27 · río=WS · mercado=linear · estado=ACECHANDO · dir=— · 0=143.16 · Oz=— · Red=142.62584232 · manos=ON · pos=flat · latido=1.50s
[RANGO] ZHIPUUSDT_LINEAL last=144.39 · río=WS · mercado=linear · estado=ACECHANDO · dir=— · 0=143.16 · Oz=— · Red=142.62584232 · manos=ON · pos=flat · latido=1.50s
[RANGO] autosello ZHIPU · ACECHANDO · Oz=0.0 link=— · manos_feria_informe.json
[RANGO] ZHIPUUSDT_LINEAL last=144.32 · río=ciego/muleta · mercado=linear · estado=ACECHANDO · dir=— · 0=143.16 · Oz=— · Red=142.62584232 · manos=ON · pos=flat · latido=1.50s
[RANGO] autosello ZHIPU · ACECHANDO · Oz=0.0 link=— · manos_feria_informe.json
[RANGO] ZHIPUUSDT_LINEAL last=144.32 · río=ciego/muleta · mercado=linear · estado=ACECHANDO · dir=— · 0=143.16 · Oz=— · Red=142.62584232 · manos=ON · pos=flat · latido=1.50s
[RANGO] autosello ZHIPU · ACECHANDO · Oz=0.0 link=— · manos_feria_informe.json
[RANGO] ZHIPUUSDT_LINEAL last=144.34 · río=WS · mercado=linear · estado=ACECHANDO · dir=— · 0=143.16 · Oz=— · Red=142.62584232 · manos=ON · pos=flat · latido=1.50s
[RANGO] ZHIPUUSDT_LINEAL last=144.34 · río=WS · mercado=linear · estado=ACECHANDO · dir=— · 0=143.16 · Oz=— · Red=142.62584232 · manos=ON · pos=flat · latido=1.50s
[RANGO] autosello ZHIPU · ACECHANDO · Oz=0.0 link=— · manos_feria_informe.json
[RANGO] ZHIPUUSDT_LINEAL last=144.39 · río=WS · mercado=linear · estado=ACECHANDO · dir=— · 0=143.16 · Oz=— · Red=142.62584232 · manos=ON · pos=flat · latido=1.50s
[RANGO] autosello ZHIPU · ACECHANDO · Oz=0.0 link=— · manos_feria_informe.json
[RANGO] ZHIPUUSDT_LINEAL last=144.26 · río=WS · mercado=linear · estado=ACECHANDO · dir=— · 0=143.16 · Oz=— · Red=142.62584232 · manos=ON · pos=flat · latido=1.50s
[RANGO] ZHIPUUSDT_LINEAL last=144.34 · río=ciego/muleta · mercado=linear · estado=ACECHANDO · dir=— · 0=143.16 · Oz=— · Red=142.62584232 · manos=ON · pos=flat · latido=1.50s
[RANGO] autosello ZHIPU · ACECHANDO · Oz=0.0 link=— · manos_feria_informe.json
[RANGO] ZHIPUUSDT_LINEAL last=144.34 · río=ciego/muleta · mercado=linear · estado=ACECHANDO · dir=— · 0=143.16 · Oz=— · Red=142.62584232 · manos=ON · pos=flat · latido=1.50s
[RANGO] autosello ZHIPU · ACECHANDO · Oz=0.0 link=— · manos_feria_informe.json
[RANGO] ZHIPUUSDT_LINEAL last=144.34 · río=WS · mercado=linear · estado=ACECHANDO · dir=— · 0=143.16 · Oz=— · Red=142.62584232 · manos=ON · pos=flat · latido=1.50s
[RANGO] ZHIPUUSDT_LINEAL last=144.32 · río=WS · mercado=linear · estado=ACECHANDO · dir=— · 0=143.16 · Oz=— · Red=142.62584232 · manos=ON · pos=flat · latido=1.50s
[2026-08-31 12:52:23] [TUSK] RECONCILIACIÓN: FWDIUSDT_LINEAL: interno L:0.000000/S:0.000000 -> real L:0.000000/S:6.900000
[2026-08-31 12:52:23] [TUSK] RECONCILIACIÓN_FANTASMA: PEOPLEUSDT_LINEAL existe interno pero no en exchange -> reseteando
[2026-08-31 12:52:23] [TUSK] RECONCILIACIÓN_OK: 2 frentes alineados con exchange
[RANGO] autosello ZHIPU · ACECHANDO · Oz=0.0 link=— · manos_feria_informe.json
[RANGO] ZHIPUUSDT_LINEAL last=144.32 · río=WS · mercado=linear · estado=ACECHANDO · dir=— · 0=143.16 · Oz=— · Red=142.62584232 · manos=ON · pos=flat · latido=1.50s
[RANGO] autosello ZHIPU · ACECHANDO · Oz=0.0 link=— · manos_feria_informe.json
[RANGO] ZHIPUUSDT_LINEAL last=144.31 · río=WS · mercado=linear · estado=ACECHANDO · dir=— · 0=143.16 · Oz=— · Red=142.62584232 · manos=ON · pos=flat · latido=1.50s
[RANGO] ZHIPUUSDT_LINEAL last=144.35 · río=ciego/muleta · mercado=linear · estado=ACECHANDO · dir=— · 0=143.16 · Oz=— · Red=142.62584232 · manos=ON · pos=flat · latido=1.50s
[RANGO] autosello ZHIPU · ACECHANDO · Oz=0.0 link=— · manos_feria_informe.json
[RANGO] ZHIPUUSDT_LINEAL last=144.32 · río=WS · mercado=linear · estado=ACECHANDO · dir=— · 0=143.16 · Oz=— · Red=142.62584232 · manos=ON · pos=flat · latido=1.50s
[RANGO] autosello ZHIPU · ACECHANDO · Oz=0.0 link=— · manos_feria_informe.json
[RANGO] ZHIPUUSDT_LINEAL last=144.35 · río=ciego/muleta · mercado=linear · estado=ACECHANDO · dir=— · 0=143.16 · Oz=— · Red=142.62584232 · manos=ON · pos=flat · latido=1.50s
[RANGO] ZHIPUUSDT_LINEAL last=144.34 · río=WS · mercado=linear · estado=ACECHANDO · dir=— · 0=143.16 · Oz=— · Red=142.62584232 · manos=ON · pos=flat · latido=1.50s
[RANGO] autosello ZHIPU · ACECHANDO · Oz=0.0 link=— · manos_feria_informe.json
[RANGO] ZHIPUUSDT_LINEAL last=144.38 · río=WS · mercado=linear · estado=ACECHANDO · dir=— · 0=143.16 · Oz=— · Red=142.62584232 · manos=ON · pos=flat · latido=1.50s
[RANGO] autosello ZHIPU · ACECHANDO · Oz=0.0 link=— · manos_feria_informe.json
[RANGO] ZHIPUUSDT_LINEAL last=144.35 · río=ciego/muleta · mercado=linear · estado=ACECHANDO · dir=— · 0=143.16 · Oz=— · Red=142.62584232 · manos=ON · pos=flat · latido=1.50s
[RANGO] autosello ZHIPU · ACECHANDO · Oz=0.0 link=— · manos_feria_informe.json
[RANGO] ZHIPUUSDT_LINEAL last=144.35 · río=ciego/muleta · mercado=linear · estado=ACECHANDO · dir=— · 0=143.16 · Oz=— · Red=142.62584232 · manos=ON · pos=flat · latido=1.50s
[RANGO] ZHIPUUSDT_LINEAL last=144.35 · río=ciego/muleta · mercado=linear · estado=ACECHANDO · dir=— · 0=143.16 · Oz=— · Red=142.62584232 · manos=ON · pos=flat · latido=1.50s
[RANGO] autosello ZHIPU · ACECHANDO · Oz=0.0 link=— · manos_feria_informe.json
[RANGO] ZHIPUUSDT_LINEAL last=144.35 · río=ciego/muleta · mercado=linear · estado=ACECHANDO · dir=— · 0=143.16 · Oz=— · Red=142.62584232 · manos=ON · pos=flat · latido=1.50s
[RANGO] autosello ZHIPU · ACECHANDO · Oz=0.0 link=— · manos_feria_informe.json
[2026-08-31 12:54:25] [TUSK] RECONCILIACIÓN: PEOPLEUSDT_LINEAL: interno L:0.000000/S:0.000000 -> real L:29905.000000/S:0.000000
[2026-08-31 12:54:25] [TUSK] RECONCILIACIÓN: ESPUSDT_LINEAL: interno L:0.000000/S:0.000000 -> real L:1190.000000/S:0.000000
[2026-08-31 12:54:25] [TUSK] RECONCILIACIÓN_FANTASMA: POWERUSDT_LINEAL existe interno pero no en exchange -> reseteando
[2026-08-31 12:54:25] [TUSK] RECONCILIACIÓN_FANTASMA: NBISUSDT_LINEAL existe interno pero no en exchange -> reseteando
[2026-08-31 12:54:25] [TUSK] RECONCILIACIÓN_OK: 4 frentes alineados con exchange
[RANGO] ZHIPUUSDT_LINEAL last=144.37 · río=WS · mercado=linear · estado=ACECHANDO · dir=— · 0=143.16 · Oz=— · Red=142.62584232 · manos=ON · pos=flat · latido=1.50s
[RANGO] ZHIPUUSDT_LINEAL last=144.37 · río=WS · mercado=linear · estado=ACECHANDO · dir=— · 0=143.16 · Oz=— · Red=142.62584232 · manos=ON · pos=flat · latido=1.50s
[RANGO] autosello ZHIPU · ACECHANDO · Oz=0.0 link=— · manos_feria_informe.json
[RANGO] ZHIPUUSDT_LINEAL last=144.37 · río=WS · mercado=linear · estado=ACECHANDO · dir=— · 0=143.16 · Oz=— · Red=142.62584232 · manos=ON · pos=flat · latido=1.50s
[RANGO] autosello ZHIPU · ACECHANDO · Oz=0.0 link=— · manos_feria_informe.json
[RANGO] ZHIPUUSDT_LINEAL last=144.37 · río=WS · mercado=linear · estado=ACECHANDO · dir=— · 0=143.16 · Oz=— · Red=142.62584232 · manos=ON · pos=flat · latido=1.50s
[RANGO] ZHIPUUSDT_LINEAL last=144.33 · río=WS · mercado=linear · estado=ACECHANDO · dir=— · 0=143.16 · Oz=— · Red=142.62584232 · manos=ON · pos=flat · latido=1.50s
[RANGO] autosello ZHIPU · ACECHANDO · Oz=0.0 link=— · manos_feria_informe.json
[RANGO] ZHIPUUSDT_LINEAL last=144.19 · río=WS · mercado=linear · estado=ACECHANDO · dir=— · 0=143.16 · Oz=— · Red=142.62584232 · manos=ON · pos=flat · latido=1.50s
[RANGO] autosello ZHIPU · ACECHANDO · Oz=0.0 link=— · manos_feria_informe.json
[RANGO] ZHIPUUSDT_LINEAL last=144.29 · río=WS · mercado=linear · estado=ACECHANDO · dir=— · 0=143.16 · Oz=— · Red=142.62584232 · manos=ON · pos=flat · latido=1.50s
[RANGO] ZHIPUUSDT_LINEAL last=144.2 · río=WS · mercado=linear · estado=ACECHANDO · dir=— · 0=143.16 · Oz=— · Red=142.62584232 · manos=ON · pos=flat · latido=1.50s
[RANGO] autosello ZHIPU · ACECHANDO · Oz=0.0 link=— · manos_feria_informe.json
[RANGO] ZHIPUUSDT_LINEAL last=144.33 · río=WS · mercado=linear · estado=ACECHANDO · dir=— · 0=143.16 · Oz=— · Red=142.62584232 · manos=ON · pos=flat · latido=1.50s
[RANGO] autosello ZHIPU · ACECHANDO · Oz=0.0 link=— · manos_feria_informe.json
[RANGO] ZHIPUUSDT_LINEAL last=144.35 · río=ciego/muleta · mercado=linear · estado=ACECHANDO · dir=— · 0=143.16 · Oz=— · Red=142.62584232 · manos=ON · pos=flat · latido=1.50s
[RANGO] ZHIPUUSDT_LINEAL last=144.29 · río=WS · mercado=linear · estado=ACECHANDO · dir=— · 0=143.16 · Oz=— · Red=142.62584232 · manos=ON · pos=flat · latido=1.50s
[RANGO] autosello ZHIPU · ACECHANDO · Oz=0.0 link=— · manos_feria_informe.json
[RANGO] ZHIPUUSDT_LINEAL last=144.2 · río=WS · mercado=linear · estado=ACECHANDO · dir=— · 0=143.16 · Oz=— · Red=142.62584232 · manos=ON · pos=flat · latido=1.50s
[RANGO] autosello ZHIPU · ACECHANDO · Oz=0.0 link=— · manos_feria_informe.json
[RANGO] ZHIPUUSDT_LINEAL last=144.35 · río=ciego/muleta · mercado=linear · estado=ACECHANDO · dir=— · 0=143.16 · Oz=— · Red=142.62584232 · manos=ON · pos=flat · latido=1.50s
[2026-08-31 12:56:29] [TUSK] RECONCILIACIÓN: AKTUSDT_LINEAL: interno L:0.000000/S:0.000000 -> real L:209.400000/S:0.000000
[2026-08-31 12:56:29] [TUSK] RECONCILIACIÓN_FANTASMA: GIGGLEUSDT_LINEAL existe interno pero no en exchange -> reseteando
[2026-08-31 12:56:29] [TUSK] RECONCILIACIÓN_OK: 2 frentes alineados con exchange
[RANGO] ZHIPUUSDT_LINEAL last=144.27 · río=WS · mercado=linear · estado=ACECHANDO · dir=— · 0=143.16 · Oz=— · Red=142.62584232 · manos=ON · pos=flat · latido=1.50s
[RANGO] autosello ZHIPU · ACECHANDO · Oz=0.0 link=— · manos_feria_informe.json
[RANGO] ZHIPUUSDT_LINEAL last=144.21 · río=WS · mercado=linear · estado=ACECHANDO · dir=— · 0=143.16 · Oz=— · Red=142.62584232 · manos=ON · pos=flat · latido=1.50s
[RANGO] autosello ZHIPU · ACECHANDO · Oz=0.0 link=— · manos_feria_informe.json
[RANGO] ZHIPUUSDT_LINEAL last=144.28 · río=ciego/muleta · mercado=linear · estado=ACECHANDO · dir=— · 0=143.16 · Oz=— · Red=142.62584232 · manos=ON · pos=flat · latido=1.50s
[RANGO] ZHIPUUSDT_LINEAL last=144.23 · río=WS · mercado=linear · estado=ACECHANDO · dir=— · 0=143.16 · Oz=— · Red=142.62584232 · manos=ON · pos=flat · latido=1.50s
[RANGO] autosello ZHIPU · ACECHANDO · Oz=0.0 link=— · manos_feria_informe.json
[RANGO] ZHIPUUSDT_LINEAL last=144.22 · río=WS · mercado=linear · estado=ACECHANDO · dir=— · 0=143.16 · Oz=— · Red=142.62584232 · manos=ON · pos=flat · latido=1.50s
[RANGO] autosello ZHIPU · ACECHANDO · Oz=0.0 link=— · manos_feria_informe.json
[RANGO] ZHIPUUSDT_LINEAL last=144.26 · río=WS · mercado=linear · estado=ACECHANDO · dir=— · 0=143.16 · Oz=— · Red=142.62584232 · manos=ON · pos=flat · latido=1.50s
[2026-08-31 12:57:30] [TUSK] RECONCILIACIÓN: DASHUSDT_LINEAL: interno L:0.000000/S:1.270000 -> real L:0.000000/S:1.160000
[2026-08-31 12:57:30] [TUSK] RECONCILIACIÓN_OK: 1 frentes alineados con exchange
[RANGO] autosello ZHIPU · ACECHANDO · Oz=0.0 link=— · manos_feria_informe.json
[RANGO] ZHIPUUSDT_LINEAL last=144.18 · río=WS · mercado=linear · estado=ACECHANDO · dir=— · 0=143.16 · Oz=— · Red=142.62584232 · manos=ON · pos=flat · latido=1.50s
[RANGO] ZHIPUUSDT_LINEAL last=144.28 · río=ciego/muleta · mercado=linear · estado=ACECHANDO · dir=— · 0=143.16 · Oz=— · Red=142.62584232 · manos=ON · pos=flat · latido=1.50s
[RANGO] autosello ZHIPU · ACECHANDO · Oz=0.0 link=— · manos_feria_informe.json
[RANGO] ZHIPUUSDT_LINEAL last=144.28 · río=ciego/muleta · mercado=linear · estado=ACECHANDO · dir=— · 0=143.16 · Oz=— · Red=142.62584232 · manos=ON · pos=flat · latido=1.50s
[RANGO] autosello ZHIPU · ACECHANDO · Oz=0.0 link=— · manos_feria_informe.json
[RANGO] ZHIPUUSDT_LINEAL last=144.22 · río=WS · mercado=linear · estado=ACECHANDO · dir=— · 0=143.16 · Oz=— · Red=142.62584232 · manos=ON · pos=flat · latido=1.50s
[RANGO] ZHIPUUSDT_LINEAL last=144.32 · río=WS · mercado=linear · estado=ACECHANDO · dir=— · 0=143.16 · Oz=— · Red=142.62584232 · manos=ON · pos=flat · latido=1.50s
[RANGO] autosello ZHIPU · ACECHANDO · Oz=0.0 link=— · manos_feria_informe.json
[RANGO] ZHIPUUSDT_LINEAL last=144.28 · río=ciego/muleta · mercado=linear · estado=ACECHANDO · dir=— · 0=143.16 · Oz=— · Red=142.62584232 · manos=ON · pos=flat · latido=1.50s
[RANGO] autosello ZHIPU · ACECHANDO · Oz=0.0 link=— · manos_feria_informe.json
[RANGO] ZHIPUUSDT_LINEAL last=144.28 · río=ciego/muleta · mercado=linear · estado=ACECHANDO · dir=— · 0=143.16 · Oz=— · Red=142.62584232 · manos=ON · pos=flat · latido=1.50s
[RANGO] ZHIPUUSDT_LINEAL last=144.28 · río=ciego/muleta · mercado=linear · estado=ACECHANDO · dir=— · 0=143.16 · Oz=— · Red=142.62584232 · manos=ON · pos=flat · latido=1.50s
[RANGO] autosello ZHIPU · ACECHANDO · Oz=0.0 link=— · manos_feria_informe.json
[RANGO] ZHIPUUSDT_LINEAL last=144.28 · río=ciego/muleta · mercado=linear · estado=ACECHANDO · dir=— · 0=143.16 · Oz=— · Red=142.62584232 · manos=ON · pos=flat · latido=1.50s
[RANGO] autosello ZHIPU · ACECHANDO · Oz=0.0 link=— · manos_feria_informe.json
[RANGO] ZHIPUUSDT_LINEAL last=144.28 · río=ciego/muleta · mercado=linear · estado=ACECHANDO · dir=— · 0=143.16 · Oz=— · Red=142.62584232 · manos=ON · pos=flat · latido=1.50s
[RANGO] ZHIPUUSDT_LINEAL last=144.19 · río=WS · mercado=linear · estado=ACECHANDO · dir=— · 0=143.16 · Oz=— · Red=142.62584232 · manos=ON · pos=flat · latido=1.50s
[RANGO] autosello ZHIPU · ACECHANDO · Oz=0.0 link=— · manos_feria_informe.json
[RANGO] ZHIPUUSDT_LINEAL last=144.23 · río=WS · mercado=linear · estado=ACECHANDO · dir=— · 0=143.16 · Oz=— · Red=142.62584232 · manos=ON · pos=flat · latido=1.50s
[RANGO] autosello ZHIPU · ACECHANDO · Oz=0.0 link=— · manos_feria_informe.json
[RANGO] ZHIPUUSDT_LINEAL last=144.28 · río=ciego/muleta · mercado=linear · estado=ACECHANDO · dir=— · 0=143.16 · Oz=— · Red=142.62584232 · manos=ON · pos=flat · latido=1.50s
[RANGO] autosello ZHIPU · ACECHANDO · Oz=0.0 link=— · manos_feria_informe.json
[RANGO] ZHIPUUSDT_LINEAL last=144.28 · río=ciego/muleta · mercado=linear · estado=ACECHANDO · dir=— · 0=143.16 · Oz=— · Red=142.62584232 · manos=ON · pos=flat · latido=1.50s
[RANGO] ZHIPUUSDT_LINEAL last=144.19 · río=WS · mercado=linear · estado=ACECHANDO · dir=— · 0=143.16 · Oz=— · Red=142.62584232 · manos=ON · pos=flat · latido=1.50s
[RANGO] autosello ZHIPU · ACECHANDO · Oz=0.0 link=— · manos_feria_informe.json
[RANGO] ZHIPUUSDT_LINEAL last=144.19 · río=ciego/muleta · mercado=linear · estado=ACECHANDO · dir=— · 0=143.16 · Oz=— · Red=142.62584232 · manos=ON · pos=flat · latido=1.50s
[RANGO] autosello ZHIPU · ACECHANDO · Oz=0.0 link=— · manos_feria_informe.json
[RANGO] ZHIPUUSDT_LINEAL last=144.19 · río=ciego/muleta · mercado=linear · estado=ACECHANDO · dir=— · 0=143.16 · Oz=— · Red=142.62584232 · manos=ON · pos=flat · latido=1.50s
[2026-08-31 13:00:34] [TUSK] RECONCILIACIÓN: PRLUSDT_LINEAL: interno L:0.000000/S:0.000000 -> real L:1308.000000/S:0.000000
[2026-08-31 13:00:34] [TUSK] RECONCILIACIÓN_FANTASMA: AKTUSDT_LINEAL existe interno pero no en exchange -> reseteando
[2026-08-31 13:00:34] [TUSK] RECONCILIACIÓN_OK: 2 frentes alineados con exchange
[RANGO] ZHIPUUSDT_LINEAL last=144.19 · río=ciego/muleta · mercado=linear · estado=ACECHANDO · dir=— · 0=143.16 · Oz=— · Red=142.62584232 · manos=ON · pos=flat · latido=1.50s
[RANGO] autosello ZHIPU · ACECHANDO · Oz=0.0 link=— · manos_feria_informe.json
[RANGO] ZHIPUUSDT_LINEAL last=144.22 · río=WS · mercado=linear · estado=ACECHANDO · dir=— · 0=143.16 · Oz=— · Red=142.62584232 · manos=ON · pos=flat · latido=1.50s
[RANGO] autosello ZHIPU · ACECHANDO · Oz=0.0 link=— · manos_feria_informe.json
[RANGO] ZHIPUUSDT_LINEAL last=144.22 · río=WS · mercado=linear · estado=ACECHANDO · dir=— · 0=143.16 · Oz=— · Red=142.62584232 · manos=ON · pos=flat · latido=1.50s
[RANGO] ZHIPUUSDT_LINEAL last=144.24 · río=WS · mercado=linear · estado=ACECHANDO · dir=— · 0=143.16 · Oz=— · Red=142.62584232 · manos=ON · pos=flat · latido=1.50s
[RANGO] autosello ZHIPU · ACECHANDO · Oz=0.0 link=— · manos_feria_informe.json
[RANGO] ZHIPUUSDT_LINEAL last=144.21 · río=WS · mercado=linear · estado=ACECHANDO · dir=— · 0=143.16 · Oz=— · Red=142.62584232 · manos=ON · pos=flat · latido=1.50s
[RANGO] autosello ZHIPU · ACECHANDO · Oz=0.0 link=— · manos_feria_informe.json
[RANGO] ZHIPUUSDT_LINEAL last=144.21 · río=WS · mercado=linear · estado=ACECHANDO · dir=— · 0=143.16 · Oz=— · Red=142.62584232 · manos=ON · pos=flat · latido=1.50s
[RANGO] ZHIPUUSDT_LINEAL last=144.2 · río=WS · mercado=linear · estado=ACECHANDO · dir=— · 0=143.16 · Oz=— · Red=142.62584232 · manos=ON · pos=flat · latido=1.50s
[RANGO] autosello ZHIPU · ACECHANDO · Oz=0.0 link=— · manos_feria_informe.json
[RANGO] ZHIPUUSDT_LINEAL last=144.21 · río=ciego/muleta · mercado=linear · estado=ACECHANDO · dir=— · 0=143.16 · Oz=— · Red=142.62584232 · manos=ON · pos=flat · latido=1.50s
[RANGO] autosello ZHIPU · ACECHANDO · Oz=0.0 link=— · manos_feria_informe.json
[RANGO] ZHIPUUSDT_LINEAL last=144.2 · río=WS · mercado=linear · estado=ACECHANDO · dir=— · 0=143.16 · Oz=— · Red=142.62584232 · manos=ON · pos=flat · latido=1.50s
[RANGO] ZHIPUUSDT_LINEAL last=144.23 · río=WS · mercado=linear · estado=ACECHANDO · dir=— · 0=143.16 · Oz=— · Red=142.62584232 · manos=ON · pos=flat · latido=1.50s
[RANGO] autosello ZHIPU · ACECHANDO · Oz=0.0 link=— · manos_feria_informe.json
[RANGO] ZHIPUUSDT_LINEAL last=144.23 · río=WS · mercado=linear · estado=ACECHANDO · dir=— · 0=143.16 · Oz=— · Red=142.62584232 · manos=ON · pos=flat · latido=1.50s
[RANGO] autosello ZHIPU · ACECHANDO · Oz=0.0 link=— · manos_feria_informe.json
[RANGO] ZHIPUUSDT_LINEAL last=144.24 · río=WS · mercado=linear · estado=ACECHANDO · dir=— · 0=143.16 · Oz=— · Red=142.62584232 · manos=ON · pos=flat · latido=1.50s
[RANGO] ZHIPUUSDT_LINEAL last=144.21 · río=ciego/muleta · mercado=linear · estado=ACECHANDO · dir=— · 0=143.16 · Oz=— · Red=142.62584232 · manos=ON · pos=flat · latido=1.50s
[RANGO] autosello ZHIPU · ACECHANDO · Oz=0.0 link=— · manos_feria_informe.json
[RANGO] ZHIPUUSDT_LINEAL last=144.23 · río=WS · mercado=linear · estado=ACECHANDO · dir=— · 0=143.16 · Oz=— · Red=142.62584232 · manos=ON · pos=flat · latido=1.50s
[RANGO] autosello ZHIPU · ACECHANDO · Oz=0.0 link=— · manos_feria_informe.json
[RANGO] ZHIPUUSDT_LINEAL last=144.25 · río=WS · mercado=linear · estado=ACECHANDO · dir=— · 0=143.16 · Oz=— · Red=142.62584232 · manos=ON · pos=flat · latido=1.50s
[RANGO] autosello ZHIPU · ACECHANDO · Oz=0.0 link=— · manos_feria_informe.json
[RANGO] ZHIPUUSDT_LINEAL last=144.23 · río=WS · mercado=linear · estado=ACECHANDO · dir=— · 0=143.16 · Oz=— · Red=142.62584232 · manos=ON · pos=flat · latido=1.50s
[RANGO] ZHIPUUSDT_LINEAL last=144.21 · río=ciego/muleta · mercado=linear · estado=ACECHANDO · dir=— · 0=143.16 · Oz=— · Red=142.62584232 · manos=ON · pos=flat · latido=1.50s
[RANGO] autosello ZHIPU · ACECHANDO · Oz=0.0 link=— · manos_feria_informe.json
[RANGO] ZHIPUUSDT_LINEAL last=144.21 · río=ciego/muleta · mercado=linear · estado=ACECHANDO · dir=— · 0=143.16 · Oz=— · Red=142.62584232 · manos=ON · pos=flat · latido=1.50s
[RANGO] autosello ZHIPU · ACECHANDO · Oz=0.0 link=— · manos_feria_informe.json
[RANGO] ZHIPUUSDT_LINEAL last=144.21 · río=ciego/muleta · mercado=linear · estado=ACECHANDO · dir=— · 0=143.16 · Oz=— · Red=142.62584232 · manos=ON · pos=flat · latido=1.50s
[RANGO] ZHIPUUSDT_LINEAL last=144.21 · río=ciego/muleta · mercado=linear · estado=ACECHANDO · dir=— · 0=143.16 · Oz=— · Red=142.62584232 · manos=ON · pos=flat · latido=1.50s
[RANGO] autosello ZHIPU · ACECHANDO · Oz=0.0 link=— · manos_feria_informe.json
[RANGO] ZHIPUUSDT_LINEAL last=144.26 · río=WS · mercado=linear · estado=ACECHANDO · dir=— · 0=143.16 · Oz=— · Red=142.62584232 · manos=ON · pos=flat · latido=1.50s
[RANGO] autosello ZHIPU · ACECHANDO · Oz=0.0 link=— · manos_feria_informe.json
[RANGO] ZHIPUUSDT_LINEAL last=144.26 · río=WS · mercado=linear · estado=ACECHANDO · dir=— · 0=143.16 · Oz=— · Red=142.62584232 · manos=ON · pos=flat · latido=1.50s
[RANGO] ZHIPUUSDT_LINEAL last=144.23 · río=ciego/muleta · mercado=linear · estado=ACECHANDO · dir=— · 0=143.16 · Oz=— · Red=142.62584232 · manos=ON · pos=flat · latido=1.50s
[RANGO] autosello ZHIPU · ACECHANDO · Oz=0.0 link=— · manos_feria_informe.json
[RANGO] ZHIPUUSDT_LINEAL last=144.23 · río=ciego/muleta · mercado=linear · estado=ACECHANDO · dir=— · 0=143.16 · Oz=— · Red=142.62584232 · manos=ON · pos=flat · latido=1.50s
[RANGO] autosello ZHIPU · ACECHANDO · Oz=0.0 link=— · manos_feria_informe.json
[RANGO] ZHIPUUSDT_LINEAL last=144.23 · río=ciego/muleta · mercado=linear · estado=ACECHANDO · dir=— · 0=143.16 · Oz=— · Red=142.62584232 · manos=ON · pos=flat · latido=1.50s
[RANGO] ZHIPUUSDT_LINEAL last=144.23 · río=WS · mercado=linear · estado=ACECHANDO · dir=— · 0=143.16 · Oz=— · Red=142.62584232 · manos=ON · pos=flat · latido=1.50s
[RANGO] autosello ZHIPU · ACECHANDO · Oz=0.0 link=— · manos_feria_informe.json
[RANGO] ZHIPUUSDT_LINEAL last=144.32 · río=WS · mercado=linear · estado=ACECHANDO · dir=— · 0=143.16 · Oz=— · Red=142.62584232 · manos=ON · pos=flat · latido=1.50s
[RANGO] autosello ZHIPU · ACECHANDO · Oz=0.0 link=— · manos_feria_informe.json
[RANGO] ZHIPUUSDT_LINEAL last=144.23 · río=ciego/muleta · mercado=linear · estado=ACECHANDO · dir=— · 0=143.16 · Oz=— · Red=142.62584232 · manos=ON · pos=flat · latido=1.50s
[RANGO] autosello ZHIPU · ACECHANDO · Oz=0.0 link=— · manos_feria_informe.json
[RANGO] ZHIPUUSDT_LINEAL last=144.23 · río=ciego/muleta · mercado=linear · estado=ACECHANDO · dir=— · 0=143.16 · Oz=— · Red=142.62584232 · manos=ON · pos=flat · latido=1.50s
[RANGO] ZHIPUUSDT_LINEAL last=144.21 · río=WS · mercado=linear · estado=ACECHANDO · dir=— · 0=143.16 · Oz=— · Red=142.62584232 · manos=ON · pos=flat · latido=1.50s
[RANGO] autosello ZHIPU · ACECHANDO · Oz=0.0 link=— · manos_feria_informe.json
[RANGO] ZHIPUUSDT_LINEAL last=144.21 · río=WS · mercado=linear · estado=ACECHANDO · dir=— · 0=143.16 · Oz=— · Red=142.62584232 · manos=ON · pos=flat · latido=1.50s
[RANGO] autosello ZHIPU · ACECHANDO · Oz=0.0 link=— · manos_feria_informe.json
[RANGO] ZHIPUUSDT_LINEAL last=144.21 · río=ciego/muleta · mercado=linear · estado=ACECHANDO · dir=— · 0=143.16 · Oz=— · Red=142.62584232 · manos=ON · pos=flat · latido=1.50s
[RANGO] ZHIPUUSDT_LINEAL last=144.21 · río=ciego/muleta · mercado=linear · estado=ACECHANDO · dir=— · 0=143.16 · Oz=— · Red=142.62584232 · manos=ON · pos=flat · latido=1.50s
[RANGO] autosello ZHIPU · ACECHANDO · Oz=0.0 link=— · manos_feria_informe.json
[RANGO] ZHIPUUSDT_LINEAL last=144.2 · río=WS · mercado=linear · estado=ACECHANDO · dir=— · 0=143.16 · Oz=— · Red=142.62584232 · manos=ON · pos=flat · latido=1.50s
[RANGO] autosello ZHIPU · ACECHANDO · Oz=0.0 link=— · manos_feria_informe.json
[RANGO] ZHIPUUSDT_LINEAL last=144.22 · río=WS · mercado=linear · estado=ACECHANDO · dir=— · 0=143.16 · Oz=— · Red=142.62584232 · manos=ON · pos=flat · latido=1.50s
[RANGO] ZHIPUUSDT_LINEAL last=144.2 · río=WS · mercado=linear · estado=ACECHANDO · dir=— · 0=143.16 · Oz=— · Red=142.62584232 · manos=ON · pos=flat · latido=1.50s
[RANGO] autosello ZHIPU · ACECHANDO · Oz=0.0 link=— · manos_feria_informe.json
[2026-08-31 13:06:42] [TUSK] RECONCILIACIÓN: FWDIUSDT_LINEAL: interno L:0.000000/S:6.900000 -> real L:0.000000/S:7.700000
[2026-08-31 13:06:42] [TUSK] RECONCILIACIÓN_OK: 1 frentes alineados con exchange
[RANGO] ZHIPUUSDT_LINEAL last=144.26 · río=WS · mercado=linear · estado=ACECHANDO · dir=— · 0=143.16 · Oz=— · Red=142.62584232 · manos=ON · pos=flat · latido=1.50s
[RANGO] autosello ZHIPU · ACECHANDO · Oz=0.0 link=— · manos_feria_informe.json
[RANGO] ZHIPUUSDT_LINEAL last=144.21 · río=ciego/muleta · mercado=linear · estado=ACECHANDO · dir=— · 0=143.16 · Oz=— · Red=142.62584232 · manos=ON · pos=flat · latido=1.50s
[RANGO] ZHIPUUSDT_LINEAL last=144.37 · río=ciego/muleta · mercado=linear · estado=ACECHANDO · dir=— · 0=143.16 · Oz=— · Red=142.62584232 · manos=ON · pos=flat · latido=1.50s
[RANGO] autosello ZHIPU · ACECHANDO · Oz=0.0 link=— · manos_feria_informe.json
[RANGO] ZHIPUUSDT_LINEAL last=144.37 · río=ciego/muleta · mercado=linear · estado=ACECHANDO · dir=— · 0=143.16 · Oz=— · Red=142.62584232 · manos=ON · pos=flat · latido=1.50s
[RANGO] autosello ZHIPU · ACECHANDO · Oz=0.0 link=— · manos_feria_informe.json
[RANGO] ZHIPUUSDT_LINEAL last=144.42 · río=WS · mercado=linear · estado=ACECHANDO · dir=— · 0=143.16 · Oz=— · Red=142.62584232 · manos=ON · pos=flat · latido=1.50s
[RANGO] autosello ZHIPU · ACECHANDO · Oz=0.0 link=— · manos_feria_informe.json
[RANGO] ZHIPUUSDT_LINEAL last=144.37 · río=ciego/muleta · mercado=linear · estado=ACECHANDO · dir=— · 0=143.16 · Oz=— · Red=142.62584232 · manos=ON · pos=flat · latido=1.50s
[RANGO] ZHIPUUSDT_LINEAL last=144.37 · río=ciego/muleta · mercado=linear · estado=ACECHANDO · dir=— · 0=143.16 · Oz=— · Red=142.62584232 · manos=ON · pos=flat · latido=1.50s
[RANGO] autosello ZHIPU · ACECHANDO · Oz=0.0 link=— · manos_feria_informe.json
[RANGO] ZHIPUUSDT_LINEAL last=144.46 · río=WS · mercado=linear · estado=ACECHANDO · dir=— · 0=143.16 · Oz=— · Red=142.62584232 · manos=ON · pos=flat · latido=1.50s
[RANGO] autosello ZHIPU · ACECHANDO · Oz=0.0 link=— · manos_feria_informe.json
[RANGO] ZHIPUUSDT_LINEAL last=144.33 · río=WS · mercado=linear · estado=ACECHANDO · dir=— · 0=143.16 · Oz=— · Red=142.62584232 · manos=ON · pos=flat · latido=1.50s
[RANGO] ZHIPUUSDT_LINEAL last=144.34 · río=WS · mercado=linear · estado=ACECHANDO · dir=— · 0=143.16 · Oz=— · Red=142.62584232 · manos=ON · pos=flat · latido=1.50s
[RANGO] autosello ZHIPU · ACECHANDO · Oz=0.0 link=— · manos_feria_informe.json
[RANGO] ZHIPUUSDT_LINEAL last=144.54 · río=WS · mercado=linear · estado=ACECHANDO · dir=— · 0=143.16 · Oz=— · Red=142.62584232 · manos=ON · pos=flat · latido=1.50s
[RANGO] autosello ZHIPU · ACECHANDO · Oz=0.0 link=— · manos_feria_informe.json
[RANGO] ZHIPUUSDT_LINEAL last=144.38 · río=WS · mercado=linear · estado=ACECHANDO · dir=— · 0=143.16 · Oz=— · Red=142.62584232 · manos=ON · pos=flat · latido=1.50s
[2026-08-31 13:08:44] [TUSK] RECONCILIACIÓN: DASHUSDT_LINEAL: interno L:0.000000/S:1.160000 -> real L:0.000000/S:0.940000
[2026-08-31 13:08:44] [TUSK] RECONCILIACIÓN_OK: 1 frentes alineados con exchange
[RANGO] ZHIPUUSDT_LINEAL last=144.4 · río=WS · mercado=linear · estado=ACECHANDO · dir=— · 0=143.16 · Oz=— · Red=142.62584232 · manos=ON · pos=flat · latido=1.50s
[RANGO] autosello ZHIPU · ACECHANDO · Oz=0.0 link=— · manos_feria_informe.json
[RANGO] ZHIPUUSDT_LINEAL last=144.67 · río=WS · mercado=linear · estado=ACECHANDO · dir=— · 0=143.16 · Oz=— · Red=142.62584232 · manos=ON · pos=flat · latido=1.50s
[RANGO] autosello ZHIPU · ACECHANDO · Oz=0.0 link=— · manos_feria_informe.json
[RANGO] ZHIPUUSDT_LINEAL last=144.45 · río=WS · mercado=linear · estado=ACECHANDO · dir=— · 0=143.16 · Oz=— · Red=142.62584232 · manos=ON · pos=flat · latido=1.50s
[RANGO] ZHIPUUSDT_LINEAL last=144.63 · río=WS · mercado=linear · estado=ACECHANDO · dir=— · 0=143.16 · Oz=— · Red=142.62584232 · manos=ON · pos=flat · latido=1.50s
[RANGO] autosello ZHIPU · ACECHANDO · Oz=0.0 link=— · manos_feria_informe.json
[RANGO] ZHIPUUSDT_LINEAL last=144.54 · río=WS · mercado=linear · estado=ACECHANDO · dir=— · 0=143.16 · Oz=— · Red=142.62584232 · manos=ON · pos=flat · latido=1.50s
[RANGO] autosello ZHIPU · ACECHANDO · Oz=0.0 link=— · manos_feria_informe.json
[RANGO] ZHIPUUSDT_LINEAL last=144.51 · río=WS · mercado=linear · estado=ACECHANDO · dir=— · 0=143.16 · Oz=— · Red=142.62584232 · manos=ON · pos=flat · latido=1.50s
[2026-08-31 13:09:45] [TUSK] RECONCILIACIÓN: DASHUSDT_LINEAL: interno L:0.000000/S:0.940000 -> real L:0.000000/S:0.820000
[2026-08-31 13:09:45] [TUSK] RECONCILIACIÓN: WDCUSDT_LINEAL: interno L:0.000000/S:0.000000 -> real L:0.020000/S:0.000000
[2026-08-31 13:09:45] [TUSK] RECONCILIACIÓN_FANTASMA: ESPUSDT_LINEAL existe interno pero no en exchange -> reseteando
[2026-08-31 13:09:45] [TUSK] RECONCILIACIÓN_OK: 3 frentes alineados con exchange
[RANGO] ZHIPUUSDT_LINEAL last=144.52 · río=WS · mercado=linear · estado=ACECHANDO · dir=— · 0=143.16 · Oz=— · Red=142.62584232 · manos=ON · pos=flat · latido=1.50s
[RANGO] autosello ZHIPU · ACECHANDO · Oz=0.0 link=— · manos_feria_informe.json
[RANGO] ZHIPUUSDT_LINEAL last=144.63 · río=WS · mercado=linear · estado=ACECHANDO · dir=— · 0=143.16 · Oz=— · Red=142.62584232 · manos=ON · pos=flat · latido=1.50s
[RANGO] autosello ZHIPU · ACECHANDO · Oz=0.0 link=— · manos_feria_informe.json
[RANGO] ZHIPUUSDT_LINEAL last=144.55 · río=WS · mercado=linear · estado=ACECHANDO · dir=— · 0=143.16 · Oz=— · Red=142.62584232 · manos=ON · pos=flat · latido=1.50s
[RANGO] ZHIPUUSDT_LINEAL last=144.57 · río=WS · mercado=linear · estado=ACECHANDO · dir=— · 0=143.16 · Oz=— · Red=142.62584232 · manos=ON · pos=flat · latido=1.50s
[RANGO] autosello ZHIPU · ACECHANDO · Oz=0.0 link=— · manos_feria_informe.json
[RANGO] ZHIPUUSDT_LINEAL last=144.59 · río=WS · mercado=linear · estado=ACECHANDO · dir=— · 0=143.16 · Oz=— · Red=142.62584232 · manos=ON · pos=flat · latido=1.50s
[RANGO] autosello ZHIPU · ACECHANDO · Oz=0.0 link=— · manos_feria_informe.json
[RANGO] ZHIPUUSDT_LINEAL last=144.6 · río=WS · mercado=linear · estado=ACECHANDO · dir=— · 0=143.16 · Oz=— · Red=142.62584232 · manos=ON · pos=flat · latido=1.50s
[2026-08-31 13:10:46] [TUSK] RECONCILIACIÓN: TERUSDT_LINEAL: interno L:0.000000/S:0.000000 -> real L:0.100000/S:0.000000
[2026-08-31 13:10:46] [TUSK] RECONCILIACIÓN_FANTASMA: PEOPLEUSDT_LINEAL existe interno pero no en exchange -> reseteando
[2026-08-31 13:10:46] [TUSK] RECONCILIACIÓN_OK: 2 frentes alineados con exchange
[RANGO] ZHIPUUSDT_LINEAL last=144.61 · río=WS · mercado=linear · estado=ACECHANDO · dir=— · 0=143.16 · Oz=— · Red=142.62584232 · manos=ON · pos=flat · latido=1.50s
[RANGO] autosello ZHIPU · ACECHANDO · Oz=0.0 link=— · manos_feria_informe.json
[RANGO] ZHIPUUSDT_LINEAL last=144.52 · río=WS · mercado=linear · estado=ACECHANDO · dir=— · 0=143.16 · Oz=— · Red=142.62584232 · manos=ON · pos=flat · latido=1.50s
[RANGO] autosello ZHIPU · ACECHANDO · Oz=0.0 link=— · manos_feria_informe.json
[RANGO] ZHIPUUSDT_LINEAL last=144.65 · río=WS · mercado=linear · estado=ACECHANDO · dir=— · 0=143.16 · Oz=— · Red=142.62584232 · manos=ON · pos=flat · latido=1.50s
[RANGO] ZHIPUUSDT_LINEAL last=144.61 · río=WS · mercado=linear · estado=ACECHANDO · dir=— · 0=143.16 · Oz=— · Red=142.62584232 · manos=ON · pos=flat · latido=1.50s
[RANGO] autosello ZHIPU · ACECHANDO · Oz=0.0 link=— · manos_feria_informe.json
[RANGO] ZHIPUUSDT_LINEAL last=144.61 · río=WS · mercado=linear · estado=ACECHANDO · dir=— · 0=143.16 · Oz=— · Red=142.62584232 · manos=ON · pos=flat · latido=1.50s
[RANGO] autosello ZHIPU · ACECHANDO · Oz=0.0 link=— · manos_feria_informe.json
[RANGO] ZHIPUUSDT_LINEAL last=144.66 · río=WS · mercado=linear · estado=ACECHANDO · dir=— · 0=143.16 · Oz=— · Red=142.62584232 · manos=ON · pos=flat · latido=1.50s
[RANGO] ZHIPUUSDT_LINEAL last=144.49 · río=WS · mercado=linear · estado=ACECHANDO · dir=— · 0=143.16 · Oz=— · Red=142.62584232 · manos=ON · pos=flat · latido=1.50s
[RANGO] autosello ZHIPU · ACECHANDO · Oz=0.0 link=— · manos_feria_informe.json
[RANGO] ZHIPUUSDT_LINEAL last=144.59 · río=WS · mercado=linear · estado=ACECHANDO · dir=— · 0=143.16 · Oz=— · Red=142.62584232 · manos=ON · pos=flat · latido=1.50s
[RANGO] autosello ZHIPU · ACECHANDO · Oz=0.0 link=— · manos_feria_informe.json
[RANGO] ZHIPUUSDT_LINEAL last=144.63 · río=ciego/muleta · mercado=linear · estado=ACECHANDO · dir=— · 0=143.16 · Oz=— · Red=142.62584232 · manos=ON · pos=flat · latido=1.50s
[RANGO] ZHIPUUSDT_LINEAL last=144.58 · río=WS · mercado=linear · estado=ACECHANDO · dir=— · 0=143.16 · Oz=— · Red=142.62584232 · manos=ON · pos=flat · latido=1.50s
[RANGO] autosello ZHIPU · ACECHANDO · Oz=0.0 link=— · manos_feria_informe.json
[RANGO] ZHIPUUSDT_LINEAL last=144.67 · río=WS · mercado=linear · estado=ACECHANDO · dir=— · 0=143.16 · Oz=— · Red=142.62584232 · manos=ON · pos=flat · latido=1.50s
[RANGO] autosello ZHIPU · ACECHANDO · Oz=0.0 link=— · manos_feria_informe.json
[RANGO] ZHIPUUSDT_LINEAL last=144.63 · río=ciego/muleta · mercado=linear · estado=ACECHANDO · dir=— · 0=143.16 · Oz=— · Red=142.62584232 · manos=ON · pos=flat · latido=1.50s
[RANGO] ZHIPUUSDT_LINEAL last=144.71 · río=WS · mercado=linear · estado=ACECHANDO · dir=— · 0=143.16 · Oz=— · Red=142.62584232 · manos=ON · pos=flat · latido=1.50s
[RANGO] autosello ZHIPU · ACECHANDO · Oz=0.0 link=— · manos_feria_informe.json
[RANGO] ZHIPUUSDT_LINEAL last=144.59 · río=WS · mercado=linear · estado=ACECHANDO · dir=— · 0=143.16 · Oz=— · Red=142.62584232 · manos=ON · pos=flat · latido=1.50s
[RANGO] autosello ZHIPU · ACECHANDO · Oz=0.0 link=— · manos_feria_informe.json
[RANGO] ZHIPUUSDT_LINEAL last=144.63 · río=ciego/muleta · mercado=linear · estado=ACECHANDO · dir=— · 0=143.16 · Oz=— · Red=142.62584232 · manos=ON · pos=flat · latido=1.50s
[RANGO] autosello ZHIPU · ACECHANDO · Oz=0.0 link=— · manos_feria_informe.json
[RANGO] ZHIPUUSDT_LINEAL last=144.58 · río=WS · mercado=linear · estado=ACECHANDO · dir=— · 0=143.16 · Oz=— · Red=142.62584232 · manos=ON · pos=flat · latido=1.50s
[RANGO] ZHIPUUSDT_LINEAL last=144.75 · río=WS · mercado=linear · estado=ACECHANDO · dir=— · 0=143.16 · Oz=— · Red=142.62584232 · manos=ON · pos=flat · latido=1.50s
[RANGO] autosello ZHIPU · ACECHANDO · Oz=0.0 link=— · manos_feria_informe.json
[RANGO] ZHIPUUSDT_LINEAL last=144.61 · río=WS · mercado=linear · estado=ACECHANDO · dir=— · 0=143.16 · Oz=— · Red=142.62584232 · manos=ON · pos=flat · latido=1.50s
[2026-08-31 13:13:50] [TUSK] RECONCILIACIÓN: ONDSUSDT_LINEAL: interno L:0.000000/S:0.000000 -> real L:2.100000/S:0.000000
[2026-08-31 13:13:50] [TUSK] RECONCILIACIÓN_FANTASMA: MRVLUSDT_LINEAL existe interno pero no en exchange -> reseteando
[2026-08-31 13:13:50] [TUSK] RECONCILIACIÓN_OK: 2 frentes alineados con exchange
[RANGO] autosello ZHIPU · ACECHANDO · Oz=0.0 link=— · manos_feria_informe.json
[RANGO] ZHIPUUSDT_LINEAL last=144.85 · río=WS · mercado=linear · estado=ACECHANDO · dir=— · 0=143.16 · Oz=— · Red=142.62584232 · manos=ON · pos=flat · latido=1.50s
[RANGO] ZHIPUUSDT_LINEAL last=144.87 · río=WS · mercado=linear · estado=ACECHANDO · dir=— · 0=143.16 · Oz=— · Red=142.62584232 · manos=ON · pos=flat · latido=1.50s
[RANGO] autosello ZHIPU · ACECHANDO · Oz=0.0 link=— · manos_feria_informe.json
[RANGO] ZHIPUUSDT_LINEAL last=144.7 · río=WS · mercado=linear · estado=ACECHANDO · dir=— · 0=143.16 · Oz=— · Red=142.62584232 · manos=ON · pos=flat · latido=1.50s
[RANGO] autosello ZHIPU · ACECHANDO · Oz=0.0 link=— · manos_feria_informe.json
[RANGO] ZHIPUUSDT_LINEAL last=144.78 · río=WS · mercado=linear · estado=ACECHANDO · dir=— · 0=143.16 · Oz=— · Red=142.62584232 · manos=ON · pos=flat · latido=1.50s
[RANGO] ZHIPUUSDT_LINEAL last=144.93 · río=WS · mercado=linear · estado=ACECHANDO · dir=— · 0=143.16 · Oz=— · Red=142.62584232 · manos=ON · pos=flat · latido=1.50s
[RANGO] autosello ZHIPU · ACECHANDO · Oz=0.0 link=— · manos_feria_informe.json
[RANGO] ZHIPUUSDT_LINEAL last=144.71 · río=WS · mercado=linear · estado=ACECHANDO · dir=— · 0=143.16 · Oz=— · Red=142.62584232 · manos=ON · pos=flat · latido=1.50s
[RANGO] autosello ZHIPU · ACECHANDO · Oz=0.0 link=— · manos_feria_informe.json
[RANGO] ZHIPUUSDT_LINEAL last=144.93 · río=WS · mercado=linear · estado=ACECHANDO · dir=— · 0=143.16 · Oz=— · Red=142.62584232 · manos=ON · pos=flat · latido=1.50s
[RANGO] ZHIPUUSDT_LINEAL last=144.79 · río=WS · mercado=linear · estado=ACECHANDO · dir=— · 0=143.16 · Oz=— · Red=142.62584232 · manos=ON · pos=flat · latido=1.50s
[RANGO] autosello ZHIPU · ACECHANDO · Oz=0.0 link=— · manos_feria_informe.json
[RANGO] ZHIPUUSDT_LINEAL last=144.78 · río=WS · mercado=linear · estado=ACECHANDO · dir=— · 0=143.16 · Oz=— · Red=142.62584232 · manos=ON · pos=flat · latido=1.50s
[RANGO] autosello ZHIPU · ACECHANDO · Oz=0.0 link=— · manos_feria_informe.json
[RANGO] ZHIPUUSDT_LINEAL last=144.91 · río=WS · mercado=linear · estado=ACECHANDO · dir=— · 0=143.16 · Oz=— · Red=142.62584232 · manos=ON · pos=flat · latido=1.50s
[RANGO] ZHIPUUSDT_LINEAL last=144.93 · río=WS · mercado=linear · estado=ACECHANDO · dir=— · 0=143.16 · Oz=— · Red=142.62584232 · manos=ON · pos=flat · latido=1.50s
[RANGO] autosello ZHIPU · ACECHANDO · Oz=0.0 link=— · manos_feria_informe.json
[RANGO] ZHIPUUSDT_LINEAL last=145.0 · río=WS · mercado=linear · estado=ACECHANDO · dir=— · 0=143.16 · Oz=— · Red=142.62584232 · manos=ON · pos=flat · latido=1.50s
[RANGO] autosello ZHIPU · ACECHANDO · Oz=0.0 link=— · manos_feria_informe.json
[RANGO] ZHIPUUSDT_LINEAL last=144.88 · río=WS · mercado=linear · estado=ACECHANDO · dir=— · 0=143.16 · Oz=— · Red=142.62584232 · manos=ON · pos=flat · latido=1.50s
[RANGO] ZHIPUUSDT_LINEAL last=144.9 · río=WS · mercado=linear · estado=ACECHANDO · dir=— · 0=143.16 · Oz=— · Red=142.62584232 · manos=ON · pos=flat · latido=1.50s
[RANGO] autosello ZHIPU · ACECHANDO · Oz=0.0 link=— · manos_feria_informe.json
[RANGO] ZHIPUUSDT_LINEAL last=145.01 · río=WS · mercado=linear · estado=ACECHANDO · dir=— · 0=143.16 · Oz=— · Red=142.62584232 · manos=ON · pos=flat · latido=1.50s
[RANGO] autosello ZHIPU · ACECHANDO · Oz=0.0 link=— · manos_feria_informe.json
[RANGO] ZHIPUUSDT_LINEAL last=144.78 · río=ciego/muleta · mercado=linear · estado=ACECHANDO · dir=— · 0=143.16 · Oz=— · Red=142.62584232 · manos=ON · pos=flat · latido=1.50s
[RANGO] ZHIPUUSDT_LINEAL last=144.78 · río=ciego/muleta · mercado=linear · estado=ACECHANDO · dir=— · 0=143.16 · Oz=— · Red=142.62584232 · manos=ON · pos=flat · latido=1.50s
[RANGO] autosello ZHIPU · ACECHANDO · Oz=0.0 link=— · manos_feria_informe.json
[RANGO] ZHIPUUSDT_LINEAL last=144.99 · río=WS · mercado=linear · estado=ACECHANDO · dir=— · 0=143.16 · Oz=— · Red=142.62584232 · manos=ON · pos=flat · latido=1.50s
[RANGO] autosello ZHIPU · ACECHANDO · Oz=0.0 link=— · manos_feria_informe.json
[RANGO] ZHIPUUSDT_LINEAL last=144.99 · río=WS · mercado=linear · estado=ACECHANDO · dir=— · 0=143.16 · Oz=— · Red=142.62584232 · manos=ON · pos=flat · latido=1.50s
[RANGO] ZHIPUUSDT_LINEAL last=145.06 · río=WS · mercado=linear · estado=ACECHANDO · dir=— · 0=143.16 · Oz=— · Red=142.62584232 · manos=ON · pos=flat · latido=1.50s
[RANGO] autosello ZHIPU · ACECHANDO · Oz=0.0 link=— · manos_feria_informe.json
[RANGO] ZHIPUUSDT_LINEAL last=144.96 · río=WS · mercado=linear · estado=ACECHANDO · dir=— · 0=143.16 · Oz=— · Red=142.62584232 · manos=ON · pos=flat · latido=1.50s
[RANGO] autosello ZHIPU · ACECHANDO · Oz=0.0 link=— · manos_feria_informe.json
[RANGO] ZHIPUUSDT_LINEAL last=145.08 · río=WS · mercado=linear · estado=ACECHANDO · dir=— · 0=143.16 · Oz=— · Red=142.62584232 · manos=ON · pos=flat · latido=1.50s
[RANGO] ZHIPUUSDT_LINEAL last=144.98 · río=WS · mercado=linear · estado=ACECHANDO · dir=— · 0=143.16 · Oz=— · Red=142.62584232 · manos=ON · pos=flat · latido=1.50s
[RANGO] autosello ZHIPU · ACECHANDO · Oz=0.0 link=— · manos_feria_informe.json
[RANGO] ZHIPUUSDT_LINEAL last=145.11 · río=WS · mercado=linear · estado=ACECHANDO · dir=— · 0=143.16 · Oz=— · Red=142.62584232 · manos=ON · pos=flat · latido=1.50s
[RANGO] autosello ZHIPU · ACECHANDO · Oz=0.0 link=— · manos_feria_informe.json
[RANGO] ZHIPUUSDT_LINEAL last=145.02 · río=WS · mercado=linear · estado=ACECHANDO · dir=— · 0=143.16 · Oz=— · Red=142.62584232 · manos=ON · pos=flat · latido=1.50s
[RANGO] ZHIPUUSDT_LINEAL last=145.12 · río=WS · mercado=linear · estado=ACECHANDO · dir=— · 0=143.16 · Oz=— · Red=142.62584232 · manos=ON · pos=flat · latido=1.50s
[RANGO] autosello ZHIPU · ACECHANDO · Oz=0.0 link=— · manos_feria_informe.json
[RANGO] ZHIPUUSDT_LINEAL last=144.96 · río=WS · mercado=linear · estado=ACECHANDO · dir=— · 0=143.16 · Oz=— · Red=142.62584232 · manos=ON · pos=flat · latido=1.50s
[RANGO] autosello ZHIPU · ACECHANDO · Oz=0.0 link=— · manos_feria_informe.json
[RANGO] ZHIPUUSDT_LINEAL last=145.09 · río=WS · mercado=linear · estado=ACECHANDO · dir=— · 0=143.16 · Oz=— · Red=142.62584232 · manos=ON · pos=flat · latido=1.50s
[RANGO] ZHIPUUSDT_LINEAL last=144.99 · río=WS · mercado=linear · estado=ACECHANDO · dir=— · 0=143.16 · Oz=— · Red=142.62584232 · manos=ON · pos=flat · latido=1.50s
[RANGO] autosello ZHIPU · ACECHANDO · Oz=0.0 link=— · manos_feria_informe.json
[RANGO] ZHIPUUSDT_LINEAL last=145.03 · río=WS · mercado=linear · estado=ACECHANDO · dir=— · 0=143.16 · Oz=— · Red=142.62584232 · manos=ON · pos=flat · latido=1.50s
[RANGO] autosello ZHIPU · ACECHANDO · Oz=0.0 link=— · manos_feria_informe.json
[RANGO] ZHIPUUSDT_LINEAL last=145.03 · río=WS · mercado=linear · estado=ACECHANDO · dir=— · 0=143.16 · Oz=— · Red=142.62584232 · manos=ON · pos=flat · latido=1.50s
[RANGO] ZHIPUUSDT_LINEAL last=145.07 · río=WS · mercado=linear · estado=ACECHANDO · dir=— · 0=143.16 · Oz=— · Red=142.62584232 · manos=ON · pos=flat · latido=1.50s
[RANGO] autosello ZHIPU · ACECHANDO · Oz=0.0 link=— · manos_feria_informe.json
[RANGO] ZHIPUUSDT_LINEAL last=144.95 · río=WS · mercado=linear · estado=ACECHANDO · dir=— · 0=143.16 · Oz=— · Red=142.62584232 · manos=ON · pos=flat · latido=1.50s
[RANGO] autosello ZHIPU · ACECHANDO · Oz=0.0 link=— · manos_feria_informe.json
[RANGO] ZHIPUUSDT_LINEAL last=145.06 · río=WS · mercado=linear · estado=ACECHANDO · dir=— · 0=143.16 · Oz=— · Red=142.62584232 · manos=ON · pos=flat · latido=1.50s
[RANGO] ZHIPUUSDT_LINEAL last=144.91 · río=WS · mercado=linear · estado=ACECHANDO · dir=— · 0=143.16 · Oz=— · Red=142.62584232 · manos=ON · pos=flat · latido=1.50s
[RANGO] autosello ZHIPU · ACECHANDO · Oz=0.0 link=— · manos_feria_informe.json
[RANGO] ZHIPUUSDT_LINEAL last=144.98 · río=WS · mercado=linear · estado=ACECHANDO · dir=— · 0=143.16 · Oz=— · Red=142.62584232 · manos=ON · pos=flat · latido=1.50s
[RANGO] autosello ZHIPU · ACECHANDO · Oz=0.0 link=— · manos_feria_informe.json
[RANGO] ZHIPUUSDT_LINEAL last=144.98 · río=WS · mercado=linear · estado=ACECHANDO · dir=— · 0=143.16 · Oz=— · Red=142.62584232 · manos=ON · pos=flat · latido=1.50s
[RANGO] ZHIPUUSDT_LINEAL last=144.91 · río=ciego/muleta · mercado=linear · estado=ACECHANDO · dir=— · 0=143.16 · Oz=— · Red=142.62584232 · manos=ON · pos=flat · latido=1.50s
[RANGO] autosello ZHIPU · ACECHANDO · Oz=0.0 link=— · manos_feria_informe.json
[RANGO] ZHIPUUSDT_LINEAL last=145.05 · río=WS · mercado=linear · estado=ACECHANDO · dir=— · 0=143.16 · Oz=— · Red=142.62584232 · manos=ON · pos=flat · latido=1.50s
[RANGO] autosello ZHIPU · ACECHANDO · Oz=0.0 link=— · manos_feria_informe.json
[RANGO] ZHIPUUSDT_LINEAL last=145.02 · río=WS · mercado=linear · estado=ACECHANDO · dir=— · 0=143.16 · Oz=— · Red=142.62584232 · manos=ON · pos=flat · latido=1.50s
[RANGO] ZHIPUUSDT_LINEAL last=145.02 · río=WS · mercado=linear · estado=ACECHANDO · dir=— · 0=143.16 · Oz=— · Red=142.62584232 · manos=ON · pos=flat · latido=1.50s
[RANGO] autosello ZHIPU · ACECHANDO · Oz=0.0 link=— · manos_feria_informe.json
[RANGO] ZHIPUUSDT_LINEAL last=145.05 · río=WS · mercado=linear · estado=ACECHANDO · dir=— · 0=143.16 · Oz=— · Red=142.62584232 · manos=ON · pos=flat · latido=1.50s
[RANGO] autosello ZHIPU · ACECHANDO · Oz=0.0 link=— · manos_feria_informe.json
[RANGO] ZHIPUUSDT_LINEAL last=144.91 · río=WS · mercado=linear · estado=ACECHANDO · dir=— · 0=143.16 · Oz=— · Red=142.62584232 · manos=ON · pos=flat · latido=1.50s
[RANGO] ZHIPUUSDT_LINEAL last=144.91 · río=ciego/muleta · mercado=linear · estado=ACECHANDO · dir=— · 0=143.16 · Oz=— · Red=142.62584232 · manos=ON · pos=flat · latido=1.50s
[RANGO] autosello ZHIPU · ACECHANDO · Oz=0.0 link=— · manos_feria_informe.json
[RANGO] ZHIPUUSDT_LINEAL last=144.91 · río=ciego/muleta · mercado=linear · estado=ACECHANDO · dir=— · 0=143.16 · Oz=— · Red=142.62584232 · manos=ON · pos=flat · latido=1.50s
[RANGO] autosello ZHIPU · ACECHANDO · Oz=0.0 link=— · manos_feria_informe.json
[RANGO] ZHIPUUSDT_LINEAL last=144.91 · río=ciego/muleta · mercado=linear · estado=ACECHANDO · dir=— · 0=143.16 · Oz=— · Red=142.62584232 · manos=ON · pos=flat · latido=1.50s
[RANGO] ZHIPUUSDT_LINEAL last=144.92 · río=WS · mercado=linear · estado=ACECHANDO · dir=— · 0=143.16 · Oz=— · Red=142.62584232 · manos=ON · pos=flat · latido=1.50s
[RANGO] autosello ZHIPU · ACECHANDO · Oz=0.0 link=— · manos_feria_informe.json
[RANGO] ZHIPUUSDT_LINEAL last=144.95 · río=WS · mercado=linear · estado=ACECHANDO · dir=— · 0=143.16 · Oz=— · Red=142.62584232 · manos=ON · pos=flat · latido=1.50s
[RANGO] autosello ZHIPU · ACECHANDO · Oz=0.0 link=— · manos_feria_informe.json
[RANGO] ZHIPUUSDT_LINEAL last=145.02 · río=WS · mercado=linear · estado=ACECHANDO · dir=— · 0=143.16 · Oz=— · Red=142.62584232 · manos=ON · pos=flat · latido=1.50s
[RANGO] ZHIPUUSDT_LINEAL last=144.91 · río=ciego/muleta · mercado=linear · estado=ACECHANDO · dir=— · 0=143.16 · Oz=— · Red=142.62584232 · manos=ON · pos=flat · latido=1.50s
[RANGO] autosello ZHIPU · ACECHANDO · Oz=0.0 link=— · manos_feria_informe.json
[RANGO] ZHIPUUSDT_LINEAL last=144.91 · río=ciego/muleta · mercado=linear · estado=ACECHANDO · dir=— · 0=143.16 · Oz=— · Red=142.62584232 · manos=ON · pos=flat · latido=1.50s
[RANGO] autosello ZHIPU · ACECHANDO · Oz=0.0 link=— · manos_feria_informe.json
[RANGO] ZHIPUUSDT_LINEAL last=144.91 · río=ciego/muleta · mercado=linear · estado=ACECHANDO · dir=— · 0=143.16 · Oz=— · Red=142.62584232 · manos=ON · pos=flat · latido=1.50s
[RANGO] autosello ZHIPU · ACECHANDO · Oz=0.0 link=— · manos_feria_informe.json
[RANGO] ZHIPUUSDT_LINEAL last=145.02 · río=WS · mercado=linear · estado=ACECHANDO · dir=— · 0=143.16 · Oz=— · Red=142.62584232 · manos=ON · pos=flat · latido=1.50s
[RANGO] ZHIPUUSDT_LINEAL last=144.91 · río=ciego/muleta · mercado=linear · estado=ACECHANDO · dir=— · 0=143.16 · Oz=— · Red=142.62584232 · manos=ON · pos=flat · latido=1.50s
[RANGO] autosello ZHIPU · ACECHANDO · Oz=0.0 link=— · manos_feria_informe.json
[RANGO] ZHIPUUSDT_LINEAL last=145.05 · río=WS · mercado=linear · estado=ACECHANDO · dir=— · 0=143.16 · Oz=— · Red=142.62584232 · manos=ON · pos=flat · latido=1.50s
[RANGO] autosello ZHIPU · ACECHANDO · Oz=0.0 link=— · manos_feria_informe.json
[RANGO] ZHIPUUSDT_LINEAL last=145.05 · río=WS · mercado=linear · estado=ACECHANDO · dir=— · 0=143.16 · Oz=— · Red=142.62584232 · manos=ON · pos=flat · latido=1.50s
[RANGO] ZHIPUUSDT_LINEAL last=144.95 · río=WS · mercado=linear · estado=ACECHANDO · dir=— · 0=143.16 · Oz=— · Red=142.62584232 · manos=ON · pos=flat · latido=1.50s
[RANGO] autosello ZHIPU · ACECHANDO · Oz=0.0 link=— · manos_feria_informe.json
[RANGO] ZHIPUUSDT_LINEAL last=144.91 · río=ciego/muleta · mercado=linear · estado=ACECHANDO · dir=— · 0=143.16 · Oz=— · Red=142.62584232 · manos=ON · pos=flat · latido=1.50s
[RANGO] autosello ZHIPU · ACECHANDO · Oz=0.0 link=— · manos_feria_informe.json
[RANGO] ZHIPUUSDT_LINEAL last=145.06 · río=WS · mercado=linear · estado=ACECHANDO · dir=— · 0=143.16 · Oz=— · Red=142.62584232 · manos=ON · pos=flat · latido=1.50s
[RANGO] ZHIPUUSDT_LINEAL last=145.07 · río=WS · mercado=linear · estado=ACECHANDO · dir=— · 0=143.16 · Oz=— · Red=142.62584232 · manos=ON · pos=flat · latido=1.50s
[RANGO] autosello ZHIPU · ACECHANDO · Oz=0.0 link=— · manos_feria_informe.json
[RANGO] ZHIPUUSDT_LINEAL last=145.41 · río=ciego/muleta · mercado=linear · estado=ACECHANDO · dir=— · 0=143.16 · Oz=— · Red=142.62584232 · manos=ON · pos=flat · latido=1.50s
[RANGO] autosello ZHIPU · ACECHANDO · Oz=0.0 link=— · manos_feria_informe.json
[RANGO] ZHIPUUSDT_LINEAL last=145.07 · río=WS · mercado=linear · estado=ACECHANDO · dir=— · 0=143.16 · Oz=— · Red=142.62584232 · manos=ON · pos=flat · latido=1.50s
[RANGO] ZHIPUUSDT_LINEAL last=145.04 · río=WS · mercado=linear · estado=ACECHANDO · dir=— · 0=143.16 · Oz=— · Red=142.62584232 · manos=ON · pos=flat · latido=1.50s
[RANGO] autosello ZHIPU · ACECHANDO · Oz=0.0 link=— · manos_feria_informe.json
[RANGO] ZHIPUUSDT_LINEAL last=145.41 · río=ciego/muleta · mercado=linear · estado=ACECHANDO · dir=— · 0=143.16 · Oz=— · Red=142.62584232 · manos=ON · pos=flat · latido=1.50s
[RANGO] autosello ZHIPU · ACECHANDO · Oz=0.0 link=— · manos_feria_informe.json
[RANGO] ZHIPUUSDT_LINEAL last=145.05 · río=WS · mercado=linear · estado=ACECHANDO · dir=— · 0=143.16 · Oz=— · Red=142.62584232 · manos=ON · pos=flat · latido=1.50s
[RANGO] autosello ZHIPU · ACECHANDO · Oz=0.0 link=— · manos_feria_informe.json
[RANGO] ZHIPUUSDT_LINEAL last=145.41 · río=ciego/muleta · mercado=linear · estado=ACECHANDO · dir=— · 0=143.16 · Oz=— · Red=142.62584232 · manos=ON · pos=flat · latido=1.50s
[RANGO] ZHIPUUSDT_LINEAL last=145.09 · río=WS · mercado=linear · estado=ACECHANDO · dir=— · 0=143.16 · Oz=— · Red=142.62584232 · manos=ON · pos=flat · latido=1.50s
[RANGO] autosello ZHIPU · ACECHANDO · Oz=0.0 link=— · manos_feria_informe.json
[RANGO] ZHIPUUSDT_LINEAL last=145.16 · río=WS · mercado=linear · estado=ACECHANDO · dir=— · 0=143.16 · Oz=— · Red=142.62584232 · manos=ON · pos=flat · latido=1.50s
[RANGO] autosello ZHIPU · ACECHANDO · Oz=0.0 link=— · manos_feria_informe.json
[RANGO] ZHIPUUSDT_LINEAL last=145.12 · río=WS · mercado=linear · estado=ACECHANDO · dir=— · 0=143.16 · Oz=— · Red=142.62584232 · manos=ON · pos=flat · latido=1.50s
[RANGO] ZHIPUUSDT_LINEAL last=145.12 · río=WS · mercado=linear · estado=ACECHANDO · dir=— · 0=143.16 · Oz=— · Red=142.62584232 · manos=ON · pos=flat · latido=1.50s
[RANGO] autosello ZHIPU · ACECHANDO · Oz=0.0 link=— · manos_feria_informe.json
[RANGO] ZHIPUUSDT_LINEAL last=145.15 · río=WS · mercado=linear · estado=ACECHANDO · dir=— · 0=143.16 · Oz=— · Red=142.62584232 · manos=ON · pos=flat · latido=1.50s
[RANGO] autosello ZHIPU · ACECHANDO · Oz=0.0 link=— · manos_feria_informe.json
[RANGO] ZHIPUUSDT_LINEAL last=145.41 · río=ciego/muleta · mercado=linear · estado=ACECHANDO · dir=— · 0=143.16 · Oz=— · Red=142.62584232 · manos=ON · pos=flat · latido=1.50s
[2026-08-31 13:26:04] [TUSK] RECONCILIACIÓN: FWDIUSDT_LINEAL: interno L:0.000000/S:7.700000 -> real L:0.000000/S:8.500000
[2026-08-31 13:26:04] [TUSK] RECONCILIACIÓN_OK: 1 frentes alineados con exchange
[RANGO] ZHIPUUSDT_LINEAL last=145.19 · río=WS · mercado=linear · estado=ACECHANDO · dir=— · 0=143.16 · Oz=— · Red=142.62584232 · manos=ON · pos=flat · latido=1.50s
[RANGO] autosello ZHIPU · ACECHANDO · Oz=0.0 link=— · manos_feria_informe.json
[RANGO] ZHIPUUSDT_LINEAL last=145.09 · río=WS · mercado=linear · estado=ACECHANDO · dir=— · 0=143.16 · Oz=— · Red=142.62584232 · manos=ON · pos=flat · latido=1.50s
[RANGO] autosello ZHIPU · ACECHANDO · Oz=0.0 link=— · manos_feria_informe.json
[RANGO] ZHIPUUSDT_LINEAL last=144.98 · río=WS · mercado=linear · estado=ACECHANDO · dir=— · 0=143.16 · Oz=— · Red=142.62584232 · manos=ON · pos=flat · latido=1.50s
[RANGO] ZHIPUUSDT_LINEAL last=144.97 · río=WS · mercado=linear · estado=ACECHANDO · dir=— · 0=143.16 · Oz=— · Red=142.62584232 · manos=ON · pos=flat · latido=1.50s
[RANGO] autosello ZHIPU · ACECHANDO · Oz=0.0 link=— · manos_feria_informe.json
[RANGO] ZHIPUUSDT_LINEAL last=144.97 · río=ciego/muleta · mercado=linear · estado=ACECHANDO · dir=— · 0=143.16 · Oz=— · Red=142.62584232 · manos=ON · pos=flat · latido=1.50s
[RANGO] autosello ZHIPU · ACECHANDO · Oz=0.0 link=— · manos_feria_informe.json
[RANGO] ZHIPUUSDT_LINEAL last=144.97 · río=ciego/muleta · mercado=linear · estado=ACECHANDO · dir=— · 0=143.16 · Oz=— · Red=142.62584232 · manos=ON · pos=flat · latido=1.50s
[2026-08-31 13:27:06] [TUSK] RECONCILIACIÓN: CRVUSDT_LINEAL: interno L:0.000000/S:46.100000 -> real L:0.000000/S:61.700000
[2026-08-31 13:27:06] [TUSK] RECONCILIACIÓN_OK: 1 frentes alineados con exchange
[RANGO] ZHIPUUSDT_LINEAL last=144.97 · río=ciego/muleta · mercado=linear · estado=ACECHANDO · dir=— · 0=143.16 · Oz=— · Red=142.62584232 · manos=ON · pos=flat · latido=1.50s
[RANGO] autosello ZHIPU · ACECHANDO · Oz=0.0 link=— · manos_feria_informe.json
[RANGO] ZHIPUUSDT_LINEAL last=145.02 · río=WS · mercado=linear · estado=ACECHANDO · dir=— · 0=143.16 · Oz=— · Red=142.62584232 · manos=ON · pos=flat · latido=1.50s
[RANGO] autosello ZHIPU · ACECHANDO · Oz=0.0 link=— · manos_feria_informe.json
[RANGO] ZHIPUUSDT_LINEAL last=144.91 · río=WS · mercado=linear · estado=ACECHANDO · dir=— · 0=143.16 · Oz=— · Red=142.62584232 · manos=ON · pos=flat · latido=1.50s
[RANGO] ZHIPUUSDT_LINEAL last=144.93 · río=WS · mercado=linear · estado=ACECHANDO · dir=— · 0=143.16 · Oz=— · Red=142.62584232 · manos=ON · pos=flat · latido=1.50s
[RANGO] autosello ZHIPU · ACECHANDO · Oz=0.0 link=— · manos_feria_informe.json
[RANGO] ZHIPUUSDT_LINEAL last=144.93 · río=WS · mercado=linear · estado=ACECHANDO · dir=— · 0=143.16 · Oz=— · Red=142.62584232 · manos=ON · pos=flat · latido=1.50s
[RANGO] autosello ZHIPU · ACECHANDO · Oz=0.0 link=— · manos_feria_informe.json
[RANGO] ZHIPUUSDT_LINEAL last=145.07 · río=WS · mercado=linear · estado=ACECHANDO · dir=— · 0=143.16 · Oz=— · Red=142.62584232 · manos=ON · pos=flat · latido=1.50s
[RANGO] ZHIPUUSDT_LINEAL last=145.05 · río=ciego/muleta · mercado=linear · estado=ACECHANDO · dir=— · 0=143.16 · Oz=— · Red=142.62584232 · manos=ON · pos=flat · latido=1.50s
[RANGO] autosello ZHIPU · ACECHANDO · Oz=0.0 link=— · manos_feria_informe.json
[RANGO] ZHIPUUSDT_LINEAL last=145.06 · río=WS · mercado=linear · estado=ACECHANDO · dir=— · 0=143.16 · Oz=— · Red=142.62584232 · manos=ON · pos=flat · latido=1.50s
[RANGO] autosello ZHIPU · ACECHANDO · Oz=0.0 link=— · manos_feria_informe.json
[RANGO] ZHIPUUSDT_LINEAL last=145.05 · río=WS · mercado=linear · estado=ACECHANDO · dir=— · 0=143.16 · Oz=— · Red=142.62584232 · manos=ON · pos=flat · latido=1.50s
[RANGO] ZHIPUUSDT_LINEAL last=145.29 · río=ciego/muleta · mercado=linear · estado=ACECHANDO · dir=— · 0=143.16 · Oz=— · Red=142.62584232 · manos=ON · pos=flat · latido=1.50s
[RANGO] autosello ZHIPU · ACECHANDO · Oz=0.0 link=— · manos_feria_informe.json
[RANGO] ZHIPUUSDT_LINEAL last=145.06 · río=WS · mercado=linear · estado=ACECHANDO · dir=— · 0=143.16 · Oz=— · Red=142.62584232 · manos=ON · pos=flat · latido=1.50s
[RANGO] autosello ZHIPU · ACECHANDO · Oz=0.0 link=— · manos_feria_informe.json
[RANGO] ZHIPUUSDT_LINEAL last=145.1 · río=WS · mercado=linear · estado=ACECHANDO · dir=— · 0=143.16 · Oz=— · Red=142.62584232 · manos=ON · pos=flat · latido=1.50s
[RANGO] ZHIPUUSDT_LINEAL last=145.29 · río=ciego/muleta · mercado=linear · estado=ACECHANDO · dir=— · 0=143.16 · Oz=— · Red=142.62584232 · manos=ON · pos=flat · latido=1.50s
[RANGO] autosello ZHIPU · ACECHANDO · Oz=0.0 link=— · manos_feria_informe.json
[RANGO] ZHIPUUSDT_LINEAL last=145.09 · río=WS · mercado=linear · estado=ACECHANDO · dir=— · 0=143.16 · Oz=— · Red=142.62584232 · manos=ON · pos=flat · latido=1.50s
[RANGO] autosello ZHIPU · ACECHANDO · Oz=0.0 link=— · manos_feria_informe.json
[RANGO] ZHIPUUSDT_LINEAL last=145.29 · río=ciego/muleta · mercado=linear · estado=ACECHANDO · dir=— · 0=143.16 · Oz=— · Red=142.62584232 · manos=ON · pos=flat · latido=1.50s
[RANGO] autosello ZHIPU · ACECHANDO · Oz=0.0 link=— · manos_feria_informe.json
[RANGO] ZHIPUUSDT_LINEAL last=145.13 · río=WS · mercado=linear · estado=ACECHANDO · dir=— · 0=143.16 · Oz=— · Red=142.62584232 · manos=ON · pos=flat · latido=1.50s
[RANGO] ZHIPUUSDT_LINEAL last=145.16 · río=WS · mercado=linear · estado=ACECHANDO · dir=— · 0=143.16 · Oz=— · Red=142.62584232 · manos=ON · pos=flat · latido=1.50s
[RANGO] autosello ZHIPU · ACECHANDO · Oz=0.0 link=— · manos_feria_informe.json
[RANGO] ZHIPUUSDT_LINEAL last=145.13 · río=WS · mercado=linear · estado=ACECHANDO · dir=— · 0=143.16 · Oz=— · Red=142.62584232 · manos=ON · pos=flat · latido=1.50s
[RANGO] autosello ZHIPU · ACECHANDO · Oz=0.0 link=— · manos_feria_informe.json
[RANGO] ZHIPUUSDT_LINEAL last=145.15 · río=WS · mercado=linear · estado=ACECHANDO · dir=— · 0=143.16 · Oz=— · Red=142.62584232 · manos=ON · pos=flat · latido=1.50s
[RANGO] ZHIPUUSDT_LINEAL last=145.58 · río=WS · mercado=linear · estado=ACECHANDO · dir=— · 0=143.16 · Oz=— · Red=142.62584232 · manos=ON · pos=flat · latido=1.50s
[RANGO] autosello ZHIPU · ACECHANDO · Oz=0.0 link=— · manos_feria_informe.json
[RANGO] ZHIPUUSDT_LINEAL last=145.67 · río=WS · mercado=linear · estado=ACECHANDO · dir=— · 0=143.16 · Oz=— · Red=142.62584232 · manos=ON · pos=flat · latido=1.50s
[RANGO] autosello ZHIPU · ACECHANDO · Oz=0.0 link=— · manos_feria_informe.json
[RANGO] ZHIPUUSDT_LINEAL last=145.75 · río=WS · mercado=linear · estado=ACECHANDO · dir=— · 0=143.16 · Oz=— · Red=142.62584232 · manos=ON · pos=flat · latido=1.50s
[RANGO] ZHIPUUSDT_LINEAL last=145.84 · río=WS · mercado=linear · estado=ACECHANDO · dir=— · 0=143.16 · Oz=— · Red=142.62584232 · manos=ON · pos=flat · latido=1.50s
[RANGO] autosello ZHIPU · ACECHANDO · Oz=0.0 link=— · manos_feria_informe.json
[RANGO] ZHIPUUSDT_LINEAL last=145.77 · río=WS · mercado=linear · estado=ACECHANDO · dir=— · 0=143.16 · Oz=— · Red=142.62584232 · manos=ON · pos=flat · latido=1.50s
[RANGO] autosello ZHIPU · ACECHANDO · Oz=0.0 link=— · manos_feria_informe.json
[RANGO] ZHIPUUSDT_LINEAL last=145.41 · río=WS · mercado=linear · estado=ACECHANDO · dir=— · 0=143.16 · Oz=— · Red=142.62584232 · manos=ON · pos=flat · latido=1.50s
[RANGO] ZHIPUUSDT_LINEAL last=145.77 · río=WS · mercado=linear · estado=ACECHANDO · dir=— · 0=143.16 · Oz=— · Red=142.62584232 · manos=ON · pos=flat · latido=1.50s
[RANGO] autosello ZHIPU · ACECHANDO · Oz=0.0 link=— · manos_feria_informe.json
[RANGO] ZHIPUUSDT_LINEAL last=145.52 · río=WS · mercado=linear · estado=ACECHANDO · dir=— · 0=143.16 · Oz=— · Red=142.62584232 · manos=ON · pos=flat · latido=1.50s
[RANGO] autosello ZHIPU · ACECHANDO · Oz=0.0 link=— · manos_feria_informe.json
[RANGO] ZHIPUUSDT_LINEAL last=145.67 · río=WS · mercado=linear · estado=ACECHANDO · dir=— · 0=143.16 · Oz=— · Red=142.62584232 · manos=ON · pos=flat · latido=1.50s
[RANGO] ZHIPUUSDT_LINEAL last=145.67 · río=WS · mercado=linear · estado=ACECHANDO · dir=— · 0=143.16 · Oz=— · Red=142.62584232 · manos=ON · pos=flat · latido=1.50s
[RANGO] autosello ZHIPU · ACECHANDO · Oz=0.0 link=— · manos_feria_informe.json
[RANGO] ZHIPUUSDT_LINEAL last=145.64 · río=WS · mercado=linear · estado=ACECHANDO · dir=— · 0=143.16 · Oz=— · Red=142.62584232 · manos=ON · pos=flat · latido=1.50s
[RANGO] autosello ZHIPU · ACECHANDO · Oz=0.0 link=— · manos_feria_informe.json
[RANGO] ZHIPUUSDT_LINEAL last=145.64 · río=WS · mercado=linear · estado=ACECHANDO · dir=— · 0=143.16 · Oz=— · Red=142.62584232 · manos=ON · pos=flat · latido=1.50s
[RANGO] ZHIPUUSDT_LINEAL last=145.62 · río=WS · mercado=linear · estado=ACECHANDO · dir=— · 0=143.16 · Oz=— · Red=142.62584232 · manos=ON · pos=flat · latido=1.50s
[RANGO] autosello ZHIPU · ACECHANDO · Oz=0.0 link=— · manos_feria_informe.json
[RANGO] ZHIPUUSDT_LINEAL last=145.74 · río=WS · mercado=linear · estado=ACECHANDO · dir=— · 0=143.16 · Oz=— · Red=142.62584232 · manos=ON · pos=flat · latido=1.50s
[RANGO] autosello ZHIPU · ACECHANDO · Oz=0.0 link=— · manos_feria_informe.json
[RANGO] ZHIPUUSDT_LINEAL last=145.64 · río=WS · mercado=linear · estado=ACECHANDO · dir=— · 0=143.16 · Oz=— · Red=142.62584232 · manos=ON · pos=flat · latido=1.50s
[RANGO] ZHIPUUSDT_LINEAL last=145.62 · río=WS · mercado=linear · estado=ACECHANDO · dir=— · 0=143.16 · Oz=— · Red=142.62584232 · manos=ON · pos=flat · latido=1.50s
[RANGO] autosello ZHIPU · ACECHANDO · Oz=0.0 link=— · manos_feria_informe.json
[RANGO] ZHIPUUSDT_LINEAL last=145.61 · río=WS · mercado=linear · estado=ACECHANDO · dir=— · 0=143.16 · Oz=— · Red=142.62584232 · manos=ON · pos=flat · latido=1.50s
[RANGO] autosello ZHIPU · ACECHANDO · Oz=0.0 link=— · manos_feria_informe.json
[RANGO] ZHIPUUSDT_LINEAL last=145.78 · río=WS · mercado=linear · estado=ACECHANDO · dir=— · 0=143.16 · Oz=— · Red=142.62584232 · manos=ON · pos=flat · latido=1.50s
[RANGO] ZHIPUUSDT_LINEAL last=145.6 · río=WS · mercado=linear · estado=ACECHANDO · dir=— · 0=143.16 · Oz=— · Red=142.62584232 · manos=ON · pos=flat · latido=1.50s
[RANGO] autosello ZHIPU · ACECHANDO · Oz=0.0 link=— · manos_feria_informe.json
[RANGO] ZHIPUUSDT_LINEAL last=145.6 · río=WS · mercado=linear · estado=ACECHANDO · dir=— · 0=143.16 · Oz=— · Red=142.62584232 · manos=ON · pos=flat · latido=1.50s
[RANGO] autosello ZHIPU · ACECHANDO · Oz=0.0 link=— · manos_feria_informe.json
[RANGO] ZHIPUUSDT_LINEAL last=145.62 · río=WS · mercado=linear · estado=ACECHANDO · dir=— · 0=143.16 · Oz=— · Red=142.62584232 · manos=ON · pos=flat · latido=1.50s
[RANGO] ZHIPUUSDT_LINEAL last=145.63 · río=WS · mercado=linear · estado=ACECHANDO · dir=— · 0=143.16 · Oz=— · Red=142.62584232 · manos=ON · pos=flat · latido=1.50s
[RANGO] autosello ZHIPU · ACECHANDO · Oz=0.0 link=— · manos_feria_informe.json
[RANGO] ZHIPUUSDT_LINEAL last=145.59 · río=WS · mercado=linear · estado=ACECHANDO · dir=— · 0=143.16 · Oz=— · Red=142.62584232 · manos=ON · pos=flat · latido=1.50s
[RANGO] autosello ZHIPU · ACECHANDO · Oz=0.0 link=— · manos_feria_informe.json
[RANGO] ZHIPUUSDT_LINEAL last=145.6 · río=WS · mercado=linear · estado=ACECHANDO · dir=— · 0=143.16 · Oz=— · Red=142.62584232 · manos=ON · pos=flat · latido=1.50s
[2026-08-31 13:34:14] [TUSK] RECONCILIACIÓN: EULUSDT_LINEAL: interno L:70.000000/S:0.000000 -> real L:66.100000/S:0.000000
[2026-08-31 13:34:14] [TUSK] RECONCILIACIÓN_OK: 1 frentes alineados con exchange
[RANGO] ZHIPUUSDT_LINEAL last=145.56 · río=WS · mercado=linear · estado=ACECHANDO · dir=— · 0=143.16 · Oz=— · Red=142.62584232 · manos=ON · pos=flat · latido=1.50s
[RANGO] autosello ZHIPU · ACECHANDO · Oz=0.0 link=— · manos_feria_informe.json
[RANGO] ZHIPUUSDT_LINEAL last=145.59 · río=WS · mercado=linear · estado=ACECHANDO · dir=— · 0=143.16 · Oz=— · Red=142.62584232 · manos=ON · pos=flat · latido=1.50s
[RANGO] autosello ZHIPU · ACECHANDO · Oz=0.0 link=— · manos_feria_informe.json
[RANGO] ZHIPUUSDT_LINEAL last=145.58 · río=WS · mercado=linear · estado=ACECHANDO · dir=— · 0=143.16 · Oz=— · Red=142.62584232 · manos=ON · pos=flat · latido=1.50s
[RANGO] ZHIPUUSDT_LINEAL last=145.64 · río=WS · mercado=linear · estado=ACECHANDO · dir=— · 0=143.16 · Oz=— · Red=142.62584232 · manos=ON · pos=flat · latido=1.50s
[RANGO] autosello ZHIPU · ACECHANDO · Oz=0.0 link=— · manos_feria_informe.json
[RANGO] ZHIPUUSDT_LINEAL last=145.67 · río=WS · mercado=linear · estado=ACECHANDO · dir=— · 0=143.16 · Oz=— · Red=142.62584232 · manos=ON · pos=flat · latido=1.50s
[RANGO] autosello ZHIPU · ACECHANDO · Oz=0.0 link=— · manos_feria_informe.json
[RANGO] ZHIPUUSDT_LINEAL last=145.66 · río=WS · mercado=linear · estado=ACECHANDO · dir=— · 0=143.16 · Oz=— · Red=142.62584232 · manos=ON · pos=flat · latido=1.50s
[RANGO] ZHIPUUSDT_LINEAL last=145.66 · río=WS · mercado=linear · estado=ACECHANDO · dir=— · 0=143.16 · Oz=— · Red=142.62584232 · manos=ON · pos=flat · latido=1.50s
[RANGO] autosello ZHIPU · ACECHANDO · Oz=0.0 link=— · manos_feria_informe.json
[RANGO] ZHIPUUSDT_LINEAL last=145.67 · río=WS · mercado=linear · estado=ACECHANDO · dir=— · 0=143.16 · Oz=— · Red=142.62584232 · manos=ON · pos=flat · latido=1.50s
[RANGO] autosello ZHIPU · ACECHANDO · Oz=0.0 link=— · manos_feria_informe.json
[RANGO] ZHIPUUSDT_LINEAL last=145.72 · río=WS · mercado=linear · estado=ACECHANDO · dir=— · 0=143.16 · Oz=— · Red=142.62584232 · manos=ON · pos=flat · latido=1.50s
[RANGO] ZHIPUUSDT_LINEAL last=145.67 · río=ciego/muleta · mercado=linear · estado=ACECHANDO · dir=— · 0=143.16 · Oz=— · Red=142.62584232 · manos=ON · pos=flat · latido=1.50s
[RANGO] autosello ZHIPU · ACECHANDO · Oz=0.0 link=— · manos_feria_informe.json
[RANGO] ZHIPUUSDT_LINEAL last=145.68 · río=WS · mercado=linear · estado=ACECHANDO · dir=— · 0=143.16 · Oz=— · Red=142.62584232 · manos=ON · pos=flat · latido=1.50s
[RANGO] autosello ZHIPU · ACECHANDO · Oz=0.0 link=— · manos_feria_informe.json
[RANGO] ZHIPUUSDT_LINEAL last=145.67 · río=ciego/muleta · mercado=linear · estado=ACECHANDO · dir=— · 0=143.16 · Oz=— · Red=142.62584232 · manos=ON · pos=flat · latido=1.50s
[2026-08-31 13:36:16] [TUSK] RECONCILIACIÓN: OUSDT_LINEAL: interno L:0.000000/S:34.000000 -> real L:0.000000/S:44.000000
[2026-08-31 13:36:16] [TUSK] RECONCILIACIÓN: MRVLUSDT_LINEAL: interno L:0.000000/S:0.000000 -> real L:1.050000/S:0.000000
[2026-08-31 13:36:16] [TUSK] RECONCILIACIÓN: PEOPLEUSDT_LINEAL: interno L:0.000000/S:0.000000 -> real L:29905.000000/S:0.000000
[2026-08-31 13:36:16] [TUSK] RECONCILIACIÓN_FANTASMA: DASHUSDT_LINEAL existe interno pero no en exchange -> reseteando
[2026-08-31 13:36:16] [TUSK] RECONCILIACIÓN_FANTASMA: EULUSDT_LINEAL existe interno pero no en exchange -> reseteando
[2026-08-31 13:36:16] [TUSK] RECONCILIACIÓN_OK: 5 frentes alineados con exchange
[RANGO] ZHIPUUSDT_LINEAL last=145.67 · río=WS · mercado=linear · estado=ACECHANDO · dir=— · 0=143.16 · Oz=— · Red=142.62584232 · manos=ON · pos=flat · latido=1.50s
[RANGO] autosello ZHIPU · ACECHANDO · Oz=0.0 link=— · manos_feria_informe.json
[RANGO] ZHIPUUSDT_LINEAL last=145.69 · río=WS · mercado=linear · estado=ACECHANDO · dir=— · 0=143.16 · Oz=— · Red=142.62584232 · manos=ON · pos=flat · latido=1.50s
[RANGO] autosello ZHIPU · ACECHANDO · Oz=0.0 link=— · manos_feria_informe.json
[RANGO] ZHIPUUSDT_LINEAL last=145.67 · río=WS · mercado=linear · estado=ACECHANDO · dir=— · 0=143.16 · Oz=— · Red=142.62584232 · manos=ON · pos=flat · latido=1.50s
[RANGO] ZHIPUUSDT_LINEAL last=145.68 · río=WS · mercado=linear · estado=ACECHANDO · dir=— · 0=143.16 · Oz=— · Red=142.62584232 · manos=ON · pos=flat · latido=1.50s
[RANGO] autosello ZHIPU · ACECHANDO · Oz=0.0 link=— · manos_feria_informe.json
[RANGO] ZHIPUUSDT_LINEAL last=145.65 · río=WS · mercado=linear · estado=ACECHANDO · dir=— · 0=143.16 · Oz=— · Red=142.62584232 · manos=ON · pos=flat · latido=1.50s
[RANGO] autosello ZHIPU · ACECHANDO · Oz=0.0 link=— · manos_feria_informe.json
[RANGO] ZHIPUUSDT_LINEAL last=145.67 · río=WS · mercado=linear · estado=ACECHANDO · dir=— · 0=143.16 · Oz=— · Red=142.62584232 · manos=ON · pos=flat · latido=1.50s
[RANGO] ZHIPUUSDT_LINEAL last=145.78 · río=WS · mercado=linear · estado=ACECHANDO · dir=— · 0=143.16 · Oz=— · Red=142.62584232 · manos=ON · pos=flat · latido=1.50s
[RANGO] autosello ZHIPU · ACECHANDO · Oz=0.0 link=— · manos_feria_informe.json
[RANGO] ZHIPUUSDT_LINEAL last=145.75 · río=WS · mercado=linear · estado=ACECHANDO · dir=— · 0=143.16 · Oz=— · Red=142.62584232 · manos=ON · pos=flat · latido=1.50s
[RANGO] autosello ZHIPU · ACECHANDO · Oz=0.0 link=— · manos_feria_informe.json
[RANGO] ZHIPUUSDT_LINEAL last=145.89 · río=ciego/muleta · mercado=linear · estado=ACECHANDO · dir=— · 0=143.16 · Oz=— · Red=142.62584232 · manos=ON · pos=flat · latido=1.50s
[RANGO] ZHIPUUSDT_LINEAL last=145.76 · río=WS · mercado=linear · estado=ACECHANDO · dir=— · 0=143.16 · Oz=— · Red=142.62584232 · manos=ON · pos=flat · latido=1.50s
[RANGO] autosello ZHIPU · ACECHANDO · Oz=0.0 link=— · manos_feria_informe.json
[RANGO] ZHIPUUSDT_LINEAL last=145.73 · río=WS · mercado=linear · estado=ACECHANDO · dir=— · 0=143.16 · Oz=— · Red=142.62584232 · manos=ON · pos=flat · latido=1.50s
[RANGO] autosello ZHIPU · ACECHANDO · Oz=0.0 link=— · manos_feria_informe.json
[RANGO] ZHIPUUSDT_LINEAL last=145.85 · río=WS · mercado=linear · estado=ACECHANDO · dir=— · 0=143.16 · Oz=— · Red=142.62584232 · manos=ON · pos=flat · latido=1.50s
[2026-08-31 13:38:19] [TUSK] RECONCILIACIÓN: ESPUSDT_LINEAL: interno L:0.000000/S:0.000000 -> real L:1190.000000/S:0.000000
[2026-08-31 13:38:19] [TUSK] RECONCILIACIÓN_FANTASMA: BEATUSDT_LINEAL existe interno pero no en exchange -> reseteando
[2026-08-31 13:38:19] [TUSK] RECONCILIACIÓN_OK: 2 frentes alineados con exchange
[RANGO] ZHIPUUSDT_LINEAL last=145.81 · río=WS · mercado=linear · estado=ACECHANDO · dir=— · 0=143.16 · Oz=— · Red=142.62584232 · manos=ON · pos=flat · latido=1.50s
[RANGO] autosello ZHIPU · ACECHANDO · Oz=0.0 link=— · manos_feria_informe.json
[RANGO] ZHIPUUSDT_LINEAL last=145.88 · río=WS · mercado=linear · estado=ACECHANDO · dir=— · 0=143.16 · Oz=— · Red=142.62584232 · manos=ON · pos=flat · latido=1.50s
[RANGO] autosello ZHIPU · ACECHANDO · Oz=0.0 link=— · manos_feria_informe.json
[RANGO] ZHIPUUSDT_LINEAL last=145.82 · río=WS · mercado=linear · estado=ACECHANDO · dir=— · 0=143.16 · Oz=— · Red=142.62584232 · manos=ON · pos=flat · latido=1.50s
[RANGO] ZHIPUUSDT_LINEAL last=145.79 · río=WS · mercado=linear · estado=ACECHANDO · dir=— · 0=143.16 · Oz=— · Red=142.62584232 · manos=ON · pos=flat · latido=1.50s
[RANGO] autosello ZHIPU · ACECHANDO · Oz=0.0 link=— · manos_feria_informe.json
[RANGO] ZHIPUUSDT_LINEAL last=145.9 · río=WS · mercado=linear · estado=ACECHANDO · dir=— · 0=143.16 · Oz=— · Red=142.62584232 · manos=ON · pos=flat · latido=1.50s
[RANGO] autosello ZHIPU · ACECHANDO · Oz=0.0 link=— · manos_feria_informe.json
[RANGO] ZHIPUUSDT_LINEAL last=145.91 · río=WS · mercado=linear · estado=ACECHANDO · dir=— · 0=143.16 · Oz=— · Red=142.62584232 · manos=ON · pos=flat · latido=1.50s
[RANGO] ZHIPUUSDT_LINEAL last=145.82 · río=WS · mercado=linear · estado=ACECHANDO · dir=— · 0=143.16 · Oz=— · Red=142.62584232 · manos=ON · pos=flat · latido=1.50s
[RANGO] autosello ZHIPU · ACECHANDO · Oz=0.0 link=— · manos_feria_informe.json
[RANGO] ZHIPUUSDT_LINEAL last=145.89 · río=ciego/muleta · mercado=linear · estado=ACECHANDO · dir=— · 0=143.16 · Oz=— · Red=142.62584232 · manos=ON · pos=flat · latido=1.50s
[RANGO] autosello ZHIPU · ACECHANDO · Oz=0.0 link=— · manos_feria_informe.json
[RANGO] ZHIPUUSDT_LINEAL last=145.81 · río=WS · mercado=linear · estado=ACECHANDO · dir=— · 0=143.16 · Oz=— · Red=142.62584232 · manos=ON · pos=flat · latido=1.50s
[RANGO] ZHIPUUSDT_LINEAL last=145.88 · río=WS · mercado=linear · estado=ACECHANDO · dir=— · 0=143.16 · Oz=— · Red=142.62584232 · manos=ON · pos=flat · latido=1.50s
[RANGO] autosello ZHIPU · ACECHANDO · Oz=0.0 link=— · manos_feria_informe.json
[RANGO] ZHIPUUSDT_LINEAL last=145.8 · río=WS · mercado=linear · estado=ACECHANDO · dir=— · 0=143.16 · Oz=— · Red=142.62584232 · manos=ON · pos=flat · latido=1.50s
[RANGO] autosello ZHIPU · ACECHANDO · Oz=0.0 link=— · manos_feria_informe.json
[RANGO] ZHIPUUSDT_LINEAL last=145.85 · río=WS · mercado=linear · estado=ACECHANDO · dir=— · 0=143.16 · Oz=— · Red=142.62584232 · manos=ON · pos=flat · latido=1.50s
[RANGO] ZHIPUUSDT_LINEAL last=145.89 · río=ciego/muleta · mercado=linear · estado=ACECHANDO · dir=— · 0=143.16 · Oz=— · Red=142.62584232 · manos=ON · pos=flat · latido=1.50s
[RANGO] autosello ZHIPU · ACECHANDO · Oz=0.0 link=— · manos_feria_informe.json
[RANGO] ZHIPUUSDT_LINEAL last=145.8 · río=WS · mercado=linear · estado=ACECHANDO · dir=— · 0=143.16 · Oz=— · Red=142.62584232 · manos=ON · pos=flat · latido=1.50s
[RANGO] autosello ZHIPU · ACECHANDO · Oz=0.0 link=— · manos_feria_informe.json
[RANGO] ZHIPUUSDT_LINEAL last=145.89 · río=ciego/muleta · mercado=linear · estado=ACECHANDO · dir=— · 0=143.16 · Oz=— · Red=142.62584232 · manos=ON · pos=flat · latido=1.50s
[RANGO] autosello ZHIPU · ACECHANDO · Oz=0.0 link=— · manos_feria_informe.json
[RANGO] ZHIPUUSDT_LINEAL last=145.95 · río=WS · mercado=linear · estado=ACECHANDO · dir=— · 0=143.16 · Oz=— · Red=142.62584232 · manos=ON · pos=flat · latido=1.50s
[RANGO] ZHIPUUSDT_LINEAL last=145.89 · río=ciego/muleta · mercado=linear · estado=ACECHANDO · dir=— · 0=143.16 · Oz=— · Red=142.62584232 · manos=ON · pos=flat · latido=1.50s
[RANGO] autosello ZHIPU · ACECHANDO · Oz=0.0 link=— · manos_feria_informe.json
[RANGO] ZHIPUUSDT_LINEAL last=145.82 · río=WS · mercado=linear · estado=ACECHANDO · dir=— · 0=143.16 · Oz=— · Red=142.62584232 · manos=ON · pos=flat · latido=1.50s
[RANGO] autosello ZHIPU · ACECHANDO · Oz=0.0 link=— · manos_feria_informe.json
[RANGO] ZHIPUUSDT_LINEAL last=145.94 · río=WS · mercado=linear · estado=ACECHANDO · dir=— · 0=143.16 · Oz=— · Red=142.62584232 · manos=ON · pos=flat · latido=1.50s
[RANGO] ZHIPUUSDT_LINEAL last=145.89 · río=ciego/muleta · mercado=linear · estado=ACECHANDO · dir=— · 0=143.16 · Oz=— · Red=142.62584232 · manos=ON · pos=flat · latido=1.50s
[RANGO] autosello ZHIPU · ACECHANDO · Oz=0.0 link=— · manos_feria_informe.json
[RANGO] ZHIPUUSDT_LINEAL last=145.89 · río=ciego/muleta · mercado=linear · estado=ACECHANDO · dir=— · 0=143.16 · Oz=— · Red=142.62584232 · manos=ON · pos=flat · latido=1.50s
[RANGO] autosello ZHIPU · ACECHANDO · Oz=0.0 link=— · manos_feria_informe.json
[RANGO] ZHIPUUSDT_LINEAL last=145.79 · río=WS · mercado=linear · estado=ACECHANDO · dir=— · 0=143.16 · Oz=— · Red=142.62584232 · manos=ON · pos=flat · latido=1.50s
[RANGO] ZHIPUUSDT_LINEAL last=145.89 · río=ciego/muleta · mercado=linear · estado=ACECHANDO · dir=— · 0=143.16 · Oz=— · Red=142.62584232 · manos=ON · pos=flat · latido=1.50s
[RANGO] autosello ZHIPU · ACECHANDO · Oz=0.0 link=— · manos_feria_informe.json
[RANGO] ZHIPUUSDT_LINEAL last=145.84 · río=WS · mercado=linear · estado=ACECHANDO · dir=— · 0=143.16 · Oz=— · Red=142.62584232 · manos=ON · pos=flat · latido=1.50s
[RANGO] autosello ZHIPU · ACECHANDO · Oz=0.0 link=— · manos_feria_informe.json
[RANGO] ZHIPUUSDT_LINEAL last=145.95 · río=WS · mercado=linear · estado=ACECHANDO · dir=— · 0=143.16 · Oz=— · Red=142.62584232 · manos=ON · pos=flat · latido=1.50s
[RANGO] ZHIPUUSDT_LINEAL last=145.86 · río=WS · mercado=linear · estado=ACECHANDO · dir=— · 0=143.16 · Oz=— · Red=142.62584232 · manos=ON · pos=flat · latido=1.50s
[RANGO] autosello ZHIPU · ACECHANDO · Oz=0.0 link=— · manos_feria_informe.json
[RANGO] ZHIPUUSDT_LINEAL last=145.83 · río=WS · mercado=linear · estado=ACECHANDO · dir=— · 0=143.16 · Oz=— · Red=142.62584232 · manos=ON · pos=flat · latido=1.50s
[RANGO] autosello ZHIPU · ACECHANDO · Oz=0.0 link=— · manos_feria_informe.json
[RANGO] ZHIPUUSDT_LINEAL last=145.82 · río=WS · mercado=linear · estado=ACECHANDO · dir=— · 0=143.16 · Oz=— · Red=142.62584232 · manos=ON · pos=flat · latido=1.50s
[RANGO] ZHIPUUSDT_LINEAL last=145.81 · río=WS · mercado=linear · estado=ACECHANDO · dir=— · 0=143.16 · Oz=— · Red=142.62584232 · manos=ON · pos=flat · latido=1.50s
[RANGO] autosello ZHIPU · ACECHANDO · Oz=0.0 link=— · manos_feria_informe.json
[RANGO] ZHIPUUSDT_LINEAL last=145.91 · río=ciego/muleta · mercado=linear · estado=ACECHANDO · dir=— · 0=143.16 · Oz=— · Red=142.62584232 · manos=ON · pos=flat · latido=1.50s
[RANGO] autosello ZHIPU · ACECHANDO · Oz=0.0 link=— · manos_feria_informe.json
[RANGO] ZHIPUUSDT_LINEAL last=145.91 · río=ciego/muleta · mercado=linear · estado=ACECHANDO · dir=— · 0=143.16 · Oz=— · Red=142.62584232 · manos=ON · pos=flat · latido=1.50s
[RANGO] autosello ZHIPU · ACECHANDO · Oz=0.0 link=— · manos_feria_informe.json
[RANGO] ZHIPUUSDT_LINEAL last=145.85 · río=WS · mercado=linear · estado=ACECHANDO · dir=— · 0=143.16 · Oz=— · Red=142.62584232 · manos=ON · pos=flat · latido=1.50s
[RANGO] ZHIPUUSDT_LINEAL last=145.86 · río=WS · mercado=linear · estado=ACECHANDO · dir=— · 0=143.16 · Oz=— · Red=142.62584232 · manos=ON · pos=flat · latido=1.50s
[RANGO] autosello ZHIPU · ACECHANDO · Oz=0.0 link=— · manos_feria_informe.json
[RANGO] ZHIPUUSDT_LINEAL last=145.89 · río=WS · mercado=linear · estado=ACECHANDO · dir=— · 0=143.16 · Oz=— · Red=142.62584232 · manos=ON · pos=flat · latido=1.50s
[RANGO] autosello ZHIPU · ACECHANDO · Oz=0.0 link=— · manos_feria_informe.json
[RANGO] ZHIPUUSDT_LINEAL last=145.96 · río=WS · mercado=linear · estado=ACECHANDO · dir=— · 0=143.16 · Oz=— · Red=142.62584232 · manos=ON · pos=flat · latido=1.50s
[RANGO] ZHIPUUSDT_LINEAL last=146.14 · río=WS · mercado=linear · estado=ACECHANDO · dir=— · 0=143.16 · Oz=— · Red=142.62584232 · manos=ON · pos=flat · latido=1.50s
[RANGO] autosello ZHIPU · ACECHANDO · Oz=0.0 link=— · manos_feria_informe.json
[RANGO] ZHIPUUSDT_LINEAL last=145.96 · río=WS · mercado=linear · estado=ACECHANDO · dir=— · 0=143.16 · Oz=— · Red=142.62584232 · manos=ON · pos=flat · latido=1.50s
[RANGO] autosello ZHIPU · ACECHANDO · Oz=0.0 link=— · manos_feria_informe.json
[RANGO] ZHIPUUSDT_LINEAL last=146.24 · río=WS · mercado=linear · estado=ACECHANDO · dir=— · 0=143.16 · Oz=— · Red=142.62584232 · manos=ON · pos=flat · latido=1.50s
[RANGO] ZHIPUUSDT_LINEAL last=146.19 · río=WS · mercado=linear · estado=ACECHANDO · dir=— · 0=143.16 · Oz=— · Red=142.62584232 · manos=ON · pos=flat · latido=1.50s
[RANGO] autosello ZHIPU · ACECHANDO · Oz=0.0 link=— · manos_feria_informe.json
[RANGO] ZHIPUUSDT_LINEAL last=146.03 · río=WS · mercado=linear · estado=ACECHANDO · dir=— · 0=143.16 · Oz=— · Red=142.62584232 · manos=ON · pos=flat · latido=1.50s
[RANGO] autosello ZHIPU · ACECHANDO · Oz=0.0 link=— · manos_feria_informe.json
[RANGO] ZHIPUUSDT_LINEAL last=146.06 · río=WS · mercado=linear · estado=ACECHANDO · dir=— · 0=143.16 · Oz=— · Red=142.62584232 · manos=ON · pos=flat · latido=1.50s
[RANGO] ZHIPUUSDT_LINEAL last=146.1 · río=WS · mercado=linear · estado=ACECHANDO · dir=— · 0=143.16 · Oz=— · Red=142.62584232 · manos=ON · pos=flat · latido=1.50s
[RANGO] autosello ZHIPU · ACECHANDO · Oz=0.0 link=— · manos_feria_informe.json
[RANGO] ZHIPUUSDT_LINEAL last=146.35 · río=WS · mercado=linear · estado=ACECHANDO · dir=— · 0=143.16 · Oz=— · Red=142.62584232 · manos=ON · pos=flat · latido=1.50s
[RANGO] autosello ZHIPU · ACECHANDO · Oz=0.0 link=— · manos_feria_informe.json
[RANGO] ZHIPUUSDT_LINEAL last=146.15 · río=WS · mercado=linear · estado=ACECHANDO · dir=— · 0=143.16 · Oz=— · Red=142.62584232 · manos=ON · pos=flat · latido=1.50s
[RANGO] ZHIPUUSDT_LINEAL last=146.17 · río=WS · mercado=linear · estado=ACECHANDO · dir=— · 0=143.16 · Oz=— · Red=142.62584232 · manos=ON · pos=flat · latido=1.50s
[RANGO] autosello ZHIPU · ACECHANDO · Oz=0.0 link=— · manos_feria_informe.json
[RANGO] ZHIPUUSDT_LINEAL last=146.41 · río=WS · mercado=linear · estado=ACECHANDO · dir=— · 0=143.16 · Oz=— · Red=142.62584232 · manos=ON · pos=flat · latido=1.50s
[RANGO] autosello ZHIPU · ACECHANDO · Oz=0.0 link=— · manos_feria_informe.json
[RANGO] ZHIPUUSDT_LINEAL last=146.42 · río=WS · mercado=linear · estado=ACECHANDO · dir=— · 0=143.16 · Oz=— · Red=142.62584232 · manos=ON · pos=flat · latido=1.50s
[RANGO] ZHIPUUSDT_LINEAL last=146.27 · río=WS · mercado=linear · estado=ACECHANDO · dir=— · 0=143.16 · Oz=— · Red=142.62584232 · manos=ON · pos=flat · latido=1.50s
[RANGO] autosello ZHIPU · ACECHANDO · Oz=0.0 link=— · manos_feria_informe.json
[RANGO] ZHIPUUSDT_LINEAL last=146.31 · río=WS · mercado=linear · estado=ACECHANDO · dir=— · 0=143.16 · Oz=— · Red=142.62584232 · manos=ON · pos=flat · latido=1.50s
[RANGO] autosello ZHIPU · ACECHANDO · Oz=0.0 link=— · manos_feria_informe.json
[RANGO] ZHIPUUSDT_LINEAL last=146.34 · río=WS · mercado=linear · estado=ACECHANDO · dir=— · 0=143.16 · Oz=— · Red=142.62584232 · manos=ON · pos=flat · latido=1.50s
[RANGO] ZHIPUUSDT_LINEAL last=146.32 · río=ciego/muleta · mercado=linear · estado=ACECHANDO · dir=— · 0=143.16 · Oz=— · Red=142.62584232 · manos=ON · pos=flat · latido=1.50s
[RANGO] autosello ZHIPU · ACECHANDO · Oz=0.0 link=— · manos_feria_informe.json
[RANGO] ZHIPUUSDT_LINEAL last=146.34 · río=WS · mercado=linear · estado=ACECHANDO · dir=— · 0=143.16 · Oz=— · Red=142.62584232 · manos=ON · pos=flat · latido=1.50s
[RANGO] autosello ZHIPU · ACECHANDO · Oz=0.0 link=— · manos_feria_informe.json
[RANGO] ZHIPUUSDT_LINEAL last=146.43 · río=WS · mercado=linear · estado=ACECHANDO · dir=— · 0=143.16 · Oz=— · Red=142.62584232 · manos=ON · pos=flat · latido=1.50s
[RANGO] ZHIPUUSDT_LINEAL last=146.34 · río=ciego/muleta · mercado=linear · estado=ACECHANDO · dir=— · 0=143.16 · Oz=— · Red=142.62584232 · manos=ON · pos=flat · latido=1.50s
[RANGO] autosello ZHIPU · ACECHANDO · Oz=0.0 link=— · manos_feria_informe.json
[RANGO] ZHIPUUSDT_LINEAL last=146.34 · río=ciego/muleta · mercado=linear · estado=ACECHANDO · dir=— · 0=143.16 · Oz=— · Red=142.62584232 · manos=ON · pos=flat · latido=1.50s
[RANGO] autosello ZHIPU · ACECHANDO · Oz=0.0 link=— · manos_feria_informe.json
[RANGO] ZHIPUUSDT_LINEAL last=146.26 · río=WS · mercado=linear · estado=ACECHANDO · dir=— · 0=143.16 · Oz=— · Red=142.62584232 · manos=ON · pos=flat · latido=1.50s
[RANGO] ZHIPUUSDT_LINEAL last=146.27 · río=WS · mercado=linear · estado=ACECHANDO · dir=— · 0=143.16 · Oz=— · Red=142.62584232 · manos=ON · pos=flat · latido=1.50s
[RANGO] autosello ZHIPU · ACECHANDO · Oz=0.0 link=— · manos_feria_informe.json
[RANGO] ZHIPUUSDT_LINEAL last=146.21 · río=WS · mercado=linear · estado=ACECHANDO · dir=— · 0=143.16 · Oz=— · Red=142.62584232 · manos=ON · pos=flat · latido=1.50s
[RANGO] autosello ZHIPU · ACECHANDO · Oz=0.0 link=— · manos_feria_informe.json
[RANGO] ZHIPUUSDT_LINEAL last=146.17 · río=WS · mercado=linear · estado=ACECHANDO · dir=— · 0=143.16 · Oz=— · Red=142.62584232 · manos=ON · pos=flat · latido=1.50s
[RANGO] ZHIPUUSDT_LINEAL last=146.27 · río=WS · mercado=linear · estado=ACECHANDO · dir=— · 0=143.16 · Oz=— · Red=142.62584232 · manos=ON · pos=flat · latido=1.50s
[RANGO] autosello ZHIPU · ACECHANDO · Oz=0.0 link=— · manos_feria_informe.json
[RANGO] ZHIPUUSDT_LINEAL last=146.29 · río=WS · mercado=linear · estado=ACECHANDO · dir=— · 0=143.16 · Oz=— · Red=142.62584232 · manos=ON · pos=flat · latido=1.50s
[RANGO] autosello ZHIPU · ACECHANDO · Oz=0.0 link=— · manos_feria_informe.json
[RANGO] ZHIPUUSDT_LINEAL last=146.34 · río=ciego/muleta · mercado=linear · estado=ACECHANDO · dir=— · 0=143.16 · Oz=— · Red=142.62584232 · manos=ON · pos=flat · latido=1.50s
[RANGO] ZHIPUUSDT_LINEAL last=146.29 · río=WS · mercado=linear · estado=ACECHANDO · dir=— · 0=143.16 · Oz=— · Red=142.62584232 · manos=ON · pos=flat · latido=1.50s
[RANGO] autosello ZHIPU · ACECHANDO · Oz=0.0 link=— · manos_feria_informe.json
[RANGO] ZHIPUUSDT_LINEAL last=146.34 · río=ciego/muleta · mercado=linear · estado=ACECHANDO · dir=— · 0=143.16 · Oz=— · Red=142.62584232 · manos=ON · pos=flat · latido=1.50s
[RANGO] autosello ZHIPU · ACECHANDO · Oz=0.0 link=— · manos_feria_informe.json
[RANGO] ZHIPUUSDT_LINEAL last=146.4 · río=WS · mercado=linear · estado=ACECHANDO · dir=— · 0=143.16 · Oz=— · Red=142.62584232 · manos=ON · pos=flat · latido=1.50s
[RANGO] ZHIPUUSDT_LINEAL last=146.28 · río=WS · mercado=linear · estado=ACECHANDO · dir=— · 0=143.16 · Oz=— · Red=142.62584232 · manos=ON · pos=flat · latido=1.50s
[RANGO] autosello ZHIPU · ACECHANDO · Oz=0.0 link=— · manos_feria_informe.json
[RANGO] ZHIPUUSDT_LINEAL last=146.44 · río=WS · mercado=linear · estado=ACECHANDO · dir=— · 0=143.16 · Oz=— · Red=142.62584232 · manos=ON · pos=flat · latido=1.50s
[RANGO] autosello ZHIPU · ACECHANDO · Oz=0.0 link=— · manos_feria_informe.json
[RANGO] ZHIPUUSDT_LINEAL last=146.32 · río=WS · mercado=linear · estado=ACECHANDO · dir=— · 0=143.16 · Oz=— · Red=142.62584232 · manos=ON · pos=flat · latido=1.50s
[RANGO] ZHIPUUSDT_LINEAL last=146.42 · río=WS · mercado=linear · estado=ACECHANDO · dir=— · 0=143.16 · Oz=— · Red=142.62584232 · manos=ON · pos=flat · latido=1.50s
[RANGO] autosello ZHIPU · ACECHANDO · Oz=0.0 link=— · manos_feria_informe.json
[RANGO] ZHIPUUSDT_LINEAL last=146.73 · río=WS · mercado=linear · estado=ACECHANDO · dir=— · 0=143.16 · Oz=— · Red=142.62584232 · manos=ON · pos=flat · latido=1.50s
[RANGO] autosello ZHIPU · ACECHANDO · Oz=0.0 link=— · manos_feria_informe.json
[RANGO] ZHIPUUSDT_LINEAL last=146.93 · río=WS · mercado=linear · estado=ACECHANDO · dir=— · 0=143.16 · Oz=— · Red=142.62584232 · manos=ON · pos=flat · latido=1.50s
[RANGO] ZHIPUUSDT_LINEAL last=147.08 · río=WS · mercado=linear · estado=ACECHANDO · dir=— · 0=143.16 · Oz=— · Red=142.62584232 · manos=ON · pos=flat · latido=1.50s
[RANGO] autosello ZHIPU · ACECHANDO · Oz=0.0 link=— · manos_feria_informe.json
[2026-08-31 13:50:34] [TUSK] RECONCILIACIÓN: MARAUSDT_LINEAL: interno L:0.000000/S:0.000000 -> real L:0.000000/S:0.470000
[2026-08-31 13:50:34] [TUSK] RECONCILIACIÓN: CRDOUSDT_LINEAL: interno L:0.000000/S:0.000000 -> real L:0.200000/S:0.000000
[2026-08-31 13:50:34] [TUSK] RECONCILIACIÓN: MVLLUSDT_LINEAL: interno L:0.000000/S:0.000000 -> real L:3.560000/S:0.000000
[2026-08-31 13:50:34] [TUSK] RECONCILIACIÓN_FANTASMA: MRVLUSDT_LINEAL existe interno pero no en exchange -> reseteando
[2026-08-31 13:50:34] [TUSK] RECONCILIACIÓN_FANTASMA: ESPUSDT_LINEAL existe interno pero no en exchange -> reseteando
[2026-08-31 13:50:34] [TUSK] RECONCILIACIÓN_FANTASMA: PEOPLEUSDT_LINEAL existe interno pero no en exchange -> reseteando
[2026-08-31 13:50:34] [TUSK] RECONCILIACIÓN_OK: 6 frentes alineados con exchange
[RANGO] ZHIPUUSDT_LINEAL last=147.05 · río=WS · mercado=linear · estado=ACECHANDO · dir=— · 0=143.16 · Oz=— · Red=142.62584232 · manos=ON · pos=flat · latido=1.50s
[RANGO] autosello ZHIPU · ACECHANDO · Oz=0.0 link=— · manos_feria_informe.json
[RANGO] ZHIPUUSDT_LINEAL last=147.04 · río=WS · mercado=linear · estado=ACECHANDO · dir=— · 0=143.16 · Oz=— · Red=142.62584232 · manos=ON · pos=flat · latido=1.50s
[RANGO] ZHIPUUSDT_LINEAL last=146.67 · río=WS · mercado=linear · estado=ACECHANDO · dir=— · 0=143.16 · Oz=— · Red=142.62584232 · manos=ON · pos=flat · latido=1.50s
[RANGO] autosello ZHIPU · ACECHANDO · Oz=0.0 link=— · manos_feria_informe.json
[RANGO] ZHIPUUSDT_LINEAL last=146.7 · río=WS · mercado=linear · estado=ACECHANDO · dir=— · 0=143.16 · Oz=— · Red=142.62584232 · manos=ON · pos=flat · latido=1.50s
[RANGO] autosello ZHIPU · ACECHANDO · Oz=0.0 link=— · manos_feria_informe.json
[RANGO] ZHIPUUSDT_LINEAL last=146.86 · río=WS · mercado=linear · estado=ACECHANDO · dir=— · 0=143.16 · Oz=— · Red=142.62584232 · manos=ON · pos=flat · latido=1.50s
[RANGO] ZHIPUUSDT_LINEAL last=146.74 · río=ciego/muleta · mercado=linear · estado=ACECHANDO · dir=— · 0=143.16 · Oz=— · Red=142.62584232 · manos=ON · pos=flat · latido=1.50s
[RANGO] autosello ZHIPU · ACECHANDO · Oz=0.0 link=— · manos_feria_informe.json
[RANGO] ZHIPUUSDT_LINEAL last=147.05 · río=WS · mercado=linear · estado=ACECHANDO · dir=— · 0=143.16 · Oz=— · Red=142.62584232 · manos=ON · pos=flat · latido=1.50s
[RANGO] autosello ZHIPU · ACECHANDO · Oz=0.0 link=— · manos_feria_informe.json
[RANGO] ZHIPUUSDT_LINEAL last=146.92 · río=WS · mercado=linear · estado=ACECHANDO · dir=— · 0=143.16 · Oz=— · Red=142.62584232 · manos=ON · pos=flat · latido=1.50s
[RANGO] ZHIPUUSDT_LINEAL last=146.91 · río=WS · mercado=linear · estado=ACECHANDO · dir=— · 0=143.16 · Oz=— · Red=142.62584232 · manos=ON · pos=flat · latido=1.50s
[RANGO] autosello ZHIPU · ACECHANDO · Oz=0.0 link=— · manos_feria_informe.json
[RANGO] ZHIPUUSDT_LINEAL last=146.93 · río=ciego/muleta · mercado=linear · estado=ACECHANDO · dir=— · 0=143.16 · Oz=— · Red=142.62584232 · manos=ON · pos=flat · latido=1.50s
[RANGO] autosello ZHIPU · ACECHANDO · Oz=0.0 link=— · manos_feria_informe.json
[RANGO] ZHIPUUSDT_LINEAL last=146.94 · río=WS · mercado=linear · estado=ACECHANDO · dir=— · 0=143.16 · Oz=— · Red=142.62584232 · manos=ON · pos=flat · latido=1.50s
[RANGO] autosello ZHIPU · ACECHANDO · Oz=0.0 link=— · manos_feria_informe.json
[RANGO] ZHIPUUSDT_LINEAL last=146.84 · río=WS · mercado=linear · estado=ACECHANDO · dir=— · 0=143.16 · Oz=— · Red=142.62584232 · manos=ON · pos=flat · latido=1.50s
[RANGO] ZHIPUUSDT_LINEAL last=146.98 · río=WS · mercado=linear · estado=ACECHANDO · dir=— · 0=143.16 · Oz=— · Red=142.62584232 · manos=ON · pos=flat · latido=1.50s
[RANGO] autosello ZHIPU · ACECHANDO · Oz=0.0 link=— · manos_feria_informe.json
[RANGO] ZHIPUUSDT_LINEAL last=146.87 · río=WS · mercado=linear · estado=ACECHANDO · dir=— · 0=143.16 · Oz=— · Red=142.62584232 · manos=ON · pos=flat · latido=1.50s
[RANGO] autosello ZHIPU · ACECHANDO · Oz=0.0 link=— · manos_feria_informe.json
[RANGO] ZHIPUUSDT_LINEAL last=146.87 · río=ciego/muleta · mercado=linear · estado=ACECHANDO · dir=— · 0=143.16 · Oz=— · Red=142.62584232 · manos=ON · pos=flat · latido=1.50s
[RANGO] ZHIPUUSDT_LINEAL last=146.84 · río=WS · mercado=linear · estado=ACECHANDO · dir=— · 0=143.16 · Oz=— · Red=142.62584232 · manos=ON · pos=flat · latido=1.50s
[RANGO] autosello ZHIPU · ACECHANDO · Oz=0.0 link=— · manos_feria_informe.json
[RANGO] ZHIPUUSDT_LINEAL last=146.95 · río=WS · mercado=linear · estado=ACECHANDO · dir=— · 0=143.16 · Oz=— · Red=142.62584232 · manos=ON · pos=flat · latido=1.50s
[RANGO] autosello ZHIPU · ACECHANDO · Oz=0.0 link=— · manos_feria_informe.json
[RANGO] ZHIPUUSDT_LINEAL last=146.95 · río=WS · mercado=linear · estado=ACECHANDO · dir=— · 0=143.16 · Oz=— · Red=142.62584232 · manos=ON · pos=flat · latido=1.50s
[2026-08-31 13:53:38] [TUSK] RECONCILIACIÓN: SAMSUNGUSDT_LINEAL: interno L:0.000000/S:0.000000 -> real L:0.000000/S:0.110000
[2026-08-31 13:53:38] [TUSK] RECONCILIACIÓN_FANTASMA: USARUSDT_LINEAL existe interno pero no en exchange -> reseteando
[2026-08-31 13:53:38] [TUSK] RECONCILIACIÓN_OK: 2 frentes alineados con exchange
[RANGO] ZHIPUUSDT_LINEAL last=146.82 · río=WS · mercado=linear · estado=ACECHANDO · dir=— · 0=143.16 · Oz=— · Red=142.62584232 · manos=ON · pos=flat · latido=1.50s
[RANGO] autosello ZHIPU · ACECHANDO · Oz=0.0 link=— · manos_feria_informe.json
[RANGO] ZHIPUUSDT_LINEAL last=146.89 · río=WS · mercado=linear · estado=ACECHANDO · dir=— · 0=143.16 · Oz=— · Red=142.62584232 · manos=ON · pos=flat · latido=1.50s
[RANGO] autosello ZHIPU · ACECHANDO · Oz=0.0 link=— · manos_feria_informe.json
[RANGO] ZHIPUUSDT_LINEAL last=146.87 · río=WS · mercado=linear · estado=ACECHANDO · dir=— · 0=143.16 · Oz=— · Red=142.62584232 · manos=ON · pos=flat · latido=1.50s
[RANGO] ZHIPUUSDT_LINEAL last=146.84 · río=WS · mercado=linear · estado=ACECHANDO · dir=— · 0=143.16 · Oz=— · Red=142.62584232 · manos=ON · pos=flat · latido=1.50s
[RANGO] autosello ZHIPU · ACECHANDO · Oz=0.0 link=— · manos_feria_informe.json
[RANGO] ZHIPUUSDT_LINEAL last=146.8 · río=WS · mercado=linear · estado=ACECHANDO · dir=— · 0=143.16 · Oz=— · Red=142.62584232 · manos=ON · pos=flat · latido=1.50s
[RANGO] autosello ZHIPU · ACECHANDO · Oz=0.0 link=— · manos_feria_informe.json
[RANGO] ZHIPUUSDT_LINEAL last=146.85 · río=WS · mercado=linear · estado=ACECHANDO · dir=— · 0=143.16 · Oz=— · Red=142.62584232 · manos=ON · pos=flat · latido=1.50s
[RANGO] ZHIPUUSDT_LINEAL last=146.87 · río=WS · mercado=linear · estado=ACECHANDO · dir=— · 0=143.16 · Oz=— · Red=142.62584232 · manos=ON · pos=flat · latido=1.50s
[RANGO] autosello ZHIPU · ACECHANDO · Oz=0.0 link=— · manos_feria_informe.json
[RANGO] ZHIPUUSDT_LINEAL last=146.98 · río=WS · mercado=linear · estado=ACECHANDO · dir=— · 0=143.16 · Oz=— · Red=142.62584232 · manos=ON · pos=flat · latido=1.50s
[RANGO] autosello ZHIPU · ACECHANDO · Oz=0.0 link=— · manos_feria_informe.json
[RANGO] ZHIPUUSDT_LINEAL last=147.02 · río=WS · mercado=linear · estado=ACECHANDO · dir=— · 0=143.16 · Oz=— · Red=142.62584232 · manos=ON · pos=flat · latido=1.50s
[RANGO] ZHIPUUSDT_LINEAL last=147.11 · río=WS · mercado=linear · estado=ACECHANDO · dir=— · 0=143.16 · Oz=— · Red=142.62584232 · manos=ON · pos=flat · latido=1.50s
[RANGO] autosello ZHIPU · ACECHANDO · Oz=0.0 link=— · manos_feria_informe.json
[RANGO] ZHIPUUSDT_LINEAL last=147.0 · río=WS · mercado=linear · estado=ACECHANDO · dir=— · 0=143.16 · Oz=— · Red=142.62584232 · manos=ON · pos=flat · latido=1.50s
[RANGO] autosello ZHIPU · ACECHANDO · Oz=0.0 link=— · manos_feria_informe.json
[RANGO] ZHIPUUSDT_LINEAL last=147.02 · río=WS · mercado=linear · estado=ACECHANDO · dir=— · 0=143.16 · Oz=— · Red=142.62584232 · manos=ON · pos=flat · latido=1.50s
[RANGO] ZHIPUUSDT_LINEAL last=147.18 · río=WS · mercado=linear · estado=ACECHANDO · dir=— · 0=143.16 · Oz=— · Red=142.62584232 · manos=ON · pos=flat · latido=1.50s
[RANGO] autosello ZHIPU · ACECHANDO · Oz=0.0 link=— · manos_feria_informe.json
[RANGO] ZHIPUUSDT_LINEAL last=147.07 · río=ciego/muleta · mercado=linear · estado=ACECHANDO · dir=— · 0=143.16 · Oz=— · Red=142.62584232 · manos=ON · pos=flat · latido=1.50s
[RANGO] autosello ZHIPU · ACECHANDO · Oz=0.0 link=— · manos_feria_informe.json
[RANGO] ZHIPUUSDT_LINEAL last=147.09 · río=WS · mercado=linear · estado=ACECHANDO · dir=— · 0=143.16 · Oz=— · Red=142.62584232 · manos=ON · pos=flat · latido=1.50s
[RANGO] ZHIPUUSDT_LINEAL last=147.07 · río=WS · mercado=linear · estado=ACECHANDO · dir=— · 0=143.16 · Oz=— · Red=142.62584232 · manos=ON · pos=flat · latido=1.50s
[RANGO] autosello ZHIPU · ACECHANDO · Oz=0.0 link=— · manos_feria_informe.json
[RANGO] ZHIPUUSDT_LINEAL last=147.11 · río=WS · mercado=linear · estado=ACECHANDO · dir=— · 0=143.16 · Oz=— · Red=142.62584232 · manos=ON · pos=flat · latido=1.50s
[RANGO] autosello ZHIPU · ACECHANDO · Oz=0.0 link=— · manos_feria_informe.json
[RANGO] ZHIPUUSDT_LINEAL last=147.09 · río=WS · mercado=linear · estado=ACECHANDO · dir=— · 0=143.16 · Oz=— · Red=142.62584232 · manos=ON · pos=flat · latido=1.50s
[RANGO] ZHIPUUSDT_LINEAL last=147.09 · río=WS · mercado=linear · estado=ACECHANDO · dir=— · 0=143.16 · Oz=— · Red=142.62584232 · manos=ON · pos=flat · latido=1.50s
[RANGO] autosello ZHIPU · ACECHANDO · Oz=0.0 link=— · manos_feria_informe.json
[RANGO] ZHIPUUSDT_LINEAL last=146.91 · río=WS · mercado=linear · estado=ACECHANDO · dir=— · 0=143.16 · Oz=— · Red=142.62584232 · manos=ON · pos=flat · latido=1.50s
[RANGO] autosello ZHIPU · ACECHANDO · Oz=0.0 link=— · manos_feria_informe.json
[RANGO] ZHIPUUSDT_LINEAL last=146.93 · río=WS · mercado=linear · estado=ACECHANDO · dir=— · 0=143.16 · Oz=— · Red=142.62584232 · manos=ON · pos=flat · latido=1.50s
[RANGO] ZHIPUUSDT_LINEAL last=146.94 · río=WS · mercado=linear · estado=ACECHANDO · dir=— · 0=143.16 · Oz=— · Red=142.62584232 · manos=ON · pos=flat · latido=1.50s
[RANGO] autosello ZHIPU · ACECHANDO · Oz=0.0 link=— · manos_feria_informe.json
[RANGO] ZHIPUUSDT_LINEAL last=147.0 · río=WS · mercado=linear · estado=ACECHANDO · dir=— · 0=143.16 · Oz=— · Red=142.62584232 · manos=ON · pos=flat · latido=1.50s
[RANGO] autosello ZHIPU · ACECHANDO · Oz=0.0 link=— · manos_feria_informe.json
[RANGO] ZHIPUUSDT_LINEAL last=147.14 · río=WS · mercado=linear · estado=ACECHANDO · dir=— · 0=143.16 · Oz=— · Red=142.62584232 · manos=ON · pos=flat · latido=1.50s
[RANGO] ZHIPUUSDT_LINEAL last=146.94 · río=ciego/muleta · mercado=linear · estado=ACECHANDO · dir=— · 0=143.16 · Oz=— · Red=142.62584232 · manos=ON · pos=flat · latido=1.50s
[RANGO] autosello ZHIPU · ACECHANDO · Oz=0.0 link=— · manos_feria_informe.json
[RANGO] ZHIPUUSDT_LINEAL last=146.94 · río=ciego/muleta · mercado=linear · estado=ACECHANDO · dir=— · 0=143.16 · Oz=— · Red=142.62584232 · manos=ON · pos=flat · latido=1.50s
[RANGO] autosello ZHIPU · ACECHANDO · Oz=0.0 link=— · manos_feria_informe.json
[RANGO] ZHIPUUSDT_LINEAL last=147.0 · río=WS · mercado=linear · estado=ACECHANDO · dir=— · 0=143.16 · Oz=— · Red=142.62584232 · manos=ON · pos=flat · latido=1.50s
[RANGO] ZHIPUUSDT_LINEAL last=146.94 · río=WS · mercado=linear · estado=ACECHANDO · dir=— · 0=143.16 · Oz=— · Red=142.62584232 · manos=ON · pos=flat · latido=1.50s
[RANGO] autosello ZHIPU · ACECHANDO · Oz=0.0 link=— · manos_feria_informe.json
[RANGO] ZHIPUUSDT_LINEAL last=146.97 · río=WS · mercado=linear · estado=ACECHANDO · dir=— · 0=143.16 · Oz=— · Red=142.62584232 · manos=ON · pos=flat · latido=1.50s
[RANGO] autosello ZHIPU · ACECHANDO · Oz=0.0 link=— · manos_feria_informe.json
[RANGO] ZHIPUUSDT_LINEAL last=147.0 · río=WS · mercado=linear · estado=ACECHANDO · dir=— · 0=143.16 · Oz=— · Red=142.62584232 · manos=ON · pos=flat · latido=1.50s
[RANGO] ZHIPUUSDT_LINEAL last=147.0 · río=ciego/muleta · mercado=linear · estado=ACECHANDO · dir=— · 0=143.16 · Oz=— · Red=142.62584232 · manos=ON · pos=flat · latido=1.50s
[RANGO] autosello ZHIPU · ACECHANDO · Oz=0.0 link=— · manos_feria_informe.json
[RANGO] ZHIPUUSDT_LINEAL last=147.03 · río=WS · mercado=linear · estado=ACECHANDO · dir=— · 0=143.16 · Oz=— · Red=142.62584232 · manos=ON · pos=flat · latido=1.50s
[RANGO] autosello ZHIPU · ACECHANDO · Oz=0.0 link=— · manos_feria_informe.json
[RANGO] ZHIPUUSDT_LINEAL last=147.02 · río=WS · mercado=linear · estado=ACECHANDO · dir=— · 0=143.16 · Oz=— · Red=142.62584232 · manos=ON · pos=flat · latido=1.50s
[RANGO] ZHIPUUSDT_LINEAL last=147.0 · río=ciego/muleta · mercado=linear · estado=ACECHANDO · dir=— · 0=143.16 · Oz=— · Red=142.62584232 · manos=ON · pos=flat · latido=1.50s
[RANGO] autosello ZHIPU · ACECHANDO · Oz=0.0 link=— · manos_feria_informe.json
[RANGO] ZHIPUUSDT_LINEAL last=147.0 · río=ciego/muleta · mercado=linear · estado=ACECHANDO · dir=— · 0=143.16 · Oz=— · Red=142.62584232 · manos=ON · pos=flat · latido=1.50s
[RANGO] autosello ZHIPU · ACECHANDO · Oz=0.0 link=— · manos_feria_informe.json
[RANGO] ZHIPUUSDT_LINEAL last=147.0 · río=WS · mercado=linear · estado=ACECHANDO · dir=— · 0=143.16 · Oz=— · Red=142.62584232 · manos=ON · pos=flat · latido=1.50s
[RANGO] autosello ZHIPU · ACECHANDO · Oz=0.0 link=— · manos_feria_informe.json
[RANGO] ZHIPUUSDT_LINEAL last=147.0 · río=WS · mercado=linear · estado=ACECHANDO · dir=— · 0=143.16 · Oz=— · Red=142.62584232 · manos=ON · pos=flat · latido=1.50s
[RANGO] ZHIPUUSDT_LINEAL last=147.0 · río=WS · mercado=linear · estado=ACECHANDO · dir=— · 0=143.16 · Oz=— · Red=142.62584232 · manos=ON · pos=flat · latido=1.50s
[RANGO] autosello ZHIPU · ACECHANDO · Oz=0.0 link=— · manos_feria_informe.json
[RANGO] ZHIPUUSDT_LINEAL last=147.02 · río=WS · mercado=linear · estado=ACECHANDO · dir=— · 0=143.16 · Oz=— · Red=142.62584232 · manos=ON · pos=flat · latido=1.50s
[RANGO] autosello ZHIPU · ACECHANDO · Oz=0.0 link=— · manos_feria_informe.json
[RANGO] ZHIPUUSDT_LINEAL last=146.94 · río=WS · mercado=linear · estado=ACECHANDO · dir=— · 0=143.16 · Oz=— · Red=142.62584232 · manos=ON · pos=flat · latido=1.50s
[RANGO] ZHIPUUSDT_LINEAL last=146.88 · río=WS · mercado=linear · estado=ACECHANDO · dir=— · 0=143.16 · Oz=— · Red=142.62584232 · manos=ON · pos=flat · latido=1.50s
[RANGO] autosello ZHIPU · ACECHANDO · Oz=0.0 link=— · manos_feria_informe.json
[RANGO] ZHIPUUSDT_LINEAL last=146.83 · río=WS · mercado=linear · estado=ACECHANDO · dir=— · 0=143.16 · Oz=— · Red=142.62584232 · manos=ON · pos=flat · latido=1.50s
[RANGO] autosello ZHIPU · ACECHANDO · Oz=0.0 link=— · manos_feria_informe.json
[RANGO] ZHIPUUSDT_LINEAL last=146.59 · río=WS · mercado=linear · estado=ACECHANDO · dir=— · 0=143.16 · Oz=— · Red=142.62584232 · manos=ON · pos=flat · latido=1.50s
[2026-08-31 14:00:46] [TUSK] RECONCILIACIÓN: AKTUSDT_LINEAL: interno L:0.000000/S:0.000000 -> real L:209.400000/S:0.000000
[2026-08-31 14:00:46] [TUSK] RECONCILIACIÓN: SAFEUSDT_LINEAL: interno L:0.000000/S:0.000000 -> real L:0.000000/S:46.600000
[2026-08-31 14:00:46] [TUSK] RECONCILIACIÓN: AIGENSYNUSDT_LINEAL: interno L:0.000000/S:0.000000 -> real L:1230.000000/S:0.000000
[2026-08-31 14:00:46] [TUSK] RECONCILIACIÓN: LSKUSDT_LINEAL: interno L:0.000000/S:0.000000 -> real L:94.400000/S:0.000000
[2026-08-31 14:00:46] [TUSK] RECONCILIACIÓN: ZBTUSDT_LINEAL: interno L:0.000000/S:0.000000 -> real L:0.000000/S:230.800000
[2026-08-31 14:00:46] [TUSK] RECONCILIACIÓN: CROSSUSDT_LINEAL: interno L:0.000000/S:0.000000 -> real L:700.000000/S:0.000000
[2026-08-31 14:00:46] [TUSK] RECONCILIACIÓN: HUSDT_LINEAL: interno L:0.000000/S:0.000000 -> real L:210.000000/S:0.000000
[2026-08-31 14:00:47] [TUSK] RECONCILIACIÓN: ACUUSDT_LINEAL: interno L:0.000000/S:0.000000 -> real L:215.000000/S:0.000000
[2026-08-31 14:00:47] [TUSK] RECONCILIACIÓN: ZEREBROUSDT_LINEAL: interno L:0.000000/S:0.000000 -> real L:0.000000/S:686.000000
[2026-08-31 14:00:47] [TUSK] RECONCILIACIÓN: AEROUSDT_LINEAL: interno L:0.000000/S:0.000000 -> real L:70.000000/S:0.000000
[2026-08-31 14:00:47] [TUSK] RECONCILIACIÓN: ARCUSDT_LINEAL: interno L:0.000000/S:0.000000 -> real L:45.000000/S:0.000000
[2026-08-31 14:00:47] [TUSK] RECONCILIACIÓN_FANTASMA: BSPUSDT_LINEAL existe interno pero no en exchange -> reseteando
[2026-08-31 14:00:47] [TUSK] RECONCILIACIÓN_FANTASMA: WDCUSDT_LINEAL existe interno pero no en exchange -> reseteando
[2026-08-31 14:00:47] [TUSK] RECONCILIACIÓN_FANTASMA: MVLLUSDT_LINEAL existe interno pero no en exchange -> reseteando
[2026-08-31 14:00:47] [TUSK] RECONCILIACIÓN_FANTASMA: CRDOUSDT_LINEAL existe interno pero no en exchange -> reseteando
[2026-08-31 14:00:47] [TUSK] RECONCILIACIÓN_FANTASMA: ZKPUSDT_LINEAL existe interno pero no en exchange -> reseteando
[2026-08-31 14:00:47] [TUSK] RECONCILIACIÓN_FANTASMA: CRVUSDT_LINEAL existe interno pero no en exchange -> reseteando
[2026-08-31 14:00:47] [TUSK] RECONCILIACIÓN_FANTASMA: FWDIUSDT_LINEAL existe interno pero no en exchange -> reseteando
[2026-08-31 14:00:47] [TUSK] RECONCILIACIÓN_FANTASMA: ROBOUSDT_LINEAL existe interno pero no en exchange -> reseteando
[2026-08-31 14:00:47] [TUSK] RECONCILIACIÓN_FANTASMA: TERUSDT_LINEAL existe interno pero no en exchange -> reseteando
[2026-08-31 14:00:47] [TUSK] RECONCILIACIÓN_FANTASMA: ONDSUSDT_LINEAL existe interno pero no en exchange -> reseteando
[2026-08-31 14:00:47] [TUSK] RECONCILIACIÓN_FANTASMA: MARAUSDT_LINEAL existe interno pero no en exchange -> reseteando
[2026-08-31 14:00:47] [TUSK] RECONCILIACIÓN_OK: 22 frentes alineados con exchange
[RANGO] ZHIPUUSDT_LINEAL last=146.59 · río=WS · mercado=linear · estado=ACECHANDO · dir=— · 0=143.16 · Oz=— · Red=142.62584232 · manos=ON · pos=flat · latido=1.50s
[RANGO] autosello ZHIPU · ACECHANDO · Oz=0.0 link=— · manos_feria_informe.json
[RANGO] ZHIPUUSDT_LINEAL last=146.68 · río=WS · mercado=linear · estado=ACECHANDO · dir=— · 0=143.16 · Oz=— · Red=142.62584232 · manos=ON · pos=flat · latido=1.50s
[RANGO] autosello ZHIPU · ACECHANDO · Oz=0.0 link=— · manos_feria_informe.json
[RANGO] ZHIPUUSDT_LINEAL last=146.7 · río=WS · mercado=linear · estado=ACECHANDO · dir=— · 0=143.16 · Oz=— · Red=142.62584232 · manos=ON · pos=flat · latido=1.50s
[RANGO] ZHIPUUSDT_LINEAL last=146.6 · río=WS · mercado=linear · estado=ACECHANDO · dir=— · 0=143.16 · Oz=— · Red=142.62584232 · manos=ON · pos=flat · latido=1.50s
[RANGO] autosello ZHIPU · ACECHANDO · Oz=0.0 link=— · manos_feria_informe.json
[RANGO] ZHIPUUSDT_LINEAL last=146.58 · río=WS · mercado=linear · estado=ACECHANDO · dir=— · 0=143.16 · Oz=— · Red=142.62584232 · manos=ON · pos=flat · latido=1.50s
[RANGO] autosello ZHIPU · ACECHANDO · Oz=0.0 link=— · manos_feria_informe.json
[RANGO] ZHIPUUSDT_LINEAL last=146.68 · río=WS · mercado=linear · estado=ACECHANDO · dir=— · 0=143.16 · Oz=— · Red=142.62584232 · manos=ON · pos=flat · latido=1.50s
[RANGO] ZHIPUUSDT_LINEAL last=146.66 · río=WS · mercado=linear · estado=ACECHANDO · dir=— · 0=143.16 · Oz=— · Red=142.62584232 · manos=ON · pos=flat · latido=1.50s
[RANGO] autosello ZHIPU · ACECHANDO · Oz=0.0 link=— · manos_feria_informe.json
[RANGO] ZHIPUUSDT_LINEAL last=146.79 · río=WS · mercado=linear · estado=ACECHANDO · dir=— · 0=143.16 · Oz=— · Red=142.62584232 · manos=ON · pos=flat · latido=1.50s
[RANGO] autosello ZHIPU · ACECHANDO · Oz=0.0 link=— · manos_feria_informe.json
[RANGO] ZHIPUUSDT_LINEAL last=146.65 · río=WS · mercado=linear · estado=ACECHANDO · dir=— · 0=143.16 · Oz=— · Red=142.62584232 · manos=ON · pos=flat · latido=1.50s
[RANGO] ZHIPUUSDT_LINEAL last=146.62 · río=WS · mercado=linear · estado=ACECHANDO · dir=— · 0=143.16 · Oz=— · Red=142.62584232 · manos=ON · pos=flat · latido=1.50s
[RANGO] autosello ZHIPU · ACECHANDO · Oz=0.0 link=— · manos_feria_informe.json
[RANGO] ZHIPUUSDT_LINEAL last=146.65 · río=WS · mercado=linear · estado=ACECHANDO · dir=— · 0=143.16 · Oz=— · Red=142.62584232 · manos=ON · pos=flat · latido=1.50s
[RANGO] autosello ZHIPU · ACECHANDO · Oz=0.0 link=— · manos_feria_informe.json
[RANGO] ZHIPUUSDT_LINEAL last=146.8 · río=WS · mercado=linear · estado=ACECHANDO · dir=— · 0=143.16 · Oz=— · Red=142.62584232 · manos=ON · pos=flat · latido=1.50s
[RANGO] ZHIPUUSDT_LINEAL last=146.67 · río=ciego/muleta · mercado=linear · estado=ACECHANDO · dir=— · 0=143.16 · Oz=— · Red=142.62584232 · manos=ON · pos=flat · latido=1.50s
[RANGO] autosello ZHIPU · ACECHANDO · Oz=0.0 link=— · manos_feria_informe.json
[RANGO] ZHIPUUSDT_LINEAL last=146.5 · río=WS · mercado=linear · estado=ACECHANDO · dir=— · 0=143.16 · Oz=— · Red=142.62584232 · manos=ON · pos=flat · latido=1.50s
[RANGO] autosello ZHIPU · ACECHANDO · Oz=0.0 link=— · manos_feria_informe.json
[RANGO] ZHIPUUSDT_LINEAL last=146.44 · río=WS · mercado=linear · estado=ACECHANDO · dir=— · 0=143.16 · Oz=— · Red=142.62584232 · manos=ON · pos=flat · latido=1.50s
[RANGO] ZHIPUUSDT_LINEAL last=146.42 · río=WS · mercado=linear · estado=ACECHANDO · dir=— · 0=143.16 · Oz=— · Red=142.62584232 · manos=ON · pos=flat · latido=1.50s
[RANGO] autosello ZHIPU · ACECHANDO · Oz=0.0 link=— · manos_feria_informe.json
[RANGO] ZHIPUUSDT_LINEAL last=146.56 · río=WS · mercado=linear · estado=ACECHANDO · dir=— · 0=143.16 · Oz=— · Red=142.62584232 · manos=ON · pos=flat · latido=1.50s
[RANGO] autosello ZHIPU · ACECHANDO · Oz=0.0 link=— · manos_feria_informe.json
[RANGO] ZHIPUUSDT_LINEAL last=146.56 · río=ciego/muleta · mercado=linear · estado=ACECHANDO · dir=— · 0=143.16 · Oz=— · Red=142.62584232 · manos=ON · pos=flat · latido=1.50s
[RANGO] ZHIPUUSDT_LINEAL last=146.56 · río=ciego/muleta · mercado=linear · estado=ACECHANDO · dir=— · 0=143.16 · Oz=— · Red=142.62584232 · manos=ON · pos=flat · latido=1.50s
[RANGO] autosello ZHIPU · ACECHANDO · Oz=0.0 link=— · manos_feria_informe.json
[RANGO] ZHIPUUSDT_LINEAL last=146.6 · río=ciego/muleta · mercado=linear · estado=ACECHANDO · dir=— · 0=143.16 · Oz=— · Red=142.62584232 · manos=ON · pos=flat · latido=1.50s
[RANGO] autosello ZHIPU · ACECHANDO · Oz=0.0 link=— · manos_feria_informe.json
[RANGO] ZHIPUUSDT_LINEAL last=146.51 · río=WS · mercado=linear · estado=ACECHANDO · dir=— · 0=143.16 · Oz=— · Red=142.62584232 · manos=ON · pos=flat · latido=1.50s
[RANGO] autosello ZHIPU · ACECHANDO · Oz=0.0 link=— · manos_feria_informe.json
[RANGO] ZHIPUUSDT_LINEAL last=146.6 · río=ciego/muleta · mercado=linear · estado=ACECHANDO · dir=— · 0=143.16 · Oz=— · Red=142.62584232 · manos=ON · pos=flat · latido=1.50s
[RANGO] ZHIPUUSDT_LINEAL last=146.6 · río=ciego/muleta · mercado=linear · estado=ACECHANDO · dir=— · 0=143.16 · Oz=— · Red=142.62584232 · manos=ON · pos=flat · latido=1.50s
[RANGO] autosello ZHIPU · ACECHANDO · Oz=0.0 link=— · manos_feria_informe.json
[RANGO] ZHIPUUSDT_LINEAL last=146.6 · río=ciego/muleta · mercado=linear · estado=ACECHANDO · dir=— · 0=143.16 · Oz=— · Red=142.62584232 · manos=ON · pos=flat · latido=1.50s
[RANGO] autosello ZHIPU · ACECHANDO · Oz=0.0 link=— · manos_feria_informe.json
[RANGO] ZHIPUUSDT_LINEAL last=146.69 · río=WS · mercado=linear · estado=ACECHANDO · dir=— · 0=143.16 · Oz=— · Red=142.62584232 · manos=ON · pos=flat · latido=1.50s
[RANGO] ZHIPUUSDT_LINEAL last=146.6 · río=WS · mercado=linear · estado=ACECHANDO · dir=— · 0=143.16 · Oz=— · Red=142.62584232 · manos=ON · pos=flat · latido=1.50s
[RANGO] autosello ZHIPU · ACECHANDO · Oz=0.0 link=— · manos_feria_informe.json
[RANGO] ZHIPUUSDT_LINEAL last=146.77 · río=WS · mercado=linear · estado=ACECHANDO · dir=— · 0=143.16 · Oz=— · Red=142.62584232 · manos=ON · pos=flat · latido=1.50s
[RANGO] autosello ZHIPU · ACECHANDO · Oz=0.0 link=— · manos_feria_informe.json
[RANGO] ZHIPUUSDT_LINEAL last=146.68 · río=WS · mercado=linear · estado=ACECHANDO · dir=— · 0=143.16 · Oz=— · Red=142.62584232 · manos=ON · pos=flat · latido=1.50s
[RANGO] ZHIPUUSDT_LINEAL last=146.69 · río=WS · mercado=linear · estado=ACECHANDO · dir=— · 0=143.16 · Oz=— · Red=142.62584232 · manos=ON · pos=flat · latido=1.50s
[RANGO] autosello ZHIPU · ACECHANDO · Oz=0.0 link=— · manos_feria_informe.json
[RANGO] ZHIPUUSDT_LINEAL last=146.68 · río=WS · mercado=linear · estado=ACECHANDO · dir=— · 0=143.16 · Oz=— · Red=142.62584232 · manos=ON · pos=flat · latido=1.50s
[RANGO] autosello ZHIPU · ACECHANDO · Oz=0.0 link=— · manos_feria_informe.json
[RANGO] ZHIPUUSDT_LINEAL last=146.79 · río=WS · mercado=linear · estado=ACECHANDO · dir=— · 0=143.16 · Oz=— · Red=142.62584232 · manos=ON · pos=flat · latido=1.50s
[RANGO] ZHIPUUSDT_LINEAL last=146.69 · río=WS · mercado=linear · estado=ACECHANDO · dir=— · 0=143.16 · Oz=— · Red=142.62584232 · manos=ON · pos=flat · latido=1.50s
[RANGO] autosello ZHIPU · ACECHANDO · Oz=0.0 link=— · manos_feria_informe.json
[RANGO] ZHIPUUSDT_LINEAL last=146.87 · río=WS · mercado=linear · estado=ACECHANDO · dir=— · 0=143.16 · Oz=— · Red=142.62584232 · manos=ON · pos=flat · latido=1.50s
[RANGO] autosello ZHIPU · ACECHANDO · Oz=0.0 link=— · manos_feria_informe.json
[RANGO] ZHIPUUSDT_LINEAL last=146.82 · río=ciego/muleta · mercado=linear · estado=ACECHANDO · dir=— · 0=143.16 · Oz=— · Red=142.62584232 · manos=ON · pos=flat · latido=1.50s
[RANGO] ZHIPUUSDT_LINEAL last=146.86 · río=WS · mercado=linear · estado=ACECHANDO · dir=— · 0=143.16 · Oz=— · Red=142.62584232 · manos=ON · pos=flat · latido=1.50s
[RANGO] autosello ZHIPU · ACECHANDO · Oz=0.0 link=— · manos_feria_informe.json
[RANGO] ZHIPUUSDT_LINEAL last=146.76 · río=WS · mercado=linear · estado=ACECHANDO · dir=— · 0=143.16 · Oz=— · Red=142.62584232 · manos=ON · pos=flat · latido=1.50s
[RANGO] autosello ZHIPU · ACECHANDO · Oz=0.0 link=— · manos_feria_informe.json
[RANGO] ZHIPUUSDT_LINEAL last=146.92 · río=WS · mercado=linear · estado=ACECHANDO · dir=— · 0=143.16 · Oz=— · Red=142.62584232 · manos=ON · pos=flat · latido=1.50s
[RANGO] ZHIPUUSDT_LINEAL last=146.8 · río=WS · mercado=linear · estado=ACECHANDO · dir=— · 0=143.16 · Oz=— · Red=142.62584232 · manos=ON · pos=flat · latido=1.50s
[RANGO] autosello ZHIPU · ACECHANDO · Oz=0.0 link=— · manos_feria_informe.json
[RANGO] ZHIPUUSDT_LINEAL last=146.81 · río=WS · mercado=linear · estado=ACECHANDO · dir=— · 0=143.16 · Oz=— · Red=142.62584232 · manos=ON · pos=flat · latido=1.50s
[RANGO] autosello ZHIPU · ACECHANDO · Oz=0.0 link=— · manos_feria_informe.json
[RANGO] ZHIPUUSDT_LINEAL last=146.75 · río=WS · mercado=linear · estado=ACECHANDO · dir=— · 0=143.16 · Oz=— · Red=142.62584232 · manos=ON · pos=flat · latido=1.50s
[RANGO] ZHIPUUSDT_LINEAL last=146.84 · río=WS · mercado=linear · estado=ACECHANDO · dir=— · 0=143.16 · Oz=— · Red=142.62584232 · manos=ON · pos=flat · latido=1.50s
[RANGO] autosello ZHIPU · ACECHANDO · Oz=0.0 link=— · manos_feria_informe.json
[RANGO] ZHIPUUSDT_LINEAL last=146.92 · río=ciego/muleta · mercado=linear · estado=ACECHANDO · dir=— · 0=143.16 · Oz=— · Red=142.62584232 · manos=ON · pos=flat · latido=1.50s
[RANGO] autosello ZHIPU · ACECHANDO · Oz=0.0 link=— · manos_feria_informe.json
[RANGO] ZHIPUUSDT_LINEAL last=146.84 · río=WS · mercado=linear · estado=ACECHANDO · dir=— · 0=143.16 · Oz=— · Red=142.62584232 · manos=ON · pos=flat · latido=1.50s
[RANGO] ZHIPUUSDT_LINEAL last=146.84 · río=ciego/muleta · mercado=linear · estado=ACECHANDO · dir=— · 0=143.16 · Oz=— · Red=142.62584232 · manos=ON · pos=flat · latido=1.50s
[RANGO] autosello ZHIPU · ACECHANDO · Oz=0.0 link=— · manos_feria_informe.json
[RANGO] ZHIPUUSDT_LINEAL last=146.75 · río=WS · mercado=linear · estado=ACECHANDO · dir=— · 0=143.16 · Oz=— · Red=142.62584232 · manos=ON · pos=flat · latido=1.50s
[RANGO] autosello ZHIPU · ACECHANDO · Oz=0.0 link=— · manos_feria_informe.json
[RANGO] ZHIPUUSDT_LINEAL last=146.75 · río=ciego/muleta · mercado=linear · estado=ACECHANDO · dir=— · 0=143.16 · Oz=— · Red=142.62584232 · manos=ON · pos=flat · latido=1.50s
[RANGO] autosello ZHIPU · ACECHANDO · Oz=0.0 link=— · manos_feria_informe.json
[RANGO] ZHIPUUSDT_LINEAL last=146.75 · río=ciego/muleta · mercado=linear · estado=ACECHANDO · dir=— · 0=143.16 · Oz=— · Red=142.62584232 · manos=ON · pos=flat · latido=1.50s
[RANGO] ZHIPUUSDT_LINEAL last=146.75 · río=ciego/muleta · mercado=linear · estado=ACECHANDO · dir=— · 0=143.16 · Oz=— · Red=142.62584232 · manos=ON · pos=flat · latido=1.50s
[RANGO] autosello ZHIPU · ACECHANDO · Oz=0.0 link=— · manos_feria_informe.json
[RANGO] ZHIPUUSDT_LINEAL last=146.69 · río=WS · mercado=linear · estado=ACECHANDO · dir=— · 0=143.16 · Oz=— · Red=142.62584232 · manos=ON · pos=flat · latido=1.50s
[RANGO] autosello ZHIPU · ACECHANDO · Oz=0.0 link=— · manos_feria_informe.json
[RANGO] ZHIPUUSDT_LINEAL last=146.62 · río=WS · mercado=linear · estado=ACECHANDO · dir=— · 0=143.16 · Oz=— · Red=142.62584232 · manos=ON · pos=flat · latido=1.50s
[RANGO] ZHIPUUSDT_LINEAL last=146.61 · río=WS · mercado=linear · estado=ACECHANDO · dir=— · 0=143.16 · Oz=— · Red=142.62584232 · manos=ON · pos=flat · latido=1.50s
[RANGO] autosello ZHIPU · ACECHANDO · Oz=0.0 link=— · manos_feria_informe.json
[RANGO] ZHIPUUSDT_LINEAL last=146.61 · río=WS · mercado=linear · estado=ACECHANDO · dir=— · 0=143.16 · Oz=— · Red=142.62584232 · manos=ON · pos=flat · latido=1.50s
[RANGO] autosello ZHIPU · ACECHANDO · Oz=0.0 link=— · manos_feria_informe.json
[RANGO] ZHIPUUSDT_LINEAL last=146.7 · río=ciego/muleta · mercado=linear · estado=ACECHANDO · dir=— · 0=143.16 · Oz=— · Red=142.62584232 · manos=ON · pos=flat · latido=1.50s
[RANGO] ZHIPUUSDT_LINEAL last=146.65 · río=WS · mercado=linear · estado=ACECHANDO · dir=— · 0=143.16 · Oz=— · Red=142.62584232 · manos=ON · pos=flat · latido=1.50s
[RANGO] autosello ZHIPU · ACECHANDO · Oz=0.0 link=— · manos_feria_informe.json
[RANGO] ZHIPUUSDT_LINEAL last=146.63 · río=WS · mercado=linear · estado=ACECHANDO · dir=— · 0=143.16 · Oz=— · Red=142.62584232 · manos=ON · pos=flat · latido=1.50s
[RANGO] autosello ZHIPU · ACECHANDO · Oz=0.0 link=— · manos_feria_informe.json
[RANGO] ZHIPUUSDT_LINEAL last=146.68 · río=WS · mercado=linear · estado=ACECHANDO · dir=— · 0=143.16 · Oz=— · Red=142.62584232 · manos=ON · pos=flat · latido=1.50s
[RANGO] ZHIPUUSDT_LINEAL last=146.67 · río=WS · mercado=linear · estado=ACECHANDO · dir=— · 0=143.16 · Oz=— · Red=142.62584232 · manos=ON · pos=flat · latido=1.50s
[RANGO] autosello ZHIPU · ACECHANDO · Oz=0.0 link=— · manos_feria_informe.json
[RANGO] ZHIPUUSDT_LINEAL last=146.76 · río=WS · mercado=linear · estado=ACECHANDO · dir=— · 0=143.16 · Oz=— · Red=142.62584232 · manos=ON · pos=flat · latido=1.50s
[RANGO] autosello ZHIPU · ACECHANDO · Oz=0.0 link=— · manos_feria_informe.json
[RANGO] ZHIPUUSDT_LINEAL last=146.7 · río=ciego/muleta · mercado=linear · estado=ACECHANDO · dir=— · 0=143.16 · Oz=— · Red=142.62584232 · manos=ON · pos=flat · latido=1.50s
[RANGO] ZHIPUUSDT_LINEAL last=146.7 · río=ciego/muleta · mercado=linear · estado=ACECHANDO · dir=— · 0=143.16 · Oz=— · Red=142.62584232 · manos=ON · pos=flat · latido=1.50s
[RANGO] autosello ZHIPU · ACECHANDO · Oz=0.0 link=— · manos_feria_informe.json
[RANGO] ZHIPUUSDT_LINEAL last=146.61 · río=WS · mercado=linear · estado=ACECHANDO · dir=— · 0=143.16 · Oz=— · Red=142.62584232 · manos=ON · pos=flat · latido=1.50s
[RANGO] autosello ZHIPU · ACECHANDO · Oz=0.0 link=— · manos_feria_informe.json
[RANGO] ZHIPUUSDT_LINEAL last=146.58 · río=WS · mercado=linear · estado=ACECHANDO · dir=— · 0=143.16 · Oz=— · Red=142.62584232 · manos=ON · pos=flat · latido=1.50s
[RANGO] ZHIPUUSDT_LINEAL last=146.63 · río=WS · mercado=linear · estado=ACECHANDO · dir=— · 0=143.16 · Oz=— · Red=142.62584232 · manos=ON · pos=flat · latido=1.50s
[RANGO] autosello ZHIPU · ACECHANDO · Oz=0.0 link=— · manos_feria_informe.json
[RANGO] ZHIPUUSDT_LINEAL last=146.6 · río=WS · mercado=linear · estado=ACECHANDO · dir=— · 0=143.16 · Oz=— · Red=142.62584232 · manos=ON · pos=flat · latido=1.50s
[RANGO] autosello ZHIPU · ACECHANDO · Oz=0.0 link=— · manos_feria_informe.json
[RANGO] ZHIPUUSDT_LINEAL last=146.6 · río=WS · mercado=linear · estado=ACECHANDO · dir=— · 0=143.16 · Oz=— · Red=142.62584232 · manos=ON · pos=flat · latido=1.50s
[RANGO] ZHIPUUSDT_LINEAL last=146.67 · río=WS · mercado=linear · estado=ACECHANDO · dir=— · 0=143.16 · Oz=— · Red=142.62584232 · manos=ON · pos=flat · latido=1.50s
[RANGO] autosello ZHIPU · ACECHANDO · Oz=0.0 link=— · manos_feria_informe.json
[RANGO] ZHIPUUSDT_LINEAL last=146.74 · río=WS · mercado=linear · estado=ACECHANDO · dir=— · 0=143.16 · Oz=— · Red=142.62584232 · manos=ON · pos=flat · latido=1.50s
[RANGO] autosello ZHIPU · ACECHANDO · Oz=0.0 link=— · manos_feria_informe.json
[RANGO] ZHIPUUSDT_LINEAL last=146.58 · río=WS · mercado=linear · estado=ACECHANDO · dir=— · 0=143.16 · Oz=— · Red=142.62584232 · manos=ON · pos=flat · latido=1.50s
[RANGO] ZHIPUUSDT_LINEAL last=146.64 · río=WS · mercado=linear · estado=ACECHANDO · dir=— · 0=143.16 · Oz=— · Red=142.62584232 · manos=ON · pos=flat · latido=1.50s
[RANGO] autosello ZHIPU · ACECHANDO · Oz=0.0 link=— · manos_feria_informe.json
[RANGO] ZHIPUUSDT_LINEAL last=146.7 · río=ciego/muleta · mercado=linear · estado=ACECHANDO · dir=— · 0=143.16 · Oz=— · Red=142.62584232 · manos=ON · pos=flat · latido=1.50s
[RANGO] autosello ZHIPU · ACECHANDO · Oz=0.0 link=— · manos_feria_informe.json
[RANGO] ZHIPUUSDT_LINEAL last=146.72 · río=ciego/muleta · mercado=linear · estado=ACECHANDO · dir=— · 0=143.16 · Oz=— · Red=142.62584232 · manos=ON · pos=flat · latido=1.50s
[RANGO] autosello ZHIPU · ACECHANDO · Oz=0.0 link=— · manos_feria_informe.json
[RANGO] ZHIPUUSDT_LINEAL last=146.75 · río=WS · mercado=linear · estado=ACECHANDO · dir=— · 0=143.16 · Oz=— · Red=142.62584232 · manos=ON · pos=flat · latido=1.50s
[RANGO] ZHIPUUSDT_LINEAL last=146.64 · río=WS · mercado=linear · estado=ACECHANDO · dir=— · 0=143.16 · Oz=— · Red=142.62584232 · manos=ON · pos=flat · latido=1.50s
[RANGO] autosello ZHIPU · ACECHANDO · Oz=0.0 link=— · manos_feria_informe.json
[RANGO] ZHIPUUSDT_LINEAL last=146.67 · río=WS · mercado=linear · estado=ACECHANDO · dir=— · 0=143.16 · Oz=— · Red=142.62584232 · manos=ON · pos=flat · latido=1.50s
[RANGO] autosello ZHIPU · ACECHANDO · Oz=0.0 link=— · manos_feria_informe.json
[RANGO] ZHIPUUSDT_LINEAL last=146.65 · río=WS · mercado=linear · estado=ACECHANDO · dir=— · 0=143.16 · Oz=— · Red=142.62584232 · manos=ON · pos=flat · latido=1.50s
[RANGO] ZHIPUUSDT_LINEAL last=146.66 · río=WS · mercado=linear · estado=ACECHANDO · dir=— · 0=143.16 · Oz=— · Red=142.62584232 · manos=ON · pos=flat · latido=1.50s
[RANGO] autosello ZHIPU · ACECHANDO · Oz=0.0 link=— · manos_feria_informe.json
[RANGO] ZHIPUUSDT_LINEAL last=146.72 · río=ciego/muleta · mercado=linear · estado=ACECHANDO · dir=— · 0=143.16 · Oz=— · Red=142.62584232 · manos=ON · pos=flat · latido=1.50s
[RANGO] autosello ZHIPU · ACECHANDO · Oz=0.0 link=— · manos_feria_informe.json
[RANGO] ZHIPUUSDT_LINEAL last=146.74 · río=WS · mercado=linear · estado=ACECHANDO · dir=— · 0=143.16 · Oz=— · Red=142.62584232 · manos=ON · pos=flat · latido=1.50s
[RANGO] ZHIPUUSDT_LINEAL last=146.66 · río=WS · mercado=linear · estado=ACECHANDO · dir=— · 0=143.16 · Oz=— · Red=142.62584232 · manos=ON · pos=flat · latido=1.50s
[RANGO] autosello ZHIPU · ACECHANDO · Oz=0.0 link=— · manos_feria_informe.json
[RANGO] ZHIPUUSDT_LINEAL last=146.72 · río=ciego/muleta · mercado=linear · estado=ACECHANDO · dir=— · 0=143.16 · Oz=— · Red=142.62584232 · manos=ON · pos=flat · latido=1.50s
[RANGO] autosello ZHIPU · ACECHANDO · Oz=0.0 link=— · manos_feria_informe.json
[RANGO] ZHIPUUSDT_LINEAL last=146.7 · río=WS · mercado=linear · estado=ACECHANDO · dir=— · 0=143.16 · Oz=— · Red=142.62584232 · manos=ON · pos=flat · latido=1.50s
[RANGO] ZHIPUUSDT_LINEAL last=146.76 · río=ciego/muleta · mercado=linear · estado=ACECHANDO · dir=— · 0=143.16 · Oz=— · Red=142.62584232 · manos=ON · pos=flat · latido=1.50s
[RANGO] autosello ZHIPU · ACECHANDO · Oz=0.0 link=— · manos_feria_informe.json
[RANGO] ZHIPUUSDT_LINEAL last=146.74 · río=WS · mercado=linear · estado=ACECHANDO · dir=— · 0=143.16 · Oz=— · Red=142.62584232 · manos=ON · pos=flat · latido=1.50s
[RANGO] autosello ZHIPU · ACECHANDO · Oz=0.0 link=— · manos_feria_informe.json
[RANGO] ZHIPUUSDT_LINEAL last=146.69 · río=WS · mercado=linear · estado=ACECHANDO · dir=— · 0=143.16 · Oz=— · Red=142.62584232 · manos=ON · pos=flat · latido=1.50s
[RANGO] ZHIPUUSDT_LINEAL last=146.77 · río=WS · mercado=linear · estado=ACECHANDO · dir=— · 0=143.16 · Oz=— · Red=142.62584232 · manos=ON · pos=flat · latido=1.50s
[RANGO] autosello ZHIPU · ACECHANDO · Oz=0.0 link=— · manos_feria_informe.json
[RANGO] ZHIPUUSDT_LINEAL last=146.82 · río=WS · mercado=linear · estado=ACECHANDO · dir=— · 0=143.16 · Oz=— · Red=142.62584232 · manos=ON · pos=flat · latido=1.50s
[RANGO] autosello ZHIPU · ACECHANDO · Oz=0.0 link=— · manos_feria_informe.json
[RANGO] ZHIPUUSDT_LINEAL last=146.81 · río=WS · mercado=linear · estado=ACECHANDO · dir=— · 0=143.16 · Oz=— · Red=142.62584232 · manos=ON · pos=flat · latido=1.50s
[RANGO] ZHIPUUSDT_LINEAL last=146.79 · río=WS · mercado=linear · estado=ACECHANDO · dir=— · 0=143.16 · Oz=— · Red=142.62584232 · manos=ON · pos=flat · latido=1.50s
[RANGO] autosello ZHIPU · ACECHANDO · Oz=0.0 link=— · manos_feria_informe.json
[RANGO] ZHIPUUSDT_LINEAL last=146.78 · río=WS · mercado=linear · estado=ACECHANDO · dir=— · 0=143.16 · Oz=— · Red=142.62584232 · manos=ON · pos=flat · latido=1.50s
[RANGO] autosello ZHIPU · ACECHANDO · Oz=0.0 link=— · manos_feria_informe.json
[RANGO] ZHIPUUSDT_LINEAL last=146.77 · río=WS · mercado=linear · estado=ACECHANDO · dir=— · 0=143.16 · Oz=— · Red=142.62584232 · manos=ON · pos=flat · latido=1.50s
[2026-08-31 14:16:06] [TUSK] RECONCILIACIÓN: OUSDT_LINEAL: interno L:0.000000/S:44.000000 -> real L:0.000000/S:54.000000
[2026-08-31 14:16:06] [TUSK] RECONCILIACIÓN_FANTASMA: OPUSD_INVERSE existe interno pero no en exchange -> reseteando
[2026-08-31 14:16:06] [TUSK] RECONCILIACIÓN_OK: 2 frentes alineados con exchange
[RANGO] ZHIPUUSDT_LINEAL last=146.82 · río=ciego/muleta · mercado=linear · estado=ACECHANDO · dir=— · 0=143.16 · Oz=— · Red=142.62584232 · manos=ON · pos=flat · latido=1.50s
[RANGO] autosello ZHIPU · ACECHANDO · Oz=0.0 link=— · manos_feria_informe.json
[RANGO] ZHIPUUSDT_LINEAL last=146.75 · río=WS · mercado=linear · estado=ACECHANDO · dir=— · 0=143.16 · Oz=— · Red=142.62584232 · manos=ON · pos=flat · latido=1.50s
[RANGO] autosello ZHIPU · ACECHANDO · Oz=0.0 link=— · manos_feria_informe.json
[RANGO] ZHIPUUSDT_LINEAL last=146.77 · río=WS · mercado=linear · estado=ACECHANDO · dir=— · 0=143.16 · Oz=— · Red=142.62584232 · manos=ON · pos=flat · latido=1.50s
[RANGO] ZHIPUUSDT_LINEAL last=146.82 · río=ciego/muleta · mercado=linear · estado=ACECHANDO · dir=— · 0=143.16 · Oz=— · Red=142.62584232 · manos=ON · pos=flat · latido=1.50s
[RANGO] autosello ZHIPU · ACECHANDO · Oz=0.0 link=— · manos_feria_informe.json
[RANGO] ZHIPUUSDT_LINEAL last=146.82 · río=ciego/muleta · mercado=linear · estado=ACECHANDO · dir=— · 0=143.16 · Oz=— · Red=142.62584232 · manos=ON · pos=flat · latido=1.50s
[RANGO] autosello ZHIPU · ACECHANDO · Oz=0.0 link=— · manos_feria_informe.json
[RANGO] ZHIPUUSDT_LINEAL last=146.81 · río=WS · mercado=linear · estado=ACECHANDO · dir=— · 0=143.16 · Oz=— · Red=142.62584232 · manos=ON · pos=flat · latido=1.50s
[RANGO] ZHIPUUSDT_LINEAL last=146.82 · río=ciego/muleta · mercado=linear · estado=ACECHANDO · dir=— · 0=143.16 · Oz=— · Red=142.62584232 · manos=ON · pos=flat · latido=1.50s
[RANGO] autosello ZHIPU · ACECHANDO · Oz=0.0 link=— · manos_feria_informe.json
[RANGO] ZHIPUUSDT_LINEAL last=146.85 · río=WS · mercado=linear · estado=ACECHANDO · dir=— · 0=143.16 · Oz=— · Red=142.62584232 · manos=ON · pos=flat · latido=1.50s
[RANGO] autosello ZHIPU · ACECHANDO · Oz=0.0 link=— · manos_feria_informe.json
[RANGO] ZHIPUUSDT_LINEAL last=146.99 · río=ciego/muleta · mercado=linear · estado=ACECHANDO · dir=— · 0=143.16 · Oz=— · Red=142.62584232 · manos=ON · pos=flat · latido=1.50s
[RANGO] autosello ZHIPU · ACECHANDO · Oz=0.0 link=— · manos_feria_informe.json
[RANGO] ZHIPUUSDT_LINEAL last=146.89 · río=WS · mercado=linear · estado=ACECHANDO · dir=— · 0=143.16 · Oz=— · Red=142.62584232 · manos=ON · pos=flat · latido=1.50s
[RANGO] ZHIPUUSDT_LINEAL last=146.88 · río=WS · mercado=linear · estado=ACECHANDO · dir=— · 0=143.16 · Oz=— · Red=142.62584232 · manos=ON · pos=flat · latido=1.50s
[RANGO] autosello ZHIPU · ACECHANDO · Oz=0.0 link=— · manos_feria_informe.json
[RANGO] ZHIPUUSDT_LINEAL last=146.9 · río=WS · mercado=linear · estado=ACECHANDO · dir=— · 0=143.16 · Oz=— · Red=142.62584232 · manos=ON · pos=flat · latido=1.50s
[RANGO] autosello ZHIPU · ACECHANDO · Oz=0.0 link=— · manos_feria_informe.json
[RANGO] ZHIPUUSDT_LINEAL last=146.86 · río=WS · mercado=linear · estado=ACECHANDO · dir=— · 0=143.16 · Oz=— · Red=142.62584232 · manos=ON · pos=flat · latido=1.50s
[RANGO] ZHIPUUSDT_LINEAL last=146.89 · río=WS · mercado=linear · estado=ACECHANDO · dir=— · 0=143.16 · Oz=— · Red=142.62584232 · manos=ON · pos=flat · latido=1.50s
[RANGO] autosello ZHIPU · ACECHANDO · Oz=0.0 link=— · manos_feria_informe.json
[RANGO] ZHIPUUSDT_LINEAL last=146.89 · río=WS · mercado=linear · estado=ACECHANDO · dir=— · 0=143.16 · Oz=— · Red=142.62584232 · manos=ON · pos=flat · latido=1.50s
[RANGO] autosello ZHIPU · ACECHANDO · Oz=0.0 link=— · manos_feria_informe.json
[RANGO] ZHIPUUSDT_LINEAL last=146.89 · río=WS · mercado=linear · estado=ACECHANDO · dir=— · 0=143.16 · Oz=— · Red=142.62584232 · manos=ON · pos=flat · latido=1.50s
[RANGO] ZHIPUUSDT_LINEAL last=146.93 · río=WS · mercado=linear · estado=ACECHANDO · dir=— · 0=143.16 · Oz=— · Red=142.62584232 · manos=ON · pos=flat · latido=1.50s
[RANGO] autosello ZHIPU · ACECHANDO · Oz=0.0 link=— · manos_feria_informe.json
[RANGO] ZHIPUUSDT_LINEAL last=146.89 · río=WS · mercado=linear · estado=ACECHANDO · dir=— · 0=143.16 · Oz=— · Red=142.62584232 · manos=ON · pos=flat · latido=1.50s
[2026-08-31 14:19:10] [TUSK] RECONCILIACIÓN: CRVUSDT_LINEAL: interno L:0.000000/S:0.000000 -> real L:0.000000/S:77.000000
[2026-08-31 14:19:10] [TUSK] RECONCILIACIÓN_FANTASMA: CHIPUSDT_LINEAL existe interno pero no en exchange -> reseteando
[2026-08-31 14:19:10] [TUSK] RECONCILIACIÓN_OK: 2 frentes alineados con exchange
[RANGO] autosello ZHIPU · ACECHANDO · Oz=0.0 link=— · manos_feria_informe.json
[RANGO] ZHIPUUSDT_LINEAL last=146.97 · río=ciego/muleta · mercado=linear · estado=ACECHANDO · dir=— · 0=143.16 · Oz=— · Red=142.62584232 · manos=ON · pos=flat · latido=1.50s
[RANGO] ZHIPUUSDT_LINEAL last=146.89 · río=WS · mercado=linear · estado=ACECHANDO · dir=— · 0=143.16 · Oz=— · Red=142.62584232 · manos=ON · pos=flat · latido=1.50s
[RANGO] autosello ZHIPU · ACECHANDO · Oz=0.0 link=— · manos_feria_informe.json
[RANGO] ZHIPUUSDT_LINEAL last=146.89 · río=WS · mercado=linear · estado=ACECHANDO · dir=— · 0=143.16 · Oz=— · Red=142.62584232 · manos=ON · pos=flat · latido=1.50s
[RANGO] autosello ZHIPU · ACECHANDO · Oz=0.0 link=— · manos_feria_informe.json
[RANGO] ZHIPUUSDT_LINEAL last=146.89 · río=ciego/muleta · mercado=linear · estado=ACECHANDO · dir=— · 0=143.16 · Oz=— · Red=142.62584232 · manos=ON · pos=flat · latido=1.50s
[RANGO] ZHIPUUSDT_LINEAL last=146.82 · río=WS · mercado=linear · estado=ACECHANDO · dir=— · 0=143.16 · Oz=— · Red=142.62584232 · manos=ON · pos=flat · latido=1.50s
[RANGO] autosello ZHIPU · ACECHANDO · Oz=0.0 link=— · manos_feria_informe.json
[RANGO] ZHIPUUSDT_LINEAL last=146.71 · río=WS · mercado=linear · estado=ACECHANDO · dir=— · 0=143.16 · Oz=— · Red=142.62584232 · manos=ON · pos=flat · latido=1.50s
[RANGO] autosello ZHIPU · ACECHANDO · Oz=0.0 link=— · manos_feria_informe.json
[RANGO] ZHIPUUSDT_LINEAL last=146.67 · río=WS · mercado=linear · estado=ACECHANDO · dir=— · 0=143.16 · Oz=— · Red=142.62584232 · manos=ON · pos=flat · latido=1.50s
[RANGO] ZHIPUUSDT_LINEAL last=146.6 · río=WS · mercado=linear · estado=ACECHANDO · dir=— · 0=143.16 · Oz=— · Red=142.62584232 · manos=ON · pos=flat · latido=1.50s
[RANGO] autosello ZHIPU · ACECHANDO · Oz=0.0 link=— · manos_feria_informe.json
[RANGO] ZHIPUUSDT_LINEAL last=146.64 · río=WS · mercado=linear · estado=ACECHANDO · dir=— · 0=143.16 · Oz=— · Red=142.62584232 · manos=ON · pos=flat · latido=1.50s
[RANGO] autosello ZHIPU · ACECHANDO · Oz=0.0 link=— · manos_feria_informe.json
[RANGO] ZHIPUUSDT_LINEAL last=146.6 · río=ciego/muleta · mercado=linear · estado=ACECHANDO · dir=— · 0=143.16 · Oz=— · Red=142.62584232 · manos=ON · pos=flat · latido=1.50s
[RANGO] ZHIPUUSDT_LINEAL last=146.6 · río=ciego/muleta · mercado=linear · estado=ACECHANDO · dir=— · 0=143.16 · Oz=— · Red=142.62584232 · manos=ON · pos=flat · latido=1.50s
[RANGO] autosello ZHIPU · ACECHANDO · Oz=0.0 link=— · manos_feria_informe.json
[RANGO] ZHIPUUSDT_LINEAL last=146.84 · río=WS · mercado=linear · estado=ACECHANDO · dir=— · 0=143.16 · Oz=— · Red=142.62584232 · manos=ON · pos=flat · latido=1.50s
[RANGO] autosello ZHIPU · ACECHANDO · Oz=0.0 link=— · manos_feria_informe.json
[RANGO] ZHIPUUSDT_LINEAL last=146.72 · río=WS · mercado=linear · estado=ACECHANDO · dir=— · 0=143.16 · Oz=— · Red=142.62584232 · manos=ON · pos=flat · latido=1.50s
[RANGO] ZHIPUUSDT_LINEAL last=146.73 · río=WS · mercado=linear · estado=ACECHANDO · dir=— · 0=143.16 · Oz=— · Red=142.62584232 · manos=ON · pos=flat · latido=1.50s
[RANGO] autosello ZHIPU · ACECHANDO · Oz=0.0 link=— · manos_feria_informe.json
[RANGO] ZHIPUUSDT_LINEAL last=146.89 · río=ciego/muleta · mercado=linear · estado=ACECHANDO · dir=— · 0=143.16 · Oz=— · Red=142.62584232 · manos=ON · pos=flat · latido=1.50s
[RANGO] autosello ZHIPU · ACECHANDO · Oz=0.0 link=— · manos_feria_informe.json
[RANGO] ZHIPUUSDT_LINEAL last=146.79 · río=WS · mercado=linear · estado=ACECHANDO · dir=— · 0=143.16 · Oz=— · Red=142.62584232 · manos=ON · pos=flat · latido=1.50s
[RANGO] ZHIPUUSDT_LINEAL last=146.73 · río=WS · mercado=linear · estado=ACECHANDO · dir=— · 0=143.16 · Oz=— · Red=142.62584232 · manos=ON · pos=flat · latido=1.50s
[RANGO] autosello ZHIPU · ACECHANDO · Oz=0.0 link=— · manos_feria_informe.json
[RANGO] ZHIPUUSDT_LINEAL last=146.72 · río=WS · mercado=linear · estado=ACECHANDO · dir=— · 0=143.16 · Oz=— · Red=142.62584232 · manos=ON · pos=flat · latido=1.50s
[RANGO] autosello ZHIPU · ACECHANDO · Oz=0.0 link=— · manos_feria_informe.json
[RANGO] ZHIPUUSDT_LINEAL last=146.83 · río=ciego/muleta · mercado=linear · estado=ACECHANDO · dir=— · 0=143.16 · Oz=— · Red=142.62584232 · manos=ON · pos=flat · latido=1.50s
[RANGO] ZHIPUUSDT_LINEAL last=146.79 · río=WS · mercado=linear · estado=ACECHANDO · dir=— · 0=143.16 · Oz=— · Red=142.62584232 · manos=ON · pos=flat · latido=1.50s
[RANGO] autosello ZHIPU · ACECHANDO · Oz=0.0 link=— · manos_feria_informe.json
[RANGO] ZHIPUUSDT_LINEAL last=146.74 · río=WS · mercado=linear · estado=ACECHANDO · dir=— · 0=143.16 · Oz=— · Red=142.62584232 · manos=ON · pos=flat · latido=1.50s
[RANGO] autosello ZHIPU · ACECHANDO · Oz=0.0 link=— · manos_feria_informe.json
[RANGO] ZHIPUUSDT_LINEAL last=146.83 · río=ciego/muleta · mercado=linear · estado=ACECHANDO · dir=— · 0=143.16 · Oz=— · Red=142.62584232 · manos=ON · pos=flat · latido=1.50s
[RANGO] autosello ZHIPU · ACECHANDO · Oz=0.0 link=— · manos_feria_informe.json
[RANGO] ZHIPUUSDT_LINEAL last=146.86 · río=WS · mercado=linear · estado=ACECHANDO · dir=— · 0=143.16 · Oz=— · Red=142.62584232 · manos=ON · pos=flat · latido=1.50s
[RANGO] ZHIPUUSDT_LINEAL last=146.72 · río=WS · mercado=linear · estado=ACECHANDO · dir=— · 0=143.16 · Oz=— · Red=142.62584232 · manos=ON · pos=flat · latido=1.50s
[RANGO] autosello ZHIPU · ACECHANDO · Oz=0.0 link=— · manos_feria_informe.json
[RANGO] ZHIPUUSDT_LINEAL last=146.74 · río=WS · mercado=linear · estado=ACECHANDO · dir=— · 0=143.16 · Oz=— · Red=142.62584232 · manos=ON · pos=flat · latido=1.50s
[RANGO] autosello ZHIPU · ACECHANDO · Oz=0.0 link=— · manos_feria_informe.json
[RANGO] ZHIPUUSDT_LINEAL last=146.83 · río=ciego/muleta · mercado=linear · estado=ACECHANDO · dir=— · 0=143.16 · Oz=— · Red=142.62584232 · manos=ON · pos=flat · latido=1.50s
[RANGO] ZHIPUUSDT_LINEAL last=146.74 · río=WS · mercado=linear · estado=ACECHANDO · dir=— · 0=143.16 · Oz=— · Red=142.62584232 · manos=ON · pos=flat · latido=1.50s
[RANGO] autosello ZHIPU · ACECHANDO · Oz=0.0 link=— · manos_feria_informe.json
[RANGO] ZHIPUUSDT_LINEAL last=146.72 · río=WS · mercado=linear · estado=ACECHANDO · dir=— · 0=143.16 · Oz=— · Red=142.62584232 · manos=ON · pos=flat · latido=1.50s
[RANGO] autosello ZHIPU · ACECHANDO · Oz=0.0 link=— · manos_feria_informe.json
[RANGO] ZHIPUUSDT_LINEAL last=146.79 · río=WS · mercado=linear · estado=ACECHANDO · dir=— · 0=143.16 · Oz=— · Red=142.62584232 · manos=ON · pos=flat · latido=1.50s
[RANGO] ZHIPUUSDT_LINEAL last=146.72 · río=WS · mercado=linear · estado=ACECHANDO · dir=— · 0=143.16 · Oz=— · Red=142.62584232 · manos=ON · pos=flat · latido=1.50s
[RANGO] autosello ZHIPU · ACECHANDO · Oz=0.0 link=— · manos_feria_informe.json
[RANGO] ZHIPUUSDT_LINEAL last=146.79 · río=ciego/muleta · mercado=linear · estado=ACECHANDO · dir=— · 0=143.16 · Oz=— · Red=142.62584232 · manos=ON · pos=flat · latido=1.50s
[RANGO] autosello ZHIPU · ACECHANDO · Oz=0.0 link=— · manos_feria_informe.json
[RANGO] ZHIPUUSDT_LINEAL last=146.79 · río=ciego/muleta · mercado=linear · estado=ACECHANDO · dir=— · 0=143.16 · Oz=— · Red=142.62584232 · manos=ON · pos=flat · latido=1.50s
[RANGO] ZHIPUUSDT_LINEAL last=146.79 · río=ciego/muleta · mercado=linear · estado=ACECHANDO · dir=— · 0=143.16 · Oz=— · Red=142.62584232 · manos=ON · pos=flat · latido=1.50s
[RANGO] autosello ZHIPU · ACECHANDO · Oz=0.0 link=— · manos_feria_informe.json
[RANGO] ZHIPUUSDT_LINEAL last=146.79 · río=ciego/muleta · mercado=linear · estado=ACECHANDO · dir=— · 0=143.16 · Oz=— · Red=142.62584232 · manos=ON · pos=flat · latido=1.50s
[RANGO] autosello ZHIPU · ACECHANDO · Oz=0.0 link=— · manos_feria_informe.json
[RANGO] ZHIPUUSDT_LINEAL last=146.86 · río=WS · mercado=linear · estado=ACECHANDO · dir=— · 0=143.16 · Oz=— · Red=142.62584232 · manos=ON · pos=flat · latido=1.50s
[RANGO] autosello ZHIPU · ACECHANDO · Oz=0.0 link=— · manos_feria_informe.json
[RANGO] ZHIPUUSDT_LINEAL last=146.74 · río=WS · mercado=linear · estado=ACECHANDO · dir=— · 0=143.16 · Oz=— · Red=142.62584232 · manos=ON · pos=flat · latido=1.50s
[2026-08-31 14:25:17] [TUSK] RECONCILIACIÓN: CVXUSDT_LINEAL: interno L:28.700000/S:0.000000 -> real L:25.560000/S:0.000000
[2026-08-31 14:25:17] [TUSK] RECONCILIACIÓN_OK: 1 frentes alineados con exchange
[RANGO] ZHIPUUSDT_LINEAL last=146.79 · río=ciego/muleta · mercado=linear · estado=ACECHANDO · dir=— · 0=143.16 · Oz=— · Red=142.62584232 · manos=ON · pos=flat · latido=1.50s
[RANGO] autosello ZHIPU · ACECHANDO · Oz=0.0 link=— · manos_feria_informe.json
[RANGO] ZHIPUUSDT_LINEAL last=146.79 · río=ciego/muleta · mercado=linear · estado=ACECHANDO · dir=— · 0=143.16 · Oz=— · Red=142.62584232 · manos=ON · pos=flat · latido=1.50s
[RANGO] autosello ZHIPU · ACECHANDO · Oz=0.0 link=— · manos_feria_informe.json
[RANGO] ZHIPUUSDT_LINEAL last=146.78 · río=WS · mercado=linear · estado=ACECHANDO · dir=— · 0=143.16 · Oz=— · Red=142.62584232 · manos=ON · pos=flat · latido=1.50s
[RANGO] ZHIPUUSDT_LINEAL last=146.79 · río=ciego/muleta · mercado=linear · estado=ACECHANDO · dir=— · 0=143.16 · Oz=— · Red=142.62584232 · manos=ON · pos=flat · latido=1.50s
[RANGO] autosello ZHIPU · ACECHANDO · Oz=0.0 link=— · manos_feria_informe.json
[RANGO] ZHIPUUSDT_LINEAL last=146.79 · río=ciego/muleta · mercado=linear · estado=ACECHANDO · dir=— · 0=143.16 · Oz=— · Red=142.62584232 · manos=ON · pos=flat · latido=1.50s
[RANGO] autosello ZHIPU · ACECHANDO · Oz=0.0 link=— · manos_feria_informe.json
[2026-08-31 14:26:18] [TUSK] RECONCILIACIÓN: CRVUSDT_LINEAL: interno L:0.000000/S:77.000000 -> real L:0.000000/S:95.100000
[2026-08-31 14:26:18] [TUSK] RECONCILIACIÓN_OK: 1 frentes alineados con exchange
[RANGO] ZHIPUUSDT_LINEAL last=146.79 · río=ciego/muleta · mercado=linear · estado=ACECHANDO · dir=— · 0=143.16 · Oz=— · Red=142.62584232 · manos=ON · pos=flat · latido=1.50s
[RANGO] ZHIPUUSDT_LINEAL last=146.79 · río=ciego/muleta · mercado=linear · estado=ACECHANDO · dir=— · 0=143.16 · Oz=— · Red=142.62584232 · manos=ON · pos=flat · latido=1.50s
[RANGO] autosello ZHIPU · ACECHANDO · Oz=0.0 link=— · manos_feria_informe.json
[RANGO] ZHIPUUSDT_LINEAL last=146.77 · río=WS · mercado=linear · estado=ACECHANDO · dir=— · 0=143.16 · Oz=— · Red=142.62584232 · manos=ON · pos=flat · latido=1.50s
[RANGO] autosello ZHIPU · ACECHANDO · Oz=0.0 link=— · manos_feria_informe.json
[RANGO] ZHIPUUSDT_LINEAL last=146.81 · río=WS · mercado=linear · estado=ACECHANDO · dir=— · 0=143.16 · Oz=— · Red=142.62584232 · manos=ON · pos=flat · latido=1.50s
[RANGO] ZHIPUUSDT_LINEAL last=146.79 · río=ciego/muleta · mercado=linear · estado=ACECHANDO · dir=— · 0=143.16 · Oz=— · Red=142.62584232 · manos=ON · pos=flat · latido=1.50s
[RANGO] autosello ZHIPU · ACECHANDO · Oz=0.0 link=— · manos_feria_informe.json
[RANGO] ZHIPUUSDT_LINEAL last=146.97 · río=ciego/muleta · mercado=linear · estado=ACECHANDO · dir=— · 0=143.16 · Oz=— · Red=142.62584232 · manos=ON · pos=flat · latido=1.50s
[RANGO] autosello ZHIPU · ACECHANDO · Oz=0.0 link=— · manos_feria_informe.json
[RANGO] ZHIPUUSDT_LINEAL last=146.82 · río=WS · mercado=linear · estado=ACECHANDO · dir=— · 0=143.16 · Oz=— · Red=142.62584232 · manos=ON · pos=flat · latido=1.50s
[RANGO] autosello ZHIPU · ACECHANDO · Oz=0.0 link=— · manos_feria_informe.json
[RANGO] ZHIPUUSDT_LINEAL last=146.85 · río=WS · mercado=linear · estado=ACECHANDO · dir=— · 0=143.16 · Oz=— · Red=142.62584232 · manos=ON · pos=flat · latido=1.50s
[RANGO] ZHIPUUSDT_LINEAL last=146.97 · río=ciego/muleta · mercado=linear · estado=ACECHANDO · dir=— · 0=143.16 · Oz=— · Red=142.62584232 · manos=ON · pos=flat · latido=1.50s
[RANGO] autosello ZHIPU · ACECHANDO · Oz=0.0 link=— · manos_feria_informe.json
[RANGO] ZHIPUUSDT_LINEAL last=146.97 · río=ciego/muleta · mercado=linear · estado=ACECHANDO · dir=— · 0=143.16 · Oz=— · Red=142.62584232 · manos=ON · pos=flat · latido=1.50s
[RANGO] autosello ZHIPU · ACECHANDO · Oz=0.0 link=— · manos_feria_informe.json
[RANGO] ZHIPUUSDT_LINEAL last=146.87 · río=WS · mercado=linear · estado=ACECHANDO · dir=— · 0=143.16 · Oz=— · Red=142.62584232 · manos=ON · pos=flat · latido=1.50s
[RANGO] ZHIPUUSDT_LINEAL last=146.88 · río=WS · mercado=linear · estado=ACECHANDO · dir=— · 0=143.16 · Oz=— · Red=142.62584232 · manos=ON · pos=flat · latido=1.50s
[RANGO] autosello ZHIPU · ACECHANDO · Oz=0.0 link=— · manos_feria_informe.json
[RANGO] ZHIPUUSDT_LINEAL last=147.0 · río=WS · mercado=linear · estado=ACECHANDO · dir=— · 0=143.16 · Oz=— · Red=142.62584232 · manos=ON · pos=flat · latido=1.50s
[RANGO] autosello ZHIPU · ACECHANDO · Oz=0.0 link=— · manos_feria_informe.json
[RANGO] ZHIPUUSDT_LINEAL last=146.97 · río=ciego/muleta · mercado=linear · estado=ACECHANDO · dir=— · 0=143.16 · Oz=— · Red=142.62584232 · manos=ON · pos=flat · latido=1.50s
[RANGO] ZHIPUUSDT_LINEAL last=146.87 · río=WS · mercado=linear · estado=ACECHANDO · dir=— · 0=143.16 · Oz=— · Red=142.62584232 · manos=ON · pos=flat · latido=1.50s
[RANGO] autosello ZHIPU · ACECHANDO · Oz=0.0 link=— · manos_feria_informe.json
[RANGO] ZHIPUUSDT_LINEAL last=146.83 · río=WS · mercado=linear · estado=ACECHANDO · dir=— · 0=143.16 · Oz=— · Red=142.62584232 · manos=ON · pos=flat · latido=1.50s
[RANGO] autosello ZHIPU · ACECHANDO · Oz=0.0 link=— · manos_feria_informe.json
[RANGO] ZHIPUUSDT_LINEAL last=146.8 · río=WS · mercado=linear · estado=ACECHANDO · dir=— · 0=143.16 · Oz=— · Red=142.62584232 · manos=ON · pos=flat · latido=1.50s
[RANGO] ZHIPUUSDT_LINEAL last=146.91 · río=ciego/muleta · mercado=linear · estado=ACECHANDO · dir=— · 0=143.16 · Oz=— · Red=142.62584232 · manos=ON · pos=flat · latido=1.50s
[RANGO] autosello ZHIPU · ACECHANDO · Oz=0.0 link=— · manos_feria_informe.json
[RANGO] ZHIPUUSDT_LINEAL last=146.85 · río=WS · mercado=linear · estado=ACECHANDO · dir=— · 0=143.16 · Oz=— · Red=142.62584232 · manos=ON · pos=flat · latido=1.50s
[RANGO] autosello ZHIPU · ACECHANDO · Oz=0.0 link=— · manos_feria_informe.json
[RANGO] ZHIPUUSDT_LINEAL last=146.91 · río=ciego/muleta · mercado=linear · estado=ACECHANDO · dir=— · 0=143.16 · Oz=— · Red=142.62584232 · manos=ON · pos=flat · latido=1.50s
[RANGO] ZHIPUUSDT_LINEAL last=146.91 · río=ciego/muleta · mercado=linear · estado=ACECHANDO · dir=— · 0=143.16 · Oz=— · Red=142.62584232 · manos=ON · pos=flat · latido=1.50s
[RANGO] autosello ZHIPU · ACECHANDO · Oz=0.0 link=— · manos_feria_informe.json
[RANGO] ZHIPUUSDT_LINEAL last=146.79 · río=ciego/muleta · mercado=linear · estado=ACECHANDO · dir=— · 0=143.16 · Oz=— · Red=142.62584232 · manos=ON · pos=flat · latido=1.50s
[RANGO] autosello ZHIPU · ACECHANDO · Oz=0.0 link=— · manos_feria_informe.json
[RANGO] ZHIPUUSDT_LINEAL last=146.69 · río=WS · mercado=linear · estado=ACECHANDO · dir=— · 0=143.16 · Oz=— · Red=142.62584232 · manos=ON · pos=flat · latido=1.50s
[RANGO] ZHIPUUSDT_LINEAL last=146.64 · río=WS · mercado=linear · estado=ACECHANDO · dir=— · 0=143.16 · Oz=— · Red=142.62584232 · manos=ON · pos=flat · latido=1.50s
[RANGO] autosello ZHIPU · ACECHANDO · Oz=0.0 link=— · manos_feria_informe.json
[RANGO] ZHIPUUSDT_LINEAL last=146.64 · río=WS · mercado=linear · estado=ACECHANDO · dir=— · 0=143.16 · Oz=— · Red=142.62584232 · manos=ON · pos=flat · latido=1.50s
[RANGO] autosello ZHIPU · ACECHANDO · Oz=0.0 link=— · manos_feria_informe.json
[RANGO] ZHIPUUSDT_LINEAL last=146.67 · río=WS · mercado=linear · estado=ACECHANDO · dir=— · 0=143.16 · Oz=— · Red=142.62584232 · manos=ON · pos=flat · latido=1.50s
[RANGO] ZHIPUUSDT_LINEAL last=146.67 · río=WS · mercado=linear · estado=ACECHANDO · dir=— · 0=143.16 · Oz=— · Red=142.62584232 · manos=ON · pos=flat · latido=1.50s
[RANGO] autosello ZHIPU · ACECHANDO · Oz=0.0 link=— · manos_feria_informe.json
[RANGO] ZHIPUUSDT_LINEAL last=146.77 · río=WS · mercado=linear · estado=ACECHANDO · dir=— · 0=143.16 · Oz=— · Red=142.62584232 · manos=ON · pos=flat · latido=1.50s
[RANGO] autosello ZHIPU · ACECHANDO · Oz=0.0 link=— · manos_feria_informe.json
[RANGO] ZHIPUUSDT_LINEAL last=146.64 · río=WS · mercado=linear · estado=ACECHANDO · dir=— · 0=143.16 · Oz=— · Red=142.62584232 · manos=ON · pos=flat · latido=1.50s
[RANGO] ZHIPUUSDT_LINEAL last=146.79 · río=ciego/muleta · mercado=linear · estado=ACECHANDO · dir=— · 0=143.16 · Oz=— · Red=142.62584232 · manos=ON · pos=flat · latido=1.50s
[RANGO] autosello ZHIPU · ACECHANDO · Oz=0.0 link=— · manos_feria_informe.json
[RANGO] ZHIPUUSDT_LINEAL last=146.78 · río=WS · mercado=linear · estado=ACECHANDO · dir=— · 0=143.16 · Oz=— · Red=142.62584232 · manos=ON · pos=flat · latido=1.50s
[RANGO] autosello ZHIPU · ACECHANDO · Oz=0.0 link=— · manos_feria_informe.json
[RANGO] ZHIPUUSDT_LINEAL last=146.78 · río=WS · mercado=linear · estado=ACECHANDO · dir=— · 0=143.16 · Oz=— · Red=142.62584232 · manos=ON · pos=flat · latido=1.50s
[RANGO] autosello ZHIPU · ACECHANDO · Oz=0.0 link=— · manos_feria_informe.json
[RANGO] ZHIPUUSDT_LINEAL last=146.77 · río=WS · mercado=linear · estado=ACECHANDO · dir=— · 0=143.16 · Oz=— · Red=142.62584232 · manos=ON · pos=flat · latido=1.50s
[RANGO] ZHIPUUSDT_LINEAL last=146.69 · río=WS · mercado=linear · estado=ACECHANDO · dir=— · 0=143.16 · Oz=— · Red=142.62584232 · manos=ON · pos=flat · latido=1.50s
[RANGO] autosello ZHIPU · ACECHANDO · Oz=0.0 link=— · manos_feria_informe.json
[RANGO] ZHIPUUSDT_LINEAL last=146.79 · río=ciego/muleta · mercado=linear · estado=ACECHANDO · dir=— · 0=143.16 · Oz=— · Red=142.62584232 · manos=ON · pos=flat · latido=1.50s
[RANGO] autosello ZHIPU · ACECHANDO · Oz=0.0 link=— · manos_feria_informe.json
[RANGO] ZHIPUUSDT_LINEAL last=146.79 · río=ciego/muleta · mercado=linear · estado=ACECHANDO · dir=— · 0=143.16 · Oz=— · Red=142.62584232 · manos=ON · pos=flat · latido=1.50s
[2026-08-31 14:32:25] [TUSK] RECONCILIACIÓN: CRVUSDT_LINEAL: interno L:0.000000/S:95.100000 -> real L:0.000000/S:110.100000
[2026-08-31 14:32:25] [TUSK] RECONCILIACIÓN_OK: 1 frentes alineados con exchange
[RANGO] ZHIPUUSDT_LINEAL last=146.7 · río=WS · mercado=linear · estado=ACECHANDO · dir=— · 0=143.16 · Oz=— · Red=142.62584232 · manos=ON · pos=flat · latido=1.50s
[RANGO] autosello ZHIPU · ACECHANDO · Oz=0.0 link=— · manos_feria_informe.json
[RANGO] ZHIPUUSDT_LINEAL last=146.79 · río=ciego/muleta · mercado=linear · estado=ACECHANDO · dir=— · 0=143.16 · Oz=— · Red=142.62584232 · manos=ON · pos=flat · latido=1.50s
[RANGO] autosello ZHIPU · ACECHANDO · Oz=0.0 link=— · manos_feria_informe.json
[RANGO] ZHIPUUSDT_LINEAL last=146.73 · río=WS · mercado=linear · estado=ACECHANDO · dir=— · 0=143.16 · Oz=— · Red=142.62584232 · manos=ON · pos=flat · latido=1.50s
[RANGO] ZHIPUUSDT_LINEAL last=146.7 · río=WS · mercado=linear · estado=ACECHANDO · dir=— · 0=143.16 · Oz=— · Red=142.62584232 · manos=ON · pos=flat · latido=1.50s
[RANGO] autosello ZHIPU · ACECHANDO · Oz=0.0 link=— · manos_feria_informe.json
[RANGO] ZHIPUUSDT_LINEAL last=146.7 · río=WS · mercado=linear · estado=ACECHANDO · dir=— · 0=143.16 · Oz=— · Red=142.62584232 · manos=ON · pos=flat · latido=1.50s
[RANGO] autosello ZHIPU · ACECHANDO · Oz=0.0 link=— · manos_feria_informe.json
[RANGO] ZHIPUUSDT_LINEAL last=146.66 · río=WS · mercado=linear · estado=ACECHANDO · dir=— · 0=143.16 · Oz=— · Red=142.62584232 · manos=ON · pos=flat · latido=1.50s
[RANGO] ZHIPUUSDT_LINEAL last=146.79 · río=ciego/muleta · mercado=linear · estado=ACECHANDO · dir=— · 0=143.16 · Oz=— · Red=142.62584232 · manos=ON · pos=flat · latido=1.50s
[RANGO] autosello ZHIPU · ACECHANDO · Oz=0.0 link=— · manos_feria_informe.json
[RANGO] ZHIPUUSDT_LINEAL last=146.79 · río=ciego/muleta · mercado=linear · estado=ACECHANDO · dir=— · 0=143.16 · Oz=— · Red=142.62584232 · manos=ON · pos=flat · latido=1.50s
[RANGO] autosello ZHIPU · ACECHANDO · Oz=0.0 link=— · manos_feria_informe.json
[RANGO] ZHIPUUSDT_LINEAL last=146.71 · río=WS · mercado=linear · estado=ACECHANDO · dir=— · 0=143.16 · Oz=— · Red=142.62584232 · manos=ON · pos=flat · latido=1.50s
[RANGO] ZHIPUUSDT_LINEAL last=146.79 · río=ciego/muleta · mercado=linear · estado=ACECHANDO · dir=— · 0=143.16 · Oz=— · Red=142.62584232 · manos=ON · pos=flat · latido=1.50s
[RANGO] autosello ZHIPU · ACECHANDO · Oz=0.0 link=— · manos_feria_informe.json
[RANGO] ZHIPUUSDT_LINEAL last=146.79 · río=ciego/muleta · mercado=linear · estado=ACECHANDO · dir=— · 0=143.16 · Oz=— · Red=142.62584232 · manos=ON · pos=flat · latido=1.50s
[RANGO] autosello ZHIPU · ACECHANDO · Oz=0.0 link=— · manos_feria_informe.json
[RANGO] ZHIPUUSDT_LINEAL last=146.79 · río=ciego/muleta · mercado=linear · estado=ACECHANDO · dir=— · 0=143.16 · Oz=— · Red=142.62584232 · manos=ON · pos=flat · latido=1.50s
[RANGO] autosello ZHIPU · ACECHANDO · Oz=0.0 link=— · manos_feria_informe.json
[RANGO] ZHIPUUSDT_LINEAL last=146.75 · río=WS · mercado=linear · estado=ACECHANDO · dir=— · 0=143.16 · Oz=— · Red=142.62584232 · manos=ON · pos=flat · latido=1.50s
[RANGO] ZHIPUUSDT_LINEAL last=146.79 · río=ciego/muleta · mercado=linear · estado=ACECHANDO · dir=— · 0=143.16 · Oz=— · Red=142.62584232 · manos=ON · pos=flat · latido=1.50s
[RANGO] autosello ZHIPU · ACECHANDO · Oz=0.0 link=— · manos_feria_informe.json
[RANGO] ZHIPUUSDT_LINEAL last=146.64 · río=WS · mercado=linear · estado=ACECHANDO · dir=— · 0=143.16 · Oz=— · Red=142.62584232 · manos=ON · pos=flat · latido=1.50s
[RANGO] autosello ZHIPU · ACECHANDO · Oz=0.0 link=— · manos_feria_informe.json
[RANGO] ZHIPUUSDT_LINEAL last=146.7 · río=ciego/muleta · mercado=linear · estado=ACECHANDO · dir=— · 0=143.16 · Oz=— · Red=142.62584232 · manos=ON · pos=flat · latido=1.50s
[RANGO] ZHIPUUSDT_LINEAL last=146.79 · río=WS · mercado=linear · estado=ACECHANDO · dir=— · 0=143.16 · Oz=— · Red=142.62584232 · manos=ON · pos=flat · latido=1.50s
[RANGO] autosello ZHIPU · ACECHANDO · Oz=0.0 link=— · manos_feria_informe.json
[RANGO] ZHIPUUSDT_LINEAL last=146.8 · río=ciego/muleta · mercado=linear · estado=ACECHANDO · dir=— · 0=143.16 · Oz=— · Red=142.62584232 · manos=ON · pos=flat · latido=1.50s
[RANGO] autosello ZHIPU · ACECHANDO · Oz=0.0 link=— · manos_feria_informe.json
[RANGO] ZHIPUUSDT_LINEAL last=146.73 · río=WS · mercado=linear · estado=ACECHANDO · dir=— · 0=143.16 · Oz=— · Red=142.62584232 · manos=ON · pos=flat · latido=1.50s
[RANGO] ZHIPUUSDT_LINEAL last=146.76 · río=WS · mercado=linear · estado=ACECHANDO · dir=— · 0=143.16 · Oz=— · Red=142.62584232 · manos=ON · pos=flat · latido=1.50s
[RANGO] autosello ZHIPU · ACECHANDO · Oz=0.0 link=— · manos_feria_informe.json
[RANGO] ZHIPUUSDT_LINEAL last=146.76 · río=WS · mercado=linear · estado=ACECHANDO · dir=— · 0=143.16 · Oz=— · Red=142.62584232 · manos=ON · pos=flat · latido=1.50s
[RANGO] autosello ZHIPU · ACECHANDO · Oz=0.0 link=— · manos_feria_informe.json
[RANGO] ZHIPUUSDT_LINEAL last=146.75 · río=WS · mercado=linear · estado=ACECHANDO · dir=— · 0=143.16 · Oz=— · Red=142.62584232 · manos=ON · pos=flat · latido=1.50s
[RANGO] ZHIPUUSDT_LINEAL last=146.75 · río=WS · mercado=linear · estado=ACECHANDO · dir=— · 0=143.16 · Oz=— · Red=142.62584232 · manos=ON · pos=flat · latido=1.50s
[RANGO] autosello ZHIPU · ACECHANDO · Oz=0.0 link=— · manos_feria_informe.json
[RANGO] ZHIPUUSDT_LINEAL last=146.79 · río=WS · mercado=linear · estado=ACECHANDO · dir=— · 0=143.16 · Oz=— · Red=142.62584232 · manos=ON · pos=flat · latido=1.50s
[RANGO] autosello ZHIPU · ACECHANDO · Oz=0.0 link=— · manos_feria_informe.json
[RANGO] ZHIPUUSDT_LINEAL last=146.88 · río=ciego/muleta · mercado=linear · estado=ACECHANDO · dir=— · 0=143.16 · Oz=— · Red=142.62584232 · manos=ON · pos=flat · latido=1.50s
[RANGO] ZHIPUUSDT_LINEAL last=146.77 · río=WS · mercado=linear · estado=ACECHANDO · dir=— · 0=143.16 · Oz=— · Red=142.62584232 · manos=ON · pos=flat · latido=1.50s
[RANGO] autosello ZHIPU · ACECHANDO · Oz=0.0 link=— · manos_feria_informe.json
[RANGO] ZHIPUUSDT_LINEAL last=146.74 · río=WS · mercado=linear · estado=ACECHANDO · dir=— · 0=143.16 · Oz=— · Red=142.62584232 · manos=ON · pos=flat · latido=1.50s
[RANGO] autosello ZHIPU · ACECHANDO · Oz=0.0 link=— · manos_feria_informe.json
[RANGO] ZHIPUUSDT_LINEAL last=146.9 · río=WS · mercado=linear · estado=ACECHANDO · dir=— · 0=143.16 · Oz=— · Red=142.62584232 · manos=ON · pos=flat · latido=1.50s
[RANGO] ZHIPUUSDT_LINEAL last=146.85 · río=WS · mercado=linear · estado=ACECHANDO · dir=— · 0=143.16 · Oz=— · Red=142.62584232 · manos=ON · pos=flat · latido=1.50s
[RANGO] autosello ZHIPU · ACECHANDO · Oz=0.0 link=— · manos_feria_informe.json
[RANGO] ZHIPUUSDT_LINEAL last=146.82 · río=WS · mercado=linear · estado=ACECHANDO · dir=— · 0=143.16 · Oz=— · Red=142.62584232 · manos=ON · pos=flat · latido=1.50s
[RANGO] autosello ZHIPU · ACECHANDO · Oz=0.0 link=— · manos_feria_informe.json
[RANGO] ZHIPUUSDT_LINEAL last=147.05 · río=WS · mercado=linear · estado=ACECHANDO · dir=— · 0=143.16 · Oz=— · Red=142.62584232 · manos=ON · pos=flat · latido=1.50s
[RANGO] ZHIPUUSDT_LINEAL last=146.88 · río=WS · mercado=linear · estado=ACECHANDO · dir=— · 0=143.16 · Oz=— · Red=142.62584232 · manos=ON · pos=flat · latido=1.50s
[RANGO] autosello ZHIPU · ACECHANDO · Oz=0.0 link=— · manos_feria_informe.json
[RANGO] ZHIPUUSDT_LINEAL last=146.92 · río=WS · mercado=linear · estado=ACECHANDO · dir=— · 0=143.16 · Oz=— · Red=142.62584232 · manos=ON · pos=flat · latido=1.50s
[RANGO] autosello ZHIPU · ACECHANDO · Oz=0.0 link=— · manos_feria_informe.json
[RANGO] ZHIPUUSDT_LINEAL last=146.96 · río=WS · mercado=linear · estado=ACECHANDO · dir=— · 0=143.16 · Oz=— · Red=142.62584232 · manos=ON · pos=flat · latido=1.50s
[RANGO] ZHIPUUSDT_LINEAL last=146.87 · río=WS · mercado=linear · estado=ACECHANDO · dir=— · 0=143.16 · Oz=— · Red=142.62584232 · manos=ON · pos=flat · latido=1.50s
[RANGO] autosello ZHIPU · ACECHANDO · Oz=0.0 link=— · manos_feria_informe.json
[RANGO] ZHIPUUSDT_LINEAL last=146.97 · río=WS · mercado=linear · estado=ACECHANDO · dir=— · 0=143.16 · Oz=— · Red=142.62584232 · manos=ON · pos=flat · latido=1.50s
[RANGO] autosello ZHIPU · ACECHANDO · Oz=0.0 link=— · manos_feria_informe.json
[RANGO] ZHIPUUSDT_LINEAL last=146.86 · río=WS · mercado=linear · estado=ACECHANDO · dir=— · 0=143.16 · Oz=— · Red=142.62584232 · manos=ON · pos=flat · latido=1.50s
[RANGO] ZHIPUUSDT_LINEAL last=146.88 · río=WS · mercado=linear · estado=ACECHANDO · dir=— · 0=143.16 · Oz=— · Red=142.62584232 · manos=ON · pos=flat · latido=1.50s
[RANGO] autosello ZHIPU · ACECHANDO · Oz=0.0 link=— · manos_feria_informe.json
[RANGO] ZHIPUUSDT_LINEAL last=146.89 · río=WS · mercado=linear · estado=ACECHANDO · dir=— · 0=143.16 · Oz=— · Red=142.62584232 · manos=ON · pos=flat · latido=1.50s
[RANGO] autosello ZHIPU · ACECHANDO · Oz=0.0 link=— · manos_feria_informe.json
[RANGO] ZHIPUUSDT_LINEAL last=146.91 · río=WS · mercado=linear · estado=ACECHANDO · dir=— · 0=143.16 · Oz=— · Red=142.62584232 · manos=ON · pos=flat · latido=1.50s
[RANGO] ZHIPUUSDT_LINEAL last=146.89 · río=WS · mercado=linear · estado=ACECHANDO · dir=— · 0=143.16 · Oz=— · Red=142.62584232 · manos=ON · pos=flat · latido=1.50s
[RANGO] autosello ZHIPU · ACECHANDO · Oz=0.0 link=— · manos_feria_informe.json
[RANGO] ZHIPUUSDT_LINEAL last=146.93 · río=WS · mercado=linear · estado=ACECHANDO · dir=— · 0=143.16 · Oz=— · Red=142.62584232 · manos=ON · pos=flat · latido=1.50s
[RANGO] autosello ZHIPU · ACECHANDO · Oz=0.0 link=— · manos_feria_informe.json
[RANGO] ZHIPUUSDT_LINEAL last=146.94 · río=WS · mercado=linear · estado=ACECHANDO · dir=— · 0=143.16 · Oz=— · Red=142.62584232 · manos=ON · pos=flat · latido=1.50s
[RANGO] ZHIPUUSDT_LINEAL last=146.95 · río=ciego/muleta · mercado=linear · estado=ACECHANDO · dir=— · 0=143.16 · Oz=— · Red=142.62584232 · manos=ON · pos=flat · latido=1.50s
[RANGO] autosello ZHIPU · ACECHANDO · Oz=0.0 link=— · manos_feria_informe.json
[RANGO] ZHIPUUSDT_LINEAL last=146.95 · río=ciego/muleta · mercado=linear · estado=ACECHANDO · dir=— · 0=143.16 · Oz=— · Red=142.62584232 · manos=ON · pos=flat · latido=1.50s
[RANGO] autosello ZHIPU · ACECHANDO · Oz=0.0 link=— · manos_feria_informe.json
[RANGO] ZHIPUUSDT_LINEAL last=146.95 · río=ciego/muleta · mercado=linear · estado=ACECHANDO · dir=— · 0=143.16 · Oz=— · Red=142.62584232 · manos=ON · pos=flat · latido=1.50s
[RANGO] autosello ZHIPU · ACECHANDO · Oz=0.0 link=— · manos_feria_informe.json
[RANGO] ZHIPUUSDT_LINEAL last=146.96 · río=WS · mercado=linear · estado=ACECHANDO · dir=— · 0=143.16 · Oz=— · Red=142.62584232 · manos=ON · pos=flat · latido=1.50s
[RANGO] ZHIPUUSDT_LINEAL last=146.89 · río=WS · mercado=linear · estado=ACECHANDO · dir=— · 0=143.16 · Oz=— · Red=142.62584232 · manos=ON · pos=flat · latido=1.50s
[RANGO] autosello ZHIPU · ACECHANDO · Oz=0.0 link=— · manos_feria_informe.json
[RANGO] ZHIPUUSDT_LINEAL last=146.86 · río=WS · mercado=linear · estado=ACECHANDO · dir=— · 0=143.16 · Oz=— · Red=142.62584232 · manos=ON · pos=flat · latido=1.50s
[RANGO] autosello ZHIPU · ACECHANDO · Oz=0.0 link=— · manos_feria_informe.json
[RANGO] ZHIPUUSDT_LINEAL last=146.89 · río=ciego/muleta · mercado=linear · estado=ACECHANDO · dir=— · 0=143.16 · Oz=— · Red=142.62584232 · manos=ON · pos=flat · latido=1.50s
[RANGO] ZHIPUUSDT_LINEAL last=146.89 · río=ciego/muleta · mercado=linear · estado=ACECHANDO · dir=— · 0=143.16 · Oz=— · Red=142.62584232 · manos=ON · pos=flat · latido=1.50s
[RANGO] autosello ZHIPU · ACECHANDO · Oz=0.0 link=— · manos_feria_informe.json
[RANGO] ZHIPUUSDT_LINEAL last=146.88 · río=WS · mercado=linear · estado=ACECHANDO · dir=— · 0=143.16 · Oz=— · Red=142.62584232 · manos=ON · pos=flat · latido=1.50s
[RANGO] autosello ZHIPU · ACECHANDO · Oz=0.0 link=— · manos_feria_informe.json
[RANGO] ZHIPUUSDT_LINEAL last=146.89 · río=ciego/muleta · mercado=linear · estado=ACECHANDO · dir=— · 0=143.16 · Oz=— · Red=142.62584232 · manos=ON · pos=flat · latido=1.50s
[RANGO] ZHIPUUSDT_LINEAL last=146.88 · río=WS · mercado=linear · estado=ACECHANDO · dir=— · 0=143.16 · Oz=— · Red=142.62584232 · manos=ON · pos=flat · latido=1.50s
[RANGO] autosello ZHIPU · ACECHANDO · Oz=0.0 link=— · manos_feria_informe.json
[RANGO] ZHIPUUSDT_LINEAL last=146.89 · río=ciego/muleta · mercado=linear · estado=ACECHANDO · dir=— · 0=143.16 · Oz=— · Red=142.62584232 · manos=ON · pos=flat · latido=1.50s
[RANGO] autosello ZHIPU · ACECHANDO · Oz=0.0 link=— · manos_feria_informe.json
[RANGO] ZHIPUUSDT_LINEAL last=146.89 · río=ciego/muleta · mercado=linear · estado=ACECHANDO · dir=— · 0=143.16 · Oz=— · Red=142.62584232 · manos=ON · pos=flat · latido=1.50s
[RANGO] autosello ZHIPU · ACECHANDO · Oz=0.0 link=— · manos_feria_informe.json
[RANGO] ZHIPUUSDT_LINEAL last=146.81 · río=WS · mercado=linear · estado=ACECHANDO · dir=— · 0=143.16 · Oz=— · Red=142.62584232 · manos=ON · pos=flat · latido=1.50s
[RANGO] ZHIPUUSDT_LINEAL last=146.89 · río=ciego/muleta · mercado=linear · estado=ACECHANDO · dir=— · 0=143.16 · Oz=— · Red=142.62584232 · manos=ON · pos=flat · latido=1.50s
[RANGO] autosello ZHIPU · ACECHANDO · Oz=0.0 link=— · manos_feria_informe.json
[RANGO] ZHIPUUSDT_LINEAL last=146.89 · río=ciego/muleta · mercado=linear · estado=ACECHANDO · dir=— · 0=143.16 · Oz=— · Red=142.62584232 · manos=ON · pos=flat · latido=1.50s
[RANGO] autosello ZHIPU · ACECHANDO · Oz=0.0 link=— · manos_feria_informe.json
[RANGO] ZHIPUUSDT_LINEAL last=146.89 · río=ciego/muleta · mercado=linear · estado=ACECHANDO · dir=— · 0=143.16 · Oz=— · Red=142.62584232 · manos=ON · pos=flat · latido=1.50s
[RANGO] ZHIPUUSDT_LINEAL last=146.89 · río=ciego/muleta · mercado=linear · estado=ACECHANDO · dir=— · 0=143.16 · Oz=— · Red=142.62584232 · manos=ON · pos=flat · latido=1.50s
[RANGO] autosello ZHIPU · ACECHANDO · Oz=0.0 link=— · manos_feria_informe.json
[RANGO] ZHIPUUSDT_LINEAL last=146.92 · río=WS · mercado=linear · estado=ACECHANDO · dir=— · 0=143.16 · Oz=— · Red=142.62584232 · manos=ON · pos=flat · latido=1.50s
[RANGO] autosello ZHIPU · ACECHANDO · Oz=0.0 link=— · manos_feria_informe.json
[RANGO] ZHIPUUSDT_LINEAL last=146.92 · río=WS · mercado=linear · estado=ACECHANDO · dir=— · 0=143.16 · Oz=— · Red=142.62584232 · manos=ON · pos=flat · latido=1.50s
[RANGO] ZHIPUUSDT_LINEAL last=146.86 · río=WS · mercado=linear · estado=ACECHANDO · dir=— · 0=143.16 · Oz=— · Red=142.62584232 · manos=ON · pos=flat · latido=1.50s
[RANGO] autosello ZHIPU · ACECHANDO · Oz=0.0 link=— · manos_feria_informe.json
[RANGO] ZHIPUUSDT_LINEAL last=146.89 · río=ciego/muleta · mercado=linear · estado=ACECHANDO · dir=— · 0=143.16 · Oz=— · Red=142.62584232 · manos=ON · pos=flat · latido=1.50s
[RANGO] autosello ZHIPU · ACECHANDO · Oz=0.0 link=— · manos_feria_informe.json
[RANGO] ZHIPUUSDT_LINEAL last=146.89 · río=ciego/muleta · mercado=linear · estado=ACECHANDO · dir=— · 0=143.16 · Oz=— · Red=142.62584232 · manos=ON · pos=flat · latido=1.50s
[RANGO] autosello ZHIPU · ACECHANDO · Oz=0.0 link=— · manos_feria_informe.json
[RANGO] ZHIPUUSDT_LINEAL last=146.89 · río=ciego/muleta · mercado=linear · estado=ACECHANDO · dir=— · 0=143.16 · Oz=— · Red=142.62584232 · manos=ON · pos=flat · latido=1.50s
[RANGO] ZHIPUUSDT_LINEAL last=146.85 · río=WS · mercado=linear · estado=ACECHANDO · dir=— · 0=143.16 · Oz=— · Red=142.62584232 · manos=ON · pos=flat · latido=1.50s
[RANGO] autosello ZHIPU · ACECHANDO · Oz=0.0 link=— · manos_feria_informe.json
[RANGO] ZHIPUUSDT_LINEAL last=146.89 · río=ciego/muleta · mercado=linear · estado=ACECHANDO · dir=— · 0=143.16 · Oz=— · Red=142.62584232 · manos=ON · pos=flat · latido=1.50s
[RANGO] autosello ZHIPU · ACECHANDO · Oz=0.0 link=— · manos_feria_informe.json
[RANGO] ZHIPUUSDT_LINEAL last=146.89 · río=ciego/muleta · mercado=linear · estado=ACECHANDO · dir=— · 0=143.16 · Oz=— · Red=142.62584232 · manos=ON · pos=flat · latido=1.50s
[RANGO] ZHIPUUSDT_LINEAL last=146.88 · río=WS · mercado=linear · estado=ACECHANDO · dir=— · 0=143.16 · Oz=— · Red=142.62584232 · manos=ON · pos=flat · latido=1.50s
[RANGO] autosello ZHIPU · ACECHANDO · Oz=0.0 link=— · manos_feria_informe.json
[RANGO] ZHIPUUSDT_LINEAL last=146.88 · río=WS · mercado=linear · estado=ACECHANDO · dir=— · 0=143.16 · Oz=— · Red=142.62584232 · manos=ON · pos=flat · latido=1.50s
[RANGO] autosello ZHIPU · ACECHANDO · Oz=0.0 link=— · manos_feria_informe.json
[RANGO] ZHIPUUSDT_LINEAL last=146.91 · río=ciego/muleta · mercado=linear · estado=ACECHANDO · dir=— · 0=143.16 · Oz=— · Red=142.62584232 · manos=ON · pos=flat · latido=1.50s
[RANGO] ZHIPUUSDT_LINEAL last=146.97 · río=WS · mercado=linear · estado=ACECHANDO · dir=— · 0=143.16 · Oz=— · Red=142.62584232 · manos=ON · pos=flat · latido=1.50s
[RANGO] autosello ZHIPU · ACECHANDO · Oz=0.0 link=— · manos_feria_informe.json
[RANGO] ZHIPUUSDT_LINEAL last=146.76 · río=WS · mercado=linear · estado=ACECHANDO · dir=— · 0=143.16 · Oz=— · Red=142.62584232 · manos=ON · pos=flat · latido=1.50s
[RANGO] autosello ZHIPU · ACECHANDO · Oz=0.0 link=— · manos_feria_informe.json
[RANGO] ZHIPUUSDT_LINEAL last=146.73 · río=WS · mercado=linear · estado=ACECHANDO · dir=— · 0=143.16 · Oz=— · Red=142.62584232 · manos=ON · pos=flat · latido=1.50s
[RANGO] ZHIPUUSDT_LINEAL last=146.55 · río=WS · mercado=linear · estado=ACECHANDO · dir=— · 0=143.16 · Oz=— · Red=142.62584232 · manos=ON · pos=flat · latido=1.50s
[RANGO] autosello ZHIPU · ACECHANDO · Oz=0.0 link=— · manos_feria_informe.json
[RANGO] ZHIPUUSDT_LINEAL last=146.57 · río=WS · mercado=linear · estado=ACECHANDO · dir=— · 0=143.16 · Oz=— · Red=142.62584232 · manos=ON · pos=flat · latido=1.50s
[RANGO] autosello ZHIPU · ACECHANDO · Oz=0.0 link=— · manos_feria_informe.json
[RANGO] ZHIPUUSDT_LINEAL last=146.49 · río=WS · mercado=linear · estado=ACECHANDO · dir=— · 0=143.16 · Oz=— · Red=142.62584232 · manos=ON · pos=flat · latido=1.50s
[RANGO] ZHIPUUSDT_LINEAL last=146.7 · río=WS · mercado=linear · estado=ACECHANDO · dir=— · 0=143.16 · Oz=— · Red=142.62584232 · manos=ON · pos=flat · latido=1.50s
[RANGO] autosello ZHIPU · ACECHANDO · Oz=0.0 link=— · manos_feria_informe.json
[RANGO] ZHIPUUSDT_LINEAL last=146.5 · río=WS · mercado=linear · estado=ACECHANDO · dir=— · 0=143.16 · Oz=— · Red=142.62584232 · manos=ON · pos=flat · latido=1.50s
[RANGO] autosello ZHIPU · ACECHANDO · Oz=0.0 link=— · manos_feria_informe.json
[RANGO] ZHIPUUSDT_LINEAL last=146.52 · río=WS · mercado=linear · estado=ACECHANDO · dir=— · 0=143.16 · Oz=— · Red=142.62584232 · manos=ON · pos=flat · latido=1.50s
[RANGO] ZHIPUUSDT_LINEAL last=146.6 · río=WS · mercado=linear · estado=ACECHANDO · dir=— · 0=143.16 · Oz=— · Red=142.62584232 · manos=ON · pos=flat · latido=1.50s
[RANGO] autosello ZHIPU · ACECHANDO · Oz=0.0 link=— · manos_feria_informe.json
[RANGO] ZHIPUUSDT_LINEAL last=146.5 · río=WS · mercado=linear · estado=ACECHANDO · dir=— · 0=143.16 · Oz=— · Red=142.62584232 · manos=ON · pos=flat · latido=1.50s
[RANGO] autosello ZHIPU · ACECHANDO · Oz=0.0 link=— · manos_feria_informe.json
[RANGO] ZHIPUUSDT_LINEAL last=146.47 · río=ciego/muleta · mercado=linear · estado=ACECHANDO · dir=— · 0=143.16 · Oz=— · Red=142.62584232 · manos=ON · pos=flat · latido=1.50s
[RANGO] autosello ZHIPU · ACECHANDO · Oz=0.0 link=— · manos_feria_informe.json
[RANGO] ZHIPUUSDT_LINEAL last=146.51 · río=WS · mercado=linear · estado=ACECHANDO · dir=— · 0=143.16 · Oz=— · Red=142.62584232 · manos=ON · pos=flat · latido=1.50s
[RANGO] ZHIPUUSDT_LINEAL last=146.73 · río=WS · mercado=linear · estado=ACECHANDO · dir=— · 0=143.16 · Oz=— · Red=142.62584232 · manos=ON · pos=flat · latido=1.50s
[RANGO] autosello ZHIPU · ACECHANDO · Oz=0.0 link=— · manos_feria_informe.json
[RANGO] ZHIPUUSDT_LINEAL last=146.62 · río=WS · mercado=linear · estado=ACECHANDO · dir=— · 0=143.16 · Oz=— · Red=142.62584232 · manos=ON · pos=flat · latido=1.50s
[RANGO] autosello ZHIPU · ACECHANDO · Oz=0.0 link=— · manos_feria_informe.json
[RANGO] ZHIPUUSDT_LINEAL last=146.79 · río=WS · mercado=linear · estado=ACECHANDO · dir=— · 0=143.16 · Oz=— · Red=142.62584232 · manos=ON · pos=flat · latido=1.50s
[RANGO] ZHIPUUSDT_LINEAL last=146.7 · río=WS · mercado=linear · estado=ACECHANDO · dir=— · 0=143.16 · Oz=— · Red=142.62584232 · manos=ON · pos=flat · latido=1.50s
[RANGO] autosello ZHIPU · ACECHANDO · Oz=0.0 link=— · manos_feria_informe.json
[RANGO] ZHIPUUSDT_LINEAL last=146.84 · río=WS · mercado=linear · estado=ACECHANDO · dir=— · 0=143.16 · Oz=— · Red=142.62584232 · manos=ON · pos=flat · latido=1.50s
[RANGO] autosello ZHIPU · ACECHANDO · Oz=0.0 link=— · manos_feria_informe.json
[RANGO] ZHIPUUSDT_LINEAL last=146.83 · río=WS · mercado=linear · estado=ACECHANDO · dir=— · 0=143.16 · Oz=— · Red=142.62584232 · manos=ON · pos=flat · latido=1.50s
[RANGO] ZHIPUUSDT_LINEAL last=146.9 · río=WS · mercado=linear · estado=ACECHANDO · dir=— · 0=143.16 · Oz=— · Red=142.62584232 · manos=ON · pos=flat · latido=1.50s
[RANGO] autosello ZHIPU · ACECHANDO · Oz=0.0 link=— · manos_feria_informe.json
[RANGO] ZHIPUUSDT_LINEAL last=146.66 · río=WS · mercado=linear · estado=ACECHANDO · dir=— · 0=143.16 · Oz=— · Red=142.62584232 · manos=ON · pos=flat · latido=1.50s
[RANGO] autosello ZHIPU · ACECHANDO · Oz=0.0 link=— · manos_feria_informe.json
[RANGO] ZHIPUUSDT_LINEAL last=146.67 · río=WS · mercado=linear · estado=ACECHANDO · dir=— · 0=143.16 · Oz=— · Red=142.62584232 · manos=ON · pos=flat · latido=1.50s
[RANGO] ZHIPUUSDT_LINEAL last=146.83 · río=ciego/muleta · mercado=linear · estado=ACECHANDO · dir=— · 0=143.16 · Oz=— · Red=142.62584232 · manos=ON · pos=flat · latido=1.50s
[RANGO] autosello ZHIPU · ACECHANDO · Oz=0.0 link=— · manos_feria_informe.json
[RANGO] ZHIPUUSDT_LINEAL last=146.71 · río=WS · mercado=linear · estado=ACECHANDO · dir=— · 0=143.16 · Oz=— · Red=142.62584232 · manos=ON · pos=flat · latido=1.50s
[RANGO] autosello ZHIPU · ACECHANDO · Oz=0.0 link=— · manos_feria_informe.json
[RANGO] ZHIPUUSDT_LINEAL last=146.72 · río=WS · mercado=linear · estado=ACECHANDO · dir=— · 0=143.16 · Oz=— · Red=142.62584232 · manos=ON · pos=flat · latido=1.50s
[RANGO] ZHIPUUSDT_LINEAL last=146.74 · río=WS · mercado=linear · estado=ACECHANDO · dir=— · 0=143.16 · Oz=— · Red=142.62584232 · manos=ON · pos=flat · latido=1.50s
[RANGO] autosello ZHIPU · ACECHANDO · Oz=0.0 link=— · manos_feria_informe.json
[RANGO] ZHIPUUSDT_LINEAL last=146.76 · río=WS · mercado=linear · estado=ACECHANDO · dir=— · 0=143.16 · Oz=— · Red=142.62584232 · manos=ON · pos=flat · latido=1.50s
[RANGO] autosello ZHIPU · ACECHANDO · Oz=0.0 link=— · manos_feria_informe.json
[RANGO] ZHIPUUSDT_LINEAL last=146.91 · río=WS · mercado=linear · estado=ACECHANDO · dir=— · 0=143.16 · Oz=— · Red=142.62584232 · manos=ON · pos=flat · latido=1.50s
[RANGO] ZHIPUUSDT_LINEAL last=147.02 · río=WS · mercado=linear · estado=ACECHANDO · dir=— · 0=143.16 · Oz=— · Red=142.62584232 · manos=ON · pos=flat · latido=1.50s
[RANGO] autosello ZHIPU · ACECHANDO · Oz=0.0 link=— · manos_feria_informe.json
[RANGO] ZHIPUUSDT_LINEAL last=146.93 · río=WS · mercado=linear · estado=ACECHANDO · dir=— · 0=143.16 · Oz=— · Red=142.62584232 · manos=ON · pos=flat · latido=1.50s
[RANGO] autosello ZHIPU · ACECHANDO · Oz=0.0 link=— · manos_feria_informe.json
[RANGO] ZHIPUUSDT_LINEAL last=146.91 · río=WS · mercado=linear · estado=ACECHANDO · dir=— · 0=143.16 · Oz=— · Red=142.62584232 · manos=ON · pos=flat · latido=1.50s
[RANGO] ZHIPUUSDT_LINEAL last=146.86 · río=WS · mercado=linear · estado=ACECHANDO · dir=— · 0=143.16 · Oz=— · Red=142.62584232 · manos=ON · pos=flat · latido=1.50s
[RANGO] autosello ZHIPU · ACECHANDO · Oz=0.0 link=— · manos_feria_informe.json
[RANGO] ZHIPUUSDT_LINEAL last=146.92 · río=WS · mercado=linear · estado=ACECHANDO · dir=— · 0=143.16 · Oz=— · Red=142.62584232 · manos=ON · pos=flat · latido=1.50s
[RANGO] autosello ZHIPU · ACECHANDO · Oz=0.0 link=— · manos_feria_informe.json
[RANGO] ZHIPUUSDT_LINEAL last=146.89 · río=WS · mercado=linear · estado=ACECHANDO · dir=— · 0=143.16 · Oz=— · Red=142.62584232 · manos=ON · pos=flat · latido=1.50s
[RANGO] ZHIPUUSDT_LINEAL last=146.9 · río=WS · mercado=linear · estado=ACECHANDO · dir=— · 0=143.16 · Oz=— · Red=142.62584232 · manos=ON · pos=flat · latido=1.50s
[RANGO] autosello ZHIPU · ACECHANDO · Oz=0.0 link=— · manos_feria_informe.json
[2026-08-31 14:50:49] [TUSK] RECONCILIACIÓN: CHIPUSDT_LINEAL: interno L:0.000000/S:0.000000 -> real L:550.000000/S:0.000000
[2026-08-31 14:50:49] [TUSK] RECONCILIACIÓN: FWDIUSDT_LINEAL: interno L:0.000000/S:0.000000 -> real L:0.000000/S:9.300000
[2026-08-31 14:50:49] [TUSK] RECONCILIACIÓN_FANTASMA: PRLUSDT_LINEAL existe interno pero no en exchange -> reseteando
[2026-08-31 14:50:49] [TUSK] RECONCILIACIÓN_FANTASMA: AEROUSDT_LINEAL existe interno pero no en exchange -> reseteando
[2026-08-31 14:50:49] [TUSK] RECONCILIACIÓN_OK: 4 frentes alineados con exchange
[RANGO] ZHIPUUSDT_LINEAL last=146.9 · río=ciego/muleta · mercado=linear · estado=ACECHANDO · dir=— · 0=143.16 · Oz=— · Red=142.62584232 · manos=ON · pos=flat · latido=1.50s
[RANGO] autosello ZHIPU · ACECHANDO · Oz=0.0 link=— · manos_feria_informe.json
[RANGO] ZHIPUUSDT_LINEAL last=146.9 · río=ciego/muleta · mercado=linear · estado=ACECHANDO · dir=— · 0=143.16 · Oz=— · Red=142.62584232 · manos=ON · pos=flat · latido=1.50s
[RANGO] ZHIPUUSDT_LINEAL last=147.06 · río=WS · mercado=linear · estado=ACECHANDO · dir=— · 0=143.16 · Oz=— · Red=142.62584232 · manos=ON · pos=flat · latido=1.50s
[RANGO] autosello ZHIPU · ACECHANDO · Oz=0.0 link=— · manos_feria_informe.json
[RANGO] ZHIPUUSDT_LINEAL last=146.9 · río=ciego/muleta · mercado=linear · estado=ACECHANDO · dir=— · 0=143.16 · Oz=— · Red=142.62584232 · manos=ON · pos=flat · latido=1.50s
[RANGO] autosello ZHIPU · ACECHANDO · Oz=0.0 link=— · manos_feria_informe.json
[RANGO] ZHIPUUSDT_LINEAL last=146.9 · río=ciego/muleta · mercado=linear · estado=ACECHANDO · dir=— · 0=143.16 · Oz=— · Red=142.62584232 · manos=ON · pos=flat · latido=1.50s
[RANGO] ZHIPUUSDT_LINEAL last=146.81 · río=WS · mercado=linear · estado=ACECHANDO · dir=— · 0=143.16 · Oz=— · Red=142.62584232 · manos=ON · pos=flat · latido=1.50s
[RANGO] autosello ZHIPU · ACECHANDO · Oz=0.0 link=— · manos_feria_informe.json
[RANGO] ZHIPUUSDT_LINEAL last=146.9 · río=ciego/muleta · mercado=linear · estado=ACECHANDO · dir=— · 0=143.16 · Oz=— · Red=142.62584232 · manos=ON · pos=flat · latido=1.50s
[RANGO] autosello ZHIPU · ACECHANDO · Oz=0.0 link=— · manos_feria_informe.json
[RANGO] ZHIPUUSDT_LINEAL last=146.9 · río=ciego/muleta · mercado=linear · estado=ACECHANDO · dir=— · 0=143.16 · Oz=— · Red=142.62584232 · manos=ON · pos=flat · latido=1.50s
[RANGO] autosello ZHIPU · ACECHANDO · Oz=0.0 link=— · manos_feria_informe.json
[RANGO] ZHIPUUSDT_LINEAL last=146.85 · río=WS · mercado=linear · estado=ACECHANDO · dir=— · 0=143.16 · Oz=— · Red=142.62584232 · manos=ON · pos=flat · latido=1.50s
[RANGO] ZHIPUUSDT_LINEAL last=146.86 · río=WS · mercado=linear · estado=ACECHANDO · dir=— · 0=143.16 · Oz=— · Red=142.62584232 · manos=ON · pos=flat · latido=1.50s
[RANGO] autosello ZHIPU · ACECHANDO · Oz=0.0 link=— · manos_feria_informe.json
[RANGO] ZHIPUUSDT_LINEAL last=146.9 · río=ciego/muleta · mercado=linear · estado=ACECHANDO · dir=— · 0=143.16 · Oz=— · Red=142.62584232 · manos=ON · pos=flat · latido=1.50s
[RANGO] autosello ZHIPU · ACECHANDO · Oz=0.0 link=— · manos_feria_informe.json
[RANGO] ZHIPUUSDT_LINEAL last=146.9 · río=ciego/muleta · mercado=linear · estado=ACECHANDO · dir=— · 0=143.16 · Oz=— · Red=142.62584232 · manos=ON · pos=flat · latido=1.50s
[RANGO] ZHIPUUSDT_LINEAL last=146.9 · río=ciego/muleta · mercado=linear · estado=ACECHANDO · dir=— · 0=143.16 · Oz=— · Red=142.62584232 · manos=ON · pos=flat · latido=1.50s
[RANGO] autosello ZHIPU · ACECHANDO · Oz=0.0 link=— · manos_feria_informe.json
[RANGO] ZHIPUUSDT_LINEAL last=146.9 · río=ciego/muleta · mercado=linear · estado=ACECHANDO · dir=— · 0=143.16 · Oz=— · Red=142.62584232 · manos=ON · pos=flat · latido=1.50s
[RANGO] autosello ZHIPU · ACECHANDO · Oz=0.0 link=— · manos_feria_informe.json
[RANGO] ZHIPUUSDT_LINEAL last=147.07 · río=WS · mercado=linear · estado=ACECHANDO · dir=— · 0=143.16 · Oz=— · Red=142.62584232 · manos=ON · pos=flat · latido=1.50s
[RANGO] ZHIPUUSDT_LINEAL last=146.9 · río=ciego/muleta · mercado=linear · estado=ACECHANDO · dir=— · 0=143.16 · Oz=— · Red=142.62584232 · manos=ON · pos=flat · latido=1.50s
[RANGO] autosello ZHIPU · ACECHANDO · Oz=0.0 link=— · manos_feria_informe.json
[RANGO] ZHIPUUSDT_LINEAL last=146.9 · río=ciego/muleta · mercado=linear · estado=ACECHANDO · dir=— · 0=143.16 · Oz=— · Red=142.62584232 · manos=ON · pos=flat · latido=1.50s
[RANGO] autosello ZHIPU · ACECHANDO · Oz=0.0 link=— · manos_feria_informe.json
[RANGO] ZHIPUUSDT_LINEAL last=146.94 · río=WS · mercado=linear · estado=ACECHANDO · dir=— · 0=143.16 · Oz=— · Red=142.62584232 · manos=ON · pos=flat · latido=1.50s
[RANGO] ZHIPUUSDT_LINEAL last=146.9 · río=ciego/muleta · mercado=linear · estado=ACECHANDO · dir=— · 0=143.16 · Oz=— · Red=142.62584232 · manos=ON · pos=flat · latido=1.50s
[RANGO] autosello ZHIPU · ACECHANDO · Oz=0.0 link=— · manos_feria_informe.json
[RANGO] ZHIPUUSDT_LINEAL last=146.9 · río=ciego/muleta · mercado=linear · estado=ACECHANDO · dir=— · 0=143.16 · Oz=— · Red=142.62584232 · manos=ON · pos=flat · latido=1.50s
[RANGO] autosello ZHIPU · ACECHANDO · Oz=0.0 link=— · manos_feria_informe.json
[RANGO] ZHIPUUSDT_LINEAL last=146.9 · río=ciego/muleta · mercado=linear · estado=ACECHANDO · dir=— · 0=143.16 · Oz=— · Red=142.62584232 · manos=ON · pos=flat · latido=1.50s
[RANGO] autosello ZHIPU · ACECHANDO · Oz=0.0 link=— · manos_feria_informe.json
[RANGO] ZHIPUUSDT_LINEAL last=146.85 · río=WS · mercado=linear · estado=ACECHANDO · dir=— · 0=143.16 · Oz=— · Red=142.62584232 · manos=ON · pos=flat · latido=1.50s
[RANGO] ZHIPUUSDT_LINEAL last=146.85 · río=WS · mercado=linear · estado=ACECHANDO · dir=— · 0=143.16 · Oz=— · Red=142.62584232 · manos=ON · pos=flat · latido=1.50s
[RANGO] autosello ZHIPU · ACECHANDO · Oz=0.0 link=— · manos_feria_informe.json
[RANGO] ZHIPUUSDT_LINEAL last=146.96 · río=WS · mercado=linear · estado=ACECHANDO · dir=— · 0=143.16 · Oz=— · Red=142.62584232 · manos=ON · pos=flat · latido=1.50s
[RANGO] autosello ZHIPU · ACECHANDO · Oz=0.0 link=— · manos_feria_informe.json
[RANGO] ZHIPUUSDT_LINEAL last=146.9 · río=ciego/muleta · mercado=linear · estado=ACECHANDO · dir=— · 0=143.16 · Oz=— · Red=142.62584232 · manos=ON · pos=flat · latido=1.50s
[RANGO] ZHIPUUSDT_LINEAL last=146.9 · río=ciego/muleta · mercado=linear · estado=ACECHANDO · dir=— · 0=143.16 · Oz=— · Red=142.62584232 · manos=ON · pos=flat · latido=1.50s
[RANGO] autosello ZHIPU · ACECHANDO · Oz=0.0 link=— · manos_feria_informe.json
[RANGO] ZHIPUUSDT_LINEAL last=147.01 · río=ciego/muleta · mercado=linear · estado=ACECHANDO · dir=— · 0=143.16 · Oz=— · Red=142.62584232 · manos=ON · pos=flat · latido=1.50s
[RANGO] autosello ZHIPU · ACECHANDO · Oz=0.0 link=— · manos_feria_informe.json
[RANGO] ZHIPUUSDT_LINEAL last=146.97 · río=WS · mercado=linear · estado=ACECHANDO · dir=— · 0=143.16 · Oz=— · Red=142.62584232 · manos=ON · pos=flat · latido=1.50s
[RANGO] ZHIPUUSDT_LINEAL last=146.92 · río=WS · mercado=linear · estado=ACECHANDO · dir=— · 0=143.16 · Oz=— · Red=142.62584232 · manos=ON · pos=flat · latido=1.50s
[RANGO] autosello ZHIPU · ACECHANDO · Oz=0.0 link=— · manos_feria_informe.json
[RANGO] ZHIPUUSDT_LINEAL last=146.88 · río=WS · mercado=linear · estado=ACECHANDO · dir=— · 0=143.16 · Oz=— · Red=142.62584232 · manos=ON · pos=flat · latido=1.50s
[RANGO] autosello ZHIPU · ACECHANDO · Oz=0.0 link=— · manos_feria_informe.json
[RANGO] ZHIPUUSDT_LINEAL last=147.01 · río=ciego/muleta · mercado=linear · estado=ACECHANDO · dir=— · 0=143.16 · Oz=— · Red=142.62584232 · manos=ON · pos=flat · latido=1.50s
[RANGO] ZHIPUUSDT_LINEAL last=146.89 · río=WS · mercado=linear · estado=ACECHANDO · dir=— · 0=143.16 · Oz=— · Red=142.62584232 · manos=ON · pos=flat · latido=1.50s
[RANGO] autosello ZHIPU · ACECHANDO · Oz=0.0 link=— · manos_feria_informe.json
[RANGO] ZHIPUUSDT_LINEAL last=147.01 · río=ciego/muleta · mercado=linear · estado=ACECHANDO · dir=— · 0=143.16 · Oz=— · Red=142.62584232 · manos=ON · pos=flat · latido=1.50s
[RANGO] autosello ZHIPU · ACECHANDO · Oz=0.0 link=— · manos_feria_informe.json
[RANGO] ZHIPUUSDT_LINEAL last=147.06 · río=WS · mercado=linear · estado=ACECHANDO · dir=— · 0=143.16 · Oz=— · Red=142.62584232 · manos=ON · pos=flat · latido=1.50s
[RANGO] ZHIPUUSDT_LINEAL last=146.98 · río=WS · mercado=linear · estado=ACECHANDO · dir=— · 0=143.16 · Oz=— · Red=142.62584232 · manos=ON · pos=flat · latido=1.50s
[RANGO] autosello ZHIPU · ACECHANDO · Oz=0.0 link=— · manos_feria_informe.json
[RANGO] ZHIPUUSDT_LINEAL last=147.01 · río=ciego/muleta · mercado=linear · estado=ACECHANDO · dir=— · 0=143.16 · Oz=— · Red=142.62584232 · manos=ON · pos=flat · latido=1.50s
[RANGO] autosello ZHIPU · ACECHANDO · Oz=0.0 link=— · manos_feria_informe.json
[RANGO] ZHIPUUSDT_LINEAL last=147.01 · río=ciego/muleta · mercado=linear · estado=ACECHANDO · dir=— · 0=143.16 · Oz=— · Red=142.62584232 · manos=ON · pos=flat · latido=1.50s
[RANGO] autosello ZHIPU · ACECHANDO · Oz=0.0 link=— · manos_feria_informe.json
[RANGO] ZHIPUUSDT_LINEAL last=146.84 · río=WS · mercado=linear · estado=ACECHANDO · dir=— · 0=143.16 · Oz=— · Red=142.62584232 · manos=ON · pos=flat · latido=1.50s
[RANGO] ZHIPUUSDT_LINEAL last=147.01 · río=ciego/muleta · mercado=linear · estado=ACECHANDO · dir=— · 0=143.16 · Oz=— · Red=142.62584232 · manos=ON · pos=flat · latido=1.50s
[RANGO] autosello ZHIPU · ACECHANDO · Oz=0.0 link=— · manos_feria_informe.json
[RANGO] ZHIPUUSDT_LINEAL last=146.84 · río=WS · mercado=linear · estado=ACECHANDO · dir=— · 0=143.16 · Oz=— · Red=142.62584232 · manos=ON · pos=flat · latido=1.50s
[RANGO] autosello ZHIPU · ACECHANDO · Oz=0.0 link=— · manos_feria_informe.json
[RANGO] ZHIPUUSDT_LINEAL last=146.97 · río=WS · mercado=linear · estado=ACECHANDO · dir=— · 0=143.16 · Oz=— · Red=142.62584232 · manos=ON · pos=flat · latido=1.50s
[RANGO] ZHIPUUSDT_LINEAL last=147.01 · río=ciego/muleta · mercado=linear · estado=ACECHANDO · dir=— · 0=143.16 · Oz=— · Red=142.62584232 · manos=ON · pos=flat · latido=1.50s
[RANGO] autosello ZHIPU · ACECHANDO · Oz=0.0 link=— · manos_feria_informe.json
[RANGO] ZHIPUUSDT_LINEAL last=146.89 · río=WS · mercado=linear · estado=ACECHANDO · dir=— · 0=143.16 · Oz=— · Red=142.62584232 · manos=ON · pos=flat · latido=1.50s
[RANGO] autosello ZHIPU · ACECHANDO · Oz=0.0 link=— · manos_feria_informe.json
[RANGO] ZHIPUUSDT_LINEAL last=146.96 · río=WS · mercado=linear · estado=ACECHANDO · dir=— · 0=143.16 · Oz=— · Red=142.62584232 · manos=ON · pos=flat · latido=1.50s
[RANGO] ZHIPUUSDT_LINEAL last=146.96 · río=ciego/muleta · mercado=linear · estado=ACECHANDO · dir=— · 0=143.16 · Oz=— · Red=142.62584232 · manos=ON · pos=flat · latido=1.50s
[RANGO] autosello ZHIPU · ACECHANDO · Oz=0.0 link=— · manos_feria_informe.json
[RANGO] ZHIPUUSDT_LINEAL last=146.96 · río=ciego/muleta · mercado=linear · estado=ACECHANDO · dir=— · 0=143.16 · Oz=— · Red=142.62584232 · manos=ON · pos=flat · latido=1.50s
[RANGO] autosello ZHIPU · ACECHANDO · Oz=0.0 link=— · manos_feria_informe.json
[RANGO] ZHIPUUSDT_LINEAL last=146.96 · río=ciego/muleta · mercado=linear · estado=ACECHANDO · dir=— · 0=143.16 · Oz=— · Red=142.62584232 · manos=ON · pos=flat · latido=1.50s
[RANGO] ZHIPUUSDT_LINEAL last=146.96 · río=ciego/muleta · mercado=linear · estado=ACECHANDO · dir=— · 0=143.16 · Oz=— · Red=142.62584232 · manos=ON · pos=flat · latido=1.50s
[RANGO] autosello ZHIPU · ACECHANDO · Oz=0.0 link=— · manos_feria_informe.json
[RANGO] ZHIPUUSDT_LINEAL last=146.96 · río=ciego/muleta · mercado=linear · estado=ACECHANDO · dir=— · 0=143.16 · Oz=— · Red=142.62584232 · manos=ON · pos=flat · latido=1.50s
[RANGO] autosello ZHIPU · ACECHANDO · Oz=0.0 link=— · manos_feria_informe.json
[RANGO] ZHIPUUSDT_LINEAL last=146.96 · río=ciego/muleta · mercado=linear · estado=ACECHANDO · dir=— · 0=143.16 · Oz=— · Red=142.62584232 · manos=ON · pos=flat · latido=1.50s
[RANGO] autosello ZHIPU · ACECHANDO · Oz=0.0 link=— · manos_feria_informe.json
[RANGO] ZHIPUUSDT_LINEAL last=146.96 · río=ciego/muleta · mercado=linear · estado=ACECHANDO · dir=— · 0=143.16 · Oz=— · Red=142.62584232 · manos=ON · pos=flat · latido=1.50s
[RANGO] ZHIPUUSDT_LINEAL last=146.95 · río=WS · mercado=linear · estado=ACECHANDO · dir=— · 0=143.16 · Oz=— · Red=142.62584232 · manos=ON · pos=flat · latido=1.50s
[RANGO] autosello ZHIPU · ACECHANDO · Oz=0.0 link=— · manos_feria_informe.json
[RANGO] ZHIPUUSDT_LINEAL last=146.8 · río=WS · mercado=linear · estado=ACECHANDO · dir=— · 0=143.16 · Oz=— · Red=142.62584232 · manos=ON · pos=flat · latido=1.50s
[RANGO] autosello ZHIPU · ACECHANDO · Oz=0.0 link=— · manos_feria_informe.json
[RANGO] ZHIPUUSDT_LINEAL last=146.91 · río=WS · mercado=linear · estado=ACECHANDO · dir=— · 0=143.16 · Oz=— · Red=142.62584232 · manos=ON · pos=flat · latido=1.50s
[RANGO] ZHIPUUSDT_LINEAL last=146.78 · río=WS · mercado=linear · estado=ACECHANDO · dir=— · 0=143.16 · Oz=— · Red=142.62584232 · manos=ON · pos=flat · latido=1.50s
[RANGO] autosello ZHIPU · ACECHANDO · Oz=0.0 link=— · manos_feria_informe.json
[RANGO] ZHIPUUSDT_LINEAL last=146.94 · río=WS · mercado=linear · estado=ACECHANDO · dir=— · 0=143.16 · Oz=— · Red=142.62584232 · manos=ON · pos=flat · latido=1.50s
[RANGO] autosello ZHIPU · ACECHANDO · Oz=0.0 link=— · manos_feria_informe.json
[RANGO] ZHIPUUSDT_LINEAL last=146.8 · río=WS · mercado=linear · estado=ACECHANDO · dir=— · 0=143.16 · Oz=— · Red=142.62584232 · manos=ON · pos=flat · latido=1.50s
[RANGO] ZHIPUUSDT_LINEAL last=146.75 · río=WS · mercado=linear · estado=ACECHANDO · dir=— · 0=143.16 · Oz=— · Red=142.62584232 · manos=ON · pos=flat · latido=1.50s
[RANGO] autosello ZHIPU · ACECHANDO · Oz=0.0 link=— · manos_feria_informe.json
[RANGO] ZHIPUUSDT_LINEAL last=147.01 · río=ciego/muleta · mercado=linear · estado=ACECHANDO · dir=— · 0=143.16 · Oz=— · Red=142.62584232 · manos=ON · pos=flat · latido=1.50s
[RANGO] autosello ZHIPU · ACECHANDO · Oz=0.0 link=— · manos_feria_informe.json
[RANGO] ZHIPUUSDT_LINEAL last=146.73 · río=WS · mercado=linear · estado=ACECHANDO · dir=— · 0=143.16 · Oz=— · Red=142.62584232 · manos=ON · pos=flat · latido=1.50s
[RANGO] ZHIPUUSDT_LINEAL last=146.78 · río=WS · mercado=linear · estado=ACECHANDO · dir=— · 0=143.16 · Oz=— · Red=142.62584232 · manos=ON · pos=flat · latido=1.50s
[RANGO] autosello ZHIPU · ACECHANDO · Oz=0.0 link=— · manos_feria_informe.json
[RANGO] ZHIPUUSDT_LINEAL last=146.73 · río=ciego/muleta · mercado=linear · estado=ACECHANDO · dir=— · 0=143.16 · Oz=— · Red=142.62584232 · manos=ON · pos=flat · latido=1.50s
[RANGO] autosello ZHIPU · ACECHANDO · Oz=0.0 link=— · manos_feria_informe.json
[RANGO] ZHIPUUSDT_LINEAL last=146.76 · río=WS · mercado=linear · estado=ACECHANDO · dir=— · 0=143.16 · Oz=— · Red=142.62584232 · manos=ON · pos=flat · latido=1.50s
[RANGO] ZHIPUUSDT_LINEAL last=146.73 · río=ciego/muleta · mercado=linear · estado=ACECHANDO · dir=— · 0=143.16 · Oz=— · Red=142.62584232 · manos=ON · pos=flat · latido=1.50s
[RANGO] autosello ZHIPU · ACECHANDO · Oz=0.0 link=— · manos_feria_informe.json
[RANGO] ZHIPUUSDT_LINEAL last=146.73 · río=ciego/muleta · mercado=linear · estado=ACECHANDO · dir=— · 0=143.16 · Oz=— · Red=142.62584232 · manos=ON · pos=flat · latido=1.50s
[RANGO] autosello ZHIPU · ACECHANDO · Oz=0.0 link=— · manos_feria_informe.json
[RANGO] ZHIPUUSDT_LINEAL last=146.74 · río=WS · mercado=linear · estado=ACECHANDO · dir=— · 0=143.16 · Oz=— · Red=142.62584232 · manos=ON · pos=flat · latido=1.50s
[RANGO] ZHIPUUSDT_LINEAL last=146.71 · río=WS · mercado=linear · estado=ACECHANDO · dir=— · 0=143.16 · Oz=— · Red=142.62584232 · manos=ON · pos=flat · latido=1.50s
[RANGO] autosello ZHIPU · ACECHANDO · Oz=0.0 link=— · manos_feria_informe.json
[RANGO] ZHIPUUSDT_LINEAL last=146.75 · río=WS · mercado=linear · estado=ACECHANDO · dir=— · 0=143.16 · Oz=— · Red=142.62584232 · manos=ON · pos=flat · latido=1.50s
[RANGO] autosello ZHIPU · ACECHANDO · Oz=0.0 link=— · manos_feria_informe.json
[RANGO] ZHIPUUSDT_LINEAL last=146.74 · río=ciego/muleta · mercado=linear · estado=ACECHANDO · dir=— · 0=143.16 · Oz=— · Red=142.62584232 · manos=ON · pos=flat · latido=1.50s
[RANGO] ZHIPUUSDT_LINEAL last=146.75 · río=WS · mercado=linear · estado=ACECHANDO · dir=— · 0=143.16 · Oz=— · Red=142.62584232 · manos=ON · pos=flat · latido=1.50s
[RANGO] autosello ZHIPU · ACECHANDO · Oz=0.0 link=— · manos_feria_informe.json
[RANGO] ZHIPUUSDT_LINEAL last=146.74 · río=ciego/muleta · mercado=linear · estado=ACECHANDO · dir=— · 0=143.16 · Oz=— · Red=142.62584232 · manos=ON · pos=flat · latido=1.50s
[RANGO] autosello ZHIPU · ACECHANDO · Oz=0.0 link=— · manos_feria_informe.json
[RANGO] ZHIPUUSDT_LINEAL last=146.74 · río=ciego/muleta · mercado=linear · estado=ACECHANDO · dir=— · 0=143.16 · Oz=— · Red=142.62584232 · manos=ON · pos=flat · latido=1.50s
[RANGO] autosello ZHIPU · ACECHANDO · Oz=0.0 link=— · manos_feria_informe.json
[RANGO] ZHIPUUSDT_LINEAL last=146.74 · río=ciego/muleta · mercado=linear · estado=ACECHANDO · dir=— · 0=143.16 · Oz=— · Red=142.62584232 · manos=ON · pos=flat · latido=1.50s
[RANGO] ZHIPUUSDT_LINEAL last=146.74 · río=ciego/muleta · mercado=linear · estado=ACECHANDO · dir=— · 0=143.16 · Oz=— · Red=142.62584232 · manos=ON · pos=flat · latido=1.50s
[RANGO] autosello ZHIPU · ACECHANDO · Oz=0.0 link=— · manos_feria_informe.json
[RANGO] ZHIPUUSDT_LINEAL last=146.74 · río=ciego/muleta · mercado=linear · estado=ACECHANDO · dir=— · 0=143.16 · Oz=— · Red=142.62584232 · manos=ON · pos=flat · latido=1.50s
[RANGO] autosello ZHIPU · ACECHANDO · Oz=0.0 link=— · manos_feria_informe.json
[RANGO] ZHIPUUSDT_LINEAL last=146.74 · río=ciego/muleta · mercado=linear · estado=ACECHANDO · dir=— · 0=143.16 · Oz=— · Red=142.62584232 · manos=ON · pos=flat · latido=1.50s
[RANGO] ZHIPUUSDT_LINEAL last=146.77 · río=WS · mercado=linear · estado=ACECHANDO · dir=— · 0=143.16 · Oz=— · Red=142.62584232 · manos=ON · pos=flat · latido=1.50s
[2026-08-31 15:04:05] [TUSK] RECONCILIACIÓN: ZKPUSDT_LINEAL: interno L:0.000000/S:0.000000 -> real L:1716.000000/S:0.000000
[2026-08-31 15:04:05] [TUSK] RECONCILIACIÓN_FANTASMA: BIOUSDT_LINEAL existe interno pero no en exchange -> reseteando
[2026-08-31 15:04:05] [TUSK] RECONCILIACIÓN_OK: 2 frentes alineados con exchange
[RANGO] autosello ZHIPU · ACECHANDO · Oz=0.0 link=— · manos_feria_informe.json
[RANGO] ZHIPUUSDT_LINEAL last=146.74 · río=ciego/muleta · mercado=linear · estado=ACECHANDO · dir=— · 0=143.16 · Oz=— · Red=142.62584232 · manos=ON · pos=flat · latido=1.50s
[RANGO] autosello ZHIPU · ACECHANDO · Oz=0.0 link=— · manos_feria_informe.json
[RANGO] ZHIPUUSDT_LINEAL last=146.74 · río=ciego/muleta · mercado=linear · estado=ACECHANDO · dir=— · 0=143.16 · Oz=— · Red=142.62584232 · manos=ON · pos=flat · latido=1.50s
[RANGO] ZHIPUUSDT_LINEAL last=146.74 · río=ciego/muleta · mercado=linear · estado=ACECHANDO · dir=— · 0=143.16 · Oz=— · Red=142.62584232 · manos=ON · pos=flat · latido=1.50s
[RANGO] autosello ZHIPU · ACECHANDO · Oz=0.0 link=— · manos_feria_informe.json
[RANGO] ZHIPUUSDT_LINEAL last=146.73 · río=WS · mercado=linear · estado=ACECHANDO · dir=— · 0=143.16 · Oz=— · Red=142.62584232 · manos=ON · pos=flat · latido=1.50s
[RANGO] autosello ZHIPU · ACECHANDO · Oz=0.0 link=— · manos_feria_informe.json
[RANGO] ZHIPUUSDT_LINEAL last=146.74 · río=ciego/muleta · mercado=linear · estado=ACECHANDO · dir=— · 0=143.16 · Oz=— · Red=142.62584232 · manos=ON · pos=flat · latido=1.50s
[RANGO] autosello ZHIPU · ACECHANDO · Oz=0.0 link=— · manos_feria_informe.json
[2026-08-31 15:05:06] [TUSK] RECONCILIACIÓN: BIOUSDT_LINEAL: interno L:0.000000/S:0.000000 -> real L:1016.000000/S:0.000000
[2026-08-31 15:05:06] [TUSK] RECONCILIACIÓN_FANTASMA: ACUUSDT_LINEAL existe interno pero no en exchange -> reseteando
[2026-08-31 15:05:06] [TUSK] RECONCILIACIÓN_OK: 2 frentes alineados con exchange
[RANGO] ZHIPUUSDT_LINEAL last=146.74 · río=ciego/muleta · mercado=linear · estado=ACECHANDO · dir=— · 0=143.16 · Oz=— · Red=142.62584232 · manos=ON · pos=flat · latido=1.50s
[RANGO] ZHIPUUSDT_LINEAL last=146.77 · río=WS · mercado=linear · estado=ACECHANDO · dir=— · 0=143.16 · Oz=— · Red=142.62584232 · manos=ON · pos=flat · latido=1.50s
[RANGO] autosello ZHIPU · ACECHANDO · Oz=0.0 link=— · manos_feria_informe.json
[RANGO] ZHIPUUSDT_LINEAL last=146.74 · río=ciego/muleta · mercado=linear · estado=ACECHANDO · dir=— · 0=143.16 · Oz=— · Red=142.62584232 · manos=ON · pos=flat · latido=1.50s
[RANGO] autosello ZHIPU · ACECHANDO · Oz=0.0 link=— · manos_feria_informe.json
[RANGO] ZHIPUUSDT_LINEAL last=146.74 · río=ciego/muleta · mercado=linear · estado=ACECHANDO · dir=— · 0=143.16 · Oz=— · Red=142.62584232 · manos=ON · pos=flat · latido=1.50s
[RANGO] ZHIPUUSDT_LINEAL last=146.74 · río=ciego/muleta · mercado=linear · estado=ACECHANDO · dir=— · 0=143.16 · Oz=— · Red=142.62584232 · manos=ON · pos=flat · latido=1.50s
[RANGO] autosello ZHIPU · ACECHANDO · Oz=0.0 link=— · manos_feria_informe.json
[RANGO] ZHIPUUSDT_LINEAL last=146.74 · río=ciego/muleta · mercado=linear · estado=ACECHANDO · dir=— · 0=143.16 · Oz=— · Red=142.62584232 · manos=ON · pos=flat · latido=1.50s
[RANGO] autosello ZHIPU · ACECHANDO · Oz=0.0 link=— · manos_feria_informe.json
[RANGO] ZHIPUUSDT_LINEAL last=146.74 · río=ciego/muleta · mercado=linear · estado=ACECHANDO · dir=— · 0=143.16 · Oz=— · Red=142.62584232 · manos=ON · pos=flat · latido=1.50s
[RANGO] autosello ZHIPU · ACECHANDO · Oz=0.0 link=— · manos_feria_informe.json
[RANGO] ZHIPUUSDT_LINEAL last=146.9 · río=WS · mercado=linear · estado=ACECHANDO · dir=— · 0=143.16 · Oz=— · Red=142.62584232 · manos=ON · pos=flat · latido=1.50s
[RANGO] ZHIPUUSDT_LINEAL last=146.74 · río=ciego/muleta · mercado=linear · estado=ACECHANDO · dir=— · 0=143.16 · Oz=— · Red=142.62584232 · manos=ON · pos=flat · latido=1.50s
[RANGO] autosello ZHIPU · ACECHANDO · Oz=0.0 link=— · manos_feria_informe.json
[RANGO] ZHIPUUSDT_LINEAL last=146.74 · río=WS · mercado=linear · estado=ACECHANDO · dir=— · 0=143.16 · Oz=— · Red=142.62584232 · manos=ON · pos=flat · latido=1.50s
[RANGO] autosello ZHIPU · ACECHANDO · Oz=0.0 link=— · manos_feria_informe.json
[RANGO] ZHIPUUSDT_LINEAL last=146.74 · río=ciego/muleta · mercado=linear · estado=ACECHANDO · dir=— · 0=143.16 · Oz=— · Red=142.62584232 · manos=ON · pos=flat · latido=1.50s
[RANGO] ZHIPUUSDT_LINEAL last=146.74 · río=ciego/muleta · mercado=linear · estado=ACECHANDO · dir=— · 0=143.16 · Oz=— · Red=142.62584232 · manos=ON · pos=flat · latido=1.50s
[RANGO] autosello ZHIPU · ACECHANDO · Oz=0.0 link=— · manos_feria_informe.json
[2026-08-31 15:07:09] [TUSK] RECONCILIACIÓN: OUSDT_LINEAL: interno L:0.000000/S:54.000000 -> real L:0.000000/S:65.000000
[2026-08-31 15:07:09] [TUSK] RECONCILIACIÓN: AEROUSDT_LINEAL: interno L:0.000000/S:0.000000 -> real L:70.000000/S:0.000000
[2026-08-31 15:07:09] [TUSK] RECONCILIACIÓN_FANTASMA: AIGENSYNUSDT_LINEAL existe interno pero no en exchange -> reseteando
[2026-08-31 15:07:09] [TUSK] RECONCILIACIÓN_OK: 3 frentes alineados con exchange
[RANGO] ZHIPUUSDT_LINEAL last=146.74 · río=ciego/muleta · mercado=linear · estado=ACECHANDO · dir=— · 0=143.16 · Oz=— · Red=142.62584232 · manos=ON · pos=flat · latido=1.50s
[RANGO] autosello ZHIPU · ACECHANDO · Oz=0.0 link=— · manos_feria_informe.json
[RANGO] ZHIPUUSDT_LINEAL last=146.74 · río=ciego/muleta · mercado=linear · estado=ACECHANDO · dir=— · 0=143.16 · Oz=— · Red=142.62584232 · manos=ON · pos=flat · latido=1.50s
