
════════════════════════════════════════════════════════
    ARISE BERU RANGO — MANOS ON
    Santo: BANKUSDT_LINEAL · mercado=linear · perfil=feria · Vacío ±2.2% · masa $5.0 · Red $5.0
    FASE: HIERRO | SIM=False | TESTNET=False
════════════════════════════════════════════════════════
[2026-08-31 07:49:22] [BRIDGE] LEVERAGE_ERROR: BANKUSD 25x: params error: symbol invalid BANKUSD (ErrCode: 10001) (ErrTime: 13:49:22).
Request → POST https://api.bybit.com/v5/position/set-leverage: {"category": "inverse", "symbol": "BANKUSD", "buyLeverage": "25", "sellLeverage": "25"}.
[BELLION OIDO · CRITICO] BRIDGE LEVERAGE_ERROR
[2026-08-31 07:49:22] [BRIDGE] LEVERAGE_ERROR: BANKUSD 20x: params error: symbol invalid BANKUSD (ErrCode: 10001) (ErrTime: 13:49:22).
Request → POST https://api.bybit.com/v5/position/set-leverage: {"category": "inverse", "symbol": "BANKUSD", "buyLeverage": "20", "sellLeverage": "20"}.
[BELLION OIDO · CRITICO] BRIDGE LEVERAGE_ERROR
[2026-08-31 07:49:23] [BRIDGE] LEVERAGE_ERROR: BANKUSD 15x: params error: symbol invalid BANKUSD (ErrCode: 10001) (ErrTime: 13:49:23).
Request → POST https://api.bybit.com/v5/position/set-leverage: {"category": "inverse", "symbol": "BANKUSD", "buyLeverage": "15", "sellLeverage": "15"}.
[BELLION OIDO · CRITICO] BRIDGE LEVERAGE_ERROR
[2026-08-31 07:49:23] [BRIDGE] LEVERAGE_ERROR: BANKUSD 12x: params error: symbol invalid BANKUSD (ErrCode: 10001) (ErrTime: 13:49:23).
Request → POST https://api.bybit.com/v5/position/set-leverage: {"category": "inverse", "symbol": "BANKUSD", "buyLeverage": "12", "sellLeverage": "12"}.
[BELLION OIDO · CRITICO] BRIDGE LEVERAGE_ERROR
[2026-08-31 07:49:23] [BRIDGE] LEVERAGE_ERROR: BANKUSD 10x: params error: symbol invalid BANKUSD (ErrCode: 10001) (ErrTime: 13:49:23).
Request → POST https://api.bybit.com/v5/position/set-leverage: {"category": "inverse", "symbol": "BANKUSD", "buyLeverage": "10", "sellLeverage": "10"}.
[BELLION OIDO · CRITICO] BRIDGE LEVERAGE_ERROR
[2026-08-31 07:49:24] [BRIDGE] LEVERAGE_ERROR: BANKUSD 8x: params error: symbol invalid BANKUSD (ErrCode: 10001) (ErrTime: 13:49:24).
Request → POST https://api.bybit.com/v5/position/set-leverage: {"category": "inverse", "symbol": "BANKUSD", "buyLeverage": "8", "sellLeverage": "8"}.
[BELLION OIDO · CRITICO] BRIDGE LEVERAGE_ERROR
[2026-08-31 07:49:24] [BRIDGE] LEVERAGE_ERROR: BANKUSD 5x: params error: symbol invalid BANKUSD (ErrCode: 10001) (ErrTime: 13:49:24).
Request → POST https://api.bybit.com/v5/position/set-leverage: {"category": "inverse", "symbol": "BANKUSD", "buyLeverage": "5", "sellLeverage": "5"}.
[BELLION OIDO · CRITICO] BRIDGE LEVERAGE_ERROR
[2026-08-31 07:49:24] [BRIDGE] LEVERAGE_ERROR: BANKUSD 3x: params error: symbol invalid BANKUSD (ErrCode: 10001) (ErrTime: 13:49:24).
Request → POST https://api.bybit.com/v5/position/set-leverage: {"category": "inverse", "symbol": "BANKUSD", "buyLeverage": "3", "sellLeverage": "3"}.
[BELLION OIDO · CRITICO] BRIDGE LEVERAGE_ERROR
[2026-08-31 07:49:24] [BRIDGE] LEVERAGE_ERROR: BANKUSD 2x: params error: symbol invalid BANKUSD (ErrCode: 10001) (ErrTime: 13:49:24).
Request → POST https://api.bybit.com/v5/position/set-leverage: {"category": "inverse", "symbol": "BANKUSD", "buyLeverage": "2", "sellLeverage": "2"}.
[BELLION OIDO · CRITICO] BRIDGE LEVERAGE_ERROR
[2026-08-31 07:49:25] [BRIDGE] LEVERAGE_ERROR: BANKUSD 1x: params error: symbol invalid BANKUSD (ErrCode: 10001) (ErrTime: 13:49:25).
Request → POST https://api.bybit.com/v5/position/set-leverage: {"category": "inverse", "symbol": "BANKUSD", "buyLeverage": "1", "sellLeverage": "1"}.
[BELLION OIDO · CRITICO] BRIDGE LEVERAGE_ERROR
[2026-08-31 07:49:25] [BRIDGE] LEVERAGE_ERROR: BANKUSD 23x: params error: symbol invalid BANKUSD (ErrCode: 10001) (ErrTime: 13:49:25).
Request → POST https://api.bybit.com/v5/position/set-leverage: {"category": "inverse", "symbol": "BANKUSD", "buyLeverage": "23", "sellLeverage": "23"}.
[BELLION OIDO · CRITICO] BRIDGE LEVERAGE_ERROR
[2026-08-31 07:49:25] [BRIDGE] LEVERAGE_ERROR: BANKUSD 21x: params error: symbol invalid BANKUSD (ErrCode: 10001) (ErrTime: 13:49:25).
Request → POST https://api.bybit.com/v5/position/set-leverage: {"category": "inverse", "symbol": "BANKUSD", "buyLeverage": "21", "sellLeverage": "21"}.
[BELLION OIDO · CRITICO] BRIDGE LEVERAGE_ERROR
[2026-08-31 07:49:26] [BRIDGE] LEVERAGE_ERROR: BANKUSD 19x: params error: symbol invalid BANKUSD (ErrCode: 10001) (ErrTime: 13:49:26).
Request → POST https://api.bybit.com/v5/position/set-leverage: {"category": "inverse", "symbol": "BANKUSD", "buyLeverage": "19", "sellLeverage": "19"}.
[BELLION OIDO · CRITICO] BRIDGE LEVERAGE_ERROR
[2026-08-31 07:49:26] [BRIDGE] LEVERAGE_ERROR: BANKUSD 17x: params error: symbol invalid BANKUSD (ErrCode: 10001) (ErrTime: 13:49:26).
Request → POST https://api.bybit.com/v5/position/set-leverage: {"category": "inverse", "symbol": "BANKUSD", "buyLeverage": "17", "sellLeverage": "17"}.
[BELLION OIDO · CRITICO] BRIDGE LEVERAGE_ERROR
[2026-08-31 07:49:26] [BRIDGE] LEVERAGE_ERROR: BANKUSD 13x: params error: symbol invalid BANKUSD (ErrCode: 10001) (ErrTime: 13:49:26).
Request → POST https://api.bybit.com/v5/position/set-leverage: {"category": "inverse", "symbol": "BANKUSD", "buyLeverage": "13", "sellLeverage": "13"}.
[BELLION OIDO · CRITICO] BRIDGE LEVERAGE_ERROR
[2026-08-31 07:49:26] [BRIDGE] LEVERAGE_ERROR: BANKUSD 11x: params error: symbol invalid BANKUSD (ErrCode: 10001) (ErrTime: 13:49:26).
Request → POST https://api.bybit.com/v5/position/set-leverage: {"category": "inverse", "symbol": "BANKUSD", "buyLeverage": "11", "sellLeverage": "11"}.
[BELLION OIDO · CRITICO] BRIDGE LEVERAGE_ERROR
[2026-08-31 07:49:27] [BRIDGE] LEVERAGE_ERROR: BANKUSD 9x: params error: symbol invalid BANKUSD (ErrCode: 10001) (ErrTime: 13:49:27).
Request → POST https://api.bybit.com/v5/position/set-leverage: {"category": "inverse", "symbol": "BANKUSD", "buyLeverage": "9", "sellLeverage": "9"}.
[BELLION OIDO · CRITICO] BRIDGE LEVERAGE_ERROR
[2026-08-31 07:49:27] [BRIDGE] LEVERAGE_ERROR: BANKUSD 7x: params error: symbol invalid BANKUSD (ErrCode: 10001) (ErrTime: 13:49:27).
Request → POST https://api.bybit.com/v5/position/set-leverage: {"category": "inverse", "symbol": "BANKUSD", "buyLeverage": "7", "sellLeverage": "7"}.
[BELLION OIDO · CRITICO] BRIDGE LEVERAGE_ERROR
[2026-08-31 07:49:27] [BRIDGE] LEVERAGE_ERROR: BANKUSD 24x: params error: symbol invalid BANKUSD (ErrCode: 10001) (ErrTime: 13:49:27).
Request → POST https://api.bybit.com/v5/position/set-leverage: {"category": "inverse", "symbol": "BANKUSD", "buyLeverage": "24", "sellLeverage": "24"}.
[BELLION OIDO · CRITICO] BRIDGE LEVERAGE_ERROR
[2026-08-31 07:49:28] [BRIDGE] LEVERAGE_ERROR: BANKUSD 22x: params error: symbol invalid BANKUSD (ErrCode: 10001) (ErrTime: 13:49:28).
Request → POST https://api.bybit.com/v5/position/set-leverage: {"category": "inverse", "symbol": "BANKUSD", "buyLeverage": "22", "sellLeverage": "22"}.
[BELLION OIDO · CRITICO] BRIDGE LEVERAGE_ERROR
[2026-08-31 07:49:28] [BRIDGE] LEVERAGE_ERROR: BANKUSD 18x: params error: symbol invalid BANKUSD (ErrCode: 10001) (ErrTime: 13:49:28).
Request → POST https://api.bybit.com/v5/position/set-leverage: {"category": "inverse", "symbol": "BANKUSD", "buyLeverage": "18", "sellLeverage": "18"}.
[BELLION OIDO · CRITICO] BRIDGE LEVERAGE_ERROR
[2026-08-31 07:49:28] [BRIDGE] LEVERAGE_ERROR: BANKUSD 16x: params error: symbol invalid BANKUSD (ErrCode: 10001) (ErrTime: 13:49:28).
Request → POST https://api.bybit.com/v5/position/set-leverage: {"category": "inverse", "symbol": "BANKUSD", "buyLeverage": "16", "sellLeverage": "16"}.
[BELLION OIDO · CRITICO] BRIDGE LEVERAGE_ERROR
[2026-08-31 07:49:28] [BRIDGE] LEVERAGE_ERROR: BANKUSD 14x: params error: symbol invalid BANKUSD (ErrCode: 10001) (ErrTime: 13:49:28).
Request → POST https://api.bybit.com/v5/position/set-leverage: {"category": "inverse", "symbol": "BANKUSD", "buyLeverage": "14", "sellLeverage": "14"}.
[BELLION OIDO · CRITICO] BRIDGE LEVERAGE_ERROR
[2026-08-31 07:49:29] [BRIDGE] LEVERAGE_ERROR: BANKUSD 6x: params error: symbol invalid BANKUSD (ErrCode: 10001) (ErrTime: 13:49:29).
Request → POST https://api.bybit.com/v5/position/set-leverage: {"category": "inverse", "symbol": "BANKUSD", "buyLeverage": "6", "sellLeverage": "6"}.
[BELLION OIDO · CRITICO] BRIDGE LEVERAGE_ERROR
[2026-08-31 07:49:29] [BRIDGE] LEVERAGE_ERROR: BANKUSD 4x: params error: symbol invalid BANKUSD (ErrCode: 10001) (ErrTime: 13:49:29).
Request → POST https://api.bybit.com/v5/position/set-leverage: {"category": "inverse", "symbol": "BANKUSD", "buyLeverage": "4", "sellLeverage": "4"}.
[BELLION OIDO · CRITICO] BRIDGE LEVERAGE_ERROR
[2026-08-31 07:49:29] [IGRIS] LEVERAGE_MAX_AVISO: BANK · BANKUSD (inverse): pedido 25x · Bybit NO dejó · params error: symbol invalid BANKUSD (ErrCode: 10001) (ErrTime: 13:49:29).
Request → POST https://api.bybit.com/v5/position/set-leverage: {"category": "inverse", "symbol": "BANKUSD", "buyLeverage": "4", "sellLeverage": "4"}.
[BELLION OIDO · CRITICO] IGRIS LEVERAGE_MAX_AVISO
[2026-08-31 07:49:29] [BRIDGE] LEVERAGE_ERROR: BANKUSDT 25x: cannot set leverage [2500] gt maxLeverage [2000] by risk limit (ErrCode: 110013) (ErrTime: 13:49:29).
Request → POST https://api.bybit.com/v5/position/set-leverage: {"category": "linear", "symbol": "BANKUSDT", "buyLeverage": "25", "sellLeverage": "25"}.
[BELLION OIDO · CRITICO] BRIDGE LEVERAGE_ERROR
[2026-08-31 07:49:30] [IGRIS] LEVERAGE_MAX_AVISO: BANK · BANKUSDT (linear): pedido 25x · aplicado 20x (máximo que Bybit aceptó ahora)
[RANGO] apalanc BANK AVISO: [{'ok': False, 'activo': 'BANK', 'symbol': 'BANKUSD', 'category': 'inverse', 'pedido': 25, 'aplicado': None, 'motivo': 'params error: symbol invalid BANKUSD (ErrCode: 10001) (ErrTime: 13:49:29).\nRequest → POST https://api.bybit.com/v5/position/set-leverage: {"category": "inverse", "symbol": "BANKUSD", "buyLeverage": "4", "sellLeverage": "4"}.'}, {'ok': True, 'activo': 'BANK', 'symbol': 'BANKUSDT', 'category': 'linear', 'pedido': 25, 'aplicado': 20, 'motivo': 'OK'}]
[2026-08-31 07:49:32] [TUSK] RECONCILIACIÓN: BIOUSDT_LINEAL: interno L:0.000000/S:0.000000 -> real L:1016.000000/S:0.000000
[2026-08-31 07:49:32] [TUSK] RECONCILIACIÓN: PLTRUSDT_LINEAL: interno L:0.000000/S:0.000000 -> real L:0.030000/S:0.000000
[2026-08-31 07:49:32] [TUSK] RECONCILIACIÓN: TSLLUSDT_LINEAL: interno L:0.000000/S:0.000000 -> real L:1.150000/S:0.000000
[2026-08-31 07:49:32] [TUSK] RECONCILIACIÓN: POWERUSDT_LINEAL: interno L:0.000000/S:0.000000 -> real L:67.000000/S:0.000000
[2026-08-31 07:49:32] [TUSK] RECONCILIACIÓN: SNXXUSDT_LINEAL: interno L:0.000000/S:0.000000 -> real L:6.450000/S:0.000000
[2026-08-31 07:49:32] [TUSK] RECONCILIACIÓN: KSMUSDT_LINEAL: interno L:0.000000/S:0.000000 -> real L:13.470000/S:0.000000
[2026-08-31 07:49:32] [TUSK] RECONCILIACIÓN: MRVLUSDT_LINEAL: interno L:0.000000/S:0.000000 -> real L:1.050000/S:0.000000
[2026-08-31 07:49:32] [TUSK] RECONCILIACIÓN: CRCLUSDT_LINEAL: interno L:0.000000/S:0.000000 -> real L:0.410000/S:0.000000
[2026-08-31 07:49:32] [TUSK] RECONCILIACIÓN: MVLLUSDT_LINEAL: interno L:0.000000/S:0.000000 -> real L:3.550000/S:0.000000
[2026-08-31 07:49:32] [TUSK] RECONCILIACIÓN: AEHRUSDT_LINEAL: interno L:0.000000/S:0.000000 -> real L:0.080000/S:0.000000
[2026-08-31 07:49:32] [TUSK] RECONCILIACIÓN: BSPUSDT_LINEAL: interno L:0.000000/S:0.000000 -> real L:0.410000/S:0.000000
[2026-08-31 07:49:32] [TUSK] RECONCILIACIÓN: CRDOUSDT_LINEAL: interno L:0.000000/S:0.000000 -> real L:0.110000/S:0.000000
[2026-08-31 07:49:32] [TUSK] RECONCILIACIÓN: WDCUSDT_LINEAL: interno L:0.000000/S:0.000000 -> real L:0.020000/S:0.000000
[2026-08-31 07:49:32] [TUSK] RECONCILIACIÓN: ZBCNUSDT_LINEAL: interno L:0.000000/S:0.000000 -> real L:9700.000000/S:0.000000
[2026-08-31 07:49:32] [TUSK] RECONCILIACIÓN: FLYUSDT_LINEAL: interno L:0.000000/S:0.000000 -> real L:0.090000/S:0.000000
[2026-08-31 07:49:32] [TUSK] RECONCILIACIÓN: INTWUSDT_LINEAL: interno L:0.000000/S:0.000000 -> real L:2.120000/S:0.000000
[2026-08-31 07:49:32] [TUSK] RECONCILIACIÓN: APRUSDT_LINEAL: interno L:0.000000/S:0.000000 -> real L:73.000000/S:0.000000
[2026-08-31 07:49:32] [TUSK] RECONCILIACIÓN: AXTIUSDT_LINEAL: interno L:0.000000/S:0.000000 -> real L:1.600000/S:0.000000
[2026-08-31 07:49:32] [TUSK] RECONCILIACIÓN: ALABUSDT_LINEAL: interno L:0.000000/S:0.000000 -> real L:0.030000/S:0.000000
[2026-08-31 07:49:32] [TUSK] RECONCILIACIÓN: B2USDT_LINEAL: interno L:0.000000/S:0.000000 -> real L:0.000000/S:4.000000
[2026-08-31 07:49:32] [TUSK] RECONCILIACIÓN: DOGEUSD_INVERSE: interno L:0.000000/S:0.000000 -> real L:219.000000/S:0.000000
[2026-08-31 07:49:32] [TUSK] RECONCILIACIÓN: ETHUSD_INVERSE: interno L:0.000000/S:0.000000 -> real L:190.000000/S:0.000000
[2026-08-31 07:49:32] [TUSK] RECONCILIACIÓN: HYPEUSD_INVERSE: interno L:0.000000/S:0.000000 -> real L:291.000000/S:0.000000
[2026-08-31 07:49:32] [TUSK] RECONCILIACIÓN: SOLUSD_INVERSE: interno L:0.000000/S:0.000000 -> real L:201.000000/S:0.000000
[2026-08-31 07:49:32] [TUSK] RECONCILIACIÓN: LTCUSD_INVERSE: interno L:0.000000/S:0.000000 -> real L:229.000000/S:0.000000
[2026-08-31 07:49:32] [TUSK] RECONCILIACIÓN: BTCUSD_INVERSE: interno L:0.000000/S:0.000000 -> real L:202.000000/S:0.000000
[2026-08-31 07:49:32] [TUSK] RECONCILIACIÓN: XRPUSD_INVERSE: interno L:0.000000/S:0.000000 -> real L:230.000000/S:0.000000
[2026-08-31 07:49:32] [TUSK] RECONCILIACIÓN: FILUSD_INVERSE: interno L:0.000000/S:0.000000 -> real L:198.000000/S:0.000000
[2026-08-31 07:49:32] [TUSK] RECONCILIACIÓN: MNTUSD_INVERSE: interno L:0.000000/S:0.000000 -> real L:69.000000/S:0.000000
[2026-08-31 07:49:32] [TUSK] RECONCILIACIÓN: AAVEUSD_INVERSE: interno L:0.000000/S:0.000000 -> real L:178.000000/S:0.000000
[2026-08-31 07:49:32] [TUSK] RECONCILIACIÓN: APTUSD_INVERSE: interno L:0.000000/S:0.000000 -> real L:210.000000/S:0.000000
[2026-08-31 07:49:32] [TUSK] RECONCILIACIÓN: AVAXUSD_INVERSE: interno L:0.000000/S:0.000000 -> real L:200.000000/S:0.000000
[2026-08-31 07:49:32] [TUSK] RECONCILIACIÓN: BCHUSD_INVERSE: interno L:0.000000/S:0.000000 -> real L:180.000000/S:0.000000
[2026-08-31 07:49:32] [TUSK] RECONCILIACIÓN: ETCUSD_INVERSE: interno L:0.000000/S:0.000000 -> real L:283.000000/S:0.000000
[2026-08-31 07:49:32] [TUSK] RECONCILIACIÓN: LINKUSD_INVERSE: interno L:0.000000/S:0.000000 -> real L:199.000000/S:0.000000
[2026-08-31 07:49:32] [TUSK] RECONCILIACIÓN: NEARUSD_INVERSE: interno L:0.000000/S:0.000000 -> real L:113.000000/S:0.000000
[2026-08-31 07:49:32] [TUSK] RECONCILIACIÓN: OPUSD_INVERSE: interno L:0.000000/S:0.000000 -> real L:225.000000/S:0.000000
[2026-08-31 07:49:32] [TUSK] RECONCILIACIÓN: SUIUSD_INVERSE: interno L:0.000000/S:0.000000 -> real L:208.000000/S:0.000000
[2026-08-31 07:49:32] [TUSK] RECONCILIACIÓN: XLMUSD_INVERSE: interno L:0.000000/S:0.000000 -> real L:206.000000/S:0.000000
[2026-08-31 07:49:32] [TUSK] RECONCILIACIÓN: DOTUSD_INVERSE: interno L:0.000000/S:0.000000 -> real L:200.000000/S:0.000000
[2026-08-31 07:49:32] [TUSK] RECONCILIACIÓN_OK: 40 frentes alineados con exchange
[RANGO] Checkpoint SEMILLA · forzado --desde-cero · edad=—s · pos=0
[2026-08-31 07:49:32] [BERU_RANGO] WAKE: RANGO_BANK_1320de6b 0=0.035470 Vacío ±2.2% → trailing Oz 0.2% · masa $5.00 · Red→$5.
[BERU_RANGO] WAKE RANGO_BANK_1320de6b 0=0.03547 precio=0.03547 masa_usd=5.0
[RANGO] Wake BANK 0=0.03547 · Red=— · sangre=— · estado=ACECHANDO · Oz=— · manos=True · bridge=ON · SEMILLA

[RANGO] Hilo vivo · Stop/amend/Market permitidos · Ctrl+C sella.

[TANK] Trinidad 22 activos | pentiverso ['LTC', 'BTC'] | beru ['ETHUSDT_SPOT'] | ref: ETH (HIERRO).
[2026-08-31 07:49:32] [BRIDGE] TRINIDAD: Sentidos[beru_rango]: catalog 803+40 lin | 0+0 inv | 0 spot · WS 1 shards · tickers=1 · books=OFF · trades=ON · bases=BANK
[RANGO] BANKUSDT_LINEAL last=0.03547 · río=WS · mercado=linear · estado=ACECHANDO · dir=— · 0=0.03547 · Oz=— · Red=— · manos=ON · pos=flat · latido=1.50s
[RANGO] autosello BANK · ACECHANDO · Oz=0.0 link=— · manos_feria_informe.json
[RANGO] BANKUSDT_LINEAL last=0.03544 · río=WS · mercado=linear · estado=ACECHANDO · dir=— · 0=0.03547 · Oz=— · Red=— · manos=ON · pos=flat · latido=1.50s
[RANGO] autosello BANK · ACECHANDO · Oz=0.0 link=— · manos_feria_informe.json
[RANGO] BANKUSDT_LINEAL last=0.03545 · río=WS · mercado=linear · estado=ACECHANDO · dir=— · 0=0.03547 · Oz=— · Red=— · manos=ON · pos=flat · latido=1.50s
[RANGO] BANKUSDT_LINEAL last=0.03544 · río=WS · mercado=linear · estado=ACECHANDO · dir=— · 0=0.03547 · Oz=— · Red=— · manos=ON · pos=flat · latido=1.50s
[RANGO] autosello BANK · ACECHANDO · Oz=0.0 link=— · manos_feria_informe.json
[RANGO] BANKUSDT_LINEAL last=0.03543 · río=WS · mercado=linear · estado=ACECHANDO · dir=— · 0=0.03547 · Oz=— · Red=— · manos=ON · pos=flat · latido=1.50s
[RANGO] autosello BANK · ACECHANDO · Oz=0.0 link=— · manos_feria_informe.json
[RANGO] BANKUSDT_LINEAL last=0.03545 · río=WS · mercado=linear · estado=ACECHANDO · dir=— · 0=0.03547 · Oz=— · Red=— · manos=ON · pos=flat · latido=1.50s
[RANGO] BANKUSDT_LINEAL last=0.03543 · río=WS · mercado=linear · estado=ACECHANDO · dir=— · 0=0.03547 · Oz=— · Red=— · manos=ON · pos=flat · latido=1.50s
[RANGO] autosello BANK · ACECHANDO · Oz=0.0 link=— · manos_feria_informe.json
[RANGO] BANKUSDT_LINEAL last=0.03544 · río=WS · mercado=linear · estado=ACECHANDO · dir=— · 0=0.03547 · Oz=— · Red=— · manos=ON · pos=flat · latido=1.50s
[RANGO] autosello BANK · ACECHANDO · Oz=0.0 link=— · manos_feria_informe.json
[RANGO] BANKUSDT_LINEAL last=0.03545 · río=WS · mercado=linear · estado=ACECHANDO · dir=— · 0=0.03547 · Oz=— · Red=— · manos=ON · pos=flat · latido=1.50s
[RANGO] BANKUSDT_LINEAL last=0.03542 · río=WS · mercado=linear · estado=ACECHANDO · dir=— · 0=0.03547 · Oz=— · Red=— · manos=ON · pos=flat · latido=1.50s
[RANGO] autosello BANK · ACECHANDO · Oz=0.0 link=— · manos_feria_informe.json
[RANGO] BANKUSDT_LINEAL last=0.03541 · río=WS · mercado=linear · estado=ACECHANDO · dir=— · 0=0.03547 · Oz=— · Red=— · manos=ON · pos=flat · latido=1.50s
[RANGO] autosello BANK · ACECHANDO · Oz=0.0 link=— · manos_feria_informe.json
[RANGO] BANKUSDT_LINEAL last=0.03542 · río=WS · mercado=linear · estado=ACECHANDO · dir=— · 0=0.03547 · Oz=— · Red=— · manos=ON · pos=flat · latido=1.50s
[RANGO] BANKUSDT_LINEAL last=0.03545 · río=WS · mercado=linear · estado=ACECHANDO · dir=— · 0=0.03547 · Oz=— · Red=— · manos=ON · pos=flat · latido=1.50s
[2026-08-31 07:51:37] [TUSK] RECONCILIACIÓN: LTCUSD_INVERSE: interno L:229.000000/S:0.000000 -> real L:234.000000/S:0.000000
[2026-08-31 07:51:37] [TUSK] RECONCILIACIÓN_OK: 1 frentes alineados con exchange
[RANGO] autosello BANK · ACECHANDO · Oz=0.0 link=— · manos_feria_informe.json
[RANGO] BANKUSDT_LINEAL last=0.03547 · río=WS · mercado=linear · estado=ACECHANDO · dir=— · 0=0.03547 · Oz=— · Red=— · manos=ON · pos=flat · latido=1.50s
[RANGO] autosello BANK · ACECHANDO · Oz=0.0 link=— · manos_feria_informe.json
[RANGO] BANKUSDT_LINEAL last=0.03546 · río=WS · mercado=linear · estado=ACECHANDO · dir=— · 0=0.03547 · Oz=— · Red=— · manos=ON · pos=flat · latido=1.50s
[RANGO] BANKUSDT_LINEAL last=0.03544 · río=WS · mercado=linear · estado=ACECHANDO · dir=— · 0=0.03547 · Oz=— · Red=— · manos=ON · pos=flat · latido=1.50s
[RANGO] autosello BANK · ACECHANDO · Oz=0.0 link=— · manos_feria_informe.json
[RANGO] BANKUSDT_LINEAL last=0.03544 · río=WS · mercado=linear · estado=ACECHANDO · dir=— · 0=0.03547 · Oz=— · Red=— · manos=ON · pos=flat · latido=1.50s
[RANGO] autosello BANK · ACECHANDO · Oz=0.0 link=— · manos_feria_informe.json
[RANGO] BANKUSDT_LINEAL last=0.03544 · río=WS · mercado=linear · estado=ACECHANDO · dir=— · 0=0.03547 · Oz=— · Red=— · manos=ON · pos=flat · latido=1.50s
[RANGO] BANKUSDT_LINEAL last=0.03542 · río=WS · mercado=linear · estado=ACECHANDO · dir=— · 0=0.03547 · Oz=— · Red=— · manos=ON · pos=flat · latido=1.50s
[RANGO] autosello BANK · ACECHANDO · Oz=0.0 link=— · manos_feria_informe.json
[RANGO] BANKUSDT_LINEAL last=0.0354 · río=WS · mercado=linear · estado=ACECHANDO · dir=— · 0=0.03547 · Oz=— · Red=— · manos=ON · pos=flat · latido=1.50s
[RANGO] autosello BANK · ACECHANDO · Oz=0.0 link=— · manos_feria_informe.json
[RANGO] BANKUSDT_LINEAL last=0.03541 · río=WS · mercado=linear · estado=ACECHANDO · dir=— · 0=0.03547 · Oz=— · Red=— · manos=ON · pos=flat · latido=1.50s
[RANGO] BANKUSDT_LINEAL last=0.03542 · río=WS · mercado=linear · estado=ACECHANDO · dir=— · 0=0.03547 · Oz=— · Red=— · manos=ON · pos=flat · latido=1.50s
[RANGO] autosello BANK · ACECHANDO · Oz=0.0 link=— · manos_feria_informe.json
[RANGO] BANKUSDT_LINEAL last=0.03542 · río=WS · mercado=linear · estado=ACECHANDO · dir=— · 0=0.03547 · Oz=— · Red=— · manos=ON · pos=flat · latido=1.50s
[RANGO] autosello BANK · ACECHANDO · Oz=0.0 link=— · manos_feria_informe.json
[RANGO] BANKUSDT_LINEAL last=0.0354 · río=WS · mercado=linear · estado=ACECHANDO · dir=— · 0=0.03547 · Oz=— · Red=— · manos=ON · pos=flat · latido=1.50s
[RANGO] BANKUSDT_LINEAL last=0.03539 · río=WS · mercado=linear · estado=ACECHANDO · dir=— · 0=0.03547 · Oz=— · Red=— · manos=ON · pos=flat · latido=1.50s
[RANGO] autosello BANK · ACECHANDO · Oz=0.0 link=— · manos_feria_informe.json
[RANGO] BANKUSDT_LINEAL last=0.0354 · río=WS · mercado=linear · estado=ACECHANDO · dir=— · 0=0.03547 · Oz=— · Red=— · manos=ON · pos=flat · latido=1.50s
[RANGO] autosello BANK · ACECHANDO · Oz=0.0 link=— · manos_feria_informe.json
[RANGO] BANKUSDT_LINEAL last=0.03535 · río=WS · mercado=linear · estado=ACECHANDO · dir=— · 0=0.03547 · Oz=— · Red=— · manos=ON · pos=flat · latido=1.50s
[RANGO] BANKUSDT_LINEAL last=0.0354 · río=WS · mercado=linear · estado=ACECHANDO · dir=— · 0=0.03547 · Oz=— · Red=— · manos=ON · pos=flat · latido=1.50s
[RANGO] autosello BANK · ACECHANDO · Oz=0.0 link=— · manos_feria_informe.json
[RANGO] BANKUSDT_LINEAL last=0.0354 · río=WS · mercado=linear · estado=ACECHANDO · dir=— · 0=0.03547 · Oz=— · Red=— · manos=ON · pos=flat · latido=1.50s
[RANGO] autosello BANK · ACECHANDO · Oz=0.0 link=— · manos_feria_informe.json
[RANGO] BANKUSDT_LINEAL last=0.03539 · río=WS · mercado=linear · estado=ACECHANDO · dir=— · 0=0.03547 · Oz=— · Red=— · manos=ON · pos=flat · latido=1.50s
[RANGO] BANKUSDT_LINEAL last=0.0354 · río=WS · mercado=linear · estado=ACECHANDO · dir=— · 0=0.03547 · Oz=— · Red=— · manos=ON · pos=flat · latido=1.50s
[RANGO] autosello BANK · ACECHANDO · Oz=0.0 link=— · manos_feria_informe.json
[2026-08-31 07:54:41] [TUSK] RECONCILIACIÓN: SAMSUNGUSDT_LINEAL: interno L:0.000000/S:0.000000 -> real L:0.000000/S:0.110000
[2026-08-31 07:54:41] [TUSK] RECONCILIACIÓN: BLUAIUSDT_LINEAL: interno L:0.000000/S:0.000000 -> real L:850.000000/S:0.000000
[2026-08-31 07:54:41] [TUSK] RECONCILIACIÓN_FANTASMA: ALABUSDT_LINEAL existe interno pero no en exchange -> reseteando
[2026-08-31 07:54:41] [TUSK] RECONCILIACIÓN_FANTASMA: B2USDT_LINEAL existe interno pero no en exchange -> reseteando
[2026-08-31 07:54:41] [TUSK] RECONCILIACIÓN_OK: 4 frentes alineados con exchange
[RANGO] BANKUSDT_LINEAL last=0.03541 · río=WS · mercado=linear · estado=ACECHANDO · dir=— · 0=0.03547 · Oz=— · Red=— · manos=ON · pos=flat · latido=1.50s
[RANGO] autosello BANK · ACECHANDO · Oz=0.0 link=— · manos_feria_informe.json
[RANGO] BANKUSDT_LINEAL last=0.03542 · río=WS · mercado=linear · estado=ACECHANDO · dir=— · 0=0.03547 · Oz=— · Red=— · manos=ON · pos=flat · latido=1.50s
[RANGO] BANKUSDT_LINEAL last=0.03538 · río=WS · mercado=linear · estado=ACECHANDO · dir=— · 0=0.03547 · Oz=— · Red=— · manos=ON · pos=flat · latido=1.50s
[RANGO] autosello BANK · ACECHANDO · Oz=0.0 link=— · manos_feria_informe.json
[RANGO] BANKUSDT_LINEAL last=0.03541 · río=WS · mercado=linear · estado=ACECHANDO · dir=— · 0=0.03547 · Oz=— · Red=— · manos=ON · pos=flat · latido=1.50s
[RANGO] autosello BANK · ACECHANDO · Oz=0.0 link=— · manos_feria_informe.json
[RANGO] BANKUSDT_LINEAL last=0.03542 · río=WS · mercado=linear · estado=ACECHANDO · dir=— · 0=0.03547 · Oz=— · Red=— · manos=ON · pos=flat · latido=1.50s
[RANGO] BANKUSDT_LINEAL last=0.03542 · río=WS · mercado=linear · estado=ACECHANDO · dir=— · 0=0.03547 · Oz=— · Red=— · manos=ON · pos=flat · latido=1.50s
[RANGO] autosello BANK · ACECHANDO · Oz=0.0 link=— · manos_feria_informe.json
[2026-08-31 07:55:43] [TUSK] RECONCILIACIÓN: BSPUSDT_LINEAL: interno L:0.410000/S:0.000000 -> real L:0.290000/S:0.000000
[2026-08-31 07:55:43] [TUSK] RECONCILIACIÓN_OK: 1 frentes alineados con exchange
[RANGO] BANKUSDT_LINEAL last=0.03544 · río=WS · mercado=linear · estado=ACECHANDO · dir=— · 0=0.03547 · Oz=— · Red=— · manos=ON · pos=flat · latido=1.50s
[RANGO] autosello BANK · ACECHANDO · Oz=0.0 link=— · manos_feria_informe.json
[RANGO] BANKUSDT_LINEAL last=0.03546 · río=WS · mercado=linear · estado=ACECHANDO · dir=— · 0=0.03547 · Oz=— · Red=— · manos=ON · pos=flat · latido=1.50s
[RANGO] BANKUSDT_LINEAL last=0.03547 · río=WS · mercado=linear · estado=ACECHANDO · dir=— · 0=0.03547 · Oz=— · Red=— · manos=ON · pos=flat · latido=1.50s
[RANGO] autosello BANK · ACECHANDO · Oz=0.0 link=— · manos_feria_informe.json
[RANGO] BANKUSDT_LINEAL last=0.03548 · río=WS · mercado=linear · estado=ACECHANDO · dir=— · 0=0.03547 · Oz=— · Red=— · manos=ON · pos=flat · latido=1.50s
[RANGO] autosello BANK · ACECHANDO · Oz=0.0 link=— · manos_feria_informe.json
[RANGO] BANKUSDT_LINEAL last=0.03546 · río=WS · mercado=linear · estado=ACECHANDO · dir=— · 0=0.03547 · Oz=— · Red=— · manos=ON · pos=flat · latido=1.50s
[RANGO] BANKUSDT_LINEAL last=0.03546 · río=WS · mercado=linear · estado=ACECHANDO · dir=— · 0=0.03547 · Oz=— · Red=— · manos=ON · pos=flat · latido=1.50s
[RANGO] autosello BANK · ACECHANDO · Oz=0.0 link=— · manos_feria_informe.json
[RANGO] BANKUSDT_LINEAL last=0.03546 · río=WS · mercado=linear · estado=ACECHANDO · dir=— · 0=0.03547 · Oz=— · Red=— · manos=ON · pos=flat · latido=1.50s
[RANGO] autosello BANK · ACECHANDO · Oz=0.0 link=— · manos_feria_informe.json
[RANGO] BANKUSDT_LINEAL last=0.03544 · río=WS · mercado=linear · estado=ACECHANDO · dir=— · 0=0.03547 · Oz=— · Red=— · manos=ON · pos=flat · latido=1.50s
[RANGO] BANKUSDT_LINEAL last=0.03546 · río=WS · mercado=linear · estado=ACECHANDO · dir=— · 0=0.03547 · Oz=— · Red=— · manos=ON · pos=flat · latido=1.50s
[RANGO] autosello BANK · ACECHANDO · Oz=0.0 link=— · manos_feria_informe.json
[RANGO] BANKUSDT_LINEAL last=0.03546 · río=WS · mercado=linear · estado=ACECHANDO · dir=— · 0=0.03547 · Oz=— · Red=— · manos=ON · pos=flat · latido=1.50s
[RANGO] autosello BANK · ACECHANDO · Oz=0.0 link=— · manos_feria_informe.json
[RANGO] BANKUSDT_LINEAL last=0.03546 · río=ciego/muleta · mercado=linear · estado=ACECHANDO · dir=— · 0=0.03547 · Oz=— · Red=— · manos=ON · pos=flat · latido=1.50s
[RANGO] BANKUSDT_LINEAL last=0.03544 · río=WS · mercado=linear · estado=ACECHANDO · dir=— · 0=0.03547 · Oz=— · Red=— · manos=ON · pos=flat · latido=1.50s
[RANGO] autosello BANK · ACECHANDO · Oz=0.0 link=— · manos_feria_informe.json
[2026-08-31 07:57:45] [TUSK] RECONCILIACIÓN: LITUSDT_LINEAL: interno L:0.000000/S:0.000000 -> real L:0.000000/S:20.800000
[2026-08-31 07:57:45] [TUSK] RECONCILIACIÓN_FANTASMA: AXTIUSDT_LINEAL existe interno pero no en exchange -> reseteando
[2026-08-31 07:57:45] [TUSK] RECONCILIACIÓN_OK: 2 frentes alineados con exchange
[RANGO] BANKUSDT_LINEAL last=0.03545 · río=WS · mercado=linear · estado=ACECHANDO · dir=— · 0=0.03547 · Oz=— · Red=— · manos=ON · pos=flat · latido=1.50s
[RANGO] autosello BANK · ACECHANDO · Oz=0.0 link=— · manos_feria_informe.json
[RANGO] BANKUSDT_LINEAL last=0.03543 · río=WS · mercado=linear · estado=ACECHANDO · dir=— · 0=0.03547 · Oz=— · Red=— · manos=ON · pos=flat · latido=1.50s
[RANGO] BANKUSDT_LINEAL last=0.03544 · río=WS · mercado=linear · estado=ACECHANDO · dir=— · 0=0.03547 · Oz=— · Red=— · manos=ON · pos=flat · latido=1.50s
[RANGO] autosello BANK · ACECHANDO · Oz=0.0 link=— · manos_feria_informe.json
[RANGO] BANKUSDT_LINEAL last=0.03545 · río=WS · mercado=linear · estado=ACECHANDO · dir=— · 0=0.03547 · Oz=— · Red=— · manos=ON · pos=flat · latido=1.50s
[RANGO] autosello BANK · ACECHANDO · Oz=0.0 link=— · manos_feria_informe.json
[RANGO] BANKUSDT_LINEAL last=0.03544 · río=WS · mercado=linear · estado=ACECHANDO · dir=— · 0=0.03547 · Oz=— · Red=— · manos=ON · pos=flat · latido=1.50s
[RANGO] BANKUSDT_LINEAL last=0.03546 · río=WS · mercado=linear · estado=ACECHANDO · dir=— · 0=0.03547 · Oz=— · Red=— · manos=ON · pos=flat · latido=1.50s
[RANGO] autosello BANK · ACECHANDO · Oz=0.0 link=— · manos_feria_informe.json
[2026-08-31 07:58:47] [TUSK] RECONCILIACIÓN: AEHRUSDT_LINEAL: interno L:0.080000/S:0.000000 -> real L:0.020000/S:0.000000
[2026-08-31 07:58:47] [TUSK] RECONCILIACIÓN_OK: 1 frentes alineados con exchange
[RANGO] BANKUSDT_LINEAL last=0.03545 · río=WS · mercado=linear · estado=ACECHANDO · dir=— · 0=0.03547 · Oz=— · Red=— · manos=ON · pos=flat · latido=1.50s
[RANGO] autosello BANK · ACECHANDO · Oz=0.0 link=— · manos_feria_informe.json
[RANGO] BANKUSDT_LINEAL last=0.03545 · río=WS · mercado=linear · estado=ACECHANDO · dir=— · 0=0.03547 · Oz=— · Red=— · manos=ON · pos=flat · latido=1.50s
[RANGO] BANKUSDT_LINEAL last=0.03546 · río=WS · mercado=linear · estado=ACECHANDO · dir=— · 0=0.03547 · Oz=— · Red=— · manos=ON · pos=flat · latido=1.50s
[RANGO] autosello BANK · ACECHANDO · Oz=0.0 link=— · manos_feria_informe.json
[RANGO] BANKUSDT_LINEAL last=0.03545 · río=WS · mercado=linear · estado=ACECHANDO · dir=— · 0=0.03547 · Oz=— · Red=— · manos=ON · pos=flat · latido=1.50s
[RANGO] autosello BANK · ACECHANDO · Oz=0.0 link=— · manos_feria_informe.json
[RANGO] BANKUSDT_LINEAL last=0.03542 · río=WS · mercado=linear · estado=ACECHANDO · dir=— · 0=0.03547 · Oz=— · Red=— · manos=ON · pos=flat · latido=1.50s
[RANGO] BANKUSDT_LINEAL last=0.03544 · río=WS · mercado=linear · estado=ACECHANDO · dir=— · 0=0.03547 · Oz=— · Red=— · manos=ON · pos=flat · latido=1.50s
[RANGO] autosello BANK · ACECHANDO · Oz=0.0 link=— · manos_feria_informe.json
[RANGO] BANKUSDT_LINEAL last=0.03543 · río=WS · mercado=linear · estado=ACECHANDO · dir=— · 0=0.03547 · Oz=— · Red=— · manos=ON · pos=flat · latido=1.50s
[RANGO] autosello BANK · ACECHANDO · Oz=0.0 link=— · manos_feria_informe.json
[RANGO] BANKUSDT_LINEAL last=0.03542 · río=WS · mercado=linear · estado=ACECHANDO · dir=— · 0=0.03547 · Oz=— · Red=— · manos=ON · pos=flat · latido=1.50s
[RANGO] BANKUSDT_LINEAL last=0.0354 · río=WS · mercado=linear · estado=ACECHANDO · dir=— · 0=0.03547 · Oz=— · Red=— · manos=ON · pos=flat · latido=1.50s
[RANGO] autosello BANK · ACECHANDO · Oz=0.0 link=— · manos_feria_informe.json
[RANGO] BANKUSDT_LINEAL last=0.03541 · río=WS · mercado=linear · estado=ACECHANDO · dir=— · 0=0.03547 · Oz=— · Red=— · manos=ON · pos=flat · latido=1.50s
[RANGO] autosello BANK · ACECHANDO · Oz=0.0 link=— · manos_feria_informe.json
[RANGO] BANKUSDT_LINEAL last=0.03542 · río=WS · mercado=linear · estado=ACECHANDO · dir=— · 0=0.03547 · Oz=— · Red=— · manos=ON · pos=flat · latido=1.50s
[RANGO] BANKUSDT_LINEAL last=0.03539 · río=ciego/muleta · mercado=linear · estado=ACECHANDO · dir=— · 0=0.03547 · Oz=— · Red=— · manos=ON · pos=flat · latido=1.50s
[RANGO] autosello BANK · ACECHANDO · Oz=0.0 link=— · manos_feria_informe.json
[RANGO] BANKUSDT_LINEAL last=0.0354 · río=WS · mercado=linear · estado=ACECHANDO · dir=— · 0=0.03547 · Oz=— · Red=— · manos=ON · pos=flat · latido=1.50s
[2026-08-31 08:00:49] [TUSK] RECONCILIACIÓN: COTIUSDT_LINEAL: interno L:0.000000/S:0.000000 -> real L:1588.000000/S:0.000000
[2026-08-31 08:00:49] [TUSK] RECONCILIACIÓN_FANTASMA: APRUSDT_LINEAL existe interno pero no en exchange -> reseteando
[2026-08-31 08:00:49] [TUSK] RECONCILIACIÓN_OK: 2 frentes alineados con exchange
[RANGO] autosello BANK · ACECHANDO · Oz=0.0 link=— · manos_feria_informe.json
[RANGO] BANKUSDT_LINEAL last=0.0354 · río=WS · mercado=linear · estado=ACECHANDO · dir=— · 0=0.03547 · Oz=— · Red=— · manos=ON · pos=flat · latido=1.50s
[RANGO] BANKUSDT_LINEAL last=0.03542 · río=WS · mercado=linear · estado=ACECHANDO · dir=— · 0=0.03547 · Oz=— · Red=— · manos=ON · pos=flat · latido=1.50s
[RANGO] autosello BANK · ACECHANDO · Oz=0.0 link=— · manos_feria_informe.json
[RANGO] BANKUSDT_LINEAL last=0.03542 · río=WS · mercado=linear · estado=ACECHANDO · dir=— · 0=0.03547 · Oz=— · Red=— · manos=ON · pos=flat · latido=1.50s
[RANGO] autosello BANK · ACECHANDO · Oz=0.0 link=— · manos_feria_informe.json
[RANGO] BANKUSDT_LINEAL last=0.03542 · río=WS · mercado=linear · estado=ACECHANDO · dir=— · 0=0.03547 · Oz=— · Red=— · manos=ON · pos=flat · latido=1.50s
[RANGO] BANKUSDT_LINEAL last=0.03541 · río=WS · mercado=linear · estado=ACECHANDO · dir=— · 0=0.03547 · Oz=— · Red=— · manos=ON · pos=flat · latido=1.50s
[RANGO] autosello BANK · ACECHANDO · Oz=0.0 link=— · manos_feria_informe.json
[RANGO] BANKUSDT_LINEAL last=0.0354 · río=WS · mercado=linear · estado=ACECHANDO · dir=— · 0=0.03547 · Oz=— · Red=— · manos=ON · pos=flat · latido=1.50s
[RANGO] autosello BANK · ACECHANDO · Oz=0.0 link=— · manos_feria_informe.json
[RANGO] BANKUSDT_LINEAL last=0.0354 · río=WS · mercado=linear · estado=ACECHANDO · dir=— · 0=0.03547 · Oz=— · Red=— · manos=ON · pos=flat · latido=1.50s
[RANGO] BANKUSDT_LINEAL last=0.03537 · río=WS · mercado=linear · estado=ACECHANDO · dir=— · 0=0.03547 · Oz=— · Red=— · manos=ON · pos=flat · latido=1.50s
[RANGO] autosello BANK · ACECHANDO · Oz=0.0 link=— · manos_feria_informe.json
[RANGO] BANKUSDT_LINEAL last=0.03541 · río=ciego/muleta · mercado=linear · estado=ACECHANDO · dir=— · 0=0.03547 · Oz=— · Red=— · manos=ON · pos=flat · latido=1.50s
[RANGO] autosello BANK · ACECHANDO · Oz=0.0 link=— · manos_feria_informe.json
[RANGO] BANKUSDT_LINEAL last=0.0354 · río=WS · mercado=linear · estado=ACECHANDO · dir=— · 0=0.03547 · Oz=— · Red=— · manos=ON · pos=flat · latido=1.50s
[RANGO] BANKUSDT_LINEAL last=0.0354 · río=WS · mercado=linear · estado=ACECHANDO · dir=— · 0=0.03547 · Oz=— · Red=— · manos=ON · pos=flat · latido=1.50s
[RANGO] autosello BANK · ACECHANDO · Oz=0.0 link=— · manos_feria_informe.json
[RANGO] BANKUSDT_LINEAL last=0.03538 · río=WS · mercado=linear · estado=ACECHANDO · dir=— · 0=0.03547 · Oz=— · Red=— · manos=ON · pos=flat · latido=1.50s
[2026-08-31 08:02:51] [TUSK] RECONCILIACIÓN: BSPUSDT_LINEAL: interno L:0.290000/S:0.000000 -> real L:0.170000/S:0.000000
[2026-08-31 08:02:51] [TUSK] RECONCILIACIÓN_OK: 1 frentes alineados con exchange
[RANGO] autosello BANK · ACECHANDO · Oz=0.0 link=— · manos_feria_informe.json
[RANGO] BANKUSDT_LINEAL last=0.03541 · río=WS · mercado=linear · estado=ACECHANDO · dir=— · 0=0.03547 · Oz=— · Red=— · manos=ON · pos=flat · latido=1.50s
[RANGO] BANKUSDT_LINEAL last=0.03534 · río=WS · mercado=linear · estado=ACECHANDO · dir=— · 0=0.03547 · Oz=— · Red=— · manos=ON · pos=flat · latido=1.50s
[RANGO] autosello BANK · ACECHANDO · Oz=0.0 link=— · manos_feria_informe.json
[RANGO] BANKUSDT_LINEAL last=0.03541 · río=WS · mercado=linear · estado=ACECHANDO · dir=— · 0=0.03547 · Oz=— · Red=— · manos=ON · pos=flat · latido=1.50s
[RANGO] autosello BANK · ACECHANDO · Oz=0.0 link=— · manos_feria_informe.json
[RANGO] BANKUSDT_LINEAL last=0.03541 · río=WS · mercado=linear · estado=ACECHANDO · dir=— · 0=0.03547 · Oz=— · Red=— · manos=ON · pos=flat · latido=1.50s
[RANGO] BANKUSDT_LINEAL last=0.03541 · río=WS · mercado=linear · estado=ACECHANDO · dir=— · 0=0.03547 · Oz=— · Red=— · manos=ON · pos=flat · latido=1.50s
[RANGO] autosello BANK · ACECHANDO · Oz=0.0 link=— · manos_feria_informe.json
[RANGO] BANKUSDT_LINEAL last=0.03545 · río=WS · mercado=linear · estado=ACECHANDO · dir=— · 0=0.03547 · Oz=— · Red=— · manos=ON · pos=flat · latido=1.50s
[RANGO] autosello BANK · ACECHANDO · Oz=0.0 link=— · manos_feria_informe.json
[RANGO] BANKUSDT_LINEAL last=0.03544 · río=WS · mercado=linear · estado=ACECHANDO · dir=— · 0=0.03547 · Oz=— · Red=— · manos=ON · pos=flat · latido=1.50s
[RANGO] BANKUSDT_LINEAL last=0.03542 · río=WS · mercado=linear · estado=ACECHANDO · dir=— · 0=0.03547 · Oz=— · Red=— · manos=ON · pos=flat · latido=1.50s
[RANGO] autosello BANK · ACECHANDO · Oz=0.0 link=— · manos_feria_informe.json
[RANGO] BANKUSDT_LINEAL last=0.03542 · río=WS · mercado=linear · estado=ACECHANDO · dir=— · 0=0.03547 · Oz=— · Red=— · manos=ON · pos=flat · latido=1.50s
[RANGO] autosello BANK · ACECHANDO · Oz=0.0 link=— · manos_feria_informe.json
[RANGO] BANKUSDT_LINEAL last=0.03534 · río=WS · mercado=linear · estado=ACECHANDO · dir=— · 0=0.03547 · Oz=— · Red=— · manos=ON · pos=flat · latido=1.50s
[RANGO] BANKUSDT_LINEAL last=0.03542 · río=WS · mercado=linear · estado=ACECHANDO · dir=— · 0=0.03547 · Oz=— · Red=— · manos=ON · pos=flat · latido=1.50s
[RANGO] autosello BANK · ACECHANDO · Oz=0.0 link=— · manos_feria_informe.json
[RANGO] BANKUSDT_LINEAL last=0.03542 · río=ciego/muleta · mercado=linear · estado=ACECHANDO · dir=— · 0=0.03547 · Oz=— · Red=— · manos=ON · pos=flat · latido=1.50s
[2026-08-31 08:04:54] [TUSK] RECONCILIACIÓN: AEHRUSDT_LINEAL: interno L:0.020000/S:0.000000 -> real L:0.090000/S:0.000000
[2026-08-31 08:04:54] [TUSK] RECONCILIACIÓN_OK: 1 frentes alineados con exchange
[RANGO] autosello BANK · ACECHANDO · Oz=0.0 link=— · manos_feria_informe.json
[RANGO] BANKUSDT_LINEAL last=0.03542 · río=WS · mercado=linear · estado=ACECHANDO · dir=— · 0=0.03547 · Oz=— · Red=— · manos=ON · pos=flat · latido=1.50s
[RANGO] BANKUSDT_LINEAL last=0.03541 · río=WS · mercado=linear · estado=ACECHANDO · dir=— · 0=0.03547 · Oz=— · Red=— · manos=ON · pos=flat · latido=1.50s
[RANGO] autosello BANK · ACECHANDO · Oz=0.0 link=— · manos_feria_informe.json
[RANGO] BANKUSDT_LINEAL last=0.03541 · río=WS · mercado=linear · estado=ACECHANDO · dir=— · 0=0.03547 · Oz=— · Red=— · manos=ON · pos=flat · latido=1.50s
[RANGO] autosello BANK · ACECHANDO · Oz=0.0 link=— · manos_feria_informe.json
[RANGO] BANKUSDT_LINEAL last=0.03541 · río=WS · mercado=linear · estado=ACECHANDO · dir=— · 0=0.03547 · Oz=— · Red=— · manos=ON · pos=flat · latido=1.50s
[RANGO] BANKUSDT_LINEAL last=0.03538 · río=WS · mercado=linear · estado=ACECHANDO · dir=— · 0=0.03547 · Oz=— · Red=— · manos=ON · pos=flat · latido=1.50s
[RANGO] autosello BANK · ACECHANDO · Oz=0.0 link=— · manos_feria_informe.json
[RANGO] BANKUSDT_LINEAL last=0.03542 · río=WS · mercado=linear · estado=ACECHANDO · dir=— · 0=0.03547 · Oz=— · Red=— · manos=ON · pos=flat · latido=1.50s
[2026-08-31 08:05:55] [TUSK] RECONCILIACIÓN: NILUSDT_LINEAL: interno L:0.000000/S:0.000000 -> real L:220.000000/S:0.000000
[2026-08-31 08:05:55] [TUSK] RECONCILIACIÓN: QNTXUSDT_LINEAL: interno L:0.000000/S:0.000000 -> real L:0.200000/S:0.000000
[2026-08-31 08:05:55] [TUSK] RECONCILIACIÓN_FANTASMA: FLYUSDT_LINEAL existe interno pero no en exchange -> reseteando
[2026-08-31 08:05:55] [TUSK] RECONCILIACIÓN_FANTASMA: INTWUSDT_LINEAL existe interno pero no en exchange -> reseteando
[2026-08-31 08:05:55] [TUSK] RECONCILIACIÓN_OK: 4 frentes alineados con exchange
[RANGO] autosello BANK · ACECHANDO · Oz=0.0 link=— · manos_feria_informe.json
[RANGO] BANKUSDT_LINEAL last=0.03546 · río=WS · mercado=linear · estado=ACECHANDO · dir=— · 0=0.03547 · Oz=— · Red=— · manos=ON · pos=flat · latido=1.50s
[RANGO] BANKUSDT_LINEAL last=0.03541 · río=WS · mercado=linear · estado=ACECHANDO · dir=— · 0=0.03547 · Oz=— · Red=— · manos=ON · pos=flat · latido=1.50s
[RANGO] autosello BANK · ACECHANDO · Oz=0.0 link=— · manos_feria_informe.json
[RANGO] BANKUSDT_LINEAL last=0.03538 · río=WS · mercado=linear · estado=ACECHANDO · dir=— · 0=0.03547 · Oz=— · Red=— · manos=ON · pos=flat · latido=1.50s
[RANGO] autosello BANK · ACECHANDO · Oz=0.0 link=— · manos_feria_informe.json
[RANGO] BANKUSDT_LINEAL last=0.03543 · río=WS · mercado=linear · estado=ACECHANDO · dir=— · 0=0.03547 · Oz=— · Red=— · manos=ON · pos=flat · latido=1.50s
[RANGO] BANKUSDT_LINEAL last=0.03537 · río=WS · mercado=linear · estado=ACECHANDO · dir=— · 0=0.03547 · Oz=— · Red=— · manos=ON · pos=flat · latido=1.50s
[RANGO] autosello BANK · ACECHANDO · Oz=0.0 link=— · manos_feria_informe.json
[RANGO] BANKUSDT_LINEAL last=0.03543 · río=WS · mercado=linear · estado=ACECHANDO · dir=— · 0=0.03547 · Oz=— · Red=— · manos=ON · pos=flat · latido=1.50s
[2026-08-31 08:06:56] [TUSK] RECONCILIACIÓN: NBISUSDT_LINEAL: interno L:0.000000/S:0.000000 -> real L:0.000000/S:0.050000
[2026-08-31 08:06:56] [TUSK] RECONCILIACIÓN_FANTASMA: ZBCNUSDT_LINEAL existe interno pero no en exchange -> reseteando
[2026-08-31 08:06:56] [TUSK] RECONCILIACIÓN_OK: 2 frentes alineados con exchange
[RANGO] autosello BANK · ACECHANDO · Oz=0.0 link=— · manos_feria_informe.json
[RANGO] BANKUSDT_LINEAL last=0.0354 · río=WS · mercado=linear · estado=ACECHANDO · dir=— · 0=0.03547 · Oz=— · Red=— · manos=ON · pos=flat · latido=1.50s
[RANGO] BANKUSDT_LINEAL last=0.03542 · río=WS · mercado=linear · estado=ACECHANDO · dir=— · 0=0.03547 · Oz=— · Red=— · manos=ON · pos=flat · latido=1.50s
[RANGO] autosello BANK · ACECHANDO · Oz=0.0 link=— · manos_feria_informe.json
[RANGO] BANKUSDT_LINEAL last=0.03543 · río=WS · mercado=linear · estado=ACECHANDO · dir=— · 0=0.03547 · Oz=— · Red=— · manos=ON · pos=flat · latido=1.50s
[RANGO] autosello BANK · ACECHANDO · Oz=0.0 link=— · manos_feria_informe.json
[RANGO] BANKUSDT_LINEAL last=0.03542 · río=WS · mercado=linear · estado=ACECHANDO · dir=— · 0=0.03547 · Oz=— · Red=— · manos=ON · pos=flat · latido=1.50s
[RANGO] BANKUSDT_LINEAL last=0.03541 · río=WS · mercado=linear · estado=ACECHANDO · dir=— · 0=0.03547 · Oz=— · Red=— · manos=ON · pos=flat · latido=1.50s
[RANGO] autosello BANK · ACECHANDO · Oz=0.0 link=— · manos_feria_informe.json
[RANGO] BANKUSDT_LINEAL last=0.03541 · río=WS · mercado=linear · estado=ACECHANDO · dir=— · 0=0.03547 · Oz=— · Red=— · manos=ON · pos=flat · latido=1.50s
[RANGO] autosello BANK · ACECHANDO · Oz=0.0 link=— · manos_feria_informe.json
[2026-08-31 08:07:58] [TUSK] RECONCILIACIÓN: CRCLUSDT_LINEAL: interno L:0.410000/S:0.000000 -> real L:0.470000/S:0.000000
[2026-08-31 08:07:58] [TUSK] RECONCILIACIÓN_OK: 1 frentes alineados con exchange
[RANGO] BANKUSDT_LINEAL last=0.03542 · río=WS · mercado=linear · estado=ACECHANDO · dir=— · 0=0.03547 · Oz=— · Red=— · manos=ON · pos=flat · latido=1.50s
[RANGO] BANKUSDT_LINEAL last=0.03547 · río=WS · mercado=linear · estado=ACECHANDO · dir=— · 0=0.03547 · Oz=— · Red=— · manos=ON · pos=flat · latido=1.50s
[RANGO] autosello BANK · ACECHANDO · Oz=0.0 link=— · manos_feria_informe.json
[RANGO] BANKUSDT_LINEAL last=0.03548 · río=WS · mercado=linear · estado=ACECHANDO · dir=— · 0=0.03547 · Oz=— · Red=— · manos=ON · pos=flat · latido=1.50s
[RANGO] autosello BANK · ACECHANDO · Oz=0.0 link=— · manos_feria_informe.json
[RANGO] BANKUSDT_LINEAL last=0.0355 · río=WS · mercado=linear · estado=ACECHANDO · dir=— · 0=0.03547 · Oz=— · Red=— · manos=ON · pos=flat · latido=1.50s
[RANGO] BANKUSDT_LINEAL last=0.0355 · río=WS · mercado=linear · estado=ACECHANDO · dir=— · 0=0.03547 · Oz=— · Red=— · manos=ON · pos=flat · latido=1.50s
[RANGO] autosello BANK · ACECHANDO · Oz=0.0 link=— · manos_feria_informe.json
[RANGO] BANKUSDT_LINEAL last=0.03552 · río=WS · mercado=linear · estado=ACECHANDO · dir=— · 0=0.03547 · Oz=— · Red=— · manos=ON · pos=flat · latido=1.50s
[RANGO] autosello BANK · ACECHANDO · Oz=0.0 link=— · manos_feria_informe.json
[2026-08-31 08:08:59] [TUSK] RECONCILIACIÓN: VVVUSDT_LINEAL: interno L:0.000000/S:0.000000 -> real L:3.180000/S:0.000000
[2026-08-31 08:08:59] [TUSK] RECONCILIACIÓN_FANTASMA: CRDOUSDT_LINEAL existe interno pero no en exchange -> reseteando
[2026-08-31 08:08:59] [TUSK] RECONCILIACIÓN_OK: 2 frentes alineados con exchange
[RANGO] BANKUSDT_LINEAL last=0.03551 · río=WS · mercado=linear · estado=ACECHANDO · dir=— · 0=0.03547 · Oz=— · Red=— · manos=ON · pos=flat · latido=1.50s
[RANGO] BANKUSDT_LINEAL last=0.03551 · río=WS · mercado=linear · estado=ACECHANDO · dir=— · 0=0.03547 · Oz=— · Red=— · manos=ON · pos=flat · latido=1.50s
[RANGO] autosello BANK · ACECHANDO · Oz=0.0 link=— · manos_feria_informe.json
[RANGO] BANKUSDT_LINEAL last=0.03551 · río=WS · mercado=linear · estado=ACECHANDO · dir=— · 0=0.03547 · Oz=— · Red=— · manos=ON · pos=flat · latido=1.50s
[RANGO] autosello BANK · ACECHANDO · Oz=0.0 link=— · manos_feria_informe.json
[RANGO] BANKUSDT_LINEAL last=0.03551 · río=WS · mercado=linear · estado=ACECHANDO · dir=— · 0=0.03547 · Oz=— · Red=— · manos=ON · pos=flat · latido=1.50s
[RANGO] BANKUSDT_LINEAL last=0.03552 · río=WS · mercado=linear · estado=ACECHANDO · dir=— · 0=0.03547 · Oz=— · Red=— · manos=ON · pos=flat · latido=1.50s
[RANGO] autosello BANK · ACECHANDO · Oz=0.0 link=— · manos_feria_informe.json
[RANGO] BANKUSDT_LINEAL last=0.0355 · río=WS · mercado=linear · estado=ACECHANDO · dir=— · 0=0.03547 · Oz=— · Red=— · manos=ON · pos=flat · latido=1.50s
[RANGO] autosello BANK · ACECHANDO · Oz=0.0 link=— · manos_feria_informe.json
[RANGO] BANKUSDT_LINEAL last=0.0355 · río=WS · mercado=linear · estado=ACECHANDO · dir=— · 0=0.03547 · Oz=— · Red=— · manos=ON · pos=flat · latido=1.50s
[RANGO] BANKUSDT_LINEAL last=0.03549 · río=WS · mercado=linear · estado=ACECHANDO · dir=— · 0=0.03547 · Oz=— · Red=— · manos=ON · pos=flat · latido=1.50s
[RANGO] autosello BANK · ACECHANDO · Oz=0.0 link=— · manos_feria_informe.json
[RANGO] BANKUSDT_LINEAL last=0.03548 · río=WS · mercado=linear · estado=ACECHANDO · dir=— · 0=0.03547 · Oz=— · Red=— · manos=ON · pos=flat · latido=1.50s
[RANGO] autosello BANK · ACECHANDO · Oz=0.0 link=— · manos_feria_informe.json
[RANGO] BANKUSDT_LINEAL last=0.03549 · río=WS · mercado=linear · estado=ACECHANDO · dir=— · 0=0.03547 · Oz=— · Red=— · manos=ON · pos=flat · latido=1.50s
[RANGO] BANKUSDT_LINEAL last=0.03547 · río=WS · mercado=linear · estado=ACECHANDO · dir=— · 0=0.03547 · Oz=— · Red=— · manos=ON · pos=flat · latido=1.50s
[RANGO] autosello BANK · ACECHANDO · Oz=0.0 link=— · manos_feria_informe.json
[RANGO] BANKUSDT_LINEAL last=0.03549 · río=WS · mercado=linear · estado=ACECHANDO · dir=— · 0=0.03547 · Oz=— · Red=— · manos=ON · pos=flat · latido=1.50s
[RANGO] autosello BANK · ACECHANDO · Oz=0.0 link=— · manos_feria_informe.json
[RANGO] BANKUSDT_LINEAL last=0.03552 · río=WS · mercado=linear · estado=ACECHANDO · dir=— · 0=0.03547 · Oz=— · Red=— · manos=ON · pos=flat · latido=1.50s
[2026-08-31 08:11:01] [TUSK] RECONCILIACIÓN: BSPUSDT_LINEAL: interno L:0.170000/S:0.000000 -> real L:0.290000/S:0.000000
[2026-08-31 08:11:01] [TUSK] RECONCILIACIÓN_OK: 1 frentes alineados con exchange
[RANGO] BANKUSDT_LINEAL last=0.03552 · río=WS · mercado=linear · estado=ACECHANDO · dir=— · 0=0.03547 · Oz=— · Red=— · manos=ON · pos=flat · latido=1.50s
[RANGO] autosello BANK · ACECHANDO · Oz=0.0 link=— · manos_feria_informe.json
[RANGO] BANKUSDT_LINEAL last=0.03552 · río=WS · mercado=linear · estado=ACECHANDO · dir=— · 0=0.03547 · Oz=— · Red=— · manos=ON · pos=flat · latido=1.50s
[RANGO] autosello BANK · ACECHANDO · Oz=0.0 link=— · manos_feria_informe.json
[RANGO] BANKUSDT_LINEAL last=0.03551 · río=WS · mercado=linear · estado=ACECHANDO · dir=— · 0=0.03547 · Oz=— · Red=— · manos=ON · pos=flat · latido=1.50s
[RANGO] BANKUSDT_LINEAL last=0.0355 · río=WS · mercado=linear · estado=ACECHANDO · dir=— · 0=0.03547 · Oz=— · Red=— · manos=ON · pos=flat · latido=1.50s
[RANGO] autosello BANK · ACECHANDO · Oz=0.0 link=— · manos_feria_informe.json
[RANGO] BANKUSDT_LINEAL last=0.03552 · río=WS · mercado=linear · estado=ACECHANDO · dir=— · 0=0.03547 · Oz=— · Red=— · manos=ON · pos=flat · latido=1.50s
[RANGO] autosello BANK · ACECHANDO · Oz=0.0 link=— · manos_feria_informe.json
[RANGO] BANKUSDT_LINEAL last=0.03551 · río=WS · mercado=linear · estado=ACECHANDO · dir=— · 0=0.03547 · Oz=— · Red=— · manos=ON · pos=flat · latido=1.50s
[RANGO] BANKUSDT_LINEAL last=0.03551 · río=WS · mercado=linear · estado=ACECHANDO · dir=— · 0=0.03547 · Oz=— · Red=— · manos=ON · pos=flat · latido=1.50s
[RANGO] autosello BANK · ACECHANDO · Oz=0.0 link=— · manos_feria_informe.json
[RANGO] BANKUSDT_LINEAL last=0.03552 · río=WS · mercado=linear · estado=ACECHANDO · dir=— · 0=0.03547 · Oz=— · Red=— · manos=ON · pos=flat · latido=1.50s
[RANGO] autosello BANK · ACECHANDO · Oz=0.0 link=— · manos_feria_informe.json
[RANGO] BANKUSDT_LINEAL last=0.03551 · río=WS · mercado=linear · estado=ACECHANDO · dir=— · 0=0.03547 · Oz=— · Red=— · manos=ON · pos=flat · latido=1.50s
[RANGO] BANKUSDT_LINEAL last=0.03552 · río=WS · mercado=linear · estado=ACECHANDO · dir=— · 0=0.03547 · Oz=— · Red=— · manos=ON · pos=flat · latido=1.50s
[RANGO] autosello BANK · ACECHANDO · Oz=0.0 link=— · manos_feria_informe.json
[RANGO] BANKUSDT_LINEAL last=0.0355 · río=WS · mercado=linear · estado=ACECHANDO · dir=— · 0=0.03547 · Oz=— · Red=— · manos=ON · pos=flat · latido=1.50s
[RANGO] autosello BANK · ACECHANDO · Oz=0.0 link=— · manos_feria_informe.json
[RANGO] BANKUSDT_LINEAL last=0.0355 · río=WS · mercado=linear · estado=ACECHANDO · dir=— · 0=0.03547 · Oz=— · Red=— · manos=ON · pos=flat · latido=1.50s
[2026-08-31 08:13:03] [TUSK] RECONCILIACIÓN: SNXXUSDT_LINEAL: interno L:6.450000/S:0.000000 -> real L:6.830000/S:0.000000
[2026-08-31 08:13:03] [TUSK] RECONCILIACIÓN_OK: 1 frentes alineados con exchange
[RANGO] BANKUSDT_LINEAL last=0.0355 · río=WS · mercado=linear · estado=ACECHANDO · dir=— · 0=0.03547 · Oz=— · Red=— · manos=ON · pos=flat · latido=1.50s
[RANGO] autosello BANK · ACECHANDO · Oz=0.0 link=— · manos_feria_informe.json
[RANGO] BANKUSDT_LINEAL last=0.03549 · río=WS · mercado=linear · estado=ACECHANDO · dir=— · 0=0.03547 · Oz=— · Red=— · manos=ON · pos=flat · latido=1.50s
[RANGO] autosello BANK · ACECHANDO · Oz=0.0 link=— · manos_feria_informe.json
[RANGO] BANKUSDT_LINEAL last=0.0355 · río=WS · mercado=linear · estado=ACECHANDO · dir=— · 0=0.03547 · Oz=— · Red=— · manos=ON · pos=flat · latido=1.50s
[RANGO] BANKUSDT_LINEAL last=0.0355 · río=WS · mercado=linear · estado=ACECHANDO · dir=— · 0=0.03547 · Oz=— · Red=— · manos=ON · pos=flat · latido=1.50s
[RANGO] autosello BANK · ACECHANDO · Oz=0.0 link=— · manos_feria_informe.json
[RANGO] BANKUSDT_LINEAL last=0.0355 · río=WS · mercado=linear · estado=ACECHANDO · dir=— · 0=0.03547 · Oz=— · Red=— · manos=ON · pos=flat · latido=1.50s
[RANGO] autosello BANK · ACECHANDO · Oz=0.0 link=— · manos_feria_informe.json
[RANGO] BANKUSDT_LINEAL last=0.03553 · río=WS · mercado=linear · estado=ACECHANDO · dir=— · 0=0.03547 · Oz=— · Red=— · manos=ON · pos=flat · latido=1.50s
[2026-08-31 08:14:05] [TUSK] RECONCILIACIÓN: AAOIUSDT_LINEAL: interno L:0.000000/S:0.000000 -> real L:0.530000/S:0.000000
[2026-08-31 08:14:05] [TUSK] RECONCILIACIÓN: ZBCNUSDT_LINEAL: interno L:0.000000/S:0.000000 -> real L:9700.000000/S:0.000000
[2026-08-31 08:14:05] [TUSK] RECONCILIACIÓN_FANTASMA: MRVLUSDT_LINEAL existe interno pero no en exchange -> reseteando
[2026-08-31 08:14:05] [TUSK] RECONCILIACIÓN_FANTASMA: MVLLUSDT_LINEAL existe interno pero no en exchange -> reseteando
[2026-08-31 08:14:05] [TUSK] RECONCILIACIÓN_OK: 4 frentes alineados con exchange
[RANGO] BANKUSDT_LINEAL last=0.03552 · río=WS · mercado=linear · estado=ACECHANDO · dir=— · 0=0.03547 · Oz=— · Red=— · manos=ON · pos=flat · latido=1.50s
[RANGO] autosello BANK · ACECHANDO · Oz=0.0 link=— · manos_feria_informe.json
[RANGO] BANKUSDT_LINEAL last=0.03553 · río=WS · mercado=linear · estado=ACECHANDO · dir=— · 0=0.03547 · Oz=— · Red=— · manos=ON · pos=flat · latido=1.50s
[RANGO] autosello BANK · ACECHANDO · Oz=0.0 link=— · manos_feria_informe.json
[RANGO] BANKUSDT_LINEAL last=0.03551 · río=WS · mercado=linear · estado=ACECHANDO · dir=— · 0=0.03547 · Oz=— · Red=— · manos=ON · pos=flat · latido=1.50s
[RANGO] BANKUSDT_LINEAL last=0.03551 · río=WS · mercado=linear · estado=ACECHANDO · dir=— · 0=0.03547 · Oz=— · Red=— · manos=ON · pos=flat · latido=1.50s
[RANGO] autosello BANK · ACECHANDO · Oz=0.0 link=— · manos_feria_informe.json
[RANGO] BANKUSDT_LINEAL last=0.03551 · río=WS · mercado=linear · estado=ACECHANDO · dir=— · 0=0.03547 · Oz=— · Red=— · manos=ON · pos=flat · latido=1.50s
[RANGO] autosello BANK · ACECHANDO · Oz=0.0 link=— · manos_feria_informe.json
[RANGO] BANKUSDT_LINEAL last=0.03549 · río=WS · mercado=linear · estado=ACECHANDO · dir=— · 0=0.03547 · Oz=— · Red=— · manos=ON · pos=flat · latido=1.50s
[2026-08-31 08:15:06] [TUSK] RECONCILIACIÓN: AEHRUSDT_LINEAL: interno L:0.090000/S:0.000000 -> real L:0.160000/S:0.000000
[2026-08-31 08:15:06] [TUSK] RECONCILIACIÓN_OK: 1 frentes alineados con exchange
[RANGO] BANKUSDT_LINEAL last=0.03549 · río=WS · mercado=linear · estado=ACECHANDO · dir=— · 0=0.03547 · Oz=— · Red=— · manos=ON · pos=flat · latido=1.50s
[RANGO] autosello BANK · ACECHANDO · Oz=0.0 link=— · manos_feria_informe.json
[RANGO] BANKUSDT_LINEAL last=0.03544 · río=WS · mercado=linear · estado=ACECHANDO · dir=— · 0=0.03547 · Oz=— · Red=— · manos=ON · pos=flat · latido=1.50s
[RANGO] autosello BANK · ACECHANDO · Oz=0.0 link=— · manos_feria_informe.json
[RANGO] BANKUSDT_LINEAL last=0.03544 · río=WS · mercado=linear · estado=ACECHANDO · dir=— · 0=0.03547 · Oz=— · Red=— · manos=ON · pos=flat · latido=1.50s
[RANGO] BANKUSDT_LINEAL last=0.03544 · río=WS · mercado=linear · estado=ACECHANDO · dir=— · 0=0.03547 · Oz=— · Red=— · manos=ON · pos=flat · latido=1.50s
[RANGO] autosello BANK · ACECHANDO · Oz=0.0 link=— · manos_feria_informe.json
[RANGO] BANKUSDT_LINEAL last=0.03545 · río=WS · mercado=linear · estado=ACECHANDO · dir=— · 0=0.03547 · Oz=— · Red=— · manos=ON · pos=flat · latido=1.50s
[RANGO] autosello BANK · ACECHANDO · Oz=0.0 link=— · manos_feria_informe.json
[RANGO] BANKUSDT_LINEAL last=0.03544 · río=WS · mercado=linear · estado=ACECHANDO · dir=— · 0=0.03547 · Oz=— · Red=— · manos=ON · pos=flat · latido=1.50s
[2026-08-31 08:16:07] [TUSK] RECONCILIACIÓN: ZKPUSDT_LINEAL: interno L:0.000000/S:0.000000 -> real L:1281.000000/S:0.000000
[2026-08-31 08:16:07] [TUSK] RECONCILIACIÓN: SNXXUSDT_LINEAL: interno L:6.830000/S:0.000000 -> real L:7.210000/S:0.000000
[2026-08-31 08:16:07] [TUSK] RECONCILIACIÓN_FANTASMA: POWERUSDT_LINEAL existe interno pero no en exchange -> reseteando
[2026-08-31 08:16:07] [TUSK] RECONCILIACIÓN_OK: 3 frentes alineados con exchange
[RANGO] BANKUSDT_LINEAL last=0.03543 · río=WS · mercado=linear · estado=ACECHANDO · dir=— · 0=0.03547 · Oz=— · Red=— · manos=ON · pos=flat · latido=1.50s
[RANGO] autosello BANK · ACECHANDO · Oz=0.0 link=— · manos_feria_informe.json
[RANGO] BANKUSDT_LINEAL last=0.03547 · río=WS · mercado=linear · estado=ACECHANDO · dir=— · 0=0.03547 · Oz=— · Red=— · manos=ON · pos=flat · latido=1.50s
[RANGO] autosello BANK · ACECHANDO · Oz=0.0 link=— · manos_feria_informe.json
[RANGO] BANKUSDT_LINEAL last=0.03545 · río=WS · mercado=linear · estado=ACECHANDO · dir=— · 0=0.03547 · Oz=— · Red=— · manos=ON · pos=flat · latido=1.50s
[RANGO] BANKUSDT_LINEAL last=0.03545 · río=WS · mercado=linear · estado=ACECHANDO · dir=— · 0=0.03547 · Oz=— · Red=— · manos=ON · pos=flat · latido=1.50s
[RANGO] autosello BANK · ACECHANDO · Oz=0.0 link=— · manos_feria_informe.json
[RANGO] BANKUSDT_LINEAL last=0.03545 · río=WS · mercado=linear · estado=ACECHANDO · dir=— · 0=0.03547 · Oz=— · Red=— · manos=ON · pos=flat · latido=1.50s
[RANGO] autosello BANK · ACECHANDO · Oz=0.0 link=— · manos_feria_informe.json
[RANGO] BANKUSDT_LINEAL last=0.03546 · río=WS · mercado=linear · estado=ACECHANDO · dir=— · 0=0.03547 · Oz=— · Red=— · manos=ON · pos=flat · latido=1.50s
[2026-08-31 08:17:09] [TUSK] RECONCILIACIÓN: AXTIUSDT_LINEAL: interno L:0.000000/S:0.000000 -> real L:1.690000/S:0.000000
[2026-08-31 08:17:09] [TUSK] RECONCILIACIÓN_FANTASMA: TSLLUSDT_LINEAL existe interno pero no en exchange -> reseteando
[2026-08-31 08:17:09] [TUSK] RECONCILIACIÓN_OK: 2 frentes alineados con exchange
[RANGO] BANKUSDT_LINEAL last=0.03544 · río=WS · mercado=linear · estado=ACECHANDO · dir=— · 0=0.03547 · Oz=— · Red=— · manos=ON · pos=flat · latido=1.50s
[RANGO] autosello BANK · ACECHANDO · Oz=0.0 link=— · manos_feria_informe.json
[RANGO] BANKUSDT_LINEAL last=0.03546 · río=ciego/muleta · mercado=linear · estado=ACECHANDO · dir=— · 0=0.03547 · Oz=— · Red=— · manos=ON · pos=flat · latido=1.50s
[RANGO] autosello BANK · ACECHANDO · Oz=0.0 link=— · manos_feria_informe.json
[RANGO] BANKUSDT_LINEAL last=0.03544 · río=WS · mercado=linear · estado=ACECHANDO · dir=— · 0=0.03547 · Oz=— · Red=— · manos=ON · pos=flat · latido=1.50s
[RANGO] BANKUSDT_LINEAL last=0.03543 · río=WS · mercado=linear · estado=ACECHANDO · dir=— · 0=0.03547 · Oz=— · Red=— · manos=ON · pos=flat · latido=1.50s
[RANGO] autosello BANK · ACECHANDO · Oz=0.0 link=— · manos_feria_informe.json
[RANGO] BANKUSDT_LINEAL last=0.03544 · río=WS · mercado=linear · estado=ACECHANDO · dir=— · 0=0.03547 · Oz=— · Red=— · manos=ON · pos=flat · latido=1.50s
[RANGO] autosello BANK · ACECHANDO · Oz=0.0 link=— · manos_feria_informe.json
[RANGO] BANKUSDT_LINEAL last=0.03544 · río=WS · mercado=linear · estado=ACECHANDO · dir=— · 0=0.03547 · Oz=— · Red=— · manos=ON · pos=flat · latido=1.50s
[RANGO] BANKUSDT_LINEAL last=0.03544 · río=WS · mercado=linear · estado=ACECHANDO · dir=— · 0=0.03547 · Oz=— · Red=— · manos=ON · pos=flat · latido=1.50s
[RANGO] autosello BANK · ACECHANDO · Oz=0.0 link=— · manos_feria_informe.json
[RANGO] BANKUSDT_LINEAL last=0.03544 · río=WS · mercado=linear · estado=ACECHANDO · dir=— · 0=0.03547 · Oz=— · Red=— · manos=ON · pos=flat · latido=1.50s
[RANGO] autosello BANK · ACECHANDO · Oz=0.0 link=— · manos_feria_informe.json
[RANGO] BANKUSDT_LINEAL last=0.03545 · río=WS · mercado=linear · estado=ACECHANDO · dir=— · 0=0.03547 · Oz=— · Red=— · manos=ON · pos=flat · latido=1.50s
[RANGO] BANKUSDT_LINEAL last=0.03548 · río=WS · mercado=linear · estado=ACECHANDO · dir=— · 0=0.03547 · Oz=— · Red=— · manos=ON · pos=flat · latido=1.50s
[RANGO] autosello BANK · ACECHANDO · Oz=0.0 link=— · manos_feria_informe.json
[RANGO] BANKUSDT_LINEAL last=0.03547 · río=WS · mercado=linear · estado=ACECHANDO · dir=— · 0=0.03547 · Oz=— · Red=— · manos=ON · pos=flat · latido=1.50s
[RANGO] autosello BANK · ACECHANDO · Oz=0.0 link=— · manos_feria_informe.json
[RANGO] BANKUSDT_LINEAL last=0.03548 · río=WS · mercado=linear · estado=ACECHANDO · dir=— · 0=0.03547 · Oz=— · Red=— · manos=ON · pos=flat · latido=1.50s
[RANGO] BANKUSDT_LINEAL last=0.03547 · río=WS · mercado=linear · estado=ACECHANDO · dir=— · 0=0.03547 · Oz=— · Red=— · manos=ON · pos=flat · latido=1.50s
[RANGO] autosello BANK · ACECHANDO · Oz=0.0 link=— · manos_feria_informe.json
[RANGO] BANKUSDT_LINEAL last=0.03543 · río=WS · mercado=linear · estado=ACECHANDO · dir=— · 0=0.03547 · Oz=— · Red=— · manos=ON · pos=flat · latido=1.50s
[RANGO] autosello BANK · ACECHANDO · Oz=0.0 link=— · manos_feria_informe.json
[RANGO] BANKUSDT_LINEAL last=0.03543 · río=WS · mercado=linear · estado=ACECHANDO · dir=— · 0=0.03547 · Oz=— · Red=— · manos=ON · pos=flat · latido=1.50s
[RANGO] BANKUSDT_LINEAL last=0.03546 · río=WS · mercado=linear · estado=ACECHANDO · dir=— · 0=0.03547 · Oz=— · Red=— · manos=ON · pos=flat · latido=1.50s
[RANGO] autosello BANK · ACECHANDO · Oz=0.0 link=— · manos_feria_informe.json
[RANGO] BANKUSDT_LINEAL last=0.03545 · río=WS · mercado=linear · estado=ACECHANDO · dir=— · 0=0.03547 · Oz=— · Red=— · manos=ON · pos=flat · latido=1.50s
[RANGO] autosello BANK · ACECHANDO · Oz=0.0 link=— · manos_feria_informe.json
[RANGO] BANKUSDT_LINEAL last=0.03545 · río=WS · mercado=linear · estado=ACECHANDO · dir=— · 0=0.03547 · Oz=— · Red=— · manos=ON · pos=flat · latido=1.50s
[RANGO] BANKUSDT_LINEAL last=0.03544 · río=WS · mercado=linear · estado=ACECHANDO · dir=— · 0=0.03547 · Oz=— · Red=— · manos=ON · pos=flat · latido=1.50s
[RANGO] autosello BANK · ACECHANDO · Oz=0.0 link=— · manos_feria_informe.json
[2026-08-31 08:20:13] [TUSK] RECONCILIACIÓN: MSTRUSDT_LINEAL: interno L:0.000000/S:0.000000 -> real L:0.240000/S:0.000000
[2026-08-31 08:20:13] [TUSK] RECONCILIACIÓN_FANTASMA: BIOUSDT_LINEAL existe interno pero no en exchange -> reseteando
[2026-08-31 08:20:13] [TUSK] RECONCILIACIÓN_OK: 2 frentes alineados con exchange
[RANGO] BANKUSDT_LINEAL last=0.03546 · río=WS · mercado=linear · estado=ACECHANDO · dir=— · 0=0.03547 · Oz=— · Red=— · manos=ON · pos=flat · latido=1.50s
[RANGO] autosello BANK · ACECHANDO · Oz=0.0 link=— · manos_feria_informe.json
[RANGO] BANKUSDT_LINEAL last=0.03548 · río=WS · mercado=linear · estado=ACECHANDO · dir=— · 0=0.03547 · Oz=— · Red=— · manos=ON · pos=flat · latido=1.50s
[RANGO] BANKUSDT_LINEAL last=0.03548 · río=WS · mercado=linear · estado=ACECHANDO · dir=— · 0=0.03547 · Oz=— · Red=— · manos=ON · pos=flat · latido=1.50s
[RANGO] autosello BANK · ACECHANDO · Oz=0.0 link=— · manos_feria_informe.json
[RANGO] BANKUSDT_LINEAL last=0.03546 · río=WS · mercado=linear · estado=ACECHANDO · dir=— · 0=0.03547 · Oz=— · Red=— · manos=ON · pos=flat · latido=1.50s
[RANGO] autosello BANK · ACECHANDO · Oz=0.0 link=— · manos_feria_informe.json
[RANGO] BANKUSDT_LINEAL last=0.03548 · río=WS · mercado=linear · estado=ACECHANDO · dir=— · 0=0.03547 · Oz=— · Red=— · manos=ON · pos=flat · latido=1.50s
[RANGO] BANKUSDT_LINEAL last=0.03548 · río=WS · mercado=linear · estado=ACECHANDO · dir=— · 0=0.03547 · Oz=— · Red=— · manos=ON · pos=flat · latido=1.50s
[RANGO] autosello BANK · ACECHANDO · Oz=0.0 link=— · manos_feria_informe.json
[2026-08-31 08:21:15] [TUSK] RECONCILIACIÓN: SNXXUSDT_LINEAL: interno L:7.210000/S:0.000000 -> real L:6.830000/S:0.000000
[2026-08-31 08:21:15] [TUSK] RECONCILIACIÓN_OK: 1 frentes alineados con exchange
[RANGO] BANKUSDT_LINEAL last=0.03549 · río=WS · mercado=linear · estado=ACECHANDO · dir=— · 0=0.03547 · Oz=— · Red=— · manos=ON · pos=flat · latido=1.50s
[RANGO] autosello BANK · ACECHANDO · Oz=0.0 link=— · manos_feria_informe.json
[RANGO] BANKUSDT_LINEAL last=0.03548 · río=WS · mercado=linear · estado=ACECHANDO · dir=— · 0=0.03547 · Oz=— · Red=— · manos=ON · pos=flat · latido=1.50s
[RANGO] BANKUSDT_LINEAL last=0.0355 · río=WS · mercado=linear · estado=ACECHANDO · dir=— · 0=0.03547 · Oz=— · Red=— · manos=ON · pos=flat · latido=1.50s
[RANGO] autosello BANK · ACECHANDO · Oz=0.0 link=— · manos_feria_informe.json
[RANGO] BANKUSDT_LINEAL last=0.03549 · río=WS · mercado=linear · estado=ACECHANDO · dir=— · 0=0.03547 · Oz=— · Red=— · manos=ON · pos=flat · latido=1.50s
[RANGO] autosello BANK · ACECHANDO · Oz=0.0 link=— · manos_feria_informe.json
[RANGO] BANKUSDT_LINEAL last=0.03551 · río=WS · mercado=linear · estado=ACECHANDO · dir=— · 0=0.03547 · Oz=— · Red=— · manos=ON · pos=flat · latido=1.50s
[RANGO] BANKUSDT_LINEAL last=0.03551 · río=WS · mercado=linear · estado=ACECHANDO · dir=— · 0=0.03547 · Oz=— · Red=— · manos=ON · pos=flat · latido=1.50s
[RANGO] autosello BANK · ACECHANDO · Oz=0.0 link=— · manos_feria_informe.json
[RANGO] BANKUSDT_LINEAL last=0.03552 · río=WS · mercado=linear · estado=ACECHANDO · dir=— · 0=0.03547 · Oz=— · Red=— · manos=ON · pos=flat · latido=1.50s
[RANGO] autosello BANK · ACECHANDO · Oz=0.0 link=— · manos_feria_informe.json
[RANGO] BANKUSDT_LINEAL last=0.03555 · río=WS · mercado=linear · estado=ACECHANDO · dir=— · 0=0.03547 · Oz=— · Red=— · manos=ON · pos=flat · latido=1.50s
[RANGO] BANKUSDT_LINEAL last=0.03552 · río=WS · mercado=linear · estado=ACECHANDO · dir=— · 0=0.03547 · Oz=— · Red=— · manos=ON · pos=flat · latido=1.50s
[RANGO] autosello BANK · ACECHANDO · Oz=0.0 link=— · manos_feria_informe.json
[RANGO] BANKUSDT_LINEAL last=0.03551 · río=WS · mercado=linear · estado=ACECHANDO · dir=— · 0=0.03547 · Oz=— · Red=— · manos=ON · pos=flat · latido=1.50s
[RANGO] autosello BANK · ACECHANDO · Oz=0.0 link=— · manos_feria_informe.json
[RANGO] BANKUSDT_LINEAL last=0.03551 · río=WS · mercado=linear · estado=ACECHANDO · dir=— · 0=0.03547 · Oz=— · Red=— · manos=ON · pos=flat · latido=1.50s
[RANGO] BANKUSDT_LINEAL last=0.0355 · río=WS · mercado=linear · estado=ACECHANDO · dir=— · 0=0.03547 · Oz=— · Red=— · manos=ON · pos=flat · latido=1.50s
[RANGO] autosello BANK · ACECHANDO · Oz=0.0 link=— · manos_feria_informe.json
[2026-08-31 08:23:17] [TUSK] RECONCILIACIÓN: POWERUSDT_LINEAL: interno L:0.000000/S:0.000000 -> real L:67.000000/S:0.000000
[2026-08-31 08:23:17] [TUSK] RECONCILIACIÓN_FANTASMA: PLTRUSDT_LINEAL existe interno pero no en exchange -> reseteando
[2026-08-31 08:23:17] [TUSK] RECONCILIACIÓN_OK: 2 frentes alineados con exchange
[RANGO] BANKUSDT_LINEAL last=0.03549 · río=WS · mercado=linear · estado=ACECHANDO · dir=— · 0=0.03547 · Oz=— · Red=— · manos=ON · pos=flat · latido=1.50s
[RANGO] autosello BANK · ACECHANDO · Oz=0.0 link=— · manos_feria_informe.json
[RANGO] BANKUSDT_LINEAL last=0.03546 · río=WS · mercado=linear · estado=ACECHANDO · dir=— · 0=0.03547 · Oz=— · Red=— · manos=ON · pos=flat · latido=1.50s
[RANGO] BANKUSDT_LINEAL last=0.03547 · río=WS · mercado=linear · estado=ACECHANDO · dir=— · 0=0.03547 · Oz=— · Red=— · manos=ON · pos=flat · latido=1.50s
[RANGO] autosello BANK · ACECHANDO · Oz=0.0 link=— · manos_feria_informe.json
[RANGO] BANKUSDT_LINEAL last=0.03547 · río=WS · mercado=linear · estado=ACECHANDO · dir=— · 0=0.03547 · Oz=— · Red=— · manos=ON · pos=flat · latido=1.50s
[RANGO] autosello BANK · ACECHANDO · Oz=0.0 link=— · manos_feria_informe.json
[RANGO] BANKUSDT_LINEAL last=0.0355 · río=WS · mercado=linear · estado=ACECHANDO · dir=— · 0=0.03547 · Oz=— · Red=— · manos=ON · pos=flat · latido=1.50s
[RANGO] BANKUSDT_LINEAL last=0.03546 · río=WS · mercado=linear · estado=ACECHANDO · dir=— · 0=0.03547 · Oz=— · Red=— · manos=ON · pos=flat · latido=1.50s
[RANGO] autosello BANK · ACECHANDO · Oz=0.0 link=— · manos_feria_informe.json
[RANGO] BANKUSDT_LINEAL last=0.03547 · río=WS · mercado=linear · estado=ACECHANDO · dir=— · 0=0.03547 · Oz=— · Red=— · manos=ON · pos=flat · latido=1.50s
[RANGO] autosello BANK · ACECHANDO · Oz=0.0 link=— · manos_feria_informe.json
[RANGO] BANKUSDT_LINEAL last=0.03547 · río=WS · mercado=linear · estado=ACECHANDO · dir=— · 0=0.03547 · Oz=— · Red=— · manos=ON · pos=flat · latido=1.50s
[RANGO] BANKUSDT_LINEAL last=0.03545 · río=WS · mercado=linear · estado=ACECHANDO · dir=— · 0=0.03547 · Oz=— · Red=— · manos=ON · pos=flat · latido=1.50s
[RANGO] autosello BANK · ACECHANDO · Oz=0.0 link=— · manos_feria_informe.json
[RANGO] BANKUSDT_LINEAL last=0.03549 · río=WS · mercado=linear · estado=ACECHANDO · dir=— · 0=0.03547 · Oz=— · Red=— · manos=ON · pos=flat · latido=1.50s
[RANGO] autosello BANK · ACECHANDO · Oz=0.0 link=— · manos_feria_informe.json
[RANGO] BANKUSDT_LINEAL last=0.03545 · río=WS · mercado=linear · estado=ACECHANDO · dir=— · 0=0.03547 · Oz=— · Red=— · manos=ON · pos=flat · latido=1.50s
[RANGO] BANKUSDT_LINEAL last=0.03545 · río=WS · mercado=linear · estado=ACECHANDO · dir=— · 0=0.03547 · Oz=— · Red=— · manos=ON · pos=flat · latido=1.50s
[RANGO] autosello BANK · ACECHANDO · Oz=0.0 link=— · manos_feria_informe.json
[RANGO] BANKUSDT_LINEAL last=0.03542 · río=WS · mercado=linear · estado=ACECHANDO · dir=— · 0=0.03547 · Oz=— · Red=— · manos=ON · pos=flat · latido=1.50s
[RANGO] autosello BANK · ACECHANDO · Oz=0.0 link=— · manos_feria_informe.json
[RANGO] BANKUSDT_LINEAL last=0.03542 · río=WS · mercado=linear · estado=ACECHANDO · dir=— · 0=0.03547 · Oz=— · Red=— · manos=ON · pos=flat · latido=1.50s
[RANGO] BANKUSDT_LINEAL last=0.03542 · río=WS · mercado=linear · estado=ACECHANDO · dir=— · 0=0.03547 · Oz=— · Red=— · manos=ON · pos=flat · latido=1.50s
[RANGO] autosello BANK · ACECHANDO · Oz=0.0 link=— · manos_feria_informe.json
[RANGO] BANKUSDT_LINEAL last=0.03544 · río=ciego/muleta · mercado=linear · estado=ACECHANDO · dir=— · 0=0.03547 · Oz=— · Red=— · manos=ON · pos=flat · latido=1.50s
[RANGO] autosello BANK · ACECHANDO · Oz=0.0 link=— · manos_feria_informe.json
[RANGO] BANKUSDT_LINEAL last=0.03546 · río=WS · mercado=linear · estado=ACECHANDO · dir=— · 0=0.03547 · Oz=— · Red=— · manos=ON · pos=flat · latido=1.50s
[RANGO] autosello BANK · ACECHANDO · Oz=0.0 link=— · manos_feria_informe.json
[RANGO] BANKUSDT_LINEAL last=0.03547 · río=WS · mercado=linear · estado=ACECHANDO · dir=— · 0=0.03547 · Oz=— · Red=— · manos=ON · pos=flat · latido=1.50s
[RANGO] BANKUSDT_LINEAL last=0.03547 · río=WS · mercado=linear · estado=ACECHANDO · dir=— · 0=0.03547 · Oz=— · Red=— · manos=ON · pos=flat · latido=1.50s
[RANGO] autosello BANK · ACECHANDO · Oz=0.0 link=— · manos_feria_informe.json
[RANGO] BANKUSDT_LINEAL last=0.03548 · río=WS · mercado=linear · estado=ACECHANDO · dir=— · 0=0.03547 · Oz=— · Red=— · manos=ON · pos=flat · latido=1.50s
[RANGO] autosello BANK · ACECHANDO · Oz=0.0 link=— · manos_feria_informe.json
[RANGO] BANKUSDT_LINEAL last=0.03547 · río=WS · mercado=linear · estado=ACECHANDO · dir=— · 0=0.03547 · Oz=— · Red=— · manos=ON · pos=flat · latido=1.50s
[RANGO] BANKUSDT_LINEAL last=0.03548 · río=WS · mercado=linear · estado=ACECHANDO · dir=— · 0=0.03547 · Oz=— · Red=— · manos=ON · pos=flat · latido=1.50s
[RANGO] autosello BANK · ACECHANDO · Oz=0.0 link=— · manos_feria_informe.json
[RANGO] BANKUSDT_LINEAL last=0.03551 · río=WS · mercado=linear · estado=ACECHANDO · dir=— · 0=0.03547 · Oz=— · Red=— · manos=ON · pos=flat · latido=1.50s
[RANGO] autosello BANK · ACECHANDO · Oz=0.0 link=— · manos_feria_informe.json
[RANGO] BANKUSDT_LINEAL last=0.0355 · río=WS · mercado=linear · estado=ACECHANDO · dir=— · 0=0.03547 · Oz=— · Red=— · manos=ON · pos=flat · latido=1.50s
[2026-08-31 08:27:22] [TUSK] RECONCILIACIÓN: POWERUSDT_LINEAL: interno L:67.000000/S:0.000000 -> real L:6.000000/S:0.000000
[2026-08-31 08:27:22] [TUSK] RECONCILIACIÓN_OK: 1 frentes alineados con exchange
[RANGO] BANKUSDT_LINEAL last=0.03549 · río=WS · mercado=linear · estado=ACECHANDO · dir=— · 0=0.03547 · Oz=— · Red=— · manos=ON · pos=flat · latido=1.50s
[RANGO] autosello BANK · ACECHANDO · Oz=0.0 link=— · manos_feria_informe.json
[RANGO] BANKUSDT_LINEAL last=0.03549 · río=WS · mercado=linear · estado=ACECHANDO · dir=— · 0=0.03547 · Oz=— · Red=— · manos=ON · pos=flat · latido=1.50s
[RANGO] autosello BANK · ACECHANDO · Oz=0.0 link=— · manos_feria_informe.json
[RANGO] BANKUSDT_LINEAL last=0.03548 · río=WS · mercado=linear · estado=ACECHANDO · dir=— · 0=0.03547 · Oz=— · Red=— · manos=ON · pos=flat · latido=1.50s
[RANGO] BANKUSDT_LINEAL last=0.03547 · río=WS · mercado=linear · estado=ACECHANDO · dir=— · 0=0.03547 · Oz=— · Red=— · manos=ON · pos=flat · latido=1.50s
[RANGO] autosello BANK · ACECHANDO · Oz=0.0 link=— · manos_feria_informe.json
[RANGO] BANKUSDT_LINEAL last=0.03548 · río=WS · mercado=linear · estado=ACECHANDO · dir=— · 0=0.03547 · Oz=— · Red=— · manos=ON · pos=flat · latido=1.50s
[RANGO] autosello BANK · ACECHANDO · Oz=0.0 link=— · manos_feria_informe.json
[RANGO] BANKUSDT_LINEAL last=0.03547 · río=WS · mercado=linear · estado=ACECHANDO · dir=— · 0=0.03547 · Oz=— · Red=— · manos=ON · pos=flat · latido=1.50s
[RANGO] BANKUSDT_LINEAL last=0.03545 · río=WS · mercado=linear · estado=ACECHANDO · dir=— · 0=0.03547 · Oz=— · Red=— · manos=ON · pos=flat · latido=1.50s
[RANGO] autosello BANK · ACECHANDO · Oz=0.0 link=— · manos_feria_informe.json
[RANGO] BANKUSDT_LINEAL last=0.03547 · río=WS · mercado=linear · estado=ACECHANDO · dir=— · 0=0.03547 · Oz=— · Red=— · manos=ON · pos=flat · latido=1.50s
[RANGO] autosello BANK · ACECHANDO · Oz=0.0 link=— · manos_feria_informe.json
[RANGO] BANKUSDT_LINEAL last=0.03547 · río=WS · mercado=linear · estado=ACECHANDO · dir=— · 0=0.03547 · Oz=— · Red=— · manos=ON · pos=flat · latido=1.50s
[RANGO] BANKUSDT_LINEAL last=0.03547 · río=WS · mercado=linear · estado=ACECHANDO · dir=— · 0=0.03547 · Oz=— · Red=— · manos=ON · pos=flat · latido=1.50s
[RANGO] autosello BANK · ACECHANDO · Oz=0.0 link=— · manos_feria_informe.json
[RANGO] BANKUSDT_LINEAL last=0.03546 · río=WS · mercado=linear · estado=ACECHANDO · dir=— · 0=0.03547 · Oz=— · Red=— · manos=ON · pos=flat · latido=1.50s
[RANGO] autosello BANK · ACECHANDO · Oz=0.0 link=— · manos_feria_informe.json
[RANGO] BANKUSDT_LINEAL last=0.03546 · río=WS · mercado=linear · estado=ACECHANDO · dir=— · 0=0.03547 · Oz=— · Red=— · manos=ON · pos=flat · latido=1.50s
[RANGO] BANKUSDT_LINEAL last=0.03546 · río=WS · mercado=linear · estado=ACECHANDO · dir=— · 0=0.03547 · Oz=— · Red=— · manos=ON · pos=flat · latido=1.50s
[RANGO] autosello BANK · ACECHANDO · Oz=0.0 link=— · manos_feria_informe.json
[RANGO] BANKUSDT_LINEAL last=0.03546 · río=WS · mercado=linear · estado=ACECHANDO · dir=— · 0=0.03547 · Oz=— · Red=— · manos=ON · pos=flat · latido=1.50s
[RANGO] autosello BANK · ACECHANDO · Oz=0.0 link=— · manos_feria_informe.json
[RANGO] BANKUSDT_LINEAL last=0.03546 · río=WS · mercado=linear · estado=ACECHANDO · dir=— · 0=0.03547 · Oz=— · Red=— · manos=ON · pos=flat · latido=1.50s
[RANGO] BANKUSDT_LINEAL last=0.03546 · río=WS · mercado=linear · estado=ACECHANDO · dir=— · 0=0.03547 · Oz=— · Red=— · manos=ON · pos=flat · latido=1.50s
[RANGO] autosello BANK · ACECHANDO · Oz=0.0 link=— · manos_feria_informe.json
[RANGO] BANKUSDT_LINEAL last=0.03545 · río=WS · mercado=linear · estado=ACECHANDO · dir=— · 0=0.03547 · Oz=— · Red=— · manos=ON · pos=flat · latido=1.50s
[RANGO] autosello BANK · ACECHANDO · Oz=0.0 link=— · manos_feria_informe.json
[RANGO] BANKUSDT_LINEAL last=0.03543 · río=WS · mercado=linear · estado=ACECHANDO · dir=— · 0=0.03547 · Oz=— · Red=— · manos=ON · pos=flat · latido=1.50s
[RANGO] BANKUSDT_LINEAL last=0.03542 · río=WS · mercado=linear · estado=ACECHANDO · dir=— · 0=0.03547 · Oz=— · Red=— · manos=ON · pos=flat · latido=1.50s
[RANGO] autosello BANK · ACECHANDO · Oz=0.0 link=— · manos_feria_informe.json
[RANGO] BANKUSDT_LINEAL last=0.03541 · río=WS · mercado=linear · estado=ACECHANDO · dir=— · 0=0.03547 · Oz=— · Red=— · manos=ON · pos=flat · latido=1.50s
[RANGO] autosello BANK · ACECHANDO · Oz=0.0 link=— · manos_feria_informe.json
[RANGO] BANKUSDT_LINEAL last=0.03543 · río=WS · mercado=linear · estado=ACECHANDO · dir=— · 0=0.03547 · Oz=— · Red=— · manos=ON · pos=flat · latido=1.50s
[RANGO] BANKUSDT_LINEAL last=0.03542 · río=WS · mercado=linear · estado=ACECHANDO · dir=— · 0=0.03547 · Oz=— · Red=— · manos=ON · pos=flat · latido=1.50s
[RANGO] autosello BANK · ACECHANDO · Oz=0.0 link=— · manos_feria_informe.json
[RANGO] BANKUSDT_LINEAL last=0.03543 · río=WS · mercado=linear · estado=ACECHANDO · dir=— · 0=0.03547 · Oz=— · Red=— · manos=ON · pos=flat · latido=1.50s
[RANGO] autosello BANK · ACECHANDO · Oz=0.0 link=— · manos_feria_informe.json
[RANGO] BANKUSDT_LINEAL last=0.03545 · río=WS · mercado=linear · estado=ACECHANDO · dir=— · 0=0.03547 · Oz=— · Red=— · manos=ON · pos=flat · latido=1.50s
[RANGO] BANKUSDT_LINEAL last=0.03543 · río=WS · mercado=linear · estado=ACECHANDO · dir=— · 0=0.03547 · Oz=— · Red=— · manos=ON · pos=flat · latido=1.50s
[RANGO] autosello BANK · ACECHANDO · Oz=0.0 link=— · manos_feria_informe.json
[RANGO] BANKUSDT_LINEAL last=0.03544 · río=WS · mercado=linear · estado=ACECHANDO · dir=— · 0=0.03547 · Oz=— · Red=— · manos=ON · pos=flat · latido=1.50s
[RANGO] autosello BANK · ACECHANDO · Oz=0.0 link=— · manos_feria_informe.json
[RANGO] BANKUSDT_LINEAL last=0.03544 · río=WS · mercado=linear · estado=ACECHANDO · dir=— · 0=0.03547 · Oz=— · Red=— · manos=ON · pos=flat · latido=1.50s
[RANGO] BANKUSDT_LINEAL last=0.03545 · río=WS · mercado=linear · estado=ACECHANDO · dir=— · 0=0.03547 · Oz=— · Red=— · manos=ON · pos=flat · latido=1.50s
[RANGO] autosello BANK · ACECHANDO · Oz=0.0 link=— · manos_feria_informe.json
[RANGO] BANKUSDT_LINEAL last=0.03544 · río=WS · mercado=linear · estado=ACECHANDO · dir=— · 0=0.03547 · Oz=— · Red=— · manos=ON · pos=flat · latido=1.50s
[RANGO] autosello BANK · ACECHANDO · Oz=0.0 link=— · manos_feria_informe.json
[RANGO] BANKUSDT_LINEAL last=0.03541 · río=WS · mercado=linear · estado=ACECHANDO · dir=— · 0=0.03547 · Oz=— · Red=— · manos=ON · pos=flat · latido=1.50s
[RANGO] BANKUSDT_LINEAL last=0.03541 · río=WS · mercado=linear · estado=ACECHANDO · dir=— · 0=0.03547 · Oz=— · Red=— · manos=ON · pos=flat · latido=1.50s
[RANGO] autosello BANK · ACECHANDO · Oz=0.0 link=— · manos_feria_informe.json
[RANGO] BANKUSDT_LINEAL last=0.03542 · río=WS · mercado=linear · estado=ACECHANDO · dir=— · 0=0.03547 · Oz=— · Red=— · manos=ON · pos=flat · latido=1.50s
[RANGO] autosello BANK · ACECHANDO · Oz=0.0 link=— · manos_feria_informe.json
[RANGO] BANKUSDT_LINEAL last=0.03542 · río=WS · mercado=linear · estado=ACECHANDO · dir=— · 0=0.03547 · Oz=— · Red=— · manos=ON · pos=flat · latido=1.50s
[RANGO] BANKUSDT_LINEAL last=0.03545 · río=ciego/muleta · mercado=linear · estado=ACECHANDO · dir=— · 0=0.03547 · Oz=— · Red=— · manos=ON · pos=flat · latido=1.50s
[RANGO] autosello BANK · ACECHANDO · Oz=0.0 link=— · manos_feria_informe.json
[RANGO] BANKUSDT_LINEAL last=0.03543 · río=WS · mercado=linear · estado=ACECHANDO · dir=— · 0=0.03547 · Oz=— · Red=— · manos=ON · pos=flat · latido=1.50s
[RANGO] autosello BANK · ACECHANDO · Oz=0.0 link=— · manos_feria_informe.json
[RANGO] BANKUSDT_LINEAL last=0.03543 · río=WS · mercado=linear · estado=ACECHANDO · dir=— · 0=0.03547 · Oz=— · Red=— · manos=ON · pos=flat · latido=1.50s
[RANGO] BANKUSDT_LINEAL last=0.03545 · río=ciego/muleta · mercado=linear · estado=ACECHANDO · dir=— · 0=0.03547 · Oz=— · Red=— · manos=ON · pos=flat · latido=1.50s
[RANGO] autosello BANK · ACECHANDO · Oz=0.0 link=— · manos_feria_informe.json
[RANGO] BANKUSDT_LINEAL last=0.03542 · río=WS · mercado=linear · estado=ACECHANDO · dir=— · 0=0.03547 · Oz=— · Red=— · manos=ON · pos=flat · latido=1.50s
[RANGO] autosello BANK · ACECHANDO · Oz=0.0 link=— · manos_feria_informe.json
[RANGO] BANKUSDT_LINEAL last=0.03544 · río=WS · mercado=linear · estado=ACECHANDO · dir=— · 0=0.03547 · Oz=— · Red=— · manos=ON · pos=flat · latido=1.50s
[RANGO] BANKUSDT_LINEAL last=0.03544 · río=WS · mercado=linear · estado=ACECHANDO · dir=— · 0=0.03547 · Oz=— · Red=— · manos=ON · pos=flat · latido=1.50s
[RANGO] autosello BANK · ACECHANDO · Oz=0.0 link=— · manos_feria_informe.json
[RANGO] BANKUSDT_LINEAL last=0.03545 · río=WS · mercado=linear · estado=ACECHANDO · dir=— · 0=0.03547 · Oz=— · Red=— · manos=ON · pos=flat · latido=1.50s
[RANGO] autosello BANK · ACECHANDO · Oz=0.0 link=— · manos_feria_informe.json
[RANGO] BANKUSDT_LINEAL last=0.03546 · río=WS · mercado=linear · estado=ACECHANDO · dir=— · 0=0.03547 · Oz=— · Red=— · manos=ON · pos=flat · latido=1.50s
[RANGO] BANKUSDT_LINEAL last=0.03545 · río=WS · mercado=linear · estado=ACECHANDO · dir=— · 0=0.03547 · Oz=— · Red=— · manos=ON · pos=flat · latido=1.50s
[RANGO] autosello BANK · ACECHANDO · Oz=0.0 link=— · manos_feria_informe.json
[RANGO] BANKUSDT_LINEAL last=0.03546 · río=WS · mercado=linear · estado=ACECHANDO · dir=— · 0=0.03547 · Oz=— · Red=— · manos=ON · pos=flat · latido=1.50s
[RANGO] autosello BANK · ACECHANDO · Oz=0.0 link=— · manos_feria_informe.json
[RANGO] BANKUSDT_LINEAL last=0.03546 · río=WS · mercado=linear · estado=ACECHANDO · dir=— · 0=0.03547 · Oz=— · Red=— · manos=ON · pos=flat · latido=1.50s
[RANGO] BANKUSDT_LINEAL last=0.03543 · río=WS · mercado=linear · estado=ACECHANDO · dir=— · 0=0.03547 · Oz=— · Red=— · manos=ON · pos=flat · latido=1.50s
[RANGO] autosello BANK · ACECHANDO · Oz=0.0 link=— · manos_feria_informe.json
[RANGO] BANKUSDT_LINEAL last=0.03542 · río=WS · mercado=linear · estado=ACECHANDO · dir=— · 0=0.03547 · Oz=— · Red=— · manos=ON · pos=flat · latido=1.50s
[RANGO] autosello BANK · ACECHANDO · Oz=0.0 link=— · manos_feria_informe.json
[RANGO] BANKUSDT_LINEAL last=0.03542 · río=WS · mercado=linear · estado=ACECHANDO · dir=— · 0=0.03547 · Oz=— · Red=— · manos=ON · pos=flat · latido=1.50s
[RANGO] BANKUSDT_LINEAL last=0.03542 · río=WS · mercado=linear · estado=ACECHANDO · dir=— · 0=0.03547 · Oz=— · Red=— · manos=ON · pos=flat · latido=1.50s
[RANGO] autosello BANK · ACECHANDO · Oz=0.0 link=— · manos_feria_informe.json
[RANGO] BANKUSDT_LINEAL last=0.03543 · río=WS · mercado=linear · estado=ACECHANDO · dir=— · 0=0.03547 · Oz=— · Red=— · manos=ON · pos=flat · latido=1.50s
[RANGO] autosello BANK · ACECHANDO · Oz=0.0 link=— · manos_feria_informe.json
[RANGO] BANKUSDT_LINEAL last=0.03542 · río=WS · mercado=linear · estado=ACECHANDO · dir=— · 0=0.03547 · Oz=— · Red=— · manos=ON · pos=flat · latido=1.50s
[RANGO] BANKUSDT_LINEAL last=0.03542 · río=WS · mercado=linear · estado=ACECHANDO · dir=— · 0=0.03547 · Oz=— · Red=— · manos=ON · pos=flat · latido=1.50s
[RANGO] autosello BANK · ACECHANDO · Oz=0.0 link=— · manos_feria_informe.json
[RANGO] BANKUSDT_LINEAL last=0.03543 · río=ciego/muleta · mercado=linear · estado=ACECHANDO · dir=— · 0=0.03547 · Oz=— · Red=— · manos=ON · pos=flat · latido=1.50s
[RANGO] autosello BANK · ACECHANDO · Oz=0.0 link=— · manos_feria_informe.json
[RANGO] BANKUSDT_LINEAL last=0.03543 · río=WS · mercado=linear · estado=ACECHANDO · dir=— · 0=0.03547 · Oz=— · Red=— · manos=ON · pos=flat · latido=1.50s
[RANGO] BANKUSDT_LINEAL last=0.03542 · río=WS · mercado=linear · estado=ACECHANDO · dir=— · 0=0.03547 · Oz=— · Red=— · manos=ON · pos=flat · latido=1.50s
[RANGO] autosello BANK · ACECHANDO · Oz=0.0 link=— · manos_feria_informe.json
[2026-08-31 08:36:33] [TUSK] RECONCILIACIÓN: TSLLUSDT_LINEAL: interno L:0.000000/S:0.000000 -> real L:0.630000/S:0.000000
[2026-08-31 08:36:33] [TUSK] RECONCILIACIÓN_FANTASMA: COTIUSDT_LINEAL existe interno pero no en exchange -> reseteando
[2026-08-31 08:36:33] [TUSK] RECONCILIACIÓN_OK: 2 frentes alineados con exchange
[RANGO] BANKUSDT_LINEAL last=0.03545 · río=WS · mercado=linear · estado=ACECHANDO · dir=— · 0=0.03547 · Oz=— · Red=— · manos=ON · pos=flat · latido=1.50s
[RANGO] autosello BANK · ACECHANDO · Oz=0.0 link=— · manos_feria_informe.json
[RANGO] BANKUSDT_LINEAL last=0.03546 · río=WS · mercado=linear · estado=ACECHANDO · dir=— · 0=0.03547 · Oz=— · Red=— · manos=ON · pos=flat · latido=1.50s
[RANGO] BANKUSDT_LINEAL last=0.03548 · río=WS · mercado=linear · estado=ACECHANDO · dir=— · 0=0.03547 · Oz=— · Red=— · manos=ON · pos=flat · latido=1.50s
[RANGO] autosello BANK · ACECHANDO · Oz=0.0 link=— · manos_feria_informe.json
[RANGO] BANKUSDT_LINEAL last=0.03549 · río=WS · mercado=linear · estado=ACECHANDO · dir=— · 0=0.03547 · Oz=— · Red=— · manos=ON · pos=flat · latido=1.50s
[RANGO] autosello BANK · ACECHANDO · Oz=0.0 link=— · manos_feria_informe.json
[RANGO] BANKUSDT_LINEAL last=0.03548 · río=WS · mercado=linear · estado=ACECHANDO · dir=— · 0=0.03547 · Oz=— · Red=— · manos=ON · pos=flat · latido=1.50s
[RANGO] BANKUSDT_LINEAL last=0.03548 · río=WS · mercado=linear · estado=ACECHANDO · dir=— · 0=0.03547 · Oz=— · Red=— · manos=ON · pos=flat · latido=1.50s
[RANGO] autosello BANK · ACECHANDO · Oz=0.0 link=— · manos_feria_informe.json
[2026-08-31 08:37:34] [TUSK] RECONCILIACIÓN: BROCCOLIUSDT_LINEAL: interno L:0.000000/S:0.000000 -> real L:2781.000000/S:0.000000
[2026-08-31 08:37:34] [TUSK] RECONCILIACIÓN_FANTASMA: QNTXUSDT_LINEAL existe interno pero no en exchange -> reseteando
[2026-08-31 08:37:34] [TUSK] RECONCILIACIÓN_OK: 2 frentes alineados con exchange
[RANGO] BANKUSDT_LINEAL last=0.03548 · río=WS · mercado=linear · estado=ACECHANDO · dir=— · 0=0.03547 · Oz=— · Red=— · manos=ON · pos=flat · latido=1.50s
[RANGO] autosello BANK · ACECHANDO · Oz=0.0 link=— · manos_feria_informe.json
[RANGO] BANKUSDT_LINEAL last=0.03548 · río=WS · mercado=linear · estado=ACECHANDO · dir=— · 0=0.03547 · Oz=— · Red=— · manos=ON · pos=flat · latido=1.50s
[RANGO] BANKUSDT_LINEAL last=0.03548 · río=WS · mercado=linear · estado=ACECHANDO · dir=— · 0=0.03547 · Oz=— · Red=— · manos=ON · pos=flat · latido=1.50s
[RANGO] autosello BANK · ACECHANDO · Oz=0.0 link=— · manos_feria_informe.json
[RANGO] BANKUSDT_LINEAL last=0.03548 · río=WS · mercado=linear · estado=ACECHANDO · dir=— · 0=0.03547 · Oz=— · Red=— · manos=ON · pos=flat · latido=1.50s
[RANGO] autosello BANK · ACECHANDO · Oz=0.0 link=— · manos_feria_informe.json
[RANGO] BANKUSDT_LINEAL last=0.03548 · río=WS · mercado=linear · estado=ACECHANDO · dir=— · 0=0.03547 · Oz=— · Red=— · manos=ON · pos=flat · latido=1.50s
[RANGO] BANKUSDT_LINEAL last=0.03548 · río=WS · mercado=linear · estado=ACECHANDO · dir=— · 0=0.03547 · Oz=— · Red=— · manos=ON · pos=flat · latido=1.50s
[RANGO] autosello BANK · ACECHANDO · Oz=0.0 link=— · manos_feria_informe.json
[2026-08-31 08:38:35] [TUSK] RECONCILIACIÓN: APRUSDT_LINEAL: interno L:0.000000/S:0.000000 -> real L:73.000000/S:0.000000
[2026-08-31 08:38:35] [TUSK] RECONCILIACIÓN_FANTASMA: NILUSDT_LINEAL existe interno pero no en exchange -> reseteando
[2026-08-31 08:38:35] [TUSK] RECONCILIACIÓN_OK: 2 frentes alineados con exchange
[RANGO] BANKUSDT_LINEAL last=0.03551 · río=WS · mercado=linear · estado=ACECHANDO · dir=— · 0=0.03547 · Oz=— · Red=— · manos=ON · pos=flat · latido=1.50s
[RANGO] autosello BANK · ACECHANDO · Oz=0.0 link=— · manos_feria_informe.json
[RANGO] BANKUSDT_LINEAL last=0.0355 · río=WS · mercado=linear · estado=ACECHANDO · dir=— · 0=0.03547 · Oz=— · Red=— · manos=ON · pos=flat · latido=1.50s
[RANGO] BANKUSDT_LINEAL last=0.03551 · río=WS · mercado=linear · estado=ACECHANDO · dir=— · 0=0.03547 · Oz=— · Red=— · manos=ON · pos=flat · latido=1.50s
[RANGO] autosello BANK · ACECHANDO · Oz=0.0 link=— · manos_feria_informe.json
[RANGO] BANKUSDT_LINEAL last=0.03551 · río=WS · mercado=linear · estado=ACECHANDO · dir=— · 0=0.03547 · Oz=— · Red=— · manos=ON · pos=flat · latido=1.50s
[RANGO] autosello BANK · ACECHANDO · Oz=0.0 link=— · manos_feria_informe.json
[RANGO] BANKUSDT_LINEAL last=0.0355 · río=WS · mercado=linear · estado=ACECHANDO · dir=— · 0=0.03547 · Oz=— · Red=— · manos=ON · pos=flat · latido=1.50s
[RANGO] BANKUSDT_LINEAL last=0.03551 · río=WS · mercado=linear · estado=ACECHANDO · dir=— · 0=0.03547 · Oz=— · Red=— · manos=ON · pos=flat · latido=1.50s
[RANGO] autosello BANK · ACECHANDO · Oz=0.0 link=— · manos_feria_informe.json
[RANGO] BANKUSDT_LINEAL last=0.03551 · río=WS · mercado=linear · estado=ACECHANDO · dir=— · 0=0.03547 · Oz=— · Red=— · manos=ON · pos=flat · latido=1.50s
[2026-08-31 08:39:37] [TUSK] RECONCILIACIÓN: DASHUSDT_LINEAL: interno L:0.000000/S:0.000000 -> real L:0.000000/S:0.220000
[2026-08-31 08:39:37] [TUSK] RECONCILIACIÓN_FANTASMA: CRCLUSDT_LINEAL existe interno pero no en exchange -> reseteando
[2026-08-31 08:39:37] [TUSK] RECONCILIACIÓN_OK: 2 frentes alineados con exchange
[RANGO] autosello BANK · ACECHANDO · Oz=0.0 link=— · manos_feria_informe.json
[RANGO] BANKUSDT_LINEAL last=0.0355 · río=WS · mercado=linear · estado=ACECHANDO · dir=— · 0=0.03547 · Oz=— · Red=— · manos=ON · pos=flat · latido=1.50s
[RANGO] BANKUSDT_LINEAL last=0.03552 · río=WS · mercado=linear · estado=ACECHANDO · dir=— · 0=0.03547 · Oz=— · Red=— · manos=ON · pos=flat · latido=1.50s
[RANGO] autosello BANK · ACECHANDO · Oz=0.0 link=— · manos_feria_informe.json
[RANGO] BANKUSDT_LINEAL last=0.03551 · río=WS · mercado=linear · estado=ACECHANDO · dir=— · 0=0.03547 · Oz=— · Red=— · manos=ON · pos=flat · latido=1.50s
[RANGO] autosello BANK · ACECHANDO · Oz=0.0 link=— · manos_feria_informe.json
[RANGO] BANKUSDT_LINEAL last=0.0355 · río=WS · mercado=linear · estado=ACECHANDO · dir=— · 0=0.03547 · Oz=— · Red=— · manos=ON · pos=flat · latido=1.50s
[RANGO] BANKUSDT_LINEAL last=0.03553 · río=WS · mercado=linear · estado=ACECHANDO · dir=— · 0=0.03547 · Oz=— · Red=— · manos=ON · pos=flat · latido=1.50s
[RANGO] autosello BANK · ACECHANDO · Oz=0.0 link=— · manos_feria_informe.json
[RANGO] BANKUSDT_LINEAL last=0.0355 · río=WS · mercado=linear · estado=ACECHANDO · dir=— · 0=0.03547 · Oz=— · Red=— · manos=ON · pos=flat · latido=1.50s
[2026-08-31 08:40:38] [TUSK] RECONCILIACIÓN: POWERUSDT_LINEAL: interno L:6.000000/S:0.000000 -> real L:0.000000/S:54.000000
[2026-08-31 08:40:38] [TUSK] RECONCILIACIÓN_OK: 1 frentes alineados con exchange
[RANGO] autosello BANK · ACECHANDO · Oz=0.0 link=— · manos_feria_informe.json
[RANGO] BANKUSDT_LINEAL last=0.03551 · río=WS · mercado=linear · estado=ACECHANDO · dir=— · 0=0.03547 · Oz=— · Red=— · manos=ON · pos=flat · latido=1.50s
[RANGO] BANKUSDT_LINEAL last=0.0355 · río=WS · mercado=linear · estado=ACECHANDO · dir=— · 0=0.03547 · Oz=— · Red=— · manos=ON · pos=flat · latido=1.50s
[RANGO] autosello BANK · ACECHANDO · Oz=0.0 link=— · manos_feria_informe.json
[RANGO] BANKUSDT_LINEAL last=0.0355 · río=WS · mercado=linear · estado=ACECHANDO · dir=— · 0=0.03547 · Oz=— · Red=— · manos=ON · pos=flat · latido=1.50s
[RANGO] autosello BANK · ACECHANDO · Oz=0.0 link=— · manos_feria_informe.json
[RANGO] BANKUSDT_LINEAL last=0.03557 · río=WS · mercado=linear · estado=ACECHANDO · dir=— · 0=0.03547 · Oz=— · Red=— · manos=ON · pos=flat · latido=1.50s
[RANGO] BANKUSDT_LINEAL last=0.03557 · río=WS · mercado=linear · estado=ACECHANDO · dir=— · 0=0.03547 · Oz=— · Red=— · manos=ON · pos=flat · latido=1.50s
[RANGO] autosello BANK · ACECHANDO · Oz=0.0 link=— · manos_feria_informe.json
[RANGO] BANKUSDT_LINEAL last=0.03563 · río=WS · mercado=linear · estado=ACECHANDO · dir=— · 0=0.03547 · Oz=— · Red=— · manos=ON · pos=flat · latido=1.50s
[2026-08-31 08:41:39] [TUSK] RECONCILIACIÓN: SNXXUSDT_LINEAL: interno L:6.830000/S:0.000000 -> real L:6.460000/S:0.000000
[2026-08-31 08:41:39] [TUSK] RECONCILIACIÓN_OK: 1 frentes alineados con exchange
[RANGO] autosello BANK · ACECHANDO · Oz=0.0 link=— · manos_feria_informe.json
[RANGO] BANKUSDT_LINEAL last=0.03559 · río=WS · mercado=linear · estado=ACECHANDO · dir=— · 0=0.03547 · Oz=— · Red=— · manos=ON · pos=flat · latido=1.50s
[RANGO] BANKUSDT_LINEAL last=0.03559 · río=WS · mercado=linear · estado=ACECHANDO · dir=— · 0=0.03547 · Oz=— · Red=— · manos=ON · pos=flat · latido=1.50s
[RANGO] autosello BANK · ACECHANDO · Oz=0.0 link=— · manos_feria_informe.json
[RANGO] BANKUSDT_LINEAL last=0.0356 · río=WS · mercado=linear · estado=ACECHANDO · dir=— · 0=0.03547 · Oz=— · Red=— · manos=ON · pos=flat · latido=1.50s
[RANGO] autosello BANK · ACECHANDO · Oz=0.0 link=— · manos_feria_informe.json
[RANGO] BANKUSDT_LINEAL last=0.03561 · río=WS · mercado=linear · estado=ACECHANDO · dir=— · 0=0.03547 · Oz=— · Red=— · manos=ON · pos=flat · latido=1.50s
[RANGO] BANKUSDT_LINEAL last=0.03561 · río=WS · mercado=linear · estado=ACECHANDO · dir=— · 0=0.03547 · Oz=— · Red=— · manos=ON · pos=flat · latido=1.50s
[RANGO] autosello BANK · ACECHANDO · Oz=0.0 link=— · manos_feria_informe.json
[RANGO] BANKUSDT_LINEAL last=0.03562 · río=WS · mercado=linear · estado=ACECHANDO · dir=— · 0=0.03547 · Oz=— · Red=— · manos=ON · pos=flat · latido=1.50s
[2026-08-31 08:42:41] [TUSK] RECONCILIACIÓN: TRBUSDT_LINEAL: interno L:0.000000/S:0.000000 -> real L:5.240000/S:0.000000
[2026-08-31 08:42:41] [TUSK] RECONCILIACIÓN: MORPHOUSDT_LINEAL: interno L:0.000000/S:0.000000 -> real L:27.000000/S:0.000000
[2026-08-31 08:42:41] [TUSK] RECONCILIACIÓN_FANTASMA: BSPUSDT_LINEAL existe interno pero no en exchange -> reseteando
[2026-08-31 08:42:41] [TUSK] RECONCILIACIÓN_FANTASMA: SAMSUNGUSDT_LINEAL existe interno pero no en exchange -> reseteando
[2026-08-31 08:42:41] [TUSK] RECONCILIACIÓN_OK: 4 frentes alineados con exchange
[RANGO] autosello BANK · ACECHANDO · Oz=0.0 link=— · manos_feria_informe.json
[RANGO] BANKUSDT_LINEAL last=0.03562 · río=WS · mercado=linear · estado=ACECHANDO · dir=— · 0=0.03547 · Oz=— · Red=— · manos=ON · pos=flat · latido=1.50s
[RANGO] BANKUSDT_LINEAL last=0.03561 · río=WS · mercado=linear · estado=ACECHANDO · dir=— · 0=0.03547 · Oz=— · Red=— · manos=ON · pos=flat · latido=1.50s
[RANGO] autosello BANK · ACECHANDO · Oz=0.0 link=— · manos_feria_informe.json
[RANGO] BANKUSDT_LINEAL last=0.03559 · río=WS · mercado=linear · estado=ACECHANDO · dir=— · 0=0.03547 · Oz=— · Red=— · manos=ON · pos=flat · latido=1.50s
[RANGO] autosello BANK · ACECHANDO · Oz=0.0 link=— · manos_feria_informe.json
[RANGO] BANKUSDT_LINEAL last=0.03559 · río=WS · mercado=linear · estado=ACECHANDO · dir=— · 0=0.03547 · Oz=— · Red=— · manos=ON · pos=flat · latido=1.50s
[RANGO] BANKUSDT_LINEAL last=0.0356 · río=WS · mercado=linear · estado=ACECHANDO · dir=— · 0=0.03547 · Oz=— · Red=— · manos=ON · pos=flat · latido=1.50s
[RANGO] autosello BANK · ACECHANDO · Oz=0.0 link=— · manos_feria_informe.json
[RANGO] BANKUSDT_LINEAL last=0.03559 · río=WS · mercado=linear · estado=ACECHANDO · dir=— · 0=0.03547 · Oz=— · Red=— · manos=ON · pos=flat · latido=1.50s
[2026-08-31 08:43:42] [TUSK] RECONCILIACIÓN: UNIUSDT_LINEAL: interno L:0.000000/S:0.000000 -> real L:0.900000/S:0.000000
[2026-08-31 08:43:42] [TUSK] RECONCILIACIÓN_FANTASMA: AAOIUSDT_LINEAL existe interno pero no en exchange -> reseteando
[2026-08-31 08:43:42] [TUSK] RECONCILIACIÓN_OK: 2 frentes alineados con exchange
[RANGO] autosello BANK · ACECHANDO · Oz=0.0 link=— · manos_feria_informe.json
[RANGO] BANKUSDT_LINEAL last=0.03558 · río=WS · mercado=linear · estado=ACECHANDO · dir=— · 0=0.03547 · Oz=— · Red=— · manos=ON · pos=flat · latido=1.50s
[RANGO] BANKUSDT_LINEAL last=0.03559 · río=WS · mercado=linear · estado=ACECHANDO · dir=— · 0=0.03547 · Oz=— · Red=— · manos=ON · pos=flat · latido=1.50s
[RANGO] autosello BANK · ACECHANDO · Oz=0.0 link=— · manos_feria_informe.json
[RANGO] BANKUSDT_LINEAL last=0.03554 · río=WS · mercado=linear · estado=ACECHANDO · dir=— · 0=0.03547 · Oz=— · Red=— · manos=ON · pos=flat · latido=1.50s
[RANGO] autosello BANK · ACECHANDO · Oz=0.0 link=— · manos_feria_informe.json
[RANGO] BANKUSDT_LINEAL last=0.03559 · río=WS · mercado=linear · estado=ACECHANDO · dir=— · 0=0.03547 · Oz=— · Red=— · manos=ON · pos=flat · latido=1.50s
[RANGO] BANKUSDT_LINEAL last=0.03555 · río=WS · mercado=linear · estado=ACECHANDO · dir=— · 0=0.03547 · Oz=— · Red=— · manos=ON · pos=flat · latido=1.50s
[RANGO] autosello BANK · ACECHANDO · Oz=0.0 link=— · manos_feria_informe.json
[RANGO] BANKUSDT_LINEAL last=0.03558 · río=WS · mercado=linear · estado=ACECHANDO · dir=— · 0=0.03547 · Oz=— · Red=— · manos=ON · pos=flat · latido=1.50s
[RANGO] autosello BANK · ACECHANDO · Oz=0.0 link=— · manos_feria_informe.json
[2026-08-31 08:44:44] [TUSK] RECONCILIACIÓN: CRCLUSDT_LINEAL: interno L:0.000000/S:0.000000 -> real L:0.410000/S:0.000000
[2026-08-31 08:44:44] [TUSK] RECONCILIACIÓN: PURRUSDT_LINEAL: interno L:0.000000/S:0.000000 -> real L:4.800000/S:0.000000
[2026-08-31 08:44:44] [TUSK] RECONCILIACIÓN_FANTASMA: KSMUSDT_LINEAL existe interno pero no en exchange -> reseteando
[2026-08-31 08:44:44] [TUSK] RECONCILIACIÓN_FANTASMA: AEHRUSDT_LINEAL existe interno pero no en exchange -> reseteando
[2026-08-31 08:44:44] [TUSK] RECONCILIACIÓN_OK: 4 frentes alineados con exchange
[RANGO] BANKUSDT_LINEAL last=0.0356 · río=WS · mercado=linear · estado=ACECHANDO · dir=— · 0=0.03547 · Oz=— · Red=— · manos=ON · pos=flat · latido=1.50s
[RANGO] BANKUSDT_LINEAL last=0.0356 · río=WS · mercado=linear · estado=ACECHANDO · dir=— · 0=0.03547 · Oz=— · Red=— · manos=ON · pos=flat · latido=1.50s
[RANGO] autosello BANK · ACECHANDO · Oz=0.0 link=— · manos_feria_informe.json
[RANGO] BANKUSDT_LINEAL last=0.0356 · río=WS · mercado=linear · estado=ACECHANDO · dir=— · 0=0.03547 · Oz=— · Red=— · manos=ON · pos=flat · latido=1.50s
[RANGO] autosello BANK · ACECHANDO · Oz=0.0 link=— · manos_feria_informe.json
[RANGO] BANKUSDT_LINEAL last=0.03559 · río=WS · mercado=linear · estado=ACECHANDO · dir=— · 0=0.03547 · Oz=— · Red=— · manos=ON · pos=flat · latido=1.50s
[RANGO] BANKUSDT_LINEAL last=0.0356 · río=WS · mercado=linear · estado=ACECHANDO · dir=— · 0=0.03547 · Oz=— · Red=— · manos=ON · pos=flat · latido=1.50s
[RANGO] autosello BANK · ACECHANDO · Oz=0.0 link=— · manos_feria_informe.json
[RANGO] BANKUSDT_LINEAL last=0.03561 · río=WS · mercado=linear · estado=ACECHANDO · dir=— · 0=0.03547 · Oz=— · Red=— · manos=ON · pos=flat · latido=1.50s
[RANGO] autosello BANK · ACECHANDO · Oz=0.0 link=— · manos_feria_informe.json
[2026-08-31 08:45:45] [TUSK] RECONCILIACIÓN: KSMUSDT_LINEAL: interno L:0.000000/S:0.000000 -> real L:13.470000/S:0.000000
[2026-08-31 08:45:45] [TUSK] RECONCILIACIÓN: BIOUSDT_LINEAL: interno L:0.000000/S:0.000000 -> real L:1016.000000/S:0.000000
[2026-08-31 08:45:45] [TUSK] RECONCILIACIÓN_FANTASMA: AXTIUSDT_LINEAL existe interno pero no en exchange -> reseteando
[2026-08-31 08:45:45] [TUSK] RECONCILIACIÓN_FANTASMA: ZKPUSDT_LINEAL existe interno pero no en exchange -> reseteando
[2026-08-31 08:45:45] [TUSK] RECONCILIACIÓN_OK: 4 frentes alineados con exchange
[RANGO] BANKUSDT_LINEAL last=0.0356 · río=WS · mercado=linear · estado=ACECHANDO · dir=— · 0=0.03547 · Oz=— · Red=— · manos=ON · pos=flat · latido=1.50s
[RANGO] BANKUSDT_LINEAL last=0.03561 · río=WS · mercado=linear · estado=ACECHANDO · dir=— · 0=0.03547 · Oz=— · Red=— · manos=ON · pos=flat · latido=1.50s
[RANGO] autosello BANK · ACECHANDO · Oz=0.0 link=— · manos_feria_informe.json
[RANGO] BANKUSDT_LINEAL last=0.03561 · río=WS · mercado=linear · estado=ACECHANDO · dir=— · 0=0.03547 · Oz=— · Red=— · manos=ON · pos=flat · latido=1.50s
[RANGO] autosello BANK · ACECHANDO · Oz=0.0 link=— · manos_feria_informe.json
[RANGO] BANKUSDT_LINEAL last=0.03562 · río=WS · mercado=linear · estado=ACECHANDO · dir=— · 0=0.03547 · Oz=— · Red=— · manos=ON · pos=flat · latido=1.50s
[RANGO] BANKUSDT_LINEAL last=0.03561 · río=WS · mercado=linear · estado=ACECHANDO · dir=— · 0=0.03547 · Oz=— · Red=— · manos=ON · pos=flat · latido=1.50s
[RANGO] autosello BANK · ACECHANDO · Oz=0.0 link=— · manos_feria_informe.json
[RANGO] BANKUSDT_LINEAL last=0.0356 · río=WS · mercado=linear · estado=ACECHANDO · dir=— · 0=0.03547 · Oz=— · Red=— · manos=ON · pos=flat · latido=1.50s
[RANGO] autosello BANK · ACECHANDO · Oz=0.0 link=— · manos_feria_informe.json
[2026-08-31 08:46:46] [TUSK] RECONCILIACIÓN: POWERUSDT_LINEAL: interno L:0.000000/S:54.000000 -> real L:0.000000/S:114.000000
[2026-08-31 08:46:46] [TUSK] RECONCILIACIÓN_OK: 1 frentes alineados con exchange
[RANGO] BANKUSDT_LINEAL last=0.0356 · río=WS · mercado=linear · estado=ACECHANDO · dir=— · 0=0.03547 · Oz=— · Red=— · manos=ON · pos=flat · latido=1.50s
[RANGO] BANKUSDT_LINEAL last=0.0356 · río=WS · mercado=linear · estado=ACECHANDO · dir=— · 0=0.03547 · Oz=— · Red=— · manos=ON · pos=flat · latido=1.50s
[RANGO] autosello BANK · ACECHANDO · Oz=0.0 link=— · manos_feria_informe.json
[RANGO] BANKUSDT_LINEAL last=0.0356 · río=WS · mercado=linear · estado=ACECHANDO · dir=— · 0=0.03547 · Oz=— · Red=— · manos=ON · pos=flat · latido=1.50s
[RANGO] autosello BANK · ACECHANDO · Oz=0.0 link=— · manos_feria_informe.json
[RANGO] BANKUSDT_LINEAL last=0.03561 · río=WS · mercado=linear · estado=ACECHANDO · dir=— · 0=0.03547 · Oz=— · Red=— · manos=ON · pos=flat · latido=1.50s
[RANGO] BANKUSDT_LINEAL last=0.03561 · río=WS · mercado=linear · estado=ACECHANDO · dir=— · 0=0.03547 · Oz=— · Red=— · manos=ON · pos=flat · latido=1.50s
[RANGO] autosello BANK · ACECHANDO · Oz=0.0 link=— · manos_feria_informe.json
[RANGO] BANKUSDT_LINEAL last=0.03562 · río=WS · mercado=linear · estado=ACECHANDO · dir=— · 0=0.03547 · Oz=— · Red=— · manos=ON · pos=flat · latido=1.50s
[RANGO] autosello BANK · ACECHANDO · Oz=0.0 link=— · manos_feria_informe.json
[RANGO] BANKUSDT_LINEAL last=0.03558 · río=WS · mercado=linear · estado=ACECHANDO · dir=— · 0=0.03547 · Oz=— · Red=— · manos=ON · pos=flat · latido=1.50s
[2026-08-31 08:47:48] [TUSK] RECONCILIACIÓN: ZKPUSDT_LINEAL: interno L:0.000000/S:0.000000 -> real L:1388.000000/S:0.000000
[2026-08-31 08:47:48] [TUSK] RECONCILIACIÓN: SAMSUNGUSDT_LINEAL: interno L:0.000000/S:0.000000 -> real L:0.000000/S:0.110000
[2026-08-31 08:47:48] [TUSK] RECONCILIACIÓN_FANTASMA: WDCUSDT_LINEAL existe interno pero no en exchange -> reseteando
[2026-08-31 08:47:48] [TUSK] RECONCILIACIÓN_FANTASMA: ZBCNUSDT_LINEAL existe interno pero no en exchange -> reseteando
[2026-08-31 08:47:48] [TUSK] RECONCILIACIÓN_OK: 4 frentes alineados con exchange
[RANGO] BANKUSDT_LINEAL last=0.03559 · río=WS · mercado=linear · estado=ACECHANDO · dir=— · 0=0.03547 · Oz=— · Red=— · manos=ON · pos=flat · latido=1.50s
[RANGO] autosello BANK · ACECHANDO · Oz=0.0 link=— · manos_feria_informe.json
[RANGO] BANKUSDT_LINEAL last=0.03559 · río=WS · mercado=linear · estado=ACECHANDO · dir=— · 0=0.03547 · Oz=— · Red=— · manos=ON · pos=flat · latido=1.50s
[RANGO] autosello BANK · ACECHANDO · Oz=0.0 link=— · manos_feria_informe.json
[RANGO] BANKUSDT_LINEAL last=0.0356 · río=WS · mercado=linear · estado=ACECHANDO · dir=— · 0=0.03547 · Oz=— · Red=— · manos=ON · pos=flat · latido=1.50s
[RANGO] BANKUSDT_LINEAL last=0.0356 · río=WS · mercado=linear · estado=ACECHANDO · dir=— · 0=0.03547 · Oz=— · Red=— · manos=ON · pos=flat · latido=1.50s
[RANGO] autosello BANK · ACECHANDO · Oz=0.0 link=— · manos_feria_informe.json
[RANGO] BANKUSDT_LINEAL last=0.0356 · río=WS · mercado=linear · estado=ACECHANDO · dir=— · 0=0.03547 · Oz=— · Red=— · manos=ON · pos=flat · latido=1.50s
[RANGO] autosello BANK · ACECHANDO · Oz=0.0 link=— · manos_feria_informe.json
[RANGO] BANKUSDT_LINEAL last=0.0356 · río=WS · mercado=linear · estado=ACECHANDO · dir=— · 0=0.03547 · Oz=— · Red=— · manos=ON · pos=flat · latido=1.50s
[2026-08-31 08:48:49] [TUSK] RECONCILIACIÓN: CRDOUSDT_LINEAL: interno L:0.000000/S:0.000000 -> real L:0.140000/S:0.000000
[2026-08-31 08:48:49] [TUSK] RECONCILIACIÓN_FANTASMA: TSLLUSDT_LINEAL existe interno pero no en exchange -> reseteando
[2026-08-31 08:48:49] [TUSK] RECONCILIACIÓN_OK: 2 frentes alineados con exchange
[RANGO] BANKUSDT_LINEAL last=0.03558 · río=WS · mercado=linear · estado=ACECHANDO · dir=— · 0=0.03547 · Oz=— · Red=— · manos=ON · pos=flat · latido=1.50s
[RANGO] autosello BANK · ACECHANDO · Oz=0.0 link=— · manos_feria_informe.json
[RANGO] BANKUSDT_LINEAL last=0.03557 · río=WS · mercado=linear · estado=ACECHANDO · dir=— · 0=0.03547 · Oz=— · Red=— · manos=ON · pos=flat · latido=1.50s
[RANGO] autosello BANK · ACECHANDO · Oz=0.0 link=— · manos_feria_informe.json
[RANGO] BANKUSDT_LINEAL last=0.03557 · río=WS · mercado=linear · estado=ACECHANDO · dir=— · 0=0.03547 · Oz=— · Red=— · manos=ON · pos=flat · latido=1.50s
[RANGO] BANKUSDT_LINEAL last=0.03556 · río=WS · mercado=linear · estado=ACECHANDO · dir=— · 0=0.03547 · Oz=— · Red=— · manos=ON · pos=flat · latido=1.50s
[RANGO] autosello BANK · ACECHANDO · Oz=0.0 link=— · manos_feria_informe.json
[RANGO] BANKUSDT_LINEAL last=0.03557 · río=WS · mercado=linear · estado=ACECHANDO · dir=— · 0=0.03547 · Oz=— · Red=— · manos=ON · pos=flat · latido=1.50s
[RANGO] autosello BANK · ACECHANDO · Oz=0.0 link=— · manos_feria_informe.json
[RANGO] BANKUSDT_LINEAL last=0.03553 · río=WS · mercado=linear · estado=ACECHANDO · dir=— · 0=0.03547 · Oz=— · Red=— · manos=ON · pos=flat · latido=1.50s
[2026-08-31 08:49:50] [TUSK] RECONCILIACIÓN: BSPUSDT_LINEAL: interno L:0.000000/S:0.000000 -> real L:0.440000/S:0.000000
[2026-08-31 08:49:50] [TUSK] RECONCILIACIÓN: TSEMUSDT_LINEAL: interno L:0.000000/S:0.000000 -> real L:0.090000/S:0.000000
[2026-08-31 08:49:50] [TUSK] RECONCILIACIÓN_FANTASMA: MSTRUSDT_LINEAL existe interno pero no en exchange -> reseteando
[2026-08-31 08:49:50] [TUSK] RECONCILIACIÓN_FANTASMA: BROCCOLIUSDT_LINEAL existe interno pero no en exchange -> reseteando
[2026-08-31 08:49:50] [TUSK] RECONCILIACIÓN_OK: 4 frentes alineados con exchange
[RANGO] BANKUSDT_LINEAL last=0.03556 · río=WS · mercado=linear · estado=ACECHANDO · dir=— · 0=0.03547 · Oz=— · Red=— · manos=ON · pos=flat · latido=1.50s
[RANGO] autosello BANK · ACECHANDO · Oz=0.0 link=— · manos_feria_informe.json
[RANGO] BANKUSDT_LINEAL last=0.03554 · río=WS · mercado=linear · estado=ACECHANDO · dir=— · 0=0.03547 · Oz=— · Red=— · manos=ON · pos=flat · latido=1.50s
[RANGO] autosello BANK · ACECHANDO · Oz=0.0 link=— · manos_feria_informe.json
[RANGO] BANKUSDT_LINEAL last=0.03555 · río=WS · mercado=linear · estado=ACECHANDO · dir=— · 0=0.03547 · Oz=— · Red=— · manos=ON · pos=flat · latido=1.50s
[RANGO] BANKUSDT_LINEAL last=0.03555 · río=WS · mercado=linear · estado=ACECHANDO · dir=— · 0=0.03547 · Oz=— · Red=— · manos=ON · pos=flat · latido=1.50s
[RANGO] autosello BANK · ACECHANDO · Oz=0.0 link=— · manos_feria_informe.json
[RANGO] BANKUSDT_LINEAL last=0.03554 · río=WS · mercado=linear · estado=ACECHANDO · dir=— · 0=0.03547 · Oz=— · Red=— · manos=ON · pos=flat · latido=1.50s
[RANGO] autosello BANK · ACECHANDO · Oz=0.0 link=— · manos_feria_informe.json
[RANGO] BANKUSDT_LINEAL last=0.03556 · río=WS · mercado=linear · estado=ACECHANDO · dir=— · 0=0.03547 · Oz=— · Red=— · manos=ON · pos=flat · latido=1.50s
[2026-08-31 08:50:51] [TUSK] RECONCILIACIÓN: ADAUSD_INVERSE: interno L:0.000000/S:0.000000 -> real L:207.000000/S:0.000000
[2026-08-31 08:50:51] [TUSK] RECONCILIACIÓN_FANTASMA: BTCUSD_INVERSE existe interno pero no en exchange -> reseteando
[2026-08-31 08:50:51] [TUSK] RECONCILIACIÓN_OK: 2 frentes alineados con exchange
[RANGO] BANKUSDT_LINEAL last=0.03556 · río=WS · mercado=linear · estado=ACECHANDO · dir=— · 0=0.03547 · Oz=— · Red=— · manos=ON · pos=flat · latido=1.50s
[RANGO] autosello BANK · ACECHANDO · Oz=0.0 link=— · manos_feria_informe.json
[RANGO] BANKUSDT_LINEAL last=0.03556 · río=WS · mercado=linear · estado=ACECHANDO · dir=— · 0=0.03547 · Oz=— · Red=— · manos=ON · pos=flat · latido=1.50s
[RANGO] autosello BANK · ACECHANDO · Oz=0.0 link=— · manos_feria_informe.json
[RANGO] BANKUSDT_LINEAL last=0.03557 · río=WS · mercado=linear · estado=ACECHANDO · dir=— · 0=0.03547 · Oz=— · Red=— · manos=ON · pos=flat · latido=1.50s
[RANGO] BANKUSDT_LINEAL last=0.03558 · río=WS · mercado=linear · estado=ACECHANDO · dir=— · 0=0.03547 · Oz=— · Red=— · manos=ON · pos=flat · latido=1.50s
[RANGO] autosello BANK · ACECHANDO · Oz=0.0 link=— · manos_feria_informe.json
[RANGO] BANKUSDT_LINEAL last=0.03558 · río=WS · mercado=linear · estado=ACECHANDO · dir=— · 0=0.03547 · Oz=— · Red=— · manos=ON · pos=flat · latido=1.50s
[RANGO] autosello BANK · ACECHANDO · Oz=0.0 link=— · manos_feria_informe.json
[RANGO] BANKUSDT_LINEAL last=0.03557 · río=WS · mercado=linear · estado=ACECHANDO · dir=— · 0=0.03547 · Oz=— · Red=— · manos=ON · pos=flat · latido=1.50s
[2026-08-31 08:51:52] [TUSK] RECONCILIACIÓN: FLNCUSDT_LINEAL: interno L:0.000000/S:0.000000 -> real L:3.300000/S:0.000000
[2026-08-31 08:51:52] [TUSK] RECONCILIACIÓN: UNIUSDT_LINEAL: interno L:0.900000/S:0.000000 -> real L:0.000000/S:0.100000
[2026-08-31 08:51:52] [TUSK] RECONCILIACIÓN_FANTASMA: DASHUSDT_LINEAL existe interno pero no en exchange -> reseteando
[2026-08-31 08:51:52] [TUSK] RECONCILIACIÓN_OK: 3 frentes alineados con exchange
[RANGO] BANKUSDT_LINEAL last=0.03557 · río=WS · mercado=linear · estado=ACECHANDO · dir=— · 0=0.03547 · Oz=— · Red=— · manos=ON · pos=flat · latido=1.50s
[RANGO] autosello BANK · ACECHANDO · Oz=0.0 link=— · manos_feria_informe.json
[RANGO] BANKUSDT_LINEAL last=0.03558 · río=WS · mercado=linear · estado=ACECHANDO · dir=— · 0=0.03547 · Oz=— · Red=— · manos=ON · pos=flat · latido=1.50s
[RANGO] autosello BANK · ACECHANDO · Oz=0.0 link=— · manos_feria_informe.json
[RANGO] BANKUSDT_LINEAL last=0.03558 · río=WS · mercado=linear · estado=ACECHANDO · dir=— · 0=0.03547 · Oz=— · Red=— · manos=ON · pos=flat · latido=1.50s
[RANGO] BANKUSDT_LINEAL last=0.03559 · río=WS · mercado=linear · estado=ACECHANDO · dir=— · 0=0.03547 · Oz=— · Red=— · manos=ON · pos=flat · latido=1.50s
[RANGO] autosello BANK · ACECHANDO · Oz=0.0 link=— · manos_feria_informe.json
[RANGO] BANKUSDT_LINEAL last=0.03559 · río=WS · mercado=linear · estado=ACECHANDO · dir=— · 0=0.03547 · Oz=— · Red=— · manos=ON · pos=flat · latido=1.50s
[RANGO] autosello BANK · ACECHANDO · Oz=0.0 link=— · manos_feria_informe.json
[RANGO] BANKUSDT_LINEAL last=0.03558 · río=WS · mercado=linear · estado=ACECHANDO · dir=— · 0=0.03547 · Oz=— · Red=— · manos=ON · pos=flat · latido=1.50s
[2026-08-31 08:52:53] [TUSK] RECONCILIACIÓN: CRVUSDT_LINEAL: interno L:0.000000/S:0.000000 -> real L:4.800000/S:0.000000
[2026-08-31 08:52:53] [TUSK] RECONCILIACIÓN: NILUSDT_LINEAL: interno L:0.000000/S:0.000000 -> real L:220.000000/S:0.000000
[2026-08-31 08:52:53] [TUSK] RECONCILIACIÓN: AAVEUSD_INVERSE: interno L:178.000000/S:0.000000 -> real L:89.000000/S:0.000000
[2026-08-31 08:52:53] [TUSK] RECONCILIACIÓN_FANTASMA: SNXXUSDT_LINEAL existe interno pero no en exchange -> reseteando
[2026-08-31 08:52:53] [TUSK] RECONCILIACIÓN_FANTASMA: VVVUSDT_LINEAL existe interno pero no en exchange -> reseteando
[2026-08-31 08:52:53] [TUSK] RECONCILIACIÓN_OK: 5 frentes alineados con exchange
[RANGO] BANKUSDT_LINEAL last=0.03559 · río=WS · mercado=linear · estado=ACECHANDO · dir=— · 0=0.03547 · Oz=— · Red=— · manos=ON · pos=flat · latido=1.50s
[RANGO] autosello BANK · ACECHANDO · Oz=0.0 link=— · manos_feria_informe.json
[RANGO] BANKUSDT_LINEAL last=0.03559 · río=WS · mercado=linear · estado=ACECHANDO · dir=— · 0=0.03547 · Oz=— · Red=— · manos=ON · pos=flat · latido=1.50s
[RANGO] autosello BANK · ACECHANDO · Oz=0.0 link=— · manos_feria_informe.json
[RANGO] BANKUSDT_LINEAL last=0.03559 · río=WS · mercado=linear · estado=ACECHANDO · dir=— · 0=0.03547 · Oz=— · Red=— · manos=ON · pos=flat · latido=1.50s
[RANGO] BANKUSDT_LINEAL last=0.03559 · río=WS · mercado=linear · estado=ACECHANDO · dir=— · 0=0.03547 · Oz=— · Red=— · manos=ON · pos=flat · latido=1.50s
[RANGO] autosello BANK · ACECHANDO · Oz=0.0 link=— · manos_feria_informe.json
[RANGO] BANKUSDT_LINEAL last=0.03559 · río=WS · mercado=linear · estado=ACECHANDO · dir=— · 0=0.03547 · Oz=— · Red=— · manos=ON · pos=flat · latido=1.50s
[RANGO] autosello BANK · ACECHANDO · Oz=0.0 link=— · manos_feria_informe.json
[RANGO] BANKUSDT_LINEAL last=0.03559 · río=WS · mercado=linear · estado=ACECHANDO · dir=— · 0=0.03547 · Oz=— · Red=— · manos=ON · pos=flat · latido=1.50s
[2026-08-31 08:53:54] [TUSK] RECONCILIACIÓN: MORPHOUSDT_LINEAL: interno L:27.000000/S:0.000000 -> real L:25.000000/S:0.000000
[2026-08-31 08:53:54] [TUSK] RECONCILIACIÓN_OK: 1 frentes alineados con exchange
[RANGO] BANKUSDT_LINEAL last=0.03558 · río=WS · mercado=linear · estado=ACECHANDO · dir=— · 0=0.03547 · Oz=— · Red=— · manos=ON · pos=flat · latido=1.50s
[RANGO] autosello BANK · ACECHANDO · Oz=0.0 link=— · manos_feria_informe.json
[RANGO] BANKUSDT_LINEAL last=0.03559 · río=WS · mercado=linear · estado=ACECHANDO · dir=— · 0=0.03547 · Oz=— · Red=— · manos=ON · pos=flat · latido=1.50s
[RANGO] autosello BANK · ACECHANDO · Oz=0.0 link=— · manos_feria_informe.json
[RANGO] BANKUSDT_LINEAL last=0.03558 · río=WS · mercado=linear · estado=ACECHANDO · dir=— · 0=0.03547 · Oz=— · Red=— · manos=ON · pos=flat · latido=1.50s
[RANGO] BANKUSDT_LINEAL last=0.03558 · río=WS · mercado=linear · estado=ACECHANDO · dir=— · 0=0.03547 · Oz=— · Red=— · manos=ON · pos=flat · latido=1.50s
[RANGO] autosello BANK · ACECHANDO · Oz=0.0 link=— · manos_feria_informe.json
[RANGO] BANKUSDT_LINEAL last=0.03558 · río=WS · mercado=linear · estado=ACECHANDO · dir=— · 0=0.03547 · Oz=— · Red=— · manos=ON · pos=flat · latido=1.50s
[RANGO] autosello BANK · ACECHANDO · Oz=0.0 link=— · manos_feria_informe.json
[RANGO] BANKUSDT_LINEAL last=0.0356 · río=WS · mercado=linear · estado=ACECHANDO · dir=— · 0=0.03547 · Oz=— · Red=— · manos=ON · pos=flat · latido=1.50s
[RANGO] BANKUSDT_LINEAL last=0.03559 · río=WS · mercado=linear · estado=ACECHANDO · dir=— · 0=0.03547 · Oz=— · Red=— · manos=ON · pos=flat · latido=1.50s
[RANGO] autosello BANK · ACECHANDO · Oz=0.0 link=— · manos_feria_informe.json
[RANGO] BANKUSDT_LINEAL last=0.03559 · río=WS · mercado=linear · estado=ACECHANDO · dir=— · 0=0.03547 · Oz=— · Red=— · manos=ON · pos=flat · latido=1.50s
[RANGO] autosello BANK · ACECHANDO · Oz=0.0 link=— · manos_feria_informe.json
[RANGO] BANKUSDT_LINEAL last=0.0356 · río=WS · mercado=linear · estado=ACECHANDO · dir=— · 0=0.03547 · Oz=— · Red=— · manos=ON · pos=flat · latido=1.50s
[RANGO] BANKUSDT_LINEAL last=0.03559 · río=WS · mercado=linear · estado=ACECHANDO · dir=— · 0=0.03547 · Oz=— · Red=— · manos=ON · pos=flat · latido=1.50s
[RANGO] autosello BANK · ACECHANDO · Oz=0.0 link=— · manos_feria_informe.json
[RANGO] BANKUSDT_LINEAL last=0.0356 · río=WS · mercado=linear · estado=ACECHANDO · dir=— · 0=0.03547 · Oz=— · Red=— · manos=ON · pos=flat · latido=1.50s
[RANGO] autosello BANK · ACECHANDO · Oz=0.0 link=— · manos_feria_informe.json
[RANGO] BANKUSDT_LINEAL last=0.03555 · río=WS · mercado=linear · estado=ACECHANDO · dir=— · 0=0.03547 · Oz=— · Red=— · manos=ON · pos=flat · latido=1.50s
[2026-08-31 08:55:57] [TUSK] RECONCILIACIÓN: WDCUSDT_LINEAL: interno L:0.000000/S:0.000000 -> real L:0.020000/S:0.000000
[2026-08-31 08:55:57] [TUSK] RECONCILIACIÓN_FANTASMA: LITUSDT_LINEAL existe interno pero no en exchange -> reseteando
[2026-08-31 08:55:57] [TUSK] RECONCILIACIÓN_OK: 2 frentes alineados con exchange
[RANGO] BANKUSDT_LINEAL last=0.03554 · río=WS · mercado=linear · estado=ACECHANDO · dir=— · 0=0.03547 · Oz=— · Red=— · manos=ON · pos=flat · latido=1.50s
[RANGO] autosello BANK · ACECHANDO · Oz=0.0 link=— · manos_feria_informe.json
[RANGO] BANKUSDT_LINEAL last=0.03559 · río=WS · mercado=linear · estado=ACECHANDO · dir=— · 0=0.03547 · Oz=— · Red=— · manos=ON · pos=flat · latido=1.50s
[RANGO] autosello BANK · ACECHANDO · Oz=0.0 link=— · manos_feria_informe.json
[RANGO] BANKUSDT_LINEAL last=0.0356 · río=WS · mercado=linear · estado=ACECHANDO · dir=— · 0=0.03547 · Oz=— · Red=— · manos=ON · pos=flat · latido=1.50s
[RANGO] BANKUSDT_LINEAL last=0.03561 · río=WS · mercado=linear · estado=ACECHANDO · dir=— · 0=0.03547 · Oz=— · Red=— · manos=ON · pos=flat · latido=1.50s
[RANGO] autosello BANK · ACECHANDO · Oz=0.0 link=— · manos_feria_informe.json
[RANGO] BANKUSDT_LINEAL last=0.03565 · río=WS · mercado=linear · estado=ACECHANDO · dir=— · 0=0.03547 · Oz=— · Red=— · manos=ON · pos=flat · latido=1.50s
[RANGO] autosello BANK · ACECHANDO · Oz=0.0 link=— · manos_feria_informe.json
[RANGO] BANKUSDT_LINEAL last=0.03563 · río=WS · mercado=linear · estado=ACECHANDO · dir=— · 0=0.03547 · Oz=— · Red=— · manos=ON · pos=flat · latido=1.50s
[RANGO] BANKUSDT_LINEAL last=0.03553 · río=WS · mercado=linear · estado=ACECHANDO · dir=— · 0=0.03547 · Oz=— · Red=— · manos=ON · pos=flat · latido=1.50s
[RANGO] autosello BANK · ACECHANDO · Oz=0.0 link=— · manos_feria_informe.json
[RANGO] BANKUSDT_LINEAL last=0.03562 · río=WS · mercado=linear · estado=ACECHANDO · dir=— · 0=0.03547 · Oz=— · Red=— · manos=ON · pos=flat · latido=1.50s
[RANGO] autosello BANK · ACECHANDO · Oz=0.0 link=— · manos_feria_informe.json
[RANGO] BANKUSDT_LINEAL last=0.03563 · río=WS · mercado=linear · estado=ACECHANDO · dir=— · 0=0.03547 · Oz=— · Red=— · manos=ON · pos=flat · latido=1.50s
[RANGO] BANKUSDT_LINEAL last=0.03563 · río=WS · mercado=linear · estado=ACECHANDO · dir=— · 0=0.03547 · Oz=— · Red=— · manos=ON · pos=flat · latido=1.50s
[RANGO] autosello BANK · ACECHANDO · Oz=0.0 link=— · manos_feria_informe.json
[RANGO] BANKUSDT_LINEAL last=0.03564 · río=WS · mercado=linear · estado=ACECHANDO · dir=— · 0=0.03547 · Oz=— · Red=— · manos=ON · pos=flat · latido=1.50s
[RANGO] autosello BANK · ACECHANDO · Oz=0.0 link=— · manos_feria_informe.json
[RANGO] BANKUSDT_LINEAL last=0.03562 · río=WS · mercado=linear · estado=ACECHANDO · dir=— · 0=0.03547 · Oz=— · Red=— · manos=ON · pos=flat · latido=1.50s
[RANGO] BANKUSDT_LINEAL last=0.03563 · río=WS · mercado=linear · estado=ACECHANDO · dir=— · 0=0.03547 · Oz=— · Red=— · manos=ON · pos=flat · latido=1.50s
[RANGO] autosello BANK · ACECHANDO · Oz=0.0 link=— · manos_feria_informe.json
[2026-08-31 08:58:00] [TUSK] RECONCILIACIÓN: NEARUSDT_LINEAL: interno L:0.000000/S:0.000000 -> real L:0.000000/S:24.600000
[2026-08-31 08:58:00] [TUSK] RECONCILIACIÓN_FANTASMA: TRBUSDT_LINEAL existe interno pero no en exchange -> reseteando
[2026-08-31 08:58:00] [TUSK] RECONCILIACIÓN_OK: 2 frentes alineados con exchange
[RANGO] BANKUSDT_LINEAL last=0.03563 · río=WS · mercado=linear · estado=ACECHANDO · dir=— · 0=0.03547 · Oz=— · Red=— · manos=ON · pos=flat · latido=1.50s
[RANGO] autosello BANK · ACECHANDO · Oz=0.0 link=— · manos_feria_informe.json
[RANGO] BANKUSDT_LINEAL last=0.03563 · río=WS · mercado=linear · estado=ACECHANDO · dir=— · 0=0.03547 · Oz=— · Red=— · manos=ON · pos=flat · latido=1.50s
[RANGO] BANKUSDT_LINEAL last=0.03565 · río=WS · mercado=linear · estado=ACECHANDO · dir=— · 0=0.03547 · Oz=— · Red=— · manos=ON · pos=flat · latido=1.50s
[RANGO] autosello BANK · ACECHANDO · Oz=0.0 link=— · manos_feria_informe.json
[RANGO] BANKUSDT_LINEAL last=0.03564 · río=WS · mercado=linear · estado=ACECHANDO · dir=— · 0=0.03547 · Oz=— · Red=— · manos=ON · pos=flat · latido=1.50s
[RANGO] autosello BANK · ACECHANDO · Oz=0.0 link=— · manos_feria_informe.json
[RANGO] BANKUSDT_LINEAL last=0.03564 · río=WS · mercado=linear · estado=ACECHANDO · dir=— · 0=0.03547 · Oz=— · Red=— · manos=ON · pos=flat · latido=1.50s
[RANGO] BANKUSDT_LINEAL last=0.03565 · río=WS · mercado=linear · estado=ACECHANDO · dir=— · 0=0.03547 · Oz=— · Red=— · manos=ON · pos=flat · latido=1.50s
[RANGO] autosello BANK · ACECHANDO · Oz=0.0 link=— · manos_feria_informe.json
[RANGO] BANKUSDT_LINEAL last=0.03564 · río=WS · mercado=linear · estado=ACECHANDO · dir=— · 0=0.03547 · Oz=— · Red=— · manos=ON · pos=flat · latido=1.50s
[RANGO] autosello BANK · ACECHANDO · Oz=0.0 link=— · manos_feria_informe.json
[RANGO] BANKUSDT_LINEAL last=0.0356 · río=WS · mercado=linear · estado=ACECHANDO · dir=— · 0=0.03547 · Oz=— · Red=— · manos=ON · pos=flat · latido=1.50s
[RANGO] BANKUSDT_LINEAL last=0.03563 · río=WS · mercado=linear · estado=ACECHANDO · dir=— · 0=0.03547 · Oz=— · Red=— · manos=ON · pos=flat · latido=1.50s
[RANGO] autosello BANK · ACECHANDO · Oz=0.0 link=— · manos_feria_informe.json
[RANGO] BANKUSDT_LINEAL last=0.03563 · río=WS · mercado=linear · estado=ACECHANDO · dir=— · 0=0.03547 · Oz=— · Red=— · manos=ON · pos=flat · latido=1.50s
[RANGO] autosello BANK · ACECHANDO · Oz=0.0 link=— · manos_feria_informe.json
[RANGO] BANKUSDT_LINEAL last=0.03562 · río=WS · mercado=linear · estado=ACECHANDO · dir=— · 0=0.03547 · Oz=— · Red=— · manos=ON · pos=flat · latido=1.50s
[RANGO] BANKUSDT_LINEAL last=0.03561 · río=WS · mercado=linear · estado=ACECHANDO · dir=— · 0=0.03547 · Oz=— · Red=— · manos=ON · pos=flat · latido=1.50s
[RANGO] autosello BANK · ACECHANDO · Oz=0.0 link=— · manos_feria_informe.json
[2026-08-31 09:00:02] [TUSK] RECONCILIACIÓN: COTIUSDT_LINEAL: interno L:0.000000/S:0.000000 -> real L:1588.000000/S:0.000000
[2026-08-31 09:00:03] [TUSK] RECONCILIACIÓN_FANTASMA: PURRUSDT_LINEAL existe interno pero no en exchange -> reseteando
[2026-08-31 09:00:03] [TUSK] RECONCILIACIÓN_OK: 2 frentes alineados con exchange
[RANGO] BANKUSDT_LINEAL last=0.03563 · río=WS · mercado=linear · estado=ACECHANDO · dir=— · 0=0.03547 · Oz=— · Red=— · manos=ON · pos=flat · latido=1.50s
[RANGO] autosello BANK · ACECHANDO · Oz=0.0 link=— · manos_feria_informe.json
[RANGO] BANKUSDT_LINEAL last=0.03561 · río=WS · mercado=linear · estado=ACECHANDO · dir=— · 0=0.03547 · Oz=— · Red=— · manos=ON · pos=flat · latido=1.50s
[RANGO] BANKUSDT_LINEAL last=0.0356 · río=WS · mercado=linear · estado=ACECHANDO · dir=— · 0=0.03547 · Oz=— · Red=— · manos=ON · pos=flat · latido=1.50s
[RANGO] autosello BANK · ACECHANDO · Oz=0.0 link=— · manos_feria_informe.json
[RANGO] BANKUSDT_LINEAL last=0.03562 · río=WS · mercado=linear · estado=ACECHANDO · dir=— · 0=0.03547 · Oz=— · Red=— · manos=ON · pos=flat · latido=1.50s
[RANGO] autosello BANK · ACECHANDO · Oz=0.0 link=— · manos_feria_informe.json
[RANGO] BANKUSDT_LINEAL last=0.03563 · río=WS · mercado=linear · estado=ACECHANDO · dir=— · 0=0.03547 · Oz=— · Red=— · manos=ON · pos=flat · latido=1.50s
[RANGO] BANKUSDT_LINEAL last=0.03563 · río=WS · mercado=linear · estado=ACECHANDO · dir=— · 0=0.03547 · Oz=— · Red=— · manos=ON · pos=flat · latido=1.50s
[RANGO] autosello BANK · ACECHANDO · Oz=0.0 link=— · manos_feria_informe.json
[RANGO] BANKUSDT_LINEAL last=0.03561 · río=WS · mercado=linear · estado=ACECHANDO · dir=— · 0=0.03547 · Oz=— · Red=— · manos=ON · pos=flat · latido=1.50s
[RANGO] autosello BANK · ACECHANDO · Oz=0.0 link=— · manos_feria_informe.json
[RANGO] BANKUSDT_LINEAL last=0.0356 · río=WS · mercado=linear · estado=ACECHANDO · dir=— · 0=0.03547 · Oz=— · Red=— · manos=ON · pos=flat · latido=1.50s
[RANGO] BANKUSDT_LINEAL last=0.03561 · río=WS · mercado=linear · estado=ACECHANDO · dir=— · 0=0.03547 · Oz=— · Red=— · manos=ON · pos=flat · latido=1.50s
[RANGO] autosello BANK · ACECHANDO · Oz=0.0 link=— · manos_feria_informe.json
[RANGO] BANKUSDT_LINEAL last=0.03562 · río=WS · mercado=linear · estado=ACECHANDO · dir=— · 0=0.03547 · Oz=— · Red=— · manos=ON · pos=flat · latido=1.50s
[RANGO] autosello BANK · ACECHANDO · Oz=0.0 link=— · manos_feria_informe.json
[RANGO] BANKUSDT_LINEAL last=0.03566 · río=WS · mercado=linear · estado=ACECHANDO · dir=— · 0=0.03547 · Oz=— · Red=— · manos=ON · pos=flat · latido=1.50s
[RANGO] BANKUSDT_LINEAL last=0.03565 · río=ciego/muleta · mercado=linear · estado=ACECHANDO · dir=— · 0=0.03547 · Oz=— · Red=— · manos=ON · pos=flat · latido=1.50s
[RANGO] autosello BANK · ACECHANDO · Oz=0.0 link=— · manos_feria_informe.json
[RANGO] BANKUSDT_LINEAL last=0.03564 · río=WS · mercado=linear · estado=ACECHANDO · dir=— · 0=0.03547 · Oz=— · Red=— · manos=ON · pos=flat · latido=1.50s
[RANGO] autosello BANK · ACECHANDO · Oz=0.0 link=— · manos_feria_informe.json
[RANGO] BANKUSDT_LINEAL last=0.03565 · río=WS · mercado=linear · estado=ACECHANDO · dir=— · 0=0.03547 · Oz=— · Red=— · manos=ON · pos=flat · latido=1.50s
[RANGO] BANKUSDT_LINEAL last=0.03567 · río=ciego/muleta · mercado=linear · estado=ACECHANDO · dir=— · 0=0.03547 · Oz=— · Red=— · manos=ON · pos=flat · latido=1.50s
[RANGO] autosello BANK · ACECHANDO · Oz=0.0 link=— · manos_feria_informe.json
[RANGO] BANKUSDT_LINEAL last=0.03573 · río=WS · mercado=linear · estado=ACECHANDO · dir=— · 0=0.03547 · Oz=— · Red=— · manos=ON · pos=flat · latido=1.50s
[RANGO] autosello BANK · ACECHANDO · Oz=0.0 link=— · manos_feria_informe.json
[RANGO] BANKUSDT_LINEAL last=0.03572 · río=WS · mercado=linear · estado=ACECHANDO · dir=— · 0=0.03547 · Oz=— · Red=— · manos=ON · pos=flat · latido=1.50s
[RANGO] BANKUSDT_LINEAL last=0.03572 · río=WS · mercado=linear · estado=ACECHANDO · dir=— · 0=0.03547 · Oz=— · Red=— · manos=ON · pos=flat · latido=1.50s
[RANGO] autosello BANK · ACECHANDO · Oz=0.0 link=— · manos_feria_informe.json
[RANGO] BANKUSDT_LINEAL last=0.0357 · río=WS · mercado=linear · estado=ACECHANDO · dir=— · 0=0.03547 · Oz=— · Red=— · manos=ON · pos=flat · latido=1.50s
[RANGO] autosello BANK · ACECHANDO · Oz=0.0 link=— · manos_feria_informe.json
[RANGO] BANKUSDT_LINEAL last=0.03572 · río=WS · mercado=linear · estado=ACECHANDO · dir=— · 0=0.03547 · Oz=— · Red=— · manos=ON · pos=flat · latido=1.50s
[RANGO] autosello BANK · ACECHANDO · Oz=0.0 link=— · manos_feria_informe.json
[RANGO] BANKUSDT_LINEAL last=0.03572 · río=WS · mercado=linear · estado=ACECHANDO · dir=— · 0=0.03547 · Oz=— · Red=— · manos=ON · pos=flat · latido=1.50s
[RANGO] BANKUSDT_LINEAL last=0.03572 · río=WS · mercado=linear · estado=ACECHANDO · dir=— · 0=0.03547 · Oz=— · Red=— · manos=ON · pos=flat · latido=1.50s
[RANGO] autosello BANK · ACECHANDO · Oz=0.0 link=— · manos_feria_informe.json
[RANGO] BANKUSDT_LINEAL last=0.0357 · río=WS · mercado=linear · estado=ACECHANDO · dir=— · 0=0.03547 · Oz=— · Red=— · manos=ON · pos=flat · latido=1.50s
[RANGO] autosello BANK · ACECHANDO · Oz=0.0 link=— · manos_feria_informe.json
[RANGO] BANKUSDT_LINEAL last=0.0357 · río=WS · mercado=linear · estado=ACECHANDO · dir=— · 0=0.03547 · Oz=— · Red=— · manos=ON · pos=flat · latido=1.50s
[2026-08-31 09:04:07] [TUSK] RECONCILIACIÓN: DASHUSDT_LINEAL: interno L:0.000000/S:0.000000 -> real L:0.000000/S:0.340000
[2026-08-31 09:04:07] [TUSK] RECONCILIACIÓN: INTWUSDT_LINEAL: interno L:0.000000/S:0.000000 -> real L:2.400000/S:0.000000
[2026-08-31 09:04:07] [TUSK] RECONCILIACIÓN_FANTASMA: KSMUSDT_LINEAL existe interno pero no en exchange -> reseteando
[2026-08-31 09:04:07] [TUSK] RECONCILIACIÓN_FANTASMA: CRCLUSDT_LINEAL existe interno pero no en exchange -> reseteando
[2026-08-31 09:04:07] [TUSK] RECONCILIACIÓN_OK: 4 frentes alineados con exchange
[RANGO] BANKUSDT_LINEAL last=0.03569 · río=WS · mercado=linear · estado=ACECHANDO · dir=— · 0=0.03547 · Oz=— · Red=— · manos=ON · pos=flat · latido=1.50s
[RANGO] autosello BANK · ACECHANDO · Oz=0.0 link=— · manos_feria_informe.json
[RANGO] BANKUSDT_LINEAL last=0.03566 · río=WS · mercado=linear · estado=ACECHANDO · dir=— · 0=0.03547 · Oz=— · Red=— · manos=ON · pos=flat · latido=1.50s
[RANGO] autosello BANK · ACECHANDO · Oz=0.0 link=— · manos_feria_informe.json
[RANGO] BANKUSDT_LINEAL last=0.03567 · río=WS · mercado=linear · estado=ACECHANDO · dir=— · 0=0.03547 · Oz=— · Red=— · manos=ON · pos=flat · latido=1.50s
[RANGO] BANKUSDT_LINEAL last=0.03565 · río=WS · mercado=linear · estado=ACECHANDO · dir=— · 0=0.03547 · Oz=— · Red=— · manos=ON · pos=flat · latido=1.50s
[RANGO] autosello BANK · ACECHANDO · Oz=0.0 link=— · manos_feria_informe.json
[RANGO] BANKUSDT_LINEAL last=0.03564 · río=WS · mercado=linear · estado=ACECHANDO · dir=— · 0=0.03547 · Oz=— · Red=— · manos=ON · pos=flat · latido=1.50s
[RANGO] BANKUSDT_LINEAL last=0.03564 · río=WS · mercado=linear · estado=ACECHANDO · dir=— · 0=0.03547 · Oz=— · Red=— · manos=ON · pos=flat · latido=1.50s
[RANGO] autosello BANK · ACECHANDO · Oz=0.0 link=— · manos_feria_informe.json
[2026-08-31 09:05:08] [TUSK] RECONCILIACIÓN: AAOIUSDT_LINEAL: interno L:0.000000/S:0.000000 -> real L:0.480000/S:0.000000
[2026-08-31 09:05:08] [TUSK] RECONCILIACIÓN: BSPUSDT_LINEAL: interno L:0.440000/S:0.000000 -> real L:0.560000/S:0.000000
[2026-08-31 09:05:08] [TUSK] RECONCILIACIÓN: CRCLUSDT_LINEAL: interno L:0.000000/S:0.000000 -> real L:0.350000/S:0.000000
[2026-08-31 09:05:08] [TUSK] RECONCILIACIÓN_FANTASMA: APRUSDT_LINEAL existe interno pero no en exchange -> reseteando
[2026-08-31 09:05:08] [TUSK] RECONCILIACIÓN_FANTASMA: ZKPUSDT_LINEAL existe interno pero no en exchange -> reseteando
[2026-08-31 09:05:08] [TUSK] RECONCILIACIÓN_OK: 5 frentes alineados con exchange
[RANGO] BANKUSDT_LINEAL last=0.03565 · río=WS · mercado=linear · estado=ACECHANDO · dir=— · 0=0.03547 · Oz=— · Red=— · manos=ON · pos=flat · latido=1.50s
[RANGO] autosello BANK · ACECHANDO · Oz=0.0 link=— · manos_feria_informe.json
[RANGO] BANKUSDT_LINEAL last=0.03564 · río=WS · mercado=linear · estado=ACECHANDO · dir=— · 0=0.03547 · Oz=— · Red=— · manos=ON · pos=flat · latido=1.50s
[RANGO] autosello BANK · ACECHANDO · Oz=0.0 link=— · manos_feria_informe.json
[RANGO] BANKUSDT_LINEAL last=0.03564 · río=WS · mercado=linear · estado=ACECHANDO · dir=— · 0=0.03547 · Oz=— · Red=— · manos=ON · pos=flat · latido=1.50s
[RANGO] BANKUSDT_LINEAL last=0.03564 · río=WS · mercado=linear · estado=ACECHANDO · dir=— · 0=0.03547 · Oz=— · Red=— · manos=ON · pos=flat · latido=1.50s
[RANGO] autosello BANK · ACECHANDO · Oz=0.0 link=— · manos_feria_informe.json
[RANGO] BANKUSDT_LINEAL last=0.03561 · río=WS · mercado=linear · estado=ACECHANDO · dir=— · 0=0.03547 · Oz=— · Red=— · manos=ON · pos=flat · latido=1.50s
[RANGO] autosello BANK · ACECHANDO · Oz=0.0 link=— · manos_feria_informe.json
[RANGO] BANKUSDT_LINEAL last=0.03562 · río=WS · mercado=linear · estado=ACECHANDO · dir=— · 0=0.03547 · Oz=— · Red=— · manos=ON · pos=flat · latido=1.50s
[RANGO] BANKUSDT_LINEAL last=0.03563 · río=ciego/muleta · mercado=linear · estado=ACECHANDO · dir=— · 0=0.03547 · Oz=— · Red=— · manos=ON · pos=flat · latido=1.50s
[RANGO] autosello BANK · ACECHANDO · Oz=0.0 link=— · manos_feria_informe.json
[RANGO] BANKUSDT_LINEAL last=0.03563 · río=ciego/muleta · mercado=linear · estado=ACECHANDO · dir=— · 0=0.03547 · Oz=— · Red=— · manos=ON · pos=flat · latido=1.50s
[RANGO] autosello BANK · ACECHANDO · Oz=0.0 link=— · manos_feria_informe.json
[RANGO] BANKUSDT_LINEAL last=0.0356 · río=WS · mercado=linear · estado=ACECHANDO · dir=— · 0=0.03547 · Oz=— · Red=— · manos=ON · pos=flat · latido=1.50s
[RANGO] BANKUSDT_LINEAL last=0.03553 · río=WS · mercado=linear · estado=ACECHANDO · dir=— · 0=0.03547 · Oz=— · Red=— · manos=ON · pos=flat · latido=1.50s
[RANGO] autosello BANK · ACECHANDO · Oz=0.0 link=— · manos_feria_informe.json
[RANGO] BANKUSDT_LINEAL last=0.03561 · río=WS · mercado=linear · estado=ACECHANDO · dir=— · 0=0.03547 · Oz=— · Red=— · manos=ON · pos=flat · latido=1.50s
[RANGO] autosello BANK · ACECHANDO · Oz=0.0 link=— · manos_feria_informe.json
[RANGO] BANKUSDT_LINEAL last=0.0356 · río=WS · mercado=linear · estado=ACECHANDO · dir=— · 0=0.03547 · Oz=— · Red=— · manos=ON · pos=flat · latido=1.50s
[RANGO] BANKUSDT_LINEAL last=0.03561 · río=WS · mercado=linear · estado=ACECHANDO · dir=— · 0=0.03547 · Oz=— · Red=— · manos=ON · pos=flat · latido=1.50s
[2026-08-31 09:07:12] [TUSK] RECONCILIACIÓN: CRVUSDT_LINEAL: interno L:4.800000/S:0.000000 -> real L:0.000000/S:14.500000
[2026-08-31 09:07:12] [TUSK] RECONCILIACIÓN_OK: 1 frentes alineados con exchange
[RANGO] autosello BANK · ACECHANDO · Oz=0.0 link=— · manos_feria_informe.json
[RANGO] BANKUSDT_LINEAL last=0.0356 · río=WS · mercado=linear · estado=ACECHANDO · dir=— · 0=0.03547 · Oz=— · Red=— · manos=ON · pos=flat · latido=1.50s
[RANGO] autosello BANK · ACECHANDO · Oz=0.0 link=— · manos_feria_informe.json
[RANGO] BANKUSDT_LINEAL last=0.03559 · río=WS · mercado=linear · estado=ACECHANDO · dir=— · 0=0.03547 · Oz=— · Red=— · manos=ON · pos=flat · latido=1.50s
[RANGO] BANKUSDT_LINEAL last=0.03559 · río=WS · mercado=linear · estado=ACECHANDO · dir=— · 0=0.03547 · Oz=— · Red=— · manos=ON · pos=flat · latido=1.50s
[RANGO] autosello BANK · ACECHANDO · Oz=0.0 link=— · manos_feria_informe.json
[RANGO] BANKUSDT_LINEAL last=0.03559 · río=WS · mercado=linear · estado=ACECHANDO · dir=— · 0=0.03547 · Oz=— · Red=— · manos=ON · pos=flat · latido=1.50s
[RANGO] autosello BANK · ACECHANDO · Oz=0.0 link=— · manos_feria_informe.json
[RANGO] BANKUSDT_LINEAL last=0.03557 · río=WS · mercado=linear · estado=ACECHANDO · dir=— · 0=0.03547 · Oz=— · Red=— · manos=ON · pos=flat · latido=1.50s
[RANGO] BANKUSDT_LINEAL last=0.03556 · río=WS · mercado=linear · estado=ACECHANDO · dir=— · 0=0.03547 · Oz=— · Red=— · manos=ON · pos=flat · latido=1.50s
[2026-08-31 09:08:14] [TUSK] RECONCILIACIÓN: PLTRUSDT_LINEAL: interno L:0.000000/S:0.000000 -> real L:0.030000/S:0.000000
[2026-08-31 09:08:14] [TUSK] RECONCILIACIÓN_FANTASMA: POWERUSDT_LINEAL existe interno pero no en exchange -> reseteando
[2026-08-31 09:08:14] [TUSK] RECONCILIACIÓN_OK: 2 frentes alineados con exchange
[RANGO] autosello BANK · ACECHANDO · Oz=0.0 link=— · manos_feria_informe.json
[RANGO] BANKUSDT_LINEAL last=0.03557 · río=WS · mercado=linear · estado=ACECHANDO · dir=— · 0=0.03547 · Oz=— · Red=— · manos=ON · pos=flat · latido=1.50s
[RANGO] autosello BANK · ACECHANDO · Oz=0.0 link=— · manos_feria_informe.json
[RANGO] BANKUSDT_LINEAL last=0.03551 · río=WS · mercado=linear · estado=ACECHANDO · dir=— · 0=0.03547 · Oz=— · Red=— · manos=ON · pos=flat · latido=1.50s
[RANGO] BANKUSDT_LINEAL last=0.03552 · río=WS · mercado=linear · estado=ACECHANDO · dir=— · 0=0.03547 · Oz=— · Red=— · manos=ON · pos=flat · latido=1.50s
[RANGO] autosello BANK · ACECHANDO · Oz=0.0 link=— · manos_feria_informe.json
[RANGO] BANKUSDT_LINEAL last=0.03552 · río=WS · mercado=linear · estado=ACECHANDO · dir=— · 0=0.03547 · Oz=— · Red=— · manos=ON · pos=flat · latido=1.50s
[RANGO] autosello BANK · ACECHANDO · Oz=0.0 link=— · manos_feria_informe.json
[RANGO] BANKUSDT_LINEAL last=0.03552 · río=WS · mercado=linear · estado=ACECHANDO · dir=— · 0=0.03547 · Oz=— · Red=— · manos=ON · pos=flat · latido=1.50s
[RANGO] BANKUSDT_LINEAL last=0.03552 · río=WS · mercado=linear · estado=ACECHANDO · dir=— · 0=0.03547 · Oz=— · Red=— · manos=ON · pos=flat · latido=1.50s
[2026-08-31 09:09:15] [TUSK] RECONCILIACIÓN: LITUSDT_LINEAL: interno L:0.000000/S:0.000000 -> real L:0.000000/S:22.200000
[2026-08-31 09:09:15] [TUSK] RECONCILIACIÓN_FANTASMA: CRDOUSDT_LINEAL existe interno pero no en exchange -> reseteando
[2026-08-31 09:09:15] [TUSK] RECONCILIACIÓN_OK: 2 frentes alineados con exchange
[RANGO] autosello BANK · ACECHANDO · Oz=0.0 link=— · manos_feria_informe.json
[RANGO] BANKUSDT_LINEAL last=0.03552 · río=WS · mercado=linear · estado=ACECHANDO · dir=— · 0=0.03547 · Oz=— · Red=— · manos=ON · pos=flat · latido=1.50s
[RANGO] autosello BANK · ACECHANDO · Oz=0.0 link=— · manos_feria_informe.json
[RANGO] BANKUSDT_LINEAL last=0.03554 · río=WS · mercado=linear · estado=ACECHANDO · dir=— · 0=0.03547 · Oz=— · Red=— · manos=ON · pos=flat · latido=1.50s
[RANGO] BANKUSDT_LINEAL last=0.03554 · río=WS · mercado=linear · estado=ACECHANDO · dir=— · 0=0.03547 · Oz=— · Red=— · manos=ON · pos=flat · latido=1.50s
[RANGO] autosello BANK · ACECHANDO · Oz=0.0 link=— · manos_feria_informe.json
[RANGO] BANKUSDT_LINEAL last=0.03554 · río=WS · mercado=linear · estado=ACECHANDO · dir=— · 0=0.03547 · Oz=— · Red=— · manos=ON · pos=flat · latido=1.50s
[RANGO] autosello BANK · ACECHANDO · Oz=0.0 link=— · manos_feria_informe.json
[RANGO] BANKUSDT_LINEAL last=0.03554 · río=WS · mercado=linear · estado=ACECHANDO · dir=— · 0=0.03547 · Oz=— · Red=— · manos=ON · pos=flat · latido=1.50s
[RANGO] BANKUSDT_LINEAL last=0.03552 · río=WS · mercado=linear · estado=ACECHANDO · dir=— · 0=0.03547 · Oz=— · Red=— · manos=ON · pos=flat · latido=1.50s
[RANGO] autosello BANK · ACECHANDO · Oz=0.0 link=— · manos_feria_informe.json
[2026-08-31 09:10:16] [TUSK] RECONCILIACIÓN: TRBUSDT_LINEAL: interno L:0.000000/S:0.000000 -> real L:5.240000/S:0.000000
[2026-08-31 09:10:16] [TUSK] RECONCILIACIÓN: APRUSDT_LINEAL: interno L:0.000000/S:0.000000 -> real L:73.000000/S:0.000000
[2026-08-31 09:10:17] [TUSK] RECONCILIACIÓN_FANTASMA: UNIUSDT_LINEAL existe interno pero no en exchange -> reseteando
[2026-08-31 09:10:17] [TUSK] RECONCILIACIÓN_FANTASMA: TSEMUSDT_LINEAL existe interno pero no en exchange -> reseteando
[2026-08-31 09:10:17] [TUSK] RECONCILIACIÓN_OK: 4 frentes alineados con exchange
[RANGO] BANKUSDT_LINEAL last=0.03551 · río=WS · mercado=linear · estado=ACECHANDO · dir=— · 0=0.03547 · Oz=— · Red=— · manos=ON · pos=flat · latido=1.50s
[RANGO] autosello BANK · ACECHANDO · Oz=0.0 link=— · manos_feria_informe.json
[RANGO] BANKUSDT_LINEAL last=0.03552 · río=WS · mercado=linear · estado=ACECHANDO · dir=— · 0=0.03547 · Oz=— · Red=— · manos=ON · pos=flat · latido=1.50s
[RANGO] BANKUSDT_LINEAL last=0.03552 · río=WS · mercado=linear · estado=ACECHANDO · dir=— · 0=0.03547 · Oz=— · Red=— · manos=ON · pos=flat · latido=1.50s
[RANGO] autosello BANK · ACECHANDO · Oz=0.0 link=— · manos_feria_informe.json
[RANGO] BANKUSDT_LINEAL last=0.03552 · río=WS · mercado=linear · estado=ACECHANDO · dir=— · 0=0.03547 · Oz=— · Red=— · manos=ON · pos=flat · latido=1.50s
[RANGO] autosello BANK · ACECHANDO · Oz=0.0 link=— · manos_feria_informe.json
[RANGO] BANKUSDT_LINEAL last=0.03553 · río=WS · mercado=linear · estado=ACECHANDO · dir=— · 0=0.03547 · Oz=— · Red=— · manos=ON · pos=flat · latido=1.50s
[RANGO] BANKUSDT_LINEAL last=0.03552 · río=WS · mercado=linear · estado=ACECHANDO · dir=— · 0=0.03547 · Oz=— · Red=— · manos=ON · pos=flat · latido=1.50s
[RANGO] autosello BANK · ACECHANDO · Oz=0.0 link=— · manos_feria_informe.json
[2026-08-31 09:11:18] [TUSK] RECONCILIACIÓN: SOXLUSDT_LINEAL: interno L:0.000000/S:0.000000 -> real L:0.180000/S:0.000000
[2026-08-31 09:11:18] [TUSK] RECONCILIACIÓN_FANTASMA: FLNCUSDT_LINEAL existe interno pero no en exchange -> reseteando
[2026-08-31 09:11:18] [TUSK] RECONCILIACIÓN_OK: 2 frentes alineados con exchange
[RANGO] BANKUSDT_LINEAL last=0.03552 · río=WS · mercado=linear · estado=ACECHANDO · dir=— · 0=0.03547 · Oz=— · Red=— · manos=ON · pos=flat · latido=1.50s
[RANGO] autosello BANK · ACECHANDO · Oz=0.0 link=— · manos_feria_informe.json
[RANGO] BANKUSDT_LINEAL last=0.03553 · río=WS · mercado=linear · estado=ACECHANDO · dir=— · 0=0.03547 · Oz=— · Red=— · manos=ON · pos=flat · latido=1.50s
[RANGO] BANKUSDT_LINEAL last=0.03545 · río=WS · mercado=linear · estado=ACECHANDO · dir=— · 0=0.03547 · Oz=— · Red=— · manos=ON · pos=flat · latido=1.50s
[RANGO] autosello BANK · ACECHANDO · Oz=0.0 link=— · manos_feria_informe.json
[RANGO] BANKUSDT_LINEAL last=0.03551 · río=WS · mercado=linear · estado=ACECHANDO · dir=— · 0=0.03547 · Oz=— · Red=— · manos=ON · pos=flat · latido=1.50s
[RANGO] autosello BANK · ACECHANDO · Oz=0.0 link=— · manos_feria_informe.json
[RANGO] BANKUSDT_LINEAL last=0.03551 · río=WS · mercado=linear · estado=ACECHANDO · dir=— · 0=0.03547 · Oz=— · Red=— · manos=ON · pos=flat · latido=1.50s
[RANGO] BANKUSDT_LINEAL last=0.0355 · río=WS · mercado=linear · estado=ACECHANDO · dir=— · 0=0.03547 · Oz=— · Red=— · manos=ON · pos=flat · latido=1.50s
[RANGO] autosello BANK · ACECHANDO · Oz=0.0 link=— · manos_feria_informe.json
[2026-08-31 09:12:19] [TUSK] RECONCILIACIÓN: AEHRUSDT_LINEAL: interno L:0.000000/S:0.000000 -> real L:0.230000/S:0.000000
[2026-08-31 09:12:19] [TUSK] RECONCILIACIÓN: KSMUSDT_LINEAL: interno L:0.000000/S:0.000000 -> real L:13.470000/S:0.000000
[2026-08-31 09:12:19] [TUSK] RECONCILIACIÓN_FANTASMA: NILUSDT_LINEAL existe interno pero no en exchange -> reseteando
[2026-08-31 09:12:19] [TUSK] RECONCILIACIÓN_FANTASMA: MORPHOUSDT_LINEAL existe interno pero no en exchange -> reseteando
[2026-08-31 09:12:19] [TUSK] RECONCILIACIÓN_OK: 4 frentes alineados con exchange
[RANGO] BANKUSDT_LINEAL last=0.0355 · río=WS · mercado=linear · estado=ACECHANDO · dir=— · 0=0.03547 · Oz=— · Red=— · manos=ON · pos=flat · latido=1.50s
[RANGO] autosello BANK · ACECHANDO · Oz=0.0 link=— · manos_feria_informe.json
[RANGO] BANKUSDT_LINEAL last=0.03549 · río=WS · mercado=linear · estado=ACECHANDO · dir=— · 0=0.03547 · Oz=— · Red=— · manos=ON · pos=flat · latido=1.50s
[RANGO] BANKUSDT_LINEAL last=0.03547 · río=WS · mercado=linear · estado=ACECHANDO · dir=— · 0=0.03547 · Oz=— · Red=— · manos=ON · pos=flat · latido=1.50s
[RANGO] autosello BANK · ACECHANDO · Oz=0.0 link=— · manos_feria_informe.json
[RANGO] BANKUSDT_LINEAL last=0.03548 · río=WS · mercado=linear · estado=ACECHANDO · dir=— · 0=0.03547 · Oz=— · Red=— · manos=ON · pos=flat · latido=1.50s
[RANGO] autosello BANK · ACECHANDO · Oz=0.0 link=— · manos_feria_informe.json
[RANGO] BANKUSDT_LINEAL last=0.03548 · río=WS · mercado=linear · estado=ACECHANDO · dir=— · 0=0.03547 · Oz=— · Red=— · manos=ON · pos=flat · latido=1.50s
[RANGO] BANKUSDT_LINEAL last=0.03547 · río=WS · mercado=linear · estado=ACECHANDO · dir=— · 0=0.03547 · Oz=— · Red=— · manos=ON · pos=flat · latido=1.50s
[RANGO] autosello BANK · ACECHANDO · Oz=0.0 link=— · manos_feria_informe.json
[2026-08-31 09:13:20] [TUSK] RECONCILIACIÓN: POWERUSDT_LINEAL: interno L:0.000000/S:0.000000 -> real L:0.000000/S:173.000000
[2026-08-31 09:13:20] [TUSK] RECONCILIACIÓN: SOXSUSDT_LINEAL: interno L:0.000000/S:0.000000 -> real L:0.000000/S:0.450000
[2026-08-31 09:13:20] [TUSK] RECONCILIACIÓN_FANTASMA: SAMSUNGUSDT_LINEAL existe interno pero no en exchange -> reseteando
[2026-08-31 09:13:20] [TUSK] RECONCILIACIÓN_FANTASMA: NEARUSDT_LINEAL existe interno pero no en exchange -> reseteando
[2026-08-31 09:13:20] [TUSK] RECONCILIACIÓN_OK: 4 frentes alineados con exchange
[RANGO] BANKUSDT_LINEAL last=0.03546 · río=WS · mercado=linear · estado=ACECHANDO · dir=— · 0=0.03547 · Oz=— · Red=— · manos=ON · pos=flat · latido=1.50s
[RANGO] autosello BANK · ACECHANDO · Oz=0.0 link=— · manos_feria_informe.json
[RANGO] BANKUSDT_LINEAL last=0.03547 · río=WS · mercado=linear · estado=ACECHANDO · dir=— · 0=0.03547 · Oz=— · Red=— · manos=ON · pos=flat · latido=1.50s
[RANGO] BANKUSDT_LINEAL last=0.03546 · río=WS · mercado=linear · estado=ACECHANDO · dir=— · 0=0.03547 · Oz=— · Red=— · manos=ON · pos=flat · latido=1.50s
[RANGO] autosello BANK · ACECHANDO · Oz=0.0 link=— · manos_feria_informe.json
[RANGO] BANKUSDT_LINEAL last=0.03546 · río=WS · mercado=linear · estado=ACECHANDO · dir=— · 0=0.03547 · Oz=— · Red=— · manos=ON · pos=flat · latido=1.50s
[RANGO] autosello BANK · ACECHANDO · Oz=0.0 link=— · manos_feria_informe.json
[RANGO] BANKUSDT_LINEAL last=0.03546 · río=WS · mercado=linear · estado=ACECHANDO · dir=— · 0=0.03547 · Oz=— · Red=— · manos=ON · pos=flat · latido=1.50s
[RANGO] BANKUSDT_LINEAL last=0.03546 · río=WS · mercado=linear · estado=ACECHANDO · dir=— · 0=0.03547 · Oz=— · Red=— · manos=ON · pos=flat · latido=1.50s
[RANGO] autosello BANK · ACECHANDO · Oz=0.0 link=— · manos_feria_informe.json
[RANGO] BANKUSDT_LINEAL last=0.03546 · río=WS · mercado=linear · estado=ACECHANDO · dir=— · 0=0.03547 · Oz=— · Red=— · manos=ON · pos=flat · latido=1.50s
[2026-08-31 09:14:22] [TUSK] RECONCILIACIÓN: KORUUSDT_LINEAL: interno L:0.000000/S:0.000000 -> real L:0.000000/S:4.870000
[2026-08-31 09:14:22] [TUSK] RECONCILIACIÓN: ARMUSDT_LINEAL: interno L:0.000000/S:0.000000 -> real L:0.450000/S:0.000000
[2026-08-31 09:14:22] [TUSK] RECONCILIACIÓN_FANTASMA: WDCUSDT_LINEAL existe interno pero no en exchange -> reseteando
[2026-08-31 09:14:22] [TUSK] RECONCILIACIÓN_FANTASMA: BLUAIUSDT_LINEAL existe interno pero no en exchange -> reseteando
[2026-08-31 09:14:22] [TUSK] RECONCILIACIÓN_OK: 4 frentes alineados con exchange
[RANGO] autosello BANK · ACECHANDO · Oz=0.0 link=— · manos_feria_informe.json
[RANGO] BANKUSDT_LINEAL last=0.03546 · río=WS · mercado=linear · estado=ACECHANDO · dir=— · 0=0.03547 · Oz=— · Red=— · manos=ON · pos=flat · latido=1.50s
[RANGO] BANKUSDT_LINEAL last=0.03547 · río=WS · mercado=linear · estado=ACECHANDO · dir=— · 0=0.03547 · Oz=— · Red=— · manos=ON · pos=flat · latido=1.50s
[RANGO] autosello BANK · ACECHANDO · Oz=0.0 link=— · manos_feria_informe.json
[RANGO] BANKUSDT_LINEAL last=0.03552 · río=WS · mercado=linear · estado=ACECHANDO · dir=— · 0=0.03547 · Oz=— · Red=— · manos=ON · pos=flat · latido=1.50s
[RANGO] autosello BANK · ACECHANDO · Oz=0.0 link=— · manos_feria_informe.json
[RANGO] BANKUSDT_LINEAL last=0.03546 · río=WS · mercado=linear · estado=ACECHANDO · dir=— · 0=0.03547 · Oz=— · Red=— · manos=ON · pos=flat · latido=1.50s
[RANGO] BANKUSDT_LINEAL last=0.03547 · río=WS · mercado=linear · estado=ACECHANDO · dir=— · 0=0.03547 · Oz=— · Red=— · manos=ON · pos=flat · latido=1.50s
[RANGO] autosello BANK · ACECHANDO · Oz=0.0 link=— · manos_feria_informe.json
[RANGO] BANKUSDT_LINEAL last=0.03548 · río=WS · mercado=linear · estado=ACECHANDO · dir=— · 0=0.03547 · Oz=— · Red=— · manos=ON · pos=flat · latido=1.50s
[RANGO] autosello BANK · ACECHANDO · Oz=0.0 link=— · manos_feria_informe.json
[RANGO] BANKUSDT_LINEAL last=0.03549 · río=WS · mercado=linear · estado=ACECHANDO · dir=— · 0=0.03547 · Oz=— · Red=— · manos=ON · pos=flat · latido=1.50s
[RANGO] BANKUSDT_LINEAL last=0.03549 · río=WS · mercado=linear · estado=ACECHANDO · dir=— · 0=0.03547 · Oz=— · Red=— · manos=ON · pos=flat · latido=1.50s
[RANGO] autosello BANK · ACECHANDO · Oz=0.0 link=— · manos_feria_informe.json
[RANGO] BANKUSDT_LINEAL last=0.03548 · río=WS · mercado=linear · estado=ACECHANDO · dir=— · 0=0.03547 · Oz=— · Red=— · manos=ON · pos=flat · latido=1.50s
[RANGO] autosello BANK · ACECHANDO · Oz=0.0 link=— · manos_feria_informe.json
[RANGO] BANKUSDT_LINEAL last=0.0355 · río=WS · mercado=linear · estado=ACECHANDO · dir=— · 0=0.03547 · Oz=— · Red=— · manos=ON · pos=flat · latido=1.50s
[RANGO] BANKUSDT_LINEAL last=0.03553 · río=WS · mercado=linear · estado=ACECHANDO · dir=— · 0=0.03547 · Oz=— · Red=— · manos=ON · pos=flat · latido=1.50s
[RANGO] autosello BANK · ACECHANDO · Oz=0.0 link=— · manos_feria_informe.json
[RANGO] BANKUSDT_LINEAL last=0.03553 · río=WS · mercado=linear · estado=ACECHANDO · dir=— · 0=0.03547 · Oz=— · Red=— · manos=ON · pos=flat · latido=1.50s
[RANGO] autosello BANK · ACECHANDO · Oz=0.0 link=— · manos_feria_informe.json
[RANGO] BANKUSDT_LINEAL last=0.03552 · río=WS · mercado=linear · estado=ACECHANDO · dir=— · 0=0.03547 · Oz=— · Red=— · manos=ON · pos=flat · latido=1.50s
[RANGO] BANKUSDT_LINEAL last=0.03551 · río=WS · mercado=linear · estado=ACECHANDO · dir=— · 0=0.03547 · Oz=— · Red=— · manos=ON · pos=flat · latido=1.50s
[RANGO] autosello BANK · ACECHANDO · Oz=0.0 link=— · manos_feria_informe.json
[RANGO] BANKUSDT_LINEAL last=0.03551 · río=WS · mercado=linear · estado=ACECHANDO · dir=— · 0=0.03547 · Oz=— · Red=— · manos=ON · pos=flat · latido=1.50s
[RANGO] autosello BANK · ACECHANDO · Oz=0.0 link=— · manos_feria_informe.json
[RANGO] BANKUSDT_LINEAL last=0.03552 · río=WS · mercado=linear · estado=ACECHANDO · dir=— · 0=0.03547 · Oz=— · Red=— · manos=ON · pos=flat · latido=1.50s
[RANGO] BANKUSDT_LINEAL last=0.03551 · río=WS · mercado=linear · estado=ACECHANDO · dir=— · 0=0.03547 · Oz=— · Red=— · manos=ON · pos=flat · latido=1.50s
[RANGO] autosello BANK · ACECHANDO · Oz=0.0 link=— · manos_feria_informe.json
[RANGO] BANKUSDT_LINEAL last=0.03553 · río=WS · mercado=linear · estado=ACECHANDO · dir=— · 0=0.03547 · Oz=— · Red=— · manos=ON · pos=flat · latido=1.50s
[2026-08-31 09:17:26] [TUSK] RECONCILIACIÓN: QNTXUSDT_LINEAL: interno L:0.000000/S:0.000000 -> real L:0.400000/S:0.000000
[2026-08-31 09:17:26] [TUSK] RECONCILIACIÓN: XANUSDT_LINEAL: interno L:0.000000/S:0.000000 -> real L:107.000000/S:0.000000
[2026-08-31 09:17:26] [TUSK] RECONCILIACIÓN: POWERUSDT_LINEAL: interno L:0.000000/S:173.000000 -> real L:0.000000/S:232.000000
[2026-08-31 09:17:26] [TUSK] RECONCILIACIÓN: CRVUSDT_LINEAL: interno L:0.000000/S:14.500000 -> real L:0.000000/S:30.400000
[2026-08-31 09:17:26] [TUSK] RECONCILIACIÓN_FANTASMA: INTWUSDT_LINEAL existe interno pero no en exchange -> reseteando
[2026-08-31 09:17:26] [TUSK] RECONCILIACIÓN_FANTASMA: COTIUSDT_LINEAL existe interno pero no en exchange -> reseteando
[2026-08-31 09:17:26] [TUSK] RECONCILIACIÓN_OK: 6 frentes alineados con exchange
[RANGO] autosello BANK · ACECHANDO · Oz=0.0 link=— · manos_feria_informe.json
[RANGO] BANKUSDT_LINEAL last=0.03553 · río=WS · mercado=linear · estado=ACECHANDO · dir=— · 0=0.03547 · Oz=— · Red=— · manos=ON · pos=flat · latido=1.50s
[RANGO] BANKUSDT_LINEAL last=0.03553 · río=ciego/muleta · mercado=linear · estado=ACECHANDO · dir=— · 0=0.03547 · Oz=— · Red=— · manos=ON · pos=flat · latido=1.50s
[RANGO] autosello BANK · ACECHANDO · Oz=0.0 link=— · manos_feria_informe.json
[RANGO] BANKUSDT_LINEAL last=0.03552 · río=WS · mercado=linear · estado=ACECHANDO · dir=— · 0=0.03547 · Oz=— · Red=— · manos=ON · pos=flat · latido=1.50s
[RANGO] autosello BANK · ACECHANDO · Oz=0.0 link=— · manos_feria_informe.json
[RANGO] BANKUSDT_LINEAL last=0.03553 · río=ciego/muleta · mercado=linear · estado=ACECHANDO · dir=— · 0=0.03547 · Oz=— · Red=— · manos=ON · pos=flat · latido=1.50s
[RANGO] BANKUSDT_LINEAL last=0.03552 · río=WS · mercado=linear · estado=ACECHANDO · dir=— · 0=0.03547 · Oz=— · Red=— · manos=ON · pos=flat · latido=1.50s
[RANGO] autosello BANK · ACECHANDO · Oz=0.0 link=— · manos_feria_informe.json
[RANGO] BANKUSDT_LINEAL last=0.03553 · río=WS · mercado=linear · estado=ACECHANDO · dir=— · 0=0.03547 · Oz=— · Red=— · manos=ON · pos=flat · latido=1.50s
[2026-08-31 09:18:27] [TUSK] RECONCILIACIÓN: BROCCOLIUSDT_LINEAL: interno L:0.000000/S:0.000000 -> real L:3070.000000/S:0.000000
[2026-08-31 09:18:27] [TUSK] RECONCILIACIÓN_FANTASMA: DASHUSDT_LINEAL existe interno pero no en exchange -> reseteando
[2026-08-31 09:18:27] [TUSK] RECONCILIACIÓN_OK: 2 frentes alineados con exchange
[RANGO] autosello BANK · ACECHANDO · Oz=0.0 link=— · manos_feria_informe.json
[RANGO] BANKUSDT_LINEAL last=0.03552 · río=WS · mercado=linear · estado=ACECHANDO · dir=— · 0=0.03547 · Oz=— · Red=— · manos=ON · pos=flat · latido=1.50s
[RANGO] BANKUSDT_LINEAL last=0.03559 · río=WS · mercado=linear · estado=ACECHANDO · dir=— · 0=0.03547 · Oz=— · Red=— · manos=ON · pos=flat · latido=1.50s
[RANGO] autosello BANK · ACECHANDO · Oz=0.0 link=— · manos_feria_informe.json
[RANGO] BANKUSDT_LINEAL last=0.03561 · río=WS · mercado=linear · estado=ACECHANDO · dir=— · 0=0.03547 · Oz=— · Red=— · manos=ON · pos=flat · latido=1.50s
[RANGO] autosello BANK · ACECHANDO · Oz=0.0 link=— · manos_feria_informe.json
[RANGO] BANKUSDT_LINEAL last=0.03559 · río=WS · mercado=linear · estado=ACECHANDO · dir=— · 0=0.03547 · Oz=— · Red=— · manos=ON · pos=flat · latido=1.50s
[RANGO] BANKUSDT_LINEAL last=0.03557 · río=WS · mercado=linear · estado=ACECHANDO · dir=— · 0=0.03547 · Oz=— · Red=— · manos=ON · pos=flat · latido=1.50s
[RANGO] autosello BANK · ACECHANDO · Oz=0.0 link=— · manos_feria_informe.json
[RANGO] BANKUSDT_LINEAL last=0.03555 · río=WS · mercado=linear · estado=ACECHANDO · dir=— · 0=0.03547 · Oz=— · Red=— · manos=ON · pos=flat · latido=1.50s
[RANGO] autosello BANK · ACECHANDO · Oz=0.0 link=— · manos_feria_informe.json
[RANGO] BANKUSDT_LINEAL last=0.03558 · río=WS · mercado=linear · estado=ACECHANDO · dir=— · 0=0.03547 · Oz=— · Red=— · manos=ON · pos=flat · latido=1.50s
[RANGO] BANKUSDT_LINEAL last=0.03556 · río=WS · mercado=linear · estado=ACECHANDO · dir=— · 0=0.03547 · Oz=— · Red=— · manos=ON · pos=flat · latido=1.50s
[RANGO] autosello BANK · ACECHANDO · Oz=0.0 link=— · manos_feria_informe.json
[RANGO] BANKUSDT_LINEAL last=0.03555 · río=WS · mercado=linear · estado=ACECHANDO · dir=— · 0=0.03547 · Oz=— · Red=— · manos=ON · pos=flat · latido=1.50s
[RANGO] autosello BANK · ACECHANDO · Oz=0.0 link=— · manos_feria_informe.json
[RANGO] BANKUSDT_LINEAL last=0.03555 · río=WS · mercado=linear · estado=ACECHANDO · dir=— · 0=0.03547 · Oz=— · Red=— · manos=ON · pos=flat · latido=1.50s
[RANGO] BANKUSDT_LINEAL last=0.03555 · río=WS · mercado=linear · estado=ACECHANDO · dir=— · 0=0.03547 · Oz=— · Red=— · manos=ON · pos=flat · latido=1.50s
[RANGO] autosello BANK · ACECHANDO · Oz=0.0 link=— · manos_feria_informe.json
[RANGO] BANKUSDT_LINEAL last=0.03558 · río=WS · mercado=linear · estado=ACECHANDO · dir=— · 0=0.03547 · Oz=— · Red=— · manos=ON · pos=flat · latido=1.50s
[2026-08-31 09:20:30] [TUSK] RECONCILIACIÓN: MUBARAKUSDT_LINEAL: interno L:0.000000/S:0.000000 -> real L:9963.000000/S:0.000000
[2026-08-31 09:20:30] [TUSK] RECONCILIACIÓN_FANTASMA: CRCLUSDT_LINEAL existe interno pero no en exchange -> reseteando
[2026-08-31 09:20:30] [TUSK] RECONCILIACIÓN_OK: 2 frentes alineados con exchange
[RANGO] autosello BANK · ACECHANDO · Oz=0.0 link=— · manos_feria_informe.json
[RANGO] BANKUSDT_LINEAL last=0.03554 · río=WS · mercado=linear · estado=ACECHANDO · dir=— · 0=0.03547 · Oz=— · Red=— · manos=ON · pos=flat · latido=1.50s
[RANGO] BANKUSDT_LINEAL last=0.03555 · río=WS · mercado=linear · estado=ACECHANDO · dir=— · 0=0.03547 · Oz=— · Red=— · manos=ON · pos=flat · latido=1.50s
[RANGO] autosello BANK · ACECHANDO · Oz=0.0 link=— · manos_feria_informe.json
[RANGO] BANKUSDT_LINEAL last=0.03556 · río=WS · mercado=linear · estado=ACECHANDO · dir=— · 0=0.03547 · Oz=— · Red=— · manos=ON · pos=flat · latido=1.50s
[RANGO] autosello BANK · ACECHANDO · Oz=0.0 link=— · manos_feria_informe.json
[RANGO] BANKUSDT_LINEAL last=0.03555 · río=WS · mercado=linear · estado=ACECHANDO · dir=— · 0=0.03547 · Oz=— · Red=— · manos=ON · pos=flat · latido=1.50s
[RANGO] BANKUSDT_LINEAL last=0.03555 · río=WS · mercado=linear · estado=ACECHANDO · dir=— · 0=0.03547 · Oz=— · Red=— · manos=ON · pos=flat · latido=1.50s
[RANGO] autosello BANK · ACECHANDO · Oz=0.0 link=— · manos_feria_informe.json
[RANGO] BANKUSDT_LINEAL last=0.03556 · río=WS · mercado=linear · estado=ACECHANDO · dir=— · 0=0.03547 · Oz=— · Red=— · manos=ON · pos=flat · latido=1.50s
[RANGO] autosello BANK · ACECHANDO · Oz=0.0 link=— · manos_feria_informe.json
[RANGO] BANKUSDT_LINEAL last=0.03556 · río=WS · mercado=linear · estado=ACECHANDO · dir=— · 0=0.03547 · Oz=— · Red=— · manos=ON · pos=flat · latido=1.50s
[RANGO] BANKUSDT_LINEAL last=0.03557 · río=WS · mercado=linear · estado=ACECHANDO · dir=— · 0=0.03547 · Oz=— · Red=— · manos=ON · pos=flat · latido=1.50s
[RANGO] autosello BANK · ACECHANDO · Oz=0.0 link=— · manos_feria_informe.json
[RANGO] BANKUSDT_LINEAL last=0.03556 · río=WS · mercado=linear · estado=ACECHANDO · dir=— · 0=0.03547 · Oz=— · Red=— · manos=ON · pos=flat · latido=1.50s
[RANGO] autosello BANK · ACECHANDO · Oz=0.0 link=— · manos_feria_informe.json
[RANGO] BANKUSDT_LINEAL last=0.03557 · río=WS · mercado=linear · estado=ACECHANDO · dir=— · 0=0.03547 · Oz=— · Red=— · manos=ON · pos=flat · latido=1.50s
[RANGO] BANKUSDT_LINEAL last=0.03557 · río=WS · mercado=linear · estado=ACECHANDO · dir=— · 0=0.03547 · Oz=— · Red=— · manos=ON · pos=flat · latido=1.50s
[RANGO] autosello BANK · ACECHANDO · Oz=0.0 link=— · manos_feria_informe.json
[RANGO] BANKUSDT_LINEAL last=0.03557 · río=WS · mercado=linear · estado=ACECHANDO · dir=— · 0=0.03547 · Oz=— · Red=— · manos=ON · pos=flat · latido=1.50s
[RANGO] autosello BANK · ACECHANDO · Oz=0.0 link=— · manos_feria_informe.json
[2026-08-31 09:22:32] [TUSK] RECONCILIACIÓN: LITUSDT_LINEAL: interno L:0.000000/S:22.200000 -> real L:0.000000/S:23.600000
[2026-08-31 09:22:32] [TUSK] RECONCILIACIÓN: SNXXUSDT_LINEAL: interno L:0.000000/S:0.000000 -> real L:6.090000/S:0.000000
[2026-08-31 09:22:32] [TUSK] RECONCILIACIÓN_FANTASMA: BSPUSDT_LINEAL existe interno pero no en exchange -> reseteando
[2026-08-31 09:22:32] [TUSK] RECONCILIACIÓN_OK: 3 frentes alineados con exchange
[RANGO] BANKUSDT_LINEAL last=0.03557 · río=WS · mercado=linear · estado=ACECHANDO · dir=— · 0=0.03547 · Oz=— · Red=— · manos=ON · pos=flat · latido=1.50s
[RANGO] BANKUSDT_LINEAL last=0.03557 · río=WS · mercado=linear · estado=ACECHANDO · dir=— · 0=0.03547 · Oz=— · Red=— · manos=ON · pos=flat · latido=1.50s
[RANGO] autosello BANK · ACECHANDO · Oz=0.0 link=— · manos_feria_informe.json
[RANGO] BANKUSDT_LINEAL last=0.03557 · río=WS · mercado=linear · estado=ACECHANDO · dir=— · 0=0.03547 · Oz=— · Red=— · manos=ON · pos=flat · latido=1.50s
[RANGO] autosello BANK · ACECHANDO · Oz=0.0 link=— · manos_feria_informe.json
[RANGO] BANKUSDT_LINEAL last=0.03557 · río=WS · mercado=linear · estado=ACECHANDO · dir=— · 0=0.03547 · Oz=— · Red=— · manos=ON · pos=flat · latido=1.50s
[RANGO] BANKUSDT_LINEAL last=0.03557 · río=WS · mercado=linear · estado=ACECHANDO · dir=— · 0=0.03547 · Oz=— · Red=— · manos=ON · pos=flat · latido=1.50s
[RANGO] autosello BANK · ACECHANDO · Oz=0.0 link=— · manos_feria_informe.json
[RANGO] BANKUSDT_LINEAL last=0.03556 · río=WS · mercado=linear · estado=ACECHANDO · dir=— · 0=0.03547 · Oz=— · Red=— · manos=ON · pos=flat · latido=1.50s
[RANGO] autosello BANK · ACECHANDO · Oz=0.0 link=— · manos_feria_informe.json
[RANGO] BANKUSDT_LINEAL last=0.03556 · río=WS · mercado=linear · estado=ACECHANDO · dir=— · 0=0.03547 · Oz=— · Red=— · manos=ON · pos=flat · latido=1.50s
[2026-08-31 09:23:33] [TUSK] RECONCILIACIÓN: POWERUSDT_LINEAL: interno L:0.000000/S:232.000000 -> real L:0.000000/S:290.000000
[2026-08-31 09:23:33] [TUSK] RECONCILIACIÓN: CHIPUSDT_LINEAL: interno L:0.000000/S:0.000000 -> real L:390.000000/S:0.000000
[2026-08-31 09:23:33] [TUSK] RECONCILIACIÓN_FANTASMA: AAOIUSDT_LINEAL existe interno pero no en exchange -> reseteando
[2026-08-31 09:23:33] [TUSK] RECONCILIACIÓN_OK: 3 frentes alineados con exchange
[RANGO] BANKUSDT_LINEAL last=0.03557 · río=WS · mercado=linear · estado=ACECHANDO · dir=— · 0=0.03547 · Oz=— · Red=— · manos=ON · pos=flat · latido=1.50s
[RANGO] autosello BANK · ACECHANDO · Oz=0.0 link=— · manos_feria_informe.json
[RANGO] BANKUSDT_LINEAL last=0.03557 · río=WS · mercado=linear · estado=ACECHANDO · dir=— · 0=0.03547 · Oz=— · Red=— · manos=ON · pos=flat · latido=1.50s
[RANGO] autosello BANK · ACECHANDO · Oz=0.0 link=— · manos_feria_informe.json
[RANGO] BANKUSDT_LINEAL last=0.03557 · río=WS · mercado=linear · estado=ACECHANDO · dir=— · 0=0.03547 · Oz=— · Red=— · manos=ON · pos=flat · latido=1.50s
[RANGO] BANKUSDT_LINEAL last=0.03557 · río=WS · mercado=linear · estado=ACECHANDO · dir=— · 0=0.03547 · Oz=— · Red=— · manos=ON · pos=flat · latido=1.50s
[RANGO] autosello BANK · ACECHANDO · Oz=0.0 link=— · manos_feria_informe.json
[RANGO] BANKUSDT_LINEAL last=0.03556 · río=WS · mercado=linear · estado=ACECHANDO · dir=— · 0=0.03547 · Oz=— · Red=— · manos=ON · pos=flat · latido=1.50s
[RANGO] autosello BANK · ACECHANDO · Oz=0.0 link=— · manos_feria_informe.json
[RANGO] BANKUSDT_LINEAL last=0.03557 · río=WS · mercado=linear · estado=ACECHANDO · dir=— · 0=0.03547 · Oz=— · Red=— · manos=ON · pos=flat · latido=1.50s
[RANGO] BANKUSDT_LINEAL last=0.03556 · río=WS · mercado=linear · estado=ACECHANDO · dir=— · 0=0.03547 · Oz=— · Red=— · manos=ON · pos=flat · latido=1.50s
[RANGO] autosello BANK · ACECHANDO · Oz=0.0 link=— · manos_feria_informe.json
[RANGO] BANKUSDT_LINEAL last=0.03557 · río=WS · mercado=linear · estado=ACECHANDO · dir=— · 0=0.03547 · Oz=— · Red=— · manos=ON · pos=flat · latido=1.50s
[RANGO] autosello BANK · ACECHANDO · Oz=0.0 link=— · manos_feria_informe.json
[RANGO] BANKUSDT_LINEAL last=0.03556 · río=WS · mercado=linear · estado=ACECHANDO · dir=— · 0=0.03547 · Oz=— · Red=— · manos=ON · pos=flat · latido=1.50s
[RANGO] BANKUSDT_LINEAL last=0.03557 · río=WS · mercado=linear · estado=ACECHANDO · dir=— · 0=0.03547 · Oz=— · Red=— · manos=ON · pos=flat · latido=1.50s
[RANGO] autosello BANK · ACECHANDO · Oz=0.0 link=— · manos_feria_informe.json
[RANGO] BANKUSDT_LINEAL last=0.03557 · río=WS · mercado=linear · estado=ACECHANDO · dir=— · 0=0.03547 · Oz=— · Red=— · manos=ON · pos=flat · latido=1.50s
[RANGO] autosello BANK · ACECHANDO · Oz=0.0 link=— · manos_feria_informe.json
[RANGO] BANKUSDT_LINEAL last=0.03558 · río=WS · mercado=linear · estado=ACECHANDO · dir=— · 0=0.03547 · Oz=— · Red=— · manos=ON · pos=flat · latido=1.50s
[RANGO] BANKUSDT_LINEAL last=0.03558 · río=WS · mercado=linear · estado=ACECHANDO · dir=— · 0=0.03547 · Oz=— · Red=— · manos=ON · pos=flat · latido=1.50s
[RANGO] autosello BANK · ACECHANDO · Oz=0.0 link=— · manos_feria_informe.json
[RANGO] BANKUSDT_LINEAL last=0.03558 · río=WS · mercado=linear · estado=ACECHANDO · dir=— · 0=0.03547 · Oz=— · Red=— · manos=ON · pos=flat · latido=1.50s
[RANGO] autosello BANK · ACECHANDO · Oz=0.0 link=— · manos_feria_informe.json
[RANGO] BANKUSDT_LINEAL last=0.03555 · río=WS · mercado=linear · estado=ACECHANDO · dir=— · 0=0.03547 · Oz=— · Red=— · manos=ON · pos=flat · latido=1.50s
[RANGO] BANKUSDT_LINEAL last=0.03558 · río=WS · mercado=linear · estado=ACECHANDO · dir=— · 0=0.03547 · Oz=— · Red=— · manos=ON · pos=flat · latido=1.50s
[RANGO] autosello BANK · ACECHANDO · Oz=0.0 link=— · manos_feria_informe.json
[RANGO] BANKUSDT_LINEAL last=0.03558 · río=WS · mercado=linear · estado=ACECHANDO · dir=— · 0=0.03547 · Oz=— · Red=— · manos=ON · pos=flat · latido=1.50s
[RANGO] autosello BANK · ACECHANDO · Oz=0.0 link=— · manos_feria_informe.json
[RANGO] BANKUSDT_LINEAL last=0.03557 · río=WS · mercado=linear · estado=ACECHANDO · dir=— · 0=0.03547 · Oz=— · Red=— · manos=ON · pos=flat · latido=1.50s
[2026-08-31 09:26:37] [TUSK] RECONCILIACIÓN: ZKPUSDT_LINEAL: interno L:0.000000/S:0.000000 -> real L:1496.000000/S:0.000000
[2026-08-31 09:26:37] [TUSK] RECONCILIACIÓN: AXTIUSDT_LINEAL: interno L:0.000000/S:0.000000 -> real L:1.600000/S:0.000000
[2026-08-31 09:26:37] [TUSK] RECONCILIACIÓN: NILUSDT_LINEAL: interno L:0.000000/S:0.000000 -> real L:126.000000/S:0.000000
[2026-08-31 09:26:37] [TUSK] RECONCILIACIÓN_FANTASMA: BIOUSDT_LINEAL existe interno pero no en exchange -> reseteando
[2026-08-31 09:26:37] [TUSK] RECONCILIACIÓN_FANTASMA: PLTRUSDT_LINEAL existe interno pero no en exchange -> reseteando
[2026-08-31 09:26:37] [TUSK] RECONCILIACIÓN_FANTASMA: TRBUSDT_LINEAL existe interno pero no en exchange -> reseteando
[2026-08-31 09:26:37] [TUSK] RECONCILIACIÓN_OK: 6 frentes alineados con exchange
[RANGO] BANKUSDT_LINEAL last=0.03557 · río=WS · mercado=linear · estado=ACECHANDO · dir=— · 0=0.03547 · Oz=— · Red=— · manos=ON · pos=flat · latido=1.50s
[RANGO] autosello BANK · ACECHANDO · Oz=0.0 link=— · manos_feria_informe.json
[RANGO] BANKUSDT_LINEAL last=0.03558 · río=WS · mercado=linear · estado=ACECHANDO · dir=— · 0=0.03547 · Oz=— · Red=— · manos=ON · pos=flat · latido=1.50s
[RANGO] autosello BANK · ACECHANDO · Oz=0.0 link=— · manos_feria_informe.json
[RANGO] BANKUSDT_LINEAL last=0.03557 · río=WS · mercado=linear · estado=ACECHANDO · dir=— · 0=0.03547 · Oz=— · Red=— · manos=ON · pos=flat · latido=1.50s
[RANGO] BANKUSDT_LINEAL last=0.03557 · río=WS · mercado=linear · estado=ACECHANDO · dir=— · 0=0.03547 · Oz=— · Red=— · manos=ON · pos=flat · latido=1.50s
[RANGO] autosello BANK · ACECHANDO · Oz=0.0 link=— · manos_feria_informe.json
[RANGO] BANKUSDT_LINEAL last=0.03559 · río=WS · mercado=linear · estado=ACECHANDO · dir=— · 0=0.03547 · Oz=— · Red=— · manos=ON · pos=flat · latido=1.50s
[RANGO] autosello BANK · ACECHANDO · Oz=0.0 link=— · manos_feria_informe.json
[RANGO] BANKUSDT_LINEAL last=0.03559 · río=WS · mercado=linear · estado=ACECHANDO · dir=— · 0=0.03547 · Oz=— · Red=— · manos=ON · pos=flat · latido=1.50s
[2026-08-31 09:27:38] [TUSK] RECONCILIACIÓN: PLTRUSDT_LINEAL: interno L:0.000000/S:0.000000 -> real L:0.030000/S:0.000000
[2026-08-31 09:27:38] [TUSK] RECONCILIACIÓN_FANTASMA: SOXLUSDT_LINEAL existe interno pero no en exchange -> reseteando
[2026-08-31 09:27:38] [TUSK] RECONCILIACIÓN_OK: 2 frentes alineados con exchange
[RANGO] BANKUSDT_LINEAL last=0.03556 · río=WS · mercado=linear · estado=ACECHANDO · dir=— · 0=0.03547 · Oz=— · Red=— · manos=ON · pos=flat · latido=1.50s
[RANGO] autosello BANK · ACECHANDO · Oz=0.0 link=— · manos_feria_informe.json
[RANGO] BANKUSDT_LINEAL last=0.0356 · río=WS · mercado=linear · estado=ACECHANDO · dir=— · 0=0.03547 · Oz=— · Red=— · manos=ON · pos=flat · latido=1.50s
[RANGO] autosello BANK · ACECHANDO · Oz=0.0 link=— · manos_feria_informe.json
[RANGO] BANKUSDT_LINEAL last=0.0356 · río=WS · mercado=linear · estado=ACECHANDO · dir=— · 0=0.03547 · Oz=— · Red=— · manos=ON · pos=flat · latido=1.50s
[RANGO] BANKUSDT_LINEAL last=0.0356 · río=WS · mercado=linear · estado=ACECHANDO · dir=— · 0=0.03547 · Oz=— · Red=— · manos=ON · pos=flat · latido=1.50s
[RANGO] autosello BANK · ACECHANDO · Oz=0.0 link=— · manos_feria_informe.json
[RANGO] BANKUSDT_LINEAL last=0.0356 · río=WS · mercado=linear · estado=ACECHANDO · dir=— · 0=0.03547 · Oz=— · Red=— · manos=ON · pos=flat · latido=1.50s
[RANGO] autosello BANK · ACECHANDO · Oz=0.0 link=— · manos_feria_informe.json
[RANGO] BANKUSDT_LINEAL last=0.03561 · río=WS · mercado=linear · estado=ACECHANDO · dir=— · 0=0.03547 · Oz=— · Red=— · manos=ON · pos=flat · latido=1.50s
[RANGO] BANKUSDT_LINEAL last=0.03557 · río=WS · mercado=linear · estado=ACECHANDO · dir=— · 0=0.03547 · Oz=— · Red=— · manos=ON · pos=flat · latido=1.50s
[RANGO] autosello BANK · ACECHANDO · Oz=0.0 link=— · manos_feria_informe.json
[RANGO] BANKUSDT_LINEAL last=0.03562 · río=ciego/muleta · mercado=linear · estado=ACECHANDO · dir=— · 0=0.03547 · Oz=— · Red=— · manos=ON · pos=flat · latido=1.50s
[RANGO] autosello BANK · ACECHANDO · Oz=0.0 link=— · manos_feria_informe.json
[RANGO] BANKUSDT_LINEAL last=0.0356 · río=WS · mercado=linear · estado=ACECHANDO · dir=— · 0=0.03547 · Oz=— · Red=— · manos=ON · pos=flat · latido=1.50s
[RANGO] BANKUSDT_LINEAL last=0.0356 · río=WS · mercado=linear · estado=ACECHANDO · dir=— · 0=0.03547 · Oz=— · Red=— · manos=ON · pos=flat · latido=1.50s
[RANGO] autosello BANK · ACECHANDO · Oz=0.0 link=— · manos_feria_informe.json
[RANGO] BANKUSDT_LINEAL last=0.0356 · río=WS · mercado=linear · estado=ACECHANDO · dir=— · 0=0.03547 · Oz=— · Red=— · manos=ON · pos=flat · latido=1.50s
[RANGO] autosello BANK · ACECHANDO · Oz=0.0 link=— · manos_feria_informe.json
[RANGO] BANKUSDT_LINEAL last=0.0356 · río=WS · mercado=linear · estado=ACECHANDO · dir=— · 0=0.03547 · Oz=— · Red=— · manos=ON · pos=flat · latido=1.50s
[2026-08-31 09:29:41] [TUSK] RECONCILIACIÓN: POWERUSDT_LINEAL: interno L:0.000000/S:290.000000 -> real L:0.000000/S:347.000000
[2026-08-31 09:29:41] [TUSK] RECONCILIACIÓN: SAMSUNGUSDT_LINEAL: interno L:0.000000/S:0.000000 -> real L:0.000000/S:0.110000
[2026-08-31 09:29:41] [TUSK] RECONCILIACIÓN_FANTASMA: KSMUSDT_LINEAL existe interno pero no en exchange -> reseteando
[2026-08-31 09:29:41] [TUSK] RECONCILIACIÓN_OK: 3 frentes alineados con exchange
[RANGO] BANKUSDT_LINEAL last=0.0356 · río=WS · mercado=linear · estado=ACECHANDO · dir=— · 0=0.03547 · Oz=— · Red=— · manos=ON · pos=flat · latido=1.50s
[RANGO] autosello BANK · ACECHANDO · Oz=0.0 link=— · manos_feria_informe.json
[RANGO] BANKUSDT_LINEAL last=0.0356 · río=WS · mercado=linear · estado=ACECHANDO · dir=— · 0=0.03547 · Oz=— · Red=— · manos=ON · pos=flat · latido=1.50s
[RANGO] autosello BANK · ACECHANDO · Oz=0.0 link=— · manos_feria_informe.json
[RANGO] BANKUSDT_LINEAL last=0.0356 · río=WS · mercado=linear · estado=ACECHANDO · dir=— · 0=0.03547 · Oz=— · Red=— · manos=ON · pos=flat · latido=1.50s
[RANGO] BANKUSDT_LINEAL last=0.0356 · río=WS · mercado=linear · estado=ACECHANDO · dir=— · 0=0.03547 · Oz=— · Red=— · manos=ON · pos=flat · latido=1.50s
[RANGO] autosello BANK · ACECHANDO · Oz=0.0 link=— · manos_feria_informe.json
[RANGO] BANKUSDT_LINEAL last=0.03556 · río=WS · mercado=linear · estado=ACECHANDO · dir=— · 0=0.03547 · Oz=— · Red=— · manos=ON · pos=flat · latido=1.50s
[RANGO] autosello BANK · ACECHANDO · Oz=0.0 link=— · manos_feria_informe.json
[RANGO] BANKUSDT_LINEAL last=0.03557 · río=WS · mercado=linear · estado=ACECHANDO · dir=— · 0=0.03547 · Oz=— · Red=— · manos=ON · pos=flat · latido=1.50s
[RANGO] BANKUSDT_LINEAL last=0.03557 · río=WS · mercado=linear · estado=ACECHANDO · dir=— · 0=0.03547 · Oz=— · Red=— · manos=ON · pos=flat · latido=1.50s
[RANGO] autosello BANK · ACECHANDO · Oz=0.0 link=— · manos_feria_informe.json
[RANGO] BANKUSDT_LINEAL last=0.03558 · río=WS · mercado=linear · estado=ACECHANDO · dir=— · 0=0.03547 · Oz=— · Red=— · manos=ON · pos=flat · latido=1.50s
[RANGO] autosello BANK · ACECHANDO · Oz=0.0 link=— · manos_feria_informe.json
[RANGO] BANKUSDT_LINEAL last=0.03559 · río=WS · mercado=linear · estado=ACECHANDO · dir=— · 0=0.03547 · Oz=— · Red=— · manos=ON · pos=flat · latido=1.50s
[RANGO] BANKUSDT_LINEAL last=0.03559 · río=WS · mercado=linear · estado=ACECHANDO · dir=— · 0=0.03547 · Oz=— · Red=— · manos=ON · pos=flat · latido=1.50s
[RANGO] autosello BANK · ACECHANDO · Oz=0.0 link=— · manos_feria_informe.json
[RANGO] BANKUSDT_LINEAL last=0.03558 · río=WS · mercado=linear · estado=ACECHANDO · dir=— · 0=0.03547 · Oz=— · Red=— · manos=ON · pos=flat · latido=1.50s
[RANGO] autosello BANK · ACECHANDO · Oz=0.0 link=— · manos_feria_informe.json
[RANGO] BANKUSDT_LINEAL last=0.03558 · río=WS · mercado=linear · estado=ACECHANDO · dir=— · 0=0.03547 · Oz=— · Red=— · manos=ON · pos=flat · latido=1.50s
[RANGO] BANKUSDT_LINEAL last=0.03559 · río=WS · mercado=linear · estado=ACECHANDO · dir=— · 0=0.03547 · Oz=— · Red=— · manos=ON · pos=flat · latido=1.50s
[RANGO] autosello BANK · ACECHANDO · Oz=0.0 link=— · manos_feria_informe.json
[RANGO] BANKUSDT_LINEAL last=0.03558 · río=WS · mercado=linear · estado=ACECHANDO · dir=— · 0=0.03547 · Oz=— · Red=— · manos=ON · pos=flat · latido=1.50s
[RANGO] autosello BANK · ACECHANDO · Oz=0.0 link=— · manos_feria_informe.json
[RANGO] BANKUSDT_LINEAL last=0.03558 · río=WS · mercado=linear · estado=ACECHANDO · dir=— · 0=0.03547 · Oz=— · Red=— · manos=ON · pos=flat · latido=1.50s
[RANGO] BANKUSDT_LINEAL last=0.03558 · río=WS · mercado=linear · estado=ACECHANDO · dir=— · 0=0.03547 · Oz=— · Red=— · manos=ON · pos=flat · latido=1.50s
[RANGO] autosello BANK · ACECHANDO · Oz=0.0 link=— · manos_feria_informe.json
[RANGO] BANKUSDT_LINEAL last=0.03559 · río=WS · mercado=linear · estado=ACECHANDO · dir=— · 0=0.03547 · Oz=— · Red=— · manos=ON · pos=flat · latido=1.50s
[RANGO] autosello BANK · ACECHANDO · Oz=0.0 link=— · manos_feria_informe.json
[RANGO] BANKUSDT_LINEAL last=0.03562 · río=WS · mercado=linear · estado=ACECHANDO · dir=— · 0=0.03547 · Oz=— · Red=— · manos=ON · pos=flat · latido=1.50s
[RANGO] BANKUSDT_LINEAL last=0.0356 · río=WS · mercado=linear · estado=ACECHANDO · dir=— · 0=0.03547 · Oz=— · Red=— · manos=ON · pos=flat · latido=1.50s
[2026-08-31 09:32:45] [TUSK] RECONCILIACIÓN: BIOUSDT_LINEAL: interno L:0.000000/S:0.000000 -> real L:1016.000000/S:0.000000
[2026-08-31 09:32:45] [TUSK] RECONCILIACIÓN_FANTASMA: AEHRUSDT_LINEAL existe interno pero no en exchange -> reseteando
[2026-08-31 09:32:45] [TUSK] RECONCILIACIÓN_OK: 2 frentes alineados con exchange
[RANGO] autosello BANK · ACECHANDO · Oz=0.0 link=— · manos_feria_informe.json
[RANGO] BANKUSDT_LINEAL last=0.03562 · río=WS · mercado=linear · estado=ACECHANDO · dir=— · 0=0.03547 · Oz=— · Red=— · manos=ON · pos=flat · latido=1.50s
[RANGO] autosello BANK · ACECHANDO · Oz=0.0 link=— · manos_feria_informe.json
[RANGO] BANKUSDT_LINEAL last=0.03561 · río=WS · mercado=linear · estado=ACECHANDO · dir=— · 0=0.03547 · Oz=— · Red=— · manos=ON · pos=flat · latido=1.50s
[RANGO] BANKUSDT_LINEAL last=0.03561 · río=WS · mercado=linear · estado=ACECHANDO · dir=— · 0=0.03547 · Oz=— · Red=— · manos=ON · pos=flat · latido=1.50s
[RANGO] autosello BANK · ACECHANDO · Oz=0.0 link=— · manos_feria_informe.json
[RANGO] BANKUSDT_LINEAL last=0.0356 · río=WS · mercado=linear · estado=ACECHANDO · dir=— · 0=0.03547 · Oz=— · Red=— · manos=ON · pos=flat · latido=1.50s
[RANGO] autosello BANK · ACECHANDO · Oz=0.0 link=— · manos_feria_informe.json
[RANGO] BANKUSDT_LINEAL last=0.03561 · río=WS · mercado=linear · estado=ACECHANDO · dir=— · 0=0.03547 · Oz=— · Red=— · manos=ON · pos=flat · latido=1.50s
[RANGO] BANKUSDT_LINEAL last=0.03561 · río=WS · mercado=linear · estado=ACECHANDO · dir=— · 0=0.03547 · Oz=— · Red=— · manos=ON · pos=flat · latido=1.50s
[2026-08-31 09:33:46] [TUSK] RECONCILIACIÓN: PURRUSDT_LINEAL: interno L:0.000000/S:0.000000 -> real L:4.300000/S:0.000000
[2026-08-31 09:33:46] [TUSK] RECONCILIACIÓN_FANTASMA: SOXSUSDT_LINEAL existe interno pero no en exchange -> reseteando
[2026-08-31 09:33:46] [TUSK] RECONCILIACIÓN_OK: 2 frentes alineados con exchange
[RANGO] autosello BANK · ACECHANDO · Oz=0.0 link=— · manos_feria_informe.json
[RANGO] BANKUSDT_LINEAL last=0.03561 · río=WS · mercado=linear · estado=ACECHANDO · dir=— · 0=0.03547 · Oz=— · Red=— · manos=ON · pos=flat · latido=1.50s
[RANGO] autosello BANK · ACECHANDO · Oz=0.0 link=— · manos_feria_informe.json
[RANGO] BANKUSDT_LINEAL last=0.03559 · río=WS · mercado=linear · estado=ACECHANDO · dir=— · 0=0.03547 · Oz=— · Red=— · manos=ON · pos=flat · latido=1.50s
[RANGO] BANKUSDT_LINEAL last=0.03559 · río=WS · mercado=linear · estado=ACECHANDO · dir=— · 0=0.03547 · Oz=— · Red=— · manos=ON · pos=flat · latido=1.50s
[RANGO] autosello BANK · ACECHANDO · Oz=0.0 link=— · manos_feria_informe.json
[RANGO] BANKUSDT_LINEAL last=0.03559 · río=WS · mercado=linear · estado=ACECHANDO · dir=— · 0=0.03547 · Oz=— · Red=— · manos=ON · pos=flat · latido=1.50s
[RANGO] autosello BANK · ACECHANDO · Oz=0.0 link=— · manos_feria_informe.json
[RANGO] BANKUSDT_LINEAL last=0.0356 · río=WS · mercado=linear · estado=ACECHANDO · dir=— · 0=0.03547 · Oz=— · Red=— · manos=ON · pos=flat · latido=1.50s
[RANGO] BANKUSDT_LINEAL last=0.0356 · río=WS · mercado=linear · estado=ACECHANDO · dir=— · 0=0.03547 · Oz=— · Red=— · manos=ON · pos=flat · latido=1.50s
[RANGO] autosello BANK · ACECHANDO · Oz=0.0 link=— · manos_feria_informe.json
[2026-08-31 09:34:48] [TUSK] RECONCILIACIÓN: MSTRUSDT_LINEAL: interno L:0.000000/S:0.000000 -> real L:0.200000/S:0.000000
[2026-08-31 09:34:48] [TUSK] RECONCILIACIÓN_FANTASMA: KORUUSDT_LINEAL existe interno pero no en exchange -> reseteando
[2026-08-31 09:34:48] [TUSK] RECONCILIACIÓN_OK: 2 frentes alineados con exchange
[RANGO] BANKUSDT_LINEAL last=0.0356 · río=ciego/muleta · mercado=linear · estado=ACECHANDO · dir=— · 0=0.03547 · Oz=— · Red=— · manos=ON · pos=flat · latido=1.50s
[RANGO] autosello BANK · ACECHANDO · Oz=0.0 link=— · manos_feria_informe.json
[RANGO] BANKUSDT_LINEAL last=0.0356 · río=ciego/muleta · mercado=linear · estado=ACECHANDO · dir=— · 0=0.03547 · Oz=— · Red=— · manos=ON · pos=flat · latido=1.50s
[RANGO] BANKUSDT_LINEAL last=0.0356 · río=WS · mercado=linear · estado=ACECHANDO · dir=— · 0=0.03547 · Oz=— · Red=— · manos=ON · pos=flat · latido=1.50s
[RANGO] autosello BANK · ACECHANDO · Oz=0.0 link=— · manos_feria_informe.json
[RANGO] BANKUSDT_LINEAL last=0.0356 · río=WS · mercado=linear · estado=ACECHANDO · dir=— · 0=0.03547 · Oz=— · Red=— · manos=ON · pos=flat · latido=1.50s
[RANGO] autosello BANK · ACECHANDO · Oz=0.0 link=— · manos_feria_informe.json
[RANGO] BANKUSDT_LINEAL last=0.0356 · río=WS · mercado=linear · estado=ACECHANDO · dir=— · 0=0.03547 · Oz=— · Red=— · manos=ON · pos=flat · latido=1.50s
[RANGO] BANKUSDT_LINEAL last=0.0356 · río=WS · mercado=linear · estado=ACECHANDO · dir=— · 0=0.03547 · Oz=— · Red=— · manos=ON · pos=flat · latido=1.50s
[RANGO] autosello BANK · ACECHANDO · Oz=0.0 link=— · manos_feria_informe.json
[2026-08-31 09:35:49] [TUSK] RECONCILIACIÓN: SYRUPUSDT_LINEAL: interno L:0.000000/S:0.000000 -> real L:482.000000/S:0.000000
[2026-08-31 09:35:49] [TUSK] RECONCILIACIÓN: COTIUSDT_LINEAL: interno L:0.000000/S:0.000000 -> real L:1213.000000/S:0.000000
[2026-08-31 09:35:49] [TUSK] RECONCILIACIÓN: PURRUSDT_LINEAL: interno L:4.300000/S:0.000000 -> real L:3.800000/S:0.000000
[2026-08-31 09:35:49] [TUSK] RECONCILIACIÓN_FANTASMA: APRUSDT_LINEAL existe interno pero no en exchange -> reseteando
[2026-08-31 09:35:49] [TUSK] RECONCILIACIÓN_FANTASMA: CRVUSDT_LINEAL existe interno pero no en exchange -> reseteando
[2026-08-31 09:35:49] [TUSK] RECONCILIACIÓN_OK: 5 frentes alineados con exchange
[RANGO] BANKUSDT_LINEAL last=0.0356 · río=WS · mercado=linear · estado=ACECHANDO · dir=— · 0=0.03547 · Oz=— · Red=— · manos=ON · pos=flat · latido=1.50s
[RANGO] autosello BANK · ACECHANDO · Oz=0.0 link=— · manos_feria_informe.json
[RANGO] BANKUSDT_LINEAL last=0.03561 · río=WS · mercado=linear · estado=ACECHANDO · dir=— · 0=0.03547 · Oz=— · Red=— · manos=ON · pos=flat · latido=1.50s
[RANGO] BANKUSDT_LINEAL last=0.0356 · río=WS · mercado=linear · estado=ACECHANDO · dir=— · 0=0.03547 · Oz=— · Red=— · manos=ON · pos=flat · latido=1.50s
[RANGO] autosello BANK · ACECHANDO · Oz=0.0 link=— · manos_feria_informe.json
[RANGO] BANKUSDT_LINEAL last=0.03559 · río=WS · mercado=linear · estado=ACECHANDO · dir=— · 0=0.03547 · Oz=— · Red=— · manos=ON · pos=flat · latido=1.50s
[RANGO] autosello BANK · ACECHANDO · Oz=0.0 link=— · manos_feria_informe.json
[RANGO] BANKUSDT_LINEAL last=0.0356 · río=WS · mercado=linear · estado=ACECHANDO · dir=— · 0=0.03547 · Oz=— · Red=— · manos=ON · pos=flat · latido=1.50s
[RANGO] BANKUSDT_LINEAL last=0.0356 · río=WS · mercado=linear · estado=ACECHANDO · dir=— · 0=0.03547 · Oz=— · Red=— · manos=ON · pos=flat · latido=1.50s
[RANGO] autosello BANK · ACECHANDO · Oz=0.0 link=— · manos_feria_informe.json
[2026-08-31 09:36:50] [TUSK] RECONCILIACIÓN: FWDIUSDT_LINEAL: interno L:0.000000/S:0.000000 -> real L:0.000000/S:4.200000
[2026-08-31 09:36:50] [TUSK] RECONCILIACIÓN: POWERUSDT_LINEAL: interno L:0.000000/S:347.000000 -> real L:0.000000/S:404.000000
[2026-08-31 09:36:50] [TUSK] RECONCILIACIÓN: PURRUSDT_LINEAL: interno L:3.800000/S:0.000000 -> real L:4.300000/S:0.000000
[2026-08-31 09:36:50] [TUSK] RECONCILIACIÓN_FANTASMA: XANUSDT_LINEAL existe interno pero no en exchange -> reseteando
[2026-08-31 09:36:50] [TUSK] RECONCILIACIÓN_OK: 4 frentes alineados con exchange
[RANGO] BANKUSDT_LINEAL last=0.0356 · río=WS · mercado=linear · estado=ACECHANDO · dir=— · 0=0.03547 · Oz=— · Red=— · manos=ON · pos=flat · latido=1.50s
[RANGO] autosello BANK · ACECHANDO · Oz=0.0 link=— · manos_feria_informe.json
[RANGO] BANKUSDT_LINEAL last=0.0356 · río=WS · mercado=linear · estado=ACECHANDO · dir=— · 0=0.03547 · Oz=— · Red=— · manos=ON · pos=flat · latido=1.50s
[RANGO] BANKUSDT_LINEAL last=0.0356 · río=WS · mercado=linear · estado=ACECHANDO · dir=— · 0=0.03547 · Oz=— · Red=— · manos=ON · pos=flat · latido=1.50s
[RANGO] autosello BANK · ACECHANDO · Oz=0.0 link=— · manos_feria_informe.json
[RANGO] BANKUSDT_LINEAL last=0.03552 · río=WS · mercado=linear · estado=ACECHANDO · dir=— · 0=0.03547 · Oz=— · Red=— · manos=ON · pos=flat · latido=1.50s
[RANGO] autosello BANK · ACECHANDO · Oz=0.0 link=— · manos_feria_informe.json
[RANGO] BANKUSDT_LINEAL last=0.0356 · río=WS · mercado=linear · estado=ACECHANDO · dir=— · 0=0.03547 · Oz=— · Red=— · manos=ON · pos=flat · latido=1.50s
[RANGO] BANKUSDT_LINEAL last=0.0356 · río=WS · mercado=linear · estado=ACECHANDO · dir=— · 0=0.03547 · Oz=— · Red=— · manos=ON · pos=flat · latido=1.50s
[RANGO] autosello BANK · ACECHANDO · Oz=0.0 link=— · manos_feria_informe.json
[RANGO] BANKUSDT_LINEAL last=0.03562 · río=WS · mercado=linear · estado=ACECHANDO · dir=— · 0=0.03547 · Oz=— · Red=— · manos=ON · pos=flat · latido=1.50s
[RANGO] autosello BANK · ACECHANDO · Oz=0.0 link=— · manos_feria_informe.json
[RANGO] BANKUSDT_LINEAL last=0.03561 · río=WS · mercado=linear · estado=ACECHANDO · dir=— · 0=0.03547 · Oz=— · Red=— · manos=ON · pos=flat · latido=1.50s
[RANGO] BANKUSDT_LINEAL last=0.03561 · río=WS · mercado=linear · estado=ACECHANDO · dir=— · 0=0.03547 · Oz=— · Red=— · manos=ON · pos=flat · latido=1.50s
[RANGO] autosello BANK · ACECHANDO · Oz=0.0 link=— · manos_feria_informe.json
[RANGO] BANKUSDT_LINEAL last=0.03561 · río=WS · mercado=linear · estado=ACECHANDO · dir=— · 0=0.03547 · Oz=— · Red=— · manos=ON · pos=flat · latido=1.50s
[RANGO] autosello BANK · ACECHANDO · Oz=0.0 link=— · manos_feria_informe.json
[RANGO] BANKUSDT_LINEAL last=0.03559 · río=WS · mercado=linear · estado=ACECHANDO · dir=— · 0=0.03547 · Oz=— · Red=— · manos=ON · pos=flat · latido=1.50s
[RANGO] BANKUSDT_LINEAL last=0.03556 · río=WS · mercado=linear · estado=ACECHANDO · dir=— · 0=0.03547 · Oz=— · Red=— · manos=ON · pos=flat · latido=1.50s
[RANGO] autosello BANK · ACECHANDO · Oz=0.0 link=— · manos_feria_informe.json
[2026-08-31 09:38:52] [TUSK] RECONCILIACIÓN: XANUSDT_LINEAL: interno L:0.000000/S:0.000000 -> real L:0.000000/S:260.000000
[2026-08-31 09:38:52] [TUSK] RECONCILIACIÓN: SHAZUSDT_LINEAL: interno L:0.000000/S:0.000000 -> real L:1.260000/S:0.000000
[2026-08-31 09:38:52] [TUSK] RECONCILIACIÓN: POWERUSDT_LINEAL: interno L:0.000000/S:404.000000 -> real L:0.000000/S:460.000000
[2026-08-31 09:38:52] [TUSK] RECONCILIACIÓN_FANTASMA: QNTXUSDT_LINEAL existe interno pero no en exchange -> reseteando
[2026-08-31 09:38:52] [TUSK] RECONCILIACIÓN_FANTASMA: BROCCOLIUSDT_LINEAL existe interno pero no en exchange -> reseteando
[2026-08-31 09:38:52] [TUSK] RECONCILIACIÓN_OK: 5 frentes alineados con exchange
[RANGO] BANKUSDT_LINEAL last=0.03557 · río=WS · mercado=linear · estado=ACECHANDO · dir=— · 0=0.03547 · Oz=— · Red=— · manos=ON · pos=flat · latido=1.50s
[RANGO] autosello BANK · ACECHANDO · Oz=0.0 link=— · manos_feria_informe.json
[RANGO] BANKUSDT_LINEAL last=0.03557 · río=WS · mercado=linear · estado=ACECHANDO · dir=— · 0=0.03547 · Oz=— · Red=— · manos=ON · pos=flat · latido=1.50s
[RANGO] BANKUSDT_LINEAL last=0.03557 · río=WS · mercado=linear · estado=ACECHANDO · dir=— · 0=0.03547 · Oz=— · Red=— · manos=ON · pos=flat · latido=1.50s
[RANGO] autosello BANK · ACECHANDO · Oz=0.0 link=— · manos_feria_informe.json
[RANGO] BANKUSDT_LINEAL last=0.03554 · río=WS · mercado=linear · estado=ACECHANDO · dir=— · 0=0.03547 · Oz=— · Red=— · manos=ON · pos=flat · latido=1.50s
[RANGO] autosello BANK · ACECHANDO · Oz=0.0 link=— · manos_feria_informe.json
[RANGO] BANKUSDT_LINEAL last=0.03557 · río=WS · mercado=linear · estado=ACECHANDO · dir=— · 0=0.03547 · Oz=— · Red=— · manos=ON · pos=flat · latido=1.50s
[RANGO] BANKUSDT_LINEAL last=0.03557 · río=WS · mercado=linear · estado=ACECHANDO · dir=— · 0=0.03547 · Oz=— · Red=— · manos=ON · pos=flat · latido=1.50s
[RANGO] autosello BANK · ACECHANDO · Oz=0.0 link=— · manos_feria_informe.json
[2026-08-31 09:39:54] [TUSK] RECONCILIACIÓN: POWERUSDT_LINEAL: interno L:0.000000/S:460.000000 -> real L:0.000000/S:516.000000
[2026-08-31 09:39:54] [TUSK] RECONCILIACIÓN: SNXXUSDT_LINEAL: interno L:6.090000/S:0.000000 -> real L:6.470000/S:0.000000
[2026-08-31 09:39:54] [TUSK] RECONCILIACIÓN_OK: 2 frentes alineados con exchange
[RANGO] BANKUSDT_LINEAL last=0.03556 · río=WS · mercado=linear · estado=ACECHANDO · dir=— · 0=0.03547 · Oz=— · Red=— · manos=ON · pos=flat · latido=1.50s
[RANGO] autosello BANK · ACECHANDO · Oz=0.0 link=— · manos_feria_informe.json
[RANGO] BANKUSDT_LINEAL last=0.03557 · río=WS · mercado=linear · estado=ACECHANDO · dir=— · 0=0.03547 · Oz=— · Red=— · manos=ON · pos=flat · latido=1.50s
[RANGO] BANKUSDT_LINEAL last=0.03557 · río=WS · mercado=linear · estado=ACECHANDO · dir=— · 0=0.03547 · Oz=— · Red=— · manos=ON · pos=flat · latido=1.50s
[RANGO] autosello BANK · ACECHANDO · Oz=0.0 link=— · manos_feria_informe.json
[RANGO] BANKUSDT_LINEAL last=0.03557 · río=WS · mercado=linear · estado=ACECHANDO · dir=— · 0=0.03547 · Oz=— · Red=— · manos=ON · pos=flat · latido=1.50s
[RANGO] autosello BANK · ACECHANDO · Oz=0.0 link=— · manos_feria_informe.json
[RANGO] BANKUSDT_LINEAL last=0.03554 · río=WS · mercado=linear · estado=ACECHANDO · dir=— · 0=0.03547 · Oz=— · Red=— · manos=ON · pos=flat · latido=1.50s
[RANGO] BANKUSDT_LINEAL last=0.03555 · río=WS · mercado=linear · estado=ACECHANDO · dir=— · 0=0.03547 · Oz=— · Red=— · manos=ON · pos=flat · latido=1.50s
[RANGO] autosello BANK · ACECHANDO · Oz=0.0 link=— · manos_feria_informe.json
[RANGO] BANKUSDT_LINEAL last=0.03554 · río=WS · mercado=linear · estado=ACECHANDO · dir=— · 0=0.03547 · Oz=— · Red=— · manos=ON · pos=flat · latido=1.50s
[RANGO] autosello BANK · ACECHANDO · Oz=0.0 link=— · manos_feria_informe.json
[RANGO] BANKUSDT_LINEAL last=0.03554 · río=WS · mercado=linear · estado=ACECHANDO · dir=— · 0=0.03547 · Oz=— · Red=— · manos=ON · pos=flat · latido=1.50s
[RANGO] BANKUSDT_LINEAL last=0.03556 · río=WS · mercado=linear · estado=ACECHANDO · dir=— · 0=0.03547 · Oz=— · Red=— · manos=ON · pos=flat · latido=1.50s
[RANGO] autosello BANK · ACECHANDO · Oz=0.0 link=— · manos_feria_informe.json
[RANGO] BANKUSDT_LINEAL last=0.03557 · río=WS · mercado=linear · estado=ACECHANDO · dir=— · 0=0.03547 · Oz=— · Red=— · manos=ON · pos=flat · latido=1.50s
[RANGO] autosello BANK · ACECHANDO · Oz=0.0 link=— · manos_feria_informe.json
[RANGO] BANKUSDT_LINEAL last=0.03557 · río=WS · mercado=linear · estado=ACECHANDO · dir=— · 0=0.03547 · Oz=— · Red=— · manos=ON · pos=flat · latido=1.50s
[RANGO] BANKUSDT_LINEAL last=0.03557 · río=WS · mercado=linear · estado=ACECHANDO · dir=— · 0=0.03547 · Oz=— · Red=— · manos=ON · pos=flat · latido=1.50s
[RANGO] autosello BANK · ACECHANDO · Oz=0.0 link=— · manos_feria_informe.json
[2026-08-31 09:41:56] [TUSK] RECONCILIACIÓN: XANUSDT_LINEAL: interno L:0.000000/S:260.000000 -> real L:0.000000/S:623.000000
[2026-08-31 09:41:56] [TUSK] RECONCILIACIÓN_OK: 1 frentes alineados con exchange
[RANGO] BANKUSDT_LINEAL last=0.03557 · río=WS · mercado=linear · estado=ACECHANDO · dir=— · 0=0.03547 · Oz=— · Red=— · manos=ON · pos=flat · latido=1.50s
[RANGO] autosello BANK · ACECHANDO · Oz=0.0 link=— · manos_feria_informe.json
[RANGO] BANKUSDT_LINEAL last=0.03557 · río=WS · mercado=linear · estado=ACECHANDO · dir=— · 0=0.03547 · Oz=— · Red=— · manos=ON · pos=flat · latido=1.50s
[RANGO] BANKUSDT_LINEAL last=0.03558 · río=WS · mercado=linear · estado=ACECHANDO · dir=— · 0=0.03547 · Oz=— · Red=— · manos=ON · pos=flat · latido=1.50s
[RANGO] autosello BANK · ACECHANDO · Oz=0.0 link=— · manos_feria_informe.json
[RANGO] BANKUSDT_LINEAL last=0.03559 · río=ciego/muleta · mercado=linear · estado=ACECHANDO · dir=— · 0=0.03547 · Oz=— · Red=— · manos=ON · pos=flat · latido=1.50s
[RANGO] autosello BANK · ACECHANDO · Oz=0.0 link=— · manos_feria_informe.json
[RANGO] BANKUSDT_LINEAL last=0.03557 · río=WS · mercado=linear · estado=ACECHANDO · dir=— · 0=0.03547 · Oz=— · Red=— · manos=ON · pos=flat · latido=1.50s
[RANGO] BANKUSDT_LINEAL last=0.03558 · río=WS · mercado=linear · estado=ACECHANDO · dir=— · 0=0.03547 · Oz=— · Red=— · manos=ON · pos=flat · latido=1.50s
[RANGO] autosello BANK · ACECHANDO · Oz=0.0 link=— · manos_feria_informe.json
[RANGO] BANKUSDT_LINEAL last=0.0356 · río=WS · mercado=linear · estado=ACECHANDO · dir=— · 0=0.03547 · Oz=— · Red=— · manos=ON · pos=flat · latido=1.50s
[RANGO] autosello BANK · ACECHANDO · Oz=0.0 link=— · manos_feria_informe.json
[RANGO] BANKUSDT_LINEAL last=0.03556 · río=WS · mercado=linear · estado=ACECHANDO · dir=— · 0=0.03547 · Oz=— · Red=— · manos=ON · pos=flat · latido=1.50s
[RANGO] BANKUSDT_LINEAL last=0.03562 · río=WS · mercado=linear · estado=ACECHANDO · dir=— · 0=0.03547 · Oz=— · Red=— · manos=ON · pos=flat · latido=1.50s
[RANGO] autosello BANK · ACECHANDO · Oz=0.0 link=— · manos_feria_informe.json
[RANGO] BANKUSDT_LINEAL last=0.03563 · río=WS · mercado=linear · estado=ACECHANDO · dir=— · 0=0.03547 · Oz=— · Red=— · manos=ON · pos=flat · latido=1.50s
[RANGO] autosello BANK · ACECHANDO · Oz=0.0 link=— · manos_feria_informe.json
[RANGO] BANKUSDT_LINEAL last=0.03561 · río=WS · mercado=linear · estado=ACECHANDO · dir=— · 0=0.03547 · Oz=— · Red=— · manos=ON · pos=flat · latido=1.50s
[RANGO] BANKUSDT_LINEAL last=0.03562 · río=WS · mercado=linear · estado=ACECHANDO · dir=— · 0=0.03547 · Oz=— · Red=— · manos=ON · pos=flat · latido=1.50s
[RANGO] autosello BANK · ACECHANDO · Oz=0.0 link=— · manos_feria_informe.json
[RANGO] BANKUSDT_LINEAL last=0.03571 · río=WS · mercado=linear · estado=ACECHANDO · dir=— · 0=0.03547 · Oz=— · Red=— · manos=ON · pos=flat · latido=1.50s
[RANGO] autosello BANK · ACECHANDO · Oz=0.0 link=— · manos_feria_informe.json
[RANGO] BANKUSDT_LINEAL last=0.03572 · río=WS · mercado=linear · estado=ACECHANDO · dir=— · 0=0.03547 · Oz=— · Red=— · manos=ON · pos=flat · latido=1.50s
[RANGO] BANKUSDT_LINEAL last=0.0357 · río=WS · mercado=linear · estado=ACECHANDO · dir=— · 0=0.03547 · Oz=— · Red=— · manos=ON · pos=flat · latido=1.50s
[RANGO] autosello BANK · ACECHANDO · Oz=0.0 link=— · manos_feria_informe.json
[RANGO] BANKUSDT_LINEAL last=0.03568 · río=WS · mercado=linear · estado=ACECHANDO · dir=— · 0=0.03547 · Oz=— · Red=— · manos=ON · pos=flat · latido=1.50s
[RANGO] autosello BANK · ACECHANDO · Oz=0.0 link=— · manos_feria_informe.json
[RANGO] BANKUSDT_LINEAL last=0.0357 · río=WS · mercado=linear · estado=ACECHANDO · dir=— · 0=0.03547 · Oz=— · Red=— · manos=ON · pos=flat · latido=1.50s
[RANGO] BANKUSDT_LINEAL last=0.03572 · río=WS · mercado=linear · estado=ACECHANDO · dir=— · 0=0.03547 · Oz=— · Red=— · manos=ON · pos=flat · latido=1.50s
[RANGO] autosello BANK · ACECHANDO · Oz=0.0 link=— · manos_feria_informe.json
[RANGO] BANKUSDT_LINEAL last=0.03571 · río=WS · mercado=linear · estado=ACECHANDO · dir=— · 0=0.03547 · Oz=— · Red=— · manos=ON · pos=flat · latido=1.50s
[2026-08-31 09:45:00] [TUSK] RECONCILIACIÓN: POWERUSDT_LINEAL: interno L:0.000000/S:516.000000 -> real L:0.000000/S:571.000000
[2026-08-31 09:45:00] [TUSK] RECONCILIACIÓN_OK: 1 frentes alineados con exchange
[RANGO] autosello BANK · ACECHANDO · Oz=0.0 link=— · manos_feria_informe.json
[RANGO] BANKUSDT_LINEAL last=0.03571 · río=WS · mercado=linear · estado=ACECHANDO · dir=— · 0=0.03547 · Oz=— · Red=— · manos=ON · pos=flat · latido=1.50s
[RANGO] BANKUSDT_LINEAL last=0.03572 · río=WS · mercado=linear · estado=ACECHANDO · dir=— · 0=0.03547 · Oz=— · Red=— · manos=ON · pos=flat · latido=1.50s
[RANGO] autosello BANK · ACECHANDO · Oz=0.0 link=— · manos_feria_informe.json
[RANGO] BANKUSDT_LINEAL last=0.03573 · río=WS · mercado=linear · estado=ACECHANDO · dir=— · 0=0.03547 · Oz=— · Red=— · manos=ON · pos=flat · latido=1.50s
[RANGO] autosello BANK · ACECHANDO · Oz=0.0 link=— · manos_feria_informe.json
[RANGO] BANKUSDT_LINEAL last=0.03571 · río=WS · mercado=linear · estado=ACECHANDO · dir=— · 0=0.03547 · Oz=— · Red=— · manos=ON · pos=flat · latido=1.50s
[RANGO] BANKUSDT_LINEAL last=0.0357 · río=WS · mercado=linear · estado=ACECHANDO · dir=— · 0=0.03547 · Oz=— · Red=— · manos=ON · pos=flat · latido=1.50s
[RANGO] autosello BANK · ACECHANDO · Oz=0.0 link=— · manos_feria_informe.json
[RANGO] BANKUSDT_LINEAL last=0.03569 · río=WS · mercado=linear · estado=ACECHANDO · dir=— · 0=0.03547 · Oz=— · Red=— · manos=ON · pos=flat · latido=1.50s
[2026-08-31 09:46:01] [TUSK] RECONCILIACIÓN: XANUSDT_LINEAL: interno L:0.000000/S:623.000000 -> real L:0.000000/S:982.000000
[2026-08-31 09:46:01] [TUSK] RECONCILIACIÓN_OK: 1 frentes alineados con exchange
[RANGO] autosello BANK · ACECHANDO · Oz=0.0 link=— · manos_feria_informe.json
[RANGO] BANKUSDT_LINEAL last=0.0357 · río=WS · mercado=linear · estado=ACECHANDO · dir=— · 0=0.03547 · Oz=— · Red=— · manos=ON · pos=flat · latido=1.50s
[RANGO] BANKUSDT_LINEAL last=0.0357 · río=WS · mercado=linear · estado=ACECHANDO · dir=— · 0=0.03547 · Oz=— · Red=— · manos=ON · pos=flat · latido=1.50s
[RANGO] autosello BANK · ACECHANDO · Oz=0.0 link=— · manos_feria_informe.json
[RANGO] BANKUSDT_LINEAL last=0.0357 · río=WS · mercado=linear · estado=ACECHANDO · dir=— · 0=0.03547 · Oz=— · Red=— · manos=ON · pos=flat · latido=1.50s
[RANGO] autosello BANK · ACECHANDO · Oz=0.0 link=— · manos_feria_informe.json
[RANGO] BANKUSDT_LINEAL last=0.03571 · río=WS · mercado=linear · estado=ACECHANDO · dir=— · 0=0.03547 · Oz=— · Red=— · manos=ON · pos=flat · latido=1.50s
[RANGO] BANKUSDT_LINEAL last=0.03571 · río=WS · mercado=linear · estado=ACECHANDO · dir=— · 0=0.03547 · Oz=— · Red=— · manos=ON · pos=flat · latido=1.50s
[RANGO] autosello BANK · ACECHANDO · Oz=0.0 link=— · manos_feria_informe.json
[RANGO] BANKUSDT_LINEAL last=0.03571 · río=WS · mercado=linear · estado=ACECHANDO · dir=— · 0=0.03547 · Oz=— · Red=— · manos=ON · pos=flat · latido=1.50s
[2026-08-31 09:47:02] [TUSK] RECONCILIACIÓN: HYPEUSDT_LINEAL: interno L:0.000000/S:0.000000 -> real L:0.000000/S:0.270000
[2026-08-31 09:47:02] [TUSK] RECONCILIACIÓN_FANTASMA: ARMUSDT_LINEAL existe interno pero no en exchange -> reseteando
[2026-08-31 09:47:02] [TUSK] RECONCILIACIÓN_OK: 2 frentes alineados con exchange
[RANGO] autosello BANK · ACECHANDO · Oz=0.0 link=— · manos_feria_informe.json
[RANGO] BANKUSDT_LINEAL last=0.0357 · río=WS · mercado=linear · estado=ACECHANDO · dir=— · 0=0.03547 · Oz=— · Red=— · manos=ON · pos=flat · latido=1.50s
[RANGO] BANKUSDT_LINEAL last=0.03569 · río=WS · mercado=linear · estado=ACECHANDO · dir=— · 0=0.03547 · Oz=— · Red=— · manos=ON · pos=flat · latido=1.50s
[RANGO] autosello BANK · ACECHANDO · Oz=0.0 link=— · manos_feria_informe.json
[RANGO] BANKUSDT_LINEAL last=0.0357 · río=WS · mercado=linear · estado=ACECHANDO · dir=— · 0=0.03547 · Oz=— · Red=— · manos=ON · pos=flat · latido=1.50s
[RANGO] autosello BANK · ACECHANDO · Oz=0.0 link=— · manos_feria_informe.json
[RANGO] BANKUSDT_LINEAL last=0.03575 · río=WS · mercado=linear · estado=ACECHANDO · dir=— · 0=0.03547 · Oz=— · Red=— · manos=ON · pos=flat · latido=1.50s
[RANGO] BANKUSDT_LINEAL last=0.03572 · río=WS · mercado=linear · estado=ACECHANDO · dir=— · 0=0.03547 · Oz=— · Red=— · manos=ON · pos=flat · latido=1.50s
[RANGO] autosello BANK · ACECHANDO · Oz=0.0 link=— · manos_feria_informe.json
[RANGO] BANKUSDT_LINEAL last=0.03573 · río=WS · mercado=linear · estado=ACECHANDO · dir=— · 0=0.03547 · Oz=— · Red=— · manos=ON · pos=flat · latido=1.50s
[RANGO] autosello BANK · ACECHANDO · Oz=0.0 link=— · manos_feria_informe.json
[RANGO] BANKUSDT_LINEAL last=0.03573 · río=WS · mercado=linear · estado=ACECHANDO · dir=— · 0=0.03547 · Oz=— · Red=— · manos=ON · pos=flat · latido=1.50s
[RANGO] BANKUSDT_LINEAL last=0.03574 · río=WS · mercado=linear · estado=ACECHANDO · dir=— · 0=0.03547 · Oz=— · Red=— · manos=ON · pos=flat · latido=1.50s
[RANGO] autosello BANK · ACECHANDO · Oz=0.0 link=— · manos_feria_informe.json
[RANGO] BANKUSDT_LINEAL last=0.03576 · río=WS · mercado=linear · estado=ACECHANDO · dir=— · 0=0.03547 · Oz=— · Red=— · manos=ON · pos=flat · latido=1.50s
[RANGO] autosello BANK · ACECHANDO · Oz=0.0 link=— · manos_feria_informe.json
[RANGO] BANKUSDT_LINEAL last=0.03574 · río=WS · mercado=linear · estado=ACECHANDO · dir=— · 0=0.03547 · Oz=— · Red=— · manos=ON · pos=flat · latido=1.50s
[RANGO] BANKUSDT_LINEAL last=0.03572 · río=WS · mercado=linear · estado=ACECHANDO · dir=— · 0=0.03547 · Oz=— · Red=— · manos=ON · pos=flat · latido=1.50s
[RANGO] autosello BANK · ACECHANDO · Oz=0.0 link=— · manos_feria_informe.json
[RANGO] BANKUSDT_LINEAL last=0.03572 · río=WS · mercado=linear · estado=ACECHANDO · dir=— · 0=0.03547 · Oz=— · Red=— · manos=ON · pos=flat · latido=1.50s
[RANGO] autosello BANK · ACECHANDO · Oz=0.0 link=— · manos_feria_informe.json
[2026-08-31 09:49:06] [TUSK] RECONCILIACIÓN: POWERUSDT_LINEAL: interno L:0.000000/S:571.000000 -> real L:0.000000/S:625.000000
[2026-08-31 09:49:06] [TUSK] RECONCILIACIÓN_OK: 1 frentes alineados con exchange
[RANGO] BANKUSDT_LINEAL last=0.03573 · río=WS · mercado=linear · estado=ACECHANDO · dir=— · 0=0.03547 · Oz=— · Red=— · manos=ON · pos=flat · latido=1.50s
[RANGO] BANKUSDT_LINEAL last=0.03575 · río=WS · mercado=linear · estado=ACECHANDO · dir=— · 0=0.03547 · Oz=— · Red=— · manos=ON · pos=flat · latido=1.50s
[RANGO] autosello BANK · ACECHANDO · Oz=0.0 link=— · manos_feria_informe.json
[RANGO] BANKUSDT_LINEAL last=0.03576 · río=WS · mercado=linear · estado=ACECHANDO · dir=— · 0=0.03547 · Oz=— · Red=— · manos=ON · pos=flat · latido=1.50s
[RANGO] autosello BANK · ACECHANDO · Oz=0.0 link=— · manos_feria_informe.json
[RANGO] BANKUSDT_LINEAL last=0.03577 · río=WS · mercado=linear · estado=ACECHANDO · dir=— · 0=0.03547 · Oz=— · Red=— · manos=ON · pos=flat · latido=1.50s
[RANGO] BANKUSDT_LINEAL last=0.03576 · río=WS · mercado=linear · estado=ACECHANDO · dir=— · 0=0.03547 · Oz=— · Red=— · manos=ON · pos=flat · latido=1.50s
[RANGO] autosello BANK · ACECHANDO · Oz=0.0 link=— · manos_feria_informe.json
[RANGO] BANKUSDT_LINEAL last=0.03577 · río=WS · mercado=linear · estado=ACECHANDO · dir=— · 0=0.03547 · Oz=— · Red=— · manos=ON · pos=flat · latido=1.50s
[RANGO] autosello BANK · ACECHANDO · Oz=0.0 link=— · manos_feria_informe.json
[RANGO] BANKUSDT_LINEAL last=0.03578 · río=WS · mercado=linear · estado=ACECHANDO · dir=— · 0=0.03547 · Oz=— · Red=— · manos=ON · pos=flat · latido=1.50s
[RANGO] BANKUSDT_LINEAL last=0.03578 · río=WS · mercado=linear · estado=ACECHANDO · dir=— · 0=0.03547 · Oz=— · Red=— · manos=ON · pos=flat · latido=1.50s
[RANGO] autosello BANK · ACECHANDO · Oz=0.0 link=— · manos_feria_informe.json
[RANGO] BANKUSDT_LINEAL last=0.03577 · río=WS · mercado=linear · estado=ACECHANDO · dir=— · 0=0.03547 · Oz=— · Red=— · manos=ON · pos=flat · latido=1.50s
[RANGO] autosello BANK · ACECHANDO · Oz=0.0 link=— · manos_feria_informe.json
[RANGO] BANKUSDT_LINEAL last=0.03578 · río=WS · mercado=linear · estado=ACECHANDO · dir=— · 0=0.03547 · Oz=— · Red=— · manos=ON · pos=flat · latido=1.50s
[RANGO] BANKUSDT_LINEAL last=0.03578 · río=WS · mercado=linear · estado=ACECHANDO · dir=— · 0=0.03547 · Oz=— · Red=— · manos=ON · pos=flat · latido=1.50s
[RANGO] autosello BANK · ACECHANDO · Oz=0.0 link=— · manos_feria_informe.json
[RANGO] BANKUSDT_LINEAL last=0.03578 · río=WS · mercado=linear · estado=ACECHANDO · dir=— · 0=0.03547 · Oz=— · Red=— · manos=ON · pos=flat · latido=1.50s
[RANGO] autosello BANK · ACECHANDO · Oz=0.0 link=— · manos_feria_informe.json
[RANGO] BANKUSDT_LINEAL last=0.03581 · río=WS · mercado=linear · estado=ACECHANDO · dir=— · 0=0.03547 · Oz=— · Red=— · manos=ON · pos=flat · latido=1.50s
[2026-08-31 09:51:09] [TUSK] RECONCILIACIÓN: POWERUSDT_LINEAL: interno L:0.000000/S:625.000000 -> real L:0.000000/S:571.000000
[2026-08-31 09:51:09] [TUSK] RECONCILIACIÓN_OK: 1 frentes alineados con exchange
[RANGO] BANKUSDT_LINEAL last=0.03583 · río=WS · mercado=linear · estado=ACECHANDO · dir=— · 0=0.03547 · Oz=— · Red=— · manos=ON · pos=flat · latido=1.50s
[RANGO] autosello BANK · ACECHANDO · Oz=0.0 link=— · manos_feria_informe.json
[RANGO] BANKUSDT_LINEAL last=0.03583 · río=WS · mercado=linear · estado=ACECHANDO · dir=— · 0=0.03547 · Oz=— · Red=— · manos=ON · pos=flat · latido=1.50s
[RANGO] autosello BANK · ACECHANDO · Oz=0.0 link=— · manos_feria_informe.json
[RANGO] BANKUSDT_LINEAL last=0.03582 · río=WS · mercado=linear · estado=ACECHANDO · dir=— · 0=0.03547 · Oz=— · Red=— · manos=ON · pos=flat · latido=1.50s
[RANGO] BANKUSDT_LINEAL last=0.03581 · río=WS · mercado=linear · estado=ACECHANDO · dir=— · 0=0.03547 · Oz=— · Red=— · manos=ON · pos=flat · latido=1.50s
[RANGO] autosello BANK · ACECHANDO · Oz=0.0 link=— · manos_feria_informe.json
[RANGO] BANKUSDT_LINEAL last=0.03582 · río=WS · mercado=linear · estado=ACECHANDO · dir=— · 0=0.03547 · Oz=— · Red=— · manos=ON · pos=flat · latido=1.50s
[RANGO] autosello BANK · ACECHANDO · Oz=0.0 link=— · manos_feria_informe.json
[RANGO] BANKUSDT_LINEAL last=0.03581 · río=WS · mercado=linear · estado=ACECHANDO · dir=— · 0=0.03547 · Oz=— · Red=— · manos=ON · pos=flat · latido=1.50s
[2026-08-31 09:52:10] [TUSK] RECONCILIACIÓN: POWERUSDT_LINEAL: interno L:0.000000/S:571.000000 -> real L:0.000000/S:516.000000
[2026-08-31 09:52:10] [TUSK] RECONCILIACIÓN_OK: 1 frentes alineados con exchange
[RANGO] BANKUSDT_LINEAL last=0.03579 · río=WS · mercado=linear · estado=ACECHANDO · dir=— · 0=0.03547 · Oz=— · Red=— · manos=ON · pos=flat · latido=1.50s
[RANGO] autosello BANK · ACECHANDO · Oz=0.0 link=— · manos_feria_informe.json
[RANGO] BANKUSDT_LINEAL last=0.0358 · río=ciego/muleta · mercado=linear · estado=ACECHANDO · dir=— · 0=0.03547 · Oz=— · Red=— · manos=ON · pos=flat · latido=1.50s
[RANGO] autosello BANK · ACECHANDO · Oz=0.0 link=— · manos_feria_informe.json
[RANGO] BANKUSDT_LINEAL last=0.03581 · río=ciego/muleta · mercado=linear · estado=ACECHANDO · dir=— · 0=0.03547 · Oz=— · Red=— · manos=ON · pos=flat · latido=1.50s
[RANGO] autosello BANK · ACECHANDO · Oz=0.0 link=— · manos_feria_informe.json
[RANGO] BANKUSDT_LINEAL last=0.0358 · río=WS · mercado=linear · estado=ACECHANDO · dir=— · 0=0.03547 · Oz=— · Red=— · manos=ON · pos=flat · latido=1.50s
[RANGO] BANKUSDT_LINEAL last=0.03578 · río=WS · mercado=linear · estado=ACECHANDO · dir=— · 0=0.03547 · Oz=— · Red=— · manos=ON · pos=flat · latido=1.50s
[RANGO] autosello BANK · ACECHANDO · Oz=0.0 link=— · manos_feria_informe.json
[RANGO] BANKUSDT_LINEAL last=0.03579 · río=WS · mercado=linear · estado=ACECHANDO · dir=— · 0=0.03547 · Oz=— · Red=— · manos=ON · pos=flat · latido=1.50s
[RANGO] autosello BANK · ACECHANDO · Oz=0.0 link=— · manos_feria_informe.json
[RANGO] BANKUSDT_LINEAL last=0.03579 · río=WS · mercado=linear · estado=ACECHANDO · dir=— · 0=0.03547 · Oz=— · Red=— · manos=ON · pos=flat · latido=1.50s
[RANGO] BANKUSDT_LINEAL last=0.03578 · río=WS · mercado=linear · estado=ACECHANDO · dir=— · 0=0.03547 · Oz=— · Red=— · manos=ON · pos=flat · latido=1.50s
[RANGO] autosello BANK · ACECHANDO · Oz=0.0 link=— · manos_feria_informe.json
[RANGO] BANKUSDT_LINEAL last=0.03579 · río=WS · mercado=linear · estado=ACECHANDO · dir=— · 0=0.03547 · Oz=— · Red=— · manos=ON · pos=flat · latido=1.50s
[RANGO] autosello BANK · ACECHANDO · Oz=0.0 link=— · manos_feria_informe.json
[RANGO] BANKUSDT_LINEAL last=0.03578 · río=WS · mercado=linear · estado=ACECHANDO · dir=— · 0=0.03547 · Oz=— · Red=— · manos=ON · pos=flat · latido=1.50s
[RANGO] BANKUSDT_LINEAL last=0.03577 · río=WS · mercado=linear · estado=ACECHANDO · dir=— · 0=0.03547 · Oz=— · Red=— · manos=ON · pos=flat · latido=1.50s
[RANGO] autosello BANK · ACECHANDO · Oz=0.0 link=— · manos_feria_informe.json
[RANGO] BANKUSDT_LINEAL last=0.03579 · río=WS · mercado=linear · estado=ACECHANDO · dir=— · 0=0.03547 · Oz=— · Red=— · manos=ON · pos=flat · latido=1.50s
[2026-08-31 09:54:12] [TUSK] RECONCILIACIÓN: POWERUSDT_LINEAL: interno L:0.000000/S:516.000000 -> real L:0.000000/S:645.000000
[2026-08-31 09:54:12] [TUSK] RECONCILIACIÓN_OK: 1 frentes alineados con exchange
[RANGO] autosello BANK · ACECHANDO · Oz=0.0 link=— · manos_feria_informe.json
[RANGO] BANKUSDT_LINEAL last=0.03578 · río=WS · mercado=linear · estado=ACECHANDO · dir=— · 0=0.03547 · Oz=— · Red=— · manos=ON · pos=flat · latido=1.50s
[RANGO] BANKUSDT_LINEAL last=0.03579 · río=WS · mercado=linear · estado=ACECHANDO · dir=— · 0=0.03547 · Oz=— · Red=— · manos=ON · pos=flat · latido=1.50s
[RANGO] autosello BANK · ACECHANDO · Oz=0.0 link=— · manos_feria_informe.json
[RANGO] BANKUSDT_LINEAL last=0.03579 · río=WS · mercado=linear · estado=ACECHANDO · dir=— · 0=0.03547 · Oz=— · Red=— · manos=ON · pos=flat · latido=1.50s
[RANGO] autosello BANK · ACECHANDO · Oz=0.0 link=— · manos_feria_informe.json
[RANGO] BANKUSDT_LINEAL last=0.0358 · río=WS · mercado=linear · estado=ACECHANDO · dir=— · 0=0.03547 · Oz=— · Red=— · manos=ON · pos=flat · latido=1.50s
[RANGO] BANKUSDT_LINEAL last=0.03579 · río=ciego/muleta · mercado=linear · estado=ACECHANDO · dir=— · 0=0.03547 · Oz=— · Red=— · manos=ON · pos=flat · latido=1.50s
[RANGO] autosello BANK · ACECHANDO · Oz=0.0 link=— · manos_feria_informe.json
[RANGO] BANKUSDT_LINEAL last=0.03579 · río=WS · mercado=linear · estado=ACECHANDO · dir=— · 0=0.03547 · Oz=— · Red=— · manos=ON · pos=flat · latido=1.50s
[2026-08-31 09:55:13] [TUSK] RECONCILIACIÓN: SNXXUSDT_LINEAL: interno L:6.470000/S:0.000000 -> real L:6.850000/S:0.000000
[2026-08-31 09:55:13] [TUSK] RECONCILIACIÓN_OK: 1 frentes alineados con exchange
[RANGO] autosello BANK · ACECHANDO · Oz=0.0 link=— · manos_feria_informe.json
[RANGO] BANKUSDT_LINEAL last=0.03579 · río=WS · mercado=linear · estado=ACECHANDO · dir=— · 0=0.03547 · Oz=— · Red=— · manos=ON · pos=flat · latido=1.50s
[RANGO] BANKUSDT_LINEAL last=0.0358 · río=WS · mercado=linear · estado=ACECHANDO · dir=— · 0=0.03547 · Oz=— · Red=— · manos=ON · pos=flat · latido=1.50s
[RANGO] autosello BANK · ACECHANDO · Oz=0.0 link=— · manos_feria_informe.json
[RANGO] BANKUSDT_LINEAL last=0.03579 · río=ciego/muleta · mercado=linear · estado=ACECHANDO · dir=— · 0=0.03547 · Oz=— · Red=— · manos=ON · pos=flat · latido=1.50s
[RANGO] autosello BANK · ACECHANDO · Oz=0.0 link=— · manos_feria_informe.json
[RANGO] BANKUSDT_LINEAL last=0.03579 · río=WS · mercado=linear · estado=ACECHANDO · dir=— · 0=0.03547 · Oz=— · Red=— · manos=ON · pos=flat · latido=1.50s
[RANGO] BANKUSDT_LINEAL last=0.0358 · río=WS · mercado=linear · estado=ACECHANDO · dir=— · 0=0.03547 · Oz=— · Red=— · manos=ON · pos=flat · latido=1.50s
[RANGO] autosello BANK · ACECHANDO · Oz=0.0 link=— · manos_feria_informe.json
[RANGO] BANKUSDT_LINEAL last=0.0358 · río=WS · mercado=linear · estado=ACECHANDO · dir=— · 0=0.03547 · Oz=— · Red=— · manos=ON · pos=flat · latido=1.50s
[2026-08-31 09:56:15] [TUSK] RECONCILIACIÓN: POWERUSDT_LINEAL: interno L:0.000000/S:645.000000 -> real L:0.000000/S:590.000000
[2026-08-31 09:56:15] [TUSK] RECONCILIACIÓN: ROSEUSDT_LINEAL: interno L:0.000000/S:0.000000 -> real L:0.000000/S:2258.000000
[2026-08-31 09:56:15] [TUSK] RECONCILIACIÓN_FANTASMA: LITUSDT_LINEAL existe interno pero no en exchange -> reseteando
[2026-08-31 09:56:15] [TUSK] RECONCILIACIÓN_OK: 3 frentes alineados con exchange
[RANGO] autosello BANK · ACECHANDO · Oz=0.0 link=— · manos_feria_informe.json
[RANGO] BANKUSDT_LINEAL last=0.03579 · río=WS · mercado=linear · estado=ACECHANDO · dir=— · 0=0.03547 · Oz=— · Red=— · manos=ON · pos=flat · latido=1.50s
[RANGO] BANKUSDT_LINEAL last=0.03579 · río=WS · mercado=linear · estado=ACECHANDO · dir=— · 0=0.03547 · Oz=— · Red=— · manos=ON · pos=flat · latido=1.50s
[RANGO] autosello BANK · ACECHANDO · Oz=0.0 link=— · manos_feria_informe.json
[RANGO] BANKUSDT_LINEAL last=0.03578 · río=WS · mercado=linear · estado=ACECHANDO · dir=— · 0=0.03547 · Oz=— · Red=— · manos=ON · pos=flat · latido=1.50s
[RANGO] autosello BANK · ACECHANDO · Oz=0.0 link=— · manos_feria_informe.json
[RANGO] BANKUSDT_LINEAL last=0.03577 · río=WS · mercado=linear · estado=ACECHANDO · dir=— · 0=0.03547 · Oz=— · Red=— · manos=ON · pos=flat · latido=1.50s
[RANGO] BANKUSDT_LINEAL last=0.03576 · río=WS · mercado=linear · estado=ACECHANDO · dir=— · 0=0.03547 · Oz=— · Red=— · manos=ON · pos=flat · latido=1.50s
[RANGO] autosello BANK · ACECHANDO · Oz=0.0 link=— · manos_feria_informe.json
[RANGO] BANKUSDT_LINEAL last=0.03577 · río=WS · mercado=linear · estado=ACECHANDO · dir=— · 0=0.03547 · Oz=— · Red=— · manos=ON · pos=flat · latido=1.50s
[2026-08-31 09:57:16] [TUSK] RECONCILIACIÓN: INTWUSDT_LINEAL: interno L:0.000000/S:0.000000 -> real L:2.680000/S:0.000000
[2026-08-31 09:57:16] [TUSK] RECONCILIACIÓN_FANTASMA: CHIPUSDT_LINEAL existe interno pero no en exchange -> reseteando
[2026-08-31 09:57:16] [TUSK] RECONCILIACIÓN_OK: 2 frentes alineados con exchange
[RANGO] autosello BANK · ACECHANDO · Oz=0.0 link=— · manos_feria_informe.json
[RANGO] BANKUSDT_LINEAL last=0.03576 · río=WS · mercado=linear · estado=ACECHANDO · dir=— · 0=0.03547 · Oz=— · Red=— · manos=ON · pos=flat · latido=1.50s
[RANGO] BANKUSDT_LINEAL last=0.03576 · río=WS · mercado=linear · estado=ACECHANDO · dir=— · 0=0.03547 · Oz=— · Red=— · manos=ON · pos=flat · latido=1.50s
[RANGO] autosello BANK · ACECHANDO · Oz=0.0 link=— · manos_feria_informe.json
[RANGO] BANKUSDT_LINEAL last=0.03576 · río=WS · mercado=linear · estado=ACECHANDO · dir=— · 0=0.03547 · Oz=— · Red=— · manos=ON · pos=flat · latido=1.50s
[RANGO] autosello BANK · ACECHANDO · Oz=0.0 link=— · manos_feria_informe.json
[RANGO] BANKUSDT_LINEAL last=0.03574 · río=WS · mercado=linear · estado=ACECHANDO · dir=— · 0=0.03547 · Oz=— · Red=— · manos=ON · pos=flat · latido=1.50s
[RANGO] BANKUSDT_LINEAL last=0.03575 · río=WS · mercado=linear · estado=ACECHANDO · dir=— · 0=0.03547 · Oz=— · Red=— · manos=ON · pos=flat · latido=1.50s
[RANGO] autosello BANK · ACECHANDO · Oz=0.0 link=— · manos_feria_informe.json
[RANGO] BANKUSDT_LINEAL last=0.03575 · río=WS · mercado=linear · estado=ACECHANDO · dir=— · 0=0.03547 · Oz=— · Red=— · manos=ON · pos=flat · latido=1.50s
[2026-08-31 09:58:17] [TUSK] RECONCILIACIÓN: POWERUSDT_LINEAL: interno L:0.000000/S:590.000000 -> real L:0.000000/S:523.000000
[2026-08-31 09:58:17] [TUSK] RECONCILIACIÓN_OK: 1 frentes alineados con exchange
[RANGO] autosello BANK · ACECHANDO · Oz=0.0 link=— · manos_feria_informe.json
[RANGO] BANKUSDT_LINEAL last=0.03573 · río=WS · mercado=linear · estado=ACECHANDO · dir=— · 0=0.03547 · Oz=— · Red=— · manos=ON · pos=flat · latido=1.50s
[RANGO] BANKUSDT_LINEAL last=0.03572 · río=WS · mercado=linear · estado=ACECHANDO · dir=— · 0=0.03547 · Oz=— · Red=— · manos=ON · pos=flat · latido=1.50s
[RANGO] autosello BANK · ACECHANDO · Oz=0.0 link=— · manos_feria_informe.json
[RANGO] BANKUSDT_LINEAL last=0.03575 · río=WS · mercado=linear · estado=ACECHANDO · dir=— · 0=0.03547 · Oz=— · Red=— · manos=ON · pos=flat · latido=1.50s
[RANGO] autosello BANK · ACECHANDO · Oz=0.0 link=— · manos_feria_informe.json
[RANGO] BANKUSDT_LINEAL last=0.03575 · río=WS · mercado=linear · estado=ACECHANDO · dir=— · 0=0.03547 · Oz=— · Red=— · manos=ON · pos=flat · latido=1.50s
[RANGO] BANKUSDT_LINEAL last=0.03574 · río=WS · mercado=linear · estado=ACECHANDO · dir=— · 0=0.03547 · Oz=— · Red=— · manos=ON · pos=flat · latido=1.50s
[RANGO] autosello BANK · ACECHANDO · Oz=0.0 link=— · manos_feria_informe.json
[RANGO] BANKUSDT_LINEAL last=0.03574 · río=WS · mercado=linear · estado=ACECHANDO · dir=— · 0=0.03547 · Oz=— · Red=— · manos=ON · pos=flat · latido=1.50s
[RANGO] autosello BANK · ACECHANDO · Oz=0.0 link=— · manos_feria_informe.json
[2026-08-31 09:59:19] [TUSK] RECONCILIACIÓN: MVLLUSDT_LINEAL: interno L:0.000000/S:0.000000 -> real L:3.770000/S:0.000000
[2026-08-31 09:59:19] [TUSK] RECONCILIACIÓN_FANTASMA: NILUSDT_LINEAL existe interno pero no en exchange -> reseteando
[2026-08-31 09:59:19] [TUSK] RECONCILIACIÓN_OK: 2 frentes alineados con exchange
[RANGO] BANKUSDT_LINEAL last=0.03574 · río=WS · mercado=linear · estado=ACECHANDO · dir=— · 0=0.03547 · Oz=— · Red=— · manos=ON · pos=flat · latido=1.50s
[RANGO] BANKUSDT_LINEAL last=0.03576 · río=WS · mercado=linear · estado=ACECHANDO · dir=— · 0=0.03547 · Oz=— · Red=— · manos=ON · pos=flat · latido=1.50s
[RANGO] autosello BANK · ACECHANDO · Oz=0.0 link=— · manos_feria_informe.json
[RANGO] BANKUSDT_LINEAL last=0.03577 · río=WS · mercado=linear · estado=ACECHANDO · dir=— · 0=0.03547 · Oz=— · Red=— · manos=ON · pos=flat · latido=1.50s
[RANGO] autosello BANK · ACECHANDO · Oz=0.0 link=— · manos_feria_informe.json
[RANGO] BANKUSDT_LINEAL last=0.03579 · río=WS · mercado=linear · estado=ACECHANDO · dir=— · 0=0.03547 · Oz=— · Red=— · manos=ON · pos=flat · latido=1.50s
[RANGO] BANKUSDT_LINEAL last=0.03576 · río=WS · mercado=linear · estado=ACECHANDO · dir=— · 0=0.03547 · Oz=— · Red=— · manos=ON · pos=flat · latido=1.50s
[RANGO] autosello BANK · ACECHANDO · Oz=0.0 link=— · manos_feria_informe.json
[RANGO] BANKUSDT_LINEAL last=0.03576 · río=WS · mercado=linear · estado=ACECHANDO · dir=— · 0=0.03547 · Oz=— · Red=— · manos=ON · pos=flat · latido=1.50s
[RANGO] autosello BANK · ACECHANDO · Oz=0.0 link=— · manos_feria_informe.json
[2026-08-31 10:00:20] [TUSK] RECONCILIACIÓN: LSKUSDT_LINEAL: interno L:0.000000/S:0.000000 -> real L:94.400000/S:0.000000
[2026-08-31 10:00:20] [TUSK] RECONCILIACIÓN: CRDOUSDT_LINEAL: interno L:0.000000/S:0.000000 -> real L:0.140000/S:0.000000
[2026-08-31 10:00:20] [TUSK] RECONCILIACIÓN: XLMUSDT_LINEAL: interno L:0.000000/S:0.000000 -> real L:334.000000/S:0.000000
[2026-08-31 10:00:20] [TUSK] RECONCILIACIÓN: BATUSDT_LINEAL: interno L:0.000000/S:0.000000 -> real L:277.700000/S:0.000000
[2026-08-31 10:00:20] [TUSK] RECONCILIACIÓN: DASHUSDT_LINEAL: interno L:0.000000/S:0.000000 -> real L:0.000000/S:0.340000
[2026-08-31 10:00:20] [TUSK] RECONCILIACIÓN: SPACEUSDT_LINEAL: interno L:0.000000/S:0.000000 -> real L:3640.000000/S:0.000000
[2026-08-31 10:00:20] [TUSK] RECONCILIACIÓN: HYUNDAIUSDT_LINEAL: interno L:0.000000/S:0.000000 -> real L:0.200000/S:0.000000
[2026-08-31 10:00:20] [TUSK] RECONCILIACIÓN: ORCLUSDT_LINEAL: interno L:0.000000/S:0.000000 -> real L:0.090000/S:0.000000
[2026-08-31 10:00:20] [TUSK] RECONCILIACIÓN: ZBCNUSDT_LINEAL: interno L:0.000000/S:0.000000 -> real L:9700.000000/S:0.000000
[2026-08-31 10:00:20] [TUSK] RECONCILIACIÓN: APLDUSDT_LINEAL: interno L:0.000000/S:0.000000 -> real L:0.880000/S:0.000000
[2026-08-31 10:00:20] [TUSK] RECONCILIACIÓN: WDCUSDT_LINEAL: interno L:0.000000/S:0.000000 -> real L:0.020000/S:0.000000
[2026-08-31 10:00:20] [TUSK] RECONCILIACIÓN: AIGENSYNUSDT_LINEAL: interno L:0.000000/S:0.000000 -> real L:1230.000000/S:0.000000
[2026-08-31 10:00:20] [TUSK] RECONCILIACIÓN: CIENUSDT_LINEAL: interno L:0.000000/S:0.000000 -> real L:0.020000/S:0.000000
[2026-08-31 10:00:20] [TUSK] RECONCILIACIÓN: INTCUSDT_LINEAL: interno L:0.000000/S:0.000000 -> real L:0.130000/S:0.000000
[2026-08-31 10:00:20] [TUSK] RECONCILIACIÓN: SAFEUSDT_LINEAL: interno L:0.000000/S:0.000000 -> real L:0.000000/S:46.600000
[2026-08-31 10:00:20] [TUSK] RECONCILIACIÓN: SKHYUSDT_LINEAL: interno L:0.000000/S:0.000000 -> real L:0.260000/S:0.000000
[2026-08-31 10:00:20] [TUSK] RECONCILIACIÓN_FANTASMA: BIOUSDT_LINEAL existe interno pero no en exchange -> reseteando
[2026-08-31 10:00:20] [TUSK] RECONCILIACIÓN_FANTASMA: PLTRUSDT_LINEAL existe interno pero no en exchange -> reseteando
[2026-08-31 10:00:20] [TUSK] RECONCILIACIÓN_FANTASMA: SNXXUSDT_LINEAL existe interno pero no en exchange -> reseteando
[2026-08-31 10:00:20] [TUSK] RECONCILIACIÓN_FANTASMA: MVLLUSDT_LINEAL existe interno pero no en exchange -> reseteando
[2026-08-31 10:00:20] [TUSK] RECONCILIACIÓN_FANTASMA: INTWUSDT_LINEAL existe interno pero no en exchange -> reseteando
[2026-08-31 10:00:20] [TUSK] RECONCILIACIÓN_FANTASMA: AXTIUSDT_LINEAL existe interno pero no en exchange -> reseteando
[2026-08-31 10:00:20] [TUSK] RECONCILIACIÓN_FANTASMA: SAMSUNGUSDT_LINEAL existe interno pero no en exchange -> reseteando
[2026-08-31 10:00:20] [TUSK] RECONCILIACIÓN_FANTASMA: NBISUSDT_LINEAL existe interno pero no en exchange -> reseteando
[2026-08-31 10:00:20] [TUSK] RECONCILIACIÓN_FANTASMA: ZKPUSDT_LINEAL existe interno pero no en exchange -> reseteando
[2026-08-31 10:00:20] [TUSK] RECONCILIACIÓN_FANTASMA: MSTRUSDT_LINEAL existe interno pero no en exchange -> reseteando
[2026-08-31 10:00:20] [TUSK] RECONCILIACIÓN_FANTASMA: PURRUSDT_LINEAL existe interno pero no en exchange -> reseteando
[2026-08-31 10:00:20] [TUSK] RECONCILIACIÓN_FANTASMA: MUBARAKUSDT_LINEAL existe interno pero no en exchange -> reseteando
[2026-08-31 10:00:20] [TUSK] RECONCILIACIÓN_FANTASMA: FWDIUSDT_LINEAL existe interno pero no en exchange -> reseteando
[2026-08-31 10:00:20] [TUSK] RECONCILIACIÓN_FANTASMA: SHAZUSDT_LINEAL existe interno pero no en exchange -> reseteando
[2026-08-31 10:00:20] [TUSK] RECONCILIACIÓN_FANTASMA: HYPEUSDT_LINEAL existe interno pero no en exchange -> reseteando
[2026-08-31 10:00:20] [TUSK] RECONCILIACIÓN_FANTASMA: ROSEUSDT_LINEAL existe interno pero no en exchange -> reseteando
[2026-08-31 10:00:20] [TUSK] RECONCILIACIÓN_OK: 32 frentes alineados con exchange
[RANGO] BANKUSDT_LINEAL last=0.03576 · río=WS · mercado=linear · estado=ACECHANDO · dir=— · 0=0.03547 · Oz=— · Red=— · manos=ON · pos=flat · latido=1.50s
[RANGO] BANKUSDT_LINEAL last=0.03577 · río=WS · mercado=linear · estado=ACECHANDO · dir=— · 0=0.03547 · Oz=— · Red=— · manos=ON · pos=flat · latido=1.50s
[RANGO] autosello BANK · ACECHANDO · Oz=0.0 link=— · manos_feria_informe.json
[RANGO] BANKUSDT_LINEAL last=0.03578 · río=WS · mercado=linear · estado=ACECHANDO · dir=— · 0=0.03547 · Oz=— · Red=— · manos=ON · pos=flat · latido=1.50s
[RANGO] autosello BANK · ACECHANDO · Oz=0.0 link=— · manos_feria_informe.json
[RANGO] BANKUSDT_LINEAL last=0.03573 · río=WS · mercado=linear · estado=ACECHANDO · dir=— · 0=0.03547 · Oz=— · Red=— · manos=ON · pos=flat · latido=1.50s
[RANGO] BANKUSDT_LINEAL last=0.03569 · río=WS · mercado=linear · estado=ACECHANDO · dir=— · 0=0.03547 · Oz=— · Red=— · manos=ON · pos=flat · latido=1.50s
[RANGO] autosello BANK · ACECHANDO · Oz=0.0 link=— · manos_feria_informe.json
[RANGO] BANKUSDT_LINEAL last=0.0357 · río=WS · mercado=linear · estado=ACECHANDO · dir=— · 0=0.03547 · Oz=— · Red=— · manos=ON · pos=flat · latido=1.50s
[RANGO] autosello BANK · ACECHANDO · Oz=0.0 link=— · manos_feria_informe.json
[RANGO] BANKUSDT_LINEAL last=0.0357 · río=WS · mercado=linear · estado=ACECHANDO · dir=— · 0=0.03547 · Oz=— · Red=— · manos=ON · pos=flat · latido=1.50s
[2026-08-31 10:01:21] [TUSK] RECONCILIACIÓN: POWERUSDT_LINEAL: interno L:0.000000/S:523.000000 -> real L:0.000000/S:364.000000
[2026-08-31 10:01:21] [TUSK] RECONCILIACIÓN: KNCUSDT_LINEAL: interno L:0.000000/S:0.000000 -> real L:354.100000/S:0.000000
[2026-08-31 10:01:21] [TUSK] RECONCILIACIÓN_FANTASMA: SKHYUSDT_LINEAL existe interno pero no en exchange -> reseteando
[2026-08-31 10:01:21] [TUSK] RECONCILIACIÓN_OK: 3 frentes alineados con exchange
[RANGO] BANKUSDT_LINEAL last=0.03571 · río=WS · mercado=linear · estado=ACECHANDO · dir=— · 0=0.03547 · Oz=— · Red=— · manos=ON · pos=flat · latido=1.50s
[RANGO] autosello BANK · ACECHANDO · Oz=0.0 link=— · manos_feria_informe.json
[RANGO] BANKUSDT_LINEAL last=0.03573 · río=WS · mercado=linear · estado=ACECHANDO · dir=— · 0=0.03547 · Oz=— · Red=— · manos=ON · pos=flat · latido=1.50s
[RANGO] autosello BANK · ACECHANDO · Oz=0.0 link=— · manos_feria_informe.json
[RANGO] BANKUSDT_LINEAL last=0.0357 · río=WS · mercado=linear · estado=ACECHANDO · dir=— · 0=0.03547 · Oz=— · Red=— · manos=ON · pos=flat · latido=1.50s
[RANGO] BANKUSDT_LINEAL last=0.03573 · río=WS · mercado=linear · estado=ACECHANDO · dir=— · 0=0.03547 · Oz=— · Red=— · manos=ON · pos=flat · latido=1.50s
[RANGO] autosello BANK · ACECHANDO · Oz=0.0 link=— · manos_feria_informe.json
[RANGO] BANKUSDT_LINEAL last=0.03574 · río=WS · mercado=linear · estado=ACECHANDO · dir=— · 0=0.03547 · Oz=— · Red=— · manos=ON · pos=flat · latido=1.50s
[RANGO] autosello BANK · ACECHANDO · Oz=0.0 link=— · manos_feria_informe.json
[RANGO] BANKUSDT_LINEAL last=0.03574 · río=WS · mercado=linear · estado=ACECHANDO · dir=— · 0=0.03547 · Oz=— · Red=— · manos=ON · pos=flat · latido=1.50s
[RANGO] BANKUSDT_LINEAL last=0.03577 · río=WS · mercado=linear · estado=ACECHANDO · dir=— · 0=0.03547 · Oz=— · Red=— · manos=ON · pos=flat · latido=1.50s
[RANGO] autosello BANK · ACECHANDO · Oz=0.0 link=— · manos_feria_informe.json
[RANGO] BANKUSDT_LINEAL last=0.03577 · río=ciego/muleta · mercado=linear · estado=ACECHANDO · dir=— · 0=0.03547 · Oz=— · Red=— · manos=ON · pos=flat · latido=1.50s
[RANGO] autosello BANK · ACECHANDO · Oz=0.0 link=— · manos_feria_informe.json
[RANGO] BANKUSDT_LINEAL last=0.03578 · río=WS · mercado=linear · estado=ACECHANDO · dir=— · 0=0.03547 · Oz=— · Red=— · manos=ON · pos=flat · latido=1.50s
[RANGO] BANKUSDT_LINEAL last=0.0358 · río=WS · mercado=linear · estado=ACECHANDO · dir=— · 0=0.03547 · Oz=— · Red=— · manos=ON · pos=flat · latido=1.50s
[RANGO] autosello BANK · ACECHANDO · Oz=0.0 link=— · manos_feria_informe.json
[RANGO] BANKUSDT_LINEAL last=0.0358 · río=ciego/muleta · mercado=linear · estado=ACECHANDO · dir=— · 0=0.03547 · Oz=— · Red=— · manos=ON · pos=flat · latido=1.50s
[RANGO] autosello BANK · ACECHANDO · Oz=0.0 link=— · manos_feria_informe.json
[RANGO] BANKUSDT_LINEAL last=0.03581 · río=WS · mercado=linear · estado=ACECHANDO · dir=— · 0=0.03547 · Oz=— · Red=— · manos=ON · pos=flat · latido=1.50s
[2026-08-31 10:03:24] [TUSK] RECONCILIACIÓN: FWDIUSDT_LINEAL: interno L:0.000000/S:0.000000 -> real L:0.000000/S:5.100000
[2026-08-31 10:03:24] [TUSK] RECONCILIACIÓN: NBISUSDT_LINEAL: interno L:0.000000/S:0.000000 -> real L:0.000000/S:0.050000
[2026-08-31 10:03:24] [TUSK] RECONCILIACIÓN: RDWUSDT_LINEAL: interno L:0.000000/S:0.000000 -> real L:0.700000/S:0.000000
[2026-08-31 10:03:24] [TUSK] RECONCILIACIÓN_FANTASMA: CIENUSDT_LINEAL existe interno pero no en exchange -> reseteando
[2026-08-31 10:03:24] [TUSK] RECONCILIACIÓN_FANTASMA: INTCUSDT_LINEAL existe interno pero no en exchange -> reseteando
[2026-08-31 10:03:24] [TUSK] RECONCILIACIÓN_FANTASMA: SAFEUSDT_LINEAL existe interno pero no en exchange -> reseteando
[2026-08-31 10:03:24] [TUSK] RECONCILIACIÓN_OK: 6 frentes alineados con exchange
[RANGO] BANKUSDT_LINEAL last=0.03579 · río=WS · mercado=linear · estado=ACECHANDO · dir=— · 0=0.03547 · Oz=— · Red=— · manos=ON · pos=flat · latido=1.50s
[RANGO] autosello BANK · ACECHANDO · Oz=0.0 link=— · manos_feria_informe.json
[RANGO] BANKUSDT_LINEAL last=0.03578 · río=WS · mercado=linear · estado=ACECHANDO · dir=— · 0=0.03547 · Oz=— · Red=— · manos=ON · pos=flat · latido=1.50s
[RANGO] autosello BANK · ACECHANDO · Oz=0.0 link=— · manos_feria_informe.json
[RANGO] BANKUSDT_LINEAL last=0.03579 · río=WS · mercado=linear · estado=ACECHANDO · dir=— · 0=0.03547 · Oz=— · Red=— · manos=ON · pos=flat · latido=1.50s
[RANGO] BANKUSDT_LINEAL last=0.03578 · río=WS · mercado=linear · estado=ACECHANDO · dir=— · 0=0.03547 · Oz=— · Red=— · manos=ON · pos=flat · latido=1.50s
[RANGO] autosello BANK · ACECHANDO · Oz=0.0 link=— · manos_feria_informe.json
[RANGO] BANKUSDT_LINEAL last=0.03578 · río=WS · mercado=linear · estado=ACECHANDO · dir=— · 0=0.03547 · Oz=— · Red=— · manos=ON · pos=flat · latido=1.50s
[RANGO] autosello BANK · ACECHANDO · Oz=0.0 link=— · manos_feria_informe.json
[RANGO] BANKUSDT_LINEAL last=0.03578 · río=WS · mercado=linear · estado=ACECHANDO · dir=— · 0=0.03547 · Oz=— · Red=— · manos=ON · pos=flat · latido=1.50s
[RANGO] BANKUSDT_LINEAL last=0.03579 · río=WS · mercado=linear · estado=ACECHANDO · dir=— · 0=0.03547 · Oz=— · Red=— · manos=ON · pos=flat · latido=1.50s
[RANGO] autosello BANK · ACECHANDO · Oz=0.0 link=— · manos_feria_informe.json
[RANGO] BANKUSDT_LINEAL last=0.03576 · río=WS · mercado=linear · estado=ACECHANDO · dir=— · 0=0.03547 · Oz=— · Red=— · manos=ON · pos=flat · latido=1.50s
[RANGO] autosello BANK · ACECHANDO · Oz=0.0 link=— · manos_feria_informe.json
[RANGO] BANKUSDT_LINEAL last=0.03577 · río=WS · mercado=linear · estado=ACECHANDO · dir=— · 0=0.03547 · Oz=— · Red=— · manos=ON · pos=flat · latido=1.50s
[RANGO] BANKUSDT_LINEAL last=0.03578 · río=WS · mercado=linear · estado=ACECHANDO · dir=— · 0=0.03547 · Oz=— · Red=— · manos=ON · pos=flat · latido=1.50s
[RANGO] autosello BANK · ACECHANDO · Oz=0.0 link=— · manos_feria_informe.json
[RANGO] BANKUSDT_LINEAL last=0.03577 · río=WS · mercado=linear · estado=ACECHANDO · dir=— · 0=0.03547 · Oz=— · Red=— · manos=ON · pos=flat · latido=1.50s
[RANGO] autosello BANK · ACECHANDO · Oz=0.0 link=— · manos_feria_informe.json
[RANGO] BANKUSDT_LINEAL last=0.03578 · río=WS · mercado=linear · estado=ACECHANDO · dir=— · 0=0.03547 · Oz=— · Red=— · manos=ON · pos=flat · latido=1.50s
[2026-08-31 10:05:26] [TUSK] RECONCILIACIÓN: KORUUSDT_LINEAL: interno L:0.000000/S:0.000000 -> real L:0.000000/S:4.620000
[2026-08-31 10:05:26] [TUSK] RECONCILIACIÓN: PLTRUSDT_LINEAL: interno L:0.000000/S:0.000000 -> real L:0.030000/S:0.000000
[2026-08-31 10:05:26] [TUSK] RECONCILIACIÓN_FANTASMA: WDCUSDT_LINEAL existe interno pero no en exchange -> reseteando
[2026-08-31 10:05:26] [TUSK] RECONCILIACIÓN_FANTASMA: AIGENSYNUSDT_LINEAL existe interno pero no en exchange -> reseteando
[2026-08-31 10:05:26] [TUSK] RECONCILIACIÓN_OK: 4 frentes alineados con exchange
[RANGO] BANKUSDT_LINEAL last=0.03578 · río=WS · mercado=linear · estado=ACECHANDO · dir=— · 0=0.03547 · Oz=— · Red=— · manos=ON · pos=flat · latido=1.50s
[RANGO] autosello BANK · ACECHANDO · Oz=0.0 link=— · manos_feria_informe.json
[RANGO] BANKUSDT_LINEAL last=0.03578 · río=WS · mercado=linear · estado=ACECHANDO · dir=— · 0=0.03547 · Oz=— · Red=— · manos=ON · pos=flat · latido=1.50s
[RANGO] autosello BANK · ACECHANDO · Oz=0.0 link=— · manos_feria_informe.json
[RANGO] BANKUSDT_LINEAL last=0.03579 · río=WS · mercado=linear · estado=ACECHANDO · dir=— · 0=0.03547 · Oz=— · Red=— · manos=ON · pos=flat · latido=1.50s
[RANGO] BANKUSDT_LINEAL last=0.03578 · río=ciego/muleta · mercado=linear · estado=ACECHANDO · dir=— · 0=0.03547 · Oz=— · Red=— · manos=ON · pos=flat · latido=1.50s
[RANGO] autosello BANK · ACECHANDO · Oz=0.0 link=— · manos_feria_informe.json
[RANGO] BANKUSDT_LINEAL last=0.03578 · río=WS · mercado=linear · estado=ACECHANDO · dir=— · 0=0.03547 · Oz=— · Red=— · manos=ON · pos=flat · latido=1.50s
[RANGO] autosello BANK · ACECHANDO · Oz=0.0 link=— · manos_feria_informe.json
[RANGO] BANKUSDT_LINEAL last=0.0358 · río=WS · mercado=linear · estado=ACECHANDO · dir=— · 0=0.03547 · Oz=— · Red=— · manos=ON · pos=flat · latido=1.50s
[2026-08-31 10:06:27] [TUSK] RECONCILIACIÓN: TWTUSDT_LINEAL: interno L:0.000000/S:0.000000 -> real L:48.800000/S:0.000000
[2026-08-31 10:06:27] [TUSK] RECONCILIACIÓN: ZEREBROUSDT_LINEAL: interno L:0.000000/S:0.000000 -> real L:0.000000/S:556.000000
[2026-08-31 10:06:27] [TUSK] RECONCILIACIÓN: NILUSDT_LINEAL: interno L:0.000000/S:0.000000 -> real L:222.000000/S:0.000000
[2026-08-31 10:06:27] [TUSK] RECONCILIACIÓN_FANTASMA: ZBCNUSDT_LINEAL existe interno pero no en exchange -> reseteando
[2026-08-31 10:06:27] [TUSK] RECONCILIACIÓN_FANTASMA: SYRUPUSDT_LINEAL existe interno pero no en exchange -> reseteando
[2026-08-31 10:06:27] [TUSK] RECONCILIACIÓN_FANTASMA: APLDUSDT_LINEAL existe interno pero no en exchange -> reseteando
[2026-08-31 10:06:27] [TUSK] RECONCILIACIÓN_OK: 6 frentes alineados con exchange
[RANGO] autosello BANK · ACECHANDO · Oz=0.0 link=— · manos_feria_informe.json
[RANGO] BANKUSDT_LINEAL last=0.0358 · río=WS · mercado=linear · estado=ACECHANDO · dir=— · 0=0.03547 · Oz=— · Red=— · manos=ON · pos=flat · latido=1.50s
[RANGO] BANKUSDT_LINEAL last=0.03581 · río=WS · mercado=linear · estado=ACECHANDO · dir=— · 0=0.03547 · Oz=— · Red=— · manos=ON · pos=flat · latido=1.50s
[RANGO] autosello BANK · ACECHANDO · Oz=0.0 link=— · manos_feria_informe.json
[RANGO] BANKUSDT_LINEAL last=0.03582 · río=WS · mercado=linear · estado=ACECHANDO · dir=— · 0=0.03547 · Oz=— · Red=— · manos=ON · pos=flat · latido=1.50s
[RANGO] autosello BANK · ACECHANDO · Oz=0.0 link=— · manos_feria_informe.json
[RANGO] BANKUSDT_LINEAL last=0.03582 · río=WS · mercado=linear · estado=ACECHANDO · dir=— · 0=0.03547 · Oz=— · Red=— · manos=ON · pos=flat · latido=1.50s
[RANGO] BANKUSDT_LINEAL last=0.03581 · río=WS · mercado=linear · estado=ACECHANDO · dir=— · 0=0.03547 · Oz=— · Red=— · manos=ON · pos=flat · latido=1.50s
[RANGO] autosello BANK · ACECHANDO · Oz=0.0 link=— · manos_feria_informe.json
[RANGO] BANKUSDT_LINEAL last=0.03579 · río=WS · mercado=linear · estado=ACECHANDO · dir=— · 0=0.03547 · Oz=— · Red=— · manos=ON · pos=flat · latido=1.50s
[RANGO] autosello BANK · ACECHANDO · Oz=0.0 link=— · manos_feria_informe.json
[RANGO] BANKUSDT_LINEAL last=0.0358 · río=WS · mercado=linear · estado=ACECHANDO · dir=— · 0=0.03547 · Oz=— · Red=— · manos=ON · pos=flat · latido=1.50s
[RANGO] BANKUSDT_LINEAL last=0.0358 · río=WS · mercado=linear · estado=ACECHANDO · dir=— · 0=0.03547 · Oz=— · Red=— · manos=ON · pos=flat · latido=1.50s
[RANGO] autosello BANK · ACECHANDO · Oz=0.0 link=— · manos_feria_informe.json
[RANGO] BANKUSDT_LINEAL last=0.0358 · río=WS · mercado=linear · estado=ACECHANDO · dir=— · 0=0.03547 · Oz=— · Red=— · manos=ON · pos=flat · latido=1.50s
[RANGO] autosello BANK · ACECHANDO · Oz=0.0 link=— · manos_feria_informe.json
[RANGO] BANKUSDT_LINEAL last=0.03581 · río=WS · mercado=linear · estado=ACECHANDO · dir=— · 0=0.03547 · Oz=— · Red=— · manos=ON · pos=flat · latido=1.50s
[RANGO] BANKUSDT_LINEAL last=0.03579 · río=WS · mercado=linear · estado=ACECHANDO · dir=— · 0=0.03547 · Oz=— · Red=— · manos=ON · pos=flat · latido=1.50s
[RANGO] autosello BANK · ACECHANDO · Oz=0.0 link=— · manos_feria_informe.json
[RANGO] BANKUSDT_LINEAL last=0.03577 · río=WS · mercado=linear · estado=ACECHANDO · dir=— · 0=0.03547 · Oz=— · Red=— · manos=ON · pos=flat · latido=1.50s
[2026-08-31 10:08:30] [TUSK] RECONCILIACIÓN: SNXXUSDT_LINEAL: interno L:0.000000/S:0.000000 -> real L:7.610000/S:0.000000
[2026-08-31 10:08:30] [TUSK] RECONCILIACIÓN: POWERUSDT_LINEAL: interno L:0.000000/S:364.000000 -> real L:0.000000/S:307.000000
[2026-08-31 10:08:30] [TUSK] RECONCILIACIÓN_FANTASMA: ORCLUSDT_LINEAL existe interno pero no en exchange -> reseteando
[2026-08-31 10:08:30] [TUSK] RECONCILIACIÓN_OK: 3 frentes alineados con exchange
[RANGO] autosello BANK · ACECHANDO · Oz=0.0 link=— · manos_feria_informe.json
[RANGO] BANKUSDT_LINEAL last=0.0358 · río=ciego/muleta · mercado=linear · estado=ACECHANDO · dir=— · 0=0.03547 · Oz=— · Red=— · manos=ON · pos=flat · latido=1.50s
[RANGO] BANKUSDT_LINEAL last=0.0358 · río=WS · mercado=linear · estado=ACECHANDO · dir=— · 0=0.03547 · Oz=— · Red=— · manos=ON · pos=flat · latido=1.50s
[RANGO] autosello BANK · ACECHANDO · Oz=0.0 link=— · manos_feria_informe.json
[RANGO] BANKUSDT_LINEAL last=0.0358 · río=ciego/muleta · mercado=linear · estado=ACECHANDO · dir=— · 0=0.03547 · Oz=— · Red=— · manos=ON · pos=flat · latido=1.50s
[RANGO] autosello BANK · ACECHANDO · Oz=0.0 link=— · manos_feria_informe.json
[RANGO] BANKUSDT_LINEAL last=0.03578 · río=WS · mercado=linear · estado=ACECHANDO · dir=— · 0=0.03547 · Oz=— · Red=— · manos=ON · pos=flat · latido=1.50s
[RANGO] BANKUSDT_LINEAL last=0.03578 · río=WS · mercado=linear · estado=ACECHANDO · dir=— · 0=0.03547 · Oz=— · Red=— · manos=ON · pos=flat · latido=1.50s
[RANGO] autosello BANK · ACECHANDO · Oz=0.0 link=— · manos_feria_informe.json
[RANGO] BANKUSDT_LINEAL last=0.03573 · río=WS · mercado=linear · estado=ACECHANDO · dir=— · 0=0.03547 · Oz=— · Red=— · manos=ON · pos=flat · latido=1.50s
[2026-08-31 10:09:31] [TUSK] RECONCILIACIÓN: AXTIUSDT_LINEAL: interno L:0.000000/S:0.000000 -> real L:1.690000/S:0.000000
[2026-08-31 10:09:31] [TUSK] RECONCILIACIÓN: XANUSDT_LINEAL: interno L:0.000000/S:982.000000 -> real L:0.000000/S:542.000000
[2026-08-31 10:09:31] [TUSK] RECONCILIACIÓN_FANTASMA: HYUNDAIUSDT_LINEAL existe interno pero no en exchange -> reseteando
[2026-08-31 10:09:31] [TUSK] RECONCILIACIÓN_OK: 3 frentes alineados con exchange
[RANGO] autosello BANK · ACECHANDO · Oz=0.0 link=— · manos_feria_informe.json
[RANGO] BANKUSDT_LINEAL last=0.03573 · río=WS · mercado=linear · estado=ACECHANDO · dir=— · 0=0.03547 · Oz=— · Red=— · manos=ON · pos=flat · latido=1.50s
[RANGO] BANKUSDT_LINEAL last=0.03572 · río=WS · mercado=linear · estado=ACECHANDO · dir=— · 0=0.03547 · Oz=— · Red=— · manos=ON · pos=flat · latido=1.50s
[RANGO] autosello BANK · ACECHANDO · Oz=0.0 link=— · manos_feria_informe.json
[RANGO] BANKUSDT_LINEAL last=0.03573 · río=WS · mercado=linear · estado=ACECHANDO · dir=— · 0=0.03547 · Oz=— · Red=— · manos=ON · pos=flat · latido=1.50s
[RANGO] autosello BANK · ACECHANDO · Oz=0.0 link=— · manos_feria_informe.json
[RANGO] BANKUSDT_LINEAL last=0.03573 · río=WS · mercado=linear · estado=ACECHANDO · dir=— · 0=0.03547 · Oz=— · Red=— · manos=ON · pos=flat · latido=1.50s
[RANGO] BANKUSDT_LINEAL last=0.03573 · río=WS · mercado=linear · estado=ACECHANDO · dir=— · 0=0.03547 · Oz=— · Red=— · manos=ON · pos=flat · latido=1.50s
[RANGO] autosello BANK · ACECHANDO · Oz=0.0 link=— · manos_feria_informe.json
[RANGO] BANKUSDT_LINEAL last=0.03572 · río=WS · mercado=linear · estado=ACECHANDO · dir=— · 0=0.03547 · Oz=— · Red=— · manos=ON · pos=flat · latido=1.50s
[2026-08-31 10:10:32] [TUSK] RECONCILIACIÓN: CHIPUSDT_LINEAL: interno L:0.000000/S:0.000000 -> real L:390.000000/S:0.000000
[2026-08-31 10:10:32] [TUSK] RECONCILIACIÓN_FANTASMA: SPACEUSDT_LINEAL existe interno pero no en exchange -> reseteando
[2026-08-31 10:10:32] [TUSK] RECONCILIACIÓN_OK: 2 frentes alineados con exchange
[RANGO] autosello BANK · ACECHANDO · Oz=0.0 link=— · manos_feria_informe.json
[RANGO] BANKUSDT_LINEAL last=0.03571 · río=WS · mercado=linear · estado=ACECHANDO · dir=— · 0=0.03547 · Oz=— · Red=— · manos=ON · pos=flat · latido=1.50s
[RANGO] BANKUSDT_LINEAL last=0.0357 · río=WS · mercado=linear · estado=ACECHANDO · dir=— · 0=0.03547 · Oz=— · Red=— · manos=ON · pos=flat · latido=1.50s
[RANGO] autosello BANK · ACECHANDO · Oz=0.0 link=— · manos_feria_informe.json
[RANGO] BANKUSDT_LINEAL last=0.03572 · río=WS · mercado=linear · estado=ACECHANDO · dir=— · 0=0.03547 · Oz=— · Red=— · manos=ON · pos=flat · latido=1.50s
[RANGO] autosello BANK · ACECHANDO · Oz=0.0 link=— · manos_feria_informe.json
[RANGO] BANKUSDT_LINEAL last=0.03571 · río=WS · mercado=linear · estado=ACECHANDO · dir=— · 0=0.03547 · Oz=— · Red=— · manos=ON · pos=flat · latido=1.50s
[RANGO] BANKUSDT_LINEAL last=0.03571 · río=WS · mercado=linear · estado=ACECHANDO · dir=— · 0=0.03547 · Oz=— · Red=— · manos=ON · pos=flat · latido=1.50s
[RANGO] autosello BANK · ACECHANDO · Oz=0.0 link=— · manos_feria_informe.json
[RANGO] BANKUSDT_LINEAL last=0.03573 · río=WS · mercado=linear · estado=ACECHANDO · dir=— · 0=0.03547 · Oz=— · Red=— · manos=ON · pos=flat · latido=1.50s
[2026-08-31 10:11:33] [TUSK] RECONCILIACIÓN: ZEREBROUSDT_LINEAL: interno L:0.000000/S:556.000000 -> real L:0.000000/S:686.000000
[2026-08-31 10:11:33] [TUSK] RECONCILIACIÓN: VVVUSDT_LINEAL: interno L:0.000000/S:0.000000 -> real L:2.880000/S:0.000000
[2026-08-31 10:11:33] [TUSK] RECONCILIACIÓN_FANTASMA: DASHUSDT_LINEAL existe interno pero no en exchange -> reseteando
[2026-08-31 10:11:33] [TUSK] RECONCILIACIÓN_OK: 3 frentes alineados con exchange
[RANGO] autosello BANK · ACECHANDO · Oz=0.0 link=— · manos_feria_informe.json
[RANGO] BANKUSDT_LINEAL last=0.03572 · río=WS · mercado=linear · estado=ACECHANDO · dir=— · 0=0.03547 · Oz=— · Red=— · manos=ON · pos=flat · latido=1.50s
[RANGO] BANKUSDT_LINEAL last=0.03572 · río=WS · mercado=linear · estado=ACECHANDO · dir=— · 0=0.03547 · Oz=— · Red=— · manos=ON · pos=flat · latido=1.50s
[RANGO] autosello BANK · ACECHANDO · Oz=0.0 link=— · manos_feria_informe.json
[RANGO] BANKUSDT_LINEAL last=0.03574 · río=WS · mercado=linear · estado=ACECHANDO · dir=— · 0=0.03547 · Oz=— · Red=— · manos=ON · pos=flat · latido=1.50s
[RANGO] autosello BANK · ACECHANDO · Oz=0.0 link=— · manos_feria_informe.json
[RANGO] BANKUSDT_LINEAL last=0.03575 · río=WS · mercado=linear · estado=ACECHANDO · dir=— · 0=0.03547 · Oz=— · Red=— · manos=ON · pos=flat · latido=1.50s
[RANGO] BANKUSDT_LINEAL last=0.03574 · río=WS · mercado=linear · estado=ACECHANDO · dir=— · 0=0.03547 · Oz=— · Red=— · manos=ON · pos=flat · latido=1.50s
[RANGO] autosello BANK · ACECHANDO · Oz=0.0 link=— · manos_feria_informe.json
[RANGO] BANKUSDT_LINEAL last=0.03575 · río=WS · mercado=linear · estado=ACECHANDO · dir=— · 0=0.03547 · Oz=— · Red=— · manos=ON · pos=flat · latido=1.50s
[RANGO] autosello BANK · ACECHANDO · Oz=0.0 link=— · manos_feria_informe.json
[2026-08-31 10:12:34] [TUSK] RECONCILIACIÓN: FWDIUSDT_LINEAL: interno L:0.000000/S:5.100000 -> real L:0.000000/S:6.000000
[2026-08-31 10:12:34] [TUSK] RECONCILIACIÓN_OK: 1 frentes alineados con exchange
[RANGO] BANKUSDT_LINEAL last=0.03576 · río=WS · mercado=linear · estado=ACECHANDO · dir=— · 0=0.03547 · Oz=— · Red=— · manos=ON · pos=flat · latido=1.50s
[RANGO] BANKUSDT_LINEAL last=0.03576 · río=WS · mercado=linear · estado=ACECHANDO · dir=— · 0=0.03547 · Oz=— · Red=— · manos=ON · pos=flat · latido=1.50s
[RANGO] autosello BANK · ACECHANDO · Oz=0.0 link=— · manos_feria_informe.json
[RANGO] BANKUSDT_LINEAL last=0.03574 · río=WS · mercado=linear · estado=ACECHANDO · dir=— · 0=0.03547 · Oz=— · Red=— · manos=ON · pos=flat · latido=1.50s
[RANGO] autosello BANK · ACECHANDO · Oz=0.0 link=— · manos_feria_informe.json
[RANGO] BANKUSDT_LINEAL last=0.03575 · río=WS · mercado=linear · estado=ACECHANDO · dir=— · 0=0.03547 · Oz=— · Red=— · manos=ON · pos=flat · latido=1.50s
[RANGO] BANKUSDT_LINEAL last=0.03575 · río=WS · mercado=linear · estado=ACECHANDO · dir=— · 0=0.03547 · Oz=— · Red=— · manos=ON · pos=flat · latido=1.50s
[RANGO] autosello BANK · ACECHANDO · Oz=0.0 link=— · manos_feria_informe.json
[RANGO] BANKUSDT_LINEAL last=0.03574 · río=WS · mercado=linear · estado=ACECHANDO · dir=— · 0=0.03547 · Oz=— · Red=— · manos=ON · pos=flat · latido=1.50s
[RANGO] autosello BANK · ACECHANDO · Oz=0.0 link=— · manos_feria_informe.json
[RANGO] BANKUSDT_LINEAL last=0.03574 · río=ciego/muleta · mercado=linear · estado=ACECHANDO · dir=— · 0=0.03547 · Oz=— · Red=— · manos=ON · pos=flat · latido=1.50s
[2026-08-31 10:13:36] [TUSK] RECONCILIACIÓN: TSLLUSDT_LINEAL: interno L:0.000000/S:0.000000 -> real L:0.120000/S:0.000000
[2026-08-31 10:13:36] [TUSK] RECONCILIACIÓN: FWDIUSDT_LINEAL: interno L:0.000000/S:6.000000 -> real L:0.000000/S:6.900000
[2026-08-31 10:13:36] [TUSK] RECONCILIACIÓN_FANTASMA: COTIUSDT_LINEAL existe interno pero no en exchange -> reseteando
[2026-08-31 10:13:36] [TUSK] RECONCILIACIÓN_OK: 3 frentes alineados con exchange
[RANGO] BANKUSDT_LINEAL last=0.03574 · río=WS · mercado=linear · estado=ACECHANDO · dir=— · 0=0.03547 · Oz=— · Red=— · manos=ON · pos=flat · latido=1.50s
[RANGO] autosello BANK · ACECHANDO · Oz=0.0 link=— · manos_feria_informe.json
[RANGO] BANKUSDT_LINEAL last=0.03573 · río=WS · mercado=linear · estado=ACECHANDO · dir=— · 0=0.03547 · Oz=— · Red=— · manos=ON · pos=flat · latido=1.50s
[RANGO] autosello BANK · ACECHANDO · Oz=0.0 link=— · manos_feria_informe.json
[RANGO] BANKUSDT_LINEAL last=0.03573 · río=WS · mercado=linear · estado=ACECHANDO · dir=— · 0=0.03547 · Oz=— · Red=— · manos=ON · pos=flat · latido=1.50s
[RANGO] BANKUSDT_LINEAL last=0.03572 · río=WS · mercado=linear · estado=ACECHANDO · dir=— · 0=0.03547 · Oz=— · Red=— · manos=ON · pos=flat · latido=1.50s
[RANGO] autosello BANK · ACECHANDO · Oz=0.0 link=— · manos_feria_informe.json
[RANGO] BANKUSDT_LINEAL last=0.03572 · río=WS · mercado=linear · estado=ACECHANDO · dir=— · 0=0.03547 · Oz=— · Red=— · manos=ON · pos=flat · latido=1.50s
[RANGO] autosello BANK · ACECHANDO · Oz=0.0 link=— · manos_feria_informe.json
[RANGO] BANKUSDT_LINEAL last=0.03565 · río=WS · mercado=linear · estado=ACECHANDO · dir=— · 0=0.03547 · Oz=— · Red=— · manos=ON · pos=flat · latido=1.50s
[2026-08-31 10:14:38] [TUSK] RECONCILIACIÓN: SNXXUSDT_LINEAL: interno L:7.610000/S:0.000000 -> real L:8.080000/S:0.000000
[2026-08-31 10:14:38] [TUSK] RECONCILIACIÓN_OK: 1 frentes alineados con exchange
[RANGO] BANKUSDT_LINEAL last=0.03572 · río=WS · mercado=linear · estado=ACECHANDO · dir=— · 0=0.03547 · Oz=— · Red=— · manos=ON · pos=flat · latido=1.50s
[RANGO] autosello BANK · ACECHANDO · Oz=0.0 link=— · manos_feria_informe.json
[RANGO] BANKUSDT_LINEAL last=0.03571 · río=WS · mercado=linear · estado=ACECHANDO · dir=— · 0=0.03547 · Oz=— · Red=— · manos=ON · pos=flat · latido=1.50s
[RANGO] autosello BANK · ACECHANDO · Oz=0.0 link=— · manos_feria_informe.json
[RANGO] BANKUSDT_LINEAL last=0.03571 · río=WS · mercado=linear · estado=ACECHANDO · dir=— · 0=0.03547 · Oz=— · Red=— · manos=ON · pos=flat · latido=1.50s
[RANGO] BANKUSDT_LINEAL last=0.03571 · río=WS · mercado=linear · estado=ACECHANDO · dir=— · 0=0.03547 · Oz=— · Red=— · manos=ON · pos=flat · latido=1.50s
[RANGO] autosello BANK · ACECHANDO · Oz=0.0 link=— · manos_feria_informe.json
[RANGO] BANKUSDT_LINEAL last=0.03572 · río=WS · mercado=linear · estado=ACECHANDO · dir=— · 0=0.03547 · Oz=— · Red=— · manos=ON · pos=flat · latido=1.50s
[RANGO] autosello BANK · ACECHANDO · Oz=0.0 link=— · manos_feria_informe.json
[RANGO] BANKUSDT_LINEAL last=0.03572 · río=ciego/muleta · mercado=linear · estado=ACECHANDO · dir=— · 0=0.03547 · Oz=— · Red=— · manos=ON · pos=flat · latido=1.50s
[RANGO] BANKUSDT_LINEAL last=0.03573 · río=WS · mercado=linear · estado=ACECHANDO · dir=— · 0=0.03547 · Oz=— · Red=— · manos=ON · pos=flat · latido=1.50s
[RANGO] autosello BANK · ACECHANDO · Oz=0.0 link=— · manos_feria_informe.json
[RANGO] BANKUSDT_LINEAL last=0.03576 · río=WS · mercado=linear · estado=ACECHANDO · dir=— · 0=0.03547 · Oz=— · Red=— · manos=ON · pos=flat · latido=1.50s
[RANGO] autosello BANK · ACECHANDO · Oz=0.0 link=— · manos_feria_informe.json
[RANGO] BANKUSDT_LINEAL last=0.03584 · río=WS · mercado=linear · estado=ACECHANDO · dir=— · 0=0.03547 · Oz=— · Red=— · manos=ON · pos=flat · latido=1.50s
[RANGO] BANKUSDT_LINEAL last=0.03582 · río=WS · mercado=linear · estado=ACECHANDO · dir=— · 0=0.03547 · Oz=— · Red=— · manos=ON · pos=flat · latido=1.50s
[RANGO] autosello BANK · ACECHANDO · Oz=0.0 link=— · manos_feria_informe.json
[RANGO] BANKUSDT_LINEAL last=0.03581 · río=WS · mercado=linear · estado=ACECHANDO · dir=— · 0=0.03547 · Oz=— · Red=— · manos=ON · pos=flat · latido=1.50s
[RANGO] autosello BANK · ACECHANDO · Oz=0.0 link=— · manos_feria_informe.json
[RANGO] BANKUSDT_LINEAL last=0.03583 · río=WS · mercado=linear · estado=ACECHANDO · dir=— · 0=0.03547 · Oz=— · Red=— · manos=ON · pos=flat · latido=1.50s
[2026-08-31 10:16:42] [TUSK] RECONCILIACIÓN: UNIUSDT_LINEAL: interno L:0.000000/S:0.000000 -> real L:1.100000/S:0.000000
[2026-08-31 10:16:42] [TUSK] RECONCILIACIÓN_FANTASMA: BATUSDT_LINEAL existe interno pero no en exchange -> reseteando
[2026-08-31 10:16:42] [TUSK] RECONCILIACIÓN_OK: 2 frentes alineados con exchange
[RANGO] BANKUSDT_LINEAL last=0.03589 · río=WS · mercado=linear · estado=ACECHANDO · dir=— · 0=0.03547 · Oz=— · Red=— · manos=ON · pos=flat · latido=1.50s
[RANGO] autosello BANK · ACECHANDO · Oz=0.0 link=— · manos_feria_informe.json
[RANGO] BANKUSDT_LINEAL last=0.03588 · río=WS · mercado=linear · estado=ACECHANDO · dir=— · 0=0.03547 · Oz=— · Red=— · manos=ON · pos=flat · latido=1.50s
[RANGO] autosello BANK · ACECHANDO · Oz=0.0 link=— · manos_feria_informe.json
[RANGO] BANKUSDT_LINEAL last=0.0359 · río=WS · mercado=linear · estado=ACECHANDO · dir=— · 0=0.03547 · Oz=— · Red=— · manos=ON · pos=flat · latido=1.50s
[RANGO] BANKUSDT_LINEAL last=0.0359 · río=WS · mercado=linear · estado=ACECHANDO · dir=— · 0=0.03547 · Oz=— · Red=— · manos=ON · pos=flat · latido=1.50s
[RANGO] autosello BANK · ACECHANDO · Oz=0.0 link=— · manos_feria_informe.json
[RANGO] BANKUSDT_LINEAL last=0.03595 · río=WS · mercado=linear · estado=ACECHANDO · dir=— · 0=0.03547 · Oz=— · Red=— · manos=ON · pos=flat · latido=1.50s
[RANGO] autosello BANK · ACECHANDO · Oz=0.0 link=— · manos_feria_informe.json
[RANGO] BANKUSDT_LINEAL last=0.03596 · río=WS · mercado=linear · estado=ACECHANDO · dir=— · 0=0.03547 · Oz=— · Red=— · manos=ON · pos=flat · latido=1.50s
[2026-08-31 10:17:43] [TUSK] RECONCILIACIÓN: OUSDT_LINEAL: interno L:0.000000/S:0.000000 -> real L:0.000000/S:34.000000
[2026-08-31 10:17:43] [TUSK] RECONCILIACIÓN_FANTASMA: XLMUSDT_LINEAL existe interno pero no en exchange -> reseteando
[2026-08-31 10:17:43] [TUSK] RECONCILIACIÓN_OK: 2 frentes alineados con exchange
[RANGO] BANKUSDT_LINEAL last=0.03597 · río=WS · mercado=linear · estado=ACECHANDO · dir=— · 0=0.03547 · Oz=— · Red=— · manos=ON · pos=flat · latido=1.50s
[RANGO] autosello BANK · ACECHANDO · Oz=0.0 link=— · manos_feria_informe.json
[RANGO] BANKUSDT_LINEAL last=0.03597 · río=WS · mercado=linear · estado=ACECHANDO · dir=— · 0=0.03547 · Oz=— · Red=— · manos=ON · pos=flat · latido=1.50s
[RANGO] autosello BANK · ACECHANDO · Oz=0.0 link=— · manos_feria_informe.json
[RANGO] BANKUSDT_LINEAL last=0.03593 · río=WS · mercado=linear · estado=ACECHANDO · dir=— · 0=0.03547 · Oz=— · Red=— · manos=ON · pos=flat · latido=1.50s
[RANGO] BANKUSDT_LINEAL last=0.03589 · río=WS · mercado=linear · estado=ACECHANDO · dir=— · 0=0.03547 · Oz=— · Red=— · manos=ON · pos=flat · latido=1.50s
[RANGO] autosello BANK · ACECHANDO · Oz=0.0 link=— · manos_feria_informe.json
[RANGO] BANKUSDT_LINEAL last=0.03591 · río=WS · mercado=linear · estado=ACECHANDO · dir=— · 0=0.03547 · Oz=— · Red=— · manos=ON · pos=flat · latido=1.50s
[RANGO] autosello BANK · ACECHANDO · Oz=0.0 link=— · manos_feria_informe.json
[RANGO] BANKUSDT_LINEAL last=0.03592 · río=WS · mercado=linear · estado=ACECHANDO · dir=— · 0=0.03547 · Oz=— · Red=— · manos=ON · pos=flat · latido=1.50s
[RANGO] BANKUSDT_LINEAL last=0.03598 · río=WS · mercado=linear · estado=ACECHANDO · dir=— · 0=0.03547 · Oz=— · Red=— · manos=ON · pos=flat · latido=1.50s
[RANGO] autosello BANK · ACECHANDO · Oz=0.0 link=— · manos_feria_informe.json
[RANGO] BANKUSDT_LINEAL last=0.03596 · río=WS · mercado=linear · estado=ACECHANDO · dir=— · 0=0.03547 · Oz=— · Red=— · manos=ON · pos=flat · latido=1.50s
[RANGO] autosello BANK · ACECHANDO · Oz=0.0 link=— · manos_feria_informe.json
[RANGO] BANKUSDT_LINEAL last=0.03596 · río=WS · mercado=linear · estado=ACECHANDO · dir=— · 0=0.03547 · Oz=— · Red=— · manos=ON · pos=flat · latido=1.50s
[RANGO] BANKUSDT_LINEAL last=0.03598 · río=WS · mercado=linear · estado=ACECHANDO · dir=— · 0=0.03547 · Oz=— · Red=— · manos=ON · pos=flat · latido=1.50s
[RANGO] autosello BANK · ACECHANDO · Oz=0.0 link=— · manos_feria_informe.json
[RANGO] BANKUSDT_LINEAL last=0.03605 · río=WS · mercado=linear · estado=ACECHANDO · dir=— · 0=0.03547 · Oz=— · Red=— · manos=ON · pos=flat · latido=1.50s
[RANGO] autosello BANK · ACECHANDO · Oz=0.0 link=— · manos_feria_informe.json
[RANGO] BANKUSDT_LINEAL last=0.03604 · río=WS · mercado=linear · estado=ACECHANDO · dir=— · 0=0.03547 · Oz=— · Red=— · manos=ON · pos=flat · latido=1.50s
[2026-08-31 10:19:46] [TUSK] RECONCILIACIÓN: POWERUSDT_LINEAL: interno L:0.000000/S:307.000000 -> real L:0.000000/S:249.000000
[2026-08-31 10:19:46] [TUSK] RECONCILIACIÓN_OK: 1 frentes alineados con exchange
[RANGO] BANKUSDT_LINEAL last=0.03603 · río=WS · mercado=linear · estado=ACECHANDO · dir=— · 0=0.03547 · Oz=— · Red=— · manos=ON · pos=flat · latido=1.50s
[RANGO] autosello BANK · ACECHANDO · Oz=0.0 link=— · manos_feria_informe.json
[RANGO] BANKUSDT_LINEAL last=0.03604 · río=WS · mercado=linear · estado=ACECHANDO · dir=— · 0=0.03547 · Oz=— · Red=— · manos=ON · pos=flat · latido=1.50s
[RANGO] autosello BANK · ACECHANDO · Oz=0.0 link=— · manos_feria_informe.json
[RANGO] BANKUSDT_LINEAL last=0.03587 · río=WS · mercado=linear · estado=ACECHANDO · dir=— · 0=0.03547 · Oz=— · Red=— · manos=ON · pos=flat · latido=1.50s
[RANGO] BANKUSDT_LINEAL last=0.03572 · río=WS · mercado=linear · estado=ACECHANDO · dir=— · 0=0.03547 · Oz=— · Red=— · manos=ON · pos=flat · latido=1.50s
[RANGO] autosello BANK · ACECHANDO · Oz=0.0 link=— · manos_feria_informe.json
[RANGO] BANKUSDT_LINEAL last=0.03578 · río=WS · mercado=linear · estado=ACECHANDO · dir=— · 0=0.03547 · Oz=— · Red=— · manos=ON · pos=flat · latido=1.50s
[RANGO] autosello BANK · ACECHANDO · Oz=0.0 link=— · manos_feria_informe.json
[RANGO] BANKUSDT_LINEAL last=0.03579 · río=WS · mercado=linear · estado=ACECHANDO · dir=— · 0=0.03547 · Oz=— · Red=— · manos=ON · pos=flat · latido=1.50s
[2026-08-31 10:20:47] [TUSK] RECONCILIACIÓN: STXXUSDT_LINEAL: interno L:0.000000/S:0.000000 -> real L:0.014000/S:0.000000
[2026-08-31 10:20:47] [TUSK] RECONCILIACIÓN_FANTASMA: CRDOUSDT_LINEAL existe interno pero no en exchange -> reseteando
[2026-08-31 10:20:47] [TUSK] RECONCILIACIÓN_OK: 2 frentes alineados con exchange
[RANGO] BANKUSDT_LINEAL last=0.03576 · río=WS · mercado=linear · estado=ACECHANDO · dir=— · 0=0.03547 · Oz=— · Red=— · manos=ON · pos=flat · latido=1.50s
[RANGO] autosello BANK · ACECHANDO · Oz=0.0 link=— · manos_feria_informe.json
[RANGO] BANKUSDT_LINEAL last=0.03577 · río=WS · mercado=linear · estado=ACECHANDO · dir=— · 0=0.03547 · Oz=— · Red=— · manos=ON · pos=flat · latido=1.50s
[RANGO] autosello BANK · ACECHANDO · Oz=0.0 link=— · manos_feria_informe.json
[RANGO] BANKUSDT_LINEAL last=0.03579 · río=WS · mercado=linear · estado=ACECHANDO · dir=— · 0=0.03547 · Oz=— · Red=— · manos=ON · pos=flat · latido=1.50s
[RANGO] BANKUSDT_LINEAL last=0.03578 · río=WS · mercado=linear · estado=ACECHANDO · dir=— · 0=0.03547 · Oz=— · Red=— · manos=ON · pos=flat · latido=1.50s
[RANGO] autosello BANK · ACECHANDO · Oz=0.0 link=— · manos_feria_informe.json
[RANGO] BANKUSDT_LINEAL last=0.03577 · río=WS · mercado=linear · estado=ACECHANDO · dir=— · 0=0.03547 · Oz=— · Red=— · manos=ON · pos=flat · latido=1.50s
[RANGO] autosello BANK · ACECHANDO · Oz=0.0 link=— · manos_feria_informe.json
[RANGO] BANKUSDT_LINEAL last=0.03578 · río=WS · mercado=linear · estado=ACECHANDO · dir=— · 0=0.03547 · Oz=— · Red=— · manos=ON · pos=flat · latido=1.50s
[RANGO] BANKUSDT_LINEAL last=0.03577 · río=WS · mercado=linear · estado=ACECHANDO · dir=— · 0=0.03547 · Oz=— · Red=— · manos=ON · pos=flat · latido=1.50s
[2026-08-31 10:21:49] [TUSK] RECONCILIACIÓN: CRCLUSDT_LINEAL: interno L:0.000000/S:0.000000 -> real L:0.290000/S:0.000000
[2026-08-31 10:21:49] [TUSK] RECONCILIACIÓN: XANUSDT_LINEAL: interno L:0.000000/S:542.000000 -> real L:0.000000/S:171.000000
[2026-08-31 10:21:49] [TUSK] RECONCILIACIÓN_FANTASMA: LSKUSDT_LINEAL existe interno pero no en exchange -> reseteando
[2026-08-31 10:21:49] [TUSK] RECONCILIACIÓN_OK: 3 frentes alineados con exchange
[RANGO] autosello BANK · ACECHANDO · Oz=0.0 link=— · manos_feria_informe.json
[RANGO] BANKUSDT_LINEAL last=0.03579 · río=WS · mercado=linear · estado=ACECHANDO · dir=— · 0=0.03547 · Oz=— · Red=— · manos=ON · pos=flat · latido=1.50s
[RANGO] autosello BANK · ACECHANDO · Oz=0.0 link=— · manos_feria_informe.json
[RANGO] BANKUSDT_LINEAL last=0.03579 · río=WS · mercado=linear · estado=ACECHANDO · dir=— · 0=0.03547 · Oz=— · Red=— · manos=ON · pos=flat · latido=1.50s
[RANGO] BANKUSDT_LINEAL last=0.03578 · río=WS · mercado=linear · estado=ACECHANDO · dir=— · 0=0.03547 · Oz=— · Red=— · manos=ON · pos=flat · latido=1.50s
[RANGO] autosello BANK · ACECHANDO · Oz=0.0 link=— · manos_feria_informe.json
[RANGO] BANKUSDT_LINEAL last=0.03578 · río=WS · mercado=linear · estado=ACECHANDO · dir=— · 0=0.03547 · Oz=— · Red=— · manos=ON · pos=flat · latido=1.50s
[RANGO] autosello BANK · ACECHANDO · Oz=0.0 link=— · manos_feria_informe.json
[RANGO] BANKUSDT_LINEAL last=0.03576 · río=WS · mercado=linear · estado=ACECHANDO · dir=— · 0=0.03547 · Oz=— · Red=— · manos=ON · pos=flat · latido=1.50s
[RANGO] BANKUSDT_LINEAL last=0.0358 · río=WS · mercado=linear · estado=ACECHANDO · dir=— · 0=0.03547 · Oz=— · Red=— · manos=ON · pos=flat · latido=1.50s
[RANGO] autosello BANK · ACECHANDO · Oz=0.0 link=— · manos_feria_informe.json
[2026-08-31 10:22:50] [TUSK] RECONCILIACIÓN: DASHUSDT_LINEAL: interno L:0.000000/S:0.000000 -> real L:0.000000/S:0.460000
[2026-08-31 10:22:50] [TUSK] RECONCILIACIÓN_FANTASMA: RDWUSDT_LINEAL existe interno pero no en exchange -> reseteando
[2026-08-31 10:22:50] [TUSK] RECONCILIACIÓN_OK: 2 frentes alineados con exchange
[RANGO] BANKUSDT_LINEAL last=0.03579 · río=WS · mercado=linear · estado=ACECHANDO · dir=— · 0=0.03547 · Oz=— · Red=— · manos=ON · pos=flat · latido=1.50s
[RANGO] autosello BANK · ACECHANDO · Oz=0.0 link=— · manos_feria_informe.json
[RANGO] BANKUSDT_LINEAL last=0.03577 · río=WS · mercado=linear · estado=ACECHANDO · dir=— · 0=0.03547 · Oz=— · Red=— · manos=ON · pos=flat · latido=1.50s
[RANGO] BANKUSDT_LINEAL last=0.0358 · río=ciego/muleta · mercado=linear · estado=ACECHANDO · dir=— · 0=0.03547 · Oz=— · Red=— · manos=ON · pos=flat · latido=1.50s
[RANGO] autosello BANK · ACECHANDO · Oz=0.0 link=— · manos_feria_informe.json
[RANGO] BANKUSDT_LINEAL last=0.03577 · río=WS · mercado=linear · estado=ACECHANDO · dir=— · 0=0.03547 · Oz=— · Red=— · manos=ON · pos=flat · latido=1.50s
[RANGO] autosello BANK · ACECHANDO · Oz=0.0 link=— · manos_feria_informe.json
[RANGO] BANKUSDT_LINEAL last=0.03577 · río=WS · mercado=linear · estado=ACECHANDO · dir=— · 0=0.03547 · Oz=— · Red=— · manos=ON · pos=flat · latido=1.50s
[RANGO] BANKUSDT_LINEAL last=0.03571 · río=WS · mercado=linear · estado=ACECHANDO · dir=— · 0=0.03547 · Oz=— · Red=— · manos=ON · pos=flat · latido=1.50s
[RANGO] autosello BANK · ACECHANDO · Oz=0.0 link=— · manos_feria_informe.json
[RANGO] BANKUSDT_LINEAL last=0.03569 · río=WS · mercado=linear · estado=ACECHANDO · dir=— · 0=0.03547 · Oz=— · Red=— · manos=ON · pos=flat · latido=1.50s
[RANGO] autosello BANK · ACECHANDO · Oz=0.0 link=— · manos_feria_informe.json
[RANGO] BANKUSDT_LINEAL last=0.03573 · río=WS · mercado=linear · estado=ACECHANDO · dir=— · 0=0.03547 · Oz=— · Red=— · manos=ON · pos=flat · latido=1.50s
[RANGO] BANKUSDT_LINEAL last=0.03574 · río=WS · mercado=linear · estado=ACECHANDO · dir=— · 0=0.03547 · Oz=— · Red=— · manos=ON · pos=flat · latido=1.50s
[RANGO] autosello BANK · ACECHANDO · Oz=0.0 link=— · manos_feria_informe.json
[RANGO] BANKUSDT_LINEAL last=0.03576 · río=WS · mercado=linear · estado=ACECHANDO · dir=— · 0=0.03547 · Oz=— · Red=— · manos=ON · pos=flat · latido=1.50s
[RANGO] autosello BANK · ACECHANDO · Oz=0.0 link=— · manos_feria_informe.json
[RANGO] BANKUSDT_LINEAL last=0.03577 · río=WS · mercado=linear · estado=ACECHANDO · dir=— · 0=0.03547 · Oz=— · Red=— · manos=ON · pos=flat · latido=1.50s
[RANGO] BANKUSDT_LINEAL last=0.03575 · río=WS · mercado=linear · estado=ACECHANDO · dir=— · 0=0.03547 · Oz=— · Red=— · manos=ON · pos=flat · latido=1.50s
[RANGO] autosello BANK · ACECHANDO · Oz=0.0 link=— · manos_feria_informe.json
[2026-08-31 10:24:53] [TUSK] RECONCILIACIÓN: CFGUSDT_LINEAL: interno L:0.000000/S:0.000000 -> real L:1266.000000/S:0.000000
[2026-08-31 10:24:53] [TUSK] RECONCILIACIÓN: BLUAIUSDT_LINEAL: interno L:0.000000/S:0.000000 -> real L:1590.000000/S:0.000000
[2026-08-31 10:24:53] [TUSK] RECONCILIACIÓN_FANTASMA: KORUUSDT_LINEAL existe interno pero no en exchange -> reseteando
[2026-08-31 10:24:53] [TUSK] RECONCILIACIÓN_FANTASMA: KNCUSDT_LINEAL existe interno pero no en exchange -> reseteando
[2026-08-31 10:24:53] [TUSK] RECONCILIACIÓN_OK: 4 frentes alineados con exchange
[RANGO] BANKUSDT_LINEAL last=0.03579 · río=WS · mercado=linear · estado=ACECHANDO · dir=— · 0=0.03547 · Oz=— · Red=— · manos=ON · pos=flat · latido=1.50s
[RANGO] autosello BANK · ACECHANDO · Oz=0.0 link=— · manos_feria_informe.json
[RANGO] BANKUSDT_LINEAL last=0.0358 · río=WS · mercado=linear · estado=ACECHANDO · dir=— · 0=0.03547 · Oz=— · Red=— · manos=ON · pos=flat · latido=1.50s
[RANGO] BANKUSDT_LINEAL last=0.0358 · río=WS · mercado=linear · estado=ACECHANDO · dir=— · 0=0.03547 · Oz=— · Red=— · manos=ON · pos=flat · latido=1.50s
[RANGO] autosello BANK · ACECHANDO · Oz=0.0 link=— · manos_feria_informe.json
[RANGO] BANKUSDT_LINEAL last=0.0358 · río=WS · mercado=linear · estado=ACECHANDO · dir=— · 0=0.03547 · Oz=— · Red=— · manos=ON · pos=flat · latido=1.50s
[RANGO] autosello BANK · ACECHANDO · Oz=0.0 link=— · manos_feria_informe.json
[RANGO] BANKUSDT_LINEAL last=0.0358 · río=WS · mercado=linear · estado=ACECHANDO · dir=— · 0=0.03547 · Oz=— · Red=— · manos=ON · pos=flat · latido=1.50s
[RANGO] BANKUSDT_LINEAL last=0.03579 · río=WS · mercado=linear · estado=ACECHANDO · dir=— · 0=0.03547 · Oz=— · Red=— · manos=ON · pos=flat · latido=1.50s
[RANGO] autosello BANK · ACECHANDO · Oz=0.0 link=— · manos_feria_informe.json
[RANGO] BANKUSDT_LINEAL last=0.0358 · río=WS · mercado=linear · estado=ACECHANDO · dir=— · 0=0.03547 · Oz=— · Red=— · manos=ON · pos=flat · latido=1.50s
[RANGO] autosello BANK · ACECHANDO · Oz=0.0 link=— · manos_feria_informe.json
[RANGO] BANKUSDT_LINEAL last=0.03581 · río=WS · mercado=linear · estado=ACECHANDO · dir=— · 0=0.03547 · Oz=— · Red=— · manos=ON · pos=flat · latido=1.50s
[RANGO] BANKUSDT_LINEAL last=0.03578 · río=WS · mercado=linear · estado=ACECHANDO · dir=— · 0=0.03547 · Oz=— · Red=— · manos=ON · pos=flat · latido=1.50s
[RANGO] autosello BANK · ACECHANDO · Oz=0.0 link=— · manos_feria_informe.json
[RANGO] BANKUSDT_LINEAL last=0.03579 · río=WS · mercado=linear · estado=ACECHANDO · dir=— · 0=0.03547 · Oz=— · Red=— · manos=ON · pos=flat · latido=1.50s
[RANGO] autosello BANK · ACECHANDO · Oz=0.0 link=— · manos_feria_informe.json
[RANGO] BANKUSDT_LINEAL last=0.03579 · río=WS · mercado=linear · estado=ACECHANDO · dir=— · 0=0.03547 · Oz=— · Red=— · manos=ON · pos=flat · latido=1.50s
[RANGO] BANKUSDT_LINEAL last=0.03581 · río=WS · mercado=linear · estado=ACECHANDO · dir=— · 0=0.03547 · Oz=— · Red=— · manos=ON · pos=flat · latido=1.50s
[RANGO] autosello BANK · ACECHANDO · Oz=0.0 link=— · manos_feria_informe.json
[2026-08-31 10:26:55] [TUSK] RECONCILIACIÓN: TWTUSDT_LINEAL: interno L:48.800000/S:0.000000 -> real L:38.700000/S:0.000000
[2026-08-31 10:26:55] [TUSK] RECONCILIACIÓN_OK: 1 frentes alineados con exchange
[RANGO] BANKUSDT_LINEAL last=0.0358 · río=WS · mercado=linear · estado=ACECHANDO · dir=— · 0=0.03547 · Oz=— · Red=— · manos=ON · pos=flat · latido=1.50s
[RANGO] autosello BANK · ACECHANDO · Oz=0.0 link=— · manos_feria_informe.json
[RANGO] BANKUSDT_LINEAL last=0.03579 · río=WS · mercado=linear · estado=ACECHANDO · dir=— · 0=0.03547 · Oz=— · Red=— · manos=ON · pos=flat · latido=1.50s
[RANGO] BANKUSDT_LINEAL last=0.03579 · río=WS · mercado=linear · estado=ACECHANDO · dir=— · 0=0.03547 · Oz=— · Red=— · manos=ON · pos=flat · latido=1.50s
[RANGO] autosello BANK · ACECHANDO · Oz=0.0 link=— · manos_feria_informe.json
[RANGO] BANKUSDT_LINEAL last=0.0358 · río=WS · mercado=linear · estado=ACECHANDO · dir=— · 0=0.03547 · Oz=— · Red=— · manos=ON · pos=flat · latido=1.50s
[RANGO] autosello BANK · ACECHANDO · Oz=0.0 link=— · manos_feria_informe.json
[RANGO] BANKUSDT_LINEAL last=0.03579 · río=WS · mercado=linear · estado=ACECHANDO · dir=— · 0=0.03547 · Oz=— · Red=— · manos=ON · pos=flat · latido=1.50s
[RANGO] BANKUSDT_LINEAL last=0.03579 · río=WS · mercado=linear · estado=ACECHANDO · dir=— · 0=0.03547 · Oz=— · Red=— · manos=ON · pos=flat · latido=1.50s
[RANGO] autosello BANK · ACECHANDO · Oz=0.0 link=— · manos_feria_informe.json
[RANGO] BANKUSDT_LINEAL last=0.03577 · río=WS · mercado=linear · estado=ACECHANDO · dir=— · 0=0.03547 · Oz=— · Red=— · manos=ON · pos=flat · latido=1.50s
[RANGO] autosello BANK · ACECHANDO · Oz=0.0 link=— · manos_feria_informe.json
[RANGO] BANKUSDT_LINEAL last=0.03578 · río=WS · mercado=linear · estado=ACECHANDO · dir=— · 0=0.03547 · Oz=— · Red=— · manos=ON · pos=flat · latido=1.50s
[RANGO] BANKUSDT_LINEAL last=0.03579 · río=WS · mercado=linear · estado=ACECHANDO · dir=— · 0=0.03547 · Oz=— · Red=— · manos=ON · pos=flat · latido=1.50s
[RANGO] autosello BANK · ACECHANDO · Oz=0.0 link=— · manos_feria_informe.json
[RANGO] BANKUSDT_LINEAL last=0.03578 · río=WS · mercado=linear · estado=ACECHANDO · dir=— · 0=0.03547 · Oz=— · Red=— · manos=ON · pos=flat · latido=1.50s
[RANGO] autosello BANK · ACECHANDO · Oz=0.0 link=— · manos_feria_informe.json
[RANGO] BANKUSDT_LINEAL last=0.03581 · río=WS · mercado=linear · estado=ACECHANDO · dir=— · 0=0.03547 · Oz=— · Red=— · manos=ON · pos=flat · latido=1.50s
[RANGO] BANKUSDT_LINEAL last=0.03582 · río=WS · mercado=linear · estado=ACECHANDO · dir=— · 0=0.03547 · Oz=— · Red=— · manos=ON · pos=flat · latido=1.50s
[RANGO] autosello BANK · ACECHANDO · Oz=0.0 link=— · manos_feria_informe.json
[2026-08-31 10:28:58] [TUSK] RECONCILIACIÓN: DASHUSDT_LINEAL: interno L:0.000000/S:0.460000 -> real L:0.000000/S:0.570000
[2026-08-31 10:28:58] [TUSK] RECONCILIACIÓN_OK: 1 frentes alineados con exchange
[RANGO] BANKUSDT_LINEAL last=0.03582 · río=WS · mercado=linear · estado=ACECHANDO · dir=— · 0=0.03547 · Oz=— · Red=— · manos=ON · pos=flat · latido=1.50s
[RANGO] autosello BANK · ACECHANDO · Oz=0.0 link=— · manos_feria_informe.json
[RANGO] BANKUSDT_LINEAL last=0.03582 · río=WS · mercado=linear · estado=ACECHANDO · dir=— · 0=0.03547 · Oz=— · Red=— · manos=ON · pos=flat · latido=1.50s
[RANGO] BANKUSDT_LINEAL last=0.03581 · río=WS · mercado=linear · estado=ACECHANDO · dir=— · 0=0.03547 · Oz=— · Red=— · manos=ON · pos=flat · latido=1.50s
[RANGO] autosello BANK · ACECHANDO · Oz=0.0 link=— · manos_feria_informe.json
[RANGO] BANKUSDT_LINEAL last=0.03581 · río=WS · mercado=linear · estado=ACECHANDO · dir=— · 0=0.03547 · Oz=— · Red=— · manos=ON · pos=flat · latido=1.50s
[RANGO] autosello BANK · ACECHANDO · Oz=0.0 link=— · manos_feria_informe.json
[RANGO] BANKUSDT_LINEAL last=0.03583 · río=WS · mercado=linear · estado=ACECHANDO · dir=— · 0=0.03547 · Oz=— · Red=— · manos=ON · pos=flat · latido=1.50s
[RANGO] BANKUSDT_LINEAL last=0.03586 · río=WS · mercado=linear · estado=ACECHANDO · dir=— · 0=0.03547 · Oz=— · Red=— · manos=ON · pos=flat · latido=1.50s
[RANGO] autosello BANK · ACECHANDO · Oz=0.0 link=— · manos_feria_informe.json
[RANGO] BANKUSDT_LINEAL last=0.03585 · río=WS · mercado=linear · estado=ACECHANDO · dir=— · 0=0.03547 · Oz=— · Red=— · manos=ON · pos=flat · latido=1.50s
[RANGO] autosello BANK · ACECHANDO · Oz=0.0 link=— · manos_feria_informe.json
[RANGO] BANKUSDT_LINEAL last=0.03585 · río=WS · mercado=linear · estado=ACECHANDO · dir=— · 0=0.03547 · Oz=— · Red=— · manos=ON · pos=flat · latido=1.50s
[RANGO] BANKUSDT_LINEAL last=0.03585 · río=WS · mercado=linear · estado=ACECHANDO · dir=— · 0=0.03547 · Oz=— · Red=— · manos=ON · pos=flat · latido=1.50s
[RANGO] autosello BANK · ACECHANDO · Oz=0.0 link=— · manos_feria_informe.json
[RANGO] BANKUSDT_LINEAL last=0.03582 · río=WS · mercado=linear · estado=ACECHANDO · dir=— · 0=0.03547 · Oz=— · Red=— · manos=ON · pos=flat · latido=1.50s
[RANGO] autosello BANK · ACECHANDO · Oz=0.0 link=— · manos_feria_informe.json
[RANGO] BANKUSDT_LINEAL last=0.03582 · río=WS · mercado=linear · estado=ACECHANDO · dir=— · 0=0.03547 · Oz=— · Red=— · manos=ON · pos=flat · latido=1.50s
[RANGO] BANKUSDT_LINEAL last=0.03575 · río=WS · mercado=linear · estado=ACECHANDO · dir=— · 0=0.03547 · Oz=— · Red=— · manos=ON · pos=flat · latido=1.50s
[RANGO] autosello BANK · ACECHANDO · Oz=0.0 link=— · manos_feria_informe.json
[RANGO] BANKUSDT_LINEAL last=0.03585 · río=WS · mercado=linear · estado=ACECHANDO · dir=— · 0=0.03547 · Oz=— · Red=— · manos=ON · pos=flat · latido=1.50s
[RANGO] autosello BANK · ACECHANDO · Oz=0.0 link=— · manos_feria_informe.json
[RANGO] BANKUSDT_LINEAL last=0.03584 · río=WS · mercado=linear · estado=ACECHANDO · dir=— · 0=0.03547 · Oz=— · Red=— · manos=ON · pos=flat · latido=1.50s
[RANGO] BANKUSDT_LINEAL last=0.03582 · río=WS · mercado=linear · estado=ACECHANDO · dir=— · 0=0.03547 · Oz=— · Red=— · manos=ON · pos=flat · latido=1.50s
[RANGO] autosello BANK · ACECHANDO · Oz=0.0 link=— · manos_feria_informe.json
[RANGO] BANKUSDT_LINEAL last=0.0358 · río=WS · mercado=linear · estado=ACECHANDO · dir=— · 0=0.03547 · Oz=— · Red=— · manos=ON · pos=flat · latido=1.50s
[RANGO] autosello BANK · ACECHANDO · Oz=0.0 link=— · manos_feria_informe.json
[RANGO] BANKUSDT_LINEAL last=0.0358 · río=WS · mercado=linear · estado=ACECHANDO · dir=— · 0=0.03547 · Oz=— · Red=— · manos=ON · pos=flat · latido=1.50s
[RANGO] BANKUSDT_LINEAL last=0.0358 · río=WS · mercado=linear · estado=ACECHANDO · dir=— · 0=0.03547 · Oz=— · Red=— · manos=ON · pos=flat · latido=1.50s
[RANGO] autosello BANK · ACECHANDO · Oz=0.0 link=— · manos_feria_informe.json
[RANGO] BANKUSDT_LINEAL last=0.03581 · río=WS · mercado=linear · estado=ACECHANDO · dir=— · 0=0.03547 · Oz=— · Red=— · manos=ON · pos=flat · latido=1.50s
[RANGO] autosello BANK · ACECHANDO · Oz=0.0 link=— · manos_feria_informe.json
[RANGO] BANKUSDT_LINEAL last=0.03579 · río=WS · mercado=linear · estado=ACECHANDO · dir=— · 0=0.03547 · Oz=— · Red=— · manos=ON · pos=flat · latido=1.50s
[RANGO] BANKUSDT_LINEAL last=0.03581 · río=WS · mercado=linear · estado=ACECHANDO · dir=— · 0=0.03547 · Oz=— · Red=— · manos=ON · pos=flat · latido=1.50s
[RANGO] autosello BANK · ACECHANDO · Oz=0.0 link=— · manos_feria_informe.json
[RANGO] BANKUSDT_LINEAL last=0.03581 · río=WS · mercado=linear · estado=ACECHANDO · dir=— · 0=0.03547 · Oz=— · Red=— · manos=ON · pos=flat · latido=1.50s
[RANGO] autosello BANK · ACECHANDO · Oz=0.0 link=— · manos_feria_informe.json
[RANGO] BANKUSDT_LINEAL last=0.0358 · río=WS · mercado=linear · estado=ACECHANDO · dir=— · 0=0.03547 · Oz=— · Red=— · manos=ON · pos=flat · latido=1.50s
[RANGO] BANKUSDT_LINEAL last=0.0358 · río=WS · mercado=linear · estado=ACECHANDO · dir=— · 0=0.03547 · Oz=— · Red=— · manos=ON · pos=flat · latido=1.50s
[RANGO] autosello BANK · ACECHANDO · Oz=0.0 link=— · manos_feria_informe.json
[RANGO] BANKUSDT_LINEAL last=0.03581 · río=ciego/muleta · mercado=linear · estado=ACECHANDO · dir=— · 0=0.03547 · Oz=— · Red=— · manos=ON · pos=flat · latido=1.50s
[RANGO] autosello BANK · ACECHANDO · Oz=0.0 link=— · manos_feria_informe.json
[RANGO] BANKUSDT_LINEAL last=0.03581 · río=ciego/muleta · mercado=linear · estado=ACECHANDO · dir=— · 0=0.03547 · Oz=— · Red=— · manos=ON · pos=flat · latido=1.50s
[RANGO] autosello BANK · ACECHANDO · Oz=0.0 link=— · manos_feria_informe.json
[RANGO] BANKUSDT_LINEAL last=0.03581 · río=WS · mercado=linear · estado=ACECHANDO · dir=— · 0=0.03547 · Oz=— · Red=— · manos=ON · pos=flat · latido=1.50s
[RANGO] BANKUSDT_LINEAL last=0.03581 · río=WS · mercado=linear · estado=ACECHANDO · dir=— · 0=0.03547 · Oz=— · Red=— · manos=ON · pos=flat · latido=1.50s
[RANGO] autosello BANK · ACECHANDO · Oz=0.0 link=— · manos_feria_informe.json
[RANGO] BANKUSDT_LINEAL last=0.03581 · río=WS · mercado=linear · estado=ACECHANDO · dir=— · 0=0.03547 · Oz=— · Red=— · manos=ON · pos=flat · latido=1.50s
[RANGO] autosello BANK · ACECHANDO · Oz=0.0 link=— · manos_feria_informe.json
[RANGO] BANKUSDT_LINEAL last=0.0358 · río=WS · mercado=linear · estado=ACECHANDO · dir=— · 0=0.03547 · Oz=— · Red=— · manos=ON · pos=flat · latido=1.50s
[RANGO] BANKUSDT_LINEAL last=0.03579 · río=WS · mercado=linear · estado=ACECHANDO · dir=— · 0=0.03547 · Oz=— · Red=— · manos=ON · pos=flat · latido=1.50s
[RANGO] autosello BANK · ACECHANDO · Oz=0.0 link=— · manos_feria_informe.json
[2026-08-31 10:34:05] [TUSK] RECONCILIACIÓN: CHIPUSDT_LINEAL: interno L:390.000000/S:0.000000 -> real L:520.000000/S:0.000000
[2026-08-31 10:34:05] [TUSK] RECONCILIACIÓN: KNCUSDT_LINEAL: interno L:0.000000/S:0.000000 -> real L:354.100000/S:0.000000
[2026-08-31 10:34:05] [TUSK] RECONCILIACIÓN_FANTASMA: NILUSDT_LINEAL existe interno pero no en exchange -> reseteando
[2026-08-31 10:34:05] [TUSK] RECONCILIACIÓN_OK: 3 frentes alineados con exchange
[RANGO] BANKUSDT_LINEAL last=0.03582 · río=WS · mercado=linear · estado=ACECHANDO · dir=— · 0=0.03547 · Oz=— · Red=— · manos=ON · pos=flat · latido=1.50s
[RANGO] autosello BANK · ACECHANDO · Oz=0.0 link=— · manos_feria_informe.json
[RANGO] BANKUSDT_LINEAL last=0.03581 · río=WS · mercado=linear · estado=ACECHANDO · dir=— · 0=0.03547 · Oz=— · Red=— · manos=ON · pos=flat · latido=1.50s
[RANGO] BANKUSDT_LINEAL last=0.03582 · río=WS · mercado=linear · estado=ACECHANDO · dir=— · 0=0.03547 · Oz=— · Red=— · manos=ON · pos=flat · latido=1.50s
[RANGO] autosello BANK · ACECHANDO · Oz=0.0 link=— · manos_feria_informe.json
[RANGO] BANKUSDT_LINEAL last=0.03583 · río=WS · mercado=linear · estado=ACECHANDO · dir=— · 0=0.03547 · Oz=— · Red=— · manos=ON · pos=flat · latido=1.50s
[RANGO] autosello BANK · ACECHANDO · Oz=0.0 link=— · manos_feria_informe.json
[RANGO] BANKUSDT_LINEAL last=0.03582 · río=WS · mercado=linear · estado=ACECHANDO · dir=— · 0=0.03547 · Oz=— · Red=— · manos=ON · pos=flat · latido=1.50s
[RANGO] BANKUSDT_LINEAL last=0.03583 · río=WS · mercado=linear · estado=ACECHANDO · dir=— · 0=0.03547 · Oz=— · Red=— · manos=ON · pos=flat · latido=1.50s
[RANGO] autosello BANK · ACECHANDO · Oz=0.0 link=— · manos_feria_informe.json
[2026-08-31 10:35:07] [TUSK] RECONCILIACIÓN: FWDIUSDT_LINEAL: interno L:0.000000/S:6.900000 -> real L:0.000000/S:6.000000
[2026-08-31 10:35:07] [TUSK] RECONCILIACIÓN_OK: 1 frentes alineados con exchange
[RANGO] BANKUSDT_LINEAL last=0.03582 · río=WS · mercado=linear · estado=ACECHANDO · dir=— · 0=0.03547 · Oz=— · Red=— · manos=ON · pos=flat · latido=1.50s
[RANGO] autosello BANK · ACECHANDO · Oz=0.0 link=— · manos_feria_informe.json
[RANGO] BANKUSDT_LINEAL last=0.03582 · río=WS · mercado=linear · estado=ACECHANDO · dir=— · 0=0.03547 · Oz=— · Red=— · manos=ON · pos=flat · latido=1.50s
[RANGO] BANKUSDT_LINEAL last=0.03582 · río=WS · mercado=linear · estado=ACECHANDO · dir=— · 0=0.03547 · Oz=— · Red=— · manos=ON · pos=flat · latido=1.50s
[RANGO] autosello BANK · ACECHANDO · Oz=0.0 link=— · manos_feria_informe.json
[RANGO] BANKUSDT_LINEAL last=0.03582 · río=WS · mercado=linear · estado=ACECHANDO · dir=— · 0=0.03547 · Oz=— · Red=— · manos=ON · pos=flat · latido=1.50s
[RANGO] autosello BANK · ACECHANDO · Oz=0.0 link=— · manos_feria_informe.json
[RANGO] BANKUSDT_LINEAL last=0.03581 · río=WS · mercado=linear · estado=ACECHANDO · dir=— · 0=0.03547 · Oz=— · Red=— · manos=ON · pos=flat · latido=1.50s
[RANGO] BANKUSDT_LINEAL last=0.03582 · río=WS · mercado=linear · estado=ACECHANDO · dir=— · 0=0.03547 · Oz=— · Red=— · manos=ON · pos=flat · latido=1.50s
[RANGO] autosello BANK · ACECHANDO · Oz=0.0 link=— · manos_feria_informe.json
[RANGO] BANKUSDT_LINEAL last=0.03581 · río=WS · mercado=linear · estado=ACECHANDO · dir=— · 0=0.03547 · Oz=— · Red=— · manos=ON · pos=flat · latido=1.50s
[RANGO] autosello BANK · ACECHANDO · Oz=0.0 link=— · manos_feria_informe.json
[RANGO] BANKUSDT_LINEAL last=0.03582 · río=WS · mercado=linear · estado=ACECHANDO · dir=— · 0=0.03547 · Oz=— · Red=— · manos=ON · pos=flat · latido=1.50s
[RANGO] BANKUSDT_LINEAL last=0.03582 · río=WS · mercado=linear · estado=ACECHANDO · dir=— · 0=0.03547 · Oz=— · Red=— · manos=ON · pos=flat · latido=1.50s
[RANGO] autosello BANK · ACECHANDO · Oz=0.0 link=— · manos_feria_informe.json
[RANGO] BANKUSDT_LINEAL last=0.0358 · río=WS · mercado=linear · estado=ACECHANDO · dir=— · 0=0.03547 · Oz=— · Red=— · manos=ON · pos=flat · latido=1.50s
[RANGO] autosello BANK · ACECHANDO · Oz=0.0 link=— · manos_feria_informe.json
[RANGO] BANKUSDT_LINEAL last=0.03582 · río=WS · mercado=linear · estado=ACECHANDO · dir=— · 0=0.03547 · Oz=— · Red=— · manos=ON · pos=flat · latido=1.50s
[RANGO] BANKUSDT_LINEAL last=0.03584 · río=WS · mercado=linear · estado=ACECHANDO · dir=— · 0=0.03547 · Oz=— · Red=— · manos=ON · pos=flat · latido=1.50s
[RANGO] autosello BANK · ACECHANDO · Oz=0.0 link=— · manos_feria_informe.json
[RANGO] BANKUSDT_LINEAL last=0.03583 · río=ciego/muleta · mercado=linear · estado=ACECHANDO · dir=— · 0=0.03547 · Oz=— · Red=— · manos=ON · pos=flat · latido=1.50s
[RANGO] autosello BANK · ACECHANDO · Oz=0.0 link=— · manos_feria_informe.json
[RANGO] BANKUSDT_LINEAL last=0.03583 · río=ciego/muleta · mercado=linear · estado=ACECHANDO · dir=— · 0=0.03547 · Oz=— · Red=— · manos=ON · pos=flat · latido=1.50s
[RANGO] BANKUSDT_LINEAL last=0.03584 · río=WS · mercado=linear · estado=ACECHANDO · dir=— · 0=0.03547 · Oz=— · Red=— · manos=ON · pos=flat · latido=1.50s
[RANGO] autosello BANK · ACECHANDO · Oz=0.0 link=— · manos_feria_informe.json
[RANGO] BANKUSDT_LINEAL last=0.03585 · río=WS · mercado=linear · estado=ACECHANDO · dir=— · 0=0.03547 · Oz=— · Red=— · manos=ON · pos=flat · latido=1.50s
[RANGO] autosello BANK · ACECHANDO · Oz=0.0 link=— · manos_feria_informe.json
[RANGO] BANKUSDT_LINEAL last=0.03584 · río=WS · mercado=linear · estado=ACECHANDO · dir=— · 0=0.03547 · Oz=— · Red=— · manos=ON · pos=flat · latido=1.50s
[RANGO] BANKUSDT_LINEAL last=0.03585 · río=WS · mercado=linear · estado=ACECHANDO · dir=— · 0=0.03547 · Oz=— · Red=— · manos=ON · pos=flat · latido=1.50s
[RANGO] autosello BANK · ACECHANDO · Oz=0.0 link=— · manos_feria_informe.json
[RANGO] BANKUSDT_LINEAL last=0.03585 · río=WS · mercado=linear · estado=ACECHANDO · dir=— · 0=0.03547 · Oz=— · Red=— · manos=ON · pos=flat · latido=1.50s
[RANGO] autosello BANK · ACECHANDO · Oz=0.0 link=— · manos_feria_informe.json
[RANGO] BANKUSDT_LINEAL last=0.03587 · río=WS · mercado=linear · estado=ACECHANDO · dir=— · 0=0.03547 · Oz=— · Red=— · manos=ON · pos=flat · latido=1.50s
[RANGO] BANKUSDT_LINEAL last=0.03587 · río=WS · mercado=linear · estado=ACECHANDO · dir=— · 0=0.03547 · Oz=— · Red=— · manos=ON · pos=flat · latido=1.50s
[RANGO] autosello BANK · ACECHANDO · Oz=0.0 link=— · manos_feria_informe.json
[RANGO] BANKUSDT_LINEAL last=0.03588 · río=WS · mercado=linear · estado=ACECHANDO · dir=— · 0=0.03547 · Oz=— · Red=— · manos=ON · pos=flat · latido=1.50s
[RANGO] autosello BANK · ACECHANDO · Oz=0.0 link=— · manos_feria_informe.json
[RANGO] BANKUSDT_LINEAL last=0.03588 · río=WS · mercado=linear · estado=ACECHANDO · dir=— · 0=0.03547 · Oz=— · Red=— · manos=ON · pos=flat · latido=1.50s
[RANGO] BANKUSDT_LINEAL last=0.03584 · río=WS · mercado=linear · estado=ACECHANDO · dir=— · 0=0.03547 · Oz=— · Red=— · manos=ON · pos=flat · latido=1.50s
[RANGO] autosello BANK · ACECHANDO · Oz=0.0 link=— · manos_feria_informe.json
[RANGO] BANKUSDT_LINEAL last=0.03584 · río=WS · mercado=linear · estado=ACECHANDO · dir=— · 0=0.03547 · Oz=— · Red=— · manos=ON · pos=flat · latido=1.50s
[2026-08-31 10:39:11] [TUSK] RECONCILIACIÓN: POWERUSDT_LINEAL: interno L:0.000000/S:249.000000 -> real L:0.000000/S:190.000000
[2026-08-31 10:39:11] [TUSK] RECONCILIACIÓN_OK: 1 frentes alineados con exchange
[RANGO] autosello BANK · ACECHANDO · Oz=0.0 link=— · manos_feria_informe.json
[RANGO] BANKUSDT_LINEAL last=0.03585 · río=WS · mercado=linear · estado=ACECHANDO · dir=— · 0=0.03547 · Oz=— · Red=— · manos=ON · pos=flat · latido=1.50s
[RANGO] BANKUSDT_LINEAL last=0.03585 · río=WS · mercado=linear · estado=ACECHANDO · dir=— · 0=0.03547 · Oz=— · Red=— · manos=ON · pos=flat · latido=1.50s
[RANGO] autosello BANK · ACECHANDO · Oz=0.0 link=— · manos_feria_informe.json
[RANGO] BANKUSDT_LINEAL last=0.03584 · río=WS · mercado=linear · estado=ACECHANDO · dir=— · 0=0.03547 · Oz=— · Red=— · manos=ON · pos=flat · latido=1.50s
[RANGO] autosello BANK · ACECHANDO · Oz=0.0 link=— · manos_feria_informe.json
[RANGO] BANKUSDT_LINEAL last=0.03585 · río=WS · mercado=linear · estado=ACECHANDO · dir=— · 0=0.03547 · Oz=— · Red=— · manos=ON · pos=flat · latido=1.50s
[RANGO] BANKUSDT_LINEAL last=0.03585 · río=ciego/muleta · mercado=linear · estado=ACECHANDO · dir=— · 0=0.03547 · Oz=— · Red=— · manos=ON · pos=flat · latido=1.50s
[RANGO] autosello BANK · ACECHANDO · Oz=0.0 link=— · manos_feria_informe.json
[RANGO] BANKUSDT_LINEAL last=0.03584 · río=WS · mercado=linear · estado=ACECHANDO · dir=— · 0=0.03547 · Oz=— · Red=— · manos=ON · pos=flat · latido=1.50s
[2026-08-31 10:40:13] [TUSK] RECONCILIACIÓN: DASHUSDT_LINEAL: interno L:0.000000/S:0.570000 -> real L:0.000000/S:0.680000
[2026-08-31 10:40:13] [TUSK] RECONCILIACIÓN: ROSEUSDT_LINEAL: interno L:0.000000/S:0.000000 -> real L:0.000000/S:3056.000000
[2026-08-31 10:40:13] [TUSK] RECONCILIACIÓN: AEHRUSDT_LINEAL: interno L:0.000000/S:0.000000 -> real L:0.300000/S:0.000000
[2026-08-31 10:40:13] [TUSK] RECONCILIACIÓN_FANTASMA: AXTIUSDT_LINEAL existe interno pero no en exchange -> reseteando
[2026-08-31 10:40:13] [TUSK] RECONCILIACIÓN_FANTASMA: NBISUSDT_LINEAL existe interno pero no en exchange -> reseteando
[2026-08-31 10:40:13] [TUSK] RECONCILIACIÓN_OK: 5 frentes alineados con exchange
[RANGO] autosello BANK · ACECHANDO · Oz=0.0 link=— · manos_feria_informe.json
[RANGO] BANKUSDT_LINEAL last=0.03585 · río=WS · mercado=linear · estado=ACECHANDO · dir=— · 0=0.03547 · Oz=— · Red=— · manos=ON · pos=flat · latido=1.50s
[RANGO] BANKUSDT_LINEAL last=0.03585 · río=WS · mercado=linear · estado=ACECHANDO · dir=— · 0=0.03547 · Oz=— · Red=— · manos=ON · pos=flat · latido=1.50s
[RANGO] autosello BANK · ACECHANDO · Oz=0.0 link=— · manos_feria_informe.json
[RANGO] BANKUSDT_LINEAL last=0.03583 · río=WS · mercado=linear · estado=ACECHANDO · dir=— · 0=0.03547 · Oz=— · Red=— · manos=ON · pos=flat · latido=1.50s
[RANGO] autosello BANK · ACECHANDO · Oz=0.0 link=— · manos_feria_informe.json
[RANGO] BANKUSDT_LINEAL last=0.03584 · río=WS · mercado=linear · estado=ACECHANDO · dir=— · 0=0.03547 · Oz=— · Red=— · manos=ON · pos=flat · latido=1.50s
[RANGO] BANKUSDT_LINEAL last=0.03584 · río=WS · mercado=linear · estado=ACECHANDO · dir=— · 0=0.03547 · Oz=— · Red=— · manos=ON · pos=flat · latido=1.50s
[RANGO] autosello BANK · ACECHANDO · Oz=0.0 link=— · manos_feria_informe.json
[RANGO] BANKUSDT_LINEAL last=0.03582 · río=WS · mercado=linear · estado=ACECHANDO · dir=— · 0=0.03547 · Oz=— · Red=— · manos=ON · pos=flat · latido=1.50s
[2026-08-31 10:41:14] [TUSK] RECONCILIACIÓN: XANUSDT_LINEAL: interno L:0.000000/S:171.000000 -> real L:203.000000/S:0.000000
[2026-08-31 10:41:14] [TUSK] RECONCILIACIÓN_OK: 1 frentes alineados con exchange
[RANGO] autosello BANK · ACECHANDO · Oz=0.0 link=— · manos_feria_informe.json
[RANGO] BANKUSDT_LINEAL last=0.03582 · río=WS · mercado=linear · estado=ACECHANDO · dir=— · 0=0.03547 · Oz=— · Red=— · manos=ON · pos=flat · latido=1.50s
[RANGO] BANKUSDT_LINEAL last=0.03582 · río=WS · mercado=linear · estado=ACECHANDO · dir=— · 0=0.03547 · Oz=— · Red=— · manos=ON · pos=flat · latido=1.50s
[RANGO] autosello BANK · ACECHANDO · Oz=0.0 link=— · manos_feria_informe.json
[RANGO] BANKUSDT_LINEAL last=0.03583 · río=WS · mercado=linear · estado=ACECHANDO · dir=— · 0=0.03547 · Oz=— · Red=— · manos=ON · pos=flat · latido=1.50s
[RANGO] autosello BANK · ACECHANDO · Oz=0.0 link=— · manos_feria_informe.json
[RANGO] BANKUSDT_LINEAL last=0.03583 · río=WS · mercado=linear · estado=ACECHANDO · dir=— · 0=0.03547 · Oz=— · Red=— · manos=ON · pos=flat · latido=1.50s
[RANGO] BANKUSDT_LINEAL last=0.03583 · río=WS · mercado=linear · estado=ACECHANDO · dir=— · 0=0.03547 · Oz=— · Red=— · manos=ON · pos=flat · latido=1.50s
[RANGO] autosello BANK · ACECHANDO · Oz=0.0 link=— · manos_feria_informe.json
[RANGO] BANKUSDT_LINEAL last=0.03583 · río=WS · mercado=linear · estado=ACECHANDO · dir=— · 0=0.03547 · Oz=— · Red=— · manos=ON · pos=flat · latido=1.50s
[RANGO] autosello BANK · ACECHANDO · Oz=0.0 link=— · manos_feria_informe.json
[RANGO] BANKUSDT_LINEAL last=0.03584 · río=WS · mercado=linear · estado=ACECHANDO · dir=— · 0=0.03547 · Oz=— · Red=— · manos=ON · pos=flat · latido=1.50s
[RANGO] BANKUSDT_LINEAL last=0.03588 · río=WS · mercado=linear · estado=ACECHANDO · dir=— · 0=0.03547 · Oz=— · Red=— · manos=ON · pos=flat · latido=1.50s
[RANGO] autosello BANK · ACECHANDO · Oz=0.0 link=— · manos_feria_informe.json
[RANGO] BANKUSDT_LINEAL last=0.03587 · río=ciego/muleta · mercado=linear · estado=ACECHANDO · dir=— · 0=0.03547 · Oz=— · Red=— · manos=ON · pos=flat · latido=1.50s
[RANGO] autosello BANK · ACECHANDO · Oz=0.0 link=— · manos_feria_informe.json
[RANGO] BANKUSDT_LINEAL last=0.03588 · río=WS · mercado=linear · estado=ACECHANDO · dir=— · 0=0.03547 · Oz=— · Red=— · manos=ON · pos=flat · latido=1.50s
[RANGO] BANKUSDT_LINEAL last=0.03587 · río=WS · mercado=linear · estado=ACECHANDO · dir=— · 0=0.03547 · Oz=— · Red=— · manos=ON · pos=flat · latido=1.50s
[RANGO] autosello BANK · ACECHANDO · Oz=0.0 link=— · manos_feria_informe.json
[RANGO] BANKUSDT_LINEAL last=0.03589 · río=WS · mercado=linear · estado=ACECHANDO · dir=— · 0=0.03547 · Oz=— · Red=— · manos=ON · pos=flat · latido=1.50s
[2026-08-31 10:43:17] [TUSK] RECONCILIACIÓN: TWTUSDT_LINEAL: interno L:38.700000/S:0.000000 -> real L:26.800000/S:0.000000
[2026-08-31 10:43:17] [TUSK] RECONCILIACIÓN_OK: 1 frentes alineados con exchange
[RANGO] autosello BANK · ACECHANDO · Oz=0.0 link=— · manos_feria_informe.json
[RANGO] BANKUSDT_LINEAL last=0.03587 · río=WS · mercado=linear · estado=ACECHANDO · dir=— · 0=0.03547 · Oz=— · Red=— · manos=ON · pos=flat · latido=1.50s
[RANGO] BANKUSDT_LINEAL last=0.03587 · río=WS · mercado=linear · estado=ACECHANDO · dir=— · 0=0.03547 · Oz=— · Red=— · manos=ON · pos=flat · latido=1.50s
[RANGO] autosello BANK · ACECHANDO · Oz=0.0 link=— · manos_feria_informe.json
[RANGO] BANKUSDT_LINEAL last=0.03589 · río=WS · mercado=linear · estado=ACECHANDO · dir=— · 0=0.03547 · Oz=— · Red=— · manos=ON · pos=flat · latido=1.50s
[RANGO] autosello BANK · ACECHANDO · Oz=0.0 link=— · manos_feria_informe.json
[RANGO] BANKUSDT_LINEAL last=0.03588 · río=WS · mercado=linear · estado=ACECHANDO · dir=— · 0=0.03547 · Oz=— · Red=— · manos=ON · pos=flat · latido=1.50s
[RANGO] BANKUSDT_LINEAL last=0.03588 · río=WS · mercado=linear · estado=ACECHANDO · dir=— · 0=0.03547 · Oz=— · Red=— · manos=ON · pos=flat · latido=1.50s
[RANGO] autosello BANK · ACECHANDO · Oz=0.0 link=— · manos_feria_informe.json
[RANGO] BANKUSDT_LINEAL last=0.03589 · río=WS · mercado=linear · estado=ACECHANDO · dir=— · 0=0.03547 · Oz=— · Red=— · manos=ON · pos=flat · latido=1.50s
[2026-08-31 10:44:18] [TUSK] RECONCILIACIÓN: PURRUSDT_LINEAL: interno L:0.000000/S:0.000000 -> real L:3.000000/S:0.000000
[2026-08-31 10:44:18] [TUSK] RECONCILIACIÓN_FANTASMA: VVVUSDT_LINEAL existe interno pero no en exchange -> reseteando
[2026-08-31 10:44:18] [TUSK] RECONCILIACIÓN_OK: 2 frentes alineados con exchange
[RANGO] autosello BANK · ACECHANDO · Oz=0.0 link=— · manos_feria_informe.json
[RANGO] BANKUSDT_LINEAL last=0.0359 · río=WS · mercado=linear · estado=ACECHANDO · dir=— · 0=0.03547 · Oz=— · Red=— · manos=ON · pos=flat · latido=1.50s
[RANGO] BANKUSDT_LINEAL last=0.03585 · río=WS · mercado=linear · estado=ACECHANDO · dir=— · 0=0.03547 · Oz=— · Red=— · manos=ON · pos=flat · latido=1.50s
[RANGO] autosello BANK · ACECHANDO · Oz=0.0 link=— · manos_feria_informe.json
[RANGO] BANKUSDT_LINEAL last=0.03585 · río=WS · mercado=linear · estado=ACECHANDO · dir=— · 0=0.03547 · Oz=— · Red=— · manos=ON · pos=flat · latido=1.50s
[RANGO] autosello BANK · ACECHANDO · Oz=0.0 link=— · manos_feria_informe.json
[RANGO] BANKUSDT_LINEAL last=0.03582 · río=WS · mercado=linear · estado=ACECHANDO · dir=— · 0=0.03547 · Oz=— · Red=— · manos=ON · pos=flat · latido=1.50s
[RANGO] BANKUSDT_LINEAL last=0.03582 · río=WS · mercado=linear · estado=ACECHANDO · dir=— · 0=0.03547 · Oz=— · Red=— · manos=ON · pos=flat · latido=1.50s
[RANGO] autosello BANK · ACECHANDO · Oz=0.0 link=— · manos_feria_informe.json
[RANGO] BANKUSDT_LINEAL last=0.03584 · río=WS · mercado=linear · estado=ACECHANDO · dir=— · 0=0.03547 · Oz=— · Red=— · manos=ON · pos=flat · latido=1.50s
[2026-08-31 10:45:20] [TUSK] RECONCILIACIÓN: PURRUSDT_LINEAL: interno L:3.000000/S:0.000000 -> real L:2.500000/S:0.000000
[2026-08-31 10:45:20] [TUSK] RECONCILIACIÓN: BMNRUSDT_LINEAL: interno L:0.000000/S:0.000000 -> real L:2.100000/S:0.000000
[2026-08-31 10:45:20] [TUSK] RECONCILIACIÓN: CRCLUSDT_LINEAL: interno L:0.290000/S:0.000000 -> real L:0.230000/S:0.000000
[2026-08-31 10:45:20] [TUSK] RECONCILIACIÓN: HYPEUSDT_LINEAL: interno L:0.000000/S:0.000000 -> real L:0.000000/S:0.340000
[2026-08-31 10:45:20] [TUSK] RECONCILIACIÓN: HYPEUSD_INVERSE: interno L:291.000000/S:0.000000 -> real L:146.000000/S:0.000000
[2026-08-31 10:45:20] [TUSK] RECONCILIACIÓN_FANTASMA: TSLLUSDT_LINEAL existe interno pero no en exchange -> reseteando
[2026-08-31 10:45:20] [TUSK] RECONCILIACIÓN_FANTASMA: ZEREBROUSDT_LINEAL existe interno pero no en exchange -> reseteando
[2026-08-31 10:45:20] [TUSK] RECONCILIACIÓN_OK: 7 frentes alineados con exchange
[RANGO] autosello BANK · ACECHANDO · Oz=0.0 link=— · manos_feria_informe.json
[RANGO] BANKUSDT_LINEAL last=0.03584 · río=WS · mercado=linear · estado=ACECHANDO · dir=— · 0=0.03547 · Oz=— · Red=— · manos=ON · pos=flat · latido=1.50s
[RANGO] BANKUSDT_LINEAL last=0.03585 · río=WS · mercado=linear · estado=ACECHANDO · dir=— · 0=0.03547 · Oz=— · Red=— · manos=ON · pos=flat · latido=1.50s
[RANGO] autosello BANK · ACECHANDO · Oz=0.0 link=— · manos_feria_informe.json
[RANGO] BANKUSDT_LINEAL last=0.03585 · río=WS · mercado=linear · estado=ACECHANDO · dir=— · 0=0.03547 · Oz=— · Red=— · manos=ON · pos=flat · latido=1.50s
[RANGO] autosello BANK · ACECHANDO · Oz=0.0 link=— · manos_feria_informe.json
[RANGO] BANKUSDT_LINEAL last=0.03583 · río=WS · mercado=linear · estado=ACECHANDO · dir=— · 0=0.03547 · Oz=— · Red=— · manos=ON · pos=flat · latido=1.50s
[RANGO] BANKUSDT_LINEAL last=0.03585 · río=ciego/muleta · mercado=linear · estado=ACECHANDO · dir=— · 0=0.03547 · Oz=— · Red=— · manos=ON · pos=flat · latido=1.50s
[RANGO] autosello BANK · ACECHANDO · Oz=0.0 link=— · manos_feria_informe.json
[RANGO] BANKUSDT_LINEAL last=0.03583 · río=WS · mercado=linear · estado=ACECHANDO · dir=— · 0=0.03547 · Oz=— · Red=— · manos=ON · pos=flat · latido=1.50s
[RANGO] autosello BANK · ACECHANDO · Oz=0.0 link=— · manos_feria_informe.json
[2026-08-31 10:46:21] [TUSK] RECONCILIACIÓN: PURRUSDT_LINEAL: interno L:2.500000/S:0.000000 -> real L:3.000000/S:0.000000
[2026-08-31 10:46:21] [TUSK] RECONCILIACIÓN: LITUSDT_LINEAL: interno L:0.000000/S:0.000000 -> real L:0.000000/S:25.000000
[2026-08-31 10:46:21] [TUSK] RECONCILIACIÓN: HYPEUSDT_LINEAL: interno L:0.000000/S:0.340000 -> real L:0.000000/S:0.400000
[2026-08-31 10:46:21] [TUSK] RECONCILIACIÓN: HYPEUSD_INVERSE: interno L:146.000000/S:0.000000 -> real L:73.000000/S:0.000000
[2026-08-31 10:46:21] [TUSK] RECONCILIACIÓN_FANTASMA: SNXXUSDT_LINEAL existe interno pero no en exchange -> reseteando
[2026-08-31 10:46:21] [TUSK] RECONCILIACIÓN_OK: 5 frentes alineados con exchange
[RANGO] BANKUSDT_LINEAL last=0.03584 · río=WS · mercado=linear · estado=ACECHANDO · dir=— · 0=0.03547 · Oz=— · Red=— · manos=ON · pos=flat · latido=1.50s
[RANGO] BANKUSDT_LINEAL last=0.03583 · río=WS · mercado=linear · estado=ACECHANDO · dir=— · 0=0.03547 · Oz=— · Red=— · manos=ON · pos=flat · latido=1.50s
[RANGO] autosello BANK · ACECHANDO · Oz=0.0 link=— · manos_feria_informe.json
[RANGO] BANKUSDT_LINEAL last=0.03584 · río=ciego/muleta · mercado=linear · estado=ACECHANDO · dir=— · 0=0.03547 · Oz=— · Red=— · manos=ON · pos=flat · latido=1.50s
[RANGO] autosello BANK · ACECHANDO · Oz=0.0 link=— · manos_feria_informe.json
[RANGO] BANKUSDT_LINEAL last=0.03583 · río=WS · mercado=linear · estado=ACECHANDO · dir=— · 0=0.03547 · Oz=— · Red=— · manos=ON · pos=flat · latido=1.50s
[RANGO] BANKUSDT_LINEAL last=0.03583 · río=WS · mercado=linear · estado=ACECHANDO · dir=— · 0=0.03547 · Oz=— · Red=— · manos=ON · pos=flat · latido=1.50s
[RANGO] autosello BANK · ACECHANDO · Oz=0.0 link=— · manos_feria_informe.json
[RANGO] BANKUSDT_LINEAL last=0.03583 · río=WS · mercado=linear · estado=ACECHANDO · dir=— · 0=0.03547 · Oz=— · Red=— · manos=ON · pos=flat · latido=1.50s
[RANGO] autosello BANK · ACECHANDO · Oz=0.0 link=— · manos_feria_informe.json
[2026-08-31 10:47:22] [TUSK] RECONCILIACIÓN: LITUSDT_LINEAL: interno L:0.000000/S:25.000000 -> real L:0.000000/S:26.900000
[2026-08-31 10:47:22] [TUSK] RECONCILIACIÓN: PURRUSDT_LINEAL: interno L:3.000000/S:0.000000 -> real L:3.700000/S:0.000000
[2026-08-31 10:47:22] [TUSK] RECONCILIACIÓN: BLUAIUSDT_LINEAL: interno L:1590.000000/S:0.000000 -> real L:1180.000000/S:0.000000
[2026-08-31 10:47:22] [TUSK] RECONCILIACIÓN_OK: 3 frentes alineados con exchange
[RANGO] BANKUSDT_LINEAL last=0.03583 · río=ciego/muleta · mercado=linear · estado=ACECHANDO · dir=— · 0=0.03547 · Oz=— · Red=— · manos=ON · pos=flat · latido=1.50s
[RANGO] autosello BANK · ACECHANDO · Oz=0.0 link=— · manos_feria_informe.json
[RANGO] BANKUSDT_LINEAL last=0.03581 · río=WS · mercado=linear · estado=ACECHANDO · dir=— · 0=0.03547 · Oz=— · Red=— · manos=ON · pos=flat · latido=1.50s
[RANGO] BANKUSDT_LINEAL last=0.03581 · río=WS · mercado=linear · estado=ACECHANDO · dir=— · 0=0.03547 · Oz=— · Red=— · manos=ON · pos=flat · latido=1.50s
[RANGO] autosello BANK · ACECHANDO · Oz=0.0 link=— · manos_feria_informe.json
[RANGO] BANKUSDT_LINEAL last=0.03582 · río=ciego/muleta · mercado=linear · estado=ACECHANDO · dir=— · 0=0.03547 · Oz=— · Red=— · manos=ON · pos=flat · latido=1.50s
[RANGO] autosello BANK · ACECHANDO · Oz=0.0 link=— · manos_feria_informe.json
[RANGO] BANKUSDT_LINEAL last=0.03582 · río=WS · mercado=linear · estado=ACECHANDO · dir=— · 0=0.03547 · Oz=— · Red=— · manos=ON · pos=flat · latido=1.50s
[RANGO] BANKUSDT_LINEAL last=0.03582 · río=WS · mercado=linear · estado=ACECHANDO · dir=— · 0=0.03547 · Oz=— · Red=— · manos=ON · pos=flat · latido=1.50s
[RANGO] autosello BANK · ACECHANDO · Oz=0.0 link=— · manos_feria_informe.json
[2026-08-31 10:48:23] [TUSK] RECONCILIACIÓN: PURRUSDT_LINEAL: interno L:3.700000/S:0.000000 -> real L:3.200000/S:0.000000
[2026-08-31 10:48:23] [TUSK] RECONCILIACIÓN_OK: 1 frentes alineados con exchange
[RANGO] BANKUSDT_LINEAL last=0.03582 · río=WS · mercado=linear · estado=ACECHANDO · dir=— · 0=0.03547 · Oz=— · Red=— · manos=ON · pos=flat · latido=1.50s
[RANGO] autosello BANK · ACECHANDO · Oz=0.0 link=— · manos_feria_informe.json
[RANGO] BANKUSDT_LINEAL last=0.03581 · río=WS · mercado=linear · estado=ACECHANDO · dir=— · 0=0.03547 · Oz=— · Red=— · manos=ON · pos=flat · latido=1.50s
[RANGO] BANKUSDT_LINEAL last=0.03582 · río=WS · mercado=linear · estado=ACECHANDO · dir=— · 0=0.03547 · Oz=— · Red=— · manos=ON · pos=flat · latido=1.50s
[RANGO] autosello BANK · ACECHANDO · Oz=0.0 link=— · manos_feria_informe.json
[RANGO] BANKUSDT_LINEAL last=0.03581 · río=WS · mercado=linear · estado=ACECHANDO · dir=— · 0=0.03547 · Oz=— · Red=— · manos=ON · pos=flat · latido=1.50s
[RANGO] autosello BANK · ACECHANDO · Oz=0.0 link=— · manos_feria_informe.json
[RANGO] BANKUSDT_LINEAL last=0.03581 · río=ciego/muleta · mercado=linear · estado=ACECHANDO · dir=— · 0=0.03547 · Oz=— · Red=— · manos=ON · pos=flat · latido=1.50s
[RANGO] BANKUSDT_LINEAL last=0.0358 · río=WS · mercado=linear · estado=ACECHANDO · dir=— · 0=0.03547 · Oz=— · Red=— · manos=ON · pos=flat · latido=1.50s
[RANGO] autosello BANK · ACECHANDO · Oz=0.0 link=— · manos_feria_informe.json
[2026-08-31 10:49:25] [TUSK] RECONCILIACIÓN: PURRUSDT_LINEAL: interno L:3.200000/S:0.000000 -> real L:3.700000/S:0.000000
[2026-08-31 10:49:25] [TUSK] RECONCILIACIÓN: MORPHOUSDT_LINEAL: interno L:0.000000/S:0.000000 -> real L:23.000000/S:0.000000
[2026-08-31 10:49:25] [TUSK] RECONCILIACIÓN: DASHUSDT_LINEAL: interno L:0.000000/S:0.680000 -> real L:0.000000/S:0.810000
[2026-08-31 10:49:25] [TUSK] RECONCILIACIÓN_FANTASMA: UNIUSDT_LINEAL existe interno pero no en exchange -> reseteando
[2026-08-31 10:49:25] [TUSK] RECONCILIACIÓN_OK: 4 frentes alineados con exchange
[RANGO] BANKUSDT_LINEAL last=0.0358 · río=WS · mercado=linear · estado=ACECHANDO · dir=— · 0=0.03547 · Oz=— · Red=— · manos=ON · pos=flat · latido=1.50s
[RANGO] autosello BANK · ACECHANDO · Oz=0.0 link=— · manos_feria_informe.json
[RANGO] BANKUSDT_LINEAL last=0.03582 · río=ciego/muleta · mercado=linear · estado=ACECHANDO · dir=— · 0=0.03547 · Oz=— · Red=— · manos=ON · pos=flat · latido=1.50s
[RANGO] BANKUSDT_LINEAL last=0.03581 · río=WS · mercado=linear · estado=ACECHANDO · dir=— · 0=0.03547 · Oz=— · Red=— · manos=ON · pos=flat · latido=1.50s
[RANGO] autosello BANK · ACECHANDO · Oz=0.0 link=— · manos_feria_informe.json
[RANGO] BANKUSDT_LINEAL last=0.03583 · río=WS · mercado=linear · estado=ACECHANDO · dir=— · 0=0.03547 · Oz=— · Red=— · manos=ON · pos=flat · latido=1.50s
[RANGO] autosello BANK · ACECHANDO · Oz=0.0 link=— · manos_feria_informe.json
[RANGO] BANKUSDT_LINEAL last=0.03582 · río=WS · mercado=linear · estado=ACECHANDO · dir=— · 0=0.03547 · Oz=— · Red=— · manos=ON · pos=flat · latido=1.50s
[RANGO] BANKUSDT_LINEAL last=0.03582 · río=WS · mercado=linear · estado=ACECHANDO · dir=— · 0=0.03547 · Oz=— · Red=— · manos=ON · pos=flat · latido=1.50s
[RANGO] autosello BANK · ACECHANDO · Oz=0.0 link=— · manos_feria_informe.json
[2026-08-31 10:50:26] [TUSK] RECONCILIACIÓN: ASTSUSDT_LINEAL: interno L:0.000000/S:0.000000 -> real L:0.780000/S:0.000000
[2026-08-31 10:50:26] [TUSK] RECONCILIACIÓN: LITUSDT_LINEAL: interno L:0.000000/S:26.900000 -> real L:0.000000/S:25.500000
[2026-08-31 10:50:26] [TUSK] RECONCILIACIÓN: ETHUSD_INVERSE: interno L:190.000000/S:0.000000 -> real L:95.000000/S:0.000000
[2026-08-31 10:50:26] [TUSK] RECONCILIACIÓN_FANTASMA: OUSDT_LINEAL existe interno pero no en exchange -> reseteando
[2026-08-31 10:50:26] [TUSK] RECONCILIACIÓN_OK: 4 frentes alineados con exchange
[RANGO] BANKUSDT_LINEAL last=0.03583 · río=WS · mercado=linear · estado=ACECHANDO · dir=— · 0=0.03547 · Oz=— · Red=— · manos=ON · pos=flat · latido=1.50s
[RANGO] autosello BANK · ACECHANDO · Oz=0.0 link=— · manos_feria_informe.json
[RANGO] BANKUSDT_LINEAL last=0.03582 · río=WS · mercado=linear · estado=ACECHANDO · dir=— · 0=0.03547 · Oz=— · Red=— · manos=ON · pos=flat · latido=1.50s
[RANGO] BANKUSDT_LINEAL last=0.03582 · río=WS · mercado=linear · estado=ACECHANDO · dir=— · 0=0.03547 · Oz=— · Red=— · manos=ON · pos=flat · latido=1.50s
[RANGO] autosello BANK · ACECHANDO · Oz=0.0 link=— · manos_feria_informe.json
[RANGO] BANKUSDT_LINEAL last=0.03583 · río=WS · mercado=linear · estado=ACECHANDO · dir=— · 0=0.03547 · Oz=— · Red=— · manos=ON · pos=flat · latido=1.50s
[RANGO] autosello BANK · ACECHANDO · Oz=0.0 link=— · manos_feria_informe.json
[RANGO] BANKUSDT_LINEAL last=0.03583 · río=ciego/muleta · mercado=linear · estado=ACECHANDO · dir=— · 0=0.03547 · Oz=— · Red=— · manos=ON · pos=flat · latido=1.50s
[RANGO] BANKUSDT_LINEAL last=0.03582 · río=WS · mercado=linear · estado=ACECHANDO · dir=— · 0=0.03547 · Oz=— · Red=— · manos=ON · pos=flat · latido=1.50s
[RANGO] autosello BANK · ACECHANDO · Oz=0.0 link=— · manos_feria_informe.json
[2026-08-31 10:51:27] [TUSK] RECONCILIACIÓN: MONUSDT_LINEAL: interno L:0.000000/S:0.000000 -> real L:5276.000000/S:0.000000
[2026-08-31 10:51:27] [TUSK] RECONCILIACIÓN_FANTASMA: STXXUSDT_LINEAL existe interno pero no en exchange -> reseteando
[2026-08-31 10:51:27] [TUSK] RECONCILIACIÓN_OK: 2 frentes alineados con exchange
[RANGO] BANKUSDT_LINEAL last=0.03582 · río=WS · mercado=linear · estado=ACECHANDO · dir=— · 0=0.03547 · Oz=— · Red=— · manos=ON · pos=flat · latido=1.50s
[RANGO] autosello BANK · ACECHANDO · Oz=0.0 link=— · manos_feria_informe.json
[RANGO] BANKUSDT_LINEAL last=0.03582 · río=ciego/muleta · mercado=linear · estado=ACECHANDO · dir=— · 0=0.03547 · Oz=— · Red=— · manos=ON · pos=flat · latido=1.50s
[RANGO] BANKUSDT_LINEAL last=0.03582 · río=WS · mercado=linear · estado=ACECHANDO · dir=— · 0=0.03547 · Oz=— · Red=— · manos=ON · pos=flat · latido=1.50s
[RANGO] autosello BANK · ACECHANDO · Oz=0.0 link=— · manos_feria_informe.json
[RANGO] BANKUSDT_LINEAL last=0.03583 · río=WS · mercado=linear · estado=ACECHANDO · dir=— · 0=0.03547 · Oz=— · Red=— · manos=ON · pos=flat · latido=1.50s
[RANGO] autosello BANK · ACECHANDO · Oz=0.0 link=— · manos_feria_informe.json
[RANGO] BANKUSDT_LINEAL last=0.03583 · río=WS · mercado=linear · estado=ACECHANDO · dir=— · 0=0.03547 · Oz=— · Red=— · manos=ON · pos=flat · latido=1.50s
[RANGO] BANKUSDT_LINEAL last=0.03583 · río=WS · mercado=linear · estado=ACECHANDO · dir=— · 0=0.03547 · Oz=— · Red=— · manos=ON · pos=flat · latido=1.50s
[RANGO] autosello BANK · ACECHANDO · Oz=0.0 link=— · manos_feria_informe.json
[2026-08-31 10:52:28] [TUSK] RECONCILIACIÓN: SUSHIUSDT_LINEAL: interno L:0.000000/S:0.000000 -> real L:139.800000/S:0.000000
[2026-08-31 10:52:28] [TUSK] RECONCILIACIÓN: ACUUSDT_LINEAL: interno L:0.000000/S:0.000000 -> real L:215.000000/S:0.000000
[2026-08-31 10:52:28] [TUSK] RECONCILIACIÓN_FANTASMA: PLTRUSDT_LINEAL existe interno pero no en exchange -> reseteando
[2026-08-31 10:52:28] [TUSK] RECONCILIACIÓN_FANTASMA: CFGUSDT_LINEAL existe interno pero no en exchange -> reseteando
[2026-08-31 10:52:28] [TUSK] RECONCILIACIÓN_OK: 4 frentes alineados con exchange
[RANGO] BANKUSDT_LINEAL last=0.03582 · río=ciego/muleta · mercado=linear · estado=ACECHANDO · dir=— · 0=0.03547 · Oz=— · Red=— · manos=ON · pos=flat · latido=1.50s
[RANGO] autosello BANK · ACECHANDO · Oz=0.0 link=— · manos_feria_informe.json
[RANGO] BANKUSDT_LINEAL last=0.03582 · río=ciego/muleta · mercado=linear · estado=ACECHANDO · dir=— · 0=0.03547 · Oz=— · Red=— · manos=ON · pos=flat · latido=1.50s
[RANGO] autosello BANK · ACECHANDO · Oz=0.0 link=— · manos_feria_informe.json
[RANGO] BANKUSDT_LINEAL last=0.03583 · río=WS · mercado=linear · estado=ACECHANDO · dir=— · 0=0.03547 · Oz=— · Red=— · manos=ON · pos=flat · latido=1.50s
[RANGO] BANKUSDT_LINEAL last=0.03583 · río=WS · mercado=linear · estado=ACECHANDO · dir=— · 0=0.03547 · Oz=— · Red=— · manos=ON · pos=flat · latido=1.50s
[RANGO] autosello BANK · ACECHANDO · Oz=0.0 link=— · manos_feria_informe.json
[RANGO] BANKUSDT_LINEAL last=0.03583 · río=WS · mercado=linear · estado=ACECHANDO · dir=— · 0=0.03547 · Oz=— · Red=— · manos=ON · pos=flat · latido=1.50s
[RANGO] autosello BANK · ACECHANDO · Oz=0.0 link=— · manos_feria_informe.json
[RANGO] BANKUSDT_LINEAL last=0.03583 · río=WS · mercado=linear · estado=ACECHANDO · dir=— · 0=0.03547 · Oz=— · Red=— · manos=ON · pos=flat · latido=1.50s
[2026-08-31 10:53:30] [TUSK] RECONCILIACIÓN: TRBUSDT_LINEAL: interno L:0.000000/S:0.000000 -> real L:5.240000/S:0.000000
[2026-08-31 10:53:30] [TUSK] RECONCILIACIÓN_FANTASMA: FWDIUSDT_LINEAL existe interno pero no en exchange -> reseteando
[2026-08-31 10:53:30] [TUSK] RECONCILIACIÓN_OK: 2 frentes alineados con exchange
[RANGO] BANKUSDT_LINEAL last=0.03583 · río=ciego/muleta · mercado=linear · estado=ACECHANDO · dir=— · 0=0.03547 · Oz=— · Red=— · manos=ON · pos=flat · latido=1.50s
[RANGO] autosello BANK · ACECHANDO · Oz=0.0 link=— · manos_feria_informe.json
[RANGO] BANKUSDT_LINEAL last=0.03583 · río=WS · mercado=linear · estado=ACECHANDO · dir=— · 0=0.03547 · Oz=— · Red=— · manos=ON · pos=flat · latido=1.50s
[RANGO] autosello BANK · ACECHANDO · Oz=0.0 link=— · manos_feria_informe.json
[RANGO] BANKUSDT_LINEAL last=0.03583 · río=WS · mercado=linear · estado=ACECHANDO · dir=— · 0=0.03547 · Oz=— · Red=— · manos=ON · pos=flat · latido=1.50s
[RANGO] BANKUSDT_LINEAL last=0.03581 · río=WS · mercado=linear · estado=ACECHANDO · dir=— · 0=0.03547 · Oz=— · Red=— · manos=ON · pos=flat · latido=1.50s
[RANGO] autosello BANK · ACECHANDO · Oz=0.0 link=— · manos_feria_informe.json
[RANGO] BANKUSDT_LINEAL last=0.03577 · río=WS · mercado=linear · estado=ACECHANDO · dir=— · 0=0.03547 · Oz=— · Red=— · manos=ON · pos=flat · latido=1.50s
[RANGO] autosello BANK · ACECHANDO · Oz=0.0 link=— · manos_feria_informe.json
[RANGO] BANKUSDT_LINEAL last=0.03582 · río=WS · mercado=linear · estado=ACECHANDO · dir=— · 0=0.03547 · Oz=— · Red=— · manos=ON · pos=flat · latido=1.50s
[RANGO] BANKUSDT_LINEAL last=0.03582 · río=WS · mercado=linear · estado=ACECHANDO · dir=— · 0=0.03547 · Oz=— · Red=— · manos=ON · pos=flat · latido=1.50s
[RANGO] autosello BANK · ACECHANDO · Oz=0.0 link=— · manos_feria_informe.json
[RANGO] BANKUSDT_LINEAL last=0.03581 · río=WS · mercado=linear · estado=ACECHANDO · dir=— · 0=0.03547 · Oz=— · Red=— · manos=ON · pos=flat · latido=1.50s
[RANGO] autosello BANK · ACECHANDO · Oz=0.0 link=— · manos_feria_informe.json
[RANGO] BANKUSDT_LINEAL last=0.03581 · río=WS · mercado=linear · estado=ACECHANDO · dir=— · 0=0.03547 · Oz=— · Red=— · manos=ON · pos=flat · latido=1.50s
[RANGO] BANKUSDT_LINEAL last=0.03582 · río=WS · mercado=linear · estado=ACECHANDO · dir=— · 0=0.03547 · Oz=— · Red=— · manos=ON · pos=flat · latido=1.50s
[RANGO] autosello BANK · ACECHANDO · Oz=0.0 link=— · manos_feria_informe.json
[RANGO] BANKUSDT_LINEAL last=0.03582 · río=WS · mercado=linear · estado=ACECHANDO · dir=— · 0=0.03547 · Oz=— · Red=— · manos=ON · pos=flat · latido=1.50s
[RANGO] autosello BANK · ACECHANDO · Oz=0.0 link=— · manos_feria_informe.json
[RANGO] BANKUSDT_LINEAL last=0.03582 · río=ciego/muleta · mercado=linear · estado=ACECHANDO · dir=— · 0=0.03547 · Oz=— · Red=— · manos=ON · pos=flat · latido=1.50s
[2026-08-31 10:55:32] [TUSK] RECONCILIACIÓN: LITUSDT_LINEAL: interno L:0.000000/S:25.500000 -> real L:0.000000/S:24.100000
[2026-08-31 10:55:32] [TUSK] RECONCILIACIÓN_OK: 1 frentes alineados con exchange
[RANGO] BANKUSDT_LINEAL last=0.0358 · río=WS · mercado=linear · estado=ACECHANDO · dir=— · 0=0.03547 · Oz=— · Red=— · manos=ON · pos=flat · latido=1.50s
[RANGO] autosello BANK · ACECHANDO · Oz=0.0 link=— · manos_feria_informe.json
[RANGO] BANKUSDT_LINEAL last=0.0358 · río=WS · mercado=linear · estado=ACECHANDO · dir=— · 0=0.03547 · Oz=— · Red=— · manos=ON · pos=flat · latido=1.50s
[RANGO] autosello BANK · ACECHANDO · Oz=0.0 link=— · manos_feria_informe.json
[RANGO] BANKUSDT_LINEAL last=0.0358 · río=WS · mercado=linear · estado=ACECHANDO · dir=— · 0=0.03547 · Oz=— · Red=— · manos=ON · pos=flat · latido=1.50s
[RANGO] BANKUSDT_LINEAL last=0.0358 · río=WS · mercado=linear · estado=ACECHANDO · dir=— · 0=0.03547 · Oz=— · Red=— · manos=ON · pos=flat · latido=1.50s
[RANGO] autosello BANK · ACECHANDO · Oz=0.0 link=— · manos_feria_informe.json
[RANGO] BANKUSDT_LINEAL last=0.03581 · río=WS · mercado=linear · estado=ACECHANDO · dir=— · 0=0.03547 · Oz=— · Red=— · manos=ON · pos=flat · latido=1.50s
[RANGO] autosello BANK · ACECHANDO · Oz=0.0 link=— · manos_feria_informe.json
[RANGO] BANKUSDT_LINEAL last=0.0358 · río=WS · mercado=linear · estado=ACECHANDO · dir=— · 0=0.03547 · Oz=— · Red=— · manos=ON · pos=flat · latido=1.50s
[RANGO] BANKUSDT_LINEAL last=0.03579 · río=WS · mercado=linear · estado=ACECHANDO · dir=— · 0=0.03547 · Oz=— · Red=— · manos=ON · pos=flat · latido=1.50s
[RANGO] autosello BANK · ACECHANDO · Oz=0.0 link=— · manos_feria_informe.json
[RANGO] BANKUSDT_LINEAL last=0.03582 · río=ciego/muleta · mercado=linear · estado=ACECHANDO · dir=— · 0=0.03547 · Oz=— · Red=— · manos=ON · pos=flat · latido=1.50s
[RANGO] autosello BANK · ACECHANDO · Oz=0.0 link=— · manos_feria_informe.json
[RANGO] BANKUSDT_LINEAL last=0.03579 · río=WS · mercado=linear · estado=ACECHANDO · dir=— · 0=0.03547 · Oz=— · Red=— · manos=ON · pos=flat · latido=1.50s
[RANGO] BANKUSDT_LINEAL last=0.03579 · río=WS · mercado=linear · estado=ACECHANDO · dir=— · 0=0.03547 · Oz=— · Red=— · manos=ON · pos=flat · latido=1.50s
[RANGO] autosello BANK · ACECHANDO · Oz=0.0 link=— · manos_feria_informe.json
[RANGO] BANKUSDT_LINEAL last=0.03579 · río=WS · mercado=linear · estado=ACECHANDO · dir=— · 0=0.03547 · Oz=— · Red=— · manos=ON · pos=flat · latido=1.50s
[RANGO] autosello BANK · ACECHANDO · Oz=0.0 link=— · manos_feria_informe.json
[RANGO] BANKUSDT_LINEAL last=0.03578 · río=WS · mercado=linear · estado=ACECHANDO · dir=— · 0=0.03547 · Oz=— · Red=— · manos=ON · pos=flat · latido=1.50s
[RANGO] BANKUSDT_LINEAL last=0.03578 · río=WS · mercado=linear · estado=ACECHANDO · dir=— · 0=0.03547 · Oz=— · Red=— · manos=ON · pos=flat · latido=1.50s
[RANGO] autosello BANK · ACECHANDO · Oz=0.0 link=— · manos_feria_informe.json
[RANGO] BANKUSDT_LINEAL last=0.03571 · río=WS · mercado=linear · estado=ACECHANDO · dir=— · 0=0.03547 · Oz=— · Red=— · manos=ON · pos=flat · latido=1.50s
[RANGO] autosello BANK · ACECHANDO · Oz=0.0 link=— · manos_feria_informe.json
[RANGO] BANKUSDT_LINEAL last=0.03572 · río=WS · mercado=linear · estado=ACECHANDO · dir=— · 0=0.03547 · Oz=— · Red=— · manos=ON · pos=flat · latido=1.50s
[RANGO] BANKUSDT_LINEAL last=0.03576 · río=WS · mercado=linear · estado=ACECHANDO · dir=— · 0=0.03547 · Oz=— · Red=— · manos=ON · pos=flat · latido=1.50s
[RANGO] autosello BANK · ACECHANDO · Oz=0.0 link=— · manos_feria_informe.json
[RANGO] BANKUSDT_LINEAL last=0.03575 · río=WS · mercado=linear · estado=ACECHANDO · dir=— · 0=0.03547 · Oz=— · Red=— · manos=ON · pos=flat · latido=1.50s
[RANGO] autosello BANK · ACECHANDO · Oz=0.0 link=— · manos_feria_informe.json
[RANGO] BANKUSDT_LINEAL last=0.03575 · río=WS · mercado=linear · estado=ACECHANDO · dir=— · 0=0.03547 · Oz=— · Red=— · manos=ON · pos=flat · latido=1.50s
[RANGO] BANKUSDT_LINEAL last=0.03577 · río=WS · mercado=linear · estado=ACECHANDO · dir=— · 0=0.03547 · Oz=— · Red=— · manos=ON · pos=flat · latido=1.50s
[2026-08-31 10:58:35] [TUSK] RECONCILIACIÓN: MOVRUSDT_LINEAL: interno L:0.000000/S:0.000000 -> real L:0.000000/S:115.100000
[2026-08-31 10:58:35] [TUSK] RECONCILIACIÓN: ROBOUSDT_LINEAL: interno L:0.000000/S:0.000000 -> real L:3390.000000/S:0.000000
[2026-08-31 10:58:35] [TUSK] RECONCILIACIÓN_FANTASMA: POWERUSDT_LINEAL existe interno pero no en exchange -> reseteando
[2026-08-31 10:58:35] [TUSK] RECONCILIACIÓN_FANTASMA: AEHRUSDT_LINEAL existe interno pero no en exchange -> reseteando
[2026-08-31 10:58:35] [TUSK] RECONCILIACIÓN_OK: 4 frentes alineados con exchange
[RANGO] autosello BANK · ACECHANDO · Oz=0.0 link=— · manos_feria_informe.json
[RANGO] BANKUSDT_LINEAL last=0.03577 · río=WS · mercado=linear · estado=ACECHANDO · dir=— · 0=0.03547 · Oz=— · Red=— · manos=ON · pos=flat · latido=1.50s
[RANGO] autosello BANK · ACECHANDO · Oz=0.0 link=— · manos_feria_informe.json
[RANGO] BANKUSDT_LINEAL last=0.03575 · río=WS · mercado=linear · estado=ACECHANDO · dir=— · 0=0.03547 · Oz=— · Red=— · manos=ON · pos=flat · latido=1.50s
[RANGO] BANKUSDT_LINEAL last=0.03575 · río=WS · mercado=linear · estado=ACECHANDO · dir=— · 0=0.03547 · Oz=— · Red=— · manos=ON · pos=flat · latido=1.50s
[RANGO] autosello BANK · ACECHANDO · Oz=0.0 link=— · manos_feria_informe.json
[RANGO] BANKUSDT_LINEAL last=0.03572 · río=WS · mercado=linear · estado=ACECHANDO · dir=— · 0=0.03547 · Oz=— · Red=— · manos=ON · pos=flat · latido=1.50s
[RANGO] autosello BANK · ACECHANDO · Oz=0.0 link=— · manos_feria_informe.json
[RANGO] BANKUSDT_LINEAL last=0.03572 · río=WS · mercado=linear · estado=ACECHANDO · dir=— · 0=0.03547 · Oz=— · Red=— · manos=ON · pos=flat · latido=1.50s
[RANGO] BANKUSDT_LINEAL last=0.03573 · río=WS · mercado=linear · estado=ACECHANDO · dir=— · 0=0.03547 · Oz=— · Red=— · manos=ON · pos=flat · latido=1.50s
[RANGO] autosello BANK · ACECHANDO · Oz=0.0 link=— · manos_feria_informe.json
[2026-08-31 10:59:36] [TUSK] RECONCILIACIÓN: POWERUSDT_LINEAL: interno L:0.000000/S:0.000000 -> real L:0.000000/S:130.000000
[2026-08-31 10:59:36] [TUSK] RECONCILIACIÓN_FANTASMA: ROSEUSDT_LINEAL existe interno pero no en exchange -> reseteando
[2026-08-31 10:59:36] [TUSK] RECONCILIACIÓN_OK: 2 frentes alineados con exchange
[RANGO] BANKUSDT_LINEAL last=0.03572 · río=WS · mercado=linear · estado=ACECHANDO · dir=— · 0=0.03547 · Oz=— · Red=— · manos=ON · pos=flat · latido=1.50s
[RANGO] autosello BANK · ACECHANDO · Oz=0.0 link=— · manos_feria_informe.json
[RANGO] BANKUSDT_LINEAL last=0.03572 · río=WS · mercado=linear · estado=ACECHANDO · dir=— · 0=0.03547 · Oz=— · Red=— · manos=ON · pos=flat · latido=1.50s
[RANGO] BANKUSDT_LINEAL last=0.03574 · río=WS · mercado=linear · estado=ACECHANDO · dir=— · 0=0.03547 · Oz=— · Red=— · manos=ON · pos=flat · latido=1.50s
[RANGO] autosello BANK · ACECHANDO · Oz=0.0 link=— · manos_feria_informe.json
[RANGO] BANKUSDT_LINEAL last=0.03573 · río=WS · mercado=linear · estado=ACECHANDO · dir=— · 0=0.03547 · Oz=— · Red=— · manos=ON · pos=flat · latido=1.50s
[RANGO] autosello BANK · ACECHANDO · Oz=0.0 link=— · manos_feria_informe.json
[RANGO] BANKUSDT_LINEAL last=0.03573 · río=WS · mercado=linear · estado=ACECHANDO · dir=— · 0=0.03547 · Oz=— · Red=— · manos=ON · pos=flat · latido=1.50s
[RANGO] BANKUSDT_LINEAL last=0.03566 · río=WS · mercado=linear · estado=ACECHANDO · dir=— · 0=0.03547 · Oz=— · Red=— · manos=ON · pos=flat · latido=1.50s
[RANGO] autosello BANK · ACECHANDO · Oz=0.0 link=— · manos_feria_informe.json
[2026-08-31 11:00:37] [TUSK] RECONCILIACIÓN: COTIUSDT_LINEAL: interno L:0.000000/S:0.000000 -> real L:1213.000000/S:0.000000
[2026-08-31 11:00:37] [TUSK] RECONCILIACIÓN: SAMSUNGUSDT_LINEAL: interno L:0.000000/S:0.000000 -> real L:0.000000/S:0.110000
[2026-08-31 11:00:37] [TUSK] RECONCILIACIÓN_FANTASMA: CHIPUSDT_LINEAL existe interno pero no en exchange -> reseteando
[2026-08-31 11:00:37] [TUSK] RECONCILIACIÓN_FANTASMA: TWTUSDT_LINEAL existe interno pero no en exchange -> reseteando
[2026-08-31 11:00:37] [TUSK] RECONCILIACIÓN_OK: 4 frentes alineados con exchange
[RANGO] BANKUSDT_LINEAL last=0.03571 · río=WS · mercado=linear · estado=ACECHANDO · dir=— · 0=0.03547 · Oz=— · Red=— · manos=ON · pos=flat · latido=1.50s
[RANGO] autosello BANK · ACECHANDO · Oz=0.0 link=— · manos_feria_informe.json
[RANGO] BANKUSDT_LINEAL last=0.03574 · río=ciego/muleta · mercado=linear · estado=ACECHANDO · dir=— · 0=0.03547 · Oz=— · Red=— · manos=ON · pos=flat · latido=1.50s
[RANGO] BANKUSDT_LINEAL last=0.03574 · río=WS · mercado=linear · estado=ACECHANDO · dir=— · 0=0.03547 · Oz=— · Red=— · manos=ON · pos=flat · latido=1.50s
[RANGO] autosello BANK · ACECHANDO · Oz=0.0 link=— · manos_feria_informe.json
[RANGO] BANKUSDT_LINEAL last=0.03577 · río=ciego/muleta · mercado=linear · estado=ACECHANDO · dir=— · 0=0.03547 · Oz=— · Red=— · manos=ON · pos=flat · latido=1.50s
[RANGO] autosello BANK · ACECHANDO · Oz=0.0 link=— · manos_feria_informe.json
[RANGO] BANKUSDT_LINEAL last=0.03576 · río=WS · mercado=linear · estado=ACECHANDO · dir=— · 0=0.03547 · Oz=— · Red=— · manos=ON · pos=flat · latido=1.50s
[RANGO] BANKUSDT_LINEAL last=0.03575 · río=WS · mercado=linear · estado=ACECHANDO · dir=— · 0=0.03547 · Oz=— · Red=— · manos=ON · pos=flat · latido=1.50s
[RANGO] autosello BANK · ACECHANDO · Oz=0.0 link=— · manos_feria_informe.json
[2026-08-31 11:01:38] [TUSK] RECONCILIACIÓN: PRLUSDT_LINEAL: interno L:0.000000/S:0.000000 -> real L:1308.000000/S:0.000000
[2026-08-31 11:01:38] [TUSK] RECONCILIACIÓN: TWTUSDT_LINEAL: interno L:0.000000/S:0.000000 -> real L:7.400000/S:0.000000
[2026-08-31 11:01:38] [TUSK] RECONCILIACIÓN_FANTASMA: CRCLUSDT_LINEAL existe interno pero no en exchange -> reseteando
[2026-08-31 11:01:38] [TUSK] RECONCILIACIÓN_FANTASMA: BMNRUSDT_LINEAL existe interno pero no en exchange -> reseteando
[2026-08-31 11:01:38] [TUSK] RECONCILIACIÓN_OK: 4 frentes alineados con exchange
[RANGO] BANKUSDT_LINEAL last=0.03575 · río=WS · mercado=linear · estado=ACECHANDO · dir=— · 0=0.03547 · Oz=— · Red=— · manos=ON · pos=flat · latido=1.50s
[RANGO] autosello BANK · ACECHANDO · Oz=0.0 link=— · manos_feria_informe.json
[RANGO] BANKUSDT_LINEAL last=0.03579 · río=WS · mercado=linear · estado=ACECHANDO · dir=— · 0=0.03547 · Oz=— · Red=— · manos=ON · pos=flat · latido=1.50s
[RANGO] BANKUSDT_LINEAL last=0.03574 · río=WS · mercado=linear · estado=ACECHANDO · dir=— · 0=0.03547 · Oz=— · Red=— · manos=ON · pos=flat · latido=1.50s
[RANGO] autosello BANK · ACECHANDO · Oz=0.0 link=— · manos_feria_informe.json
[RANGO] BANKUSDT_LINEAL last=0.03579 · río=WS · mercado=linear · estado=ACECHANDO · dir=— · 0=0.03547 · Oz=— · Red=— · manos=ON · pos=flat · latido=1.50s
[RANGO] autosello BANK · ACECHANDO · Oz=0.0 link=— · manos_feria_informe.json
[RANGO] BANKUSDT_LINEAL last=0.03579 · río=WS · mercado=linear · estado=ACECHANDO · dir=— · 0=0.03547 · Oz=— · Red=— · manos=ON · pos=flat · latido=1.50s
[RANGO] BANKUSDT_LINEAL last=0.03576 · río=WS · mercado=linear · estado=ACECHANDO · dir=— · 0=0.03547 · Oz=— · Red=— · manos=ON · pos=flat · latido=1.50s
[RANGO] autosello BANK · ACECHANDO · Oz=0.0 link=— · manos_feria_informe.json
[RANGO] BANKUSDT_LINEAL last=0.03578 · río=WS · mercado=linear · estado=ACECHANDO · dir=— · 0=0.03547 · Oz=— · Red=— · manos=ON · pos=flat · latido=1.50s
[RANGO] autosello BANK · ACECHANDO · Oz=0.0 link=— · manos_feria_informe.json
[RANGO] BANKUSDT_LINEAL last=0.03581 · río=ciego/muleta · mercado=linear · estado=ACECHANDO · dir=— · 0=0.03547 · Oz=— · Red=— · manos=ON · pos=flat · latido=1.50s
[RANGO] autosello BANK · ACECHANDO · Oz=0.0 link=— · manos_feria_informe.json
[RANGO] BANKUSDT_LINEAL last=0.03576 · río=WS · mercado=linear · estado=ACECHANDO · dir=— · 0=0.03547 · Oz=— · Red=— · manos=ON · pos=flat · latido=1.50s
[RANGO] BANKUSDT_LINEAL last=0.03575 · río=WS · mercado=linear · estado=ACECHANDO · dir=— · 0=0.03547 · Oz=— · Red=— · manos=ON · pos=flat · latido=1.50s
[RANGO] autosello BANK · ACECHANDO · Oz=0.0 link=— · manos_feria_informe.json
[RANGO] BANKUSDT_LINEAL last=0.03576 · río=WS · mercado=linear · estado=ACECHANDO · dir=— · 0=0.03547 · Oz=— · Red=— · manos=ON · pos=flat · latido=1.50s
[RANGO] autosello BANK · ACECHANDO · Oz=0.0 link=— · manos_feria_informe.json
[RANGO] BANKUSDT_LINEAL last=0.03575 · río=WS · mercado=linear · estado=ACECHANDO · dir=— · 0=0.03547 · Oz=— · Red=— · manos=ON · pos=flat · latido=1.50s
[2026-08-31 11:03:42] [TUSK] RECONCILIACIÓN: KSMUSDT_LINEAL: interno L:0.000000/S:0.000000 -> real L:13.470000/S:0.000000
[2026-08-31 11:03:42] [TUSK] RECONCILIACIÓN: DASHUSDT_LINEAL: interno L:0.000000/S:0.810000 -> real L:0.000000/S:1.050000
[2026-08-31 11:03:42] [TUSK] RECONCILIACIÓN_FANTASMA: HYPEUSDT_LINEAL existe interno pero no en exchange -> reseteando
[2026-08-31 11:03:42] [TUSK] RECONCILIACIÓN_OK: 3 frentes alineados con exchange
[RANGO] BANKUSDT_LINEAL last=0.03576 · río=WS · mercado=linear · estado=ACECHANDO · dir=— · 0=0.03547 · Oz=— · Red=— · manos=ON · pos=flat · latido=1.50s
[RANGO] autosello BANK · ACECHANDO · Oz=0.0 link=— · manos_feria_informe.json
[RANGO] BANKUSDT_LINEAL last=0.03576 · río=WS · mercado=linear · estado=ACECHANDO · dir=— · 0=0.03547 · Oz=— · Red=— · manos=ON · pos=flat · latido=1.50s
[RANGO] autosello BANK · ACECHANDO · Oz=0.0 link=— · manos_feria_informe.json
[RANGO] BANKUSDT_LINEAL last=0.03575 · río=WS · mercado=linear · estado=ACECHANDO · dir=— · 0=0.03547 · Oz=— · Red=— · manos=ON · pos=flat · latido=1.50s
[RANGO] BANKUSDT_LINEAL last=0.03575 · río=WS · mercado=linear · estado=ACECHANDO · dir=— · 0=0.03547 · Oz=— · Red=— · manos=ON · pos=flat · latido=1.50s
[RANGO] autosello BANK · ACECHANDO · Oz=0.0 link=— · manos_feria_informe.json
[RANGO] BANKUSDT_LINEAL last=0.03577 · río=ciego/muleta · mercado=linear · estado=ACECHANDO · dir=— · 0=0.03547 · Oz=— · Red=— · manos=ON · pos=flat · latido=1.50s
[RANGO] autosello BANK · ACECHANDO · Oz=0.0 link=— · manos_feria_informe.json
[RANGO] BANKUSDT_LINEAL last=0.03574 · río=WS · mercado=linear · estado=ACECHANDO · dir=— · 0=0.03547 · Oz=— · Red=— · manos=ON · pos=flat · latido=1.50s
[RANGO] BANKUSDT_LINEAL last=0.03574 · río=WS · mercado=linear · estado=ACECHANDO · dir=— · 0=0.03547 · Oz=— · Red=— · manos=ON · pos=flat · latido=1.50s
[RANGO] autosello BANK · ACECHANDO · Oz=0.0 link=— · manos_feria_informe.json
[RANGO] BANKUSDT_LINEAL last=0.03571 · río=WS · mercado=linear · estado=ACECHANDO · dir=— · 0=0.03547 · Oz=— · Red=— · manos=ON · pos=flat · latido=1.50s
[RANGO] autosello BANK · ACECHANDO · Oz=0.0 link=— · manos_feria_informe.json
[RANGO] BANKUSDT_LINEAL last=0.03572 · río=WS · mercado=linear · estado=ACECHANDO · dir=— · 0=0.03547 · Oz=— · Red=— · manos=ON · pos=flat · latido=1.50s
[RANGO] BANKUSDT_LINEAL last=0.03573 · río=WS · mercado=linear · estado=ACECHANDO · dir=— · 0=0.03547 · Oz=— · Red=— · manos=ON · pos=flat · latido=1.50s
[RANGO] autosello BANK · ACECHANDO · Oz=0.0 link=— · manos_feria_informe.json
[RANGO] BANKUSDT_LINEAL last=0.03572 · río=WS · mercado=linear · estado=ACECHANDO · dir=— · 0=0.03547 · Oz=— · Red=— · manos=ON · pos=flat · latido=1.50s
[RANGO] autosello BANK · ACECHANDO · Oz=0.0 link=— · manos_feria_informe.json
[RANGO] BANKUSDT_LINEAL last=0.03571 · río=WS · mercado=linear · estado=ACECHANDO · dir=— · 0=0.03547 · Oz=— · Red=— · manos=ON · pos=flat · latido=1.50s
[RANGO] BANKUSDT_LINEAL last=0.03571 · río=WS · mercado=linear · estado=ACECHANDO · dir=— · 0=0.03547 · Oz=— · Red=— · manos=ON · pos=flat · latido=1.50s
[RANGO] autosello BANK · ACECHANDO · Oz=0.0 link=— · manos_feria_informe.json
[RANGO] BANKUSDT_LINEAL last=0.0357 · río=WS · mercado=linear · estado=ACECHANDO · dir=— · 0=0.03547 · Oz=— · Red=— · manos=ON · pos=flat · latido=1.50s
[RANGO] autosello BANK · ACECHANDO · Oz=0.0 link=— · manos_feria_informe.json
[RANGO] BANKUSDT_LINEAL last=0.0357 · río=WS · mercado=linear · estado=ACECHANDO · dir=— · 0=0.03547 · Oz=— · Red=— · manos=ON · pos=flat · latido=1.50s
[RANGO] BANKUSDT_LINEAL last=0.03571 · río=ciego/muleta · mercado=linear · estado=ACECHANDO · dir=— · 0=0.03547 · Oz=— · Red=— · manos=ON · pos=flat · latido=1.50s
[RANGO] autosello BANK · ACECHANDO · Oz=0.0 link=— · manos_feria_informe.json
[RANGO] BANKUSDT_LINEAL last=0.0357 · río=WS · mercado=linear · estado=ACECHANDO · dir=— · 0=0.03547 · Oz=— · Red=— · manos=ON · pos=flat · latido=1.50s
[RANGO] autosello BANK · ACECHANDO · Oz=0.0 link=— · manos_feria_informe.json
[RANGO] BANKUSDT_LINEAL last=0.0357 · río=WS · mercado=linear · estado=ACECHANDO · dir=— · 0=0.03547 · Oz=— · Red=— · manos=ON · pos=flat · latido=1.50s
[2026-08-31 11:06:45] [TUSK] RECONCILIACIÓN: ARCUSDT_LINEAL: interno L:0.000000/S:0.000000 -> real L:45.000000/S:0.000000
[2026-08-31 11:06:45] [TUSK] RECONCILIACIÓN_FANTASMA: BLUAIUSDT_LINEAL existe interno pero no en exchange -> reseteando
[2026-08-31 11:06:45] [TUSK] RECONCILIACIÓN_OK: 2 frentes alineados con exchange
[RANGO] BANKUSDT_LINEAL last=0.03571 · río=WS · mercado=linear · estado=ACECHANDO · dir=— · 0=0.03547 · Oz=— · Red=— · manos=ON · pos=flat · latido=1.50s
[RANGO] autosello BANK · ACECHANDO · Oz=0.0 link=— · manos_feria_informe.json
[RANGO] BANKUSDT_LINEAL last=0.03571 · río=WS · mercado=linear · estado=ACECHANDO · dir=— · 0=0.03547 · Oz=— · Red=— · manos=ON · pos=flat · latido=1.50s
[RANGO] autosello BANK · ACECHANDO · Oz=0.0 link=— · manos_feria_informe.json
[RANGO] BANKUSDT_LINEAL last=0.03569 · río=WS · mercado=linear · estado=ACECHANDO · dir=— · 0=0.03547 · Oz=— · Red=— · manos=ON · pos=flat · latido=1.50s
[RANGO] BANKUSDT_LINEAL last=0.0357 · río=WS · mercado=linear · estado=ACECHANDO · dir=— · 0=0.03547 · Oz=— · Red=— · manos=ON · pos=flat · latido=1.50s
[RANGO] autosello BANK · ACECHANDO · Oz=0.0 link=— · manos_feria_informe.json
[RANGO] BANKUSDT_LINEAL last=0.03569 · río=WS · mercado=linear · estado=ACECHANDO · dir=— · 0=0.03547 · Oz=— · Red=— · manos=ON · pos=flat · latido=1.50s
[RANGO] autosello BANK · ACECHANDO · Oz=0.0 link=— · manos_feria_informe.json
[RANGO] BANKUSDT_LINEAL last=0.0357 · río=WS · mercado=linear · estado=ACECHANDO · dir=— · 0=0.03547 · Oz=— · Red=— · manos=ON · pos=flat · latido=1.50s
[RANGO] BANKUSDT_LINEAL last=0.03564 · río=WS · mercado=linear · estado=ACECHANDO · dir=— · 0=0.03547 · Oz=— · Red=— · manos=ON · pos=flat · latido=1.50s
[RANGO] autosello BANK · ACECHANDO · Oz=0.0 link=— · manos_feria_informe.json
[RANGO] BANKUSDT_LINEAL last=0.03568 · río=WS · mercado=linear · estado=ACECHANDO · dir=— · 0=0.03547 · Oz=— · Red=— · manos=ON · pos=flat · latido=1.50s
[RANGO] autosello BANK · ACECHANDO · Oz=0.0 link=— · manos_feria_informe.json
[RANGO] BANKUSDT_LINEAL last=0.03568 · río=WS · mercado=linear · estado=ACECHANDO · dir=— · 0=0.03547 · Oz=— · Red=— · manos=ON · pos=flat · latido=1.50s
[RANGO] BANKUSDT_LINEAL last=0.03568 · río=WS · mercado=linear · estado=ACECHANDO · dir=— · 0=0.03547 · Oz=— · Red=— · manos=ON · pos=flat · latido=1.50s
[RANGO] autosello BANK · ACECHANDO · Oz=0.0 link=— · manos_feria_informe.json
[RANGO] BANKUSDT_LINEAL last=0.03568 · río=WS · mercado=linear · estado=ACECHANDO · dir=— · 0=0.03547 · Oz=— · Red=— · manos=ON · pos=flat · latido=1.50s
[RANGO] autosello BANK · ACECHANDO · Oz=0.0 link=— · manos_feria_informe.json
[RANGO] BANKUSDT_LINEAL last=0.0357 · río=WS · mercado=linear · estado=ACECHANDO · dir=— · 0=0.03547 · Oz=— · Red=— · manos=ON · pos=flat · latido=1.50s
[RANGO] BANKUSDT_LINEAL last=0.03569 · río=WS · mercado=linear · estado=ACECHANDO · dir=— · 0=0.03547 · Oz=— · Red=— · manos=ON · pos=flat · latido=1.50s
[RANGO] autosello BANK · ACECHANDO · Oz=0.0 link=— · manos_feria_informe.json
[RANGO] BANKUSDT_LINEAL last=0.03569 · río=WS · mercado=linear · estado=ACECHANDO · dir=— · 0=0.03547 · Oz=— · Red=— · manos=ON · pos=flat · latido=1.50s
[RANGO] autosello BANK · ACECHANDO · Oz=0.0 link=— · manos_feria_informe.json
[RANGO] BANKUSDT_LINEAL last=0.03569 · río=WS · mercado=linear · estado=ACECHANDO · dir=— · 0=0.03547 · Oz=— · Red=— · manos=ON · pos=flat · latido=1.50s
[RANGO] BANKUSDT_LINEAL last=0.03569 · río=WS · mercado=linear · estado=ACECHANDO · dir=— · 0=0.03547 · Oz=— · Red=— · manos=ON · pos=flat · latido=1.50s
[RANGO] autosello BANK · ACECHANDO · Oz=0.0 link=— · manos_feria_informe.json
[RANGO] BANKUSDT_LINEAL last=0.03569 · río=WS · mercado=linear · estado=ACECHANDO · dir=— · 0=0.03547 · Oz=— · Red=— · manos=ON · pos=flat · latido=1.50s
[RANGO] autosello BANK · ACECHANDO · Oz=0.0 link=— · manos_feria_informe.json
[RANGO] BANKUSDT_LINEAL last=0.03569 · río=ciego/muleta · mercado=linear · estado=ACECHANDO · dir=— · 0=0.03547 · Oz=— · Red=— · manos=ON · pos=flat · latido=1.50s
[RANGO] BANKUSDT_LINEAL last=0.03569 · río=WS · mercado=linear · estado=ACECHANDO · dir=— · 0=0.03547 · Oz=— · Red=— · manos=ON · pos=flat · latido=1.50s
[RANGO] autosello BANK · ACECHANDO · Oz=0.0 link=— · manos_feria_informe.json
[RANGO] BANKUSDT_LINEAL last=0.03569 · río=WS · mercado=linear · estado=ACECHANDO · dir=— · 0=0.03547 · Oz=— · Red=— · manos=ON · pos=flat · latido=1.50s
[RANGO] autosello BANK · ACECHANDO · Oz=0.0 link=— · manos_feria_informe.json
[RANGO] BANKUSDT_LINEAL last=0.0357 · río=ciego/muleta · mercado=linear · estado=ACECHANDO · dir=— · 0=0.03547 · Oz=— · Red=— · manos=ON · pos=flat · latido=1.50s
[RANGO] BANKUSDT_LINEAL last=0.03569 · río=WS · mercado=linear · estado=ACECHANDO · dir=— · 0=0.03547 · Oz=— · Red=— · manos=ON · pos=flat · latido=1.50s
[RANGO] autosello BANK · ACECHANDO · Oz=0.0 link=— · manos_feria_informe.json
[RANGO] BANKUSDT_LINEAL last=0.03569 · río=WS · mercado=linear · estado=ACECHANDO · dir=— · 0=0.03547 · Oz=— · Red=— · manos=ON · pos=flat · latido=1.50s
[RANGO] autosello BANK · ACECHANDO · Oz=0.0 link=— · manos_feria_informe.json
[RANGO] BANKUSDT_LINEAL last=0.03569 · río=WS · mercado=linear · estado=ACECHANDO · dir=— · 0=0.03547 · Oz=— · Red=— · manos=ON · pos=flat · latido=1.50s
[2026-08-31 11:10:49] [TUSK] RECONCILIACIÓN: PLTRUSDT_LINEAL: interno L:0.000000/S:0.000000 -> real L:0.030000/S:0.000000
[2026-08-31 11:10:49] [TUSK] RECONCILIACIÓN_FANTASMA: XANUSDT_LINEAL existe interno pero no en exchange -> reseteando
[2026-08-31 11:10:49] [TUSK] RECONCILIACIÓN_OK: 2 frentes alineados con exchange
[RANGO] BANKUSDT_LINEAL last=0.0357 · río=WS · mercado=linear · estado=ACECHANDO · dir=— · 0=0.03547 · Oz=— · Red=— · manos=ON · pos=flat · latido=1.50s
[RANGO] autosello BANK · ACECHANDO · Oz=0.0 link=— · manos_feria_informe.json
[RANGO] BANKUSDT_LINEAL last=0.0357 · río=WS · mercado=linear · estado=ACECHANDO · dir=— · 0=0.03547 · Oz=— · Red=— · manos=ON · pos=flat · latido=1.50s
[RANGO] autosello BANK · ACECHANDO · Oz=0.0 link=— · manos_feria_informe.json
[RANGO] BANKUSDT_LINEAL last=0.0357 · río=WS · mercado=linear · estado=ACECHANDO · dir=— · 0=0.03547 · Oz=— · Red=— · manos=ON · pos=flat · latido=1.50s
[RANGO] BANKUSDT_LINEAL last=0.0357 · río=ciego/muleta · mercado=linear · estado=ACECHANDO · dir=— · 0=0.03547 · Oz=— · Red=— · manos=ON · pos=flat · latido=1.50s
[RANGO] autosello BANK · ACECHANDO · Oz=0.0 link=— · manos_feria_informe.json
[RANGO] BANKUSDT_LINEAL last=0.0357 · río=ciego/muleta · mercado=linear · estado=ACECHANDO · dir=— · 0=0.03547 · Oz=— · Red=— · manos=ON · pos=flat · latido=1.50s
[RANGO] autosello BANK · ACECHANDO · Oz=0.0 link=— · manos_feria_informe.json
[RANGO] BANKUSDT_LINEAL last=0.0357 · río=WS · mercado=linear · estado=ACECHANDO · dir=— · 0=0.03547 · Oz=— · Red=— · manos=ON · pos=flat · latido=1.50s
[RANGO] BANKUSDT_LINEAL last=0.03569 · río=WS · mercado=linear · estado=ACECHANDO · dir=— · 0=0.03547 · Oz=— · Red=— · manos=ON · pos=flat · latido=1.50s
[RANGO] autosello BANK · ACECHANDO · Oz=0.0 link=— · manos_feria_informe.json
[RANGO] BANKUSDT_LINEAL last=0.03571 · río=WS · mercado=linear · estado=ACECHANDO · dir=— · 0=0.03547 · Oz=— · Red=— · manos=ON · pos=flat · latido=1.50s
[RANGO] autosello BANK · ACECHANDO · Oz=0.0 link=— · manos_feria_informe.json
[RANGO] BANKUSDT_LINEAL last=0.03572 · río=WS · mercado=linear · estado=ACECHANDO · dir=— · 0=0.03547 · Oz=— · Red=— · manos=ON · pos=flat · latido=1.50s
[RANGO] BANKUSDT_LINEAL last=0.03571 · río=WS · mercado=linear · estado=ACECHANDO · dir=— · 0=0.03547 · Oz=— · Red=— · manos=ON · pos=flat · latido=1.50s
[RANGO] autosello BANK · ACECHANDO · Oz=0.0 link=— · manos_feria_informe.json
[RANGO] BANKUSDT_LINEAL last=0.03571 · río=WS · mercado=linear · estado=ACECHANDO · dir=— · 0=0.03547 · Oz=— · Red=— · manos=ON · pos=flat · latido=1.50s
[RANGO] autosello BANK · ACECHANDO · Oz=0.0 link=— · manos_feria_informe.json
[RANGO] BANKUSDT_LINEAL last=0.03571 · río=WS · mercado=linear · estado=ACECHANDO · dir=— · 0=0.03547 · Oz=— · Red=— · manos=ON · pos=flat · latido=1.50s
[RANGO] BANKUSDT_LINEAL last=0.03569 · río=WS · mercado=linear · estado=ACECHANDO · dir=— · 0=0.03547 · Oz=— · Red=— · manos=ON · pos=flat · latido=1.50s
[RANGO] autosello BANK · ACECHANDO · Oz=0.0 link=— · manos_feria_informe.json
[RANGO] BANKUSDT_LINEAL last=0.03569 · río=WS · mercado=linear · estado=ACECHANDO · dir=— · 0=0.03547 · Oz=— · Red=— · manos=ON · pos=flat · latido=1.50s
[RANGO] autosello BANK · ACECHANDO · Oz=0.0 link=— · manos_feria_informe.json
[RANGO] BANKUSDT_LINEAL last=0.03568 · río=WS · mercado=linear · estado=ACECHANDO · dir=— · 0=0.03547 · Oz=— · Red=— · manos=ON · pos=flat · latido=1.50s
[RANGO] BANKUSDT_LINEAL last=0.03568 · río=WS · mercado=linear · estado=ACECHANDO · dir=— · 0=0.03547 · Oz=— · Red=— · manos=ON · pos=flat · latido=1.50s
[RANGO] autosello BANK · ACECHANDO · Oz=0.0 link=— · manos_feria_informe.json
[RANGO] BANKUSDT_LINEAL last=0.03569 · río=WS · mercado=linear · estado=ACECHANDO · dir=— · 0=0.03547 · Oz=— · Red=— · manos=ON · pos=flat · latido=1.50s
[RANGO] autosello BANK · ACECHANDO · Oz=0.0 link=— · manos_feria_informe.json
[RANGO] BANKUSDT_LINEAL last=0.03568 · río=WS · mercado=linear · estado=ACECHANDO · dir=— · 0=0.03547 · Oz=— · Red=— · manos=ON · pos=flat · latido=1.50s
[RANGO] BANKUSDT_LINEAL last=0.03568 · río=WS · mercado=linear · estado=ACECHANDO · dir=— · 0=0.03547 · Oz=— · Red=— · manos=ON · pos=flat · latido=1.50s
[2026-08-31 11:13:53] [TUSK] RECONCILIACIÓN_FANTASMA: AAVEUSD_INVERSE existe interno pero no en exchange -> reseteando
[2026-08-31 11:13:53] [TUSK] RECONCILIACIÓN_OK: 1 frentes alineados con exchange
[RANGO] autosello BANK · ACECHANDO · Oz=0.0 link=— · manos_feria_informe.json
[RANGO] BANKUSDT_LINEAL last=0.0357 · río=WS · mercado=linear · estado=ACECHANDO · dir=— · 0=0.03547 · Oz=— · Red=— · manos=ON · pos=flat · latido=1.50s
[RANGO] autosello BANK · ACECHANDO · Oz=0.0 link=— · manos_feria_informe.json
[RANGO] BANKUSDT_LINEAL last=0.0357 · río=WS · mercado=linear · estado=ACECHANDO · dir=— · 0=0.03547 · Oz=— · Red=— · manos=ON · pos=flat · latido=1.50s
[RANGO] BANKUSDT_LINEAL last=0.0357 · río=WS · mercado=linear · estado=ACECHANDO · dir=— · 0=0.03547 · Oz=— · Red=— · manos=ON · pos=flat · latido=1.50s
[RANGO] autosello BANK · ACECHANDO · Oz=0.0 link=— · manos_feria_informe.json
[RANGO] BANKUSDT_LINEAL last=0.03571 · río=WS · mercado=linear · estado=ACECHANDO · dir=— · 0=0.03547 · Oz=— · Red=— · manos=ON · pos=flat · latido=1.50s
[RANGO] autosello BANK · ACECHANDO · Oz=0.0 link=— · manos_feria_informe.json
[RANGO] BANKUSDT_LINEAL last=0.03571 · río=WS · mercado=linear · estado=ACECHANDO · dir=— · 0=0.03547 · Oz=— · Red=— · manos=ON · pos=flat · latido=1.50s
[RANGO] BANKUSDT_LINEAL last=0.03571 · río=ciego/muleta · mercado=linear · estado=ACECHANDO · dir=— · 0=0.03547 · Oz=— · Red=— · manos=ON · pos=flat · latido=1.50s
[RANGO] autosello BANK · ACECHANDO · Oz=0.0 link=— · manos_feria_informe.json
[2026-08-31 11:14:54] [TUSK] RECONCILIACIÓN: POWERUSDT_LINEAL: interno L:0.000000/S:130.000000 -> real L:0.000000/S:189.000000
[2026-08-31 11:14:54] [TUSK] RECONCILIACIÓN_OK: 1 frentes alineados con exchange
[RANGO] BANKUSDT_LINEAL last=0.0357 · río=WS · mercado=linear · estado=ACECHANDO · dir=— · 0=0.03547 · Oz=— · Red=— · manos=ON · pos=flat · latido=1.50s
[RANGO] autosello BANK · ACECHANDO · Oz=0.0 link=— · manos_feria_informe.json
[RANGO] BANKUSDT_LINEAL last=0.0357 · río=WS · mercado=linear · estado=ACECHANDO · dir=— · 0=0.03547 · Oz=— · Red=— · manos=ON · pos=flat · latido=1.50s
[RANGO] BANKUSDT_LINEAL last=0.0357 · río=WS · mercado=linear · estado=ACECHANDO · dir=— · 0=0.03547 · Oz=— · Red=— · manos=ON · pos=flat · latido=1.50s
[RANGO] autosello BANK · ACECHANDO · Oz=0.0 link=— · manos_feria_informe.json
[RANGO] BANKUSDT_LINEAL last=0.03571 · río=WS · mercado=linear · estado=ACECHANDO · dir=— · 0=0.03547 · Oz=— · Red=— · manos=ON · pos=flat · latido=1.50s
[RANGO] autosello BANK · ACECHANDO · Oz=0.0 link=— · manos_feria_informe.json
[RANGO] BANKUSDT_LINEAL last=0.0357 · río=WS · mercado=linear · estado=ACECHANDO · dir=— · 0=0.03547 · Oz=— · Red=— · manos=ON · pos=flat · latido=1.50s
[RANGO] BANKUSDT_LINEAL last=0.0357 · río=WS · mercado=linear · estado=ACECHANDO · dir=— · 0=0.03547 · Oz=— · Red=— · manos=ON · pos=flat · latido=1.50s
[RANGO] autosello BANK · ACECHANDO · Oz=0.0 link=— · manos_feria_informe.json
[2026-08-31 11:15:55] [TUSK] RECONCILIACIÓN: CRCLUSDT_LINEAL: interno L:0.000000/S:0.000000 -> real L:0.150000/S:0.000000
[2026-08-31 11:15:55] [TUSK] RECONCILIACIÓN_FANTASMA: MORPHOUSDT_LINEAL existe interno pero no en exchange -> reseteando
[2026-08-31 11:15:55] [TUSK] RECONCILIACIÓN_OK: 2 frentes alineados con exchange
[RANGO] BANKUSDT_LINEAL last=0.0357 · río=WS · mercado=linear · estado=ACECHANDO · dir=— · 0=0.03547 · Oz=— · Red=— · manos=ON · pos=flat · latido=1.50s
[RANGO] autosello BANK · ACECHANDO · Oz=0.0 link=— · manos_feria_informe.json
[RANGO] BANKUSDT_LINEAL last=0.03567 · río=WS · mercado=linear · estado=ACECHANDO · dir=— · 0=0.03547 · Oz=— · Red=— · manos=ON · pos=flat · latido=1.50s
[RANGO] BANKUSDT_LINEAL last=0.03568 · río=WS · mercado=linear · estado=ACECHANDO · dir=— · 0=0.03547 · Oz=— · Red=— · manos=ON · pos=flat · latido=1.50s
[RANGO] autosello BANK · ACECHANDO · Oz=0.0 link=— · manos_feria_informe.json
[RANGO] BANKUSDT_LINEAL last=0.03567 · río=WS · mercado=linear · estado=ACECHANDO · dir=— · 0=0.03547 · Oz=— · Red=— · manos=ON · pos=flat · latido=1.50s
[RANGO] autosello BANK · ACECHANDO · Oz=0.0 link=— · manos_feria_informe.json
[RANGO] BANKUSDT_LINEAL last=0.03568 · río=WS · mercado=linear · estado=ACECHANDO · dir=— · 0=0.03547 · Oz=— · Red=— · manos=ON · pos=flat · latido=1.50s
[RANGO] BANKUSDT_LINEAL last=0.03568 · río=WS · mercado=linear · estado=ACECHANDO · dir=— · 0=0.03547 · Oz=— · Red=— · manos=ON · pos=flat · latido=1.50s
[RANGO] autosello BANK · ACECHANDO · Oz=0.0 link=— · manos_feria_informe.json
[2026-08-31 11:16:56] [TUSK] RECONCILIACIÓN: MORPHOUSDT_LINEAL: interno L:0.000000/S:0.000000 -> real L:21.000000/S:0.000000
[2026-08-31 11:16:56] [TUSK] RECONCILIACIÓN_FANTASMA: PURRUSDT_LINEAL existe interno pero no en exchange -> reseteando
[2026-08-31 11:16:57] [TUSK] RECONCILIACIÓN_OK: 2 frentes alineados con exchange
[RANGO] BANKUSDT_LINEAL last=0.03567 · río=WS · mercado=linear · estado=ACECHANDO · dir=— · 0=0.03547 · Oz=— · Red=— · manos=ON · pos=flat · latido=1.50s
[RANGO] autosello BANK · ACECHANDO · Oz=0.0 link=— · manos_feria_informe.json
[RANGO] BANKUSDT_LINEAL last=0.03568 · río=WS · mercado=linear · estado=ACECHANDO · dir=— · 0=0.03547 · Oz=— · Red=— · manos=ON · pos=flat · latido=1.50s
[RANGO] BANKUSDT_LINEAL last=0.03566 · río=WS · mercado=linear · estado=ACECHANDO · dir=— · 0=0.03547 · Oz=— · Red=— · manos=ON · pos=flat · latido=1.50s
[RANGO] autosello BANK · ACECHANDO · Oz=0.0 link=— · manos_feria_informe.json
[RANGO] BANKUSDT_LINEAL last=0.03566 · río=WS · mercado=linear · estado=ACECHANDO · dir=— · 0=0.03547 · Oz=— · Red=— · manos=ON · pos=flat · latido=1.50s
[RANGO] autosello BANK · ACECHANDO · Oz=0.0 link=— · manos_feria_informe.json
[RANGO] BANKUSDT_LINEAL last=0.03566 · río=ciego/muleta · mercado=linear · estado=ACECHANDO · dir=— · 0=0.03547 · Oz=— · Red=— · manos=ON · pos=flat · latido=1.50s
[RANGO] autosello BANK · ACECHANDO · Oz=0.0 link=— · manos_feria_informe.json
[RANGO] BANKUSDT_LINEAL last=0.03565 · río=WS · mercado=linear · estado=ACECHANDO · dir=— · 0=0.03547 · Oz=— · Red=— · manos=ON · pos=flat · latido=1.50s
[2026-08-31 11:17:58] [TUSK] RECONCILIACIÓN: MSTRUSDT_LINEAL: interno L:0.000000/S:0.000000 -> real L:0.160000/S:0.000000
[2026-08-31 11:17:58] [TUSK] RECONCILIACIÓN_FANTASMA: ASTSUSDT_LINEAL existe interno pero no en exchange -> reseteando
[2026-08-31 11:17:58] [TUSK] RECONCILIACIÓN_OK: 2 frentes alineados con exchange
[RANGO] BANKUSDT_LINEAL last=0.03564 · río=WS · mercado=linear · estado=ACECHANDO · dir=— · 0=0.03547 · Oz=— · Red=— · manos=ON · pos=flat · latido=1.50s
[RANGO] autosello BANK · ACECHANDO · Oz=0.0 link=— · manos_feria_informe.json
[RANGO] BANKUSDT_LINEAL last=0.03564 · río=WS · mercado=linear · estado=ACECHANDO · dir=— · 0=0.03547 · Oz=— · Red=— · manos=ON · pos=flat · latido=1.50s
[RANGO] autosello BANK · ACECHANDO · Oz=0.0 link=— · manos_feria_informe.json
[RANGO] BANKUSDT_LINEAL last=0.03562 · río=WS · mercado=linear · estado=ACECHANDO · dir=— · 0=0.03547 · Oz=— · Red=— · manos=ON · pos=flat · latido=1.50s
[RANGO] BANKUSDT_LINEAL last=0.03563 · río=WS · mercado=linear · estado=ACECHANDO · dir=— · 0=0.03547 · Oz=— · Red=— · manos=ON · pos=flat · latido=1.50s
[RANGO] autosello BANK · ACECHANDO · Oz=0.0 link=— · manos_feria_informe.json
[RANGO] BANKUSDT_LINEAL last=0.03561 · río=WS · mercado=linear · estado=ACECHANDO · dir=— · 0=0.03547 · Oz=— · Red=— · manos=ON · pos=flat · latido=1.50s
[RANGO] autosello BANK · ACECHANDO · Oz=0.0 link=— · manos_feria_informe.json
[RANGO] BANKUSDT_LINEAL last=0.03561 · río=WS · mercado=linear · estado=ACECHANDO · dir=— · 0=0.03547 · Oz=— · Red=— · manos=ON · pos=flat · latido=1.50s
[RANGO] BANKUSDT_LINEAL last=0.0356 · río=WS · mercado=linear · estado=ACECHANDO · dir=— · 0=0.03547 · Oz=— · Red=— · manos=ON · pos=flat · latido=1.50s
[RANGO] autosello BANK · ACECHANDO · Oz=0.0 link=— · manos_feria_informe.json
[RANGO] BANKUSDT_LINEAL last=0.03562 · río=WS · mercado=linear · estado=ACECHANDO · dir=— · 0=0.03547 · Oz=— · Red=— · manos=ON · pos=flat · latido=1.50s
[RANGO] autosello BANK · ACECHANDO · Oz=0.0 link=— · manos_feria_informe.json
[RANGO] BANKUSDT_LINEAL last=0.03561 · río=WS · mercado=linear · estado=ACECHANDO · dir=— · 0=0.03547 · Oz=— · Red=— · manos=ON · pos=flat · latido=1.50s
[RANGO] BANKUSDT_LINEAL last=0.0356 · río=WS · mercado=linear · estado=ACECHANDO · dir=— · 0=0.03547 · Oz=— · Red=— · manos=ON · pos=flat · latido=1.50s
[RANGO] autosello BANK · ACECHANDO · Oz=0.0 link=— · manos_feria_informe.json
[RANGO] BANKUSDT_LINEAL last=0.03561 · río=WS · mercado=linear · estado=ACECHANDO · dir=— · 0=0.03547 · Oz=— · Red=— · manos=ON · pos=flat · latido=1.50s
[RANGO] autosello BANK · ACECHANDO · Oz=0.0 link=— · manos_feria_informe.json
[RANGO] BANKUSDT_LINEAL last=0.03561 · río=WS · mercado=linear · estado=ACECHANDO · dir=— · 0=0.03547 · Oz=— · Red=— · manos=ON · pos=flat · latido=1.50s
[RANGO] BANKUSDT_LINEAL last=0.03561 · río=ciego/muleta · mercado=linear · estado=ACECHANDO · dir=— · 0=0.03547 · Oz=— · Red=— · manos=ON · pos=flat · latido=1.50s
[RANGO] autosello BANK · ACECHANDO · Oz=0.0 link=— · manos_feria_informe.json
[RANGO] BANKUSDT_LINEAL last=0.03561 · río=WS · mercado=linear · estado=ACECHANDO · dir=— · 0=0.03547 · Oz=— · Red=— · manos=ON · pos=flat · latido=1.50s
[RANGO] autosello BANK · ACECHANDO · Oz=0.0 link=— · manos_feria_informe.json
[RANGO] BANKUSDT_LINEAL last=0.0356 · río=WS · mercado=linear · estado=ACECHANDO · dir=— · 0=0.03547 · Oz=— · Red=— · manos=ON · pos=flat · latido=1.50s
[RANGO] BANKUSDT_LINEAL last=0.03561 · río=WS · mercado=linear · estado=ACECHANDO · dir=— · 0=0.03547 · Oz=— · Red=— · manos=ON · pos=flat · latido=1.50s
[RANGO] autosello BANK · ACECHANDO · Oz=0.0 link=— · manos_feria_informe.json
[RANGO] BANKUSDT_LINEAL last=0.03561 · río=WS · mercado=linear · estado=ACECHANDO · dir=— · 0=0.03547 · Oz=— · Red=— · manos=ON · pos=flat · latido=1.50s
[RANGO] autosello BANK · ACECHANDO · Oz=0.0 link=— · manos_feria_informe.json
[RANGO] BANKUSDT_LINEAL last=0.03559 · río=WS · mercado=linear · estado=ACECHANDO · dir=— · 0=0.03547 · Oz=— · Red=— · manos=ON · pos=flat · latido=1.50s
[2026-08-31 11:21:01] [TUSK] RECONCILIACIÓN: LITUSDT_LINEAL: interno L:0.000000/S:24.100000 -> real L:0.000000/S:22.400000
[2026-08-31 11:21:01] [TUSK] RECONCILIACIÓN_OK: 1 frentes alineados con exchange
[RANGO] BANKUSDT_LINEAL last=0.03559 · río=WS · mercado=linear · estado=ACECHANDO · dir=— · 0=0.03547 · Oz=— · Red=— · manos=ON · pos=flat · latido=1.50s
[RANGO] autosello BANK · ACECHANDO · Oz=0.0 link=— · manos_feria_informe.json
[RANGO] BANKUSDT_LINEAL last=0.0356 · río=ciego/muleta · mercado=linear · estado=ACECHANDO · dir=— · 0=0.03547 · Oz=— · Red=— · manos=ON · pos=flat · latido=1.50s
[RANGO] autosello BANK · ACECHANDO · Oz=0.0 link=— · manos_feria_informe.json
[RANGO] BANKUSDT_LINEAL last=0.03559 · río=WS · mercado=linear · estado=ACECHANDO · dir=— · 0=0.03547 · Oz=— · Red=— · manos=ON · pos=flat · latido=1.50s
[RANGO] BANKUSDT_LINEAL last=0.0356 · río=WS · mercado=linear · estado=ACECHANDO · dir=— · 0=0.03547 · Oz=— · Red=— · manos=ON · pos=flat · latido=1.50s
[RANGO] autosello BANK · ACECHANDO · Oz=0.0 link=— · manos_feria_informe.json
[RANGO] BANKUSDT_LINEAL last=0.03558 · río=WS · mercado=linear · estado=ACECHANDO · dir=— · 0=0.03547 · Oz=— · Red=— · manos=ON · pos=flat · latido=1.50s
[RANGO] autosello BANK · ACECHANDO · Oz=0.0 link=— · manos_feria_informe.json
[RANGO] BANKUSDT_LINEAL last=0.03556 · río=WS · mercado=linear · estado=ACECHANDO · dir=— · 0=0.03547 · Oz=— · Red=— · manos=ON · pos=flat · latido=1.50s
[RANGO] BANKUSDT_LINEAL last=0.03557 · río=WS · mercado=linear · estado=ACECHANDO · dir=— · 0=0.03547 · Oz=— · Red=— · manos=ON · pos=flat · latido=1.50s
[RANGO] autosello BANK · ACECHANDO · Oz=0.0 link=— · manos_feria_informe.json
[RANGO] BANKUSDT_LINEAL last=0.03557 · río=WS · mercado=linear · estado=ACECHANDO · dir=— · 0=0.03547 · Oz=— · Red=— · manos=ON · pos=flat · latido=1.50s
[RANGO] autosello BANK · ACECHANDO · Oz=0.0 link=— · manos_feria_informe.json
[RANGO] BANKUSDT_LINEAL last=0.03557 · río=WS · mercado=linear · estado=ACECHANDO · dir=— · 0=0.03547 · Oz=— · Red=— · manos=ON · pos=flat · latido=1.50s
[RANGO] BANKUSDT_LINEAL last=0.03559 · río=ciego/muleta · mercado=linear · estado=ACECHANDO · dir=— · 0=0.03547 · Oz=— · Red=— · manos=ON · pos=flat · latido=1.50s
[RANGO] autosello BANK · ACECHANDO · Oz=0.0 link=— · manos_feria_informe.json
[RANGO] BANKUSDT_LINEAL last=0.03553 · río=WS · mercado=linear · estado=ACECHANDO · dir=— · 0=0.03547 · Oz=— · Red=— · manos=ON · pos=flat · latido=1.50s
[RANGO] autosello BANK · ACECHANDO · Oz=0.0 link=— · manos_feria_informe.json
[RANGO] BANKUSDT_LINEAL last=0.03557 · río=WS · mercado=linear · estado=ACECHANDO · dir=— · 0=0.03547 · Oz=— · Red=— · manos=ON · pos=flat · latido=1.50s
