
════════════════════════════════════════════════════════
    ARISE BERU RANGO — MANOS ON
    Santo: XLMUSDT_LINEAL · mercado=linear · perfil=feria · Vacío ±2.2% · masa $5.0 · Red $5.0
    FASE: HIERRO | SIM=False | TESTNET=False
════════════════════════════════════════════════════════
[2026-08-31 08:04:51] [IGRIS] LEVERAGE_MAX_OK: XLM · XLMUSD (inverse): 20x (techo catálogo)
[2026-08-31 08:04:51] [IGRIS] LEVERAGE_MAX_OK: XLM · XLMUSDT (linear): 75x (techo catálogo)
[RANGO] apalanc máx XLM: XLMUSD=20x, XLMUSDT=75x
[2026-08-31 08:04:53] [TUSK] RECONCILIACIÓN: AEHRUSDT_LINEAL: interno L:0.000000/S:0.000000 -> real L:0.090000/S:0.000000
[2026-08-31 08:04:53] [TUSK] RECONCILIACIÓN: BSPUSDT_LINEAL: interno L:0.000000/S:0.000000 -> real L:0.170000/S:0.000000
[2026-08-31 08:04:53] [TUSK] RECONCILIACIÓN: WDCUSDT_LINEAL: interno L:0.000000/S:0.000000 -> real L:0.020000/S:0.000000
[2026-08-31 08:04:53] [TUSK] RECONCILIACIÓN: BLUAIUSDT_LINEAL: interno L:0.000000/S:0.000000 -> real L:850.000000/S:0.000000
[2026-08-31 08:04:53] [TUSK] RECONCILIACIÓN: COTIUSDT_LINEAL: interno L:0.000000/S:0.000000 -> real L:1588.000000/S:0.000000
[2026-08-31 08:04:53] [TUSK] RECONCILIACIÓN: SAMSUNGUSDT_LINEAL: interno L:0.000000/S:0.000000 -> real L:0.000000/S:0.110000
[2026-08-31 08:04:53] [TUSK] RECONCILIACIÓN: LITUSDT_LINEAL: interno L:0.000000/S:0.000000 -> real L:0.000000/S:20.800000
[2026-08-31 08:04:53] [TUSK] RECONCILIACIÓN: PLTRUSDT_LINEAL: interno L:0.000000/S:0.000000 -> real L:0.030000/S:0.000000
[2026-08-31 08:04:53] [TUSK] RECONCILIACIÓN: BIOUSDT_LINEAL: interno L:0.000000/S:0.000000 -> real L:1016.000000/S:0.000000
[2026-08-31 08:04:53] [TUSK] RECONCILIACIÓN: TSLLUSDT_LINEAL: interno L:0.000000/S:0.000000 -> real L:1.150000/S:0.000000
[2026-08-31 08:04:53] [TUSK] RECONCILIACIÓN: POWERUSDT_LINEAL: interno L:0.000000/S:0.000000 -> real L:67.000000/S:0.000000
[2026-08-31 08:04:53] [TUSK] RECONCILIACIÓN: SNXXUSDT_LINEAL: interno L:0.000000/S:0.000000 -> real L:6.450000/S:0.000000
[2026-08-31 08:04:53] [TUSK] RECONCILIACIÓN: KSMUSDT_LINEAL: interno L:0.000000/S:0.000000 -> real L:13.470000/S:0.000000
[2026-08-31 08:04:53] [TUSK] RECONCILIACIÓN: MRVLUSDT_LINEAL: interno L:0.000000/S:0.000000 -> real L:1.050000/S:0.000000
[2026-08-31 08:04:53] [TUSK] RECONCILIACIÓN: CRCLUSDT_LINEAL: interno L:0.000000/S:0.000000 -> real L:0.410000/S:0.000000
[2026-08-31 08:04:53] [TUSK] RECONCILIACIÓN: MVLLUSDT_LINEAL: interno L:0.000000/S:0.000000 -> real L:3.550000/S:0.000000
[2026-08-31 08:04:53] [TUSK] RECONCILIACIÓN: CRDOUSDT_LINEAL: interno L:0.000000/S:0.000000 -> real L:0.110000/S:0.000000
[2026-08-31 08:04:53] [TUSK] RECONCILIACIÓN: ZBCNUSDT_LINEAL: interno L:0.000000/S:0.000000 -> real L:9700.000000/S:0.000000
[2026-08-31 08:04:53] [TUSK] RECONCILIACIÓN: FLYUSDT_LINEAL: interno L:0.000000/S:0.000000 -> real L:0.090000/S:0.000000
[2026-08-31 08:04:53] [TUSK] RECONCILIACIÓN: INTWUSDT_LINEAL: interno L:0.000000/S:0.000000 -> real L:2.120000/S:0.000000
[2026-08-31 08:04:53] [TUSK] RECONCILIACIÓN: LTCUSD_INVERSE: interno L:0.000000/S:0.000000 -> real L:234.000000/S:0.000000
[2026-08-31 08:04:53] [TUSK] RECONCILIACIÓN: DOGEUSD_INVERSE: interno L:0.000000/S:0.000000 -> real L:219.000000/S:0.000000
[2026-08-31 08:04:53] [TUSK] RECONCILIACIÓN: ETHUSD_INVERSE: interno L:0.000000/S:0.000000 -> real L:190.000000/S:0.000000
[2026-08-31 08:04:53] [TUSK] RECONCILIACIÓN: HYPEUSD_INVERSE: interno L:0.000000/S:0.000000 -> real L:291.000000/S:0.000000
[2026-08-31 08:04:53] [TUSK] RECONCILIACIÓN: SOLUSD_INVERSE: interno L:0.000000/S:0.000000 -> real L:201.000000/S:0.000000
[2026-08-31 08:04:53] [TUSK] RECONCILIACIÓN: BTCUSD_INVERSE: interno L:0.000000/S:0.000000 -> real L:202.000000/S:0.000000
[2026-08-31 08:04:53] [TUSK] RECONCILIACIÓN: XRPUSD_INVERSE: interno L:0.000000/S:0.000000 -> real L:230.000000/S:0.000000
[2026-08-31 08:04:53] [TUSK] RECONCILIACIÓN: FILUSD_INVERSE: interno L:0.000000/S:0.000000 -> real L:198.000000/S:0.000000
[2026-08-31 08:04:53] [TUSK] RECONCILIACIÓN: MNTUSD_INVERSE: interno L:0.000000/S:0.000000 -> real L:69.000000/S:0.000000
[2026-08-31 08:04:53] [TUSK] RECONCILIACIÓN: AAVEUSD_INVERSE: interno L:0.000000/S:0.000000 -> real L:178.000000/S:0.000000
[2026-08-31 08:04:53] [TUSK] RECONCILIACIÓN: APTUSD_INVERSE: interno L:0.000000/S:0.000000 -> real L:210.000000/S:0.000000
[2026-08-31 08:04:53] [TUSK] RECONCILIACIÓN: AVAXUSD_INVERSE: interno L:0.000000/S:0.000000 -> real L:200.000000/S:0.000000
[2026-08-31 08:04:53] [TUSK] RECONCILIACIÓN: BCHUSD_INVERSE: interno L:0.000000/S:0.000000 -> real L:180.000000/S:0.000000
[2026-08-31 08:04:53] [TUSK] RECONCILIACIÓN: ETCUSD_INVERSE: interno L:0.000000/S:0.000000 -> real L:283.000000/S:0.000000
[2026-08-31 08:04:53] [TUSK] RECONCILIACIÓN: LINKUSD_INVERSE: interno L:0.000000/S:0.000000 -> real L:199.000000/S:0.000000
[2026-08-31 08:04:53] [TUSK] RECONCILIACIÓN: NEARUSD_INVERSE: interno L:0.000000/S:0.000000 -> real L:113.000000/S:0.000000
[2026-08-31 08:04:53] [TUSK] RECONCILIACIÓN: OPUSD_INVERSE: interno L:0.000000/S:0.000000 -> real L:225.000000/S:0.000000
[2026-08-31 08:04:53] [TUSK] RECONCILIACIÓN: SUIUSD_INVERSE: interno L:0.000000/S:0.000000 -> real L:208.000000/S:0.000000
[2026-08-31 08:04:53] [TUSK] RECONCILIACIÓN: XLMUSD_INVERSE: interno L:0.000000/S:0.000000 -> real L:206.000000/S:0.000000
[2026-08-31 08:04:53] [TUSK] RECONCILIACIÓN: DOTUSD_INVERSE: interno L:0.000000/S:0.000000 -> real L:200.000000/S:0.000000
[2026-08-31 08:04:53] [TUSK] RECONCILIACIÓN_OK: 40 frentes alineados con exchange
[RANGO] Checkpoint SEMILLA · forzado --desde-cero · edad=—s · pos=0
[2026-08-31 08:04:53] [BERU_RANGO] WAKE: RANGO_XLM_49c2d237 0=0.175000 Vacío ±2.2% → trailing Oz 0.2% · masa $5.00 · Red→$5.
[BERU_RANGO] WAKE RANGO_XLM_49c2d237 0=0.175 precio=0.175 masa_usd=5.0
[RANGO] Wake XLM 0=0.175 · Red=— · sangre=— · estado=ACECHANDO · Oz=— · manos=True · bridge=ON · SEMILLA

[RANGO] Hilo vivo · Stop/amend/Market permitidos · Ctrl+C sella.

[TANK] Trinidad 22 activos | pentiverso ['LTC', 'BTC'] | beru ['ETHUSDT_SPOT'] | ref: ETH (HIERRO).
[2026-08-31 08:04:53] [BRIDGE] TRINIDAD: Sentidos[beru_rango]: catalog 803+40 lin | 0+0 inv | 0 spot · WS 1 shards · tickers=1 · books=OFF · trades=ON · bases=XLM
[RANGO] XLMUSDT_LINEAL last=0.1749 · río=WS · mercado=linear · estado=ACECHANDO · dir=— · 0=0.175 · Oz=— · Red=— · manos=ON · pos=flat · latido=1.50s
[RANGO] autosello XLM · ACECHANDO · Oz=0.0 link=— · manos_feria_informe.json
[RANGO] XLMUSDT_LINEAL last=0.1749 · río=WS · mercado=linear · estado=ACECHANDO · dir=— · 0=0.175 · Oz=— · Red=— · manos=ON · pos=flat · latido=1.50s
[RANGO] autosello XLM · ACECHANDO · Oz=0.0 link=— · manos_feria_informe.json
[RANGO] XLMUSDT_LINEAL last=0.1749 · río=WS · mercado=linear · estado=ACECHANDO · dir=— · 0=0.175 · Oz=— · Red=— · manos=ON · pos=flat · latido=1.50s
[RANGO] XLMUSDT_LINEAL last=0.1748 · río=WS · mercado=linear · estado=ACECHANDO · dir=— · 0=0.175 · Oz=— · Red=— · manos=ON · pos=flat · latido=1.50s
[RANGO] autosello XLM · ACECHANDO · Oz=0.0 link=— · manos_feria_informe.json
[RANGO] XLMUSDT_LINEAL last=0.1748 · río=WS · mercado=linear · estado=ACECHANDO · dir=— · 0=0.175 · Oz=— · Red=— · manos=ON · pos=flat · latido=1.50s
[RANGO] autosello XLM · ACECHANDO · Oz=0.0 link=— · manos_feria_informe.json
[RANGO] XLMUSDT_LINEAL last=0.1749 · río=WS · mercado=linear · estado=ACECHANDO · dir=— · 0=0.175 · Oz=— · Red=— · manos=ON · pos=flat · latido=1.50s
[2026-08-31 08:05:56] [TUSK] RECONCILIACIÓN: NILUSDT_LINEAL: interno L:0.000000/S:0.000000 -> real L:220.000000/S:0.000000
[2026-08-31 08:05:56] [TUSK] RECONCILIACIÓN: QNTXUSDT_LINEAL: interno L:0.000000/S:0.000000 -> real L:0.200000/S:0.000000
[2026-08-31 08:05:56] [TUSK] RECONCILIACIÓN_FANTASMA: FLYUSDT_LINEAL existe interno pero no en exchange -> reseteando
[2026-08-31 08:05:56] [TUSK] RECONCILIACIÓN_FANTASMA: INTWUSDT_LINEAL existe interno pero no en exchange -> reseteando
[2026-08-31 08:05:56] [TUSK] RECONCILIACIÓN_OK: 4 frentes alineados con exchange
[RANGO] XLMUSDT_LINEAL last=0.175 · río=WS · mercado=linear · estado=ACECHANDO · dir=— · 0=0.175 · Oz=— · Red=— · manos=ON · pos=flat · latido=1.50s
[RANGO] autosello XLM · ACECHANDO · Oz=0.0 link=— · manos_feria_informe.json
[RANGO] XLMUSDT_LINEAL last=0.175 · río=WS · mercado=linear · estado=ACECHANDO · dir=— · 0=0.175 · Oz=— · Red=— · manos=ON · pos=flat · latido=1.50s
[RANGO] autosello XLM · ACECHANDO · Oz=0.0 link=— · manos_feria_informe.json
[RANGO] XLMUSDT_LINEAL last=0.1751 · río=WS · mercado=linear · estado=ACECHANDO · dir=— · 0=0.175 · Oz=— · Red=— · manos=ON · pos=flat · latido=1.50s
[RANGO] XLMUSDT_LINEAL last=0.1749 · río=WS · mercado=linear · estado=ACECHANDO · dir=— · 0=0.175 · Oz=— · Red=— · manos=ON · pos=flat · latido=1.50s
[RANGO] autosello XLM · ACECHANDO · Oz=0.0 link=— · manos_feria_informe.json
[RANGO] XLMUSDT_LINEAL last=0.1748 · río=WS · mercado=linear · estado=ACECHANDO · dir=— · 0=0.175 · Oz=— · Red=— · manos=ON · pos=flat · latido=1.50s
[RANGO] autosello XLM · ACECHANDO · Oz=0.0 link=— · manos_feria_informe.json
[RANGO] XLMUSDT_LINEAL last=0.1747 · río=WS · mercado=linear · estado=ACECHANDO · dir=— · 0=0.175 · Oz=— · Red=— · manos=ON · pos=flat · latido=1.50s
[2026-08-31 08:06:57] [TUSK] RECONCILIACIÓN: NBISUSDT_LINEAL: interno L:0.000000/S:0.000000 -> real L:0.000000/S:0.050000
[2026-08-31 08:06:57] [TUSK] RECONCILIACIÓN_FANTASMA: ZBCNUSDT_LINEAL existe interno pero no en exchange -> reseteando
[2026-08-31 08:06:57] [TUSK] RECONCILIACIÓN_OK: 2 frentes alineados con exchange
[RANGO] XLMUSDT_LINEAL last=0.17471 · río=WS · mercado=linear · estado=ACECHANDO · dir=— · 0=0.175 · Oz=— · Red=— · manos=ON · pos=flat · latido=1.50s
[RANGO] autosello XLM · ACECHANDO · Oz=0.0 link=— · manos_feria_informe.json
[RANGO] XLMUSDT_LINEAL last=0.1746 · río=WS · mercado=linear · estado=ACECHANDO · dir=— · 0=0.175 · Oz=— · Red=— · manos=ON · pos=flat · latido=1.50s
[RANGO] autosello XLM · ACECHANDO · Oz=0.0 link=— · manos_feria_informe.json
[RANGO] XLMUSDT_LINEAL last=0.1746 · río=WS · mercado=linear · estado=ACECHANDO · dir=— · 0=0.175 · Oz=— · Red=— · manos=ON · pos=flat · latido=1.50s
[RANGO] XLMUSDT_LINEAL last=0.1746 · río=WS · mercado=linear · estado=ACECHANDO · dir=— · 0=0.175 · Oz=— · Red=— · manos=ON · pos=flat · latido=1.50s
[RANGO] autosello XLM · ACECHANDO · Oz=0.0 link=— · manos_feria_informe.json
[RANGO] XLMUSDT_LINEAL last=0.1747 · río=WS · mercado=linear · estado=ACECHANDO · dir=— · 0=0.175 · Oz=— · Red=— · manos=ON · pos=flat · latido=1.50s
[RANGO] autosello XLM · ACECHANDO · Oz=0.0 link=— · manos_feria_informe.json
[RANGO] XLMUSDT_LINEAL last=0.1744 · río=WS · mercado=linear · estado=ACECHANDO · dir=— · 0=0.175 · Oz=— · Red=— · manos=ON · pos=flat · latido=1.50s
[RANGO] XLMUSDT_LINEAL last=0.1746 · río=WS · mercado=linear · estado=ACECHANDO · dir=— · 0=0.175 · Oz=— · Red=— · manos=ON · pos=flat · latido=1.50s
[2026-08-31 08:07:58] [TUSK] RECONCILIACIÓN: CRCLUSDT_LINEAL: interno L:0.410000/S:0.000000 -> real L:0.470000/S:0.000000
[2026-08-31 08:07:58] [TUSK] RECONCILIACIÓN_OK: 1 frentes alineados con exchange
[RANGO] autosello XLM · ACECHANDO · Oz=0.0 link=— · manos_feria_informe.json
[RANGO] XLMUSDT_LINEAL last=0.1747 · río=WS · mercado=linear · estado=ACECHANDO · dir=— · 0=0.175 · Oz=— · Red=— · manos=ON · pos=flat · latido=1.50s
[RANGO] autosello XLM · ACECHANDO · Oz=0.0 link=— · manos_feria_informe.json
[RANGO] XLMUSDT_LINEAL last=0.1748 · río=WS · mercado=linear · estado=ACECHANDO · dir=— · 0=0.175 · Oz=— · Red=— · manos=ON · pos=flat · latido=1.50s
[RANGO] XLMUSDT_LINEAL last=0.1748 · río=WS · mercado=linear · estado=ACECHANDO · dir=— · 0=0.175 · Oz=— · Red=— · manos=ON · pos=flat · latido=1.50s
[RANGO] autosello XLM · ACECHANDO · Oz=0.0 link=— · manos_feria_informe.json
[RANGO] XLMUSDT_LINEAL last=0.1749 · río=WS · mercado=linear · estado=ACECHANDO · dir=— · 0=0.175 · Oz=— · Red=— · manos=ON · pos=flat · latido=1.50s
[RANGO] autosello XLM · ACECHANDO · Oz=0.0 link=— · manos_feria_informe.json
[RANGO] XLMUSDT_LINEAL last=0.175 · río=WS · mercado=linear · estado=ACECHANDO · dir=— · 0=0.175 · Oz=— · Red=— · manos=ON · pos=flat · latido=1.50s
[RANGO] XLMUSDT_LINEAL last=0.1749 · río=WS · mercado=linear · estado=ACECHANDO · dir=— · 0=0.175 · Oz=— · Red=— · manos=ON · pos=flat · latido=1.50s
[2026-08-31 08:09:00] [TUSK] RECONCILIACIÓN: VVVUSDT_LINEAL: interno L:0.000000/S:0.000000 -> real L:3.180000/S:0.000000
[2026-08-31 08:09:00] [TUSK] RECONCILIACIÓN_FANTASMA: CRDOUSDT_LINEAL existe interno pero no en exchange -> reseteando
[2026-08-31 08:09:00] [TUSK] RECONCILIACIÓN_OK: 2 frentes alineados con exchange
[RANGO] autosello XLM · ACECHANDO · Oz=0.0 link=— · manos_feria_informe.json
[RANGO] XLMUSDT_LINEAL last=0.175 · río=WS · mercado=linear · estado=ACECHANDO · dir=— · 0=0.175 · Oz=— · Red=— · manos=ON · pos=flat · latido=1.50s
[RANGO] autosello XLM · ACECHANDO · Oz=0.0 link=— · manos_feria_informe.json
[RANGO] XLMUSDT_LINEAL last=0.1748 · río=WS · mercado=linear · estado=ACECHANDO · dir=— · 0=0.175 · Oz=— · Red=— · manos=ON · pos=flat · latido=1.50s
[RANGO] XLMUSDT_LINEAL last=0.1748 · río=WS · mercado=linear · estado=ACECHANDO · dir=— · 0=0.175 · Oz=— · Red=— · manos=ON · pos=flat · latido=1.50s
[RANGO] autosello XLM · ACECHANDO · Oz=0.0 link=— · manos_feria_informe.json
[RANGO] XLMUSDT_LINEAL last=0.1748 · río=WS · mercado=linear · estado=ACECHANDO · dir=— · 0=0.175 · Oz=— · Red=— · manos=ON · pos=flat · latido=1.50s
[RANGO] autosello XLM · ACECHANDO · Oz=0.0 link=— · manos_feria_informe.json
[RANGO] XLMUSDT_LINEAL last=0.1749 · río=WS · mercado=linear · estado=ACECHANDO · dir=— · 0=0.175 · Oz=— · Red=— · manos=ON · pos=flat · latido=1.50s
[RANGO] XLMUSDT_LINEAL last=0.1748 · río=WS · mercado=linear · estado=ACECHANDO · dir=— · 0=0.175 · Oz=— · Red=— · manos=ON · pos=flat · latido=1.50s
[RANGO] autosello XLM · ACECHANDO · Oz=0.0 link=— · manos_feria_informe.json
[RANGO] XLMUSDT_LINEAL last=0.175 · río=WS · mercado=linear · estado=ACECHANDO · dir=— · 0=0.175 · Oz=— · Red=— · manos=ON · pos=flat · latido=1.50s
[RANGO] autosello XLM · ACECHANDO · Oz=0.0 link=— · manos_feria_informe.json
[RANGO] XLMUSDT_LINEAL last=0.1749 · río=WS · mercado=linear · estado=ACECHANDO · dir=— · 0=0.175 · Oz=— · Red=— · manos=ON · pos=flat · latido=1.50s
[RANGO] XLMUSDT_LINEAL last=0.1746 · río=WS · mercado=linear · estado=ACECHANDO · dir=— · 0=0.175 · Oz=— · Red=— · manos=ON · pos=flat · latido=1.50s
[RANGO] autosello XLM · ACECHANDO · Oz=0.0 link=— · manos_feria_informe.json
[RANGO] XLMUSDT_LINEAL last=0.1747 · río=WS · mercado=linear · estado=ACECHANDO · dir=— · 0=0.175 · Oz=— · Red=— · manos=ON · pos=flat · latido=1.50s
[RANGO] autosello XLM · ACECHANDO · Oz=0.0 link=— · manos_feria_informe.json
[RANGO] XLMUSDT_LINEAL last=0.1747 · río=WS · mercado=linear · estado=ACECHANDO · dir=— · 0=0.175 · Oz=— · Red=— · manos=ON · pos=flat · latido=1.50s
[RANGO] XLMUSDT_LINEAL last=0.1747 · río=WS · mercado=linear · estado=ACECHANDO · dir=— · 0=0.175 · Oz=— · Red=— · manos=ON · pos=flat · latido=1.50s
[RANGO] autosello XLM · ACECHANDO · Oz=0.0 link=— · manos_feria_informe.json
[2026-08-31 08:11:02] [TUSK] RECONCILIACIÓN: BSPUSDT_LINEAL: interno L:0.170000/S:0.000000 -> real L:0.290000/S:0.000000
[2026-08-31 08:11:02] [TUSK] RECONCILIACIÓN_OK: 1 frentes alineados con exchange
[RANGO] XLMUSDT_LINEAL last=0.1747 · río=WS · mercado=linear · estado=ACECHANDO · dir=— · 0=0.175 · Oz=— · Red=— · manos=ON · pos=flat · latido=1.50s
[RANGO] autosello XLM · ACECHANDO · Oz=0.0 link=— · manos_feria_informe.json
[RANGO] XLMUSDT_LINEAL last=0.1748 · río=WS · mercado=linear · estado=ACECHANDO · dir=— · 0=0.175 · Oz=— · Red=— · manos=ON · pos=flat · latido=1.50s
[RANGO] XLMUSDT_LINEAL last=0.1748 · río=WS · mercado=linear · estado=ACECHANDO · dir=— · 0=0.175 · Oz=— · Red=— · manos=ON · pos=flat · latido=1.50s
[RANGO] autosello XLM · ACECHANDO · Oz=0.0 link=— · manos_feria_informe.json
[RANGO] XLMUSDT_LINEAL last=0.1747 · río=WS · mercado=linear · estado=ACECHANDO · dir=— · 0=0.175 · Oz=— · Red=— · manos=ON · pos=flat · latido=1.50s
[RANGO] autosello XLM · ACECHANDO · Oz=0.0 link=— · manos_feria_informe.json
[RANGO] XLMUSDT_LINEAL last=0.1749 · río=WS · mercado=linear · estado=ACECHANDO · dir=— · 0=0.175 · Oz=— · Red=— · manos=ON · pos=flat · latido=1.50s
[RANGO] XLMUSDT_LINEAL last=0.1746 · río=WS · mercado=linear · estado=ACECHANDO · dir=— · 0=0.175 · Oz=— · Red=— · manos=ON · pos=flat · latido=1.50s
[RANGO] autosello XLM · ACECHANDO · Oz=0.0 link=— · manos_feria_informe.json
[RANGO] XLMUSDT_LINEAL last=0.1745 · río=WS · mercado=linear · estado=ACECHANDO · dir=— · 0=0.175 · Oz=— · Red=— · manos=ON · pos=flat · latido=1.50s
[RANGO] autosello XLM · ACECHANDO · Oz=0.0 link=— · manos_feria_informe.json
[RANGO] XLMUSDT_LINEAL last=0.1749 · río=WS · mercado=linear · estado=ACECHANDO · dir=— · 0=0.175 · Oz=— · Red=— · manos=ON · pos=flat · latido=1.50s
[RANGO] XLMUSDT_LINEAL last=0.1748 · río=WS · mercado=linear · estado=ACECHANDO · dir=— · 0=0.175 · Oz=— · Red=— · manos=ON · pos=flat · latido=1.50s
[RANGO] autosello XLM · ACECHANDO · Oz=0.0 link=— · manos_feria_informe.json
[RANGO] XLMUSDT_LINEAL last=0.1748 · río=WS · mercado=linear · estado=ACECHANDO · dir=— · 0=0.175 · Oz=— · Red=— · manos=ON · pos=flat · latido=1.50s
[RANGO] autosello XLM · ACECHANDO · Oz=0.0 link=— · manos_feria_informe.json
[RANGO] XLMUSDT_LINEAL last=0.175 · río=WS · mercado=linear · estado=ACECHANDO · dir=— · 0=0.175 · Oz=— · Red=— · manos=ON · pos=flat · latido=1.50s
[RANGO] XLMUSDT_LINEAL last=0.1749 · río=WS · mercado=linear · estado=ACECHANDO · dir=— · 0=0.175 · Oz=— · Red=— · manos=ON · pos=flat · latido=1.50s
[RANGO] autosello XLM · ACECHANDO · Oz=0.0 link=— · manos_feria_informe.json
[2026-08-31 08:13:04] [TUSK] RECONCILIACIÓN: SNXXUSDT_LINEAL: interno L:6.450000/S:0.000000 -> real L:6.830000/S:0.000000
[2026-08-31 08:13:04] [TUSK] RECONCILIACIÓN_OK: 1 frentes alineados con exchange
[RANGO] XLMUSDT_LINEAL last=0.175 · río=WS · mercado=linear · estado=ACECHANDO · dir=— · 0=0.175 · Oz=— · Red=— · manos=ON · pos=flat · latido=1.50s
[RANGO] autosello XLM · ACECHANDO · Oz=0.0 link=— · manos_feria_informe.json
[RANGO] XLMUSDT_LINEAL last=0.1749 · río=WS · mercado=linear · estado=ACECHANDO · dir=— · 0=0.175 · Oz=— · Red=— · manos=ON · pos=flat · latido=1.50s
[RANGO] XLMUSDT_LINEAL last=0.1749 · río=WS · mercado=linear · estado=ACECHANDO · dir=— · 0=0.175 · Oz=— · Red=— · manos=ON · pos=flat · latido=1.50s
[RANGO] autosello XLM · ACECHANDO · Oz=0.0 link=— · manos_feria_informe.json
[RANGO] XLMUSDT_LINEAL last=0.1749 · río=WS · mercado=linear · estado=ACECHANDO · dir=— · 0=0.175 · Oz=— · Red=— · manos=ON · pos=flat · latido=1.50s
[RANGO] autosello XLM · ACECHANDO · Oz=0.0 link=— · manos_feria_informe.json
[RANGO] XLMUSDT_LINEAL last=0.175 · río=WS · mercado=linear · estado=ACECHANDO · dir=— · 0=0.175 · Oz=— · Red=— · manos=ON · pos=flat · latido=1.50s
[RANGO] XLMUSDT_LINEAL last=0.1749 · río=WS · mercado=linear · estado=ACECHANDO · dir=— · 0=0.175 · Oz=— · Red=— · manos=ON · pos=flat · latido=1.50s
[RANGO] autosello XLM · ACECHANDO · Oz=0.0 link=— · manos_feria_informe.json
[2026-08-31 08:14:05] [TUSK] RECONCILIACIÓN: AAOIUSDT_LINEAL: interno L:0.000000/S:0.000000 -> real L:0.530000/S:0.000000
[2026-08-31 08:14:05] [TUSK] RECONCILIACIÓN: ZBCNUSDT_LINEAL: interno L:0.000000/S:0.000000 -> real L:9700.000000/S:0.000000
[2026-08-31 08:14:05] [TUSK] RECONCILIACIÓN_FANTASMA: MRVLUSDT_LINEAL existe interno pero no en exchange -> reseteando
[2026-08-31 08:14:05] [TUSK] RECONCILIACIÓN_FANTASMA: MVLLUSDT_LINEAL existe interno pero no en exchange -> reseteando
[2026-08-31 08:14:05] [TUSK] RECONCILIACIÓN_OK: 4 frentes alineados con exchange
[RANGO] XLMUSDT_LINEAL last=0.175 · río=WS · mercado=linear · estado=ACECHANDO · dir=— · 0=0.175 · Oz=— · Red=— · manos=ON · pos=flat · latido=1.50s
[RANGO] autosello XLM · ACECHANDO · Oz=0.0 link=— · manos_feria_informe.json
[RANGO] XLMUSDT_LINEAL last=0.175 · río=WS · mercado=linear · estado=ACECHANDO · dir=— · 0=0.175 · Oz=— · Red=— · manos=ON · pos=flat · latido=1.50s
[RANGO] XLMUSDT_LINEAL last=0.1749 · río=WS · mercado=linear · estado=ACECHANDO · dir=— · 0=0.175 · Oz=— · Red=— · manos=ON · pos=flat · latido=1.50s
[RANGO] autosello XLM · ACECHANDO · Oz=0.0 link=— · manos_feria_informe.json
[RANGO] XLMUSDT_LINEAL last=0.175 · río=WS · mercado=linear · estado=ACECHANDO · dir=— · 0=0.175 · Oz=— · Red=— · manos=ON · pos=flat · latido=1.50s
[RANGO] autosello XLM · ACECHANDO · Oz=0.0 link=— · manos_feria_informe.json
[RANGO] XLMUSDT_LINEAL last=0.1748 · río=WS · mercado=linear · estado=ACECHANDO · dir=— · 0=0.175 · Oz=— · Red=— · manos=ON · pos=flat · latido=1.50s
[RANGO] XLMUSDT_LINEAL last=0.1749 · río=WS · mercado=linear · estado=ACECHANDO · dir=— · 0=0.175 · Oz=— · Red=— · manos=ON · pos=flat · latido=1.50s
[RANGO] autosello XLM · ACECHANDO · Oz=0.0 link=— · manos_feria_informe.json
[2026-08-31 08:15:06] [TUSK] RECONCILIACIÓN: AEHRUSDT_LINEAL: interno L:0.090000/S:0.000000 -> real L:0.160000/S:0.000000
[2026-08-31 08:15:06] [TUSK] RECONCILIACIÓN_OK: 1 frentes alineados con exchange
[RANGO] XLMUSDT_LINEAL last=0.1748 · río=WS · mercado=linear · estado=ACECHANDO · dir=— · 0=0.175 · Oz=— · Red=— · manos=ON · pos=flat · latido=1.50s
[RANGO] autosello XLM · ACECHANDO · Oz=0.0 link=— · manos_feria_informe.json
[RANGO] XLMUSDT_LINEAL last=0.1745 · río=WS · mercado=linear · estado=ACECHANDO · dir=— · 0=0.175 · Oz=— · Red=— · manos=ON · pos=flat · latido=1.50s
[RANGO] XLMUSDT_LINEAL last=0.1746 · río=WS · mercado=linear · estado=ACECHANDO · dir=— · 0=0.175 · Oz=— · Red=— · manos=ON · pos=flat · latido=1.50s
[RANGO] autosello XLM · ACECHANDO · Oz=0.0 link=— · manos_feria_informe.json
[RANGO] XLMUSDT_LINEAL last=0.1748 · río=WS · mercado=linear · estado=ACECHANDO · dir=— · 0=0.175 · Oz=— · Red=— · manos=ON · pos=flat · latido=1.50s
[RANGO] autosello XLM · ACECHANDO · Oz=0.0 link=— · manos_feria_informe.json
[RANGO] XLMUSDT_LINEAL last=0.1747 · río=WS · mercado=linear · estado=ACECHANDO · dir=— · 0=0.175 · Oz=— · Red=— · manos=ON · pos=flat · latido=1.50s
[RANGO] XLMUSDT_LINEAL last=0.1747 · río=WS · mercado=linear · estado=ACECHANDO · dir=— · 0=0.175 · Oz=— · Red=— · manos=ON · pos=flat · latido=1.50s
[RANGO] autosello XLM · ACECHANDO · Oz=0.0 link=— · manos_feria_informe.json
[2026-08-31 08:16:07] [TUSK] RECONCILIACIÓN: ZKPUSDT_LINEAL: interno L:0.000000/S:0.000000 -> real L:1281.000000/S:0.000000
[2026-08-31 08:16:07] [TUSK] RECONCILIACIÓN: SNXXUSDT_LINEAL: interno L:6.830000/S:0.000000 -> real L:7.210000/S:0.000000
[2026-08-31 08:16:07] [TUSK] RECONCILIACIÓN_FANTASMA: POWERUSDT_LINEAL existe interno pero no en exchange -> reseteando
[2026-08-31 08:16:07] [TUSK] RECONCILIACIÓN_OK: 3 frentes alineados con exchange
[RANGO] XLMUSDT_LINEAL last=0.1748 · río=WS · mercado=linear · estado=ACECHANDO · dir=— · 0=0.175 · Oz=— · Red=— · manos=ON · pos=flat · latido=1.50s
[RANGO] autosello XLM · ACECHANDO · Oz=0.0 link=— · manos_feria_informe.json
[RANGO] XLMUSDT_LINEAL last=0.1748 · río=WS · mercado=linear · estado=ACECHANDO · dir=— · 0=0.175 · Oz=— · Red=— · manos=ON · pos=flat · latido=1.50s
[RANGO] XLMUSDT_LINEAL last=0.175 · río=WS · mercado=linear · estado=ACECHANDO · dir=— · 0=0.175 · Oz=— · Red=— · manos=ON · pos=flat · latido=1.50s
[RANGO] autosello XLM · ACECHANDO · Oz=0.0 link=— · manos_feria_informe.json
[RANGO] XLMUSDT_LINEAL last=0.17503 · río=WS · mercado=linear · estado=ACECHANDO · dir=— · 0=0.175 · Oz=— · Red=— · manos=ON · pos=flat · latido=1.50s
[RANGO] autosello XLM · ACECHANDO · Oz=0.0 link=— · manos_feria_informe.json
[RANGO] XLMUSDT_LINEAL last=0.1749 · río=WS · mercado=linear · estado=ACECHANDO · dir=— · 0=0.175 · Oz=— · Red=— · manos=ON · pos=flat · latido=1.50s
[RANGO] XLMUSDT_LINEAL last=0.1749 · río=WS · mercado=linear · estado=ACECHANDO · dir=— · 0=0.175 · Oz=— · Red=— · manos=ON · pos=flat · latido=1.50s
[RANGO] autosello XLM · ACECHANDO · Oz=0.0 link=— · manos_feria_informe.json
[RANGO] XLMUSDT_LINEAL last=0.175 · río=WS · mercado=linear · estado=ACECHANDO · dir=— · 0=0.175 · Oz=— · Red=— · manos=ON · pos=flat · latido=1.50s
[2026-08-31 08:17:08] [TUSK] RECONCILIACIÓN: AXTIUSDT_LINEAL: interno L:0.000000/S:0.000000 -> real L:1.690000/S:0.000000
[2026-08-31 08:17:08] [TUSK] RECONCILIACIÓN_FANTASMA: TSLLUSDT_LINEAL existe interno pero no en exchange -> reseteando
[2026-08-31 08:17:08] [TUSK] RECONCILIACIÓN_OK: 2 frentes alineados con exchange
[RANGO] autosello XLM · ACECHANDO · Oz=0.0 link=— · manos_feria_informe.json
[RANGO] XLMUSDT_LINEAL last=0.175 · río=WS · mercado=linear · estado=ACECHANDO · dir=— · 0=0.175 · Oz=— · Red=— · manos=ON · pos=flat · latido=1.50s
[RANGO] XLMUSDT_LINEAL last=0.1749 · río=WS · mercado=linear · estado=ACECHANDO · dir=— · 0=0.175 · Oz=— · Red=— · manos=ON · pos=flat · latido=1.50s
[RANGO] autosello XLM · ACECHANDO · Oz=0.0 link=— · manos_feria_informe.json
[RANGO] XLMUSDT_LINEAL last=0.175 · río=WS · mercado=linear · estado=ACECHANDO · dir=— · 0=0.175 · Oz=— · Red=— · manos=ON · pos=flat · latido=1.50s
[RANGO] autosello XLM · ACECHANDO · Oz=0.0 link=— · manos_feria_informe.json
[RANGO] XLMUSDT_LINEAL last=0.175 · río=WS · mercado=linear · estado=ACECHANDO · dir=— · 0=0.175 · Oz=— · Red=— · manos=ON · pos=flat · latido=1.50s
[RANGO] XLMUSDT_LINEAL last=0.175 · río=WS · mercado=linear · estado=ACECHANDO · dir=— · 0=0.175 · Oz=— · Red=— · manos=ON · pos=flat · latido=1.50s
[RANGO] autosello XLM · ACECHANDO · Oz=0.0 link=— · manos_feria_informe.json
[RANGO] XLMUSDT_LINEAL last=0.175 · río=WS · mercado=linear · estado=ACECHANDO · dir=— · 0=0.175 · Oz=— · Red=— · manos=ON · pos=flat · latido=1.50s
[RANGO] autosello XLM · ACECHANDO · Oz=0.0 link=— · manos_feria_informe.json
[RANGO] XLMUSDT_LINEAL last=0.1751 · río=WS · mercado=linear · estado=ACECHANDO · dir=— · 0=0.175 · Oz=— · Red=— · manos=ON · pos=flat · latido=1.50s
[RANGO] XLMUSDT_LINEAL last=0.1751 · río=WS · mercado=linear · estado=ACECHANDO · dir=— · 0=0.175 · Oz=— · Red=— · manos=ON · pos=flat · latido=1.50s
[RANGO] autosello XLM · ACECHANDO · Oz=0.0 link=— · manos_feria_informe.json
[RANGO] XLMUSDT_LINEAL last=0.1752 · río=WS · mercado=linear · estado=ACECHANDO · dir=— · 0=0.175 · Oz=— · Red=— · manos=ON · pos=flat · latido=1.50s
[RANGO] autosello XLM · ACECHANDO · Oz=0.0 link=— · manos_feria_informe.json
[RANGO] XLMUSDT_LINEAL last=0.175 · río=WS · mercado=linear · estado=ACECHANDO · dir=— · 0=0.175 · Oz=— · Red=— · manos=ON · pos=flat · latido=1.50s
[RANGO] XLMUSDT_LINEAL last=0.1751 · río=WS · mercado=linear · estado=ACECHANDO · dir=— · 0=0.175 · Oz=— · Red=— · manos=ON · pos=flat · latido=1.50s
[RANGO] autosello XLM · ACECHANDO · Oz=0.0 link=— · manos_feria_informe.json
[RANGO] XLMUSDT_LINEAL last=0.1752 · río=WS · mercado=linear · estado=ACECHANDO · dir=— · 0=0.175 · Oz=— · Red=— · manos=ON · pos=flat · latido=1.50s
[RANGO] autosello XLM · ACECHANDO · Oz=0.0 link=— · manos_feria_informe.json
[RANGO] XLMUSDT_LINEAL last=0.1751 · río=WS · mercado=linear · estado=ACECHANDO · dir=— · 0=0.175 · Oz=— · Red=— · manos=ON · pos=flat · latido=1.50s
[RANGO] XLMUSDT_LINEAL last=0.1752 · río=WS · mercado=linear · estado=ACECHANDO · dir=— · 0=0.175 · Oz=— · Red=— · manos=ON · pos=flat · latido=1.50s
[RANGO] autosello XLM · ACECHANDO · Oz=0.0 link=— · manos_feria_informe.json
[RANGO] XLMUSDT_LINEAL last=0.1752 · río=WS · mercado=linear · estado=ACECHANDO · dir=— · 0=0.175 · Oz=— · Red=— · manos=ON · pos=flat · latido=1.50s
[RANGO] autosello XLM · ACECHANDO · Oz=0.0 link=— · manos_feria_informe.json
[RANGO] XLMUSDT_LINEAL last=0.1751 · río=WS · mercado=linear · estado=ACECHANDO · dir=— · 0=0.175 · Oz=— · Red=— · manos=ON · pos=flat · latido=1.50s
[RANGO] XLMUSDT_LINEAL last=0.1751 · río=WS · mercado=linear · estado=ACECHANDO · dir=— · 0=0.175 · Oz=— · Red=— · manos=ON · pos=flat · latido=1.50s
[RANGO] autosello XLM · ACECHANDO · Oz=0.0 link=— · manos_feria_informe.json
[RANGO] XLMUSDT_LINEAL last=0.175 · río=WS · mercado=linear · estado=ACECHANDO · dir=— · 0=0.175 · Oz=— · Red=— · manos=ON · pos=flat · latido=1.50s
[2026-08-31 08:20:12] [TUSK] RECONCILIACIÓN: MSTRUSDT_LINEAL: interno L:0.000000/S:0.000000 -> real L:0.240000/S:0.000000
[2026-08-31 08:20:12] [TUSK] RECONCILIACIÓN_FANTASMA: BIOUSDT_LINEAL existe interno pero no en exchange -> reseteando
[2026-08-31 08:20:12] [TUSK] RECONCILIACIÓN_OK: 2 frentes alineados con exchange
[RANGO] autosello XLM · ACECHANDO · Oz=0.0 link=— · manos_feria_informe.json
[RANGO] XLMUSDT_LINEAL last=0.1751 · río=WS · mercado=linear · estado=ACECHANDO · dir=— · 0=0.175 · Oz=— · Red=— · manos=ON · pos=flat · latido=1.50s
[RANGO] XLMUSDT_LINEAL last=0.1751 · río=WS · mercado=linear · estado=ACECHANDO · dir=— · 0=0.175 · Oz=— · Red=— · manos=ON · pos=flat · latido=1.50s
[RANGO] autosello XLM · ACECHANDO · Oz=0.0 link=— · manos_feria_informe.json
[RANGO] XLMUSDT_LINEAL last=0.1751 · río=WS · mercado=linear · estado=ACECHANDO · dir=— · 0=0.175 · Oz=— · Red=— · manos=ON · pos=flat · latido=1.50s
[RANGO] autosello XLM · ACECHANDO · Oz=0.0 link=— · manos_feria_informe.json
[RANGO] XLMUSDT_LINEAL last=0.175 · río=WS · mercado=linear · estado=ACECHANDO · dir=— · 0=0.175 · Oz=— · Red=— · manos=ON · pos=flat · latido=1.50s
[RANGO] XLMUSDT_LINEAL last=0.175 · río=WS · mercado=linear · estado=ACECHANDO · dir=— · 0=0.175 · Oz=— · Red=— · manos=ON · pos=flat · latido=1.50s
[RANGO] autosello XLM · ACECHANDO · Oz=0.0 link=— · manos_feria_informe.json
[RANGO] XLMUSDT_LINEAL last=0.175 · río=WS · mercado=linear · estado=ACECHANDO · dir=— · 0=0.175 · Oz=— · Red=— · manos=ON · pos=flat · latido=1.50s
[2026-08-31 08:21:13] [TUSK] RECONCILIACIÓN: SNXXUSDT_LINEAL: interno L:7.210000/S:0.000000 -> real L:6.830000/S:0.000000
[2026-08-31 08:21:13] [TUSK] RECONCILIACIÓN_OK: 1 frentes alineados con exchange
[RANGO] autosello XLM · ACECHANDO · Oz=0.0 link=— · manos_feria_informe.json
[RANGO] XLMUSDT_LINEAL last=0.175 · río=WS · mercado=linear · estado=ACECHANDO · dir=— · 0=0.175 · Oz=— · Red=— · manos=ON · pos=flat · latido=1.50s
[RANGO] XLMUSDT_LINEAL last=0.175 · río=WS · mercado=linear · estado=ACECHANDO · dir=— · 0=0.175 · Oz=— · Red=— · manos=ON · pos=flat · latido=1.50s
[RANGO] autosello XLM · ACECHANDO · Oz=0.0 link=— · manos_feria_informe.json
[RANGO] XLMUSDT_LINEAL last=0.1751 · río=WS · mercado=linear · estado=ACECHANDO · dir=— · 0=0.175 · Oz=— · Red=— · manos=ON · pos=flat · latido=1.50s
[RANGO] autosello XLM · ACECHANDO · Oz=0.0 link=— · manos_feria_informe.json
[RANGO] XLMUSDT_LINEAL last=0.175 · río=WS · mercado=linear · estado=ACECHANDO · dir=— · 0=0.175 · Oz=— · Red=— · manos=ON · pos=flat · latido=1.50s
[RANGO] XLMUSDT_LINEAL last=0.1752 · río=WS · mercado=linear · estado=ACECHANDO · dir=— · 0=0.175 · Oz=— · Red=— · manos=ON · pos=flat · latido=1.50s
[RANGO] autosello XLM · ACECHANDO · Oz=0.0 link=— · manos_feria_informe.json
[RANGO] XLMUSDT_LINEAL last=0.1751 · río=WS · mercado=linear · estado=ACECHANDO · dir=— · 0=0.175 · Oz=— · Red=— · manos=ON · pos=flat · latido=1.50s
[RANGO] autosello XLM · ACECHANDO · Oz=0.0 link=— · manos_feria_informe.json
[RANGO] XLMUSDT_LINEAL last=0.1753 · río=WS · mercado=linear · estado=ACECHANDO · dir=— · 0=0.175 · Oz=— · Red=— · manos=ON · pos=flat · latido=1.50s
[RANGO] XLMUSDT_LINEAL last=0.1753 · río=WS · mercado=linear · estado=ACECHANDO · dir=— · 0=0.175 · Oz=— · Red=— · manos=ON · pos=flat · latido=1.50s
[RANGO] autosello XLM · ACECHANDO · Oz=0.0 link=— · manos_feria_informe.json
[RANGO] XLMUSDT_LINEAL last=0.1753 · río=WS · mercado=linear · estado=ACECHANDO · dir=— · 0=0.175 · Oz=— · Red=— · manos=ON · pos=flat · latido=1.50s
[RANGO] autosello XLM · ACECHANDO · Oz=0.0 link=— · manos_feria_informe.json
[RANGO] XLMUSDT_LINEAL last=0.1752 · río=WS · mercado=linear · estado=ACECHANDO · dir=— · 0=0.175 · Oz=— · Red=— · manos=ON · pos=flat · latido=1.50s
[RANGO] XLMUSDT_LINEAL last=0.1751 · río=WS · mercado=linear · estado=ACECHANDO · dir=— · 0=0.175 · Oz=— · Red=— · manos=ON · pos=flat · latido=1.50s
[RANGO] autosello XLM · ACECHANDO · Oz=0.0 link=— · manos_feria_informe.json
[RANGO] XLMUSDT_LINEAL last=0.1748 · río=WS · mercado=linear · estado=ACECHANDO · dir=— · 0=0.175 · Oz=— · Red=— · manos=ON · pos=flat · latido=1.50s
[2026-08-31 08:23:15] [TUSK] RECONCILIACIÓN: POWERUSDT_LINEAL: interno L:0.000000/S:0.000000 -> real L:67.000000/S:0.000000
[2026-08-31 08:23:15] [TUSK] RECONCILIACIÓN_FANTASMA: PLTRUSDT_LINEAL existe interno pero no en exchange -> reseteando
[2026-08-31 08:23:15] [TUSK] RECONCILIACIÓN_OK: 2 frentes alineados con exchange
[RANGO] autosello XLM · ACECHANDO · Oz=0.0 link=— · manos_feria_informe.json
[RANGO] XLMUSDT_LINEAL last=0.1749 · río=WS · mercado=linear · estado=ACECHANDO · dir=— · 0=0.175 · Oz=— · Red=— · manos=ON · pos=flat · latido=1.50s
[RANGO] XLMUSDT_LINEAL last=0.1747 · río=WS · mercado=linear · estado=ACECHANDO · dir=— · 0=0.175 · Oz=— · Red=— · manos=ON · pos=flat · latido=1.50s
[RANGO] autosello XLM · ACECHANDO · Oz=0.0 link=— · manos_feria_informe.json
[RANGO] XLMUSDT_LINEAL last=0.1747 · río=WS · mercado=linear · estado=ACECHANDO · dir=— · 0=0.175 · Oz=— · Red=— · manos=ON · pos=flat · latido=1.50s
[RANGO] autosello XLM · ACECHANDO · Oz=0.0 link=— · manos_feria_informe.json
[RANGO] XLMUSDT_LINEAL last=0.1748 · río=WS · mercado=linear · estado=ACECHANDO · dir=— · 0=0.175 · Oz=— · Red=— · manos=ON · pos=flat · latido=1.50s
[RANGO] XLMUSDT_LINEAL last=0.1747 · río=WS · mercado=linear · estado=ACECHANDO · dir=— · 0=0.175 · Oz=— · Red=— · manos=ON · pos=flat · latido=1.50s
[RANGO] autosello XLM · ACECHANDO · Oz=0.0 link=— · manos_feria_informe.json
[RANGO] XLMUSDT_LINEAL last=0.1747 · río=WS · mercado=linear · estado=ACECHANDO · dir=— · 0=0.175 · Oz=— · Red=— · manos=ON · pos=flat · latido=1.50s
[RANGO] autosello XLM · ACECHANDO · Oz=0.0 link=— · manos_feria_informe.json
[RANGO] XLMUSDT_LINEAL last=0.1746 · río=WS · mercado=linear · estado=ACECHANDO · dir=— · 0=0.175 · Oz=— · Red=— · manos=ON · pos=flat · latido=1.50s
[RANGO] XLMUSDT_LINEAL last=0.17475 · río=WS · mercado=linear · estado=ACECHANDO · dir=— · 0=0.175 · Oz=— · Red=— · manos=ON · pos=flat · latido=1.50s
[RANGO] autosello XLM · ACECHANDO · Oz=0.0 link=— · manos_feria_informe.json
[RANGO] XLMUSDT_LINEAL last=0.1747 · río=WS · mercado=linear · estado=ACECHANDO · dir=— · 0=0.175 · Oz=— · Red=— · manos=ON · pos=flat · latido=1.50s
[RANGO] autosello XLM · ACECHANDO · Oz=0.0 link=— · manos_feria_informe.json
[RANGO] XLMUSDT_LINEAL last=0.1747 · río=WS · mercado=linear · estado=ACECHANDO · dir=— · 0=0.175 · Oz=— · Red=— · manos=ON · pos=flat · latido=1.50s
[RANGO] XLMUSDT_LINEAL last=0.1747 · río=WS · mercado=linear · estado=ACECHANDO · dir=— · 0=0.175 · Oz=— · Red=— · manos=ON · pos=flat · latido=1.50s
[RANGO] autosello XLM · ACECHANDO · Oz=0.0 link=— · manos_feria_informe.json
[RANGO] XLMUSDT_LINEAL last=0.1746 · río=WS · mercado=linear · estado=ACECHANDO · dir=— · 0=0.175 · Oz=— · Red=— · manos=ON · pos=flat · latido=1.50s
[RANGO] autosello XLM · ACECHANDO · Oz=0.0 link=— · manos_feria_informe.json
[RANGO] XLMUSDT_LINEAL last=0.1746 · río=WS · mercado=linear · estado=ACECHANDO · dir=— · 0=0.175 · Oz=— · Red=— · manos=ON · pos=flat · latido=1.50s
[RANGO] XLMUSDT_LINEAL last=0.1745 · río=WS · mercado=linear · estado=ACECHANDO · dir=— · 0=0.175 · Oz=— · Red=— · manos=ON · pos=flat · latido=1.50s
[RANGO] autosello XLM · ACECHANDO · Oz=0.0 link=— · manos_feria_informe.json
[RANGO] XLMUSDT_LINEAL last=0.1747 · río=WS · mercado=linear · estado=ACECHANDO · dir=— · 0=0.175 · Oz=— · Red=— · manos=ON · pos=flat · latido=1.50s
[RANGO] autosello XLM · ACECHANDO · Oz=0.0 link=— · manos_feria_informe.json
[RANGO] XLMUSDT_LINEAL last=0.1748 · río=WS · mercado=linear · estado=ACECHANDO · dir=— · 0=0.175 · Oz=— · Red=— · manos=ON · pos=flat · latido=1.50s
[RANGO] XLMUSDT_LINEAL last=0.1747 · río=WS · mercado=linear · estado=ACECHANDO · dir=— · 0=0.175 · Oz=— · Red=— · manos=ON · pos=flat · latido=1.50s
[RANGO] autosello XLM · ACECHANDO · Oz=0.0 link=— · manos_feria_informe.json
[RANGO] XLMUSDT_LINEAL last=0.1747 · río=WS · mercado=linear · estado=ACECHANDO · dir=— · 0=0.175 · Oz=— · Red=— · manos=ON · pos=flat · latido=1.50s
[RANGO] autosello XLM · ACECHANDO · Oz=0.0 link=— · manos_feria_informe.json
[RANGO] XLMUSDT_LINEAL last=0.1747 · río=WS · mercado=linear · estado=ACECHANDO · dir=— · 0=0.175 · Oz=— · Red=— · manos=ON · pos=flat · latido=1.50s
[RANGO] XLMUSDT_LINEAL last=0.1748 · río=WS · mercado=linear · estado=ACECHANDO · dir=— · 0=0.175 · Oz=— · Red=— · manos=ON · pos=flat · latido=1.50s
[RANGO] autosello XLM · ACECHANDO · Oz=0.0 link=— · manos_feria_informe.json
[RANGO] XLMUSDT_LINEAL last=0.17472 · río=WS · mercado=linear · estado=ACECHANDO · dir=— · 0=0.175 · Oz=— · Red=— · manos=ON · pos=flat · latido=1.50s
[RANGO] autosello XLM · ACECHANDO · Oz=0.0 link=— · manos_feria_informe.json
[RANGO] XLMUSDT_LINEAL last=0.1747 · río=WS · mercado=linear · estado=ACECHANDO · dir=— · 0=0.175 · Oz=— · Red=— · manos=ON · pos=flat · latido=1.50s
[RANGO] XLMUSDT_LINEAL last=0.1747 · río=WS · mercado=linear · estado=ACECHANDO · dir=— · 0=0.175 · Oz=— · Red=— · manos=ON · pos=flat · latido=1.50s
[RANGO] autosello XLM · ACECHANDO · Oz=0.0 link=— · manos_feria_informe.json
[RANGO] XLMUSDT_LINEAL last=0.1747 · río=WS · mercado=linear · estado=ACECHANDO · dir=— · 0=0.175 · Oz=— · Red=— · manos=ON · pos=flat · latido=1.50s
[RANGO] autosello XLM · ACECHANDO · Oz=0.0 link=— · manos_feria_informe.json
[RANGO] XLMUSDT_LINEAL last=0.1747 · río=WS · mercado=linear · estado=ACECHANDO · dir=— · 0=0.175 · Oz=— · Red=— · manos=ON · pos=flat · latido=1.50s
[RANGO] XLMUSDT_LINEAL last=0.1748 · río=WS · mercado=linear · estado=ACECHANDO · dir=— · 0=0.175 · Oz=— · Red=— · manos=ON · pos=flat · latido=1.50s
[RANGO] autosello XLM · ACECHANDO · Oz=0.0 link=— · manos_feria_informe.json
[RANGO] XLMUSDT_LINEAL last=0.1748 · río=WS · mercado=linear · estado=ACECHANDO · dir=— · 0=0.175 · Oz=— · Red=— · manos=ON · pos=flat · latido=1.50s
[RANGO] autosello XLM · ACECHANDO · Oz=0.0 link=— · manos_feria_informe.json
[RANGO] XLMUSDT_LINEAL last=0.1747 · río=WS · mercado=linear · estado=ACECHANDO · dir=— · 0=0.175 · Oz=— · Red=— · manos=ON · pos=flat · latido=1.50s
[RANGO] XLMUSDT_LINEAL last=0.1747 · río=WS · mercado=linear · estado=ACECHANDO · dir=— · 0=0.175 · Oz=— · Red=— · manos=ON · pos=flat · latido=1.50s
[RANGO] autosello XLM · ACECHANDO · Oz=0.0 link=— · manos_feria_informe.json
[RANGO] XLMUSDT_LINEAL last=0.1747 · río=WS · mercado=linear · estado=ACECHANDO · dir=— · 0=0.175 · Oz=— · Red=— · manos=ON · pos=flat · latido=1.50s
[RANGO] autosello XLM · ACECHANDO · Oz=0.0 link=— · manos_feria_informe.json
[RANGO] XLMUSDT_LINEAL last=0.1749 · río=WS · mercado=linear · estado=ACECHANDO · dir=— · 0=0.175 · Oz=— · Red=— · manos=ON · pos=flat · latido=1.50s
[2026-08-31 08:28:20] [TUSK] RECONCILIACIÓN: POWERUSDT_LINEAL: interno L:67.000000/S:0.000000 -> real L:6.000000/S:0.000000
[2026-08-31 08:28:20] [TUSK] RECONCILIACIÓN_OK: 1 frentes alineados con exchange
[RANGO] XLMUSDT_LINEAL last=0.1748 · río=WS · mercado=linear · estado=ACECHANDO · dir=— · 0=0.175 · Oz=— · Red=— · manos=ON · pos=flat · latido=1.50s
[RANGO] autosello XLM · ACECHANDO · Oz=0.0 link=— · manos_feria_informe.json
[RANGO] XLMUSDT_LINEAL last=0.1749 · río=WS · mercado=linear · estado=ACECHANDO · dir=— · 0=0.175 · Oz=— · Red=— · manos=ON · pos=flat · latido=1.50s
[RANGO] autosello XLM · ACECHANDO · Oz=0.0 link=— · manos_feria_informe.json
[RANGO] XLMUSDT_LINEAL last=0.1749 · río=WS · mercado=linear · estado=ACECHANDO · dir=— · 0=0.175 · Oz=— · Red=— · manos=ON · pos=flat · latido=1.50s
[RANGO] XLMUSDT_LINEAL last=0.1749 · río=WS · mercado=linear · estado=ACECHANDO · dir=— · 0=0.175 · Oz=— · Red=— · manos=ON · pos=flat · latido=1.50s
[RANGO] autosello XLM · ACECHANDO · Oz=0.0 link=— · manos_feria_informe.json
[RANGO] XLMUSDT_LINEAL last=0.175 · río=WS · mercado=linear · estado=ACECHANDO · dir=— · 0=0.175 · Oz=— · Red=— · manos=ON · pos=flat · latido=1.50s
[RANGO] autosello XLM · ACECHANDO · Oz=0.0 link=— · manos_feria_informe.json
[RANGO] XLMUSDT_LINEAL last=0.1749 · río=WS · mercado=linear · estado=ACECHANDO · dir=— · 0=0.175 · Oz=— · Red=— · manos=ON · pos=flat · latido=1.50s
[RANGO] XLMUSDT_LINEAL last=0.1748 · río=WS · mercado=linear · estado=ACECHANDO · dir=— · 0=0.175 · Oz=— · Red=— · manos=ON · pos=flat · latido=1.50s
[RANGO] autosello XLM · ACECHANDO · Oz=0.0 link=— · manos_feria_informe.json
[RANGO] XLMUSDT_LINEAL last=0.175 · río=WS · mercado=linear · estado=ACECHANDO · dir=— · 0=0.175 · Oz=— · Red=— · manos=ON · pos=flat · latido=1.50s
[RANGO] autosello XLM · ACECHANDO · Oz=0.0 link=— · manos_feria_informe.json
[RANGO] XLMUSDT_LINEAL last=0.1748 · río=WS · mercado=linear · estado=ACECHANDO · dir=— · 0=0.175 · Oz=— · Red=— · manos=ON · pos=flat · latido=1.50s
[RANGO] XLMUSDT_LINEAL last=0.1749 · río=WS · mercado=linear · estado=ACECHANDO · dir=— · 0=0.175 · Oz=— · Red=— · manos=ON · pos=flat · latido=1.50s
[RANGO] autosello XLM · ACECHANDO · Oz=0.0 link=— · manos_feria_informe.json
[RANGO] XLMUSDT_LINEAL last=0.1748 · río=WS · mercado=linear · estado=ACECHANDO · dir=— · 0=0.175 · Oz=— · Red=— · manos=ON · pos=flat · latido=1.50s
[RANGO] autosello XLM · ACECHANDO · Oz=0.0 link=— · manos_feria_informe.json
[RANGO] XLMUSDT_LINEAL last=0.1748 · río=WS · mercado=linear · estado=ACECHANDO · dir=— · 0=0.175 · Oz=— · Red=— · manos=ON · pos=flat · latido=1.50s
[RANGO] XLMUSDT_LINEAL last=0.1749 · río=WS · mercado=linear · estado=ACECHANDO · dir=— · 0=0.175 · Oz=— · Red=— · manos=ON · pos=flat · latido=1.50s
[RANGO] autosello XLM · ACECHANDO · Oz=0.0 link=— · manos_feria_informe.json
[RANGO] XLMUSDT_LINEAL last=0.1751 · río=WS · mercado=linear · estado=ACECHANDO · dir=— · 0=0.175 · Oz=— · Red=— · manos=ON · pos=flat · latido=1.50s
[RANGO] autosello XLM · ACECHANDO · Oz=0.0 link=— · manos_feria_informe.json
[RANGO] XLMUSDT_LINEAL last=0.1751 · río=WS · mercado=linear · estado=ACECHANDO · dir=— · 0=0.175 · Oz=— · Red=— · manos=ON · pos=flat · latido=1.50s
[RANGO] XLMUSDT_LINEAL last=0.1751 · río=WS · mercado=linear · estado=ACECHANDO · dir=— · 0=0.175 · Oz=— · Red=— · manos=ON · pos=flat · latido=1.50s
[RANGO] autosello XLM · ACECHANDO · Oz=0.0 link=— · manos_feria_informe.json
[RANGO] XLMUSDT_LINEAL last=0.1752 · río=WS · mercado=linear · estado=ACECHANDO · dir=— · 0=0.175 · Oz=— · Red=— · manos=ON · pos=flat · latido=1.50s
[RANGO] autosello XLM · ACECHANDO · Oz=0.0 link=— · manos_feria_informe.json
[RANGO] XLMUSDT_LINEAL last=0.1751 · río=WS · mercado=linear · estado=ACECHANDO · dir=— · 0=0.175 · Oz=— · Red=— · manos=ON · pos=flat · latido=1.50s
[RANGO] XLMUSDT_LINEAL last=0.1752 · río=WS · mercado=linear · estado=ACECHANDO · dir=— · 0=0.175 · Oz=— · Red=— · manos=ON · pos=flat · latido=1.50s
[RANGO] autosello XLM · ACECHANDO · Oz=0.0 link=— · manos_feria_informe.json
[RANGO] XLMUSDT_LINEAL last=0.1751 · río=WS · mercado=linear · estado=ACECHANDO · dir=— · 0=0.175 · Oz=— · Red=— · manos=ON · pos=flat · latido=1.50s
[RANGO] autosello XLM · ACECHANDO · Oz=0.0 link=— · manos_feria_informe.json
[RANGO] XLMUSDT_LINEAL last=0.1749 · río=WS · mercado=linear · estado=ACECHANDO · dir=— · 0=0.175 · Oz=— · Red=— · manos=ON · pos=flat · latido=1.50s
[RANGO] XLMUSDT_LINEAL last=0.1749 · río=WS · mercado=linear · estado=ACECHANDO · dir=— · 0=0.175 · Oz=— · Red=— · manos=ON · pos=flat · latido=1.50s
[RANGO] autosello XLM · ACECHANDO · Oz=0.0 link=— · manos_feria_informe.json
[RANGO] XLMUSDT_LINEAL last=0.1749 · río=WS · mercado=linear · estado=ACECHANDO · dir=— · 0=0.175 · Oz=— · Red=— · manos=ON · pos=flat · latido=1.50s
[RANGO] autosello XLM · ACECHANDO · Oz=0.0 link=— · manos_feria_informe.json
[RANGO] XLMUSDT_LINEAL last=0.1747 · río=WS · mercado=linear · estado=ACECHANDO · dir=— · 0=0.175 · Oz=— · Red=— · manos=ON · pos=flat · latido=1.50s
[RANGO] XLMUSDT_LINEAL last=0.1747 · río=WS · mercado=linear · estado=ACECHANDO · dir=— · 0=0.175 · Oz=— · Red=— · manos=ON · pos=flat · latido=1.50s
[RANGO] autosello XLM · ACECHANDO · Oz=0.0 link=— · manos_feria_informe.json
[RANGO] XLMUSDT_LINEAL last=0.1748 · río=WS · mercado=linear · estado=ACECHANDO · dir=— · 0=0.175 · Oz=— · Red=— · manos=ON · pos=flat · latido=1.50s
[RANGO] autosello XLM · ACECHANDO · Oz=0.0 link=— · manos_feria_informe.json
[RANGO] XLMUSDT_LINEAL last=0.1748 · río=WS · mercado=linear · estado=ACECHANDO · dir=— · 0=0.175 · Oz=— · Red=— · manos=ON · pos=flat · latido=1.50s
[RANGO] XLMUSDT_LINEAL last=0.1747 · río=WS · mercado=linear · estado=ACECHANDO · dir=— · 0=0.175 · Oz=— · Red=— · manos=ON · pos=flat · latido=1.50s
[RANGO] autosello XLM · ACECHANDO · Oz=0.0 link=— · manos_feria_informe.json
[RANGO] XLMUSDT_LINEAL last=0.1745 · río=WS · mercado=linear · estado=ACECHANDO · dir=— · 0=0.175 · Oz=— · Red=— · manos=ON · pos=flat · latido=1.50s
[RANGO] autosello XLM · ACECHANDO · Oz=0.0 link=— · manos_feria_informe.json
[RANGO] XLMUSDT_LINEAL last=0.1746 · río=WS · mercado=linear · estado=ACECHANDO · dir=— · 0=0.175 · Oz=— · Red=— · manos=ON · pos=flat · latido=1.50s
[RANGO] XLMUSDT_LINEAL last=0.1747 · río=WS · mercado=linear · estado=ACECHANDO · dir=— · 0=0.175 · Oz=— · Red=— · manos=ON · pos=flat · latido=1.50s
[RANGO] autosello XLM · ACECHANDO · Oz=0.0 link=— · manos_feria_informe.json
[RANGO] XLMUSDT_LINEAL last=0.17461 · río=WS · mercado=linear · estado=ACECHANDO · dir=— · 0=0.175 · Oz=— · Red=— · manos=ON · pos=flat · latido=1.50s
[RANGO] autosello XLM · ACECHANDO · Oz=0.0 link=— · manos_feria_informe.json
[RANGO] XLMUSDT_LINEAL last=0.1746 · río=WS · mercado=linear · estado=ACECHANDO · dir=— · 0=0.175 · Oz=— · Red=— · manos=ON · pos=flat · latido=1.50s
[RANGO] XLMUSDT_LINEAL last=0.1746 · río=WS · mercado=linear · estado=ACECHANDO · dir=— · 0=0.175 · Oz=— · Red=— · manos=ON · pos=flat · latido=1.50s
[RANGO] autosello XLM · ACECHANDO · Oz=0.0 link=— · manos_feria_informe.json
[RANGO] XLMUSDT_LINEAL last=0.1747 · río=WS · mercado=linear · estado=ACECHANDO · dir=— · 0=0.175 · Oz=— · Red=— · manos=ON · pos=flat · latido=1.50s
[RANGO] autosello XLM · ACECHANDO · Oz=0.0 link=— · manos_feria_informe.json
[RANGO] XLMUSDT_LINEAL last=0.1749 · río=WS · mercado=linear · estado=ACECHANDO · dir=— · 0=0.175 · Oz=— · Red=— · manos=ON · pos=flat · latido=1.50s
[RANGO] XLMUSDT_LINEAL last=0.175 · río=WS · mercado=linear · estado=ACECHANDO · dir=— · 0=0.175 · Oz=— · Red=— · manos=ON · pos=flat · latido=1.50s
[RANGO] autosello XLM · ACECHANDO · Oz=0.0 link=— · manos_feria_informe.json
[RANGO] XLMUSDT_LINEAL last=0.1749 · río=WS · mercado=linear · estado=ACECHANDO · dir=— · 0=0.175 · Oz=— · Red=— · manos=ON · pos=flat · latido=1.50s
[RANGO] autosello XLM · ACECHANDO · Oz=0.0 link=— · manos_feria_informe.json
[RANGO] XLMUSDT_LINEAL last=0.1749 · río=WS · mercado=linear · estado=ACECHANDO · dir=— · 0=0.175 · Oz=— · Red=— · manos=ON · pos=flat · latido=1.50s
[RANGO] XLMUSDT_LINEAL last=0.1746 · río=WS · mercado=linear · estado=ACECHANDO · dir=— · 0=0.175 · Oz=— · Red=— · manos=ON · pos=flat · latido=1.50s
[RANGO] autosello XLM · ACECHANDO · Oz=0.0 link=— · manos_feria_informe.json
[RANGO] XLMUSDT_LINEAL last=0.1746 · río=WS · mercado=linear · estado=ACECHANDO · dir=— · 0=0.175 · Oz=— · Red=— · manos=ON · pos=flat · latido=1.50s
[RANGO] autosello XLM · ACECHANDO · Oz=0.0 link=— · manos_feria_informe.json
[RANGO] XLMUSDT_LINEAL last=0.1747 · río=WS · mercado=linear · estado=ACECHANDO · dir=— · 0=0.175 · Oz=— · Red=— · manos=ON · pos=flat · latido=1.50s
[RANGO] XLMUSDT_LINEAL last=0.1747 · río=WS · mercado=linear · estado=ACECHANDO · dir=— · 0=0.175 · Oz=— · Red=— · manos=ON · pos=flat · latido=1.50s
[RANGO] autosello XLM · ACECHANDO · Oz=0.0 link=— · manos_feria_informe.json
[RANGO] XLMUSDT_LINEAL last=0.1749 · río=WS · mercado=linear · estado=ACECHANDO · dir=— · 0=0.175 · Oz=— · Red=— · manos=ON · pos=flat · latido=1.50s
[RANGO] autosello XLM · ACECHANDO · Oz=0.0 link=— · manos_feria_informe.json
[RANGO] XLMUSDT_LINEAL last=0.1749 · río=WS · mercado=linear · estado=ACECHANDO · dir=— · 0=0.175 · Oz=— · Red=— · manos=ON · pos=flat · latido=1.50s
[RANGO] XLMUSDT_LINEAL last=0.1749 · río=WS · mercado=linear · estado=ACECHANDO · dir=— · 0=0.175 · Oz=— · Red=— · manos=ON · pos=flat · latido=1.50s
[RANGO] autosello XLM · ACECHANDO · Oz=0.0 link=— · manos_feria_informe.json
[RANGO] XLMUSDT_LINEAL last=0.1749 · río=WS · mercado=linear · estado=ACECHANDO · dir=— · 0=0.175 · Oz=— · Red=— · manos=ON · pos=flat · latido=1.50s
[RANGO] autosello XLM · ACECHANDO · Oz=0.0 link=— · manos_feria_informe.json
[RANGO] XLMUSDT_LINEAL last=0.175 · río=WS · mercado=linear · estado=ACECHANDO · dir=— · 0=0.175 · Oz=— · Red=— · manos=ON · pos=flat · latido=1.50s
[2026-08-31 08:36:29] [TUSK] RECONCILIACIÓN: TSLLUSDT_LINEAL: interno L:0.000000/S:0.000000 -> real L:0.630000/S:0.000000
[2026-08-31 08:36:29] [TUSK] RECONCILIACIÓN_FANTASMA: COTIUSDT_LINEAL existe interno pero no en exchange -> reseteando
[2026-08-31 08:36:29] [TUSK] RECONCILIACIÓN_OK: 2 frentes alineados con exchange
[RANGO] XLMUSDT_LINEAL last=0.1751 · río=WS · mercado=linear · estado=ACECHANDO · dir=— · 0=0.175 · Oz=— · Red=— · manos=ON · pos=flat · latido=1.50s
[RANGO] autosello XLM · ACECHANDO · Oz=0.0 link=— · manos_feria_informe.json
[RANGO] XLMUSDT_LINEAL last=0.1752 · río=WS · mercado=linear · estado=ACECHANDO · dir=— · 0=0.175 · Oz=— · Red=— · manos=ON · pos=flat · latido=1.50s
[RANGO] autosello XLM · ACECHANDO · Oz=0.0 link=— · manos_feria_informe.json
[RANGO] XLMUSDT_LINEAL last=0.1752 · río=WS · mercado=linear · estado=ACECHANDO · dir=— · 0=0.175 · Oz=— · Red=— · manos=ON · pos=flat · latido=1.50s
[RANGO] XLMUSDT_LINEAL last=0.1752 · río=WS · mercado=linear · estado=ACECHANDO · dir=— · 0=0.175 · Oz=— · Red=— · manos=ON · pos=flat · latido=1.50s
[RANGO] autosello XLM · ACECHANDO · Oz=0.0 link=— · manos_feria_informe.json
[RANGO] XLMUSDT_LINEAL last=0.1752 · río=WS · mercado=linear · estado=ACECHANDO · dir=— · 0=0.175 · Oz=— · Red=— · manos=ON · pos=flat · latido=1.50s
[RANGO] autosello XLM · ACECHANDO · Oz=0.0 link=— · manos_feria_informe.json
[RANGO] XLMUSDT_LINEAL last=0.1752 · río=WS · mercado=linear · estado=ACECHANDO · dir=— · 0=0.175 · Oz=— · Red=— · manos=ON · pos=flat · latido=1.50s
[RANGO] XLMUSDT_LINEAL last=0.1751 · río=WS · mercado=linear · estado=ACECHANDO · dir=— · 0=0.175 · Oz=— · Red=— · manos=ON · pos=flat · latido=1.50s
[RANGO] autosello XLM · ACECHANDO · Oz=0.0 link=— · manos_feria_informe.json
[RANGO] XLMUSDT_LINEAL last=0.1753 · río=WS · mercado=linear · estado=ACECHANDO · dir=— · 0=0.175 · Oz=— · Red=— · manos=ON · pos=flat · latido=1.50s
[RANGO] autosello XLM · ACECHANDO · Oz=0.0 link=— · manos_feria_informe.json
[RANGO] XLMUSDT_LINEAL last=0.1752 · río=WS · mercado=linear · estado=ACECHANDO · dir=— · 0=0.175 · Oz=— · Red=— · manos=ON · pos=flat · latido=1.50s
[RANGO] XLMUSDT_LINEAL last=0.1751 · río=WS · mercado=linear · estado=ACECHANDO · dir=— · 0=0.175 · Oz=— · Red=— · manos=ON · pos=flat · latido=1.50s
[RANGO] autosello XLM · ACECHANDO · Oz=0.0 link=— · manos_feria_informe.json
[RANGO] XLMUSDT_LINEAL last=0.175 · río=WS · mercado=linear · estado=ACECHANDO · dir=— · 0=0.175 · Oz=— · Red=— · manos=ON · pos=flat · latido=1.50s
[RANGO] autosello XLM · ACECHANDO · Oz=0.0 link=— · manos_feria_informe.json
[RANGO] XLMUSDT_LINEAL last=0.1751 · río=WS · mercado=linear · estado=ACECHANDO · dir=— · 0=0.175 · Oz=— · Red=— · manos=ON · pos=flat · latido=1.50s
[RANGO] XLMUSDT_LINEAL last=0.1752 · río=WS · mercado=linear · estado=ACECHANDO · dir=— · 0=0.175 · Oz=— · Red=— · manos=ON · pos=flat · latido=1.50s
[2026-08-31 08:38:31] [TUSK] RECONCILIACIÓN: APRUSDT_LINEAL: interno L:0.000000/S:0.000000 -> real L:73.000000/S:0.000000
[2026-08-31 08:38:31] [TUSK] RECONCILIACIÓN: BROCCOLIUSDT_LINEAL: interno L:0.000000/S:0.000000 -> real L:2781.000000/S:0.000000
[2026-08-31 08:38:31] [TUSK] RECONCILIACIÓN_FANTASMA: NILUSDT_LINEAL existe interno pero no en exchange -> reseteando
[2026-08-31 08:38:31] [TUSK] RECONCILIACIÓN_FANTASMA: QNTXUSDT_LINEAL existe interno pero no en exchange -> reseteando
[2026-08-31 08:38:31] [TUSK] RECONCILIACIÓN_OK: 4 frentes alineados con exchange
[RANGO] autosello XLM · ACECHANDO · Oz=0.0 link=— · manos_feria_informe.json
[RANGO] XLMUSDT_LINEAL last=0.17526 · río=WS · mercado=linear · estado=ACECHANDO · dir=— · 0=0.175 · Oz=— · Red=— · manos=ON · pos=flat · latido=1.50s
[RANGO] autosello XLM · ACECHANDO · Oz=0.0 link=— · manos_feria_informe.json
[RANGO] XLMUSDT_LINEAL last=0.1753 · río=WS · mercado=linear · estado=ACECHANDO · dir=— · 0=0.175 · Oz=— · Red=— · manos=ON · pos=flat · latido=1.50s
[RANGO] XLMUSDT_LINEAL last=0.17525 · río=WS · mercado=linear · estado=ACECHANDO · dir=— · 0=0.175 · Oz=— · Red=— · manos=ON · pos=flat · latido=1.50s
[RANGO] autosello XLM · ACECHANDO · Oz=0.0 link=— · manos_feria_informe.json
[RANGO] XLMUSDT_LINEAL last=0.1752 · río=WS · mercado=linear · estado=ACECHANDO · dir=— · 0=0.175 · Oz=— · Red=— · manos=ON · pos=flat · latido=1.50s
[RANGO] autosello XLM · ACECHANDO · Oz=0.0 link=— · manos_feria_informe.json
[RANGO] XLMUSDT_LINEAL last=0.1752 · río=WS · mercado=linear · estado=ACECHANDO · dir=— · 0=0.175 · Oz=— · Red=— · manos=ON · pos=flat · latido=1.50s
[RANGO] XLMUSDT_LINEAL last=0.1752 · río=WS · mercado=linear · estado=ACECHANDO · dir=— · 0=0.175 · Oz=— · Red=— · manos=ON · pos=flat · latido=1.50s
[2026-08-31 08:39:32] [TUSK] RECONCILIACIÓN: DASHUSDT_LINEAL: interno L:0.000000/S:0.000000 -> real L:0.000000/S:0.220000
[2026-08-31 08:39:32] [TUSK] RECONCILIACIÓN_FANTASMA: CRCLUSDT_LINEAL existe interno pero no en exchange -> reseteando
[2026-08-31 08:39:32] [TUSK] RECONCILIACIÓN_OK: 2 frentes alineados con exchange
[RANGO] autosello XLM · ACECHANDO · Oz=0.0 link=— · manos_feria_informe.json
[RANGO] XLMUSDT_LINEAL last=0.1754 · río=WS · mercado=linear · estado=ACECHANDO · dir=— · 0=0.175 · Oz=— · Red=— · manos=ON · pos=flat · latido=1.50s
[RANGO] autosello XLM · ACECHANDO · Oz=0.0 link=— · manos_feria_informe.json
[RANGO] XLMUSDT_LINEAL last=0.1755 · río=WS · mercado=linear · estado=ACECHANDO · dir=— · 0=0.175 · Oz=— · Red=— · manos=ON · pos=flat · latido=1.50s
[RANGO] XLMUSDT_LINEAL last=0.1753 · río=WS · mercado=linear · estado=ACECHANDO · dir=— · 0=0.175 · Oz=— · Red=— · manos=ON · pos=flat · latido=1.50s
[RANGO] autosello XLM · ACECHANDO · Oz=0.0 link=— · manos_feria_informe.json
[RANGO] XLMUSDT_LINEAL last=0.1753 · río=WS · mercado=linear · estado=ACECHANDO · dir=— · 0=0.175 · Oz=— · Red=— · manos=ON · pos=flat · latido=1.50s
[RANGO] autosello XLM · ACECHANDO · Oz=0.0 link=— · manos_feria_informe.json
[RANGO] XLMUSDT_LINEAL last=0.1755 · río=WS · mercado=linear · estado=ACECHANDO · dir=— · 0=0.175 · Oz=— · Red=— · manos=ON · pos=flat · latido=1.50s
[RANGO] XLMUSDT_LINEAL last=0.1755 · río=WS · mercado=linear · estado=ACECHANDO · dir=— · 0=0.175 · Oz=— · Red=— · manos=ON · pos=flat · latido=1.50s
[RANGO] autosello XLM · ACECHANDO · Oz=0.0 link=— · manos_feria_informe.json
[2026-08-31 08:40:33] [TUSK] RECONCILIACIÓN: POWERUSDT_LINEAL: interno L:6.000000/S:0.000000 -> real L:0.000000/S:54.000000
[2026-08-31 08:40:33] [TUSK] RECONCILIACIÓN_OK: 1 frentes alineados con exchange
[RANGO] XLMUSDT_LINEAL last=0.1754 · río=WS · mercado=linear · estado=ACECHANDO · dir=— · 0=0.175 · Oz=— · Red=— · manos=ON · pos=flat · latido=1.50s
[RANGO] autosello XLM · ACECHANDO · Oz=0.0 link=— · manos_feria_informe.json
[RANGO] XLMUSDT_LINEAL last=0.1755 · río=WS · mercado=linear · estado=ACECHANDO · dir=— · 0=0.175 · Oz=— · Red=— · manos=ON · pos=flat · latido=1.50s
[RANGO] XLMUSDT_LINEAL last=0.1755 · río=WS · mercado=linear · estado=ACECHANDO · dir=— · 0=0.175 · Oz=— · Red=— · manos=ON · pos=flat · latido=1.50s
[RANGO] autosello XLM · ACECHANDO · Oz=0.0 link=— · manos_feria_informe.json
[RANGO] XLMUSDT_LINEAL last=0.1755 · río=WS · mercado=linear · estado=ACECHANDO · dir=— · 0=0.175 · Oz=— · Red=— · manos=ON · pos=flat · latido=1.50s
[RANGO] autosello XLM · ACECHANDO · Oz=0.0 link=— · manos_feria_informe.json
[RANGO] XLMUSDT_LINEAL last=0.1759 · río=WS · mercado=linear · estado=ACECHANDO · dir=— · 0=0.175 · Oz=— · Red=— · manos=ON · pos=flat · latido=1.50s
[RANGO] XLMUSDT_LINEAL last=0.1759 · río=WS · mercado=linear · estado=ACECHANDO · dir=— · 0=0.175 · Oz=— · Red=— · manos=ON · pos=flat · latido=1.50s
[RANGO] autosello XLM · ACECHANDO · Oz=0.0 link=— · manos_feria_informe.json
[2026-08-31 08:41:34] [TUSK] RECONCILIACIÓN: SNXXUSDT_LINEAL: interno L:6.830000/S:0.000000 -> real L:6.460000/S:0.000000
[2026-08-31 08:41:34] [TUSK] RECONCILIACIÓN_OK: 1 frentes alineados con exchange
[RANGO] XLMUSDT_LINEAL last=0.176 · río=WS · mercado=linear · estado=ACECHANDO · dir=— · 0=0.175 · Oz=— · Red=— · manos=ON · pos=flat · latido=1.50s
[RANGO] autosello XLM · ACECHANDO · Oz=0.0 link=— · manos_feria_informe.json
[RANGO] XLMUSDT_LINEAL last=0.1759 · río=WS · mercado=linear · estado=ACECHANDO · dir=— · 0=0.175 · Oz=— · Red=— · manos=ON · pos=flat · latido=1.50s
[RANGO] XLMUSDT_LINEAL last=0.176 · río=WS · mercado=linear · estado=ACECHANDO · dir=— · 0=0.175 · Oz=— · Red=— · manos=ON · pos=flat · latido=1.50s
[RANGO] autosello XLM · ACECHANDO · Oz=0.0 link=— · manos_feria_informe.json
[RANGO] XLMUSDT_LINEAL last=0.1763 · río=WS · mercado=linear · estado=ACECHANDO · dir=— · 0=0.175 · Oz=— · Red=— · manos=ON · pos=flat · latido=1.50s
[RANGO] autosello XLM · ACECHANDO · Oz=0.0 link=— · manos_feria_informe.json
[RANGO] XLMUSDT_LINEAL last=0.1763 · río=WS · mercado=linear · estado=ACECHANDO · dir=— · 0=0.175 · Oz=— · Red=— · manos=ON · pos=flat · latido=1.50s
[RANGO] XLMUSDT_LINEAL last=0.1763 · río=WS · mercado=linear · estado=ACECHANDO · dir=— · 0=0.175 · Oz=— · Red=— · manos=ON · pos=flat · latido=1.50s
[RANGO] autosello XLM · ACECHANDO · Oz=0.0 link=— · manos_feria_informe.json
[2026-08-31 08:42:36] [TUSK] RECONCILIACIÓN: MORPHOUSDT_LINEAL: interno L:0.000000/S:0.000000 -> real L:27.000000/S:0.000000
[2026-08-31 08:42:36] [TUSK] RECONCILIACIÓN_FANTASMA: BSPUSDT_LINEAL existe interno pero no en exchange -> reseteando
[2026-08-31 08:42:36] [TUSK] RECONCILIACIÓN_OK: 2 frentes alineados con exchange
[RANGO] XLMUSDT_LINEAL last=0.1764 · río=WS · mercado=linear · estado=ACECHANDO · dir=— · 0=0.175 · Oz=— · Red=— · manos=ON · pos=flat · latido=1.50s
[RANGO] autosello XLM · ACECHANDO · Oz=0.0 link=— · manos_feria_informe.json
[RANGO] XLMUSDT_LINEAL last=0.1764 · río=WS · mercado=linear · estado=ACECHANDO · dir=— · 0=0.175 · Oz=— · Red=— · manos=ON · pos=flat · latido=1.50s
[RANGO] XLMUSDT_LINEAL last=0.1764 · río=WS · mercado=linear · estado=ACECHANDO · dir=— · 0=0.175 · Oz=— · Red=— · manos=ON · pos=flat · latido=1.50s
[RANGO] autosello XLM · ACECHANDO · Oz=0.0 link=— · manos_feria_informe.json
[RANGO] XLMUSDT_LINEAL last=0.1766 · río=WS · mercado=linear · estado=ACECHANDO · dir=— · 0=0.175 · Oz=— · Red=— · manos=ON · pos=flat · latido=1.50s
[RANGO] autosello XLM · ACECHANDO · Oz=0.0 link=— · manos_feria_informe.json
[RANGO] XLMUSDT_LINEAL last=0.1765 · río=WS · mercado=linear · estado=ACECHANDO · dir=— · 0=0.175 · Oz=— · Red=— · manos=ON · pos=flat · latido=1.50s
[RANGO] XLMUSDT_LINEAL last=0.1763 · río=WS · mercado=linear · estado=ACECHANDO · dir=— · 0=0.175 · Oz=— · Red=— · manos=ON · pos=flat · latido=1.50s
[RANGO] autosello XLM · ACECHANDO · Oz=0.0 link=— · manos_feria_informe.json
[2026-08-31 08:43:37] [TUSK] RECONCILIACIÓN: UNIUSDT_LINEAL: interno L:0.000000/S:0.000000 -> real L:0.900000/S:0.000000
[2026-08-31 08:43:37] [TUSK] RECONCILIACIÓN: TRBUSDT_LINEAL: interno L:0.000000/S:0.000000 -> real L:5.240000/S:0.000000
[2026-08-31 08:43:37] [TUSK] RECONCILIACIÓN_FANTASMA: SAMSUNGUSDT_LINEAL existe interno pero no en exchange -> reseteando
[2026-08-31 08:43:37] [TUSK] RECONCILIACIÓN_FANTASMA: AAOIUSDT_LINEAL existe interno pero no en exchange -> reseteando
[2026-08-31 08:43:37] [TUSK] RECONCILIACIÓN_OK: 4 frentes alineados con exchange
[RANGO] XLMUSDT_LINEAL last=0.1765 · río=WS · mercado=linear · estado=ACECHANDO · dir=— · 0=0.175 · Oz=— · Red=— · manos=ON · pos=flat · latido=1.50s
[RANGO] autosello XLM · ACECHANDO · Oz=0.0 link=— · manos_feria_informe.json
[RANGO] XLMUSDT_LINEAL last=0.1766 · río=WS · mercado=linear · estado=ACECHANDO · dir=— · 0=0.175 · Oz=— · Red=— · manos=ON · pos=flat · latido=1.50s
[RANGO] XLMUSDT_LINEAL last=0.1766 · río=WS · mercado=linear · estado=ACECHANDO · dir=— · 0=0.175 · Oz=— · Red=— · manos=ON · pos=flat · latido=1.50s
[RANGO] autosello XLM · ACECHANDO · Oz=0.0 link=— · manos_feria_informe.json
[RANGO] XLMUSDT_LINEAL last=0.1765 · río=WS · mercado=linear · estado=ACECHANDO · dir=— · 0=0.175 · Oz=— · Red=— · manos=ON · pos=flat · latido=1.50s
[RANGO] autosello XLM · ACECHANDO · Oz=0.0 link=— · manos_feria_informe.json
[RANGO] XLMUSDT_LINEAL last=0.1765 · río=WS · mercado=linear · estado=ACECHANDO · dir=— · 0=0.175 · Oz=— · Red=— · manos=ON · pos=flat · latido=1.50s
[RANGO] XLMUSDT_LINEAL last=0.1766 · río=WS · mercado=linear · estado=ACECHANDO · dir=— · 0=0.175 · Oz=— · Red=— · manos=ON · pos=flat · latido=1.50s
[RANGO] autosello XLM · ACECHANDO · Oz=0.0 link=— · manos_feria_informe.json
[2026-08-31 08:44:38] [TUSK] RECONCILIACIÓN: CRCLUSDT_LINEAL: interno L:0.000000/S:0.000000 -> real L:0.410000/S:0.000000
[2026-08-31 08:44:38] [TUSK] RECONCILIACIÓN: PURRUSDT_LINEAL: interno L:0.000000/S:0.000000 -> real L:4.800000/S:0.000000
[2026-08-31 08:44:38] [TUSK] RECONCILIACIÓN_FANTASMA: AEHRUSDT_LINEAL existe interno pero no en exchange -> reseteando
[2026-08-31 08:44:38] [TUSK] RECONCILIACIÓN_FANTASMA: KSMUSDT_LINEAL existe interno pero no en exchange -> reseteando
[2026-08-31 08:44:38] [TUSK] RECONCILIACIÓN_OK: 4 frentes alineados con exchange
[RANGO] XLMUSDT_LINEAL last=0.1764 · río=WS · mercado=linear · estado=ACECHANDO · dir=— · 0=0.175 · Oz=— · Red=— · manos=ON · pos=flat · latido=1.50s
[RANGO] autosello XLM · ACECHANDO · Oz=0.0 link=— · manos_feria_informe.json
[RANGO] XLMUSDT_LINEAL last=0.1763 · río=WS · mercado=linear · estado=ACECHANDO · dir=— · 0=0.175 · Oz=— · Red=— · manos=ON · pos=flat · latido=1.50s
[RANGO] XLMUSDT_LINEAL last=0.1762 · río=WS · mercado=linear · estado=ACECHANDO · dir=— · 0=0.175 · Oz=— · Red=— · manos=ON · pos=flat · latido=1.50s
[RANGO] autosello XLM · ACECHANDO · Oz=0.0 link=— · manos_feria_informe.json
[RANGO] XLMUSDT_LINEAL last=0.1764 · río=WS · mercado=linear · estado=ACECHANDO · dir=— · 0=0.175 · Oz=— · Red=— · manos=ON · pos=flat · latido=1.50s
[RANGO] autosello XLM · ACECHANDO · Oz=0.0 link=— · manos_feria_informe.json
[RANGO] XLMUSDT_LINEAL last=0.1764 · río=WS · mercado=linear · estado=ACECHANDO · dir=— · 0=0.175 · Oz=— · Red=— · manos=ON · pos=flat · latido=1.50s
[RANGO] XLMUSDT_LINEAL last=0.1764 · río=WS · mercado=linear · estado=ACECHANDO · dir=— · 0=0.175 · Oz=— · Red=— · manos=ON · pos=flat · latido=1.50s
[RANGO] autosello XLM · ACECHANDO · Oz=0.0 link=— · manos_feria_informe.json
[RANGO] XLMUSDT_LINEAL last=0.1763 · río=WS · mercado=linear · estado=ACECHANDO · dir=— · 0=0.175 · Oz=— · Red=— · manos=ON · pos=flat · latido=1.50s
[RANGO] autosello XLM · ACECHANDO · Oz=0.0 link=— · manos_feria_informe.json
[RANGO] XLMUSDT_LINEAL last=0.1764 · río=WS · mercado=linear · estado=ACECHANDO · dir=— · 0=0.175 · Oz=— · Red=— · manos=ON · pos=flat · latido=1.50s
[RANGO] XLMUSDT_LINEAL last=0.1764 · río=WS · mercado=linear · estado=ACECHANDO · dir=— · 0=0.175 · Oz=— · Red=— · manos=ON · pos=flat · latido=1.50s
[RANGO] autosello XLM · ACECHANDO · Oz=0.0 link=— · manos_feria_informe.json
[RANGO] XLMUSDT_LINEAL last=0.1766 · río=WS · mercado=linear · estado=ACECHANDO · dir=— · 0=0.175 · Oz=— · Red=— · manos=ON · pos=flat · latido=1.50s
[RANGO] autosello XLM · ACECHANDO · Oz=0.0 link=— · manos_feria_informe.json
[RANGO] XLMUSDT_LINEAL last=0.1766 · río=WS · mercado=linear · estado=ACECHANDO · dir=— · 0=0.175 · Oz=— · Red=— · manos=ON · pos=flat · latido=1.50s
[RANGO] XLMUSDT_LINEAL last=0.1764 · río=WS · mercado=linear · estado=ACECHANDO · dir=— · 0=0.175 · Oz=— · Red=— · manos=ON · pos=flat · latido=1.50s
[RANGO] autosello XLM · ACECHANDO · Oz=0.0 link=— · manos_feria_informe.json
[2026-08-31 08:46:40] [TUSK] RECONCILIACIÓN: POWERUSDT_LINEAL: interno L:0.000000/S:54.000000 -> real L:0.000000/S:114.000000
[2026-08-31 08:46:40] [TUSK] RECONCILIACIÓN: KSMUSDT_LINEAL: interno L:0.000000/S:0.000000 -> real L:13.470000/S:0.000000
[2026-08-31 08:46:40] [TUSK] RECONCILIACIÓN: BIOUSDT_LINEAL: interno L:0.000000/S:0.000000 -> real L:1016.000000/S:0.000000
[2026-08-31 08:46:40] [TUSK] RECONCILIACIÓN_FANTASMA: ZKPUSDT_LINEAL existe interno pero no en exchange -> reseteando
[2026-08-31 08:46:40] [TUSK] RECONCILIACIÓN_FANTASMA: AXTIUSDT_LINEAL existe interno pero no en exchange -> reseteando
[2026-08-31 08:46:40] [TUSK] RECONCILIACIÓN_OK: 5 frentes alineados con exchange
[RANGO] XLMUSDT_LINEAL last=0.1765 · río=WS · mercado=linear · estado=ACECHANDO · dir=— · 0=0.175 · Oz=— · Red=— · manos=ON · pos=flat · latido=1.50s
[RANGO] autosello XLM · ACECHANDO · Oz=0.0 link=— · manos_feria_informe.json
[RANGO] XLMUSDT_LINEAL last=0.1765 · río=WS · mercado=linear · estado=ACECHANDO · dir=— · 0=0.175 · Oz=— · Red=— · manos=ON · pos=flat · latido=1.50s
[RANGO] XLMUSDT_LINEAL last=0.1765 · río=WS · mercado=linear · estado=ACECHANDO · dir=— · 0=0.175 · Oz=— · Red=— · manos=ON · pos=flat · latido=1.50s
[RANGO] autosello XLM · ACECHANDO · Oz=0.0 link=— · manos_feria_informe.json
[RANGO] XLMUSDT_LINEAL last=0.1765 · río=WS · mercado=linear · estado=ACECHANDO · dir=— · 0=0.175 · Oz=— · Red=— · manos=ON · pos=flat · latido=1.50s
[RANGO] autosello XLM · ACECHANDO · Oz=0.0 link=— · manos_feria_informe.json
[RANGO] XLMUSDT_LINEAL last=0.1766 · río=WS · mercado=linear · estado=ACECHANDO · dir=— · 0=0.175 · Oz=— · Red=— · manos=ON · pos=flat · latido=1.50s
[RANGO] XLMUSDT_LINEAL last=0.1765 · río=WS · mercado=linear · estado=ACECHANDO · dir=— · 0=0.175 · Oz=— · Red=— · manos=ON · pos=flat · latido=1.50s
[RANGO] autosello XLM · ACECHANDO · Oz=0.0 link=— · manos_feria_informe.json
[RANGO] XLMUSDT_LINEAL last=0.17658 · río=WS · mercado=linear · estado=ACECHANDO · dir=— · 0=0.175 · Oz=— · Red=— · manos=ON · pos=flat · latido=1.50s
[2026-08-31 08:47:41] [TUSK] RECONCILIACIÓN: SAMSUNGUSDT_LINEAL: interno L:0.000000/S:0.000000 -> real L:0.000000/S:0.110000
[2026-08-31 08:47:41] [TUSK] RECONCILIACIÓN_FANTASMA: WDCUSDT_LINEAL existe interno pero no en exchange -> reseteando
[2026-08-31 08:47:41] [TUSK] RECONCILIACIÓN_OK: 2 frentes alineados con exchange
[RANGO] autosello XLM · ACECHANDO · Oz=0.0 link=— · manos_feria_informe.json
[RANGO] XLMUSDT_LINEAL last=0.1767 · río=WS · mercado=linear · estado=ACECHANDO · dir=— · 0=0.175 · Oz=— · Red=— · manos=ON · pos=flat · latido=1.50s
[RANGO] XLMUSDT_LINEAL last=0.1767 · río=WS · mercado=linear · estado=ACECHANDO · dir=— · 0=0.175 · Oz=— · Red=— · manos=ON · pos=flat · latido=1.50s
[RANGO] autosello XLM · ACECHANDO · Oz=0.0 link=— · manos_feria_informe.json
[RANGO] XLMUSDT_LINEAL last=0.1768 · río=WS · mercado=linear · estado=ACECHANDO · dir=— · 0=0.175 · Oz=— · Red=— · manos=ON · pos=flat · latido=1.50s
[RANGO] autosello XLM · ACECHANDO · Oz=0.0 link=— · manos_feria_informe.json
[RANGO] XLMUSDT_LINEAL last=0.1767 · río=WS · mercado=linear · estado=ACECHANDO · dir=— · 0=0.175 · Oz=— · Red=— · manos=ON · pos=flat · latido=1.50s
[RANGO] XLMUSDT_LINEAL last=0.1768 · río=WS · mercado=linear · estado=ACECHANDO · dir=— · 0=0.175 · Oz=— · Red=— · manos=ON · pos=flat · latido=1.50s
[RANGO] autosello XLM · ACECHANDO · Oz=0.0 link=— · manos_feria_informe.json
[RANGO] XLMUSDT_LINEAL last=0.17671 · río=WS · mercado=linear · estado=ACECHANDO · dir=— · 0=0.175 · Oz=— · Red=— · manos=ON · pos=flat · latido=1.50s
[2026-08-31 08:48:42] [TUSK] RECONCILIACIÓN: CRDOUSDT_LINEAL: interno L:0.000000/S:0.000000 -> real L:0.140000/S:0.000000
[2026-08-31 08:48:42] [TUSK] RECONCILIACIÓN: ZKPUSDT_LINEAL: interno L:0.000000/S:0.000000 -> real L:1388.000000/S:0.000000
[2026-08-31 08:48:42] [TUSK] RECONCILIACIÓN_FANTASMA: TSLLUSDT_LINEAL existe interno pero no en exchange -> reseteando
[2026-08-31 08:48:42] [TUSK] RECONCILIACIÓN_FANTASMA: ZBCNUSDT_LINEAL existe interno pero no en exchange -> reseteando
[2026-08-31 08:48:42] [TUSK] RECONCILIACIÓN_OK: 4 frentes alineados con exchange
[RANGO] autosello XLM · ACECHANDO · Oz=0.0 link=— · manos_feria_informe.json
[RANGO] XLMUSDT_LINEAL last=0.1765 · río=WS · mercado=linear · estado=ACECHANDO · dir=— · 0=0.175 · Oz=— · Red=— · manos=ON · pos=flat · latido=1.50s
[RANGO] XLMUSDT_LINEAL last=0.1763 · río=WS · mercado=linear · estado=ACECHANDO · dir=— · 0=0.175 · Oz=— · Red=— · manos=ON · pos=flat · latido=1.50s
[RANGO] autosello XLM · ACECHANDO · Oz=0.0 link=— · manos_feria_informe.json
[RANGO] XLMUSDT_LINEAL last=0.1764 · río=WS · mercado=linear · estado=ACECHANDO · dir=— · 0=0.175 · Oz=— · Red=— · manos=ON · pos=flat · latido=1.50s
[RANGO] autosello XLM · ACECHANDO · Oz=0.0 link=— · manos_feria_informe.json
[RANGO] XLMUSDT_LINEAL last=0.17634 · río=WS · mercado=linear · estado=ACECHANDO · dir=— · 0=0.175 · Oz=— · Red=— · manos=ON · pos=flat · latido=1.50s
[RANGO] XLMUSDT_LINEAL last=0.1762 · río=WS · mercado=linear · estado=ACECHANDO · dir=— · 0=0.175 · Oz=— · Red=— · manos=ON · pos=flat · latido=1.50s
[RANGO] autosello XLM · ACECHANDO · Oz=0.0 link=— · manos_feria_informe.json
[RANGO] XLMUSDT_LINEAL last=0.1763 · río=WS · mercado=linear · estado=ACECHANDO · dir=— · 0=0.175 · Oz=— · Red=— · manos=ON · pos=flat · latido=1.50s
[2026-08-31 08:49:44] [TUSK] RECONCILIACIÓN: BSPUSDT_LINEAL: interno L:0.000000/S:0.000000 -> real L:0.440000/S:0.000000
[2026-08-31 08:49:44] [TUSK] RECONCILIACIÓN: TSEMUSDT_LINEAL: interno L:0.000000/S:0.000000 -> real L:0.090000/S:0.000000
[2026-08-31 08:49:44] [TUSK] RECONCILIACIÓN_FANTASMA: MSTRUSDT_LINEAL existe interno pero no en exchange -> reseteando
[2026-08-31 08:49:44] [TUSK] RECONCILIACIÓN_FANTASMA: BROCCOLIUSDT_LINEAL existe interno pero no en exchange -> reseteando
[2026-08-31 08:49:44] [TUSK] RECONCILIACIÓN_OK: 4 frentes alineados con exchange
[RANGO] autosello XLM · ACECHANDO · Oz=0.0 link=— · manos_feria_informe.json
[RANGO] XLMUSDT_LINEAL last=0.1764 · río=WS · mercado=linear · estado=ACECHANDO · dir=— · 0=0.175 · Oz=— · Red=— · manos=ON · pos=flat · latido=1.50s
[RANGO] XLMUSDT_LINEAL last=0.1762 · río=WS · mercado=linear · estado=ACECHANDO · dir=— · 0=0.175 · Oz=— · Red=— · manos=ON · pos=flat · latido=1.50s
[RANGO] autosello XLM · ACECHANDO · Oz=0.0 link=— · manos_feria_informe.json
[RANGO] XLMUSDT_LINEAL last=0.1762 · río=WS · mercado=linear · estado=ACECHANDO · dir=— · 0=0.175 · Oz=— · Red=— · manos=ON · pos=flat · latido=1.50s
[RANGO] autosello XLM · ACECHANDO · Oz=0.0 link=— · manos_feria_informe.json
[RANGO] XLMUSDT_LINEAL last=0.1763 · río=WS · mercado=linear · estado=ACECHANDO · dir=— · 0=0.175 · Oz=— · Red=— · manos=ON · pos=flat · latido=1.50s
[RANGO] XLMUSDT_LINEAL last=0.1762 · río=WS · mercado=linear · estado=ACECHANDO · dir=— · 0=0.175 · Oz=— · Red=— · manos=ON · pos=flat · latido=1.50s
[RANGO] autosello XLM · ACECHANDO · Oz=0.0 link=— · manos_feria_informe.json
[RANGO] XLMUSDT_LINEAL last=0.1762 · río=WS · mercado=linear · estado=ACECHANDO · dir=— · 0=0.175 · Oz=— · Red=— · manos=ON · pos=flat · latido=1.50s
[2026-08-31 08:50:45] [TUSK] RECONCILIACIÓN: ADAUSD_INVERSE: interno L:0.000000/S:0.000000 -> real L:207.000000/S:0.000000
[2026-08-31 08:50:45] [TUSK] RECONCILIACIÓN_FANTASMA: BTCUSD_INVERSE existe interno pero no en exchange -> reseteando
[2026-08-31 08:50:45] [TUSK] RECONCILIACIÓN_OK: 2 frentes alineados con exchange
[RANGO] autosello XLM · ACECHANDO · Oz=0.0 link=— · manos_feria_informe.json
[RANGO] XLMUSDT_LINEAL last=0.1763 · río=WS · mercado=linear · estado=ACECHANDO · dir=— · 0=0.175 · Oz=— · Red=— · manos=ON · pos=flat · latido=1.50s
[RANGO] XLMUSDT_LINEAL last=0.1764 · río=WS · mercado=linear · estado=ACECHANDO · dir=— · 0=0.175 · Oz=— · Red=— · manos=ON · pos=flat · latido=1.50s
[RANGO] autosello XLM · ACECHANDO · Oz=0.0 link=— · manos_feria_informe.json
[RANGO] XLMUSDT_LINEAL last=0.1764 · río=WS · mercado=linear · estado=ACECHANDO · dir=— · 0=0.175 · Oz=— · Red=— · manos=ON · pos=flat · latido=1.50s
[RANGO] autosello XLM · ACECHANDO · Oz=0.0 link=— · manos_feria_informe.json
[RANGO] XLMUSDT_LINEAL last=0.1765 · río=WS · mercado=linear · estado=ACECHANDO · dir=— · 0=0.175 · Oz=— · Red=— · manos=ON · pos=flat · latido=1.50s
[RANGO] XLMUSDT_LINEAL last=0.1764 · río=WS · mercado=linear · estado=ACECHANDO · dir=— · 0=0.175 · Oz=— · Red=— · manos=ON · pos=flat · latido=1.50s
[RANGO] autosello XLM · ACECHANDO · Oz=0.0 link=— · manos_feria_informe.json
[RANGO] XLMUSDT_LINEAL last=0.1764 · río=WS · mercado=linear · estado=ACECHANDO · dir=— · 0=0.175 · Oz=— · Red=— · manos=ON · pos=flat · latido=1.50s
[2026-08-31 08:51:46] [TUSK] RECONCILIACIÓN: FLNCUSDT_LINEAL: interno L:0.000000/S:0.000000 -> real L:3.300000/S:0.000000
[2026-08-31 08:51:46] [TUSK] RECONCILIACIÓN: UNIUSDT_LINEAL: interno L:0.900000/S:0.000000 -> real L:0.000000/S:0.100000
[2026-08-31 08:51:46] [TUSK] RECONCILIACIÓN_FANTASMA: DASHUSDT_LINEAL existe interno pero no en exchange -> reseteando
[2026-08-31 08:51:46] [TUSK] RECONCILIACIÓN_OK: 3 frentes alineados con exchange
[RANGO] autosello XLM · ACECHANDO · Oz=0.0 link=— · manos_feria_informe.json
[RANGO] XLMUSDT_LINEAL last=0.1762 · río=WS · mercado=linear · estado=ACECHANDO · dir=— · 0=0.175 · Oz=— · Red=— · manos=ON · pos=flat · latido=1.50s
[RANGO] XLMUSDT_LINEAL last=0.1763 · río=WS · mercado=linear · estado=ACECHANDO · dir=— · 0=0.175 · Oz=— · Red=— · manos=ON · pos=flat · latido=1.50s
[RANGO] autosello XLM · ACECHANDO · Oz=0.0 link=— · manos_feria_informe.json
[RANGO] XLMUSDT_LINEAL last=0.1764 · río=WS · mercado=linear · estado=ACECHANDO · dir=— · 0=0.175 · Oz=— · Red=— · manos=ON · pos=flat · latido=1.50s
[RANGO] autosello XLM · ACECHANDO · Oz=0.0 link=— · manos_feria_informe.json
[RANGO] XLMUSDT_LINEAL last=0.1764 · río=WS · mercado=linear · estado=ACECHANDO · dir=— · 0=0.175 · Oz=— · Red=— · manos=ON · pos=flat · latido=1.50s
[RANGO] XLMUSDT_LINEAL last=0.1765 · río=WS · mercado=linear · estado=ACECHANDO · dir=— · 0=0.175 · Oz=— · Red=— · manos=ON · pos=flat · latido=1.50s
[RANGO] autosello XLM · ACECHANDO · Oz=0.0 link=— · manos_feria_informe.json
[RANGO] XLMUSDT_LINEAL last=0.1765 · río=WS · mercado=linear · estado=ACECHANDO · dir=— · 0=0.175 · Oz=— · Red=— · manos=ON · pos=flat · latido=1.50s
[2026-08-31 08:52:47] [TUSK] RECONCILIACIÓN: CRVUSDT_LINEAL: interno L:0.000000/S:0.000000 -> real L:4.800000/S:0.000000
[2026-08-31 08:52:47] [TUSK] RECONCILIACIÓN: NILUSDT_LINEAL: interno L:0.000000/S:0.000000 -> real L:220.000000/S:0.000000
[2026-08-31 08:52:47] [TUSK] RECONCILIACIÓN: AAVEUSD_INVERSE: interno L:178.000000/S:0.000000 -> real L:89.000000/S:0.000000
[2026-08-31 08:52:47] [TUSK] RECONCILIACIÓN_FANTASMA: SNXXUSDT_LINEAL existe interno pero no en exchange -> reseteando
[2026-08-31 08:52:47] [TUSK] RECONCILIACIÓN_FANTASMA: VVVUSDT_LINEAL existe interno pero no en exchange -> reseteando
[2026-08-31 08:52:47] [TUSK] RECONCILIACIÓN_OK: 5 frentes alineados con exchange
[RANGO] autosello XLM · ACECHANDO · Oz=0.0 link=— · manos_feria_informe.json
[RANGO] XLMUSDT_LINEAL last=0.1766 · río=WS · mercado=linear · estado=ACECHANDO · dir=— · 0=0.175 · Oz=— · Red=— · manos=ON · pos=flat · latido=1.50s
[RANGO] XLMUSDT_LINEAL last=0.1765 · río=WS · mercado=linear · estado=ACECHANDO · dir=— · 0=0.175 · Oz=— · Red=— · manos=ON · pos=flat · latido=1.50s
[RANGO] autosello XLM · ACECHANDO · Oz=0.0 link=— · manos_feria_informe.json
[RANGO] XLMUSDT_LINEAL last=0.1766 · río=WS · mercado=linear · estado=ACECHANDO · dir=— · 0=0.175 · Oz=— · Red=— · manos=ON · pos=flat · latido=1.50s
[RANGO] autosello XLM · ACECHANDO · Oz=0.0 link=— · manos_feria_informe.json
[RANGO] XLMUSDT_LINEAL last=0.1764 · río=WS · mercado=linear · estado=ACECHANDO · dir=— · 0=0.175 · Oz=— · Red=— · manos=ON · pos=flat · latido=1.50s
[RANGO] XLMUSDT_LINEAL last=0.1765 · río=WS · mercado=linear · estado=ACECHANDO · dir=— · 0=0.175 · Oz=— · Red=— · manos=ON · pos=flat · latido=1.50s
[RANGO] autosello XLM · ACECHANDO · Oz=0.0 link=— · manos_feria_informe.json
[RANGO] XLMUSDT_LINEAL last=0.1764 · río=WS · mercado=linear · estado=ACECHANDO · dir=— · 0=0.175 · Oz=— · Red=— · manos=ON · pos=flat · latido=1.50s
[2026-08-31 08:53:48] [TUSK] RECONCILIACIÓN: MORPHOUSDT_LINEAL: interno L:27.000000/S:0.000000 -> real L:25.000000/S:0.000000
[2026-08-31 08:53:48] [TUSK] RECONCILIACIÓN_OK: 1 frentes alineados con exchange
[RANGO] autosello XLM · ACECHANDO · Oz=0.0 link=— · manos_feria_informe.json
[RANGO] XLMUSDT_LINEAL last=0.1765 · río=WS · mercado=linear · estado=ACECHANDO · dir=— · 0=0.175 · Oz=— · Red=— · manos=ON · pos=flat · latido=1.50s
[RANGO] XLMUSDT_LINEAL last=0.1764 · río=WS · mercado=linear · estado=ACECHANDO · dir=— · 0=0.175 · Oz=— · Red=— · manos=ON · pos=flat · latido=1.50s
[RANGO] autosello XLM · ACECHANDO · Oz=0.0 link=— · manos_feria_informe.json
[RANGO] XLMUSDT_LINEAL last=0.1764 · río=WS · mercado=linear · estado=ACECHANDO · dir=— · 0=0.175 · Oz=— · Red=— · manos=ON · pos=flat · latido=1.50s
[RANGO] autosello XLM · ACECHANDO · Oz=0.0 link=— · manos_feria_informe.json
[RANGO] XLMUSDT_LINEAL last=0.1764 · río=WS · mercado=linear · estado=ACECHANDO · dir=— · 0=0.175 · Oz=— · Red=— · manos=ON · pos=flat · latido=1.50s
[RANGO] XLMUSDT_LINEAL last=0.1764 · río=WS · mercado=linear · estado=ACECHANDO · dir=— · 0=0.175 · Oz=— · Red=— · manos=ON · pos=flat · latido=1.50s
[RANGO] autosello XLM · ACECHANDO · Oz=0.0 link=— · manos_feria_informe.json
[RANGO] XLMUSDT_LINEAL last=0.1764 · río=WS · mercado=linear · estado=ACECHANDO · dir=— · 0=0.175 · Oz=— · Red=— · manos=ON · pos=flat · latido=1.50s
[RANGO] autosello XLM · ACECHANDO · Oz=0.0 link=— · manos_feria_informe.json
[RANGO] XLMUSDT_LINEAL last=0.1766 · río=WS · mercado=linear · estado=ACECHANDO · dir=— · 0=0.175 · Oz=— · Red=— · manos=ON · pos=flat · latido=1.50s
[RANGO] XLMUSDT_LINEAL last=0.1766 · río=WS · mercado=linear · estado=ACECHANDO · dir=— · 0=0.175 · Oz=— · Red=— · manos=ON · pos=flat · latido=1.50s
[RANGO] autosello XLM · ACECHANDO · Oz=0.0 link=— · manos_feria_informe.json
[RANGO] XLMUSDT_LINEAL last=0.1765 · río=WS · mercado=linear · estado=ACECHANDO · dir=— · 0=0.175 · Oz=— · Red=— · manos=ON · pos=flat · latido=1.50s
[RANGO] autosello XLM · ACECHANDO · Oz=0.0 link=— · manos_feria_informe.json
[RANGO] XLMUSDT_LINEAL last=0.1764 · río=WS · mercado=linear · estado=ACECHANDO · dir=— · 0=0.175 · Oz=— · Red=— · manos=ON · pos=flat · latido=1.50s
[RANGO] XLMUSDT_LINEAL last=0.1765 · río=WS · mercado=linear · estado=ACECHANDO · dir=— · 0=0.175 · Oz=— · Red=— · manos=ON · pos=flat · latido=1.50s
[RANGO] autosello XLM · ACECHANDO · Oz=0.0 link=— · manos_feria_informe.json
[RANGO] XLMUSDT_LINEAL last=0.1765 · río=WS · mercado=linear · estado=ACECHANDO · dir=— · 0=0.175 · Oz=— · Red=— · manos=ON · pos=flat · latido=1.50s
[RANGO] autosello XLM · ACECHANDO · Oz=0.0 link=— · manos_feria_informe.json
[2026-08-31 08:55:51] [TUSK] RECONCILIACIÓN: WDCUSDT_LINEAL: interno L:0.000000/S:0.000000 -> real L:0.020000/S:0.000000
[2026-08-31 08:55:51] [TUSK] RECONCILIACIÓN_FANTASMA: LITUSDT_LINEAL existe interno pero no en exchange -> reseteando
[2026-08-31 08:55:51] [TUSK] RECONCILIACIÓN_OK: 2 frentes alineados con exchange
[RANGO] XLMUSDT_LINEAL last=0.1765 · río=WS · mercado=linear · estado=ACECHANDO · dir=— · 0=0.175 · Oz=— · Red=— · manos=ON · pos=flat · latido=1.50s
[RANGO] XLMUSDT_LINEAL last=0.1764 · río=WS · mercado=linear · estado=ACECHANDO · dir=— · 0=0.175 · Oz=— · Red=— · manos=ON · pos=flat · latido=1.50s
[RANGO] autosello XLM · ACECHANDO · Oz=0.0 link=— · manos_feria_informe.json
[RANGO] XLMUSDT_LINEAL last=0.1766 · río=WS · mercado=linear · estado=ACECHANDO · dir=— · 0=0.175 · Oz=— · Red=— · manos=ON · pos=flat · latido=1.50s
[RANGO] autosello XLM · ACECHANDO · Oz=0.0 link=— · manos_feria_informe.json
[RANGO] XLMUSDT_LINEAL last=0.1767 · río=WS · mercado=linear · estado=ACECHANDO · dir=— · 0=0.175 · Oz=— · Red=— · manos=ON · pos=flat · latido=1.50s
[RANGO] XLMUSDT_LINEAL last=0.1767 · río=WS · mercado=linear · estado=ACECHANDO · dir=— · 0=0.175 · Oz=— · Red=— · manos=ON · pos=flat · latido=1.50s
[RANGO] autosello XLM · ACECHANDO · Oz=0.0 link=— · manos_feria_informe.json
[RANGO] XLMUSDT_LINEAL last=0.1766 · río=WS · mercado=linear · estado=ACECHANDO · dir=— · 0=0.175 · Oz=— · Red=— · manos=ON · pos=flat · latido=1.50s
[RANGO] autosello XLM · ACECHANDO · Oz=0.0 link=— · manos_feria_informe.json
[RANGO] XLMUSDT_LINEAL last=0.17671 · río=WS · mercado=linear · estado=ACECHANDO · dir=— · 0=0.175 · Oz=— · Red=— · manos=ON · pos=flat · latido=1.50s
[RANGO] XLMUSDT_LINEAL last=0.1767 · río=WS · mercado=linear · estado=ACECHANDO · dir=— · 0=0.175 · Oz=— · Red=— · manos=ON · pos=flat · latido=1.50s
[RANGO] autosello XLM · ACECHANDO · Oz=0.0 link=— · manos_feria_informe.json
[RANGO] XLMUSDT_LINEAL last=0.1767 · río=WS · mercado=linear · estado=ACECHANDO · dir=— · 0=0.175 · Oz=— · Red=— · manos=ON · pos=flat · latido=1.50s
[RANGO] autosello XLM · ACECHANDO · Oz=0.0 link=— · manos_feria_informe.json
[RANGO] XLMUSDT_LINEAL last=0.1767 · río=WS · mercado=linear · estado=ACECHANDO · dir=— · 0=0.175 · Oz=— · Red=— · manos=ON · pos=flat · latido=1.50s
[RANGO] XLMUSDT_LINEAL last=0.1767 · río=WS · mercado=linear · estado=ACECHANDO · dir=— · 0=0.175 · Oz=— · Red=— · manos=ON · pos=flat · latido=1.50s
[RANGO] autosello XLM · ACECHANDO · Oz=0.0 link=— · manos_feria_informe.json
[RANGO] XLMUSDT_LINEAL last=0.1767 · río=WS · mercado=linear · estado=ACECHANDO · dir=— · 0=0.175 · Oz=— · Red=— · manos=ON · pos=flat · latido=1.50s
[RANGO] autosello XLM · ACECHANDO · Oz=0.0 link=— · manos_feria_informe.json
[RANGO] XLMUSDT_LINEAL last=0.17675 · río=WS · mercado=linear · estado=ACECHANDO · dir=— · 0=0.175 · Oz=— · Red=— · manos=ON · pos=flat · latido=1.50s
[2026-08-31 08:57:53] [TUSK] RECONCILIACIÓN: NEARUSDT_LINEAL: interno L:0.000000/S:0.000000 -> real L:0.000000/S:24.600000
[2026-08-31 08:57:53] [TUSK] RECONCILIACIÓN_FANTASMA: TRBUSDT_LINEAL existe interno pero no en exchange -> reseteando
[2026-08-31 08:57:53] [TUSK] RECONCILIACIÓN_OK: 2 frentes alineados con exchange
[RANGO] XLMUSDT_LINEAL last=0.1767 · río=WS · mercado=linear · estado=ACECHANDO · dir=— · 0=0.175 · Oz=— · Red=— · manos=ON · pos=flat · latido=1.50s
[RANGO] autosello XLM · ACECHANDO · Oz=0.0 link=— · manos_feria_informe.json
[RANGO] XLMUSDT_LINEAL last=0.1768 · río=WS · mercado=linear · estado=ACECHANDO · dir=— · 0=0.175 · Oz=— · Red=— · manos=ON · pos=flat · latido=1.50s
[RANGO] autosello XLM · ACECHANDO · Oz=0.0 link=— · manos_feria_informe.json
[RANGO] XLMUSDT_LINEAL last=0.1766 · río=WS · mercado=linear · estado=ACECHANDO · dir=— · 0=0.175 · Oz=— · Red=— · manos=ON · pos=flat · latido=1.50s
[RANGO] XLMUSDT_LINEAL last=0.1766 · río=WS · mercado=linear · estado=ACECHANDO · dir=— · 0=0.175 · Oz=— · Red=— · manos=ON · pos=flat · latido=1.50s
[RANGO] autosello XLM · ACECHANDO · Oz=0.0 link=— · manos_feria_informe.json
[RANGO] XLMUSDT_LINEAL last=0.1766 · río=WS · mercado=linear · estado=ACECHANDO · dir=— · 0=0.175 · Oz=— · Red=— · manos=ON · pos=flat · latido=1.50s
[RANGO] autosello XLM · ACECHANDO · Oz=0.0 link=— · manos_feria_informe.json
[RANGO] XLMUSDT_LINEAL last=0.1766 · río=WS · mercado=linear · estado=ACECHANDO · dir=— · 0=0.175 · Oz=— · Red=— · manos=ON · pos=flat · latido=1.50s
[RANGO] XLMUSDT_LINEAL last=0.1767 · río=WS · mercado=linear · estado=ACECHANDO · dir=— · 0=0.175 · Oz=— · Red=— · manos=ON · pos=flat · latido=1.50s
[RANGO] autosello XLM · ACECHANDO · Oz=0.0 link=— · manos_feria_informe.json
[RANGO] XLMUSDT_LINEAL last=0.1766 · río=WS · mercado=linear · estado=ACECHANDO · dir=— · 0=0.175 · Oz=— · Red=— · manos=ON · pos=flat · latido=1.50s
[RANGO] autosello XLM · ACECHANDO · Oz=0.0 link=— · manos_feria_informe.json
[RANGO] XLMUSDT_LINEAL last=0.17665 · río=WS · mercado=linear · estado=ACECHANDO · dir=— · 0=0.175 · Oz=— · Red=— · manos=ON · pos=flat · latido=1.50s
[RANGO] XLMUSDT_LINEAL last=0.1766 · río=WS · mercado=linear · estado=ACECHANDO · dir=— · 0=0.175 · Oz=— · Red=— · manos=ON · pos=flat · latido=1.50s
[RANGO] autosello XLM · ACECHANDO · Oz=0.0 link=— · manos_feria_informe.json
[RANGO] XLMUSDT_LINEAL last=0.17658 · río=WS · mercado=linear · estado=ACECHANDO · dir=— · 0=0.175 · Oz=— · Red=— · manos=ON · pos=flat · latido=1.50s
[RANGO] autosello XLM · ACECHANDO · Oz=0.0 link=— · manos_feria_informe.json
[RANGO] XLMUSDT_LINEAL last=0.1765 · río=WS · mercado=linear · estado=ACECHANDO · dir=— · 0=0.175 · Oz=— · Red=— · manos=ON · pos=flat · latido=1.50s
[RANGO] XLMUSDT_LINEAL last=0.1767 · río=WS · mercado=linear · estado=ACECHANDO · dir=— · 0=0.175 · Oz=— · Red=— · manos=ON · pos=flat · latido=1.50s
[RANGO] autosello XLM · ACECHANDO · Oz=0.0 link=— · manos_feria_informe.json
[RANGO] XLMUSDT_LINEAL last=0.1766 · río=WS · mercado=linear · estado=ACECHANDO · dir=— · 0=0.175 · Oz=— · Red=— · manos=ON · pos=flat · latido=1.50s
[RANGO] autosello XLM · ACECHANDO · Oz=0.0 link=— · manos_feria_informe.json
[RANGO] XLMUSDT_LINEAL last=0.1767 · río=WS · mercado=linear · estado=ACECHANDO · dir=— · 0=0.175 · Oz=— · Red=— · manos=ON · pos=flat · latido=1.50s
[RANGO] XLMUSDT_LINEAL last=0.1767 · río=WS · mercado=linear · estado=ACECHANDO · dir=— · 0=0.175 · Oz=— · Red=— · manos=ON · pos=flat · latido=1.50s
[RANGO] autosello XLM · ACECHANDO · Oz=0.0 link=— · manos_feria_informe.json
[RANGO] XLMUSDT_LINEAL last=0.1766 · río=WS · mercado=linear · estado=ACECHANDO · dir=— · 0=0.175 · Oz=— · Red=— · manos=ON · pos=flat · latido=1.50s
[RANGO] autosello XLM · ACECHANDO · Oz=0.0 link=— · manos_feria_informe.json
[RANGO] XLMUSDT_LINEAL last=0.1767 · río=WS · mercado=linear · estado=ACECHANDO · dir=— · 0=0.175 · Oz=— · Red=— · manos=ON · pos=flat · latido=1.50s
[2026-08-31 09:00:56] [TUSK] RECONCILIACIÓN: COTIUSDT_LINEAL: interno L:0.000000/S:0.000000 -> real L:1588.000000/S:0.000000
[2026-08-31 09:00:56] [TUSK] RECONCILIACIÓN_FANTASMA: PURRUSDT_LINEAL existe interno pero no en exchange -> reseteando
[2026-08-31 09:00:56] [TUSK] RECONCILIACIÓN_OK: 2 frentes alineados con exchange
[RANGO] XLMUSDT_LINEAL last=0.1765 · río=WS · mercado=linear · estado=ACECHANDO · dir=— · 0=0.175 · Oz=— · Red=— · manos=ON · pos=flat · latido=1.50s
[RANGO] autosello XLM · ACECHANDO · Oz=0.0 link=— · manos_feria_informe.json
[RANGO] XLMUSDT_LINEAL last=0.1768 · río=WS · mercado=linear · estado=ACECHANDO · dir=— · 0=0.175 · Oz=— · Red=— · manos=ON · pos=flat · latido=1.50s
[RANGO] autosello XLM · ACECHANDO · Oz=0.0 link=— · manos_feria_informe.json
[RANGO] XLMUSDT_LINEAL last=0.1766 · río=WS · mercado=linear · estado=ACECHANDO · dir=— · 0=0.175 · Oz=— · Red=— · manos=ON · pos=flat · latido=1.50s
[RANGO] XLMUSDT_LINEAL last=0.1767 · río=WS · mercado=linear · estado=ACECHANDO · dir=— · 0=0.175 · Oz=— · Red=— · manos=ON · pos=flat · latido=1.50s
[RANGO] autosello XLM · ACECHANDO · Oz=0.0 link=— · manos_feria_informe.json
[RANGO] XLMUSDT_LINEAL last=0.1765 · río=WS · mercado=linear · estado=ACECHANDO · dir=— · 0=0.175 · Oz=— · Red=— · manos=ON · pos=flat · latido=1.50s
[RANGO] autosello XLM · ACECHANDO · Oz=0.0 link=— · manos_feria_informe.json
[RANGO] XLMUSDT_LINEAL last=0.1766 · río=WS · mercado=linear · estado=ACECHANDO · dir=— · 0=0.175 · Oz=— · Red=— · manos=ON · pos=flat · latido=1.50s
[RANGO] XLMUSDT_LINEAL last=0.1765 · río=WS · mercado=linear · estado=ACECHANDO · dir=— · 0=0.175 · Oz=— · Red=— · manos=ON · pos=flat · latido=1.50s
[RANGO] autosello XLM · ACECHANDO · Oz=0.0 link=— · manos_feria_informe.json
[RANGO] XLMUSDT_LINEAL last=0.1765 · río=WS · mercado=linear · estado=ACECHANDO · dir=— · 0=0.175 · Oz=— · Red=— · manos=ON · pos=flat · latido=1.50s
[RANGO] autosello XLM · ACECHANDO · Oz=0.0 link=— · manos_feria_informe.json
[RANGO] XLMUSDT_LINEAL last=0.1765 · río=WS · mercado=linear · estado=ACECHANDO · dir=— · 0=0.175 · Oz=— · Red=— · manos=ON · pos=flat · latido=1.50s
[RANGO] XLMUSDT_LINEAL last=0.17653 · río=WS · mercado=linear · estado=ACECHANDO · dir=— · 0=0.175 · Oz=— · Red=— · manos=ON · pos=flat · latido=1.50s
[RANGO] autosello XLM · ACECHANDO · Oz=0.0 link=— · manos_feria_informe.json
[RANGO] XLMUSDT_LINEAL last=0.1765 · río=WS · mercado=linear · estado=ACECHANDO · dir=— · 0=0.175 · Oz=— · Red=— · manos=ON · pos=flat · latido=1.50s
[RANGO] autosello XLM · ACECHANDO · Oz=0.0 link=— · manos_feria_informe.json
[RANGO] XLMUSDT_LINEAL last=0.1763 · río=WS · mercado=linear · estado=ACECHANDO · dir=— · 0=0.175 · Oz=— · Red=— · manos=ON · pos=flat · latido=1.50s
[RANGO] XLMUSDT_LINEAL last=0.1765 · río=WS · mercado=linear · estado=ACECHANDO · dir=— · 0=0.175 · Oz=— · Red=— · manos=ON · pos=flat · latido=1.50s
[RANGO] autosello XLM · ACECHANDO · Oz=0.0 link=— · manos_feria_informe.json
[RANGO] XLMUSDT_LINEAL last=0.1765 · río=WS · mercado=linear · estado=ACECHANDO · dir=— · 0=0.175 · Oz=— · Red=— · manos=ON · pos=flat · latido=1.50s
[RANGO] autosello XLM · ACECHANDO · Oz=0.0 link=— · manos_feria_informe.json
[RANGO] XLMUSDT_LINEAL last=0.1765 · río=WS · mercado=linear · estado=ACECHANDO · dir=— · 0=0.175 · Oz=— · Red=— · manos=ON · pos=flat · latido=1.50s
[RANGO] XLMUSDT_LINEAL last=0.1765 · río=WS · mercado=linear · estado=ACECHANDO · dir=— · 0=0.175 · Oz=— · Red=— · manos=ON · pos=flat · latido=1.50s
[RANGO] autosello XLM · ACECHANDO · Oz=0.0 link=— · manos_feria_informe.json
[RANGO] XLMUSDT_LINEAL last=0.1766 · río=WS · mercado=linear · estado=ACECHANDO · dir=— · 0=0.175 · Oz=— · Red=— · manos=ON · pos=flat · latido=1.50s
[RANGO] autosello XLM · ACECHANDO · Oz=0.0 link=— · manos_feria_informe.json
[RANGO] XLMUSDT_LINEAL last=0.1765 · río=WS · mercado=linear · estado=ACECHANDO · dir=— · 0=0.175 · Oz=— · Red=— · manos=ON · pos=flat · latido=1.50s
[2026-08-31 09:04:00] [TUSK] RECONCILIACIÓN: DASHUSDT_LINEAL: interno L:0.000000/S:0.000000 -> real L:0.000000/S:0.340000
[2026-08-31 09:04:00] [TUSK] RECONCILIACIÓN: INTWUSDT_LINEAL: interno L:0.000000/S:0.000000 -> real L:2.400000/S:0.000000
[2026-08-31 09:04:00] [TUSK] RECONCILIACIÓN_FANTASMA: KSMUSDT_LINEAL existe interno pero no en exchange -> reseteando
[2026-08-31 09:04:00] [TUSK] RECONCILIACIÓN_FANTASMA: CRCLUSDT_LINEAL existe interno pero no en exchange -> reseteando
[2026-08-31 09:04:00] [TUSK] RECONCILIACIÓN_OK: 4 frentes alineados con exchange
[RANGO] XLMUSDT_LINEAL last=0.1766 · río=WS · mercado=linear · estado=ACECHANDO · dir=— · 0=0.175 · Oz=— · Red=— · manos=ON · pos=flat · latido=1.50s
[RANGO] autosello XLM · ACECHANDO · Oz=0.0 link=— · manos_feria_informe.json
[RANGO] XLMUSDT_LINEAL last=0.1767 · río=WS · mercado=linear · estado=ACECHANDO · dir=— · 0=0.175 · Oz=— · Red=— · manos=ON · pos=flat · latido=1.50s
[RANGO] autosello XLM · ACECHANDO · Oz=0.0 link=— · manos_feria_informe.json
[RANGO] XLMUSDT_LINEAL last=0.1764 · río=WS · mercado=linear · estado=ACECHANDO · dir=— · 0=0.175 · Oz=— · Red=— · manos=ON · pos=flat · latido=1.50s
[RANGO] XLMUSDT_LINEAL last=0.1762 · río=WS · mercado=linear · estado=ACECHANDO · dir=— · 0=0.175 · Oz=— · Red=— · manos=ON · pos=flat · latido=1.50s
[RANGO] autosello XLM · ACECHANDO · Oz=0.0 link=— · manos_feria_informe.json
[RANGO] XLMUSDT_LINEAL last=0.1763 · río=WS · mercado=linear · estado=ACECHANDO · dir=— · 0=0.175 · Oz=— · Red=— · manos=ON · pos=flat · latido=1.50s
[RANGO] autosello XLM · ACECHANDO · Oz=0.0 link=— · manos_feria_informe.json
[RANGO] XLMUSDT_LINEAL last=0.1763 · río=WS · mercado=linear · estado=ACECHANDO · dir=— · 0=0.175 · Oz=— · Red=— · manos=ON · pos=flat · latido=1.50s
[2026-08-31 09:05:01] [TUSK] RECONCILIACIÓN: AAOIUSDT_LINEAL: interno L:0.000000/S:0.000000 -> real L:0.480000/S:0.000000
[2026-08-31 09:05:01] [TUSK] RECONCILIACIÓN: BSPUSDT_LINEAL: interno L:0.440000/S:0.000000 -> real L:0.560000/S:0.000000
[2026-08-31 09:05:01] [TUSK] RECONCILIACIÓN: CRCLUSDT_LINEAL: interno L:0.000000/S:0.000000 -> real L:0.350000/S:0.000000
[2026-08-31 09:05:01] [TUSK] RECONCILIACIÓN_FANTASMA: ZKPUSDT_LINEAL existe interno pero no en exchange -> reseteando
[2026-08-31 09:05:01] [TUSK] RECONCILIACIÓN_FANTASMA: APRUSDT_LINEAL existe interno pero no en exchange -> reseteando
[2026-08-31 09:05:01] [TUSK] RECONCILIACIÓN_OK: 5 frentes alineados con exchange
[RANGO] XLMUSDT_LINEAL last=0.1763 · río=WS · mercado=linear · estado=ACECHANDO · dir=— · 0=0.175 · Oz=— · Red=— · manos=ON · pos=flat · latido=1.50s
[RANGO] autosello XLM · ACECHANDO · Oz=0.0 link=— · manos_feria_informe.json
[RANGO] XLMUSDT_LINEAL last=0.1762 · río=WS · mercado=linear · estado=ACECHANDO · dir=— · 0=0.175 · Oz=— · Red=— · manos=ON · pos=flat · latido=1.50s
[RANGO] autosello XLM · ACECHANDO · Oz=0.0 link=— · manos_feria_informe.json
[RANGO] XLMUSDT_LINEAL last=0.1762 · río=WS · mercado=linear · estado=ACECHANDO · dir=— · 0=0.175 · Oz=— · Red=— · manos=ON · pos=flat · latido=1.50s
[RANGO] XLMUSDT_LINEAL last=0.1763 · río=WS · mercado=linear · estado=ACECHANDO · dir=— · 0=0.175 · Oz=— · Red=— · manos=ON · pos=flat · latido=1.50s
[RANGO] autosello XLM · ACECHANDO · Oz=0.0 link=— · manos_feria_informe.json
[RANGO] XLMUSDT_LINEAL last=0.1761 · río=WS · mercado=linear · estado=ACECHANDO · dir=— · 0=0.175 · Oz=— · Red=— · manos=ON · pos=flat · latido=1.50s
[RANGO] autosello XLM · ACECHANDO · Oz=0.0 link=— · manos_feria_informe.json
[RANGO] XLMUSDT_LINEAL last=0.1762 · río=WS · mercado=linear · estado=ACECHANDO · dir=— · 0=0.175 · Oz=— · Red=— · manos=ON · pos=flat · latido=1.50s
[RANGO] XLMUSDT_LINEAL last=0.1762 · río=WS · mercado=linear · estado=ACECHANDO · dir=— · 0=0.175 · Oz=— · Red=— · manos=ON · pos=flat · latido=1.50s
[RANGO] autosello XLM · ACECHANDO · Oz=0.0 link=— · manos_feria_informe.json
[RANGO] XLMUSDT_LINEAL last=0.1761 · río=WS · mercado=linear · estado=ACECHANDO · dir=— · 0=0.175 · Oz=— · Red=— · manos=ON · pos=flat · latido=1.50s
[RANGO] autosello XLM · ACECHANDO · Oz=0.0 link=— · manos_feria_informe.json
[RANGO] XLMUSDT_LINEAL last=0.1762 · río=WS · mercado=linear · estado=ACECHANDO · dir=— · 0=0.175 · Oz=— · Red=— · manos=ON · pos=flat · latido=1.50s
[RANGO] XLMUSDT_LINEAL last=0.1762 · río=WS · mercado=linear · estado=ACECHANDO · dir=— · 0=0.175 · Oz=— · Red=— · manos=ON · pos=flat · latido=1.50s
[RANGO] autosello XLM · ACECHANDO · Oz=0.0 link=— · manos_feria_informe.json
[RANGO] XLMUSDT_LINEAL last=0.1762 · río=WS · mercado=linear · estado=ACECHANDO · dir=— · 0=0.175 · Oz=— · Red=— · manos=ON · pos=flat · latido=1.50s
[RANGO] autosello XLM · ACECHANDO · Oz=0.0 link=— · manos_feria_informe.json
[RANGO] XLMUSDT_LINEAL last=0.1763 · río=WS · mercado=linear · estado=ACECHANDO · dir=— · 0=0.175 · Oz=— · Red=— · manos=ON · pos=flat · latido=1.50s
[RANGO] XLMUSDT_LINEAL last=0.1765 · río=WS · mercado=linear · estado=ACECHANDO · dir=— · 0=0.175 · Oz=— · Red=— · manos=ON · pos=flat · latido=1.50s
[2026-08-31 09:07:03] [TUSK] RECONCILIACIÓN: CRVUSDT_LINEAL: interno L:4.800000/S:0.000000 -> real L:0.000000/S:14.500000
[2026-08-31 09:07:03] [TUSK] RECONCILIACIÓN_OK: 1 frentes alineados con exchange
[RANGO] autosello XLM · ACECHANDO · Oz=0.0 link=— · manos_feria_informe.json
[RANGO] XLMUSDT_LINEAL last=0.1764 · río=WS · mercado=linear · estado=ACECHANDO · dir=— · 0=0.175 · Oz=— · Red=— · manos=ON · pos=flat · latido=1.50s
[RANGO] autosello XLM · ACECHANDO · Oz=0.0 link=— · manos_feria_informe.json
[RANGO] XLMUSDT_LINEAL last=0.1764 · río=WS · mercado=linear · estado=ACECHANDO · dir=— · 0=0.175 · Oz=— · Red=— · manos=ON · pos=flat · latido=1.50s
[RANGO] XLMUSDT_LINEAL last=0.1765 · río=WS · mercado=linear · estado=ACECHANDO · dir=— · 0=0.175 · Oz=— · Red=— · manos=ON · pos=flat · latido=1.50s
[RANGO] autosello XLM · ACECHANDO · Oz=0.0 link=— · manos_feria_informe.json
[RANGO] XLMUSDT_LINEAL last=0.1765 · río=WS · mercado=linear · estado=ACECHANDO · dir=— · 0=0.175 · Oz=— · Red=— · manos=ON · pos=flat · latido=1.50s
[RANGO] autosello XLM · ACECHANDO · Oz=0.0 link=— · manos_feria_informe.json
[RANGO] XLMUSDT_LINEAL last=0.1765 · río=WS · mercado=linear · estado=ACECHANDO · dir=— · 0=0.175 · Oz=— · Red=— · manos=ON · pos=flat · latido=1.50s
[RANGO] XLMUSDT_LINEAL last=0.1764 · río=WS · mercado=linear · estado=ACECHANDO · dir=— · 0=0.175 · Oz=— · Red=— · manos=ON · pos=flat · latido=1.50s
[RANGO] autosello XLM · ACECHANDO · Oz=0.0 link=— · manos_feria_informe.json
[2026-08-31 09:08:04] [TUSK] RECONCILIACIÓN: PLTRUSDT_LINEAL: interno L:0.000000/S:0.000000 -> real L:0.030000/S:0.000000
[2026-08-31 09:08:04] [TUSK] RECONCILIACIÓN_FANTASMA: POWERUSDT_LINEAL existe interno pero no en exchange -> reseteando
[2026-08-31 09:08:04] [TUSK] RECONCILIACIÓN_OK: 2 frentes alineados con exchange
[RANGO] XLMUSDT_LINEAL last=0.1761 · río=WS · mercado=linear · estado=ACECHANDO · dir=— · 0=0.175 · Oz=— · Red=— · manos=ON · pos=flat · latido=1.50s
[RANGO] autosello XLM · ACECHANDO · Oz=0.0 link=— · manos_feria_informe.json
[RANGO] XLMUSDT_LINEAL last=0.1763 · río=WS · mercado=linear · estado=ACECHANDO · dir=— · 0=0.175 · Oz=— · Red=— · manos=ON · pos=flat · latido=1.50s
[RANGO] XLMUSDT_LINEAL last=0.1762 · río=WS · mercado=linear · estado=ACECHANDO · dir=— · 0=0.175 · Oz=— · Red=— · manos=ON · pos=flat · latido=1.50s
[RANGO] autosello XLM · ACECHANDO · Oz=0.0 link=— · manos_feria_informe.json
[RANGO] XLMUSDT_LINEAL last=0.17621 · río=WS · mercado=linear · estado=ACECHANDO · dir=— · 0=0.175 · Oz=— · Red=— · manos=ON · pos=flat · latido=1.50s
[RANGO] autosello XLM · ACECHANDO · Oz=0.0 link=— · manos_feria_informe.json
[RANGO] XLMUSDT_LINEAL last=0.1762 · río=WS · mercado=linear · estado=ACECHANDO · dir=— · 0=0.175 · Oz=— · Red=— · manos=ON · pos=flat · latido=1.50s
[RANGO] XLMUSDT_LINEAL last=0.1764 · río=WS · mercado=linear · estado=ACECHANDO · dir=— · 0=0.175 · Oz=— · Red=— · manos=ON · pos=flat · latido=1.50s
[RANGO] autosello XLM · ACECHANDO · Oz=0.0 link=— · manos_feria_informe.json
[2026-08-31 09:09:05] [TUSK] RECONCILIACIÓN: LITUSDT_LINEAL: interno L:0.000000/S:0.000000 -> real L:0.000000/S:22.200000
[2026-08-31 09:09:05] [TUSK] RECONCILIACIÓN_FANTASMA: CRDOUSDT_LINEAL existe interno pero no en exchange -> reseteando
[2026-08-31 09:09:05] [TUSK] RECONCILIACIÓN_OK: 2 frentes alineados con exchange
[RANGO] XLMUSDT_LINEAL last=0.1764 · río=WS · mercado=linear · estado=ACECHANDO · dir=— · 0=0.175 · Oz=— · Red=— · manos=ON · pos=flat · latido=1.50s
[RANGO] autosello XLM · ACECHANDO · Oz=0.0 link=— · manos_feria_informe.json
[RANGO] XLMUSDT_LINEAL last=0.1764 · río=WS · mercado=linear · estado=ACECHANDO · dir=— · 0=0.175 · Oz=— · Red=— · manos=ON · pos=flat · latido=1.50s
[RANGO] XLMUSDT_LINEAL last=0.1764 · río=WS · mercado=linear · estado=ACECHANDO · dir=— · 0=0.175 · Oz=— · Red=— · manos=ON · pos=flat · latido=1.50s
[RANGO] autosello XLM · ACECHANDO · Oz=0.0 link=— · manos_feria_informe.json
[RANGO] XLMUSDT_LINEAL last=0.1763 · río=WS · mercado=linear · estado=ACECHANDO · dir=— · 0=0.175 · Oz=— · Red=— · manos=ON · pos=flat · latido=1.50s
[RANGO] autosello XLM · ACECHANDO · Oz=0.0 link=— · manos_feria_informe.json
[RANGO] XLMUSDT_LINEAL last=0.1764 · río=WS · mercado=linear · estado=ACECHANDO · dir=— · 0=0.175 · Oz=— · Red=— · manos=ON · pos=flat · latido=1.50s
[RANGO] XLMUSDT_LINEAL last=0.1764 · río=WS · mercado=linear · estado=ACECHANDO · dir=— · 0=0.175 · Oz=— · Red=— · manos=ON · pos=flat · latido=1.50s
[RANGO] autosello XLM · ACECHANDO · Oz=0.0 link=— · manos_feria_informe.json
[2026-08-31 09:10:06] [TUSK] RECONCILIACIÓN: TRBUSDT_LINEAL: interno L:0.000000/S:0.000000 -> real L:5.240000/S:0.000000
[2026-08-31 09:10:06] [TUSK] RECONCILIACIÓN: APRUSDT_LINEAL: interno L:0.000000/S:0.000000 -> real L:73.000000/S:0.000000
[2026-08-31 09:10:06] [TUSK] RECONCILIACIÓN_FANTASMA: UNIUSDT_LINEAL existe interno pero no en exchange -> reseteando
[2026-08-31 09:10:06] [TUSK] RECONCILIACIÓN_FANTASMA: TSEMUSDT_LINEAL existe interno pero no en exchange -> reseteando
[2026-08-31 09:10:06] [TUSK] RECONCILIACIÓN_OK: 4 frentes alineados con exchange
[RANGO] XLMUSDT_LINEAL last=0.1761 · río=WS · mercado=linear · estado=ACECHANDO · dir=— · 0=0.175 · Oz=— · Red=— · manos=ON · pos=flat · latido=1.50s
[RANGO] autosello XLM · ACECHANDO · Oz=0.0 link=— · manos_feria_informe.json
[RANGO] XLMUSDT_LINEAL last=0.1761 · río=WS · mercado=linear · estado=ACECHANDO · dir=— · 0=0.175 · Oz=— · Red=— · manos=ON · pos=flat · latido=1.50s
[RANGO] XLMUSDT_LINEAL last=0.1761 · río=WS · mercado=linear · estado=ACECHANDO · dir=— · 0=0.175 · Oz=— · Red=— · manos=ON · pos=flat · latido=1.50s
[RANGO] autosello XLM · ACECHANDO · Oz=0.0 link=— · manos_feria_informe.json
[RANGO] XLMUSDT_LINEAL last=0.1762 · río=WS · mercado=linear · estado=ACECHANDO · dir=— · 0=0.175 · Oz=— · Red=— · manos=ON · pos=flat · latido=1.50s
[RANGO] autosello XLM · ACECHANDO · Oz=0.0 link=— · manos_feria_informe.json
[RANGO] XLMUSDT_LINEAL last=0.1762 · río=WS · mercado=linear · estado=ACECHANDO · dir=— · 0=0.175 · Oz=— · Red=— · manos=ON · pos=flat · latido=1.50s
[RANGO] XLMUSDT_LINEAL last=0.1762 · río=WS · mercado=linear · estado=ACECHANDO · dir=— · 0=0.175 · Oz=— · Red=— · manos=ON · pos=flat · latido=1.50s
[RANGO] autosello XLM · ACECHANDO · Oz=0.0 link=— · manos_feria_informe.json
[2026-08-31 09:11:07] [TUSK] RECONCILIACIÓN: SOXLUSDT_LINEAL: interno L:0.000000/S:0.000000 -> real L:0.180000/S:0.000000
[2026-08-31 09:11:07] [TUSK] RECONCILIACIÓN_FANTASMA: FLNCUSDT_LINEAL existe interno pero no en exchange -> reseteando
[2026-08-31 09:11:07] [TUSK] RECONCILIACIÓN_OK: 2 frentes alineados con exchange
[RANGO] XLMUSDT_LINEAL last=0.1762 · río=WS · mercado=linear · estado=ACECHANDO · dir=— · 0=0.175 · Oz=— · Red=— · manos=ON · pos=flat · latido=1.50s
[RANGO] autosello XLM · ACECHANDO · Oz=0.0 link=— · manos_feria_informe.json
[RANGO] XLMUSDT_LINEAL last=0.1761 · río=WS · mercado=linear · estado=ACECHANDO · dir=— · 0=0.175 · Oz=— · Red=— · manos=ON · pos=flat · latido=1.50s
[RANGO] XLMUSDT_LINEAL last=0.1761 · río=WS · mercado=linear · estado=ACECHANDO · dir=— · 0=0.175 · Oz=— · Red=— · manos=ON · pos=flat · latido=1.50s
[RANGO] autosello XLM · ACECHANDO · Oz=0.0 link=— · manos_feria_informe.json
[RANGO] XLMUSDT_LINEAL last=0.1762 · río=WS · mercado=linear · estado=ACECHANDO · dir=— · 0=0.175 · Oz=— · Red=— · manos=ON · pos=flat · latido=1.50s
[RANGO] autosello XLM · ACECHANDO · Oz=0.0 link=— · manos_feria_informe.json
[RANGO] XLMUSDT_LINEAL last=0.1761 · río=WS · mercado=linear · estado=ACECHANDO · dir=— · 0=0.175 · Oz=— · Red=— · manos=ON · pos=flat · latido=1.50s
[RANGO] XLMUSDT_LINEAL last=0.1761 · río=WS · mercado=linear · estado=ACECHANDO · dir=— · 0=0.175 · Oz=— · Red=— · manos=ON · pos=flat · latido=1.50s
[RANGO] autosello XLM · ACECHANDO · Oz=0.0 link=— · manos_feria_informe.json
[2026-08-31 09:12:09] [TUSK] RECONCILIACIÓN: AEHRUSDT_LINEAL: interno L:0.000000/S:0.000000 -> real L:0.230000/S:0.000000
[2026-08-31 09:12:09] [TUSK] RECONCILIACIÓN: KSMUSDT_LINEAL: interno L:0.000000/S:0.000000 -> real L:13.470000/S:0.000000
[2026-08-31 09:12:09] [TUSK] RECONCILIACIÓN_FANTASMA: NILUSDT_LINEAL existe interno pero no en exchange -> reseteando
[2026-08-31 09:12:09] [TUSK] RECONCILIACIÓN_FANTASMA: MORPHOUSDT_LINEAL existe interno pero no en exchange -> reseteando
[2026-08-31 09:12:09] [TUSK] RECONCILIACIÓN_OK: 4 frentes alineados con exchange
[RANGO] XLMUSDT_LINEAL last=0.176 · río=WS · mercado=linear · estado=ACECHANDO · dir=— · 0=0.175 · Oz=— · Red=— · manos=ON · pos=flat · latido=1.50s
[RANGO] autosello XLM · ACECHANDO · Oz=0.0 link=— · manos_feria_informe.json
[RANGO] XLMUSDT_LINEAL last=0.176 · río=WS · mercado=linear · estado=ACECHANDO · dir=— · 0=0.175 · Oz=— · Red=— · manos=ON · pos=flat · latido=1.50s
[RANGO] XLMUSDT_LINEAL last=0.176 · río=WS · mercado=linear · estado=ACECHANDO · dir=— · 0=0.175 · Oz=— · Red=— · manos=ON · pos=flat · latido=1.50s
[RANGO] autosello XLM · ACECHANDO · Oz=0.0 link=— · manos_feria_informe.json
[RANGO] XLMUSDT_LINEAL last=0.176 · río=WS · mercado=linear · estado=ACECHANDO · dir=— · 0=0.175 · Oz=— · Red=— · manos=ON · pos=flat · latido=1.50s
[RANGO] autosello XLM · ACECHANDO · Oz=0.0 link=— · manos_feria_informe.json
[RANGO] XLMUSDT_LINEAL last=0.176 · río=WS · mercado=linear · estado=ACECHANDO · dir=— · 0=0.175 · Oz=— · Red=— · manos=ON · pos=flat · latido=1.50s
[RANGO] XLMUSDT_LINEAL last=0.176 · río=WS · mercado=linear · estado=ACECHANDO · dir=— · 0=0.175 · Oz=— · Red=— · manos=ON · pos=flat · latido=1.50s
[RANGO] autosello XLM · ACECHANDO · Oz=0.0 link=— · manos_feria_informe.json
[2026-08-31 09:13:11] [TUSK] RECONCILIACIÓN: POWERUSDT_LINEAL: interno L:0.000000/S:0.000000 -> real L:0.000000/S:173.000000
[2026-08-31 09:13:11] [TUSK] RECONCILIACIÓN: SOXSUSDT_LINEAL: interno L:0.000000/S:0.000000 -> real L:0.000000/S:0.450000
[2026-08-31 09:13:11] [TUSK] RECONCILIACIÓN_FANTASMA: SAMSUNGUSDT_LINEAL existe interno pero no en exchange -> reseteando
[2026-08-31 09:13:11] [TUSK] RECONCILIACIÓN_FANTASMA: NEARUSDT_LINEAL existe interno pero no en exchange -> reseteando
[2026-08-31 09:13:11] [TUSK] RECONCILIACIÓN_OK: 4 frentes alineados con exchange
[RANGO] XLMUSDT_LINEAL last=0.176 · río=WS · mercado=linear · estado=ACECHANDO · dir=— · 0=0.175 · Oz=— · Red=— · manos=ON · pos=flat · latido=1.50s
[RANGO] autosello XLM · ACECHANDO · Oz=0.0 link=— · manos_feria_informe.json
[RANGO] XLMUSDT_LINEAL last=0.1759 · río=WS · mercado=linear · estado=ACECHANDO · dir=— · 0=0.175 · Oz=— · Red=— · manos=ON · pos=flat · latido=1.50s
[RANGO] XLMUSDT_LINEAL last=0.1759 · río=WS · mercado=linear · estado=ACECHANDO · dir=— · 0=0.175 · Oz=— · Red=— · manos=ON · pos=flat · latido=1.50s
[RANGO] autosello XLM · ACECHANDO · Oz=0.0 link=— · manos_feria_informe.json
[RANGO] XLMUSDT_LINEAL last=0.1759 · río=WS · mercado=linear · estado=ACECHANDO · dir=— · 0=0.175 · Oz=— · Red=— · manos=ON · pos=flat · latido=1.50s
[RANGO] autosello XLM · ACECHANDO · Oz=0.0 link=— · manos_feria_informe.json
[RANGO] XLMUSDT_LINEAL last=0.1759 · río=WS · mercado=linear · estado=ACECHANDO · dir=— · 0=0.175 · Oz=— · Red=— · manos=ON · pos=flat · latido=1.50s
[RANGO] XLMUSDT_LINEAL last=0.176 · río=WS · mercado=linear · estado=ACECHANDO · dir=— · 0=0.175 · Oz=— · Red=— · manos=ON · pos=flat · latido=1.50s
[RANGO] autosello XLM · ACECHANDO · Oz=0.0 link=— · manos_feria_informe.json
[2026-08-31 09:14:12] [TUSK] RECONCILIACIÓN: KORUUSDT_LINEAL: interno L:0.000000/S:0.000000 -> real L:0.000000/S:4.870000
[2026-08-31 09:14:12] [TUSK] RECONCILIACIÓN: ARMUSDT_LINEAL: interno L:0.000000/S:0.000000 -> real L:0.450000/S:0.000000
[2026-08-31 09:14:12] [TUSK] RECONCILIACIÓN_FANTASMA: WDCUSDT_LINEAL existe interno pero no en exchange -> reseteando
[2026-08-31 09:14:12] [TUSK] RECONCILIACIÓN_FANTASMA: BLUAIUSDT_LINEAL existe interno pero no en exchange -> reseteando
[2026-08-31 09:14:12] [TUSK] RECONCILIACIÓN_OK: 4 frentes alineados con exchange
[RANGO] XLMUSDT_LINEAL last=0.1758 · río=WS · mercado=linear · estado=ACECHANDO · dir=— · 0=0.175 · Oz=— · Red=— · manos=ON · pos=flat · latido=1.50s
[RANGO] autosello XLM · ACECHANDO · Oz=0.0 link=— · manos_feria_informe.json
[RANGO] XLMUSDT_LINEAL last=0.1758 · río=WS · mercado=linear · estado=ACECHANDO · dir=— · 0=0.175 · Oz=— · Red=— · manos=ON · pos=flat · latido=1.50s
[RANGO] XLMUSDT_LINEAL last=0.1759 · río=WS · mercado=linear · estado=ACECHANDO · dir=— · 0=0.175 · Oz=— · Red=— · manos=ON · pos=flat · latido=1.50s
[RANGO] autosello XLM · ACECHANDO · Oz=0.0 link=— · manos_feria_informe.json
[RANGO] XLMUSDT_LINEAL last=0.1758 · río=WS · mercado=linear · estado=ACECHANDO · dir=— · 0=0.175 · Oz=— · Red=— · manos=ON · pos=flat · latido=1.50s
[RANGO] autosello XLM · ACECHANDO · Oz=0.0 link=— · manos_feria_informe.json
[RANGO] XLMUSDT_LINEAL last=0.17581 · río=WS · mercado=linear · estado=ACECHANDO · dir=— · 0=0.175 · Oz=— · Red=— · manos=ON · pos=flat · latido=1.50s
[RANGO] XLMUSDT_LINEAL last=0.1758 · río=WS · mercado=linear · estado=ACECHANDO · dir=— · 0=0.175 · Oz=— · Red=— · manos=ON · pos=flat · latido=1.50s
[RANGO] autosello XLM · ACECHANDO · Oz=0.0 link=— · manos_feria_informe.json
[RANGO] XLMUSDT_LINEAL last=0.1759 · río=WS · mercado=linear · estado=ACECHANDO · dir=— · 0=0.175 · Oz=— · Red=— · manos=ON · pos=flat · latido=1.50s
[RANGO] autosello XLM · ACECHANDO · Oz=0.0 link=— · manos_feria_informe.json
[RANGO] XLMUSDT_LINEAL last=0.1758 · río=WS · mercado=linear · estado=ACECHANDO · dir=— · 0=0.175 · Oz=— · Red=— · manos=ON · pos=flat · latido=1.50s
[RANGO] XLMUSDT_LINEAL last=0.17568 · río=WS · mercado=linear · estado=ACECHANDO · dir=— · 0=0.175 · Oz=— · Red=— · manos=ON · pos=flat · latido=1.50s
[RANGO] autosello XLM · ACECHANDO · Oz=0.0 link=— · manos_feria_informe.json
[RANGO] XLMUSDT_LINEAL last=0.1756 · río=WS · mercado=linear · estado=ACECHANDO · dir=— · 0=0.175 · Oz=— · Red=— · manos=ON · pos=flat · latido=1.50s
[RANGO] autosello XLM · ACECHANDO · Oz=0.0 link=— · manos_feria_informe.json
[RANGO] XLMUSDT_LINEAL last=0.1756 · río=WS · mercado=linear · estado=ACECHANDO · dir=— · 0=0.175 · Oz=— · Red=— · manos=ON · pos=flat · latido=1.50s
[RANGO] XLMUSDT_LINEAL last=0.17571 · río=WS · mercado=linear · estado=ACECHANDO · dir=— · 0=0.175 · Oz=— · Red=— · manos=ON · pos=flat · latido=1.50s
[RANGO] autosello XLM · ACECHANDO · Oz=0.0 link=— · manos_feria_informe.json
[RANGO] XLMUSDT_LINEAL last=0.176 · río=WS · mercado=linear · estado=ACECHANDO · dir=— · 0=0.175 · Oz=— · Red=— · manos=ON · pos=flat · latido=1.50s
[RANGO] autosello XLM · ACECHANDO · Oz=0.0 link=— · manos_feria_informe.json
[RANGO] XLMUSDT_LINEAL last=0.1759 · río=WS · mercado=linear · estado=ACECHANDO · dir=— · 0=0.175 · Oz=— · Red=— · manos=ON · pos=flat · latido=1.50s
[RANGO] XLMUSDT_LINEAL last=0.1759 · río=WS · mercado=linear · estado=ACECHANDO · dir=— · 0=0.175 · Oz=— · Red=— · manos=ON · pos=flat · latido=1.50s
[RANGO] autosello XLM · ACECHANDO · Oz=0.0 link=— · manos_feria_informe.json
[RANGO] XLMUSDT_LINEAL last=0.1759 · río=WS · mercado=linear · estado=ACECHANDO · dir=— · 0=0.175 · Oz=— · Red=— · manos=ON · pos=flat · latido=1.50s
[RANGO] autosello XLM · ACECHANDO · Oz=0.0 link=— · manos_feria_informe.json
[RANGO] XLMUSDT_LINEAL last=0.176 · río=WS · mercado=linear · estado=ACECHANDO · dir=— · 0=0.175 · Oz=— · Red=— · manos=ON · pos=flat · latido=1.50s
[RANGO] XLMUSDT_LINEAL last=0.1758 · río=WS · mercado=linear · estado=ACECHANDO · dir=— · 0=0.175 · Oz=— · Red=— · manos=ON · pos=flat · latido=1.50s
[RANGO] autosello XLM · ACECHANDO · Oz=0.0 link=— · manos_feria_informe.json
[RANGO] XLMUSDT_LINEAL last=0.1759 · río=WS · mercado=linear · estado=ACECHANDO · dir=— · 0=0.175 · Oz=— · Red=— · manos=ON · pos=flat · latido=1.50s
[2026-08-31 09:17:15] [TUSK] RECONCILIACIÓN: QNTXUSDT_LINEAL: interno L:0.000000/S:0.000000 -> real L:0.400000/S:0.000000
[2026-08-31 09:17:15] [TUSK] RECONCILIACIÓN: XANUSDT_LINEAL: interno L:0.000000/S:0.000000 -> real L:107.000000/S:0.000000
[2026-08-31 09:17:15] [TUSK] RECONCILIACIÓN: POWERUSDT_LINEAL: interno L:0.000000/S:173.000000 -> real L:0.000000/S:232.000000
[2026-08-31 09:17:15] [TUSK] RECONCILIACIÓN: CRVUSDT_LINEAL: interno L:0.000000/S:14.500000 -> real L:0.000000/S:30.400000
[2026-08-31 09:17:15] [TUSK] RECONCILIACIÓN_FANTASMA: COTIUSDT_LINEAL existe interno pero no en exchange -> reseteando
[2026-08-31 09:17:15] [TUSK] RECONCILIACIÓN_FANTASMA: INTWUSDT_LINEAL existe interno pero no en exchange -> reseteando
[2026-08-31 09:17:15] [TUSK] RECONCILIACIÓN_OK: 6 frentes alineados con exchange
[RANGO] autosello XLM · ACECHANDO · Oz=0.0 link=— · manos_feria_informe.json
[RANGO] XLMUSDT_LINEAL last=0.1758 · río=WS · mercado=linear · estado=ACECHANDO · dir=— · 0=0.175 · Oz=— · Red=— · manos=ON · pos=flat · latido=1.50s
[RANGO] XLMUSDT_LINEAL last=0.1756 · río=WS · mercado=linear · estado=ACECHANDO · dir=— · 0=0.175 · Oz=— · Red=— · manos=ON · pos=flat · latido=1.50s
[RANGO] autosello XLM · ACECHANDO · Oz=0.0 link=— · manos_feria_informe.json
[RANGO] XLMUSDT_LINEAL last=0.1757 · río=WS · mercado=linear · estado=ACECHANDO · dir=— · 0=0.175 · Oz=— · Red=— · manos=ON · pos=flat · latido=1.50s
[RANGO] autosello XLM · ACECHANDO · Oz=0.0 link=— · manos_feria_informe.json
[RANGO] XLMUSDT_LINEAL last=0.1758 · río=WS · mercado=linear · estado=ACECHANDO · dir=— · 0=0.175 · Oz=— · Red=— · manos=ON · pos=flat · latido=1.50s
[RANGO] XLMUSDT_LINEAL last=0.1757 · río=WS · mercado=linear · estado=ACECHANDO · dir=— · 0=0.175 · Oz=— · Red=— · manos=ON · pos=flat · latido=1.50s
[RANGO] autosello XLM · ACECHANDO · Oz=0.0 link=— · manos_feria_informe.json
[RANGO] XLMUSDT_LINEAL last=0.1755 · río=WS · mercado=linear · estado=ACECHANDO · dir=— · 0=0.175 · Oz=— · Red=— · manos=ON · pos=flat · latido=1.50s
[2026-08-31 09:18:16] [TUSK] RECONCILIACIÓN: BROCCOLIUSDT_LINEAL: interno L:0.000000/S:0.000000 -> real L:3070.000000/S:0.000000
[2026-08-31 09:18:16] [TUSK] RECONCILIACIÓN_FANTASMA: DASHUSDT_LINEAL existe interno pero no en exchange -> reseteando
[2026-08-31 09:18:16] [TUSK] RECONCILIACIÓN_OK: 2 frentes alineados con exchange
[RANGO] autosello XLM · ACECHANDO · Oz=0.0 link=— · manos_feria_informe.json
[RANGO] XLMUSDT_LINEAL last=0.1756 · río=WS · mercado=linear · estado=ACECHANDO · dir=— · 0=0.175 · Oz=— · Red=— · manos=ON · pos=flat · latido=1.50s
[RANGO] XLMUSDT_LINEAL last=0.1755 · río=WS · mercado=linear · estado=ACECHANDO · dir=— · 0=0.175 · Oz=— · Red=— · manos=ON · pos=flat · latido=1.50s
[RANGO] autosello XLM · ACECHANDO · Oz=0.0 link=— · manos_feria_informe.json
[RANGO] XLMUSDT_LINEAL last=0.1755 · río=WS · mercado=linear · estado=ACECHANDO · dir=— · 0=0.175 · Oz=— · Red=— · manos=ON · pos=flat · latido=1.50s
[RANGO] autosello XLM · ACECHANDO · Oz=0.0 link=— · manos_feria_informe.json
[RANGO] XLMUSDT_LINEAL last=0.1755 · río=WS · mercado=linear · estado=ACECHANDO · dir=— · 0=0.175 · Oz=— · Red=— · manos=ON · pos=flat · latido=1.50s
[RANGO] XLMUSDT_LINEAL last=0.1755 · río=WS · mercado=linear · estado=ACECHANDO · dir=— · 0=0.175 · Oz=— · Red=— · manos=ON · pos=flat · latido=1.50s
[RANGO] autosello XLM · ACECHANDO · Oz=0.0 link=— · manos_feria_informe.json
[RANGO] XLMUSDT_LINEAL last=0.1755 · río=WS · mercado=linear · estado=ACECHANDO · dir=— · 0=0.175 · Oz=— · Red=— · manos=ON · pos=flat · latido=1.50s
[RANGO] autosello XLM · ACECHANDO · Oz=0.0 link=— · manos_feria_informe.json
[RANGO] XLMUSDT_LINEAL last=0.1754 · río=WS · mercado=linear · estado=ACECHANDO · dir=— · 0=0.175 · Oz=— · Red=— · manos=ON · pos=flat · latido=1.50s
[RANGO] XLMUSDT_LINEAL last=0.1755 · río=WS · mercado=linear · estado=ACECHANDO · dir=— · 0=0.175 · Oz=— · Red=— · manos=ON · pos=flat · latido=1.50s
[RANGO] autosello XLM · ACECHANDO · Oz=0.0 link=— · manos_feria_informe.json
[RANGO] XLMUSDT_LINEAL last=0.1756 · río=WS · mercado=linear · estado=ACECHANDO · dir=— · 0=0.175 · Oz=— · Red=— · manos=ON · pos=flat · latido=1.50s
[RANGO] autosello XLM · ACECHANDO · Oz=0.0 link=— · manos_feria_informe.json
[RANGO] XLMUSDT_LINEAL last=0.1754 · río=WS · mercado=linear · estado=ACECHANDO · dir=— · 0=0.175 · Oz=— · Red=— · manos=ON · pos=flat · latido=1.50s
[RANGO] XLMUSDT_LINEAL last=0.1754 · río=WS · mercado=linear · estado=ACECHANDO · dir=— · 0=0.175 · Oz=— · Red=— · manos=ON · pos=flat · latido=1.50s
[RANGO] autosello XLM · ACECHANDO · Oz=0.0 link=— · manos_feria_informe.json
[RANGO] XLMUSDT_LINEAL last=0.1754 · río=WS · mercado=linear · estado=ACECHANDO · dir=— · 0=0.175 · Oz=— · Red=— · manos=ON · pos=flat · latido=1.50s
[RANGO] autosello XLM · ACECHANDO · Oz=0.0 link=— · manos_feria_informe.json
[RANGO] XLMUSDT_LINEAL last=0.17545 · río=WS · mercado=linear · estado=ACECHANDO · dir=— · 0=0.175 · Oz=— · Red=— · manos=ON · pos=flat · latido=1.50s
[RANGO] XLMUSDT_LINEAL last=0.1754 · río=WS · mercado=linear · estado=ACECHANDO · dir=— · 0=0.175 · Oz=— · Red=— · manos=ON · pos=flat · latido=1.50s
[RANGO] autosello XLM · ACECHANDO · Oz=0.0 link=— · manos_feria_informe.json
[RANGO] XLMUSDT_LINEAL last=0.1754 · río=WS · mercado=linear · estado=ACECHANDO · dir=— · 0=0.175 · Oz=— · Red=— · manos=ON · pos=flat · latido=1.50s
[RANGO] autosello XLM · ACECHANDO · Oz=0.0 link=— · manos_feria_informe.json
[RANGO] XLMUSDT_LINEAL last=0.1755 · río=WS · mercado=linear · estado=ACECHANDO · dir=— · 0=0.175 · Oz=— · Red=— · manos=ON · pos=flat · latido=1.50s
[RANGO] XLMUSDT_LINEAL last=0.1755 · río=WS · mercado=linear · estado=ACECHANDO · dir=— · 0=0.175 · Oz=— · Red=— · manos=ON · pos=flat · latido=1.50s
[RANGO] autosello XLM · ACECHANDO · Oz=0.0 link=— · manos_feria_informe.json
[RANGO] XLMUSDT_LINEAL last=0.1756 · río=WS · mercado=linear · estado=ACECHANDO · dir=— · 0=0.175 · Oz=— · Red=— · manos=ON · pos=flat · latido=1.50s
[2026-08-31 09:21:19] [TUSK] RECONCILIACIÓN: MUBARAKUSDT_LINEAL: interno L:0.000000/S:0.000000 -> real L:9963.000000/S:0.000000
[2026-08-31 09:21:19] [TUSK] RECONCILIACIÓN_FANTASMA: CRCLUSDT_LINEAL existe interno pero no en exchange -> reseteando
[2026-08-31 09:21:19] [TUSK] RECONCILIACIÓN_OK: 2 frentes alineados con exchange
[RANGO] autosello XLM · ACECHANDO · Oz=0.0 link=— · manos_feria_informe.json
[RANGO] XLMUSDT_LINEAL last=0.1756 · río=WS · mercado=linear · estado=ACECHANDO · dir=— · 0=0.175 · Oz=— · Red=— · manos=ON · pos=flat · latido=1.50s
[RANGO] XLMUSDT_LINEAL last=0.1755 · río=WS · mercado=linear · estado=ACECHANDO · dir=— · 0=0.175 · Oz=— · Red=— · manos=ON · pos=flat · latido=1.50s
[RANGO] autosello XLM · ACECHANDO · Oz=0.0 link=— · manos_feria_informe.json
[RANGO] XLMUSDT_LINEAL last=0.1757 · río=WS · mercado=linear · estado=ACECHANDO · dir=— · 0=0.175 · Oz=— · Red=— · manos=ON · pos=flat · latido=1.50s
[RANGO] autosello XLM · ACECHANDO · Oz=0.0 link=— · manos_feria_informe.json
[RANGO] XLMUSDT_LINEAL last=0.1757 · río=WS · mercado=linear · estado=ACECHANDO · dir=— · 0=0.175 · Oz=— · Red=— · manos=ON · pos=flat · latido=1.50s
[RANGO] XLMUSDT_LINEAL last=0.1759 · río=WS · mercado=linear · estado=ACECHANDO · dir=— · 0=0.175 · Oz=— · Red=— · manos=ON · pos=flat · latido=1.50s
[RANGO] autosello XLM · ACECHANDO · Oz=0.0 link=— · manos_feria_informe.json
[RANGO] XLMUSDT_LINEAL last=0.1759 · río=WS · mercado=linear · estado=ACECHANDO · dir=— · 0=0.175 · Oz=— · Red=— · manos=ON · pos=flat · latido=1.50s
[RANGO] autosello XLM · ACECHANDO · Oz=0.0 link=— · manos_feria_informe.json
[2026-08-31 09:22:20] [TUSK] RECONCILIACIÓN: SNXXUSDT_LINEAL: interno L:0.000000/S:0.000000 -> real L:6.090000/S:0.000000
[2026-08-31 09:22:20] [TUSK] RECONCILIACIÓN_FANTASMA: BSPUSDT_LINEAL existe interno pero no en exchange -> reseteando
[2026-08-31 09:22:20] [TUSK] RECONCILIACIÓN_OK: 2 frentes alineados con exchange
[RANGO] XLMUSDT_LINEAL last=0.1758 · río=WS · mercado=linear · estado=ACECHANDO · dir=— · 0=0.175 · Oz=— · Red=— · manos=ON · pos=flat · latido=1.50s
[RANGO] XLMUSDT_LINEAL last=0.1759 · río=WS · mercado=linear · estado=ACECHANDO · dir=— · 0=0.175 · Oz=— · Red=— · manos=ON · pos=flat · latido=1.50s
[RANGO] autosello XLM · ACECHANDO · Oz=0.0 link=— · manos_feria_informe.json
[RANGO] XLMUSDT_LINEAL last=0.1758 · río=WS · mercado=linear · estado=ACECHANDO · dir=— · 0=0.175 · Oz=— · Red=— · manos=ON · pos=flat · latido=1.50s
[RANGO] autosello XLM · ACECHANDO · Oz=0.0 link=— · manos_feria_informe.json
[RANGO] XLMUSDT_LINEAL last=0.1757 · río=WS · mercado=linear · estado=ACECHANDO · dir=— · 0=0.175 · Oz=— · Red=— · manos=ON · pos=flat · latido=1.50s
[RANGO] XLMUSDT_LINEAL last=0.1757 · río=WS · mercado=linear · estado=ACECHANDO · dir=— · 0=0.175 · Oz=— · Red=— · manos=ON · pos=flat · latido=1.50s
[RANGO] autosello XLM · ACECHANDO · Oz=0.0 link=— · manos_feria_informe.json
[RANGO] XLMUSDT_LINEAL last=0.1757 · río=WS · mercado=linear · estado=ACECHANDO · dir=— · 0=0.175 · Oz=— · Red=— · manos=ON · pos=flat · latido=1.50s
[RANGO] autosello XLM · ACECHANDO · Oz=0.0 link=— · manos_feria_informe.json
[2026-08-31 09:23:22] [TUSK] RECONCILIACIÓN: POWERUSDT_LINEAL: interno L:0.000000/S:232.000000 -> real L:0.000000/S:290.000000
[2026-08-31 09:23:22] [TUSK] RECONCILIACIÓN: CHIPUSDT_LINEAL: interno L:0.000000/S:0.000000 -> real L:390.000000/S:0.000000
[2026-08-31 09:23:22] [TUSK] RECONCILIACIÓN: LITUSDT_LINEAL: interno L:0.000000/S:22.200000 -> real L:0.000000/S:23.600000
[2026-08-31 09:23:22] [TUSK] RECONCILIACIÓN_FANTASMA: AAOIUSDT_LINEAL existe interno pero no en exchange -> reseteando
[2026-08-31 09:23:22] [TUSK] RECONCILIACIÓN_OK: 4 frentes alineados con exchange
[RANGO] XLMUSDT_LINEAL last=0.1758 · río=WS · mercado=linear · estado=ACECHANDO · dir=— · 0=0.175 · Oz=— · Red=— · manos=ON · pos=flat · latido=1.50s
[RANGO] XLMUSDT_LINEAL last=0.1757 · río=WS · mercado=linear · estado=ACECHANDO · dir=— · 0=0.175 · Oz=— · Red=— · manos=ON · pos=flat · latido=1.50s
[RANGO] autosello XLM · ACECHANDO · Oz=0.0 link=— · manos_feria_informe.json
[RANGO] XLMUSDT_LINEAL last=0.1758 · río=WS · mercado=linear · estado=ACECHANDO · dir=— · 0=0.175 · Oz=— · Red=— · manos=ON · pos=flat · latido=1.50s
[RANGO] autosello XLM · ACECHANDO · Oz=0.0 link=— · manos_feria_informe.json
[RANGO] XLMUSDT_LINEAL last=0.1756 · río=WS · mercado=linear · estado=ACECHANDO · dir=— · 0=0.175 · Oz=— · Red=— · manos=ON · pos=flat · latido=1.50s
[RANGO] XLMUSDT_LINEAL last=0.1756 · río=WS · mercado=linear · estado=ACECHANDO · dir=— · 0=0.175 · Oz=— · Red=— · manos=ON · pos=flat · latido=1.50s
[RANGO] autosello XLM · ACECHANDO · Oz=0.0 link=— · manos_feria_informe.json
[RANGO] XLMUSDT_LINEAL last=0.1758 · río=WS · mercado=linear · estado=ACECHANDO · dir=— · 0=0.175 · Oz=— · Red=— · manos=ON · pos=flat · latido=1.50s
[RANGO] autosello XLM · ACECHANDO · Oz=0.0 link=— · manos_feria_informe.json
[RANGO] XLMUSDT_LINEAL last=0.1756 · río=WS · mercado=linear · estado=ACECHANDO · dir=— · 0=0.175 · Oz=— · Red=— · manos=ON · pos=flat · latido=1.50s
[RANGO] XLMUSDT_LINEAL last=0.1757 · río=WS · mercado=linear · estado=ACECHANDO · dir=— · 0=0.175 · Oz=— · Red=— · manos=ON · pos=flat · latido=1.50s
[RANGO] autosello XLM · ACECHANDO · Oz=0.0 link=— · manos_feria_informe.json
[RANGO] XLMUSDT_LINEAL last=0.1758 · río=WS · mercado=linear · estado=ACECHANDO · dir=— · 0=0.175 · Oz=— · Red=— · manos=ON · pos=flat · latido=1.50s
[RANGO] autosello XLM · ACECHANDO · Oz=0.0 link=— · manos_feria_informe.json
[RANGO] XLMUSDT_LINEAL last=0.1758 · río=WS · mercado=linear · estado=ACECHANDO · dir=— · 0=0.175 · Oz=— · Red=— · manos=ON · pos=flat · latido=1.50s
[RANGO] XLMUSDT_LINEAL last=0.1757 · río=WS · mercado=linear · estado=ACECHANDO · dir=— · 0=0.175 · Oz=— · Red=— · manos=ON · pos=flat · latido=1.50s
[RANGO] autosello XLM · ACECHANDO · Oz=0.0 link=— · manos_feria_informe.json
[RANGO] XLMUSDT_LINEAL last=0.1758 · río=WS · mercado=linear · estado=ACECHANDO · dir=— · 0=0.175 · Oz=— · Red=— · manos=ON · pos=flat · latido=1.50s
[RANGO] autosello XLM · ACECHANDO · Oz=0.0 link=— · manos_feria_informe.json
[RANGO] XLMUSDT_LINEAL last=0.1757 · río=WS · mercado=linear · estado=ACECHANDO · dir=— · 0=0.175 · Oz=— · Red=— · manos=ON · pos=flat · latido=1.50s
[RANGO] XLMUSDT_LINEAL last=0.1757 · río=WS · mercado=linear · estado=ACECHANDO · dir=— · 0=0.175 · Oz=— · Red=— · manos=ON · pos=flat · latido=1.50s
[RANGO] autosello XLM · ACECHANDO · Oz=0.0 link=— · manos_feria_informe.json
[RANGO] XLMUSDT_LINEAL last=0.1757 · río=WS · mercado=linear · estado=ACECHANDO · dir=— · 0=0.175 · Oz=— · Red=— · manos=ON · pos=flat · latido=1.50s
[RANGO] autosello XLM · ACECHANDO · Oz=0.0 link=— · manos_feria_informe.json
[RANGO] XLMUSDT_LINEAL last=0.17564 · río=WS · mercado=linear · estado=ACECHANDO · dir=— · 0=0.175 · Oz=— · Red=— · manos=ON · pos=flat · latido=1.50s
[RANGO] XLMUSDT_LINEAL last=0.1756 · río=WS · mercado=linear · estado=ACECHANDO · dir=— · 0=0.175 · Oz=— · Red=— · manos=ON · pos=flat · latido=1.50s
[RANGO] autosello XLM · ACECHANDO · Oz=0.0 link=— · manos_feria_informe.json
[RANGO] XLMUSDT_LINEAL last=0.1756 · río=WS · mercado=linear · estado=ACECHANDO · dir=— · 0=0.175 · Oz=— · Red=— · manos=ON · pos=flat · latido=1.50s
[RANGO] autosello XLM · ACECHANDO · Oz=0.0 link=— · manos_feria_informe.json
[RANGO] XLMUSDT_LINEAL last=0.1757 · río=WS · mercado=linear · estado=ACECHANDO · dir=— · 0=0.175 · Oz=— · Red=— · manos=ON · pos=flat · latido=1.50s
[2026-08-31 09:26:25] [TUSK] RECONCILIACIÓN: ZKPUSDT_LINEAL: interno L:0.000000/S:0.000000 -> real L:1496.000000/S:0.000000
[2026-08-31 09:26:25] [TUSK] RECONCILIACIÓN: AXTIUSDT_LINEAL: interno L:0.000000/S:0.000000 -> real L:1.600000/S:0.000000
[2026-08-31 09:26:25] [TUSK] RECONCILIACIÓN: NILUSDT_LINEAL: interno L:0.000000/S:0.000000 -> real L:126.000000/S:0.000000
[2026-08-31 09:26:25] [TUSK] RECONCILIACIÓN_FANTASMA: PLTRUSDT_LINEAL existe interno pero no en exchange -> reseteando
[2026-08-31 09:26:25] [TUSK] RECONCILIACIÓN_FANTASMA: BIOUSDT_LINEAL existe interno pero no en exchange -> reseteando
[2026-08-31 09:26:25] [TUSK] RECONCILIACIÓN_FANTASMA: TRBUSDT_LINEAL existe interno pero no en exchange -> reseteando
[2026-08-31 09:26:25] [TUSK] RECONCILIACIÓN_OK: 6 frentes alineados con exchange
[RANGO] XLMUSDT_LINEAL last=0.1757 · río=WS · mercado=linear · estado=ACECHANDO · dir=— · 0=0.175 · Oz=— · Red=— · manos=ON · pos=flat · latido=1.50s
[RANGO] autosello XLM · ACECHANDO · Oz=0.0 link=— · manos_feria_informe.json
[RANGO] XLMUSDT_LINEAL last=0.1756 · río=WS · mercado=linear · estado=ACECHANDO · dir=— · 0=0.175 · Oz=— · Red=— · manos=ON · pos=flat · latido=1.50s
[RANGO] autosello XLM · ACECHANDO · Oz=0.0 link=— · manos_feria_informe.json
[RANGO] XLMUSDT_LINEAL last=0.1758 · río=WS · mercado=linear · estado=ACECHANDO · dir=— · 0=0.175 · Oz=— · Red=— · manos=ON · pos=flat · latido=1.50s
[RANGO] XLMUSDT_LINEAL last=0.1758 · río=WS · mercado=linear · estado=ACECHANDO · dir=— · 0=0.175 · Oz=— · Red=— · manos=ON · pos=flat · latido=1.50s
[RANGO] autosello XLM · ACECHANDO · Oz=0.0 link=— · manos_feria_informe.json
[RANGO] XLMUSDT_LINEAL last=0.1758 · río=WS · mercado=linear · estado=ACECHANDO · dir=— · 0=0.175 · Oz=— · Red=— · manos=ON · pos=flat · latido=1.50s
[RANGO] autosello XLM · ACECHANDO · Oz=0.0 link=— · manos_feria_informe.json
[RANGO] XLMUSDT_LINEAL last=0.1758 · río=WS · mercado=linear · estado=ACECHANDO · dir=— · 0=0.175 · Oz=— · Red=— · manos=ON · pos=flat · latido=1.50s
[2026-08-31 09:27:26] [TUSK] RECONCILIACIÓN: PLTRUSDT_LINEAL: interno L:0.000000/S:0.000000 -> real L:0.030000/S:0.000000
[2026-08-31 09:27:26] [TUSK] RECONCILIACIÓN_FANTASMA: SOXLUSDT_LINEAL existe interno pero no en exchange -> reseteando
[2026-08-31 09:27:26] [TUSK] RECONCILIACIÓN_OK: 2 frentes alineados con exchange
[RANGO] XLMUSDT_LINEAL last=0.1759 · río=WS · mercado=linear · estado=ACECHANDO · dir=— · 0=0.175 · Oz=— · Red=— · manos=ON · pos=flat · latido=1.50s
[RANGO] autosello XLM · ACECHANDO · Oz=0.0 link=— · manos_feria_informe.json
[RANGO] XLMUSDT_LINEAL last=0.176 · río=WS · mercado=linear · estado=ACECHANDO · dir=— · 0=0.175 · Oz=— · Red=— · manos=ON · pos=flat · latido=1.50s
[RANGO] autosello XLM · ACECHANDO · Oz=0.0 link=— · manos_feria_informe.json
[RANGO] XLMUSDT_LINEAL last=0.1759 · río=WS · mercado=linear · estado=ACECHANDO · dir=— · 0=0.175 · Oz=— · Red=— · manos=ON · pos=flat · latido=1.50s
[RANGO] XLMUSDT_LINEAL last=0.1759 · río=WS · mercado=linear · estado=ACECHANDO · dir=— · 0=0.175 · Oz=— · Red=— · manos=ON · pos=flat · latido=1.50s
[RANGO] autosello XLM · ACECHANDO · Oz=0.0 link=— · manos_feria_informe.json
[RANGO] XLMUSDT_LINEAL last=0.1759 · río=WS · mercado=linear · estado=ACECHANDO · dir=— · 0=0.175 · Oz=— · Red=— · manos=ON · pos=flat · latido=1.50s
[RANGO] autosello XLM · ACECHANDO · Oz=0.0 link=— · manos_feria_informe.json
[RANGO] XLMUSDT_LINEAL last=0.1761 · río=WS · mercado=linear · estado=ACECHANDO · dir=— · 0=0.175 · Oz=— · Red=— · manos=ON · pos=flat · latido=1.50s
[RANGO] XLMUSDT_LINEAL last=0.1761 · río=WS · mercado=linear · estado=ACECHANDO · dir=— · 0=0.175 · Oz=— · Red=— · manos=ON · pos=flat · latido=1.50s
[RANGO] autosello XLM · ACECHANDO · Oz=0.0 link=— · manos_feria_informe.json
[RANGO] XLMUSDT_LINEAL last=0.1762 · río=WS · mercado=linear · estado=ACECHANDO · dir=— · 0=0.175 · Oz=— · Red=— · manos=ON · pos=flat · latido=1.50s
[RANGO] autosello XLM · ACECHANDO · Oz=0.0 link=— · manos_feria_informe.json
[RANGO] XLMUSDT_LINEAL last=0.1763 · río=WS · mercado=linear · estado=ACECHANDO · dir=— · 0=0.175 · Oz=— · Red=— · manos=ON · pos=flat · latido=1.50s
[RANGO] XLMUSDT_LINEAL last=0.1762 · río=WS · mercado=linear · estado=ACECHANDO · dir=— · 0=0.175 · Oz=— · Red=— · manos=ON · pos=flat · latido=1.50s
[RANGO] autosello XLM · ACECHANDO · Oz=0.0 link=— · manos_feria_informe.json
[RANGO] XLMUSDT_LINEAL last=0.1764 · río=WS · mercado=linear · estado=ACECHANDO · dir=— · 0=0.175 · Oz=— · Red=— · manos=ON · pos=flat · latido=1.50s
[RANGO] autosello XLM · ACECHANDO · Oz=0.0 link=— · manos_feria_informe.json
[RANGO] XLMUSDT_LINEAL last=0.1763 · río=WS · mercado=linear · estado=ACECHANDO · dir=— · 0=0.175 · Oz=— · Red=— · manos=ON · pos=flat · latido=1.50s
[2026-08-31 09:29:29] [TUSK] RECONCILIACIÓN: SAMSUNGUSDT_LINEAL: interno L:0.000000/S:0.000000 -> real L:0.000000/S:0.110000
[2026-08-31 09:29:29] [TUSK] RECONCILIACIÓN_FANTASMA: KSMUSDT_LINEAL existe interno pero no en exchange -> reseteando
[2026-08-31 09:29:29] [TUSK] RECONCILIACIÓN_OK: 2 frentes alineados con exchange
[RANGO] XLMUSDT_LINEAL last=0.1763 · río=WS · mercado=linear · estado=ACECHANDO · dir=— · 0=0.175 · Oz=— · Red=— · manos=ON · pos=flat · latido=1.50s
[RANGO] autosello XLM · ACECHANDO · Oz=0.0 link=— · manos_feria_informe.json
[RANGO] XLMUSDT_LINEAL last=0.1762 · río=WS · mercado=linear · estado=ACECHANDO · dir=— · 0=0.175 · Oz=— · Red=— · manos=ON · pos=flat · latido=1.50s
[RANGO] autosello XLM · ACECHANDO · Oz=0.0 link=— · manos_feria_informe.json
[RANGO] XLMUSDT_LINEAL last=0.1762 · río=WS · mercado=linear · estado=ACECHANDO · dir=— · 0=0.175 · Oz=— · Red=— · manos=ON · pos=flat · latido=1.50s
[RANGO] XLMUSDT_LINEAL last=0.1762 · río=WS · mercado=linear · estado=ACECHANDO · dir=— · 0=0.175 · Oz=— · Red=— · manos=ON · pos=flat · latido=1.50s
[RANGO] autosello XLM · ACECHANDO · Oz=0.0 link=— · manos_feria_informe.json
[RANGO] XLMUSDT_LINEAL last=0.1761 · río=WS · mercado=linear · estado=ACECHANDO · dir=— · 0=0.175 · Oz=— · Red=— · manos=ON · pos=flat · latido=1.50s
[RANGO] autosello XLM · ACECHANDO · Oz=0.0 link=— · manos_feria_informe.json
[RANGO] XLMUSDT_LINEAL last=0.1759 · río=WS · mercado=linear · estado=ACECHANDO · dir=— · 0=0.175 · Oz=— · Red=— · manos=ON · pos=flat · latido=1.50s
[2026-08-31 09:30:30] [TUSK] RECONCILIACIÓN: POWERUSDT_LINEAL: interno L:0.000000/S:290.000000 -> real L:0.000000/S:347.000000
[2026-08-31 09:30:30] [TUSK] RECONCILIACIÓN_OK: 1 frentes alineados con exchange
[RANGO] XLMUSDT_LINEAL last=0.176 · río=WS · mercado=linear · estado=ACECHANDO · dir=— · 0=0.175 · Oz=— · Red=— · manos=ON · pos=flat · latido=1.50s
[RANGO] autosello XLM · ACECHANDO · Oz=0.0 link=— · manos_feria_informe.json
[RANGO] XLMUSDT_LINEAL last=0.1762 · río=WS · mercado=linear · estado=ACECHANDO · dir=— · 0=0.175 · Oz=— · Red=— · manos=ON · pos=flat · latido=1.50s
[RANGO] autosello XLM · ACECHANDO · Oz=0.0 link=— · manos_feria_informe.json
[RANGO] XLMUSDT_LINEAL last=0.1762 · río=WS · mercado=linear · estado=ACECHANDO · dir=— · 0=0.175 · Oz=— · Red=— · manos=ON · pos=flat · latido=1.50s
[RANGO] XLMUSDT_LINEAL last=0.1761 · río=WS · mercado=linear · estado=ACECHANDO · dir=— · 0=0.175 · Oz=— · Red=— · manos=ON · pos=flat · latido=1.50s
[RANGO] autosello XLM · ACECHANDO · Oz=0.0 link=— · manos_feria_informe.json
[RANGO] XLMUSDT_LINEAL last=0.1762 · río=WS · mercado=linear · estado=ACECHANDO · dir=— · 0=0.175 · Oz=— · Red=— · manos=ON · pos=flat · latido=1.50s
[RANGO] autosello XLM · ACECHANDO · Oz=0.0 link=— · manos_feria_informe.json
[RANGO] XLMUSDT_LINEAL last=0.1761 · río=WS · mercado=linear · estado=ACECHANDO · dir=— · 0=0.175 · Oz=— · Red=— · manos=ON · pos=flat · latido=1.50s
[RANGO] XLMUSDT_LINEAL last=0.1759 · río=WS · mercado=linear · estado=ACECHANDO · dir=— · 0=0.175 · Oz=— · Red=— · manos=ON · pos=flat · latido=1.50s
[RANGO] autosello XLM · ACECHANDO · Oz=0.0 link=— · manos_feria_informe.json
[RANGO] XLMUSDT_LINEAL last=0.1758 · río=WS · mercado=linear · estado=ACECHANDO · dir=— · 0=0.175 · Oz=— · Red=— · manos=ON · pos=flat · latido=1.50s
[RANGO] autosello XLM · ACECHANDO · Oz=0.0 link=— · manos_feria_informe.json
[RANGO] XLMUSDT_LINEAL last=0.176 · río=WS · mercado=linear · estado=ACECHANDO · dir=— · 0=0.175 · Oz=— · Red=— · manos=ON · pos=flat · latido=1.50s
[RANGO] XLMUSDT_LINEAL last=0.1762 · río=WS · mercado=linear · estado=ACECHANDO · dir=— · 0=0.175 · Oz=— · Red=— · manos=ON · pos=flat · latido=1.50s
[RANGO] autosello XLM · ACECHANDO · Oz=0.0 link=— · manos_feria_informe.json
[RANGO] XLMUSDT_LINEAL last=0.1761 · río=WS · mercado=linear · estado=ACECHANDO · dir=— · 0=0.175 · Oz=— · Red=— · manos=ON · pos=flat · latido=1.50s
[RANGO] autosello XLM · ACECHANDO · Oz=0.0 link=— · manos_feria_informe.json
[RANGO] XLMUSDT_LINEAL last=0.1764 · río=WS · mercado=linear · estado=ACECHANDO · dir=— · 0=0.175 · Oz=— · Red=— · manos=ON · pos=flat · latido=1.50s
[RANGO] XLMUSDT_LINEAL last=0.1764 · río=WS · mercado=linear · estado=ACECHANDO · dir=— · 0=0.175 · Oz=— · Red=— · manos=ON · pos=flat · latido=1.50s
[RANGO] autosello XLM · ACECHANDO · Oz=0.0 link=— · manos_feria_informe.json
[RANGO] XLMUSDT_LINEAL last=0.1762 · río=WS · mercado=linear · estado=ACECHANDO · dir=— · 0=0.175 · Oz=— · Red=— · manos=ON · pos=flat · latido=1.50s
[RANGO] autosello XLM · ACECHANDO · Oz=0.0 link=— · manos_feria_informe.json
[RANGO] XLMUSDT_LINEAL last=0.1762 · río=WS · mercado=linear · estado=ACECHANDO · dir=— · 0=0.175 · Oz=— · Red=— · manos=ON · pos=flat · latido=1.50s
[RANGO] XLMUSDT_LINEAL last=0.1763 · río=WS · mercado=linear · estado=ACECHANDO · dir=— · 0=0.175 · Oz=— · Red=— · manos=ON · pos=flat · latido=1.50s
[RANGO] autosello XLM · ACECHANDO · Oz=0.0 link=— · manos_feria_informe.json
[RANGO] XLMUSDT_LINEAL last=0.1763 · río=WS · mercado=linear · estado=ACECHANDO · dir=— · 0=0.175 · Oz=— · Red=— · manos=ON · pos=flat · latido=1.50s
[RANGO] autosello XLM · ACECHANDO · Oz=0.0 link=— · manos_feria_informe.json
[RANGO] XLMUSDT_LINEAL last=0.1762 · río=WS · mercado=linear · estado=ACECHANDO · dir=— · 0=0.175 · Oz=— · Red=— · manos=ON · pos=flat · latido=1.50s
[RANGO] XLMUSDT_LINEAL last=0.1763 · río=WS · mercado=linear · estado=ACECHANDO · dir=— · 0=0.175 · Oz=— · Red=— · manos=ON · pos=flat · latido=1.50s
[2026-08-31 09:33:34] [TUSK] RECONCILIACIÓN: BIOUSDT_LINEAL: interno L:0.000000/S:0.000000 -> real L:1016.000000/S:0.000000
[2026-08-31 09:33:34] [TUSK] RECONCILIACIÓN_FANTASMA: AEHRUSDT_LINEAL existe interno pero no en exchange -> reseteando
[2026-08-31 09:33:34] [TUSK] RECONCILIACIÓN_OK: 2 frentes alineados con exchange
[RANGO] autosello XLM · ACECHANDO · Oz=0.0 link=— · manos_feria_informe.json
[RANGO] XLMUSDT_LINEAL last=0.1762 · río=WS · mercado=linear · estado=ACECHANDO · dir=— · 0=0.175 · Oz=— · Red=— · manos=ON · pos=flat · latido=1.50s
[RANGO] autosello XLM · ACECHANDO · Oz=0.0 link=— · manos_feria_informe.json
[RANGO] XLMUSDT_LINEAL last=0.176 · río=WS · mercado=linear · estado=ACECHANDO · dir=— · 0=0.175 · Oz=— · Red=— · manos=ON · pos=flat · latido=1.50s
[RANGO] XLMUSDT_LINEAL last=0.176 · río=WS · mercado=linear · estado=ACECHANDO · dir=— · 0=0.175 · Oz=— · Red=— · manos=ON · pos=flat · latido=1.50s
[RANGO] autosello XLM · ACECHANDO · Oz=0.0 link=— · manos_feria_informe.json
[RANGO] XLMUSDT_LINEAL last=0.176 · río=WS · mercado=linear · estado=ACECHANDO · dir=— · 0=0.175 · Oz=— · Red=— · manos=ON · pos=flat · latido=1.50s
[RANGO] autosello XLM · ACECHANDO · Oz=0.0 link=— · manos_feria_informe.json
[RANGO] XLMUSDT_LINEAL last=0.176 · río=WS · mercado=linear · estado=ACECHANDO · dir=— · 0=0.175 · Oz=— · Red=— · manos=ON · pos=flat · latido=1.50s
[RANGO] XLMUSDT_LINEAL last=0.1759 · río=WS · mercado=linear · estado=ACECHANDO · dir=— · 0=0.175 · Oz=— · Red=— · manos=ON · pos=flat · latido=1.50s
[2026-08-31 09:34:35] [TUSK] RECONCILIACIÓN: MSTRUSDT_LINEAL: interno L:0.000000/S:0.000000 -> real L:0.200000/S:0.000000
[2026-08-31 09:34:35] [TUSK] RECONCILIACIÓN: PURRUSDT_LINEAL: interno L:0.000000/S:0.000000 -> real L:4.300000/S:0.000000
[2026-08-31 09:34:35] [TUSK] RECONCILIACIÓN_FANTASMA: SOXSUSDT_LINEAL existe interno pero no en exchange -> reseteando
[2026-08-31 09:34:35] [TUSK] RECONCILIACIÓN_FANTASMA: KORUUSDT_LINEAL existe interno pero no en exchange -> reseteando
[2026-08-31 09:34:35] [TUSK] RECONCILIACIÓN_OK: 4 frentes alineados con exchange
[RANGO] autosello XLM · ACECHANDO · Oz=0.0 link=— · manos_feria_informe.json
[RANGO] XLMUSDT_LINEAL last=0.17591 · río=WS · mercado=linear · estado=ACECHANDO · dir=— · 0=0.175 · Oz=— · Red=— · manos=ON · pos=flat · latido=1.50s
[RANGO] autosello XLM · ACECHANDO · Oz=0.0 link=— · manos_feria_informe.json
[RANGO] XLMUSDT_LINEAL last=0.1758 · río=WS · mercado=linear · estado=ACECHANDO · dir=— · 0=0.175 · Oz=— · Red=— · manos=ON · pos=flat · latido=1.50s
[RANGO] XLMUSDT_LINEAL last=0.1758 · río=WS · mercado=linear · estado=ACECHANDO · dir=— · 0=0.175 · Oz=— · Red=— · manos=ON · pos=flat · latido=1.50s
[RANGO] autosello XLM · ACECHANDO · Oz=0.0 link=— · manos_feria_informe.json
[RANGO] XLMUSDT_LINEAL last=0.1759 · río=WS · mercado=linear · estado=ACECHANDO · dir=— · 0=0.175 · Oz=— · Red=— · manos=ON · pos=flat · latido=1.50s
[RANGO] autosello XLM · ACECHANDO · Oz=0.0 link=— · manos_feria_informe.json
[RANGO] XLMUSDT_LINEAL last=0.1758 · río=WS · mercado=linear · estado=ACECHANDO · dir=— · 0=0.175 · Oz=— · Red=— · manos=ON · pos=flat · latido=1.50s
[RANGO] XLMUSDT_LINEAL last=0.1758 · río=WS · mercado=linear · estado=ACECHANDO · dir=— · 0=0.175 · Oz=— · Red=— · manos=ON · pos=flat · latido=1.50s
[RANGO] autosello XLM · ACECHANDO · Oz=0.0 link=— · manos_feria_informe.json
[2026-08-31 09:35:36] [TUSK] RECONCILIACIÓN: COTIUSDT_LINEAL: interno L:0.000000/S:0.000000 -> real L:1213.000000/S:0.000000
[2026-08-31 09:35:36] [TUSK] RECONCILIACIÓN: PURRUSDT_LINEAL: interno L:4.300000/S:0.000000 -> real L:3.800000/S:0.000000
[2026-08-31 09:35:36] [TUSK] RECONCILIACIÓN_FANTASMA: APRUSDT_LINEAL existe interno pero no en exchange -> reseteando
[2026-08-31 09:35:36] [TUSK] RECONCILIACIÓN_OK: 3 frentes alineados con exchange
[RANGO] XLMUSDT_LINEAL last=0.1758 · río=WS · mercado=linear · estado=ACECHANDO · dir=— · 0=0.175 · Oz=— · Red=— · manos=ON · pos=flat · latido=1.50s
[RANGO] autosello XLM · ACECHANDO · Oz=0.0 link=— · manos_feria_informe.json
[RANGO] XLMUSDT_LINEAL last=0.1759 · río=WS · mercado=linear · estado=ACECHANDO · dir=— · 0=0.175 · Oz=— · Red=— · manos=ON · pos=flat · latido=1.50s
[RANGO] XLMUSDT_LINEAL last=0.1758 · río=WS · mercado=linear · estado=ACECHANDO · dir=— · 0=0.175 · Oz=— · Red=— · manos=ON · pos=flat · latido=1.50s
[RANGO] autosello XLM · ACECHANDO · Oz=0.0 link=— · manos_feria_informe.json
[RANGO] XLMUSDT_LINEAL last=0.17592 · río=WS · mercado=linear · estado=ACECHANDO · dir=— · 0=0.175 · Oz=— · Red=— · manos=ON · pos=flat · latido=1.50s
[RANGO] autosello XLM · ACECHANDO · Oz=0.0 link=— · manos_feria_informe.json
[RANGO] XLMUSDT_LINEAL last=0.1758 · río=WS · mercado=linear · estado=ACECHANDO · dir=— · 0=0.175 · Oz=— · Red=— · manos=ON · pos=flat · latido=1.50s
[RANGO] XLMUSDT_LINEAL last=0.1759 · río=WS · mercado=linear · estado=ACECHANDO · dir=— · 0=0.175 · Oz=— · Red=— · manos=ON · pos=flat · latido=1.50s
[RANGO] autosello XLM · ACECHANDO · Oz=0.0 link=— · manos_feria_informe.json
[2026-08-31 09:36:37] [TUSK] RECONCILIACIÓN: POWERUSDT_LINEAL: interno L:0.000000/S:347.000000 -> real L:0.000000/S:404.000000
[2026-08-31 09:36:37] [TUSK] RECONCILIACIÓN: PURRUSDT_LINEAL: interno L:3.800000/S:0.000000 -> real L:4.300000/S:0.000000
[2026-08-31 09:36:37] [TUSK] RECONCILIACIÓN: SYRUPUSDT_LINEAL: interno L:0.000000/S:0.000000 -> real L:482.000000/S:0.000000
[2026-08-31 09:36:37] [TUSK] RECONCILIACIÓN_FANTASMA: CRVUSDT_LINEAL existe interno pero no en exchange -> reseteando
[2026-08-31 09:36:37] [TUSK] RECONCILIACIÓN_OK: 4 frentes alineados con exchange
[RANGO] XLMUSDT_LINEAL last=0.176 · río=WS · mercado=linear · estado=ACECHANDO · dir=— · 0=0.175 · Oz=— · Red=— · manos=ON · pos=flat · latido=1.50s
[RANGO] autosello XLM · ACECHANDO · Oz=0.0 link=— · manos_feria_informe.json
[RANGO] XLMUSDT_LINEAL last=0.176 · río=WS · mercado=linear · estado=ACECHANDO · dir=— · 0=0.175 · Oz=— · Red=— · manos=ON · pos=flat · latido=1.50s
[RANGO] XLMUSDT_LINEAL last=0.176 · río=WS · mercado=linear · estado=ACECHANDO · dir=— · 0=0.175 · Oz=— · Red=— · manos=ON · pos=flat · latido=1.50s
[RANGO] autosello XLM · ACECHANDO · Oz=0.0 link=— · manos_feria_informe.json
[RANGO] XLMUSDT_LINEAL last=0.1758 · río=WS · mercado=linear · estado=ACECHANDO · dir=— · 0=0.175 · Oz=— · Red=— · manos=ON · pos=flat · latido=1.50s
[RANGO] autosello XLM · ACECHANDO · Oz=0.0 link=— · manos_feria_informe.json
[RANGO] XLMUSDT_LINEAL last=0.1759 · río=WS · mercado=linear · estado=ACECHANDO · dir=— · 0=0.175 · Oz=— · Red=— · manos=ON · pos=flat · latido=1.50s
[RANGO] XLMUSDT_LINEAL last=0.17581 · río=WS · mercado=linear · estado=ACECHANDO · dir=— · 0=0.175 · Oz=— · Red=— · manos=ON · pos=flat · latido=1.50s
[RANGO] autosello XLM · ACECHANDO · Oz=0.0 link=— · manos_feria_informe.json
[2026-08-31 09:37:38] [TUSK] RECONCILIACIÓN: FWDIUSDT_LINEAL: interno L:0.000000/S:0.000000 -> real L:0.000000/S:4.200000
[2026-08-31 09:37:38] [TUSK] RECONCILIACIÓN_FANTASMA: XANUSDT_LINEAL existe interno pero no en exchange -> reseteando
[2026-08-31 09:37:38] [TUSK] RECONCILIACIÓN_OK: 2 frentes alineados con exchange
[RANGO] XLMUSDT_LINEAL last=0.1758 · río=WS · mercado=linear · estado=ACECHANDO · dir=— · 0=0.175 · Oz=— · Red=— · manos=ON · pos=flat · latido=1.50s
[RANGO] autosello XLM · ACECHANDO · Oz=0.0 link=— · manos_feria_informe.json
[RANGO] XLMUSDT_LINEAL last=0.1761 · río=WS · mercado=linear · estado=ACECHANDO · dir=— · 0=0.175 · Oz=— · Red=— · manos=ON · pos=flat · latido=1.50s
[RANGO] XLMUSDT_LINEAL last=0.1759 · río=WS · mercado=linear · estado=ACECHANDO · dir=— · 0=0.175 · Oz=— · Red=— · manos=ON · pos=flat · latido=1.50s
[RANGO] autosello XLM · ACECHANDO · Oz=0.0 link=— · manos_feria_informe.json
[RANGO] XLMUSDT_LINEAL last=0.1759 · río=WS · mercado=linear · estado=ACECHANDO · dir=— · 0=0.175 · Oz=— · Red=— · manos=ON · pos=flat · latido=1.50s
[RANGO] autosello XLM · ACECHANDO · Oz=0.0 link=— · manos_feria_informe.json
[RANGO] XLMUSDT_LINEAL last=0.1759 · río=WS · mercado=linear · estado=ACECHANDO · dir=— · 0=0.175 · Oz=— · Red=— · manos=ON · pos=flat · latido=1.50s
[RANGO] XLMUSDT_LINEAL last=0.1758 · río=WS · mercado=linear · estado=ACECHANDO · dir=— · 0=0.175 · Oz=— · Red=— · manos=ON · pos=flat · latido=1.50s
[RANGO] autosello XLM · ACECHANDO · Oz=0.0 link=— · manos_feria_informe.json
[2026-08-31 09:38:39] [TUSK] RECONCILIACIÓN: SHAZUSDT_LINEAL: interno L:0.000000/S:0.000000 -> real L:1.260000/S:0.000000
[2026-08-31 09:38:39] [TUSK] RECONCILIACIÓN: POWERUSDT_LINEAL: interno L:0.000000/S:404.000000 -> real L:0.000000/S:460.000000
[2026-08-31 09:38:39] [TUSK] RECONCILIACIÓN_FANTASMA: QNTXUSDT_LINEAL existe interno pero no en exchange -> reseteando
[2026-08-31 09:38:39] [TUSK] RECONCILIACIÓN_OK: 3 frentes alineados con exchange
[RANGO] XLMUSDT_LINEAL last=0.1758 · río=WS · mercado=linear · estado=ACECHANDO · dir=— · 0=0.175 · Oz=— · Red=— · manos=ON · pos=flat · latido=1.50s
[RANGO] autosello XLM · ACECHANDO · Oz=0.0 link=— · manos_feria_informe.json
[RANGO] XLMUSDT_LINEAL last=0.1757 · río=WS · mercado=linear · estado=ACECHANDO · dir=— · 0=0.175 · Oz=— · Red=— · manos=ON · pos=flat · latido=1.50s
[RANGO] XLMUSDT_LINEAL last=0.1757 · río=WS · mercado=linear · estado=ACECHANDO · dir=— · 0=0.175 · Oz=— · Red=— · manos=ON · pos=flat · latido=1.50s
[RANGO] autosello XLM · ACECHANDO · Oz=0.0 link=— · manos_feria_informe.json
[RANGO] XLMUSDT_LINEAL last=0.1757 · río=WS · mercado=linear · estado=ACECHANDO · dir=— · 0=0.175 · Oz=— · Red=— · manos=ON · pos=flat · latido=1.50s
[RANGO] autosello XLM · ACECHANDO · Oz=0.0 link=— · manos_feria_informe.json
[RANGO] XLMUSDT_LINEAL last=0.1756 · río=WS · mercado=linear · estado=ACECHANDO · dir=— · 0=0.175 · Oz=— · Red=— · manos=ON · pos=flat · latido=1.50s
[RANGO] XLMUSDT_LINEAL last=0.1756 · río=WS · mercado=linear · estado=ACECHANDO · dir=— · 0=0.175 · Oz=— · Red=— · manos=ON · pos=flat · latido=1.50s
[RANGO] autosello XLM · ACECHANDO · Oz=0.0 link=— · manos_feria_informe.json
[2026-08-31 09:39:41] [TUSK] RECONCILIACIÓN: XANUSDT_LINEAL: interno L:0.000000/S:0.000000 -> real L:0.000000/S:260.000000
[2026-08-31 09:39:41] [TUSK] RECONCILIACIÓN_FANTASMA: BROCCOLIUSDT_LINEAL existe interno pero no en exchange -> reseteando
[2026-08-31 09:39:41] [TUSK] RECONCILIACIÓN_OK: 2 frentes alineados con exchange
[RANGO] XLMUSDT_LINEAL last=0.1757 · río=WS · mercado=linear · estado=ACECHANDO · dir=— · 0=0.175 · Oz=— · Red=— · manos=ON · pos=flat · latido=1.50s
[RANGO] autosello XLM · ACECHANDO · Oz=0.0 link=— · manos_feria_informe.json
[RANGO] XLMUSDT_LINEAL last=0.17571 · río=WS · mercado=linear · estado=ACECHANDO · dir=— · 0=0.175 · Oz=— · Red=— · manos=ON · pos=flat · latido=1.50s
[RANGO] XLMUSDT_LINEAL last=0.1758 · río=WS · mercado=linear · estado=ACECHANDO · dir=— · 0=0.175 · Oz=— · Red=— · manos=ON · pos=flat · latido=1.50s
[RANGO] autosello XLM · ACECHANDO · Oz=0.0 link=— · manos_feria_informe.json
[RANGO] XLMUSDT_LINEAL last=0.1756 · río=WS · mercado=linear · estado=ACECHANDO · dir=— · 0=0.175 · Oz=— · Red=— · manos=ON · pos=flat · latido=1.50s
[RANGO] autosello XLM · ACECHANDO · Oz=0.0 link=— · manos_feria_informe.json
[RANGO] XLMUSDT_LINEAL last=0.1758 · río=WS · mercado=linear · estado=ACECHANDO · dir=— · 0=0.175 · Oz=— · Red=— · manos=ON · pos=flat · latido=1.50s
[RANGO] XLMUSDT_LINEAL last=0.1757 · río=WS · mercado=linear · estado=ACECHANDO · dir=— · 0=0.175 · Oz=— · Red=— · manos=ON · pos=flat · latido=1.50s
[RANGO] autosello XLM · ACECHANDO · Oz=0.0 link=— · manos_feria_informe.json
[2026-08-31 09:40:42] [TUSK] RECONCILIACIÓN: POWERUSDT_LINEAL: interno L:0.000000/S:460.000000 -> real L:0.000000/S:516.000000
[2026-08-31 09:40:42] [TUSK] RECONCILIACIÓN: SNXXUSDT_LINEAL: interno L:6.090000/S:0.000000 -> real L:6.470000/S:0.000000
[2026-08-31 09:40:42] [TUSK] RECONCILIACIÓN_OK: 2 frentes alineados con exchange
[RANGO] XLMUSDT_LINEAL last=0.1757 · río=WS · mercado=linear · estado=ACECHANDO · dir=— · 0=0.175 · Oz=— · Red=— · manos=ON · pos=flat · latido=1.50s
[RANGO] autosello XLM · ACECHANDO · Oz=0.0 link=— · manos_feria_informe.json
[RANGO] XLMUSDT_LINEAL last=0.1757 · río=WS · mercado=linear · estado=ACECHANDO · dir=— · 0=0.175 · Oz=— · Red=— · manos=ON · pos=flat · latido=1.50s
[RANGO] XLMUSDT_LINEAL last=0.1756 · río=WS · mercado=linear · estado=ACECHANDO · dir=— · 0=0.175 · Oz=— · Red=— · manos=ON · pos=flat · latido=1.50s
[RANGO] autosello XLM · ACECHANDO · Oz=0.0 link=— · manos_feria_informe.json
[RANGO] XLMUSDT_LINEAL last=0.1757 · río=WS · mercado=linear · estado=ACECHANDO · dir=— · 0=0.175 · Oz=— · Red=— · manos=ON · pos=flat · latido=1.50s
[RANGO] autosello XLM · ACECHANDO · Oz=0.0 link=— · manos_feria_informe.json
[RANGO] XLMUSDT_LINEAL last=0.1757 · río=WS · mercado=linear · estado=ACECHANDO · dir=— · 0=0.175 · Oz=— · Red=— · manos=ON · pos=flat · latido=1.50s
[RANGO] XLMUSDT_LINEAL last=0.1757 · río=WS · mercado=linear · estado=ACECHANDO · dir=— · 0=0.175 · Oz=— · Red=— · manos=ON · pos=flat · latido=1.50s
[RANGO] autosello XLM · ACECHANDO · Oz=0.0 link=— · manos_feria_informe.json
[2026-08-31 09:41:43] [TUSK] RECONCILIACIÓN: XANUSDT_LINEAL: interno L:0.000000/S:260.000000 -> real L:0.000000/S:623.000000
[2026-08-31 09:41:43] [TUSK] RECONCILIACIÓN_OK: 1 frentes alineados con exchange
[RANGO] XLMUSDT_LINEAL last=0.1757 · río=WS · mercado=linear · estado=ACECHANDO · dir=— · 0=0.175 · Oz=— · Red=— · manos=ON · pos=flat · latido=1.50s
[RANGO] autosello XLM · ACECHANDO · Oz=0.0 link=— · manos_feria_informe.json
[RANGO] XLMUSDT_LINEAL last=0.1758 · río=WS · mercado=linear · estado=ACECHANDO · dir=— · 0=0.175 · Oz=— · Red=— · manos=ON · pos=flat · latido=1.50s
[RANGO] XLMUSDT_LINEAL last=0.1758 · río=WS · mercado=linear · estado=ACECHANDO · dir=— · 0=0.175 · Oz=— · Red=— · manos=ON · pos=flat · latido=1.50s
[RANGO] autosello XLM · ACECHANDO · Oz=0.0 link=— · manos_feria_informe.json
[RANGO] XLMUSDT_LINEAL last=0.176 · río=WS · mercado=linear · estado=ACECHANDO · dir=— · 0=0.175 · Oz=— · Red=— · manos=ON · pos=flat · latido=1.50s
[RANGO] autosello XLM · ACECHANDO · Oz=0.0 link=— · manos_feria_informe.json
[RANGO] XLMUSDT_LINEAL last=0.176 · río=WS · mercado=linear · estado=ACECHANDO · dir=— · 0=0.175 · Oz=— · Red=— · manos=ON · pos=flat · latido=1.50s
[RANGO] XLMUSDT_LINEAL last=0.1761 · río=WS · mercado=linear · estado=ACECHANDO · dir=— · 0=0.175 · Oz=— · Red=— · manos=ON · pos=flat · latido=1.50s
[RANGO] autosello XLM · ACECHANDO · Oz=0.0 link=— · manos_feria_informe.json
[RANGO] XLMUSDT_LINEAL last=0.1762 · río=WS · mercado=linear · estado=ACECHANDO · dir=— · 0=0.175 · Oz=— · Red=— · manos=ON · pos=flat · latido=1.50s
[RANGO] autosello XLM · ACECHANDO · Oz=0.0 link=— · manos_feria_informe.json
[RANGO] XLMUSDT_LINEAL last=0.1763 · río=WS · mercado=linear · estado=ACECHANDO · dir=— · 0=0.175 · Oz=— · Red=— · manos=ON · pos=flat · latido=1.50s
[RANGO] XLMUSDT_LINEAL last=0.1763 · río=WS · mercado=linear · estado=ACECHANDO · dir=— · 0=0.175 · Oz=— · Red=— · manos=ON · pos=flat · latido=1.50s
[RANGO] autosello XLM · ACECHANDO · Oz=0.0 link=— · manos_feria_informe.json
[RANGO] XLMUSDT_LINEAL last=0.1765 · río=WS · mercado=linear · estado=ACECHANDO · dir=— · 0=0.175 · Oz=— · Red=— · manos=ON · pos=flat · latido=1.50s
[RANGO] autosello XLM · ACECHANDO · Oz=0.0 link=— · manos_feria_informe.json
[RANGO] XLMUSDT_LINEAL last=0.1766 · río=WS · mercado=linear · estado=ACECHANDO · dir=— · 0=0.175 · Oz=— · Red=— · manos=ON · pos=flat · latido=1.50s
[RANGO] XLMUSDT_LINEAL last=0.1765 · río=WS · mercado=linear · estado=ACECHANDO · dir=— · 0=0.175 · Oz=— · Red=— · manos=ON · pos=flat · latido=1.50s
[RANGO] autosello XLM · ACECHANDO · Oz=0.0 link=— · manos_feria_informe.json
[RANGO] XLMUSDT_LINEAL last=0.1766 · río=WS · mercado=linear · estado=ACECHANDO · dir=— · 0=0.175 · Oz=— · Red=— · manos=ON · pos=flat · latido=1.50s
[RANGO] autosello XLM · ACECHANDO · Oz=0.0 link=— · manos_feria_informe.json
[RANGO] XLMUSDT_LINEAL last=0.1765 · río=WS · mercado=linear · estado=ACECHANDO · dir=— · 0=0.175 · Oz=— · Red=— · manos=ON · pos=flat · latido=1.50s
[RANGO] XLMUSDT_LINEAL last=0.1765 · río=WS · mercado=linear · estado=ACECHANDO · dir=— · 0=0.175 · Oz=— · Red=— · manos=ON · pos=flat · latido=1.50s
[RANGO] autosello XLM · ACECHANDO · Oz=0.0 link=— · manos_feria_informe.json
[RANGO] XLMUSDT_LINEAL last=0.1766 · río=WS · mercado=linear · estado=ACECHANDO · dir=— · 0=0.175 · Oz=— · Red=— · manos=ON · pos=flat · latido=1.50s
[RANGO] autosello XLM · ACECHANDO · Oz=0.0 link=— · manos_feria_informe.json
[RANGO] XLMUSDT_LINEAL last=0.1765 · río=WS · mercado=linear · estado=ACECHANDO · dir=— · 0=0.175 · Oz=— · Red=— · manos=ON · pos=flat · latido=1.50s
[RANGO] XLMUSDT_LINEAL last=0.1765 · río=WS · mercado=linear · estado=ACECHANDO · dir=— · 0=0.175 · Oz=— · Red=— · manos=ON · pos=flat · latido=1.50s
[RANGO] autosello XLM · ACECHANDO · Oz=0.0 link=— · manos_feria_informe.json
[RANGO] XLMUSDT_LINEAL last=0.1764 · río=WS · mercado=linear · estado=ACECHANDO · dir=— · 0=0.175 · Oz=— · Red=— · manos=ON · pos=flat · latido=1.50s
[2026-08-31 09:44:46] [TUSK] RECONCILIACIÓN: POWERUSDT_LINEAL: interno L:0.000000/S:516.000000 -> real L:0.000000/S:571.000000
[2026-08-31 09:44:46] [TUSK] RECONCILIACIÓN_OK: 1 frentes alineados con exchange
[RANGO] autosello XLM · ACECHANDO · Oz=0.0 link=— · manos_feria_informe.json
[RANGO] XLMUSDT_LINEAL last=0.1765 · río=WS · mercado=linear · estado=ACECHANDO · dir=— · 0=0.175 · Oz=— · Red=— · manos=ON · pos=flat · latido=1.50s
[RANGO] XLMUSDT_LINEAL last=0.1766 · río=WS · mercado=linear · estado=ACECHANDO · dir=— · 0=0.175 · Oz=— · Red=— · manos=ON · pos=flat · latido=1.50s
[RANGO] autosello XLM · ACECHANDO · Oz=0.0 link=— · manos_feria_informe.json
[RANGO] XLMUSDT_LINEAL last=0.1766 · río=WS · mercado=linear · estado=ACECHANDO · dir=— · 0=0.175 · Oz=— · Red=— · manos=ON · pos=flat · latido=1.50s
[RANGO] autosello XLM · ACECHANDO · Oz=0.0 link=— · manos_feria_informe.json
[RANGO] XLMUSDT_LINEAL last=0.1766 · río=WS · mercado=linear · estado=ACECHANDO · dir=— · 0=0.175 · Oz=— · Red=— · manos=ON · pos=flat · latido=1.50s
[RANGO] XLMUSDT_LINEAL last=0.1764 · río=WS · mercado=linear · estado=ACECHANDO · dir=— · 0=0.175 · Oz=— · Red=— · manos=ON · pos=flat · latido=1.50s
[RANGO] autosello XLM · ACECHANDO · Oz=0.0 link=— · manos_feria_informe.json
[RANGO] XLMUSDT_LINEAL last=0.1764 · río=WS · mercado=linear · estado=ACECHANDO · dir=— · 0=0.175 · Oz=— · Red=— · manos=ON · pos=flat · latido=1.50s
[2026-08-31 09:45:47] [TUSK] RECONCILIACIÓN: XANUSDT_LINEAL: interno L:0.000000/S:623.000000 -> real L:0.000000/S:982.000000
[2026-08-31 09:45:47] [TUSK] RECONCILIACIÓN_OK: 1 frentes alineados con exchange
[RANGO] autosello XLM · ACECHANDO · Oz=0.0 link=— · manos_feria_informe.json
[RANGO] XLMUSDT_LINEAL last=0.1764 · río=WS · mercado=linear · estado=ACECHANDO · dir=— · 0=0.175 · Oz=— · Red=— · manos=ON · pos=flat · latido=1.50s
[RANGO] XLMUSDT_LINEAL last=0.1764 · río=WS · mercado=linear · estado=ACECHANDO · dir=— · 0=0.175 · Oz=— · Red=— · manos=ON · pos=flat · latido=1.50s
[RANGO] autosello XLM · ACECHANDO · Oz=0.0 link=— · manos_feria_informe.json
[RANGO] XLMUSDT_LINEAL last=0.1764 · río=WS · mercado=linear · estado=ACECHANDO · dir=— · 0=0.175 · Oz=— · Red=— · manos=ON · pos=flat · latido=1.50s
[RANGO] autosello XLM · ACECHANDO · Oz=0.0 link=— · manos_feria_informe.json
[RANGO] XLMUSDT_LINEAL last=0.17628 · río=WS · mercado=linear · estado=ACECHANDO · dir=— · 0=0.175 · Oz=— · Red=— · manos=ON · pos=flat · latido=1.50s
[RANGO] XLMUSDT_LINEAL last=0.1763 · río=WS · mercado=linear · estado=ACECHANDO · dir=— · 0=0.175 · Oz=— · Red=— · manos=ON · pos=flat · latido=1.50s
[RANGO] autosello XLM · ACECHANDO · Oz=0.0 link=— · manos_feria_informe.json
[RANGO] XLMUSDT_LINEAL last=0.1763 · río=WS · mercado=linear · estado=ACECHANDO · dir=— · 0=0.175 · Oz=— · Red=— · manos=ON · pos=flat · latido=1.50s
[2026-08-31 09:46:48] [TUSK] RECONCILIACIÓN: HYPEUSDT_LINEAL: interno L:0.000000/S:0.000000 -> real L:0.000000/S:0.270000
[2026-08-31 09:46:48] [TUSK] RECONCILIACIÓN_FANTASMA: ARMUSDT_LINEAL existe interno pero no en exchange -> reseteando
[2026-08-31 09:46:48] [TUSK] RECONCILIACIÓN_OK: 2 frentes alineados con exchange
[RANGO] autosello XLM · ACECHANDO · Oz=0.0 link=— · manos_feria_informe.json
[RANGO] XLMUSDT_LINEAL last=0.1763 · río=WS · mercado=linear · estado=ACECHANDO · dir=— · 0=0.175 · Oz=— · Red=— · manos=ON · pos=flat · latido=1.50s
[RANGO] XLMUSDT_LINEAL last=0.1762 · río=WS · mercado=linear · estado=ACECHANDO · dir=— · 0=0.175 · Oz=— · Red=— · manos=ON · pos=flat · latido=1.50s
[RANGO] autosello XLM · ACECHANDO · Oz=0.0 link=— · manos_feria_informe.json
[RANGO] XLMUSDT_LINEAL last=0.1763 · río=WS · mercado=linear · estado=ACECHANDO · dir=— · 0=0.175 · Oz=— · Red=— · manos=ON · pos=flat · latido=1.50s
[RANGO] autosello XLM · ACECHANDO · Oz=0.0 link=— · manos_feria_informe.json
[RANGO] XLMUSDT_LINEAL last=0.1762 · río=WS · mercado=linear · estado=ACECHANDO · dir=— · 0=0.175 · Oz=— · Red=— · manos=ON · pos=flat · latido=1.50s
[RANGO] XLMUSDT_LINEAL last=0.1762 · río=WS · mercado=linear · estado=ACECHANDO · dir=— · 0=0.175 · Oz=— · Red=— · manos=ON · pos=flat · latido=1.50s
[RANGO] autosello XLM · ACECHANDO · Oz=0.0 link=— · manos_feria_informe.json
[RANGO] XLMUSDT_LINEAL last=0.1763 · río=WS · mercado=linear · estado=ACECHANDO · dir=— · 0=0.175 · Oz=— · Red=— · manos=ON · pos=flat · latido=1.50s
[RANGO] autosello XLM · ACECHANDO · Oz=0.0 link=— · manos_feria_informe.json
[RANGO] XLMUSDT_LINEAL last=0.1762 · río=WS · mercado=linear · estado=ACECHANDO · dir=— · 0=0.175 · Oz=— · Red=— · manos=ON · pos=flat · latido=1.50s
[RANGO] XLMUSDT_LINEAL last=0.1762 · río=WS · mercado=linear · estado=ACECHANDO · dir=— · 0=0.175 · Oz=— · Red=— · manos=ON · pos=flat · latido=1.50s
[RANGO] autosello XLM · ACECHANDO · Oz=0.0 link=— · manos_feria_informe.json
[RANGO] XLMUSDT_LINEAL last=0.1762 · río=WS · mercado=linear · estado=ACECHANDO · dir=— · 0=0.175 · Oz=— · Red=— · manos=ON · pos=flat · latido=1.50s
[RANGO] autosello XLM · ACECHANDO · Oz=0.0 link=— · manos_feria_informe.json
[RANGO] XLMUSDT_LINEAL last=0.1763 · río=WS · mercado=linear · estado=ACECHANDO · dir=— · 0=0.175 · Oz=— · Red=— · manos=ON · pos=flat · latido=1.50s
[RANGO] XLMUSDT_LINEAL last=0.1763 · río=WS · mercado=linear · estado=ACECHANDO · dir=— · 0=0.175 · Oz=— · Red=— · manos=ON · pos=flat · latido=1.50s
[RANGO] autosello XLM · ACECHANDO · Oz=0.0 link=— · manos_feria_informe.json
[RANGO] XLMUSDT_LINEAL last=0.1762 · río=WS · mercado=linear · estado=ACECHANDO · dir=— · 0=0.175 · Oz=— · Red=— · manos=ON · pos=flat · latido=1.50s
[2026-08-31 09:48:50] [TUSK] RECONCILIACIÓN: POWERUSDT_LINEAL: interno L:0.000000/S:571.000000 -> real L:0.000000/S:625.000000
[2026-08-31 09:48:50] [TUSK] RECONCILIACIÓN_OK: 1 frentes alineados con exchange
[RANGO] autosello XLM · ACECHANDO · Oz=0.0 link=— · manos_feria_informe.json
[RANGO] XLMUSDT_LINEAL last=0.1761 · río=WS · mercado=linear · estado=ACECHANDO · dir=— · 0=0.175 · Oz=— · Red=— · manos=ON · pos=flat · latido=1.50s
[RANGO] XLMUSDT_LINEAL last=0.1761 · río=WS · mercado=linear · estado=ACECHANDO · dir=— · 0=0.175 · Oz=— · Red=— · manos=ON · pos=flat · latido=1.50s
[RANGO] autosello XLM · ACECHANDO · Oz=0.0 link=— · manos_feria_informe.json
[RANGO] XLMUSDT_LINEAL last=0.1762 · río=WS · mercado=linear · estado=ACECHANDO · dir=— · 0=0.175 · Oz=— · Red=— · manos=ON · pos=flat · latido=1.50s
[RANGO] autosello XLM · ACECHANDO · Oz=0.0 link=— · manos_feria_informe.json
[RANGO] XLMUSDT_LINEAL last=0.1762 · río=WS · mercado=linear · estado=ACECHANDO · dir=— · 0=0.175 · Oz=— · Red=— · manos=ON · pos=flat · latido=1.50s
[RANGO] XLMUSDT_LINEAL last=0.1762 · río=WS · mercado=linear · estado=ACECHANDO · dir=— · 0=0.175 · Oz=— · Red=— · manos=ON · pos=flat · latido=1.50s
[RANGO] autosello XLM · ACECHANDO · Oz=0.0 link=— · manos_feria_informe.json
[RANGO] XLMUSDT_LINEAL last=0.17623 · río=WS · mercado=linear · estado=ACECHANDO · dir=— · 0=0.175 · Oz=— · Red=— · manos=ON · pos=flat · latido=1.50s
[RANGO] autosello XLM · ACECHANDO · Oz=0.0 link=— · manos_feria_informe.json
[RANGO] XLMUSDT_LINEAL last=0.1762 · río=WS · mercado=linear · estado=ACECHANDO · dir=— · 0=0.175 · Oz=— · Red=— · manos=ON · pos=flat · latido=1.50s
[RANGO] XLMUSDT_LINEAL last=0.1761 · río=WS · mercado=linear · estado=ACECHANDO · dir=— · 0=0.175 · Oz=— · Red=— · manos=ON · pos=flat · latido=1.50s
[RANGO] autosello XLM · ACECHANDO · Oz=0.0 link=— · manos_feria_informe.json
[RANGO] XLMUSDT_LINEAL last=0.1761 · río=WS · mercado=linear · estado=ACECHANDO · dir=— · 0=0.175 · Oz=— · Red=— · manos=ON · pos=flat · latido=1.50s
[RANGO] autosello XLM · ACECHANDO · Oz=0.0 link=— · manos_feria_informe.json
[RANGO] XLMUSDT_LINEAL last=0.1762 · río=WS · mercado=linear · estado=ACECHANDO · dir=— · 0=0.175 · Oz=— · Red=— · manos=ON · pos=flat · latido=1.50s
[RANGO] XLMUSDT_LINEAL last=0.1762 · río=WS · mercado=linear · estado=ACECHANDO · dir=— · 0=0.175 · Oz=— · Red=— · manos=ON · pos=flat · latido=1.50s
[RANGO] autosello XLM · ACECHANDO · Oz=0.0 link=— · manos_feria_informe.json
[RANGO] XLMUSDT_LINEAL last=0.1761 · río=WS · mercado=linear · estado=ACECHANDO · dir=— · 0=0.175 · Oz=— · Red=— · manos=ON · pos=flat · latido=1.50s
[RANGO] autosello XLM · ACECHANDO · Oz=0.0 link=— · manos_feria_informe.json
[RANGO] XLMUSDT_LINEAL last=0.1761 · río=WS · mercado=linear · estado=ACECHANDO · dir=— · 0=0.175 · Oz=— · Red=— · manos=ON · pos=flat · latido=1.50s
[RANGO] XLMUSDT_LINEAL last=0.1762 · río=WS · mercado=linear · estado=ACECHANDO · dir=— · 0=0.175 · Oz=— · Red=— · manos=ON · pos=flat · latido=1.50s
[RANGO] autosello XLM · ACECHANDO · Oz=0.0 link=— · manos_feria_informe.json
[RANGO] XLMUSDT_LINEAL last=0.1762 · río=WS · mercado=linear · estado=ACECHANDO · dir=— · 0=0.175 · Oz=— · Red=— · manos=ON · pos=flat · latido=1.50s
[RANGO] autosello XLM · ACECHANDO · Oz=0.0 link=— · manos_feria_informe.json
[RANGO] XLMUSDT_LINEAL last=0.1762 · río=WS · mercado=linear · estado=ACECHANDO · dir=— · 0=0.175 · Oz=— · Red=— · manos=ON · pos=flat · latido=1.50s
[RANGO] XLMUSDT_LINEAL last=0.1761 · río=WS · mercado=linear · estado=ACECHANDO · dir=— · 0=0.175 · Oz=— · Red=— · manos=ON · pos=flat · latido=1.50s
[RANGO] autosello XLM · ACECHANDO · Oz=0.0 link=— · manos_feria_informe.json
[RANGO] XLMUSDT_LINEAL last=0.1763 · río=WS · mercado=linear · estado=ACECHANDO · dir=— · 0=0.175 · Oz=— · Red=— · manos=ON · pos=flat · latido=1.50s
[RANGO] autosello XLM · ACECHANDO · Oz=0.0 link=— · manos_feria_informe.json
[2026-08-31 09:51:53] [TUSK] RECONCILIACIÓN: POWERUSDT_LINEAL: interno L:0.000000/S:625.000000 -> real L:0.000000/S:516.000000
[2026-08-31 09:51:53] [TUSK] RECONCILIACIÓN_OK: 1 frentes alineados con exchange
[RANGO] XLMUSDT_LINEAL last=0.1764 · río=WS · mercado=linear · estado=ACECHANDO · dir=— · 0=0.175 · Oz=— · Red=— · manos=ON · pos=flat · latido=1.50s
[RANGO] XLMUSDT_LINEAL last=0.1762 · río=WS · mercado=linear · estado=ACECHANDO · dir=— · 0=0.175 · Oz=— · Red=— · manos=ON · pos=flat · latido=1.50s
[RANGO] autosello XLM · ACECHANDO · Oz=0.0 link=— · manos_feria_informe.json
[RANGO] XLMUSDT_LINEAL last=0.1761 · río=WS · mercado=linear · estado=ACECHANDO · dir=— · 0=0.175 · Oz=— · Red=— · manos=ON · pos=flat · latido=1.50s
[RANGO] autosello XLM · ACECHANDO · Oz=0.0 link=— · manos_feria_informe.json
[RANGO] XLMUSDT_LINEAL last=0.1761 · río=WS · mercado=linear · estado=ACECHANDO · dir=— · 0=0.175 · Oz=— · Red=— · manos=ON · pos=flat · latido=1.50s
[RANGO] XLMUSDT_LINEAL last=0.1761 · río=WS · mercado=linear · estado=ACECHANDO · dir=— · 0=0.175 · Oz=— · Red=— · manos=ON · pos=flat · latido=1.50s
[RANGO] autosello XLM · ACECHANDO · Oz=0.0 link=— · manos_feria_informe.json
[RANGO] XLMUSDT_LINEAL last=0.1762 · río=WS · mercado=linear · estado=ACECHANDO · dir=— · 0=0.175 · Oz=— · Red=— · manos=ON · pos=flat · latido=1.50s
[RANGO] autosello XLM · ACECHANDO · Oz=0.0 link=— · manos_feria_informe.json
[RANGO] XLMUSDT_LINEAL last=0.1762 · río=WS · mercado=linear · estado=ACECHANDO · dir=— · 0=0.175 · Oz=— · Red=— · manos=ON · pos=flat · latido=1.50s
[RANGO] XLMUSDT_LINEAL last=0.1761 · río=WS · mercado=linear · estado=ACECHANDO · dir=— · 0=0.175 · Oz=— · Red=— · manos=ON · pos=flat · latido=1.50s
[RANGO] autosello XLM · ACECHANDO · Oz=0.0 link=— · manos_feria_informe.json
[RANGO] XLMUSDT_LINEAL last=0.1761 · río=WS · mercado=linear · estado=ACECHANDO · dir=— · 0=0.175 · Oz=— · Red=— · manos=ON · pos=flat · latido=1.50s
[RANGO] autosello XLM · ACECHANDO · Oz=0.0 link=— · manos_feria_informe.json
[RANGO] XLMUSDT_LINEAL last=0.1761 · río=WS · mercado=linear · estado=ACECHANDO · dir=— · 0=0.175 · Oz=— · Red=— · manos=ON · pos=flat · latido=1.50s
[RANGO] XLMUSDT_LINEAL last=0.1761 · río=WS · mercado=linear · estado=ACECHANDO · dir=— · 0=0.175 · Oz=— · Red=— · manos=ON · pos=flat · latido=1.50s
[RANGO] autosello XLM · ACECHANDO · Oz=0.0 link=— · manos_feria_informe.json
[RANGO] XLMUSDT_LINEAL last=0.1761 · río=WS · mercado=linear · estado=ACECHANDO · dir=— · 0=0.175 · Oz=— · Red=— · manos=ON · pos=flat · latido=1.50s
[RANGO] autosello XLM · ACECHANDO · Oz=0.0 link=— · manos_feria_informe.json
[RANGO] XLMUSDT_LINEAL last=0.176 · río=WS · mercado=linear · estado=ACECHANDO · dir=— · 0=0.175 · Oz=— · Red=— · manos=ON · pos=flat · latido=1.50s
[RANGO] XLMUSDT_LINEAL last=0.176 · río=WS · mercado=linear · estado=ACECHANDO · dir=— · 0=0.175 · Oz=— · Red=— · manos=ON · pos=flat · latido=1.50s
[RANGO] autosello XLM · ACECHANDO · Oz=0.0 link=— · manos_feria_informe.json
[RANGO] XLMUSDT_LINEAL last=0.176 · río=WS · mercado=linear · estado=ACECHANDO · dir=— · 0=0.175 · Oz=— · Red=— · manos=ON · pos=flat · latido=1.50s
[RANGO] autosello XLM · ACECHANDO · Oz=0.0 link=— · manos_feria_informe.json
[RANGO] XLMUSDT_LINEAL last=0.1759 · río=WS · mercado=linear · estado=ACECHANDO · dir=— · 0=0.175 · Oz=— · Red=— · manos=ON · pos=flat · latido=1.50s
[RANGO] XLMUSDT_LINEAL last=0.17592 · río=WS · mercado=linear · estado=ACECHANDO · dir=— · 0=0.175 · Oz=— · Red=— · manos=ON · pos=flat · latido=1.50s
[RANGO] autosello XLM · ACECHANDO · Oz=0.0 link=— · manos_feria_informe.json
[RANGO] XLMUSDT_LINEAL last=0.176 · río=WS · mercado=linear · estado=ACECHANDO · dir=— · 0=0.175 · Oz=— · Red=— · manos=ON · pos=flat · latido=1.50s
[RANGO] autosello XLM · ACECHANDO · Oz=0.0 link=— · manos_feria_informe.json
[RANGO] XLMUSDT_LINEAL last=0.176 · río=WS · mercado=linear · estado=ACECHANDO · dir=— · 0=0.175 · Oz=— · Red=— · manos=ON · pos=flat · latido=1.50s
[2026-08-31 09:54:57] [TUSK] RECONCILIACIÓN: SNXXUSDT_LINEAL: interno L:6.470000/S:0.000000 -> real L:6.850000/S:0.000000
[2026-08-31 09:54:57] [TUSK] RECONCILIACIÓN: POWERUSDT_LINEAL: interno L:0.000000/S:516.000000 -> real L:0.000000/S:645.000000
[2026-08-31 09:54:57] [TUSK] RECONCILIACIÓN_OK: 2 frentes alineados con exchange
[RANGO] XLMUSDT_LINEAL last=0.176 · río=WS · mercado=linear · estado=ACECHANDO · dir=— · 0=0.175 · Oz=— · Red=— · manos=ON · pos=flat · latido=1.50s
[RANGO] autosello XLM · ACECHANDO · Oz=0.0 link=— · manos_feria_informe.json
[RANGO] XLMUSDT_LINEAL last=0.1759 · río=WS · mercado=linear · estado=ACECHANDO · dir=— · 0=0.175 · Oz=— · Red=— · manos=ON · pos=flat · latido=1.50s
[RANGO] autosello XLM · ACECHANDO · Oz=0.0 link=— · manos_feria_informe.json
[RANGO] XLMUSDT_LINEAL last=0.176 · río=WS · mercado=linear · estado=ACECHANDO · dir=— · 0=0.175 · Oz=— · Red=— · manos=ON · pos=flat · latido=1.50s
[RANGO] XLMUSDT_LINEAL last=0.176 · río=WS · mercado=linear · estado=ACECHANDO · dir=— · 0=0.175 · Oz=— · Red=— · manos=ON · pos=flat · latido=1.50s
[RANGO] autosello XLM · ACECHANDO · Oz=0.0 link=— · manos_feria_informe.json
[RANGO] XLMUSDT_LINEAL last=0.17595 · río=WS · mercado=linear · estado=ACECHANDO · dir=— · 0=0.175 · Oz=— · Red=— · manos=ON · pos=flat · latido=1.50s
[RANGO] autosello XLM · ACECHANDO · Oz=0.0 link=— · manos_feria_informe.json
[RANGO] XLMUSDT_LINEAL last=0.1759 · río=WS · mercado=linear · estado=ACECHANDO · dir=— · 0=0.175 · Oz=— · Red=— · manos=ON · pos=flat · latido=1.50s
[RANGO] XLMUSDT_LINEAL last=0.176 · río=WS · mercado=linear · estado=ACECHANDO · dir=— · 0=0.175 · Oz=— · Red=— · manos=ON · pos=flat · latido=1.50s
[RANGO] autosello XLM · ACECHANDO · Oz=0.0 link=— · manos_feria_informe.json
[RANGO] XLMUSDT_LINEAL last=0.1759 · río=WS · mercado=linear · estado=ACECHANDO · dir=— · 0=0.175 · Oz=— · Red=— · manos=ON · pos=flat · latido=1.50s
[RANGO] autosello XLM · ACECHANDO · Oz=0.0 link=— · manos_feria_informe.json
[RANGO] XLMUSDT_LINEAL last=0.1759 · río=WS · mercado=linear · estado=ACECHANDO · dir=— · 0=0.175 · Oz=— · Red=— · manos=ON · pos=flat · latido=1.50s
[RANGO] XLMUSDT_LINEAL last=0.176 · río=WS · mercado=linear · estado=ACECHANDO · dir=— · 0=0.175 · Oz=— · Red=— · manos=ON · pos=flat · latido=1.50s
[RANGO] autosello XLM · ACECHANDO · Oz=0.0 link=— · manos_feria_informe.json
[RANGO] XLMUSDT_LINEAL last=0.1759 · río=WS · mercado=linear · estado=ACECHANDO · dir=— · 0=0.175 · Oz=— · Red=— · manos=ON · pos=flat · latido=1.50s
[RANGO] autosello XLM · ACECHANDO · Oz=0.0 link=— · manos_feria_informe.json
[RANGO] XLMUSDT_LINEAL last=0.1758 · río=WS · mercado=linear · estado=ACECHANDO · dir=— · 0=0.175 · Oz=— · Red=— · manos=ON · pos=flat · latido=1.50s
[2026-08-31 09:56:59] [TUSK] RECONCILIACIÓN: POWERUSDT_LINEAL: interno L:0.000000/S:645.000000 -> real L:0.000000/S:590.000000
[2026-08-31 09:56:59] [TUSK] RECONCILIACIÓN: ROSEUSDT_LINEAL: interno L:0.000000/S:0.000000 -> real L:0.000000/S:2258.000000
[2026-08-31 09:56:59] [TUSK] RECONCILIACIÓN_FANTASMA: LITUSDT_LINEAL existe interno pero no en exchange -> reseteando
[2026-08-31 09:56:59] [TUSK] RECONCILIACIÓN_OK: 3 frentes alineados con exchange
[RANGO] XLMUSDT_LINEAL last=0.1759 · río=WS · mercado=linear · estado=ACECHANDO · dir=— · 0=0.175 · Oz=— · Red=— · manos=ON · pos=flat · latido=1.50s
[RANGO] autosello XLM · ACECHANDO · Oz=0.0 link=— · manos_feria_informe.json
[RANGO] XLMUSDT_LINEAL last=0.1759 · río=WS · mercado=linear · estado=ACECHANDO · dir=— · 0=0.175 · Oz=— · Red=— · manos=ON · pos=flat · latido=1.50s
[RANGO] autosello XLM · ACECHANDO · Oz=0.0 link=— · manos_feria_informe.json
[RANGO] XLMUSDT_LINEAL last=0.1759 · río=WS · mercado=linear · estado=ACECHANDO · dir=— · 0=0.175 · Oz=— · Red=— · manos=ON · pos=flat · latido=1.50s
[RANGO] XLMUSDT_LINEAL last=0.1758 · río=WS · mercado=linear · estado=ACECHANDO · dir=— · 0=0.175 · Oz=— · Red=— · manos=ON · pos=flat · latido=1.50s
[RANGO] autosello XLM · ACECHANDO · Oz=0.0 link=— · manos_feria_informe.json
[RANGO] XLMUSDT_LINEAL last=0.1759 · río=WS · mercado=linear · estado=ACECHANDO · dir=— · 0=0.175 · Oz=— · Red=— · manos=ON · pos=flat · latido=1.50s
[RANGO] autosello XLM · ACECHANDO · Oz=0.0 link=— · manos_feria_informe.json
[RANGO] XLMUSDT_LINEAL last=0.1759 · río=WS · mercado=linear · estado=ACECHANDO · dir=— · 0=0.175 · Oz=— · Red=— · manos=ON · pos=flat · latido=1.50s
[2026-08-31 09:58:00] [TUSK] RECONCILIACIÓN: POWERUSDT_LINEAL: interno L:0.000000/S:590.000000 -> real L:0.000000/S:523.000000
[2026-08-31 09:58:00] [TUSK] RECONCILIACIÓN: INTWUSDT_LINEAL: interno L:0.000000/S:0.000000 -> real L:2.680000/S:0.000000
[2026-08-31 09:58:00] [TUSK] RECONCILIACIÓN_FANTASMA: CHIPUSDT_LINEAL existe interno pero no en exchange -> reseteando
[2026-08-31 09:58:00] [TUSK] RECONCILIACIÓN_OK: 3 frentes alineados con exchange
[RANGO] XLMUSDT_LINEAL last=0.1759 · río=WS · mercado=linear · estado=ACECHANDO · dir=— · 0=0.175 · Oz=— · Red=— · manos=ON · pos=flat · latido=1.50s
[RANGO] autosello XLM · ACECHANDO · Oz=0.0 link=— · manos_feria_informe.json
[RANGO] XLMUSDT_LINEAL last=0.1759 · río=WS · mercado=linear · estado=ACECHANDO · dir=— · 0=0.175 · Oz=— · Red=— · manos=ON · pos=flat · latido=1.50s
[RANGO] autosello XLM · ACECHANDO · Oz=0.0 link=— · manos_feria_informe.json
[RANGO] XLMUSDT_LINEAL last=0.1759 · río=WS · mercado=linear · estado=ACECHANDO · dir=— · 0=0.175 · Oz=— · Red=— · manos=ON · pos=flat · latido=1.50s
[RANGO] XLMUSDT_LINEAL last=0.1759 · río=WS · mercado=linear · estado=ACECHANDO · dir=— · 0=0.175 · Oz=— · Red=— · manos=ON · pos=flat · latido=1.50s
[RANGO] autosello XLM · ACECHANDO · Oz=0.0 link=— · manos_feria_informe.json
[RANGO] XLMUSDT_LINEAL last=0.1759 · río=WS · mercado=linear · estado=ACECHANDO · dir=— · 0=0.175 · Oz=— · Red=— · manos=ON · pos=flat · latido=1.50s
[RANGO] autosello XLM · ACECHANDO · Oz=0.0 link=— · manos_feria_informe.json
[RANGO] XLMUSDT_LINEAL last=0.1758 · río=WS · mercado=linear · estado=ACECHANDO · dir=— · 0=0.175 · Oz=— · Red=— · manos=ON · pos=flat · latido=1.50s
[2026-08-31 09:59:01] [TUSK] RECONCILIACIÓN: MVLLUSDT_LINEAL: interno L:0.000000/S:0.000000 -> real L:3.770000/S:0.000000
[2026-08-31 09:59:01] [TUSK] RECONCILIACIÓN_FANTASMA: NILUSDT_LINEAL existe interno pero no en exchange -> reseteando
[2026-08-31 09:59:01] [TUSK] RECONCILIACIÓN_OK: 2 frentes alineados con exchange
[RANGO] XLMUSDT_LINEAL last=0.1759 · río=WS · mercado=linear · estado=ACECHANDO · dir=— · 0=0.175 · Oz=— · Red=— · manos=ON · pos=flat · latido=1.50s
[RANGO] autosello XLM · ACECHANDO · Oz=0.0 link=— · manos_feria_informe.json
[RANGO] XLMUSDT_LINEAL last=0.1759 · río=WS · mercado=linear · estado=ACECHANDO · dir=— · 0=0.175 · Oz=— · Red=— · manos=ON · pos=flat · latido=1.50s
[RANGO] autosello XLM · ACECHANDO · Oz=0.0 link=— · manos_feria_informe.json
[RANGO] XLMUSDT_LINEAL last=0.17592 · río=WS · mercado=linear · estado=ACECHANDO · dir=— · 0=0.175 · Oz=— · Red=— · manos=ON · pos=flat · latido=1.50s
[RANGO] XLMUSDT_LINEAL last=0.176 · río=WS · mercado=linear · estado=ACECHANDO · dir=— · 0=0.175 · Oz=— · Red=— · manos=ON · pos=flat · latido=1.50s
[RANGO] autosello XLM · ACECHANDO · Oz=0.0 link=— · manos_feria_informe.json
[RANGO] XLMUSDT_LINEAL last=0.1759 · río=WS · mercado=linear · estado=ACECHANDO · dir=— · 0=0.175 · Oz=— · Red=— · manos=ON · pos=flat · latido=1.50s
[RANGO] autosello XLM · ACECHANDO · Oz=0.0 link=— · manos_feria_informe.json
[RANGO] XLMUSDT_LINEAL last=0.176 · río=WS · mercado=linear · estado=ACECHANDO · dir=— · 0=0.175 · Oz=— · Red=— · manos=ON · pos=flat · latido=1.50s
[2026-08-31 10:00:02] [TUSK] RECONCILIACIÓN: LSKUSDT_LINEAL: interno L:0.000000/S:0.000000 -> real L:94.400000/S:0.000000
[2026-08-31 10:00:02] [TUSK] RECONCILIACIÓN: CRDOUSDT_LINEAL: interno L:0.000000/S:0.000000 -> real L:0.140000/S:0.000000
[2026-08-31 10:00:02] [TUSK] RECONCILIACIÓN: XLMUSDT_LINEAL: interno L:0.000000/S:0.000000 -> real L:334.000000/S:0.000000
[2026-08-31 10:00:02] [TUSK] RECONCILIACIÓN: BATUSDT_LINEAL: interno L:0.000000/S:0.000000 -> real L:277.700000/S:0.000000
[2026-08-31 10:00:02] [TUSK] RECONCILIACIÓN: DASHUSDT_LINEAL: interno L:0.000000/S:0.000000 -> real L:0.000000/S:0.340000
[2026-08-31 10:00:02] [TUSK] RECONCILIACIÓN: SPACEUSDT_LINEAL: interno L:0.000000/S:0.000000 -> real L:3640.000000/S:0.000000
[2026-08-31 10:00:02] [TUSK] RECONCILIACIÓN: HYUNDAIUSDT_LINEAL: interno L:0.000000/S:0.000000 -> real L:0.200000/S:0.000000
[2026-08-31 10:00:02] [TUSK] RECONCILIACIÓN: ORCLUSDT_LINEAL: interno L:0.000000/S:0.000000 -> real L:0.090000/S:0.000000
[2026-08-31 10:00:02] [TUSK] RECONCILIACIÓN: ZBCNUSDT_LINEAL: interno L:0.000000/S:0.000000 -> real L:9700.000000/S:0.000000
[2026-08-31 10:00:02] [TUSK] RECONCILIACIÓN: APLDUSDT_LINEAL: interno L:0.000000/S:0.000000 -> real L:0.880000/S:0.000000
[2026-08-31 10:00:02] [TUSK] RECONCILIACIÓN: WDCUSDT_LINEAL: interno L:0.000000/S:0.000000 -> real L:0.020000/S:0.000000
[2026-08-31 10:00:02] [TUSK] RECONCILIACIÓN: AIGENSYNUSDT_LINEAL: interno L:0.000000/S:0.000000 -> real L:1230.000000/S:0.000000
[2026-08-31 10:00:02] [TUSK] RECONCILIACIÓN: CIENUSDT_LINEAL: interno L:0.000000/S:0.000000 -> real L:0.020000/S:0.000000
[2026-08-31 10:00:02] [TUSK] RECONCILIACIÓN: INTCUSDT_LINEAL: interno L:0.000000/S:0.000000 -> real L:0.130000/S:0.000000
[2026-08-31 10:00:02] [TUSK] RECONCILIACIÓN: SAFEUSDT_LINEAL: interno L:0.000000/S:0.000000 -> real L:0.000000/S:46.600000
[2026-08-31 10:00:02] [TUSK] RECONCILIACIÓN: SKHYUSDT_LINEAL: interno L:0.000000/S:0.000000 -> real L:0.260000/S:0.000000
[2026-08-31 10:00:02] [TUSK] RECONCILIACIÓN_FANTASMA: SAMSUNGUSDT_LINEAL existe interno pero no en exchange -> reseteando
[2026-08-31 10:00:02] [TUSK] RECONCILIACIÓN_FANTASMA: PLTRUSDT_LINEAL existe interno pero no en exchange -> reseteando
[2026-08-31 10:00:02] [TUSK] RECONCILIACIÓN_FANTASMA: BIOUSDT_LINEAL existe interno pero no en exchange -> reseteando
[2026-08-31 10:00:02] [TUSK] RECONCILIACIÓN_FANTASMA: SNXXUSDT_LINEAL existe interno pero no en exchange -> reseteando
[2026-08-31 10:00:02] [TUSK] RECONCILIACIÓN_FANTASMA: MVLLUSDT_LINEAL existe interno pero no en exchange -> reseteando
[2026-08-31 10:00:02] [TUSK] RECONCILIACIÓN_FANTASMA: INTWUSDT_LINEAL existe interno pero no en exchange -> reseteando
[2026-08-31 10:00:02] [TUSK] RECONCILIACIÓN_FANTASMA: NBISUSDT_LINEAL existe interno pero no en exchange -> reseteando
[2026-08-31 10:00:02] [TUSK] RECONCILIACIÓN_FANTASMA: ZKPUSDT_LINEAL existe interno pero no en exchange -> reseteando
[2026-08-31 10:00:02] [TUSK] RECONCILIACIÓN_FANTASMA: AXTIUSDT_LINEAL existe interno pero no en exchange -> reseteando
[2026-08-31 10:00:02] [TUSK] RECONCILIACIÓN_FANTASMA: MSTRUSDT_LINEAL existe interno pero no en exchange -> reseteando
[2026-08-31 10:00:02] [TUSK] RECONCILIACIÓN_FANTASMA: PURRUSDT_LINEAL existe interno pero no en exchange -> reseteando
[2026-08-31 10:00:02] [TUSK] RECONCILIACIÓN_FANTASMA: MUBARAKUSDT_LINEAL existe interno pero no en exchange -> reseteando
[2026-08-31 10:00:02] [TUSK] RECONCILIACIÓN_FANTASMA: FWDIUSDT_LINEAL existe interno pero no en exchange -> reseteando
[2026-08-31 10:00:02] [TUSK] RECONCILIACIÓN_FANTASMA: SHAZUSDT_LINEAL existe interno pero no en exchange -> reseteando
[2026-08-31 10:00:02] [TUSK] RECONCILIACIÓN_FANTASMA: HYPEUSDT_LINEAL existe interno pero no en exchange -> reseteando
[2026-08-31 10:00:02] [TUSK] RECONCILIACIÓN_FANTASMA: ROSEUSDT_LINEAL existe interno pero no en exchange -> reseteando
[2026-08-31 10:00:02] [TUSK] RECONCILIACIÓN_OK: 32 frentes alineados con exchange
[RANGO] XLMUSDT_LINEAL last=0.1759 · río=WS · mercado=linear · estado=ACECHANDO · dir=— · 0=0.175 · Oz=— · Red=— · manos=ON · pos=LONG 334@0.17839643 · latido=1.50s
[RANGO] autosello XLM · ACECHANDO · Oz=0.0 link=— · manos_feria_informe.json
[RANGO] XLMUSDT_LINEAL last=0.176 · río=WS · mercado=linear · estado=ACECHANDO · dir=— · 0=0.175 · Oz=— · Red=— · manos=ON · pos=LONG 334@0.17839643 · latido=1.50s
[RANGO] autosello XLM · ACECHANDO · Oz=0.0 link=— · manos_feria_informe.json
[RANGO] XLMUSDT_LINEAL last=0.1759 · río=WS · mercado=linear · estado=ACECHANDO · dir=— · 0=0.175 · Oz=— · Red=— · manos=ON · pos=LONG 334@0.17839643 · latido=1.50s
[RANGO] XLMUSDT_LINEAL last=0.1759 · río=WS · mercado=linear · estado=ACECHANDO · dir=— · 0=0.175 · Oz=— · Red=— · manos=ON · pos=LONG 334@0.17839643 · latido=1.50s
[RANGO] autosello XLM · ACECHANDO · Oz=0.0 link=— · manos_feria_informe.json
[RANGO] XLMUSDT_LINEAL last=0.1758 · río=WS · mercado=linear · estado=ACECHANDO · dir=— · 0=0.175 · Oz=— · Red=— · manos=ON · pos=LONG 334@0.17839643 · latido=1.50s
[RANGO] autosello XLM · ACECHANDO · Oz=0.0 link=— · manos_feria_informe.json
[RANGO] XLMUSDT_LINEAL last=0.1759 · río=WS · mercado=linear · estado=ACECHANDO · dir=— · 0=0.175 · Oz=— · Red=— · manos=ON · pos=LONG 334@0.17839643 · latido=1.50s
[2026-08-31 10:01:03] [TUSK] RECONCILIACIÓN: POWERUSDT_LINEAL: interno L:0.000000/S:523.000000 -> real L:0.000000/S:364.000000
[2026-08-31 10:01:03] [TUSK] RECONCILIACIÓN: KNCUSDT_LINEAL: interno L:0.000000/S:0.000000 -> real L:354.100000/S:0.000000
[2026-08-31 10:01:03] [TUSK] RECONCILIACIÓN_FANTASMA: SKHYUSDT_LINEAL existe interno pero no en exchange -> reseteando
[2026-08-31 10:01:03] [TUSK] RECONCILIACIÓN_OK: 3 frentes alineados con exchange
[RANGO] XLMUSDT_LINEAL last=0.1759 · río=WS · mercado=linear · estado=ACECHANDO · dir=— · 0=0.175 · Oz=— · Red=— · manos=ON · pos=LONG 334@0.17839643 · latido=1.50s
[RANGO] autosello XLM · ACECHANDO · Oz=0.0 link=— · manos_feria_informe.json
[RANGO] XLMUSDT_LINEAL last=0.1758 · río=WS · mercado=linear · estado=ACECHANDO · dir=— · 0=0.175 · Oz=— · Red=— · manos=ON · pos=LONG 334@0.17839643 · latido=1.50s
[RANGO] autosello XLM · ACECHANDO · Oz=0.0 link=— · manos_feria_informe.json
[RANGO] XLMUSDT_LINEAL last=0.1757 · río=WS · mercado=linear · estado=ACECHANDO · dir=— · 0=0.175 · Oz=— · Red=— · manos=ON · pos=LONG 334@0.17839643 · latido=1.50s
[RANGO] XLMUSDT_LINEAL last=0.1758 · río=WS · mercado=linear · estado=ACECHANDO · dir=— · 0=0.175 · Oz=— · Red=— · manos=ON · pos=LONG 334@0.17839643 · latido=1.50s
[RANGO] autosello XLM · ACECHANDO · Oz=0.0 link=— · manos_feria_informe.json
[RANGO] XLMUSDT_LINEAL last=0.176 · río=WS · mercado=linear · estado=ACECHANDO · dir=— · 0=0.175 · Oz=— · Red=— · manos=ON · pos=LONG 334@0.17839643 · latido=1.50s
[RANGO] autosello XLM · ACECHANDO · Oz=0.0 link=— · manos_feria_informe.json
[RANGO] XLMUSDT_LINEAL last=0.176 · río=WS · mercado=linear · estado=ACECHANDO · dir=— · 0=0.175 · Oz=— · Red=— · manos=ON · pos=LONG 334@0.17839643 · latido=1.50s
[RANGO] XLMUSDT_LINEAL last=0.1761 · río=WS · mercado=linear · estado=ACECHANDO · dir=— · 0=0.175 · Oz=— · Red=— · manos=ON · pos=LONG 334@0.17839643 · latido=1.50s
[RANGO] autosello XLM · ACECHANDO · Oz=0.0 link=— · manos_feria_informe.json
[RANGO] XLMUSDT_LINEAL last=0.176 · río=WS · mercado=linear · estado=ACECHANDO · dir=— · 0=0.175 · Oz=— · Red=— · manos=ON · pos=LONG 334@0.17839643 · latido=1.50s
[RANGO] autosello XLM · ACECHANDO · Oz=0.0 link=— · manos_feria_informe.json
[RANGO] XLMUSDT_LINEAL last=0.1762 · río=WS · mercado=linear · estado=ACECHANDO · dir=— · 0=0.175 · Oz=— · Red=— · manos=ON · pos=LONG 334@0.17839643 · latido=1.50s
[RANGO] XLMUSDT_LINEAL last=0.1763 · río=WS · mercado=linear · estado=ACECHANDO · dir=— · 0=0.175 · Oz=— · Red=— · manos=ON · pos=LONG 334@0.17839643 · latido=1.50s
[RANGO] autosello XLM · ACECHANDO · Oz=0.0 link=— · manos_feria_informe.json
[RANGO] XLMUSDT_LINEAL last=0.1762 · río=WS · mercado=linear · estado=ACECHANDO · dir=— · 0=0.175 · Oz=— · Red=— · manos=ON · pos=LONG 334@0.17839643 · latido=1.50s
[RANGO] autosello XLM · ACECHANDO · Oz=0.0 link=— · manos_feria_informe.json
[RANGO] XLMUSDT_LINEAL last=0.1762 · río=WS · mercado=linear · estado=ACECHANDO · dir=— · 0=0.175 · Oz=— · Red=— · manos=ON · pos=LONG 334@0.17839643 · latido=1.50s
[RANGO] XLMUSDT_LINEAL last=0.1763 · río=WS · mercado=linear · estado=ACECHANDO · dir=— · 0=0.175 · Oz=— · Red=— · manos=ON · pos=LONG 334@0.17839643 · latido=1.50s
[2026-08-31 10:03:06] [TUSK] RECONCILIACIÓN: FWDIUSDT_LINEAL: interno L:0.000000/S:0.000000 -> real L:0.000000/S:5.100000
[2026-08-31 10:03:06] [TUSK] RECONCILIACIÓN: NBISUSDT_LINEAL: interno L:0.000000/S:0.000000 -> real L:0.000000/S:0.050000
[2026-08-31 10:03:06] [TUSK] RECONCILIACIÓN: RDWUSDT_LINEAL: interno L:0.000000/S:0.000000 -> real L:0.700000/S:0.000000
[2026-08-31 10:03:06] [TUSK] RECONCILIACIÓN_FANTASMA: CIENUSDT_LINEAL existe interno pero no en exchange -> reseteando
[2026-08-31 10:03:06] [TUSK] RECONCILIACIÓN_FANTASMA: INTCUSDT_LINEAL existe interno pero no en exchange -> reseteando
[2026-08-31 10:03:06] [TUSK] RECONCILIACIÓN_FANTASMA: SAFEUSDT_LINEAL existe interno pero no en exchange -> reseteando
[2026-08-31 10:03:06] [TUSK] RECONCILIACIÓN_OK: 6 frentes alineados con exchange
[RANGO] autosello XLM · ACECHANDO · Oz=0.0 link=— · manos_feria_informe.json
[RANGO] XLMUSDT_LINEAL last=0.1762 · río=WS · mercado=linear · estado=ACECHANDO · dir=— · 0=0.175 · Oz=— · Red=— · manos=ON · pos=LONG 334@0.17839643 · latido=1.50s
[RANGO] autosello XLM · ACECHANDO · Oz=0.0 link=— · manos_feria_informe.json
[RANGO] XLMUSDT_LINEAL last=0.1761 · río=WS · mercado=linear · estado=ACECHANDO · dir=— · 0=0.175 · Oz=— · Red=— · manos=ON · pos=LONG 334@0.17839643 · latido=1.50s
[RANGO] XLMUSDT_LINEAL last=0.1762 · río=WS · mercado=linear · estado=ACECHANDO · dir=— · 0=0.175 · Oz=— · Red=— · manos=ON · pos=LONG 334@0.17839643 · latido=1.50s
[RANGO] autosello XLM · ACECHANDO · Oz=0.0 link=— · manos_feria_informe.json
[RANGO] XLMUSDT_LINEAL last=0.1761 · río=WS · mercado=linear · estado=ACECHANDO · dir=— · 0=0.175 · Oz=— · Red=— · manos=ON · pos=LONG 334@0.17839643 · latido=1.50s
[RANGO] autosello XLM · ACECHANDO · Oz=0.0 link=— · manos_feria_informe.json
[RANGO] XLMUSDT_LINEAL last=0.176 · río=WS · mercado=linear · estado=ACECHANDO · dir=— · 0=0.175 · Oz=— · Red=— · manos=ON · pos=LONG 334@0.17839643 · latido=1.50s
[RANGO] XLMUSDT_LINEAL last=0.1761 · río=WS · mercado=linear · estado=ACECHANDO · dir=— · 0=0.175 · Oz=— · Red=— · manos=ON · pos=LONG 334@0.17839643 · latido=1.50s
[RANGO] autosello XLM · ACECHANDO · Oz=0.0 link=— · manos_feria_informe.json
[RANGO] XLMUSDT_LINEAL last=0.176 · río=WS · mercado=linear · estado=ACECHANDO · dir=— · 0=0.175 · Oz=— · Red=— · manos=ON · pos=LONG 334@0.17839643 · latido=1.50s
[RANGO] autosello XLM · ACECHANDO · Oz=0.0 link=— · manos_feria_informe.json
[RANGO] XLMUSDT_LINEAL last=0.176 · río=WS · mercado=linear · estado=ACECHANDO · dir=— · 0=0.175 · Oz=— · Red=— · manos=ON · pos=LONG 334@0.17839643 · latido=1.50s
[RANGO] XLMUSDT_LINEAL last=0.1759 · río=WS · mercado=linear · estado=ACECHANDO · dir=— · 0=0.175 · Oz=— · Red=— · manos=ON · pos=LONG 334@0.17839643 · latido=1.50s
[RANGO] autosello XLM · ACECHANDO · Oz=0.0 link=— · manos_feria_informe.json
[RANGO] XLMUSDT_LINEAL last=0.1758 · río=WS · mercado=linear · estado=ACECHANDO · dir=— · 0=0.175 · Oz=— · Red=— · manos=ON · pos=LONG 334@0.17839643 · latido=1.50s
[RANGO] autosello XLM · ACECHANDO · Oz=0.0 link=— · manos_feria_informe.json
[RANGO] XLMUSDT_LINEAL last=0.176 · río=WS · mercado=linear · estado=ACECHANDO · dir=— · 0=0.175 · Oz=— · Red=— · manos=ON · pos=LONG 334@0.17839643 · latido=1.50s
[RANGO] XLMUSDT_LINEAL last=0.1759 · río=WS · mercado=linear · estado=ACECHANDO · dir=— · 0=0.175 · Oz=— · Red=— · manos=ON · pos=LONG 334@0.17839643 · latido=1.50s
[RANGO] autosello XLM · ACECHANDO · Oz=0.0 link=— · manos_feria_informe.json
[2026-08-31 10:05:09] [TUSK] RECONCILIACIÓN: PLTRUSDT_LINEAL: interno L:0.000000/S:0.000000 -> real L:0.030000/S:0.000000
[2026-08-31 10:05:09] [TUSK] RECONCILIACIÓN_FANTASMA: AIGENSYNUSDT_LINEAL existe interno pero no en exchange -> reseteando
[2026-08-31 10:05:09] [TUSK] RECONCILIACIÓN_OK: 2 frentes alineados con exchange
[RANGO] XLMUSDT_LINEAL last=0.1759 · río=WS · mercado=linear · estado=ACECHANDO · dir=— · 0=0.175 · Oz=— · Red=— · manos=ON · pos=LONG 334@0.17839643 · latido=1.50s
[RANGO] autosello XLM · ACECHANDO · Oz=0.0 link=— · manos_feria_informe.json
[RANGO] XLMUSDT_LINEAL last=0.1761 · río=WS · mercado=linear · estado=ACECHANDO · dir=— · 0=0.175 · Oz=— · Red=— · manos=ON · pos=LONG 334@0.17839643 · latido=1.50s
[RANGO] XLMUSDT_LINEAL last=0.176 · río=WS · mercado=linear · estado=ACECHANDO · dir=— · 0=0.175 · Oz=— · Red=— · manos=ON · pos=LONG 334@0.17839643 · latido=1.50s
[RANGO] autosello XLM · ACECHANDO · Oz=0.0 link=— · manos_feria_informe.json
[RANGO] XLMUSDT_LINEAL last=0.1761 · río=WS · mercado=linear · estado=ACECHANDO · dir=— · 0=0.175 · Oz=— · Red=— · manos=ON · pos=LONG 334@0.17839643 · latido=1.50s
[RANGO] autosello XLM · ACECHANDO · Oz=0.0 link=— · manos_feria_informe.json
[RANGO] XLMUSDT_LINEAL last=0.176 · río=WS · mercado=linear · estado=ACECHANDO · dir=— · 0=0.175 · Oz=— · Red=— · manos=ON · pos=LONG 334@0.17839643 · latido=1.50s
[RANGO] XLMUSDT_LINEAL last=0.176 · río=WS · mercado=linear · estado=ACECHANDO · dir=— · 0=0.175 · Oz=— · Red=— · manos=ON · pos=LONG 334@0.17839643 · latido=1.50s
[RANGO] autosello XLM · ACECHANDO · Oz=0.0 link=— · manos_feria_informe.json
[2026-08-31 10:06:10] [TUSK] RECONCILIACIÓN: TWTUSDT_LINEAL: interno L:0.000000/S:0.000000 -> real L:48.800000/S:0.000000
[2026-08-31 10:06:10] [TUSK] RECONCILIACIÓN: ZEREBROUSDT_LINEAL: interno L:0.000000/S:0.000000 -> real L:0.000000/S:556.000000
[2026-08-31 10:06:10] [TUSK] RECONCILIACIÓN: NILUSDT_LINEAL: interno L:0.000000/S:0.000000 -> real L:222.000000/S:0.000000
[2026-08-31 10:06:10] [TUSK] RECONCILIACIÓN: KORUUSDT_LINEAL: interno L:0.000000/S:0.000000 -> real L:0.000000/S:4.620000
[2026-08-31 10:06:10] [TUSK] RECONCILIACIÓN_FANTASMA: WDCUSDT_LINEAL existe interno pero no en exchange -> reseteando
[2026-08-31 10:06:10] [TUSK] RECONCILIACIÓN_FANTASMA: ZBCNUSDT_LINEAL existe interno pero no en exchange -> reseteando
[2026-08-31 10:06:10] [TUSK] RECONCILIACIÓN_FANTASMA: SYRUPUSDT_LINEAL existe interno pero no en exchange -> reseteando
[2026-08-31 10:06:10] [TUSK] RECONCILIACIÓN_FANTASMA: APLDUSDT_LINEAL existe interno pero no en exchange -> reseteando
[2026-08-31 10:06:10] [TUSK] RECONCILIACIÓN_OK: 8 frentes alineados con exchange
[RANGO] XLMUSDT_LINEAL last=0.176 · río=WS · mercado=linear · estado=ACECHANDO · dir=— · 0=0.175 · Oz=— · Red=— · manos=ON · pos=LONG 334@0.17839643 · latido=1.50s
[RANGO] autosello XLM · ACECHANDO · Oz=0.0 link=— · manos_feria_informe.json
[RANGO] XLMUSDT_LINEAL last=0.176 · río=WS · mercado=linear · estado=ACECHANDO · dir=— · 0=0.175 · Oz=— · Red=— · manos=ON · pos=LONG 334@0.17839643 · latido=1.50s
[RANGO] XLMUSDT_LINEAL last=0.17612 · río=WS · mercado=linear · estado=ACECHANDO · dir=— · 0=0.175 · Oz=— · Red=— · manos=ON · pos=LONG 334@0.17839643 · latido=1.50s
[RANGO] autosello XLM · ACECHANDO · Oz=0.0 link=— · manos_feria_informe.json
[RANGO] XLMUSDT_LINEAL last=0.1762 · río=WS · mercado=linear · estado=ACECHANDO · dir=— · 0=0.175 · Oz=— · Red=— · manos=ON · pos=LONG 334@0.17839643 · latido=1.50s
[RANGO] autosello XLM · ACECHANDO · Oz=0.0 link=— · manos_feria_informe.json
[RANGO] XLMUSDT_LINEAL last=0.1762 · río=WS · mercado=linear · estado=ACECHANDO · dir=— · 0=0.175 · Oz=— · Red=— · manos=ON · pos=LONG 334@0.17839643 · latido=1.50s
[RANGO] XLMUSDT_LINEAL last=0.1762 · río=WS · mercado=linear · estado=ACECHANDO · dir=— · 0=0.175 · Oz=— · Red=— · manos=ON · pos=LONG 334@0.17839643 · latido=1.50s
[RANGO] autosello XLM · ACECHANDO · Oz=0.0 link=— · manos_feria_informe.json
[RANGO] XLMUSDT_LINEAL last=0.1761 · río=WS · mercado=linear · estado=ACECHANDO · dir=— · 0=0.175 · Oz=— · Red=— · manos=ON · pos=LONG 334@0.17839643 · latido=1.50s
[RANGO] autosello XLM · ACECHANDO · Oz=0.0 link=— · manos_feria_informe.json
[RANGO] XLMUSDT_LINEAL last=0.1761 · río=WS · mercado=linear · estado=ACECHANDO · dir=— · 0=0.175 · Oz=— · Red=— · manos=ON · pos=LONG 334@0.17839643 · latido=1.50s
[RANGO] XLMUSDT_LINEAL last=0.176 · río=WS · mercado=linear · estado=ACECHANDO · dir=— · 0=0.175 · Oz=— · Red=— · manos=ON · pos=LONG 334@0.17839643 · latido=1.50s
[RANGO] autosello XLM · ACECHANDO · Oz=0.0 link=— · manos_feria_informe.json
[RANGO] XLMUSDT_LINEAL last=0.1762 · río=WS · mercado=linear · estado=ACECHANDO · dir=— · 0=0.175 · Oz=— · Red=— · manos=ON · pos=LONG 334@0.17839643 · latido=1.50s
[RANGO] autosello XLM · ACECHANDO · Oz=0.0 link=— · manos_feria_informe.json
[RANGO] XLMUSDT_LINEAL last=0.176 · río=WS · mercado=linear · estado=ACECHANDO · dir=— · 0=0.175 · Oz=— · Red=— · manos=ON · pos=LONG 334@0.17839643 · latido=1.50s
[RANGO] XLMUSDT_LINEAL last=0.176 · río=WS · mercado=linear · estado=ACECHANDO · dir=— · 0=0.175 · Oz=— · Red=— · manos=ON · pos=LONG 334@0.17839643 · latido=1.50s
[RANGO] autosello XLM · ACECHANDO · Oz=0.0 link=— · manos_feria_informe.json
[2026-08-31 10:08:12] [TUSK] RECONCILIACIÓN: POWERUSDT_LINEAL: interno L:0.000000/S:364.000000 -> real L:0.000000/S:307.000000
[2026-08-31 10:08:12] [TUSK] RECONCILIACIÓN_OK: 1 frentes alineados con exchange
[RANGO] XLMUSDT_LINEAL last=0.1761 · río=WS · mercado=linear · estado=ACECHANDO · dir=— · 0=0.175 · Oz=— · Red=— · manos=ON · pos=LONG 334@0.17839643 · latido=1.50s
[RANGO] autosello XLM · ACECHANDO · Oz=0.0 link=— · manos_feria_informe.json
[RANGO] XLMUSDT_LINEAL last=0.176 · río=WS · mercado=linear · estado=ACECHANDO · dir=— · 0=0.175 · Oz=— · Red=— · manos=ON · pos=LONG 334@0.17839643 · latido=1.50s
[RANGO] XLMUSDT_LINEAL last=0.1759 · río=WS · mercado=linear · estado=ACECHANDO · dir=— · 0=0.175 · Oz=— · Red=— · manos=ON · pos=LONG 334@0.17839643 · latido=1.50s
[RANGO] autosello XLM · ACECHANDO · Oz=0.0 link=— · manos_feria_informe.json
[RANGO] XLMUSDT_LINEAL last=0.17584 · río=WS · mercado=linear · estado=ACECHANDO · dir=— · 0=0.175 · Oz=— · Red=— · manos=ON · pos=LONG 334@0.17839643 · latido=1.50s
[RANGO] autosello XLM · ACECHANDO · Oz=0.0 link=— · manos_feria_informe.json
[RANGO] XLMUSDT_LINEAL last=0.1758 · río=WS · mercado=linear · estado=ACECHANDO · dir=— · 0=0.175 · Oz=— · Red=— · manos=ON · pos=LONG 334@0.17839643 · latido=1.50s
[RANGO] XLMUSDT_LINEAL last=0.1757 · río=WS · mercado=linear · estado=ACECHANDO · dir=— · 0=0.175 · Oz=— · Red=— · manos=ON · pos=LONG 334@0.17839643 · latido=1.50s
[RANGO] autosello XLM · ACECHANDO · Oz=0.0 link=— · manos_feria_informe.json
[2026-08-31 10:09:13] [TUSK] RECONCILIACIÓN: AXTIUSDT_LINEAL: interno L:0.000000/S:0.000000 -> real L:1.690000/S:0.000000
[2026-08-31 10:09:13] [TUSK] RECONCILIACIÓN: XANUSDT_LINEAL: interno L:0.000000/S:982.000000 -> real L:0.000000/S:542.000000
[2026-08-31 10:09:13] [TUSK] RECONCILIACIÓN: SNXXUSDT_LINEAL: interno L:0.000000/S:0.000000 -> real L:7.610000/S:0.000000
[2026-08-31 10:09:13] [TUSK] RECONCILIACIÓN_FANTASMA: HYUNDAIUSDT_LINEAL existe interno pero no en exchange -> reseteando
[2026-08-31 10:09:13] [TUSK] RECONCILIACIÓN_FANTASMA: ORCLUSDT_LINEAL existe interno pero no en exchange -> reseteando
[2026-08-31 10:09:13] [TUSK] RECONCILIACIÓN_OK: 5 frentes alineados con exchange
[RANGO] XLMUSDT_LINEAL last=0.1758 · río=WS · mercado=linear · estado=ACECHANDO · dir=— · 0=0.175 · Oz=— · Red=— · manos=ON · pos=LONG 334@0.17839643 · latido=1.50s
[RANGO] autosello XLM · ACECHANDO · Oz=0.0 link=— · manos_feria_informe.json
[RANGO] XLMUSDT_LINEAL last=0.1758 · río=WS · mercado=linear · estado=ACECHANDO · dir=— · 0=0.175 · Oz=— · Red=— · manos=ON · pos=LONG 334@0.17839643 · latido=1.50s
[RANGO] XLMUSDT_LINEAL last=0.1758 · río=WS · mercado=linear · estado=ACECHANDO · dir=— · 0=0.175 · Oz=— · Red=— · manos=ON · pos=LONG 334@0.17839643 · latido=1.50s
[RANGO] autosello XLM · ACECHANDO · Oz=0.0 link=— · manos_feria_informe.json
[RANGO] XLMUSDT_LINEAL last=0.1758 · río=WS · mercado=linear · estado=ACECHANDO · dir=— · 0=0.175 · Oz=— · Red=— · manos=ON · pos=LONG 334@0.17839643 · latido=1.50s
[RANGO] autosello XLM · ACECHANDO · Oz=0.0 link=— · manos_feria_informe.json
[RANGO] XLMUSDT_LINEAL last=0.1757 · río=WS · mercado=linear · estado=ACECHANDO · dir=— · 0=0.175 · Oz=— · Red=— · manos=ON · pos=LONG 334@0.17839643 · latido=1.50s
[RANGO] XLMUSDT_LINEAL last=0.1757 · río=WS · mercado=linear · estado=ACECHANDO · dir=— · 0=0.175 · Oz=— · Red=— · manos=ON · pos=LONG 334@0.17839643 · latido=1.50s
[RANGO] autosello XLM · ACECHANDO · Oz=0.0 link=— · manos_feria_informe.json
[2026-08-31 10:10:14] [TUSK] RECONCILIACIÓN: CHIPUSDT_LINEAL: interno L:0.000000/S:0.000000 -> real L:390.000000/S:0.000000
[2026-08-31 10:10:14] [TUSK] RECONCILIACIÓN_FANTASMA: SPACEUSDT_LINEAL existe interno pero no en exchange -> reseteando
[2026-08-31 10:10:14] [TUSK] RECONCILIACIÓN_OK: 2 frentes alineados con exchange
[RANGO] XLMUSDT_LINEAL last=0.1758 · río=WS · mercado=linear · estado=ACECHANDO · dir=— · 0=0.175 · Oz=— · Red=— · manos=ON · pos=LONG 334@0.17839643 · latido=1.50s
[RANGO] autosello XLM · ACECHANDO · Oz=0.0 link=— · manos_feria_informe.json
[RANGO] XLMUSDT_LINEAL last=0.1759 · río=WS · mercado=linear · estado=ACECHANDO · dir=— · 0=0.175 · Oz=— · Red=— · manos=ON · pos=LONG 334@0.17839643 · latido=1.50s
[RANGO] XLMUSDT_LINEAL last=0.1759 · río=WS · mercado=linear · estado=ACECHANDO · dir=— · 0=0.175 · Oz=— · Red=— · manos=ON · pos=LONG 334@0.17839643 · latido=1.50s
[RANGO] autosello XLM · ACECHANDO · Oz=0.0 link=— · manos_feria_informe.json
[RANGO] XLMUSDT_LINEAL last=0.176 · río=WS · mercado=linear · estado=ACECHANDO · dir=— · 0=0.175 · Oz=— · Red=— · manos=ON · pos=LONG 334@0.17839643 · latido=1.50s
[RANGO] autosello XLM · ACECHANDO · Oz=0.0 link=— · manos_feria_informe.json
[RANGO] XLMUSDT_LINEAL last=0.1761 · río=WS · mercado=linear · estado=ACECHANDO · dir=— · 0=0.175 · Oz=— · Red=— · manos=ON · pos=LONG 334@0.17839643 · latido=1.50s
[RANGO] XLMUSDT_LINEAL last=0.1761 · río=WS · mercado=linear · estado=ACECHANDO · dir=— · 0=0.175 · Oz=— · Red=— · manos=ON · pos=LONG 334@0.17839643 · latido=1.50s
[RANGO] autosello XLM · ACECHANDO · Oz=0.0 link=— · manos_feria_informe.json
[2026-08-31 10:11:15] [TUSK] RECONCILIACIÓN: ZEREBROUSDT_LINEAL: interno L:0.000000/S:556.000000 -> real L:0.000000/S:686.000000
[2026-08-31 10:11:15] [TUSK] RECONCILIACIÓN: VVVUSDT_LINEAL: interno L:0.000000/S:0.000000 -> real L:2.880000/S:0.000000
[2026-08-31 10:11:15] [TUSK] RECONCILIACIÓN_FANTASMA: DASHUSDT_LINEAL existe interno pero no en exchange -> reseteando
[2026-08-31 10:11:15] [TUSK] RECONCILIACIÓN_OK: 3 frentes alineados con exchange
[RANGO] XLMUSDT_LINEAL last=0.1761 · río=WS · mercado=linear · estado=ACECHANDO · dir=— · 0=0.175 · Oz=— · Red=— · manos=ON · pos=LONG 334@0.17839643 · latido=1.50s
[RANGO] autosello XLM · ACECHANDO · Oz=0.0 link=— · manos_feria_informe.json
[RANGO] XLMUSDT_LINEAL last=0.1763 · río=WS · mercado=linear · estado=ACECHANDO · dir=— · 0=0.175 · Oz=— · Red=— · manos=ON · pos=LONG 334@0.17839643 · latido=1.50s
[RANGO] XLMUSDT_LINEAL last=0.1761 · río=WS · mercado=linear · estado=ACECHANDO · dir=— · 0=0.175 · Oz=— · Red=— · manos=ON · pos=LONG 334@0.17839643 · latido=1.50s
[RANGO] autosello XLM · ACECHANDO · Oz=0.0 link=— · manos_feria_informe.json
[RANGO] XLMUSDT_LINEAL last=0.176 · río=WS · mercado=linear · estado=ACECHANDO · dir=— · 0=0.175 · Oz=— · Red=— · manos=ON · pos=LONG 334@0.17839643 · latido=1.50s
[RANGO] autosello XLM · ACECHANDO · Oz=0.0 link=— · manos_feria_informe.json
[RANGO] XLMUSDT_LINEAL last=0.1763 · río=WS · mercado=linear · estado=ACECHANDO · dir=— · 0=0.175 · Oz=— · Red=— · manos=ON · pos=LONG 334@0.17839643 · latido=1.50s
[RANGO] XLMUSDT_LINEAL last=0.1763 · río=WS · mercado=linear · estado=ACECHANDO · dir=— · 0=0.175 · Oz=— · Red=— · manos=ON · pos=LONG 334@0.17839643 · latido=1.50s
[RANGO] autosello XLM · ACECHANDO · Oz=0.0 link=— · manos_feria_informe.json
[RANGO] XLMUSDT_LINEAL last=0.1764 · río=WS · mercado=linear · estado=ACECHANDO · dir=— · 0=0.175 · Oz=— · Red=— · manos=ON · pos=LONG 334@0.17839643 · latido=1.50s
[RANGO] autosello XLM · ACECHANDO · Oz=0.0 link=— · manos_feria_informe.json
[RANGO] XLMUSDT_LINEAL last=0.1762 · río=WS · mercado=linear · estado=ACECHANDO · dir=— · 0=0.175 · Oz=— · Red=— · manos=ON · pos=LONG 334@0.17839643 · latido=1.50s
[RANGO] XLMUSDT_LINEAL last=0.1762 · río=WS · mercado=linear · estado=ACECHANDO · dir=— · 0=0.175 · Oz=— · Red=— · manos=ON · pos=LONG 334@0.17839643 · latido=1.50s
[RANGO] autosello XLM · ACECHANDO · Oz=0.0 link=— · manos_feria_informe.json
[RANGO] XLMUSDT_LINEAL last=0.1763 · río=WS · mercado=linear · estado=ACECHANDO · dir=— · 0=0.175 · Oz=— · Red=— · manos=ON · pos=LONG 334@0.17839643 · latido=1.50s
[RANGO] autosello XLM · ACECHANDO · Oz=0.0 link=— · manos_feria_informe.json
[RANGO] XLMUSDT_LINEAL last=0.1762 · río=WS · mercado=linear · estado=ACECHANDO · dir=— · 0=0.175 · Oz=— · Red=— · manos=ON · pos=LONG 334@0.17839643 · latido=1.50s
[RANGO] XLMUSDT_LINEAL last=0.1761 · río=WS · mercado=linear · estado=ACECHANDO · dir=— · 0=0.175 · Oz=— · Red=— · manos=ON · pos=LONG 334@0.17839643 · latido=1.50s
[RANGO] autosello XLM · ACECHANDO · Oz=0.0 link=— · manos_feria_informe.json
[RANGO] XLMUSDT_LINEAL last=0.176 · río=WS · mercado=linear · estado=ACECHANDO · dir=— · 0=0.175 · Oz=— · Red=— · manos=ON · pos=LONG 334@0.17839643 · latido=1.50s
[2026-08-31 10:13:18] [TUSK] RECONCILIACIÓN: FWDIUSDT_LINEAL: interno L:0.000000/S:5.100000 -> real L:0.000000/S:6.900000
[2026-08-31 10:13:18] [TUSK] RECONCILIACIÓN_OK: 1 frentes alineados con exchange
[RANGO] autosello XLM · ACECHANDO · Oz=0.0 link=— · manos_feria_informe.json
[RANGO] XLMUSDT_LINEAL last=0.1761 · río=WS · mercado=linear · estado=ACECHANDO · dir=— · 0=0.175 · Oz=— · Red=— · manos=ON · pos=LONG 334@0.17839643 · latido=1.50s
[RANGO] XLMUSDT_LINEAL last=0.1761 · río=WS · mercado=linear · estado=ACECHANDO · dir=— · 0=0.175 · Oz=— · Red=— · manos=ON · pos=LONG 334@0.17839643 · latido=1.50s
[RANGO] autosello XLM · ACECHANDO · Oz=0.0 link=— · manos_feria_informe.json
[RANGO] XLMUSDT_LINEAL last=0.1759 · río=WS · mercado=linear · estado=ACECHANDO · dir=— · 0=0.175 · Oz=— · Red=— · manos=ON · pos=LONG 334@0.17839643 · latido=1.50s
[RANGO] autosello XLM · ACECHANDO · Oz=0.0 link=— · manos_feria_informe.json
[RANGO] XLMUSDT_LINEAL last=0.176 · río=WS · mercado=linear · estado=ACECHANDO · dir=— · 0=0.175 · Oz=— · Red=— · manos=ON · pos=LONG 334@0.17839643 · latido=1.50s
[RANGO] XLMUSDT_LINEAL last=0.1759 · río=WS · mercado=linear · estado=ACECHANDO · dir=— · 0=0.175 · Oz=— · Red=— · manos=ON · pos=LONG 334@0.17839643 · latido=1.50s
[RANGO] autosello XLM · ACECHANDO · Oz=0.0 link=— · manos_feria_informe.json
[RANGO] XLMUSDT_LINEAL last=0.1759 · río=WS · mercado=linear · estado=ACECHANDO · dir=— · 0=0.175 · Oz=— · Red=— · manos=ON · pos=LONG 334@0.17839643 · latido=1.50s
[2026-08-31 10:14:19] [TUSK] RECONCILIACIÓN: TSLLUSDT_LINEAL: interno L:0.000000/S:0.000000 -> real L:0.120000/S:0.000000
[2026-08-31 10:14:19] [TUSK] RECONCILIACIÓN_FANTASMA: COTIUSDT_LINEAL existe interno pero no en exchange -> reseteando
[2026-08-31 10:14:19] [TUSK] RECONCILIACIÓN_OK: 2 frentes alineados con exchange
[RANGO] autosello XLM · ACECHANDO · Oz=0.0 link=— · manos_feria_informe.json
[RANGO] XLMUSDT_LINEAL last=0.1759 · río=WS · mercado=linear · estado=ACECHANDO · dir=— · 0=0.175 · Oz=— · Red=— · manos=ON · pos=LONG 334@0.17839643 · latido=1.50s
[RANGO] XLMUSDT_LINEAL last=0.1759 · río=WS · mercado=linear · estado=ACECHANDO · dir=— · 0=0.175 · Oz=— · Red=— · manos=ON · pos=LONG 334@0.17839643 · latido=1.50s
[RANGO] autosello XLM · ACECHANDO · Oz=0.0 link=— · manos_feria_informe.json
[RANGO] XLMUSDT_LINEAL last=0.176 · río=WS · mercado=linear · estado=ACECHANDO · dir=— · 0=0.175 · Oz=— · Red=— · manos=ON · pos=LONG 334@0.17839643 · latido=1.50s
[RANGO] autosello XLM · ACECHANDO · Oz=0.0 link=— · manos_feria_informe.json
[RANGO] XLMUSDT_LINEAL last=0.176 · río=WS · mercado=linear · estado=ACECHANDO · dir=— · 0=0.175 · Oz=— · Red=— · manos=ON · pos=LONG 334@0.17839643 · latido=1.50s
[RANGO] XLMUSDT_LINEAL last=0.1759 · río=WS · mercado=linear · estado=ACECHANDO · dir=— · 0=0.175 · Oz=— · Red=— · manos=ON · pos=LONG 334@0.17839643 · latido=1.50s
[RANGO] autosello XLM · ACECHANDO · Oz=0.0 link=— · manos_feria_informe.json
[RANGO] XLMUSDT_LINEAL last=0.1758 · río=WS · mercado=linear · estado=ACECHANDO · dir=— · 0=0.175 · Oz=— · Red=— · manos=ON · pos=LONG 334@0.17839643 · latido=1.50s
[2026-08-31 10:15:20] [TUSK] RECONCILIACIÓN: SNXXUSDT_LINEAL: interno L:7.610000/S:0.000000 -> real L:8.080000/S:0.000000
[2026-08-31 10:15:20] [TUSK] RECONCILIACIÓN_OK: 1 frentes alineados con exchange
[RANGO] autosello XLM · ACECHANDO · Oz=0.0 link=— · manos_feria_informe.json
[RANGO] XLMUSDT_LINEAL last=0.1759 · río=WS · mercado=linear · estado=ACECHANDO · dir=— · 0=0.175 · Oz=— · Red=— · manos=ON · pos=LONG 334@0.17839643 · latido=1.50s
[RANGO] XLMUSDT_LINEAL last=0.1758 · río=WS · mercado=linear · estado=ACECHANDO · dir=— · 0=0.175 · Oz=— · Red=— · manos=ON · pos=LONG 334@0.17839643 · latido=1.50s
[RANGO] autosello XLM · ACECHANDO · Oz=0.0 link=— · manos_feria_informe.json
[RANGO] XLMUSDT_LINEAL last=0.1758 · río=WS · mercado=linear · estado=ACECHANDO · dir=— · 0=0.175 · Oz=— · Red=— · manos=ON · pos=LONG 334@0.17839643 · latido=1.50s
[RANGO] autosello XLM · ACECHANDO · Oz=0.0 link=— · manos_feria_informe.json
[RANGO] XLMUSDT_LINEAL last=0.1758 · río=WS · mercado=linear · estado=ACECHANDO · dir=— · 0=0.175 · Oz=— · Red=— · manos=ON · pos=LONG 334@0.17839643 · latido=1.50s
[RANGO] autosello XLM · ACECHANDO · Oz=0.0 link=— · manos_feria_informe.json
[RANGO] XLMUSDT_LINEAL last=0.1758 · río=WS · mercado=linear · estado=ACECHANDO · dir=— · 0=0.175 · Oz=— · Red=— · manos=ON · pos=LONG 334@0.17839643 · latido=1.50s
[RANGO] XLMUSDT_LINEAL last=0.1759 · río=WS · mercado=linear · estado=ACECHANDO · dir=— · 0=0.175 · Oz=— · Red=— · manos=ON · pos=LONG 334@0.17839643 · latido=1.50s
[2026-08-31 10:16:21] [TUSK] RECONCILIACIÓN: UNIUSDT_LINEAL: interno L:0.000000/S:0.000000 -> real L:1.100000/S:0.000000
[2026-08-31 10:16:21] [TUSK] RECONCILIACIÓN_FANTASMA: BATUSDT_LINEAL existe interno pero no en exchange -> reseteando
[2026-08-31 10:16:21] [TUSK] RECONCILIACIÓN_OK: 2 frentes alineados con exchange
[RANGO] autosello XLM · ACECHANDO · Oz=0.0 link=— · manos_feria_informe.json
[RANGO] XLMUSDT_LINEAL last=0.1758 · río=WS · mercado=linear · estado=ACECHANDO · dir=— · 0=0.175 · Oz=— · Red=— · manos=ON · pos=LONG 334@0.17839643 · latido=1.50s
[RANGO] autosello XLM · ACECHANDO · Oz=0.0 link=— · manos_feria_informe.json
[RANGO] XLMUSDT_LINEAL last=0.1758 · río=WS · mercado=linear · estado=ACECHANDO · dir=— · 0=0.175 · Oz=— · Red=— · manos=ON · pos=LONG 334@0.17839643 · latido=1.50s
[RANGO] XLMUSDT_LINEAL last=0.1758 · río=WS · mercado=linear · estado=ACECHANDO · dir=— · 0=0.175 · Oz=— · Red=— · manos=ON · pos=LONG 334@0.17839643 · latido=1.50s
[RANGO] autosello XLM · ACECHANDO · Oz=0.0 link=— · manos_feria_informe.json
[RANGO] XLMUSDT_LINEAL last=0.1757 · río=WS · mercado=linear · estado=ACECHANDO · dir=— · 0=0.175 · Oz=— · Red=— · manos=ON · pos=LONG 334@0.17839643 · latido=1.50s
[RANGO] autosello XLM · ACECHANDO · Oz=0.0 link=— · manos_feria_informe.json
[RANGO] XLMUSDT_LINEAL last=0.1757 · río=WS · mercado=linear · estado=ACECHANDO · dir=— · 0=0.175 · Oz=— · Red=— · manos=ON · pos=LONG 334@0.17839643 · latido=1.50s
[RANGO] XLMUSDT_LINEAL last=0.1758 · río=WS · mercado=linear · estado=ACECHANDO · dir=— · 0=0.175 · Oz=— · Red=— · manos=ON · pos=LONG 334@0.17839643 · latido=1.50s
[RANGO] autosello XLM · ACECHANDO · Oz=0.0 link=— · manos_feria_informe.json
[RANGO] XLMUSDT_LINEAL last=0.1757 · río=WS · mercado=linear · estado=ACECHANDO · dir=— · 0=0.175 · Oz=— · Red=— · manos=ON · pos=LONG 334@0.17839643 · latido=1.50s
[RANGO] autosello XLM · ACECHANDO · Oz=0.0 link=— · manos_feria_informe.json
[RANGO] XLMUSDT_LINEAL last=0.1758 · río=WS · mercado=linear · estado=ACECHANDO · dir=— · 0=0.175 · Oz=— · Red=— · manos=ON · pos=LONG 334@0.17839643 · latido=1.50s
[RANGO] XLMUSDT_LINEAL last=0.1757 · río=WS · mercado=linear · estado=ACECHANDO · dir=— · 0=0.175 · Oz=— · Red=— · manos=ON · pos=LONG 334@0.17839643 · latido=1.50s
[RANGO] autosello XLM · ACECHANDO · Oz=0.0 link=— · manos_feria_informe.json
[RANGO] XLMUSDT_LINEAL last=0.1757 · río=WS · mercado=linear · estado=ACECHANDO · dir=— · 0=0.175 · Oz=— · Red=— · manos=ON · pos=LONG 334@0.17839643 · latido=1.50s
[RANGO] autosello XLM · ACECHANDO · Oz=0.0 link=— · manos_feria_informe.json
[RANGO] XLMUSDT_LINEAL last=0.1757 · río=WS · mercado=linear · estado=ACECHANDO · dir=— · 0=0.175 · Oz=— · Red=— · manos=ON · pos=LONG 334@0.17839643 · latido=1.50s
[RANGO] XLMUSDT_LINEAL last=0.1755 · río=WS · mercado=linear · estado=ACECHANDO · dir=— · 0=0.175 · Oz=— · Red=— · manos=ON · pos=LONG 334@0.17839643 · latido=1.50s
[RANGO] autosello XLM · ACECHANDO · Oz=0.0 link=— · manos_feria_informe.json
[2026-08-31 10:18:24] [TUSK] RECONCILIACIÓN: OUSDT_LINEAL: interno L:0.000000/S:0.000000 -> real L:0.000000/S:34.000000
[2026-08-31 10:18:24] [TUSK] RECONCILIACIÓN_FANTASMA: XLMUSDT_LINEAL existe interno pero no en exchange -> reseteando
[2026-08-31 10:18:24] [TUSK] RECONCILIACIÓN_OK: 2 frentes alineados con exchange
[RANGO] XLMUSDT_LINEAL last=0.1756 · río=WS · mercado=linear · estado=ACECHANDO · dir=— · 0=0.175 · Oz=— · Red=— · manos=ON · pos=flat · latido=1.50s
[RANGO] autosello XLM · ACECHANDO · Oz=0.0 link=— · manos_feria_informe.json
[RANGO] XLMUSDT_LINEAL last=0.1756 · río=WS · mercado=linear · estado=ACECHANDO · dir=— · 0=0.175 · Oz=— · Red=— · manos=ON · pos=flat · latido=1.50s
[RANGO] XLMUSDT_LINEAL last=0.1756 · río=WS · mercado=linear · estado=ACECHANDO · dir=— · 0=0.175 · Oz=— · Red=— · manos=ON · pos=flat · latido=1.50s
[RANGO] autosello XLM · ACECHANDO · Oz=0.0 link=— · manos_feria_informe.json
[RANGO] XLMUSDT_LINEAL last=0.1757 · río=WS · mercado=linear · estado=ACECHANDO · dir=— · 0=0.175 · Oz=— · Red=— · manos=ON · pos=flat · latido=1.50s
[RANGO] autosello XLM · ACECHANDO · Oz=0.0 link=— · manos_feria_informe.json
[RANGO] XLMUSDT_LINEAL last=0.176 · río=WS · mercado=linear · estado=ACECHANDO · dir=— · 0=0.175 · Oz=— · Red=— · manos=ON · pos=flat · latido=1.50s
[RANGO] XLMUSDT_LINEAL last=0.1759 · río=WS · mercado=linear · estado=ACECHANDO · dir=— · 0=0.175 · Oz=— · Red=— · manos=ON · pos=flat · latido=1.50s
[RANGO] autosello XLM · ACECHANDO · Oz=0.0 link=— · manos_feria_informe.json
[RANGO] XLMUSDT_LINEAL last=0.1761 · río=WS · mercado=linear · estado=ACECHANDO · dir=— · 0=0.175 · Oz=— · Red=— · manos=ON · pos=flat · latido=1.50s
[RANGO] autosello XLM · ACECHANDO · Oz=0.0 link=— · manos_feria_informe.json
[RANGO] XLMUSDT_LINEAL last=0.1761 · río=WS · mercado=linear · estado=ACECHANDO · dir=— · 0=0.175 · Oz=— · Red=— · manos=ON · pos=flat · latido=1.50s
[RANGO] XLMUSDT_LINEAL last=0.1761 · río=WS · mercado=linear · estado=ACECHANDO · dir=— · 0=0.175 · Oz=— · Red=— · manos=ON · pos=flat · latido=1.50s
[RANGO] autosello XLM · ACECHANDO · Oz=0.0 link=— · manos_feria_informe.json
[RANGO] XLMUSDT_LINEAL last=0.1759 · río=WS · mercado=linear · estado=ACECHANDO · dir=— · 0=0.175 · Oz=— · Red=— · manos=ON · pos=flat · latido=1.50s
[RANGO] autosello XLM · ACECHANDO · Oz=0.0 link=— · manos_feria_informe.json
[RANGO] XLMUSDT_LINEAL last=0.17593 · río=WS · mercado=linear · estado=ACECHANDO · dir=— · 0=0.175 · Oz=— · Red=— · manos=ON · pos=flat · latido=1.50s
[RANGO] XLMUSDT_LINEAL last=0.1758 · río=WS · mercado=linear · estado=ACECHANDO · dir=— · 0=0.175 · Oz=— · Red=— · manos=ON · pos=flat · latido=1.50s
[RANGO] autosello XLM · ACECHANDO · Oz=0.0 link=— · manos_feria_informe.json
[2026-08-31 10:20:26] [TUSK] RECONCILIACIÓN: POWERUSDT_LINEAL: interno L:0.000000/S:307.000000 -> real L:0.000000/S:249.000000
[2026-08-31 10:20:26] [TUSK] RECONCILIACIÓN_OK: 1 frentes alineados con exchange
[RANGO] XLMUSDT_LINEAL last=0.17585 · río=WS · mercado=linear · estado=ACECHANDO · dir=— · 0=0.175 · Oz=— · Red=— · manos=ON · pos=flat · latido=1.50s
[RANGO] autosello XLM · ACECHANDO · Oz=0.0 link=— · manos_feria_informe.json
[RANGO] XLMUSDT_LINEAL last=0.1759 · río=WS · mercado=linear · estado=ACECHANDO · dir=— · 0=0.175 · Oz=— · Red=— · manos=ON · pos=flat · latido=1.50s
[RANGO] XLMUSDT_LINEAL last=0.17581 · río=WS · mercado=linear · estado=ACECHANDO · dir=— · 0=0.175 · Oz=— · Red=— · manos=ON · pos=flat · latido=1.50s
[RANGO] autosello XLM · ACECHANDO · Oz=0.0 link=— · manos_feria_informe.json
[RANGO] XLMUSDT_LINEAL last=0.1758 · río=WS · mercado=linear · estado=ACECHANDO · dir=— · 0=0.175 · Oz=— · Red=— · manos=ON · pos=flat · latido=1.50s
[RANGO] autosello XLM · ACECHANDO · Oz=0.0 link=— · manos_feria_informe.json
[RANGO] XLMUSDT_LINEAL last=0.1758 · río=WS · mercado=linear · estado=ACECHANDO · dir=— · 0=0.175 · Oz=— · Red=— · manos=ON · pos=flat · latido=1.50s
[RANGO] XLMUSDT_LINEAL last=0.1757 · río=WS · mercado=linear · estado=ACECHANDO · dir=— · 0=0.175 · Oz=— · Red=— · manos=ON · pos=flat · latido=1.50s
[RANGO] autosello XLM · ACECHANDO · Oz=0.0 link=— · manos_feria_informe.json
[2026-08-31 10:21:27] [TUSK] RECONCILIACIÓN: CRCLUSDT_LINEAL: interno L:0.000000/S:0.000000 -> real L:0.290000/S:0.000000
[2026-08-31 10:21:27] [TUSK] RECONCILIACIÓN: XANUSDT_LINEAL: interno L:0.000000/S:542.000000 -> real L:0.000000/S:171.000000
[2026-08-31 10:21:27] [TUSK] RECONCILIACIÓN: STXXUSDT_LINEAL: interno L:0.000000/S:0.000000 -> real L:0.014000/S:0.000000
[2026-08-31 10:21:27] [TUSK] RECONCILIACIÓN_FANTASMA: CRDOUSDT_LINEAL existe interno pero no en exchange -> reseteando
[2026-08-31 10:21:27] [TUSK] RECONCILIACIÓN_FANTASMA: LSKUSDT_LINEAL existe interno pero no en exchange -> reseteando
[2026-08-31 10:21:27] [TUSK] RECONCILIACIÓN_OK: 5 frentes alineados con exchange
[RANGO] XLMUSDT_LINEAL last=0.1757 · río=WS · mercado=linear · estado=ACECHANDO · dir=— · 0=0.175 · Oz=— · Red=— · manos=ON · pos=flat · latido=1.50s
[RANGO] autosello XLM · ACECHANDO · Oz=0.0 link=— · manos_feria_informe.json
[RANGO] XLMUSDT_LINEAL last=0.1757 · río=WS · mercado=linear · estado=ACECHANDO · dir=— · 0=0.175 · Oz=— · Red=— · manos=ON · pos=flat · latido=1.50s
[RANGO] XLMUSDT_LINEAL last=0.1757 · río=WS · mercado=linear · estado=ACECHANDO · dir=— · 0=0.175 · Oz=— · Red=— · manos=ON · pos=flat · latido=1.50s
[RANGO] autosello XLM · ACECHANDO · Oz=0.0 link=— · manos_feria_informe.json
[RANGO] XLMUSDT_LINEAL last=0.1756 · río=WS · mercado=linear · estado=ACECHANDO · dir=— · 0=0.175 · Oz=— · Red=— · manos=ON · pos=flat · latido=1.50s
[RANGO] autosello XLM · ACECHANDO · Oz=0.0 link=— · manos_feria_informe.json
[RANGO] XLMUSDT_LINEAL last=0.1757 · río=WS · mercado=linear · estado=ACECHANDO · dir=— · 0=0.175 · Oz=— · Red=— · manos=ON · pos=flat · latido=1.50s
[RANGO] XLMUSDT_LINEAL last=0.1757 · río=WS · mercado=linear · estado=ACECHANDO · dir=— · 0=0.175 · Oz=— · Red=— · manos=ON · pos=flat · latido=1.50s
[RANGO] autosello XLM · ACECHANDO · Oz=0.0 link=— · manos_feria_informe.json
[RANGO] XLMUSDT_LINEAL last=0.17565 · río=WS · mercado=linear · estado=ACECHANDO · dir=— · 0=0.175 · Oz=— · Red=— · manos=ON · pos=flat · latido=1.50s
[2026-08-31 10:22:28] [TUSK] RECONCILIACIÓN: DASHUSDT_LINEAL: interno L:0.000000/S:0.000000 -> real L:0.000000/S:0.460000
[2026-08-31 10:22:28] [TUSK] RECONCILIACIÓN_FANTASMA: RDWUSDT_LINEAL existe interno pero no en exchange -> reseteando
[2026-08-31 10:22:28] [TUSK] RECONCILIACIÓN_OK: 2 frentes alineados con exchange
[RANGO] autosello XLM · ACECHANDO · Oz=0.0 link=— · manos_feria_informe.json
[RANGO] XLMUSDT_LINEAL last=0.1756 · río=WS · mercado=linear · estado=ACECHANDO · dir=— · 0=0.175 · Oz=— · Red=— · manos=ON · pos=flat · latido=1.50s
[RANGO] XLMUSDT_LINEAL last=0.1756 · río=WS · mercado=linear · estado=ACECHANDO · dir=— · 0=0.175 · Oz=— · Red=— · manos=ON · pos=flat · latido=1.50s
[RANGO] autosello XLM · ACECHANDO · Oz=0.0 link=— · manos_feria_informe.json
[RANGO] XLMUSDT_LINEAL last=0.1757 · río=WS · mercado=linear · estado=ACECHANDO · dir=— · 0=0.175 · Oz=— · Red=— · manos=ON · pos=flat · latido=1.50s
[RANGO] autosello XLM · ACECHANDO · Oz=0.0 link=— · manos_feria_informe.json
[RANGO] XLMUSDT_LINEAL last=0.1757 · río=WS · mercado=linear · estado=ACECHANDO · dir=— · 0=0.175 · Oz=— · Red=— · manos=ON · pos=flat · latido=1.50s
[RANGO] XLMUSDT_LINEAL last=0.1758 · río=WS · mercado=linear · estado=ACECHANDO · dir=— · 0=0.175 · Oz=— · Red=— · manos=ON · pos=flat · latido=1.50s
[RANGO] autosello XLM · ACECHANDO · Oz=0.0 link=— · manos_feria_informe.json
[RANGO] XLMUSDT_LINEAL last=0.1757 · río=WS · mercado=linear · estado=ACECHANDO · dir=— · 0=0.175 · Oz=— · Red=— · manos=ON · pos=flat · latido=1.50s
[RANGO] autosello XLM · ACECHANDO · Oz=0.0 link=— · manos_feria_informe.json
[RANGO] XLMUSDT_LINEAL last=0.1758 · río=WS · mercado=linear · estado=ACECHANDO · dir=— · 0=0.175 · Oz=— · Red=— · manos=ON · pos=flat · latido=1.50s
[RANGO] XLMUSDT_LINEAL last=0.1757 · río=WS · mercado=linear · estado=ACECHANDO · dir=— · 0=0.175 · Oz=— · Red=— · manos=ON · pos=flat · latido=1.50s
[RANGO] autosello XLM · ACECHANDO · Oz=0.0 link=— · manos_feria_informe.json
[RANGO] XLMUSDT_LINEAL last=0.1756 · río=WS · mercado=linear · estado=ACECHANDO · dir=— · 0=0.175 · Oz=— · Red=— · manos=ON · pos=flat · latido=1.50s
[RANGO] autosello XLM · ACECHANDO · Oz=0.0 link=— · manos_feria_informe.json
[RANGO] XLMUSDT_LINEAL last=0.1755 · río=WS · mercado=linear · estado=ACECHANDO · dir=— · 0=0.175 · Oz=— · Red=— · manos=ON · pos=flat · latido=1.50s
[RANGO] XLMUSDT_LINEAL last=0.1756 · río=WS · mercado=linear · estado=ACECHANDO · dir=— · 0=0.175 · Oz=— · Red=— · manos=ON · pos=flat · latido=1.50s
[RANGO] autosello XLM · ACECHANDO · Oz=0.0 link=— · manos_feria_informe.json
[RANGO] XLMUSDT_LINEAL last=0.1756 · río=WS · mercado=linear · estado=ACECHANDO · dir=— · 0=0.175 · Oz=— · Red=— · manos=ON · pos=flat · latido=1.50s
[2026-08-31 10:24:30] [TUSK] RECONCILIACIÓN: CFGUSDT_LINEAL: interno L:0.000000/S:0.000000 -> real L:1266.000000/S:0.000000
[2026-08-31 10:24:30] [TUSK] RECONCILIACIÓN: BLUAIUSDT_LINEAL: interno L:0.000000/S:0.000000 -> real L:1590.000000/S:0.000000
[2026-08-31 10:24:30] [TUSK] RECONCILIACIÓN_FANTASMA: KORUUSDT_LINEAL existe interno pero no en exchange -> reseteando
[2026-08-31 10:24:30] [TUSK] RECONCILIACIÓN_FANTASMA: KNCUSDT_LINEAL existe interno pero no en exchange -> reseteando
[2026-08-31 10:24:30] [TUSK] RECONCILIACIÓN_OK: 4 frentes alineados con exchange
[RANGO] autosello XLM · ACECHANDO · Oz=0.0 link=— · manos_feria_informe.json
[RANGO] XLMUSDT_LINEAL last=0.1756 · río=WS · mercado=linear · estado=ACECHANDO · dir=— · 0=0.175 · Oz=— · Red=— · manos=ON · pos=flat · latido=1.50s
[RANGO] XLMUSDT_LINEAL last=0.1755 · río=WS · mercado=linear · estado=ACECHANDO · dir=— · 0=0.175 · Oz=— · Red=— · manos=ON · pos=flat · latido=1.50s
[RANGO] autosello XLM · ACECHANDO · Oz=0.0 link=— · manos_feria_informe.json
[RANGO] XLMUSDT_LINEAL last=0.1756 · río=WS · mercado=linear · estado=ACECHANDO · dir=— · 0=0.175 · Oz=— · Red=— · manos=ON · pos=flat · latido=1.50s
[RANGO] autosello XLM · ACECHANDO · Oz=0.0 link=— · manos_feria_informe.json
[RANGO] XLMUSDT_LINEAL last=0.1755 · río=WS · mercado=linear · estado=ACECHANDO · dir=— · 0=0.175 · Oz=— · Red=— · manos=ON · pos=flat · latido=1.50s
[RANGO] XLMUSDT_LINEAL last=0.1755 · río=WS · mercado=linear · estado=ACECHANDO · dir=— · 0=0.175 · Oz=— · Red=— · manos=ON · pos=flat · latido=1.50s
[RANGO] autosello XLM · ACECHANDO · Oz=0.0 link=— · manos_feria_informe.json
[RANGO] XLMUSDT_LINEAL last=0.1756 · río=WS · mercado=linear · estado=ACECHANDO · dir=— · 0=0.175 · Oz=— · Red=— · manos=ON · pos=flat · latido=1.50s
[RANGO] autosello XLM · ACECHANDO · Oz=0.0 link=— · manos_feria_informe.json
[RANGO] XLMUSDT_LINEAL last=0.1757 · río=WS · mercado=linear · estado=ACECHANDO · dir=— · 0=0.175 · Oz=— · Red=— · manos=ON · pos=flat · latido=1.50s
[RANGO] XLMUSDT_LINEAL last=0.1758 · río=WS · mercado=linear · estado=ACECHANDO · dir=— · 0=0.175 · Oz=— · Red=— · manos=ON · pos=flat · latido=1.50s
[RANGO] autosello XLM · ACECHANDO · Oz=0.0 link=— · manos_feria_informe.json
[RANGO] XLMUSDT_LINEAL last=0.1759 · río=WS · mercado=linear · estado=ACECHANDO · dir=— · 0=0.175 · Oz=— · Red=— · manos=ON · pos=flat · latido=1.50s
[RANGO] autosello XLM · ACECHANDO · Oz=0.0 link=— · manos_feria_informe.json
[RANGO] XLMUSDT_LINEAL last=0.1756 · río=WS · mercado=linear · estado=ACECHANDO · dir=— · 0=0.175 · Oz=— · Red=— · manos=ON · pos=flat · latido=1.50s
[RANGO] XLMUSDT_LINEAL last=0.1755 · río=WS · mercado=linear · estado=ACECHANDO · dir=— · 0=0.175 · Oz=— · Red=— · manos=ON · pos=flat · latido=1.50s
[RANGO] autosello XLM · ACECHANDO · Oz=0.0 link=— · manos_feria_informe.json
[RANGO] XLMUSDT_LINEAL last=0.1756 · río=WS · mercado=linear · estado=ACECHANDO · dir=— · 0=0.175 · Oz=— · Red=— · manos=ON · pos=flat · latido=1.50s
[2026-08-31 10:26:32] [TUSK] RECONCILIACIÓN: TWTUSDT_LINEAL: interno L:48.800000/S:0.000000 -> real L:38.700000/S:0.000000
[2026-08-31 10:26:32] [TUSK] RECONCILIACIÓN_OK: 1 frentes alineados con exchange
[RANGO] autosello XLM · ACECHANDO · Oz=0.0 link=— · manos_feria_informe.json
[RANGO] XLMUSDT_LINEAL last=0.1755 · río=WS · mercado=linear · estado=ACECHANDO · dir=— · 0=0.175 · Oz=— · Red=— · manos=ON · pos=flat · latido=1.50s
[RANGO] XLMUSDT_LINEAL last=0.1755 · río=WS · mercado=linear · estado=ACECHANDO · dir=— · 0=0.175 · Oz=— · Red=— · manos=ON · pos=flat · latido=1.50s
[RANGO] autosello XLM · ACECHANDO · Oz=0.0 link=— · manos_feria_informe.json
[RANGO] XLMUSDT_LINEAL last=0.1757 · río=WS · mercado=linear · estado=ACECHANDO · dir=— · 0=0.175 · Oz=— · Red=— · manos=ON · pos=flat · latido=1.50s
[RANGO] autosello XLM · ACECHANDO · Oz=0.0 link=— · manos_feria_informe.json
[RANGO] XLMUSDT_LINEAL last=0.1756 · río=WS · mercado=linear · estado=ACECHANDO · dir=— · 0=0.175 · Oz=— · Red=— · manos=ON · pos=flat · latido=1.50s
[RANGO] XLMUSDT_LINEAL last=0.1757 · río=WS · mercado=linear · estado=ACECHANDO · dir=— · 0=0.175 · Oz=— · Red=— · manos=ON · pos=flat · latido=1.50s
[RANGO] autosello XLM · ACECHANDO · Oz=0.0 link=— · manos_feria_informe.json
[RANGO] XLMUSDT_LINEAL last=0.1757 · río=WS · mercado=linear · estado=ACECHANDO · dir=— · 0=0.175 · Oz=— · Red=— · manos=ON · pos=flat · latido=1.50s
[RANGO] autosello XLM · ACECHANDO · Oz=0.0 link=— · manos_feria_informe.json
[RANGO] XLMUSDT_LINEAL last=0.1757 · río=WS · mercado=linear · estado=ACECHANDO · dir=— · 0=0.175 · Oz=— · Red=— · manos=ON · pos=flat · latido=1.50s
[RANGO] XLMUSDT_LINEAL last=0.1758 · río=WS · mercado=linear · estado=ACECHANDO · dir=— · 0=0.175 · Oz=— · Red=— · manos=ON · pos=flat · latido=1.50s
[RANGO] autosello XLM · ACECHANDO · Oz=0.0 link=— · manos_feria_informe.json
[RANGO] XLMUSDT_LINEAL last=0.17574 · río=WS · mercado=linear · estado=ACECHANDO · dir=— · 0=0.175 · Oz=— · Red=— · manos=ON · pos=flat · latido=1.50s
[RANGO] autosello XLM · ACECHANDO · Oz=0.0 link=— · manos_feria_informe.json
[RANGO] XLMUSDT_LINEAL last=0.1759 · río=WS · mercado=linear · estado=ACECHANDO · dir=— · 0=0.175 · Oz=— · Red=— · manos=ON · pos=flat · latido=1.50s
[RANGO] XLMUSDT_LINEAL last=0.1758 · río=WS · mercado=linear · estado=ACECHANDO · dir=— · 0=0.175 · Oz=— · Red=— · manos=ON · pos=flat · latido=1.50s
[RANGO] autosello XLM · ACECHANDO · Oz=0.0 link=— · manos_feria_informe.json
[RANGO] XLMUSDT_LINEAL last=0.176 · río=WS · mercado=linear · estado=ACECHANDO · dir=— · 0=0.175 · Oz=— · Red=— · manos=ON · pos=flat · latido=1.50s
[RANGO] autosello XLM · ACECHANDO · Oz=0.0 link=— · manos_feria_informe.json
[RANGO] XLMUSDT_LINEAL last=0.17595 · río=WS · mercado=linear · estado=ACECHANDO · dir=— · 0=0.175 · Oz=— · Red=— · manos=ON · pos=flat · latido=1.50s
[RANGO] XLMUSDT_LINEAL last=0.1759 · río=WS · mercado=linear · estado=ACECHANDO · dir=— · 0=0.175 · Oz=— · Red=— · manos=ON · pos=flat · latido=1.50s
[RANGO] autosello XLM · ACECHANDO · Oz=0.0 link=— · manos_feria_informe.json
[RANGO] XLMUSDT_LINEAL last=0.1758 · río=WS · mercado=linear · estado=ACECHANDO · dir=— · 0=0.175 · Oz=— · Red=— · manos=ON · pos=flat · latido=1.50s
[RANGO] autosello XLM · ACECHANDO · Oz=0.0 link=— · manos_feria_informe.json
[RANGO] XLMUSDT_LINEAL last=0.1758 · río=WS · mercado=linear · estado=ACECHANDO · dir=— · 0=0.175 · Oz=— · Red=— · manos=ON · pos=flat · latido=1.50s
[RANGO] XLMUSDT_LINEAL last=0.1759 · río=WS · mercado=linear · estado=ACECHANDO · dir=— · 0=0.175 · Oz=— · Red=— · manos=ON · pos=flat · latido=1.50s
[RANGO] autosello XLM · ACECHANDO · Oz=0.0 link=— · manos_feria_informe.json
[RANGO] XLMUSDT_LINEAL last=0.1759 · río=WS · mercado=linear · estado=ACECHANDO · dir=— · 0=0.175 · Oz=— · Red=— · manos=ON · pos=flat · latido=1.50s
[2026-08-31 10:29:36] [TUSK] RECONCILIACIÓN: DASHUSDT_LINEAL: interno L:0.000000/S:0.460000 -> real L:0.000000/S:0.570000
[2026-08-31 10:29:36] [TUSK] RECONCILIACIÓN_OK: 1 frentes alineados con exchange
[RANGO] autosello XLM · ACECHANDO · Oz=0.0 link=— · manos_feria_informe.json
[RANGO] XLMUSDT_LINEAL last=0.176 · río=WS · mercado=linear · estado=ACECHANDO · dir=— · 0=0.175 · Oz=— · Red=— · manos=ON · pos=flat · latido=1.50s
[RANGO] XLMUSDT_LINEAL last=0.176 · río=WS · mercado=linear · estado=ACECHANDO · dir=— · 0=0.175 · Oz=— · Red=— · manos=ON · pos=flat · latido=1.50s
[RANGO] autosello XLM · ACECHANDO · Oz=0.0 link=— · manos_feria_informe.json
[RANGO] XLMUSDT_LINEAL last=0.1758 · río=WS · mercado=linear · estado=ACECHANDO · dir=— · 0=0.175 · Oz=— · Red=— · manos=ON · pos=flat · latido=1.50s
[RANGO] autosello XLM · ACECHANDO · Oz=0.0 link=— · manos_feria_informe.json
[RANGO] XLMUSDT_LINEAL last=0.1758 · río=WS · mercado=linear · estado=ACECHANDO · dir=— · 0=0.175 · Oz=— · Red=— · manos=ON · pos=flat · latido=1.50s
[RANGO] XLMUSDT_LINEAL last=0.1758 · río=WS · mercado=linear · estado=ACECHANDO · dir=— · 0=0.175 · Oz=— · Red=— · manos=ON · pos=flat · latido=1.50s
[RANGO] autosello XLM · ACECHANDO · Oz=0.0 link=— · manos_feria_informe.json
[RANGO] XLMUSDT_LINEAL last=0.1761 · río=WS · mercado=linear · estado=ACECHANDO · dir=— · 0=0.175 · Oz=— · Red=— · manos=ON · pos=flat · latido=1.50s
[RANGO] autosello XLM · ACECHANDO · Oz=0.0 link=— · manos_feria_informe.json
[RANGO] XLMUSDT_LINEAL last=0.1761 · río=WS · mercado=linear · estado=ACECHANDO · dir=— · 0=0.175 · Oz=— · Red=— · manos=ON · pos=flat · latido=1.50s
[RANGO] XLMUSDT_LINEAL last=0.1761 · río=WS · mercado=linear · estado=ACECHANDO · dir=— · 0=0.175 · Oz=— · Red=— · manos=ON · pos=flat · latido=1.50s
[RANGO] autosello XLM · ACECHANDO · Oz=0.0 link=— · manos_feria_informe.json
[RANGO] XLMUSDT_LINEAL last=0.1761 · río=WS · mercado=linear · estado=ACECHANDO · dir=— · 0=0.175 · Oz=— · Red=— · manos=ON · pos=flat · latido=1.50s
[RANGO] autosello XLM · ACECHANDO · Oz=0.0 link=— · manos_feria_informe.json
[RANGO] XLMUSDT_LINEAL last=0.1762 · río=WS · mercado=linear · estado=ACECHANDO · dir=— · 0=0.175 · Oz=— · Red=— · manos=ON · pos=flat · latido=1.50s
[RANGO] XLMUSDT_LINEAL last=0.176 · río=WS · mercado=linear · estado=ACECHANDO · dir=— · 0=0.175 · Oz=— · Red=— · manos=ON · pos=flat · latido=1.50s
[RANGO] autosello XLM · ACECHANDO · Oz=0.0 link=— · manos_feria_informe.json
[RANGO] XLMUSDT_LINEAL last=0.1759 · río=WS · mercado=linear · estado=ACECHANDO · dir=— · 0=0.175 · Oz=— · Red=— · manos=ON · pos=flat · latido=1.50s
[RANGO] autosello XLM · ACECHANDO · Oz=0.0 link=— · manos_feria_informe.json
[RANGO] XLMUSDT_LINEAL last=0.1759 · río=WS · mercado=linear · estado=ACECHANDO · dir=— · 0=0.175 · Oz=— · Red=— · manos=ON · pos=flat · latido=1.50s
[RANGO] XLMUSDT_LINEAL last=0.1759 · río=WS · mercado=linear · estado=ACECHANDO · dir=— · 0=0.175 · Oz=— · Red=— · manos=ON · pos=flat · latido=1.50s
[RANGO] autosello XLM · ACECHANDO · Oz=0.0 link=— · manos_feria_informe.json
[RANGO] XLMUSDT_LINEAL last=0.176 · río=WS · mercado=linear · estado=ACECHANDO · dir=— · 0=0.175 · Oz=— · Red=— · manos=ON · pos=flat · latido=1.50s
[RANGO] autosello XLM · ACECHANDO · Oz=0.0 link=— · manos_feria_informe.json
[RANGO] XLMUSDT_LINEAL last=0.176 · río=WS · mercado=linear · estado=ACECHANDO · dir=— · 0=0.175 · Oz=— · Red=— · manos=ON · pos=flat · latido=1.50s
[RANGO] XLMUSDT_LINEAL last=0.1761 · río=WS · mercado=linear · estado=ACECHANDO · dir=— · 0=0.175 · Oz=— · Red=— · manos=ON · pos=flat · latido=1.50s
[RANGO] autosello XLM · ACECHANDO · Oz=0.0 link=— · manos_feria_informe.json
[RANGO] XLMUSDT_LINEAL last=0.1762 · río=WS · mercado=linear · estado=ACECHANDO · dir=— · 0=0.175 · Oz=— · Red=— · manos=ON · pos=flat · latido=1.50s
[RANGO] autosello XLM · ACECHANDO · Oz=0.0 link=— · manos_feria_informe.json
[RANGO] XLMUSDT_LINEAL last=0.1761 · río=WS · mercado=linear · estado=ACECHANDO · dir=— · 0=0.175 · Oz=— · Red=— · manos=ON · pos=flat · latido=1.50s
[RANGO] XLMUSDT_LINEAL last=0.176 · río=WS · mercado=linear · estado=ACECHANDO · dir=— · 0=0.175 · Oz=— · Red=— · manos=ON · pos=flat · latido=1.50s
[RANGO] autosello XLM · ACECHANDO · Oz=0.0 link=— · manos_feria_informe.json
[RANGO] XLMUSDT_LINEAL last=0.176 · río=WS · mercado=linear · estado=ACECHANDO · dir=— · 0=0.175 · Oz=— · Red=— · manos=ON · pos=flat · latido=1.50s
[RANGO] autosello XLM · ACECHANDO · Oz=0.0 link=— · manos_feria_informe.json
[RANGO] XLMUSDT_LINEAL last=0.1759 · río=WS · mercado=linear · estado=ACECHANDO · dir=— · 0=0.175 · Oz=— · Red=— · manos=ON · pos=flat · latido=1.50s
[RANGO] XLMUSDT_LINEAL last=0.176 · río=WS · mercado=linear · estado=ACECHANDO · dir=— · 0=0.175 · Oz=— · Red=— · manos=ON · pos=flat · latido=1.50s
[RANGO] autosello XLM · ACECHANDO · Oz=0.0 link=— · manos_feria_informe.json
[RANGO] XLMUSDT_LINEAL last=0.176 · río=WS · mercado=linear · estado=ACECHANDO · dir=— · 0=0.175 · Oz=— · Red=— · manos=ON · pos=flat · latido=1.50s
[RANGO] XLMUSDT_LINEAL last=0.17603 · río=WS · mercado=linear · estado=ACECHANDO · dir=— · 0=0.175 · Oz=— · Red=— · manos=ON · pos=flat · latido=1.50s
[RANGO] autosello XLM · ACECHANDO · Oz=0.0 link=— · manos_feria_informe.json
[RANGO] XLMUSDT_LINEAL last=0.176 · río=WS · mercado=linear · estado=ACECHANDO · dir=— · 0=0.175 · Oz=— · Red=— · manos=ON · pos=flat · latido=1.50s
[RANGO] autosello XLM · ACECHANDO · Oz=0.0 link=— · manos_feria_informe.json
[RANGO] XLMUSDT_LINEAL last=0.176 · río=WS · mercado=linear · estado=ACECHANDO · dir=— · 0=0.175 · Oz=— · Red=— · manos=ON · pos=flat · latido=1.50s
[RANGO] autosello XLM · ACECHANDO · Oz=0.0 link=— · manos_feria_informe.json
[RANGO] XLMUSDT_LINEAL last=0.176 · río=WS · mercado=linear · estado=ACECHANDO · dir=— · 0=0.175 · Oz=— · Red=— · manos=ON · pos=flat · latido=1.50s
[RANGO] XLMUSDT_LINEAL last=0.176 · río=WS · mercado=linear · estado=ACECHANDO · dir=— · 0=0.175 · Oz=— · Red=— · manos=ON · pos=flat · latido=1.50s
[RANGO] autosello XLM · ACECHANDO · Oz=0.0 link=— · manos_feria_informe.json
[RANGO] XLMUSDT_LINEAL last=0.176 · río=WS · mercado=linear · estado=ACECHANDO · dir=— · 0=0.175 · Oz=— · Red=— · manos=ON · pos=flat · latido=1.50s
[RANGO] autosello XLM · ACECHANDO · Oz=0.0 link=— · manos_feria_informe.json
[RANGO] XLMUSDT_LINEAL last=0.176 · río=WS · mercado=linear · estado=ACECHANDO · dir=— · 0=0.175 · Oz=— · Red=— · manos=ON · pos=flat · latido=1.50s
[2026-08-31 10:34:41] [TUSK] RECONCILIACIÓN: FWDIUSDT_LINEAL: interno L:0.000000/S:6.900000 -> real L:0.000000/S:6.000000
[2026-08-31 10:34:41] [TUSK] RECONCILIACIÓN: CHIPUSDT_LINEAL: interno L:390.000000/S:0.000000 -> real L:520.000000/S:0.000000
[2026-08-31 10:34:41] [TUSK] RECONCILIACIÓN: KNCUSDT_LINEAL: interno L:0.000000/S:0.000000 -> real L:354.100000/S:0.000000
[2026-08-31 10:34:41] [TUSK] RECONCILIACIÓN_FANTASMA: NILUSDT_LINEAL existe interno pero no en exchange -> reseteando
[2026-08-31 10:34:41] [TUSK] RECONCILIACIÓN_OK: 4 frentes alineados con exchange
[RANGO] XLMUSDT_LINEAL last=0.176 · río=WS · mercado=linear · estado=ACECHANDO · dir=— · 0=0.175 · Oz=— · Red=— · manos=ON · pos=flat · latido=1.50s
[RANGO] autosello XLM · ACECHANDO · Oz=0.0 link=— · manos_feria_informe.json
[RANGO] XLMUSDT_LINEAL last=0.176 · río=WS · mercado=linear · estado=ACECHANDO · dir=— · 0=0.175 · Oz=— · Red=— · manos=ON · pos=flat · latido=1.50s
[RANGO] autosello XLM · ACECHANDO · Oz=0.0 link=— · manos_feria_informe.json
[RANGO] XLMUSDT_LINEAL last=0.1761 · río=WS · mercado=linear · estado=ACECHANDO · dir=— · 0=0.175 · Oz=— · Red=— · manos=ON · pos=flat · latido=1.50s
[RANGO] XLMUSDT_LINEAL last=0.176 · río=WS · mercado=linear · estado=ACECHANDO · dir=— · 0=0.175 · Oz=— · Red=— · manos=ON · pos=flat · latido=1.50s
[RANGO] autosello XLM · ACECHANDO · Oz=0.0 link=— · manos_feria_informe.json
[RANGO] XLMUSDT_LINEAL last=0.17613 · río=WS · mercado=linear · estado=ACECHANDO · dir=— · 0=0.175 · Oz=— · Red=— · manos=ON · pos=flat · latido=1.50s
[RANGO] autosello XLM · ACECHANDO · Oz=0.0 link=— · manos_feria_informe.json
[RANGO] XLMUSDT_LINEAL last=0.1763 · río=WS · mercado=linear · estado=ACECHANDO · dir=— · 0=0.175 · Oz=— · Red=— · manos=ON · pos=flat · latido=1.50s
[RANGO] XLMUSDT_LINEAL last=0.1761 · río=WS · mercado=linear · estado=ACECHANDO · dir=— · 0=0.175 · Oz=— · Red=— · manos=ON · pos=flat · latido=1.50s
[RANGO] autosello XLM · ACECHANDO · Oz=0.0 link=— · manos_feria_informe.json
[RANGO] XLMUSDT_LINEAL last=0.1761 · río=WS · mercado=linear · estado=ACECHANDO · dir=— · 0=0.175 · Oz=— · Red=— · manos=ON · pos=flat · latido=1.50s
[RANGO] autosello XLM · ACECHANDO · Oz=0.0 link=— · manos_feria_informe.json
[RANGO] XLMUSDT_LINEAL last=0.1762 · río=WS · mercado=linear · estado=ACECHANDO · dir=— · 0=0.175 · Oz=— · Red=— · manos=ON · pos=flat · latido=1.50s
[RANGO] XLMUSDT_LINEAL last=0.1764 · río=WS · mercado=linear · estado=ACECHANDO · dir=— · 0=0.175 · Oz=— · Red=— · manos=ON · pos=flat · latido=1.50s
[RANGO] autosello XLM · ACECHANDO · Oz=0.0 link=— · manos_feria_informe.json
[RANGO] XLMUSDT_LINEAL last=0.1763 · río=WS · mercado=linear · estado=ACECHANDO · dir=— · 0=0.175 · Oz=— · Red=— · manos=ON · pos=flat · latido=1.50s
[RANGO] autosello XLM · ACECHANDO · Oz=0.0 link=— · manos_feria_informe.json
[RANGO] XLMUSDT_LINEAL last=0.1763 · río=WS · mercado=linear · estado=ACECHANDO · dir=— · 0=0.175 · Oz=— · Red=— · manos=ON · pos=flat · latido=1.50s
[RANGO] XLMUSDT_LINEAL last=0.1764 · río=WS · mercado=linear · estado=ACECHANDO · dir=— · 0=0.175 · Oz=— · Red=— · manos=ON · pos=flat · latido=1.50s
[RANGO] autosello XLM · ACECHANDO · Oz=0.0 link=— · manos_feria_informe.json
[RANGO] XLMUSDT_LINEAL last=0.1763 · río=WS · mercado=linear · estado=ACECHANDO · dir=— · 0=0.175 · Oz=— · Red=— · manos=ON · pos=flat · latido=1.50s
[RANGO] autosello XLM · ACECHANDO · Oz=0.0 link=— · manos_feria_informe.json
[RANGO] XLMUSDT_LINEAL last=0.1764 · río=WS · mercado=linear · estado=ACECHANDO · dir=— · 0=0.175 · Oz=— · Red=— · manos=ON · pos=flat · latido=1.50s
[RANGO] XLMUSDT_LINEAL last=0.17634 · río=WS · mercado=linear · estado=ACECHANDO · dir=— · 0=0.175 · Oz=— · Red=— · manos=ON · pos=flat · latido=1.50s
[RANGO] autosello XLM · ACECHANDO · Oz=0.0 link=— · manos_feria_informe.json
[RANGO] XLMUSDT_LINEAL last=0.1763 · río=WS · mercado=linear · estado=ACECHANDO · dir=— · 0=0.175 · Oz=— · Red=— · manos=ON · pos=flat · latido=1.50s
[RANGO] autosello XLM · ACECHANDO · Oz=0.0 link=— · manos_feria_informe.json
[RANGO] XLMUSDT_LINEAL last=0.1762 · río=WS · mercado=linear · estado=ACECHANDO · dir=— · 0=0.175 · Oz=— · Red=— · manos=ON · pos=flat · latido=1.50s
[RANGO] XLMUSDT_LINEAL last=0.1763 · río=WS · mercado=linear · estado=ACECHANDO · dir=— · 0=0.175 · Oz=— · Red=— · manos=ON · pos=flat · latido=1.50s
[RANGO] autosello XLM · ACECHANDO · Oz=0.0 link=— · manos_feria_informe.json
[RANGO] XLMUSDT_LINEAL last=0.1762 · río=WS · mercado=linear · estado=ACECHANDO · dir=— · 0=0.175 · Oz=— · Red=— · manos=ON · pos=flat · latido=1.50s
[RANGO] autosello XLM · ACECHANDO · Oz=0.0 link=— · manos_feria_informe.json
[RANGO] XLMUSDT_LINEAL last=0.1763 · río=WS · mercado=linear · estado=ACECHANDO · dir=— · 0=0.175 · Oz=— · Red=— · manos=ON · pos=flat · latido=1.50s
[RANGO] XLMUSDT_LINEAL last=0.1764 · río=WS · mercado=linear · estado=ACECHANDO · dir=— · 0=0.175 · Oz=— · Red=— · manos=ON · pos=flat · latido=1.50s
[RANGO] autosello XLM · ACECHANDO · Oz=0.0 link=— · manos_feria_informe.json
[RANGO] XLMUSDT_LINEAL last=0.1764 · río=WS · mercado=linear · estado=ACECHANDO · dir=— · 0=0.175 · Oz=— · Red=— · manos=ON · pos=flat · latido=1.50s
[RANGO] autosello XLM · ACECHANDO · Oz=0.0 link=— · manos_feria_informe.json
[RANGO] XLMUSDT_LINEAL last=0.1763 · río=WS · mercado=linear · estado=ACECHANDO · dir=— · 0=0.175 · Oz=— · Red=— · manos=ON · pos=flat · latido=1.50s
[2026-08-31 10:38:46] [TUSK] RECONCILIACIÓN: POWERUSDT_LINEAL: interno L:0.000000/S:249.000000 -> real L:0.000000/S:190.000000
[2026-08-31 10:38:46] [TUSK] RECONCILIACIÓN_OK: 1 frentes alineados con exchange
[RANGO] XLMUSDT_LINEAL last=0.17635 · río=WS · mercado=linear · estado=ACECHANDO · dir=— · 0=0.175 · Oz=— · Red=— · manos=ON · pos=flat · latido=1.50s
[RANGO] autosello XLM · ACECHANDO · Oz=0.0 link=— · manos_feria_informe.json
[RANGO] XLMUSDT_LINEAL last=0.1764 · río=WS · mercado=linear · estado=ACECHANDO · dir=— · 0=0.175 · Oz=— · Red=— · manos=ON · pos=flat · latido=1.50s
[RANGO] autosello XLM · ACECHANDO · Oz=0.0 link=— · manos_feria_informe.json
[RANGO] XLMUSDT_LINEAL last=0.1763 · río=WS · mercado=linear · estado=ACECHANDO · dir=— · 0=0.175 · Oz=— · Red=— · manos=ON · pos=flat · latido=1.50s
[RANGO] XLMUSDT_LINEAL last=0.17633 · río=WS · mercado=linear · estado=ACECHANDO · dir=— · 0=0.175 · Oz=— · Red=— · manos=ON · pos=flat · latido=1.50s
[RANGO] autosello XLM · ACECHANDO · Oz=0.0 link=— · manos_feria_informe.json
[RANGO] XLMUSDT_LINEAL last=0.1763 · río=WS · mercado=linear · estado=ACECHANDO · dir=— · 0=0.175 · Oz=— · Red=— · manos=ON · pos=flat · latido=1.50s
[RANGO] autosello XLM · ACECHANDO · Oz=0.0 link=— · manos_feria_informe.json
[RANGO] XLMUSDT_LINEAL last=0.1763 · río=WS · mercado=linear · estado=ACECHANDO · dir=— · 0=0.175 · Oz=— · Red=— · manos=ON · pos=flat · latido=1.50s
[2026-08-31 10:39:47] [TUSK] RECONCILIACIÓN: AEHRUSDT_LINEAL: interno L:0.000000/S:0.000000 -> real L:0.300000/S:0.000000
[2026-08-31 10:39:47] [TUSK] RECONCILIACIÓN_FANTASMA: NBISUSDT_LINEAL existe interno pero no en exchange -> reseteando
[2026-08-31 10:39:47] [TUSK] RECONCILIACIÓN_OK: 2 frentes alineados con exchange
[RANGO] XLMUSDT_LINEAL last=0.1764 · río=WS · mercado=linear · estado=ACECHANDO · dir=— · 0=0.175 · Oz=— · Red=— · manos=ON · pos=flat · latido=1.50s
[RANGO] autosello XLM · ACECHANDO · Oz=0.0 link=— · manos_feria_informe.json
[RANGO] XLMUSDT_LINEAL last=0.1763 · río=WS · mercado=linear · estado=ACECHANDO · dir=— · 0=0.175 · Oz=— · Red=— · manos=ON · pos=flat · latido=1.50s
[RANGO] autosello XLM · ACECHANDO · Oz=0.0 link=— · manos_feria_informe.json
[RANGO] XLMUSDT_LINEAL last=0.1763 · río=WS · mercado=linear · estado=ACECHANDO · dir=— · 0=0.175 · Oz=— · Red=— · manos=ON · pos=flat · latido=1.50s
[RANGO] XLMUSDT_LINEAL last=0.17635 · río=WS · mercado=linear · estado=ACECHANDO · dir=— · 0=0.175 · Oz=— · Red=— · manos=ON · pos=flat · latido=1.50s
[RANGO] autosello XLM · ACECHANDO · Oz=0.0 link=— · manos_feria_informe.json
[RANGO] XLMUSDT_LINEAL last=0.1762 · río=WS · mercado=linear · estado=ACECHANDO · dir=— · 0=0.175 · Oz=— · Red=— · manos=ON · pos=flat · latido=1.50s
[RANGO] autosello XLM · ACECHANDO · Oz=0.0 link=— · manos_feria_informe.json
[RANGO] XLMUSDT_LINEAL last=0.17633 · río=WS · mercado=linear · estado=ACECHANDO · dir=— · 0=0.175 · Oz=— · Red=— · manos=ON · pos=flat · latido=1.50s
[2026-08-31 10:40:48] [TUSK] RECONCILIACIÓN: DASHUSDT_LINEAL: interno L:0.000000/S:0.570000 -> real L:0.000000/S:0.680000
[2026-08-31 10:40:48] [TUSK] RECONCILIACIÓN: ROSEUSDT_LINEAL: interno L:0.000000/S:0.000000 -> real L:0.000000/S:3056.000000
[2026-08-31 10:40:48] [TUSK] RECONCILIACIÓN_FANTASMA: AXTIUSDT_LINEAL existe interno pero no en exchange -> reseteando
[2026-08-31 10:40:48] [TUSK] RECONCILIACIÓN_OK: 3 frentes alineados con exchange
[RANGO] XLMUSDT_LINEAL last=0.1764 · río=WS · mercado=linear · estado=ACECHANDO · dir=— · 0=0.175 · Oz=— · Red=— · manos=ON · pos=flat · latido=1.50s
[RANGO] autosello XLM · ACECHANDO · Oz=0.0 link=— · manos_feria_informe.json
[RANGO] XLMUSDT_LINEAL last=0.1764 · río=WS · mercado=linear · estado=ACECHANDO · dir=— · 0=0.175 · Oz=— · Red=— · manos=ON · pos=flat · latido=1.50s
[RANGO] autosello XLM · ACECHANDO · Oz=0.0 link=— · manos_feria_informe.json
[RANGO] XLMUSDT_LINEAL last=0.1765 · río=WS · mercado=linear · estado=ACECHANDO · dir=— · 0=0.175 · Oz=— · Red=— · manos=ON · pos=flat · latido=1.50s
[RANGO] XLMUSDT_LINEAL last=0.1765 · río=WS · mercado=linear · estado=ACECHANDO · dir=— · 0=0.175 · Oz=— · Red=— · manos=ON · pos=flat · latido=1.50s
[RANGO] autosello XLM · ACECHANDO · Oz=0.0 link=— · manos_feria_informe.json
[RANGO] XLMUSDT_LINEAL last=0.1766 · río=WS · mercado=linear · estado=ACECHANDO · dir=— · 0=0.175 · Oz=— · Red=— · manos=ON · pos=flat · latido=1.50s
[RANGO] autosello XLM · ACECHANDO · Oz=0.0 link=— · manos_feria_informe.json
[RANGO] XLMUSDT_LINEAL last=0.1766 · río=WS · mercado=linear · estado=ACECHANDO · dir=— · 0=0.175 · Oz=— · Red=— · manos=ON · pos=flat · latido=1.50s
[RANGO] XLMUSDT_LINEAL last=0.1764 · río=WS · mercado=linear · estado=ACECHANDO · dir=— · 0=0.175 · Oz=— · Red=— · manos=ON · pos=flat · latido=1.50s
[2026-08-31 10:41:49] [TUSK] RECONCILIACIÓN: XANUSDT_LINEAL: interno L:0.000000/S:171.000000 -> real L:203.000000/S:0.000000
[2026-08-31 10:41:49] [TUSK] RECONCILIACIÓN_OK: 1 frentes alineados con exchange
[RANGO] autosello XLM · ACECHANDO · Oz=0.0 link=— · manos_feria_informe.json
[RANGO] XLMUSDT_LINEAL last=0.1766 · río=WS · mercado=linear · estado=ACECHANDO · dir=— · 0=0.175 · Oz=— · Red=— · manos=ON · pos=flat · latido=1.50s
[RANGO] autosello XLM · ACECHANDO · Oz=0.0 link=— · manos_feria_informe.json
[RANGO] XLMUSDT_LINEAL last=0.1765 · río=WS · mercado=linear · estado=ACECHANDO · dir=— · 0=0.175 · Oz=— · Red=— · manos=ON · pos=flat · latido=1.50s
[RANGO] XLMUSDT_LINEAL last=0.1767 · río=WS · mercado=linear · estado=ACECHANDO · dir=— · 0=0.175 · Oz=— · Red=— · manos=ON · pos=flat · latido=1.50s
[RANGO] autosello XLM · ACECHANDO · Oz=0.0 link=— · manos_feria_informe.json
[RANGO] XLMUSDT_LINEAL last=0.1766 · río=WS · mercado=linear · estado=ACECHANDO · dir=— · 0=0.175 · Oz=— · Red=— · manos=ON · pos=flat · latido=1.50s
[RANGO] autosello XLM · ACECHANDO · Oz=0.0 link=— · manos_feria_informe.json
[RANGO] XLMUSDT_LINEAL last=0.1767 · río=WS · mercado=linear · estado=ACECHANDO · dir=— · 0=0.175 · Oz=— · Red=— · manos=ON · pos=flat · latido=1.50s
[RANGO] XLMUSDT_LINEAL last=0.1767 · río=WS · mercado=linear · estado=ACECHANDO · dir=— · 0=0.175 · Oz=— · Red=— · manos=ON · pos=flat · latido=1.50s
[RANGO] autosello XLM · ACECHANDO · Oz=0.0 link=— · manos_feria_informe.json
[RANGO] XLMUSDT_LINEAL last=0.1765 · río=WS · mercado=linear · estado=ACECHANDO · dir=— · 0=0.175 · Oz=— · Red=— · manos=ON · pos=flat · latido=1.50s
[RANGO] autosello XLM · ACECHANDO · Oz=0.0 link=— · manos_feria_informe.json
[RANGO] XLMUSDT_LINEAL last=0.1766 · río=WS · mercado=linear · estado=ACECHANDO · dir=— · 0=0.175 · Oz=— · Red=— · manos=ON · pos=flat · latido=1.50s
[RANGO] XLMUSDT_LINEAL last=0.1766 · río=WS · mercado=linear · estado=ACECHANDO · dir=— · 0=0.175 · Oz=— · Red=— · manos=ON · pos=flat · latido=1.50s
[RANGO] autosello XLM · ACECHANDO · Oz=0.0 link=— · manos_feria_informe.json
[RANGO] XLMUSDT_LINEAL last=0.1765 · río=WS · mercado=linear · estado=ACECHANDO · dir=— · 0=0.175 · Oz=— · Red=— · manos=ON · pos=flat · latido=1.50s
[RANGO] autosello XLM · ACECHANDO · Oz=0.0 link=— · manos_feria_informe.json
[RANGO] XLMUSDT_LINEAL last=0.1766 · río=WS · mercado=linear · estado=ACECHANDO · dir=— · 0=0.175 · Oz=— · Red=— · manos=ON · pos=flat · latido=1.50s
[RANGO] XLMUSDT_LINEAL last=0.1767 · río=WS · mercado=linear · estado=ACECHANDO · dir=— · 0=0.175 · Oz=— · Red=— · manos=ON · pos=flat · latido=1.50s
[2026-08-31 10:43:51] [TUSK] RECONCILIACIÓN: PURRUSDT_LINEAL: interno L:0.000000/S:0.000000 -> real L:3.800000/S:0.000000
[2026-08-31 10:43:51] [TUSK] RECONCILIACIÓN: TWTUSDT_LINEAL: interno L:38.700000/S:0.000000 -> real L:26.800000/S:0.000000
[2026-08-31 10:43:51] [TUSK] RECONCILIACIÓN_FANTASMA: VVVUSDT_LINEAL existe interno pero no en exchange -> reseteando
[2026-08-31 10:43:51] [TUSK] RECONCILIACIÓN_OK: 3 frentes alineados con exchange
[RANGO] autosello XLM · ACECHANDO · Oz=0.0 link=— · manos_feria_informe.json
[RANGO] XLMUSDT_LINEAL last=0.1767 · río=WS · mercado=linear · estado=ACECHANDO · dir=— · 0=0.175 · Oz=— · Red=— · manos=ON · pos=flat · latido=1.50s
[RANGO] autosello XLM · ACECHANDO · Oz=0.0 link=— · manos_feria_informe.json
[RANGO] XLMUSDT_LINEAL last=0.1767 · río=WS · mercado=linear · estado=ACECHANDO · dir=— · 0=0.175 · Oz=— · Red=— · manos=ON · pos=flat · latido=1.50s
[RANGO] XLMUSDT_LINEAL last=0.177 · río=WS · mercado=linear · estado=ACECHANDO · dir=— · 0=0.175 · Oz=— · Red=— · manos=ON · pos=flat · latido=1.50s
[RANGO] autosello XLM · ACECHANDO · Oz=0.0 link=— · manos_feria_informe.json
[RANGO] XLMUSDT_LINEAL last=0.177 · río=WS · mercado=linear · estado=ACECHANDO · dir=— · 0=0.175 · Oz=— · Red=— · manos=ON · pos=flat · latido=1.50s
[RANGO] autosello XLM · ACECHANDO · Oz=0.0 link=— · manos_feria_informe.json
[RANGO] XLMUSDT_LINEAL last=0.177 · río=WS · mercado=linear · estado=ACECHANDO · dir=— · 0=0.175 · Oz=— · Red=— · manos=ON · pos=flat · latido=1.50s
[RANGO] XLMUSDT_LINEAL last=0.1769 · río=WS · mercado=linear · estado=ACECHANDO · dir=— · 0=0.175 · Oz=— · Red=— · manos=ON · pos=flat · latido=1.50s
[2026-08-31 10:44:52] [TUSK] RECONCILIACIÓN: PURRUSDT_LINEAL: interno L:3.800000/S:0.000000 -> real L:2.500000/S:0.000000
[2026-08-31 10:44:52] [TUSK] RECONCILIACIÓN: BMNRUSDT_LINEAL: interno L:0.000000/S:0.000000 -> real L:2.100000/S:0.000000
[2026-08-31 10:44:52] [TUSK] RECONCILIACIÓN: CRCLUSDT_LINEAL: interno L:0.290000/S:0.000000 -> real L:0.230000/S:0.000000
[2026-08-31 10:44:52] [TUSK] RECONCILIACIÓN: HYPEUSDT_LINEAL: interno L:0.000000/S:0.000000 -> real L:0.000000/S:0.340000
[2026-08-31 10:44:52] [TUSK] RECONCILIACIÓN: HYPEUSD_INVERSE: interno L:291.000000/S:0.000000 -> real L:146.000000/S:0.000000
[2026-08-31 10:44:52] [TUSK] RECONCILIACIÓN_FANTASMA: TSLLUSDT_LINEAL existe interno pero no en exchange -> reseteando
[2026-08-31 10:44:52] [TUSK] RECONCILIACIÓN_FANTASMA: ZEREBROUSDT_LINEAL existe interno pero no en exchange -> reseteando
[2026-08-31 10:44:52] [TUSK] RECONCILIACIÓN_OK: 7 frentes alineados con exchange
[RANGO] autosello XLM · ACECHANDO · Oz=0.0 link=— · manos_feria_informe.json
[RANGO] XLMUSDT_LINEAL last=0.1769 · río=WS · mercado=linear · estado=ACECHANDO · dir=— · 0=0.175 · Oz=— · Red=— · manos=ON · pos=flat · latido=1.50s
[RANGO] autosello XLM · ACECHANDO · Oz=0.0 link=— · manos_feria_informe.json
[RANGO] XLMUSDT_LINEAL last=0.1771 · río=WS · mercado=linear · estado=ACECHANDO · dir=— · 0=0.175 · Oz=— · Red=— · manos=ON · pos=flat · latido=1.50s
[RANGO] XLMUSDT_LINEAL last=0.1771 · río=WS · mercado=linear · estado=ACECHANDO · dir=— · 0=0.175 · Oz=— · Red=— · manos=ON · pos=flat · latido=1.50s
[RANGO] autosello XLM · ACECHANDO · Oz=0.0 link=— · manos_feria_informe.json
[RANGO] XLMUSDT_LINEAL last=0.177 · río=WS · mercado=linear · estado=ACECHANDO · dir=— · 0=0.175 · Oz=— · Red=— · manos=ON · pos=flat · latido=1.50s
[RANGO] autosello XLM · ACECHANDO · Oz=0.0 link=— · manos_feria_informe.json
[RANGO] XLMUSDT_LINEAL last=0.1771 · río=WS · mercado=linear · estado=ACECHANDO · dir=— · 0=0.175 · Oz=— · Red=— · manos=ON · pos=flat · latido=1.50s
[RANGO] XLMUSDT_LINEAL last=0.1771 · río=WS · mercado=linear · estado=ACECHANDO · dir=— · 0=0.175 · Oz=— · Red=— · manos=ON · pos=flat · latido=1.50s
[2026-08-31 10:45:53] [TUSK] RECONCILIACIÓN: PURRUSDT_LINEAL: interno L:2.500000/S:0.000000 -> real L:3.000000/S:0.000000
[2026-08-31 10:45:53] [TUSK] RECONCILIACIÓN: LITUSDT_LINEAL: interno L:0.000000/S:0.000000 -> real L:0.000000/S:25.000000
[2026-08-31 10:45:53] [TUSK] RECONCILIACIÓN: HYPEUSDT_LINEAL: interno L:0.000000/S:0.340000 -> real L:0.000000/S:0.400000
[2026-08-31 10:45:53] [TUSK] RECONCILIACIÓN: HYPEUSD_INVERSE: interno L:146.000000/S:0.000000 -> real L:73.000000/S:0.000000
[2026-08-31 10:45:53] [TUSK] RECONCILIACIÓN_FANTASMA: SNXXUSDT_LINEAL existe interno pero no en exchange -> reseteando
[2026-08-31 10:45:53] [TUSK] RECONCILIACIÓN_OK: 5 frentes alineados con exchange
[RANGO] autosello XLM · ACECHANDO · Oz=0.0 link=— · manos_feria_informe.json
[RANGO] XLMUSDT_LINEAL last=0.177 · río=WS · mercado=linear · estado=ACECHANDO · dir=— · 0=0.175 · Oz=— · Red=— · manos=ON · pos=flat · latido=1.50s
[RANGO] autosello XLM · ACECHANDO · Oz=0.0 link=— · manos_feria_informe.json
[RANGO] XLMUSDT_LINEAL last=0.17682 · río=WS · mercado=linear · estado=ACECHANDO · dir=— · 0=0.175 · Oz=— · Red=— · manos=ON · pos=flat · latido=1.50s
[RANGO] XLMUSDT_LINEAL last=0.1768 · río=WS · mercado=linear · estado=ACECHANDO · dir=— · 0=0.175 · Oz=— · Red=— · manos=ON · pos=flat · latido=1.50s
[RANGO] autosello XLM · ACECHANDO · Oz=0.0 link=— · manos_feria_informe.json
[RANGO] XLMUSDT_LINEAL last=0.1767 · río=WS · mercado=linear · estado=ACECHANDO · dir=— · 0=0.175 · Oz=— · Red=— · manos=ON · pos=flat · latido=1.50s
[RANGO] autosello XLM · ACECHANDO · Oz=0.0 link=— · manos_feria_informe.json
[RANGO] XLMUSDT_LINEAL last=0.1766 · río=WS · mercado=linear · estado=ACECHANDO · dir=— · 0=0.175 · Oz=— · Red=— · manos=ON · pos=flat · latido=1.50s
[RANGO] XLMUSDT_LINEAL last=0.17675 · río=WS · mercado=linear · estado=ACECHANDO · dir=— · 0=0.175 · Oz=— · Red=— · manos=ON · pos=flat · latido=1.50s
[RANGO] autosello XLM · ACECHANDO · Oz=0.0 link=— · manos_feria_informe.json
[2026-08-31 10:46:55] [TUSK] RECONCILIACIÓN: PURRUSDT_LINEAL: interno L:3.000000/S:0.000000 -> real L:3.700000/S:0.000000
[2026-08-31 10:46:55] [TUSK] RECONCILIACIÓN: BLUAIUSDT_LINEAL: interno L:1590.000000/S:0.000000 -> real L:1180.000000/S:0.000000
[2026-08-31 10:46:55] [TUSK] RECONCILIACIÓN_OK: 2 frentes alineados con exchange
[RANGO] XLMUSDT_LINEAL last=0.1768 · río=WS · mercado=linear · estado=ACECHANDO · dir=— · 0=0.175 · Oz=— · Red=— · manos=ON · pos=flat · latido=1.50s
[RANGO] autosello XLM · ACECHANDO · Oz=0.0 link=— · manos_feria_informe.json
[RANGO] XLMUSDT_LINEAL last=0.1768 · río=WS · mercado=linear · estado=ACECHANDO · dir=— · 0=0.175 · Oz=— · Red=— · manos=ON · pos=flat · latido=1.50s
[RANGO] XLMUSDT_LINEAL last=0.1769 · río=WS · mercado=linear · estado=ACECHANDO · dir=— · 0=0.175 · Oz=— · Red=— · manos=ON · pos=flat · latido=1.50s
[RANGO] autosello XLM · ACECHANDO · Oz=0.0 link=— · manos_feria_informe.json
[RANGO] XLMUSDT_LINEAL last=0.177 · río=WS · mercado=linear · estado=ACECHANDO · dir=— · 0=0.175 · Oz=— · Red=— · manos=ON · pos=flat · latido=1.50s
[RANGO] autosello XLM · ACECHANDO · Oz=0.0 link=— · manos_feria_informe.json
[RANGO] XLMUSDT_LINEAL last=0.177 · río=WS · mercado=linear · estado=ACECHANDO · dir=— · 0=0.175 · Oz=— · Red=— · manos=ON · pos=flat · latido=1.50s
[RANGO] XLMUSDT_LINEAL last=0.177 · río=WS · mercado=linear · estado=ACECHANDO · dir=— · 0=0.175 · Oz=— · Red=— · manos=ON · pos=flat · latido=1.50s
[RANGO] autosello XLM · ACECHANDO · Oz=0.0 link=— · manos_feria_informe.json
[2026-08-31 10:47:56] [TUSK] RECONCILIACIÓN: LITUSDT_LINEAL: interno L:0.000000/S:25.000000 -> real L:0.000000/S:26.900000
[2026-08-31 10:47:56] [TUSK] RECONCILIACIÓN_OK: 1 frentes alineados con exchange
[RANGO] XLMUSDT_LINEAL last=0.1771 · río=WS · mercado=linear · estado=ACECHANDO · dir=— · 0=0.175 · Oz=— · Red=— · manos=ON · pos=flat · latido=1.50s
[RANGO] autosello XLM · ACECHANDO · Oz=0.0 link=— · manos_feria_informe.json
[RANGO] XLMUSDT_LINEAL last=0.177 · río=WS · mercado=linear · estado=ACECHANDO · dir=— · 0=0.175 · Oz=— · Red=— · manos=ON · pos=flat · latido=1.50s
[RANGO] XLMUSDT_LINEAL last=0.177 · río=WS · mercado=linear · estado=ACECHANDO · dir=— · 0=0.175 · Oz=— · Red=— · manos=ON · pos=flat · latido=1.50s
[RANGO] autosello XLM · ACECHANDO · Oz=0.0 link=— · manos_feria_informe.json
[RANGO] XLMUSDT_LINEAL last=0.1771 · río=WS · mercado=linear · estado=ACECHANDO · dir=— · 0=0.175 · Oz=— · Red=— · manos=ON · pos=flat · latido=1.50s
[RANGO] autosello XLM · ACECHANDO · Oz=0.0 link=— · manos_feria_informe.json
[RANGO] XLMUSDT_LINEAL last=0.1771 · río=WS · mercado=linear · estado=ACECHANDO · dir=— · 0=0.175 · Oz=— · Red=— · manos=ON · pos=flat · latido=1.50s
[RANGO] XLMUSDT_LINEAL last=0.177 · río=WS · mercado=linear · estado=ACECHANDO · dir=— · 0=0.175 · Oz=— · Red=— · manos=ON · pos=flat · latido=1.50s
[RANGO] autosello XLM · ACECHANDO · Oz=0.0 link=— · manos_feria_informe.json
[2026-08-31 10:48:57] [TUSK] RECONCILIACIÓN: DASHUSDT_LINEAL: interno L:0.000000/S:0.680000 -> real L:0.000000/S:0.810000
[2026-08-31 10:48:57] [TUSK] RECONCILIACIÓN: PURRUSDT_LINEAL: interno L:3.700000/S:0.000000 -> real L:3.200000/S:0.000000
[2026-08-31 10:48:57] [TUSK] RECONCILIACIÓN_OK: 2 frentes alineados con exchange
[RANGO] XLMUSDT_LINEAL last=0.1771 · río=WS · mercado=linear · estado=ACECHANDO · dir=— · 0=0.175 · Oz=— · Red=— · manos=ON · pos=flat · latido=1.50s
[RANGO] autosello XLM · ACECHANDO · Oz=0.0 link=— · manos_feria_informe.json
[RANGO] XLMUSDT_LINEAL last=0.1771 · río=WS · mercado=linear · estado=ACECHANDO · dir=— · 0=0.175 · Oz=— · Red=— · manos=ON · pos=flat · latido=1.50s
[RANGO] XLMUSDT_LINEAL last=0.177 · río=WS · mercado=linear · estado=ACECHANDO · dir=— · 0=0.175 · Oz=— · Red=— · manos=ON · pos=flat · latido=1.50s
[RANGO] autosello XLM · ACECHANDO · Oz=0.0 link=— · manos_feria_informe.json
[RANGO] XLMUSDT_LINEAL last=0.1771 · río=WS · mercado=linear · estado=ACECHANDO · dir=— · 0=0.175 · Oz=— · Red=— · manos=ON · pos=flat · latido=1.50s
[RANGO] autosello XLM · ACECHANDO · Oz=0.0 link=— · manos_feria_informe.json
[RANGO] XLMUSDT_LINEAL last=0.1771 · río=WS · mercado=linear · estado=ACECHANDO · dir=— · 0=0.175 · Oz=— · Red=— · manos=ON · pos=flat · latido=1.50s
[RANGO] XLMUSDT_LINEAL last=0.1771 · río=WS · mercado=linear · estado=ACECHANDO · dir=— · 0=0.175 · Oz=— · Red=— · manos=ON · pos=flat · latido=1.50s
[RANGO] autosello XLM · ACECHANDO · Oz=0.0 link=— · manos_feria_informe.json
[2026-08-31 10:49:58] [TUSK] RECONCILIACIÓN: LITUSDT_LINEAL: interno L:0.000000/S:26.900000 -> real L:0.000000/S:25.500000
[2026-08-31 10:49:58] [TUSK] RECONCILIACIÓN: PURRUSDT_LINEAL: interno L:3.200000/S:0.000000 -> real L:3.700000/S:0.000000
[2026-08-31 10:49:58] [TUSK] RECONCILIACIÓN: MORPHOUSDT_LINEAL: interno L:0.000000/S:0.000000 -> real L:23.000000/S:0.000000
[2026-08-31 10:49:58] [TUSK] RECONCILIACIÓN: ETHUSD_INVERSE: interno L:190.000000/S:0.000000 -> real L:95.000000/S:0.000000
[2026-08-31 10:49:58] [TUSK] RECONCILIACIÓN_FANTASMA: UNIUSDT_LINEAL existe interno pero no en exchange -> reseteando
[2026-08-31 10:49:58] [TUSK] RECONCILIACIÓN_OK: 5 frentes alineados con exchange
[RANGO] XLMUSDT_LINEAL last=0.1771 · río=ciego/muleta · mercado=linear · estado=ACECHANDO · dir=— · 0=0.175 · Oz=— · Red=— · manos=ON · pos=flat · latido=1.50s
[RANGO] autosello XLM · ACECHANDO · Oz=0.0 link=— · manos_feria_informe.json
[RANGO] XLMUSDT_LINEAL last=0.177 · río=WS · mercado=linear · estado=ACECHANDO · dir=— · 0=0.175 · Oz=— · Red=— · manos=ON · pos=flat · latido=1.50s
[RANGO] XLMUSDT_LINEAL last=0.177 · río=WS · mercado=linear · estado=ACECHANDO · dir=— · 0=0.175 · Oz=— · Red=— · manos=ON · pos=flat · latido=1.50s
[RANGO] autosello XLM · ACECHANDO · Oz=0.0 link=— · manos_feria_informe.json
[RANGO] XLMUSDT_LINEAL last=0.1771 · río=WS · mercado=linear · estado=ACECHANDO · dir=— · 0=0.175 · Oz=— · Red=— · manos=ON · pos=flat · latido=1.50s
[RANGO] autosello XLM · ACECHANDO · Oz=0.0 link=— · manos_feria_informe.json
[RANGO] XLMUSDT_LINEAL last=0.1772 · río=WS · mercado=linear · estado=ACECHANDO · dir=— · 0=0.175 · Oz=— · Red=— · manos=ON · pos=flat · latido=1.50s
[RANGO] XLMUSDT_LINEAL last=0.1771 · río=WS · mercado=linear · estado=ACECHANDO · dir=— · 0=0.175 · Oz=— · Red=— · manos=ON · pos=flat · latido=1.50s
[RANGO] autosello XLM · ACECHANDO · Oz=0.0 link=— · manos_feria_informe.json
[2026-08-31 10:50:59] [TUSK] RECONCILIACIÓN: MONUSDT_LINEAL: interno L:0.000000/S:0.000000 -> real L:5276.000000/S:0.000000
[2026-08-31 10:50:59] [TUSK] RECONCILIACIÓN: ASTSUSDT_LINEAL: interno L:0.000000/S:0.000000 -> real L:0.780000/S:0.000000
[2026-08-31 10:50:59] [TUSK] RECONCILIACIÓN_FANTASMA: OUSDT_LINEAL existe interno pero no en exchange -> reseteando
[2026-08-31 10:50:59] [TUSK] RECONCILIACIÓN_FANTASMA: STXXUSDT_LINEAL existe interno pero no en exchange -> reseteando
[2026-08-31 10:50:59] [TUSK] RECONCILIACIÓN_OK: 4 frentes alineados con exchange
[RANGO] XLMUSDT_LINEAL last=0.177 · río=WS · mercado=linear · estado=ACECHANDO · dir=— · 0=0.175 · Oz=— · Red=— · manos=ON · pos=flat · latido=1.50s
[RANGO] autosello XLM · ACECHANDO · Oz=0.0 link=— · manos_feria_informe.json
[RANGO] XLMUSDT_LINEAL last=0.1771 · río=WS · mercado=linear · estado=ACECHANDO · dir=— · 0=0.175 · Oz=— · Red=— · manos=ON · pos=flat · latido=1.50s
[RANGO] XLMUSDT_LINEAL last=0.1771 · río=WS · mercado=linear · estado=ACECHANDO · dir=— · 0=0.175 · Oz=— · Red=— · manos=ON · pos=flat · latido=1.50s
[RANGO] autosello XLM · ACECHANDO · Oz=0.0 link=— · manos_feria_informe.json
[RANGO] XLMUSDT_LINEAL last=0.1771 · río=WS · mercado=linear · estado=ACECHANDO · dir=— · 0=0.175 · Oz=— · Red=— · manos=ON · pos=flat · latido=1.50s
[RANGO] autosello XLM · ACECHANDO · Oz=0.0 link=— · manos_feria_informe.json
[RANGO] XLMUSDT_LINEAL last=0.1772 · río=WS · mercado=linear · estado=ACECHANDO · dir=— · 0=0.175 · Oz=— · Red=— · manos=ON · pos=flat · latido=1.50s
[RANGO] XLMUSDT_LINEAL last=0.1771 · río=WS · mercado=linear · estado=ACECHANDO · dir=— · 0=0.175 · Oz=— · Red=— · manos=ON · pos=flat · latido=1.50s
[RANGO] autosello XLM · ACECHANDO · Oz=0.0 link=— · manos_feria_informe.json
[RANGO] XLMUSDT_LINEAL last=0.177 · río=WS · mercado=linear · estado=ACECHANDO · dir=— · 0=0.175 · Oz=— · Red=— · manos=ON · pos=flat · latido=1.50s
[2026-08-31 10:52:00] [TUSK] RECONCILIACIÓN: ACUUSDT_LINEAL: interno L:0.000000/S:0.000000 -> real L:215.000000/S:0.000000
[2026-08-31 10:52:00] [TUSK] RECONCILIACIÓN_FANTASMA: PLTRUSDT_LINEAL existe interno pero no en exchange -> reseteando
[2026-08-31 10:52:00] [TUSK] RECONCILIACIÓN_OK: 2 frentes alineados con exchange
[RANGO] autosello XLM · ACECHANDO · Oz=0.0 link=— · manos_feria_informe.json
[RANGO] XLMUSDT_LINEAL last=0.1772 · río=WS · mercado=linear · estado=ACECHANDO · dir=— · 0=0.175 · Oz=— · Red=— · manos=ON · pos=flat · latido=1.50s
[RANGO] XLMUSDT_LINEAL last=0.1771 · río=WS · mercado=linear · estado=ACECHANDO · dir=— · 0=0.175 · Oz=— · Red=— · manos=ON · pos=flat · latido=1.50s
[RANGO] autosello XLM · ACECHANDO · Oz=0.0 link=— · manos_feria_informe.json
[RANGO] XLMUSDT_LINEAL last=0.1771 · río=WS · mercado=linear · estado=ACECHANDO · dir=— · 0=0.175 · Oz=— · Red=— · manos=ON · pos=flat · latido=1.50s
[RANGO] autosello XLM · ACECHANDO · Oz=0.0 link=— · manos_feria_informe.json
[RANGO] XLMUSDT_LINEAL last=0.1771 · río=WS · mercado=linear · estado=ACECHANDO · dir=— · 0=0.175 · Oz=— · Red=— · manos=ON · pos=flat · latido=1.50s
[RANGO] XLMUSDT_LINEAL last=0.17711 · río=WS · mercado=linear · estado=ACECHANDO · dir=— · 0=0.175 · Oz=— · Red=— · manos=ON · pos=flat · latido=1.50s
[RANGO] autosello XLM · ACECHANDO · Oz=0.0 link=— · manos_feria_informe.json
[RANGO] XLMUSDT_LINEAL last=0.1772 · río=WS · mercado=linear · estado=ACECHANDO · dir=— · 0=0.175 · Oz=— · Red=— · manos=ON · pos=flat · latido=1.50s
[2026-08-31 10:53:02] [TUSK] RECONCILIACIÓN: TRBUSDT_LINEAL: interno L:0.000000/S:0.000000 -> real L:5.240000/S:0.000000
[2026-08-31 10:53:02] [TUSK] RECONCILIACIÓN: SUSHIUSDT_LINEAL: interno L:0.000000/S:0.000000 -> real L:139.800000/S:0.000000
[2026-08-31 10:53:02] [TUSK] RECONCILIACIÓN_FANTASMA: FWDIUSDT_LINEAL existe interno pero no en exchange -> reseteando
[2026-08-31 10:53:02] [TUSK] RECONCILIACIÓN_FANTASMA: CFGUSDT_LINEAL existe interno pero no en exchange -> reseteando
[2026-08-31 10:53:02] [TUSK] RECONCILIACIÓN_OK: 4 frentes alineados con exchange
[RANGO] autosello XLM · ACECHANDO · Oz=0.0 link=— · manos_feria_informe.json
[RANGO] XLMUSDT_LINEAL last=0.1772 · río=WS · mercado=linear · estado=ACECHANDO · dir=— · 0=0.175 · Oz=— · Red=— · manos=ON · pos=flat · latido=1.50s
[RANGO] XLMUSDT_LINEAL last=0.1773 · río=WS · mercado=linear · estado=ACECHANDO · dir=— · 0=0.175 · Oz=— · Red=— · manos=ON · pos=flat · latido=1.50s
[RANGO] autosello XLM · ACECHANDO · Oz=0.0 link=— · manos_feria_informe.json
[RANGO] XLMUSDT_LINEAL last=0.1774 · río=WS · mercado=linear · estado=ACECHANDO · dir=— · 0=0.175 · Oz=— · Red=— · manos=ON · pos=flat · latido=1.50s
[RANGO] autosello XLM · ACECHANDO · Oz=0.0 link=— · manos_feria_informe.json
[RANGO] XLMUSDT_LINEAL last=0.1777 · río=WS · mercado=linear · estado=ACECHANDO · dir=— · 0=0.175 · Oz=— · Red=— · manos=ON · pos=flat · latido=1.50s
[RANGO] XLMUSDT_LINEAL last=0.1777 · río=WS · mercado=linear · estado=ACECHANDO · dir=— · 0=0.175 · Oz=— · Red=— · manos=ON · pos=flat · latido=1.50s
[RANGO] autosello XLM · ACECHANDO · Oz=0.0 link=— · manos_feria_informe.json
[RANGO] XLMUSDT_LINEAL last=0.1777 · río=ciego/muleta · mercado=linear · estado=ACECHANDO · dir=— · 0=0.175 · Oz=— · Red=— · manos=ON · pos=flat · latido=1.50s
[RANGO] autosello XLM · ACECHANDO · Oz=0.0 link=— · manos_feria_informe.json
[RANGO] XLMUSDT_LINEAL last=0.1776 · río=WS · mercado=linear · estado=ACECHANDO · dir=— · 0=0.175 · Oz=— · Red=— · manos=ON · pos=flat · latido=1.50s
[RANGO] XLMUSDT_LINEAL last=0.1776 · río=WS · mercado=linear · estado=ACECHANDO · dir=— · 0=0.175 · Oz=— · Red=— · manos=ON · pos=flat · latido=1.50s
[RANGO] autosello XLM · ACECHANDO · Oz=0.0 link=— · manos_feria_informe.json
[RANGO] XLMUSDT_LINEAL last=0.1776 · río=WS · mercado=linear · estado=ACECHANDO · dir=— · 0=0.175 · Oz=— · Red=— · manos=ON · pos=flat · latido=1.50s
[RANGO] autosello XLM · ACECHANDO · Oz=0.0 link=— · manos_feria_informe.json
[RANGO] XLMUSDT_LINEAL last=0.1777 · río=WS · mercado=linear · estado=ACECHANDO · dir=— · 0=0.175 · Oz=— · Red=— · manos=ON · pos=flat · latido=1.50s
[RANGO] XLMUSDT_LINEAL last=0.1775 · río=WS · mercado=linear · estado=ACECHANDO · dir=— · 0=0.175 · Oz=— · Red=— · manos=ON · pos=flat · latido=1.50s
[RANGO] autosello XLM · ACECHANDO · Oz=0.0 link=— · manos_feria_informe.json
[RANGO] XLMUSDT_LINEAL last=0.1777 · río=WS · mercado=linear · estado=ACECHANDO · dir=— · 0=0.175 · Oz=— · Red=— · manos=ON · pos=flat · latido=1.50s
[2026-08-31 10:55:04] [TUSK] RECONCILIACIÓN: LITUSDT_LINEAL: interno L:0.000000/S:25.500000 -> real L:0.000000/S:24.100000
[2026-08-31 10:55:04] [TUSK] RECONCILIACIÓN_OK: 1 frentes alineados con exchange
[RANGO] autosello XLM · ACECHANDO · Oz=0.0 link=— · manos_feria_informe.json
[RANGO] XLMUSDT_LINEAL last=0.1776 · río=WS · mercado=linear · estado=ACECHANDO · dir=— · 0=0.175 · Oz=— · Red=— · manos=ON · pos=flat · latido=1.50s
[RANGO] XLMUSDT_LINEAL last=0.1778 · río=WS · mercado=linear · estado=ACECHANDO · dir=— · 0=0.175 · Oz=— · Red=— · manos=ON · pos=flat · latido=1.50s
[RANGO] autosello XLM · ACECHANDO · Oz=0.0 link=— · manos_feria_informe.json
[RANGO] XLMUSDT_LINEAL last=0.1779 · río=WS · mercado=linear · estado=ACECHANDO · dir=— · 0=0.175 · Oz=— · Red=— · manos=ON · pos=flat · latido=1.50s
[RANGO] autosello XLM · ACECHANDO · Oz=0.0 link=— · manos_feria_informe.json
[RANGO] XLMUSDT_LINEAL last=0.1779 · río=WS · mercado=linear · estado=ACECHANDO · dir=— · 0=0.175 · Oz=— · Red=— · manos=ON · pos=flat · latido=1.50s
[RANGO] XLMUSDT_LINEAL last=0.1776 · río=WS · mercado=linear · estado=ACECHANDO · dir=— · 0=0.175 · Oz=— · Red=— · manos=ON · pos=flat · latido=1.50s
[RANGO] autosello XLM · ACECHANDO · Oz=0.0 link=— · manos_feria_informe.json
[RANGO] XLMUSDT_LINEAL last=0.17764 · río=WS · mercado=linear · estado=ACECHANDO · dir=— · 0=0.175 · Oz=— · Red=— · manos=ON · pos=flat · latido=1.50s
[RANGO] autosello XLM · ACECHANDO · Oz=0.0 link=— · manos_feria_informe.json
[RANGO] XLMUSDT_LINEAL last=0.1777 · río=WS · mercado=linear · estado=ACECHANDO · dir=— · 0=0.175 · Oz=— · Red=— · manos=ON · pos=flat · latido=1.50s
[RANGO] XLMUSDT_LINEAL last=0.1776 · río=WS · mercado=linear · estado=ACECHANDO · dir=— · 0=0.175 · Oz=— · Red=— · manos=ON · pos=flat · latido=1.50s
[RANGO] autosello XLM · ACECHANDO · Oz=0.0 link=— · manos_feria_informe.json
[RANGO] XLMUSDT_LINEAL last=0.1776 · río=WS · mercado=linear · estado=ACECHANDO · dir=— · 0=0.175 · Oz=— · Red=— · manos=ON · pos=flat · latido=1.50s
[RANGO] autosello XLM · ACECHANDO · Oz=0.0 link=— · manos_feria_informe.json
[RANGO] XLMUSDT_LINEAL last=0.1774 · río=WS · mercado=linear · estado=ACECHANDO · dir=— · 0=0.175 · Oz=— · Red=— · manos=ON · pos=flat · latido=1.50s
[RANGO] XLMUSDT_LINEAL last=0.1774 · río=WS · mercado=linear · estado=ACECHANDO · dir=— · 0=0.175 · Oz=— · Red=— · manos=ON · pos=flat · latido=1.50s
[RANGO] autosello XLM · ACECHANDO · Oz=0.0 link=— · manos_feria_informe.json
[RANGO] XLMUSDT_LINEAL last=0.1773 · río=WS · mercado=linear · estado=ACECHANDO · dir=— · 0=0.175 · Oz=— · Red=— · manos=ON · pos=flat · latido=1.50s
[RANGO] autosello XLM · ACECHANDO · Oz=0.0 link=— · manos_feria_informe.json
[RANGO] XLMUSDT_LINEAL last=0.1774 · río=WS · mercado=linear · estado=ACECHANDO · dir=— · 0=0.175 · Oz=— · Red=— · manos=ON · pos=flat · latido=1.50s
[RANGO] XLMUSDT_LINEAL last=0.1775 · río=WS · mercado=linear · estado=ACECHANDO · dir=— · 0=0.175 · Oz=— · Red=— · manos=ON · pos=flat · latido=1.50s
[RANGO] autosello XLM · ACECHANDO · Oz=0.0 link=— · manos_feria_informe.json
[RANGO] XLMUSDT_LINEAL last=0.17747 · río=WS · mercado=linear · estado=ACECHANDO · dir=— · 0=0.175 · Oz=— · Red=— · manos=ON · pos=flat · latido=1.50s
[RANGO] autosello XLM · ACECHANDO · Oz=0.0 link=— · manos_feria_informe.json
[RANGO] XLMUSDT_LINEAL last=0.1774 · río=WS · mercado=linear · estado=ACECHANDO · dir=— · 0=0.175 · Oz=— · Red=— · manos=ON · pos=flat · latido=1.50s
[RANGO] XLMUSDT_LINEAL last=0.1775 · río=WS · mercado=linear · estado=ACECHANDO · dir=— · 0=0.175 · Oz=— · Red=— · manos=ON · pos=flat · latido=1.50s
[RANGO] autosello XLM · ACECHANDO · Oz=0.0 link=— · manos_feria_informe.json
[RANGO] XLMUSDT_LINEAL last=0.1773 · río=WS · mercado=linear · estado=ACECHANDO · dir=— · 0=0.175 · Oz=— · Red=— · manos=ON · pos=flat · latido=1.50s
[2026-08-31 10:58:07] [TUSK] RECONCILIACIÓN: ROBOUSDT_LINEAL: interno L:0.000000/S:0.000000 -> real L:3390.000000/S:0.000000
[2026-08-31 10:58:07] [TUSK] RECONCILIACIÓN_FANTASMA: POWERUSDT_LINEAL existe interno pero no en exchange -> reseteando
[2026-08-31 10:58:08] [TUSK] RECONCILIACIÓN_OK: 2 frentes alineados con exchange
[RANGO] autosello XLM · ACECHANDO · Oz=0.0 link=— · manos_feria_informe.json
[RANGO] XLMUSDT_LINEAL last=0.1773 · río=WS · mercado=linear · estado=ACECHANDO · dir=— · 0=0.175 · Oz=— · Red=— · manos=ON · pos=flat · latido=1.50s
[RANGO] XLMUSDT_LINEAL last=0.1773 · río=WS · mercado=linear · estado=ACECHANDO · dir=— · 0=0.175 · Oz=— · Red=— · manos=ON · pos=flat · latido=1.50s
[RANGO] autosello XLM · ACECHANDO · Oz=0.0 link=— · manos_feria_informe.json
[RANGO] XLMUSDT_LINEAL last=0.1773 · río=WS · mercado=linear · estado=ACECHANDO · dir=— · 0=0.175 · Oz=— · Red=— · manos=ON · pos=flat · latido=1.50s
[RANGO] autosello XLM · ACECHANDO · Oz=0.0 link=— · manos_feria_informe.json
[RANGO] XLMUSDT_LINEAL last=0.1774 · río=WS · mercado=linear · estado=ACECHANDO · dir=— · 0=0.175 · Oz=— · Red=— · manos=ON · pos=flat · latido=1.50s
[RANGO] XLMUSDT_LINEAL last=0.1773 · río=WS · mercado=linear · estado=ACECHANDO · dir=— · 0=0.175 · Oz=— · Red=— · manos=ON · pos=flat · latido=1.50s
[RANGO] autosello XLM · ACECHANDO · Oz=0.0 link=— · manos_feria_informe.json
[RANGO] XLMUSDT_LINEAL last=0.1773 · río=WS · mercado=linear · estado=ACECHANDO · dir=— · 0=0.175 · Oz=— · Red=— · manos=ON · pos=flat · latido=1.50s
[2026-08-31 10:59:09] [TUSK] RECONCILIACIÓN: MOVRUSDT_LINEAL: interno L:0.000000/S:0.000000 -> real L:0.000000/S:115.100000
[2026-08-31 10:59:09] [TUSK] RECONCILIACIÓN_FANTASMA: AEHRUSDT_LINEAL existe interno pero no en exchange -> reseteando
[2026-08-31 10:59:09] [TUSK] RECONCILIACIÓN_OK: 2 frentes alineados con exchange
[RANGO] autosello XLM · ACECHANDO · Oz=0.0 link=— · manos_feria_informe.json
[RANGO] XLMUSDT_LINEAL last=0.1773 · río=WS · mercado=linear · estado=ACECHANDO · dir=— · 0=0.175 · Oz=— · Red=— · manos=ON · pos=flat · latido=1.50s
[RANGO] XLMUSDT_LINEAL last=0.1772 · río=WS · mercado=linear · estado=ACECHANDO · dir=— · 0=0.175 · Oz=— · Red=— · manos=ON · pos=flat · latido=1.50s
[RANGO] autosello XLM · ACECHANDO · Oz=0.0 link=— · manos_feria_informe.json
[RANGO] XLMUSDT_LINEAL last=0.1773 · río=WS · mercado=linear · estado=ACECHANDO · dir=— · 0=0.175 · Oz=— · Red=— · manos=ON · pos=flat · latido=1.50s
[RANGO] autosello XLM · ACECHANDO · Oz=0.0 link=— · manos_feria_informe.json
[RANGO] XLMUSDT_LINEAL last=0.1772 · río=WS · mercado=linear · estado=ACECHANDO · dir=— · 0=0.175 · Oz=— · Red=— · manos=ON · pos=flat · latido=1.50s
[RANGO] XLMUSDT_LINEAL last=0.17717 · río=WS · mercado=linear · estado=ACECHANDO · dir=— · 0=0.175 · Oz=— · Red=— · manos=ON · pos=flat · latido=1.50s
[RANGO] autosello XLM · ACECHANDO · Oz=0.0 link=— · manos_feria_informe.json
[RANGO] XLMUSDT_LINEAL last=0.177 · río=WS · mercado=linear · estado=ACECHANDO · dir=— · 0=0.175 · Oz=— · Red=— · manos=ON · pos=flat · latido=1.50s
[RANGO] autosello XLM · ACECHANDO · Oz=0.0 link=— · manos_feria_informe.json
[2026-08-31 11:00:10] [TUSK] RECONCILIACIÓN: COTIUSDT_LINEAL: interno L:0.000000/S:0.000000 -> real L:1213.000000/S:0.000000
[2026-08-31 11:00:10] [TUSK] RECONCILIACIÓN: SAMSUNGUSDT_LINEAL: interno L:0.000000/S:0.000000 -> real L:0.000000/S:0.110000
[2026-08-31 11:00:10] [TUSK] RECONCILIACIÓN: POWERUSDT_LINEAL: interno L:0.000000/S:0.000000 -> real L:0.000000/S:130.000000
[2026-08-31 11:00:10] [TUSK] RECONCILIACIÓN_FANTASMA: CHIPUSDT_LINEAL existe interno pero no en exchange -> reseteando
[2026-08-31 11:00:10] [TUSK] RECONCILIACIÓN_FANTASMA: ROSEUSDT_LINEAL existe interno pero no en exchange -> reseteando
[2026-08-31 11:00:10] [TUSK] RECONCILIACIÓN_FANTASMA: TWTUSDT_LINEAL existe interno pero no en exchange -> reseteando
[2026-08-31 11:00:10] [TUSK] RECONCILIACIÓN_OK: 6 frentes alineados con exchange
[RANGO] XLMUSDT_LINEAL last=0.177 · río=WS · mercado=linear · estado=ACECHANDO · dir=— · 0=0.175 · Oz=— · Red=— · manos=ON · pos=flat · latido=1.50s
[RANGO] XLMUSDT_LINEAL last=0.177 · río=WS · mercado=linear · estado=ACECHANDO · dir=— · 0=0.175 · Oz=— · Red=— · manos=ON · pos=flat · latido=1.50s
[RANGO] autosello XLM · ACECHANDO · Oz=0.0 link=— · manos_feria_informe.json
[RANGO] XLMUSDT_LINEAL last=0.177 · río=WS · mercado=linear · estado=ACECHANDO · dir=— · 0=0.175 · Oz=— · Red=— · manos=ON · pos=flat · latido=1.50s
[RANGO] autosello XLM · ACECHANDO · Oz=0.0 link=— · manos_feria_informe.json
[RANGO] XLMUSDT_LINEAL last=0.177 · río=WS · mercado=linear · estado=ACECHANDO · dir=— · 0=0.175 · Oz=— · Red=— · manos=ON · pos=flat · latido=1.50s
[RANGO] XLMUSDT_LINEAL last=0.1772 · río=WS · mercado=linear · estado=ACECHANDO · dir=— · 0=0.175 · Oz=— · Red=— · manos=ON · pos=flat · latido=1.50s
[RANGO] autosello XLM · ACECHANDO · Oz=0.0 link=— · manos_feria_informe.json
[RANGO] XLMUSDT_LINEAL last=0.1772 · río=WS · mercado=linear · estado=ACECHANDO · dir=— · 0=0.175 · Oz=— · Red=— · manos=ON · pos=flat · latido=1.50s
[RANGO] autosello XLM · ACECHANDO · Oz=0.0 link=— · manos_feria_informe.json
[RANGO] XLMUSDT_LINEAL last=0.1771 · río=WS · mercado=linear · estado=ACECHANDO · dir=— · 0=0.175 · Oz=— · Red=— · manos=ON · pos=flat · latido=1.50s
[2026-08-31 11:01:11] [TUSK] RECONCILIACIÓN: TWTUSDT_LINEAL: interno L:0.000000/S:0.000000 -> real L:7.400000/S:0.000000
[2026-08-31 11:01:11] [TUSK] RECONCILIACIÓN_FANTASMA: CRCLUSDT_LINEAL existe interno pero no en exchange -> reseteando
[2026-08-31 11:01:11] [TUSK] RECONCILIACIÓN_OK: 2 frentes alineados con exchange
[RANGO] XLMUSDT_LINEAL last=0.177 · río=WS · mercado=linear · estado=ACECHANDO · dir=— · 0=0.175 · Oz=— · Red=— · manos=ON · pos=flat · latido=1.50s
[RANGO] autosello XLM · ACECHANDO · Oz=0.0 link=— · manos_feria_informe.json
[RANGO] XLMUSDT_LINEAL last=0.177 · río=WS · mercado=linear · estado=ACECHANDO · dir=— · 0=0.175 · Oz=— · Red=— · manos=ON · pos=flat · latido=1.50s
[RANGO] autosello XLM · ACECHANDO · Oz=0.0 link=— · manos_feria_informe.json
[RANGO] XLMUSDT_LINEAL last=0.1771 · río=WS · mercado=linear · estado=ACECHANDO · dir=— · 0=0.175 · Oz=— · Red=— · manos=ON · pos=flat · latido=1.50s
[RANGO] XLMUSDT_LINEAL last=0.177 · río=WS · mercado=linear · estado=ACECHANDO · dir=— · 0=0.175 · Oz=— · Red=— · manos=ON · pos=flat · latido=1.50s
[RANGO] autosello XLM · ACECHANDO · Oz=0.0 link=— · manos_feria_informe.json
[RANGO] XLMUSDT_LINEAL last=0.177 · río=WS · mercado=linear · estado=ACECHANDO · dir=— · 0=0.175 · Oz=— · Red=— · manos=ON · pos=flat · latido=1.50s
[RANGO] autosello XLM · ACECHANDO · Oz=0.0 link=— · manos_feria_informe.json
[RANGO] XLMUSDT_LINEAL last=0.177 · río=WS · mercado=linear · estado=ACECHANDO · dir=— · 0=0.175 · Oz=— · Red=— · manos=ON · pos=flat · latido=1.50s
[2026-08-31 11:02:12] [TUSK] RECONCILIACIÓN: PRLUSDT_LINEAL: interno L:0.000000/S:0.000000 -> real L:1308.000000/S:0.000000
[2026-08-31 11:02:12] [TUSK] RECONCILIACIÓN_FANTASMA: BMNRUSDT_LINEAL existe interno pero no en exchange -> reseteando
[2026-08-31 11:02:12] [TUSK] RECONCILIACIÓN_OK: 2 frentes alineados con exchange
[RANGO] XLMUSDT_LINEAL last=0.1771 · río=WS · mercado=linear · estado=ACECHANDO · dir=— · 0=0.175 · Oz=— · Red=— · manos=ON · pos=flat · latido=1.50s
[RANGO] autosello XLM · ACECHANDO · Oz=0.0 link=— · manos_feria_informe.json
[RANGO] XLMUSDT_LINEAL last=0.1772 · río=WS · mercado=linear · estado=ACECHANDO · dir=— · 0=0.175 · Oz=— · Red=— · manos=ON · pos=flat · latido=1.50s
[RANGO] autosello XLM · ACECHANDO · Oz=0.0 link=— · manos_feria_informe.json
[RANGO] XLMUSDT_LINEAL last=0.1771 · río=WS · mercado=linear · estado=ACECHANDO · dir=— · 0=0.175 · Oz=— · Red=— · manos=ON · pos=flat · latido=1.50s
[RANGO] XLMUSDT_LINEAL last=0.1772 · río=WS · mercado=linear · estado=ACECHANDO · dir=— · 0=0.175 · Oz=— · Red=— · manos=ON · pos=flat · latido=1.50s
[RANGO] autosello XLM · ACECHANDO · Oz=0.0 link=— · manos_feria_informe.json
[RANGO] XLMUSDT_LINEAL last=0.1772 · río=WS · mercado=linear · estado=ACECHANDO · dir=— · 0=0.175 · Oz=— · Red=— · manos=ON · pos=flat · latido=1.50s
[RANGO] autosello XLM · ACECHANDO · Oz=0.0 link=— · manos_feria_informe.json
[RANGO] XLMUSDT_LINEAL last=0.1772 · río=WS · mercado=linear · estado=ACECHANDO · dir=— · 0=0.175 · Oz=— · Red=— · manos=ON · pos=flat · latido=1.50s
[2026-08-31 11:03:13] [TUSK] RECONCILIACIÓN: DASHUSDT_LINEAL: interno L:0.000000/S:0.810000 -> real L:0.000000/S:1.050000
[2026-08-31 11:03:13] [TUSK] RECONCILIACIÓN_OK: 1 frentes alineados con exchange
[RANGO] XLMUSDT_LINEAL last=0.1772 · río=WS · mercado=linear · estado=ACECHANDO · dir=— · 0=0.175 · Oz=— · Red=— · manos=ON · pos=flat · latido=1.50s
[RANGO] autosello XLM · ACECHANDO · Oz=0.0 link=— · manos_feria_informe.json
[RANGO] XLMUSDT_LINEAL last=0.1772 · río=WS · mercado=linear · estado=ACECHANDO · dir=— · 0=0.175 · Oz=— · Red=— · manos=ON · pos=flat · latido=1.50s
[RANGO] autosello XLM · ACECHANDO · Oz=0.0 link=— · manos_feria_informe.json
[RANGO] XLMUSDT_LINEAL last=0.1771 · río=WS · mercado=linear · estado=ACECHANDO · dir=— · 0=0.175 · Oz=— · Red=— · manos=ON · pos=flat · latido=1.50s
[RANGO] XLMUSDT_LINEAL last=0.1771 · río=WS · mercado=linear · estado=ACECHANDO · dir=— · 0=0.175 · Oz=— · Red=— · manos=ON · pos=flat · latido=1.50s
[RANGO] autosello XLM · ACECHANDO · Oz=0.0 link=— · manos_feria_informe.json
[RANGO] XLMUSDT_LINEAL last=0.177 · río=WS · mercado=linear · estado=ACECHANDO · dir=— · 0=0.175 · Oz=— · Red=— · manos=ON · pos=flat · latido=1.50s
[RANGO] autosello XLM · ACECHANDO · Oz=0.0 link=— · manos_feria_informe.json
[RANGO] XLMUSDT_LINEAL last=0.1767 · río=WS · mercado=linear · estado=ACECHANDO · dir=— · 0=0.175 · Oz=— · Red=— · manos=ON · pos=flat · latido=1.50s
[2026-08-31 11:04:14] [TUSK] RECONCILIACIÓN: KSMUSDT_LINEAL: interno L:0.000000/S:0.000000 -> real L:13.470000/S:0.000000
[2026-08-31 11:04:14] [TUSK] RECONCILIACIÓN_FANTASMA: HYPEUSDT_LINEAL existe interno pero no en exchange -> reseteando
[2026-08-31 11:04:14] [TUSK] RECONCILIACIÓN_OK: 2 frentes alineados con exchange
[RANGO] XLMUSDT_LINEAL last=0.1769 · río=WS · mercado=linear · estado=ACECHANDO · dir=— · 0=0.175 · Oz=— · Red=— · manos=ON · pos=flat · latido=1.50s
[RANGO] autosello XLM · ACECHANDO · Oz=0.0 link=— · manos_feria_informe.json
[RANGO] XLMUSDT_LINEAL last=0.177 · río=WS · mercado=linear · estado=ACECHANDO · dir=— · 0=0.175 · Oz=— · Red=— · manos=ON · pos=flat · latido=1.50s
[RANGO] autosello XLM · ACECHANDO · Oz=0.0 link=— · manos_feria_informe.json
[RANGO] XLMUSDT_LINEAL last=0.17694 · río=WS · mercado=linear · estado=ACECHANDO · dir=— · 0=0.175 · Oz=— · Red=— · manos=ON · pos=flat · latido=1.50s
[RANGO] XLMUSDT_LINEAL last=0.177 · río=WS · mercado=linear · estado=ACECHANDO · dir=— · 0=0.175 · Oz=— · Red=— · manos=ON · pos=flat · latido=1.50s
[RANGO] autosello XLM · ACECHANDO · Oz=0.0 link=— · manos_feria_informe.json
[RANGO] XLMUSDT_LINEAL last=0.1769 · río=WS · mercado=linear · estado=ACECHANDO · dir=— · 0=0.175 · Oz=— · Red=— · manos=ON · pos=flat · latido=1.50s
[RANGO] autosello XLM · ACECHANDO · Oz=0.0 link=— · manos_feria_informe.json
[RANGO] XLMUSDT_LINEAL last=0.1771 · río=WS · mercado=linear · estado=ACECHANDO · dir=— · 0=0.175 · Oz=— · Red=— · manos=ON · pos=flat · latido=1.50s
[RANGO] XLMUSDT_LINEAL last=0.177 · río=WS · mercado=linear · estado=ACECHANDO · dir=— · 0=0.175 · Oz=— · Red=— · manos=ON · pos=flat · latido=1.50s
[RANGO] autosello XLM · ACECHANDO · Oz=0.0 link=— · manos_feria_informe.json
[RANGO] XLMUSDT_LINEAL last=0.1768 · río=WS · mercado=linear · estado=ACECHANDO · dir=— · 0=0.175 · Oz=— · Red=— · manos=ON · pos=flat · latido=1.50s
[RANGO] autosello XLM · ACECHANDO · Oz=0.0 link=— · manos_feria_informe.json
[RANGO] XLMUSDT_LINEAL last=0.1769 · río=WS · mercado=linear · estado=ACECHANDO · dir=— · 0=0.175 · Oz=— · Red=— · manos=ON · pos=flat · latido=1.50s
[RANGO] XLMUSDT_LINEAL last=0.177 · río=WS · mercado=linear · estado=ACECHANDO · dir=— · 0=0.175 · Oz=— · Red=— · manos=ON · pos=flat · latido=1.50s
[RANGO] autosello XLM · ACECHANDO · Oz=0.0 link=— · manos_feria_informe.json
[RANGO] XLMUSDT_LINEAL last=0.1769 · río=WS · mercado=linear · estado=ACECHANDO · dir=— · 0=0.175 · Oz=— · Red=— · manos=ON · pos=flat · latido=1.50s
[RANGO] autosello XLM · ACECHANDO · Oz=0.0 link=— · manos_feria_informe.json
[RANGO] XLMUSDT_LINEAL last=0.1771 · río=WS · mercado=linear · estado=ACECHANDO · dir=— · 0=0.175 · Oz=— · Red=— · manos=ON · pos=flat · latido=1.50s
[RANGO] XLMUSDT_LINEAL last=0.1772 · río=WS · mercado=linear · estado=ACECHANDO · dir=— · 0=0.175 · Oz=— · Red=— · manos=ON · pos=flat · latido=1.50s
[RANGO] autosello XLM · ACECHANDO · Oz=0.0 link=— · manos_feria_informe.json
[RANGO] XLMUSDT_LINEAL last=0.177 · río=WS · mercado=linear · estado=ACECHANDO · dir=— · 0=0.175 · Oz=— · Red=— · manos=ON · pos=flat · latido=1.50s
[RANGO] autosello XLM · ACECHANDO · Oz=0.0 link=— · manos_feria_informe.json
[RANGO] XLMUSDT_LINEAL last=0.177 · río=WS · mercado=linear · estado=ACECHANDO · dir=— · 0=0.175 · Oz=— · Red=— · manos=ON · pos=flat · latido=1.50s
[RANGO] XLMUSDT_LINEAL last=0.177 · río=WS · mercado=linear · estado=ACECHANDO · dir=— · 0=0.175 · Oz=— · Red=— · manos=ON · pos=flat · latido=1.50s
[RANGO] autosello XLM · ACECHANDO · Oz=0.0 link=— · manos_feria_informe.json
[RANGO] XLMUSDT_LINEAL last=0.177 · río=WS · mercado=linear · estado=ACECHANDO · dir=— · 0=0.175 · Oz=— · Red=— · manos=ON · pos=flat · latido=1.50s
[RANGO] autosello XLM · ACECHANDO · Oz=0.0 link=— · manos_feria_informe.json
[RANGO] XLMUSDT_LINEAL last=0.177 · río=WS · mercado=linear · estado=ACECHANDO · dir=— · 0=0.175 · Oz=— · Red=— · manos=ON · pos=flat · latido=1.50s
[2026-08-31 11:07:19] [TUSK] RECONCILIACIÓN: ARCUSDT_LINEAL: interno L:0.000000/S:0.000000 -> real L:45.000000/S:0.000000
[2026-08-31 11:07:19] [TUSK] RECONCILIACIÓN_FANTASMA: BLUAIUSDT_LINEAL existe interno pero no en exchange -> reseteando
[2026-08-31 11:07:19] [TUSK] RECONCILIACIÓN_OK: 2 frentes alineados con exchange
[RANGO] XLMUSDT_LINEAL last=0.177 · río=WS · mercado=linear · estado=ACECHANDO · dir=— · 0=0.175 · Oz=— · Red=— · manos=ON · pos=flat · latido=1.50s
[RANGO] autosello XLM · ACECHANDO · Oz=0.0 link=— · manos_feria_informe.json
[RANGO] XLMUSDT_LINEAL last=0.1772 · río=WS · mercado=linear · estado=ACECHANDO · dir=— · 0=0.175 · Oz=— · Red=— · manos=ON · pos=flat · latido=1.50s
[RANGO] autosello XLM · ACECHANDO · Oz=0.0 link=— · manos_feria_informe.json
[RANGO] XLMUSDT_LINEAL last=0.17707 · río=WS · mercado=linear · estado=ACECHANDO · dir=— · 0=0.175 · Oz=— · Red=— · manos=ON · pos=flat · latido=1.50s
[RANGO] XLMUSDT_LINEAL last=0.1771 · río=WS · mercado=linear · estado=ACECHANDO · dir=— · 0=0.175 · Oz=— · Red=— · manos=ON · pos=flat · latido=1.50s
[RANGO] autosello XLM · ACECHANDO · Oz=0.0 link=— · manos_feria_informe.json
[RANGO] XLMUSDT_LINEAL last=0.1771 · río=WS · mercado=linear · estado=ACECHANDO · dir=— · 0=0.175 · Oz=— · Red=— · manos=ON · pos=flat · latido=1.50s
[RANGO] autosello XLM · ACECHANDO · Oz=0.0 link=— · manos_feria_informe.json
[RANGO] XLMUSDT_LINEAL last=0.1771 · río=WS · mercado=linear · estado=ACECHANDO · dir=— · 0=0.175 · Oz=— · Red=— · manos=ON · pos=flat · latido=1.50s
[RANGO] XLMUSDT_LINEAL last=0.177 · río=WS · mercado=linear · estado=ACECHANDO · dir=— · 0=0.175 · Oz=— · Red=— · manos=ON · pos=flat · latido=1.50s
[RANGO] autosello XLM · ACECHANDO · Oz=0.0 link=— · manos_feria_informe.json
[RANGO] XLMUSDT_LINEAL last=0.177 · río=WS · mercado=linear · estado=ACECHANDO · dir=— · 0=0.175 · Oz=— · Red=— · manos=ON · pos=flat · latido=1.50s
[RANGO] autosello XLM · ACECHANDO · Oz=0.0 link=— · manos_feria_informe.json
[RANGO] XLMUSDT_LINEAL last=0.177 · río=WS · mercado=linear · estado=ACECHANDO · dir=— · 0=0.175 · Oz=— · Red=— · manos=ON · pos=flat · latido=1.50s
[RANGO] XLMUSDT_LINEAL last=0.1771 · río=WS · mercado=linear · estado=ACECHANDO · dir=— · 0=0.175 · Oz=— · Red=— · manos=ON · pos=flat · latido=1.50s
[RANGO] autosello XLM · ACECHANDO · Oz=0.0 link=— · manos_feria_informe.json
[RANGO] XLMUSDT_LINEAL last=0.177 · río=WS · mercado=linear · estado=ACECHANDO · dir=— · 0=0.175 · Oz=— · Red=— · manos=ON · pos=flat · latido=1.50s
[RANGO] autosello XLM · ACECHANDO · Oz=0.0 link=— · manos_feria_informe.json
[RANGO] XLMUSDT_LINEAL last=0.1772 · río=WS · mercado=linear · estado=ACECHANDO · dir=— · 0=0.175 · Oz=— · Red=— · manos=ON · pos=flat · latido=1.50s
[RANGO] XLMUSDT_LINEAL last=0.1771 · río=WS · mercado=linear · estado=ACECHANDO · dir=— · 0=0.175 · Oz=— · Red=— · manos=ON · pos=flat · latido=1.50s
[RANGO] autosello XLM · ACECHANDO · Oz=0.0 link=— · manos_feria_informe.json
[RANGO] XLMUSDT_LINEAL last=0.1772 · río=WS · mercado=linear · estado=ACECHANDO · dir=— · 0=0.175 · Oz=— · Red=— · manos=ON · pos=flat · latido=1.50s
[RANGO] autosello XLM · ACECHANDO · Oz=0.0 link=— · manos_feria_informe.json
[RANGO] XLMUSDT_LINEAL last=0.1772 · río=WS · mercado=linear · estado=ACECHANDO · dir=— · 0=0.175 · Oz=— · Red=— · manos=ON · pos=flat · latido=1.50s
[RANGO] XLMUSDT_LINEAL last=0.1772 · río=WS · mercado=linear · estado=ACECHANDO · dir=— · 0=0.175 · Oz=— · Red=— · manos=ON · pos=flat · latido=1.50s
[RANGO] autosello XLM · ACECHANDO · Oz=0.0 link=— · manos_feria_informe.json
[RANGO] XLMUSDT_LINEAL last=0.1774 · río=WS · mercado=linear · estado=ACECHANDO · dir=— · 0=0.175 · Oz=— · Red=— · manos=ON · pos=flat · latido=1.50s
[RANGO] autosello XLM · ACECHANDO · Oz=0.0 link=— · manos_feria_informe.json
[RANGO] XLMUSDT_LINEAL last=0.1774 · río=WS · mercado=linear · estado=ACECHANDO · dir=— · 0=0.175 · Oz=— · Red=— · manos=ON · pos=flat · latido=1.50s
[RANGO] XLMUSDT_LINEAL last=0.1775 · río=WS · mercado=linear · estado=ACECHANDO · dir=— · 0=0.175 · Oz=— · Red=— · manos=ON · pos=flat · latido=1.50s
[RANGO] autosello XLM · ACECHANDO · Oz=0.0 link=— · manos_feria_informe.json
[RANGO] XLMUSDT_LINEAL last=0.1774 · río=WS · mercado=linear · estado=ACECHANDO · dir=— · 0=0.175 · Oz=— · Red=— · manos=ON · pos=flat · latido=1.50s
[RANGO] autosello XLM · ACECHANDO · Oz=0.0 link=— · manos_feria_informe.json
[RANGO] XLMUSDT_LINEAL last=0.1775 · río=WS · mercado=linear · estado=ACECHANDO · dir=— · 0=0.175 · Oz=— · Red=— · manos=ON · pos=flat · latido=1.50s
[RANGO] XLMUSDT_LINEAL last=0.1775 · río=WS · mercado=linear · estado=ACECHANDO · dir=— · 0=0.175 · Oz=— · Red=— · manos=ON · pos=flat · latido=1.50s
[RANGO] autosello XLM · ACECHANDO · Oz=0.0 link=— · manos_feria_informe.json
[RANGO] XLMUSDT_LINEAL last=0.1774 · río=WS · mercado=linear · estado=ACECHANDO · dir=— · 0=0.175 · Oz=— · Red=— · manos=ON · pos=flat · latido=1.50s
[RANGO] autosello XLM · ACECHANDO · Oz=0.0 link=— · manos_feria_informe.json
[RANGO] XLMUSDT_LINEAL last=0.1775 · río=WS · mercado=linear · estado=ACECHANDO · dir=— · 0=0.175 · Oz=— · Red=— · manos=ON · pos=flat · latido=1.50s
[RANGO] XLMUSDT_LINEAL last=0.1776 · río=WS · mercado=linear · estado=ACECHANDO · dir=— · 0=0.175 · Oz=— · Red=— · manos=ON · pos=flat · latido=1.50s
[2026-08-31 11:11:25] [TUSK] RECONCILIACIÓN: PLTRUSDT_LINEAL: interno L:0.000000/S:0.000000 -> real L:0.030000/S:0.000000
[2026-08-31 11:11:25] [TUSK] RECONCILIACIÓN_FANTASMA: XANUSDT_LINEAL existe interno pero no en exchange -> reseteando
[2026-08-31 11:11:25] [TUSK] RECONCILIACIÓN_OK: 2 frentes alineados con exchange
[RANGO] autosello XLM · ACECHANDO · Oz=0.0 link=— · manos_feria_informe.json
[RANGO] XLMUSDT_LINEAL last=0.1776 · río=WS · mercado=linear · estado=ACECHANDO · dir=— · 0=0.175 · Oz=— · Red=— · manos=ON · pos=flat · latido=1.50s
[RANGO] autosello XLM · ACECHANDO · Oz=0.0 link=— · manos_feria_informe.json
[RANGO] XLMUSDT_LINEAL last=0.1777 · río=WS · mercado=linear · estado=ACECHANDO · dir=— · 0=0.175 · Oz=— · Red=— · manos=ON · pos=flat · latido=1.50s
[RANGO] XLMUSDT_LINEAL last=0.17777 · río=WS · mercado=linear · estado=ACECHANDO · dir=— · 0=0.175 · Oz=— · Red=— · manos=ON · pos=flat · latido=1.50s
[RANGO] autosello XLM · ACECHANDO · Oz=0.0 link=— · manos_feria_informe.json
[RANGO] XLMUSDT_LINEAL last=0.178 · río=WS · mercado=linear · estado=ACECHANDO · dir=— · 0=0.175 · Oz=— · Red=— · manos=ON · pos=flat · latido=1.50s
[RANGO] autosello XLM · ACECHANDO · Oz=0.0 link=— · manos_feria_informe.json
[RANGO] XLMUSDT_LINEAL last=0.17798 · río=WS · mercado=linear · estado=ACECHANDO · dir=— · 0=0.175 · Oz=— · Red=— · manos=ON · pos=flat · latido=1.50s
[RANGO] XLMUSDT_LINEAL last=0.1778 · río=WS · mercado=linear · estado=ACECHANDO · dir=— · 0=0.175 · Oz=— · Red=— · manos=ON · pos=flat · latido=1.50s
[RANGO] autosello XLM · ACECHANDO · Oz=0.0 link=— · manos_feria_informe.json
[RANGO] XLMUSDT_LINEAL last=0.1779 · río=WS · mercado=linear · estado=ACECHANDO · dir=— · 0=0.175 · Oz=— · Red=— · manos=ON · pos=flat · latido=1.50s
[RANGO] autosello XLM · ACECHANDO · Oz=0.0 link=— · manos_feria_informe.json
[RANGO] XLMUSDT_LINEAL last=0.17795 · río=WS · mercado=linear · estado=ACECHANDO · dir=— · 0=0.175 · Oz=— · Red=— · manos=ON · pos=flat · latido=1.50s
[RANGO] XLMUSDT_LINEAL last=0.17799 · río=WS · mercado=linear · estado=ACECHANDO · dir=— · 0=0.175 · Oz=— · Red=— · manos=ON · pos=flat · latido=1.50s
[RANGO] autosello XLM · ACECHANDO · Oz=0.0 link=— · manos_feria_informe.json
[RANGO] XLMUSDT_LINEAL last=0.178 · río=WS · mercado=linear · estado=ACECHANDO · dir=— · 0=0.175 · Oz=— · Red=— · manos=ON · pos=flat · latido=1.50s
[RANGO] autosello XLM · ACECHANDO · Oz=0.0 link=— · manos_feria_informe.json
[RANGO] XLMUSDT_LINEAL last=0.1781 · río=WS · mercado=linear · estado=ACECHANDO · dir=— · 0=0.175 · Oz=— · Red=— · manos=ON · pos=flat · latido=1.50s
[RANGO] XLMUSDT_LINEAL last=0.1782 · río=WS · mercado=linear · estado=ACECHANDO · dir=— · 0=0.175 · Oz=— · Red=— · manos=ON · pos=flat · latido=1.50s
[RANGO] autosello XLM · ACECHANDO · Oz=0.0 link=— · manos_feria_informe.json
[2026-08-31 11:13:29] [TUSK] RECONCILIACIÓN_FANTASMA: AAVEUSD_INVERSE existe interno pero no en exchange -> reseteando
[2026-08-31 11:13:29] [TUSK] RECONCILIACIÓN_OK: 1 frentes alineados con exchange
[RANGO] XLMUSDT_LINEAL last=0.1782 · río=WS · mercado=linear · estado=ACECHANDO · dir=— · 0=0.175 · Oz=— · Red=— · manos=ON · pos=flat · latido=1.50s
[RANGO] autosello XLM · ACECHANDO · Oz=0.0 link=— · manos_feria_informe.json
[RANGO] XLMUSDT_LINEAL last=0.1781 · río=WS · mercado=linear · estado=ACECHANDO · dir=— · 0=0.175 · Oz=— · Red=— · manos=ON · pos=flat · latido=1.50s
[RANGO] XLMUSDT_LINEAL last=0.17815 · río=WS · mercado=linear · estado=ACECHANDO · dir=— · 0=0.175 · Oz=— · Red=— · manos=ON · pos=flat · latido=1.50s
[RANGO] autosello XLM · ACECHANDO · Oz=0.0 link=— · manos_feria_informe.json
[RANGO] XLMUSDT_LINEAL last=0.178 · río=WS · mercado=linear · estado=ACECHANDO · dir=— · 0=0.175 · Oz=— · Red=— · manos=ON · pos=flat · latido=1.50s
[RANGO] autosello XLM · ACECHANDO · Oz=0.0 link=— · manos_feria_informe.json
[RANGO] XLMUSDT_LINEAL last=0.178 · río=WS · mercado=linear · estado=ACECHANDO · dir=— · 0=0.175 · Oz=— · Red=— · manos=ON · pos=flat · latido=1.50s
[RANGO] XLMUSDT_LINEAL last=0.178 · río=WS · mercado=linear · estado=ACECHANDO · dir=— · 0=0.175 · Oz=— · Red=— · manos=ON · pos=flat · latido=1.50s
[RANGO] autosello XLM · ACECHANDO · Oz=0.0 link=— · manos_feria_informe.json
[2026-08-31 11:14:30] [TUSK] RECONCILIACIÓN: POWERUSDT_LINEAL: interno L:0.000000/S:130.000000 -> real L:0.000000/S:189.000000
[2026-08-31 11:14:30] [TUSK] RECONCILIACIÓN_OK: 1 frentes alineados con exchange
[RANGO] XLMUSDT_LINEAL last=0.178 · río=WS · mercado=linear · estado=ACECHANDO · dir=— · 0=0.175 · Oz=— · Red=— · manos=ON · pos=flat · latido=1.50s
[RANGO] autosello XLM · ACECHANDO · Oz=0.0 link=— · manos_feria_informe.json
[RANGO] XLMUSDT_LINEAL last=0.17805 · río=WS · mercado=linear · estado=ACECHANDO · dir=— · 0=0.175 · Oz=— · Red=— · manos=ON · pos=flat · latido=1.50s
[RANGO] XLMUSDT_LINEAL last=0.1779 · río=WS · mercado=linear · estado=ACECHANDO · dir=— · 0=0.175 · Oz=— · Red=— · manos=ON · pos=flat · latido=1.50s
[RANGO] autosello XLM · ACECHANDO · Oz=0.0 link=— · manos_feria_informe.json
[RANGO] XLMUSDT_LINEAL last=0.178 · río=WS · mercado=linear · estado=ACECHANDO · dir=— · 0=0.175 · Oz=— · Red=— · manos=ON · pos=flat · latido=1.50s
[RANGO] autosello XLM · ACECHANDO · Oz=0.0 link=— · manos_feria_informe.json
[RANGO] XLMUSDT_LINEAL last=0.17797 · río=WS · mercado=linear · estado=ACECHANDO · dir=— · 0=0.175 · Oz=— · Red=— · manos=ON · pos=flat · latido=1.50s
[RANGO] XLMUSDT_LINEAL last=0.178 · río=WS · mercado=linear · estado=ACECHANDO · dir=— · 0=0.175 · Oz=— · Red=— · manos=ON · pos=flat · latido=1.50s
[RANGO] autosello XLM · ACECHANDO · Oz=0.0 link=— · manos_feria_informe.json
[2026-08-31 11:15:31] [TUSK] RECONCILIACIÓN: CRCLUSDT_LINEAL: interno L:0.000000/S:0.000000 -> real L:0.150000/S:0.000000
[2026-08-31 11:15:31] [TUSK] RECONCILIACIÓN_FANTASMA: MORPHOUSDT_LINEAL existe interno pero no en exchange -> reseteando
[2026-08-31 11:15:31] [TUSK] RECONCILIACIÓN_OK: 2 frentes alineados con exchange
[RANGO] XLMUSDT_LINEAL last=0.1778 · río=WS · mercado=linear · estado=ACECHANDO · dir=— · 0=0.175 · Oz=— · Red=— · manos=ON · pos=flat · latido=1.50s
[RANGO] autosello XLM · ACECHANDO · Oz=0.0 link=— · manos_feria_informe.json
[RANGO] XLMUSDT_LINEAL last=0.1779 · río=WS · mercado=linear · estado=ACECHANDO · dir=— · 0=0.175 · Oz=— · Red=— · manos=ON · pos=flat · latido=1.50s
[RANGO] XLMUSDT_LINEAL last=0.1779 · río=WS · mercado=linear · estado=ACECHANDO · dir=— · 0=0.175 · Oz=— · Red=— · manos=ON · pos=flat · latido=1.50s
[RANGO] autosello XLM · ACECHANDO · Oz=0.0 link=— · manos_feria_informe.json
[RANGO] XLMUSDT_LINEAL last=0.178 · río=WS · mercado=linear · estado=ACECHANDO · dir=— · 0=0.175 · Oz=— · Red=— · manos=ON · pos=flat · latido=1.50s
[RANGO] autosello XLM · ACECHANDO · Oz=0.0 link=— · manos_feria_informe.json
[RANGO] XLMUSDT_LINEAL last=0.178 · río=WS · mercado=linear · estado=ACECHANDO · dir=— · 0=0.175 · Oz=— · Red=— · manos=ON · pos=flat · latido=1.50s
[RANGO] XLMUSDT_LINEAL last=0.178 · río=WS · mercado=linear · estado=ACECHANDO · dir=— · 0=0.175 · Oz=— · Red=— · manos=ON · pos=flat · latido=1.50s
[RANGO] autosello XLM · ACECHANDO · Oz=0.0 link=— · manos_feria_informe.json
[2026-08-31 11:16:33] [TUSK] RECONCILIACIÓN: MORPHOUSDT_LINEAL: interno L:0.000000/S:0.000000 -> real L:21.000000/S:0.000000
[2026-08-31 11:16:33] [TUSK] RECONCILIACIÓN_FANTASMA: PURRUSDT_LINEAL existe interno pero no en exchange -> reseteando
[2026-08-31 11:16:33] [TUSK] RECONCILIACIÓN_OK: 2 frentes alineados con exchange
[RANGO] XLMUSDT_LINEAL last=0.178 · río=WS · mercado=linear · estado=ACECHANDO · dir=— · 0=0.175 · Oz=— · Red=— · manos=ON · pos=flat · latido=1.50s
[RANGO] autosello XLM · ACECHANDO · Oz=0.0 link=— · manos_feria_informe.json
[RANGO] XLMUSDT_LINEAL last=0.1778 · río=WS · mercado=linear · estado=ACECHANDO · dir=— · 0=0.175 · Oz=— · Red=— · manos=ON · pos=flat · latido=1.50s
[RANGO] XLMUSDT_LINEAL last=0.1778 · río=WS · mercado=linear · estado=ACECHANDO · dir=— · 0=0.175 · Oz=— · Red=— · manos=ON · pos=flat · latido=1.50s
[RANGO] autosello XLM · ACECHANDO · Oz=0.0 link=— · manos_feria_informe.json
[RANGO] XLMUSDT_LINEAL last=0.1778 · río=WS · mercado=linear · estado=ACECHANDO · dir=— · 0=0.175 · Oz=— · Red=— · manos=ON · pos=flat · latido=1.50s
[RANGO] autosello XLM · ACECHANDO · Oz=0.0 link=— · manos_feria_informe.json
[RANGO] XLMUSDT_LINEAL last=0.1777 · río=WS · mercado=linear · estado=ACECHANDO · dir=— · 0=0.175 · Oz=— · Red=— · manos=ON · pos=flat · latido=1.50s
[RANGO] XLMUSDT_LINEAL last=0.1776 · río=WS · mercado=linear · estado=ACECHANDO · dir=— · 0=0.175 · Oz=— · Red=— · manos=ON · pos=flat · latido=1.50s
[RANGO] autosello XLM · ACECHANDO · Oz=0.0 link=— · manos_feria_informe.json
[RANGO] XLMUSDT_LINEAL last=0.1775 · río=WS · mercado=linear · estado=ACECHANDO · dir=— · 0=0.175 · Oz=— · Red=— · manos=ON · pos=flat · latido=1.50s
[2026-08-31 11:17:34] [TUSK] RECONCILIACIÓN: MSTRUSDT_LINEAL: interno L:0.000000/S:0.000000 -> real L:0.160000/S:0.000000
[2026-08-31 11:17:34] [TUSK] RECONCILIACIÓN_FANTASMA: ASTSUSDT_LINEAL existe interno pero no en exchange -> reseteando
[2026-08-31 11:17:34] [TUSK] RECONCILIACIÓN_OK: 2 frentes alineados con exchange
[RANGO] autosello XLM · ACECHANDO · Oz=0.0 link=— · manos_feria_informe.json
[RANGO] XLMUSDT_LINEAL last=0.1774 · río=WS · mercado=linear · estado=ACECHANDO · dir=— · 0=0.175 · Oz=— · Red=— · manos=ON · pos=flat · latido=1.50s
[RANGO] XLMUSDT_LINEAL last=0.1774 · río=WS · mercado=linear · estado=ACECHANDO · dir=— · 0=0.175 · Oz=— · Red=— · manos=ON · pos=flat · latido=1.50s
[RANGO] autosello XLM · ACECHANDO · Oz=0.0 link=— · manos_feria_informe.json
[RANGO] XLMUSDT_LINEAL last=0.1775 · río=WS · mercado=linear · estado=ACECHANDO · dir=— · 0=0.175 · Oz=— · Red=— · manos=ON · pos=flat · latido=1.50s
[RANGO] autosello XLM · ACECHANDO · Oz=0.0 link=— · manos_feria_informe.json
[RANGO] XLMUSDT_LINEAL last=0.1775 · río=WS · mercado=linear · estado=ACECHANDO · dir=— · 0=0.175 · Oz=— · Red=— · manos=ON · pos=flat · latido=1.50s
[RANGO] XLMUSDT_LINEAL last=0.1775 · río=WS · mercado=linear · estado=ACECHANDO · dir=— · 0=0.175 · Oz=— · Red=— · manos=ON · pos=flat · latido=1.50s
[RANGO] autosello XLM · ACECHANDO · Oz=0.0 link=— · manos_feria_informe.json
[RANGO] XLMUSDT_LINEAL last=0.1775 · río=WS · mercado=linear · estado=ACECHANDO · dir=— · 0=0.175 · Oz=— · Red=— · manos=ON · pos=flat · latido=1.50s
[RANGO] autosello XLM · ACECHANDO · Oz=0.0 link=— · manos_feria_informe.json
[RANGO] XLMUSDT_LINEAL last=0.1775 · río=WS · mercado=linear · estado=ACECHANDO · dir=— · 0=0.175 · Oz=— · Red=— · manos=ON · pos=flat · latido=1.50s
[RANGO] XLMUSDT_LINEAL last=0.1776 · río=WS · mercado=linear · estado=ACECHANDO · dir=— · 0=0.175 · Oz=— · Red=— · manos=ON · pos=flat · latido=1.50s
[RANGO] autosello XLM · ACECHANDO · Oz=0.0 link=— · manos_feria_informe.json
[RANGO] XLMUSDT_LINEAL last=0.1775 · río=WS · mercado=linear · estado=ACECHANDO · dir=— · 0=0.175 · Oz=— · Red=— · manos=ON · pos=flat · latido=1.50s
[RANGO] autosello XLM · ACECHANDO · Oz=0.0 link=— · manos_feria_informe.json
[RANGO] XLMUSDT_LINEAL last=0.1774 · río=WS · mercado=linear · estado=ACECHANDO · dir=— · 0=0.175 · Oz=— · Red=— · manos=ON · pos=flat · latido=1.50s
[RANGO] XLMUSDT_LINEAL last=0.1774 · río=WS · mercado=linear · estado=ACECHANDO · dir=— · 0=0.175 · Oz=— · Red=— · manos=ON · pos=flat · latido=1.50s
[RANGO] autosello XLM · ACECHANDO · Oz=0.0 link=— · manos_feria_informe.json
[RANGO] XLMUSDT_LINEAL last=0.1775 · río=WS · mercado=linear · estado=ACECHANDO · dir=— · 0=0.175 · Oz=— · Red=— · manos=ON · pos=flat · latido=1.50s
[RANGO] autosello XLM · ACECHANDO · Oz=0.0 link=— · manos_feria_informe.json
[RANGO] XLMUSDT_LINEAL last=0.1775 · río=WS · mercado=linear · estado=ACECHANDO · dir=— · 0=0.175 · Oz=— · Red=— · manos=ON · pos=flat · latido=1.50s
[RANGO] XLMUSDT_LINEAL last=0.1776 · río=WS · mercado=linear · estado=ACECHANDO · dir=— · 0=0.175 · Oz=— · Red=— · manos=ON · pos=flat · latido=1.50s
[RANGO] autosello XLM · ACECHANDO · Oz=0.0 link=— · manos_feria_informe.json
[RANGO] XLMUSDT_LINEAL last=0.1777 · río=WS · mercado=linear · estado=ACECHANDO · dir=— · 0=0.175 · Oz=— · Red=— · manos=ON · pos=flat · latido=1.50s
[RANGO] autosello XLM · ACECHANDO · Oz=0.0 link=— · manos_feria_informe.json
[RANGO] XLMUSDT_LINEAL last=0.17784 · río=WS · mercado=linear · estado=ACECHANDO · dir=— · 0=0.175 · Oz=— · Red=— · manos=ON · pos=flat · latido=1.50s
[RANGO] XLMUSDT_LINEAL last=0.1779 · río=WS · mercado=linear · estado=ACECHANDO · dir=— · 0=0.175 · Oz=— · Red=— · manos=ON · pos=flat · latido=1.50s
[RANGO] autosello XLM · ACECHANDO · Oz=0.0 link=— · manos_feria_informe.json
[RANGO] XLMUSDT_LINEAL last=0.178 · río=WS · mercado=linear · estado=ACECHANDO · dir=— · 0=0.175 · Oz=— · Red=— · manos=ON · pos=flat · latido=1.50s
[2026-08-31 11:20:38] [TUSK] RECONCILIACIÓN: LITUSDT_LINEAL: interno L:0.000000/S:24.100000 -> real L:0.000000/S:22.400000
[2026-08-31 11:20:38] [TUSK] RECONCILIACIÓN_OK: 1 frentes alineados con exchange
[RANGO] autosello XLM · ACECHANDO · Oz=0.0 link=— · manos_feria_informe.json
[RANGO] XLMUSDT_LINEAL last=0.178 · río=WS · mercado=linear · estado=ACECHANDO · dir=— · 0=0.175 · Oz=— · Red=— · manos=ON · pos=flat · latido=1.50s
[RANGO] XLMUSDT_LINEAL last=0.178 · río=WS · mercado=linear · estado=ACECHANDO · dir=— · 0=0.175 · Oz=— · Red=— · manos=ON · pos=flat · latido=1.50s
[RANGO] autosello XLM · ACECHANDO · Oz=0.0 link=— · manos_feria_informe.json
[RANGO] XLMUSDT_LINEAL last=0.1781 · río=WS · mercado=linear · estado=ACECHANDO · dir=— · 0=0.175 · Oz=— · Red=— · manos=ON · pos=flat · latido=1.50s
[RANGO] autosello XLM · ACECHANDO · Oz=0.0 link=— · manos_feria_informe.json
[RANGO] XLMUSDT_LINEAL last=0.1782 · río=WS · mercado=linear · estado=ACECHANDO · dir=— · 0=0.175 · Oz=— · Red=— · manos=ON · pos=flat · latido=1.50s
[RANGO] XLMUSDT_LINEAL last=0.1782 · río=WS · mercado=linear · estado=ACECHANDO · dir=— · 0=0.175 · Oz=— · Red=— · manos=ON · pos=flat · latido=1.50s
[RANGO] autosello XLM · ACECHANDO · Oz=0.0 link=— · manos_feria_informe.json
[RANGO] XLMUSDT_LINEAL last=0.1782 · río=WS · mercado=linear · estado=ACECHANDO · dir=— · 0=0.175 · Oz=— · Red=— · manos=ON · pos=flat · latido=1.50s
[RANGO] autosello XLM · ACECHANDO · Oz=0.0 link=— · manos_feria_informe.json
[RANGO] XLMUSDT_LINEAL last=0.1783 · río=WS · mercado=linear · estado=ACECHANDO · dir=— · 0=0.175 · Oz=— · Red=— · manos=ON · pos=flat · latido=1.50s
[RANGO] XLMUSDT_LINEAL last=0.1782 · río=WS · mercado=linear · estado=ACECHANDO · dir=— · 0=0.175 · Oz=— · Red=— · manos=ON · pos=flat · latido=1.50s
[RANGO] autosello XLM · ACECHANDO · Oz=0.0 link=— · manos_feria_informe.json
[RANGO] XLMUSDT_LINEAL last=0.1783 · río=WS · mercado=linear · estado=ACECHANDO · dir=— · 0=0.175 · Oz=— · Red=— · manos=ON · pos=flat · latido=1.50s
[RANGO] autosello XLM · ACECHANDO · Oz=0.0 link=— · manos_feria_informe.json
[RANGO] XLMUSDT_LINEAL last=0.1788 · río=WS · mercado=linear · estado=ACECHANDO · dir=— · 0=0.175 · Oz=— · Red=— · manos=ON · pos=flat · latido=0.10s
[2026-08-31 11:22:22] [BERU_RANGO] ARMAR: RANGO_XLM_49c2d237 VACIO_ARRIBA → trailing SHORT Oz @0.178542 (0,2 detrás de extremo 0.178900) Red @0.000000 ($5.00).
[BERU_RANGO] ARMAR RANGO_XLM_49c2d237 VACIO_ARRIBA direccion=SHORT oz_adan=0.1785422 red_adan=0.0 masa_usd=5.0 trail_extremo=0.1789
[2026-08-31 11:22:24] [BRIDGE] IDX_ONE_WAY: XLMUSDT: casa en modo simple · reintento sin positionIdx | LINK:BRG-TRA-1-b7c9832966e199
[RANGO] XLMUSDT_LINEAL last=0.1788 · río=WS · mercado=linear · estado=CAZANDO · dir=SHORT · 0=0.175 · Oz=0.1785422 · Red=— · manos=ON · pos=flat · latido=0.10s
[2026-08-31 11:22:24] [BRIDGE] ORDEN_ENVIADA: Sell 29.0 XLMUSDT @Market | ID:ea83413a-9cbe-435f-a92d-c6122eb5e32f LINK:BRG-TRA-1-b7c9832966e199 reduceOnly=0
[RANGO] XLM → ARMAR_ARRIBA {'ok': True, 'evento': 'ARMAR_ARRIBA', 'masa': 5.0, 'dir': 'SHORT'}
[RANGO] autosello XLM · CAZANDO · Oz=0.17854 link=BRG-TRA-1-b7c9832966e199 · manos_feria_informe.json
[RANGO] XLMUSDT_LINEAL last=0.1788 · río=WS · mercado=linear · estado=CAZANDO · dir=SHORT · 0=0.175 · Oz=0.17854 · Red=— · manos=ON · pos=flat · latido=0.10s
[RANGO] autosello XLM · CAZANDO · Oz=0.17854 link=BRG-TRA-1-b7c9832966e199 · manos_feria_informe.json
[RANGO] XLMUSDT_LINEAL last=0.1788 · río=WS · mercado=linear · estado=CAZANDO · dir=SHORT · 0=0.175 · Oz=0.17854 · Red=— · manos=ON · pos=flat · latido=0.10s
[RANGO] XLMUSDT_LINEAL last=0.179 · río=WS · mercado=linear · estado=CAZANDO · dir=SHORT · 0=0.175 · Oz=0.17864 · Red=— · manos=ON · pos=flat · latido=0.10s
[RANGO] autosello XLM · CAZANDO · Oz=0.17864 link=BRG-TRA-1-b7c9832966e199 · manos_feria_informe.json
[RANGO] XLMUSDT_LINEAL last=0.1788 · río=WS · mercado=linear · estado=CAZANDO · dir=SHORT · 0=0.175 · Oz=0.17864 · Red=— · manos=ON · pos=flat · latido=0.10s
[RANGO] autosello XLM · CAZANDO · Oz=0.17864 link=BRG-TRA-1-b7c9832966e199 · manos_feria_informe.json
[RANGO] XLMUSDT_LINEAL last=0.1788 · río=WS · mercado=linear · estado=CAZANDO · dir=SHORT · 0=0.175 · Oz=0.17864 · Red=— · manos=ON · pos=flat · latido=0.10s
[RANGO] XLMUSDT_LINEAL last=0.1788 · río=WS · mercado=linear · estado=CAZANDO · dir=SHORT · 0=0.175 · Oz=0.17864 · Red=— · manos=ON · pos=flat · latido=0.10s
[2026-08-31 11:23:26] [BRIDGE] ORDEN_CANCELADA: ID:ea83413a-9cbe-435f-a92d-c6122eb5e32f XLMUSDT
[2026-08-31 11:23:26] [BERU_RANGO] ALTAR_CANCEL: XLM PRE_MARKET_OZ link=BRG-TRA-1-b7c9832966e199 · ok
[2026-08-31 11:23:26] [BRIDGE] IDX_ONE_WAY: XLMUSDT: casa en modo simple · reintento sin positionIdx | LINK:BRG-MKT-1-2c0c0f5bd26686
[2026-08-31 11:23:27] [BRIDGE] ORDEN_ENVIADA: Sell 28.0 XLMUSDT @Market | ID:bc65047d-894c-4736-bc30-0256445578e0 LINK:BRG-MKT-1-2c0c0f5bd26686 reduceOnly=0
[2026-08-31 11:23:27] [BERU_RANGO] OZ_COSECHA: RANGO_XLM_49c2d237 Oz peldaño @0.178640 fill @0.178640 · wake=0.175000 · sangre act. ABAJO 2.2% · Red trailing act. @0.180784 (callback 0.2% · $5) · extremo=0.179000.
[BERU_RANGO] OZ_COSECHA RANGO_XLM_49c2d237 wake=0.175 oz=0.17864 fill=0.17864 sangre=ABAJO red=0.18078368 extremo=0.179 precio=0.17864 masa_usd=5.0
[RANGO] XLM → OZ_COSECHA {'ok': True, 'evento': 'OZ_COSECHA', 'cero': 0.175, 'fill': 0.17864, 'oz_despliegue': 0.17864, 'sangre': 'ABAJO', 'red': 0.18078368, 'masa_hecha': 5.0, 'trail_extremo': 0.179, 'oz': 0.17864, 'dir': 'SHORT'}
[RANGO] autosello XLM · ACECHANDO · Oz=0.0 link=— · manos_feria_informe.json
[RANGO] XLMUSDT_LINEAL last=0.1787 · río=WS · mercado=linear · estado=ACECHANDO · dir=— · 0=0.175 · Oz=— · Red=0.18078368 · manos=ON · pos=flat · latido=1.50s
[RANGO] autosello XLM · ACECHANDO · Oz=0.0 link=— · manos_feria_informe.json
[2026-08-31 11:23:42] [TUSK] RECONCILIACIÓN: XLMUSDT_LINEAL: interno L:0.000000/S:0.000000 -> real L:306.000000/S:0.000000
[2026-08-31 11:23:42] [TUSK] RECONCILIACIÓN_FANTASMA: MONUSDT_LINEAL existe interno pero no en exchange -> reseteando
[2026-08-31 11:23:42] [TUSK] RECONCILIACIÓN_OK: 2 frentes alineados con exchange
[RANGO] XLMUSDT_LINEAL last=0.17851 · río=WS · mercado=linear · estado=ACECHANDO · dir=— · 0=0.175 · Oz=— · Red=0.18078368 · manos=ON · pos=LONG 306@0.17839643 · latido=1.50s
[RANGO] XLMUSDT_LINEAL last=0.1784 · río=WS · mercado=linear · estado=ACECHANDO · dir=— · 0=0.175 · Oz=— · Red=0.18078368 · manos=ON · pos=LONG 306@0.17839643 · latido=1.50s
[RANGO] autosello XLM · ACECHANDO · Oz=0.0 link=— · manos_feria_informe.json
[RANGO] XLMUSDT_LINEAL last=0.1783 · río=WS · mercado=linear · estado=ACECHANDO · dir=— · 0=0.175 · Oz=— · Red=0.18078368 · manos=ON · pos=LONG 306@0.17839643 · latido=1.50s
[RANGO] autosello XLM · ACECHANDO · Oz=0.0 link=— · manos_feria_informe.json
[RANGO] XLMUSDT_LINEAL last=0.1781 · río=WS · mercado=linear · estado=ACECHANDO · dir=— · 0=0.175 · Oz=— · Red=0.18078368 · manos=ON · pos=LONG 306@0.17839643 · latido=1.50s
[RANGO] XLMUSDT_LINEAL last=0.17801 · río=WS · mercado=linear · estado=ACECHANDO · dir=— · 0=0.175 · Oz=— · Red=0.18078368 · manos=ON · pos=LONG 306@0.17839643 · latido=1.50s
[RANGO] autosello XLM · ACECHANDO · Oz=0.0 link=— · manos_feria_informe.json
[RANGO] XLMUSDT_LINEAL last=0.1779 · río=WS · mercado=linear · estado=ACECHANDO · dir=— · 0=0.175 · Oz=— · Red=0.18078368 · manos=ON · pos=LONG 306@0.17839643 · latido=1.50s
[RANGO] autosello XLM · ACECHANDO · Oz=0.0 link=— · manos_feria_informe.json
[RANGO] XLMUSDT_LINEAL last=0.1778 · río=WS · mercado=linear · estado=ACECHANDO · dir=— · 0=0.175 · Oz=— · Red=0.18078368 · manos=ON · pos=LONG 306@0.17839643 · latido=1.50s
[2026-08-31 11:24:45] [TUSK] RECONCILIACIÓN: SYRUPUSDT_LINEAL: interno L:0.000000/S:0.000000 -> real L:454.000000/S:0.000000
[2026-08-31 11:24:45] [TUSK] RECONCILIACIÓN_FANTASMA: ACUUSDT_LINEAL existe interno pero no en exchange -> reseteando
[2026-08-31 11:24:45] [TUSK] RECONCILIACIÓN_OK: 2 frentes alineados con exchange
[RANGO] XLMUSDT_LINEAL last=0.17785 · río=WS · mercado=linear · estado=ACECHANDO · dir=— · 0=0.175 · Oz=— · Red=0.18078368 · manos=ON · pos=LONG 306@0.17839643 · latido=1.50s
[RANGO] autosello XLM · ACECHANDO · Oz=0.0 link=— · manos_feria_informe.json
[RANGO] XLMUSDT_LINEAL last=0.1778 · río=WS · mercado=linear · estado=ACECHANDO · dir=— · 0=0.175 · Oz=— · Red=0.18078368 · manos=ON · pos=LONG 306@0.17839643 · latido=1.50s
[RANGO] autosello XLM · ACECHANDO · Oz=0.0 link=— · manos_feria_informe.json
[RANGO] XLMUSDT_LINEAL last=0.1779 · río=WS · mercado=linear · estado=ACECHANDO · dir=— · 0=0.175 · Oz=— · Red=0.18078368 · manos=ON · pos=LONG 306@0.17839643 · latido=1.50s
[RANGO] XLMUSDT_LINEAL last=0.1778 · río=WS · mercado=linear · estado=ACECHANDO · dir=— · 0=0.175 · Oz=— · Red=0.18078368 · manos=ON · pos=LONG 306@0.17839643 · latido=1.50s
[RANGO] autosello XLM · ACECHANDO · Oz=0.0 link=— · manos_feria_informe.json
[RANGO] XLMUSDT_LINEAL last=0.1778 · río=WS · mercado=linear · estado=ACECHANDO · dir=— · 0=0.175 · Oz=— · Red=0.18078368 · manos=ON · pos=LONG 306@0.17839643 · latido=1.50s
[RANGO] autosello XLM · ACECHANDO · Oz=0.0 link=— · manos_feria_informe.json
[RANGO] XLMUSDT_LINEAL last=0.1777 · río=WS · mercado=linear · estado=ACECHANDO · dir=— · 0=0.175 · Oz=— · Red=0.18078368 · manos=ON · pos=LONG 306@0.17839643 · latido=1.50s
[RANGO] XLMUSDT_LINEAL last=0.1778 · río=WS · mercado=linear · estado=ACECHANDO · dir=— · 0=0.175 · Oz=— · Red=0.18078368 · manos=ON · pos=LONG 306@0.17839643 · latido=1.50s
[RANGO] autosello XLM · ACECHANDO · Oz=0.0 link=— · manos_feria_informe.json
[RANGO] XLMUSDT_LINEAL last=0.1777 · río=WS · mercado=linear · estado=ACECHANDO · dir=— · 0=0.175 · Oz=— · Red=0.18078368 · manos=ON · pos=LONG 306@0.17839643 · latido=1.50s
[RANGO] autosello XLM · ACECHANDO · Oz=0.0 link=— · manos_feria_informe.json
[RANGO] XLMUSDT_LINEAL last=0.1775 · río=WS · mercado=linear · estado=ACECHANDO · dir=— · 0=0.175 · Oz=— · Red=0.18078368 · manos=ON · pos=LONG 306@0.17839643 · latido=1.50s
[RANGO] XLMUSDT_LINEAL last=0.1777 · río=WS · mercado=linear · estado=ACECHANDO · dir=— · 0=0.175 · Oz=— · Red=0.18078368 · manos=ON · pos=LONG 306@0.17839643 · latido=1.50s
[RANGO] autosello XLM · ACECHANDO · Oz=0.0 link=— · manos_feria_informe.json
[RANGO] XLMUSDT_LINEAL last=0.1777 · río=WS · mercado=linear · estado=ACECHANDO · dir=— · 0=0.175 · Oz=— · Red=0.18078368 · manos=ON · pos=LONG 306@0.17839643 · latido=1.50s
[RANGO] autosello XLM · ACECHANDO · Oz=0.0 link=— · manos_feria_informe.json
[RANGO] XLMUSDT_LINEAL last=0.1775 · río=WS · mercado=linear · estado=ACECHANDO · dir=— · 0=0.175 · Oz=— · Red=0.18078368 · manos=ON · pos=LONG 306@0.17839643 · latido=1.50s
[2026-08-31 11:26:48] [TUSK] RECONCILIACIÓN: ACUUSDT_LINEAL: interno L:0.000000/S:0.000000 -> real L:215.000000/S:0.000000
[2026-08-31 11:26:48] [TUSK] RECONCILIACIÓN: MONUSDT_LINEAL: interno L:0.000000/S:0.000000 -> real L:5276.000000/S:0.000000
[2026-08-31 11:26:48] [TUSK] RECONCILIACIÓN_FANTASMA: COTIUSDT_LINEAL existe interno pero no en exchange -> reseteando
[2026-08-31 11:26:48] [TUSK] RECONCILIACIÓN_FANTASMA: CRCLUSDT_LINEAL existe interno pero no en exchange -> reseteando
[2026-08-31 11:26:48] [TUSK] RECONCILIACIÓN_OK: 4 frentes alineados con exchange
[RANGO] XLMUSDT_LINEAL last=0.1775 · río=WS · mercado=linear · estado=ACECHANDO · dir=— · 0=0.175 · Oz=— · Red=0.18078368 · manos=ON · pos=LONG 306@0.17839643 · latido=1.50s
[RANGO] autosello XLM · ACECHANDO · Oz=0.0 link=— · manos_feria_informe.json
[RANGO] XLMUSDT_LINEAL last=0.1776 · río=WS · mercado=linear · estado=ACECHANDO · dir=— · 0=0.175 · Oz=— · Red=0.18078368 · manos=ON · pos=LONG 306@0.17839643 · latido=1.50s
[RANGO] autosello XLM · ACECHANDO · Oz=0.0 link=— · manos_feria_informe.json
[RANGO] XLMUSDT_LINEAL last=0.1777 · río=WS · mercado=linear · estado=ACECHANDO · dir=— · 0=0.175 · Oz=— · Red=0.18078368 · manos=ON · pos=LONG 306@0.17839643 · latido=1.50s
[RANGO] XLMUSDT_LINEAL last=0.1775 · río=WS · mercado=linear · estado=ACECHANDO · dir=— · 0=0.175 · Oz=— · Red=0.18078368 · manos=ON · pos=LONG 306@0.17839643 · latido=1.50s
[RANGO] autosello XLM · ACECHANDO · Oz=0.0 link=— · manos_feria_informe.json
[RANGO] XLMUSDT_LINEAL last=0.1776 · río=WS · mercado=linear · estado=ACECHANDO · dir=— · 0=0.175 · Oz=— · Red=0.18078368 · manos=ON · pos=LONG 306@0.17839643 · latido=1.50s
[RANGO] autosello XLM · ACECHANDO · Oz=0.0 link=— · manos_feria_informe.json
[RANGO] XLMUSDT_LINEAL last=0.1778 · río=WS · mercado=linear · estado=ACECHANDO · dir=— · 0=0.175 · Oz=— · Red=0.18078368 · manos=ON · pos=LONG 306@0.17839643 · latido=1.50s
[RANGO] XLMUSDT_LINEAL last=0.1778 · río=WS · mercado=linear · estado=ACECHANDO · dir=— · 0=0.175 · Oz=— · Red=0.18078368 · manos=ON · pos=LONG 306@0.17839643 · latido=1.50s
[RANGO] autosello XLM · ACECHANDO · Oz=0.0 link=— · manos_feria_informe.json
[RANGO] XLMUSDT_LINEAL last=0.1777 · río=WS · mercado=linear · estado=ACECHANDO · dir=— · 0=0.175 · Oz=— · Red=0.18078368 · manos=ON · pos=LONG 306@0.17839643 · latido=1.50s
[RANGO] autosello XLM · ACECHANDO · Oz=0.0 link=— · manos_feria_informe.json
[RANGO] XLMUSDT_LINEAL last=0.1778 · río=WS · mercado=linear · estado=ACECHANDO · dir=— · 0=0.175 · Oz=— · Red=0.18078368 · manos=ON · pos=LONG 306@0.17839643 · latido=1.50s
[RANGO] XLMUSDT_LINEAL last=0.1778 · río=WS · mercado=linear · estado=ACECHANDO · dir=— · 0=0.175 · Oz=— · Red=0.18078368 · manos=ON · pos=LONG 306@0.17839643 · latido=1.50s
[RANGO] autosello XLM · ACECHANDO · Oz=0.0 link=— · manos_feria_informe.json
[RANGO] XLMUSDT_LINEAL last=0.1777 · río=WS · mercado=linear · estado=ACECHANDO · dir=— · 0=0.175 · Oz=— · Red=0.18078368 · manos=ON · pos=LONG 306@0.17839643 · latido=1.50s
[RANGO] autosello XLM · ACECHANDO · Oz=0.0 link=— · manos_feria_informe.json
[RANGO] XLMUSDT_LINEAL last=0.1777 · río=WS · mercado=linear · estado=ACECHANDO · dir=— · 0=0.175 · Oz=— · Red=0.18078368 · manos=ON · pos=LONG 306@0.17839643 · latido=1.50s
[2026-08-31 11:28:51] [TUSK] RECONCILIACIÓN: OUSDT_LINEAL: interno L:0.000000/S:0.000000 -> real L:0.000000/S:34.000000
[2026-08-31 11:28:51] [TUSK] RECONCILIACIÓN: LITUSDT_LINEAL: interno L:0.000000/S:22.400000 -> real L:0.000000/S:20.400000
[2026-08-31 11:28:51] [TUSK] RECONCILIACIÓN_FANTASMA: MONUSDT_LINEAL existe interno pero no en exchange -> reseteando
[2026-08-31 11:28:51] [TUSK] RECONCILIACIÓN_OK: 3 frentes alineados con exchange
[RANGO] XLMUSDT_LINEAL last=0.1775 · río=WS · mercado=linear · estado=ACECHANDO · dir=— · 0=0.175 · Oz=— · Red=0.18078368 · manos=ON · pos=LONG 306@0.17839643 · latido=1.50s
[RANGO] autosello XLM · ACECHANDO · Oz=0.0 link=— · manos_feria_informe.json
[RANGO] XLMUSDT_LINEAL last=0.1776 · río=WS · mercado=linear · estado=ACECHANDO · dir=— · 0=0.175 · Oz=— · Red=0.18078368 · manos=ON · pos=LONG 306@0.17839643 · latido=1.50s
[RANGO] autosello XLM · ACECHANDO · Oz=0.0 link=— · manos_feria_informe.json
[RANGO] XLMUSDT_LINEAL last=0.1776 · río=WS · mercado=linear · estado=ACECHANDO · dir=— · 0=0.175 · Oz=— · Red=0.18078368 · manos=ON · pos=LONG 306@0.17839643 · latido=1.50s
[RANGO] XLMUSDT_LINEAL last=0.1775 · río=WS · mercado=linear · estado=ACECHANDO · dir=— · 0=0.175 · Oz=— · Red=0.18078368 · manos=ON · pos=LONG 306@0.17839643 · latido=1.50s
[RANGO] autosello XLM · ACECHANDO · Oz=0.0 link=— · manos_feria_informe.json
[RANGO] XLMUSDT_LINEAL last=0.1776 · río=WS · mercado=linear · estado=ACECHANDO · dir=— · 0=0.175 · Oz=— · Red=0.18078368 · manos=ON · pos=LONG 306@0.17839643 · latido=1.50s
[RANGO] autosello XLM · ACECHANDO · Oz=0.0 link=— · manos_feria_informe.json
[RANGO] XLMUSDT_LINEAL last=0.1775 · río=WS · mercado=linear · estado=ACECHANDO · dir=— · 0=0.175 · Oz=— · Red=0.18078368 · manos=ON · pos=LONG 306@0.17839643 · latido=1.50s
[2026-08-31 11:29:53] [TUSK] RECONCILIACIÓN: CHIPUSDT_LINEAL: interno L:0.000000/S:0.000000 -> real L:520.000000/S:0.000000
[2026-08-31 11:29:53] [TUSK] RECONCILIACIÓN_FANTASMA: ACUUSDT_LINEAL existe interno pero no en exchange -> reseteando
[2026-08-31 11:29:53] [TUSK] RECONCILIACIÓN_OK: 2 frentes alineados con exchange
[RANGO] XLMUSDT_LINEAL last=0.1777 · río=WS · mercado=linear · estado=ACECHANDO · dir=— · 0=0.175 · Oz=— · Red=0.18078368 · manos=ON · pos=LONG 306@0.17839643 · latido=1.50s
[RANGO] autosello XLM · ACECHANDO · Oz=0.0 link=— · manos_feria_informe.json
[RANGO] XLMUSDT_LINEAL last=0.1779 · río=WS · mercado=linear · estado=ACECHANDO · dir=— · 0=0.175 · Oz=— · Red=0.18078368 · manos=ON · pos=LONG 306@0.17839643 · latido=1.50s
[RANGO] autosello XLM · ACECHANDO · Oz=0.0 link=— · manos_feria_informe.json
[RANGO] XLMUSDT_LINEAL last=0.178 · río=WS · mercado=linear · estado=ACECHANDO · dir=— · 0=0.175 · Oz=— · Red=0.18078368 · manos=ON · pos=LONG 306@0.17839643 · latido=1.50s
[RANGO] XLMUSDT_LINEAL last=0.178 · río=WS · mercado=linear · estado=ACECHANDO · dir=— · 0=0.175 · Oz=— · Red=0.18078368 · manos=ON · pos=LONG 306@0.17839643 · latido=1.50s
[RANGO] autosello XLM · ACECHANDO · Oz=0.0 link=— · manos_feria_informe.json
[RANGO] XLMUSDT_LINEAL last=0.178 · río=WS · mercado=linear · estado=ACECHANDO · dir=— · 0=0.175 · Oz=— · Red=0.18078368 · manos=ON · pos=LONG 306@0.17839643 · latido=1.50s
[RANGO] autosello XLM · ACECHANDO · Oz=0.0 link=— · manos_feria_informe.json
[RANGO] XLMUSDT_LINEAL last=0.1781 · río=WS · mercado=linear · estado=ACECHANDO · dir=— · 0=0.175 · Oz=— · Red=0.18078368 · manos=ON · pos=LONG 306@0.17839643 · latido=1.50s
[RANGO] XLMUSDT_LINEAL last=0.1782 · río=WS · mercado=linear · estado=ACECHANDO · dir=— · 0=0.175 · Oz=— · Red=0.18078368 · manos=ON · pos=LONG 306@0.17839643 · latido=1.50s
[RANGO] autosello XLM · ACECHANDO · Oz=0.0 link=— · manos_feria_informe.json
[RANGO] XLMUSDT_LINEAL last=0.1781 · río=WS · mercado=linear · estado=ACECHANDO · dir=— · 0=0.175 · Oz=— · Red=0.18078368 · manos=ON · pos=LONG 306@0.17839643 · latido=1.50s
[RANGO] autosello XLM · ACECHANDO · Oz=0.0 link=— · manos_feria_informe.json
[RANGO] XLMUSDT_LINEAL last=0.178 · río=WS · mercado=linear · estado=ACECHANDO · dir=— · 0=0.175 · Oz=— · Red=0.18078368 · manos=ON · pos=LONG 306@0.17839643 · latido=1.50s
[RANGO] XLMUSDT_LINEAL last=0.17793 · río=WS · mercado=linear · estado=ACECHANDO · dir=— · 0=0.175 · Oz=— · Red=0.18078368 · manos=ON · pos=LONG 306@0.17839643 · latido=1.50s
[RANGO] autosello XLM · ACECHANDO · Oz=0.0 link=— · manos_feria_informe.json
[RANGO] XLMUSDT_LINEAL last=0.1779 · río=WS · mercado=linear · estado=ACECHANDO · dir=— · 0=0.175 · Oz=— · Red=0.18078368 · manos=ON · pos=LONG 306@0.17839643 · latido=1.50s
[RANGO] autosello XLM · ACECHANDO · Oz=0.0 link=— · manos_feria_informe.json
[RANGO] XLMUSDT_LINEAL last=0.1779 · río=WS · mercado=linear · estado=ACECHANDO · dir=— · 0=0.175 · Oz=— · Red=0.18078368 · manos=ON · pos=LONG 306@0.17839643 · latido=1.50s
[RANGO] XLMUSDT_LINEAL last=0.1779 · río=WS · mercado=linear · estado=ACECHANDO · dir=— · 0=0.175 · Oz=— · Red=0.18078368 · manos=ON · pos=LONG 306@0.17839643 · latido=1.50s
[2026-08-31 11:31:55] [TUSK] RECONCILIACIÓN: NILUSDT_LINEAL: interno L:0.000000/S:0.000000 -> real L:222.000000/S:0.000000
[2026-08-31 11:31:55] [TUSK] RECONCILIACIÓN_FANTASMA: KNCUSDT_LINEAL existe interno pero no en exchange -> reseteando
[2026-08-31 11:31:55] [TUSK] RECONCILIACIÓN_OK: 2 frentes alineados con exchange
[RANGO] autosello XLM · ACECHANDO · Oz=0.0 link=— · manos_feria_informe.json
[RANGO] XLMUSDT_LINEAL last=0.178 · río=WS · mercado=linear · estado=ACECHANDO · dir=— · 0=0.175 · Oz=— · Red=0.18078368 · manos=ON · pos=LONG 306@0.17839643 · latido=1.50s
[RANGO] autosello XLM · ACECHANDO · Oz=0.0 link=— · manos_feria_informe.json
[RANGO] XLMUSDT_LINEAL last=0.1781 · río=WS · mercado=linear · estado=ACECHANDO · dir=— · 0=0.175 · Oz=— · Red=0.18078368 · manos=ON · pos=LONG 306@0.17839643 · latido=1.50s
[RANGO] XLMUSDT_LINEAL last=0.178 · río=WS · mercado=linear · estado=ACECHANDO · dir=— · 0=0.175 · Oz=— · Red=0.18078368 · manos=ON · pos=LONG 306@0.17839643 · latido=1.50s
[RANGO] autosello XLM · ACECHANDO · Oz=0.0 link=— · manos_feria_informe.json
[RANGO] XLMUSDT_LINEAL last=0.1779 · río=WS · mercado=linear · estado=ACECHANDO · dir=— · 0=0.175 · Oz=— · Red=0.18078368 · manos=ON · pos=LONG 306@0.17839643 · latido=1.50s
[RANGO] autosello XLM · ACECHANDO · Oz=0.0 link=— · manos_feria_informe.json
[RANGO] XLMUSDT_LINEAL last=0.178 · río=WS · mercado=linear · estado=ACECHANDO · dir=— · 0=0.175 · Oz=— · Red=0.18078368 · manos=ON · pos=LONG 306@0.17839643 · latido=1.50s
[RANGO] XLMUSDT_LINEAL last=0.1782 · río=WS · mercado=linear · estado=ACECHANDO · dir=— · 0=0.175 · Oz=— · Red=0.18078368 · manos=ON · pos=LONG 306@0.17839643 · latido=1.50s
[2026-08-31 11:32:56] [TUSK] RECONCILIACIÓN_FANTASMA: HYPEUSD_INVERSE existe interno pero no en exchange -> reseteando
[2026-08-31 11:32:56] [TUSK] RECONCILIACIÓN_OK: 1 frentes alineados con exchange
[RANGO] autosello XLM · ACECHANDO · Oz=0.0 link=— · manos_feria_informe.json
[RANGO] XLMUSDT_LINEAL last=0.1782 · río=WS · mercado=linear · estado=ACECHANDO · dir=— · 0=0.175 · Oz=— · Red=0.18078368 · manos=ON · pos=LONG 306@0.17839643 · latido=1.50s
[RANGO] autosello XLM · ACECHANDO · Oz=0.0 link=— · manos_feria_informe.json
[RANGO] XLMUSDT_LINEAL last=0.17824 · río=WS · mercado=linear · estado=ACECHANDO · dir=— · 0=0.175 · Oz=— · Red=0.18078368 · manos=ON · pos=LONG 306@0.17839643 · latido=1.50s
[RANGO] XLMUSDT_LINEAL last=0.1782 · río=WS · mercado=linear · estado=ACECHANDO · dir=— · 0=0.175 · Oz=— · Red=0.18078368 · manos=ON · pos=LONG 306@0.17839643 · latido=1.50s
[RANGO] autosello XLM · ACECHANDO · Oz=0.0 link=— · manos_feria_informe.json
[RANGO] XLMUSDT_LINEAL last=0.17817 · río=WS · mercado=linear · estado=ACECHANDO · dir=— · 0=0.175 · Oz=— · Red=0.18078368 · manos=ON · pos=LONG 306@0.17839643 · latido=1.50s
[RANGO] autosello XLM · ACECHANDO · Oz=0.0 link=— · manos_feria_informe.json
[RANGO] XLMUSDT_LINEAL last=0.1783 · río=WS · mercado=linear · estado=ACECHANDO · dir=— · 0=0.175 · Oz=— · Red=0.18078368 · manos=ON · pos=LONG 306@0.17839643 · latido=1.50s
[RANGO] XLMUSDT_LINEAL last=0.1783 · río=WS · mercado=linear · estado=ACECHANDO · dir=— · 0=0.175 · Oz=— · Red=0.18078368 · manos=ON · pos=LONG 306@0.17839643 · latido=1.50s
[RANGO] autosello XLM · ACECHANDO · Oz=0.0 link=— · manos_feria_informe.json
[RANGO] XLMUSDT_LINEAL last=0.1784 · río=WS · mercado=linear · estado=ACECHANDO · dir=— · 0=0.175 · Oz=— · Red=0.18078368 · manos=ON · pos=LONG 306@0.17839643 · latido=1.50s
[RANGO] autosello XLM · ACECHANDO · Oz=0.0 link=— · manos_feria_informe.json
[RANGO] XLMUSDT_LINEAL last=0.1783 · río=WS · mercado=linear · estado=ACECHANDO · dir=— · 0=0.175 · Oz=— · Red=0.18078368 · manos=ON · pos=LONG 306@0.17839643 · latido=1.50s
[RANGO] XLMUSDT_LINEAL last=0.1783 · río=WS · mercado=linear · estado=ACECHANDO · dir=— · 0=0.175 · Oz=— · Red=0.18078368 · manos=ON · pos=LONG 306@0.17839643 · latido=1.50s
[RANGO] autosello XLM · ACECHANDO · Oz=0.0 link=— · manos_feria_informe.json
[RANGO] XLMUSDT_LINEAL last=0.1782 · río=WS · mercado=linear · estado=ACECHANDO · dir=— · 0=0.175 · Oz=— · Red=0.18078368 · manos=ON · pos=LONG 306@0.17839643 · latido=1.50s
[RANGO] autosello XLM · ACECHANDO · Oz=0.0 link=— · manos_feria_informe.json
[RANGO] XLMUSDT_LINEAL last=0.1781 · río=WS · mercado=linear · estado=ACECHANDO · dir=— · 0=0.175 · Oz=— · Red=0.18078368 · manos=ON · pos=LONG 306@0.17839643 · latido=1.50s
[RANGO] XLMUSDT_LINEAL last=0.1781 · río=WS · mercado=linear · estado=ACECHANDO · dir=— · 0=0.175 · Oz=— · Red=0.18078368 · manos=ON · pos=LONG 306@0.17839643 · latido=1.50s
[RANGO] autosello XLM · ACECHANDO · Oz=0.0 link=— · manos_feria_informe.json
[2026-08-31 11:34:59] [TUSK] RECONCILIACIÓN: KNCUSDT_LINEAL: interno L:0.000000/S:0.000000 -> real L:354.100000/S:0.000000
[2026-08-31 11:34:59] [TUSK] RECONCILIACIÓN_FANTASMA: KSMUSDT_LINEAL existe interno pero no en exchange -> reseteando
[2026-08-31 11:34:59] [TUSK] RECONCILIACIÓN_OK: 2 frentes alineados con exchange
[RANGO] XLMUSDT_LINEAL last=0.1782 · río=WS · mercado=linear · estado=ACECHANDO · dir=— · 0=0.175 · Oz=— · Red=0.18078368 · manos=ON · pos=LONG 306@0.17839643 · latido=1.50s
[RANGO] autosello XLM · ACECHANDO · Oz=0.0 link=— · manos_feria_informe.json
[RANGO] XLMUSDT_LINEAL last=0.1783 · río=WS · mercado=linear · estado=ACECHANDO · dir=— · 0=0.175 · Oz=— · Red=0.18078368 · manos=ON · pos=LONG 306@0.17839643 · latido=1.50s
[RANGO] XLMUSDT_LINEAL last=0.1783 · río=WS · mercado=linear · estado=ACECHANDO · dir=— · 0=0.175 · Oz=— · Red=0.18078368 · manos=ON · pos=LONG 306@0.17839643 · latido=1.50s
[RANGO] autosello XLM · ACECHANDO · Oz=0.0 link=— · manos_feria_informe.json
[RANGO] XLMUSDT_LINEAL last=0.1781 · río=WS · mercado=linear · estado=ACECHANDO · dir=— · 0=0.175 · Oz=— · Red=0.18078368 · manos=ON · pos=LONG 306@0.17839643 · latido=1.50s
[RANGO] autosello XLM · ACECHANDO · Oz=0.0 link=— · manos_feria_informe.json
[RANGO] XLMUSDT_LINEAL last=0.1781 · río=WS · mercado=linear · estado=ACECHANDO · dir=— · 0=0.175 · Oz=— · Red=0.18078368 · manos=ON · pos=LONG 306@0.17839643 · latido=1.50s
[RANGO] XLMUSDT_LINEAL last=0.1782 · río=WS · mercado=linear · estado=ACECHANDO · dir=— · 0=0.175 · Oz=— · Red=0.18078368 · manos=ON · pos=LONG 306@0.17839643 · latido=1.50s
[RANGO] autosello XLM · ACECHANDO · Oz=0.0 link=— · manos_feria_informe.json
[2026-08-31 11:36:00] [TUSK] RECONCILIACIÓN: DASHUSDT_LINEAL: interno L:0.000000/S:1.050000 -> real L:0.000000/S:1.160000
[2026-08-31 11:36:00] [TUSK] RECONCILIACIÓN_OK: 1 frentes alineados con exchange
[RANGO] XLMUSDT_LINEAL last=0.1782 · río=WS · mercado=linear · estado=ACECHANDO · dir=— · 0=0.175 · Oz=— · Red=0.18078368 · manos=ON · pos=LONG 306@0.17839643 · latido=1.50s
[RANGO] autosello XLM · ACECHANDO · Oz=0.0 link=— · manos_feria_informe.json
[RANGO] XLMUSDT_LINEAL last=0.1781 · río=WS · mercado=linear · estado=ACECHANDO · dir=— · 0=0.175 · Oz=— · Red=0.18078368 · manos=ON · pos=LONG 306@0.17839643 · latido=1.50s
[RANGO] XLMUSDT_LINEAL last=0.1782 · río=WS · mercado=linear · estado=ACECHANDO · dir=— · 0=0.175 · Oz=— · Red=0.18078368 · manos=ON · pos=LONG 306@0.17839643 · latido=1.50s
[RANGO] autosello XLM · ACECHANDO · Oz=0.0 link=— · manos_feria_informe.json
[RANGO] XLMUSDT_LINEAL last=0.1782 · río=WS · mercado=linear · estado=ACECHANDO · dir=— · 0=0.175 · Oz=— · Red=0.18078368 · manos=ON · pos=LONG 306@0.17839643 · latido=1.50s
[RANGO] autosello XLM · ACECHANDO · Oz=0.0 link=— · manos_feria_informe.json
[RANGO] XLMUSDT_LINEAL last=0.1783 · río=WS · mercado=linear · estado=ACECHANDO · dir=— · 0=0.175 · Oz=— · Red=0.18078368 · manos=ON · pos=LONG 306@0.17839643 · latido=1.50s
[RANGO] XLMUSDT_LINEAL last=0.1783 · río=WS · mercado=linear · estado=ACECHANDO · dir=— · 0=0.175 · Oz=— · Red=0.18078368 · manos=ON · pos=LONG 306@0.17839643 · latido=1.50s
[RANGO] autosello XLM · ACECHANDO · Oz=0.0 link=— · manos_feria_informe.json
[2026-08-31 11:37:02] [TUSK] RECONCILIACIÓN: ACUUSDT_LINEAL: interno L:0.000000/S:0.000000 -> real L:215.000000/S:0.000000
[2026-08-31 11:37:02] [TUSK] RECONCILIACIÓN: MONUSDT_LINEAL: interno L:0.000000/S:0.000000 -> real L:5276.000000/S:0.000000
[2026-08-31 11:37:02] [TUSK] RECONCILIACIÓN_FANTASMA: MSTRUSDT_LINEAL existe interno pero no en exchange -> reseteando
[2026-08-31 11:37:02] [TUSK] RECONCILIACIÓN_FANTASMA: MORPHOUSDT_LINEAL existe interno pero no en exchange -> reseteando
[2026-08-31 11:37:02] [TUSK] RECONCILIACIÓN_OK: 4 frentes alineados con exchange
[RANGO] XLMUSDT_LINEAL last=0.17841 · río=WS · mercado=linear · estado=ACECHANDO · dir=— · 0=0.175 · Oz=— · Red=0.18078368 · manos=ON · pos=LONG 306@0.17839643 · latido=1.50s
[RANGO] autosello XLM · ACECHANDO · Oz=0.0 link=— · manos_feria_informe.json
[RANGO] XLMUSDT_LINEAL last=0.1784 · río=WS · mercado=linear · estado=ACECHANDO · dir=— · 0=0.175 · Oz=— · Red=0.18078368 · manos=ON · pos=LONG 306@0.17839643 · latido=1.50s
[RANGO] XLMUSDT_LINEAL last=0.1785 · río=WS · mercado=linear · estado=ACECHANDO · dir=— · 0=0.175 · Oz=— · Red=0.18078368 · manos=ON · pos=LONG 306@0.17839643 · latido=1.50s
[RANGO] autosello XLM · ACECHANDO · Oz=0.0 link=— · manos_feria_informe.json
[RANGO] XLMUSDT_LINEAL last=0.1785 · río=WS · mercado=linear · estado=ACECHANDO · dir=— · 0=0.175 · Oz=— · Red=0.18078368 · manos=ON · pos=LONG 306@0.17839643 · latido=1.50s
[RANGO] autosello XLM · ACECHANDO · Oz=0.0 link=— · manos_feria_informe.json
[RANGO] XLMUSDT_LINEAL last=0.1784 · río=WS · mercado=linear · estado=ACECHANDO · dir=— · 0=0.175 · Oz=— · Red=0.18078368 · manos=ON · pos=LONG 306@0.17839643 · latido=1.50s
[RANGO] XLMUSDT_LINEAL last=0.1785 · río=WS · mercado=linear · estado=ACECHANDO · dir=— · 0=0.175 · Oz=— · Red=0.18078368 · manos=ON · pos=LONG 306@0.17839643 · latido=1.50s
[RANGO] autosello XLM · ACECHANDO · Oz=0.0 link=— · manos_feria_informe.json
[2026-08-31 11:38:03] [TUSK] RECONCILIACIÓN: XANUSDT_LINEAL: interno L:0.000000/S:0.000000 -> real L:203.000000/S:0.000000
[2026-08-31 11:38:03] [TUSK] RECONCILIACIÓN_FANTASMA: MONUSDT_LINEAL existe interno pero no en exchange -> reseteando
[2026-08-31 11:38:03] [TUSK] RECONCILIACIÓN_OK: 2 frentes alineados con exchange
[RANGO] XLMUSDT_LINEAL last=0.1786 · río=WS · mercado=linear · estado=ACECHANDO · dir=— · 0=0.175 · Oz=— · Red=0.18078368 · manos=ON · pos=LONG 306@0.17839643 · latido=1.50s
[RANGO] autosello XLM · ACECHANDO · Oz=0.0 link=— · manos_feria_informe.json
[RANGO] XLMUSDT_LINEAL last=0.1785 · río=WS · mercado=linear · estado=ACECHANDO · dir=— · 0=0.175 · Oz=— · Red=0.18078368 · manos=ON · pos=LONG 306@0.17839643 · latido=1.50s
[RANGO] XLMUSDT_LINEAL last=0.1787 · río=WS · mercado=linear · estado=ACECHANDO · dir=— · 0=0.175 · Oz=— · Red=0.18078368 · manos=ON · pos=LONG 306@0.17839643 · latido=1.50s
[RANGO] autosello XLM · ACECHANDO · Oz=0.0 link=— · manos_feria_informe.json
[RANGO] XLMUSDT_LINEAL last=0.1787 · río=WS · mercado=linear · estado=ACECHANDO · dir=— · 0=0.175 · Oz=— · Red=0.18078368 · manos=ON · pos=LONG 306@0.17839643 · latido=1.50s
[RANGO] autosello XLM · ACECHANDO · Oz=0.0 link=— · manos_feria_informe.json
[RANGO] XLMUSDT_LINEAL last=0.1786 · río=WS · mercado=linear · estado=ACECHANDO · dir=— · 0=0.175 · Oz=— · Red=0.18078368 · manos=ON · pos=LONG 306@0.17839643 · latido=1.50s
[RANGO] XLMUSDT_LINEAL last=0.1786 · río=WS · mercado=linear · estado=ACECHANDO · dir=— · 0=0.175 · Oz=— · Red=0.18078368 · manos=ON · pos=LONG 306@0.17839643 · latido=1.50s
[RANGO] autosello XLM · ACECHANDO · Oz=0.0 link=— · manos_feria_informe.json
[2026-08-31 11:39:05] [TUSK] RECONCILIACIÓN: GIGGLEUSDT_LINEAL: interno L:0.000000/S:0.000000 -> real L:0.000000/S:1.906000
[2026-08-31 11:39:05] [TUSK] RECONCILIACIÓN: CRDOUSDT_LINEAL: interno L:0.000000/S:0.000000 -> real L:0.170000/S:0.000000
[2026-08-31 11:39:05] [TUSK] RECONCILIACIÓN_FANTASMA: PLTRUSDT_LINEAL existe interno pero no en exchange -> reseteando
[2026-08-31 11:39:05] [TUSK] RECONCILIACIÓN_FANTASMA: ACUUSDT_LINEAL existe interno pero no en exchange -> reseteando
[2026-08-31 11:39:05] [TUSK] RECONCILIACIÓN_OK: 4 frentes alineados con exchange
[RANGO] XLMUSDT_LINEAL last=0.1787 · río=WS · mercado=linear · estado=ACECHANDO · dir=— · 0=0.175 · Oz=— · Red=0.18078368 · manos=ON · pos=LONG 306@0.17839643 · latido=1.50s
[RANGO] autosello XLM · ACECHANDO · Oz=0.0 link=— · manos_feria_informe.json
[RANGO] XLMUSDT_LINEAL last=0.1786 · río=WS · mercado=linear · estado=ACECHANDO · dir=— · 0=0.175 · Oz=— · Red=0.18078368 · manos=ON · pos=LONG 306@0.17839643 · latido=1.50s
[RANGO] XLMUSDT_LINEAL last=0.1786 · río=WS · mercado=linear · estado=ACECHANDO · dir=— · 0=0.175 · Oz=— · Red=0.18078368 · manos=ON · pos=LONG 306@0.17839643 · latido=1.50s
[RANGO] autosello XLM · ACECHANDO · Oz=0.0 link=— · manos_feria_informe.json
[RANGO] XLMUSDT_LINEAL last=0.1786 · río=WS · mercado=linear · estado=ACECHANDO · dir=— · 0=0.175 · Oz=— · Red=0.18078368 · manos=ON · pos=LONG 306@0.17839643 · latido=1.50s
[RANGO] autosello XLM · ACECHANDO · Oz=0.0 link=— · manos_feria_informe.json
[RANGO] XLMUSDT_LINEAL last=0.1786 · río=WS · mercado=linear · estado=ACECHANDO · dir=— · 0=0.175 · Oz=— · Red=0.18078368 · manos=ON · pos=LONG 306@0.17839643 · latido=1.50s
[RANGO] XLMUSDT_LINEAL last=0.1787 · río=WS · mercado=linear · estado=ACECHANDO · dir=— · 0=0.175 · Oz=— · Red=0.18078368 · manos=ON · pos=LONG 306@0.17839643 · latido=1.50s
[RANGO] autosello XLM · ACECHANDO · Oz=0.0 link=— · manos_feria_informe.json
[RANGO] XLMUSDT_LINEAL last=0.1788 · río=WS · mercado=linear · estado=ACECHANDO · dir=— · 0=0.175 · Oz=— · Red=0.18078368 · manos=ON · pos=LONG 306@0.17839643 · latido=1.50s
[RANGO] autosello XLM · ACECHANDO · Oz=0.0 link=— · manos_feria_informe.json
[RANGO] XLMUSDT_LINEAL last=0.1788 · río=WS · mercado=linear · estado=ACECHANDO · dir=— · 0=0.175 · Oz=— · Red=0.18078368 · manos=ON · pos=LONG 306@0.17839643 · latido=1.50s
[RANGO] XLMUSDT_LINEAL last=0.1786 · río=WS · mercado=linear · estado=ACECHANDO · dir=— · 0=0.175 · Oz=— · Red=0.18078368 · manos=ON · pos=LONG 306@0.17839643 · latido=1.50s
[RANGO] autosello XLM · ACECHANDO · Oz=0.0 link=— · manos_feria_informe.json
[RANGO] XLMUSDT_LINEAL last=0.1786 · río=WS · mercado=linear · estado=ACECHANDO · dir=— · 0=0.175 · Oz=— · Red=0.18078368 · manos=ON · pos=LONG 306@0.17839643 · latido=1.50s
[RANGO] autosello XLM · ACECHANDO · Oz=0.0 link=— · manos_feria_informe.json
[RANGO] XLMUSDT_LINEAL last=0.1787 · río=WS · mercado=linear · estado=ACECHANDO · dir=— · 0=0.175 · Oz=— · Red=0.18078368 · manos=ON · pos=LONG 306@0.17839643 · latido=1.50s
[RANGO] XLMUSDT_LINEAL last=0.1787 · río=WS · mercado=linear · estado=ACECHANDO · dir=— · 0=0.175 · Oz=— · Red=0.18078368 · manos=ON · pos=LONG 306@0.17839643 · latido=1.50s
[RANGO] autosello XLM · ACECHANDO · Oz=0.0 link=— · manos_feria_informe.json
[RANGO] XLMUSDT_LINEAL last=0.1786 · río=WS · mercado=linear · estado=ACECHANDO · dir=— · 0=0.175 · Oz=— · Red=0.18078368 · manos=ON · pos=LONG 306@0.17839643 · latido=1.50s
[2026-08-31 11:41:08] [TUSK] RECONCILIACIÓN: UBUSDT_LINEAL: interno L:0.000000/S:0.000000 -> real L:0.000000/S:330.000000
[2026-08-31 11:41:08] [TUSK] RECONCILIACIÓN_FANTASMA: SUSHIUSDT_LINEAL existe interno pero no en exchange -> reseteando
[2026-08-31 11:41:08] [TUSK] RECONCILIACIÓN_OK: 2 frentes alineados con exchange
[RANGO] autosello XLM · ACECHANDO · Oz=0.0 link=— · manos_feria_informe.json
[RANGO] XLMUSDT_LINEAL last=0.1786 · río=WS · mercado=linear · estado=ACECHANDO · dir=— · 0=0.175 · Oz=— · Red=0.18078368 · manos=ON · pos=LONG 306@0.17839643 · latido=1.50s
[RANGO] XLMUSDT_LINEAL last=0.1785 · río=WS · mercado=linear · estado=ACECHANDO · dir=— · 0=0.175 · Oz=— · Red=0.18078368 · manos=ON · pos=LONG 306@0.17839643 · latido=1.50s
[RANGO] autosello XLM · ACECHANDO · Oz=0.0 link=— · manos_feria_informe.json
[RANGO] XLMUSDT_LINEAL last=0.1788 · río=WS · mercado=linear · estado=ACECHANDO · dir=— · 0=0.175 · Oz=— · Red=0.18078368 · manos=ON · pos=LONG 306@0.17839643 · latido=1.50s
[RANGO] autosello XLM · ACECHANDO · Oz=0.0 link=— · manos_feria_informe.json
[RANGO] XLMUSDT_LINEAL last=0.1788 · río=WS · mercado=linear · estado=ACECHANDO · dir=— · 0=0.175 · Oz=— · Red=0.18078368 · manos=ON · pos=LONG 306@0.17839643 · latido=1.50s
[RANGO] XLMUSDT_LINEAL last=0.1788 · río=WS · mercado=linear · estado=ACECHANDO · dir=— · 0=0.175 · Oz=— · Red=0.18078368 · manos=ON · pos=LONG 306@0.17839643 · latido=1.50s
[RANGO] autosello XLM · ACECHANDO · Oz=0.0 link=— · manos_feria_informe.json
[RANGO] XLMUSDT_LINEAL last=0.1789 · río=WS · mercado=linear · estado=ACECHANDO · dir=— · 0=0.175 · Oz=— · Red=0.18078368 · manos=ON · pos=LONG 306@0.17839643 · latido=1.50s
[2026-08-31 11:42:10] [TUSK] RECONCILIACIÓN: ACUUSDT_LINEAL: interno L:0.000000/S:0.000000 -> real L:215.000000/S:0.000000
[2026-08-31 11:42:10] [TUSK] RECONCILIACIÓN: MONUSDT_LINEAL: interno L:0.000000/S:0.000000 -> real L:5276.000000/S:0.000000
[2026-08-31 11:42:10] [TUSK] RECONCILIACIÓN: XRPUSD_INVERSE: interno L:230.000000/S:0.000000 -> real L:224.000000/S:0.000000
[2026-08-31 11:42:10] [TUSK] RECONCILIACIÓN_FANTASMA: TRBUSDT_LINEAL existe interno pero no en exchange -> reseteando
[2026-08-31 11:42:10] [TUSK] RECONCILIACIÓN_FANTASMA: SYRUPUSDT_LINEAL existe interno pero no en exchange -> reseteando
[2026-08-31 11:42:10] [TUSK] RECONCILIACIÓN_OK: 5 frentes alineados con exchange
[RANGO] autosello XLM · ACECHANDO · Oz=0.0 link=— · manos_feria_informe.json
[RANGO] XLMUSDT_LINEAL last=0.1789 · río=WS · mercado=linear · estado=ACECHANDO · dir=— · 0=0.175 · Oz=— · Red=0.18078368 · manos=ON · pos=LONG 306@0.17839643 · latido=1.50s
[RANGO] XLMUSDT_LINEAL last=0.1789 · río=WS · mercado=linear · estado=ACECHANDO · dir=— · 0=0.175 · Oz=— · Red=0.18078368 · manos=ON · pos=LONG 306@0.17839643 · latido=1.50s
[RANGO] autosello XLM · ACECHANDO · Oz=0.0 link=— · manos_feria_informe.json
[RANGO] XLMUSDT_LINEAL last=0.1789 · río=WS · mercado=linear · estado=ACECHANDO · dir=— · 0=0.175 · Oz=— · Red=0.18078368 · manos=ON · pos=LONG 306@0.17839643 · latido=1.50s
[RANGO] autosello XLM · ACECHANDO · Oz=0.0 link=— · manos_feria_informe.json
[RANGO] XLMUSDT_LINEAL last=0.1787 · río=WS · mercado=linear · estado=ACECHANDO · dir=— · 0=0.175 · Oz=— · Red=0.18078368 · manos=ON · pos=LONG 306@0.17839643 · latido=1.50s
[RANGO] XLMUSDT_LINEAL last=0.1787 · río=WS · mercado=linear · estado=ACECHANDO · dir=— · 0=0.175 · Oz=— · Red=0.18078368 · manos=ON · pos=LONG 306@0.17839643 · latido=1.50s
[RANGO] autosello XLM · ACECHANDO · Oz=0.0 link=— · manos_feria_informe.json
[RANGO] XLMUSDT_LINEAL last=0.1786 · río=WS · mercado=linear · estado=ACECHANDO · dir=— · 0=0.175 · Oz=— · Red=0.18078368 · manos=ON · pos=LONG 306@0.17839643 · latido=1.50s
[2026-08-31 11:43:11] [TUSK] RECONCILIACIÓN: ASTSUSDT_LINEAL: interno L:0.000000/S:0.000000 -> real L:0.780000/S:0.000000
[2026-08-31 11:43:11] [TUSK] RECONCILIACIÓN_FANTASMA: TWTUSDT_LINEAL existe interno pero no en exchange -> reseteando
[2026-08-31 11:43:11] [TUSK] RECONCILIACIÓN_OK: 2 frentes alineados con exchange
[RANGO] autosello XLM · ACECHANDO · Oz=0.0 link=— · manos_feria_informe.json
[RANGO] XLMUSDT_LINEAL last=0.1786 · río=WS · mercado=linear · estado=ACECHANDO · dir=— · 0=0.175 · Oz=— · Red=0.18078368 · manos=ON · pos=LONG 306@0.17839643 · latido=1.50s
[RANGO] XLMUSDT_LINEAL last=0.1786 · río=WS · mercado=linear · estado=ACECHANDO · dir=— · 0=0.175 · Oz=— · Red=0.18078368 · manos=ON · pos=LONG 306@0.17839643 · latido=1.50s
[RANGO] autosello XLM · ACECHANDO · Oz=0.0 link=— · manos_feria_informe.json
[RANGO] XLMUSDT_LINEAL last=0.1786 · río=WS · mercado=linear · estado=ACECHANDO · dir=— · 0=0.175 · Oz=— · Red=0.18078368 · manos=ON · pos=LONG 306@0.17839643 · latido=1.50s
