
════════════════════════════════════════════════════════
    ARISE BERU RANGO — MANOS ON
    Santo: ZKPUSDT_LINEAL · mercado=linear · perfil=feria · Vacío ±2.2% · masa $5.0 · Red $5.0
    FASE: HIERRO | SIM=False | TESTNET=False
════════════════════════════════════════════════════════
[2026-08-31 08:05:33] [BRIDGE] LEVERAGE_ERROR: ZKPUSD 25x: params error: symbol invalid ZKPUSD (ErrCode: 10001) (ErrTime: 14:05:33).
Request → POST https://api.bybit.com/v5/position/set-leverage: {"category": "inverse", "symbol": "ZKPUSD", "buyLeverage": "25", "sellLeverage": "25"}.
[BELLION OIDO · CRITICO] BRIDGE LEVERAGE_ERROR
[2026-08-31 08:05:33] [BRIDGE] LEVERAGE_ERROR: ZKPUSD 20x: params error: symbol invalid ZKPUSD (ErrCode: 10001) (ErrTime: 14:05:33).
Request → POST https://api.bybit.com/v5/position/set-leverage: {"category": "inverse", "symbol": "ZKPUSD", "buyLeverage": "20", "sellLeverage": "20"}.
[BELLION OIDO · CRITICO] BRIDGE LEVERAGE_ERROR
[2026-08-31 08:05:33] [BRIDGE] LEVERAGE_ERROR: ZKPUSD 15x: params error: symbol invalid ZKPUSD (ErrCode: 10001) (ErrTime: 14:05:33).
Request → POST https://api.bybit.com/v5/position/set-leverage: {"category": "inverse", "symbol": "ZKPUSD", "buyLeverage": "15", "sellLeverage": "15"}.
[BELLION OIDO · CRITICO] BRIDGE LEVERAGE_ERROR
[2026-08-31 08:05:33] [BRIDGE] LEVERAGE_ERROR: ZKPUSD 12x: params error: symbol invalid ZKPUSD (ErrCode: 10001) (ErrTime: 14:05:33).
Request → POST https://api.bybit.com/v5/position/set-leverage: {"category": "inverse", "symbol": "ZKPUSD", "buyLeverage": "12", "sellLeverage": "12"}.
[BELLION OIDO · CRITICO] BRIDGE LEVERAGE_ERROR
[2026-08-31 08:05:34] [BRIDGE] LEVERAGE_ERROR: ZKPUSD 10x: params error: symbol invalid ZKPUSD (ErrCode: 10001) (ErrTime: 14:05:34).
Request → POST https://api.bybit.com/v5/position/set-leverage: {"category": "inverse", "symbol": "ZKPUSD", "buyLeverage": "10", "sellLeverage": "10"}.
[BELLION OIDO · CRITICO] BRIDGE LEVERAGE_ERROR
[2026-08-31 08:05:34] [BRIDGE] LEVERAGE_ERROR: ZKPUSD 8x: params error: symbol invalid ZKPUSD (ErrCode: 10001) (ErrTime: 14:05:34).
Request → POST https://api.bybit.com/v5/position/set-leverage: {"category": "inverse", "symbol": "ZKPUSD", "buyLeverage": "8", "sellLeverage": "8"}.
[BELLION OIDO · CRITICO] BRIDGE LEVERAGE_ERROR
[2026-08-31 08:05:34] [BRIDGE] LEVERAGE_ERROR: ZKPUSD 5x: params error: symbol invalid ZKPUSD (ErrCode: 10001) (ErrTime: 14:05:34).
Request → POST https://api.bybit.com/v5/position/set-leverage: {"category": "inverse", "symbol": "ZKPUSD", "buyLeverage": "5", "sellLeverage": "5"}.
[BELLION OIDO · CRITICO] BRIDGE LEVERAGE_ERROR
[2026-08-31 08:05:34] [BRIDGE] LEVERAGE_ERROR: ZKPUSD 3x: params error: symbol invalid ZKPUSD (ErrCode: 10001) (ErrTime: 14:05:34).
Request → POST https://api.bybit.com/v5/position/set-leverage: {"category": "inverse", "symbol": "ZKPUSD", "buyLeverage": "3", "sellLeverage": "3"}.
[BELLION OIDO · CRITICO] BRIDGE LEVERAGE_ERROR
[2026-08-31 08:05:35] [BRIDGE] LEVERAGE_ERROR: ZKPUSD 2x: params error: symbol invalid ZKPUSD (ErrCode: 10001) (ErrTime: 14:05:35).
Request → POST https://api.bybit.com/v5/position/set-leverage: {"category": "inverse", "symbol": "ZKPUSD", "buyLeverage": "2", "sellLeverage": "2"}.
[BELLION OIDO · CRITICO] BRIDGE LEVERAGE_ERROR
[2026-08-31 08:05:35] [BRIDGE] LEVERAGE_ERROR: ZKPUSD 1x: params error: symbol invalid ZKPUSD (ErrCode: 10001) (ErrTime: 14:05:35).
Request → POST https://api.bybit.com/v5/position/set-leverage: {"category": "inverse", "symbol": "ZKPUSD", "buyLeverage": "1", "sellLeverage": "1"}.
[BELLION OIDO · CRITICO] BRIDGE LEVERAGE_ERROR
[2026-08-31 08:05:35] [BRIDGE] LEVERAGE_ERROR: ZKPUSD 23x: params error: symbol invalid ZKPUSD (ErrCode: 10001) (ErrTime: 14:05:35).
Request → POST https://api.bybit.com/v5/position/set-leverage: {"category": "inverse", "symbol": "ZKPUSD", "buyLeverage": "23", "sellLeverage": "23"}.
[BELLION OIDO · CRITICO] BRIDGE LEVERAGE_ERROR
[2026-08-31 08:05:35] [BRIDGE] LEVERAGE_ERROR: ZKPUSD 21x: params error: symbol invalid ZKPUSD (ErrCode: 10001) (ErrTime: 14:05:35).
Request → POST https://api.bybit.com/v5/position/set-leverage: {"category": "inverse", "symbol": "ZKPUSD", "buyLeverage": "21", "sellLeverage": "21"}.
[BELLION OIDO · CRITICO] BRIDGE LEVERAGE_ERROR
[2026-08-31 08:05:36] [BRIDGE] LEVERAGE_ERROR: ZKPUSD 19x: params error: symbol invalid ZKPUSD (ErrCode: 10001) (ErrTime: 14:05:36).
Request → POST https://api.bybit.com/v5/position/set-leverage: {"category": "inverse", "symbol": "ZKPUSD", "buyLeverage": "19", "sellLeverage": "19"}.
[BELLION OIDO · CRITICO] BRIDGE LEVERAGE_ERROR
[2026-08-31 08:05:36] [BRIDGE] LEVERAGE_ERROR: ZKPUSD 17x: params error: symbol invalid ZKPUSD (ErrCode: 10001) (ErrTime: 14:05:36).
Request → POST https://api.bybit.com/v5/position/set-leverage: {"category": "inverse", "symbol": "ZKPUSD", "buyLeverage": "17", "sellLeverage": "17"}.
[BELLION OIDO · CRITICO] BRIDGE LEVERAGE_ERROR
[2026-08-31 08:05:36] [BRIDGE] LEVERAGE_ERROR: ZKPUSD 13x: params error: symbol invalid ZKPUSD (ErrCode: 10001) (ErrTime: 14:05:36).
Request → POST https://api.bybit.com/v5/position/set-leverage: {"category": "inverse", "symbol": "ZKPUSD", "buyLeverage": "13", "sellLeverage": "13"}.
[BELLION OIDO · CRITICO] BRIDGE LEVERAGE_ERROR
[2026-08-31 08:05:36] [BRIDGE] LEVERAGE_ERROR: ZKPUSD 11x: params error: symbol invalid ZKPUSD (ErrCode: 10001) (ErrTime: 14:05:36).
Request → POST https://api.bybit.com/v5/position/set-leverage: {"category": "inverse", "symbol": "ZKPUSD", "buyLeverage": "11", "sellLeverage": "11"}.
[BELLION OIDO · CRITICO] BRIDGE LEVERAGE_ERROR
[2026-08-31 08:05:37] [BRIDGE] LEVERAGE_ERROR: ZKPUSD 9x: params error: symbol invalid ZKPUSD (ErrCode: 10001) (ErrTime: 14:05:37).
Request → POST https://api.bybit.com/v5/position/set-leverage: {"category": "inverse", "symbol": "ZKPUSD", "buyLeverage": "9", "sellLeverage": "9"}.
[BELLION OIDO · CRITICO] BRIDGE LEVERAGE_ERROR
[2026-08-31 08:05:37] [BRIDGE] LEVERAGE_ERROR: ZKPUSD 7x: params error: symbol invalid ZKPUSD (ErrCode: 10001) (ErrTime: 14:05:37).
Request → POST https://api.bybit.com/v5/position/set-leverage: {"category": "inverse", "symbol": "ZKPUSD", "buyLeverage": "7", "sellLeverage": "7"}.
[BELLION OIDO · CRITICO] BRIDGE LEVERAGE_ERROR
[2026-08-31 08:05:37] [BRIDGE] LEVERAGE_ERROR: ZKPUSD 24x: params error: symbol invalid ZKPUSD (ErrCode: 10001) (ErrTime: 14:05:37).
Request → POST https://api.bybit.com/v5/position/set-leverage: {"category": "inverse", "symbol": "ZKPUSD", "buyLeverage": "24", "sellLeverage": "24"}.
[BELLION OIDO · CRITICO] BRIDGE LEVERAGE_ERROR
[2026-08-31 08:05:38] [BRIDGE] LEVERAGE_ERROR: ZKPUSD 22x: params error: symbol invalid ZKPUSD (ErrCode: 10001) (ErrTime: 14:05:38).
Request → POST https://api.bybit.com/v5/position/set-leverage: {"category": "inverse", "symbol": "ZKPUSD", "buyLeverage": "22", "sellLeverage": "22"}.
[BELLION OIDO · CRITICO] BRIDGE LEVERAGE_ERROR
[2026-08-31 08:05:38] [BRIDGE] LEVERAGE_ERROR: ZKPUSD 18x: params error: symbol invalid ZKPUSD (ErrCode: 10001) (ErrTime: 14:05:38).
Request → POST https://api.bybit.com/v5/position/set-leverage: {"category": "inverse", "symbol": "ZKPUSD", "buyLeverage": "18", "sellLeverage": "18"}.
[BELLION OIDO · CRITICO] BRIDGE LEVERAGE_ERROR
[2026-08-31 08:05:38] [BRIDGE] LEVERAGE_ERROR: ZKPUSD 16x: params error: symbol invalid ZKPUSD (ErrCode: 10001) (ErrTime: 14:05:38).
Request → POST https://api.bybit.com/v5/position/set-leverage: {"category": "inverse", "symbol": "ZKPUSD", "buyLeverage": "16", "sellLeverage": "16"}.
[BELLION OIDO · CRITICO] BRIDGE LEVERAGE_ERROR
[2026-08-31 08:05:38] [BRIDGE] LEVERAGE_ERROR: ZKPUSD 14x: params error: symbol invalid ZKPUSD (ErrCode: 10001) (ErrTime: 14:05:38).
Request → POST https://api.bybit.com/v5/position/set-leverage: {"category": "inverse", "symbol": "ZKPUSD", "buyLeverage": "14", "sellLeverage": "14"}.
[BELLION OIDO · CRITICO] BRIDGE LEVERAGE_ERROR
[2026-08-31 08:05:39] [BRIDGE] LEVERAGE_ERROR: ZKPUSD 6x: params error: symbol invalid ZKPUSD (ErrCode: 10001) (ErrTime: 14:05:39).
Request → POST https://api.bybit.com/v5/position/set-leverage: {"category": "inverse", "symbol": "ZKPUSD", "buyLeverage": "6", "sellLeverage": "6"}.
[BELLION OIDO · CRITICO] BRIDGE LEVERAGE_ERROR
[2026-08-31 08:05:39] [BRIDGE] LEVERAGE_ERROR: ZKPUSD 4x: params error: symbol invalid ZKPUSD (ErrCode: 10001) (ErrTime: 14:05:39).
Request → POST https://api.bybit.com/v5/position/set-leverage: {"category": "inverse", "symbol": "ZKPUSD", "buyLeverage": "4", "sellLeverage": "4"}.
[BELLION OIDO · CRITICO] BRIDGE LEVERAGE_ERROR
[2026-08-31 08:05:39] [IGRIS] LEVERAGE_MAX_AVISO: ZKP · ZKPUSD (inverse): pedido 25x · Bybit NO dejó · params error: symbol invalid ZKPUSD (ErrCode: 10001) (ErrTime: 14:05:39).
Request → POST https://api.bybit.com/v5/position/set-leverage: {"category": "inverse", "symbol": "ZKPUSD", "buyLeverage": "4", "sellLeverage": "4"}.
[BELLION OIDO · CRITICO] IGRIS LEVERAGE_MAX_AVISO
[2026-08-31 08:05:39] [IGRIS] LEVERAGE_MAX_OK: ZKP · ZKPUSDT (linear): 25x (techo catálogo)
[RANGO] apalanc ZKP AVISO: [{'ok': False, 'activo': 'ZKP', 'symbol': 'ZKPUSD', 'category': 'inverse', 'pedido': 25, 'aplicado': None, 'motivo': 'params error: symbol invalid ZKPUSD (ErrCode: 10001) (ErrTime: 14:05:39).\nRequest → POST https://api.bybit.com/v5/position/set-leverage: {"category": "inverse", "symbol": "ZKPUSD", "buyLeverage": "4", "sellLeverage": "4"}.'}]
[2026-08-31 08:05:41] [TUSK] RECONCILIACIÓN: SAMSUNGUSDT_LINEAL: interno L:0.000000/S:0.000000 -> real L:0.000000/S:0.110000
[2026-08-31 08:05:41] [TUSK] RECONCILIACIÓN: QNTXUSDT_LINEAL: interno L:0.000000/S:0.000000 -> real L:0.200000/S:0.000000
[2026-08-31 08:05:41] [TUSK] RECONCILIACIÓN: AEHRUSDT_LINEAL: interno L:0.000000/S:0.000000 -> real L:0.090000/S:0.000000
[2026-08-31 08:05:41] [TUSK] RECONCILIACIÓN: BSPUSDT_LINEAL: interno L:0.000000/S:0.000000 -> real L:0.170000/S:0.000000
[2026-08-31 08:05:41] [TUSK] RECONCILIACIÓN: WDCUSDT_LINEAL: interno L:0.000000/S:0.000000 -> real L:0.020000/S:0.000000
[2026-08-31 08:05:41] [TUSK] RECONCILIACIÓN: BLUAIUSDT_LINEAL: interno L:0.000000/S:0.000000 -> real L:850.000000/S:0.000000
[2026-08-31 08:05:41] [TUSK] RECONCILIACIÓN: COTIUSDT_LINEAL: interno L:0.000000/S:0.000000 -> real L:1588.000000/S:0.000000
[2026-08-31 08:05:41] [TUSK] RECONCILIACIÓN: LITUSDT_LINEAL: interno L:0.000000/S:0.000000 -> real L:0.000000/S:20.800000
[2026-08-31 08:05:41] [TUSK] RECONCILIACIÓN: PLTRUSDT_LINEAL: interno L:0.000000/S:0.000000 -> real L:0.030000/S:0.000000
[2026-08-31 08:05:41] [TUSK] RECONCILIACIÓN: BIOUSDT_LINEAL: interno L:0.000000/S:0.000000 -> real L:1016.000000/S:0.000000
[2026-08-31 08:05:41] [TUSK] RECONCILIACIÓN: TSLLUSDT_LINEAL: interno L:0.000000/S:0.000000 -> real L:1.150000/S:0.000000
[2026-08-31 08:05:41] [TUSK] RECONCILIACIÓN: POWERUSDT_LINEAL: interno L:0.000000/S:0.000000 -> real L:67.000000/S:0.000000
[2026-08-31 08:05:41] [TUSK] RECONCILIACIÓN: SNXXUSDT_LINEAL: interno L:0.000000/S:0.000000 -> real L:6.450000/S:0.000000
[2026-08-31 08:05:41] [TUSK] RECONCILIACIÓN: KSMUSDT_LINEAL: interno L:0.000000/S:0.000000 -> real L:13.470000/S:0.000000
[2026-08-31 08:05:41] [TUSK] RECONCILIACIÓN: MRVLUSDT_LINEAL: interno L:0.000000/S:0.000000 -> real L:1.050000/S:0.000000
[2026-08-31 08:05:41] [TUSK] RECONCILIACIÓN: CRCLUSDT_LINEAL: interno L:0.000000/S:0.000000 -> real L:0.410000/S:0.000000
[2026-08-31 08:05:41] [TUSK] RECONCILIACIÓN: MVLLUSDT_LINEAL: interno L:0.000000/S:0.000000 -> real L:3.550000/S:0.000000
[2026-08-31 08:05:41] [TUSK] RECONCILIACIÓN: CRDOUSDT_LINEAL: interno L:0.000000/S:0.000000 -> real L:0.110000/S:0.000000
[2026-08-31 08:05:41] [TUSK] RECONCILIACIÓN: ZBCNUSDT_LINEAL: interno L:0.000000/S:0.000000 -> real L:9700.000000/S:0.000000
[2026-08-31 08:05:41] [TUSK] RECONCILIACIÓN: FLYUSDT_LINEAL: interno L:0.000000/S:0.000000 -> real L:0.090000/S:0.000000
[2026-08-31 08:05:41] [TUSK] RECONCILIACIÓN: LTCUSD_INVERSE: interno L:0.000000/S:0.000000 -> real L:234.000000/S:0.000000
[2026-08-31 08:05:41] [TUSK] RECONCILIACIÓN: DOGEUSD_INVERSE: interno L:0.000000/S:0.000000 -> real L:219.000000/S:0.000000
[2026-08-31 08:05:41] [TUSK] RECONCILIACIÓN: ETHUSD_INVERSE: interno L:0.000000/S:0.000000 -> real L:190.000000/S:0.000000
[2026-08-31 08:05:41] [TUSK] RECONCILIACIÓN: HYPEUSD_INVERSE: interno L:0.000000/S:0.000000 -> real L:291.000000/S:0.000000
[2026-08-31 08:05:41] [TUSK] RECONCILIACIÓN: SOLUSD_INVERSE: interno L:0.000000/S:0.000000 -> real L:201.000000/S:0.000000
[2026-08-31 08:05:42] [TUSK] RECONCILIACIÓN: BTCUSD_INVERSE: interno L:0.000000/S:0.000000 -> real L:202.000000/S:0.000000
[2026-08-31 08:05:42] [TUSK] RECONCILIACIÓN: XRPUSD_INVERSE: interno L:0.000000/S:0.000000 -> real L:230.000000/S:0.000000
[2026-08-31 08:05:42] [TUSK] RECONCILIACIÓN: FILUSD_INVERSE: interno L:0.000000/S:0.000000 -> real L:198.000000/S:0.000000
[2026-08-31 08:05:42] [TUSK] RECONCILIACIÓN: MNTUSD_INVERSE: interno L:0.000000/S:0.000000 -> real L:69.000000/S:0.000000
[2026-08-31 08:05:42] [TUSK] RECONCILIACIÓN: AAVEUSD_INVERSE: interno L:0.000000/S:0.000000 -> real L:178.000000/S:0.000000
[2026-08-31 08:05:42] [TUSK] RECONCILIACIÓN: APTUSD_INVERSE: interno L:0.000000/S:0.000000 -> real L:210.000000/S:0.000000
[2026-08-31 08:05:42] [TUSK] RECONCILIACIÓN: AVAXUSD_INVERSE: interno L:0.000000/S:0.000000 -> real L:200.000000/S:0.000000
[2026-08-31 08:05:42] [TUSK] RECONCILIACIÓN: BCHUSD_INVERSE: interno L:0.000000/S:0.000000 -> real L:180.000000/S:0.000000
[2026-08-31 08:05:42] [TUSK] RECONCILIACIÓN: ETCUSD_INVERSE: interno L:0.000000/S:0.000000 -> real L:283.000000/S:0.000000
[2026-08-31 08:05:42] [TUSK] RECONCILIACIÓN: LINKUSD_INVERSE: interno L:0.000000/S:0.000000 -> real L:199.000000/S:0.000000
[2026-08-31 08:05:42] [TUSK] RECONCILIACIÓN: NEARUSD_INVERSE: interno L:0.000000/S:0.000000 -> real L:113.000000/S:0.000000
[2026-08-31 08:05:42] [TUSK] RECONCILIACIÓN: OPUSD_INVERSE: interno L:0.000000/S:0.000000 -> real L:225.000000/S:0.000000
[2026-08-31 08:05:42] [TUSK] RECONCILIACIÓN: SUIUSD_INVERSE: interno L:0.000000/S:0.000000 -> real L:208.000000/S:0.000000
[2026-08-31 08:05:42] [TUSK] RECONCILIACIÓN: XLMUSD_INVERSE: interno L:0.000000/S:0.000000 -> real L:206.000000/S:0.000000
[2026-08-31 08:05:42] [TUSK] RECONCILIACIÓN: DOTUSD_INVERSE: interno L:0.000000/S:0.000000 -> real L:200.000000/S:0.000000
[2026-08-31 08:05:42] [TUSK] RECONCILIACIÓN_OK: 40 frentes alineados con exchange
[RANGO] Checkpoint SEMILLA · forzado --desde-cero · edad=—s · pos=0
[2026-08-31 08:05:42] [BERU_RANGO] WAKE: RANGO_ZKP_5a0944bd 0=0.047000 Vacío ±2.2% → trailing Oz 0.2% · masa $5.00 · Red→$5.
[BERU_RANGO] WAKE RANGO_ZKP_5a0944bd 0=0.047 precio=0.047 masa_usd=5.0
[RANGO] Wake ZKP 0=0.047 · Red=— · sangre=— · estado=ACECHANDO · Oz=— · manos=True · bridge=ON · SEMILLA

[RANGO] Hilo vivo · Stop/amend/Market permitidos · Ctrl+C sella.

[TANK] Trinidad 22 activos | pentiverso ['LTC', 'BTC'] | beru ['ETHUSDT_SPOT'] | ref: ETH (HIERRO).
[2026-08-31 08:05:42] [BRIDGE] TRINIDAD: Sentidos[beru_rango]: catalog 803+40 lin | 0+0 inv | 0 spot · WS 1 shards · tickers=1 · books=OFF · trades=ON · bases=ZKP
[RANGO] ZKPUSDT_LINEAL last=0.047 · río=WS · mercado=linear · estado=ACECHANDO · dir=— · 0=0.047 · Oz=— · Red=— · manos=ON · pos=flat · latido=1.50s
[RANGO] autosello ZKP · ACECHANDO · Oz=0.0 link=— · manos_feria_informe.json
[RANGO] ZKPUSDT_LINEAL last=0.047 · río=WS · mercado=linear · estado=ACECHANDO · dir=— · 0=0.047 · Oz=— · Red=— · manos=ON · pos=flat · latido=1.50s
[RANGO] autosello ZKP · ACECHANDO · Oz=0.0 link=— · manos_feria_informe.json
[RANGO] ZKPUSDT_LINEAL last=0.04709 · río=WS · mercado=linear · estado=ACECHANDO · dir=— · 0=0.047 · Oz=— · Red=— · manos=ON · pos=flat · latido=1.50s
[RANGO] ZKPUSDT_LINEAL last=0.04713 · río=WS · mercado=linear · estado=ACECHANDO · dir=— · 0=0.047 · Oz=— · Red=— · manos=ON · pos=flat · latido=1.50s
[RANGO] autosello ZKP · ACECHANDO · Oz=0.0 link=— · manos_feria_informe.json
[RANGO] ZKPUSDT_LINEAL last=0.0471 · río=WS · mercado=linear · estado=ACECHANDO · dir=— · 0=0.047 · Oz=— · Red=— · manos=ON · pos=flat · latido=1.50s
[RANGO] autosello ZKP · ACECHANDO · Oz=0.0 link=— · manos_feria_informe.json
[RANGO] ZKPUSDT_LINEAL last=0.04705 · río=WS · mercado=linear · estado=ACECHANDO · dir=— · 0=0.047 · Oz=— · Red=— · manos=ON · pos=flat · latido=1.50s
[2026-08-31 08:06:45] [TUSK] RECONCILIACIÓN: NILUSDT_LINEAL: interno L:0.000000/S:0.000000 -> real L:220.000000/S:0.000000
[2026-08-31 08:06:45] [TUSK] RECONCILIACIÓN_FANTASMA: FLYUSDT_LINEAL existe interno pero no en exchange -> reseteando
[2026-08-31 08:06:45] [TUSK] RECONCILIACIÓN_OK: 2 frentes alineados con exchange
[RANGO] ZKPUSDT_LINEAL last=0.04706 · río=WS · mercado=linear · estado=ACECHANDO · dir=— · 0=0.047 · Oz=— · Red=— · manos=ON · pos=flat · latido=1.50s
[RANGO] autosello ZKP · ACECHANDO · Oz=0.0 link=— · manos_feria_informe.json
[RANGO] ZKPUSDT_LINEAL last=0.04701 · río=WS · mercado=linear · estado=ACECHANDO · dir=— · 0=0.047 · Oz=— · Red=— · manos=ON · pos=flat · latido=1.50s
[RANGO] autosello ZKP · ACECHANDO · Oz=0.0 link=— · manos_feria_informe.json
[RANGO] ZKPUSDT_LINEAL last=0.04698 · río=WS · mercado=linear · estado=ACECHANDO · dir=— · 0=0.047 · Oz=— · Red=— · manos=ON · pos=flat · latido=1.50s
[RANGO] ZKPUSDT_LINEAL last=0.04698 · río=WS · mercado=linear · estado=ACECHANDO · dir=— · 0=0.047 · Oz=— · Red=— · manos=ON · pos=flat · latido=1.50s
[RANGO] autosello ZKP · ACECHANDO · Oz=0.0 link=— · manos_feria_informe.json
[RANGO] ZKPUSDT_LINEAL last=0.04695 · río=WS · mercado=linear · estado=ACECHANDO · dir=— · 0=0.047 · Oz=— · Red=— · manos=ON · pos=flat · latido=1.50s
[RANGO] autosello ZKP · ACECHANDO · Oz=0.0 link=— · manos_feria_informe.json
[RANGO] ZKPUSDT_LINEAL last=0.047 · río=WS · mercado=linear · estado=ACECHANDO · dir=— · 0=0.047 · Oz=— · Red=— · manos=ON · pos=flat · latido=1.50s
[2026-08-31 08:07:46] [TUSK] RECONCILIACIÓN: NBISUSDT_LINEAL: interno L:0.000000/S:0.000000 -> real L:0.000000/S:0.050000
[2026-08-31 08:07:46] [TUSK] RECONCILIACIÓN_FANTASMA: ZBCNUSDT_LINEAL existe interno pero no en exchange -> reseteando
[2026-08-31 08:07:46] [TUSK] RECONCILIACIÓN_OK: 2 frentes alineados con exchange
[RANGO] ZKPUSDT_LINEAL last=0.04684 · río=WS · mercado=linear · estado=ACECHANDO · dir=— · 0=0.047 · Oz=— · Red=— · manos=ON · pos=flat · latido=1.50s
[RANGO] autosello ZKP · ACECHANDO · Oz=0.0 link=— · manos_feria_informe.json
[RANGO] ZKPUSDT_LINEAL last=0.04685 · río=WS · mercado=linear · estado=ACECHANDO · dir=— · 0=0.047 · Oz=— · Red=— · manos=ON · pos=flat · latido=1.50s
[RANGO] autosello ZKP · ACECHANDO · Oz=0.0 link=— · manos_feria_informe.json
[RANGO] ZKPUSDT_LINEAL last=0.04687 · río=WS · mercado=linear · estado=ACECHANDO · dir=— · 0=0.047 · Oz=— · Red=— · manos=ON · pos=flat · latido=1.50s
[RANGO] ZKPUSDT_LINEAL last=0.04695 · río=WS · mercado=linear · estado=ACECHANDO · dir=— · 0=0.047 · Oz=— · Red=— · manos=ON · pos=flat · latido=1.50s
[RANGO] autosello ZKP · ACECHANDO · Oz=0.0 link=— · manos_feria_informe.json
[RANGO] ZKPUSDT_LINEAL last=0.04697 · río=WS · mercado=linear · estado=ACECHANDO · dir=— · 0=0.047 · Oz=— · Red=— · manos=ON · pos=flat · latido=1.50s
[RANGO] autosello ZKP · ACECHANDO · Oz=0.0 link=— · manos_feria_informe.json
[RANGO] ZKPUSDT_LINEAL last=0.04697 · río=WS · mercado=linear · estado=ACECHANDO · dir=— · 0=0.047 · Oz=— · Red=— · manos=ON · pos=flat · latido=1.50s
[RANGO] ZKPUSDT_LINEAL last=0.04701 · río=WS · mercado=linear · estado=ACECHANDO · dir=— · 0=0.047 · Oz=— · Red=— · manos=ON · pos=flat · latido=1.50s
[2026-08-31 08:08:47] [TUSK] RECONCILIACIÓN: VVVUSDT_LINEAL: interno L:0.000000/S:0.000000 -> real L:3.180000/S:0.000000
[2026-08-31 08:08:47] [TUSK] RECONCILIACIÓN: CRCLUSDT_LINEAL: interno L:0.410000/S:0.000000 -> real L:0.470000/S:0.000000
[2026-08-31 08:08:47] [TUSK] RECONCILIACIÓN_FANTASMA: CRDOUSDT_LINEAL existe interno pero no en exchange -> reseteando
[2026-08-31 08:08:47] [TUSK] RECONCILIACIÓN_OK: 3 frentes alineados con exchange
[RANGO] autosello ZKP · ACECHANDO · Oz=0.0 link=— · manos_feria_informe.json
[RANGO] ZKPUSDT_LINEAL last=0.047 · río=WS · mercado=linear · estado=ACECHANDO · dir=— · 0=0.047 · Oz=— · Red=— · manos=ON · pos=flat · latido=1.50s
[RANGO] autosello ZKP · ACECHANDO · Oz=0.0 link=— · manos_feria_informe.json
[RANGO] ZKPUSDT_LINEAL last=0.04711 · río=WS · mercado=linear · estado=ACECHANDO · dir=— · 0=0.047 · Oz=— · Red=— · manos=ON · pos=flat · latido=1.50s
[RANGO] ZKPUSDT_LINEAL last=0.04711 · río=WS · mercado=linear · estado=ACECHANDO · dir=— · 0=0.047 · Oz=— · Red=— · manos=ON · pos=flat · latido=1.50s
[RANGO] autosello ZKP · ACECHANDO · Oz=0.0 link=— · manos_feria_informe.json
[RANGO] ZKPUSDT_LINEAL last=0.04717 · río=WS · mercado=linear · estado=ACECHANDO · dir=— · 0=0.047 · Oz=— · Red=— · manos=ON · pos=flat · latido=1.50s
[RANGO] autosello ZKP · ACECHANDO · Oz=0.0 link=— · manos_feria_informe.json
[RANGO] ZKPUSDT_LINEAL last=0.04712 · río=WS · mercado=linear · estado=ACECHANDO · dir=— · 0=0.047 · Oz=— · Red=— · manos=ON · pos=flat · latido=1.50s
[RANGO] ZKPUSDT_LINEAL last=0.04707 · río=WS · mercado=linear · estado=ACECHANDO · dir=— · 0=0.047 · Oz=— · Red=— · manos=ON · pos=flat · latido=1.50s
[RANGO] autosello ZKP · ACECHANDO · Oz=0.0 link=— · manos_feria_informe.json
[RANGO] ZKPUSDT_LINEAL last=0.04709 · río=WS · mercado=linear · estado=ACECHANDO · dir=— · 0=0.047 · Oz=— · Red=— · manos=ON · pos=flat · latido=1.50s
[RANGO] autosello ZKP · ACECHANDO · Oz=0.0 link=— · manos_feria_informe.json
[RANGO] ZKPUSDT_LINEAL last=0.04708 · río=WS · mercado=linear · estado=ACECHANDO · dir=— · 0=0.047 · Oz=— · Red=— · manos=ON · pos=flat · latido=1.50s
[RANGO] ZKPUSDT_LINEAL last=0.04709 · río=WS · mercado=linear · estado=ACECHANDO · dir=— · 0=0.047 · Oz=— · Red=— · manos=ON · pos=flat · latido=1.50s
[RANGO] autosello ZKP · ACECHANDO · Oz=0.0 link=— · manos_feria_informe.json
[RANGO] ZKPUSDT_LINEAL last=0.04702 · río=WS · mercado=linear · estado=ACECHANDO · dir=— · 0=0.047 · Oz=— · Red=— · manos=ON · pos=flat · latido=1.50s
[RANGO] autosello ZKP · ACECHANDO · Oz=0.0 link=— · manos_feria_informe.json
[RANGO] ZKPUSDT_LINEAL last=0.047 · río=WS · mercado=linear · estado=ACECHANDO · dir=— · 0=0.047 · Oz=— · Red=— · manos=ON · pos=flat · latido=1.50s
[RANGO] ZKPUSDT_LINEAL last=0.04699 · río=WS · mercado=linear · estado=ACECHANDO · dir=— · 0=0.047 · Oz=— · Red=— · manos=ON · pos=flat · latido=1.50s
[2026-08-31 08:10:49] [TUSK] RECONCILIACIÓN: BSPUSDT_LINEAL: interno L:0.170000/S:0.000000 -> real L:0.290000/S:0.000000
[2026-08-31 08:10:49] [TUSK] RECONCILIACIÓN_OK: 1 frentes alineados con exchange
[RANGO] autosello ZKP · ACECHANDO · Oz=0.0 link=— · manos_feria_informe.json
[RANGO] ZKPUSDT_LINEAL last=0.04698 · río=WS · mercado=linear · estado=ACECHANDO · dir=— · 0=0.047 · Oz=— · Red=— · manos=ON · pos=flat · latido=1.50s
[RANGO] autosello ZKP · ACECHANDO · Oz=0.0 link=— · manos_feria_informe.json
[RANGO] ZKPUSDT_LINEAL last=0.04699 · río=WS · mercado=linear · estado=ACECHANDO · dir=— · 0=0.047 · Oz=— · Red=— · manos=ON · pos=flat · latido=1.50s
[RANGO] ZKPUSDT_LINEAL last=0.04694 · río=WS · mercado=linear · estado=ACECHANDO · dir=— · 0=0.047 · Oz=— · Red=— · manos=ON · pos=flat · latido=1.50s
[RANGO] autosello ZKP · ACECHANDO · Oz=0.0 link=— · manos_feria_informe.json
[RANGO] ZKPUSDT_LINEAL last=0.04696 · río=WS · mercado=linear · estado=ACECHANDO · dir=— · 0=0.047 · Oz=— · Red=— · manos=ON · pos=flat · latido=1.50s
[RANGO] autosello ZKP · ACECHANDO · Oz=0.0 link=— · manos_feria_informe.json
[RANGO] ZKPUSDT_LINEAL last=0.04695 · río=WS · mercado=linear · estado=ACECHANDO · dir=— · 0=0.047 · Oz=— · Red=— · manos=ON · pos=flat · latido=1.50s
[RANGO] ZKPUSDT_LINEAL last=0.04695 · río=WS · mercado=linear · estado=ACECHANDO · dir=— · 0=0.047 · Oz=— · Red=— · manos=ON · pos=flat · latido=1.50s
[RANGO] autosello ZKP · ACECHANDO · Oz=0.0 link=— · manos_feria_informe.json
[RANGO] ZKPUSDT_LINEAL last=0.04686 · río=WS · mercado=linear · estado=ACECHANDO · dir=— · 0=0.047 · Oz=— · Red=— · manos=ON · pos=flat · latido=1.50s
[RANGO] autosello ZKP · ACECHANDO · Oz=0.0 link=— · manos_feria_informe.json
[RANGO] ZKPUSDT_LINEAL last=0.04689 · río=WS · mercado=linear · estado=ACECHANDO · dir=— · 0=0.047 · Oz=— · Red=— · manos=ON · pos=flat · latido=1.50s
[RANGO] ZKPUSDT_LINEAL last=0.04686 · río=WS · mercado=linear · estado=ACECHANDO · dir=— · 0=0.047 · Oz=— · Red=— · manos=ON · pos=flat · latido=1.50s
[RANGO] autosello ZKP · ACECHANDO · Oz=0.0 link=— · manos_feria_informe.json
[RANGO] ZKPUSDT_LINEAL last=0.04681 · río=WS · mercado=linear · estado=ACECHANDO · dir=— · 0=0.047 · Oz=— · Red=— · manos=ON · pos=flat · latido=1.50s
[RANGO] autosello ZKP · ACECHANDO · Oz=0.0 link=— · manos_feria_informe.json
[RANGO] ZKPUSDT_LINEAL last=0.04683 · río=WS · mercado=linear · estado=ACECHANDO · dir=— · 0=0.047 · Oz=— · Red=— · manos=ON · pos=flat · latido=1.50s
[RANGO] ZKPUSDT_LINEAL last=0.0468 · río=WS · mercado=linear · estado=ACECHANDO · dir=— · 0=0.047 · Oz=— · Red=— · manos=ON · pos=flat · latido=1.50s
[RANGO] autosello ZKP · ACECHANDO · Oz=0.0 link=— · manos_feria_informe.json
[2026-08-31 08:12:52] [TUSK] RECONCILIACIÓN: SNXXUSDT_LINEAL: interno L:6.450000/S:0.000000 -> real L:6.830000/S:0.000000
[2026-08-31 08:12:52] [TUSK] RECONCILIACIÓN_OK: 1 frentes alineados con exchange
[RANGO] ZKPUSDT_LINEAL last=0.04682 · río=WS · mercado=linear · estado=ACECHANDO · dir=— · 0=0.047 · Oz=— · Red=— · manos=ON · pos=flat · latido=1.50s
[RANGO] autosello ZKP · ACECHANDO · Oz=0.0 link=— · manos_feria_informe.json
[RANGO] ZKPUSDT_LINEAL last=0.04678 · río=WS · mercado=linear · estado=ACECHANDO · dir=— · 0=0.047 · Oz=— · Red=— · manos=ON · pos=flat · latido=1.50s
[RANGO] ZKPUSDT_LINEAL last=0.04678 · río=WS · mercado=linear · estado=ACECHANDO · dir=— · 0=0.047 · Oz=— · Red=— · manos=ON · pos=flat · latido=1.50s
[RANGO] autosello ZKP · ACECHANDO · Oz=0.0 link=— · manos_feria_informe.json
[RANGO] ZKPUSDT_LINEAL last=0.04678 · río=WS · mercado=linear · estado=ACECHANDO · dir=— · 0=0.047 · Oz=— · Red=— · manos=ON · pos=flat · latido=1.50s
[RANGO] autosello ZKP · ACECHANDO · Oz=0.0 link=— · manos_feria_informe.json
[RANGO] ZKPUSDT_LINEAL last=0.04677 · río=WS · mercado=linear · estado=ACECHANDO · dir=— · 0=0.047 · Oz=— · Red=— · manos=ON · pos=flat · latido=1.50s
[RANGO] ZKPUSDT_LINEAL last=0.0468 · río=WS · mercado=linear · estado=ACECHANDO · dir=— · 0=0.047 · Oz=— · Red=— · manos=ON · pos=flat · latido=1.50s
[RANGO] autosello ZKP · ACECHANDO · Oz=0.0 link=— · manos_feria_informe.json
[2026-08-31 08:13:53] [TUSK] RECONCILIACIÓN: ZBCNUSDT_LINEAL: interno L:0.000000/S:0.000000 -> real L:9700.000000/S:0.000000
[2026-08-31 08:13:53] [TUSK] RECONCILIACIÓN_FANTASMA: MVLLUSDT_LINEAL existe interno pero no en exchange -> reseteando
[2026-08-31 08:13:53] [TUSK] RECONCILIACIÓN_OK: 2 frentes alineados con exchange
[RANGO] ZKPUSDT_LINEAL last=0.04718 · río=WS · mercado=linear · estado=ACECHANDO · dir=— · 0=0.047 · Oz=— · Red=— · manos=ON · pos=flat · latido=1.50s
[RANGO] autosello ZKP · ACECHANDO · Oz=0.0 link=— · manos_feria_informe.json
[RANGO] ZKPUSDT_LINEAL last=0.04722 · río=WS · mercado=linear · estado=ACECHANDO · dir=— · 0=0.047 · Oz=— · Red=— · manos=ON · pos=flat · latido=1.50s
[RANGO] ZKPUSDT_LINEAL last=0.04723 · río=WS · mercado=linear · estado=ACECHANDO · dir=— · 0=0.047 · Oz=— · Red=— · manos=ON · pos=flat · latido=1.50s
[RANGO] autosello ZKP · ACECHANDO · Oz=0.0 link=— · manos_feria_informe.json
[RANGO] ZKPUSDT_LINEAL last=0.04723 · río=WS · mercado=linear · estado=ACECHANDO · dir=— · 0=0.047 · Oz=— · Red=— · manos=ON · pos=flat · latido=1.50s
[RANGO] autosello ZKP · ACECHANDO · Oz=0.0 link=— · manos_feria_informe.json
[RANGO] ZKPUSDT_LINEAL last=0.04726 · río=WS · mercado=linear · estado=ACECHANDO · dir=— · 0=0.047 · Oz=— · Red=— · manos=ON · pos=flat · latido=1.50s
[RANGO] ZKPUSDT_LINEAL last=0.04731 · río=WS · mercado=linear · estado=ACECHANDO · dir=— · 0=0.047 · Oz=— · Red=— · manos=ON · pos=flat · latido=1.50s
[RANGO] autosello ZKP · ACECHANDO · Oz=0.0 link=— · manos_feria_informe.json
[2026-08-31 08:14:54] [TUSK] RECONCILIACIÓN: AEHRUSDT_LINEAL: interno L:0.090000/S:0.000000 -> real L:0.160000/S:0.000000
[2026-08-31 08:14:54] [TUSK] RECONCILIACIÓN: AAOIUSDT_LINEAL: interno L:0.000000/S:0.000000 -> real L:0.530000/S:0.000000
[2026-08-31 08:14:54] [TUSK] RECONCILIACIÓN_FANTASMA: MRVLUSDT_LINEAL existe interno pero no en exchange -> reseteando
[2026-08-31 08:14:54] [TUSK] RECONCILIACIÓN_OK: 3 frentes alineados con exchange
[RANGO] ZKPUSDT_LINEAL last=0.04729 · río=WS · mercado=linear · estado=ACECHANDO · dir=— · 0=0.047 · Oz=— · Red=— · manos=ON · pos=flat · latido=1.50s
[RANGO] autosello ZKP · ACECHANDO · Oz=0.0 link=— · manos_feria_informe.json
[RANGO] ZKPUSDT_LINEAL last=0.04752 · río=WS · mercado=linear · estado=ACECHANDO · dir=— · 0=0.047 · Oz=— · Red=— · manos=ON · pos=flat · latido=1.50s
[RANGO] ZKPUSDT_LINEAL last=0.04748 · río=WS · mercado=linear · estado=ACECHANDO · dir=— · 0=0.047 · Oz=— · Red=— · manos=ON · pos=flat · latido=1.50s
[RANGO] autosello ZKP · ACECHANDO · Oz=0.0 link=— · manos_feria_informe.json
[RANGO] ZKPUSDT_LINEAL last=0.0474 · río=WS · mercado=linear · estado=ACECHANDO · dir=— · 0=0.047 · Oz=— · Red=— · manos=ON · pos=flat · latido=1.50s
[RANGO] autosello ZKP · ACECHANDO · Oz=0.0 link=— · manos_feria_informe.json
[RANGO] ZKPUSDT_LINEAL last=0.04762 · río=WS · mercado=linear · estado=ACECHANDO · dir=— · 0=0.047 · Oz=— · Red=— · manos=ON · pos=flat · latido=1.50s
[RANGO] ZKPUSDT_LINEAL last=0.04765 · río=WS · mercado=linear · estado=ACECHANDO · dir=— · 0=0.047 · Oz=— · Red=— · manos=ON · pos=flat · latido=1.50s
[RANGO] autosello ZKP · ACECHANDO · Oz=0.0 link=— · manos_feria_informe.json
[2026-08-31 08:15:55] [TUSK] RECONCILIACIÓN: SNXXUSDT_LINEAL: interno L:6.830000/S:0.000000 -> real L:7.210000/S:0.000000
[2026-08-31 08:15:55] [TUSK] RECONCILIACIÓN_OK: 1 frentes alineados con exchange
[RANGO] ZKPUSDT_LINEAL last=0.04788 · río=WS · mercado=linear · estado=ACECHANDO · dir=— · 0=0.047 · Oz=— · Red=— · manos=ON · pos=flat · latido=1.50s
[2026-08-31 08:15:59] [BERU_RANGO] ARMAR: RANGO_ZKP_5a0944bd VACIO_ARRIBA → trailing SHORT Oz @0.047874 (0,2 detrás de extremo 0.047970) Red @0.000000 ($5.00).
[BERU_RANGO] ARMAR RANGO_ZKP_5a0944bd VACIO_ARRIBA direccion=SHORT oz_adan=0.047874059999999996 red_adan=0.0 masa_usd=5.0 trail_extremo=0.04797
[2026-08-31 08:15:59] [BRIDGE] IDX_ONE_WAY: ZKPUSDT: casa en modo simple · reintento sin positionIdx | LINK:BRG-TRA-1-6e4502defdbc44
[2026-08-31 08:16:00] [BRIDGE] ORDEN_ENVIADA: Sell 105.0 ZKPUSDT @Market | ID:17a9ae94-b386-43c5-bc75-6dd52fcb7b15 LINK:BRG-TRA-1-6e4502defdbc44 reduceOnly=0
[RANGO] ZKP → ARMAR_ARRIBA {'ok': True, 'evento': 'ARMAR_ARRIBA', 'masa': 5.0, 'dir': 'SHORT'}
[2026-08-31 08:16:00] [BERU_RANGO] OZ_COSECHA: RANGO_ZKP_5a0944bd Oz peldaño @0.048050 fill @0.048020 · wake=0.047000 · sangre act. ABAJO 2.2% · Red trailing act. @0.048627 (callback 0.2% · $5) · extremo=0.048150.
[BERU_RANGO] OZ_COSECHA RANGO_ZKP_5a0944bd wake=0.047 oz=0.04805 fill=0.04802 sangre=ABAJO red=0.048626600000000006 extremo=0.04815 precio=0.04802 masa_usd=6.0
[RANGO] ZKP → OZ_COSECHA {'ok': True, 'evento': 'OZ_COSECHA', 'cero': 0.047, 'fill': 0.04802, 'oz_despliegue': 0.04805, 'sangre': 'ABAJO', 'red': 0.048626600000000006, 'masa_hecha': 6.0, 'trail_extremo': 0.04815, 'oz': 0.04805, 'dir': 'SHORT'}
[RANGO] autosello ZKP · ACECHANDO · Oz=0.0 link=— · manos_feria_informe.json
[RANGO] ZKPUSDT_LINEAL last=0.04793 · río=WS · mercado=linear · estado=ACECHANDO · dir=— · 0=0.047 · Oz=— · Red=0.048626600000000006 · manos=ON · pos=flat · latido=1.50s
[RANGO] ZKPUSDT_LINEAL last=0.04771 · río=WS · mercado=linear · estado=ACECHANDO · dir=— · 0=0.047 · Oz=— · Red=0.048626600000000006 · manos=ON · pos=flat · latido=1.50s
[RANGO] autosello ZKP · ACECHANDO · Oz=0.0 link=— · manos_feria_informe.json
[RANGO] ZKPUSDT_LINEAL last=0.0479 · río=WS · mercado=linear · estado=ACECHANDO · dir=— · 0=0.047 · Oz=— · Red=0.048626600000000006 · manos=ON · pos=flat · latido=1.50s
[RANGO] autosello ZKP · ACECHANDO · Oz=0.0 link=— · manos_feria_informe.json
[RANGO] ZKPUSDT_LINEAL last=0.04789 · río=WS · mercado=linear · estado=ACECHANDO · dir=— · 0=0.047 · Oz=— · Red=0.048626600000000006 · manos=ON · pos=flat · latido=1.50s
[RANGO] ZKPUSDT_LINEAL last=0.0478 · río=WS · mercado=linear · estado=ACECHANDO · dir=— · 0=0.047 · Oz=— · Red=0.048626600000000006 · manos=ON · pos=flat · latido=1.50s
[RANGO] autosello ZKP · ACECHANDO · Oz=0.0 link=— · manos_feria_informe.json
[2026-08-31 08:16:56] [TUSK] RECONCILIACIÓN: AXTIUSDT_LINEAL: interno L:0.000000/S:0.000000 -> real L:1.690000/S:0.000000
[2026-08-31 08:16:56] [TUSK] RECONCILIACIÓN: ZKPUSDT_LINEAL: interno L:0.000000/S:0.000000 -> real L:1281.000000/S:0.000000
[2026-08-31 08:16:56] [TUSK] RECONCILIACIÓN_FANTASMA: TSLLUSDT_LINEAL existe interno pero no en exchange -> reseteando
[2026-08-31 08:16:56] [TUSK] RECONCILIACIÓN_FANTASMA: POWERUSDT_LINEAL existe interno pero no en exchange -> reseteando
[2026-08-31 08:16:56] [TUSK] RECONCILIACIÓN_OK: 4 frentes alineados con exchange
[RANGO] ZKPUSDT_LINEAL last=0.04806 · río=WS · mercado=linear · estado=ACECHANDO · dir=— · 0=0.047 · Oz=— · Red=0.048626600000000006 · manos=ON · pos=LONG 1281@0.05066113 · latido=1.50s
[RANGO] autosello ZKP · ACECHANDO · Oz=0.0 link=— · manos_feria_informe.json
[RANGO] ZKPUSDT_LINEAL last=0.04806 · río=WS · mercado=linear · estado=ACECHANDO · dir=— · 0=0.047 · Oz=— · Red=0.048626600000000006 · manos=ON · pos=LONG 1281@0.05066113 · latido=1.50s
[RANGO] ZKPUSDT_LINEAL last=0.04792 · río=WS · mercado=linear · estado=ACECHANDO · dir=— · 0=0.047 · Oz=— · Red=0.048626600000000006 · manos=ON · pos=LONG 1281@0.05066113 · latido=1.50s
[RANGO] autosello ZKP · ACECHANDO · Oz=0.0 link=— · manos_feria_informe.json
[RANGO] ZKPUSDT_LINEAL last=0.04803 · río=WS · mercado=linear · estado=ACECHANDO · dir=— · 0=0.047 · Oz=— · Red=0.048626600000000006 · manos=ON · pos=LONG 1281@0.05066113 · latido=1.50s
[RANGO] autosello ZKP · ACECHANDO · Oz=0.0 link=— · manos_feria_informe.json
[RANGO] ZKPUSDT_LINEAL last=0.04792 · río=WS · mercado=linear · estado=ACECHANDO · dir=— · 0=0.047 · Oz=— · Red=0.048626600000000006 · manos=ON · pos=LONG 1281@0.05066113 · latido=1.50s
[RANGO] ZKPUSDT_LINEAL last=0.04792 · río=WS · mercado=linear · estado=ACECHANDO · dir=— · 0=0.047 · Oz=— · Red=0.048626600000000006 · manos=ON · pos=LONG 1281@0.05066113 · latido=1.50s
[RANGO] autosello ZKP · ACECHANDO · Oz=0.0 link=— · manos_feria_informe.json
[RANGO] ZKPUSDT_LINEAL last=0.04777 · río=WS · mercado=linear · estado=ACECHANDO · dir=— · 0=0.047 · Oz=— · Red=0.048626600000000006 · manos=ON · pos=LONG 1281@0.05066113 · latido=1.50s
[RANGO] autosello ZKP · ACECHANDO · Oz=0.0 link=— · manos_feria_informe.json
[RANGO] ZKPUSDT_LINEAL last=0.04771 · río=WS · mercado=linear · estado=ACECHANDO · dir=— · 0=0.047 · Oz=— · Red=0.048626600000000006 · manos=ON · pos=LONG 1281@0.05066113 · latido=1.50s
[RANGO] ZKPUSDT_LINEAL last=0.0476 · río=WS · mercado=linear · estado=ACECHANDO · dir=— · 0=0.047 · Oz=— · Red=0.048626600000000006 · manos=ON · pos=LONG 1281@0.05066113 · latido=1.50s
[RANGO] autosello ZKP · ACECHANDO · Oz=0.0 link=— · manos_feria_informe.json
[RANGO] ZKPUSDT_LINEAL last=0.0476 · río=WS · mercado=linear · estado=ACECHANDO · dir=— · 0=0.047 · Oz=— · Red=0.048626600000000006 · manos=ON · pos=LONG 1281@0.05066113 · latido=1.50s
[RANGO] autosello ZKP · ACECHANDO · Oz=0.0 link=— · manos_feria_informe.json
[RANGO] ZKPUSDT_LINEAL last=0.04761 · río=WS · mercado=linear · estado=ACECHANDO · dir=— · 0=0.047 · Oz=— · Red=0.048626600000000006 · manos=ON · pos=LONG 1281@0.05066113 · latido=1.50s
[RANGO] ZKPUSDT_LINEAL last=0.04762 · río=WS · mercado=linear · estado=ACECHANDO · dir=— · 0=0.047 · Oz=— · Red=0.048626600000000006 · manos=ON · pos=LONG 1281@0.05066113 · latido=1.50s
[RANGO] autosello ZKP · ACECHANDO · Oz=0.0 link=— · manos_feria_informe.json
[RANGO] ZKPUSDT_LINEAL last=0.04759 · río=WS · mercado=linear · estado=ACECHANDO · dir=— · 0=0.047 · Oz=— · Red=0.048626600000000006 · manos=ON · pos=LONG 1281@0.05066113 · latido=1.50s
[RANGO] autosello ZKP · ACECHANDO · Oz=0.0 link=— · manos_feria_informe.json
[RANGO] ZKPUSDT_LINEAL last=0.04768 · río=WS · mercado=linear · estado=ACECHANDO · dir=— · 0=0.047 · Oz=— · Red=0.048626600000000006 · manos=ON · pos=LONG 1281@0.05066113 · latido=1.50s
[RANGO] ZKPUSDT_LINEAL last=0.04768 · río=WS · mercado=linear · estado=ACECHANDO · dir=— · 0=0.047 · Oz=— · Red=0.048626600000000006 · manos=ON · pos=LONG 1281@0.05066113 · latido=1.50s
[RANGO] autosello ZKP · ACECHANDO · Oz=0.0 link=— · manos_feria_informe.json
[RANGO] ZKPUSDT_LINEAL last=0.04752 · río=WS · mercado=linear · estado=ACECHANDO · dir=— · 0=0.047 · Oz=— · Red=0.048626600000000006 · manos=ON · pos=LONG 1281@0.05066113 · latido=1.50s
[RANGO] autosello ZKP · ACECHANDO · Oz=0.0 link=— · manos_feria_informe.json
[RANGO] ZKPUSDT_LINEAL last=0.0475 · río=WS · mercado=linear · estado=ACECHANDO · dir=— · 0=0.047 · Oz=— · Red=0.048626600000000006 · manos=ON · pos=LONG 1281@0.05066113 · latido=1.50s
[RANGO] ZKPUSDT_LINEAL last=0.04768 · río=WS · mercado=linear · estado=ACECHANDO · dir=— · 0=0.047 · Oz=— · Red=0.048626600000000006 · manos=ON · pos=LONG 1281@0.05066113 · latido=1.50s
[RANGO] autosello ZKP · ACECHANDO · Oz=0.0 link=— · manos_feria_informe.json
[RANGO] ZKPUSDT_LINEAL last=0.04774 · río=WS · mercado=linear · estado=ACECHANDO · dir=— · 0=0.047 · Oz=— · Red=0.048626600000000006 · manos=ON · pos=LONG 1281@0.05066113 · latido=1.50s
[2026-08-31 08:19:59] [TUSK] RECONCILIACIÓN: MSTRUSDT_LINEAL: interno L:0.000000/S:0.000000 -> real L:0.240000/S:0.000000
[2026-08-31 08:19:59] [TUSK] RECONCILIACIÓN_FANTASMA: BIOUSDT_LINEAL existe interno pero no en exchange -> reseteando
[2026-08-31 08:19:59] [TUSK] RECONCILIACIÓN_OK: 2 frentes alineados con exchange
[RANGO] autosello ZKP · ACECHANDO · Oz=0.0 link=— · manos_feria_informe.json
[RANGO] ZKPUSDT_LINEAL last=0.04771 · río=WS · mercado=linear · estado=ACECHANDO · dir=— · 0=0.047 · Oz=— · Red=0.048626600000000006 · manos=ON · pos=LONG 1281@0.05066113 · latido=1.50s
[RANGO] ZKPUSDT_LINEAL last=0.04769 · río=WS · mercado=linear · estado=ACECHANDO · dir=— · 0=0.047 · Oz=— · Red=0.048626600000000006 · manos=ON · pos=LONG 1281@0.05066113 · latido=1.50s
[RANGO] autosello ZKP · ACECHANDO · Oz=0.0 link=— · manos_feria_informe.json
[RANGO] ZKPUSDT_LINEAL last=0.04761 · río=WS · mercado=linear · estado=ACECHANDO · dir=— · 0=0.047 · Oz=— · Red=0.048626600000000006 · manos=ON · pos=LONG 1281@0.05066113 · latido=1.50s
[RANGO] autosello ZKP · ACECHANDO · Oz=0.0 link=— · manos_feria_informe.json
[RANGO] ZKPUSDT_LINEAL last=0.04763 · río=WS · mercado=linear · estado=ACECHANDO · dir=— · 0=0.047 · Oz=— · Red=0.048626600000000006 · manos=ON · pos=LONG 1281@0.05066113 · latido=1.50s
[RANGO] ZKPUSDT_LINEAL last=0.04749 · río=WS · mercado=linear · estado=ACECHANDO · dir=— · 0=0.047 · Oz=— · Red=0.048626600000000006 · manos=ON · pos=LONG 1281@0.05066113 · latido=1.50s
[RANGO] autosello ZKP · ACECHANDO · Oz=0.0 link=— · manos_feria_informe.json
[RANGO] ZKPUSDT_LINEAL last=0.04742 · río=WS · mercado=linear · estado=ACECHANDO · dir=— · 0=0.047 · Oz=— · Red=0.048626600000000006 · manos=ON · pos=LONG 1281@0.05066113 · latido=1.50s
[2026-08-31 08:21:00] [TUSK] RECONCILIACIÓN: SNXXUSDT_LINEAL: interno L:7.210000/S:0.000000 -> real L:6.830000/S:0.000000
[2026-08-31 08:21:00] [TUSK] RECONCILIACIÓN_OK: 1 frentes alineados con exchange
[RANGO] autosello ZKP · ACECHANDO · Oz=0.0 link=— · manos_feria_informe.json
[RANGO] ZKPUSDT_LINEAL last=0.04727 · río=WS · mercado=linear · estado=ACECHANDO · dir=— · 0=0.047 · Oz=— · Red=0.048626600000000006 · manos=ON · pos=LONG 1281@0.05066113 · latido=1.50s
[RANGO] ZKPUSDT_LINEAL last=0.04722 · río=WS · mercado=linear · estado=ACECHANDO · dir=— · 0=0.047 · Oz=— · Red=0.048626600000000006 · manos=ON · pos=LONG 1281@0.05066113 · latido=1.50s
[RANGO] autosello ZKP · ACECHANDO · Oz=0.0 link=— · manos_feria_informe.json
[RANGO] ZKPUSDT_LINEAL last=0.04736 · río=WS · mercado=linear · estado=ACECHANDO · dir=— · 0=0.047 · Oz=— · Red=0.048626600000000006 · manos=ON · pos=LONG 1281@0.05066113 · latido=1.50s
[RANGO] autosello ZKP · ACECHANDO · Oz=0.0 link=— · manos_feria_informe.json
[RANGO] ZKPUSDT_LINEAL last=0.04732 · río=WS · mercado=linear · estado=ACECHANDO · dir=— · 0=0.047 · Oz=— · Red=0.048626600000000006 · manos=ON · pos=LONG 1281@0.05066113 · latido=1.50s
[RANGO] ZKPUSDT_LINEAL last=0.04736 · río=WS · mercado=linear · estado=ACECHANDO · dir=— · 0=0.047 · Oz=— · Red=0.048626600000000006 · manos=ON · pos=LONG 1281@0.05066113 · latido=1.50s
[RANGO] autosello ZKP · ACECHANDO · Oz=0.0 link=— · manos_feria_informe.json
[RANGO] ZKPUSDT_LINEAL last=0.04737 · río=WS · mercado=linear · estado=ACECHANDO · dir=— · 0=0.047 · Oz=— · Red=0.048626600000000006 · manos=ON · pos=LONG 1281@0.05066113 · latido=1.50s
[RANGO] autosello ZKP · ACECHANDO · Oz=0.0 link=— · manos_feria_informe.json
[RANGO] ZKPUSDT_LINEAL last=0.04739 · río=WS · mercado=linear · estado=ACECHANDO · dir=— · 0=0.047 · Oz=— · Red=0.048626600000000006 · manos=ON · pos=LONG 1281@0.05066113 · latido=1.50s
[RANGO] ZKPUSDT_LINEAL last=0.04744 · río=WS · mercado=linear · estado=ACECHANDO · dir=— · 0=0.047 · Oz=— · Red=0.048626600000000006 · manos=ON · pos=LONG 1281@0.05066113 · latido=1.50s
[RANGO] autosello ZKP · ACECHANDO · Oz=0.0 link=— · manos_feria_informe.json
[RANGO] ZKPUSDT_LINEAL last=0.04743 · río=WS · mercado=linear · estado=ACECHANDO · dir=— · 0=0.047 · Oz=— · Red=0.048626600000000006 · manos=ON · pos=LONG 1281@0.05066113 · latido=1.50s
[RANGO] autosello ZKP · ACECHANDO · Oz=0.0 link=— · manos_feria_informe.json
[RANGO] ZKPUSDT_LINEAL last=0.0475 · río=WS · mercado=linear · estado=ACECHANDO · dir=— · 0=0.047 · Oz=— · Red=0.048626600000000006 · manos=ON · pos=LONG 1281@0.05066113 · latido=1.50s
[RANGO] ZKPUSDT_LINEAL last=0.04754 · río=WS · mercado=linear · estado=ACECHANDO · dir=— · 0=0.047 · Oz=— · Red=0.048626600000000006 · manos=ON · pos=LONG 1281@0.05066113 · latido=1.50s
[RANGO] autosello ZKP · ACECHANDO · Oz=0.0 link=— · manos_feria_informe.json
[RANGO] ZKPUSDT_LINEAL last=0.04743 · río=WS · mercado=linear · estado=ACECHANDO · dir=— · 0=0.047 · Oz=— · Red=0.048626600000000006 · manos=ON · pos=LONG 1281@0.05066113 · latido=1.50s
[2026-08-31 08:23:03] [TUSK] RECONCILIACIÓN: POWERUSDT_LINEAL: interno L:0.000000/S:0.000000 -> real L:67.000000/S:0.000000
[2026-08-31 08:23:03] [TUSK] RECONCILIACIÓN_FANTASMA: PLTRUSDT_LINEAL existe interno pero no en exchange -> reseteando
[2026-08-31 08:23:03] [TUSK] RECONCILIACIÓN_OK: 2 frentes alineados con exchange
[RANGO] autosello ZKP · ACECHANDO · Oz=0.0 link=— · manos_feria_informe.json
[RANGO] ZKPUSDT_LINEAL last=0.04745 · río=WS · mercado=linear · estado=ACECHANDO · dir=— · 0=0.047 · Oz=— · Red=0.048626600000000006 · manos=ON · pos=LONG 1281@0.05066113 · latido=1.50s
[RANGO] ZKPUSDT_LINEAL last=0.04746 · río=WS · mercado=linear · estado=ACECHANDO · dir=— · 0=0.047 · Oz=— · Red=0.048626600000000006 · manos=ON · pos=LONG 1281@0.05066113 · latido=1.50s
[RANGO] autosello ZKP · ACECHANDO · Oz=0.0 link=— · manos_feria_informe.json
[RANGO] ZKPUSDT_LINEAL last=0.04746 · río=WS · mercado=linear · estado=ACECHANDO · dir=— · 0=0.047 · Oz=— · Red=0.048626600000000006 · manos=ON · pos=LONG 1281@0.05066113 · latido=1.50s
[RANGO] autosello ZKP · ACECHANDO · Oz=0.0 link=— · manos_feria_informe.json
[RANGO] ZKPUSDT_LINEAL last=0.04739 · río=WS · mercado=linear · estado=ACECHANDO · dir=— · 0=0.047 · Oz=— · Red=0.048626600000000006 · manos=ON · pos=LONG 1281@0.05066113 · latido=1.50s
[RANGO] ZKPUSDT_LINEAL last=0.0474 · río=WS · mercado=linear · estado=ACECHANDO · dir=— · 0=0.047 · Oz=— · Red=0.048626600000000006 · manos=ON · pos=LONG 1281@0.05066113 · latido=1.50s
[RANGO] autosello ZKP · ACECHANDO · Oz=0.0 link=— · manos_feria_informe.json
[RANGO] ZKPUSDT_LINEAL last=0.0474 · río=WS · mercado=linear · estado=ACECHANDO · dir=— · 0=0.047 · Oz=— · Red=0.048626600000000006 · manos=ON · pos=LONG 1281@0.05066113 · latido=1.50s
[RANGO] autosello ZKP · ACECHANDO · Oz=0.0 link=— · manos_feria_informe.json
[RANGO] ZKPUSDT_LINEAL last=0.04739 · río=WS · mercado=linear · estado=ACECHANDO · dir=— · 0=0.047 · Oz=— · Red=0.048626600000000006 · manos=ON · pos=LONG 1281@0.05066113 · latido=1.50s
[RANGO] ZKPUSDT_LINEAL last=0.04735 · río=WS · mercado=linear · estado=ACECHANDO · dir=— · 0=0.047 · Oz=— · Red=0.048626600000000006 · manos=ON · pos=LONG 1281@0.05066113 · latido=1.50s
[RANGO] autosello ZKP · ACECHANDO · Oz=0.0 link=— · manos_feria_informe.json
[RANGO] ZKPUSDT_LINEAL last=0.04737 · río=WS · mercado=linear · estado=ACECHANDO · dir=— · 0=0.047 · Oz=— · Red=0.048626600000000006 · manos=ON · pos=LONG 1281@0.05066113 · latido=1.50s
[RANGO] autosello ZKP · ACECHANDO · Oz=0.0 link=— · manos_feria_informe.json
[RANGO] ZKPUSDT_LINEAL last=0.04734 · río=WS · mercado=linear · estado=ACECHANDO · dir=— · 0=0.047 · Oz=— · Red=0.048626600000000006 · manos=ON · pos=LONG 1281@0.05066113 · latido=1.50s
[RANGO] ZKPUSDT_LINEAL last=0.0474 · río=WS · mercado=linear · estado=ACECHANDO · dir=— · 0=0.047 · Oz=— · Red=0.048626600000000006 · manos=ON · pos=LONG 1281@0.05066113 · latido=1.50s
[RANGO] autosello ZKP · ACECHANDO · Oz=0.0 link=— · manos_feria_informe.json
[RANGO] ZKPUSDT_LINEAL last=0.04729 · río=WS · mercado=linear · estado=ACECHANDO · dir=— · 0=0.047 · Oz=— · Red=0.048626600000000006 · manos=ON · pos=LONG 1281@0.05066113 · latido=1.50s
[RANGO] autosello ZKP · ACECHANDO · Oz=0.0 link=— · manos_feria_informe.json
[RANGO] ZKPUSDT_LINEAL last=0.04728 · río=WS · mercado=linear · estado=ACECHANDO · dir=— · 0=0.047 · Oz=— · Red=0.048626600000000006 · manos=ON · pos=LONG 1281@0.05066113 · latido=1.50s
[RANGO] ZKPUSDT_LINEAL last=0.04724 · río=WS · mercado=linear · estado=ACECHANDO · dir=— · 0=0.047 · Oz=— · Red=0.048626600000000006 · manos=ON · pos=LONG 1281@0.05066113 · latido=1.50s
[RANGO] autosello ZKP · ACECHANDO · Oz=0.0 link=— · manos_feria_informe.json
[RANGO] ZKPUSDT_LINEAL last=0.04728 · río=WS · mercado=linear · estado=ACECHANDO · dir=— · 0=0.047 · Oz=— · Red=0.048626600000000006 · manos=ON · pos=LONG 1281@0.05066113 · latido=1.50s
[RANGO] autosello ZKP · ACECHANDO · Oz=0.0 link=— · manos_feria_informe.json
[RANGO] ZKPUSDT_LINEAL last=0.04721 · río=WS · mercado=linear · estado=ACECHANDO · dir=— · 0=0.047 · Oz=— · Red=0.048626600000000006 · manos=ON · pos=LONG 1281@0.05066113 · latido=1.50s
[RANGO] ZKPUSDT_LINEAL last=0.04721 · río=WS · mercado=linear · estado=ACECHANDO · dir=— · 0=0.047 · Oz=— · Red=0.048626600000000006 · manos=ON · pos=LONG 1281@0.05066113 · latido=1.50s
[RANGO] autosello ZKP · ACECHANDO · Oz=0.0 link=— · manos_feria_informe.json
[RANGO] ZKPUSDT_LINEAL last=0.04712 · río=WS · mercado=linear · estado=ACECHANDO · dir=— · 0=0.047 · Oz=— · Red=0.048626600000000006 · manos=ON · pos=LONG 1281@0.05066113 · latido=1.50s
[RANGO] autosello ZKP · ACECHANDO · Oz=0.0 link=— · manos_feria_informe.json
[RANGO] ZKPUSDT_LINEAL last=0.04708 · río=WS · mercado=linear · estado=ACECHANDO · dir=— · 0=0.047 · Oz=— · Red=0.048626600000000006 · manos=ON · pos=LONG 1281@0.05066113 · latido=0.10s
[RANGO] ZKPUSDT_LINEAL last=0.04709 · río=WS · mercado=linear · estado=ACECHANDO · dir=— · 0=0.047 · Oz=— · Red=0.048626600000000006 · manos=ON · pos=LONG 1281@0.05066113 · latido=1.50s
[RANGO] autosello ZKP · ACECHANDO · Oz=0.0 link=— · manos_feria_informe.json
[RANGO] ZKPUSDT_LINEAL last=0.04719 · río=WS · mercado=linear · estado=ACECHANDO · dir=— · 0=0.047 · Oz=— · Red=0.048626600000000006 · manos=ON · pos=LONG 1281@0.05066113 · latido=1.50s
[RANGO] autosello ZKP · ACECHANDO · Oz=0.0 link=— · manos_feria_informe.json
[RANGO] ZKPUSDT_LINEAL last=0.0471 · río=WS · mercado=linear · estado=ACECHANDO · dir=— · 0=0.047 · Oz=— · Red=0.048626600000000006 · manos=ON · pos=LONG 1281@0.05066113 · latido=1.50s
[RANGO] ZKPUSDT_LINEAL last=0.04715 · río=WS · mercado=linear · estado=ACECHANDO · dir=— · 0=0.047 · Oz=— · Red=0.048626600000000006 · manos=ON · pos=LONG 1281@0.05066113 · latido=1.50s
[RANGO] autosello ZKP · ACECHANDO · Oz=0.0 link=— · manos_feria_informe.json
[RANGO] ZKPUSDT_LINEAL last=0.04717 · río=WS · mercado=linear · estado=ACECHANDO · dir=— · 0=0.047 · Oz=— · Red=0.048626600000000006 · manos=ON · pos=LONG 1281@0.05066113 · latido=1.50s
[RANGO] autosello ZKP · ACECHANDO · Oz=0.0 link=— · manos_feria_informe.json
[RANGO] ZKPUSDT_LINEAL last=0.04721 · río=WS · mercado=linear · estado=ACECHANDO · dir=— · 0=0.047 · Oz=— · Red=0.048626600000000006 · manos=ON · pos=LONG 1281@0.05066113 · latido=1.50s
[RANGO] ZKPUSDT_LINEAL last=0.04719 · río=WS · mercado=linear · estado=ACECHANDO · dir=— · 0=0.047 · Oz=— · Red=0.048626600000000006 · manos=ON · pos=LONG 1281@0.05066113 · latido=1.50s
[RANGO] autosello ZKP · ACECHANDO · Oz=0.0 link=— · manos_feria_informe.json
[RANGO] ZKPUSDT_LINEAL last=0.04719 · río=WS · mercado=linear · estado=ACECHANDO · dir=— · 0=0.047 · Oz=— · Red=0.048626600000000006 · manos=ON · pos=LONG 1281@0.05066113 · latido=1.50s
[RANGO] autosello ZKP · ACECHANDO · Oz=0.0 link=— · manos_feria_informe.json
[RANGO] ZKPUSDT_LINEAL last=0.04719 · río=WS · mercado=linear · estado=ACECHANDO · dir=— · 0=0.047 · Oz=— · Red=0.048626600000000006 · manos=ON · pos=LONG 1281@0.05066113 · latido=1.50s
[RANGO] ZKPUSDT_LINEAL last=0.04721 · río=WS · mercado=linear · estado=ACECHANDO · dir=— · 0=0.047 · Oz=— · Red=0.048626600000000006 · manos=ON · pos=LONG 1281@0.05066113 · latido=1.50s
[RANGO] autosello ZKP · ACECHANDO · Oz=0.0 link=— · manos_feria_informe.json
[RANGO] ZKPUSDT_LINEAL last=0.04724 · río=WS · mercado=linear · estado=ACECHANDO · dir=— · 0=0.047 · Oz=— · Red=0.048626600000000006 · manos=ON · pos=LONG 1281@0.05066113 · latido=1.50s
[RANGO] autosello ZKP · ACECHANDO · Oz=0.0 link=— · manos_feria_informe.json
[2026-08-31 08:28:08] [TUSK] RECONCILIACIÓN: POWERUSDT_LINEAL: interno L:67.000000/S:0.000000 -> real L:6.000000/S:0.000000
[2026-08-31 08:28:08] [TUSK] RECONCILIACIÓN_OK: 1 frentes alineados con exchange
[RANGO] ZKPUSDT_LINEAL last=0.04725 · río=WS · mercado=linear · estado=ACECHANDO · dir=— · 0=0.047 · Oz=— · Red=0.048626600000000006 · manos=ON · pos=LONG 1281@0.05066113 · latido=1.50s
[RANGO] ZKPUSDT_LINEAL last=0.04721 · río=WS · mercado=linear · estado=ACECHANDO · dir=— · 0=0.047 · Oz=— · Red=0.048626600000000006 · manos=ON · pos=LONG 1281@0.05066113 · latido=1.50s
[RANGO] autosello ZKP · ACECHANDO · Oz=0.0 link=— · manos_feria_informe.json
[RANGO] ZKPUSDT_LINEAL last=0.04719 · río=WS · mercado=linear · estado=ACECHANDO · dir=— · 0=0.047 · Oz=— · Red=0.048626600000000006 · manos=ON · pos=LONG 1281@0.05066113 · latido=1.50s
[RANGO] autosello ZKP · ACECHANDO · Oz=0.0 link=— · manos_feria_informe.json
[RANGO] ZKPUSDT_LINEAL last=0.0471 · río=WS · mercado=linear · estado=ACECHANDO · dir=— · 0=0.047 · Oz=— · Red=0.048626600000000006 · manos=ON · pos=LONG 1281@0.05066113 · latido=1.50s
[RANGO] ZKPUSDT_LINEAL last=0.0472 · río=WS · mercado=linear · estado=ACECHANDO · dir=— · 0=0.047 · Oz=— · Red=0.048626600000000006 · manos=ON · pos=LONG 1281@0.05066113 · latido=1.50s
[RANGO] autosello ZKP · ACECHANDO · Oz=0.0 link=— · manos_feria_informe.json
[RANGO] ZKPUSDT_LINEAL last=0.04725 · río=WS · mercado=linear · estado=ACECHANDO · dir=— · 0=0.047 · Oz=— · Red=0.048626600000000006 · manos=ON · pos=LONG 1281@0.05066113 · latido=1.50s
[RANGO] autosello ZKP · ACECHANDO · Oz=0.0 link=— · manos_feria_informe.json
[RANGO] ZKPUSDT_LINEAL last=0.04735 · río=WS · mercado=linear · estado=ACECHANDO · dir=— · 0=0.047 · Oz=— · Red=0.048626600000000006 · manos=ON · pos=LONG 1281@0.05066113 · latido=1.50s
[RANGO] ZKPUSDT_LINEAL last=0.04737 · río=WS · mercado=linear · estado=ACECHANDO · dir=— · 0=0.047 · Oz=— · Red=0.048626600000000006 · manos=ON · pos=LONG 1281@0.05066113 · latido=1.50s
[RANGO] autosello ZKP · ACECHANDO · Oz=0.0 link=— · manos_feria_informe.json
[RANGO] ZKPUSDT_LINEAL last=0.04735 · río=WS · mercado=linear · estado=ACECHANDO · dir=— · 0=0.047 · Oz=— · Red=0.048626600000000006 · manos=ON · pos=LONG 1281@0.05066113 · latido=1.50s
[RANGO] autosello ZKP · ACECHANDO · Oz=0.0 link=— · manos_feria_informe.json
[RANGO] ZKPUSDT_LINEAL last=0.04724 · río=WS · mercado=linear · estado=ACECHANDO · dir=— · 0=0.047 · Oz=— · Red=0.048626600000000006 · manos=ON · pos=LONG 1281@0.05066113 · latido=1.50s
[RANGO] ZKPUSDT_LINEAL last=0.04719 · río=WS · mercado=linear · estado=ACECHANDO · dir=— · 0=0.047 · Oz=— · Red=0.048626600000000006 · manos=ON · pos=LONG 1281@0.05066113 · latido=1.50s
[RANGO] autosello ZKP · ACECHANDO · Oz=0.0 link=— · manos_feria_informe.json
[RANGO] ZKPUSDT_LINEAL last=0.0472 · río=WS · mercado=linear · estado=ACECHANDO · dir=— · 0=0.047 · Oz=— · Red=0.048626600000000006 · manos=ON · pos=LONG 1281@0.05066113 · latido=1.50s
[RANGO] autosello ZKP · ACECHANDO · Oz=0.0 link=— · manos_feria_informe.json
[RANGO] ZKPUSDT_LINEAL last=0.04721 · río=WS · mercado=linear · estado=ACECHANDO · dir=— · 0=0.047 · Oz=— · Red=0.048626600000000006 · manos=ON · pos=LONG 1281@0.05066113 · latido=1.50s
[RANGO] ZKPUSDT_LINEAL last=0.04727 · río=WS · mercado=linear · estado=ACECHANDO · dir=— · 0=0.047 · Oz=— · Red=0.048626600000000006 · manos=ON · pos=LONG 1281@0.05066113 · latido=1.50s
[RANGO] autosello ZKP · ACECHANDO · Oz=0.0 link=— · manos_feria_informe.json
[RANGO] ZKPUSDT_LINEAL last=0.04727 · río=WS · mercado=linear · estado=ACECHANDO · dir=— · 0=0.047 · Oz=— · Red=0.048626600000000006 · manos=ON · pos=LONG 1281@0.05066113 · latido=1.50s
[RANGO] autosello ZKP · ACECHANDO · Oz=0.0 link=— · manos_feria_informe.json
[RANGO] ZKPUSDT_LINEAL last=0.04726 · río=WS · mercado=linear · estado=ACECHANDO · dir=— · 0=0.047 · Oz=— · Red=0.048626600000000006 · manos=ON · pos=LONG 1281@0.05066113 · latido=1.50s
[RANGO] ZKPUSDT_LINEAL last=0.04724 · río=WS · mercado=linear · estado=ACECHANDO · dir=— · 0=0.047 · Oz=— · Red=0.048626600000000006 · manos=ON · pos=LONG 1281@0.05066113 · latido=1.50s
[RANGO] autosello ZKP · ACECHANDO · Oz=0.0 link=— · manos_feria_informe.json
[RANGO] ZKPUSDT_LINEAL last=0.04727 · río=WS · mercado=linear · estado=ACECHANDO · dir=— · 0=0.047 · Oz=— · Red=0.048626600000000006 · manos=ON · pos=LONG 1281@0.05066113 · latido=1.50s
[RANGO] autosello ZKP · ACECHANDO · Oz=0.0 link=— · manos_feria_informe.json
[RANGO] ZKPUSDT_LINEAL last=0.04724 · río=WS · mercado=linear · estado=ACECHANDO · dir=— · 0=0.047 · Oz=— · Red=0.048626600000000006 · manos=ON · pos=LONG 1281@0.05066113 · latido=1.50s
[RANGO] ZKPUSDT_LINEAL last=0.04723 · río=WS · mercado=linear · estado=ACECHANDO · dir=— · 0=0.047 · Oz=— · Red=0.048626600000000006 · manos=ON · pos=LONG 1281@0.05066113 · latido=1.50s
[RANGO] autosello ZKP · ACECHANDO · Oz=0.0 link=— · manos_feria_informe.json
[RANGO] ZKPUSDT_LINEAL last=0.04711 · río=WS · mercado=linear · estado=ACECHANDO · dir=— · 0=0.047 · Oz=— · Red=0.048626600000000006 · manos=ON · pos=LONG 1281@0.05066113 · latido=1.50s
[RANGO] autosello ZKP · ACECHANDO · Oz=0.0 link=— · manos_feria_informe.json
[RANGO] ZKPUSDT_LINEAL last=0.04706 · río=WS · mercado=linear · estado=ACECHANDO · dir=— · 0=0.047 · Oz=— · Red=0.048626600000000006 · manos=ON · pos=LONG 1281@0.05066113 · latido=0.10s
[RANGO] ZKPUSDT_LINEAL last=0.0471 · río=WS · mercado=linear · estado=ACECHANDO · dir=— · 0=0.047 · Oz=— · Red=0.048626600000000006 · manos=ON · pos=LONG 1281@0.05066113 · latido=1.50s
[RANGO] autosello ZKP · ACECHANDO · Oz=0.0 link=— · manos_feria_informe.json
[RANGO] ZKPUSDT_LINEAL last=0.04708 · río=WS · mercado=linear · estado=ACECHANDO · dir=— · 0=0.047 · Oz=— · Red=0.048626600000000006 · manos=ON · pos=LONG 1281@0.05066113 · latido=0.10s
[RANGO] autosello ZKP · ACECHANDO · Oz=0.0 link=— · manos_feria_informe.json
[RANGO] ZKPUSDT_LINEAL last=0.04712 · río=WS · mercado=linear · estado=ACECHANDO · dir=— · 0=0.047 · Oz=— · Red=0.048626600000000006 · manos=ON · pos=LONG 1281@0.05066113 · latido=1.50s
[RANGO] ZKPUSDT_LINEAL last=0.04713 · río=WS · mercado=linear · estado=ACECHANDO · dir=— · 0=0.047 · Oz=— · Red=0.048626600000000006 · manos=ON · pos=LONG 1281@0.05066113 · latido=1.50s
[RANGO] autosello ZKP · ACECHANDO · Oz=0.0 link=— · manos_feria_informe.json
[RANGO] ZKPUSDT_LINEAL last=0.04704 · río=WS · mercado=linear · estado=ACECHANDO · dir=— · 0=0.047 · Oz=— · Red=0.048626600000000006 · manos=ON · pos=LONG 1281@0.05066113 · latido=0.10s
[RANGO] autosello ZKP · ACECHANDO · Oz=0.0 link=— · manos_feria_informe.json
[RANGO] ZKPUSDT_LINEAL last=0.04707 · río=WS · mercado=linear · estado=ACECHANDO · dir=— · 0=0.047 · Oz=— · Red=0.048626600000000006 · manos=ON · pos=LONG 1281@0.05066113 · latido=0.10s
[RANGO] ZKPUSDT_LINEAL last=0.04718 · río=WS · mercado=linear · estado=ACECHANDO · dir=— · 0=0.047 · Oz=— · Red=0.048626600000000006 · manos=ON · pos=LONG 1281@0.05066113 · latido=1.50s
[RANGO] autosello ZKP · ACECHANDO · Oz=0.0 link=— · manos_feria_informe.json
[RANGO] ZKPUSDT_LINEAL last=0.04734 · río=WS · mercado=linear · estado=ACECHANDO · dir=— · 0=0.047 · Oz=— · Red=0.048626600000000006 · manos=ON · pos=LONG 1281@0.05066113 · latido=1.50s
[RANGO] autosello ZKP · ACECHANDO · Oz=0.0 link=— · manos_feria_informe.json
[RANGO] ZKPUSDT_LINEAL last=0.04728 · río=WS · mercado=linear · estado=ACECHANDO · dir=— · 0=0.047 · Oz=— · Red=0.048626600000000006 · manos=ON · pos=LONG 1281@0.05066113 · latido=1.50s
[RANGO] ZKPUSDT_LINEAL last=0.04729 · río=WS · mercado=linear · estado=ACECHANDO · dir=— · 0=0.047 · Oz=— · Red=0.048626600000000006 · manos=ON · pos=LONG 1281@0.05066113 · latido=1.50s
[RANGO] autosello ZKP · ACECHANDO · Oz=0.0 link=— · manos_feria_informe.json
[RANGO] ZKPUSDT_LINEAL last=0.04732 · río=WS · mercado=linear · estado=ACECHANDO · dir=— · 0=0.047 · Oz=— · Red=0.048626600000000006 · manos=ON · pos=LONG 1281@0.05066113 · latido=1.50s
[RANGO] autosello ZKP · ACECHANDO · Oz=0.0 link=— · manos_feria_informe.json
[RANGO] ZKPUSDT_LINEAL last=0.04732 · río=ciego/muleta · mercado=linear · estado=ACECHANDO · dir=— · 0=0.047 · Oz=— · Red=0.048626600000000006 · manos=ON · pos=LONG 1281@0.05066113 · latido=1.50s
[RANGO] ZKPUSDT_LINEAL last=0.04727 · río=WS · mercado=linear · estado=ACECHANDO · dir=— · 0=0.047 · Oz=— · Red=0.048626600000000006 · manos=ON · pos=LONG 1281@0.05066113 · latido=1.50s
[RANGO] autosello ZKP · ACECHANDO · Oz=0.0 link=— · manos_feria_informe.json
[RANGO] ZKPUSDT_LINEAL last=0.04724 · río=WS · mercado=linear · estado=ACECHANDO · dir=— · 0=0.047 · Oz=— · Red=0.048626600000000006 · manos=ON · pos=LONG 1281@0.05066113 · latido=1.50s
[RANGO] autosello ZKP · ACECHANDO · Oz=0.0 link=— · manos_feria_informe.json
[RANGO] ZKPUSDT_LINEAL last=0.04725 · río=WS · mercado=linear · estado=ACECHANDO · dir=— · 0=0.047 · Oz=— · Red=0.048626600000000006 · manos=ON · pos=LONG 1281@0.05066113 · latido=1.50s
[RANGO] ZKPUSDT_LINEAL last=0.04724 · río=ciego/muleta · mercado=linear · estado=ACECHANDO · dir=— · 0=0.047 · Oz=— · Red=0.048626600000000006 · manos=ON · pos=LONG 1281@0.05066113 · latido=1.50s
[RANGO] autosello ZKP · ACECHANDO · Oz=0.0 link=— · manos_feria_informe.json
[RANGO] ZKPUSDT_LINEAL last=0.04723 · río=WS · mercado=linear · estado=ACECHANDO · dir=— · 0=0.047 · Oz=— · Red=0.048626600000000006 · manos=ON · pos=LONG 1281@0.05066113 · latido=1.50s
[RANGO] autosello ZKP · ACECHANDO · Oz=0.0 link=— · manos_feria_informe.json
[RANGO] ZKPUSDT_LINEAL last=0.04714 · río=WS · mercado=linear · estado=ACECHANDO · dir=— · 0=0.047 · Oz=— · Red=0.048626600000000006 · manos=ON · pos=LONG 1281@0.05066113 · latido=1.50s
[RANGO] ZKPUSDT_LINEAL last=0.04714 · río=WS · mercado=linear · estado=ACECHANDO · dir=— · 0=0.047 · Oz=— · Red=0.048626600000000006 · manos=ON · pos=LONG 1281@0.05066113 · latido=1.50s
[RANGO] autosello ZKP · ACECHANDO · Oz=0.0 link=— · manos_feria_informe.json
[RANGO] ZKPUSDT_LINEAL last=0.04715 · río=WS · mercado=linear · estado=ACECHANDO · dir=— · 0=0.047 · Oz=— · Red=0.048626600000000006 · manos=ON · pos=LONG 1281@0.05066113 · latido=1.50s
[RANGO] autosello ZKP · ACECHANDO · Oz=0.0 link=— · manos_feria_informe.json
[RANGO] ZKPUSDT_LINEAL last=0.0472 · río=WS · mercado=linear · estado=ACECHANDO · dir=— · 0=0.047 · Oz=— · Red=0.048626600000000006 · manos=ON · pos=LONG 1281@0.05066113 · latido=1.50s
[RANGO] ZKPUSDT_LINEAL last=0.0471 · río=WS · mercado=linear · estado=ACECHANDO · dir=— · 0=0.047 · Oz=— · Red=0.048626600000000006 · manos=ON · pos=LONG 1281@0.05066113 · latido=1.50s
[RANGO] autosello ZKP · ACECHANDO · Oz=0.0 link=— · manos_feria_informe.json
[RANGO] ZKPUSDT_LINEAL last=0.0471 · río=WS · mercado=linear · estado=ACECHANDO · dir=— · 0=0.047 · Oz=— · Red=0.048626600000000006 · manos=ON · pos=LONG 1281@0.05066113 · latido=1.50s
[RANGO] autosello ZKP · ACECHANDO · Oz=0.0 link=— · manos_feria_informe.json
[RANGO] ZKPUSDT_LINEAL last=0.04719 · río=WS · mercado=linear · estado=ACECHANDO · dir=— · 0=0.047 · Oz=— · Red=0.048626600000000006 · manos=ON · pos=LONG 1281@0.05066113 · latido=1.50s
[RANGO] ZKPUSDT_LINEAL last=0.04713 · río=WS · mercado=linear · estado=ACECHANDO · dir=— · 0=0.047 · Oz=— · Red=0.048626600000000006 · manos=ON · pos=LONG 1281@0.05066113 · latido=1.50s
[RANGO] autosello ZKP · ACECHANDO · Oz=0.0 link=— · manos_feria_informe.json
[RANGO] ZKPUSDT_LINEAL last=0.04714 · río=WS · mercado=linear · estado=ACECHANDO · dir=— · 0=0.047 · Oz=— · Red=0.048626600000000006 · manos=ON · pos=LONG 1281@0.05066113 · latido=1.50s
[RANGO] autosello ZKP · ACECHANDO · Oz=0.0 link=— · manos_feria_informe.json
[RANGO] ZKPUSDT_LINEAL last=0.04708 · río=WS · mercado=linear · estado=ACECHANDO · dir=— · 0=0.047 · Oz=— · Red=0.048626600000000006 · manos=ON · pos=LONG 1281@0.05066113 · latido=0.10s
[2026-08-31 08:36:17] [TUSK] RECONCILIACIÓN: TSLLUSDT_LINEAL: interno L:0.000000/S:0.000000 -> real L:0.630000/S:0.000000
[2026-08-31 08:36:17] [TUSK] RECONCILIACIÓN_FANTASMA: COTIUSDT_LINEAL existe interno pero no en exchange -> reseteando
[2026-08-31 08:36:17] [TUSK] RECONCILIACIÓN_OK: 2 frentes alineados con exchange
[RANGO] ZKPUSDT_LINEAL last=0.0471 · río=WS · mercado=linear · estado=ACECHANDO · dir=— · 0=0.047 · Oz=— · Red=0.048626600000000006 · manos=ON · pos=LONG 1281@0.05066113 · latido=1.50s
[RANGO] autosello ZKP · ACECHANDO · Oz=0.0 link=— · manos_feria_informe.json
[RANGO] ZKPUSDT_LINEAL last=0.04715 · río=WS · mercado=linear · estado=ACECHANDO · dir=— · 0=0.047 · Oz=— · Red=0.048626600000000006 · manos=ON · pos=LONG 1281@0.05066113 · latido=1.50s
[RANGO] autosello ZKP · ACECHANDO · Oz=0.0 link=— · manos_feria_informe.json
[RANGO] ZKPUSDT_LINEAL last=0.0471 · río=WS · mercado=linear · estado=ACECHANDO · dir=— · 0=0.047 · Oz=— · Red=0.048626600000000006 · manos=ON · pos=LONG 1281@0.05066113 · latido=1.50s
[RANGO] ZKPUSDT_LINEAL last=0.04722 · río=WS · mercado=linear · estado=ACECHANDO · dir=— · 0=0.047 · Oz=— · Red=0.048626600000000006 · manos=ON · pos=LONG 1281@0.05066113 · latido=1.50s
[RANGO] autosello ZKP · ACECHANDO · Oz=0.0 link=— · manos_feria_informe.json
[RANGO] ZKPUSDT_LINEAL last=0.04722 · río=WS · mercado=linear · estado=ACECHANDO · dir=— · 0=0.047 · Oz=— · Red=0.048626600000000006 · manos=ON · pos=LONG 1281@0.05066113 · latido=1.50s
[RANGO] autosello ZKP · ACECHANDO · Oz=0.0 link=— · manos_feria_informe.json
[RANGO] ZKPUSDT_LINEAL last=0.04723 · río=WS · mercado=linear · estado=ACECHANDO · dir=— · 0=0.047 · Oz=— · Red=0.048626600000000006 · manos=ON · pos=LONG 1281@0.05066113 · latido=1.50s
[RANGO] ZKPUSDT_LINEAL last=0.04723 · río=WS · mercado=linear · estado=ACECHANDO · dir=— · 0=0.047 · Oz=— · Red=0.048626600000000006 · manos=ON · pos=LONG 1281@0.05066113 · latido=1.50s
[RANGO] autosello ZKP · ACECHANDO · Oz=0.0 link=— · manos_feria_informe.json
[RANGO] ZKPUSDT_LINEAL last=0.04725 · río=WS · mercado=linear · estado=ACECHANDO · dir=— · 0=0.047 · Oz=— · Red=0.048626600000000006 · manos=ON · pos=LONG 1281@0.05066113 · latido=1.50s
[RANGO] autosello ZKP · ACECHANDO · Oz=0.0 link=— · manos_feria_informe.json
[RANGO] ZKPUSDT_LINEAL last=0.04724 · río=WS · mercado=linear · estado=ACECHANDO · dir=— · 0=0.047 · Oz=— · Red=0.048626600000000006 · manos=ON · pos=LONG 1281@0.05066113 · latido=1.50s
[RANGO] ZKPUSDT_LINEAL last=0.04724 · río=WS · mercado=linear · estado=ACECHANDO · dir=— · 0=0.047 · Oz=— · Red=0.048626600000000006 · manos=ON · pos=LONG 1281@0.05066113 · latido=1.50s
[RANGO] autosello ZKP · ACECHANDO · Oz=0.0 link=— · manos_feria_informe.json
[RANGO] ZKPUSDT_LINEAL last=0.04725 · río=WS · mercado=linear · estado=ACECHANDO · dir=— · 0=0.047 · Oz=— · Red=0.048626600000000006 · manos=ON · pos=LONG 1281@0.05066113 · latido=1.50s
[RANGO] autosello ZKP · ACECHANDO · Oz=0.0 link=— · manos_feria_informe.json
[RANGO] ZKPUSDT_LINEAL last=0.04723 · río=WS · mercado=linear · estado=ACECHANDO · dir=— · 0=0.047 · Oz=— · Red=0.048626600000000006 · manos=ON · pos=LONG 1281@0.05066113 · latido=1.50s
[2026-08-31 08:38:19] [TUSK] RECONCILIACIÓN: APRUSDT_LINEAL: interno L:0.000000/S:0.000000 -> real L:73.000000/S:0.000000
[2026-08-31 08:38:19] [TUSK] RECONCILIACIÓN: BROCCOLIUSDT_LINEAL: interno L:0.000000/S:0.000000 -> real L:2781.000000/S:0.000000
[2026-08-31 08:38:19] [TUSK] RECONCILIACIÓN_FANTASMA: QNTXUSDT_LINEAL existe interno pero no en exchange -> reseteando
[2026-08-31 08:38:19] [TUSK] RECONCILIACIÓN_FANTASMA: NILUSDT_LINEAL existe interno pero no en exchange -> reseteando
[2026-08-31 08:38:19] [TUSK] RECONCILIACIÓN_OK: 4 frentes alineados con exchange
[RANGO] ZKPUSDT_LINEAL last=0.04721 · río=WS · mercado=linear · estado=ACECHANDO · dir=— · 0=0.047 · Oz=— · Red=0.048626600000000006 · manos=ON · pos=LONG 1281@0.05066113 · latido=1.50s
[RANGO] autosello ZKP · ACECHANDO · Oz=0.0 link=— · manos_feria_informe.json
[RANGO] ZKPUSDT_LINEAL last=0.04723 · río=WS · mercado=linear · estado=ACECHANDO · dir=— · 0=0.047 · Oz=— · Red=0.048626600000000006 · manos=ON · pos=LONG 1281@0.05066113 · latido=1.50s
[RANGO] autosello ZKP · ACECHANDO · Oz=0.0 link=— · manos_feria_informe.json
[RANGO] ZKPUSDT_LINEAL last=0.04717 · río=WS · mercado=linear · estado=ACECHANDO · dir=— · 0=0.047 · Oz=— · Red=0.048626600000000006 · manos=ON · pos=LONG 1281@0.05066113 · latido=1.50s
[RANGO] ZKPUSDT_LINEAL last=0.04715 · río=WS · mercado=linear · estado=ACECHANDO · dir=— · 0=0.047 · Oz=— · Red=0.048626600000000006 · manos=ON · pos=LONG 1281@0.05066113 · latido=1.50s
[RANGO] autosello ZKP · ACECHANDO · Oz=0.0 link=— · manos_feria_informe.json
[RANGO] ZKPUSDT_LINEAL last=0.04719 · río=WS · mercado=linear · estado=ACECHANDO · dir=— · 0=0.047 · Oz=— · Red=0.048626600000000006 · manos=ON · pos=LONG 1281@0.05066113 · latido=1.50s
[RANGO] autosello ZKP · ACECHANDO · Oz=0.0 link=— · manos_feria_informe.json
[RANGO] ZKPUSDT_LINEAL last=0.04717 · río=WS · mercado=linear · estado=ACECHANDO · dir=— · 0=0.047 · Oz=— · Red=0.048626600000000006 · manos=ON · pos=LONG 1281@0.05066113 · latido=1.50s
[2026-08-31 08:39:20] [TUSK] RECONCILIACIÓN: DASHUSDT_LINEAL: interno L:0.000000/S:0.000000 -> real L:0.000000/S:0.220000
[2026-08-31 08:39:20] [TUSK] RECONCILIACIÓN_FANTASMA: CRCLUSDT_LINEAL existe interno pero no en exchange -> reseteando
[2026-08-31 08:39:20] [TUSK] RECONCILIACIÓN_OK: 2 frentes alineados con exchange
[RANGO] ZKPUSDT_LINEAL last=0.04717 · río=WS · mercado=linear · estado=ACECHANDO · dir=— · 0=0.047 · Oz=— · Red=0.048626600000000006 · manos=ON · pos=LONG 1281@0.05066113 · latido=1.50s
[RANGO] autosello ZKP · ACECHANDO · Oz=0.0 link=— · manos_feria_informe.json
[RANGO] ZKPUSDT_LINEAL last=0.04715 · río=WS · mercado=linear · estado=ACECHANDO · dir=— · 0=0.047 · Oz=— · Red=0.048626600000000006 · manos=ON · pos=LONG 1281@0.05066113 · latido=1.50s
[RANGO] autosello ZKP · ACECHANDO · Oz=0.0 link=— · manos_feria_informe.json
[RANGO] ZKPUSDT_LINEAL last=0.04717 · río=ciego/muleta · mercado=linear · estado=ACECHANDO · dir=— · 0=0.047 · Oz=— · Red=0.048626600000000006 · manos=ON · pos=LONG 1281@0.05066113 · latido=1.50s
[RANGO] autosello ZKP · ACECHANDO · Oz=0.0 link=— · manos_feria_informe.json
[RANGO] ZKPUSDT_LINEAL last=0.04716 · río=WS · mercado=linear · estado=ACECHANDO · dir=— · 0=0.047 · Oz=— · Red=0.048626600000000006 · manos=ON · pos=LONG 1281@0.05066113 · latido=1.50s
[RANGO] ZKPUSDT_LINEAL last=0.04718 · río=WS · mercado=linear · estado=ACECHANDO · dir=— · 0=0.047 · Oz=— · Red=0.048626600000000006 · manos=ON · pos=LONG 1281@0.05066113 · latido=1.50s
[RANGO] autosello ZKP · ACECHANDO · Oz=0.0 link=— · manos_feria_informe.json
[RANGO] ZKPUSDT_LINEAL last=0.04713 · río=WS · mercado=linear · estado=ACECHANDO · dir=— · 0=0.047 · Oz=— · Red=0.048626600000000006 · manos=ON · pos=LONG 1281@0.05066113 · latido=1.50s
[2026-08-31 08:40:21] [TUSK] RECONCILIACIÓN: POWERUSDT_LINEAL: interno L:6.000000/S:0.000000 -> real L:0.000000/S:54.000000
[2026-08-31 08:40:21] [TUSK] RECONCILIACIÓN_OK: 1 frentes alineados con exchange
[RANGO] autosello ZKP · ACECHANDO · Oz=0.0 link=— · manos_feria_informe.json
[RANGO] ZKPUSDT_LINEAL last=0.04716 · río=WS · mercado=linear · estado=ACECHANDO · dir=— · 0=0.047 · Oz=— · Red=0.048626600000000006 · manos=ON · pos=LONG 1281@0.05066113 · latido=1.50s
[RANGO] ZKPUSDT_LINEAL last=0.04718 · río=WS · mercado=linear · estado=ACECHANDO · dir=— · 0=0.047 · Oz=— · Red=0.048626600000000006 · manos=ON · pos=LONG 1281@0.05066113 · latido=1.50s
[RANGO] autosello ZKP · ACECHANDO · Oz=0.0 link=— · manos_feria_informe.json
[RANGO] ZKPUSDT_LINEAL last=0.04719 · río=ciego/muleta · mercado=linear · estado=ACECHANDO · dir=— · 0=0.047 · Oz=— · Red=0.048626600000000006 · manos=ON · pos=LONG 1281@0.05066113 · latido=1.50s
[RANGO] autosello ZKP · ACECHANDO · Oz=0.0 link=— · manos_feria_informe.json
[RANGO] ZKPUSDT_LINEAL last=0.04719 · río=ciego/muleta · mercado=linear · estado=ACECHANDO · dir=— · 0=0.047 · Oz=— · Red=0.048626600000000006 · manos=ON · pos=LONG 1281@0.05066113 · latido=1.50s
[RANGO] ZKPUSDT_LINEAL last=0.04717 · río=WS · mercado=linear · estado=ACECHANDO · dir=— · 0=0.047 · Oz=— · Red=0.048626600000000006 · manos=ON · pos=LONG 1281@0.05066113 · latido=1.50s
[RANGO] autosello ZKP · ACECHANDO · Oz=0.0 link=— · manos_feria_informe.json
[RANGO] ZKPUSDT_LINEAL last=0.04719 · río=WS · mercado=linear · estado=ACECHANDO · dir=— · 0=0.047 · Oz=— · Red=0.048626600000000006 · manos=ON · pos=LONG 1281@0.05066113 · latido=1.50s
[RANGO] autosello ZKP · ACECHANDO · Oz=0.0 link=— · manos_feria_informe.json
[2026-08-31 08:41:22] [TUSK] RECONCILIACIÓN: SNXXUSDT_LINEAL: interno L:6.830000/S:0.000000 -> real L:6.460000/S:0.000000
[2026-08-31 08:41:22] [TUSK] RECONCILIACIÓN_OK: 1 frentes alineados con exchange
[RANGO] ZKPUSDT_LINEAL last=0.04728 · río=WS · mercado=linear · estado=ACECHANDO · dir=— · 0=0.047 · Oz=— · Red=0.048626600000000006 · manos=ON · pos=LONG 1281@0.05066113 · latido=1.50s
[RANGO] ZKPUSDT_LINEAL last=0.04724 · río=WS · mercado=linear · estado=ACECHANDO · dir=— · 0=0.047 · Oz=— · Red=0.048626600000000006 · manos=ON · pos=LONG 1281@0.05066113 · latido=1.50s
[RANGO] autosello ZKP · ACECHANDO · Oz=0.0 link=— · manos_feria_informe.json
[RANGO] ZKPUSDT_LINEAL last=0.04729 · río=WS · mercado=linear · estado=ACECHANDO · dir=— · 0=0.047 · Oz=— · Red=0.048626600000000006 · manos=ON · pos=LONG 1281@0.05066113 · latido=1.50s
[RANGO] autosello ZKP · ACECHANDO · Oz=0.0 link=— · manos_feria_informe.json
[RANGO] ZKPUSDT_LINEAL last=0.04729 · río=WS · mercado=linear · estado=ACECHANDO · dir=— · 0=0.047 · Oz=— · Red=0.048626600000000006 · manos=ON · pos=LONG 1281@0.05066113 · latido=1.50s
[RANGO] ZKPUSDT_LINEAL last=0.04724 · río=WS · mercado=linear · estado=ACECHANDO · dir=— · 0=0.047 · Oz=— · Red=0.048626600000000006 · manos=ON · pos=LONG 1281@0.05066113 · latido=1.50s
[RANGO] autosello ZKP · ACECHANDO · Oz=0.0 link=— · manos_feria_informe.json
[RANGO] ZKPUSDT_LINEAL last=0.04728 · río=WS · mercado=linear · estado=ACECHANDO · dir=— · 0=0.047 · Oz=— · Red=0.048626600000000006 · manos=ON · pos=LONG 1281@0.05066113 · latido=1.50s
[RANGO] autosello ZKP · ACECHANDO · Oz=0.0 link=— · manos_feria_informe.json
[2026-08-31 08:42:23] [TUSK] RECONCILIACIÓN: MORPHOUSDT_LINEAL: interno L:0.000000/S:0.000000 -> real L:27.000000/S:0.000000
[2026-08-31 08:42:23] [TUSK] RECONCILIACIÓN_FANTASMA: BSPUSDT_LINEAL existe interno pero no en exchange -> reseteando
[2026-08-31 08:42:23] [TUSK] RECONCILIACIÓN_OK: 2 frentes alineados con exchange
[RANGO] ZKPUSDT_LINEAL last=0.04733 · río=WS · mercado=linear · estado=ACECHANDO · dir=— · 0=0.047 · Oz=— · Red=0.048626600000000006 · manos=ON · pos=LONG 1281@0.05066113 · latido=1.50s
[RANGO] ZKPUSDT_LINEAL last=0.04732 · río=WS · mercado=linear · estado=ACECHANDO · dir=— · 0=0.047 · Oz=— · Red=0.048626600000000006 · manos=ON · pos=LONG 1281@0.05066113 · latido=1.50s
[RANGO] autosello ZKP · ACECHANDO · Oz=0.0 link=— · manos_feria_informe.json
[RANGO] ZKPUSDT_LINEAL last=0.04735 · río=WS · mercado=linear · estado=ACECHANDO · dir=— · 0=0.047 · Oz=— · Red=0.048626600000000006 · manos=ON · pos=LONG 1281@0.05066113 · latido=1.50s
[RANGO] autosello ZKP · ACECHANDO · Oz=0.0 link=— · manos_feria_informe.json
[RANGO] ZKPUSDT_LINEAL last=0.04738 · río=WS · mercado=linear · estado=ACECHANDO · dir=— · 0=0.047 · Oz=— · Red=0.048626600000000006 · manos=ON · pos=LONG 1281@0.05066113 · latido=1.50s
[RANGO] ZKPUSDT_LINEAL last=0.04741 · río=WS · mercado=linear · estado=ACECHANDO · dir=— · 0=0.047 · Oz=— · Red=0.048626600000000006 · manos=ON · pos=LONG 1281@0.05066113 · latido=1.50s
[RANGO] autosello ZKP · ACECHANDO · Oz=0.0 link=— · manos_feria_informe.json
[RANGO] ZKPUSDT_LINEAL last=0.04736 · río=WS · mercado=linear · estado=ACECHANDO · dir=— · 0=0.047 · Oz=— · Red=0.048626600000000006 · manos=ON · pos=LONG 1281@0.05066113 · latido=1.50s
[RANGO] autosello ZKP · ACECHANDO · Oz=0.0 link=— · manos_feria_informe.json
[2026-08-31 08:43:24] [TUSK] RECONCILIACIÓN: TRBUSDT_LINEAL: interno L:0.000000/S:0.000000 -> real L:5.240000/S:0.000000
[2026-08-31 08:43:24] [TUSK] RECONCILIACIÓN_FANTASMA: SAMSUNGUSDT_LINEAL existe interno pero no en exchange -> reseteando
[2026-08-31 08:43:24] [TUSK] RECONCILIACIÓN_OK: 2 frentes alineados con exchange
[RANGO] ZKPUSDT_LINEAL last=0.04736 · río=WS · mercado=linear · estado=ACECHANDO · dir=— · 0=0.047 · Oz=— · Red=0.048626600000000006 · manos=ON · pos=LONG 1281@0.05066113 · latido=1.50s
[RANGO] ZKPUSDT_LINEAL last=0.04736 · río=WS · mercado=linear · estado=ACECHANDO · dir=— · 0=0.047 · Oz=— · Red=0.048626600000000006 · manos=ON · pos=LONG 1281@0.05066113 · latido=1.50s
[RANGO] autosello ZKP · ACECHANDO · Oz=0.0 link=— · manos_feria_informe.json
[RANGO] ZKPUSDT_LINEAL last=0.04737 · río=ciego/muleta · mercado=linear · estado=ACECHANDO · dir=— · 0=0.047 · Oz=— · Red=0.048626600000000006 · manos=ON · pos=LONG 1281@0.05066113 · latido=1.50s
[RANGO] autosello ZKP · ACECHANDO · Oz=0.0 link=— · manos_feria_informe.json
[RANGO] ZKPUSDT_LINEAL last=0.04737 · río=WS · mercado=linear · estado=ACECHANDO · dir=— · 0=0.047 · Oz=— · Red=0.048626600000000006 · manos=ON · pos=LONG 1281@0.05066113 · latido=1.50s
[RANGO] ZKPUSDT_LINEAL last=0.04736 · río=WS · mercado=linear · estado=ACECHANDO · dir=— · 0=0.047 · Oz=— · Red=0.048626600000000006 · manos=ON · pos=LONG 1281@0.05066113 · latido=1.50s
[RANGO] autosello ZKP · ACECHANDO · Oz=0.0 link=— · manos_feria_informe.json
[RANGO] ZKPUSDT_LINEAL last=0.04736 · río=WS · mercado=linear · estado=ACECHANDO · dir=— · 0=0.047 · Oz=— · Red=0.048626600000000006 · manos=ON · pos=LONG 1281@0.05066113 · latido=1.50s
[RANGO] autosello ZKP · ACECHANDO · Oz=0.0 link=— · manos_feria_informe.json
[RANGO] ZKPUSDT_LINEAL last=0.04737 · río=ciego/muleta · mercado=linear · estado=ACECHANDO · dir=— · 0=0.047 · Oz=— · Red=0.048626600000000006 · manos=ON · pos=LONG 1281@0.05066113 · latido=1.50s
[2026-08-31 08:44:25] [TUSK] RECONCILIACIÓN: CRCLUSDT_LINEAL: interno L:0.000000/S:0.000000 -> real L:0.410000/S:0.000000
[2026-08-31 08:44:25] [TUSK] RECONCILIACIÓN: PURRUSDT_LINEAL: interno L:0.000000/S:0.000000 -> real L:4.800000/S:0.000000
[2026-08-31 08:44:25] [TUSK] RECONCILIACIÓN: UNIUSDT_LINEAL: interno L:0.000000/S:0.000000 -> real L:0.900000/S:0.000000
[2026-08-31 08:44:25] [TUSK] RECONCILIACIÓN_FANTASMA: AEHRUSDT_LINEAL existe interno pero no en exchange -> reseteando
[2026-08-31 08:44:25] [TUSK] RECONCILIACIÓN_FANTASMA: KSMUSDT_LINEAL existe interno pero no en exchange -> reseteando
[2026-08-31 08:44:25] [TUSK] RECONCILIACIÓN_FANTASMA: AAOIUSDT_LINEAL existe interno pero no en exchange -> reseteando
[2026-08-31 08:44:25] [TUSK] RECONCILIACIÓN_OK: 6 frentes alineados con exchange
[RANGO] ZKPUSDT_LINEAL last=0.04734 · río=WS · mercado=linear · estado=ACECHANDO · dir=— · 0=0.047 · Oz=— · Red=0.048626600000000006 · manos=ON · pos=LONG 1281@0.05066113 · latido=1.50s
[RANGO] autosello ZKP · ACECHANDO · Oz=0.0 link=— · manos_feria_informe.json
[RANGO] ZKPUSDT_LINEAL last=0.04735 · río=WS · mercado=linear · estado=ACECHANDO · dir=— · 0=0.047 · Oz=— · Red=0.048626600000000006 · manos=ON · pos=LONG 1281@0.05066113 · latido=1.50s
[RANGO] autosello ZKP · ACECHANDO · Oz=0.0 link=— · manos_feria_informe.json
[RANGO] ZKPUSDT_LINEAL last=0.04732 · río=WS · mercado=linear · estado=ACECHANDO · dir=— · 0=0.047 · Oz=— · Red=0.048626600000000006 · manos=ON · pos=LONG 1281@0.05066113 · latido=1.50s
[RANGO] ZKPUSDT_LINEAL last=0.04737 · río=WS · mercado=linear · estado=ACECHANDO · dir=— · 0=0.047 · Oz=— · Red=0.048626600000000006 · manos=ON · pos=LONG 1281@0.05066113 · latido=1.50s
[RANGO] autosello ZKP · ACECHANDO · Oz=0.0 link=— · manos_feria_informe.json
[RANGO] ZKPUSDT_LINEAL last=0.04738 · río=ciego/muleta · mercado=linear · estado=ACECHANDO · dir=— · 0=0.047 · Oz=— · Red=0.048626600000000006 · manos=ON · pos=LONG 1281@0.05066113 · latido=1.50s
[RANGO] autosello ZKP · ACECHANDO · Oz=0.0 link=— · manos_feria_informe.json
[RANGO] ZKPUSDT_LINEAL last=0.04739 · río=WS · mercado=linear · estado=ACECHANDO · dir=— · 0=0.047 · Oz=— · Red=0.048626600000000006 · manos=ON · pos=LONG 1281@0.05066113 · latido=1.50s
[RANGO] ZKPUSDT_LINEAL last=0.04738 · río=WS · mercado=linear · estado=ACECHANDO · dir=— · 0=0.047 · Oz=— · Red=0.048626600000000006 · manos=ON · pos=LONG 1281@0.05066113 · latido=1.50s
[RANGO] autosello ZKP · ACECHANDO · Oz=0.0 link=— · manos_feria_informe.json
[RANGO] ZKPUSDT_LINEAL last=0.04737 · río=WS · mercado=linear · estado=ACECHANDO · dir=— · 0=0.047 · Oz=— · Red=0.048626600000000006 · manos=ON · pos=LONG 1281@0.05066113 · latido=1.50s
[RANGO] autosello ZKP · ACECHANDO · Oz=0.0 link=— · manos_feria_informe.json
[RANGO] ZKPUSDT_LINEAL last=0.04739 · río=WS · mercado=linear · estado=ACECHANDO · dir=— · 0=0.047 · Oz=— · Red=0.048626600000000006 · manos=ON · pos=LONG 1281@0.05066113 · latido=1.50s
[RANGO] ZKPUSDT_LINEAL last=0.04743 · río=WS · mercado=linear · estado=ACECHANDO · dir=— · 0=0.047 · Oz=— · Red=0.048626600000000006 · manos=ON · pos=LONG 1281@0.05066113 · latido=1.50s
[RANGO] autosello ZKP · ACECHANDO · Oz=0.0 link=— · manos_feria_informe.json
[RANGO] ZKPUSDT_LINEAL last=0.04742 · río=WS · mercado=linear · estado=ACECHANDO · dir=— · 0=0.047 · Oz=— · Red=0.048626600000000006 · manos=ON · pos=LONG 1281@0.05066113 · latido=1.50s
[RANGO] autosello ZKP · ACECHANDO · Oz=0.0 link=— · manos_feria_informe.json
[RANGO] ZKPUSDT_LINEAL last=0.04742 · río=WS · mercado=linear · estado=ACECHANDO · dir=— · 0=0.047 · Oz=— · Red=0.048626600000000006 · manos=ON · pos=LONG 1281@0.05066113 · latido=1.50s
[2026-08-31 08:46:28] [TUSK] RECONCILIACIÓN: KSMUSDT_LINEAL: interno L:0.000000/S:0.000000 -> real L:13.470000/S:0.000000
[2026-08-31 08:46:28] [TUSK] RECONCILIACIÓN: BIOUSDT_LINEAL: interno L:0.000000/S:0.000000 -> real L:1016.000000/S:0.000000
[2026-08-31 08:46:28] [TUSK] RECONCILIACIÓN_FANTASMA: AXTIUSDT_LINEAL existe interno pero no en exchange -> reseteando
[2026-08-31 08:46:28] [TUSK] RECONCILIACIÓN_FANTASMA: ZKPUSDT_LINEAL existe interno pero no en exchange -> reseteando
[2026-08-31 08:46:28] [TUSK] RECONCILIACIÓN_OK: 4 frentes alineados con exchange
[RANGO] ZKPUSDT_LINEAL last=0.04741 · río=WS · mercado=linear · estado=ACECHANDO · dir=— · 0=0.047 · Oz=— · Red=0.048626600000000006 · manos=ON · pos=flat · latido=1.50s
[RANGO] autosello ZKP · ACECHANDO · Oz=0.0 link=— · manos_feria_informe.json
[RANGO] ZKPUSDT_LINEAL last=0.0474 · río=WS · mercado=linear · estado=ACECHANDO · dir=— · 0=0.047 · Oz=— · Red=0.048626600000000006 · manos=ON · pos=flat · latido=1.50s
[RANGO] autosello ZKP · ACECHANDO · Oz=0.0 link=— · manos_feria_informe.json
[RANGO] ZKPUSDT_LINEAL last=0.04735 · río=WS · mercado=linear · estado=ACECHANDO · dir=— · 0=0.047 · Oz=— · Red=0.048626600000000006 · manos=ON · pos=flat · latido=1.50s
[RANGO] ZKPUSDT_LINEAL last=0.04734 · río=WS · mercado=linear · estado=ACECHANDO · dir=— · 0=0.047 · Oz=— · Red=0.048626600000000006 · manos=ON · pos=flat · latido=1.50s
[RANGO] autosello ZKP · ACECHANDO · Oz=0.0 link=— · manos_feria_informe.json
[RANGO] ZKPUSDT_LINEAL last=0.04736 · río=WS · mercado=linear · estado=ACECHANDO · dir=— · 0=0.047 · Oz=— · Red=0.048626600000000006 · manos=ON · pos=flat · latido=1.50s
[RANGO] autosello ZKP · ACECHANDO · Oz=0.0 link=— · manos_feria_informe.json
[RANGO] ZKPUSDT_LINEAL last=0.04726 · río=WS · mercado=linear · estado=ACECHANDO · dir=— · 0=0.047 · Oz=— · Red=0.048626600000000006 · manos=ON · pos=flat · latido=1.50s
[2026-08-31 08:47:29] [TUSK] RECONCILIACIÓN: POWERUSDT_LINEAL: interno L:0.000000/S:54.000000 -> real L:0.000000/S:114.000000
[2026-08-31 08:47:29] [TUSK] RECONCILIACIÓN_OK: 1 frentes alineados con exchange
[RANGO] ZKPUSDT_LINEAL last=0.04727 · río=WS · mercado=linear · estado=ACECHANDO · dir=— · 0=0.047 · Oz=— · Red=0.048626600000000006 · manos=ON · pos=flat · latido=1.50s
[RANGO] autosello ZKP · ACECHANDO · Oz=0.0 link=— · manos_feria_informe.json
[2026-08-31 08:47:42] [BERU_RANGO] ARMAR: RANGO_ZKP_5a0944bd SANGRE → trailing LONG Oz @0.047084 (0,2 detrás de extremo 0.046990) Red @0.000000 ($5.00).
[BERU_RANGO] ARMAR RANGO_ZKP_5a0944bd SANGRE direccion=LONG oz_adan=0.04708398 red_adan=0.0 masa_usd=5.0 trail_extremo=0.04699
[2026-08-31 08:47:43] [BRIDGE] IDX_ONE_WAY: ZKPUSDT: casa en modo simple · reintento sin positionIdx | LINK:BRG-TRA-2-0fb519400f4841
[2026-08-31 08:47:43] [BRIDGE] ORDEN_ENVIADA: Buy 107.0 ZKPUSDT @Market | ID:471f8b1b-8c2b-43fa-af94-6b7be9624070 LINK:BRG-TRA-2-0fb519400f4841 reduceOnly=0
[RANGO] ZKP → ARMAR_SANGRE {'ok': True, 'evento': 'ARMAR_SANGRE', 'masa': 5.0, 'dir': 'LONG'}
[2026-08-31 08:47:43] [BRIDGE] ORDEN_CANCELADA: ID:471f8b1b-8c2b-43fa-af94-6b7be9624070 ZKPUSDT
[2026-08-31 08:47:43] [BERU_RANGO] ALTAR_CANCEL: ZKP PRE_MARKET_OZ link=BRG-TRA-2-0fb519400f4841 · ok
[2026-08-31 08:47:44] [BRIDGE] IDX_ONE_WAY: ZKPUSDT: casa en modo simple · reintento sin positionIdx | LINK:BRG-MKT-2-8279990f9adf6a
[2026-08-31 08:47:44] [BRIDGE] ORDEN_ENVIADA: Buy 107.0 ZKPUSDT @Market | ID:a142c32e-e203-4158-ac77-00c1b564ce75 LINK:BRG-MKT-2-8279990f9adf6a reduceOnly=0
[2026-08-31 08:47:44] [BERU_RANGO] OZ_COSECHA: RANGO_ZKP_5a0944bd Oz peldaño @0.047080 fill @0.047080 · wake=0.047000 · sangre act. ARRIBA 2.2% · Red trailing act. @0.046515 (callback 0.2% · $5) · extremo=0.046990.
[BERU_RANGO] OZ_COSECHA RANGO_ZKP_5a0944bd wake=0.047 oz=0.04708 fill=0.04708 sangre=ARRIBA red=0.046515039999999994 extremo=0.04699 precio=0.04708 masa_usd=5.0
[RANGO] ZKP → OZ_COSECHA {'ok': True, 'evento': 'OZ_COSECHA', 'cero': 0.047, 'fill': 0.04708, 'oz_despliegue': 0.04708, 'sangre': 'ARRIBA', 'red': 0.046515039999999994, 'masa_hecha': 5.0, 'trail_extremo': 0.04699, 'oz': 0.04708, 'dir': 'LONG'}
[RANGO] ZKPUSDT_LINEAL last=0.04707 · río=WS · mercado=linear · estado=ACECHANDO · dir=— · 0=0.047 · Oz=— · Red=0.046515039999999994 · manos=ON · pos=flat · latido=1.50s
[RANGO] autosello ZKP · ACECHANDO · Oz=0.0 link=— · manos_feria_informe.json
[RANGO] ZKPUSDT_LINEAL last=0.04708 · río=WS · mercado=linear · estado=ACECHANDO · dir=— · 0=0.047 · Oz=— · Red=0.046515039999999994 · manos=ON · pos=flat · latido=1.50s
[RANGO] ZKPUSDT_LINEAL last=0.04702 · río=WS · mercado=linear · estado=ACECHANDO · dir=— · 0=0.047 · Oz=— · Red=0.046515039999999994 · manos=ON · pos=flat · latido=1.50s
[RANGO] autosello ZKP · ACECHANDO · Oz=0.0 link=— · manos_feria_informe.json
[RANGO] ZKPUSDT_LINEAL last=0.047 · río=WS · mercado=linear · estado=ACECHANDO · dir=— · 0=0.047 · Oz=— · Red=0.046515039999999994 · manos=ON · pos=flat · latido=1.50s
[RANGO] autosello ZKP · ACECHANDO · Oz=0.0 link=— · manos_feria_informe.json
[RANGO] ZKPUSDT_LINEAL last=0.04702 · río=WS · mercado=linear · estado=ACECHANDO · dir=— · 0=0.047 · Oz=— · Red=0.046515039999999994 · manos=ON · pos=flat · latido=1.50s
[2026-08-31 08:48:31] [TUSK] RECONCILIACIÓN: CRDOUSDT_LINEAL: interno L:0.000000/S:0.000000 -> real L:0.140000/S:0.000000
[2026-08-31 08:48:31] [TUSK] RECONCILIACIÓN: ZKPUSDT_LINEAL: interno L:0.000000/S:0.000000 -> real L:1388.000000/S:0.000000
[2026-08-31 08:48:31] [TUSK] RECONCILIACIÓN: SAMSUNGUSDT_LINEAL: interno L:0.000000/S:0.000000 -> real L:0.000000/S:0.110000
[2026-08-31 08:48:31] [TUSK] RECONCILIACIÓN_FANTASMA: WDCUSDT_LINEAL existe interno pero no en exchange -> reseteando
[2026-08-31 08:48:31] [TUSK] RECONCILIACIÓN_FANTASMA: TSLLUSDT_LINEAL existe interno pero no en exchange -> reseteando
[2026-08-31 08:48:31] [TUSK] RECONCILIACIÓN_FANTASMA: ZBCNUSDT_LINEAL existe interno pero no en exchange -> reseteando
[2026-08-31 08:48:31] [TUSK] RECONCILIACIÓN_OK: 6 frentes alineados con exchange
[RANGO] ZKPUSDT_LINEAL last=0.04701 · río=WS · mercado=linear · estado=ACECHANDO · dir=— · 0=0.047 · Oz=— · Red=0.046515039999999994 · manos=ON · pos=LONG 1388@0.05038275 · latido=1.50s
[RANGO] autosello ZKP · ACECHANDO · Oz=0.0 link=— · manos_feria_informe.json
[RANGO] ZKPUSDT_LINEAL last=0.04701 · río=WS · mercado=linear · estado=ACECHANDO · dir=— · 0=0.047 · Oz=— · Red=0.046515039999999994 · manos=ON · pos=LONG 1388@0.05038275 · latido=1.50s
[RANGO] autosello ZKP · ACECHANDO · Oz=0.0 link=— · manos_feria_informe.json
[RANGO] ZKPUSDT_LINEAL last=0.04699 · río=WS · mercado=linear · estado=ACECHANDO · dir=— · 0=0.047 · Oz=— · Red=0.046515039999999994 · manos=ON · pos=LONG 1388@0.05038275 · latido=1.50s
[RANGO] ZKPUSDT_LINEAL last=0.0469 · río=WS · mercado=linear · estado=ACECHANDO · dir=— · 0=0.047 · Oz=— · Red=0.046515039999999994 · manos=ON · pos=LONG 1388@0.05038275 · latido=1.50s
[RANGO] autosello ZKP · ACECHANDO · Oz=0.0 link=— · manos_feria_informe.json
[RANGO] ZKPUSDT_LINEAL last=0.04686 · río=WS · mercado=linear · estado=ACECHANDO · dir=— · 0=0.047 · Oz=— · Red=0.046515039999999994 · manos=ON · pos=LONG 1388@0.05038275 · latido=1.50s
[RANGO] autosello ZKP · ACECHANDO · Oz=0.0 link=— · manos_feria_informe.json
[RANGO] ZKPUSDT_LINEAL last=0.04685 · río=WS · mercado=linear · estado=ACECHANDO · dir=— · 0=0.047 · Oz=— · Red=0.046515039999999994 · manos=ON · pos=LONG 1388@0.05038275 · latido=1.50s
[2026-08-31 08:49:32] [TUSK] RECONCILIACIÓN: TSEMUSDT_LINEAL: interno L:0.000000/S:0.000000 -> real L:0.090000/S:0.000000
[2026-08-31 08:49:32] [TUSK] RECONCILIACIÓN_FANTASMA: MSTRUSDT_LINEAL existe interno pero no en exchange -> reseteando
[2026-08-31 08:49:32] [TUSK] RECONCILIACIÓN_OK: 2 frentes alineados con exchange
[RANGO] ZKPUSDT_LINEAL last=0.04688 · río=WS · mercado=linear · estado=ACECHANDO · dir=— · 0=0.047 · Oz=— · Red=0.046515039999999994 · manos=ON · pos=LONG 1388@0.05038275 · latido=1.50s
[RANGO] autosello ZKP · ACECHANDO · Oz=0.0 link=— · manos_feria_informe.json
[RANGO] ZKPUSDT_LINEAL last=0.04687 · río=WS · mercado=linear · estado=ACECHANDO · dir=— · 0=0.047 · Oz=— · Red=0.046515039999999994 · manos=ON · pos=LONG 1388@0.05038275 · latido=1.50s
[RANGO] autosello ZKP · ACECHANDO · Oz=0.0 link=— · manos_feria_informe.json
[RANGO] ZKPUSDT_LINEAL last=0.04689 · río=WS · mercado=linear · estado=ACECHANDO · dir=— · 0=0.047 · Oz=— · Red=0.046515039999999994 · manos=ON · pos=LONG 1388@0.05038275 · latido=1.50s
[RANGO] ZKPUSDT_LINEAL last=0.04684 · río=WS · mercado=linear · estado=ACECHANDO · dir=— · 0=0.047 · Oz=— · Red=0.046515039999999994 · manos=ON · pos=LONG 1388@0.05038275 · latido=1.50s
[RANGO] autosello ZKP · ACECHANDO · Oz=0.0 link=— · manos_feria_informe.json
[RANGO] ZKPUSDT_LINEAL last=0.04686 · río=WS · mercado=linear · estado=ACECHANDO · dir=— · 0=0.047 · Oz=— · Red=0.046515039999999994 · manos=ON · pos=LONG 1388@0.05038275 · latido=1.50s
[RANGO] autosello ZKP · ACECHANDO · Oz=0.0 link=— · manos_feria_informe.json
[RANGO] ZKPUSDT_LINEAL last=0.04688 · río=WS · mercado=linear · estado=ACECHANDO · dir=— · 0=0.047 · Oz=— · Red=0.046515039999999994 · manos=ON · pos=LONG 1388@0.05038275 · latido=1.50s
[2026-08-31 08:50:33] [TUSK] RECONCILIACIÓN: BSPUSDT_LINEAL: interno L:0.000000/S:0.000000 -> real L:0.440000/S:0.000000
[2026-08-31 08:50:33] [TUSK] RECONCILIACIÓN: ADAUSD_INVERSE: interno L:0.000000/S:0.000000 -> real L:207.000000/S:0.000000
[2026-08-31 08:50:33] [TUSK] RECONCILIACIÓN_FANTASMA: BTCUSD_INVERSE existe interno pero no en exchange -> reseteando
[2026-08-31 08:50:33] [TUSK] RECONCILIACIÓN_FANTASMA: BROCCOLIUSDT_LINEAL existe interno pero no en exchange -> reseteando
[2026-08-31 08:50:33] [TUSK] RECONCILIACIÓN_OK: 4 frentes alineados con exchange
[RANGO] ZKPUSDT_LINEAL last=0.04684 · río=WS · mercado=linear · estado=ACECHANDO · dir=— · 0=0.047 · Oz=— · Red=0.046515039999999994 · manos=ON · pos=LONG 1388@0.05038275 · latido=1.50s
[RANGO] autosello ZKP · ACECHANDO · Oz=0.0 link=— · manos_feria_informe.json
[RANGO] ZKPUSDT_LINEAL last=0.04683 · río=WS · mercado=linear · estado=ACECHANDO · dir=— · 0=0.047 · Oz=— · Red=0.046515039999999994 · manos=ON · pos=LONG 1388@0.05038275 · latido=1.50s
[RANGO] autosello ZKP · ACECHANDO · Oz=0.0 link=— · manos_feria_informe.json
[RANGO] ZKPUSDT_LINEAL last=0.0469 · río=WS · mercado=linear · estado=ACECHANDO · dir=— · 0=0.047 · Oz=— · Red=0.046515039999999994 · manos=ON · pos=LONG 1388@0.05038275 · latido=1.50s
[RANGO] ZKPUSDT_LINEAL last=0.04689 · río=WS · mercado=linear · estado=ACECHANDO · dir=— · 0=0.047 · Oz=— · Red=0.046515039999999994 · manos=ON · pos=LONG 1388@0.05038275 · latido=1.50s
[RANGO] autosello ZKP · ACECHANDO · Oz=0.0 link=— · manos_feria_informe.json
[RANGO] ZKPUSDT_LINEAL last=0.04687 · río=WS · mercado=linear · estado=ACECHANDO · dir=— · 0=0.047 · Oz=— · Red=0.046515039999999994 · manos=ON · pos=LONG 1388@0.05038275 · latido=1.50s
[RANGO] autosello ZKP · ACECHANDO · Oz=0.0 link=— · manos_feria_informe.json
[RANGO] ZKPUSDT_LINEAL last=0.04693 · río=WS · mercado=linear · estado=ACECHANDO · dir=— · 0=0.047 · Oz=— · Red=0.046515039999999994 · manos=ON · pos=LONG 1388@0.05038275 · latido=1.50s
[2026-08-31 08:51:34] [TUSK] RECONCILIACIÓN: UNIUSDT_LINEAL: interno L:0.900000/S:0.000000 -> real L:0.000000/S:0.100000
[2026-08-31 08:51:34] [TUSK] RECONCILIACIÓN_OK: 1 frentes alineados con exchange
[RANGO] ZKPUSDT_LINEAL last=0.04697 · río=WS · mercado=linear · estado=ACECHANDO · dir=— · 0=0.047 · Oz=— · Red=0.046515039999999994 · manos=ON · pos=LONG 1388@0.05038275 · latido=1.50s
[RANGO] autosello ZKP · ACECHANDO · Oz=0.0 link=— · manos_feria_informe.json
[RANGO] ZKPUSDT_LINEAL last=0.047 · río=WS · mercado=linear · estado=ACECHANDO · dir=— · 0=0.047 · Oz=— · Red=0.046515039999999994 · manos=ON · pos=LONG 1388@0.05038275 · latido=1.50s
[RANGO] autosello ZKP · ACECHANDO · Oz=0.0 link=— · manos_feria_informe.json
[RANGO] ZKPUSDT_LINEAL last=0.04701 · río=WS · mercado=linear · estado=ACECHANDO · dir=— · 0=0.047 · Oz=— · Red=0.046515039999999994 · manos=ON · pos=LONG 1388@0.05038275 · latido=1.50s
[RANGO] ZKPUSDT_LINEAL last=0.04702 · río=WS · mercado=linear · estado=ACECHANDO · dir=— · 0=0.047 · Oz=— · Red=0.046515039999999994 · manos=ON · pos=LONG 1388@0.05038275 · latido=1.50s
[RANGO] autosello ZKP · ACECHANDO · Oz=0.0 link=— · manos_feria_informe.json
[RANGO] ZKPUSDT_LINEAL last=0.04701 · río=ciego/muleta · mercado=linear · estado=ACECHANDO · dir=— · 0=0.047 · Oz=— · Red=0.046515039999999994 · manos=ON · pos=LONG 1388@0.05038275 · latido=1.50s
[RANGO] autosello ZKP · ACECHANDO · Oz=0.0 link=— · manos_feria_informe.json
[RANGO] ZKPUSDT_LINEAL last=0.04701 · río=WS · mercado=linear · estado=ACECHANDO · dir=— · 0=0.047 · Oz=— · Red=0.046515039999999994 · manos=ON · pos=LONG 1388@0.05038275 · latido=1.50s
[2026-08-31 08:52:35] [TUSK] RECONCILIACIÓN: CRVUSDT_LINEAL: interno L:0.000000/S:0.000000 -> real L:4.800000/S:0.000000
[2026-08-31 08:52:35] [TUSK] RECONCILIACIÓN: NILUSDT_LINEAL: interno L:0.000000/S:0.000000 -> real L:220.000000/S:0.000000
[2026-08-31 08:52:35] [TUSK] RECONCILIACIÓN: FLNCUSDT_LINEAL: interno L:0.000000/S:0.000000 -> real L:3.300000/S:0.000000
[2026-08-31 08:52:35] [TUSK] RECONCILIACIÓN: AAVEUSD_INVERSE: interno L:178.000000/S:0.000000 -> real L:89.000000/S:0.000000
[2026-08-31 08:52:35] [TUSK] RECONCILIACIÓN_FANTASMA: SNXXUSDT_LINEAL existe interno pero no en exchange -> reseteando
[2026-08-31 08:52:35] [TUSK] RECONCILIACIÓN_FANTASMA: VVVUSDT_LINEAL existe interno pero no en exchange -> reseteando
[2026-08-31 08:52:35] [TUSK] RECONCILIACIÓN_FANTASMA: DASHUSDT_LINEAL existe interno pero no en exchange -> reseteando
[2026-08-31 08:52:35] [TUSK] RECONCILIACIÓN_OK: 7 frentes alineados con exchange
[RANGO] ZKPUSDT_LINEAL last=0.04698 · río=WS · mercado=linear · estado=ACECHANDO · dir=— · 0=0.047 · Oz=— · Red=0.046515039999999994 · manos=ON · pos=LONG 1388@0.05038275 · latido=1.50s
[RANGO] autosello ZKP · ACECHANDO · Oz=0.0 link=— · manos_feria_informe.json
[RANGO] ZKPUSDT_LINEAL last=0.04699 · río=WS · mercado=linear · estado=ACECHANDO · dir=— · 0=0.047 · Oz=— · Red=0.046515039999999994 · manos=ON · pos=LONG 1388@0.05038275 · latido=1.50s
[RANGO] autosello ZKP · ACECHANDO · Oz=0.0 link=— · manos_feria_informe.json
[RANGO] ZKPUSDT_LINEAL last=0.04698 · río=ciego/muleta · mercado=linear · estado=ACECHANDO · dir=— · 0=0.047 · Oz=— · Red=0.046515039999999994 · manos=ON · pos=LONG 1388@0.05038275 · latido=1.50s
[RANGO] autosello ZKP · ACECHANDO · Oz=0.0 link=— · manos_feria_informe.json
[RANGO] ZKPUSDT_LINEAL last=0.04705 · río=WS · mercado=linear · estado=ACECHANDO · dir=— · 0=0.047 · Oz=— · Red=0.046515039999999994 · manos=ON · pos=LONG 1388@0.05038275 · latido=1.50s
[RANGO] ZKPUSDT_LINEAL last=0.04705 · río=WS · mercado=linear · estado=ACECHANDO · dir=— · 0=0.047 · Oz=— · Red=0.046515039999999994 · manos=ON · pos=LONG 1388@0.05038275 · latido=1.50s
[RANGO] autosello ZKP · ACECHANDO · Oz=0.0 link=— · manos_feria_informe.json
[RANGO] ZKPUSDT_LINEAL last=0.04704 · río=WS · mercado=linear · estado=ACECHANDO · dir=— · 0=0.047 · Oz=— · Red=0.046515039999999994 · manos=ON · pos=LONG 1388@0.05038275 · latido=1.50s
[2026-08-31 08:53:36] [TUSK] RECONCILIACIÓN: MORPHOUSDT_LINEAL: interno L:27.000000/S:0.000000 -> real L:25.000000/S:0.000000
[2026-08-31 08:53:36] [TUSK] RECONCILIACIÓN_OK: 1 frentes alineados con exchange
[RANGO] autosello ZKP · ACECHANDO · Oz=0.0 link=— · manos_feria_informe.json
[RANGO] ZKPUSDT_LINEAL last=0.047 · río=WS · mercado=linear · estado=ACECHANDO · dir=— · 0=0.047 · Oz=— · Red=0.046515039999999994 · manos=ON · pos=LONG 1388@0.05038275 · latido=1.50s
[RANGO] ZKPUSDT_LINEAL last=0.04699 · río=WS · mercado=linear · estado=ACECHANDO · dir=— · 0=0.047 · Oz=— · Red=0.046515039999999994 · manos=ON · pos=LONG 1388@0.05038275 · latido=1.50s
[RANGO] autosello ZKP · ACECHANDO · Oz=0.0 link=— · manos_feria_informe.json
[RANGO] ZKPUSDT_LINEAL last=0.04698 · río=WS · mercado=linear · estado=ACECHANDO · dir=— · 0=0.047 · Oz=— · Red=0.046515039999999994 · manos=ON · pos=LONG 1388@0.05038275 · latido=1.50s
[RANGO] autosello ZKP · ACECHANDO · Oz=0.0 link=— · manos_feria_informe.json
[RANGO] ZKPUSDT_LINEAL last=0.0469 · río=WS · mercado=linear · estado=ACECHANDO · dir=— · 0=0.047 · Oz=— · Red=0.046515039999999994 · manos=ON · pos=LONG 1388@0.05038275 · latido=1.50s
[RANGO] ZKPUSDT_LINEAL last=0.04695 · río=ciego/muleta · mercado=linear · estado=ACECHANDO · dir=— · 0=0.047 · Oz=— · Red=0.046515039999999994 · manos=ON · pos=LONG 1388@0.05038275 · latido=1.50s
[RANGO] autosello ZKP · ACECHANDO · Oz=0.0 link=— · manos_feria_informe.json
[RANGO] ZKPUSDT_LINEAL last=0.04694 · río=WS · mercado=linear · estado=ACECHANDO · dir=— · 0=0.047 · Oz=— · Red=0.046515039999999994 · manos=ON · pos=LONG 1388@0.05038275 · latido=1.50s
[RANGO] autosello ZKP · ACECHANDO · Oz=0.0 link=— · manos_feria_informe.json
[RANGO] ZKPUSDT_LINEAL last=0.04698 · río=ciego/muleta · mercado=linear · estado=ACECHANDO · dir=— · 0=0.047 · Oz=— · Red=0.046515039999999994 · manos=ON · pos=LONG 1388@0.05038275 · latido=1.50s
[RANGO] ZKPUSDT_LINEAL last=0.04696 · río=WS · mercado=linear · estado=ACECHANDO · dir=— · 0=0.047 · Oz=— · Red=0.046515039999999994 · manos=ON · pos=LONG 1388@0.05038275 · latido=1.50s
[RANGO] autosello ZKP · ACECHANDO · Oz=0.0 link=— · manos_feria_informe.json
[RANGO] ZKPUSDT_LINEAL last=0.04698 · río=ciego/muleta · mercado=linear · estado=ACECHANDO · dir=— · 0=0.047 · Oz=— · Red=0.046515039999999994 · manos=ON · pos=LONG 1388@0.05038275 · latido=1.50s
[RANGO] autosello ZKP · ACECHANDO · Oz=0.0 link=— · manos_feria_informe.json
[RANGO] ZKPUSDT_LINEAL last=0.04699 · río=WS · mercado=linear · estado=ACECHANDO · dir=— · 0=0.047 · Oz=— · Red=0.046515039999999994 · manos=ON · pos=LONG 1388@0.05038275 · latido=1.50s
[RANGO] ZKPUSDT_LINEAL last=0.04701 · río=WS · mercado=linear · estado=ACECHANDO · dir=— · 0=0.047 · Oz=— · Red=0.046515039999999994 · manos=ON · pos=LONG 1388@0.05038275 · latido=1.50s
[RANGO] autosello ZKP · ACECHANDO · Oz=0.0 link=— · manos_feria_informe.json
[RANGO] ZKPUSDT_LINEAL last=0.04694 · río=WS · mercado=linear · estado=ACECHANDO · dir=— · 0=0.047 · Oz=— · Red=0.046515039999999994 · manos=ON · pos=LONG 1388@0.05038275 · latido=1.50s
[RANGO] autosello ZKP · ACECHANDO · Oz=0.0 link=— · manos_feria_informe.json
[RANGO] ZKPUSDT_LINEAL last=0.04698 · río=WS · mercado=linear · estado=ACECHANDO · dir=— · 0=0.047 · Oz=— · Red=0.046515039999999994 · manos=ON · pos=LONG 1388@0.05038275 · latido=1.50s
[RANGO] ZKPUSDT_LINEAL last=0.04698 · río=WS · mercado=linear · estado=ACECHANDO · dir=— · 0=0.047 · Oz=— · Red=0.046515039999999994 · manos=ON · pos=LONG 1388@0.05038275 · latido=1.50s
[RANGO] autosello ZKP · ACECHANDO · Oz=0.0 link=— · manos_feria_informe.json
[RANGO] ZKPUSDT_LINEAL last=0.04693 · río=WS · mercado=linear · estado=ACECHANDO · dir=— · 0=0.047 · Oz=— · Red=0.046515039999999994 · manos=ON · pos=LONG 1388@0.05038275 · latido=1.50s
[RANGO] autosello ZKP · ACECHANDO · Oz=0.0 link=— · manos_feria_informe.json
[RANGO] ZKPUSDT_LINEAL last=0.04703 · río=WS · mercado=linear · estado=ACECHANDO · dir=— · 0=0.047 · Oz=— · Red=0.046515039999999994 · manos=ON · pos=LONG 1388@0.05038275 · latido=1.50s
[RANGO] ZKPUSDT_LINEAL last=0.04711 · río=WS · mercado=linear · estado=ACECHANDO · dir=— · 0=0.047 · Oz=— · Red=0.046515039999999994 · manos=ON · pos=LONG 1388@0.05038275 · latido=1.50s
[RANGO] autosello ZKP · ACECHANDO · Oz=0.0 link=— · manos_feria_informe.json
[RANGO] ZKPUSDT_LINEAL last=0.0471 · río=WS · mercado=linear · estado=ACECHANDO · dir=— · 0=0.047 · Oz=— · Red=0.046515039999999994 · manos=ON · pos=LONG 1388@0.05038275 · latido=1.50s
[RANGO] autosello ZKP · ACECHANDO · Oz=0.0 link=— · manos_feria_informe.json
[2026-08-31 08:56:40] [TUSK] RECONCILIACIÓN: WDCUSDT_LINEAL: interno L:0.000000/S:0.000000 -> real L:0.020000/S:0.000000
[2026-08-31 08:56:40] [TUSK] RECONCILIACIÓN_FANTASMA: LITUSDT_LINEAL existe interno pero no en exchange -> reseteando
[2026-08-31 08:56:40] [TUSK] RECONCILIACIÓN_OK: 2 frentes alineados con exchange
[RANGO] ZKPUSDT_LINEAL last=0.04704 · río=WS · mercado=linear · estado=ACECHANDO · dir=— · 0=0.047 · Oz=— · Red=0.046515039999999994 · manos=ON · pos=LONG 1388@0.05038275 · latido=1.50s
[RANGO] ZKPUSDT_LINEAL last=0.04707 · río=WS · mercado=linear · estado=ACECHANDO · dir=— · 0=0.047 · Oz=— · Red=0.046515039999999994 · manos=ON · pos=LONG 1388@0.05038275 · latido=1.50s
[RANGO] autosello ZKP · ACECHANDO · Oz=0.0 link=— · manos_feria_informe.json
[RANGO] ZKPUSDT_LINEAL last=0.04713 · río=WS · mercado=linear · estado=ACECHANDO · dir=— · 0=0.047 · Oz=— · Red=0.046515039999999994 · manos=ON · pos=LONG 1388@0.05038275 · latido=1.50s
[RANGO] autosello ZKP · ACECHANDO · Oz=0.0 link=— · manos_feria_informe.json
[RANGO] ZKPUSDT_LINEAL last=0.04713 · río=WS · mercado=linear · estado=ACECHANDO · dir=— · 0=0.047 · Oz=— · Red=0.046515039999999994 · manos=ON · pos=LONG 1388@0.05038275 · latido=1.50s
[RANGO] ZKPUSDT_LINEAL last=0.04716 · río=WS · mercado=linear · estado=ACECHANDO · dir=— · 0=0.047 · Oz=— · Red=0.046515039999999994 · manos=ON · pos=LONG 1388@0.05038275 · latido=1.50s
[RANGO] autosello ZKP · ACECHANDO · Oz=0.0 link=— · manos_feria_informe.json
[RANGO] ZKPUSDT_LINEAL last=0.0471 · río=WS · mercado=linear · estado=ACECHANDO · dir=— · 0=0.047 · Oz=— · Red=0.046515039999999994 · manos=ON · pos=LONG 1388@0.05038275 · latido=1.50s
[RANGO] autosello ZKP · ACECHANDO · Oz=0.0 link=— · manos_feria_informe.json
[RANGO] ZKPUSDT_LINEAL last=0.04708 · río=WS · mercado=linear · estado=ACECHANDO · dir=— · 0=0.047 · Oz=— · Red=0.046515039999999994 · manos=ON · pos=LONG 1388@0.05038275 · latido=1.50s
[2026-08-31 08:57:41] [TUSK] RECONCILIACIÓN: NEARUSDT_LINEAL: interno L:0.000000/S:0.000000 -> real L:0.000000/S:24.600000
[2026-08-31 08:57:41] [TUSK] RECONCILIACIÓN_FANTASMA: TRBUSDT_LINEAL existe interno pero no en exchange -> reseteando
[2026-08-31 08:57:41] [TUSK] RECONCILIACIÓN_OK: 2 frentes alineados con exchange
[RANGO] ZKPUSDT_LINEAL last=0.04706 · río=WS · mercado=linear · estado=ACECHANDO · dir=— · 0=0.047 · Oz=— · Red=0.046515039999999994 · manos=ON · pos=LONG 1388@0.05038275 · latido=1.50s
[RANGO] autosello ZKP · ACECHANDO · Oz=0.0 link=— · manos_feria_informe.json
[RANGO] ZKPUSDT_LINEAL last=0.04711 · río=WS · mercado=linear · estado=ACECHANDO · dir=— · 0=0.047 · Oz=— · Red=0.046515039999999994 · manos=ON · pos=LONG 1388@0.05038275 · latido=1.50s
[RANGO] autosello ZKP · ACECHANDO · Oz=0.0 link=— · manos_feria_informe.json
[RANGO] ZKPUSDT_LINEAL last=0.04705 · río=WS · mercado=linear · estado=ACECHANDO · dir=— · 0=0.047 · Oz=— · Red=0.046515039999999994 · manos=ON · pos=LONG 1388@0.05038275 · latido=1.50s
[RANGO] ZKPUSDT_LINEAL last=0.04701 · río=WS · mercado=linear · estado=ACECHANDO · dir=— · 0=0.047 · Oz=— · Red=0.046515039999999994 · manos=ON · pos=LONG 1388@0.05038275 · latido=1.50s
[RANGO] autosello ZKP · ACECHANDO · Oz=0.0 link=— · manos_feria_informe.json
[RANGO] ZKPUSDT_LINEAL last=0.04704 · río=WS · mercado=linear · estado=ACECHANDO · dir=— · 0=0.047 · Oz=— · Red=0.046515039999999994 · manos=ON · pos=LONG 1388@0.05038275 · latido=1.50s
[RANGO] autosello ZKP · ACECHANDO · Oz=0.0 link=— · manos_feria_informe.json
[RANGO] ZKPUSDT_LINEAL last=0.04703 · río=WS · mercado=linear · estado=ACECHANDO · dir=— · 0=0.047 · Oz=— · Red=0.046515039999999994 · manos=ON · pos=LONG 1388@0.05038275 · latido=1.50s
[RANGO] ZKPUSDT_LINEAL last=0.04702 · río=WS · mercado=linear · estado=ACECHANDO · dir=— · 0=0.047 · Oz=— · Red=0.046515039999999994 · manos=ON · pos=LONG 1388@0.05038275 · latido=1.50s
[RANGO] autosello ZKP · ACECHANDO · Oz=0.0 link=— · manos_feria_informe.json
[RANGO] ZKPUSDT_LINEAL last=0.04703 · río=WS · mercado=linear · estado=ACECHANDO · dir=— · 0=0.047 · Oz=— · Red=0.046515039999999994 · manos=ON · pos=LONG 1388@0.05038275 · latido=1.50s
[RANGO] autosello ZKP · ACECHANDO · Oz=0.0 link=— · manos_feria_informe.json
[RANGO] ZKPUSDT_LINEAL last=0.04698 · río=WS · mercado=linear · estado=ACECHANDO · dir=— · 0=0.047 · Oz=— · Red=0.046515039999999994 · manos=ON · pos=LONG 1388@0.05038275 · latido=1.50s
[RANGO] ZKPUSDT_LINEAL last=0.04702 · río=WS · mercado=linear · estado=ACECHANDO · dir=— · 0=0.047 · Oz=— · Red=0.046515039999999994 · manos=ON · pos=LONG 1388@0.05038275 · latido=1.50s
[RANGO] autosello ZKP · ACECHANDO · Oz=0.0 link=— · manos_feria_informe.json
[RANGO] ZKPUSDT_LINEAL last=0.047 · río=WS · mercado=linear · estado=ACECHANDO · dir=— · 0=0.047 · Oz=— · Red=0.046515039999999994 · manos=ON · pos=LONG 1388@0.05038275 · latido=1.50s
[RANGO] autosello ZKP · ACECHANDO · Oz=0.0 link=— · manos_feria_informe.json
[RANGO] ZKPUSDT_LINEAL last=0.04699 · río=WS · mercado=linear · estado=ACECHANDO · dir=— · 0=0.047 · Oz=— · Red=0.046515039999999994 · manos=ON · pos=LONG 1388@0.05038275 · latido=1.50s
[RANGO] ZKPUSDT_LINEAL last=0.04696 · río=WS · mercado=linear · estado=ACECHANDO · dir=— · 0=0.047 · Oz=— · Red=0.046515039999999994 · manos=ON · pos=LONG 1388@0.05038275 · latido=1.50s
[RANGO] autosello ZKP · ACECHANDO · Oz=0.0 link=— · manos_feria_informe.json
[RANGO] ZKPUSDT_LINEAL last=0.04701 · río=WS · mercado=linear · estado=ACECHANDO · dir=— · 0=0.047 · Oz=— · Red=0.046515039999999994 · manos=ON · pos=LONG 1388@0.05038275 · latido=1.50s
[RANGO] autosello ZKP · ACECHANDO · Oz=0.0 link=— · manos_feria_informe.json
[RANGO] ZKPUSDT_LINEAL last=0.04697 · río=WS · mercado=linear · estado=ACECHANDO · dir=— · 0=0.047 · Oz=— · Red=0.046515039999999994 · manos=ON · pos=LONG 1388@0.05038275 · latido=1.50s
[RANGO] ZKPUSDT_LINEAL last=0.04694 · río=WS · mercado=linear · estado=ACECHANDO · dir=— · 0=0.047 · Oz=— · Red=0.046515039999999994 · manos=ON · pos=LONG 1388@0.05038275 · latido=1.50s
[RANGO] autosello ZKP · ACECHANDO · Oz=0.0 link=— · manos_feria_informe.json
[RANGO] ZKPUSDT_LINEAL last=0.04695 · río=WS · mercado=linear · estado=ACECHANDO · dir=— · 0=0.047 · Oz=— · Red=0.046515039999999994 · manos=ON · pos=LONG 1388@0.05038275 · latido=1.50s
[RANGO] autosello ZKP · ACECHANDO · Oz=0.0 link=— · manos_feria_informe.json
[RANGO] ZKPUSDT_LINEAL last=0.04694 · río=WS · mercado=linear · estado=ACECHANDO · dir=— · 0=0.047 · Oz=— · Red=0.046515039999999994 · manos=ON · pos=LONG 1388@0.05038275 · latido=1.50s
[2026-08-31 09:00:44] [TUSK] RECONCILIACIÓN: COTIUSDT_LINEAL: interno L:0.000000/S:0.000000 -> real L:1588.000000/S:0.000000
[2026-08-31 09:00:44] [TUSK] RECONCILIACIÓN_FANTASMA: PURRUSDT_LINEAL existe interno pero no en exchange -> reseteando
[2026-08-31 09:00:44] [TUSK] RECONCILIACIÓN_OK: 2 frentes alineados con exchange
[RANGO] ZKPUSDT_LINEAL last=0.04694 · río=WS · mercado=linear · estado=ACECHANDO · dir=— · 0=0.047 · Oz=— · Red=0.046515039999999994 · manos=ON · pos=LONG 1388@0.05038275 · latido=1.50s
[RANGO] autosello ZKP · ACECHANDO · Oz=0.0 link=— · manos_feria_informe.json
[RANGO] ZKPUSDT_LINEAL last=0.04689 · río=WS · mercado=linear · estado=ACECHANDO · dir=— · 0=0.047 · Oz=— · Red=0.046515039999999994 · manos=ON · pos=LONG 1388@0.05038275 · latido=1.50s
[RANGO] autosello ZKP · ACECHANDO · Oz=0.0 link=— · manos_feria_informe.json
[RANGO] ZKPUSDT_LINEAL last=0.04693 · río=WS · mercado=linear · estado=ACECHANDO · dir=— · 0=0.047 · Oz=— · Red=0.046515039999999994 · manos=ON · pos=LONG 1388@0.05038275 · latido=1.50s
[RANGO] ZKPUSDT_LINEAL last=0.04695 · río=WS · mercado=linear · estado=ACECHANDO · dir=— · 0=0.047 · Oz=— · Red=0.046515039999999994 · manos=ON · pos=LONG 1388@0.05038275 · latido=1.50s
[RANGO] autosello ZKP · ACECHANDO · Oz=0.0 link=— · manos_feria_informe.json
[RANGO] ZKPUSDT_LINEAL last=0.04692 · río=WS · mercado=linear · estado=ACECHANDO · dir=— · 0=0.047 · Oz=— · Red=0.046515039999999994 · manos=ON · pos=LONG 1388@0.05038275 · latido=1.50s
[RANGO] autosello ZKP · ACECHANDO · Oz=0.0 link=— · manos_feria_informe.json
[RANGO] ZKPUSDT_LINEAL last=0.04698 · río=WS · mercado=linear · estado=ACECHANDO · dir=— · 0=0.047 · Oz=— · Red=0.046515039999999994 · manos=ON · pos=LONG 1388@0.05038275 · latido=1.50s
[RANGO] ZKPUSDT_LINEAL last=0.047 · río=WS · mercado=linear · estado=ACECHANDO · dir=— · 0=0.047 · Oz=— · Red=0.046515039999999994 · manos=ON · pos=LONG 1388@0.05038275 · latido=1.50s
[RANGO] autosello ZKP · ACECHANDO · Oz=0.0 link=— · manos_feria_informe.json
[RANGO] ZKPUSDT_LINEAL last=0.04693 · río=WS · mercado=linear · estado=ACECHANDO · dir=— · 0=0.047 · Oz=— · Red=0.046515039999999994 · manos=ON · pos=LONG 1388@0.05038275 · latido=1.50s
[RANGO] autosello ZKP · ACECHANDO · Oz=0.0 link=— · manos_feria_informe.json
[RANGO] ZKPUSDT_LINEAL last=0.04696 · río=WS · mercado=linear · estado=ACECHANDO · dir=— · 0=0.047 · Oz=— · Red=0.046515039999999994 · manos=ON · pos=LONG 1388@0.05038275 · latido=1.50s
[RANGO] ZKPUSDT_LINEAL last=0.04698 · río=WS · mercado=linear · estado=ACECHANDO · dir=— · 0=0.047 · Oz=— · Red=0.046515039999999994 · manos=ON · pos=LONG 1388@0.05038275 · latido=1.50s
[RANGO] autosello ZKP · ACECHANDO · Oz=0.0 link=— · manos_feria_informe.json
[RANGO] ZKPUSDT_LINEAL last=0.04696 · río=WS · mercado=linear · estado=ACECHANDO · dir=— · 0=0.047 · Oz=— · Red=0.046515039999999994 · manos=ON · pos=LONG 1388@0.05038275 · latido=1.50s
[RANGO] autosello ZKP · ACECHANDO · Oz=0.0 link=— · manos_feria_informe.json
[RANGO] ZKPUSDT_LINEAL last=0.04692 · río=WS · mercado=linear · estado=ACECHANDO · dir=— · 0=0.047 · Oz=— · Red=0.046515039999999994 · manos=ON · pos=LONG 1388@0.05038275 · latido=1.50s
[RANGO] ZKPUSDT_LINEAL last=0.04691 · río=WS · mercado=linear · estado=ACECHANDO · dir=— · 0=0.047 · Oz=— · Red=0.046515039999999994 · manos=ON · pos=LONG 1388@0.05038275 · latido=1.50s
[RANGO] autosello ZKP · ACECHANDO · Oz=0.0 link=— · manos_feria_informe.json
[RANGO] ZKPUSDT_LINEAL last=0.04695 · río=WS · mercado=linear · estado=ACECHANDO · dir=— · 0=0.047 · Oz=— · Red=0.046515039999999994 · manos=ON · pos=LONG 1388@0.05038275 · latido=1.50s
[RANGO] autosello ZKP · ACECHANDO · Oz=0.0 link=— · manos_feria_informe.json
[RANGO] ZKPUSDT_LINEAL last=0.04691 · río=WS · mercado=linear · estado=ACECHANDO · dir=— · 0=0.047 · Oz=— · Red=0.046515039999999994 · manos=ON · pos=LONG 1388@0.05038275 · latido=1.50s
[RANGO] ZKPUSDT_LINEAL last=0.0469 · río=WS · mercado=linear · estado=ACECHANDO · dir=— · 0=0.047 · Oz=— · Red=0.046515039999999994 · manos=ON · pos=LONG 1388@0.05038275 · latido=1.50s
[RANGO] autosello ZKP · ACECHANDO · Oz=0.0 link=— · manos_feria_informe.json
[RANGO] ZKPUSDT_LINEAL last=0.0469 · río=WS · mercado=linear · estado=ACECHANDO · dir=— · 0=0.047 · Oz=— · Red=0.046515039999999994 · manos=ON · pos=LONG 1388@0.05038275 · latido=1.50s
[RANGO] autosello ZKP · ACECHANDO · Oz=0.0 link=— · manos_feria_informe.json
[RANGO] ZKPUSDT_LINEAL last=0.0469 · río=WS · mercado=linear · estado=ACECHANDO · dir=— · 0=0.047 · Oz=— · Red=0.046515039999999994 · manos=ON · pos=LONG 1388@0.05038275 · latido=1.50s
[2026-08-31 09:03:48] [TUSK] RECONCILIACIÓN: INTWUSDT_LINEAL: interno L:0.000000/S:0.000000 -> real L:2.400000/S:0.000000
[2026-08-31 09:03:48] [TUSK] RECONCILIACIÓN_FANTASMA: CRCLUSDT_LINEAL existe interno pero no en exchange -> reseteando
[2026-08-31 09:03:48] [TUSK] RECONCILIACIÓN_OK: 2 frentes alineados con exchange
[RANGO] ZKPUSDT_LINEAL last=0.04693 · río=WS · mercado=linear · estado=ACECHANDO · dir=— · 0=0.047 · Oz=— · Red=0.046515039999999994 · manos=ON · pos=LONG 1388@0.05038275 · latido=1.50s
[RANGO] autosello ZKP · ACECHANDO · Oz=0.0 link=— · manos_feria_informe.json
[RANGO] ZKPUSDT_LINEAL last=0.04694 · río=WS · mercado=linear · estado=ACECHANDO · dir=— · 0=0.047 · Oz=— · Red=0.046515039999999994 · manos=ON · pos=LONG 1388@0.05038275 · latido=1.50s
[RANGO] autosello ZKP · ACECHANDO · Oz=0.0 link=— · manos_feria_informe.json
[RANGO] ZKPUSDT_LINEAL last=0.047 · río=WS · mercado=linear · estado=ACECHANDO · dir=— · 0=0.047 · Oz=— · Red=0.046515039999999994 · manos=ON · pos=LONG 1388@0.05038275 · latido=1.50s
[RANGO] ZKPUSDT_LINEAL last=0.04698 · río=WS · mercado=linear · estado=ACECHANDO · dir=— · 0=0.047 · Oz=— · Red=0.046515039999999994 · manos=ON · pos=LONG 1388@0.05038275 · latido=1.50s
[RANGO] autosello ZKP · ACECHANDO · Oz=0.0 link=— · manos_feria_informe.json
[RANGO] ZKPUSDT_LINEAL last=0.04703 · río=WS · mercado=linear · estado=ACECHANDO · dir=— · 0=0.047 · Oz=— · Red=0.046515039999999994 · manos=ON · pos=LONG 1388@0.05038275 · latido=1.50s
[RANGO] autosello ZKP · ACECHANDO · Oz=0.0 link=— · manos_feria_informe.json
[RANGO] ZKPUSDT_LINEAL last=0.04703 · río=WS · mercado=linear · estado=ACECHANDO · dir=— · 0=0.047 · Oz=— · Red=0.046515039999999994 · manos=ON · pos=LONG 1388@0.05038275 · latido=1.50s
[2026-08-31 09:04:49] [TUSK] RECONCILIACIÓN: AAOIUSDT_LINEAL: interno L:0.000000/S:0.000000 -> real L:0.480000/S:0.000000
[2026-08-31 09:04:49] [TUSK] RECONCILIACIÓN: BSPUSDT_LINEAL: interno L:0.440000/S:0.000000 -> real L:0.560000/S:0.000000
[2026-08-31 09:04:49] [TUSK] RECONCILIACIÓN: CRCLUSDT_LINEAL: interno L:0.000000/S:0.000000 -> real L:0.350000/S:0.000000
[2026-08-31 09:04:49] [TUSK] RECONCILIACIÓN: DASHUSDT_LINEAL: interno L:0.000000/S:0.000000 -> real L:0.000000/S:0.340000
[2026-08-31 09:04:49] [TUSK] RECONCILIACIÓN_FANTASMA: KSMUSDT_LINEAL existe interno pero no en exchange -> reseteando
[2026-08-31 09:04:49] [TUSK] RECONCILIACIÓN_FANTASMA: ZKPUSDT_LINEAL existe interno pero no en exchange -> reseteando
[2026-08-31 09:04:49] [TUSK] RECONCILIACIÓN_FANTASMA: APRUSDT_LINEAL existe interno pero no en exchange -> reseteando
[2026-08-31 09:04:49] [TUSK] RECONCILIACIÓN_OK: 7 frentes alineados con exchange
[RANGO] ZKPUSDT_LINEAL last=0.04705 · río=WS · mercado=linear · estado=ACECHANDO · dir=— · 0=0.047 · Oz=— · Red=0.046515039999999994 · manos=ON · pos=flat · latido=1.50s
[RANGO] autosello ZKP · ACECHANDO · Oz=0.0 link=— · manos_feria_informe.json
[RANGO] ZKPUSDT_LINEAL last=0.04699 · río=WS · mercado=linear · estado=ACECHANDO · dir=— · 0=0.047 · Oz=— · Red=0.046515039999999994 · manos=ON · pos=flat · latido=1.50s
[RANGO] autosello ZKP · ACECHANDO · Oz=0.0 link=— · manos_feria_informe.json
[RANGO] ZKPUSDT_LINEAL last=0.04701 · río=WS · mercado=linear · estado=ACECHANDO · dir=— · 0=0.047 · Oz=— · Red=0.046515039999999994 · manos=ON · pos=flat · latido=1.50s
[RANGO] ZKPUSDT_LINEAL last=0.04701 · río=WS · mercado=linear · estado=ACECHANDO · dir=— · 0=0.047 · Oz=— · Red=0.046515039999999994 · manos=ON · pos=flat · latido=1.50s
[RANGO] autosello ZKP · ACECHANDO · Oz=0.0 link=— · manos_feria_informe.json
[RANGO] ZKPUSDT_LINEAL last=0.04699 · río=WS · mercado=linear · estado=ACECHANDO · dir=— · 0=0.047 · Oz=— · Red=0.046515039999999994 · manos=ON · pos=flat · latido=1.50s
[RANGO] autosello ZKP · ACECHANDO · Oz=0.0 link=— · manos_feria_informe.json
[RANGO] ZKPUSDT_LINEAL last=0.04699 · río=WS · mercado=linear · estado=ACECHANDO · dir=— · 0=0.047 · Oz=— · Red=0.046515039999999994 · manos=ON · pos=flat · latido=1.50s
[RANGO] ZKPUSDT_LINEAL last=0.04702 · río=WS · mercado=linear · estado=ACECHANDO · dir=— · 0=0.047 · Oz=— · Red=0.046515039999999994 · manos=ON · pos=flat · latido=1.50s
[RANGO] autosello ZKP · ACECHANDO · Oz=0.0 link=— · manos_feria_informe.json
[RANGO] ZKPUSDT_LINEAL last=0.04694 · río=WS · mercado=linear · estado=ACECHANDO · dir=— · 0=0.047 · Oz=— · Red=0.046515039999999994 · manos=ON · pos=flat · latido=1.50s
[RANGO] autosello ZKP · ACECHANDO · Oz=0.0 link=— · manos_feria_informe.json
[RANGO] ZKPUSDT_LINEAL last=0.04699 · río=WS · mercado=linear · estado=ACECHANDO · dir=— · 0=0.047 · Oz=— · Red=0.046515039999999994 · manos=ON · pos=flat · latido=1.50s
[RANGO] ZKPUSDT_LINEAL last=0.047 · río=WS · mercado=linear · estado=ACECHANDO · dir=— · 0=0.047 · Oz=— · Red=0.046515039999999994 · manos=ON · pos=flat · latido=1.50s
[RANGO] autosello ZKP · ACECHANDO · Oz=0.0 link=— · manos_feria_informe.json
[RANGO] ZKPUSDT_LINEAL last=0.04697 · río=WS · mercado=linear · estado=ACECHANDO · dir=— · 0=0.047 · Oz=— · Red=0.046515039999999994 · manos=ON · pos=flat · latido=1.50s
[RANGO] autosello ZKP · ACECHANDO · Oz=0.0 link=— · manos_feria_informe.json
[RANGO] ZKPUSDT_LINEAL last=0.04699 · río=WS · mercado=linear · estado=ACECHANDO · dir=— · 0=0.047 · Oz=— · Red=0.046515039999999994 · manos=ON · pos=flat · latido=1.50s
[2026-08-31 09:06:51] [TUSK] RECONCILIACIÓN: CRVUSDT_LINEAL: interno L:4.800000/S:0.000000 -> real L:0.000000/S:14.500000
[2026-08-31 09:06:51] [TUSK] RECONCILIACIÓN_OK: 1 frentes alineados con exchange
[RANGO] ZKPUSDT_LINEAL last=0.047 · río=WS · mercado=linear · estado=ACECHANDO · dir=— · 0=0.047 · Oz=— · Red=0.046515039999999994 · manos=ON · pos=flat · latido=1.50s
[RANGO] autosello ZKP · ACECHANDO · Oz=0.0 link=— · manos_feria_informe.json
[RANGO] ZKPUSDT_LINEAL last=0.0469 · río=WS · mercado=linear · estado=ACECHANDO · dir=— · 0=0.047 · Oz=— · Red=0.046515039999999994 · manos=ON · pos=flat · latido=1.50s
[RANGO] autosello ZKP · ACECHANDO · Oz=0.0 link=— · manos_feria_informe.json
[RANGO] ZKPUSDT_LINEAL last=0.04693 · río=WS · mercado=linear · estado=ACECHANDO · dir=— · 0=0.047 · Oz=— · Red=0.046515039999999994 · manos=ON · pos=flat · latido=1.50s
[RANGO] ZKPUSDT_LINEAL last=0.04695 · río=WS · mercado=linear · estado=ACECHANDO · dir=— · 0=0.047 · Oz=— · Red=0.046515039999999994 · manos=ON · pos=flat · latido=1.50s
[RANGO] autosello ZKP · ACECHANDO · Oz=0.0 link=— · manos_feria_informe.json
[RANGO] ZKPUSDT_LINEAL last=0.04708 · río=WS · mercado=linear · estado=ACECHANDO · dir=— · 0=0.047 · Oz=— · Red=0.046515039999999994 · manos=ON · pos=flat · latido=1.50s
[RANGO] autosello ZKP · ACECHANDO · Oz=0.0 link=— · manos_feria_informe.json
[RANGO] ZKPUSDT_LINEAL last=0.04698 · río=WS · mercado=linear · estado=ACECHANDO · dir=— · 0=0.047 · Oz=— · Red=0.046515039999999994 · manos=ON · pos=flat · latido=1.50s
[RANGO] ZKPUSDT_LINEAL last=0.04696 · río=WS · mercado=linear · estado=ACECHANDO · dir=— · 0=0.047 · Oz=— · Red=0.046515039999999994 · manos=ON · pos=flat · latido=1.50s
[2026-08-31 09:07:52] [TUSK] RECONCILIACIÓN: PLTRUSDT_LINEAL: interno L:0.000000/S:0.000000 -> real L:0.030000/S:0.000000
[2026-08-31 09:07:52] [TUSK] RECONCILIACIÓN_FANTASMA: POWERUSDT_LINEAL existe interno pero no en exchange -> reseteando
[2026-08-31 09:07:52] [TUSK] RECONCILIACIÓN_OK: 2 frentes alineados con exchange
[RANGO] autosello ZKP · ACECHANDO · Oz=0.0 link=— · manos_feria_informe.json
[RANGO] ZKPUSDT_LINEAL last=0.0469 · río=WS · mercado=linear · estado=ACECHANDO · dir=— · 0=0.047 · Oz=— · Red=0.046515039999999994 · manos=ON · pos=flat · latido=1.50s
[RANGO] autosello ZKP · ACECHANDO · Oz=0.0 link=— · manos_feria_informe.json
[RANGO] ZKPUSDT_LINEAL last=0.04691 · río=WS · mercado=linear · estado=ACECHANDO · dir=— · 0=0.047 · Oz=— · Red=0.046515039999999994 · manos=ON · pos=flat · latido=1.50s
[RANGO] ZKPUSDT_LINEAL last=0.04689 · río=WS · mercado=linear · estado=ACECHANDO · dir=— · 0=0.047 · Oz=— · Red=0.046515039999999994 · manos=ON · pos=flat · latido=1.50s
[RANGO] autosello ZKP · ACECHANDO · Oz=0.0 link=— · manos_feria_informe.json
[RANGO] ZKPUSDT_LINEAL last=0.04691 · río=WS · mercado=linear · estado=ACECHANDO · dir=— · 0=0.047 · Oz=— · Red=0.046515039999999994 · manos=ON · pos=flat · latido=1.50s
[RANGO] autosello ZKP · ACECHANDO · Oz=0.0 link=— · manos_feria_informe.json
[RANGO] ZKPUSDT_LINEAL last=0.04691 · río=WS · mercado=linear · estado=ACECHANDO · dir=— · 0=0.047 · Oz=— · Red=0.046515039999999994 · manos=ON · pos=flat · latido=1.50s
[RANGO] ZKPUSDT_LINEAL last=0.04691 · río=WS · mercado=linear · estado=ACECHANDO · dir=— · 0=0.047 · Oz=— · Red=0.046515039999999994 · manos=ON · pos=flat · latido=1.50s
[RANGO] autosello ZKP · ACECHANDO · Oz=0.0 link=— · manos_feria_informe.json
[2026-08-31 09:08:53] [TUSK] RECONCILIACIÓN: LITUSDT_LINEAL: interno L:0.000000/S:0.000000 -> real L:0.000000/S:22.200000
[2026-08-31 09:08:53] [TUSK] RECONCILIACIÓN_FANTASMA: CRDOUSDT_LINEAL existe interno pero no en exchange -> reseteando
[2026-08-31 09:08:53] [TUSK] RECONCILIACIÓN_OK: 2 frentes alineados con exchange
[RANGO] ZKPUSDT_LINEAL last=0.04692 · río=WS · mercado=linear · estado=ACECHANDO · dir=— · 0=0.047 · Oz=— · Red=0.046515039999999994 · manos=ON · pos=flat · latido=1.50s
[RANGO] autosello ZKP · ACECHANDO · Oz=0.0 link=— · manos_feria_informe.json
[RANGO] ZKPUSDT_LINEAL last=0.04692 · río=WS · mercado=linear · estado=ACECHANDO · dir=— · 0=0.047 · Oz=— · Red=0.046515039999999994 · manos=ON · pos=flat · latido=1.50s
[RANGO] ZKPUSDT_LINEAL last=0.04689 · río=WS · mercado=linear · estado=ACECHANDO · dir=— · 0=0.047 · Oz=— · Red=0.046515039999999994 · manos=ON · pos=flat · latido=1.50s
[RANGO] autosello ZKP · ACECHANDO · Oz=0.0 link=— · manos_feria_informe.json
[RANGO] ZKPUSDT_LINEAL last=0.04689 · río=WS · mercado=linear · estado=ACECHANDO · dir=— · 0=0.047 · Oz=— · Red=0.046515039999999994 · manos=ON · pos=flat · latido=1.50s
[RANGO] autosello ZKP · ACECHANDO · Oz=0.0 link=— · manos_feria_informe.json
[RANGO] ZKPUSDT_LINEAL last=0.04682 · río=WS · mercado=linear · estado=ACECHANDO · dir=— · 0=0.047 · Oz=— · Red=0.046515039999999994 · manos=ON · pos=flat · latido=1.50s
[RANGO] ZKPUSDT_LINEAL last=0.04684 · río=WS · mercado=linear · estado=ACECHANDO · dir=— · 0=0.047 · Oz=— · Red=0.046515039999999994 · manos=ON · pos=flat · latido=1.50s
[RANGO] autosello ZKP · ACECHANDO · Oz=0.0 link=— · manos_feria_informe.json
[2026-08-31 09:09:54] [TUSK] RECONCILIACIÓN: TRBUSDT_LINEAL: interno L:0.000000/S:0.000000 -> real L:5.240000/S:0.000000
[2026-08-31 09:09:54] [TUSK] RECONCILIACIÓN: APRUSDT_LINEAL: interno L:0.000000/S:0.000000 -> real L:73.000000/S:0.000000
[2026-08-31 09:09:54] [TUSK] RECONCILIACIÓN_FANTASMA: UNIUSDT_LINEAL existe interno pero no en exchange -> reseteando
[2026-08-31 09:09:54] [TUSK] RECONCILIACIÓN_FANTASMA: TSEMUSDT_LINEAL existe interno pero no en exchange -> reseteando
[2026-08-31 09:09:54] [TUSK] RECONCILIACIÓN_OK: 4 frentes alineados con exchange
[RANGO] ZKPUSDT_LINEAL last=0.04683 · río=WS · mercado=linear · estado=ACECHANDO · dir=— · 0=0.047 · Oz=— · Red=0.046515039999999994 · manos=ON · pos=flat · latido=1.50s
[RANGO] autosello ZKP · ACECHANDO · Oz=0.0 link=— · manos_feria_informe.json
[RANGO] ZKPUSDT_LINEAL last=0.04683 · río=WS · mercado=linear · estado=ACECHANDO · dir=— · 0=0.047 · Oz=— · Red=0.046515039999999994 · manos=ON · pos=flat · latido=1.50s
[RANGO] ZKPUSDT_LINEAL last=0.04674 · río=WS · mercado=linear · estado=ACECHANDO · dir=— · 0=0.047 · Oz=— · Red=0.046515039999999994 · manos=ON · pos=flat · latido=1.50s
[RANGO] autosello ZKP · ACECHANDO · Oz=0.0 link=— · manos_feria_informe.json
[RANGO] ZKPUSDT_LINEAL last=0.04674 · río=WS · mercado=linear · estado=ACECHANDO · dir=— · 0=0.047 · Oz=— · Red=0.046515039999999994 · manos=ON · pos=flat · latido=1.50s
[RANGO] autosello ZKP · ACECHANDO · Oz=0.0 link=— · manos_feria_informe.json
[RANGO] ZKPUSDT_LINEAL last=0.04674 · río=ciego/muleta · mercado=linear · estado=ACECHANDO · dir=— · 0=0.047 · Oz=— · Red=0.046515039999999994 · manos=ON · pos=flat · latido=1.50s
[RANGO] ZKPUSDT_LINEAL last=0.04676 · río=WS · mercado=linear · estado=ACECHANDO · dir=— · 0=0.047 · Oz=— · Red=0.046515039999999994 · manos=ON · pos=flat · latido=1.50s
[RANGO] autosello ZKP · ACECHANDO · Oz=0.0 link=— · manos_feria_informe.json
[2026-08-31 09:10:55] [TUSK] RECONCILIACIÓN: SOXLUSDT_LINEAL: interno L:0.000000/S:0.000000 -> real L:0.180000/S:0.000000
[2026-08-31 09:10:55] [TUSK] RECONCILIACIÓN_FANTASMA: FLNCUSDT_LINEAL existe interno pero no en exchange -> reseteando
[2026-08-31 09:10:55] [TUSK] RECONCILIACIÓN_OK: 2 frentes alineados con exchange
[RANGO] ZKPUSDT_LINEAL last=0.04674 · río=WS · mercado=linear · estado=ACECHANDO · dir=— · 0=0.047 · Oz=— · Red=0.046515039999999994 · manos=ON · pos=flat · latido=1.50s
[RANGO] autosello ZKP · ACECHANDO · Oz=0.0 link=— · manos_feria_informe.json
[RANGO] ZKPUSDT_LINEAL last=0.04676 · río=WS · mercado=linear · estado=ACECHANDO · dir=— · 0=0.047 · Oz=— · Red=0.046515039999999994 · manos=ON · pos=flat · latido=1.50s
[RANGO] ZKPUSDT_LINEAL last=0.04677 · río=WS · mercado=linear · estado=ACECHANDO · dir=— · 0=0.047 · Oz=— · Red=0.046515039999999994 · manos=ON · pos=flat · latido=1.50s
[RANGO] autosello ZKP · ACECHANDO · Oz=0.0 link=— · manos_feria_informe.json
[RANGO] ZKPUSDT_LINEAL last=0.04692 · río=WS · mercado=linear · estado=ACECHANDO · dir=— · 0=0.047 · Oz=— · Red=0.046515039999999994 · manos=ON · pos=flat · latido=1.50s
[RANGO] autosello ZKP · ACECHANDO · Oz=0.0 link=— · manos_feria_informe.json
[RANGO] ZKPUSDT_LINEAL last=0.04697 · río=WS · mercado=linear · estado=ACECHANDO · dir=— · 0=0.047 · Oz=— · Red=0.046515039999999994 · manos=ON · pos=flat · latido=1.50s
[RANGO] ZKPUSDT_LINEAL last=0.04691 · río=WS · mercado=linear · estado=ACECHANDO · dir=— · 0=0.047 · Oz=— · Red=0.046515039999999994 · manos=ON · pos=flat · latido=1.50s
[RANGO] autosello ZKP · ACECHANDO · Oz=0.0 link=— · manos_feria_informe.json
[2026-08-31 09:11:56] [TUSK] RECONCILIACIÓN: KSMUSDT_LINEAL: interno L:0.000000/S:0.000000 -> real L:13.470000/S:0.000000
[2026-08-31 09:11:56] [TUSK] RECONCILIACIÓN_FANTASMA: NILUSDT_LINEAL existe interno pero no en exchange -> reseteando
[2026-08-31 09:11:56] [TUSK] RECONCILIACIÓN_OK: 2 frentes alineados con exchange
[RANGO] ZKPUSDT_LINEAL last=0.04682 · río=WS · mercado=linear · estado=ACECHANDO · dir=— · 0=0.047 · Oz=— · Red=0.046515039999999994 · manos=ON · pos=flat · latido=1.50s
[RANGO] autosello ZKP · ACECHANDO · Oz=0.0 link=— · manos_feria_informe.json
[RANGO] ZKPUSDT_LINEAL last=0.04683 · río=WS · mercado=linear · estado=ACECHANDO · dir=— · 0=0.047 · Oz=— · Red=0.046515039999999994 · manos=ON · pos=flat · latido=1.50s
[RANGO] ZKPUSDT_LINEAL last=0.04683 · río=WS · mercado=linear · estado=ACECHANDO · dir=— · 0=0.047 · Oz=— · Red=0.046515039999999994 · manos=ON · pos=flat · latido=1.50s
[RANGO] autosello ZKP · ACECHANDO · Oz=0.0 link=— · manos_feria_informe.json
[RANGO] ZKPUSDT_LINEAL last=0.04682 · río=WS · mercado=linear · estado=ACECHANDO · dir=— · 0=0.047 · Oz=— · Red=0.046515039999999994 · manos=ON · pos=flat · latido=1.50s
[RANGO] autosello ZKP · ACECHANDO · Oz=0.0 link=— · manos_feria_informe.json
[RANGO] ZKPUSDT_LINEAL last=0.04689 · río=WS · mercado=linear · estado=ACECHANDO · dir=— · 0=0.047 · Oz=— · Red=0.046515039999999994 · manos=ON · pos=flat · latido=1.50s
[RANGO] ZKPUSDT_LINEAL last=0.04688 · río=WS · mercado=linear · estado=ACECHANDO · dir=— · 0=0.047 · Oz=— · Red=0.046515039999999994 · manos=ON · pos=flat · latido=1.50s
[RANGO] autosello ZKP · ACECHANDO · Oz=0.0 link=— · manos_feria_informe.json
[2026-08-31 09:12:57] [TUSK] RECONCILIACIÓN: POWERUSDT_LINEAL: interno L:0.000000/S:0.000000 -> real L:0.000000/S:173.000000
[2026-08-31 09:12:57] [TUSK] RECONCILIACIÓN: SOXSUSDT_LINEAL: interno L:0.000000/S:0.000000 -> real L:0.000000/S:0.450000
[2026-08-31 09:12:57] [TUSK] RECONCILIACIÓN: AEHRUSDT_LINEAL: interno L:0.000000/S:0.000000 -> real L:0.230000/S:0.000000
[2026-08-31 09:12:57] [TUSK] RECONCILIACIÓN_FANTASMA: SAMSUNGUSDT_LINEAL existe interno pero no en exchange -> reseteando
[2026-08-31 09:12:57] [TUSK] RECONCILIACIÓN_FANTASMA: MORPHOUSDT_LINEAL existe interno pero no en exchange -> reseteando
[2026-08-31 09:12:57] [TUSK] RECONCILIACIÓN_FANTASMA: NEARUSDT_LINEAL existe interno pero no en exchange -> reseteando
[2026-08-31 09:12:57] [TUSK] RECONCILIACIÓN_OK: 6 frentes alineados con exchange
[RANGO] ZKPUSDT_LINEAL last=0.04689 · río=WS · mercado=linear · estado=ACECHANDO · dir=— · 0=0.047 · Oz=— · Red=0.046515039999999994 · manos=ON · pos=flat · latido=1.50s
[RANGO] autosello ZKP · ACECHANDO · Oz=0.0 link=— · manos_feria_informe.json
[RANGO] ZKPUSDT_LINEAL last=0.04689 · río=WS · mercado=linear · estado=ACECHANDO · dir=— · 0=0.047 · Oz=— · Red=0.046515039999999994 · manos=ON · pos=flat · latido=1.50s
[RANGO] ZKPUSDT_LINEAL last=0.04688 · río=WS · mercado=linear · estado=ACECHANDO · dir=— · 0=0.047 · Oz=— · Red=0.046515039999999994 · manos=ON · pos=flat · latido=1.50s
[RANGO] autosello ZKP · ACECHANDO · Oz=0.0 link=— · manos_feria_informe.json
[RANGO] ZKPUSDT_LINEAL last=0.04688 · río=ciego/muleta · mercado=linear · estado=ACECHANDO · dir=— · 0=0.047 · Oz=— · Red=0.046515039999999994 · manos=ON · pos=flat · latido=1.50s
[RANGO] autosello ZKP · ACECHANDO · Oz=0.0 link=— · manos_feria_informe.json
[RANGO] ZKPUSDT_LINEAL last=0.04691 · río=WS · mercado=linear · estado=ACECHANDO · dir=— · 0=0.047 · Oz=— · Red=0.046515039999999994 · manos=ON · pos=flat · latido=1.50s
[RANGO] autosello ZKP · ACECHANDO · Oz=0.0 link=— · manos_feria_informe.json
[RANGO] ZKPUSDT_LINEAL last=0.04688 · río=WS · mercado=linear · estado=ACECHANDO · dir=— · 0=0.047 · Oz=— · Red=0.046515039999999994 · manos=ON · pos=flat · latido=1.50s
[2026-08-31 09:13:58] [TUSK] RECONCILIACIÓN: ARMUSDT_LINEAL: interno L:0.000000/S:0.000000 -> real L:0.450000/S:0.000000
[2026-08-31 09:13:58] [TUSK] RECONCILIACIÓN_FANTASMA: WDCUSDT_LINEAL existe interno pero no en exchange -> reseteando
[2026-08-31 09:13:58] [TUSK] RECONCILIACIÓN_OK: 2 frentes alineados con exchange
[RANGO] ZKPUSDT_LINEAL last=0.04686 · río=WS · mercado=linear · estado=ACECHANDO · dir=— · 0=0.047 · Oz=— · Red=0.046515039999999994 · manos=ON · pos=flat · latido=1.50s
[RANGO] autosello ZKP · ACECHANDO · Oz=0.0 link=— · manos_feria_informe.json
[RANGO] ZKPUSDT_LINEAL last=0.04684 · río=WS · mercado=linear · estado=ACECHANDO · dir=— · 0=0.047 · Oz=— · Red=0.046515039999999994 · manos=ON · pos=flat · latido=1.50s
[RANGO] autosello ZKP · ACECHANDO · Oz=0.0 link=— · manos_feria_informe.json
[RANGO] ZKPUSDT_LINEAL last=0.04687 · río=WS · mercado=linear · estado=ACECHANDO · dir=— · 0=0.047 · Oz=— · Red=0.046515039999999994 · manos=ON · pos=flat · latido=1.50s
[RANGO] ZKPUSDT_LINEAL last=0.04687 · río=WS · mercado=linear · estado=ACECHANDO · dir=— · 0=0.047 · Oz=— · Red=0.046515039999999994 · manos=ON · pos=flat · latido=1.50s
[RANGO] autosello ZKP · ACECHANDO · Oz=0.0 link=— · manos_feria_informe.json
[RANGO] ZKPUSDT_LINEAL last=0.04686 · río=WS · mercado=linear · estado=ACECHANDO · dir=— · 0=0.047 · Oz=— · Red=0.046515039999999994 · manos=ON · pos=flat · latido=1.50s
[RANGO] autosello ZKP · ACECHANDO · Oz=0.0 link=— · manos_feria_informe.json
[RANGO] ZKPUSDT_LINEAL last=0.04687 · río=ciego/muleta · mercado=linear · estado=ACECHANDO · dir=— · 0=0.047 · Oz=— · Red=0.046515039999999994 · manos=ON · pos=flat · latido=1.50s
[2026-08-31 09:14:59] [TUSK] RECONCILIACIÓN: KORUUSDT_LINEAL: interno L:0.000000/S:0.000000 -> real L:0.000000/S:4.870000
[2026-08-31 09:14:59] [TUSK] RECONCILIACIÓN_FANTASMA: BLUAIUSDT_LINEAL existe interno pero no en exchange -> reseteando
[2026-08-31 09:14:59] [TUSK] RECONCILIACIÓN_OK: 2 frentes alineados con exchange
[RANGO] ZKPUSDT_LINEAL last=0.04688 · río=WS · mercado=linear · estado=ACECHANDO · dir=— · 0=0.047 · Oz=— · Red=0.046515039999999994 · manos=ON · pos=flat · latido=1.50s
[RANGO] autosello ZKP · ACECHANDO · Oz=0.0 link=— · manos_feria_informe.json
[RANGO] ZKPUSDT_LINEAL last=0.04689 · río=WS · mercado=linear · estado=ACECHANDO · dir=— · 0=0.047 · Oz=— · Red=0.046515039999999994 · manos=ON · pos=flat · latido=1.50s
[RANGO] autosello ZKP · ACECHANDO · Oz=0.0 link=— · manos_feria_informe.json
[RANGO] ZKPUSDT_LINEAL last=0.04689 · río=WS · mercado=linear · estado=ACECHANDO · dir=— · 0=0.047 · Oz=— · Red=0.046515039999999994 · manos=ON · pos=flat · latido=1.50s
[RANGO] ZKPUSDT_LINEAL last=0.04683 · río=WS · mercado=linear · estado=ACECHANDO · dir=— · 0=0.047 · Oz=— · Red=0.046515039999999994 · manos=ON · pos=flat · latido=1.50s
[RANGO] autosello ZKP · ACECHANDO · Oz=0.0 link=— · manos_feria_informe.json
[RANGO] ZKPUSDT_LINEAL last=0.04684 · río=WS · mercado=linear · estado=ACECHANDO · dir=— · 0=0.047 · Oz=— · Red=0.046515039999999994 · manos=ON · pos=flat · latido=1.50s
[RANGO] autosello ZKP · ACECHANDO · Oz=0.0 link=— · manos_feria_informe.json
[RANGO] ZKPUSDT_LINEAL last=0.04684 · río=WS · mercado=linear · estado=ACECHANDO · dir=— · 0=0.047 · Oz=— · Red=0.046515039999999994 · manos=ON · pos=flat · latido=1.50s
[RANGO] ZKPUSDT_LINEAL last=0.04695 · río=WS · mercado=linear · estado=ACECHANDO · dir=— · 0=0.047 · Oz=— · Red=0.046515039999999994 · manos=ON · pos=flat · latido=1.50s
[RANGO] autosello ZKP · ACECHANDO · Oz=0.0 link=— · manos_feria_informe.json
[RANGO] ZKPUSDT_LINEAL last=0.04698 · río=WS · mercado=linear · estado=ACECHANDO · dir=— · 0=0.047 · Oz=— · Red=0.046515039999999994 · manos=ON · pos=flat · latido=1.50s
[RANGO] autosello ZKP · ACECHANDO · Oz=0.0 link=— · manos_feria_informe.json
[RANGO] ZKPUSDT_LINEAL last=0.04695 · río=WS · mercado=linear · estado=ACECHANDO · dir=— · 0=0.047 · Oz=— · Red=0.046515039999999994 · manos=ON · pos=flat · latido=1.50s
[RANGO] ZKPUSDT_LINEAL last=0.04696 · río=WS · mercado=linear · estado=ACECHANDO · dir=— · 0=0.047 · Oz=— · Red=0.046515039999999994 · manos=ON · pos=flat · latido=1.50s
[RANGO] autosello ZKP · ACECHANDO · Oz=0.0 link=— · manos_feria_informe.json
[RANGO] ZKPUSDT_LINEAL last=0.04696 · río=WS · mercado=linear · estado=ACECHANDO · dir=— · 0=0.047 · Oz=— · Red=0.046515039999999994 · manos=ON · pos=flat · latido=1.50s
[RANGO] autosello ZKP · ACECHANDO · Oz=0.0 link=— · manos_feria_informe.json
[RANGO] ZKPUSDT_LINEAL last=0.04693 · río=WS · mercado=linear · estado=ACECHANDO · dir=— · 0=0.047 · Oz=— · Red=0.046515039999999994 · manos=ON · pos=flat · latido=1.50s
[2026-08-31 09:17:01] [TUSK] RECONCILIACIÓN: CRVUSDT_LINEAL: interno L:0.000000/S:14.500000 -> real L:0.000000/S:30.400000
[2026-08-31 09:17:01] [TUSK] RECONCILIACIÓN_OK: 1 frentes alineados con exchange
[RANGO] ZKPUSDT_LINEAL last=0.04691 · río=WS · mercado=linear · estado=ACECHANDO · dir=— · 0=0.047 · Oz=— · Red=0.046515039999999994 · manos=ON · pos=flat · latido=1.50s
[RANGO] autosello ZKP · ACECHANDO · Oz=0.0 link=— · manos_feria_informe.json
[RANGO] ZKPUSDT_LINEAL last=0.04697 · río=WS · mercado=linear · estado=ACECHANDO · dir=— · 0=0.047 · Oz=— · Red=0.046515039999999994 · manos=ON · pos=flat · latido=1.50s
[RANGO] autosello ZKP · ACECHANDO · Oz=0.0 link=— · manos_feria_informe.json
[RANGO] ZKPUSDT_LINEAL last=0.04695 · río=WS · mercado=linear · estado=ACECHANDO · dir=— · 0=0.047 · Oz=— · Red=0.046515039999999994 · manos=ON · pos=flat · latido=1.50s
[RANGO] ZKPUSDT_LINEAL last=0.04694 · río=WS · mercado=linear · estado=ACECHANDO · dir=— · 0=0.047 · Oz=— · Red=0.046515039999999994 · manos=ON · pos=flat · latido=1.50s
[RANGO] autosello ZKP · ACECHANDO · Oz=0.0 link=— · manos_feria_informe.json
[RANGO] ZKPUSDT_LINEAL last=0.04693 · río=WS · mercado=linear · estado=ACECHANDO · dir=— · 0=0.047 · Oz=— · Red=0.046515039999999994 · manos=ON · pos=flat · latido=1.50s
[RANGO] autosello ZKP · ACECHANDO · Oz=0.0 link=— · manos_feria_informe.json
[RANGO] ZKPUSDT_LINEAL last=0.04696 · río=WS · mercado=linear · estado=ACECHANDO · dir=— · 0=0.047 · Oz=— · Red=0.046515039999999994 · manos=ON · pos=flat · latido=1.50s
[2026-08-31 09:18:03] [TUSK] RECONCILIACIÓN: QNTXUSDT_LINEAL: interno L:0.000000/S:0.000000 -> real L:0.400000/S:0.000000
[2026-08-31 09:18:03] [TUSK] RECONCILIACIÓN: XANUSDT_LINEAL: interno L:0.000000/S:0.000000 -> real L:107.000000/S:0.000000
[2026-08-31 09:18:03] [TUSK] RECONCILIACIÓN: POWERUSDT_LINEAL: interno L:0.000000/S:173.000000 -> real L:0.000000/S:232.000000
[2026-08-31 09:18:03] [TUSK] RECONCILIACIÓN_FANTASMA: COTIUSDT_LINEAL existe interno pero no en exchange -> reseteando
[2026-08-31 09:18:03] [TUSK] RECONCILIACIÓN_FANTASMA: INTWUSDT_LINEAL existe interno pero no en exchange -> reseteando
[2026-08-31 09:18:03] [TUSK] RECONCILIACIÓN_OK: 5 frentes alineados con exchange
[RANGO] ZKPUSDT_LINEAL last=0.04693 · río=WS · mercado=linear · estado=ACECHANDO · dir=— · 0=0.047 · Oz=— · Red=0.046515039999999994 · manos=ON · pos=flat · latido=1.50s
[RANGO] autosello ZKP · ACECHANDO · Oz=0.0 link=— · manos_feria_informe.json
[RANGO] ZKPUSDT_LINEAL last=0.04693 · río=WS · mercado=linear · estado=ACECHANDO · dir=— · 0=0.047 · Oz=— · Red=0.046515039999999994 · manos=ON · pos=flat · latido=1.50s
[RANGO] autosello ZKP · ACECHANDO · Oz=0.0 link=— · manos_feria_informe.json
[RANGO] ZKPUSDT_LINEAL last=0.0469 · río=WS · mercado=linear · estado=ACECHANDO · dir=— · 0=0.047 · Oz=— · Red=0.046515039999999994 · manos=ON · pos=flat · latido=1.50s
[RANGO] ZKPUSDT_LINEAL last=0.04689 · río=WS · mercado=linear · estado=ACECHANDO · dir=— · 0=0.047 · Oz=— · Red=0.046515039999999994 · manos=ON · pos=flat · latido=1.50s
[RANGO] autosello ZKP · ACECHANDO · Oz=0.0 link=— · manos_feria_informe.json
[RANGO] ZKPUSDT_LINEAL last=0.04686 · río=WS · mercado=linear · estado=ACECHANDO · dir=— · 0=0.047 · Oz=— · Red=0.046515039999999994 · manos=ON · pos=flat · latido=1.50s
[RANGO] autosello ZKP · ACECHANDO · Oz=0.0 link=— · manos_feria_informe.json
[RANGO] ZKPUSDT_LINEAL last=0.04684 · río=WS · mercado=linear · estado=ACECHANDO · dir=— · 0=0.047 · Oz=— · Red=0.046515039999999994 · manos=ON · pos=flat · latido=1.50s
[2026-08-31 09:19:04] [TUSK] RECONCILIACIÓN: BROCCOLIUSDT_LINEAL: interno L:0.000000/S:0.000000 -> real L:3070.000000/S:0.000000
[2026-08-31 09:19:04] [TUSK] RECONCILIACIÓN_FANTASMA: DASHUSDT_LINEAL existe interno pero no en exchange -> reseteando
[2026-08-31 09:19:04] [TUSK] RECONCILIACIÓN_OK: 2 frentes alineados con exchange
[RANGO] ZKPUSDT_LINEAL last=0.04684 · río=WS · mercado=linear · estado=ACECHANDO · dir=— · 0=0.047 · Oz=— · Red=0.046515039999999994 · manos=ON · pos=flat · latido=1.50s
[RANGO] autosello ZKP · ACECHANDO · Oz=0.0 link=— · manos_feria_informe.json
[RANGO] ZKPUSDT_LINEAL last=0.04684 · río=ciego/muleta · mercado=linear · estado=ACECHANDO · dir=— · 0=0.047 · Oz=— · Red=0.046515039999999994 · manos=ON · pos=flat · latido=1.50s
[RANGO] autosello ZKP · ACECHANDO · Oz=0.0 link=— · manos_feria_informe.json
[RANGO] ZKPUSDT_LINEAL last=0.04689 · río=WS · mercado=linear · estado=ACECHANDO · dir=— · 0=0.047 · Oz=— · Red=0.046515039999999994 · manos=ON · pos=flat · latido=1.50s
[RANGO] ZKPUSDT_LINEAL last=0.04689 · río=WS · mercado=linear · estado=ACECHANDO · dir=— · 0=0.047 · Oz=— · Red=0.046515039999999994 · manos=ON · pos=flat · latido=1.50s
[RANGO] autosello ZKP · ACECHANDO · Oz=0.0 link=— · manos_feria_informe.json
[RANGO] ZKPUSDT_LINEAL last=0.04688 · río=WS · mercado=linear · estado=ACECHANDO · dir=— · 0=0.047 · Oz=— · Red=0.046515039999999994 · manos=ON · pos=flat · latido=1.50s
[RANGO] autosello ZKP · ACECHANDO · Oz=0.0 link=— · manos_feria_informe.json
[RANGO] ZKPUSDT_LINEAL last=0.0469 · río=WS · mercado=linear · estado=ACECHANDO · dir=— · 0=0.047 · Oz=— · Red=0.046515039999999994 · manos=ON · pos=flat · latido=1.50s
[RANGO] ZKPUSDT_LINEAL last=0.0469 · río=WS · mercado=linear · estado=ACECHANDO · dir=— · 0=0.047 · Oz=— · Red=0.046515039999999994 · manos=ON · pos=flat · latido=1.50s
[RANGO] autosello ZKP · ACECHANDO · Oz=0.0 link=— · manos_feria_informe.json
[RANGO] ZKPUSDT_LINEAL last=0.04689 · río=WS · mercado=linear · estado=ACECHANDO · dir=— · 0=0.047 · Oz=— · Red=0.046515039999999994 · manos=ON · pos=flat · latido=1.50s
[RANGO] autosello ZKP · ACECHANDO · Oz=0.0 link=— · manos_feria_informe.json
[RANGO] ZKPUSDT_LINEAL last=0.04688 · río=ciego/muleta · mercado=linear · estado=ACECHANDO · dir=— · 0=0.047 · Oz=— · Red=0.046515039999999994 · manos=ON · pos=flat · latido=1.50s
[RANGO] ZKPUSDT_LINEAL last=0.04687 · río=WS · mercado=linear · estado=ACECHANDO · dir=— · 0=0.047 · Oz=— · Red=0.046515039999999994 · manos=ON · pos=flat · latido=1.50s
[RANGO] autosello ZKP · ACECHANDO · Oz=0.0 link=— · manos_feria_informe.json
[RANGO] ZKPUSDT_LINEAL last=0.04687 · río=WS · mercado=linear · estado=ACECHANDO · dir=— · 0=0.047 · Oz=— · Red=0.046515039999999994 · manos=ON · pos=flat · latido=1.50s
[RANGO] autosello ZKP · ACECHANDO · Oz=0.0 link=— · manos_feria_informe.json
[RANGO] ZKPUSDT_LINEAL last=0.04684 · río=WS · mercado=linear · estado=ACECHANDO · dir=— · 0=0.047 · Oz=— · Red=0.046515039999999994 · manos=ON · pos=flat · latido=1.50s
[2026-08-31 09:21:06] [TUSK] RECONCILIACIÓN: MUBARAKUSDT_LINEAL: interno L:0.000000/S:0.000000 -> real L:9963.000000/S:0.000000
[2026-08-31 09:21:06] [TUSK] RECONCILIACIÓN_FANTASMA: CRCLUSDT_LINEAL existe interno pero no en exchange -> reseteando
[2026-08-31 09:21:06] [TUSK] RECONCILIACIÓN_OK: 2 frentes alineados con exchange
[RANGO] ZKPUSDT_LINEAL last=0.04685 · río=WS · mercado=linear · estado=ACECHANDO · dir=— · 0=0.047 · Oz=— · Red=0.046515039999999994 · manos=ON · pos=flat · latido=1.50s
[RANGO] autosello ZKP · ACECHANDO · Oz=0.0 link=— · manos_feria_informe.json
[RANGO] ZKPUSDT_LINEAL last=0.04683 · río=WS · mercado=linear · estado=ACECHANDO · dir=— · 0=0.047 · Oz=— · Red=0.046515039999999994 · manos=ON · pos=flat · latido=1.50s
[RANGO] autosello ZKP · ACECHANDO · Oz=0.0 link=— · manos_feria_informe.json
[RANGO] ZKPUSDT_LINEAL last=0.04684 · río=WS · mercado=linear · estado=ACECHANDO · dir=— · 0=0.047 · Oz=— · Red=0.046515039999999994 · manos=ON · pos=flat · latido=1.50s
[RANGO] ZKPUSDT_LINEAL last=0.04688 · río=WS · mercado=linear · estado=ACECHANDO · dir=— · 0=0.047 · Oz=— · Red=0.046515039999999994 · manos=ON · pos=flat · latido=1.50s
[RANGO] autosello ZKP · ACECHANDO · Oz=0.0 link=— · manos_feria_informe.json
[RANGO] ZKPUSDT_LINEAL last=0.04687 · río=WS · mercado=linear · estado=ACECHANDO · dir=— · 0=0.047 · Oz=— · Red=0.046515039999999994 · manos=ON · pos=flat · latido=1.50s
[RANGO] autosello ZKP · ACECHANDO · Oz=0.0 link=— · manos_feria_informe.json
[RANGO] ZKPUSDT_LINEAL last=0.04689 · río=WS · mercado=linear · estado=ACECHANDO · dir=— · 0=0.047 · Oz=— · Red=0.046515039999999994 · manos=ON · pos=flat · latido=1.50s
[2026-08-31 09:22:07] [TUSK] RECONCILIACIÓN: SNXXUSDT_LINEAL: interno L:0.000000/S:0.000000 -> real L:6.090000/S:0.000000
[2026-08-31 09:22:07] [TUSK] RECONCILIACIÓN_FANTASMA: BSPUSDT_LINEAL existe interno pero no en exchange -> reseteando
[2026-08-31 09:22:07] [TUSK] RECONCILIACIÓN_OK: 2 frentes alineados con exchange
[RANGO] ZKPUSDT_LINEAL last=0.04692 · río=WS · mercado=linear · estado=ACECHANDO · dir=— · 0=0.047 · Oz=— · Red=0.046515039999999994 · manos=ON · pos=flat · latido=1.50s
[RANGO] autosello ZKP · ACECHANDO · Oz=0.0 link=— · manos_feria_informe.json
[RANGO] ZKPUSDT_LINEAL last=0.04691 · río=WS · mercado=linear · estado=ACECHANDO · dir=— · 0=0.047 · Oz=— · Red=0.046515039999999994 · manos=ON · pos=flat · latido=1.50s
[RANGO] autosello ZKP · ACECHANDO · Oz=0.0 link=— · manos_feria_informe.json
[RANGO] ZKPUSDT_LINEAL last=0.04692 · río=WS · mercado=linear · estado=ACECHANDO · dir=— · 0=0.047 · Oz=— · Red=0.046515039999999994 · manos=ON · pos=flat · latido=1.50s
[RANGO] ZKPUSDT_LINEAL last=0.04697 · río=WS · mercado=linear · estado=ACECHANDO · dir=— · 0=0.047 · Oz=— · Red=0.046515039999999994 · manos=ON · pos=flat · latido=1.50s
[RANGO] autosello ZKP · ACECHANDO · Oz=0.0 link=— · manos_feria_informe.json
[RANGO] ZKPUSDT_LINEAL last=0.04697 · río=WS · mercado=linear · estado=ACECHANDO · dir=— · 0=0.047 · Oz=— · Red=0.046515039999999994 · manos=ON · pos=flat · latido=1.50s
[RANGO] autosello ZKP · ACECHANDO · Oz=0.0 link=— · manos_feria_informe.json
[RANGO] ZKPUSDT_LINEAL last=0.04697 · río=ciego/muleta · mercado=linear · estado=ACECHANDO · dir=— · 0=0.047 · Oz=— · Red=0.046515039999999994 · manos=ON · pos=flat · latido=1.50s
[RANGO] ZKPUSDT_LINEAL last=0.04697 · río=WS · mercado=linear · estado=ACECHANDO · dir=— · 0=0.047 · Oz=— · Red=0.046515039999999994 · manos=ON · pos=flat · latido=1.50s
[2026-08-31 09:23:08] [TUSK] RECONCILIACIÓN: CHIPUSDT_LINEAL: interno L:0.000000/S:0.000000 -> real L:390.000000/S:0.000000
[2026-08-31 09:23:08] [TUSK] RECONCILIACIÓN: LITUSDT_LINEAL: interno L:0.000000/S:22.200000 -> real L:0.000000/S:23.600000
[2026-08-31 09:23:08] [TUSK] RECONCILIACIÓN_FANTASMA: AAOIUSDT_LINEAL existe interno pero no en exchange -> reseteando
[2026-08-31 09:23:08] [TUSK] RECONCILIACIÓN_OK: 3 frentes alineados con exchange
[RANGO] autosello ZKP · ACECHANDO · Oz=0.0 link=— · manos_feria_informe.json
[RANGO] ZKPUSDT_LINEAL last=0.04698 · río=WS · mercado=linear · estado=ACECHANDO · dir=— · 0=0.047 · Oz=— · Red=0.046515039999999994 · manos=ON · pos=flat · latido=1.50s
[RANGO] autosello ZKP · ACECHANDO · Oz=0.0 link=— · manos_feria_informe.json
[RANGO] ZKPUSDT_LINEAL last=0.04694 · río=WS · mercado=linear · estado=ACECHANDO · dir=— · 0=0.047 · Oz=— · Red=0.046515039999999994 · manos=ON · pos=flat · latido=1.50s
[RANGO] ZKPUSDT_LINEAL last=0.04697 · río=WS · mercado=linear · estado=ACECHANDO · dir=— · 0=0.047 · Oz=— · Red=0.046515039999999994 · manos=ON · pos=flat · latido=1.50s
[RANGO] autosello ZKP · ACECHANDO · Oz=0.0 link=— · manos_feria_informe.json
[RANGO] ZKPUSDT_LINEAL last=0.04694 · río=WS · mercado=linear · estado=ACECHANDO · dir=— · 0=0.047 · Oz=— · Red=0.046515039999999994 · manos=ON · pos=flat · latido=1.50s
[RANGO] autosello ZKP · ACECHANDO · Oz=0.0 link=— · manos_feria_informe.json
[RANGO] ZKPUSDT_LINEAL last=0.04692 · río=WS · mercado=linear · estado=ACECHANDO · dir=— · 0=0.047 · Oz=— · Red=0.046515039999999994 · manos=ON · pos=flat · latido=1.50s
[RANGO] ZKPUSDT_LINEAL last=0.04699 · río=WS · mercado=linear · estado=ACECHANDO · dir=— · 0=0.047 · Oz=— · Red=0.046515039999999994 · manos=ON · pos=flat · latido=1.50s
[RANGO] autosello ZKP · ACECHANDO · Oz=0.0 link=— · manos_feria_informe.json
[2026-08-31 09:24:09] [TUSK] RECONCILIACIÓN: POWERUSDT_LINEAL: interno L:0.000000/S:232.000000 -> real L:0.000000/S:290.000000
[2026-08-31 09:24:09] [TUSK] RECONCILIACIÓN_OK: 1 frentes alineados con exchange
[RANGO] ZKPUSDT_LINEAL last=0.04693 · río=WS · mercado=linear · estado=ACECHANDO · dir=— · 0=0.047 · Oz=— · Red=0.046515039999999994 · manos=ON · pos=flat · latido=1.50s
[RANGO] autosello ZKP · ACECHANDO · Oz=0.0 link=— · manos_feria_informe.json
[RANGO] ZKPUSDT_LINEAL last=0.04694 · río=WS · mercado=linear · estado=ACECHANDO · dir=— · 0=0.047 · Oz=— · Red=0.046515039999999994 · manos=ON · pos=flat · latido=1.50s
[RANGO] ZKPUSDT_LINEAL last=0.04691 · río=WS · mercado=linear · estado=ACECHANDO · dir=— · 0=0.047 · Oz=— · Red=0.046515039999999994 · manos=ON · pos=flat · latido=1.50s
[RANGO] autosello ZKP · ACECHANDO · Oz=0.0 link=— · manos_feria_informe.json
[RANGO] ZKPUSDT_LINEAL last=0.04692 · río=WS · mercado=linear · estado=ACECHANDO · dir=— · 0=0.047 · Oz=— · Red=0.046515039999999994 · manos=ON · pos=flat · latido=1.50s
[RANGO] autosello ZKP · ACECHANDO · Oz=0.0 link=— · manos_feria_informe.json
[RANGO] ZKPUSDT_LINEAL last=0.04691 · río=WS · mercado=linear · estado=ACECHANDO · dir=— · 0=0.047 · Oz=— · Red=0.046515039999999994 · manos=ON · pos=flat · latido=1.50s
[RANGO] ZKPUSDT_LINEAL last=0.04692 · río=WS · mercado=linear · estado=ACECHANDO · dir=— · 0=0.047 · Oz=— · Red=0.046515039999999994 · manos=ON · pos=flat · latido=1.50s
[RANGO] autosello ZKP · ACECHANDO · Oz=0.0 link=— · manos_feria_informe.json
[RANGO] ZKPUSDT_LINEAL last=0.04685 · río=WS · mercado=linear · estado=ACECHANDO · dir=— · 0=0.047 · Oz=— · Red=0.046515039999999994 · manos=ON · pos=flat · latido=1.50s
[RANGO] autosello ZKP · ACECHANDO · Oz=0.0 link=— · manos_feria_informe.json
[RANGO] ZKPUSDT_LINEAL last=0.04685 · río=WS · mercado=linear · estado=ACECHANDO · dir=— · 0=0.047 · Oz=— · Red=0.046515039999999994 · manos=ON · pos=flat · latido=1.50s
[RANGO] ZKPUSDT_LINEAL last=0.04686 · río=WS · mercado=linear · estado=ACECHANDO · dir=— · 0=0.047 · Oz=— · Red=0.046515039999999994 · manos=ON · pos=flat · latido=1.50s
[RANGO] autosello ZKP · ACECHANDO · Oz=0.0 link=— · manos_feria_informe.json
[RANGO] ZKPUSDT_LINEAL last=0.04684 · río=WS · mercado=linear · estado=ACECHANDO · dir=— · 0=0.047 · Oz=— · Red=0.046515039999999994 · manos=ON · pos=flat · latido=1.50s
[RANGO] autosello ZKP · ACECHANDO · Oz=0.0 link=— · manos_feria_informe.json
[RANGO] ZKPUSDT_LINEAL last=0.04682 · río=WS · mercado=linear · estado=ACECHANDO · dir=— · 0=0.047 · Oz=— · Red=0.046515039999999994 · manos=ON · pos=flat · latido=1.50s
[RANGO] ZKPUSDT_LINEAL last=0.04684 · río=WS · mercado=linear · estado=ACECHANDO · dir=— · 0=0.047 · Oz=— · Red=0.046515039999999994 · manos=ON · pos=flat · latido=1.50s
[RANGO] autosello ZKP · ACECHANDO · Oz=0.0 link=— · manos_feria_informe.json
[2026-08-31 09:26:11] [TUSK] RECONCILIACIÓN: AXTIUSDT_LINEAL: interno L:0.000000/S:0.000000 -> real L:1.600000/S:0.000000
[2026-08-31 09:26:11] [TUSK] RECONCILIACIÓN: NILUSDT_LINEAL: interno L:0.000000/S:0.000000 -> real L:126.000000/S:0.000000
[2026-08-31 09:26:11] [TUSK] RECONCILIACIÓN_FANTASMA: PLTRUSDT_LINEAL existe interno pero no en exchange -> reseteando
[2026-08-31 09:26:11] [TUSK] RECONCILIACIÓN_FANTASMA: BIOUSDT_LINEAL existe interno pero no en exchange -> reseteando
[2026-08-31 09:26:11] [TUSK] RECONCILIACIÓN_OK: 4 frentes alineados con exchange
[RANGO] ZKPUSDT_LINEAL last=0.04663 · río=WS · mercado=linear · estado=ACECHANDO · dir=— · 0=0.047 · Oz=— · Red=0.046515039999999994 · manos=ON · pos=flat · latido=1.50s
[2026-08-31 09:26:18] [BERU_RANGO] ARMAR: RANGO_ZKP_R1_3ba09e RED → trailing LONG Oz @0.046603 (0,2 detrás de extremo 0.046510) Red @0.000000 ($5.00).
[BERU_RANGO] ARMAR RANGO_ZKP_R1_3ba09e RED direccion=LONG oz_adan=0.04660302 red_adan=0.0 masa_usd=5.0 trail_extremo=0.04651
[2026-08-31 09:26:19] [BRIDGE] IDX_ONE_WAY: ZKPUSDT: casa en modo simple · reintento sin positionIdx | LINK:BRG-TRA-3-308fc66f0758fc
[2026-08-31 09:26:19] [BRIDGE] ORDEN_ERROR: expect Rising, but trigger_price[4660000] <= current[4665000]??LastPrice (ErrCode: 110092) (ErrTime: 15:26:19).
Request → POST https://api.bybit.com/v5/order/create: {"category": "linear", "symbol": "ZKPUSDT", "side": "Buy", "orderType": "Market", "qty": "108.0", "orderLinkId": "BRG-TRA-3-308fc66f0758fc", "reduceOnly": false, "triggerPrice": "0.0466", "triggerDirection": 1, "triggerBy": "LastPrice", "orderFilter": "StopOrder"}. | LINK:BRG-TRA-3-308fc66f0758fc
[BELLION OIDO · CRITICO] BRIDGE ORDEN_ERROR
[2026-08-31 09:26:19] [BERU_RANGO] ALTAR_STOP_INVALIDO: RANGO_ZKP_R1_3ba09e: expect Rising, but trigger_price[4660000] <= current[4665000]??LastPrice (ErrCode: 110092) (ErrTime: 15:26:19).
Request → POST https://api.bybit.com/v5/order/create: {"category": "linear", "symbol": "ZKPUSDT", "side": "Buy", "orderType": "Market", "qty": "108.0", "orderLinkId": "BRG-TRA-3-308fc66f0758fc", "reduceOnly": false, "triggerPrice": "0.0466", "triggerDirection": 1, "triggerBy": "LastPrice", "orderFilter": "StopOrder"}. · sin Stop · Oz→Market
[RANGO] ZKP → ARMAR_RED {'ok': True, 'evento': 'ARMAR_RED', 'masa': 5.0, 'dir': 'LONG', 'escalon': 1, 'nota': 'Red meta-saco -> trailing callback 0.2'}
[2026-08-31 09:26:20] [BRIDGE] IDX_ONE_WAY: ZKPUSDT: casa en modo simple · reintento sin positionIdx | LINK:BRG-MKT-3-f7115f0776bf47
[2026-08-31 09:26:20] [BRIDGE] ORDEN_ENVIADA: Buy 108.0 ZKPUSDT @Market | ID:3c5fe084-c8ca-4ebb-a586-15b38f1d6827 LINK:BRG-MKT-3-f7115f0776bf47 reduceOnly=0
[2026-08-31 09:26:20] [BERU_RANGO] OZ_COSECHA: RANGO_ZKP_R1_3ba09e Oz peldaño @0.046603 fill @0.046603 · wake=0.047000 · sangre act. ARRIBA 2.2% · Red trailing act. @0.046044 (callback 0.2% · $5) · extremo=0.046510.
[BERU_RANGO] OZ_COSECHA RANGO_ZKP_R1_3ba09e wake=0.047 oz=0.04660302 fill=0.04660302 sangre=ARRIBA red=0.04604378376 extremo=0.04651 precio=0.04660302 masa_usd=5.0
[RANGO] ZKP → OZ_COSECHA {'ok': True, 'evento': 'OZ_COSECHA', 'cero': 0.047, 'fill': 0.04660302, 'oz_despliegue': 0.04660302, 'sangre': 'ARRIBA', 'red': 0.04604378376, 'masa_hecha': 5.0, 'trail_extremo': 0.04651, 'oz': 0.04660302, 'dir': 'LONG'}
[RANGO] autosello ZKP · ACECHANDO · Oz=0.0 link=— · manos_feria_informe.json
[RANGO] ZKPUSDT_LINEAL last=0.0466 · río=WS · mercado=linear · estado=ACECHANDO · dir=— · 0=0.047 · Oz=— · Red=0.04604378376 · manos=ON · pos=flat · latido=1.50s
[RANGO] ZKPUSDT_LINEAL last=0.04663 · río=WS · mercado=linear · estado=ACECHANDO · dir=— · 0=0.047 · Oz=— · Red=0.04604378376 · manos=ON · pos=flat · latido=1.50s
[RANGO] autosello ZKP · ACECHANDO · Oz=0.0 link=— · manos_feria_informe.json
[RANGO] ZKPUSDT_LINEAL last=0.04666 · río=WS · mercado=linear · estado=ACECHANDO · dir=— · 0=0.047 · Oz=— · Red=0.04604378376 · manos=ON · pos=flat · latido=1.50s
[RANGO] autosello ZKP · ACECHANDO · Oz=0.0 link=— · manos_feria_informe.json
[RANGO] ZKPUSDT_LINEAL last=0.04664 · río=WS · mercado=linear · estado=ACECHANDO · dir=— · 0=0.047 · Oz=— · Red=0.04604378376 · manos=ON · pos=flat · latido=1.50s
[RANGO] ZKPUSDT_LINEAL last=0.04668 · río=WS · mercado=linear · estado=ACECHANDO · dir=— · 0=0.047 · Oz=— · Red=0.04604378376 · manos=ON · pos=flat · latido=1.50s
[RANGO] autosello ZKP · ACECHANDO · Oz=0.0 link=— · manos_feria_informe.json
[2026-08-31 09:27:12] [TUSK] RECONCILIACIÓN: PLTRUSDT_LINEAL: interno L:0.000000/S:0.000000 -> real L:0.030000/S:0.000000
[2026-08-31 09:27:12] [TUSK] RECONCILIACIÓN: ZKPUSDT_LINEAL: interno L:0.000000/S:0.000000 -> real L:1496.000000/S:0.000000
[2026-08-31 09:27:12] [TUSK] RECONCILIACIÓN_FANTASMA: TRBUSDT_LINEAL existe interno pero no en exchange -> reseteando
[2026-08-31 09:27:12] [TUSK] RECONCILIACIÓN_FANTASMA: SOXLUSDT_LINEAL existe interno pero no en exchange -> reseteando
[2026-08-31 09:27:12] [TUSK] RECONCILIACIÓN_OK: 4 frentes alineados con exchange
[RANGO] ZKPUSDT_LINEAL last=0.04662 · río=WS · mercado=linear · estado=ACECHANDO · dir=— · 0=0.047 · Oz=— · Red=0.04604378376 · manos=ON · pos=LONG 1496@0.05011327 · latido=1.50s
[RANGO] autosello ZKP · ACECHANDO · Oz=0.0 link=— · manos_feria_informe.json
[RANGO] ZKPUSDT_LINEAL last=0.04665 · río=WS · mercado=linear · estado=ACECHANDO · dir=— · 0=0.047 · Oz=— · Red=0.04604378376 · manos=ON · pos=LONG 1496@0.05011327 · latido=1.50s
[RANGO] ZKPUSDT_LINEAL last=0.04662 · río=WS · mercado=linear · estado=ACECHANDO · dir=— · 0=0.047 · Oz=— · Red=0.04604378376 · manos=ON · pos=LONG 1496@0.05011327 · latido=1.50s
[RANGO] autosello ZKP · ACECHANDO · Oz=0.0 link=— · manos_feria_informe.json
[RANGO] ZKPUSDT_LINEAL last=0.04669 · río=WS · mercado=linear · estado=ACECHANDO · dir=— · 0=0.047 · Oz=— · Red=0.04604378376 · manos=ON · pos=LONG 1496@0.05011327 · latido=1.50s
[RANGO] autosello ZKP · ACECHANDO · Oz=0.0 link=— · manos_feria_informe.json
[RANGO] ZKPUSDT_LINEAL last=0.0467 · río=WS · mercado=linear · estado=ACECHANDO · dir=— · 0=0.047 · Oz=— · Red=0.04604378376 · manos=ON · pos=LONG 1496@0.05011327 · latido=1.50s
[RANGO] ZKPUSDT_LINEAL last=0.04671 · río=WS · mercado=linear · estado=ACECHANDO · dir=— · 0=0.047 · Oz=— · Red=0.04604378376 · manos=ON · pos=LONG 1496@0.05011327 · latido=1.50s
[RANGO] autosello ZKP · ACECHANDO · Oz=0.0 link=— · manos_feria_informe.json
[RANGO] ZKPUSDT_LINEAL last=0.0467 · río=WS · mercado=linear · estado=ACECHANDO · dir=— · 0=0.047 · Oz=— · Red=0.04604378376 · manos=ON · pos=LONG 1496@0.05011327 · latido=1.50s
[RANGO] autosello ZKP · ACECHANDO · Oz=0.0 link=— · manos_feria_informe.json
[RANGO] ZKPUSDT_LINEAL last=0.04673 · río=WS · mercado=linear · estado=ACECHANDO · dir=— · 0=0.047 · Oz=— · Red=0.04604378376 · manos=ON · pos=LONG 1496@0.05011327 · latido=1.50s
[RANGO] ZKPUSDT_LINEAL last=0.04677 · río=WS · mercado=linear · estado=ACECHANDO · dir=— · 0=0.047 · Oz=— · Red=0.04604378376 · manos=ON · pos=LONG 1496@0.05011327 · latido=1.50s
[RANGO] autosello ZKP · ACECHANDO · Oz=0.0 link=— · manos_feria_informe.json
[RANGO] ZKPUSDT_LINEAL last=0.04673 · río=WS · mercado=linear · estado=ACECHANDO · dir=— · 0=0.047 · Oz=— · Red=0.04604378376 · manos=ON · pos=LONG 1496@0.05011327 · latido=1.50s
[RANGO] autosello ZKP · ACECHANDO · Oz=0.0 link=— · manos_feria_informe.json
[RANGO] ZKPUSDT_LINEAL last=0.04675 · río=WS · mercado=linear · estado=ACECHANDO · dir=— · 0=0.047 · Oz=— · Red=0.04604378376 · manos=ON · pos=LONG 1496@0.05011327 · latido=1.50s
[RANGO] ZKPUSDT_LINEAL last=0.04678 · río=WS · mercado=linear · estado=ACECHANDO · dir=— · 0=0.047 · Oz=— · Red=0.04604378376 · manos=ON · pos=LONG 1496@0.05011327 · latido=1.50s
[RANGO] autosello ZKP · ACECHANDO · Oz=0.0 link=— · manos_feria_informe.json
[2026-08-31 09:29:15] [TUSK] RECONCILIACIÓN: SAMSUNGUSDT_LINEAL: interno L:0.000000/S:0.000000 -> real L:0.000000/S:0.110000
[2026-08-31 09:29:15] [TUSK] RECONCILIACIÓN_FANTASMA: KSMUSDT_LINEAL existe interno pero no en exchange -> reseteando
[2026-08-31 09:29:15] [TUSK] RECONCILIACIÓN_OK: 2 frentes alineados con exchange
[RANGO] ZKPUSDT_LINEAL last=0.04677 · río=WS · mercado=linear · estado=ACECHANDO · dir=— · 0=0.047 · Oz=— · Red=0.04604378376 · manos=ON · pos=LONG 1496@0.05011327 · latido=1.50s
[RANGO] autosello ZKP · ACECHANDO · Oz=0.0 link=— · manos_feria_informe.json
[RANGO] ZKPUSDT_LINEAL last=0.04676 · río=WS · mercado=linear · estado=ACECHANDO · dir=— · 0=0.047 · Oz=— · Red=0.04604378376 · manos=ON · pos=LONG 1496@0.05011327 · latido=1.50s
[RANGO] ZKPUSDT_LINEAL last=0.04678 · río=WS · mercado=linear · estado=ACECHANDO · dir=— · 0=0.047 · Oz=— · Red=0.04604378376 · manos=ON · pos=LONG 1496@0.05011327 · latido=1.50s
[RANGO] autosello ZKP · ACECHANDO · Oz=0.0 link=— · manos_feria_informe.json
[RANGO] ZKPUSDT_LINEAL last=0.04674 · río=WS · mercado=linear · estado=ACECHANDO · dir=— · 0=0.047 · Oz=— · Red=0.04604378376 · manos=ON · pos=LONG 1496@0.05011327 · latido=1.50s
[RANGO] autosello ZKP · ACECHANDO · Oz=0.0 link=— · manos_feria_informe.json
[RANGO] ZKPUSDT_LINEAL last=0.04672 · río=WS · mercado=linear · estado=ACECHANDO · dir=— · 0=0.047 · Oz=— · Red=0.04604378376 · manos=ON · pos=LONG 1496@0.05011327 · latido=1.50s
[RANGO] ZKPUSDT_LINEAL last=0.0468 · río=WS · mercado=linear · estado=ACECHANDO · dir=— · 0=0.047 · Oz=— · Red=0.04604378376 · manos=ON · pos=LONG 1496@0.05011327 · latido=1.50s
[RANGO] autosello ZKP · ACECHANDO · Oz=0.0 link=— · manos_feria_informe.json
[2026-08-31 09:30:16] [TUSK] RECONCILIACIÓN: POWERUSDT_LINEAL: interno L:0.000000/S:290.000000 -> real L:0.000000/S:347.000000
[2026-08-31 09:30:16] [TUSK] RECONCILIACIÓN_OK: 1 frentes alineados con exchange
[RANGO] ZKPUSDT_LINEAL last=0.04676 · río=WS · mercado=linear · estado=ACECHANDO · dir=— · 0=0.047 · Oz=— · Red=0.04604378376 · manos=ON · pos=LONG 1496@0.05011327 · latido=1.50s
[RANGO] autosello ZKP · ACECHANDO · Oz=0.0 link=— · manos_feria_informe.json
[RANGO] ZKPUSDT_LINEAL last=0.04673 · río=WS · mercado=linear · estado=ACECHANDO · dir=— · 0=0.047 · Oz=— · Red=0.04604378376 · manos=ON · pos=LONG 1496@0.05011327 · latido=1.50s
[RANGO] ZKPUSDT_LINEAL last=0.04677 · río=WS · mercado=linear · estado=ACECHANDO · dir=— · 0=0.047 · Oz=— · Red=0.04604378376 · manos=ON · pos=LONG 1496@0.05011327 · latido=1.50s
[RANGO] autosello ZKP · ACECHANDO · Oz=0.0 link=— · manos_feria_informe.json
[RANGO] ZKPUSDT_LINEAL last=0.04673 · río=WS · mercado=linear · estado=ACECHANDO · dir=— · 0=0.047 · Oz=— · Red=0.04604378376 · manos=ON · pos=LONG 1496@0.05011327 · latido=1.50s
[RANGO] autosello ZKP · ACECHANDO · Oz=0.0 link=— · manos_feria_informe.json
[RANGO] ZKPUSDT_LINEAL last=0.04671 · río=WS · mercado=linear · estado=ACECHANDO · dir=— · 0=0.047 · Oz=— · Red=0.04604378376 · manos=ON · pos=LONG 1496@0.05011327 · latido=1.50s
[RANGO] ZKPUSDT_LINEAL last=0.04675 · río=WS · mercado=linear · estado=ACECHANDO · dir=— · 0=0.047 · Oz=— · Red=0.04604378376 · manos=ON · pos=LONG 1496@0.05011327 · latido=1.50s
[RANGO] autosello ZKP · ACECHANDO · Oz=0.0 link=— · manos_feria_informe.json
[RANGO] ZKPUSDT_LINEAL last=0.04674 · río=WS · mercado=linear · estado=ACECHANDO · dir=— · 0=0.047 · Oz=— · Red=0.04604378376 · manos=ON · pos=LONG 1496@0.05011327 · latido=1.50s
[RANGO] autosello ZKP · ACECHANDO · Oz=0.0 link=— · manos_feria_informe.json
[RANGO] ZKPUSDT_LINEAL last=0.04672 · río=WS · mercado=linear · estado=ACECHANDO · dir=— · 0=0.047 · Oz=— · Red=0.04604378376 · manos=ON · pos=LONG 1496@0.05011327 · latido=1.50s
[RANGO] ZKPUSDT_LINEAL last=0.04673 · río=WS · mercado=linear · estado=ACECHANDO · dir=— · 0=0.047 · Oz=— · Red=0.04604378376 · manos=ON · pos=LONG 1496@0.05011327 · latido=1.50s
[RANGO] autosello ZKP · ACECHANDO · Oz=0.0 link=— · manos_feria_informe.json
[RANGO] ZKPUSDT_LINEAL last=0.04672 · río=WS · mercado=linear · estado=ACECHANDO · dir=— · 0=0.047 · Oz=— · Red=0.04604378376 · manos=ON · pos=LONG 1496@0.05011327 · latido=1.50s
[RANGO] autosello ZKP · ACECHANDO · Oz=0.0 link=— · manos_feria_informe.json
[RANGO] ZKPUSDT_LINEAL last=0.04678 · río=WS · mercado=linear · estado=ACECHANDO · dir=— · 0=0.047 · Oz=— · Red=0.04604378376 · manos=ON · pos=LONG 1496@0.05011327 · latido=1.50s
[RANGO] ZKPUSDT_LINEAL last=0.04679 · río=WS · mercado=linear · estado=ACECHANDO · dir=— · 0=0.047 · Oz=— · Red=0.04604378376 · manos=ON · pos=LONG 1496@0.05011327 · latido=1.50s
[RANGO] autosello ZKP · ACECHANDO · Oz=0.0 link=— · manos_feria_informe.json
[RANGO] ZKPUSDT_LINEAL last=0.04678 · río=WS · mercado=linear · estado=ACECHANDO · dir=— · 0=0.047 · Oz=— · Red=0.04604378376 · manos=ON · pos=LONG 1496@0.05011327 · latido=1.50s
[RANGO] autosello ZKP · ACECHANDO · Oz=0.0 link=— · manos_feria_informe.json
[RANGO] ZKPUSDT_LINEAL last=0.04682 · río=WS · mercado=linear · estado=ACECHANDO · dir=— · 0=0.047 · Oz=— · Red=0.04604378376 · manos=ON · pos=LONG 1496@0.05011327 · latido=1.50s
[RANGO] ZKPUSDT_LINEAL last=0.04679 · río=WS · mercado=linear · estado=ACECHANDO · dir=— · 0=0.047 · Oz=— · Red=0.04604378376 · manos=ON · pos=LONG 1496@0.05011327 · latido=1.50s
[RANGO] autosello ZKP · ACECHANDO · Oz=0.0 link=— · manos_feria_informe.json
[RANGO] ZKPUSDT_LINEAL last=0.04679 · río=WS · mercado=linear · estado=ACECHANDO · dir=— · 0=0.047 · Oz=— · Red=0.04604378376 · manos=ON · pos=LONG 1496@0.05011327 · latido=1.50s
[RANGO] autosello ZKP · ACECHANDO · Oz=0.0 link=— · manos_feria_informe.json
[RANGO] ZKPUSDT_LINEAL last=0.0468 · río=WS · mercado=linear · estado=ACECHANDO · dir=— · 0=0.047 · Oz=— · Red=0.04604378376 · manos=ON · pos=LONG 1496@0.05011327 · latido=1.50s
[RANGO] ZKPUSDT_LINEAL last=0.04682 · río=WS · mercado=linear · estado=ACECHANDO · dir=— · 0=0.047 · Oz=— · Red=0.04604378376 · manos=ON · pos=LONG 1496@0.05011327 · latido=1.50s
[RANGO] autosello ZKP · ACECHANDO · Oz=0.0 link=— · manos_feria_informe.json
[RANGO] ZKPUSDT_LINEAL last=0.04682 · río=WS · mercado=linear · estado=ACECHANDO · dir=— · 0=0.047 · Oz=— · Red=0.04604378376 · manos=ON · pos=LONG 1496@0.05011327 · latido=1.50s
[2026-08-31 09:33:19] [TUSK] RECONCILIACIÓN: BIOUSDT_LINEAL: interno L:0.000000/S:0.000000 -> real L:1016.000000/S:0.000000
[2026-08-31 09:33:19] [TUSK] RECONCILIACIÓN_FANTASMA: AEHRUSDT_LINEAL existe interno pero no en exchange -> reseteando
[2026-08-31 09:33:19] [TUSK] RECONCILIACIÓN_OK: 2 frentes alineados con exchange
[RANGO] autosello ZKP · ACECHANDO · Oz=0.0 link=— · manos_feria_informe.json
[RANGO] ZKPUSDT_LINEAL last=0.04682 · río=WS · mercado=linear · estado=ACECHANDO · dir=— · 0=0.047 · Oz=— · Red=0.04604378376 · manos=ON · pos=LONG 1496@0.05011327 · latido=1.50s
[RANGO] ZKPUSDT_LINEAL last=0.04676 · río=WS · mercado=linear · estado=ACECHANDO · dir=— · 0=0.047 · Oz=— · Red=0.04604378376 · manos=ON · pos=LONG 1496@0.05011327 · latido=1.50s
[RANGO] autosello ZKP · ACECHANDO · Oz=0.0 link=— · manos_feria_informe.json
[RANGO] ZKPUSDT_LINEAL last=0.04673 · río=WS · mercado=linear · estado=ACECHANDO · dir=— · 0=0.047 · Oz=— · Red=0.04604378376 · manos=ON · pos=LONG 1496@0.05011327 · latido=1.50s
[RANGO] autosello ZKP · ACECHANDO · Oz=0.0 link=— · manos_feria_informe.json
[RANGO] ZKPUSDT_LINEAL last=0.04675 · río=ciego/muleta · mercado=linear · estado=ACECHANDO · dir=— · 0=0.047 · Oz=— · Red=0.04604378376 · manos=ON · pos=LONG 1496@0.05011327 · latido=1.50s
[RANGO] autosello ZKP · ACECHANDO · Oz=0.0 link=— · manos_feria_informe.json
[RANGO] ZKPUSDT_LINEAL last=0.04675 · río=WS · mercado=linear · estado=ACECHANDO · dir=— · 0=0.047 · Oz=— · Red=0.04604378376 · manos=ON · pos=LONG 1496@0.05011327 · latido=1.50s
[RANGO] ZKPUSDT_LINEAL last=0.0467 · río=WS · mercado=linear · estado=ACECHANDO · dir=— · 0=0.047 · Oz=— · Red=0.04604378376 · manos=ON · pos=LONG 1496@0.05011327 · latido=1.50s
[2026-08-31 09:34:20] [TUSK] RECONCILIACIÓN: MSTRUSDT_LINEAL: interno L:0.000000/S:0.000000 -> real L:0.200000/S:0.000000
[2026-08-31 09:34:20] [TUSK] RECONCILIACIÓN: PURRUSDT_LINEAL: interno L:0.000000/S:0.000000 -> real L:4.300000/S:0.000000
[2026-08-31 09:34:20] [TUSK] RECONCILIACIÓN_FANTASMA: SOXSUSDT_LINEAL existe interno pero no en exchange -> reseteando
[2026-08-31 09:34:20] [TUSK] RECONCILIACIÓN_FANTASMA: KORUUSDT_LINEAL existe interno pero no en exchange -> reseteando
[2026-08-31 09:34:20] [TUSK] RECONCILIACIÓN_OK: 4 frentes alineados con exchange
[RANGO] autosello ZKP · ACECHANDO · Oz=0.0 link=— · manos_feria_informe.json
[RANGO] ZKPUSDT_LINEAL last=0.04672 · río=WS · mercado=linear · estado=ACECHANDO · dir=— · 0=0.047 · Oz=— · Red=0.04604378376 · manos=ON · pos=LONG 1496@0.05011327 · latido=1.50s
[RANGO] autosello ZKP · ACECHANDO · Oz=0.0 link=— · manos_feria_informe.json
[RANGO] ZKPUSDT_LINEAL last=0.04673 · río=WS · mercado=linear · estado=ACECHANDO · dir=— · 0=0.047 · Oz=— · Red=0.04604378376 · manos=ON · pos=LONG 1496@0.05011327 · latido=1.50s
[RANGO] ZKPUSDT_LINEAL last=0.04672 · río=WS · mercado=linear · estado=ACECHANDO · dir=— · 0=0.047 · Oz=— · Red=0.04604378376 · manos=ON · pos=LONG 1496@0.05011327 · latido=1.50s
[RANGO] autosello ZKP · ACECHANDO · Oz=0.0 link=— · manos_feria_informe.json
[RANGO] ZKPUSDT_LINEAL last=0.04671 · río=WS · mercado=linear · estado=ACECHANDO · dir=— · 0=0.047 · Oz=— · Red=0.04604378376 · manos=ON · pos=LONG 1496@0.05011327 · latido=1.50s
[RANGO] autosello ZKP · ACECHANDO · Oz=0.0 link=— · manos_feria_informe.json
[RANGO] ZKPUSDT_LINEAL last=0.04672 · río=WS · mercado=linear · estado=ACECHANDO · dir=— · 0=0.047 · Oz=— · Red=0.04604378376 · manos=ON · pos=LONG 1496@0.05011327 · latido=1.50s
[RANGO] ZKPUSDT_LINEAL last=0.04676 · río=WS · mercado=linear · estado=ACECHANDO · dir=— · 0=0.047 · Oz=— · Red=0.04604378376 · manos=ON · pos=LONG 1496@0.05011327 · latido=1.50s
[2026-08-31 09:35:21] [TUSK] RECONCILIACIÓN: PURRUSDT_LINEAL: interno L:4.300000/S:0.000000 -> real L:3.800000/S:0.000000
[2026-08-31 09:35:21] [TUSK] RECONCILIACIÓN_OK: 1 frentes alineados con exchange
[RANGO] autosello ZKP · ACECHANDO · Oz=0.0 link=— · manos_feria_informe.json
[RANGO] ZKPUSDT_LINEAL last=0.04679 · río=WS · mercado=linear · estado=ACECHANDO · dir=— · 0=0.047 · Oz=— · Red=0.04604378376 · manos=ON · pos=LONG 1496@0.05011327 · latido=1.50s
[RANGO] autosello ZKP · ACECHANDO · Oz=0.0 link=— · manos_feria_informe.json
[RANGO] ZKPUSDT_LINEAL last=0.04678 · río=WS · mercado=linear · estado=ACECHANDO · dir=— · 0=0.047 · Oz=— · Red=0.04604378376 · manos=ON · pos=LONG 1496@0.05011327 · latido=1.50s
[RANGO] ZKPUSDT_LINEAL last=0.04678 · río=WS · mercado=linear · estado=ACECHANDO · dir=— · 0=0.047 · Oz=— · Red=0.04604378376 · manos=ON · pos=LONG 1496@0.05011327 · latido=1.50s
[RANGO] autosello ZKP · ACECHANDO · Oz=0.0 link=— · manos_feria_informe.json
[RANGO] ZKPUSDT_LINEAL last=0.04683 · río=WS · mercado=linear · estado=ACECHANDO · dir=— · 0=0.047 · Oz=— · Red=0.04604378376 · manos=ON · pos=LONG 1496@0.05011327 · latido=1.50s
[RANGO] autosello ZKP · ACECHANDO · Oz=0.0 link=— · manos_feria_informe.json
[RANGO] ZKPUSDT_LINEAL last=0.0469 · río=WS · mercado=linear · estado=ACECHANDO · dir=— · 0=0.047 · Oz=— · Red=0.04604378376 · manos=ON · pos=LONG 1496@0.05011327 · latido=1.50s
[RANGO] ZKPUSDT_LINEAL last=0.04689 · río=WS · mercado=linear · estado=ACECHANDO · dir=— · 0=0.047 · Oz=— · Red=0.04604378376 · manos=ON · pos=LONG 1496@0.05011327 · latido=1.50s
[2026-08-31 09:36:22] [TUSK] RECONCILIACIÓN: PURRUSDT_LINEAL: interno L:3.800000/S:0.000000 -> real L:4.300000/S:0.000000
[2026-08-31 09:36:22] [TUSK] RECONCILIACIÓN: SYRUPUSDT_LINEAL: interno L:0.000000/S:0.000000 -> real L:482.000000/S:0.000000
[2026-08-31 09:36:22] [TUSK] RECONCILIACIÓN: COTIUSDT_LINEAL: interno L:0.000000/S:0.000000 -> real L:1213.000000/S:0.000000
[2026-08-31 09:36:22] [TUSK] RECONCILIACIÓN_FANTASMA: APRUSDT_LINEAL existe interno pero no en exchange -> reseteando
[2026-08-31 09:36:22] [TUSK] RECONCILIACIÓN_FANTASMA: CRVUSDT_LINEAL existe interno pero no en exchange -> reseteando
[2026-08-31 09:36:22] [TUSK] RECONCILIACIÓN_OK: 5 frentes alineados con exchange
[RANGO] autosello ZKP · ACECHANDO · Oz=0.0 link=— · manos_feria_informe.json
[RANGO] ZKPUSDT_LINEAL last=0.04686 · río=WS · mercado=linear · estado=ACECHANDO · dir=— · 0=0.047 · Oz=— · Red=0.04604378376 · manos=ON · pos=LONG 1496@0.05011327 · latido=1.50s
[RANGO] autosello ZKP · ACECHANDO · Oz=0.0 link=— · manos_feria_informe.json
[RANGO] ZKPUSDT_LINEAL last=0.04689 · río=WS · mercado=linear · estado=ACECHANDO · dir=— · 0=0.047 · Oz=— · Red=0.04604378376 · manos=ON · pos=LONG 1496@0.05011327 · latido=1.50s
[RANGO] ZKPUSDT_LINEAL last=0.0469 · río=WS · mercado=linear · estado=ACECHANDO · dir=— · 0=0.047 · Oz=— · Red=0.04604378376 · manos=ON · pos=LONG 1496@0.05011327 · latido=1.50s
[RANGO] autosello ZKP · ACECHANDO · Oz=0.0 link=— · manos_feria_informe.json
[RANGO] ZKPUSDT_LINEAL last=0.04688 · río=WS · mercado=linear · estado=ACECHANDO · dir=— · 0=0.047 · Oz=— · Red=0.04604378376 · manos=ON · pos=LONG 1496@0.05011327 · latido=1.50s
[RANGO] autosello ZKP · ACECHANDO · Oz=0.0 link=— · manos_feria_informe.json
[RANGO] ZKPUSDT_LINEAL last=0.04689 · río=WS · mercado=linear · estado=ACECHANDO · dir=— · 0=0.047 · Oz=— · Red=0.04604378376 · manos=ON · pos=LONG 1496@0.05011327 · latido=1.50s
[RANGO] ZKPUSDT_LINEAL last=0.04683 · río=WS · mercado=linear · estado=ACECHANDO · dir=— · 0=0.047 · Oz=— · Red=0.04604378376 · manos=ON · pos=LONG 1496@0.05011327 · latido=1.50s
[2026-08-31 09:37:24] [TUSK] RECONCILIACIÓN: FWDIUSDT_LINEAL: interno L:0.000000/S:0.000000 -> real L:0.000000/S:4.200000
[2026-08-31 09:37:24] [TUSK] RECONCILIACIÓN: POWERUSDT_LINEAL: interno L:0.000000/S:347.000000 -> real L:0.000000/S:404.000000
[2026-08-31 09:37:24] [TUSK] RECONCILIACIÓN_FANTASMA: XANUSDT_LINEAL existe interno pero no en exchange -> reseteando
[2026-08-31 09:37:24] [TUSK] RECONCILIACIÓN_OK: 3 frentes alineados con exchange
[RANGO] autosello ZKP · ACECHANDO · Oz=0.0 link=— · manos_feria_informe.json
[RANGO] ZKPUSDT_LINEAL last=0.04682 · río=WS · mercado=linear · estado=ACECHANDO · dir=— · 0=0.047 · Oz=— · Red=0.04604378376 · manos=ON · pos=LONG 1496@0.05011327 · latido=1.50s
[RANGO] autosello ZKP · ACECHANDO · Oz=0.0 link=— · manos_feria_informe.json
[RANGO] ZKPUSDT_LINEAL last=0.04682 · río=WS · mercado=linear · estado=ACECHANDO · dir=— · 0=0.047 · Oz=— · Red=0.04604378376 · manos=ON · pos=LONG 1496@0.05011327 · latido=1.50s
[RANGO] ZKPUSDT_LINEAL last=0.04685 · río=WS · mercado=linear · estado=ACECHANDO · dir=— · 0=0.047 · Oz=— · Red=0.04604378376 · manos=ON · pos=LONG 1496@0.05011327 · latido=1.50s
[RANGO] autosello ZKP · ACECHANDO · Oz=0.0 link=— · manos_feria_informe.json
[RANGO] ZKPUSDT_LINEAL last=0.04682 · río=WS · mercado=linear · estado=ACECHANDO · dir=— · 0=0.047 · Oz=— · Red=0.04604378376 · manos=ON · pos=LONG 1496@0.05011327 · latido=1.50s
[RANGO] autosello ZKP · ACECHANDO · Oz=0.0 link=— · manos_feria_informe.json
[RANGO] ZKPUSDT_LINEAL last=0.04684 · río=ciego/muleta · mercado=linear · estado=ACECHANDO · dir=— · 0=0.047 · Oz=— · Red=0.04604378376 · manos=ON · pos=LONG 1496@0.05011327 · latido=1.50s
[RANGO] ZKPUSDT_LINEAL last=0.0468 · río=WS · mercado=linear · estado=ACECHANDO · dir=— · 0=0.047 · Oz=— · Red=0.04604378376 · manos=ON · pos=LONG 1496@0.05011327 · latido=1.50s
[RANGO] autosello ZKP · ACECHANDO · Oz=0.0 link=— · manos_feria_informe.json
[2026-08-31 09:38:25] [TUSK] RECONCILIACIÓN: SHAZUSDT_LINEAL: interno L:0.000000/S:0.000000 -> real L:1.260000/S:0.000000
[2026-08-31 09:38:25] [TUSK] RECONCILIACIÓN: POWERUSDT_LINEAL: interno L:0.000000/S:404.000000 -> real L:0.000000/S:460.000000
[2026-08-31 09:38:25] [TUSK] RECONCILIACIÓN_FANTASMA: QNTXUSDT_LINEAL existe interno pero no en exchange -> reseteando
[2026-08-31 09:38:25] [TUSK] RECONCILIACIÓN_OK: 3 frentes alineados con exchange
[RANGO] ZKPUSDT_LINEAL last=0.04678 · río=WS · mercado=linear · estado=ACECHANDO · dir=— · 0=0.047 · Oz=— · Red=0.04604378376 · manos=ON · pos=LONG 1496@0.05011327 · latido=1.50s
[RANGO] autosello ZKP · ACECHANDO · Oz=0.0 link=— · manos_feria_informe.json
[RANGO] ZKPUSDT_LINEAL last=0.04678 · río=WS · mercado=linear · estado=ACECHANDO · dir=— · 0=0.047 · Oz=— · Red=0.04604378376 · manos=ON · pos=LONG 1496@0.05011327 · latido=1.50s
[RANGO] ZKPUSDT_LINEAL last=0.04677 · río=WS · mercado=linear · estado=ACECHANDO · dir=— · 0=0.047 · Oz=— · Red=0.04604378376 · manos=ON · pos=LONG 1496@0.05011327 · latido=1.50s
[RANGO] autosello ZKP · ACECHANDO · Oz=0.0 link=— · manos_feria_informe.json
[RANGO] ZKPUSDT_LINEAL last=0.04676 · río=WS · mercado=linear · estado=ACECHANDO · dir=— · 0=0.047 · Oz=— · Red=0.04604378376 · manos=ON · pos=LONG 1496@0.05011327 · latido=1.50s
[RANGO] autosello ZKP · ACECHANDO · Oz=0.0 link=— · manos_feria_informe.json
[RANGO] ZKPUSDT_LINEAL last=0.04674 · río=WS · mercado=linear · estado=ACECHANDO · dir=— · 0=0.047 · Oz=— · Red=0.04604378376 · manos=ON · pos=LONG 1496@0.05011327 · latido=1.50s
[RANGO] ZKPUSDT_LINEAL last=0.04673 · río=WS · mercado=linear · estado=ACECHANDO · dir=— · 0=0.047 · Oz=— · Red=0.04604378376 · manos=ON · pos=LONG 1496@0.05011327 · latido=1.50s
[RANGO] autosello ZKP · ACECHANDO · Oz=0.0 link=— · manos_feria_informe.json
[2026-08-31 09:39:26] [TUSK] RECONCILIACIÓN: XANUSDT_LINEAL: interno L:0.000000/S:0.000000 -> real L:0.000000/S:260.000000
[2026-08-31 09:39:26] [TUSK] RECONCILIACIÓN_FANTASMA: BROCCOLIUSDT_LINEAL existe interno pero no en exchange -> reseteando
[2026-08-31 09:39:26] [TUSK] RECONCILIACIÓN_OK: 2 frentes alineados con exchange
[RANGO] ZKPUSDT_LINEAL last=0.04673 · río=WS · mercado=linear · estado=ACECHANDO · dir=— · 0=0.047 · Oz=— · Red=0.04604378376 · manos=ON · pos=LONG 1496@0.05011327 · latido=1.50s
[RANGO] autosello ZKP · ACECHANDO · Oz=0.0 link=— · manos_feria_informe.json
[RANGO] ZKPUSDT_LINEAL last=0.04673 · río=WS · mercado=linear · estado=ACECHANDO · dir=— · 0=0.047 · Oz=— · Red=0.04604378376 · manos=ON · pos=LONG 1496@0.05011327 · latido=1.50s
[RANGO] ZKPUSDT_LINEAL last=0.04673 · río=WS · mercado=linear · estado=ACECHANDO · dir=— · 0=0.047 · Oz=— · Red=0.04604378376 · manos=ON · pos=LONG 1496@0.05011327 · latido=1.50s
[RANGO] autosello ZKP · ACECHANDO · Oz=0.0 link=— · manos_feria_informe.json
[RANGO] ZKPUSDT_LINEAL last=0.0468 · río=WS · mercado=linear · estado=ACECHANDO · dir=— · 0=0.047 · Oz=— · Red=0.04604378376 · manos=ON · pos=LONG 1496@0.05011327 · latido=1.50s
[RANGO] autosello ZKP · ACECHANDO · Oz=0.0 link=— · manos_feria_informe.json
[RANGO] ZKPUSDT_LINEAL last=0.04681 · río=ciego/muleta · mercado=linear · estado=ACECHANDO · dir=— · 0=0.047 · Oz=— · Red=0.04604378376 · manos=ON · pos=LONG 1496@0.05011327 · latido=1.50s
[RANGO] ZKPUSDT_LINEAL last=0.04678 · río=WS · mercado=linear · estado=ACECHANDO · dir=— · 0=0.047 · Oz=— · Red=0.04604378376 · manos=ON · pos=LONG 1496@0.05011327 · latido=1.50s
[RANGO] autosello ZKP · ACECHANDO · Oz=0.0 link=— · manos_feria_informe.json
[2026-08-31 09:40:27] [TUSK] RECONCILIACIÓN: POWERUSDT_LINEAL: interno L:0.000000/S:460.000000 -> real L:0.000000/S:516.000000
[2026-08-31 09:40:27] [TUSK] RECONCILIACIÓN: SNXXUSDT_LINEAL: interno L:6.090000/S:0.000000 -> real L:6.470000/S:0.000000
[2026-08-31 09:40:27] [TUSK] RECONCILIACIÓN_OK: 2 frentes alineados con exchange
[RANGO] ZKPUSDT_LINEAL last=0.04678 · río=WS · mercado=linear · estado=ACECHANDO · dir=— · 0=0.047 · Oz=— · Red=0.04604378376 · manos=ON · pos=LONG 1496@0.05011327 · latido=1.50s
[RANGO] autosello ZKP · ACECHANDO · Oz=0.0 link=— · manos_feria_informe.json
[RANGO] ZKPUSDT_LINEAL last=0.04675 · río=WS · mercado=linear · estado=ACECHANDO · dir=— · 0=0.047 · Oz=— · Red=0.04604378376 · manos=ON · pos=LONG 1496@0.05011327 · latido=1.50s
[RANGO] ZKPUSDT_LINEAL last=0.04678 · río=ciego/muleta · mercado=linear · estado=ACECHANDO · dir=— · 0=0.047 · Oz=— · Red=0.04604378376 · manos=ON · pos=LONG 1496@0.05011327 · latido=1.50s
[RANGO] autosello ZKP · ACECHANDO · Oz=0.0 link=— · manos_feria_informe.json
[RANGO] ZKPUSDT_LINEAL last=0.04674 · río=WS · mercado=linear · estado=ACECHANDO · dir=— · 0=0.047 · Oz=— · Red=0.04604378376 · manos=ON · pos=LONG 1496@0.05011327 · latido=1.50s
[RANGO] autosello ZKP · ACECHANDO · Oz=0.0 link=— · manos_feria_informe.json
[RANGO] ZKPUSDT_LINEAL last=0.04672 · río=WS · mercado=linear · estado=ACECHANDO · dir=— · 0=0.047 · Oz=— · Red=0.04604378376 · manos=ON · pos=LONG 1496@0.05011327 · latido=1.50s
[RANGO] ZKPUSDT_LINEAL last=0.04673 · río=WS · mercado=linear · estado=ACECHANDO · dir=— · 0=0.047 · Oz=— · Red=0.04604378376 · manos=ON · pos=LONG 1496@0.05011327 · latido=1.50s
[RANGO] autosello ZKP · ACECHANDO · Oz=0.0 link=— · manos_feria_informe.json
[2026-08-31 09:41:28] [TUSK] RECONCILIACIÓN: XANUSDT_LINEAL: interno L:0.000000/S:260.000000 -> real L:0.000000/S:623.000000
[2026-08-31 09:41:28] [TUSK] RECONCILIACIÓN_OK: 1 frentes alineados con exchange
[RANGO] ZKPUSDT_LINEAL last=0.04672 · río=WS · mercado=linear · estado=ACECHANDO · dir=— · 0=0.047 · Oz=— · Red=0.04604378376 · manos=ON · pos=LONG 1496@0.05011327 · latido=1.50s
[RANGO] autosello ZKP · ACECHANDO · Oz=0.0 link=— · manos_feria_informe.json
[RANGO] ZKPUSDT_LINEAL last=0.04673 · río=ciego/muleta · mercado=linear · estado=ACECHANDO · dir=— · 0=0.047 · Oz=— · Red=0.04604378376 · manos=ON · pos=LONG 1496@0.05011327 · latido=1.50s
[RANGO] ZKPUSDT_LINEAL last=0.0467 · río=WS · mercado=linear · estado=ACECHANDO · dir=— · 0=0.047 · Oz=— · Red=0.04604378376 · manos=ON · pos=LONG 1496@0.05011327 · latido=1.50s
[RANGO] autosello ZKP · ACECHANDO · Oz=0.0 link=— · manos_feria_informe.json
[RANGO] ZKPUSDT_LINEAL last=0.04671 · río=WS · mercado=linear · estado=ACECHANDO · dir=— · 0=0.047 · Oz=— · Red=0.04604378376 · manos=ON · pos=LONG 1496@0.05011327 · latido=1.50s
[RANGO] autosello ZKP · ACECHANDO · Oz=0.0 link=— · manos_feria_informe.json
[RANGO] ZKPUSDT_LINEAL last=0.04673 · río=WS · mercado=linear · estado=ACECHANDO · dir=— · 0=0.047 · Oz=— · Red=0.04604378376 · manos=ON · pos=LONG 1496@0.05011327 · latido=1.50s
[RANGO] ZKPUSDT_LINEAL last=0.04673 · río=WS · mercado=linear · estado=ACECHANDO · dir=— · 0=0.047 · Oz=— · Red=0.04604378376 · manos=ON · pos=LONG 1496@0.05011327 · latido=1.50s
[RANGO] autosello ZKP · ACECHANDO · Oz=0.0 link=— · manos_feria_informe.json
[RANGO] ZKPUSDT_LINEAL last=0.04677 · río=WS · mercado=linear · estado=ACECHANDO · dir=— · 0=0.047 · Oz=— · Red=0.04604378376 · manos=ON · pos=LONG 1496@0.05011327 · latido=1.50s
[RANGO] autosello ZKP · ACECHANDO · Oz=0.0 link=— · manos_feria_informe.json
[RANGO] ZKPUSDT_LINEAL last=0.04679 · río=WS · mercado=linear · estado=ACECHANDO · dir=— · 0=0.047 · Oz=— · Red=0.04604378376 · manos=ON · pos=LONG 1496@0.05011327 · latido=1.50s
[RANGO] ZKPUSDT_LINEAL last=0.04689 · río=WS · mercado=linear · estado=ACECHANDO · dir=— · 0=0.047 · Oz=— · Red=0.04604378376 · manos=ON · pos=LONG 1496@0.05011327 · latido=1.50s
[RANGO] autosello ZKP · ACECHANDO · Oz=0.0 link=— · manos_feria_informe.json
[RANGO] ZKPUSDT_LINEAL last=0.0468 · río=WS · mercado=linear · estado=ACECHANDO · dir=— · 0=0.047 · Oz=— · Red=0.04604378376 · manos=ON · pos=LONG 1496@0.05011327 · latido=1.50s
[RANGO] autosello ZKP · ACECHANDO · Oz=0.0 link=— · manos_feria_informe.json
[RANGO] ZKPUSDT_LINEAL last=0.04687 · río=WS · mercado=linear · estado=ACECHANDO · dir=— · 0=0.047 · Oz=— · Red=0.04604378376 · manos=ON · pos=LONG 1496@0.05011327 · latido=1.50s
[RANGO] ZKPUSDT_LINEAL last=0.0469 · río=WS · mercado=linear · estado=ACECHANDO · dir=— · 0=0.047 · Oz=— · Red=0.04604378376 · manos=ON · pos=LONG 1496@0.05011327 · latido=1.50s
[RANGO] autosello ZKP · ACECHANDO · Oz=0.0 link=— · manos_feria_informe.json
[RANGO] ZKPUSDT_LINEAL last=0.04696 · río=WS · mercado=linear · estado=ACECHANDO · dir=— · 0=0.047 · Oz=— · Red=0.04604378376 · manos=ON · pos=LONG 1496@0.05011327 · latido=1.50s
[RANGO] autosello ZKP · ACECHANDO · Oz=0.0 link=— · manos_feria_informe.json
[RANGO] ZKPUSDT_LINEAL last=0.04698 · río=WS · mercado=linear · estado=ACECHANDO · dir=— · 0=0.047 · Oz=— · Red=0.04604378376 · manos=ON · pos=LONG 1496@0.05011327 · latido=1.50s
[RANGO] ZKPUSDT_LINEAL last=0.04699 · río=WS · mercado=linear · estado=ACECHANDO · dir=— · 0=0.047 · Oz=— · Red=0.04604378376 · manos=ON · pos=LONG 1496@0.05011327 · latido=1.50s
[RANGO] autosello ZKP · ACECHANDO · Oz=0.0 link=— · manos_feria_informe.json
[RANGO] ZKPUSDT_LINEAL last=0.04698 · río=WS · mercado=linear · estado=ACECHANDO · dir=— · 0=0.047 · Oz=— · Red=0.04604378376 · manos=ON · pos=LONG 1496@0.05011327 · latido=1.50s
[RANGO] autosello ZKP · ACECHANDO · Oz=0.0 link=— · manos_feria_informe.json
[RANGO] ZKPUSDT_LINEAL last=0.047 · río=WS · mercado=linear · estado=ACECHANDO · dir=— · 0=0.047 · Oz=— · Red=0.04604378376 · manos=ON · pos=LONG 1496@0.05011327 · latido=1.50s
[RANGO] ZKPUSDT_LINEAL last=0.04705 · río=WS · mercado=linear · estado=ACECHANDO · dir=— · 0=0.047 · Oz=— · Red=0.04604378376 · manos=ON · pos=LONG 1496@0.05011327 · latido=1.50s
[RANGO] autosello ZKP · ACECHANDO · Oz=0.0 link=— · manos_feria_informe.json
[RANGO] ZKPUSDT_LINEAL last=0.04704 · río=WS · mercado=linear · estado=ACECHANDO · dir=— · 0=0.047 · Oz=— · Red=0.04604378376 · manos=ON · pos=LONG 1496@0.05011327 · latido=1.50s
[RANGO] autosello ZKP · ACECHANDO · Oz=0.0 link=— · manos_feria_informe.json
[RANGO] ZKPUSDT_LINEAL last=0.04707 · río=WS · mercado=linear · estado=ACECHANDO · dir=— · 0=0.047 · Oz=— · Red=0.04604378376 · manos=ON · pos=LONG 1496@0.05011327 · latido=1.50s
[RANGO] ZKPUSDT_LINEAL last=0.04709 · río=WS · mercado=linear · estado=ACECHANDO · dir=— · 0=0.047 · Oz=— · Red=0.04604378376 · manos=ON · pos=LONG 1496@0.05011327 · latido=1.50s
[RANGO] autosello ZKP · ACECHANDO · Oz=0.0 link=— · manos_feria_informe.json
[RANGO] ZKPUSDT_LINEAL last=0.0471 · río=WS · mercado=linear · estado=ACECHANDO · dir=— · 0=0.047 · Oz=— · Red=0.04604378376 · manos=ON · pos=LONG 1496@0.05011327 · latido=1.50s
[RANGO] autosello ZKP · ACECHANDO · Oz=0.0 link=— · manos_feria_informe.json
[RANGO] ZKPUSDT_LINEAL last=0.0471 · río=ciego/muleta · mercado=linear · estado=ACECHANDO · dir=— · 0=0.047 · Oz=— · Red=0.04604378376 · manos=ON · pos=LONG 1496@0.05011327 · latido=1.50s
[RANGO] ZKPUSDT_LINEAL last=0.04709 · río=WS · mercado=linear · estado=ACECHANDO · dir=— · 0=0.047 · Oz=— · Red=0.04604378376 · manos=ON · pos=LONG 1496@0.05011327 · latido=1.50s
[RANGO] autosello ZKP · ACECHANDO · Oz=0.0 link=— · manos_feria_informe.json
[2026-08-31 09:45:32] [TUSK] RECONCILIACIÓN: XANUSDT_LINEAL: interno L:0.000000/S:623.000000 -> real L:0.000000/S:982.000000
[2026-08-31 09:45:32] [TUSK] RECONCILIACIÓN: POWERUSDT_LINEAL: interno L:0.000000/S:516.000000 -> real L:0.000000/S:571.000000
[2026-08-31 09:45:32] [TUSK] RECONCILIACIÓN_OK: 2 frentes alineados con exchange
[RANGO] ZKPUSDT_LINEAL last=0.0471 · río=WS · mercado=linear · estado=ACECHANDO · dir=— · 0=0.047 · Oz=— · Red=0.04604378376 · manos=ON · pos=LONG 1496@0.05011327 · latido=1.50s
[RANGO] autosello ZKP · ACECHANDO · Oz=0.0 link=— · manos_feria_informe.json
[RANGO] ZKPUSDT_LINEAL last=0.04709 · río=ciego/muleta · mercado=linear · estado=ACECHANDO · dir=— · 0=0.047 · Oz=— · Red=0.04604378376 · manos=ON · pos=LONG 1496@0.05011327 · latido=1.50s
[RANGO] ZKPUSDT_LINEAL last=0.04712 · río=WS · mercado=linear · estado=ACECHANDO · dir=— · 0=0.047 · Oz=— · Red=0.04604378376 · manos=ON · pos=LONG 1496@0.05011327 · latido=1.50s
[RANGO] autosello ZKP · ACECHANDO · Oz=0.0 link=— · manos_feria_informe.json
[RANGO] ZKPUSDT_LINEAL last=0.04712 · río=WS · mercado=linear · estado=ACECHANDO · dir=— · 0=0.047 · Oz=— · Red=0.04604378376 · manos=ON · pos=LONG 1496@0.05011327 · latido=1.50s
[RANGO] autosello ZKP · ACECHANDO · Oz=0.0 link=— · manos_feria_informe.json
[RANGO] ZKPUSDT_LINEAL last=0.04708 · río=WS · mercado=linear · estado=ACECHANDO · dir=— · 0=0.047 · Oz=— · Red=0.04604378376 · manos=ON · pos=LONG 1496@0.05011327 · latido=1.50s
[RANGO] ZKPUSDT_LINEAL last=0.0471 · río=WS · mercado=linear · estado=ACECHANDO · dir=— · 0=0.047 · Oz=— · Red=0.04604378376 · manos=ON · pos=LONG 1496@0.05011327 · latido=1.50s
[RANGO] autosello ZKP · ACECHANDO · Oz=0.0 link=— · manos_feria_informe.json
[2026-08-31 09:46:33] [TUSK] RECONCILIACIÓN: HYPEUSDT_LINEAL: interno L:0.000000/S:0.000000 -> real L:0.000000/S:0.270000
[2026-08-31 09:46:33] [TUSK] RECONCILIACIÓN_FANTASMA: ARMUSDT_LINEAL existe interno pero no en exchange -> reseteando
[2026-08-31 09:46:33] [TUSK] RECONCILIACIÓN_OK: 2 frentes alineados con exchange
[RANGO] ZKPUSDT_LINEAL last=0.04713 · río=WS · mercado=linear · estado=ACECHANDO · dir=— · 0=0.047 · Oz=— · Red=0.04604378376 · manos=ON · pos=LONG 1496@0.05011327 · latido=1.50s
[RANGO] autosello ZKP · ACECHANDO · Oz=0.0 link=— · manos_feria_informe.json
[RANGO] ZKPUSDT_LINEAL last=0.0471 · río=WS · mercado=linear · estado=ACECHANDO · dir=— · 0=0.047 · Oz=— · Red=0.04604378376 · manos=ON · pos=LONG 1496@0.05011327 · latido=1.50s
[RANGO] ZKPUSDT_LINEAL last=0.04707 · río=ciego/muleta · mercado=linear · estado=ACECHANDO · dir=— · 0=0.047 · Oz=— · Red=0.04604378376 · manos=ON · pos=LONG 1496@0.05011327 · latido=1.50s
[RANGO] autosello ZKP · ACECHANDO · Oz=0.0 link=— · manos_feria_informe.json
[RANGO] ZKPUSDT_LINEAL last=0.04709 · río=WS · mercado=linear · estado=ACECHANDO · dir=— · 0=0.047 · Oz=— · Red=0.04604378376 · manos=ON · pos=LONG 1496@0.05011327 · latido=1.50s
[RANGO] autosello ZKP · ACECHANDO · Oz=0.0 link=— · manos_feria_informe.json
[RANGO] ZKPUSDT_LINEAL last=0.04711 · río=WS · mercado=linear · estado=ACECHANDO · dir=— · 0=0.047 · Oz=— · Red=0.04604378376 · manos=ON · pos=LONG 1496@0.05011327 · latido=1.50s
[RANGO] autosello ZKP · ACECHANDO · Oz=0.0 link=— · manos_feria_informe.json
[RANGO] ZKPUSDT_LINEAL last=0.04711 · río=WS · mercado=linear · estado=ACECHANDO · dir=— · 0=0.047 · Oz=— · Red=0.04604378376 · manos=ON · pos=LONG 1496@0.05011327 · latido=1.50s
[RANGO] ZKPUSDT_LINEAL last=0.04706 · río=WS · mercado=linear · estado=ACECHANDO · dir=— · 0=0.047 · Oz=— · Red=0.04604378376 · manos=ON · pos=LONG 1496@0.05011327 · latido=1.50s
[RANGO] autosello ZKP · ACECHANDO · Oz=0.0 link=— · manos_feria_informe.json
[RANGO] ZKPUSDT_LINEAL last=0.04704 · río=WS · mercado=linear · estado=ACECHANDO · dir=— · 0=0.047 · Oz=— · Red=0.04604378376 · manos=ON · pos=LONG 1496@0.05011327 · latido=1.50s
[RANGO] autosello ZKP · ACECHANDO · Oz=0.0 link=— · manos_feria_informe.json
[RANGO] ZKPUSDT_LINEAL last=0.04702 · río=WS · mercado=linear · estado=ACECHANDO · dir=— · 0=0.047 · Oz=— · Red=0.04604378376 · manos=ON · pos=LONG 1496@0.05011327 · latido=1.50s
[RANGO] ZKPUSDT_LINEAL last=0.04701 · río=WS · mercado=linear · estado=ACECHANDO · dir=— · 0=0.047 · Oz=— · Red=0.04604378376 · manos=ON · pos=LONG 1496@0.05011327 · latido=1.50s
[RANGO] autosello ZKP · ACECHANDO · Oz=0.0 link=— · manos_feria_informe.json
[RANGO] ZKPUSDT_LINEAL last=0.04698 · río=WS · mercado=linear · estado=ACECHANDO · dir=— · 0=0.047 · Oz=— · Red=0.04604378376 · manos=ON · pos=LONG 1496@0.05011327 · latido=1.50s
[RANGO] autosello ZKP · ACECHANDO · Oz=0.0 link=— · manos_feria_informe.json
[RANGO] ZKPUSDT_LINEAL last=0.04692 · río=WS · mercado=linear · estado=ACECHANDO · dir=— · 0=0.047 · Oz=— · Red=0.04604378376 · manos=ON · pos=LONG 1496@0.05011327 · latido=1.50s
[RANGO] ZKPUSDT_LINEAL last=0.04697 · río=WS · mercado=linear · estado=ACECHANDO · dir=— · 0=0.047 · Oz=— · Red=0.04604378376 · manos=ON · pos=LONG 1496@0.05011327 · latido=1.50s
[2026-08-31 09:48:36] [TUSK] RECONCILIACIÓN: POWERUSDT_LINEAL: interno L:0.000000/S:571.000000 -> real L:0.000000/S:625.000000
[2026-08-31 09:48:36] [TUSK] RECONCILIACIÓN_OK: 1 frentes alineados con exchange
[RANGO] autosello ZKP · ACECHANDO · Oz=0.0 link=— · manos_feria_informe.json
[RANGO] ZKPUSDT_LINEAL last=0.04695 · río=WS · mercado=linear · estado=ACECHANDO · dir=— · 0=0.047 · Oz=— · Red=0.04604378376 · manos=ON · pos=LONG 1496@0.05011327 · latido=1.50s
[RANGO] autosello ZKP · ACECHANDO · Oz=0.0 link=— · manos_feria_informe.json
[RANGO] ZKPUSDT_LINEAL last=0.04693 · río=WS · mercado=linear · estado=ACECHANDO · dir=— · 0=0.047 · Oz=— · Red=0.04604378376 · manos=ON · pos=LONG 1496@0.05011327 · latido=1.50s
[RANGO] ZKPUSDT_LINEAL last=0.04693 · río=WS · mercado=linear · estado=ACECHANDO · dir=— · 0=0.047 · Oz=— · Red=0.04604378376 · manos=ON · pos=LONG 1496@0.05011327 · latido=1.50s
[RANGO] autosello ZKP · ACECHANDO · Oz=0.0 link=— · manos_feria_informe.json
[RANGO] ZKPUSDT_LINEAL last=0.04693 · río=WS · mercado=linear · estado=ACECHANDO · dir=— · 0=0.047 · Oz=— · Red=0.04604378376 · manos=ON · pos=LONG 1496@0.05011327 · latido=1.50s
[RANGO] autosello ZKP · ACECHANDO · Oz=0.0 link=— · manos_feria_informe.json
[RANGO] ZKPUSDT_LINEAL last=0.047 · río=WS · mercado=linear · estado=ACECHANDO · dir=— · 0=0.047 · Oz=— · Red=0.04604378376 · manos=ON · pos=LONG 1496@0.05011327 · latido=1.50s
[RANGO] ZKPUSDT_LINEAL last=0.047 · río=WS · mercado=linear · estado=ACECHANDO · dir=— · 0=0.047 · Oz=— · Red=0.04604378376 · manos=ON · pos=LONG 1496@0.05011327 · latido=1.50s
[RANGO] autosello ZKP · ACECHANDO · Oz=0.0 link=— · manos_feria_informe.json
[RANGO] ZKPUSDT_LINEAL last=0.04696 · río=WS · mercado=linear · estado=ACECHANDO · dir=— · 0=0.047 · Oz=— · Red=0.04604378376 · manos=ON · pos=LONG 1496@0.05011327 · latido=1.50s
[RANGO] autosello ZKP · ACECHANDO · Oz=0.0 link=— · manos_feria_informe.json
[RANGO] ZKPUSDT_LINEAL last=0.04699 · río=WS · mercado=linear · estado=ACECHANDO · dir=— · 0=0.047 · Oz=— · Red=0.04604378376 · manos=ON · pos=LONG 1496@0.05011327 · latido=1.50s
[RANGO] ZKPUSDT_LINEAL last=0.04702 · río=WS · mercado=linear · estado=ACECHANDO · dir=— · 0=0.047 · Oz=— · Red=0.04604378376 · manos=ON · pos=LONG 1496@0.05011327 · latido=1.50s
[RANGO] autosello ZKP · ACECHANDO · Oz=0.0 link=— · manos_feria_informe.json
[RANGO] ZKPUSDT_LINEAL last=0.04699 · río=WS · mercado=linear · estado=ACECHANDO · dir=— · 0=0.047 · Oz=— · Red=0.04604378376 · manos=ON · pos=LONG 1496@0.05011327 · latido=1.50s
[RANGO] autosello ZKP · ACECHANDO · Oz=0.0 link=— · manos_feria_informe.json
[RANGO] ZKPUSDT_LINEAL last=0.04699 · río=ciego/muleta · mercado=linear · estado=ACECHANDO · dir=— · 0=0.047 · Oz=— · Red=0.04604378376 · manos=ON · pos=LONG 1496@0.05011327 · latido=1.50s
[RANGO] ZKPUSDT_LINEAL last=0.04699 · río=WS · mercado=linear · estado=ACECHANDO · dir=— · 0=0.047 · Oz=— · Red=0.04604378376 · manos=ON · pos=LONG 1496@0.05011327 · latido=1.50s
[RANGO] autosello ZKP · ACECHANDO · Oz=0.0 link=— · manos_feria_informe.json
[RANGO] ZKPUSDT_LINEAL last=0.04704 · río=WS · mercado=linear · estado=ACECHANDO · dir=— · 0=0.047 · Oz=— · Red=0.04604378376 · manos=ON · pos=LONG 1496@0.05011327 · latido=1.50s
[RANGO] autosello ZKP · ACECHANDO · Oz=0.0 link=— · manos_feria_informe.json
[RANGO] ZKPUSDT_LINEAL last=0.04701 · río=WS · mercado=linear · estado=ACECHANDO · dir=— · 0=0.047 · Oz=— · Red=0.04604378376 · manos=ON · pos=LONG 1496@0.05011327 · latido=1.50s
[RANGO] ZKPUSDT_LINEAL last=0.04698 · río=WS · mercado=linear · estado=ACECHANDO · dir=— · 0=0.047 · Oz=— · Red=0.04604378376 · manos=ON · pos=LONG 1496@0.05011327 · latido=1.50s
[RANGO] autosello ZKP · ACECHANDO · Oz=0.0 link=— · manos_feria_informe.json
[RANGO] ZKPUSDT_LINEAL last=0.04697 · río=WS · mercado=linear · estado=ACECHANDO · dir=— · 0=0.047 · Oz=— · Red=0.04604378376 · manos=ON · pos=LONG 1496@0.05011327 · latido=1.50s
[RANGO] autosello ZKP · ACECHANDO · Oz=0.0 link=— · manos_feria_informe.json
[RANGO] ZKPUSDT_LINEAL last=0.04694 · río=WS · mercado=linear · estado=ACECHANDO · dir=— · 0=0.047 · Oz=— · Red=0.04604378376 · manos=ON · pos=LONG 1496@0.05011327 · latido=1.50s
[RANGO] ZKPUSDT_LINEAL last=0.04695 · río=WS · mercado=linear · estado=ACECHANDO · dir=— · 0=0.047 · Oz=— · Red=0.04604378376 · manos=ON · pos=LONG 1496@0.05011327 · latido=1.50s
[2026-08-31 09:51:39] [TUSK] RECONCILIACIÓN: POWERUSDT_LINEAL: interno L:0.000000/S:625.000000 -> real L:0.000000/S:516.000000
[2026-08-31 09:51:39] [TUSK] RECONCILIACIÓN_OK: 1 frentes alineados con exchange
[RANGO] autosello ZKP · ACECHANDO · Oz=0.0 link=— · manos_feria_informe.json
[RANGO] ZKPUSDT_LINEAL last=0.04692 · río=WS · mercado=linear · estado=ACECHANDO · dir=— · 0=0.047 · Oz=— · Red=0.04604378376 · manos=ON · pos=LONG 1496@0.05011327 · latido=1.50s
[RANGO] autosello ZKP · ACECHANDO · Oz=0.0 link=— · manos_feria_informe.json
[RANGO] ZKPUSDT_LINEAL last=0.04694 · río=WS · mercado=linear · estado=ACECHANDO · dir=— · 0=0.047 · Oz=— · Red=0.04604378376 · manos=ON · pos=LONG 1496@0.05011327 · latido=1.50s
[RANGO] ZKPUSDT_LINEAL last=0.04696 · río=WS · mercado=linear · estado=ACECHANDO · dir=— · 0=0.047 · Oz=— · Red=0.04604378376 · manos=ON · pos=LONG 1496@0.05011327 · latido=1.50s
[RANGO] autosello ZKP · ACECHANDO · Oz=0.0 link=— · manos_feria_informe.json
[RANGO] ZKPUSDT_LINEAL last=0.04693 · río=WS · mercado=linear · estado=ACECHANDO · dir=— · 0=0.047 · Oz=— · Red=0.04604378376 · manos=ON · pos=LONG 1496@0.05011327 · latido=1.50s
[RANGO] autosello ZKP · ACECHANDO · Oz=0.0 link=— · manos_feria_informe.json
[RANGO] ZKPUSDT_LINEAL last=0.04694 · río=WS · mercado=linear · estado=ACECHANDO · dir=— · 0=0.047 · Oz=— · Red=0.04604378376 · manos=ON · pos=LONG 1496@0.05011327 · latido=1.50s
[RANGO] ZKPUSDT_LINEAL last=0.04693 · río=ciego/muleta · mercado=linear · estado=ACECHANDO · dir=— · 0=0.047 · Oz=— · Red=0.04604378376 · manos=ON · pos=LONG 1496@0.05011327 · latido=1.50s
[RANGO] autosello ZKP · ACECHANDO · Oz=0.0 link=— · manos_feria_informe.json
[RANGO] ZKPUSDT_LINEAL last=0.04693 · río=ciego/muleta · mercado=linear · estado=ACECHANDO · dir=— · 0=0.047 · Oz=— · Red=0.04604378376 · manos=ON · pos=LONG 1496@0.05011327 · latido=1.50s
[RANGO] autosello ZKP · ACECHANDO · Oz=0.0 link=— · manos_feria_informe.json
[RANGO] ZKPUSDT_LINEAL last=0.04693 · río=ciego/muleta · mercado=linear · estado=ACECHANDO · dir=— · 0=0.047 · Oz=— · Red=0.04604378376 · manos=ON · pos=LONG 1496@0.05011327 · latido=1.50s
[RANGO] ZKPUSDT_LINEAL last=0.04692 · río=WS · mercado=linear · estado=ACECHANDO · dir=— · 0=0.047 · Oz=— · Red=0.04604378376 · manos=ON · pos=LONG 1496@0.05011327 · latido=1.50s
[RANGO] autosello ZKP · ACECHANDO · Oz=0.0 link=— · manos_feria_informe.json
[RANGO] ZKPUSDT_LINEAL last=0.04695 · río=WS · mercado=linear · estado=ACECHANDO · dir=— · 0=0.047 · Oz=— · Red=0.04604378376 · manos=ON · pos=LONG 1496@0.05011327 · latido=1.50s
[RANGO] autosello ZKP · ACECHANDO · Oz=0.0 link=— · manos_feria_informe.json
[RANGO] ZKPUSDT_LINEAL last=0.04693 · río=WS · mercado=linear · estado=ACECHANDO · dir=— · 0=0.047 · Oz=— · Red=0.04604378376 · manos=ON · pos=LONG 1496@0.05011327 · latido=1.50s
[RANGO] ZKPUSDT_LINEAL last=0.04697 · río=WS · mercado=linear · estado=ACECHANDO · dir=— · 0=0.047 · Oz=— · Red=0.04604378376 · manos=ON · pos=LONG 1496@0.05011327 · latido=1.50s
[RANGO] autosello ZKP · ACECHANDO · Oz=0.0 link=— · manos_feria_informe.json
[RANGO] ZKPUSDT_LINEAL last=0.04697 · río=WS · mercado=linear · estado=ACECHANDO · dir=— · 0=0.047 · Oz=— · Red=0.04604378376 · manos=ON · pos=LONG 1496@0.05011327 · latido=1.50s
[RANGO] autosello ZKP · ACECHANDO · Oz=0.0 link=— · manos_feria_informe.json
[RANGO] ZKPUSDT_LINEAL last=0.04698 · río=WS · mercado=linear · estado=ACECHANDO · dir=— · 0=0.047 · Oz=— · Red=0.04604378376 · manos=ON · pos=LONG 1496@0.05011327 · latido=1.50s
[RANGO] ZKPUSDT_LINEAL last=0.04699 · río=WS · mercado=linear · estado=ACECHANDO · dir=— · 0=0.047 · Oz=— · Red=0.04604378376 · manos=ON · pos=LONG 1496@0.05011327 · latido=1.50s
[RANGO] autosello ZKP · ACECHANDO · Oz=0.0 link=— · manos_feria_informe.json
[RANGO] ZKPUSDT_LINEAL last=0.04695 · río=WS · mercado=linear · estado=ACECHANDO · dir=— · 0=0.047 · Oz=— · Red=0.04604378376 · manos=ON · pos=LONG 1496@0.05011327 · latido=1.50s
[RANGO] autosello ZKP · ACECHANDO · Oz=0.0 link=— · manos_feria_informe.json
[RANGO] ZKPUSDT_LINEAL last=0.04699 · río=WS · mercado=linear · estado=ACECHANDO · dir=— · 0=0.047 · Oz=— · Red=0.04604378376 · manos=ON · pos=LONG 1496@0.05011327 · latido=1.50s
[RANGO] ZKPUSDT_LINEAL last=0.04694 · río=ciego/muleta · mercado=linear · estado=ACECHANDO · dir=— · 0=0.047 · Oz=— · Red=0.04604378376 · manos=ON · pos=LONG 1496@0.05011327 · latido=1.50s
[RANGO] autosello ZKP · ACECHANDO · Oz=0.0 link=— · manos_feria_informe.json
[2026-08-31 09:54:42] [TUSK] RECONCILIACIÓN: POWERUSDT_LINEAL: interno L:0.000000/S:516.000000 -> real L:0.000000/S:645.000000
[2026-08-31 09:54:42] [TUSK] RECONCILIACIÓN_OK: 1 frentes alineados con exchange
[RANGO] ZKPUSDT_LINEAL last=0.04697 · río=WS · mercado=linear · estado=ACECHANDO · dir=— · 0=0.047 · Oz=— · Red=0.04604378376 · manos=ON · pos=LONG 1496@0.05011327 · latido=1.50s
[RANGO] autosello ZKP · ACECHANDO · Oz=0.0 link=— · manos_feria_informe.json
[RANGO] ZKPUSDT_LINEAL last=0.04694 · río=ciego/muleta · mercado=linear · estado=ACECHANDO · dir=— · 0=0.047 · Oz=— · Red=0.04604378376 · manos=ON · pos=LONG 1496@0.05011327 · latido=1.50s
[RANGO] ZKPUSDT_LINEAL last=0.04694 · río=ciego/muleta · mercado=linear · estado=ACECHANDO · dir=— · 0=0.047 · Oz=— · Red=0.04604378376 · manos=ON · pos=LONG 1496@0.05011327 · latido=1.50s
[RANGO] autosello ZKP · ACECHANDO · Oz=0.0 link=— · manos_feria_informe.json
[RANGO] ZKPUSDT_LINEAL last=0.04701 · río=WS · mercado=linear · estado=ACECHANDO · dir=— · 0=0.047 · Oz=— · Red=0.04604378376 · manos=ON · pos=LONG 1496@0.05011327 · latido=1.50s
[RANGO] autosello ZKP · ACECHANDO · Oz=0.0 link=— · manos_feria_informe.json
[RANGO] ZKPUSDT_LINEAL last=0.04703 · río=WS · mercado=linear · estado=ACECHANDO · dir=— · 0=0.047 · Oz=— · Red=0.04604378376 · manos=ON · pos=LONG 1496@0.05011327 · latido=1.50s
[RANGO] ZKPUSDT_LINEAL last=0.04702 · río=WS · mercado=linear · estado=ACECHANDO · dir=— · 0=0.047 · Oz=— · Red=0.04604378376 · manos=ON · pos=LONG 1496@0.05011327 · latido=1.50s
[RANGO] autosello ZKP · ACECHANDO · Oz=0.0 link=— · manos_feria_informe.json
[2026-08-31 09:55:43] [TUSK] RECONCILIACIÓN: SNXXUSDT_LINEAL: interno L:6.470000/S:0.000000 -> real L:6.850000/S:0.000000
[2026-08-31 09:55:43] [TUSK] RECONCILIACIÓN_OK: 1 frentes alineados con exchange
[RANGO] ZKPUSDT_LINEAL last=0.04706 · río=WS · mercado=linear · estado=ACECHANDO · dir=— · 0=0.047 · Oz=— · Red=0.04604378376 · manos=ON · pos=LONG 1496@0.05011327 · latido=1.50s
[RANGO] autosello ZKP · ACECHANDO · Oz=0.0 link=— · manos_feria_informe.json
[RANGO] ZKPUSDT_LINEAL last=0.04706 · río=WS · mercado=linear · estado=ACECHANDO · dir=— · 0=0.047 · Oz=— · Red=0.04604378376 · manos=ON · pos=LONG 1496@0.05011327 · latido=1.50s
[RANGO] autosello ZKP · ACECHANDO · Oz=0.0 link=— · manos_feria_informe.json
[RANGO] ZKPUSDT_LINEAL last=0.04707 · río=WS · mercado=linear · estado=ACECHANDO · dir=— · 0=0.047 · Oz=— · Red=0.04604378376 · manos=ON · pos=LONG 1496@0.05011327 · latido=1.50s
[RANGO] ZKPUSDT_LINEAL last=0.0471 · río=WS · mercado=linear · estado=ACECHANDO · dir=— · 0=0.047 · Oz=— · Red=0.04604378376 · manos=ON · pos=LONG 1496@0.05011327 · latido=1.50s
[RANGO] autosello ZKP · ACECHANDO · Oz=0.0 link=— · manos_feria_informe.json
[RANGO] ZKPUSDT_LINEAL last=0.04705 · río=WS · mercado=linear · estado=ACECHANDO · dir=— · 0=0.047 · Oz=— · Red=0.04604378376 · manos=ON · pos=LONG 1496@0.05011327 · latido=1.50s
[RANGO] autosello ZKP · ACECHANDO · Oz=0.0 link=— · manos_feria_informe.json
[RANGO] ZKPUSDT_LINEAL last=0.04703 · río=WS · mercado=linear · estado=ACECHANDO · dir=— · 0=0.047 · Oz=— · Red=0.04604378376 · manos=ON · pos=LONG 1496@0.05011327 · latido=1.50s
[2026-08-31 09:56:45] [TUSK] RECONCILIACIÓN: POWERUSDT_LINEAL: interno L:0.000000/S:645.000000 -> real L:0.000000/S:590.000000
[2026-08-31 09:56:45] [TUSK] RECONCILIACIÓN: ROSEUSDT_LINEAL: interno L:0.000000/S:0.000000 -> real L:0.000000/S:2258.000000
[2026-08-31 09:56:45] [TUSK] RECONCILIACIÓN_FANTASMA: LITUSDT_LINEAL existe interno pero no en exchange -> reseteando
[2026-08-31 09:56:45] [TUSK] RECONCILIACIÓN_OK: 3 frentes alineados con exchange
[RANGO] ZKPUSDT_LINEAL last=0.04699 · río=WS · mercado=linear · estado=ACECHANDO · dir=— · 0=0.047 · Oz=— · Red=0.04604378376 · manos=ON · pos=LONG 1496@0.05011327 · latido=1.50s
[RANGO] autosello ZKP · ACECHANDO · Oz=0.0 link=— · manos_feria_informe.json
[RANGO] ZKPUSDT_LINEAL last=0.047 · río=WS · mercado=linear · estado=ACECHANDO · dir=— · 0=0.047 · Oz=— · Red=0.04604378376 · manos=ON · pos=LONG 1496@0.05011327 · latido=1.50s
[RANGO] autosello ZKP · ACECHANDO · Oz=0.0 link=— · manos_feria_informe.json
[RANGO] ZKPUSDT_LINEAL last=0.04701 · río=WS · mercado=linear · estado=ACECHANDO · dir=— · 0=0.047 · Oz=— · Red=0.04604378376 · manos=ON · pos=LONG 1496@0.05011327 · latido=1.50s
[RANGO] ZKPUSDT_LINEAL last=0.04699 · río=WS · mercado=linear · estado=ACECHANDO · dir=— · 0=0.047 · Oz=— · Red=0.04604378376 · manos=ON · pos=LONG 1496@0.05011327 · latido=1.50s
[RANGO] autosello ZKP · ACECHANDO · Oz=0.0 link=— · manos_feria_informe.json
[RANGO] ZKPUSDT_LINEAL last=0.04699 · río=WS · mercado=linear · estado=ACECHANDO · dir=— · 0=0.047 · Oz=— · Red=0.04604378376 · manos=ON · pos=LONG 1496@0.05011327 · latido=1.50s
[RANGO] autosello ZKP · ACECHANDO · Oz=0.0 link=— · manos_feria_informe.json
[RANGO] ZKPUSDT_LINEAL last=0.04692 · río=WS · mercado=linear · estado=ACECHANDO · dir=— · 0=0.047 · Oz=— · Red=0.04604378376 · manos=ON · pos=LONG 1496@0.05011327 · latido=1.50s
[2026-08-31 09:57:46] [TUSK] RECONCILIACIÓN: INTWUSDT_LINEAL: interno L:0.000000/S:0.000000 -> real L:2.680000/S:0.000000
[2026-08-31 09:57:46] [TUSK] RECONCILIACIÓN_FANTASMA: CHIPUSDT_LINEAL existe interno pero no en exchange -> reseteando
[2026-08-31 09:57:46] [TUSK] RECONCILIACIÓN_OK: 2 frentes alineados con exchange
[RANGO] ZKPUSDT_LINEAL last=0.04698 · río=ciego/muleta · mercado=linear · estado=ACECHANDO · dir=— · 0=0.047 · Oz=— · Red=0.04604378376 · manos=ON · pos=LONG 1496@0.05011327 · latido=1.50s
[RANGO] autosello ZKP · ACECHANDO · Oz=0.0 link=— · manos_feria_informe.json
[RANGO] ZKPUSDT_LINEAL last=0.04699 · río=WS · mercado=linear · estado=ACECHANDO · dir=— · 0=0.047 · Oz=— · Red=0.04604378376 · manos=ON · pos=LONG 1496@0.05011327 · latido=1.50s
[RANGO] autosello ZKP · ACECHANDO · Oz=0.0 link=— · manos_feria_informe.json
[RANGO] ZKPUSDT_LINEAL last=0.04701 · río=WS · mercado=linear · estado=ACECHANDO · dir=— · 0=0.047 · Oz=— · Red=0.04604378376 · manos=ON · pos=LONG 1496@0.05011327 · latido=1.50s
[RANGO] ZKPUSDT_LINEAL last=0.04704 · río=ciego/muleta · mercado=linear · estado=ACECHANDO · dir=— · 0=0.047 · Oz=— · Red=0.04604378376 · manos=ON · pos=LONG 1496@0.05011327 · latido=1.50s
[RANGO] autosello ZKP · ACECHANDO · Oz=0.0 link=— · manos_feria_informe.json
[RANGO] ZKPUSDT_LINEAL last=0.04704 · río=ciego/muleta · mercado=linear · estado=ACECHANDO · dir=— · 0=0.047 · Oz=— · Red=0.04604378376 · manos=ON · pos=LONG 1496@0.05011327 · latido=1.50s
[RANGO] autosello ZKP · ACECHANDO · Oz=0.0 link=— · manos_feria_informe.json
[RANGO] ZKPUSDT_LINEAL last=0.04705 · río=WS · mercado=linear · estado=ACECHANDO · dir=— · 0=0.047 · Oz=— · Red=0.04604378376 · manos=ON · pos=LONG 1496@0.05011327 · latido=1.50s
[2026-08-31 09:58:47] [TUSK] RECONCILIACIÓN: POWERUSDT_LINEAL: interno L:0.000000/S:590.000000 -> real L:0.000000/S:523.000000
[2026-08-31 09:58:47] [TUSK] RECONCILIACIÓN_OK: 1 frentes alineados con exchange
[RANGO] ZKPUSDT_LINEAL last=0.04709 · río=WS · mercado=linear · estado=ACECHANDO · dir=— · 0=0.047 · Oz=— · Red=0.04604378376 · manos=ON · pos=LONG 1496@0.05011327 · latido=1.50s
[RANGO] autosello ZKP · ACECHANDO · Oz=0.0 link=— · manos_feria_informe.json
[RANGO] ZKPUSDT_LINEAL last=0.04707 · río=WS · mercado=linear · estado=ACECHANDO · dir=— · 0=0.047 · Oz=— · Red=0.04604378376 · manos=ON · pos=LONG 1496@0.05011327 · latido=1.50s
[RANGO] autosello ZKP · ACECHANDO · Oz=0.0 link=— · manos_feria_informe.json
[RANGO] ZKPUSDT_LINEAL last=0.04705 · río=ciego/muleta · mercado=linear · estado=ACECHANDO · dir=— · 0=0.047 · Oz=— · Red=0.04604378376 · manos=ON · pos=LONG 1496@0.05011327 · latido=1.50s
[RANGO] ZKPUSDT_LINEAL last=0.04706 · río=WS · mercado=linear · estado=ACECHANDO · dir=— · 0=0.047 · Oz=— · Red=0.04604378376 · manos=ON · pos=LONG 1496@0.05011327 · latido=1.50s
[RANGO] autosello ZKP · ACECHANDO · Oz=0.0 link=— · manos_feria_informe.json
[RANGO] ZKPUSDT_LINEAL last=0.04706 · río=WS · mercado=linear · estado=ACECHANDO · dir=— · 0=0.047 · Oz=— · Red=0.04604378376 · manos=ON · pos=LONG 1496@0.05011327 · latido=1.50s
[RANGO] autosello ZKP · ACECHANDO · Oz=0.0 link=— · manos_feria_informe.json
[RANGO] ZKPUSDT_LINEAL last=0.04701 · río=WS · mercado=linear · estado=ACECHANDO · dir=— · 0=0.047 · Oz=— · Red=0.04604378376 · manos=ON · pos=LONG 1496@0.05011327 · latido=1.50s
[2026-08-31 09:59:48] [TUSK] RECONCILIACIÓN: MVLLUSDT_LINEAL: interno L:0.000000/S:0.000000 -> real L:3.770000/S:0.000000
[2026-08-31 09:59:48] [TUSK] RECONCILIACIÓN_FANTASMA: NILUSDT_LINEAL existe interno pero no en exchange -> reseteando
[2026-08-31 09:59:48] [TUSK] RECONCILIACIÓN_OK: 2 frentes alineados con exchange
[RANGO] ZKPUSDT_LINEAL last=0.04707 · río=WS · mercado=linear · estado=ACECHANDO · dir=— · 0=0.047 · Oz=— · Red=0.04604378376 · manos=ON · pos=LONG 1496@0.05011327 · latido=1.50s
[RANGO] autosello ZKP · ACECHANDO · Oz=0.0 link=— · manos_feria_informe.json
[RANGO] ZKPUSDT_LINEAL last=0.04704 · río=WS · mercado=linear · estado=ACECHANDO · dir=— · 0=0.047 · Oz=— · Red=0.04604378376 · manos=ON · pos=LONG 1496@0.05011327 · latido=1.50s
[RANGO] autosello ZKP · ACECHANDO · Oz=0.0 link=— · manos_feria_informe.json
[RANGO] ZKPUSDT_LINEAL last=0.04702 · río=WS · mercado=linear · estado=ACECHANDO · dir=— · 0=0.047 · Oz=— · Red=0.04604378376 · manos=ON · pos=LONG 1496@0.05011327 · latido=1.50s
[RANGO] ZKPUSDT_LINEAL last=0.04696 · río=WS · mercado=linear · estado=ACECHANDO · dir=— · 0=0.047 · Oz=— · Red=0.04604378376 · manos=ON · pos=LONG 1496@0.05011327 · latido=1.50s
[RANGO] autosello ZKP · ACECHANDO · Oz=0.0 link=— · manos_feria_informe.json
[RANGO] ZKPUSDT_LINEAL last=0.04696 · río=WS · mercado=linear · estado=ACECHANDO · dir=— · 0=0.047 · Oz=— · Red=0.04604378376 · manos=ON · pos=LONG 1496@0.05011327 · latido=1.50s
[RANGO] autosello ZKP · ACECHANDO · Oz=0.0 link=— · manos_feria_informe.json
[RANGO] ZKPUSDT_LINEAL last=0.04695 · río=WS · mercado=linear · estado=ACECHANDO · dir=— · 0=0.047 · Oz=— · Red=0.04604378376 · manos=ON · pos=LONG 1496@0.05011327 · latido=1.50s
[2026-08-31 10:00:49] [TUSK] RECONCILIACIÓN: POWERUSDT_LINEAL: interno L:0.000000/S:523.000000 -> real L:0.000000/S:364.000000
[2026-08-31 10:00:49] [TUSK] RECONCILIACIÓN: KNCUSDT_LINEAL: interno L:0.000000/S:0.000000 -> real L:354.100000/S:0.000000
[2026-08-31 10:00:49] [TUSK] RECONCILIACIÓN: LSKUSDT_LINEAL: interno L:0.000000/S:0.000000 -> real L:94.400000/S:0.000000
[2026-08-31 10:00:49] [TUSK] RECONCILIACIÓN: CRDOUSDT_LINEAL: interno L:0.000000/S:0.000000 -> real L:0.140000/S:0.000000
[2026-08-31 10:00:49] [TUSK] RECONCILIACIÓN: XLMUSDT_LINEAL: interno L:0.000000/S:0.000000 -> real L:334.000000/S:0.000000
[2026-08-31 10:00:49] [TUSK] RECONCILIACIÓN: BATUSDT_LINEAL: interno L:0.000000/S:0.000000 -> real L:277.700000/S:0.000000
[2026-08-31 10:00:49] [TUSK] RECONCILIACIÓN: DASHUSDT_LINEAL: interno L:0.000000/S:0.000000 -> real L:0.000000/S:0.340000
[2026-08-31 10:00:49] [TUSK] RECONCILIACIÓN: SPACEUSDT_LINEAL: interno L:0.000000/S:0.000000 -> real L:3640.000000/S:0.000000
[2026-08-31 10:00:49] [TUSK] RECONCILIACIÓN: HYUNDAIUSDT_LINEAL: interno L:0.000000/S:0.000000 -> real L:0.200000/S:0.000000
[2026-08-31 10:00:49] [TUSK] RECONCILIACIÓN: ORCLUSDT_LINEAL: interno L:0.000000/S:0.000000 -> real L:0.090000/S:0.000000
[2026-08-31 10:00:49] [TUSK] RECONCILIACIÓN: ZBCNUSDT_LINEAL: interno L:0.000000/S:0.000000 -> real L:9700.000000/S:0.000000
[2026-08-31 10:00:50] [TUSK] RECONCILIACIÓN: APLDUSDT_LINEAL: interno L:0.000000/S:0.000000 -> real L:0.880000/S:0.000000
[2026-08-31 10:00:50] [TUSK] RECONCILIACIÓN: WDCUSDT_LINEAL: interno L:0.000000/S:0.000000 -> real L:0.020000/S:0.000000
[2026-08-31 10:00:50] [TUSK] RECONCILIACIÓN: AIGENSYNUSDT_LINEAL: interno L:0.000000/S:0.000000 -> real L:1230.000000/S:0.000000
[2026-08-31 10:00:50] [TUSK] RECONCILIACIÓN: CIENUSDT_LINEAL: interno L:0.000000/S:0.000000 -> real L:0.020000/S:0.000000
[2026-08-31 10:00:50] [TUSK] RECONCILIACIÓN: INTCUSDT_LINEAL: interno L:0.000000/S:0.000000 -> real L:0.130000/S:0.000000
[2026-08-31 10:00:50] [TUSK] RECONCILIACIÓN: SAFEUSDT_LINEAL: interno L:0.000000/S:0.000000 -> real L:0.000000/S:46.600000
[2026-08-31 10:00:50] [TUSK] RECONCILIACIÓN_FANTASMA: SAMSUNGUSDT_LINEAL existe interno pero no en exchange -> reseteando
[2026-08-31 10:00:50] [TUSK] RECONCILIACIÓN_FANTASMA: PLTRUSDT_LINEAL existe interno pero no en exchange -> reseteando
[2026-08-31 10:00:50] [TUSK] RECONCILIACIÓN_FANTASMA: BIOUSDT_LINEAL existe interno pero no en exchange -> reseteando
[2026-08-31 10:00:50] [TUSK] RECONCILIACIÓN_FANTASMA: SNXXUSDT_LINEAL existe interno pero no en exchange -> reseteando
[2026-08-31 10:00:50] [TUSK] RECONCILIACIÓN_FANTASMA: MVLLUSDT_LINEAL existe interno pero no en exchange -> reseteando
[2026-08-31 10:00:50] [TUSK] RECONCILIACIÓN_FANTASMA: NBISUSDT_LINEAL existe interno pero no en exchange -> reseteando
[2026-08-31 10:00:50] [TUSK] RECONCILIACIÓN_FANTASMA: AXTIUSDT_LINEAL existe interno pero no en exchange -> reseteando
[2026-08-31 10:00:50] [TUSK] RECONCILIACIÓN_FANTASMA: ZKPUSDT_LINEAL existe interno pero no en exchange -> reseteando
[2026-08-31 10:00:50] [TUSK] RECONCILIACIÓN_FANTASMA: MSTRUSDT_LINEAL existe interno pero no en exchange -> reseteando
[2026-08-31 10:00:50] [TUSK] RECONCILIACIÓN_FANTASMA: PURRUSDT_LINEAL existe interno pero no en exchange -> reseteando
[2026-08-31 10:00:50] [TUSK] RECONCILIACIÓN_FANTASMA: INTWUSDT_LINEAL existe interno pero no en exchange -> reseteando
[2026-08-31 10:00:50] [TUSK] RECONCILIACIÓN_FANTASMA: MUBARAKUSDT_LINEAL existe interno pero no en exchange -> reseteando
[2026-08-31 10:00:50] [TUSK] RECONCILIACIÓN_FANTASMA: FWDIUSDT_LINEAL existe interno pero no en exchange -> reseteando
[2026-08-31 10:00:50] [TUSK] RECONCILIACIÓN_FANTASMA: SHAZUSDT_LINEAL existe interno pero no en exchange -> reseteando
[2026-08-31 10:00:50] [TUSK] RECONCILIACIÓN_FANTASMA: HYPEUSDT_LINEAL existe interno pero no en exchange -> reseteando
[2026-08-31 10:00:50] [TUSK] RECONCILIACIÓN_FANTASMA: ROSEUSDT_LINEAL existe interno pero no en exchange -> reseteando
[2026-08-31 10:00:50] [TUSK] RECONCILIACIÓN_OK: 33 frentes alineados con exchange
[RANGO] ZKPUSDT_LINEAL last=0.04692 · río=WS · mercado=linear · estado=ACECHANDO · dir=— · 0=0.047 · Oz=— · Red=0.04604378376 · manos=ON · pos=flat · latido=1.50s
[RANGO] autosello ZKP · ACECHANDO · Oz=0.0 link=— · manos_feria_informe.json
[RANGO] ZKPUSDT_LINEAL last=0.04688 · río=WS · mercado=linear · estado=ACECHANDO · dir=— · 0=0.047 · Oz=— · Red=0.04604378376 · manos=ON · pos=flat · latido=1.50s
[RANGO] autosello ZKP · ACECHANDO · Oz=0.0 link=— · manos_feria_informe.json
[RANGO] ZKPUSDT_LINEAL last=0.04688 · río=WS · mercado=linear · estado=ACECHANDO · dir=— · 0=0.047 · Oz=— · Red=0.04604378376 · manos=ON · pos=flat · latido=1.50s
[RANGO] ZKPUSDT_LINEAL last=0.04689 · río=WS · mercado=linear · estado=ACECHANDO · dir=— · 0=0.047 · Oz=— · Red=0.04604378376 · manos=ON · pos=flat · latido=1.50s
[RANGO] autosello ZKP · ACECHANDO · Oz=0.0 link=— · manos_feria_informe.json
[RANGO] ZKPUSDT_LINEAL last=0.04689 · río=WS · mercado=linear · estado=ACECHANDO · dir=— · 0=0.047 · Oz=— · Red=0.04604378376 · manos=ON · pos=flat · latido=1.50s
[RANGO] autosello ZKP · ACECHANDO · Oz=0.0 link=— · manos_feria_informe.json
[RANGO] ZKPUSDT_LINEAL last=0.04689 · río=WS · mercado=linear · estado=ACECHANDO · dir=— · 0=0.047 · Oz=— · Red=0.04604378376 · manos=ON · pos=flat · latido=1.50s
[RANGO] ZKPUSDT_LINEAL last=0.0469 · río=WS · mercado=linear · estado=ACECHANDO · dir=— · 0=0.047 · Oz=— · Red=0.04604378376 · manos=ON · pos=flat · latido=1.50s
[RANGO] autosello ZKP · ACECHANDO · Oz=0.0 link=— · manos_feria_informe.json
[RANGO] ZKPUSDT_LINEAL last=0.04691 · río=WS · mercado=linear · estado=ACECHANDO · dir=— · 0=0.047 · Oz=— · Red=0.04604378376 · manos=ON · pos=flat · latido=1.50s
[RANGO] autosello ZKP · ACECHANDO · Oz=0.0 link=— · manos_feria_informe.json
[RANGO] ZKPUSDT_LINEAL last=0.04698 · río=WS · mercado=linear · estado=ACECHANDO · dir=— · 0=0.047 · Oz=— · Red=0.04604378376 · manos=ON · pos=flat · latido=1.50s
[RANGO] ZKPUSDT_LINEAL last=0.04704 · río=WS · mercado=linear · estado=ACECHANDO · dir=— · 0=0.047 · Oz=— · Red=0.04604378376 · manos=ON · pos=flat · latido=1.50s
[RANGO] autosello ZKP · ACECHANDO · Oz=0.0 link=— · manos_feria_informe.json
[RANGO] ZKPUSDT_LINEAL last=0.04706 · río=WS · mercado=linear · estado=ACECHANDO · dir=— · 0=0.047 · Oz=— · Red=0.04604378376 · manos=ON · pos=flat · latido=1.50s
[RANGO] autosello ZKP · ACECHANDO · Oz=0.0 link=— · manos_feria_informe.json
[RANGO] ZKPUSDT_LINEAL last=0.047 · río=WS · mercado=linear · estado=ACECHANDO · dir=— · 0=0.047 · Oz=— · Red=0.04604378376 · manos=ON · pos=flat · latido=1.50s
[2026-08-31 10:02:52] [TUSK] RECONCILIACIÓN: NBISUSDT_LINEAL: interno L:0.000000/S:0.000000 -> real L:0.000000/S:0.050000
[2026-08-31 10:02:52] [TUSK] RECONCILIACIÓN: RDWUSDT_LINEAL: interno L:0.000000/S:0.000000 -> real L:0.700000/S:0.000000
[2026-08-31 10:02:52] [TUSK] RECONCILIACIÓN_FANTASMA: INTCUSDT_LINEAL existe interno pero no en exchange -> reseteando
[2026-08-31 10:02:52] [TUSK] RECONCILIACIÓN_FANTASMA: SAFEUSDT_LINEAL existe interno pero no en exchange -> reseteando
[2026-08-31 10:02:52] [TUSK] RECONCILIACIÓN_OK: 4 frentes alineados con exchange
[RANGO] ZKPUSDT_LINEAL last=0.04701 · río=WS · mercado=linear · estado=ACECHANDO · dir=— · 0=0.047 · Oz=— · Red=0.04604378376 · manos=ON · pos=flat · latido=1.50s
[RANGO] autosello ZKP · ACECHANDO · Oz=0.0 link=— · manos_feria_informe.json
[RANGO] ZKPUSDT_LINEAL last=0.047 · río=WS · mercado=linear · estado=ACECHANDO · dir=— · 0=0.047 · Oz=— · Red=0.04604378376 · manos=ON · pos=flat · latido=1.50s
[RANGO] autosello ZKP · ACECHANDO · Oz=0.0 link=— · manos_feria_informe.json
[RANGO] ZKPUSDT_LINEAL last=0.04702 · río=WS · mercado=linear · estado=ACECHANDO · dir=— · 0=0.047 · Oz=— · Red=0.04604378376 · manos=ON · pos=flat · latido=1.50s
[RANGO] ZKPUSDT_LINEAL last=0.04702 · río=WS · mercado=linear · estado=ACECHANDO · dir=— · 0=0.047 · Oz=— · Red=0.04604378376 · manos=ON · pos=flat · latido=1.50s
[RANGO] autosello ZKP · ACECHANDO · Oz=0.0 link=— · manos_feria_informe.json
[RANGO] ZKPUSDT_LINEAL last=0.0471 · río=WS · mercado=linear · estado=ACECHANDO · dir=— · 0=0.047 · Oz=— · Red=0.04604378376 · manos=ON · pos=flat · latido=1.50s
[RANGO] autosello ZKP · ACECHANDO · Oz=0.0 link=— · manos_feria_informe.json
[RANGO] ZKPUSDT_LINEAL last=0.04702 · río=WS · mercado=linear · estado=ACECHANDO · dir=— · 0=0.047 · Oz=— · Red=0.04604378376 · manos=ON · pos=flat · latido=1.50s
[2026-08-31 10:03:53] [TUSK] RECONCILIACIÓN: FWDIUSDT_LINEAL: interno L:0.000000/S:0.000000 -> real L:0.000000/S:5.100000
[2026-08-31 10:03:53] [TUSK] RECONCILIACIÓN_FANTASMA: CIENUSDT_LINEAL existe interno pero no en exchange -> reseteando
[2026-08-31 10:03:53] [TUSK] RECONCILIACIÓN_OK: 2 frentes alineados con exchange
[RANGO] ZKPUSDT_LINEAL last=0.047 · río=WS · mercado=linear · estado=ACECHANDO · dir=— · 0=0.047 · Oz=— · Red=0.04604378376 · manos=ON · pos=flat · latido=1.50s
[RANGO] autosello ZKP · ACECHANDO · Oz=0.0 link=— · manos_feria_informe.json
[RANGO] ZKPUSDT_LINEAL last=0.04696 · río=WS · mercado=linear · estado=ACECHANDO · dir=— · 0=0.047 · Oz=— · Red=0.04604378376 · manos=ON · pos=flat · latido=1.50s
[RANGO] autosello ZKP · ACECHANDO · Oz=0.0 link=— · manos_feria_informe.json
[RANGO] ZKPUSDT_LINEAL last=0.04693 · río=WS · mercado=linear · estado=ACECHANDO · dir=— · 0=0.047 · Oz=— · Red=0.04604378376 · manos=ON · pos=flat · latido=1.50s
[RANGO] ZKPUSDT_LINEAL last=0.04698 · río=WS · mercado=linear · estado=ACECHANDO · dir=— · 0=0.047 · Oz=— · Red=0.04604378376 · manos=ON · pos=flat · latido=1.50s
[RANGO] autosello ZKP · ACECHANDO · Oz=0.0 link=— · manos_feria_informe.json
[RANGO] ZKPUSDT_LINEAL last=0.04695 · río=WS · mercado=linear · estado=ACECHANDO · dir=— · 0=0.047 · Oz=— · Red=0.04604378376 · manos=ON · pos=flat · latido=1.50s
[RANGO] autosello ZKP · ACECHANDO · Oz=0.0 link=— · manos_feria_informe.json
[RANGO] ZKPUSDT_LINEAL last=0.04688 · río=WS · mercado=linear · estado=ACECHANDO · dir=— · 0=0.047 · Oz=— · Red=0.04604378376 · manos=ON · pos=flat · latido=1.50s
[RANGO] ZKPUSDT_LINEAL last=0.04683 · río=WS · mercado=linear · estado=ACECHANDO · dir=— · 0=0.047 · Oz=— · Red=0.04604378376 · manos=ON · pos=flat · latido=1.50s
[2026-08-31 10:04:54] [TUSK] RECONCILIACIÓN: PLTRUSDT_LINEAL: interno L:0.000000/S:0.000000 -> real L:0.030000/S:0.000000
[2026-08-31 10:04:54] [TUSK] RECONCILIACIÓN_FANTASMA: AIGENSYNUSDT_LINEAL existe interno pero no en exchange -> reseteando
[2026-08-31 10:04:54] [TUSK] RECONCILIACIÓN_OK: 2 frentes alineados con exchange
[RANGO] autosello ZKP · ACECHANDO · Oz=0.0 link=— · manos_feria_informe.json
[RANGO] ZKPUSDT_LINEAL last=0.04681 · río=WS · mercado=linear · estado=ACECHANDO · dir=— · 0=0.047 · Oz=— · Red=0.04604378376 · manos=ON · pos=flat · latido=1.50s
[RANGO] autosello ZKP · ACECHANDO · Oz=0.0 link=— · manos_feria_informe.json
[RANGO] ZKPUSDT_LINEAL last=0.0468 · río=WS · mercado=linear · estado=ACECHANDO · dir=— · 0=0.047 · Oz=— · Red=0.04604378376 · manos=ON · pos=flat · latido=1.50s
[RANGO] ZKPUSDT_LINEAL last=0.04682 · río=WS · mercado=linear · estado=ACECHANDO · dir=— · 0=0.047 · Oz=— · Red=0.04604378376 · manos=ON · pos=flat · latido=1.50s
[RANGO] autosello ZKP · ACECHANDO · Oz=0.0 link=— · manos_feria_informe.json
[RANGO] ZKPUSDT_LINEAL last=0.0468 · río=WS · mercado=linear · estado=ACECHANDO · dir=— · 0=0.047 · Oz=— · Red=0.04604378376 · manos=ON · pos=flat · latido=1.50s
[RANGO] autosello ZKP · ACECHANDO · Oz=0.0 link=— · manos_feria_informe.json
[RANGO] ZKPUSDT_LINEAL last=0.04679 · río=WS · mercado=linear · estado=ACECHANDO · dir=— · 0=0.047 · Oz=— · Red=0.04604378376 · manos=ON · pos=flat · latido=1.50s
[RANGO] ZKPUSDT_LINEAL last=0.04676 · río=WS · mercado=linear · estado=ACECHANDO · dir=— · 0=0.047 · Oz=— · Red=0.04604378376 · manos=ON · pos=flat · latido=1.50s
[2026-08-31 10:05:55] [TUSK] RECONCILIACIÓN: TWTUSDT_LINEAL: interno L:0.000000/S:0.000000 -> real L:48.800000/S:0.000000
[2026-08-31 10:05:55] [TUSK] RECONCILIACIÓN: ZEREBROUSDT_LINEAL: interno L:0.000000/S:0.000000 -> real L:0.000000/S:556.000000
[2026-08-31 10:05:55] [TUSK] RECONCILIACIÓN: NILUSDT_LINEAL: interno L:0.000000/S:0.000000 -> real L:222.000000/S:0.000000
[2026-08-31 10:05:55] [TUSK] RECONCILIACIÓN: KORUUSDT_LINEAL: interno L:0.000000/S:0.000000 -> real L:0.000000/S:4.620000
[2026-08-31 10:05:55] [TUSK] RECONCILIACIÓN_FANTASMA: WDCUSDT_LINEAL existe interno pero no en exchange -> reseteando
[2026-08-31 10:05:55] [TUSK] RECONCILIACIÓN_FANTASMA: ZBCNUSDT_LINEAL existe interno pero no en exchange -> reseteando
[2026-08-31 10:05:55] [TUSK] RECONCILIACIÓN_FANTASMA: SYRUPUSDT_LINEAL existe interno pero no en exchange -> reseteando
[2026-08-31 10:05:56] [TUSK] RECONCILIACIÓN_FANTASMA: APLDUSDT_LINEAL existe interno pero no en exchange -> reseteando
[2026-08-31 10:05:56] [TUSK] RECONCILIACIÓN_OK: 8 frentes alineados con exchange
[RANGO] autosello ZKP · ACECHANDO · Oz=0.0 link=— · manos_feria_informe.json
[RANGO] ZKPUSDT_LINEAL last=0.04674 · río=WS · mercado=linear · estado=ACECHANDO · dir=— · 0=0.047 · Oz=— · Red=0.04604378376 · manos=ON · pos=flat · latido=1.50s
[RANGO] autosello ZKP · ACECHANDO · Oz=0.0 link=— · manos_feria_informe.json
[RANGO] ZKPUSDT_LINEAL last=0.04676 · río=WS · mercado=linear · estado=ACECHANDO · dir=— · 0=0.047 · Oz=— · Red=0.04604378376 · manos=ON · pos=flat · latido=1.50s
[RANGO] ZKPUSDT_LINEAL last=0.04675 · río=WS · mercado=linear · estado=ACECHANDO · dir=— · 0=0.047 · Oz=— · Red=0.04604378376 · manos=ON · pos=flat · latido=1.50s
[RANGO] autosello ZKP · ACECHANDO · Oz=0.0 link=— · manos_feria_informe.json
[RANGO] ZKPUSDT_LINEAL last=0.0468 · río=WS · mercado=linear · estado=ACECHANDO · dir=— · 0=0.047 · Oz=— · Red=0.04604378376 · manos=ON · pos=flat · latido=1.50s
[RANGO] autosello ZKP · ACECHANDO · Oz=0.0 link=— · manos_feria_informe.json
[RANGO] ZKPUSDT_LINEAL last=0.04681 · río=WS · mercado=linear · estado=ACECHANDO · dir=— · 0=0.047 · Oz=— · Red=0.04604378376 · manos=ON · pos=flat · latido=1.50s
[RANGO] ZKPUSDT_LINEAL last=0.0468 · río=WS · mercado=linear · estado=ACECHANDO · dir=— · 0=0.047 · Oz=— · Red=0.04604378376 · manos=ON · pos=flat · latido=1.50s
[RANGO] autosello ZKP · ACECHANDO · Oz=0.0 link=— · manos_feria_informe.json
[RANGO] ZKPUSDT_LINEAL last=0.04681 · río=WS · mercado=linear · estado=ACECHANDO · dir=— · 0=0.047 · Oz=— · Red=0.04604378376 · manos=ON · pos=flat · latido=1.50s
[RANGO] autosello ZKP · ACECHANDO · Oz=0.0 link=— · manos_feria_informe.json
[RANGO] ZKPUSDT_LINEAL last=0.0468 · río=WS · mercado=linear · estado=ACECHANDO · dir=— · 0=0.047 · Oz=— · Red=0.04604378376 · manos=ON · pos=flat · latido=1.50s
[RANGO] ZKPUSDT_LINEAL last=0.04689 · río=WS · mercado=linear · estado=ACECHANDO · dir=— · 0=0.047 · Oz=— · Red=0.04604378376 · manos=ON · pos=flat · latido=1.50s
[RANGO] autosello ZKP · ACECHANDO · Oz=0.0 link=— · manos_feria_informe.json
[RANGO] ZKPUSDT_LINEAL last=0.04681 · río=WS · mercado=linear · estado=ACECHANDO · dir=— · 0=0.047 · Oz=— · Red=0.04604378376 · manos=ON · pos=flat · latido=1.50s
[RANGO] autosello ZKP · ACECHANDO · Oz=0.0 link=— · manos_feria_informe.json
[RANGO] ZKPUSDT_LINEAL last=0.04679 · río=WS · mercado=linear · estado=ACECHANDO · dir=— · 0=0.047 · Oz=— · Red=0.04604378376 · manos=ON · pos=flat · latido=1.50s
[RANGO] ZKPUSDT_LINEAL last=0.04674 · río=WS · mercado=linear · estado=ACECHANDO · dir=— · 0=0.047 · Oz=— · Red=0.04604378376 · manos=ON · pos=flat · latido=1.50s
[RANGO] autosello ZKP · ACECHANDO · Oz=0.0 link=— · manos_feria_informe.json
[RANGO] ZKPUSDT_LINEAL last=0.0467 · río=WS · mercado=linear · estado=ACECHANDO · dir=— · 0=0.047 · Oz=— · Red=0.04604378376 · manos=ON · pos=flat · latido=1.50s
[RANGO] autosello ZKP · ACECHANDO · Oz=0.0 link=— · manos_feria_informe.json
[RANGO] ZKPUSDT_LINEAL last=0.04674 · río=WS · mercado=linear · estado=ACECHANDO · dir=— · 0=0.047 · Oz=— · Red=0.04604378376 · manos=ON · pos=flat · latido=1.50s
[RANGO] ZKPUSDT_LINEAL last=0.0468 · río=WS · mercado=linear · estado=ACECHANDO · dir=— · 0=0.047 · Oz=— · Red=0.04604378376 · manos=ON · pos=flat · latido=1.50s
[RANGO] autosello ZKP · ACECHANDO · Oz=0.0 link=— · manos_feria_informe.json
[RANGO] ZKPUSDT_LINEAL last=0.04678 · río=WS · mercado=linear · estado=ACECHANDO · dir=— · 0=0.047 · Oz=— · Red=0.04604378376 · manos=ON · pos=flat · latido=1.50s
[RANGO] autosello ZKP · ACECHANDO · Oz=0.0 link=— · manos_feria_informe.json
[RANGO] ZKPUSDT_LINEAL last=0.04674 · río=WS · mercado=linear · estado=ACECHANDO · dir=— · 0=0.047 · Oz=— · Red=0.04604378376 · manos=ON · pos=flat · latido=1.50s
[RANGO] ZKPUSDT_LINEAL last=0.04674 · río=WS · mercado=linear · estado=ACECHANDO · dir=— · 0=0.047 · Oz=— · Red=0.04604378376 · manos=ON · pos=flat · latido=1.50s
[RANGO] autosello ZKP · ACECHANDO · Oz=0.0 link=— · manos_feria_informe.json
[2026-08-31 10:08:59] [TUSK] RECONCILIACIÓN: XANUSDT_LINEAL: interno L:0.000000/S:982.000000 -> real L:0.000000/S:542.000000
[2026-08-31 10:08:59] [TUSK] RECONCILIACIÓN: SNXXUSDT_LINEAL: interno L:0.000000/S:0.000000 -> real L:7.610000/S:0.000000
[2026-08-31 10:08:59] [TUSK] RECONCILIACIÓN: POWERUSDT_LINEAL: interno L:0.000000/S:364.000000 -> real L:0.000000/S:307.000000
[2026-08-31 10:08:59] [TUSK] RECONCILIACIÓN_FANTASMA: ORCLUSDT_LINEAL existe interno pero no en exchange -> reseteando
[2026-08-31 10:08:59] [TUSK] RECONCILIACIÓN_OK: 4 frentes alineados con exchange
[RANGO] ZKPUSDT_LINEAL last=0.04674 · río=WS · mercado=linear · estado=ACECHANDO · dir=— · 0=0.047 · Oz=— · Red=0.04604378376 · manos=ON · pos=flat · latido=1.50s
[RANGO] autosello ZKP · ACECHANDO · Oz=0.0 link=— · manos_feria_informe.json
[RANGO] ZKPUSDT_LINEAL last=0.04677 · río=WS · mercado=linear · estado=ACECHANDO · dir=— · 0=0.047 · Oz=— · Red=0.04604378376 · manos=ON · pos=flat · latido=1.50s
[RANGO] ZKPUSDT_LINEAL last=0.04679 · río=WS · mercado=linear · estado=ACECHANDO · dir=— · 0=0.047 · Oz=— · Red=0.04604378376 · manos=ON · pos=flat · latido=1.50s
[RANGO] autosello ZKP · ACECHANDO · Oz=0.0 link=— · manos_feria_informe.json
[RANGO] ZKPUSDT_LINEAL last=0.04679 · río=WS · mercado=linear · estado=ACECHANDO · dir=— · 0=0.047 · Oz=— · Red=0.04604378376 · manos=ON · pos=flat · latido=1.50s
[RANGO] autosello ZKP · ACECHANDO · Oz=0.0 link=— · manos_feria_informe.json
[RANGO] ZKPUSDT_LINEAL last=0.04676 · río=WS · mercado=linear · estado=ACECHANDO · dir=— · 0=0.047 · Oz=— · Red=0.04604378376 · manos=ON · pos=flat · latido=1.50s
[RANGO] ZKPUSDT_LINEAL last=0.04677 · río=WS · mercado=linear · estado=ACECHANDO · dir=— · 0=0.047 · Oz=— · Red=0.04604378376 · manos=ON · pos=flat · latido=1.50s
[RANGO] autosello ZKP · ACECHANDO · Oz=0.0 link=— · manos_feria_informe.json
[2026-08-31 10:10:01] [TUSK] RECONCILIACIÓN: CHIPUSDT_LINEAL: interno L:0.000000/S:0.000000 -> real L:390.000000/S:0.000000
[2026-08-31 10:10:01] [TUSK] RECONCILIACIÓN: AXTIUSDT_LINEAL: interno L:0.000000/S:0.000000 -> real L:1.690000/S:0.000000
[2026-08-31 10:10:01] [TUSK] RECONCILIACIÓN_FANTASMA: SPACEUSDT_LINEAL existe interno pero no en exchange -> reseteando
[2026-08-31 10:10:01] [TUSK] RECONCILIACIÓN_FANTASMA: HYUNDAIUSDT_LINEAL existe interno pero no en exchange -> reseteando
[2026-08-31 10:10:01] [TUSK] RECONCILIACIÓN_OK: 4 frentes alineados con exchange
[RANGO] ZKPUSDT_LINEAL last=0.0468 · río=WS · mercado=linear · estado=ACECHANDO · dir=— · 0=0.047 · Oz=— · Red=0.04604378376 · manos=ON · pos=flat · latido=1.50s
[RANGO] autosello ZKP · ACECHANDO · Oz=0.0 link=— · manos_feria_informe.json
[RANGO] ZKPUSDT_LINEAL last=0.04671 · río=WS · mercado=linear · estado=ACECHANDO · dir=— · 0=0.047 · Oz=— · Red=0.04604378376 · manos=ON · pos=flat · latido=1.50s
[RANGO] ZKPUSDT_LINEAL last=0.04676 · río=WS · mercado=linear · estado=ACECHANDO · dir=— · 0=0.047 · Oz=— · Red=0.04604378376 · manos=ON · pos=flat · latido=1.50s
[RANGO] autosello ZKP · ACECHANDO · Oz=0.0 link=— · manos_feria_informe.json
[RANGO] ZKPUSDT_LINEAL last=0.04679 · río=WS · mercado=linear · estado=ACECHANDO · dir=— · 0=0.047 · Oz=— · Red=0.04604378376 · manos=ON · pos=flat · latido=1.50s
[RANGO] autosello ZKP · ACECHANDO · Oz=0.0 link=— · manos_feria_informe.json
[RANGO] ZKPUSDT_LINEAL last=0.04682 · río=WS · mercado=linear · estado=ACECHANDO · dir=— · 0=0.047 · Oz=— · Red=0.04604378376 · manos=ON · pos=flat · latido=1.50s
[RANGO] ZKPUSDT_LINEAL last=0.04681 · río=WS · mercado=linear · estado=ACECHANDO · dir=— · 0=0.047 · Oz=— · Red=0.04604378376 · manos=ON · pos=flat · latido=1.50s
[RANGO] autosello ZKP · ACECHANDO · Oz=0.0 link=— · manos_feria_informe.json
[2026-08-31 10:11:02] [TUSK] RECONCILIACIÓN: ZEREBROUSDT_LINEAL: interno L:0.000000/S:556.000000 -> real L:0.000000/S:686.000000
[2026-08-31 10:11:02] [TUSK] RECONCILIACIÓN: VVVUSDT_LINEAL: interno L:0.000000/S:0.000000 -> real L:2.880000/S:0.000000
[2026-08-31 10:11:02] [TUSK] RECONCILIACIÓN_FANTASMA: DASHUSDT_LINEAL existe interno pero no en exchange -> reseteando
[2026-08-31 10:11:02] [TUSK] RECONCILIACIÓN_OK: 3 frentes alineados con exchange
[RANGO] ZKPUSDT_LINEAL last=0.04682 · río=WS · mercado=linear · estado=ACECHANDO · dir=— · 0=0.047 · Oz=— · Red=0.04604378376 · manos=ON · pos=flat · latido=1.50s
[RANGO] autosello ZKP · ACECHANDO · Oz=0.0 link=— · manos_feria_informe.json
[RANGO] ZKPUSDT_LINEAL last=0.04681 · río=WS · mercado=linear · estado=ACECHANDO · dir=— · 0=0.047 · Oz=— · Red=0.04604378376 · manos=ON · pos=flat · latido=1.50s
[RANGO] ZKPUSDT_LINEAL last=0.04685 · río=WS · mercado=linear · estado=ACECHANDO · dir=— · 0=0.047 · Oz=— · Red=0.04604378376 · manos=ON · pos=flat · latido=1.50s
[RANGO] autosello ZKP · ACECHANDO · Oz=0.0 link=— · manos_feria_informe.json
[RANGO] ZKPUSDT_LINEAL last=0.04683 · río=WS · mercado=linear · estado=ACECHANDO · dir=— · 0=0.047 · Oz=— · Red=0.04604378376 · manos=ON · pos=flat · latido=1.50s
[RANGO] autosello ZKP · ACECHANDO · Oz=0.0 link=— · manos_feria_informe.json
[RANGO] ZKPUSDT_LINEAL last=0.04683 · río=WS · mercado=linear · estado=ACECHANDO · dir=— · 0=0.047 · Oz=— · Red=0.04604378376 · manos=ON · pos=flat · latido=1.50s
[RANGO] ZKPUSDT_LINEAL last=0.04683 · río=WS · mercado=linear · estado=ACECHANDO · dir=— · 0=0.047 · Oz=— · Red=0.04604378376 · manos=ON · pos=flat · latido=1.50s
[RANGO] autosello ZKP · ACECHANDO · Oz=0.0 link=— · manos_feria_informe.json
[RANGO] ZKPUSDT_LINEAL last=0.04698 · río=WS · mercado=linear · estado=ACECHANDO · dir=— · 0=0.047 · Oz=— · Red=0.04604378376 · manos=ON · pos=flat · latido=1.50s
[RANGO] autosello ZKP · ACECHANDO · Oz=0.0 link=— · manos_feria_informe.json
[RANGO] ZKPUSDT_LINEAL last=0.04689 · río=WS · mercado=linear · estado=ACECHANDO · dir=— · 0=0.047 · Oz=— · Red=0.04604378376 · manos=ON · pos=flat · latido=1.50s
[RANGO] ZKPUSDT_LINEAL last=0.0469 · río=WS · mercado=linear · estado=ACECHANDO · dir=— · 0=0.047 · Oz=— · Red=0.04604378376 · manos=ON · pos=flat · latido=1.50s
[RANGO] autosello ZKP · ACECHANDO · Oz=0.0 link=— · manos_feria_informe.json
[RANGO] ZKPUSDT_LINEAL last=0.04681 · río=WS · mercado=linear · estado=ACECHANDO · dir=— · 0=0.047 · Oz=— · Red=0.04604378376 · manos=ON · pos=flat · latido=1.50s
[RANGO] autosello ZKP · ACECHANDO · Oz=0.0 link=— · manos_feria_informe.json
[RANGO] ZKPUSDT_LINEAL last=0.0468 · río=WS · mercado=linear · estado=ACECHANDO · dir=— · 0=0.047 · Oz=— · Red=0.04604378376 · manos=ON · pos=flat · latido=1.50s
[RANGO] ZKPUSDT_LINEAL last=0.04675 · río=WS · mercado=linear · estado=ACECHANDO · dir=— · 0=0.047 · Oz=— · Red=0.04604378376 · manos=ON · pos=flat · latido=1.50s
[RANGO] autosello ZKP · ACECHANDO · Oz=0.0 link=— · manos_feria_informe.json
[2026-08-31 10:13:04] [TUSK] RECONCILIACIÓN: FWDIUSDT_LINEAL: interno L:0.000000/S:5.100000 -> real L:0.000000/S:6.000000
[2026-08-31 10:13:04] [TUSK] RECONCILIACIÓN_OK: 1 frentes alineados con exchange
[RANGO] ZKPUSDT_LINEAL last=0.04674 · río=WS · mercado=linear · estado=ACECHANDO · dir=— · 0=0.047 · Oz=— · Red=0.04604378376 · manos=ON · pos=flat · latido=1.50s
[RANGO] autosello ZKP · ACECHANDO · Oz=0.0 link=— · manos_feria_informe.json
[RANGO] ZKPUSDT_LINEAL last=0.04674 · río=WS · mercado=linear · estado=ACECHANDO · dir=— · 0=0.047 · Oz=— · Red=0.04604378376 · manos=ON · pos=flat · latido=1.50s
[RANGO] ZKPUSDT_LINEAL last=0.04672 · río=WS · mercado=linear · estado=ACECHANDO · dir=— · 0=0.047 · Oz=— · Red=0.04604378376 · manos=ON · pos=flat · latido=1.50s
[RANGO] autosello ZKP · ACECHANDO · Oz=0.0 link=— · manos_feria_informe.json
[RANGO] ZKPUSDT_LINEAL last=0.04672 · río=WS · mercado=linear · estado=ACECHANDO · dir=— · 0=0.047 · Oz=— · Red=0.04604378376 · manos=ON · pos=flat · latido=1.50s
[RANGO] autosello ZKP · ACECHANDO · Oz=0.0 link=— · manos_feria_informe.json
[RANGO] ZKPUSDT_LINEAL last=0.04668 · río=WS · mercado=linear · estado=ACECHANDO · dir=— · 0=0.047 · Oz=— · Red=0.04604378376 · manos=ON · pos=flat · latido=1.50s
[RANGO] ZKPUSDT_LINEAL last=0.04661 · río=WS · mercado=linear · estado=ACECHANDO · dir=— · 0=0.047 · Oz=— · Red=0.04604378376 · manos=ON · pos=flat · latido=1.50s
[RANGO] autosello ZKP · ACECHANDO · Oz=0.0 link=— · manos_feria_informe.json
[RANGO] ZKPUSDT_LINEAL last=0.04665 · río=WS · mercado=linear · estado=ACECHANDO · dir=— · 0=0.047 · Oz=— · Red=0.04604378376 · manos=ON · pos=flat · latido=1.50s
[2026-08-31 10:14:05] [TUSK] RECONCILIACIÓN: TSLLUSDT_LINEAL: interno L:0.000000/S:0.000000 -> real L:0.120000/S:0.000000
[2026-08-31 10:14:05] [TUSK] RECONCILIACIÓN: FWDIUSDT_LINEAL: interno L:0.000000/S:6.000000 -> real L:0.000000/S:6.900000
[2026-08-31 10:14:05] [TUSK] RECONCILIACIÓN_FANTASMA: COTIUSDT_LINEAL existe interno pero no en exchange -> reseteando
[2026-08-31 10:14:05] [TUSK] RECONCILIACIÓN_OK: 3 frentes alineados con exchange
[RANGO] autosello ZKP · ACECHANDO · Oz=0.0 link=— · manos_feria_informe.json
[RANGO] ZKPUSDT_LINEAL last=0.04658 · río=WS · mercado=linear · estado=ACECHANDO · dir=— · 0=0.047 · Oz=— · Red=0.04604378376 · manos=ON · pos=flat · latido=1.50s
[RANGO] ZKPUSDT_LINEAL last=0.04664 · río=WS · mercado=linear · estado=ACECHANDO · dir=— · 0=0.047 · Oz=— · Red=0.04604378376 · manos=ON · pos=flat · latido=1.50s
[RANGO] autosello ZKP · ACECHANDO · Oz=0.0 link=— · manos_feria_informe.json
[RANGO] ZKPUSDT_LINEAL last=0.04663 · río=WS · mercado=linear · estado=ACECHANDO · dir=— · 0=0.047 · Oz=— · Red=0.04604378376 · manos=ON · pos=flat · latido=1.50s
[RANGO] autosello ZKP · ACECHANDO · Oz=0.0 link=— · manos_feria_informe.json
[RANGO] ZKPUSDT_LINEAL last=0.04661 · río=WS · mercado=linear · estado=ACECHANDO · dir=— · 0=0.047 · Oz=— · Red=0.04604378376 · manos=ON · pos=flat · latido=1.50s
[RANGO] ZKPUSDT_LINEAL last=0.04664 · río=WS · mercado=linear · estado=ACECHANDO · dir=— · 0=0.047 · Oz=— · Red=0.04604378376 · manos=ON · pos=flat · latido=1.50s
[RANGO] autosello ZKP · ACECHANDO · Oz=0.0 link=— · manos_feria_informe.json
[RANGO] ZKPUSDT_LINEAL last=0.04663 · río=WS · mercado=linear · estado=ACECHANDO · dir=— · 0=0.047 · Oz=— · Red=0.04604378376 · manos=ON · pos=flat · latido=1.50s
[2026-08-31 10:15:06] [TUSK] RECONCILIACIÓN: SNXXUSDT_LINEAL: interno L:7.610000/S:0.000000 -> real L:8.080000/S:0.000000
[2026-08-31 10:15:06] [TUSK] RECONCILIACIÓN_OK: 1 frentes alineados con exchange
[RANGO] autosello ZKP · ACECHANDO · Oz=0.0 link=— · manos_feria_informe.json
[RANGO] ZKPUSDT_LINEAL last=0.04666 · río=WS · mercado=linear · estado=ACECHANDO · dir=— · 0=0.047 · Oz=— · Red=0.04604378376 · manos=ON · pos=flat · latido=1.50s
[RANGO] ZKPUSDT_LINEAL last=0.04669 · río=WS · mercado=linear · estado=ACECHANDO · dir=— · 0=0.047 · Oz=— · Red=0.04604378376 · manos=ON · pos=flat · latido=1.50s
[RANGO] autosello ZKP · ACECHANDO · Oz=0.0 link=— · manos_feria_informe.json
[RANGO] ZKPUSDT_LINEAL last=0.04667 · río=WS · mercado=linear · estado=ACECHANDO · dir=— · 0=0.047 · Oz=— · Red=0.04604378376 · manos=ON · pos=flat · latido=1.50s
[RANGO] autosello ZKP · ACECHANDO · Oz=0.0 link=— · manos_feria_informe.json
[RANGO] ZKPUSDT_LINEAL last=0.04668 · río=WS · mercado=linear · estado=ACECHANDO · dir=— · 0=0.047 · Oz=— · Red=0.04604378376 · manos=ON · pos=flat · latido=1.50s
[RANGO] ZKPUSDT_LINEAL last=0.04672 · río=WS · mercado=linear · estado=ACECHANDO · dir=— · 0=0.047 · Oz=— · Red=0.04604378376 · manos=ON · pos=flat · latido=1.50s
[RANGO] autosello ZKP · ACECHANDO · Oz=0.0 link=— · manos_feria_informe.json
[RANGO] ZKPUSDT_LINEAL last=0.04667 · río=WS · mercado=linear · estado=ACECHANDO · dir=— · 0=0.047 · Oz=— · Red=0.04604378376 · manos=ON · pos=flat · latido=1.50s
[2026-08-31 10:16:08] [TUSK] RECONCILIACIÓN: UNIUSDT_LINEAL: interno L:0.000000/S:0.000000 -> real L:1.100000/S:0.000000
[2026-08-31 10:16:08] [TUSK] RECONCILIACIÓN_FANTASMA: BATUSDT_LINEAL existe interno pero no en exchange -> reseteando
[2026-08-31 10:16:08] [TUSK] RECONCILIACIÓN_OK: 2 frentes alineados con exchange
[RANGO] autosello ZKP · ACECHANDO · Oz=0.0 link=— · manos_feria_informe.json
[RANGO] ZKPUSDT_LINEAL last=0.0467 · río=WS · mercado=linear · estado=ACECHANDO · dir=— · 0=0.047 · Oz=— · Red=0.04604378376 · manos=ON · pos=flat · latido=1.50s
[RANGO] ZKPUSDT_LINEAL last=0.04666 · río=WS · mercado=linear · estado=ACECHANDO · dir=— · 0=0.047 · Oz=— · Red=0.04604378376 · manos=ON · pos=flat · latido=1.50s
[RANGO] autosello ZKP · ACECHANDO · Oz=0.0 link=— · manos_feria_informe.json
[RANGO] ZKPUSDT_LINEAL last=0.04666 · río=WS · mercado=linear · estado=ACECHANDO · dir=— · 0=0.047 · Oz=— · Red=0.04604378376 · manos=ON · pos=flat · latido=1.50s
[RANGO] autosello ZKP · ACECHANDO · Oz=0.0 link=— · manos_feria_informe.json
[RANGO] ZKPUSDT_LINEAL last=0.04667 · río=WS · mercado=linear · estado=ACECHANDO · dir=— · 0=0.047 · Oz=— · Red=0.04604378376 · manos=ON · pos=flat · latido=1.50s
[RANGO] ZKPUSDT_LINEAL last=0.04666 · río=WS · mercado=linear · estado=ACECHANDO · dir=— · 0=0.047 · Oz=— · Red=0.04604378376 · manos=ON · pos=flat · latido=1.50s
[RANGO] autosello ZKP · ACECHANDO · Oz=0.0 link=— · manos_feria_informe.json
[RANGO] ZKPUSDT_LINEAL last=0.04666 · río=WS · mercado=linear · estado=ACECHANDO · dir=— · 0=0.047 · Oz=— · Red=0.04604378376 · manos=ON · pos=flat · latido=1.50s
[RANGO] autosello ZKP · ACECHANDO · Oz=0.0 link=— · manos_feria_informe.json
[RANGO] ZKPUSDT_LINEAL last=0.04666 · río=WS · mercado=linear · estado=ACECHANDO · dir=— · 0=0.047 · Oz=— · Red=0.04604378376 · manos=ON · pos=flat · latido=1.50s
[RANGO] ZKPUSDT_LINEAL last=0.04665 · río=WS · mercado=linear · estado=ACECHANDO · dir=— · 0=0.047 · Oz=— · Red=0.04604378376 · manos=ON · pos=flat · latido=1.50s
[RANGO] autosello ZKP · ACECHANDO · Oz=0.0 link=— · manos_feria_informe.json
[RANGO] ZKPUSDT_LINEAL last=0.04664 · río=WS · mercado=linear · estado=ACECHANDO · dir=— · 0=0.047 · Oz=— · Red=0.04604378376 · manos=ON · pos=flat · latido=1.50s
[RANGO] autosello ZKP · ACECHANDO · Oz=0.0 link=— · manos_feria_informe.json
[RANGO] ZKPUSDT_LINEAL last=0.04664 · río=ciego/muleta · mercado=linear · estado=ACECHANDO · dir=— · 0=0.047 · Oz=— · Red=0.04604378376 · manos=ON · pos=flat · latido=1.50s
[RANGO] ZKPUSDT_LINEAL last=0.04664 · río=WS · mercado=linear · estado=ACECHANDO · dir=— · 0=0.047 · Oz=— · Red=0.04604378376 · manos=ON · pos=flat · latido=1.50s
[RANGO] autosello ZKP · ACECHANDO · Oz=0.0 link=— · manos_feria_informe.json
[RANGO] ZKPUSDT_LINEAL last=0.04659 · río=WS · mercado=linear · estado=ACECHANDO · dir=— · 0=0.047 · Oz=— · Red=0.04604378376 · manos=ON · pos=flat · latido=1.50s
[2026-08-31 10:18:10] [TUSK] RECONCILIACIÓN: OUSDT_LINEAL: interno L:0.000000/S:0.000000 -> real L:0.000000/S:34.000000
[2026-08-31 10:18:10] [TUSK] RECONCILIACIÓN_FANTASMA: XLMUSDT_LINEAL existe interno pero no en exchange -> reseteando
[2026-08-31 10:18:10] [TUSK] RECONCILIACIÓN_OK: 2 frentes alineados con exchange
[RANGO] autosello ZKP · ACECHANDO · Oz=0.0 link=— · manos_feria_informe.json
[RANGO] ZKPUSDT_LINEAL last=0.04658 · río=WS · mercado=linear · estado=ACECHANDO · dir=— · 0=0.047 · Oz=— · Red=0.04604378376 · manos=ON · pos=flat · latido=1.50s
[RANGO] ZKPUSDT_LINEAL last=0.04659 · río=WS · mercado=linear · estado=ACECHANDO · dir=— · 0=0.047 · Oz=— · Red=0.04604378376 · manos=ON · pos=flat · latido=1.50s
[RANGO] autosello ZKP · ACECHANDO · Oz=0.0 link=— · manos_feria_informe.json
[RANGO] ZKPUSDT_LINEAL last=0.04659 · río=WS · mercado=linear · estado=ACECHANDO · dir=— · 0=0.047 · Oz=— · Red=0.04604378376 · manos=ON · pos=flat · latido=1.50s
[RANGO] autosello ZKP · ACECHANDO · Oz=0.0 link=— · manos_feria_informe.json
[RANGO] ZKPUSDT_LINEAL last=0.0466 · río=WS · mercado=linear · estado=ACECHANDO · dir=— · 0=0.047 · Oz=— · Red=0.04604378376 · manos=ON · pos=flat · latido=1.50s
[RANGO] ZKPUSDT_LINEAL last=0.04658 · río=WS · mercado=linear · estado=ACECHANDO · dir=— · 0=0.047 · Oz=— · Red=0.04604378376 · manos=ON · pos=flat · latido=1.50s
[RANGO] autosello ZKP · ACECHANDO · Oz=0.0 link=— · manos_feria_informe.json
[RANGO] ZKPUSDT_LINEAL last=0.04662 · río=WS · mercado=linear · estado=ACECHANDO · dir=— · 0=0.047 · Oz=— · Red=0.04604378376 · manos=ON · pos=flat · latido=1.50s
[RANGO] autosello ZKP · ACECHANDO · Oz=0.0 link=— · manos_feria_informe.json
[RANGO] ZKPUSDT_LINEAL last=0.04665 · río=WS · mercado=linear · estado=ACECHANDO · dir=— · 0=0.047 · Oz=— · Red=0.04604378376 · manos=ON · pos=flat · latido=1.50s
[RANGO] ZKPUSDT_LINEAL last=0.04669 · río=WS · mercado=linear · estado=ACECHANDO · dir=— · 0=0.047 · Oz=— · Red=0.04604378376 · manos=ON · pos=flat · latido=1.50s
[RANGO] autosello ZKP · ACECHANDO · Oz=0.0 link=— · manos_feria_informe.json
[RANGO] ZKPUSDT_LINEAL last=0.04671 · río=WS · mercado=linear · estado=ACECHANDO · dir=— · 0=0.047 · Oz=— · Red=0.04604378376 · manos=ON · pos=flat · latido=1.50s
[RANGO] autosello ZKP · ACECHANDO · Oz=0.0 link=— · manos_feria_informe.json
[RANGO] ZKPUSDT_LINEAL last=0.04668 · río=WS · mercado=linear · estado=ACECHANDO · dir=— · 0=0.047 · Oz=— · Red=0.04604378376 · manos=ON · pos=flat · latido=1.50s
[RANGO] ZKPUSDT_LINEAL last=0.04666 · río=WS · mercado=linear · estado=ACECHANDO · dir=— · 0=0.047 · Oz=— · Red=0.04604378376 · manos=ON · pos=flat · latido=1.50s
[RANGO] autosello ZKP · ACECHANDO · Oz=0.0 link=— · manos_feria_informe.json
[RANGO] ZKPUSDT_LINEAL last=0.04672 · río=WS · mercado=linear · estado=ACECHANDO · dir=— · 0=0.047 · Oz=— · Red=0.04604378376 · manos=ON · pos=flat · latido=1.50s
[RANGO] autosello ZKP · ACECHANDO · Oz=0.0 link=— · manos_feria_informe.json
[2026-08-31 10:20:12] [TUSK] RECONCILIACIÓN: POWERUSDT_LINEAL: interno L:0.000000/S:307.000000 -> real L:0.000000/S:249.000000
[2026-08-31 10:20:12] [TUSK] RECONCILIACIÓN_OK: 1 frentes alineados con exchange
[RANGO] ZKPUSDT_LINEAL last=0.0467 · río=WS · mercado=linear · estado=ACECHANDO · dir=— · 0=0.047 · Oz=— · Red=0.04604378376 · manos=ON · pos=flat · latido=1.50s
[RANGO] ZKPUSDT_LINEAL last=0.04671 · río=WS · mercado=linear · estado=ACECHANDO · dir=— · 0=0.047 · Oz=— · Red=0.04604378376 · manos=ON · pos=flat · latido=1.50s
[RANGO] autosello ZKP · ACECHANDO · Oz=0.0 link=— · manos_feria_informe.json
[RANGO] ZKPUSDT_LINEAL last=0.04669 · río=WS · mercado=linear · estado=ACECHANDO · dir=— · 0=0.047 · Oz=— · Red=0.04604378376 · manos=ON · pos=flat · latido=1.50s
[RANGO] autosello ZKP · ACECHANDO · Oz=0.0 link=— · manos_feria_informe.json
[RANGO] ZKPUSDT_LINEAL last=0.04669 · río=WS · mercado=linear · estado=ACECHANDO · dir=— · 0=0.047 · Oz=— · Red=0.04604378376 · manos=ON · pos=flat · latido=1.50s
[RANGO] ZKPUSDT_LINEAL last=0.04674 · río=WS · mercado=linear · estado=ACECHANDO · dir=— · 0=0.047 · Oz=— · Red=0.04604378376 · manos=ON · pos=flat · latido=1.50s
[RANGO] autosello ZKP · ACECHANDO · Oz=0.0 link=— · manos_feria_informe.json
[RANGO] ZKPUSDT_LINEAL last=0.04683 · río=WS · mercado=linear · estado=ACECHANDO · dir=— · 0=0.047 · Oz=— · Red=0.04604378376 · manos=ON · pos=flat · latido=1.50s
[RANGO] autosello ZKP · ACECHANDO · Oz=0.0 link=— · manos_feria_informe.json
[2026-08-31 10:21:13] [TUSK] RECONCILIACIÓN: XANUSDT_LINEAL: interno L:0.000000/S:542.000000 -> real L:0.000000/S:171.000000
[2026-08-31 10:21:13] [TUSK] RECONCILIACIÓN: STXXUSDT_LINEAL: interno L:0.000000/S:0.000000 -> real L:0.014000/S:0.000000
[2026-08-31 10:21:13] [TUSK] RECONCILIACIÓN_FANTASMA: CRDOUSDT_LINEAL existe interno pero no en exchange -> reseteando
[2026-08-31 10:21:13] [TUSK] RECONCILIACIÓN_OK: 3 frentes alineados con exchange
[RANGO] ZKPUSDT_LINEAL last=0.0468 · río=WS · mercado=linear · estado=ACECHANDO · dir=— · 0=0.047 · Oz=— · Red=0.04604378376 · manos=ON · pos=flat · latido=1.50s
[RANGO] ZKPUSDT_LINEAL last=0.04678 · río=WS · mercado=linear · estado=ACECHANDO · dir=— · 0=0.047 · Oz=— · Red=0.04604378376 · manos=ON · pos=flat · latido=1.50s
[RANGO] autosello ZKP · ACECHANDO · Oz=0.0 link=— · manos_feria_informe.json
[RANGO] ZKPUSDT_LINEAL last=0.04677 · río=WS · mercado=linear · estado=ACECHANDO · dir=— · 0=0.047 · Oz=— · Red=0.04604378376 · manos=ON · pos=flat · latido=1.50s
[RANGO] autosello ZKP · ACECHANDO · Oz=0.0 link=— · manos_feria_informe.json
[RANGO] ZKPUSDT_LINEAL last=0.04678 · río=WS · mercado=linear · estado=ACECHANDO · dir=— · 0=0.047 · Oz=— · Red=0.04604378376 · manos=ON · pos=flat · latido=1.50s
[RANGO] ZKPUSDT_LINEAL last=0.04684 · río=WS · mercado=linear · estado=ACECHANDO · dir=— · 0=0.047 · Oz=— · Red=0.04604378376 · manos=ON · pos=flat · latido=1.50s
[RANGO] autosello ZKP · ACECHANDO · Oz=0.0 link=— · manos_feria_informe.json
[RANGO] ZKPUSDT_LINEAL last=0.04684 · río=WS · mercado=linear · estado=ACECHANDO · dir=— · 0=0.047 · Oz=— · Red=0.04604378376 · manos=ON · pos=flat · latido=1.50s
[RANGO] autosello ZKP · ACECHANDO · Oz=0.0 link=— · manos_feria_informe.json
[2026-08-31 10:22:15] [TUSK] RECONCILIACIÓN: DASHUSDT_LINEAL: interno L:0.000000/S:0.000000 -> real L:0.000000/S:0.460000
[2026-08-31 10:22:15] [TUSK] RECONCILIACIÓN: CRCLUSDT_LINEAL: interno L:0.000000/S:0.000000 -> real L:0.290000/S:0.000000
[2026-08-31 10:22:15] [TUSK] RECONCILIACIÓN_FANTASMA: LSKUSDT_LINEAL existe interno pero no en exchange -> reseteando
[2026-08-31 10:22:15] [TUSK] RECONCILIACIÓN_FANTASMA: RDWUSDT_LINEAL existe interno pero no en exchange -> reseteando
[2026-08-31 10:22:15] [TUSK] RECONCILIACIÓN_OK: 4 frentes alineados con exchange
[RANGO] ZKPUSDT_LINEAL last=0.04683 · río=WS · mercado=linear · estado=ACECHANDO · dir=— · 0=0.047 · Oz=— · Red=0.04604378376 · manos=ON · pos=flat · latido=1.50s
[RANGO] ZKPUSDT_LINEAL last=0.04682 · río=WS · mercado=linear · estado=ACECHANDO · dir=— · 0=0.047 · Oz=— · Red=0.04604378376 · manos=ON · pos=flat · latido=1.50s
[RANGO] autosello ZKP · ACECHANDO · Oz=0.0 link=— · manos_feria_informe.json
[RANGO] ZKPUSDT_LINEAL last=0.0468 · río=WS · mercado=linear · estado=ACECHANDO · dir=— · 0=0.047 · Oz=— · Red=0.04604378376 · manos=ON · pos=flat · latido=1.50s
[RANGO] autosello ZKP · ACECHANDO · Oz=0.0 link=— · manos_feria_informe.json
[RANGO] ZKPUSDT_LINEAL last=0.04697 · río=WS · mercado=linear · estado=ACECHANDO · dir=— · 0=0.047 · Oz=— · Red=0.04604378376 · manos=ON · pos=flat · latido=1.50s
[RANGO] ZKPUSDT_LINEAL last=0.04695 · río=WS · mercado=linear · estado=ACECHANDO · dir=— · 0=0.047 · Oz=— · Red=0.04604378376 · manos=ON · pos=flat · latido=1.50s
[RANGO] autosello ZKP · ACECHANDO · Oz=0.0 link=— · manos_feria_informe.json
[RANGO] ZKPUSDT_LINEAL last=0.04698 · río=WS · mercado=linear · estado=ACECHANDO · dir=— · 0=0.047 · Oz=— · Red=0.04604378376 · manos=ON · pos=flat · latido=1.50s
[RANGO] autosello ZKP · ACECHANDO · Oz=0.0 link=— · manos_feria_informe.json
[RANGO] ZKPUSDT_LINEAL last=0.04697 · río=WS · mercado=linear · estado=ACECHANDO · dir=— · 0=0.047 · Oz=— · Red=0.04604378376 · manos=ON · pos=flat · latido=1.50s
[RANGO] ZKPUSDT_LINEAL last=0.04696 · río=WS · mercado=linear · estado=ACECHANDO · dir=— · 0=0.047 · Oz=— · Red=0.04604378376 · manos=ON · pos=flat · latido=1.50s
[RANGO] autosello ZKP · ACECHANDO · Oz=0.0 link=— · manos_feria_informe.json
[RANGO] ZKPUSDT_LINEAL last=0.04693 · río=WS · mercado=linear · estado=ACECHANDO · dir=— · 0=0.047 · Oz=— · Red=0.04604378376 · manos=ON · pos=flat · latido=1.50s
[RANGO] autosello ZKP · ACECHANDO · Oz=0.0 link=— · manos_feria_informe.json
[RANGO] ZKPUSDT_LINEAL last=0.04692 · río=WS · mercado=linear · estado=ACECHANDO · dir=— · 0=0.047 · Oz=— · Red=0.04604378376 · manos=ON · pos=flat · latido=1.50s
[RANGO] ZKPUSDT_LINEAL last=0.0469 · río=WS · mercado=linear · estado=ACECHANDO · dir=— · 0=0.047 · Oz=— · Red=0.04604378376 · manos=ON · pos=flat · latido=1.50s
[RANGO] autosello ZKP · ACECHANDO · Oz=0.0 link=— · manos_feria_informe.json
[RANGO] ZKPUSDT_LINEAL last=0.04689 · río=WS · mercado=linear · estado=ACECHANDO · dir=— · 0=0.047 · Oz=— · Red=0.04604378376 · manos=ON · pos=flat · latido=1.50s
[RANGO] autosello ZKP · ACECHANDO · Oz=0.0 link=— · manos_feria_informe.json
[RANGO] ZKPUSDT_LINEAL last=0.04688 · río=WS · mercado=linear · estado=ACECHANDO · dir=— · 0=0.047 · Oz=— · Red=0.04604378376 · manos=ON · pos=flat · latido=1.50s
[2026-08-31 10:24:17] [TUSK] RECONCILIACIÓN: BLUAIUSDT_LINEAL: interno L:0.000000/S:0.000000 -> real L:1590.000000/S:0.000000
[2026-08-31 10:24:17] [TUSK] RECONCILIACIÓN_FANTASMA: KNCUSDT_LINEAL existe interno pero no en exchange -> reseteando
[2026-08-31 10:24:17] [TUSK] RECONCILIACIÓN_OK: 2 frentes alineados con exchange
[RANGO] ZKPUSDT_LINEAL last=0.04688 · río=WS · mercado=linear · estado=ACECHANDO · dir=— · 0=0.047 · Oz=— · Red=0.04604378376 · manos=ON · pos=flat · latido=1.50s
[RANGO] autosello ZKP · ACECHANDO · Oz=0.0 link=— · manos_feria_informe.json
[RANGO] ZKPUSDT_LINEAL last=0.04689 · río=WS · mercado=linear · estado=ACECHANDO · dir=— · 0=0.047 · Oz=— · Red=0.04604378376 · manos=ON · pos=flat · latido=1.50s
[RANGO] autosello ZKP · ACECHANDO · Oz=0.0 link=— · manos_feria_informe.json
[RANGO] ZKPUSDT_LINEAL last=0.04688 · río=WS · mercado=linear · estado=ACECHANDO · dir=— · 0=0.047 · Oz=— · Red=0.04604378376 · manos=ON · pos=flat · latido=1.50s
[RANGO] ZKPUSDT_LINEAL last=0.04686 · río=WS · mercado=linear · estado=ACECHANDO · dir=— · 0=0.047 · Oz=— · Red=0.04604378376 · manos=ON · pos=flat · latido=1.50s
[RANGO] autosello ZKP · ACECHANDO · Oz=0.0 link=— · manos_feria_informe.json
[RANGO] ZKPUSDT_LINEAL last=0.04687 · río=WS · mercado=linear · estado=ACECHANDO · dir=— · 0=0.047 · Oz=— · Red=0.04604378376 · manos=ON · pos=flat · latido=1.50s
[RANGO] autosello ZKP · ACECHANDO · Oz=0.0 link=— · manos_feria_informe.json
[RANGO] ZKPUSDT_LINEAL last=0.04693 · río=ciego/muleta · mercado=linear · estado=ACECHANDO · dir=— · 0=0.047 · Oz=— · Red=0.04604378376 · manos=ON · pos=flat · latido=1.50s
[2026-08-31 10:25:19] [TUSK] RECONCILIACIÓN: CFGUSDT_LINEAL: interno L:0.000000/S:0.000000 -> real L:1266.000000/S:0.000000
[2026-08-31 10:25:19] [TUSK] RECONCILIACIÓN_FANTASMA: KORUUSDT_LINEAL existe interno pero no en exchange -> reseteando
[2026-08-31 10:25:19] [TUSK] RECONCILIACIÓN_OK: 2 frentes alineados con exchange
[RANGO] autosello ZKP · ACECHANDO · Oz=0.0 link=— · manos_feria_informe.json
[RANGO] ZKPUSDT_LINEAL last=0.04693 · río=WS · mercado=linear · estado=ACECHANDO · dir=— · 0=0.047 · Oz=— · Red=0.04604378376 · manos=ON · pos=flat · latido=1.50s
[RANGO] ZKPUSDT_LINEAL last=0.04695 · río=WS · mercado=linear · estado=ACECHANDO · dir=— · 0=0.047 · Oz=— · Red=0.04604378376 · manos=ON · pos=flat · latido=1.50s
[RANGO] autosello ZKP · ACECHANDO · Oz=0.0 link=— · manos_feria_informe.json
[RANGO] ZKPUSDT_LINEAL last=0.04695 · río=WS · mercado=linear · estado=ACECHANDO · dir=— · 0=0.047 · Oz=— · Red=0.04604378376 · manos=ON · pos=flat · latido=1.50s
[RANGO] autosello ZKP · ACECHANDO · Oz=0.0 link=— · manos_feria_informe.json
[RANGO] ZKPUSDT_LINEAL last=0.04694 · río=WS · mercado=linear · estado=ACECHANDO · dir=— · 0=0.047 · Oz=— · Red=0.04604378376 · manos=ON · pos=flat · latido=1.50s
[RANGO] ZKPUSDT_LINEAL last=0.04693 · río=ciego/muleta · mercado=linear · estado=ACECHANDO · dir=— · 0=0.047 · Oz=— · Red=0.04604378376 · manos=ON · pos=flat · latido=1.50s
[RANGO] autosello ZKP · ACECHANDO · Oz=0.0 link=— · manos_feria_informe.json
[RANGO] ZKPUSDT_LINEAL last=0.04693 · río=ciego/muleta · mercado=linear · estado=ACECHANDO · dir=— · 0=0.047 · Oz=— · Red=0.04604378376 · manos=ON · pos=flat · latido=1.50s
[2026-08-31 10:26:21] [TUSK] RECONCILIACIÓN: TWTUSDT_LINEAL: interno L:48.800000/S:0.000000 -> real L:38.700000/S:0.000000
[2026-08-31 10:26:21] [TUSK] RECONCILIACIÓN_OK: 1 frentes alineados con exchange
[RANGO] autosello ZKP · ACECHANDO · Oz=0.0 link=— · manos_feria_informe.json
[RANGO] ZKPUSDT_LINEAL last=0.0469 · río=WS · mercado=linear · estado=ACECHANDO · dir=— · 0=0.047 · Oz=— · Red=0.04604378376 · manos=ON · pos=flat · latido=1.50s
[RANGO] ZKPUSDT_LINEAL last=0.04687 · río=WS · mercado=linear · estado=ACECHANDO · dir=— · 0=0.047 · Oz=— · Red=0.04604378376 · manos=ON · pos=flat · latido=1.50s
[RANGO] autosello ZKP · ACECHANDO · Oz=0.0 link=— · manos_feria_informe.json
[RANGO] ZKPUSDT_LINEAL last=0.04687 · río=WS · mercado=linear · estado=ACECHANDO · dir=— · 0=0.047 · Oz=— · Red=0.04604378376 · manos=ON · pos=flat · latido=1.50s
[RANGO] autosello ZKP · ACECHANDO · Oz=0.0 link=— · manos_feria_informe.json
[RANGO] ZKPUSDT_LINEAL last=0.04687 · río=WS · mercado=linear · estado=ACECHANDO · dir=— · 0=0.047 · Oz=— · Red=0.04604378376 · manos=ON · pos=flat · latido=1.50s
[RANGO] ZKPUSDT_LINEAL last=0.04687 · río=ciego/muleta · mercado=linear · estado=ACECHANDO · dir=— · 0=0.047 · Oz=— · Red=0.04604378376 · manos=ON · pos=flat · latido=1.50s
[RANGO] autosello ZKP · ACECHANDO · Oz=0.0 link=— · manos_feria_informe.json
[RANGO] ZKPUSDT_LINEAL last=0.04684 · río=WS · mercado=linear · estado=ACECHANDO · dir=— · 0=0.047 · Oz=— · Red=0.04604378376 · manos=ON · pos=flat · latido=1.50s
[RANGO] autosello ZKP · ACECHANDO · Oz=0.0 link=— · manos_feria_informe.json
[RANGO] ZKPUSDT_LINEAL last=0.04683 · río=WS · mercado=linear · estado=ACECHANDO · dir=— · 0=0.047 · Oz=— · Red=0.04604378376 · manos=ON · pos=flat · latido=1.50s
[RANGO] ZKPUSDT_LINEAL last=0.04684 · río=WS · mercado=linear · estado=ACECHANDO · dir=— · 0=0.047 · Oz=— · Red=0.04604378376 · manos=ON · pos=flat · latido=1.50s
[RANGO] autosello ZKP · ACECHANDO · Oz=0.0 link=— · manos_feria_informe.json
[RANGO] ZKPUSDT_LINEAL last=0.04683 · río=WS · mercado=linear · estado=ACECHANDO · dir=— · 0=0.047 · Oz=— · Red=0.04604378376 · manos=ON · pos=flat · latido=1.50s
[RANGO] autosello ZKP · ACECHANDO · Oz=0.0 link=— · manos_feria_informe.json
[RANGO] ZKPUSDT_LINEAL last=0.04682 · río=WS · mercado=linear · estado=ACECHANDO · dir=— · 0=0.047 · Oz=— · Red=0.04604378376 · manos=ON · pos=flat · latido=1.50s
[RANGO] ZKPUSDT_LINEAL last=0.04685 · río=WS · mercado=linear · estado=ACECHANDO · dir=— · 0=0.047 · Oz=— · Red=0.04604378376 · manos=ON · pos=flat · latido=1.50s
[RANGO] autosello ZKP · ACECHANDO · Oz=0.0 link=— · manos_feria_informe.json
[RANGO] ZKPUSDT_LINEAL last=0.04685 · río=ciego/muleta · mercado=linear · estado=ACECHANDO · dir=— · 0=0.047 · Oz=— · Red=0.04604378376 · manos=ON · pos=flat · latido=1.50s
[RANGO] autosello ZKP · ACECHANDO · Oz=0.0 link=— · manos_feria_informe.json
[RANGO] ZKPUSDT_LINEAL last=0.04685 · río=WS · mercado=linear · estado=ACECHANDO · dir=— · 0=0.047 · Oz=— · Red=0.04604378376 · manos=ON · pos=flat · latido=1.50s
[RANGO] ZKPUSDT_LINEAL last=0.04687 · río=WS · mercado=linear · estado=ACECHANDO · dir=— · 0=0.047 · Oz=— · Red=0.04604378376 · manos=ON · pos=flat · latido=1.50s
[RANGO] autosello ZKP · ACECHANDO · Oz=0.0 link=— · manos_feria_informe.json
[RANGO] ZKPUSDT_LINEAL last=0.04688 · río=WS · mercado=linear · estado=ACECHANDO · dir=— · 0=0.047 · Oz=— · Red=0.04604378376 · manos=ON · pos=flat · latido=1.50s
[RANGO] autosello ZKP · ACECHANDO · Oz=0.0 link=— · manos_feria_informe.json
[RANGO] ZKPUSDT_LINEAL last=0.04689 · río=WS · mercado=linear · estado=ACECHANDO · dir=— · 0=0.047 · Oz=— · Red=0.04604378376 · manos=ON · pos=flat · latido=1.50s
[RANGO] ZKPUSDT_LINEAL last=0.04695 · río=WS · mercado=linear · estado=ACECHANDO · dir=— · 0=0.047 · Oz=— · Red=0.04604378376 · manos=ON · pos=flat · latido=1.50s
[RANGO] autosello ZKP · ACECHANDO · Oz=0.0 link=— · manos_feria_informe.json
[RANGO] ZKPUSDT_LINEAL last=0.04695 · río=WS · mercado=linear · estado=ACECHANDO · dir=— · 0=0.047 · Oz=— · Red=0.04604378376 · manos=ON · pos=flat · latido=1.50s
[2026-08-31 10:29:24] [TUSK] RECONCILIACIÓN: DASHUSDT_LINEAL: interno L:0.000000/S:0.460000 -> real L:0.000000/S:0.570000
[2026-08-31 10:29:24] [TUSK] RECONCILIACIÓN_OK: 1 frentes alineados con exchange
[RANGO] autosello ZKP · ACECHANDO · Oz=0.0 link=— · manos_feria_informe.json
[RANGO] ZKPUSDT_LINEAL last=0.04694 · río=WS · mercado=linear · estado=ACECHANDO · dir=— · 0=0.047 · Oz=— · Red=0.04604378376 · manos=ON · pos=flat · latido=1.50s
[RANGO] ZKPUSDT_LINEAL last=0.04695 · río=WS · mercado=linear · estado=ACECHANDO · dir=— · 0=0.047 · Oz=— · Red=0.04604378376 · manos=ON · pos=flat · latido=1.50s
[RANGO] autosello ZKP · ACECHANDO · Oz=0.0 link=— · manos_feria_informe.json
[RANGO] ZKPUSDT_LINEAL last=0.04696 · río=WS · mercado=linear · estado=ACECHANDO · dir=— · 0=0.047 · Oz=— · Red=0.04604378376 · manos=ON · pos=flat · latido=1.50s
[RANGO] autosello ZKP · ACECHANDO · Oz=0.0 link=— · manos_feria_informe.json
[RANGO] ZKPUSDT_LINEAL last=0.04697 · río=WS · mercado=linear · estado=ACECHANDO · dir=— · 0=0.047 · Oz=— · Red=0.04604378376 · manos=ON · pos=flat · latido=1.50s
[RANGO] ZKPUSDT_LINEAL last=0.04701 · río=WS · mercado=linear · estado=ACECHANDO · dir=— · 0=0.047 · Oz=— · Red=0.04604378376 · manos=ON · pos=flat · latido=1.50s
[RANGO] autosello ZKP · ACECHANDO · Oz=0.0 link=— · manos_feria_informe.json
[RANGO] ZKPUSDT_LINEAL last=0.04704 · río=WS · mercado=linear · estado=ACECHANDO · dir=— · 0=0.047 · Oz=— · Red=0.04604378376 · manos=ON · pos=flat · latido=1.50s
[RANGO] autosello ZKP · ACECHANDO · Oz=0.0 link=— · manos_feria_informe.json
[RANGO] ZKPUSDT_LINEAL last=0.0471 · río=WS · mercado=linear · estado=ACECHANDO · dir=— · 0=0.047 · Oz=— · Red=0.04604378376 · manos=ON · pos=flat · latido=1.50s
[RANGO] ZKPUSDT_LINEAL last=0.04711 · río=WS · mercado=linear · estado=ACECHANDO · dir=— · 0=0.047 · Oz=— · Red=0.04604378376 · manos=ON · pos=flat · latido=1.50s
[RANGO] autosello ZKP · ACECHANDO · Oz=0.0 link=— · manos_feria_informe.json
[RANGO] ZKPUSDT_LINEAL last=0.04711 · río=WS · mercado=linear · estado=ACECHANDO · dir=— · 0=0.047 · Oz=— · Red=0.04604378376 · manos=ON · pos=flat · latido=1.50s
[RANGO] autosello ZKP · ACECHANDO · Oz=0.0 link=— · manos_feria_informe.json
[RANGO] ZKPUSDT_LINEAL last=0.04705 · río=WS · mercado=linear · estado=ACECHANDO · dir=— · 0=0.047 · Oz=— · Red=0.04604378376 · manos=ON · pos=flat · latido=1.50s
[RANGO] ZKPUSDT_LINEAL last=0.04718 · río=WS · mercado=linear · estado=ACECHANDO · dir=— · 0=0.047 · Oz=— · Red=0.04604378376 · manos=ON · pos=flat · latido=1.50s
[RANGO] autosello ZKP · ACECHANDO · Oz=0.0 link=— · manos_feria_informe.json
[RANGO] ZKPUSDT_LINEAL last=0.04702 · río=WS · mercado=linear · estado=ACECHANDO · dir=— · 0=0.047 · Oz=— · Red=0.04604378376 · manos=ON · pos=flat · latido=1.50s
[RANGO] autosello ZKP · ACECHANDO · Oz=0.0 link=— · manos_feria_informe.json
[RANGO] ZKPUSDT_LINEAL last=0.04698 · río=WS · mercado=linear · estado=ACECHANDO · dir=— · 0=0.047 · Oz=— · Red=0.04604378376 · manos=ON · pos=flat · latido=1.50s
[RANGO] ZKPUSDT_LINEAL last=0.04697 · río=WS · mercado=linear · estado=ACECHANDO · dir=— · 0=0.047 · Oz=— · Red=0.04604378376 · manos=ON · pos=flat · latido=1.50s
[RANGO] autosello ZKP · ACECHANDO · Oz=0.0 link=— · manos_feria_informe.json
[RANGO] ZKPUSDT_LINEAL last=0.04697 · río=WS · mercado=linear · estado=ACECHANDO · dir=— · 0=0.047 · Oz=— · Red=0.04604378376 · manos=ON · pos=flat · latido=1.50s
[RANGO] autosello ZKP · ACECHANDO · Oz=0.0 link=— · manos_feria_informe.json
[RANGO] ZKPUSDT_LINEAL last=0.04698 · río=WS · mercado=linear · estado=ACECHANDO · dir=— · 0=0.047 · Oz=— · Red=0.04604378376 · manos=ON · pos=flat · latido=1.50s
[RANGO] ZKPUSDT_LINEAL last=0.04699 · río=WS · mercado=linear · estado=ACECHANDO · dir=— · 0=0.047 · Oz=— · Red=0.04604378376 · manos=ON · pos=flat · latido=1.50s
[RANGO] autosello ZKP · ACECHANDO · Oz=0.0 link=— · manos_feria_informe.json
[RANGO] ZKPUSDT_LINEAL last=0.047 · río=WS · mercado=linear · estado=ACECHANDO · dir=— · 0=0.047 · Oz=— · Red=0.04604378376 · manos=ON · pos=flat · latido=1.50s
[RANGO] autosello ZKP · ACECHANDO · Oz=0.0 link=— · manos_feria_informe.json
[RANGO] ZKPUSDT_LINEAL last=0.04698 · río=WS · mercado=linear · estado=ACECHANDO · dir=— · 0=0.047 · Oz=— · Red=0.04604378376 · manos=ON · pos=flat · latido=1.50s
[RANGO] ZKPUSDT_LINEAL last=0.04692 · río=WS · mercado=linear · estado=ACECHANDO · dir=— · 0=0.047 · Oz=— · Red=0.04604378376 · manos=ON · pos=flat · latido=1.50s
[RANGO] autosello ZKP · ACECHANDO · Oz=0.0 link=— · manos_feria_informe.json
[RANGO] ZKPUSDT_LINEAL last=0.04693 · río=WS · mercado=linear · estado=ACECHANDO · dir=— · 0=0.047 · Oz=— · Red=0.04604378376 · manos=ON · pos=flat · latido=1.50s
[RANGO] autosello ZKP · ACECHANDO · Oz=0.0 link=— · manos_feria_informe.json
[RANGO] ZKPUSDT_LINEAL last=0.04693 · río=WS · mercado=linear · estado=ACECHANDO · dir=— · 0=0.047 · Oz=— · Red=0.04604378376 · manos=ON · pos=flat · latido=1.50s
[RANGO] ZKPUSDT_LINEAL last=0.0469 · río=ciego/muleta · mercado=linear · estado=ACECHANDO · dir=— · 0=0.047 · Oz=— · Red=0.04604378376 · manos=ON · pos=flat · latido=1.50s
[RANGO] autosello ZKP · ACECHANDO · Oz=0.0 link=— · manos_feria_informe.json
[RANGO] ZKPUSDT_LINEAL last=0.04691 · río=ciego/muleta · mercado=linear · estado=ACECHANDO · dir=— · 0=0.047 · Oz=— · Red=0.04604378376 · manos=ON · pos=flat · latido=1.50s
[RANGO] autosello ZKP · ACECHANDO · Oz=0.0 link=— · manos_feria_informe.json
[RANGO] ZKPUSDT_LINEAL last=0.04701 · río=WS · mercado=linear · estado=ACECHANDO · dir=— · 0=0.047 · Oz=— · Red=0.04604378376 · manos=ON · pos=flat · latido=1.50s
[RANGO] autosello ZKP · ACECHANDO · Oz=0.0 link=— · manos_feria_informe.json
[RANGO] ZKPUSDT_LINEAL last=0.04701 · río=WS · mercado=linear · estado=ACECHANDO · dir=— · 0=0.047 · Oz=— · Red=0.04604378376 · manos=ON · pos=flat · latido=1.50s
[RANGO] ZKPUSDT_LINEAL last=0.04703 · río=WS · mercado=linear · estado=ACECHANDO · dir=— · 0=0.047 · Oz=— · Red=0.04604378376 · manos=ON · pos=flat · latido=1.50s
[RANGO] autosello ZKP · ACECHANDO · Oz=0.0 link=— · manos_feria_informe.json
[RANGO] ZKPUSDT_LINEAL last=0.04705 · río=WS · mercado=linear · estado=ACECHANDO · dir=— · 0=0.047 · Oz=— · Red=0.04604378376 · manos=ON · pos=flat · latido=1.50s
[RANGO] autosello ZKP · ACECHANDO · Oz=0.0 link=— · manos_feria_informe.json
[RANGO] ZKPUSDT_LINEAL last=0.04703 · río=WS · mercado=linear · estado=ACECHANDO · dir=— · 0=0.047 · Oz=— · Red=0.04604378376 · manos=ON · pos=flat · latido=1.50s
[RANGO] ZKPUSDT_LINEAL last=0.04703 · río=WS · mercado=linear · estado=ACECHANDO · dir=— · 0=0.047 · Oz=— · Red=0.04604378376 · manos=ON · pos=flat · latido=1.50s
[RANGO] autosello ZKP · ACECHANDO · Oz=0.0 link=— · manos_feria_informe.json
[2026-08-31 10:34:29] [TUSK] RECONCILIACIÓN: FWDIUSDT_LINEAL: interno L:0.000000/S:6.900000 -> real L:0.000000/S:6.000000
[2026-08-31 10:34:29] [TUSK] RECONCILIACIÓN: CHIPUSDT_LINEAL: interno L:390.000000/S:0.000000 -> real L:520.000000/S:0.000000
[2026-08-31 10:34:30] [TUSK] RECONCILIACIÓN: KNCUSDT_LINEAL: interno L:0.000000/S:0.000000 -> real L:354.100000/S:0.000000
[2026-08-31 10:34:30] [TUSK] RECONCILIACIÓN_FANTASMA: NILUSDT_LINEAL existe interno pero no en exchange -> reseteando
[2026-08-31 10:34:30] [TUSK] RECONCILIACIÓN_OK: 4 frentes alineados con exchange
[RANGO] ZKPUSDT_LINEAL last=0.04703 · río=WS · mercado=linear · estado=ACECHANDO · dir=— · 0=0.047 · Oz=— · Red=0.04604378376 · manos=ON · pos=flat · latido=1.50s
[RANGO] autosello ZKP · ACECHANDO · Oz=0.0 link=— · manos_feria_informe.json
[RANGO] ZKPUSDT_LINEAL last=0.047 · río=WS · mercado=linear · estado=ACECHANDO · dir=— · 0=0.047 · Oz=— · Red=0.04604378376 · manos=ON · pos=flat · latido=1.50s
[RANGO] ZKPUSDT_LINEAL last=0.04702 · río=WS · mercado=linear · estado=ACECHANDO · dir=— · 0=0.047 · Oz=— · Red=0.04604378376 · manos=ON · pos=flat · latido=1.50s
[RANGO] autosello ZKP · ACECHANDO · Oz=0.0 link=— · manos_feria_informe.json
[RANGO] ZKPUSDT_LINEAL last=0.04705 · río=WS · mercado=linear · estado=ACECHANDO · dir=— · 0=0.047 · Oz=— · Red=0.04604378376 · manos=ON · pos=flat · latido=1.50s
[RANGO] autosello ZKP · ACECHANDO · Oz=0.0 link=— · manos_feria_informe.json
[RANGO] ZKPUSDT_LINEAL last=0.04705 · río=WS · mercado=linear · estado=ACECHANDO · dir=— · 0=0.047 · Oz=— · Red=0.04604378376 · manos=ON · pos=flat · latido=1.50s
[RANGO] ZKPUSDT_LINEAL last=0.04707 · río=WS · mercado=linear · estado=ACECHANDO · dir=— · 0=0.047 · Oz=— · Red=0.04604378376 · manos=ON · pos=flat · latido=1.50s
[RANGO] autosello ZKP · ACECHANDO · Oz=0.0 link=— · manos_feria_informe.json
[RANGO] ZKPUSDT_LINEAL last=0.04709 · río=WS · mercado=linear · estado=ACECHANDO · dir=— · 0=0.047 · Oz=— · Red=0.04604378376 · manos=ON · pos=flat · latido=1.50s
[RANGO] autosello ZKP · ACECHANDO · Oz=0.0 link=— · manos_feria_informe.json
[RANGO] ZKPUSDT_LINEAL last=0.04711 · río=WS · mercado=linear · estado=ACECHANDO · dir=— · 0=0.047 · Oz=— · Red=0.04604378376 · manos=ON · pos=flat · latido=1.50s
[RANGO] ZKPUSDT_LINEAL last=0.04714 · río=WS · mercado=linear · estado=ACECHANDO · dir=— · 0=0.047 · Oz=— · Red=0.04604378376 · manos=ON · pos=flat · latido=1.50s
[RANGO] autosello ZKP · ACECHANDO · Oz=0.0 link=— · manos_feria_informe.json
[RANGO] ZKPUSDT_LINEAL last=0.0471 · río=WS · mercado=linear · estado=ACECHANDO · dir=— · 0=0.047 · Oz=— · Red=0.04604378376 · manos=ON · pos=flat · latido=1.50s
[RANGO] autosello ZKP · ACECHANDO · Oz=0.0 link=— · manos_feria_informe.json
[RANGO] ZKPUSDT_LINEAL last=0.04709 · río=WS · mercado=linear · estado=ACECHANDO · dir=— · 0=0.047 · Oz=— · Red=0.04604378376 · manos=ON · pos=flat · latido=1.50s
[RANGO] ZKPUSDT_LINEAL last=0.04708 · río=ciego/muleta · mercado=linear · estado=ACECHANDO · dir=— · 0=0.047 · Oz=— · Red=0.04604378376 · manos=ON · pos=flat · latido=1.50s
[RANGO] autosello ZKP · ACECHANDO · Oz=0.0 link=— · manos_feria_informe.json
[RANGO] ZKPUSDT_LINEAL last=0.04708 · río=WS · mercado=linear · estado=ACECHANDO · dir=— · 0=0.047 · Oz=— · Red=0.04604378376 · manos=ON · pos=flat · latido=1.50s
[RANGO] autosello ZKP · ACECHANDO · Oz=0.0 link=— · manos_feria_informe.json
[RANGO] ZKPUSDT_LINEAL last=0.04706 · río=WS · mercado=linear · estado=ACECHANDO · dir=— · 0=0.047 · Oz=— · Red=0.04604378376 · manos=ON · pos=flat · latido=1.50s
[RANGO] ZKPUSDT_LINEAL last=0.04708 · río=WS · mercado=linear · estado=ACECHANDO · dir=— · 0=0.047 · Oz=— · Red=0.04604378376 · manos=ON · pos=flat · latido=1.50s
[RANGO] autosello ZKP · ACECHANDO · Oz=0.0 link=— · manos_feria_informe.json
[RANGO] ZKPUSDT_LINEAL last=0.04708 · río=WS · mercado=linear · estado=ACECHANDO · dir=— · 0=0.047 · Oz=— · Red=0.04604378376 · manos=ON · pos=flat · latido=1.50s
[RANGO] autosello ZKP · ACECHANDO · Oz=0.0 link=— · manos_feria_informe.json
[RANGO] ZKPUSDT_LINEAL last=0.04707 · río=WS · mercado=linear · estado=ACECHANDO · dir=— · 0=0.047 · Oz=— · Red=0.04604378376 · manos=ON · pos=flat · latido=1.50s
[RANGO] ZKPUSDT_LINEAL last=0.04709 · río=WS · mercado=linear · estado=ACECHANDO · dir=— · 0=0.047 · Oz=— · Red=0.04604378376 · manos=ON · pos=flat · latido=1.50s
[RANGO] autosello ZKP · ACECHANDO · Oz=0.0 link=— · manos_feria_informe.json
[RANGO] ZKPUSDT_LINEAL last=0.04708 · río=ciego/muleta · mercado=linear · estado=ACECHANDO · dir=— · 0=0.047 · Oz=— · Red=0.04604378376 · manos=ON · pos=flat · latido=1.50s
[RANGO] autosello ZKP · ACECHANDO · Oz=0.0 link=— · manos_feria_informe.json
[RANGO] ZKPUSDT_LINEAL last=0.04707 · río=ciego/muleta · mercado=linear · estado=ACECHANDO · dir=— · 0=0.047 · Oz=— · Red=0.04604378376 · manos=ON · pos=flat · latido=1.50s
[RANGO] ZKPUSDT_LINEAL last=0.04707 · río=WS · mercado=linear · estado=ACECHANDO · dir=— · 0=0.047 · Oz=— · Red=0.04604378376 · manos=ON · pos=flat · latido=1.50s
[RANGO] autosello ZKP · ACECHANDO · Oz=0.0 link=— · manos_feria_informe.json
[RANGO] ZKPUSDT_LINEAL last=0.04707 · río=WS · mercado=linear · estado=ACECHANDO · dir=— · 0=0.047 · Oz=— · Red=0.04604378376 · manos=ON · pos=flat · latido=1.50s
[RANGO] autosello ZKP · ACECHANDO · Oz=0.0 link=— · manos_feria_informe.json
[RANGO] ZKPUSDT_LINEAL last=0.04709 · río=WS · mercado=linear · estado=ACECHANDO · dir=— · 0=0.047 · Oz=— · Red=0.04604378376 · manos=ON · pos=flat · latido=1.50s
[RANGO] ZKPUSDT_LINEAL last=0.04712 · río=WS · mercado=linear · estado=ACECHANDO · dir=— · 0=0.047 · Oz=— · Red=0.04604378376 · manos=ON · pos=flat · latido=1.50s
[RANGO] autosello ZKP · ACECHANDO · Oz=0.0 link=— · manos_feria_informe.json
[2026-08-31 10:38:35] [TUSK] RECONCILIACIÓN: POWERUSDT_LINEAL: interno L:0.000000/S:249.000000 -> real L:0.000000/S:190.000000
[2026-08-31 10:38:35] [TUSK] RECONCILIACIÓN_OK: 1 frentes alineados con exchange
[RANGO] ZKPUSDT_LINEAL last=0.0471 · río=WS · mercado=linear · estado=ACECHANDO · dir=— · 0=0.047 · Oz=— · Red=0.04604378376 · manos=ON · pos=flat · latido=1.50s
[RANGO] autosello ZKP · ACECHANDO · Oz=0.0 link=— · manos_feria_informe.json
[RANGO] ZKPUSDT_LINEAL last=0.04712 · río=WS · mercado=linear · estado=ACECHANDO · dir=— · 0=0.047 · Oz=— · Red=0.04604378376 · manos=ON · pos=flat · latido=1.50s
[RANGO] ZKPUSDT_LINEAL last=0.04706 · río=WS · mercado=linear · estado=ACECHANDO · dir=— · 0=0.047 · Oz=— · Red=0.04604378376 · manos=ON · pos=flat · latido=1.50s
[RANGO] autosello ZKP · ACECHANDO · Oz=0.0 link=— · manos_feria_informe.json
[RANGO] ZKPUSDT_LINEAL last=0.04708 · río=WS · mercado=linear · estado=ACECHANDO · dir=— · 0=0.047 · Oz=— · Red=0.04604378376 · manos=ON · pos=flat · latido=1.50s
[RANGO] autosello ZKP · ACECHANDO · Oz=0.0 link=— · manos_feria_informe.json
[RANGO] ZKPUSDT_LINEAL last=0.04706 · río=WS · mercado=linear · estado=ACECHANDO · dir=— · 0=0.047 · Oz=— · Red=0.04604378376 · manos=ON · pos=flat · latido=1.50s
[RANGO] ZKPUSDT_LINEAL last=0.04707 · río=ciego/muleta · mercado=linear · estado=ACECHANDO · dir=— · 0=0.047 · Oz=— · Red=0.04604378376 · manos=ON · pos=flat · latido=1.50s
[RANGO] autosello ZKP · ACECHANDO · Oz=0.0 link=— · manos_feria_informe.json
[RANGO] ZKPUSDT_LINEAL last=0.04709 · río=WS · mercado=linear · estado=ACECHANDO · dir=— · 0=0.047 · Oz=— · Red=0.04604378376 · manos=ON · pos=flat · latido=1.50s
[RANGO] autosello ZKP · ACECHANDO · Oz=0.0 link=— · manos_feria_informe.json
[RANGO] ZKPUSDT_LINEAL last=0.0471 · río=WS · mercado=linear · estado=ACECHANDO · dir=— · 0=0.047 · Oz=— · Red=0.04604378376 · manos=ON · pos=flat · latido=1.50s
[RANGO] ZKPUSDT_LINEAL last=0.04707 · río=WS · mercado=linear · estado=ACECHANDO · dir=— · 0=0.047 · Oz=— · Red=0.04604378376 · manos=ON · pos=flat · latido=1.50s
[RANGO] autosello ZKP · ACECHANDO · Oz=0.0 link=— · manos_feria_informe.json
[RANGO] ZKPUSDT_LINEAL last=0.04707 · río=WS · mercado=linear · estado=ACECHANDO · dir=— · 0=0.047 · Oz=— · Red=0.04604378376 · manos=ON · pos=flat · latido=1.50s
[RANGO] autosello ZKP · ACECHANDO · Oz=0.0 link=— · manos_feria_informe.json
[RANGO] ZKPUSDT_LINEAL last=0.04707 · río=WS · mercado=linear · estado=ACECHANDO · dir=— · 0=0.047 · Oz=— · Red=0.04604378376 · manos=ON · pos=flat · latido=1.50s
[RANGO] ZKPUSDT_LINEAL last=0.04706 · río=WS · mercado=linear · estado=ACECHANDO · dir=— · 0=0.047 · Oz=— · Red=0.04604378376 · manos=ON · pos=flat · latido=1.50s
[RANGO] autosello ZKP · ACECHANDO · Oz=0.0 link=— · manos_feria_informe.json
[RANGO] ZKPUSDT_LINEAL last=0.04704 · río=WS · mercado=linear · estado=ACECHANDO · dir=— · 0=0.047 · Oz=— · Red=0.04604378376 · manos=ON · pos=flat · latido=1.50s
[2026-08-31 10:40:37] [TUSK] RECONCILIACIÓN: DASHUSDT_LINEAL: interno L:0.000000/S:0.570000 -> real L:0.000000/S:0.680000
[2026-08-31 10:40:37] [TUSK] RECONCILIACIÓN: ROSEUSDT_LINEAL: interno L:0.000000/S:0.000000 -> real L:0.000000/S:3056.000000
[2026-08-31 10:40:37] [TUSK] RECONCILIACIÓN: AEHRUSDT_LINEAL: interno L:0.000000/S:0.000000 -> real L:0.300000/S:0.000000
[2026-08-31 10:40:37] [TUSK] RECONCILIACIÓN_FANTASMA: NBISUSDT_LINEAL existe interno pero no en exchange -> reseteando
[2026-08-31 10:40:37] [TUSK] RECONCILIACIÓN_FANTASMA: AXTIUSDT_LINEAL existe interno pero no en exchange -> reseteando
[2026-08-31 10:40:37] [TUSK] RECONCILIACIÓN_OK: 5 frentes alineados con exchange
[RANGO] autosello ZKP · ACECHANDO · Oz=0.0 link=— · manos_feria_informe.json
[RANGO] ZKPUSDT_LINEAL last=0.04703 · río=WS · mercado=linear · estado=ACECHANDO · dir=— · 0=0.047 · Oz=— · Red=0.04604378376 · manos=ON · pos=flat · latido=1.50s
[RANGO] ZKPUSDT_LINEAL last=0.04701 · río=WS · mercado=linear · estado=ACECHANDO · dir=— · 0=0.047 · Oz=— · Red=0.04604378376 · manos=ON · pos=flat · latido=1.50s
[RANGO] autosello ZKP · ACECHANDO · Oz=0.0 link=— · manos_feria_informe.json
[RANGO] ZKPUSDT_LINEAL last=0.04704 · río=WS · mercado=linear · estado=ACECHANDO · dir=— · 0=0.047 · Oz=— · Red=0.04604378376 · manos=ON · pos=flat · latido=1.50s
[RANGO] autosello ZKP · ACECHANDO · Oz=0.0 link=— · manos_feria_informe.json
[RANGO] ZKPUSDT_LINEAL last=0.04704 · río=WS · mercado=linear · estado=ACECHANDO · dir=— · 0=0.047 · Oz=— · Red=0.04604378376 · manos=ON · pos=flat · latido=1.50s
[RANGO] ZKPUSDT_LINEAL last=0.04702 · río=WS · mercado=linear · estado=ACECHANDO · dir=— · 0=0.047 · Oz=— · Red=0.04604378376 · manos=ON · pos=flat · latido=1.50s
[RANGO] autosello ZKP · ACECHANDO · Oz=0.0 link=— · manos_feria_informe.json
[RANGO] ZKPUSDT_LINEAL last=0.04704 · río=ciego/muleta · mercado=linear · estado=ACECHANDO · dir=— · 0=0.047 · Oz=— · Red=0.04604378376 · manos=ON · pos=flat · latido=1.50s
[2026-08-31 10:41:38] [TUSK] RECONCILIACIÓN: XANUSDT_LINEAL: interno L:0.000000/S:171.000000 -> real L:203.000000/S:0.000000
[2026-08-31 10:41:38] [TUSK] RECONCILIACIÓN_OK: 1 frentes alineados con exchange
[RANGO] autosello ZKP · ACECHANDO · Oz=0.0 link=— · manos_feria_informe.json
[RANGO] ZKPUSDT_LINEAL last=0.04703 · río=WS · mercado=linear · estado=ACECHANDO · dir=— · 0=0.047 · Oz=— · Red=0.04604378376 · manos=ON · pos=flat · latido=1.50s
[RANGO] ZKPUSDT_LINEAL last=0.04701 · río=WS · mercado=linear · estado=ACECHANDO · dir=— · 0=0.047 · Oz=— · Red=0.04604378376 · manos=ON · pos=flat · latido=1.50s
[RANGO] autosello ZKP · ACECHANDO · Oz=0.0 link=— · manos_feria_informe.json
[RANGO] ZKPUSDT_LINEAL last=0.04705 · río=WS · mercado=linear · estado=ACECHANDO · dir=— · 0=0.047 · Oz=— · Red=0.04604378376 · manos=ON · pos=flat · latido=1.50s
[RANGO] autosello ZKP · ACECHANDO · Oz=0.0 link=— · manos_feria_informe.json
[RANGO] ZKPUSDT_LINEAL last=0.04708 · río=WS · mercado=linear · estado=ACECHANDO · dir=— · 0=0.047 · Oz=— · Red=0.04604378376 · manos=ON · pos=flat · latido=1.50s
[RANGO] ZKPUSDT_LINEAL last=0.04706 · río=WS · mercado=linear · estado=ACECHANDO · dir=— · 0=0.047 · Oz=— · Red=0.04604378376 · manos=ON · pos=flat · latido=1.50s
[RANGO] autosello ZKP · ACECHANDO · Oz=0.0 link=— · manos_feria_informe.json
[RANGO] ZKPUSDT_LINEAL last=0.04706 · río=WS · mercado=linear · estado=ACECHANDO · dir=— · 0=0.047 · Oz=— · Red=0.04604378376 · manos=ON · pos=flat · latido=1.50s
[RANGO] autosello ZKP · ACECHANDO · Oz=0.0 link=— · manos_feria_informe.json
[RANGO] ZKPUSDT_LINEAL last=0.04709 · río=WS · mercado=linear · estado=ACECHANDO · dir=— · 0=0.047 · Oz=— · Red=0.04604378376 · manos=ON · pos=flat · latido=1.50s
[RANGO] ZKPUSDT_LINEAL last=0.04708 · río=WS · mercado=linear · estado=ACECHANDO · dir=— · 0=0.047 · Oz=— · Red=0.04604378376 · manos=ON · pos=flat · latido=1.50s
[RANGO] autosello ZKP · ACECHANDO · Oz=0.0 link=— · manos_feria_informe.json
[RANGO] ZKPUSDT_LINEAL last=0.04708 · río=WS · mercado=linear · estado=ACECHANDO · dir=— · 0=0.047 · Oz=— · Red=0.04604378376 · manos=ON · pos=flat · latido=1.50s
[RANGO] autosello ZKP · ACECHANDO · Oz=0.0 link=— · manos_feria_informe.json
[RANGO] ZKPUSDT_LINEAL last=0.04708 · río=WS · mercado=linear · estado=ACECHANDO · dir=— · 0=0.047 · Oz=— · Red=0.04604378376 · manos=ON · pos=flat · latido=1.50s
[RANGO] ZKPUSDT_LINEAL last=0.0471 · río=WS · mercado=linear · estado=ACECHANDO · dir=— · 0=0.047 · Oz=— · Red=0.04604378376 · manos=ON · pos=flat · latido=1.50s
[RANGO] autosello ZKP · ACECHANDO · Oz=0.0 link=— · manos_feria_informe.json
[RANGO] ZKPUSDT_LINEAL last=0.04709 · río=WS · mercado=linear · estado=ACECHANDO · dir=— · 0=0.047 · Oz=— · Red=0.04604378376 · manos=ON · pos=flat · latido=1.50s
[2026-08-31 10:43:40] [TUSK] RECONCILIACIÓN: PURRUSDT_LINEAL: interno L:0.000000/S:0.000000 -> real L:3.800000/S:0.000000
[2026-08-31 10:43:40] [TUSK] RECONCILIACIÓN: TWTUSDT_LINEAL: interno L:38.700000/S:0.000000 -> real L:26.800000/S:0.000000
[2026-08-31 10:43:40] [TUSK] RECONCILIACIÓN_FANTASMA: VVVUSDT_LINEAL existe interno pero no en exchange -> reseteando
[2026-08-31 10:43:40] [TUSK] RECONCILIACIÓN_OK: 3 frentes alineados con exchange
[RANGO] autosello ZKP · ACECHANDO · Oz=0.0 link=— · manos_feria_informe.json
[RANGO] ZKPUSDT_LINEAL last=0.04713 · río=WS · mercado=linear · estado=ACECHANDO · dir=— · 0=0.047 · Oz=— · Red=0.04604378376 · manos=ON · pos=flat · latido=1.50s
[RANGO] ZKPUSDT_LINEAL last=0.04713 · río=WS · mercado=linear · estado=ACECHANDO · dir=— · 0=0.047 · Oz=— · Red=0.04604378376 · manos=ON · pos=flat · latido=1.50s
[RANGO] autosello ZKP · ACECHANDO · Oz=0.0 link=— · manos_feria_informe.json
[RANGO] ZKPUSDT_LINEAL last=0.04716 · río=WS · mercado=linear · estado=ACECHANDO · dir=— · 0=0.047 · Oz=— · Red=0.04604378376 · manos=ON · pos=flat · latido=1.50s
[RANGO] autosello ZKP · ACECHANDO · Oz=0.0 link=— · manos_feria_informe.json
[RANGO] ZKPUSDT_LINEAL last=0.04714 · río=WS · mercado=linear · estado=ACECHANDO · dir=— · 0=0.047 · Oz=— · Red=0.04604378376 · manos=ON · pos=flat · latido=1.50s
[RANGO] ZKPUSDT_LINEAL last=0.04716 · río=WS · mercado=linear · estado=ACECHANDO · dir=— · 0=0.047 · Oz=— · Red=0.04604378376 · manos=ON · pos=flat · latido=1.50s
[RANGO] autosello ZKP · ACECHANDO · Oz=0.0 link=— · manos_feria_informe.json
[RANGO] ZKPUSDT_LINEAL last=0.04716 · río=WS · mercado=linear · estado=ACECHANDO · dir=— · 0=0.047 · Oz=— · Red=0.04604378376 · manos=ON · pos=flat · latido=1.50s
[2026-08-31 10:44:41] [TUSK] RECONCILIACIÓN: BMNRUSDT_LINEAL: interno L:0.000000/S:0.000000 -> real L:2.100000/S:0.000000
[2026-08-31 10:44:41] [TUSK] RECONCILIACIÓN: CRCLUSDT_LINEAL: interno L:0.290000/S:0.000000 -> real L:0.230000/S:0.000000
[2026-08-31 10:44:41] [TUSK] RECONCILIACIÓN: HYPEUSDT_LINEAL: interno L:0.000000/S:0.000000 -> real L:0.000000/S:0.340000
[2026-08-31 10:44:41] [TUSK] RECONCILIACIÓN: PURRUSDT_LINEAL: interno L:3.800000/S:0.000000 -> real L:3.000000/S:0.000000
[2026-08-31 10:44:41] [TUSK] RECONCILIACIÓN: HYPEUSD_INVERSE: interno L:291.000000/S:0.000000 -> real L:146.000000/S:0.000000
[2026-08-31 10:44:41] [TUSK] RECONCILIACIÓN_FANTASMA: TSLLUSDT_LINEAL existe interno pero no en exchange -> reseteando
[2026-08-31 10:44:41] [TUSK] RECONCILIACIÓN_FANTASMA: ZEREBROUSDT_LINEAL existe interno pero no en exchange -> reseteando
[2026-08-31 10:44:41] [TUSK] RECONCILIACIÓN_OK: 7 frentes alineados con exchange
[RANGO] autosello ZKP · ACECHANDO · Oz=0.0 link=— · manos_feria_informe.json
[RANGO] ZKPUSDT_LINEAL last=0.04717 · río=WS · mercado=linear · estado=ACECHANDO · dir=— · 0=0.047 · Oz=— · Red=0.04604378376 · manos=ON · pos=flat · latido=1.50s
[RANGO] ZKPUSDT_LINEAL last=0.04717 · río=WS · mercado=linear · estado=ACECHANDO · dir=— · 0=0.047 · Oz=— · Red=0.04604378376 · manos=ON · pos=flat · latido=1.50s
[RANGO] autosello ZKP · ACECHANDO · Oz=0.0 link=— · manos_feria_informe.json
[RANGO] ZKPUSDT_LINEAL last=0.04719 · río=WS · mercado=linear · estado=ACECHANDO · dir=— · 0=0.047 · Oz=— · Red=0.04604378376 · manos=ON · pos=flat · latido=1.50s
[RANGO] autosello ZKP · ACECHANDO · Oz=0.0 link=— · manos_feria_informe.json
[RANGO] ZKPUSDT_LINEAL last=0.04719 · río=WS · mercado=linear · estado=ACECHANDO · dir=— · 0=0.047 · Oz=— · Red=0.04604378376 · manos=ON · pos=flat · latido=1.50s
[RANGO] ZKPUSDT_LINEAL last=0.04719 · río=WS · mercado=linear · estado=ACECHANDO · dir=— · 0=0.047 · Oz=— · Red=0.04604378376 · manos=ON · pos=flat · latido=1.50s
[RANGO] autosello ZKP · ACECHANDO · Oz=0.0 link=— · manos_feria_informe.json
[RANGO] ZKPUSDT_LINEAL last=0.04726 · río=WS · mercado=linear · estado=ACECHANDO · dir=— · 0=0.047 · Oz=— · Red=0.04604378376 · manos=ON · pos=flat · latido=1.50s
[2026-08-31 10:45:42] [TUSK] RECONCILIACIÓN: HYPEUSDT_LINEAL: interno L:0.000000/S:0.340000 -> real L:0.000000/S:0.400000
[2026-08-31 10:45:42] [TUSK] RECONCILIACIÓN: PURRUSDT_LINEAL: interno L:3.000000/S:0.000000 -> real L:2.500000/S:0.000000
[2026-08-31 10:45:42] [TUSK] RECONCILIACIÓN_OK: 2 frentes alineados con exchange
[RANGO] autosello ZKP · ACECHANDO · Oz=0.0 link=— · manos_feria_informe.json
[RANGO] ZKPUSDT_LINEAL last=0.04719 · río=WS · mercado=linear · estado=ACECHANDO · dir=— · 0=0.047 · Oz=— · Red=0.04604378376 · manos=ON · pos=flat · latido=1.50s
[RANGO] ZKPUSDT_LINEAL last=0.04721 · río=WS · mercado=linear · estado=ACECHANDO · dir=— · 0=0.047 · Oz=— · Red=0.04604378376 · manos=ON · pos=flat · latido=1.50s
[RANGO] autosello ZKP · ACECHANDO · Oz=0.0 link=— · manos_feria_informe.json
[RANGO] ZKPUSDT_LINEAL last=0.0472 · río=WS · mercado=linear · estado=ACECHANDO · dir=— · 0=0.047 · Oz=— · Red=0.04604378376 · manos=ON · pos=flat · latido=1.50s
[RANGO] autosello ZKP · ACECHANDO · Oz=0.0 link=— · manos_feria_informe.json
[RANGO] ZKPUSDT_LINEAL last=0.04716 · río=WS · mercado=linear · estado=ACECHANDO · dir=— · 0=0.047 · Oz=— · Red=0.04604378376 · manos=ON · pos=flat · latido=1.50s
[RANGO] ZKPUSDT_LINEAL last=0.04716 · río=WS · mercado=linear · estado=ACECHANDO · dir=— · 0=0.047 · Oz=— · Red=0.04604378376 · manos=ON · pos=flat · latido=1.50s
[RANGO] autosello ZKP · ACECHANDO · Oz=0.0 link=— · manos_feria_informe.json
[RANGO] ZKPUSDT_LINEAL last=0.04712 · río=WS · mercado=linear · estado=ACECHANDO · dir=— · 0=0.047 · Oz=— · Red=0.04604378376 · manos=ON · pos=flat · latido=1.50s
[2026-08-31 10:46:43] [TUSK] RECONCILIACIÓN: PURRUSDT_LINEAL: interno L:2.500000/S:0.000000 -> real L:3.700000/S:0.000000
[2026-08-31 10:46:43] [TUSK] RECONCILIACIÓN: BLUAIUSDT_LINEAL: interno L:1590.000000/S:0.000000 -> real L:1180.000000/S:0.000000
[2026-08-31 10:46:43] [TUSK] RECONCILIACIÓN: LITUSDT_LINEAL: interno L:0.000000/S:0.000000 -> real L:0.000000/S:25.000000
[2026-08-31 10:46:43] [TUSK] RECONCILIACIÓN: HYPEUSD_INVERSE: interno L:146.000000/S:0.000000 -> real L:73.000000/S:0.000000
[2026-08-31 10:46:43] [TUSK] RECONCILIACIÓN_FANTASMA: SNXXUSDT_LINEAL existe interno pero no en exchange -> reseteando
[2026-08-31 10:46:43] [TUSK] RECONCILIACIÓN_OK: 5 frentes alineados con exchange
[RANGO] autosello ZKP · ACECHANDO · Oz=0.0 link=— · manos_feria_informe.json
[RANGO] ZKPUSDT_LINEAL last=0.04712 · río=WS · mercado=linear · estado=ACECHANDO · dir=— · 0=0.047 · Oz=— · Red=0.04604378376 · manos=ON · pos=flat · latido=1.50s
[RANGO] ZKPUSDT_LINEAL last=0.04716 · río=WS · mercado=linear · estado=ACECHANDO · dir=— · 0=0.047 · Oz=— · Red=0.04604378376 · manos=ON · pos=flat · latido=1.50s
[RANGO] autosello ZKP · ACECHANDO · Oz=0.0 link=— · manos_feria_informe.json
[RANGO] ZKPUSDT_LINEAL last=0.04714 · río=WS · mercado=linear · estado=ACECHANDO · dir=— · 0=0.047 · Oz=— · Red=0.04604378376 · manos=ON · pos=flat · latido=1.50s
[RANGO] autosello ZKP · ACECHANDO · Oz=0.0 link=— · manos_feria_informe.json
[RANGO] ZKPUSDT_LINEAL last=0.04715 · río=WS · mercado=linear · estado=ACECHANDO · dir=— · 0=0.047 · Oz=— · Red=0.04604378376 · manos=ON · pos=flat · latido=1.50s
[RANGO] ZKPUSDT_LINEAL last=0.04715 · río=WS · mercado=linear · estado=ACECHANDO · dir=— · 0=0.047 · Oz=— · Red=0.04604378376 · manos=ON · pos=flat · latido=1.50s
[RANGO] autosello ZKP · ACECHANDO · Oz=0.0 link=— · manos_feria_informe.json
[RANGO] ZKPUSDT_LINEAL last=0.04715 · río=WS · mercado=linear · estado=ACECHANDO · dir=— · 0=0.047 · Oz=— · Red=0.04604378376 · manos=ON · pos=flat · latido=1.50s
[RANGO] autosello ZKP · ACECHANDO · Oz=0.0 link=— · manos_feria_informe.json
[2026-08-31 10:47:45] [TUSK] RECONCILIACIÓN: LITUSDT_LINEAL: interno L:0.000000/S:25.000000 -> real L:0.000000/S:26.900000
[2026-08-31 10:47:45] [TUSK] RECONCILIACIÓN_OK: 1 frentes alineados con exchange
[RANGO] ZKPUSDT_LINEAL last=0.04715 · río=WS · mercado=linear · estado=ACECHANDO · dir=— · 0=0.047 · Oz=— · Red=0.04604378376 · manos=ON · pos=flat · latido=1.50s
[RANGO] ZKPUSDT_LINEAL last=0.04714 · río=WS · mercado=linear · estado=ACECHANDO · dir=— · 0=0.047 · Oz=— · Red=0.04604378376 · manos=ON · pos=flat · latido=1.50s
[RANGO] autosello ZKP · ACECHANDO · Oz=0.0 link=— · manos_feria_informe.json
[RANGO] ZKPUSDT_LINEAL last=0.04713 · río=WS · mercado=linear · estado=ACECHANDO · dir=— · 0=0.047 · Oz=— · Red=0.04604378376 · manos=ON · pos=flat · latido=1.50s
[RANGO] autosello ZKP · ACECHANDO · Oz=0.0 link=— · manos_feria_informe.json
[RANGO] ZKPUSDT_LINEAL last=0.04715 · río=WS · mercado=linear · estado=ACECHANDO · dir=— · 0=0.047 · Oz=— · Red=0.04604378376 · manos=ON · pos=flat · latido=1.50s
[RANGO] ZKPUSDT_LINEAL last=0.04713 · río=WS · mercado=linear · estado=ACECHANDO · dir=— · 0=0.047 · Oz=— · Red=0.04604378376 · manos=ON · pos=flat · latido=1.50s
[RANGO] autosello ZKP · ACECHANDO · Oz=0.0 link=— · manos_feria_informe.json
[RANGO] ZKPUSDT_LINEAL last=0.04715 · río=WS · mercado=linear · estado=ACECHANDO · dir=— · 0=0.047 · Oz=— · Red=0.04604378376 · manos=ON · pos=flat · latido=1.50s
[RANGO] autosello ZKP · ACECHANDO · Oz=0.0 link=— · manos_feria_informe.json
[RANGO] ZKPUSDT_LINEAL last=0.04714 · río=WS · mercado=linear · estado=ACECHANDO · dir=— · 0=0.047 · Oz=— · Red=0.04604378376 · manos=ON · pos=flat · latido=1.50s
[2026-08-31 10:48:47] [TUSK] RECONCILIACIÓN: DASHUSDT_LINEAL: interno L:0.000000/S:0.680000 -> real L:0.000000/S:0.810000
[2026-08-31 10:48:47] [TUSK] RECONCILIACIÓN: PURRUSDT_LINEAL: interno L:3.700000/S:0.000000 -> real L:3.200000/S:0.000000
[2026-08-31 10:48:47] [TUSK] RECONCILIACIÓN_OK: 2 frentes alineados con exchange
[RANGO] ZKPUSDT_LINEAL last=0.04713 · río=WS · mercado=linear · estado=ACECHANDO · dir=— · 0=0.047 · Oz=— · Red=0.04604378376 · manos=ON · pos=flat · latido=1.50s
[RANGO] autosello ZKP · ACECHANDO · Oz=0.0 link=— · manos_feria_informe.json
[RANGO] ZKPUSDT_LINEAL last=0.04715 · río=WS · mercado=linear · estado=ACECHANDO · dir=— · 0=0.047 · Oz=— · Red=0.04604378376 · manos=ON · pos=flat · latido=1.50s
[RANGO] autosello ZKP · ACECHANDO · Oz=0.0 link=— · manos_feria_informe.json
[RANGO] ZKPUSDT_LINEAL last=0.04712 · río=WS · mercado=linear · estado=ACECHANDO · dir=— · 0=0.047 · Oz=— · Red=0.04604378376 · manos=ON · pos=flat · latido=1.50s
[RANGO] ZKPUSDT_LINEAL last=0.04714 · río=WS · mercado=linear · estado=ACECHANDO · dir=— · 0=0.047 · Oz=— · Red=0.04604378376 · manos=ON · pos=flat · latido=1.50s
[RANGO] autosello ZKP · ACECHANDO · Oz=0.0 link=— · manos_feria_informe.json
[RANGO] ZKPUSDT_LINEAL last=0.04715 · río=WS · mercado=linear · estado=ACECHANDO · dir=— · 0=0.047 · Oz=— · Red=0.04604378376 · manos=ON · pos=flat · latido=1.50s
[RANGO] autosello ZKP · ACECHANDO · Oz=0.0 link=— · manos_feria_informe.json
[RANGO] ZKPUSDT_LINEAL last=0.04713 · río=WS · mercado=linear · estado=ACECHANDO · dir=— · 0=0.047 · Oz=— · Red=0.04604378376 · manos=ON · pos=flat · latido=1.50s
[2026-08-31 10:49:48] [TUSK] RECONCILIACIÓN: PURRUSDT_LINEAL: interno L:3.200000/S:0.000000 -> real L:3.700000/S:0.000000
[2026-08-31 10:49:48] [TUSK] RECONCILIACIÓN: MORPHOUSDT_LINEAL: interno L:0.000000/S:0.000000 -> real L:23.000000/S:0.000000
[2026-08-31 10:49:48] [TUSK] RECONCILIACIÓN: ETHUSD_INVERSE: interno L:190.000000/S:0.000000 -> real L:95.000000/S:0.000000
[2026-08-31 10:49:48] [TUSK] RECONCILIACIÓN_FANTASMA: UNIUSDT_LINEAL existe interno pero no en exchange -> reseteando
[2026-08-31 10:49:48] [TUSK] RECONCILIACIÓN_OK: 4 frentes alineados con exchange
[RANGO] ZKPUSDT_LINEAL last=0.04715 · río=WS · mercado=linear · estado=ACECHANDO · dir=— · 0=0.047 · Oz=— · Red=0.04604378376 · manos=ON · pos=flat · latido=1.50s
[RANGO] autosello ZKP · ACECHANDO · Oz=0.0 link=— · manos_feria_informe.json
[RANGO] ZKPUSDT_LINEAL last=0.0471 · río=WS · mercado=linear · estado=ACECHANDO · dir=— · 0=0.047 · Oz=— · Red=0.04604378376 · manos=ON · pos=flat · latido=1.50s
[RANGO] autosello ZKP · ACECHANDO · Oz=0.0 link=— · manos_feria_informe.json
[RANGO] ZKPUSDT_LINEAL last=0.04711 · río=WS · mercado=linear · estado=ACECHANDO · dir=— · 0=0.047 · Oz=— · Red=0.04604378376 · manos=ON · pos=flat · latido=1.50s
[RANGO] ZKPUSDT_LINEAL last=0.04712 · río=WS · mercado=linear · estado=ACECHANDO · dir=— · 0=0.047 · Oz=— · Red=0.04604378376 · manos=ON · pos=flat · latido=1.50s
[RANGO] autosello ZKP · ACECHANDO · Oz=0.0 link=— · manos_feria_informe.json
[RANGO] ZKPUSDT_LINEAL last=0.04714 · río=WS · mercado=linear · estado=ACECHANDO · dir=— · 0=0.047 · Oz=— · Red=0.04604378376 · manos=ON · pos=flat · latido=1.50s
[RANGO] autosello ZKP · ACECHANDO · Oz=0.0 link=— · manos_feria_informe.json
[RANGO] ZKPUSDT_LINEAL last=0.04715 · río=WS · mercado=linear · estado=ACECHANDO · dir=— · 0=0.047 · Oz=— · Red=0.04604378376 · manos=ON · pos=flat · latido=1.50s
[2026-08-31 10:50:49] [TUSK] RECONCILIACIÓN: ASTSUSDT_LINEAL: interno L:0.000000/S:0.000000 -> real L:0.780000/S:0.000000
[2026-08-31 10:50:49] [TUSK] RECONCILIACIÓN: LITUSDT_LINEAL: interno L:0.000000/S:26.900000 -> real L:0.000000/S:25.500000
[2026-08-31 10:50:49] [TUSK] RECONCILIACIÓN_FANTASMA: OUSDT_LINEAL existe interno pero no en exchange -> reseteando
[2026-08-31 10:50:49] [TUSK] RECONCILIACIÓN_OK: 3 frentes alineados con exchange
[RANGO] ZKPUSDT_LINEAL last=0.04714 · río=WS · mercado=linear · estado=ACECHANDO · dir=— · 0=0.047 · Oz=— · Red=0.04604378376 · manos=ON · pos=flat · latido=1.50s
[RANGO] autosello ZKP · ACECHANDO · Oz=0.0 link=— · manos_feria_informe.json
[RANGO] ZKPUSDT_LINEAL last=0.04714 · río=WS · mercado=linear · estado=ACECHANDO · dir=— · 0=0.047 · Oz=— · Red=0.04604378376 · manos=ON · pos=flat · latido=1.50s
[RANGO] autosello ZKP · ACECHANDO · Oz=0.0 link=— · manos_feria_informe.json
[RANGO] ZKPUSDT_LINEAL last=0.04713 · río=WS · mercado=linear · estado=ACECHANDO · dir=— · 0=0.047 · Oz=— · Red=0.04604378376 · manos=ON · pos=flat · latido=1.50s
[RANGO] ZKPUSDT_LINEAL last=0.04714 · río=WS · mercado=linear · estado=ACECHANDO · dir=— · 0=0.047 · Oz=— · Red=0.04604378376 · manos=ON · pos=flat · latido=1.50s
[RANGO] autosello ZKP · ACECHANDO · Oz=0.0 link=— · manos_feria_informe.json
[RANGO] ZKPUSDT_LINEAL last=0.04714 · río=WS · mercado=linear · estado=ACECHANDO · dir=— · 0=0.047 · Oz=— · Red=0.04604378376 · manos=ON · pos=flat · latido=1.50s
[RANGO] autosello ZKP · ACECHANDO · Oz=0.0 link=— · manos_feria_informe.json
[RANGO] ZKPUSDT_LINEAL last=0.04715 · río=WS · mercado=linear · estado=ACECHANDO · dir=— · 0=0.047 · Oz=— · Red=0.04604378376 · manos=ON · pos=flat · latido=1.50s
[2026-08-31 10:51:50] [TUSK] RECONCILIACIÓN: MONUSDT_LINEAL: interno L:0.000000/S:0.000000 -> real L:5276.000000/S:0.000000
[2026-08-31 10:51:50] [TUSK] RECONCILIACIÓN_FANTASMA: STXXUSDT_LINEAL existe interno pero no en exchange -> reseteando
[2026-08-31 10:51:50] [TUSK] RECONCILIACIÓN_OK: 2 frentes alineados con exchange
[RANGO] ZKPUSDT_LINEAL last=0.04714 · río=WS · mercado=linear · estado=ACECHANDO · dir=— · 0=0.047 · Oz=— · Red=0.04604378376 · manos=ON · pos=flat · latido=1.50s
[RANGO] autosello ZKP · ACECHANDO · Oz=0.0 link=— · manos_feria_informe.json
[RANGO] ZKPUSDT_LINEAL last=0.04713 · río=WS · mercado=linear · estado=ACECHANDO · dir=— · 0=0.047 · Oz=— · Red=0.04604378376 · manos=ON · pos=flat · latido=1.50s
[RANGO] autosello ZKP · ACECHANDO · Oz=0.0 link=— · manos_feria_informe.json
[RANGO] ZKPUSDT_LINEAL last=0.0471 · río=WS · mercado=linear · estado=ACECHANDO · dir=— · 0=0.047 · Oz=— · Red=0.04604378376 · manos=ON · pos=flat · latido=1.50s
[RANGO] ZKPUSDT_LINEAL last=0.0471 · río=WS · mercado=linear · estado=ACECHANDO · dir=— · 0=0.047 · Oz=— · Red=0.04604378376 · manos=ON · pos=flat · latido=1.50s
[RANGO] autosello ZKP · ACECHANDO · Oz=0.0 link=— · manos_feria_informe.json
[RANGO] ZKPUSDT_LINEAL last=0.04708 · río=WS · mercado=linear · estado=ACECHANDO · dir=— · 0=0.047 · Oz=— · Red=0.04604378376 · manos=ON · pos=flat · latido=1.50s
[RANGO] autosello ZKP · ACECHANDO · Oz=0.0 link=— · manos_feria_informe.json
[RANGO] ZKPUSDT_LINEAL last=0.04706 · río=WS · mercado=linear · estado=ACECHANDO · dir=— · 0=0.047 · Oz=— · Red=0.04604378376 · manos=ON · pos=flat · latido=1.50s
[2026-08-31 10:52:51] [TUSK] RECONCILIACIÓN: TRBUSDT_LINEAL: interno L:0.000000/S:0.000000 -> real L:5.240000/S:0.000000
[2026-08-31 10:52:51] [TUSK] RECONCILIACIÓN: SUSHIUSDT_LINEAL: interno L:0.000000/S:0.000000 -> real L:139.800000/S:0.000000
[2026-08-31 10:52:51] [TUSK] RECONCILIACIÓN: ACUUSDT_LINEAL: interno L:0.000000/S:0.000000 -> real L:215.000000/S:0.000000
[2026-08-31 10:52:51] [TUSK] RECONCILIACIÓN_FANTASMA: PLTRUSDT_LINEAL existe interno pero no en exchange -> reseteando
[2026-08-31 10:52:51] [TUSK] RECONCILIACIÓN_FANTASMA: FWDIUSDT_LINEAL existe interno pero no en exchange -> reseteando
[2026-08-31 10:52:51] [TUSK] RECONCILIACIÓN_FANTASMA: CFGUSDT_LINEAL existe interno pero no en exchange -> reseteando
[2026-08-31 10:52:51] [TUSK] RECONCILIACIÓN_OK: 6 frentes alineados con exchange
[RANGO] ZKPUSDT_LINEAL last=0.04708 · río=WS · mercado=linear · estado=ACECHANDO · dir=— · 0=0.047 · Oz=— · Red=0.04604378376 · manos=ON · pos=flat · latido=1.50s
[RANGO] autosello ZKP · ACECHANDO · Oz=0.0 link=— · manos_feria_informe.json
[RANGO] ZKPUSDT_LINEAL last=0.04708 · río=WS · mercado=linear · estado=ACECHANDO · dir=— · 0=0.047 · Oz=— · Red=0.04604378376 · manos=ON · pos=flat · latido=1.50s
[RANGO] autosello ZKP · ACECHANDO · Oz=0.0 link=— · manos_feria_informe.json
[RANGO] ZKPUSDT_LINEAL last=0.04709 · río=WS · mercado=linear · estado=ACECHANDO · dir=— · 0=0.047 · Oz=— · Red=0.04604378376 · manos=ON · pos=flat · latido=1.50s
[RANGO] ZKPUSDT_LINEAL last=0.04708 · río=WS · mercado=linear · estado=ACECHANDO · dir=— · 0=0.047 · Oz=— · Red=0.04604378376 · manos=ON · pos=flat · latido=1.50s
[RANGO] autosello ZKP · ACECHANDO · Oz=0.0 link=— · manos_feria_informe.json
[RANGO] ZKPUSDT_LINEAL last=0.04707 · río=WS · mercado=linear · estado=ACECHANDO · dir=— · 0=0.047 · Oz=— · Red=0.04604378376 · manos=ON · pos=flat · latido=1.50s
[RANGO] autosello ZKP · ACECHANDO · Oz=0.0 link=— · manos_feria_informe.json
[RANGO] ZKPUSDT_LINEAL last=0.04709 · río=WS · mercado=linear · estado=ACECHANDO · dir=— · 0=0.047 · Oz=— · Red=0.04604378376 · manos=ON · pos=flat · latido=1.50s
[RANGO] ZKPUSDT_LINEAL last=0.04709 · río=WS · mercado=linear · estado=ACECHANDO · dir=— · 0=0.047 · Oz=— · Red=0.04604378376 · manos=ON · pos=flat · latido=1.50s
[RANGO] autosello ZKP · ACECHANDO · Oz=0.0 link=— · manos_feria_informe.json
[RANGO] ZKPUSDT_LINEAL last=0.04708 · río=WS · mercado=linear · estado=ACECHANDO · dir=— · 0=0.047 · Oz=— · Red=0.04604378376 · manos=ON · pos=flat · latido=1.50s
[RANGO] autosello ZKP · ACECHANDO · Oz=0.0 link=— · manos_feria_informe.json
[RANGO] ZKPUSDT_LINEAL last=0.04711 · río=WS · mercado=linear · estado=ACECHANDO · dir=— · 0=0.047 · Oz=— · Red=0.04604378376 · manos=ON · pos=flat · latido=1.50s
[RANGO] ZKPUSDT_LINEAL last=0.04709 · río=WS · mercado=linear · estado=ACECHANDO · dir=— · 0=0.047 · Oz=— · Red=0.04604378376 · manos=ON · pos=flat · latido=1.50s
[RANGO] autosello ZKP · ACECHANDO · Oz=0.0 link=— · manos_feria_informe.json
[RANGO] ZKPUSDT_LINEAL last=0.04711 · río=WS · mercado=linear · estado=ACECHANDO · dir=— · 0=0.047 · Oz=— · Red=0.04604378376 · manos=ON · pos=flat · latido=1.50s
[RANGO] autosello ZKP · ACECHANDO · Oz=0.0 link=— · manos_feria_informe.json
[RANGO] ZKPUSDT_LINEAL last=0.04708 · río=WS · mercado=linear · estado=ACECHANDO · dir=— · 0=0.047 · Oz=— · Red=0.04604378376 · manos=ON · pos=flat · latido=1.50s
[2026-08-31 10:54:54] [TUSK] RECONCILIACIÓN: LITUSDT_LINEAL: interno L:0.000000/S:25.500000 -> real L:0.000000/S:24.100000
[2026-08-31 10:54:54] [TUSK] RECONCILIACIÓN_OK: 1 frentes alineados con exchange
[RANGO] ZKPUSDT_LINEAL last=0.04707 · río=WS · mercado=linear · estado=ACECHANDO · dir=— · 0=0.047 · Oz=— · Red=0.04604378376 · manos=ON · pos=flat · latido=1.50s
[RANGO] autosello ZKP · ACECHANDO · Oz=0.0 link=— · manos_feria_informe.json
[RANGO] ZKPUSDT_LINEAL last=0.04707 · río=WS · mercado=linear · estado=ACECHANDO · dir=— · 0=0.047 · Oz=— · Red=0.04604378376 · manos=ON · pos=flat · latido=1.50s
[RANGO] autosello ZKP · ACECHANDO · Oz=0.0 link=— · manos_feria_informe.json
[RANGO] ZKPUSDT_LINEAL last=0.04708 · río=WS · mercado=linear · estado=ACECHANDO · dir=— · 0=0.047 · Oz=— · Red=0.04604378376 · manos=ON · pos=flat · latido=1.50s
[RANGO] ZKPUSDT_LINEAL last=0.04709 · río=WS · mercado=linear · estado=ACECHANDO · dir=— · 0=0.047 · Oz=— · Red=0.04604378376 · manos=ON · pos=flat · latido=1.50s
[RANGO] autosello ZKP · ACECHANDO · Oz=0.0 link=— · manos_feria_informe.json
[RANGO] ZKPUSDT_LINEAL last=0.04711 · río=WS · mercado=linear · estado=ACECHANDO · dir=— · 0=0.047 · Oz=— · Red=0.04604378376 · manos=ON · pos=flat · latido=1.50s
[RANGO] autosello ZKP · ACECHANDO · Oz=0.0 link=— · manos_feria_informe.json
[RANGO] ZKPUSDT_LINEAL last=0.0471 · río=WS · mercado=linear · estado=ACECHANDO · dir=— · 0=0.047 · Oz=— · Red=0.04604378376 · manos=ON · pos=flat · latido=1.50s
[RANGO] ZKPUSDT_LINEAL last=0.0471 · río=WS · mercado=linear · estado=ACECHANDO · dir=— · 0=0.047 · Oz=— · Red=0.04604378376 · manos=ON · pos=flat · latido=1.50s
[RANGO] autosello ZKP · ACECHANDO · Oz=0.0 link=— · manos_feria_informe.json
[RANGO] ZKPUSDT_LINEAL last=0.0471 · río=WS · mercado=linear · estado=ACECHANDO · dir=— · 0=0.047 · Oz=— · Red=0.04604378376 · manos=ON · pos=flat · latido=1.50s
[RANGO] autosello ZKP · ACECHANDO · Oz=0.0 link=— · manos_feria_informe.json
[RANGO] ZKPUSDT_LINEAL last=0.04707 · río=WS · mercado=linear · estado=ACECHANDO · dir=— · 0=0.047 · Oz=— · Red=0.04604378376 · manos=ON · pos=flat · latido=1.50s
[RANGO] ZKPUSDT_LINEAL last=0.04706 · río=WS · mercado=linear · estado=ACECHANDO · dir=— · 0=0.047 · Oz=— · Red=0.04604378376 · manos=ON · pos=flat · latido=1.50s
[RANGO] autosello ZKP · ACECHANDO · Oz=0.0 link=— · manos_feria_informe.json
[RANGO] ZKPUSDT_LINEAL last=0.04704 · río=WS · mercado=linear · estado=ACECHANDO · dir=— · 0=0.047 · Oz=— · Red=0.04604378376 · manos=ON · pos=flat · latido=1.50s
[RANGO] autosello ZKP · ACECHANDO · Oz=0.0 link=— · manos_feria_informe.json
[RANGO] ZKPUSDT_LINEAL last=0.04705 · río=ciego/muleta · mercado=linear · estado=ACECHANDO · dir=— · 0=0.047 · Oz=— · Red=0.04604378376 · manos=ON · pos=flat · latido=1.50s
[RANGO] ZKPUSDT_LINEAL last=0.04707 · río=WS · mercado=linear · estado=ACECHANDO · dir=— · 0=0.047 · Oz=— · Red=0.04604378376 · manos=ON · pos=flat · latido=1.50s
[RANGO] autosello ZKP · ACECHANDO · Oz=0.0 link=— · manos_feria_informe.json
[RANGO] ZKPUSDT_LINEAL last=0.04706 · río=WS · mercado=linear · estado=ACECHANDO · dir=— · 0=0.047 · Oz=— · Red=0.04604378376 · manos=ON · pos=flat · latido=1.50s
[RANGO] autosello ZKP · ACECHANDO · Oz=0.0 link=— · manos_feria_informe.json
[RANGO] ZKPUSDT_LINEAL last=0.04696 · río=WS · mercado=linear · estado=ACECHANDO · dir=— · 0=0.047 · Oz=— · Red=0.04604378376 · manos=ON · pos=flat · latido=1.50s
[RANGO] ZKPUSDT_LINEAL last=0.04706 · río=WS · mercado=linear · estado=ACECHANDO · dir=— · 0=0.047 · Oz=— · Red=0.04604378376 · manos=ON · pos=flat · latido=1.50s
[RANGO] autosello ZKP · ACECHANDO · Oz=0.0 link=— · manos_feria_informe.json
[RANGO] ZKPUSDT_LINEAL last=0.04706 · río=WS · mercado=linear · estado=ACECHANDO · dir=— · 0=0.047 · Oz=— · Red=0.04604378376 · manos=ON · pos=flat · latido=1.50s
[RANGO] autosello ZKP · ACECHANDO · Oz=0.0 link=— · manos_feria_informe.json
[RANGO] ZKPUSDT_LINEAL last=0.04705 · río=WS · mercado=linear · estado=ACECHANDO · dir=— · 0=0.047 · Oz=— · Red=0.04604378376 · manos=ON · pos=flat · latido=1.50s
[2026-08-31 10:57:56] [TUSK] RECONCILIACIÓN: ROBOUSDT_LINEAL: interno L:0.000000/S:0.000000 -> real L:3390.000000/S:0.000000
[2026-08-31 10:57:56] [TUSK] RECONCILIACIÓN_FANTASMA: POWERUSDT_LINEAL existe interno pero no en exchange -> reseteando
[2026-08-31 10:57:57] [TUSK] RECONCILIACIÓN_OK: 2 frentes alineados con exchange
[RANGO] ZKPUSDT_LINEAL last=0.04705 · río=WS · mercado=linear · estado=ACECHANDO · dir=— · 0=0.047 · Oz=— · Red=0.04604378376 · manos=ON · pos=flat · latido=1.50s
[RANGO] autosello ZKP · ACECHANDO · Oz=0.0 link=— · manos_feria_informe.json
[RANGO] ZKPUSDT_LINEAL last=0.047 · río=WS · mercado=linear · estado=ACECHANDO · dir=— · 0=0.047 · Oz=— · Red=0.04604378376 · manos=ON · pos=flat · latido=1.50s
[RANGO] autosello ZKP · ACECHANDO · Oz=0.0 link=— · manos_feria_informe.json
[RANGO] ZKPUSDT_LINEAL last=0.04704 · río=WS · mercado=linear · estado=ACECHANDO · dir=— · 0=0.047 · Oz=— · Red=0.04604378376 · manos=ON · pos=flat · latido=1.50s
[RANGO] ZKPUSDT_LINEAL last=0.04704 · río=WS · mercado=linear · estado=ACECHANDO · dir=— · 0=0.047 · Oz=— · Red=0.04604378376 · manos=ON · pos=flat · latido=1.50s
[RANGO] autosello ZKP · ACECHANDO · Oz=0.0 link=— · manos_feria_informe.json
[RANGO] ZKPUSDT_LINEAL last=0.04705 · río=ciego/muleta · mercado=linear · estado=ACECHANDO · dir=— · 0=0.047 · Oz=— · Red=0.04604378376 · manos=ON · pos=flat · latido=1.50s
[RANGO] autosello ZKP · ACECHANDO · Oz=0.0 link=— · manos_feria_informe.json
[RANGO] ZKPUSDT_LINEAL last=0.04705 · río=WS · mercado=linear · estado=ACECHANDO · dir=— · 0=0.047 · Oz=— · Red=0.04604378376 · manos=ON · pos=flat · latido=1.50s
[2026-08-31 10:58:58] [TUSK] RECONCILIACIÓN: MOVRUSDT_LINEAL: interno L:0.000000/S:0.000000 -> real L:0.000000/S:115.100000
[2026-08-31 10:58:58] [TUSK] RECONCILIACIÓN_FANTASMA: AEHRUSDT_LINEAL existe interno pero no en exchange -> reseteando
[2026-08-31 10:58:58] [TUSK] RECONCILIACIÓN_OK: 2 frentes alineados con exchange
[RANGO] autosello ZKP · ACECHANDO · Oz=0.0 link=— · manos_feria_informe.json
[RANGO] ZKPUSDT_LINEAL last=0.04705 · río=WS · mercado=linear · estado=ACECHANDO · dir=— · 0=0.047 · Oz=— · Red=0.04604378376 · manos=ON · pos=flat · latido=1.50s
[RANGO] ZKPUSDT_LINEAL last=0.04705 · río=WS · mercado=linear · estado=ACECHANDO · dir=— · 0=0.047 · Oz=— · Red=0.04604378376 · manos=ON · pos=flat · latido=1.50s
[RANGO] autosello ZKP · ACECHANDO · Oz=0.0 link=— · manos_feria_informe.json
[RANGO] ZKPUSDT_LINEAL last=0.04704 · río=ciego/muleta · mercado=linear · estado=ACECHANDO · dir=— · 0=0.047 · Oz=— · Red=0.04604378376 · manos=ON · pos=flat · latido=1.50s
[RANGO] autosello ZKP · ACECHANDO · Oz=0.0 link=— · manos_feria_informe.json
[RANGO] ZKPUSDT_LINEAL last=0.04707 · río=WS · mercado=linear · estado=ACECHANDO · dir=— · 0=0.047 · Oz=— · Red=0.04604378376 · manos=ON · pos=flat · latido=1.50s
[RANGO] ZKPUSDT_LINEAL last=0.04707 · río=WS · mercado=linear · estado=ACECHANDO · dir=— · 0=0.047 · Oz=— · Red=0.04604378376 · manos=ON · pos=flat · latido=1.50s
[RANGO] autosello ZKP · ACECHANDO · Oz=0.0 link=— · manos_feria_informe.json
[RANGO] ZKPUSDT_LINEAL last=0.04708 · río=WS · mercado=linear · estado=ACECHANDO · dir=— · 0=0.047 · Oz=— · Red=0.04604378376 · manos=ON · pos=flat · latido=1.50s
[2026-08-31 10:59:59] [TUSK] RECONCILIACIÓN: SAMSUNGUSDT_LINEAL: interno L:0.000000/S:0.000000 -> real L:0.000000/S:0.110000
[2026-08-31 10:59:59] [TUSK] RECONCILIACIÓN: POWERUSDT_LINEAL: interno L:0.000000/S:0.000000 -> real L:0.000000/S:130.000000
[2026-08-31 10:59:59] [TUSK] RECONCILIACIÓN_FANTASMA: CHIPUSDT_LINEAL existe interno pero no en exchange -> reseteando
[2026-08-31 10:59:59] [TUSK] RECONCILIACIÓN_FANTASMA: ROSEUSDT_LINEAL existe interno pero no en exchange -> reseteando
[2026-08-31 10:59:59] [TUSK] RECONCILIACIÓN_OK: 4 frentes alineados con exchange
[RANGO] autosello ZKP · ACECHANDO · Oz=0.0 link=— · manos_feria_informe.json
[RANGO] ZKPUSDT_LINEAL last=0.04704 · río=WS · mercado=linear · estado=ACECHANDO · dir=— · 0=0.047 · Oz=— · Red=0.04604378376 · manos=ON · pos=flat · latido=1.50s
[RANGO] ZKPUSDT_LINEAL last=0.04707 · río=WS · mercado=linear · estado=ACECHANDO · dir=— · 0=0.047 · Oz=— · Red=0.04604378376 · manos=ON · pos=flat · latido=1.50s
[RANGO] autosello ZKP · ACECHANDO · Oz=0.0 link=— · manos_feria_informe.json
[RANGO] ZKPUSDT_LINEAL last=0.04708 · río=WS · mercado=linear · estado=ACECHANDO · dir=— · 0=0.047 · Oz=— · Red=0.04604378376 · manos=ON · pos=flat · latido=1.50s
[RANGO] autosello ZKP · ACECHANDO · Oz=0.0 link=— · manos_feria_informe.json
[RANGO] ZKPUSDT_LINEAL last=0.04708 · río=WS · mercado=linear · estado=ACECHANDO · dir=— · 0=0.047 · Oz=— · Red=0.04604378376 · manos=ON · pos=flat · latido=1.50s
[RANGO] ZKPUSDT_LINEAL last=0.0471 · río=WS · mercado=linear · estado=ACECHANDO · dir=— · 0=0.047 · Oz=— · Red=0.04604378376 · manos=ON · pos=flat · latido=1.50s
[RANGO] autosello ZKP · ACECHANDO · Oz=0.0 link=— · manos_feria_informe.json
[RANGO] ZKPUSDT_LINEAL last=0.0471 · río=WS · mercado=linear · estado=ACECHANDO · dir=— · 0=0.047 · Oz=— · Red=0.04604378376 · manos=ON · pos=flat · latido=1.50s
[RANGO] autosello ZKP · ACECHANDO · Oz=0.0 link=— · manos_feria_informe.json
[RANGO] ZKPUSDT_LINEAL last=0.04713 · río=WS · mercado=linear · estado=ACECHANDO · dir=— · 0=0.047 · Oz=— · Red=0.04604378376 · manos=ON · pos=flat · latido=1.50s
[2026-08-31 11:01:01] [TUSK] RECONCILIACIÓN: TWTUSDT_LINEAL: interno L:26.800000/S:0.000000 -> real L:7.400000/S:0.000000
[2026-08-31 11:01:01] [TUSK] RECONCILIACIÓN: COTIUSDT_LINEAL: interno L:0.000000/S:0.000000 -> real L:1213.000000/S:0.000000
[2026-08-31 11:01:01] [TUSK] RECONCILIACIÓN_FANTASMA: CRCLUSDT_LINEAL existe interno pero no en exchange -> reseteando
[2026-08-31 11:01:01] [TUSK] RECONCILIACIÓN_OK: 3 frentes alineados con exchange
[RANGO] ZKPUSDT_LINEAL last=0.04715 · río=WS · mercado=linear · estado=ACECHANDO · dir=— · 0=0.047 · Oz=— · Red=0.04604378376 · manos=ON · pos=flat · latido=1.50s
[RANGO] autosello ZKP · ACECHANDO · Oz=0.0 link=— · manos_feria_informe.json
[RANGO] ZKPUSDT_LINEAL last=0.04716 · río=WS · mercado=linear · estado=ACECHANDO · dir=— · 0=0.047 · Oz=— · Red=0.04604378376 · manos=ON · pos=flat · latido=1.50s
[RANGO] autosello ZKP · ACECHANDO · Oz=0.0 link=— · manos_feria_informe.json
[RANGO] ZKPUSDT_LINEAL last=0.04716 · río=WS · mercado=linear · estado=ACECHANDO · dir=— · 0=0.047 · Oz=— · Red=0.04604378376 · manos=ON · pos=flat · latido=1.50s
[RANGO] ZKPUSDT_LINEAL last=0.04716 · río=WS · mercado=linear · estado=ACECHANDO · dir=— · 0=0.047 · Oz=— · Red=0.04604378376 · manos=ON · pos=flat · latido=1.50s
[RANGO] autosello ZKP · ACECHANDO · Oz=0.0 link=— · manos_feria_informe.json
[RANGO] ZKPUSDT_LINEAL last=0.04713 · río=WS · mercado=linear · estado=ACECHANDO · dir=— · 0=0.047 · Oz=— · Red=0.04604378376 · manos=ON · pos=flat · latido=1.50s
[RANGO] autosello ZKP · ACECHANDO · Oz=0.0 link=— · manos_feria_informe.json
[RANGO] ZKPUSDT_LINEAL last=0.04709 · río=WS · mercado=linear · estado=ACECHANDO · dir=— · 0=0.047 · Oz=— · Red=0.04604378376 · manos=ON · pos=flat · latido=1.50s
[2026-08-31 11:02:03] [TUSK] RECONCILIACIÓN: PRLUSDT_LINEAL: interno L:0.000000/S:0.000000 -> real L:1308.000000/S:0.000000
[2026-08-31 11:02:03] [TUSK] RECONCILIACIÓN_FANTASMA: BMNRUSDT_LINEAL existe interno pero no en exchange -> reseteando
[2026-08-31 11:02:03] [TUSK] RECONCILIACIÓN_OK: 2 frentes alineados con exchange
[RANGO] ZKPUSDT_LINEAL last=0.04715 · río=WS · mercado=linear · estado=ACECHANDO · dir=— · 0=0.047 · Oz=— · Red=0.04604378376 · manos=ON · pos=flat · latido=1.50s
[RANGO] autosello ZKP · ACECHANDO · Oz=0.0 link=— · manos_feria_informe.json
[RANGO] ZKPUSDT_LINEAL last=0.04709 · río=WS · mercado=linear · estado=ACECHANDO · dir=— · 0=0.047 · Oz=— · Red=0.04604378376 · manos=ON · pos=flat · latido=1.50s
[RANGO] autosello ZKP · ACECHANDO · Oz=0.0 link=— · manos_feria_informe.json
[RANGO] ZKPUSDT_LINEAL last=0.0471 · río=WS · mercado=linear · estado=ACECHANDO · dir=— · 0=0.047 · Oz=— · Red=0.04604378376 · manos=ON · pos=flat · latido=1.50s
[RANGO] ZKPUSDT_LINEAL last=0.04708 · río=WS · mercado=linear · estado=ACECHANDO · dir=— · 0=0.047 · Oz=— · Red=0.04604378376 · manos=ON · pos=flat · latido=1.50s
[RANGO] autosello ZKP · ACECHANDO · Oz=0.0 link=— · manos_feria_informe.json
[RANGO] ZKPUSDT_LINEAL last=0.04709 · río=WS · mercado=linear · estado=ACECHANDO · dir=— · 0=0.047 · Oz=— · Red=0.04604378376 · manos=ON · pos=flat · latido=1.50s
[RANGO] autosello ZKP · ACECHANDO · Oz=0.0 link=— · manos_feria_informe.json
[RANGO] ZKPUSDT_LINEAL last=0.0472 · río=WS · mercado=linear · estado=ACECHANDO · dir=— · 0=0.047 · Oz=— · Red=0.04604378376 · manos=ON · pos=flat · latido=1.50s
[2026-08-31 11:03:04] [TUSK] RECONCILIACIÓN: DASHUSDT_LINEAL: interno L:0.000000/S:0.810000 -> real L:0.000000/S:1.050000
[2026-08-31 11:03:04] [TUSK] RECONCILIACIÓN_OK: 1 frentes alineados con exchange
[RANGO] ZKPUSDT_LINEAL last=0.04708 · río=WS · mercado=linear · estado=ACECHANDO · dir=— · 0=0.047 · Oz=— · Red=0.04604378376 · manos=ON · pos=flat · latido=1.50s
[RANGO] autosello ZKP · ACECHANDO · Oz=0.0 link=— · manos_feria_informe.json
[RANGO] ZKPUSDT_LINEAL last=0.04708 · río=WS · mercado=linear · estado=ACECHANDO · dir=— · 0=0.047 · Oz=— · Red=0.04604378376 · manos=ON · pos=flat · latido=1.50s
[RANGO] autosello ZKP · ACECHANDO · Oz=0.0 link=— · manos_feria_informe.json
[RANGO] ZKPUSDT_LINEAL last=0.0471 · río=WS · mercado=linear · estado=ACECHANDO · dir=— · 0=0.047 · Oz=— · Red=0.04604378376 · manos=ON · pos=flat · latido=1.50s
[RANGO] ZKPUSDT_LINEAL last=0.04711 · río=WS · mercado=linear · estado=ACECHANDO · dir=— · 0=0.047 · Oz=— · Red=0.04604378376 · manos=ON · pos=flat · latido=1.50s
[RANGO] autosello ZKP · ACECHANDO · Oz=0.0 link=— · manos_feria_informe.json
[RANGO] ZKPUSDT_LINEAL last=0.04707 · río=WS · mercado=linear · estado=ACECHANDO · dir=— · 0=0.047 · Oz=— · Red=0.04604378376 · manos=ON · pos=flat · latido=1.50s
[RANGO] autosello ZKP · ACECHANDO · Oz=0.0 link=— · manos_feria_informe.json
[RANGO] ZKPUSDT_LINEAL last=0.04706 · río=WS · mercado=linear · estado=ACECHANDO · dir=— · 0=0.047 · Oz=— · Red=0.04604378376 · manos=ON · pos=flat · latido=1.50s
[2026-08-31 11:04:05] [TUSK] RECONCILIACIÓN: KSMUSDT_LINEAL: interno L:0.000000/S:0.000000 -> real L:13.470000/S:0.000000
[2026-08-31 11:04:05] [TUSK] RECONCILIACIÓN_FANTASMA: HYPEUSDT_LINEAL existe interno pero no en exchange -> reseteando
[2026-08-31 11:04:05] [TUSK] RECONCILIACIÓN_OK: 2 frentes alineados con exchange
[RANGO] ZKPUSDT_LINEAL last=0.04698 · río=WS · mercado=linear · estado=ACECHANDO · dir=— · 0=0.047 · Oz=— · Red=0.04604378376 · manos=ON · pos=flat · latido=1.50s
[RANGO] autosello ZKP · ACECHANDO · Oz=0.0 link=— · manos_feria_informe.json
[RANGO] ZKPUSDT_LINEAL last=0.04703 · río=WS · mercado=linear · estado=ACECHANDO · dir=— · 0=0.047 · Oz=— · Red=0.04604378376 · manos=ON · pos=flat · latido=1.50s
[RANGO] autosello ZKP · ACECHANDO · Oz=0.0 link=— · manos_feria_informe.json
[RANGO] ZKPUSDT_LINEAL last=0.04703 · río=WS · mercado=linear · estado=ACECHANDO · dir=— · 0=0.047 · Oz=— · Red=0.04604378376 · manos=ON · pos=flat · latido=1.50s
[RANGO] ZKPUSDT_LINEAL last=0.04713 · río=WS · mercado=linear · estado=ACECHANDO · dir=— · 0=0.047 · Oz=— · Red=0.04604378376 · manos=ON · pos=flat · latido=1.50s
[RANGO] autosello ZKP · ACECHANDO · Oz=0.0 link=— · manos_feria_informe.json
[RANGO] ZKPUSDT_LINEAL last=0.04703 · río=WS · mercado=linear · estado=ACECHANDO · dir=— · 0=0.047 · Oz=— · Red=0.04604378376 · manos=ON · pos=flat · latido=1.50s
[RANGO] autosello ZKP · ACECHANDO · Oz=0.0 link=— · manos_feria_informe.json
[RANGO] ZKPUSDT_LINEAL last=0.04703 · río=WS · mercado=linear · estado=ACECHANDO · dir=— · 0=0.047 · Oz=— · Red=0.04604378376 · manos=ON · pos=flat · latido=1.50s
[RANGO] ZKPUSDT_LINEAL last=0.04708 · río=WS · mercado=linear · estado=ACECHANDO · dir=— · 0=0.047 · Oz=— · Red=0.04604378376 · manos=ON · pos=flat · latido=1.50s
[RANGO] autosello ZKP · ACECHANDO · Oz=0.0 link=— · manos_feria_informe.json
[RANGO] ZKPUSDT_LINEAL last=0.04711 · río=WS · mercado=linear · estado=ACECHANDO · dir=— · 0=0.047 · Oz=— · Red=0.04604378376 · manos=ON · pos=flat · latido=1.50s
[RANGO] autosello ZKP · ACECHANDO · Oz=0.0 link=— · manos_feria_informe.json
[RANGO] ZKPUSDT_LINEAL last=0.04711 · río=ciego/muleta · mercado=linear · estado=ACECHANDO · dir=— · 0=0.047 · Oz=— · Red=0.04604378376 · manos=ON · pos=flat · latido=1.50s
[RANGO] ZKPUSDT_LINEAL last=0.04712 · río=WS · mercado=linear · estado=ACECHANDO · dir=— · 0=0.047 · Oz=— · Red=0.04604378376 · manos=ON · pos=flat · latido=1.50s
[RANGO] autosello ZKP · ACECHANDO · Oz=0.0 link=— · manos_feria_informe.json
[RANGO] ZKPUSDT_LINEAL last=0.04711 · río=WS · mercado=linear · estado=ACECHANDO · dir=— · 0=0.047 · Oz=— · Red=0.04604378376 · manos=ON · pos=flat · latido=1.50s
[RANGO] autosello ZKP · ACECHANDO · Oz=0.0 link=— · manos_feria_informe.json
[RANGO] ZKPUSDT_LINEAL last=0.04709 · río=WS · mercado=linear · estado=ACECHANDO · dir=— · 0=0.047 · Oz=— · Red=0.04604378376 · manos=ON · pos=flat · latido=1.50s
[RANGO] ZKPUSDT_LINEAL last=0.0471 · río=WS · mercado=linear · estado=ACECHANDO · dir=— · 0=0.047 · Oz=— · Red=0.04604378376 · manos=ON · pos=flat · latido=1.50s
[RANGO] autosello ZKP · ACECHANDO · Oz=0.0 link=— · manos_feria_informe.json
[RANGO] ZKPUSDT_LINEAL last=0.04706 · río=WS · mercado=linear · estado=ACECHANDO · dir=— · 0=0.047 · Oz=— · Red=0.04604378376 · manos=ON · pos=flat · latido=1.50s
[RANGO] autosello ZKP · ACECHANDO · Oz=0.0 link=— · manos_feria_informe.json
[RANGO] ZKPUSDT_LINEAL last=0.04707 · río=WS · mercado=linear · estado=ACECHANDO · dir=— · 0=0.047 · Oz=— · Red=0.04604378376 · manos=ON · pos=flat · latido=1.50s
[RANGO] ZKPUSDT_LINEAL last=0.04707 · río=ciego/muleta · mercado=linear · estado=ACECHANDO · dir=— · 0=0.047 · Oz=— · Red=0.04604378376 · manos=ON · pos=flat · latido=1.50s
[RANGO] autosello ZKP · ACECHANDO · Oz=0.0 link=— · manos_feria_informe.json
[RANGO] ZKPUSDT_LINEAL last=0.04707 · río=ciego/muleta · mercado=linear · estado=ACECHANDO · dir=— · 0=0.047 · Oz=— · Red=0.04604378376 · manos=ON · pos=flat · latido=1.50s
[RANGO] autosello ZKP · ACECHANDO · Oz=0.0 link=— · manos_feria_informe.json
[RANGO] ZKPUSDT_LINEAL last=0.04706 · río=WS · mercado=linear · estado=ACECHANDO · dir=— · 0=0.047 · Oz=— · Red=0.04604378376 · manos=ON · pos=flat · latido=1.50s
[2026-08-31 11:07:08] [TUSK] RECONCILIACIÓN: ARCUSDT_LINEAL: interno L:0.000000/S:0.000000 -> real L:45.000000/S:0.000000
[2026-08-31 11:07:08] [TUSK] RECONCILIACIÓN_FANTASMA: BLUAIUSDT_LINEAL existe interno pero no en exchange -> reseteando
[2026-08-31 11:07:08] [TUSK] RECONCILIACIÓN_OK: 2 frentes alineados con exchange
[RANGO] autosello ZKP · ACECHANDO · Oz=0.0 link=— · manos_feria_informe.json
[RANGO] ZKPUSDT_LINEAL last=0.04707 · río=WS · mercado=linear · estado=ACECHANDO · dir=— · 0=0.047 · Oz=— · Red=0.04604378376 · manos=ON · pos=flat · latido=1.50s
[RANGO] ZKPUSDT_LINEAL last=0.04706 · río=WS · mercado=linear · estado=ACECHANDO · dir=— · 0=0.047 · Oz=— · Red=0.04604378376 · manos=ON · pos=flat · latido=1.50s
[RANGO] autosello ZKP · ACECHANDO · Oz=0.0 link=— · manos_feria_informe.json
[RANGO] ZKPUSDT_LINEAL last=0.04706 · río=WS · mercado=linear · estado=ACECHANDO · dir=— · 0=0.047 · Oz=— · Red=0.04604378376 · manos=ON · pos=flat · latido=1.50s
[RANGO] autosello ZKP · ACECHANDO · Oz=0.0 link=— · manos_feria_informe.json
[RANGO] ZKPUSDT_LINEAL last=0.04706 · río=WS · mercado=linear · estado=ACECHANDO · dir=— · 0=0.047 · Oz=— · Red=0.04604378376 · manos=ON · pos=flat · latido=1.50s
[RANGO] ZKPUSDT_LINEAL last=0.04709 · río=WS · mercado=linear · estado=ACECHANDO · dir=— · 0=0.047 · Oz=— · Red=0.04604378376 · manos=ON · pos=flat · latido=1.50s
[RANGO] autosello ZKP · ACECHANDO · Oz=0.0 link=— · manos_feria_informe.json
[RANGO] ZKPUSDT_LINEAL last=0.04709 · río=WS · mercado=linear · estado=ACECHANDO · dir=— · 0=0.047 · Oz=— · Red=0.04604378376 · manos=ON · pos=flat · latido=1.50s
[RANGO] autosello ZKP · ACECHANDO · Oz=0.0 link=— · manos_feria_informe.json
[RANGO] ZKPUSDT_LINEAL last=0.04708 · río=WS · mercado=linear · estado=ACECHANDO · dir=— · 0=0.047 · Oz=— · Red=0.04604378376 · manos=ON · pos=flat · latido=1.50s
[RANGO] ZKPUSDT_LINEAL last=0.0471 · río=WS · mercado=linear · estado=ACECHANDO · dir=— · 0=0.047 · Oz=— · Red=0.04604378376 · manos=ON · pos=flat · latido=1.50s
[RANGO] autosello ZKP · ACECHANDO · Oz=0.0 link=— · manos_feria_informe.json
[RANGO] ZKPUSDT_LINEAL last=0.04709 · río=WS · mercado=linear · estado=ACECHANDO · dir=— · 0=0.047 · Oz=— · Red=0.04604378376 · manos=ON · pos=flat · latido=1.50s
[RANGO] autosello ZKP · ACECHANDO · Oz=0.0 link=— · manos_feria_informe.json
[RANGO] ZKPUSDT_LINEAL last=0.0471 · río=WS · mercado=linear · estado=ACECHANDO · dir=— · 0=0.047 · Oz=— · Red=0.04604378376 · manos=ON · pos=flat · latido=1.50s
[RANGO] ZKPUSDT_LINEAL last=0.04708 · río=WS · mercado=linear · estado=ACECHANDO · dir=— · 0=0.047 · Oz=— · Red=0.04604378376 · manos=ON · pos=flat · latido=1.50s
[RANGO] autosello ZKP · ACECHANDO · Oz=0.0 link=— · manos_feria_informe.json
[RANGO] ZKPUSDT_LINEAL last=0.04708 · río=WS · mercado=linear · estado=ACECHANDO · dir=— · 0=0.047 · Oz=— · Red=0.04604378376 · manos=ON · pos=flat · latido=1.50s
[RANGO] autosello ZKP · ACECHANDO · Oz=0.0 link=— · manos_feria_informe.json
[RANGO] ZKPUSDT_LINEAL last=0.04708 · río=WS · mercado=linear · estado=ACECHANDO · dir=— · 0=0.047 · Oz=— · Red=0.04604378376 · manos=ON · pos=flat · latido=1.50s
[RANGO] ZKPUSDT_LINEAL last=0.04711 · río=WS · mercado=linear · estado=ACECHANDO · dir=— · 0=0.047 · Oz=— · Red=0.04604378376 · manos=ON · pos=flat · latido=1.50s
[RANGO] autosello ZKP · ACECHANDO · Oz=0.0 link=— · manos_feria_informe.json
[RANGO] ZKPUSDT_LINEAL last=0.04713 · río=WS · mercado=linear · estado=ACECHANDO · dir=— · 0=0.047 · Oz=— · Red=0.04604378376 · manos=ON · pos=flat · latido=1.50s
[RANGO] autosello ZKP · ACECHANDO · Oz=0.0 link=— · manos_feria_informe.json
[RANGO] ZKPUSDT_LINEAL last=0.04713 · río=WS · mercado=linear · estado=ACECHANDO · dir=— · 0=0.047 · Oz=— · Red=0.04604378376 · manos=ON · pos=flat · latido=1.50s
[RANGO] ZKPUSDT_LINEAL last=0.04714 · río=ciego/muleta · mercado=linear · estado=ACECHANDO · dir=— · 0=0.047 · Oz=— · Red=0.04604378376 · manos=ON · pos=flat · latido=1.50s
[RANGO] autosello ZKP · ACECHANDO · Oz=0.0 link=— · manos_feria_informe.json
[RANGO] ZKPUSDT_LINEAL last=0.04717 · río=WS · mercado=linear · estado=ACECHANDO · dir=— · 0=0.047 · Oz=— · Red=0.04604378376 · manos=ON · pos=flat · latido=1.50s
[RANGO] autosello ZKP · ACECHANDO · Oz=0.0 link=— · manos_feria_informe.json
[RANGO] ZKPUSDT_LINEAL last=0.04717 · río=WS · mercado=linear · estado=ACECHANDO · dir=— · 0=0.047 · Oz=— · Red=0.04604378376 · manos=ON · pos=flat · latido=1.50s
[RANGO] ZKPUSDT_LINEAL last=0.04717 · río=WS · mercado=linear · estado=ACECHANDO · dir=— · 0=0.047 · Oz=— · Red=0.04604378376 · manos=ON · pos=flat · latido=1.50s
[RANGO] autosello ZKP · ACECHANDO · Oz=0.0 link=— · manos_feria_informe.json
[RANGO] ZKPUSDT_LINEAL last=0.04717 · río=WS · mercado=linear · estado=ACECHANDO · dir=— · 0=0.047 · Oz=— · Red=0.04604378376 · manos=ON · pos=flat · latido=1.50s
[RANGO] autosello ZKP · ACECHANDO · Oz=0.0 link=— · manos_feria_informe.json
[RANGO] ZKPUSDT_LINEAL last=0.04718 · río=ciego/muleta · mercado=linear · estado=ACECHANDO · dir=— · 0=0.047 · Oz=— · Red=0.04604378376 · manos=ON · pos=flat · latido=1.50s
[RANGO] ZKPUSDT_LINEAL last=0.04718 · río=WS · mercado=linear · estado=ACECHANDO · dir=— · 0=0.047 · Oz=— · Red=0.04604378376 · manos=ON · pos=flat · latido=1.50s
[RANGO] autosello ZKP · ACECHANDO · Oz=0.0 link=— · manos_feria_informe.json
[RANGO] ZKPUSDT_LINEAL last=0.04717 · río=WS · mercado=linear · estado=ACECHANDO · dir=— · 0=0.047 · Oz=— · Red=0.04604378376 · manos=ON · pos=flat · latido=1.50s
[2026-08-31 11:11:14] [TUSK] RECONCILIACIÓN: PLTRUSDT_LINEAL: interno L:0.000000/S:0.000000 -> real L:0.030000/S:0.000000
[2026-08-31 11:11:14] [TUSK] RECONCILIACIÓN_FANTASMA: XANUSDT_LINEAL existe interno pero no en exchange -> reseteando
[2026-08-31 11:11:14] [TUSK] RECONCILIACIÓN_OK: 2 frentes alineados con exchange
[RANGO] autosello ZKP · ACECHANDO · Oz=0.0 link=— · manos_feria_informe.json
[RANGO] ZKPUSDT_LINEAL last=0.04715 · río=WS · mercado=linear · estado=ACECHANDO · dir=— · 0=0.047 · Oz=— · Red=0.04604378376 · manos=ON · pos=flat · latido=1.50s
[RANGO] ZKPUSDT_LINEAL last=0.04715 · río=WS · mercado=linear · estado=ACECHANDO · dir=— · 0=0.047 · Oz=— · Red=0.04604378376 · manos=ON · pos=flat · latido=1.50s
[RANGO] autosello ZKP · ACECHANDO · Oz=0.0 link=— · manos_feria_informe.json
[RANGO] ZKPUSDT_LINEAL last=0.04719 · río=WS · mercado=linear · estado=ACECHANDO · dir=— · 0=0.047 · Oz=— · Red=0.04604378376 · manos=ON · pos=flat · latido=1.50s
[RANGO] autosello ZKP · ACECHANDO · Oz=0.0 link=— · manos_feria_informe.json
[RANGO] ZKPUSDT_LINEAL last=0.04719 · río=WS · mercado=linear · estado=ACECHANDO · dir=— · 0=0.047 · Oz=— · Red=0.04604378376 · manos=ON · pos=flat · latido=1.50s
[RANGO] ZKPUSDT_LINEAL last=0.0472 · río=WS · mercado=linear · estado=ACECHANDO · dir=— · 0=0.047 · Oz=— · Red=0.04604378376 · manos=ON · pos=flat · latido=1.50s
[RANGO] autosello ZKP · ACECHANDO · Oz=0.0 link=— · manos_feria_informe.json
[RANGO] ZKPUSDT_LINEAL last=0.04721 · río=WS · mercado=linear · estado=ACECHANDO · dir=— · 0=0.047 · Oz=— · Red=0.04604378376 · manos=ON · pos=flat · latido=1.50s
[RANGO] autosello ZKP · ACECHANDO · Oz=0.0 link=— · manos_feria_informe.json
[RANGO] ZKPUSDT_LINEAL last=0.04721 · río=WS · mercado=linear · estado=ACECHANDO · dir=— · 0=0.047 · Oz=— · Red=0.04604378376 · manos=ON · pos=flat · latido=1.50s
[RANGO] ZKPUSDT_LINEAL last=0.04721 · río=WS · mercado=linear · estado=ACECHANDO · dir=— · 0=0.047 · Oz=— · Red=0.04604378376 · manos=ON · pos=flat · latido=1.50s
[RANGO] autosello ZKP · ACECHANDO · Oz=0.0 link=— · manos_feria_informe.json
[RANGO] ZKPUSDT_LINEAL last=0.04722 · río=WS · mercado=linear · estado=ACECHANDO · dir=— · 0=0.047 · Oz=— · Red=0.04604378376 · manos=ON · pos=flat · latido=1.50s
[RANGO] autosello ZKP · ACECHANDO · Oz=0.0 link=— · manos_feria_informe.json
[RANGO] ZKPUSDT_LINEAL last=0.04724 · río=WS · mercado=linear · estado=ACECHANDO · dir=— · 0=0.047 · Oz=— · Red=0.04604378376 · manos=ON · pos=flat · latido=1.50s
[RANGO] ZKPUSDT_LINEAL last=0.04723 · río=WS · mercado=linear · estado=ACECHANDO · dir=— · 0=0.047 · Oz=— · Red=0.04604378376 · manos=ON · pos=flat · latido=1.50s
[RANGO] autosello ZKP · ACECHANDO · Oz=0.0 link=— · manos_feria_informe.json
[RANGO] ZKPUSDT_LINEAL last=0.04723 · río=WS · mercado=linear · estado=ACECHANDO · dir=— · 0=0.047 · Oz=— · Red=0.04604378376 · manos=ON · pos=flat · latido=1.50s
[RANGO] autosello ZKP · ACECHANDO · Oz=0.0 link=— · manos_feria_informe.json
[RANGO] ZKPUSDT_LINEAL last=0.04718 · río=WS · mercado=linear · estado=ACECHANDO · dir=— · 0=0.047 · Oz=— · Red=0.04604378376 · manos=ON · pos=flat · latido=1.50s
[RANGO] ZKPUSDT_LINEAL last=0.04716 · río=WS · mercado=linear · estado=ACECHANDO · dir=— · 0=0.047 · Oz=— · Red=0.04604378376 · manos=ON · pos=flat · latido=1.50s
[RANGO] autosello ZKP · ACECHANDO · Oz=0.0 link=— · manos_feria_informe.json
[RANGO] ZKPUSDT_LINEAL last=0.04718 · río=WS · mercado=linear · estado=ACECHANDO · dir=— · 0=0.047 · Oz=— · Red=0.04604378376 · manos=ON · pos=flat · latido=1.50s
[RANGO] autosello ZKP · ACECHANDO · Oz=0.0 link=— · manos_feria_informe.json
[RANGO] ZKPUSDT_LINEAL last=0.04719 · río=WS · mercado=linear · estado=ACECHANDO · dir=— · 0=0.047 · Oz=— · Red=0.04604378376 · manos=ON · pos=flat · latido=1.50s
[RANGO] ZKPUSDT_LINEAL last=0.04718 · río=ciego/muleta · mercado=linear · estado=ACECHANDO · dir=— · 0=0.047 · Oz=— · Red=0.04604378376 · manos=ON · pos=flat · latido=1.50s
[RANGO] autosello ZKP · ACECHANDO · Oz=0.0 link=— · manos_feria_informe.json
[RANGO] ZKPUSDT_LINEAL last=0.04715 · río=WS · mercado=linear · estado=ACECHANDO · dir=— · 0=0.047 · Oz=— · Red=0.04604378376 · manos=ON · pos=flat · latido=1.50s
[2026-08-31 11:14:18] [TUSK] RECONCILIACIÓN_FANTASMA: AAVEUSD_INVERSE existe interno pero no en exchange -> reseteando
[2026-08-31 11:14:18] [TUSK] RECONCILIACIÓN_OK: 1 frentes alineados con exchange
[RANGO] autosello ZKP · ACECHANDO · Oz=0.0 link=— · manos_feria_informe.json
[RANGO] ZKPUSDT_LINEAL last=0.04717 · río=WS · mercado=linear · estado=ACECHANDO · dir=— · 0=0.047 · Oz=— · Red=0.04604378376 · manos=ON · pos=flat · latido=1.50s
[RANGO] ZKPUSDT_LINEAL last=0.04716 · río=WS · mercado=linear · estado=ACECHANDO · dir=— · 0=0.047 · Oz=— · Red=0.04604378376 · manos=ON · pos=flat · latido=1.50s
[RANGO] autosello ZKP · ACECHANDO · Oz=0.0 link=— · manos_feria_informe.json
[RANGO] ZKPUSDT_LINEAL last=0.04717 · río=WS · mercado=linear · estado=ACECHANDO · dir=— · 0=0.047 · Oz=— · Red=0.04604378376 · manos=ON · pos=flat · latido=1.50s
[RANGO] autosello ZKP · ACECHANDO · Oz=0.0 link=— · manos_feria_informe.json
[RANGO] ZKPUSDT_LINEAL last=0.04717 · río=WS · mercado=linear · estado=ACECHANDO · dir=— · 0=0.047 · Oz=— · Red=0.04604378376 · manos=ON · pos=flat · latido=1.50s
[RANGO] ZKPUSDT_LINEAL last=0.04718 · río=WS · mercado=linear · estado=ACECHANDO · dir=— · 0=0.047 · Oz=— · Red=0.04604378376 · manos=ON · pos=flat · latido=1.50s
[RANGO] autosello ZKP · ACECHANDO · Oz=0.0 link=— · manos_feria_informe.json
[RANGO] ZKPUSDT_LINEAL last=0.0472 · río=WS · mercado=linear · estado=ACECHANDO · dir=— · 0=0.047 · Oz=— · Red=0.04604378376 · manos=ON · pos=flat · latido=1.50s
[RANGO] autosello ZKP · ACECHANDO · Oz=0.0 link=— · manos_feria_informe.json
[2026-08-31 11:15:19] [TUSK] RECONCILIACIÓN: CRCLUSDT_LINEAL: interno L:0.000000/S:0.000000 -> real L:0.150000/S:0.000000
[2026-08-31 11:15:19] [TUSK] RECONCILIACIÓN: POWERUSDT_LINEAL: interno L:0.000000/S:130.000000 -> real L:0.000000/S:189.000000
[2026-08-31 11:15:19] [TUSK] RECONCILIACIÓN_FANTASMA: MORPHOUSDT_LINEAL existe interno pero no en exchange -> reseteando
[2026-08-31 11:15:19] [TUSK] RECONCILIACIÓN_OK: 3 frentes alineados con exchange
[RANGO] ZKPUSDT_LINEAL last=0.04723 · río=WS · mercado=linear · estado=ACECHANDO · dir=— · 0=0.047 · Oz=— · Red=0.04604378376 · manos=ON · pos=flat · latido=1.50s
[RANGO] ZKPUSDT_LINEAL last=0.04723 · río=WS · mercado=linear · estado=ACECHANDO · dir=— · 0=0.047 · Oz=— · Red=0.04604378376 · manos=ON · pos=flat · latido=1.50s
[RANGO] autosello ZKP · ACECHANDO · Oz=0.0 link=— · manos_feria_informe.json
[RANGO] ZKPUSDT_LINEAL last=0.04726 · río=WS · mercado=linear · estado=ACECHANDO · dir=— · 0=0.047 · Oz=— · Red=0.04604378376 · manos=ON · pos=flat · latido=1.50s
[RANGO] autosello ZKP · ACECHANDO · Oz=0.0 link=— · manos_feria_informe.json
[RANGO] ZKPUSDT_LINEAL last=0.04721 · río=WS · mercado=linear · estado=ACECHANDO · dir=— · 0=0.047 · Oz=— · Red=0.04604378376 · manos=ON · pos=flat · latido=1.50s
[RANGO] ZKPUSDT_LINEAL last=0.04723 · río=WS · mercado=linear · estado=ACECHANDO · dir=— · 0=0.047 · Oz=— · Red=0.04604378376 · manos=ON · pos=flat · latido=1.50s
[RANGO] autosello ZKP · ACECHANDO · Oz=0.0 link=— · manos_feria_informe.json
[RANGO] ZKPUSDT_LINEAL last=0.04724 · río=WS · mercado=linear · estado=ACECHANDO · dir=— · 0=0.047 · Oz=— · Red=0.04604378376 · manos=ON · pos=flat · latido=1.50s
[RANGO] autosello ZKP · ACECHANDO · Oz=0.0 link=— · manos_feria_informe.json
[RANGO] ZKPUSDT_LINEAL last=0.04722 · río=WS · mercado=linear · estado=ACECHANDO · dir=— · 0=0.047 · Oz=— · Red=0.04604378376 · manos=ON · pos=flat · latido=1.50s
[RANGO] ZKPUSDT_LINEAL last=0.04723 · río=ciego/muleta · mercado=linear · estado=ACECHANDO · dir=— · 0=0.047 · Oz=— · Red=0.04604378376 · manos=ON · pos=flat · latido=1.50s
[RANGO] autosello ZKP · ACECHANDO · Oz=0.0 link=— · manos_feria_informe.json
[RANGO] ZKPUSDT_LINEAL last=0.04721 · río=WS · mercado=linear · estado=ACECHANDO · dir=— · 0=0.047 · Oz=— · Red=0.04604378376 · manos=ON · pos=flat · latido=1.50s
[RANGO] autosello ZKP · ACECHANDO · Oz=0.0 link=— · manos_feria_informe.json
[RANGO] ZKPUSDT_LINEAL last=0.04718 · río=WS · mercado=linear · estado=ACECHANDO · dir=— · 0=0.047 · Oz=— · Red=0.04604378376 · manos=ON · pos=flat · latido=1.50s
[RANGO] ZKPUSDT_LINEAL last=0.04712 · río=WS · mercado=linear · estado=ACECHANDO · dir=— · 0=0.047 · Oz=— · Red=0.04604378376 · manos=ON · pos=flat · latido=1.50s
[RANGO] autosello ZKP · ACECHANDO · Oz=0.0 link=— · manos_feria_informe.json
[RANGO] ZKPUSDT_LINEAL last=0.04713 · río=WS · mercado=linear · estado=ACECHANDO · dir=— · 0=0.047 · Oz=— · Red=0.04604378376 · manos=ON · pos=flat · latido=1.50s
[RANGO] autosello ZKP · ACECHANDO · Oz=0.0 link=— · manos_feria_informe.json
[RANGO] ZKPUSDT_LINEAL last=0.04714 · río=WS · mercado=linear · estado=ACECHANDO · dir=— · 0=0.047 · Oz=— · Red=0.04604378376 · manos=ON · pos=flat · latido=1.50s
[2026-08-31 11:17:22] [TUSK] RECONCILIACIÓN: MSTRUSDT_LINEAL: interno L:0.000000/S:0.000000 -> real L:0.160000/S:0.000000
[2026-08-31 11:17:22] [TUSK] RECONCILIACIÓN: MORPHOUSDT_LINEAL: interno L:0.000000/S:0.000000 -> real L:21.000000/S:0.000000
[2026-08-31 11:17:22] [TUSK] RECONCILIACIÓN_FANTASMA: PURRUSDT_LINEAL existe interno pero no en exchange -> reseteando
[2026-08-31 11:17:22] [TUSK] RECONCILIACIÓN_FANTASMA: ASTSUSDT_LINEAL existe interno pero no en exchange -> reseteando
[2026-08-31 11:17:22] [TUSK] RECONCILIACIÓN_OK: 4 frentes alineados con exchange
[RANGO] ZKPUSDT_LINEAL last=0.04712 · río=WS · mercado=linear · estado=ACECHANDO · dir=— · 0=0.047 · Oz=— · Red=0.04604378376 · manos=ON · pos=flat · latido=1.50s
[RANGO] autosello ZKP · ACECHANDO · Oz=0.0 link=— · manos_feria_informe.json
[RANGO] ZKPUSDT_LINEAL last=0.04709 · río=WS · mercado=linear · estado=ACECHANDO · dir=— · 0=0.047 · Oz=— · Red=0.04604378376 · manos=ON · pos=flat · latido=1.50s
[RANGO] autosello ZKP · ACECHANDO · Oz=0.0 link=— · manos_feria_informe.json
[RANGO] ZKPUSDT_LINEAL last=0.04712 · río=WS · mercado=linear · estado=ACECHANDO · dir=— · 0=0.047 · Oz=— · Red=0.04604378376 · manos=ON · pos=flat · latido=1.50s
[RANGO] ZKPUSDT_LINEAL last=0.04713 · río=WS · mercado=linear · estado=ACECHANDO · dir=— · 0=0.047 · Oz=— · Red=0.04604378376 · manos=ON · pos=flat · latido=1.50s
[RANGO] autosello ZKP · ACECHANDO · Oz=0.0 link=— · manos_feria_informe.json
[RANGO] ZKPUSDT_LINEAL last=0.04711 · río=ciego/muleta · mercado=linear · estado=ACECHANDO · dir=— · 0=0.047 · Oz=— · Red=0.04604378376 · manos=ON · pos=flat · latido=1.50s
[RANGO] autosello ZKP · ACECHANDO · Oz=0.0 link=— · manos_feria_informe.json
[RANGO] ZKPUSDT_LINEAL last=0.04709 · río=WS · mercado=linear · estado=ACECHANDO · dir=— · 0=0.047 · Oz=— · Red=0.04604378376 · manos=ON · pos=flat · latido=1.50s
[RANGO] ZKPUSDT_LINEAL last=0.04711 · río=WS · mercado=linear · estado=ACECHANDO · dir=— · 0=0.047 · Oz=— · Red=0.04604378376 · manos=ON · pos=flat · latido=1.50s
[RANGO] autosello ZKP · ACECHANDO · Oz=0.0 link=— · manos_feria_informe.json
[RANGO] ZKPUSDT_LINEAL last=0.04712 · río=WS · mercado=linear · estado=ACECHANDO · dir=— · 0=0.047 · Oz=— · Red=0.04604378376 · manos=ON · pos=flat · latido=1.50s
[RANGO] autosello ZKP · ACECHANDO · Oz=0.0 link=— · manos_feria_informe.json
[RANGO] ZKPUSDT_LINEAL last=0.04711 · río=WS · mercado=linear · estado=ACECHANDO · dir=— · 0=0.047 · Oz=— · Red=0.04604378376 · manos=ON · pos=flat · latido=1.50s
[RANGO] ZKPUSDT_LINEAL last=0.0471 · río=WS · mercado=linear · estado=ACECHANDO · dir=— · 0=0.047 · Oz=— · Red=0.04604378376 · manos=ON · pos=flat · latido=1.50s
[RANGO] autosello ZKP · ACECHANDO · Oz=0.0 link=— · manos_feria_informe.json
[RANGO] ZKPUSDT_LINEAL last=0.04715 · río=WS · mercado=linear · estado=ACECHANDO · dir=— · 0=0.047 · Oz=— · Red=0.04604378376 · manos=ON · pos=flat · latido=1.50s
[RANGO] autosello ZKP · ACECHANDO · Oz=0.0 link=— · manos_feria_informe.json
[RANGO] ZKPUSDT_LINEAL last=0.04711 · río=WS · mercado=linear · estado=ACECHANDO · dir=— · 0=0.047 · Oz=— · Red=0.04604378376 · manos=ON · pos=flat · latido=1.50s
[RANGO] ZKPUSDT_LINEAL last=0.04713 · río=WS · mercado=linear · estado=ACECHANDO · dir=— · 0=0.047 · Oz=— · Red=0.04604378376 · manos=ON · pos=flat · latido=1.50s
[RANGO] autosello ZKP · ACECHANDO · Oz=0.0 link=— · manos_feria_informe.json
[RANGO] ZKPUSDT_LINEAL last=0.04712 · río=WS · mercado=linear · estado=ACECHANDO · dir=— · 0=0.047 · Oz=— · Red=0.04604378376 · manos=ON · pos=flat · latido=1.50s
[RANGO] autosello ZKP · ACECHANDO · Oz=0.0 link=— · manos_feria_informe.json
[RANGO] ZKPUSDT_LINEAL last=0.04711 · río=WS · mercado=linear · estado=ACECHANDO · dir=— · 0=0.047 · Oz=— · Red=0.04604378376 · manos=ON · pos=flat · latido=1.50s
[RANGO] ZKPUSDT_LINEAL last=0.04711 · río=WS · mercado=linear · estado=ACECHANDO · dir=— · 0=0.047 · Oz=— · Red=0.04604378376 · manos=ON · pos=flat · latido=1.50s
[RANGO] autosello ZKP · ACECHANDO · Oz=0.0 link=— · manos_feria_informe.json
[RANGO] ZKPUSDT_LINEAL last=0.04712 · río=WS · mercado=linear · estado=ACECHANDO · dir=— · 0=0.047 · Oz=— · Red=0.04604378376 · manos=ON · pos=flat · latido=1.50s
[RANGO] autosello ZKP · ACECHANDO · Oz=0.0 link=— · manos_feria_informe.json
[RANGO] ZKPUSDT_LINEAL last=0.04712 · río=WS · mercado=linear · estado=ACECHANDO · dir=— · 0=0.047 · Oz=— · Red=0.04604378376 · manos=ON · pos=flat · latido=1.50s
[RANGO] ZKPUSDT_LINEAL last=0.0471 · río=WS · mercado=linear · estado=ACECHANDO · dir=— · 0=0.047 · Oz=— · Red=0.04604378376 · manos=ON · pos=flat · latido=1.50s
[RANGO] autosello ZKP · ACECHANDO · Oz=0.0 link=— · manos_feria_informe.json
[RANGO] ZKPUSDT_LINEAL last=0.0471 · río=WS · mercado=linear · estado=ACECHANDO · dir=— · 0=0.047 · Oz=— · Red=0.04604378376 · manos=ON · pos=flat · latido=1.50s
[RANGO] autosello ZKP · ACECHANDO · Oz=0.0 link=— · manos_feria_informe.json
[RANGO] ZKPUSDT_LINEAL last=0.04708 · río=WS · mercado=linear · estado=ACECHANDO · dir=— · 0=0.047 · Oz=— · Red=0.04604378376 · manos=ON · pos=flat · latido=1.50s
[RANGO] ZKPUSDT_LINEAL last=0.04705 · río=WS · mercado=linear · estado=ACECHANDO · dir=— · 0=0.047 · Oz=— · Red=0.04604378376 · manos=ON · pos=flat · latido=1.50s
[RANGO] autosello ZKP · ACECHANDO · Oz=0.0 link=— · manos_feria_informe.json
[RANGO] ZKPUSDT_LINEAL last=0.04708 · río=WS · mercado=linear · estado=ACECHANDO · dir=— · 0=0.047 · Oz=— · Red=0.04604378376 · manos=ON · pos=flat · latido=1.50s
[RANGO] autosello ZKP · ACECHANDO · Oz=0.0 link=— · manos_feria_informe.json
[RANGO] ZKPUSDT_LINEAL last=0.04706 · río=ciego/muleta · mercado=linear · estado=ACECHANDO · dir=— · 0=0.047 · Oz=— · Red=0.04604378376 · manos=ON · pos=flat · latido=1.50s
[2026-08-31 11:21:27] [TUSK] RECONCILIACIÓN: LITUSDT_LINEAL: interno L:0.000000/S:24.100000 -> real L:0.000000/S:22.400000
[2026-08-31 11:21:27] [TUSK] RECONCILIACIÓN_OK: 1 frentes alineados con exchange
[RANGO] ZKPUSDT_LINEAL last=0.04707 · río=WS · mercado=linear · estado=ACECHANDO · dir=— · 0=0.047 · Oz=— · Red=0.04604378376 · manos=ON · pos=flat · latido=1.50s
[RANGO] autosello ZKP · ACECHANDO · Oz=0.0 link=— · manos_feria_informe.json
[RANGO] ZKPUSDT_LINEAL last=0.04706 · río=WS · mercado=linear · estado=ACECHANDO · dir=— · 0=0.047 · Oz=— · Red=0.04604378376 · manos=ON · pos=flat · latido=1.50s
[RANGO] autosello ZKP · ACECHANDO · Oz=0.0 link=— · manos_feria_informe.json
[RANGO] ZKPUSDT_LINEAL last=0.04706 · río=WS · mercado=linear · estado=ACECHANDO · dir=— · 0=0.047 · Oz=— · Red=0.04604378376 · manos=ON · pos=flat · latido=1.50s
[RANGO] ZKPUSDT_LINEAL last=0.04706 · río=WS · mercado=linear · estado=ACECHANDO · dir=— · 0=0.047 · Oz=— · Red=0.04604378376 · manos=ON · pos=flat · latido=1.50s
[RANGO] autosello ZKP · ACECHANDO · Oz=0.0 link=— · manos_feria_informe.json
[RANGO] ZKPUSDT_LINEAL last=0.04706 · río=ciego/muleta · mercado=linear · estado=ACECHANDO · dir=— · 0=0.047 · Oz=— · Red=0.04604378376 · manos=ON · pos=flat · latido=1.50s
[RANGO] autosello ZKP · ACECHANDO · Oz=0.0 link=— · manos_feria_informe.json
[RANGO] ZKPUSDT_LINEAL last=0.04714 · río=WS · mercado=linear · estado=ACECHANDO · dir=— · 0=0.047 · Oz=— · Red=0.04604378376 · manos=ON · pos=flat · latido=1.50s
[RANGO] autosello ZKP · ACECHANDO · Oz=0.0 link=— · manos_feria_informe.json
[RANGO] ZKPUSDT_LINEAL last=0.04714 · río=WS · mercado=linear · estado=ACECHANDO · dir=— · 0=0.047 · Oz=— · Red=0.04604378376 · manos=ON · pos=flat · latido=1.50s
[RANGO] ZKPUSDT_LINEAL last=0.04713 · río=WS · mercado=linear · estado=ACECHANDO · dir=— · 0=0.047 · Oz=— · Red=0.04604378376 · manos=ON · pos=flat · latido=1.50s
[RANGO] autosello ZKP · ACECHANDO · Oz=0.0 link=— · manos_feria_informe.json
[RANGO] ZKPUSDT_LINEAL last=0.04714 · río=ciego/muleta · mercado=linear · estado=ACECHANDO · dir=— · 0=0.047 · Oz=— · Red=0.04604378376 · manos=ON · pos=flat · latido=1.50s
[RANGO] autosello ZKP · ACECHANDO · Oz=0.0 link=— · manos_feria_informe.json
[RANGO] ZKPUSDT_LINEAL last=0.04714 · río=WS · mercado=linear · estado=ACECHANDO · dir=— · 0=0.047 · Oz=— · Red=0.04604378376 · manos=ON · pos=flat · latido=1.50s
[RANGO] ZKPUSDT_LINEAL last=0.04709 · río=WS · mercado=linear · estado=ACECHANDO · dir=— · 0=0.047 · Oz=— · Red=0.04604378376 · manos=ON · pos=flat · latido=1.50s
[RANGO] autosello ZKP · ACECHANDO · Oz=0.0 link=— · manos_feria_informe.json
[RANGO] ZKPUSDT_LINEAL last=0.04711 · río=WS · mercado=linear · estado=ACECHANDO · dir=— · 0=0.047 · Oz=— · Red=0.04604378376 · manos=ON · pos=flat · latido=1.50s
[2026-08-31 11:23:30] [TUSK] RECONCILIACIÓN: XLMUSDT_LINEAL: interno L:0.000000/S:0.000000 -> real L:306.000000/S:0.000000
[2026-08-31 11:23:30] [TUSK] RECONCILIACIÓN_FANTASMA: MONUSDT_LINEAL existe interno pero no en exchange -> reseteando
[2026-08-31 11:23:30] [TUSK] RECONCILIACIÓN_OK: 2 frentes alineados con exchange
[RANGO] autosello ZKP · ACECHANDO · Oz=0.0 link=— · manos_feria_informe.json
[RANGO] ZKPUSDT_LINEAL last=0.04707 · río=WS · mercado=linear · estado=ACECHANDO · dir=— · 0=0.047 · Oz=— · Red=0.04604378376 · manos=ON · pos=flat · latido=1.50s
[RANGO] ZKPUSDT_LINEAL last=0.04705 · río=WS · mercado=linear · estado=ACECHANDO · dir=— · 0=0.047 · Oz=— · Red=0.04604378376 · manos=ON · pos=flat · latido=1.50s
[RANGO] autosello ZKP · ACECHANDO · Oz=0.0 link=— · manos_feria_informe.json
[RANGO] ZKPUSDT_LINEAL last=0.04698 · río=WS · mercado=linear · estado=ACECHANDO · dir=— · 0=0.047 · Oz=— · Red=0.04604378376 · manos=ON · pos=flat · latido=1.50s
[RANGO] autosello ZKP · ACECHANDO · Oz=0.0 link=— · manos_feria_informe.json
[RANGO] ZKPUSDT_LINEAL last=0.04704 · río=WS · mercado=linear · estado=ACECHANDO · dir=— · 0=0.047 · Oz=— · Red=0.04604378376 · manos=ON · pos=flat · latido=1.50s
[RANGO] ZKPUSDT_LINEAL last=0.04704 · río=WS · mercado=linear · estado=ACECHANDO · dir=— · 0=0.047 · Oz=— · Red=0.04604378376 · manos=ON · pos=flat · latido=1.50s
[RANGO] autosello ZKP · ACECHANDO · Oz=0.0 link=— · manos_feria_informe.json
[RANGO] ZKPUSDT_LINEAL last=0.04701 · río=WS · mercado=linear · estado=ACECHANDO · dir=— · 0=0.047 · Oz=— · Red=0.04604378376 · manos=ON · pos=flat · latido=1.50s
[2026-08-31 11:24:31] [TUSK] RECONCILIACIÓN: SYRUPUSDT_LINEAL: interno L:0.000000/S:0.000000 -> real L:454.000000/S:0.000000
[2026-08-31 11:24:31] [TUSK] RECONCILIACIÓN_FANTASMA: ACUUSDT_LINEAL existe interno pero no en exchange -> reseteando
[2026-08-31 11:24:31] [TUSK] RECONCILIACIÓN_OK: 2 frentes alineados con exchange
[RANGO] autosello ZKP · ACECHANDO · Oz=0.0 link=— · manos_feria_informe.json
[RANGO] ZKPUSDT_LINEAL last=0.04706 · río=WS · mercado=linear · estado=ACECHANDO · dir=— · 0=0.047 · Oz=— · Red=0.04604378376 · manos=ON · pos=flat · latido=1.50s
[RANGO] ZKPUSDT_LINEAL last=0.04703 · río=WS · mercado=linear · estado=ACECHANDO · dir=— · 0=0.047 · Oz=— · Red=0.04604378376 · manos=ON · pos=flat · latido=1.50s
[RANGO] autosello ZKP · ACECHANDO · Oz=0.0 link=— · manos_feria_informe.json
[RANGO] ZKPUSDT_LINEAL last=0.04703 · río=WS · mercado=linear · estado=ACECHANDO · dir=— · 0=0.047 · Oz=— · Red=0.04604378376 · manos=ON · pos=flat · latido=1.50s
[RANGO] autosello ZKP · ACECHANDO · Oz=0.0 link=— · manos_feria_informe.json
[RANGO] ZKPUSDT_LINEAL last=0.04705 · río=ciego/muleta · mercado=linear · estado=ACECHANDO · dir=— · 0=0.047 · Oz=— · Red=0.04604378376 · manos=ON · pos=flat · latido=1.50s
[RANGO] ZKPUSDT_LINEAL last=0.04704 · río=WS · mercado=linear · estado=ACECHANDO · dir=— · 0=0.047 · Oz=— · Red=0.04604378376 · manos=ON · pos=flat · latido=1.50s
[RANGO] autosello ZKP · ACECHANDO · Oz=0.0 link=— · manos_feria_informe.json
[RANGO] ZKPUSDT_LINEAL last=0.04703 · río=WS · mercado=linear · estado=ACECHANDO · dir=— · 0=0.047 · Oz=— · Red=0.04604378376 · manos=ON · pos=flat · latido=1.50s
[RANGO] autosello ZKP · ACECHANDO · Oz=0.0 link=— · manos_feria_informe.json
[RANGO] ZKPUSDT_LINEAL last=0.04703 · río=WS · mercado=linear · estado=ACECHANDO · dir=— · 0=0.047 · Oz=— · Red=0.04604378376 · manos=ON · pos=flat · latido=1.50s
[RANGO] ZKPUSDT_LINEAL last=0.04705 · río=ciego/muleta · mercado=linear · estado=ACECHANDO · dir=— · 0=0.047 · Oz=— · Red=0.04604378376 · manos=ON · pos=flat · latido=1.50s
[RANGO] autosello ZKP · ACECHANDO · Oz=0.0 link=— · manos_feria_informe.json
[RANGO] ZKPUSDT_LINEAL last=0.04704 · río=WS · mercado=linear · estado=ACECHANDO · dir=— · 0=0.047 · Oz=— · Red=0.04604378376 · manos=ON · pos=flat · latido=1.50s
[RANGO] autosello ZKP · ACECHANDO · Oz=0.0 link=— · manos_feria_informe.json
[RANGO] ZKPUSDT_LINEAL last=0.04705 · río=WS · mercado=linear · estado=ACECHANDO · dir=— · 0=0.047 · Oz=— · Red=0.04604378376 · manos=ON · pos=flat · latido=1.50s
[RANGO] ZKPUSDT_LINEAL last=0.04704 · río=WS · mercado=linear · estado=ACECHANDO · dir=— · 0=0.047 · Oz=— · Red=0.04604378376 · manos=ON · pos=flat · latido=1.50s
[RANGO] autosello ZKP · ACECHANDO · Oz=0.0 link=— · manos_feria_informe.json
[RANGO] ZKPUSDT_LINEAL last=0.04706 · río=WS · mercado=linear · estado=ACECHANDO · dir=— · 0=0.047 · Oz=— · Red=0.04604378376 · manos=ON · pos=flat · latido=1.50s
[2026-08-31 11:26:34] [TUSK] RECONCILIACIÓN: ACUUSDT_LINEAL: interno L:0.000000/S:0.000000 -> real L:215.000000/S:0.000000
[2026-08-31 11:26:34] [TUSK] RECONCILIACIÓN_FANTASMA: COTIUSDT_LINEAL existe interno pero no en exchange -> reseteando
[2026-08-31 11:26:34] [TUSK] RECONCILIACIÓN_OK: 2 frentes alineados con exchange
[RANGO] autosello ZKP · ACECHANDO · Oz=0.0 link=— · manos_feria_informe.json
[RANGO] ZKPUSDT_LINEAL last=0.04704 · río=WS · mercado=linear · estado=ACECHANDO · dir=— · 0=0.047 · Oz=— · Red=0.04604378376 · manos=ON · pos=flat · latido=1.50s
[RANGO] ZKPUSDT_LINEAL last=0.04709 · río=WS · mercado=linear · estado=ACECHANDO · dir=— · 0=0.047 · Oz=— · Red=0.04604378376 · manos=ON · pos=flat · latido=1.50s
[RANGO] autosello ZKP · ACECHANDO · Oz=0.0 link=— · manos_feria_informe.json
[RANGO] ZKPUSDT_LINEAL last=0.04705 · río=ciego/muleta · mercado=linear · estado=ACECHANDO · dir=— · 0=0.047 · Oz=— · Red=0.04604378376 · manos=ON · pos=flat · latido=1.50s
[RANGO] autosello ZKP · ACECHANDO · Oz=0.0 link=— · manos_feria_informe.json
[RANGO] ZKPUSDT_LINEAL last=0.047 · río=WS · mercado=linear · estado=ACECHANDO · dir=— · 0=0.047 · Oz=— · Red=0.04604378376 · manos=ON · pos=flat · latido=1.50s
[RANGO] ZKPUSDT_LINEAL last=0.04701 · río=WS · mercado=linear · estado=ACECHANDO · dir=— · 0=0.047 · Oz=— · Red=0.04604378376 · manos=ON · pos=flat · latido=1.50s
[RANGO] autosello ZKP · ACECHANDO · Oz=0.0 link=— · manos_feria_informe.json
[RANGO] ZKPUSDT_LINEAL last=0.047 · río=WS · mercado=linear · estado=ACECHANDO · dir=— · 0=0.047 · Oz=— · Red=0.04604378376 · manos=ON · pos=flat · latido=1.50s
[2026-08-31 11:27:35] [TUSK] RECONCILIACIÓN: MONUSDT_LINEAL: interno L:0.000000/S:0.000000 -> real L:5276.000000/S:0.000000
[2026-08-31 11:27:35] [TUSK] RECONCILIACIÓN_FANTASMA: CRCLUSDT_LINEAL existe interno pero no en exchange -> reseteando
[2026-08-31 11:27:35] [TUSK] RECONCILIACIÓN_OK: 2 frentes alineados con exchange
[RANGO] autosello ZKP · ACECHANDO · Oz=0.0 link=— · manos_feria_informe.json
[RANGO] ZKPUSDT_LINEAL last=0.04702 · río=WS · mercado=linear · estado=ACECHANDO · dir=— · 0=0.047 · Oz=— · Red=0.04604378376 · manos=ON · pos=flat · latido=1.50s
[RANGO] ZKPUSDT_LINEAL last=0.04701 · río=WS · mercado=linear · estado=ACECHANDO · dir=— · 0=0.047 · Oz=— · Red=0.04604378376 · manos=ON · pos=flat · latido=1.50s
[RANGO] autosello ZKP · ACECHANDO · Oz=0.0 link=— · manos_feria_informe.json
[RANGO] ZKPUSDT_LINEAL last=0.047 · río=WS · mercado=linear · estado=ACECHANDO · dir=— · 0=0.047 · Oz=— · Red=0.04604378376 · manos=ON · pos=flat · latido=1.50s
[RANGO] autosello ZKP · ACECHANDO · Oz=0.0 link=— · manos_feria_informe.json
[RANGO] ZKPUSDT_LINEAL last=0.04699 · río=WS · mercado=linear · estado=ACECHANDO · dir=— · 0=0.047 · Oz=— · Red=0.04604378376 · manos=ON · pos=flat · latido=1.50s
[RANGO] ZKPUSDT_LINEAL last=0.04698 · río=ciego/muleta · mercado=linear · estado=ACECHANDO · dir=— · 0=0.047 · Oz=— · Red=0.04604378376 · manos=ON · pos=flat · latido=1.50s
[RANGO] autosello ZKP · ACECHANDO · Oz=0.0 link=— · manos_feria_informe.json
[RANGO] ZKPUSDT_LINEAL last=0.04698 · río=WS · mercado=linear · estado=ACECHANDO · dir=— · 0=0.047 · Oz=— · Red=0.04604378376 · manos=ON · pos=flat · latido=1.50s
[2026-08-31 11:28:36] [TUSK] RECONCILIACIÓN: LITUSDT_LINEAL: interno L:0.000000/S:22.400000 -> real L:0.000000/S:20.400000
[2026-08-31 11:28:36] [TUSK] RECONCILIACIÓN_OK: 1 frentes alineados con exchange
[RANGO] autosello ZKP · ACECHANDO · Oz=0.0 link=— · manos_feria_informe.json
[RANGO] ZKPUSDT_LINEAL last=0.04699 · río=WS · mercado=linear · estado=ACECHANDO · dir=— · 0=0.047 · Oz=— · Red=0.04604378376 · manos=ON · pos=flat · latido=1.50s
[RANGO] ZKPUSDT_LINEAL last=0.04699 · río=WS · mercado=linear · estado=ACECHANDO · dir=— · 0=0.047 · Oz=— · Red=0.04604378376 · manos=ON · pos=flat · latido=1.50s
[RANGO] autosello ZKP · ACECHANDO · Oz=0.0 link=— · manos_feria_informe.json
[RANGO] ZKPUSDT_LINEAL last=0.04699 · río=WS · mercado=linear · estado=ACECHANDO · dir=— · 0=0.047 · Oz=— · Red=0.04604378376 · manos=ON · pos=flat · latido=1.50s
[RANGO] autosello ZKP · ACECHANDO · Oz=0.0 link=— · manos_feria_informe.json
[RANGO] ZKPUSDT_LINEAL last=0.04701 · río=WS · mercado=linear · estado=ACECHANDO · dir=— · 0=0.047 · Oz=— · Red=0.04604378376 · manos=ON · pos=flat · latido=1.50s
[RANGO] autosello ZKP · ACECHANDO · Oz=0.0 link=— · manos_feria_informe.json
[RANGO] ZKPUSDT_LINEAL last=0.04701 · río=WS · mercado=linear · estado=ACECHANDO · dir=— · 0=0.047 · Oz=— · Red=0.04604378376 · manos=ON · pos=flat · latido=1.50s
[RANGO] ZKPUSDT_LINEAL last=0.047 · río=WS · mercado=linear · estado=ACECHANDO · dir=— · 0=0.047 · Oz=— · Red=0.04604378376 · manos=ON · pos=flat · latido=1.50s
[RANGO] autosello ZKP · ACECHANDO · Oz=0.0 link=— · manos_feria_informe.json
[2026-08-31 11:29:37] [TUSK] RECONCILIACIÓN: OUSDT_LINEAL: interno L:0.000000/S:0.000000 -> real L:0.000000/S:34.000000
[2026-08-31 11:29:37] [TUSK] RECONCILIACIÓN_FANTASMA: MONUSDT_LINEAL existe interno pero no en exchange -> reseteando
[2026-08-31 11:29:37] [TUSK] RECONCILIACIÓN_OK: 2 frentes alineados con exchange
[RANGO] ZKPUSDT_LINEAL last=0.04699 · río=WS · mercado=linear · estado=ACECHANDO · dir=— · 0=0.047 · Oz=— · Red=0.04604378376 · manos=ON · pos=flat · latido=1.50s
[RANGO] ZKPUSDT_LINEAL last=0.04701 · río=WS · mercado=linear · estado=ACECHANDO · dir=— · 0=0.047 · Oz=— · Red=0.04604378376 · manos=ON · pos=flat · latido=1.50s
[RANGO] autosello ZKP · ACECHANDO · Oz=0.0 link=— · manos_feria_informe.json
[RANGO] ZKPUSDT_LINEAL last=0.04702 · río=WS · mercado=linear · estado=ACECHANDO · dir=— · 0=0.047 · Oz=— · Red=0.04604378376 · manos=ON · pos=flat · latido=1.50s
[RANGO] autosello ZKP · ACECHANDO · Oz=0.0 link=— · manos_feria_informe.json
[RANGO] ZKPUSDT_LINEAL last=0.04703 · río=WS · mercado=linear · estado=ACECHANDO · dir=— · 0=0.047 · Oz=— · Red=0.04604378376 · manos=ON · pos=flat · latido=1.50s
[RANGO] ZKPUSDT_LINEAL last=0.04703 · río=WS · mercado=linear · estado=ACECHANDO · dir=— · 0=0.047 · Oz=— · Red=0.04604378376 · manos=ON · pos=flat · latido=1.50s
[RANGO] autosello ZKP · ACECHANDO · Oz=0.0 link=— · manos_feria_informe.json
[RANGO] ZKPUSDT_LINEAL last=0.04703 · río=WS · mercado=linear · estado=ACECHANDO · dir=— · 0=0.047 · Oz=— · Red=0.04604378376 · manos=ON · pos=flat · latido=1.50s
[RANGO] autosello ZKP · ACECHANDO · Oz=0.0 link=— · manos_feria_informe.json
[2026-08-31 11:30:39] [TUSK] RECONCILIACIÓN: CHIPUSDT_LINEAL: interno L:0.000000/S:0.000000 -> real L:520.000000/S:0.000000
[2026-08-31 11:30:39] [TUSK] RECONCILIACIÓN_FANTASMA: ACUUSDT_LINEAL existe interno pero no en exchange -> reseteando
[2026-08-31 11:30:39] [TUSK] RECONCILIACIÓN_OK: 2 frentes alineados con exchange
[RANGO] ZKPUSDT_LINEAL last=0.04703 · río=WS · mercado=linear · estado=ACECHANDO · dir=— · 0=0.047 · Oz=— · Red=0.04604378376 · manos=ON · pos=flat · latido=1.50s
[RANGO] autosello ZKP · ACECHANDO · Oz=0.0 link=— · manos_feria_informe.json
[RANGO] ZKPUSDT_LINEAL last=0.04704 · río=WS · mercado=linear · estado=ACECHANDO · dir=— · 0=0.047 · Oz=— · Red=0.04604378376 · manos=ON · pos=flat · latido=1.50s
[RANGO] ZKPUSDT_LINEAL last=0.04702 · río=WS · mercado=linear · estado=ACECHANDO · dir=— · 0=0.047 · Oz=— · Red=0.04604378376 · manos=ON · pos=flat · latido=1.50s
[RANGO] autosello ZKP · ACECHANDO · Oz=0.0 link=— · manos_feria_informe.json
[RANGO] ZKPUSDT_LINEAL last=0.04705 · río=ciego/muleta · mercado=linear · estado=ACECHANDO · dir=— · 0=0.047 · Oz=— · Red=0.04604378376 · manos=ON · pos=flat · latido=1.50s
[RANGO] autosello ZKP · ACECHANDO · Oz=0.0 link=— · manos_feria_informe.json
[RANGO] ZKPUSDT_LINEAL last=0.04705 · río=WS · mercado=linear · estado=ACECHANDO · dir=— · 0=0.047 · Oz=— · Red=0.04604378376 · manos=ON · pos=flat · latido=1.50s
[RANGO] ZKPUSDT_LINEAL last=0.04703 · río=WS · mercado=linear · estado=ACECHANDO · dir=— · 0=0.047 · Oz=— · Red=0.04604378376 · manos=ON · pos=flat · latido=1.50s
[RANGO] autosello ZKP · ACECHANDO · Oz=0.0 link=— · manos_feria_informe.json
[RANGO] ZKPUSDT_LINEAL last=0.04706 · río=WS · mercado=linear · estado=ACECHANDO · dir=— · 0=0.047 · Oz=— · Red=0.04604378376 · manos=ON · pos=flat · latido=1.50s
[RANGO] autosello ZKP · ACECHANDO · Oz=0.0 link=— · manos_feria_informe.json
[RANGO] ZKPUSDT_LINEAL last=0.04707 · río=WS · mercado=linear · estado=ACECHANDO · dir=— · 0=0.047 · Oz=— · Red=0.04604378376 · manos=ON · pos=flat · latido=1.50s
[RANGO] ZKPUSDT_LINEAL last=0.04705 · río=WS · mercado=linear · estado=ACECHANDO · dir=— · 0=0.047 · Oz=— · Red=0.04604378376 · manos=ON · pos=flat · latido=1.50s
[RANGO] autosello ZKP · ACECHANDO · Oz=0.0 link=— · manos_feria_informe.json
[RANGO] ZKPUSDT_LINEAL last=0.04705 · río=WS · mercado=linear · estado=ACECHANDO · dir=— · 0=0.047 · Oz=— · Red=0.04604378376 · manos=ON · pos=flat · latido=1.50s
[RANGO] autosello ZKP · ACECHANDO · Oz=0.0 link=— · manos_feria_informe.json
[RANGO] ZKPUSDT_LINEAL last=0.04705 · río=WS · mercado=linear · estado=ACECHANDO · dir=— · 0=0.047 · Oz=— · Red=0.04604378376 · manos=ON · pos=flat · latido=1.50s
[RANGO] ZKPUSDT_LINEAL last=0.04705 · río=WS · mercado=linear · estado=ACECHANDO · dir=— · 0=0.047 · Oz=— · Red=0.04604378376 · manos=ON · pos=flat · latido=1.50s
[RANGO] autosello ZKP · ACECHANDO · Oz=0.0 link=— · manos_feria_informe.json
[2026-08-31 11:32:42] [TUSK] RECONCILIACIÓN: NILUSDT_LINEAL: interno L:0.000000/S:0.000000 -> real L:222.000000/S:0.000000
[2026-08-31 11:32:42] [TUSK] RECONCILIACIÓN_FANTASMA: KNCUSDT_LINEAL existe interno pero no en exchange -> reseteando
[2026-08-31 11:32:42] [TUSK] RECONCILIACIÓN_OK: 2 frentes alineados con exchange
[RANGO] ZKPUSDT_LINEAL last=0.04706 · río=WS · mercado=linear · estado=ACECHANDO · dir=— · 0=0.047 · Oz=— · Red=0.04604378376 · manos=ON · pos=flat · latido=1.50s
[RANGO] autosello ZKP · ACECHANDO · Oz=0.0 link=— · manos_feria_informe.json
[RANGO] ZKPUSDT_LINEAL last=0.04704 · río=WS · mercado=linear · estado=ACECHANDO · dir=— · 0=0.047 · Oz=— · Red=0.04604378376 · manos=ON · pos=flat · latido=1.50s
[RANGO] ZKPUSDT_LINEAL last=0.04703 · río=ciego/muleta · mercado=linear · estado=ACECHANDO · dir=— · 0=0.047 · Oz=— · Red=0.04604378376 · manos=ON · pos=flat · latido=1.50s
[RANGO] autosello ZKP · ACECHANDO · Oz=0.0 link=— · manos_feria_informe.json
[RANGO] ZKPUSDT_LINEAL last=0.04705 · río=WS · mercado=linear · estado=ACECHANDO · dir=— · 0=0.047 · Oz=— · Red=0.04604378376 · manos=ON · pos=flat · latido=1.50s
[RANGO] autosello ZKP · ACECHANDO · Oz=0.0 link=— · manos_feria_informe.json
[RANGO] ZKPUSDT_LINEAL last=0.04703 · río=WS · mercado=linear · estado=ACECHANDO · dir=— · 0=0.047 · Oz=— · Red=0.04604378376 · manos=ON · pos=flat · latido=1.50s
[RANGO] ZKPUSDT_LINEAL last=0.04703 · río=ciego/muleta · mercado=linear · estado=ACECHANDO · dir=— · 0=0.047 · Oz=— · Red=0.04604378376 · manos=ON · pos=flat · latido=1.50s
[RANGO] autosello ZKP · ACECHANDO · Oz=0.0 link=— · manos_feria_informe.json
[2026-08-31 11:33:43] [TUSK] RECONCILIACIÓN_FANTASMA: HYPEUSD_INVERSE existe interno pero no en exchange -> reseteando
[2026-08-31 11:33:43] [TUSK] RECONCILIACIÓN_OK: 1 frentes alineados con exchange
[RANGO] ZKPUSDT_LINEAL last=0.04703 · río=ciego/muleta · mercado=linear · estado=ACECHANDO · dir=— · 0=0.047 · Oz=— · Red=0.04604378376 · manos=ON · pos=flat · latido=1.50s
[RANGO] autosello ZKP · ACECHANDO · Oz=0.0 link=— · manos_feria_informe.json
[RANGO] ZKPUSDT_LINEAL last=0.04702 · río=WS · mercado=linear · estado=ACECHANDO · dir=— · 0=0.047 · Oz=— · Red=0.04604378376 · manos=ON · pos=flat · latido=1.50s
[RANGO] ZKPUSDT_LINEAL last=0.04701 · río=WS · mercado=linear · estado=ACECHANDO · dir=— · 0=0.047 · Oz=— · Red=0.04604378376 · manos=ON · pos=flat · latido=1.50s
[RANGO] autosello ZKP · ACECHANDO · Oz=0.0 link=— · manos_feria_informe.json
[RANGO] ZKPUSDT_LINEAL last=0.04703 · río=WS · mercado=linear · estado=ACECHANDO · dir=— · 0=0.047 · Oz=— · Red=0.04604378376 · manos=ON · pos=flat · latido=1.50s
[RANGO] autosello ZKP · ACECHANDO · Oz=0.0 link=— · manos_feria_informe.json
[RANGO] ZKPUSDT_LINEAL last=0.04702 · río=WS · mercado=linear · estado=ACECHANDO · dir=— · 0=0.047 · Oz=— · Red=0.04604378376 · manos=ON · pos=flat · latido=1.50s
[RANGO] ZKPUSDT_LINEAL last=0.04703 · río=WS · mercado=linear · estado=ACECHANDO · dir=— · 0=0.047 · Oz=— · Red=0.04604378376 · manos=ON · pos=flat · latido=1.50s
[RANGO] autosello ZKP · ACECHANDO · Oz=0.0 link=— · manos_feria_informe.json
[RANGO] ZKPUSDT_LINEAL last=0.04703 · río=ciego/muleta · mercado=linear · estado=ACECHANDO · dir=— · 0=0.047 · Oz=— · Red=0.04604378376 · manos=ON · pos=flat · latido=1.50s
[RANGO] autosello ZKP · ACECHANDO · Oz=0.0 link=— · manos_feria_informe.json
[RANGO] ZKPUSDT_LINEAL last=0.04712 · río=ciego/muleta · mercado=linear · estado=ACECHANDO · dir=— · 0=0.047 · Oz=— · Red=0.04604378376 · manos=ON · pos=flat · latido=1.50s
[RANGO] ZKPUSDT_LINEAL last=0.04712 · río=WS · mercado=linear · estado=ACECHANDO · dir=— · 0=0.047 · Oz=— · Red=0.04604378376 · manos=ON · pos=flat · latido=1.50s
[RANGO] autosello ZKP · ACECHANDO · Oz=0.0 link=— · manos_feria_informe.json
[RANGO] ZKPUSDT_LINEAL last=0.04714 · río=WS · mercado=linear · estado=ACECHANDO · dir=— · 0=0.047 · Oz=— · Red=0.04604378376 · manos=ON · pos=flat · latido=1.50s
[RANGO] autosello ZKP · ACECHANDO · Oz=0.0 link=— · manos_feria_informe.json
[RANGO] ZKPUSDT_LINEAL last=0.0471 · río=WS · mercado=linear · estado=ACECHANDO · dir=— · 0=0.047 · Oz=— · Red=0.04604378376 · manos=ON · pos=flat · latido=1.50s
[RANGO] ZKPUSDT_LINEAL last=0.0471 · río=WS · mercado=linear · estado=ACECHANDO · dir=— · 0=0.047 · Oz=— · Red=0.04604378376 · manos=ON · pos=flat · latido=1.50s
[RANGO] autosello ZKP · ACECHANDO · Oz=0.0 link=— · manos_feria_informe.json
[2026-08-31 11:35:46] [TUSK] RECONCILIACIÓN: DASHUSDT_LINEAL: interno L:0.000000/S:1.050000 -> real L:0.000000/S:1.160000
[2026-08-31 11:35:46] [TUSK] RECONCILIACIÓN: KNCUSDT_LINEAL: interno L:0.000000/S:0.000000 -> real L:354.100000/S:0.000000
[2026-08-31 11:35:46] [TUSK] RECONCILIACIÓN_FANTASMA: KSMUSDT_LINEAL existe interno pero no en exchange -> reseteando
[2026-08-31 11:35:46] [TUSK] RECONCILIACIÓN_OK: 3 frentes alineados con exchange
[RANGO] ZKPUSDT_LINEAL last=0.0471 · río=WS · mercado=linear · estado=ACECHANDO · dir=— · 0=0.047 · Oz=— · Red=0.04604378376 · manos=ON · pos=flat · latido=1.50s
[RANGO] autosello ZKP · ACECHANDO · Oz=0.0 link=— · manos_feria_informe.json
[RANGO] ZKPUSDT_LINEAL last=0.04711 · río=WS · mercado=linear · estado=ACECHANDO · dir=— · 0=0.047 · Oz=— · Red=0.04604378376 · manos=ON · pos=flat · latido=1.50s
[RANGO] ZKPUSDT_LINEAL last=0.04712 · río=WS · mercado=linear · estado=ACECHANDO · dir=— · 0=0.047 · Oz=— · Red=0.04604378376 · manos=ON · pos=flat · latido=1.50s
[RANGO] autosello ZKP · ACECHANDO · Oz=0.0 link=— · manos_feria_informe.json
[RANGO] ZKPUSDT_LINEAL last=0.04714 · río=WS · mercado=linear · estado=ACECHANDO · dir=— · 0=0.047 · Oz=— · Red=0.04604378376 · manos=ON · pos=flat · latido=1.50s
[RANGO] autosello ZKP · ACECHANDO · Oz=0.0 link=— · manos_feria_informe.json
[RANGO] ZKPUSDT_LINEAL last=0.04714 · río=WS · mercado=linear · estado=ACECHANDO · dir=— · 0=0.047 · Oz=— · Red=0.04604378376 · manos=ON · pos=flat · latido=1.50s
[RANGO] ZKPUSDT_LINEAL last=0.04709 · río=WS · mercado=linear · estado=ACECHANDO · dir=— · 0=0.047 · Oz=— · Red=0.04604378376 · manos=ON · pos=flat · latido=1.50s
[RANGO] autosello ZKP · ACECHANDO · Oz=0.0 link=— · manos_feria_informe.json
[RANGO] ZKPUSDT_LINEAL last=0.04709 · río=WS · mercado=linear · estado=ACECHANDO · dir=— · 0=0.047 · Oz=— · Red=0.04604378376 · manos=ON · pos=flat · latido=1.50s
[2026-08-31 11:36:47] [TUSK] RECONCILIACIÓN: ACUUSDT_LINEAL: interno L:0.000000/S:0.000000 -> real L:215.000000/S:0.000000
[2026-08-31 11:36:47] [TUSK] RECONCILIACIÓN: MONUSDT_LINEAL: interno L:0.000000/S:0.000000 -> real L:5276.000000/S:0.000000
[2026-08-31 11:36:47] [TUSK] RECONCILIACIÓN_FANTASMA: MSTRUSDT_LINEAL existe interno pero no en exchange -> reseteando
[2026-08-31 11:36:47] [TUSK] RECONCILIACIÓN_FANTASMA: MORPHOUSDT_LINEAL existe interno pero no en exchange -> reseteando
[2026-08-31 11:36:47] [TUSK] RECONCILIACIÓN_OK: 4 frentes alineados con exchange
[RANGO] autosello ZKP · ACECHANDO · Oz=0.0 link=— · manos_feria_informe.json
[RANGO] ZKPUSDT_LINEAL last=0.0471 · río=WS · mercado=linear · estado=ACECHANDO · dir=— · 0=0.047 · Oz=— · Red=0.04604378376 · manos=ON · pos=flat · latido=1.50s
[RANGO] ZKPUSDT_LINEAL last=0.04711 · río=WS · mercado=linear · estado=ACECHANDO · dir=— · 0=0.047 · Oz=— · Red=0.04604378376 · manos=ON · pos=flat · latido=1.50s
[RANGO] autosello ZKP · ACECHANDO · Oz=0.0 link=— · manos_feria_informe.json
[RANGO] ZKPUSDT_LINEAL last=0.04709 · río=WS · mercado=linear · estado=ACECHANDO · dir=— · 0=0.047 · Oz=— · Red=0.04604378376 · manos=ON · pos=flat · latido=1.50s
[RANGO] autosello ZKP · ACECHANDO · Oz=0.0 link=— · manos_feria_informe.json
[RANGO] ZKPUSDT_LINEAL last=0.0471 · río=WS · mercado=linear · estado=ACECHANDO · dir=— · 0=0.047 · Oz=— · Red=0.04604378376 · manos=ON · pos=flat · latido=1.50s
[RANGO] ZKPUSDT_LINEAL last=0.04711 · río=WS · mercado=linear · estado=ACECHANDO · dir=— · 0=0.047 · Oz=— · Red=0.04604378376 · manos=ON · pos=flat · latido=1.50s
[RANGO] autosello ZKP · ACECHANDO · Oz=0.0 link=— · manos_feria_informe.json
[RANGO] ZKPUSDT_LINEAL last=0.04711 · río=WS · mercado=linear · estado=ACECHANDO · dir=— · 0=0.047 · Oz=— · Red=0.04604378376 · manos=ON · pos=flat · latido=1.50s
[2026-08-31 11:37:48] [TUSK] RECONCILIACIÓN: XANUSDT_LINEAL: interno L:0.000000/S:0.000000 -> real L:203.000000/S:0.000000
[2026-08-31 11:37:48] [TUSK] RECONCILIACIÓN_FANTASMA: MONUSDT_LINEAL existe interno pero no en exchange -> reseteando
[2026-08-31 11:37:48] [TUSK] RECONCILIACIÓN_OK: 2 frentes alineados con exchange
[RANGO] autosello ZKP · ACECHANDO · Oz=0.0 link=— · manos_feria_informe.json
[RANGO] ZKPUSDT_LINEAL last=0.04711 · río=WS · mercado=linear · estado=ACECHANDO · dir=— · 0=0.047 · Oz=— · Red=0.04604378376 · manos=ON · pos=flat · latido=1.50s
[RANGO] ZKPUSDT_LINEAL last=0.04717 · río=WS · mercado=linear · estado=ACECHANDO · dir=— · 0=0.047 · Oz=— · Red=0.04604378376 · manos=ON · pos=flat · latido=1.50s
[RANGO] autosello ZKP · ACECHANDO · Oz=0.0 link=— · manos_feria_informe.json
[RANGO] ZKPUSDT_LINEAL last=0.04711 · río=WS · mercado=linear · estado=ACECHANDO · dir=— · 0=0.047 · Oz=— · Red=0.04604378376 · manos=ON · pos=flat · latido=1.50s
[RANGO] autosello ZKP · ACECHANDO · Oz=0.0 link=— · manos_feria_informe.json
[RANGO] ZKPUSDT_LINEAL last=0.04712 · río=WS · mercado=linear · estado=ACECHANDO · dir=— · 0=0.047 · Oz=— · Red=0.04604378376 · manos=ON · pos=flat · latido=1.50s
[RANGO] ZKPUSDT_LINEAL last=0.0471 · río=WS · mercado=linear · estado=ACECHANDO · dir=— · 0=0.047 · Oz=— · Red=0.04604378376 · manos=ON · pos=flat · latido=1.50s
[RANGO] autosello ZKP · ACECHANDO · Oz=0.0 link=— · manos_feria_informe.json
[RANGO] ZKPUSDT_LINEAL last=0.04711 · río=ciego/muleta · mercado=linear · estado=ACECHANDO · dir=— · 0=0.047 · Oz=— · Red=0.04604378376 · manos=ON · pos=flat · latido=1.50s
[2026-08-31 11:38:49] [TUSK] RECONCILIACIÓN: GIGGLEUSDT_LINEAL: interno L:0.000000/S:0.000000 -> real L:0.000000/S:1.906000
[2026-08-31 11:38:49] [TUSK] RECONCILIACIÓN: CRDOUSDT_LINEAL: interno L:0.000000/S:0.000000 -> real L:0.170000/S:0.000000
[2026-08-31 11:38:49] [TUSK] RECONCILIACIÓN_FANTASMA: PLTRUSDT_LINEAL existe interno pero no en exchange -> reseteando
[2026-08-31 11:38:49] [TUSK] RECONCILIACIÓN_FANTASMA: ACUUSDT_LINEAL existe interno pero no en exchange -> reseteando
[2026-08-31 11:38:49] [TUSK] RECONCILIACIÓN_OK: 4 frentes alineados con exchange
[RANGO] autosello ZKP · ACECHANDO · Oz=0.0 link=— · manos_feria_informe.json
[RANGO] ZKPUSDT_LINEAL last=0.04712 · río=WS · mercado=linear · estado=ACECHANDO · dir=— · 0=0.047 · Oz=— · Red=0.04604378376 · manos=ON · pos=flat · latido=1.50s
[RANGO] ZKPUSDT_LINEAL last=0.04709 · río=WS · mercado=linear · estado=ACECHANDO · dir=— · 0=0.047 · Oz=— · Red=0.04604378376 · manos=ON · pos=flat · latido=1.50s
[RANGO] autosello ZKP · ACECHANDO · Oz=0.0 link=— · manos_feria_informe.json
[RANGO] ZKPUSDT_LINEAL last=0.04701 · río=WS · mercado=linear · estado=ACECHANDO · dir=— · 0=0.047 · Oz=— · Red=0.04604378376 · manos=ON · pos=flat · latido=1.50s
[RANGO] autosello ZKP · ACECHANDO · Oz=0.0 link=— · manos_feria_informe.json
[RANGO] ZKPUSDT_LINEAL last=0.047 · río=WS · mercado=linear · estado=ACECHANDO · dir=— · 0=0.047 · Oz=— · Red=0.04604378376 · manos=ON · pos=flat · latido=1.50s
[RANGO] ZKPUSDT_LINEAL last=0.04698 · río=WS · mercado=linear · estado=ACECHANDO · dir=— · 0=0.047 · Oz=— · Red=0.04604378376 · manos=ON · pos=flat · latido=1.50s
[RANGO] autosello ZKP · ACECHANDO · Oz=0.0 link=— · manos_feria_informe.json
[RANGO] ZKPUSDT_LINEAL last=0.04704 · río=WS · mercado=linear · estado=ACECHANDO · dir=— · 0=0.047 · Oz=— · Red=0.04604378376 · manos=ON · pos=flat · latido=1.50s
[RANGO] autosello ZKP · ACECHANDO · Oz=0.0 link=— · manos_feria_informe.json
[RANGO] ZKPUSDT_LINEAL last=0.04703 · río=WS · mercado=linear · estado=ACECHANDO · dir=— · 0=0.047 · Oz=— · Red=0.04604378376 · manos=ON · pos=flat · latido=1.50s
[RANGO] ZKPUSDT_LINEAL last=0.04705 · río=WS · mercado=linear · estado=ACECHANDO · dir=— · 0=0.047 · Oz=— · Red=0.04604378376 · manos=ON · pos=flat · latido=1.50s
[RANGO] autosello ZKP · ACECHANDO · Oz=0.0 link=— · manos_feria_informe.json
[RANGO] ZKPUSDT_LINEAL last=0.04703 · río=WS · mercado=linear · estado=ACECHANDO · dir=— · 0=0.047 · Oz=— · Red=0.04604378376 · manos=ON · pos=flat · latido=1.50s
[RANGO] autosello ZKP · ACECHANDO · Oz=0.0 link=— · manos_feria_informe.json
[RANGO] ZKPUSDT_LINEAL last=0.04704 · río=WS · mercado=linear · estado=ACECHANDO · dir=— · 0=0.047 · Oz=— · Red=0.04604378376 · manos=ON · pos=flat · latido=1.50s
[RANGO] ZKPUSDT_LINEAL last=0.04707 · río=WS · mercado=linear · estado=ACECHANDO · dir=— · 0=0.047 · Oz=— · Red=0.04604378376 · manos=ON · pos=flat · latido=1.50s
[RANGO] autosello ZKP · ACECHANDO · Oz=0.0 link=— · manos_feria_informe.json
[RANGO] ZKPUSDT_LINEAL last=0.04702 · río=WS · mercado=linear · estado=ACECHANDO · dir=— · 0=0.047 · Oz=— · Red=0.04604378376 · manos=ON · pos=flat · latido=1.50s
[2026-08-31 11:40:52] [TUSK] RECONCILIACIÓN: UBUSDT_LINEAL: interno L:0.000000/S:0.000000 -> real L:0.000000/S:330.000000
[2026-08-31 11:40:52] [TUSK] RECONCILIACIÓN_FANTASMA: KNCUSDT_LINEAL existe interno pero no en exchange -> reseteando
[2026-08-31 11:40:52] [TUSK] RECONCILIACIÓN_OK: 2 frentes alineados con exchange
[RANGO] autosello ZKP · ACECHANDO · Oz=0.0 link=— · manos_feria_informe.json
[RANGO] ZKPUSDT_LINEAL last=0.04703 · río=WS · mercado=linear · estado=ACECHANDO · dir=— · 0=0.047 · Oz=— · Red=0.04604378376 · manos=ON · pos=flat · latido=1.50s
[RANGO] ZKPUSDT_LINEAL last=0.04706 · río=WS · mercado=linear · estado=ACECHANDO · dir=— · 0=0.047 · Oz=— · Red=0.04604378376 · manos=ON · pos=flat · latido=1.50s
[RANGO] autosello ZKP · ACECHANDO · Oz=0.0 link=— · manos_feria_informe.json
[RANGO] ZKPUSDT_LINEAL last=0.04709 · río=WS · mercado=linear · estado=ACECHANDO · dir=— · 0=0.047 · Oz=— · Red=0.04604378376 · manos=ON · pos=flat · latido=1.50s
[RANGO] autosello ZKP · ACECHANDO · Oz=0.0 link=— · manos_feria_informe.json
[RANGO] ZKPUSDT_LINEAL last=0.04707 · río=WS · mercado=linear · estado=ACECHANDO · dir=— · 0=0.047 · Oz=— · Red=0.04604378376 · manos=ON · pos=flat · latido=1.50s
[RANGO] ZKPUSDT_LINEAL last=0.04714 · río=WS · mercado=linear · estado=ACECHANDO · dir=— · 0=0.047 · Oz=— · Red=0.04604378376 · manos=ON · pos=flat · latido=1.50s
[RANGO] autosello ZKP · ACECHANDO · Oz=0.0 link=— · manos_feria_informe.json
[RANGO] ZKPUSDT_LINEAL last=0.0471 · río=WS · mercado=linear · estado=ACECHANDO · dir=— · 0=0.047 · Oz=— · Red=0.04604378376 · manos=ON · pos=flat · latido=1.50s
[2026-08-31 11:41:53] [TUSK] RECONCILIACIÓN: KNCUSDT_LINEAL: interno L:0.000000/S:0.000000 -> real L:354.100000/S:0.000000
[2026-08-31 11:41:53] [TUSK] RECONCILIACIÓN: ACUUSDT_LINEAL: interno L:0.000000/S:0.000000 -> real L:215.000000/S:0.000000
[2026-08-31 11:41:53] [TUSK] RECONCILIACIÓN: MONUSDT_LINEAL: interno L:0.000000/S:0.000000 -> real L:5276.000000/S:0.000000
[2026-08-31 11:41:53] [TUSK] RECONCILIACIÓN_FANTASMA: TRBUSDT_LINEAL existe interno pero no en exchange -> reseteando
[2026-08-31 11:41:53] [TUSK] RECONCILIACIÓN_FANTASMA: SYRUPUSDT_LINEAL existe interno pero no en exchange -> reseteando
[2026-08-31 11:41:53] [TUSK] RECONCILIACIÓN_FANTASMA: SUSHIUSDT_LINEAL existe interno pero no en exchange -> reseteando
[2026-08-31 11:41:53] [TUSK] RECONCILIACIÓN_OK: 6 frentes alineados con exchange
[RANGO] autosello ZKP · ACECHANDO · Oz=0.0 link=— · manos_feria_informe.json
[RANGO] ZKPUSDT_LINEAL last=0.04712 · río=WS · mercado=linear · estado=ACECHANDO · dir=— · 0=0.047 · Oz=— · Red=0.04604378376 · manos=ON · pos=flat · latido=1.50s
[RANGO] ZKPUSDT_LINEAL last=0.04711 · río=WS · mercado=linear · estado=ACECHANDO · dir=— · 0=0.047 · Oz=— · Red=0.04604378376 · manos=ON · pos=flat · latido=1.50s
[RANGO] autosello ZKP · ACECHANDO · Oz=0.0 link=— · manos_feria_informe.json
[RANGO] ZKPUSDT_LINEAL last=0.04711 · río=WS · mercado=linear · estado=ACECHANDO · dir=— · 0=0.047 · Oz=— · Red=0.04604378376 · manos=ON · pos=flat · latido=1.50s
[RANGO] autosello ZKP · ACECHANDO · Oz=0.0 link=— · manos_feria_informe.json
[RANGO] ZKPUSDT_LINEAL last=0.04715 · río=WS · mercado=linear · estado=ACECHANDO · dir=— · 0=0.047 · Oz=— · Red=0.04604378376 · manos=ON · pos=flat · latido=1.50s
[RANGO] ZKPUSDT_LINEAL last=0.04712 · río=WS · mercado=linear · estado=ACECHANDO · dir=— · 0=0.047 · Oz=— · Red=0.04604378376 · manos=ON · pos=flat · latido=1.50s
[RANGO] autosello ZKP · ACECHANDO · Oz=0.0 link=— · manos_feria_informe.json
[RANGO] ZKPUSDT_LINEAL last=0.04711 · río=WS · mercado=linear · estado=ACECHANDO · dir=— · 0=0.047 · Oz=— · Red=0.04604378376 · manos=ON · pos=flat · latido=1.50s
[RANGO] autosello ZKP · ACECHANDO · Oz=0.0 link=— · manos_feria_informe.json
[2026-08-31 11:42:54] [TUSK] RECONCILIACIÓN: ASTSUSDT_LINEAL: interno L:0.000000/S:0.000000 -> real L:0.780000/S:0.000000
[2026-08-31 11:42:54] [TUSK] RECONCILIACIÓN: XRPUSD_INVERSE: interno L:230.000000/S:0.000000 -> real L:224.000000/S:0.000000
[2026-08-31 11:42:54] [TUSK] RECONCILIACIÓN_FANTASMA: TWTUSDT_LINEAL existe interno pero no en exchange -> reseteando
[2026-08-31 11:42:54] [TUSK] RECONCILIACIÓN_OK: 3 frentes alineados con exchange
[RANGO] ZKPUSDT_LINEAL last=0.04711 · río=WS · mercado=linear · estado=ACECHANDO · dir=— · 0=0.047 · Oz=— · Red=0.04604378376 · manos=ON · pos=flat · latido=1.50s
[RANGO] ZKPUSDT_LINEAL last=0.04708 · río=WS · mercado=linear · estado=ACECHANDO · dir=— · 0=0.047 · Oz=— · Red=0.04604378376 · manos=ON · pos=flat · latido=1.50s
[RANGO] autosello ZKP · ACECHANDO · Oz=0.0 link=— · manos_feria_informe.json
[RANGO] ZKPUSDT_LINEAL last=0.04711 · río=WS · mercado=linear · estado=ACECHANDO · dir=— · 0=0.047 · Oz=— · Red=0.04604378376 · manos=ON · pos=flat · latido=1.50s
[RANGO] autosello ZKP · ACECHANDO · Oz=0.0 link=— · manos_feria_informe.json
[RANGO] ZKPUSDT_LINEAL last=0.04708 · río=WS · mercado=linear · estado=ACECHANDO · dir=— · 0=0.047 · Oz=— · Red=0.04604378376 · manos=ON · pos=flat · latido=1.50s
[RANGO] ZKPUSDT_LINEAL last=0.04708 · río=WS · mercado=linear · estado=ACECHANDO · dir=— · 0=0.047 · Oz=— · Red=0.04604378376 · manos=ON · pos=flat · latido=1.50s
[RANGO] autosello ZKP · ACECHANDO · Oz=0.0 link=— · manos_feria_informe.json
[RANGO] ZKPUSDT_LINEAL last=0.04711 · río=WS · mercado=linear · estado=ACECHANDO · dir=— · 0=0.047 · Oz=— · Red=0.04604378376 · manos=ON · pos=flat · latido=1.50s
[RANGO] autosello ZKP · ACECHANDO · Oz=0.0 link=— · manos_feria_informe.json
[2026-08-31 11:43:56] [TUSK] RECONCILIACIÓN: PURRUSDT_LINEAL: interno L:0.000000/S:0.000000 -> real L:3.700000/S:0.000000
[2026-08-31 11:43:56] [TUSK] RECONCILIACIÓN_FANTASMA: XLMUSDT_LINEAL existe interno pero no en exchange -> reseteando
[2026-08-31 11:43:56] [TUSK] RECONCILIACIÓN_OK: 2 frentes alineados con exchange
[RANGO] ZKPUSDT_LINEAL last=0.04708 · río=WS · mercado=linear · estado=ACECHANDO · dir=— · 0=0.047 · Oz=— · Red=0.04604378376 · manos=ON · pos=flat · latido=1.50s
[RANGO] ZKPUSDT_LINEAL last=0.04709 · río=WS · mercado=linear · estado=ACECHANDO · dir=— · 0=0.047 · Oz=— · Red=0.04604378376 · manos=ON · pos=flat · latido=1.50s
[RANGO] autosello ZKP · ACECHANDO · Oz=0.0 link=— · manos_feria_informe.json
[RANGO] ZKPUSDT_LINEAL last=0.04711 · río=WS · mercado=linear · estado=ACECHANDO · dir=— · 0=0.047 · Oz=— · Red=0.04604378376 · manos=ON · pos=flat · latido=1.50s
[RANGO] autosello ZKP · ACECHANDO · Oz=0.0 link=— · manos_feria_informe.json
[RANGO] ZKPUSDT_LINEAL last=0.04711 · río=WS · mercado=linear · estado=ACECHANDO · dir=— · 0=0.047 · Oz=— · Red=0.04604378376 · manos=ON · pos=flat · latido=1.50s
[RANGO] ZKPUSDT_LINEAL last=0.04711 · río=ciego/muleta · mercado=linear · estado=ACECHANDO · dir=— · 0=0.047 · Oz=— · Red=0.04604378376 · manos=ON · pos=flat · latido=1.50s
[RANGO] autosello ZKP · ACECHANDO · Oz=0.0 link=— · manos_feria_informe.json
[RANGO] ZKPUSDT_LINEAL last=0.04711 · río=ciego/muleta · mercado=linear · estado=ACECHANDO · dir=— · 0=0.047 · Oz=— · Red=0.04604378376 · manos=ON · pos=flat · latido=1.50s
[RANGO] autosello ZKP · ACECHANDO · Oz=0.0 link=— · manos_feria_informe.json
[2026-08-31 11:44:57] [TUSK] RECONCILIACIÓN: BEATUSDT_LINEAL: interno L:0.000000/S:0.000000 -> real L:166.000000/S:0.000000
[2026-08-31 11:44:57] [TUSK] RECONCILIACIÓN_FANTASMA: XRPUSD_INVERSE existe interno pero no en exchange -> reseteando
[2026-08-31 11:44:57] [TUSK] RECONCILIACIÓN_FANTASMA: PURRUSDT_LINEAL existe interno pero no en exchange -> reseteando
[2026-08-31 11:44:57] [TUSK] RECONCILIACIÓN_OK: 3 frentes alineados con exchange
[RANGO] ZKPUSDT_LINEAL last=0.04713 · río=ciego/muleta · mercado=linear · estado=ACECHANDO · dir=— · 0=0.047 · Oz=— · Red=0.04604378376 · manos=ON · pos=flat · latido=1.50s
[RANGO] autosello ZKP · ACECHANDO · Oz=0.0 link=— · manos_feria_informe.json
[RANGO] ZKPUSDT_LINEAL last=0.04713 · río=ciego/muleta · mercado=linear · estado=ACECHANDO · dir=— · 0=0.047 · Oz=— · Red=0.04604378376 · manos=ON · pos=flat · latido=1.50s
[RANGO] ZKPUSDT_LINEAL last=0.04717 · río=WS · mercado=linear · estado=ACECHANDO · dir=— · 0=0.047 · Oz=— · Red=0.04604378376 · manos=ON · pos=flat · latido=1.50s
[RANGO] autosello ZKP · ACECHANDO · Oz=0.0 link=— · manos_feria_informe.json
[RANGO] ZKPUSDT_LINEAL last=0.0472 · río=WS · mercado=linear · estado=ACECHANDO · dir=— · 0=0.047 · Oz=— · Red=0.04604378376 · manos=ON · pos=flat · latido=1.50s
[RANGO] autosello ZKP · ACECHANDO · Oz=0.0 link=— · manos_feria_informe.json
[RANGO] ZKPUSDT_LINEAL last=0.04723 · río=WS · mercado=linear · estado=ACECHANDO · dir=— · 0=0.047 · Oz=— · Red=0.04604378376 · manos=ON · pos=flat · latido=1.50s
[RANGO] ZKPUSDT_LINEAL last=0.04723 · río=WS · mercado=linear · estado=ACECHANDO · dir=— · 0=0.047 · Oz=— · Red=0.04604378376 · manos=ON · pos=flat · latido=1.50s
[RANGO] autosello ZKP · ACECHANDO · Oz=0.0 link=— · manos_feria_informe.json
[2026-08-31 11:45:58] [TUSK] RECONCILIACIÓN: EULUSDT_LINEAL: interno L:0.000000/S:0.000000 -> real L:81.900000/S:0.000000
[2026-08-31 11:45:58] [TUSK] RECONCILIACIÓN: AKTUSDT_LINEAL: interno L:0.000000/S:0.000000 -> real L:209.400000/S:0.000000
[2026-08-31 11:45:58] [TUSK] RECONCILIACIÓN_FANTASMA: ASTSUSDT_LINEAL existe interno pero no en exchange -> reseteando
[2026-08-31 11:45:58] [TUSK] RECONCILIACIÓN_FANTASMA: MONUSDT_LINEAL existe interno pero no en exchange -> reseteando
[2026-08-31 11:45:58] [TUSK] RECONCILIACIÓN_OK: 4 frentes alineados con exchange
[RANGO] ZKPUSDT_LINEAL last=0.04721 · río=WS · mercado=linear · estado=ACECHANDO · dir=— · 0=0.047 · Oz=— · Red=0.04604378376 · manos=ON · pos=flat · latido=1.50s
[RANGO] autosello ZKP · ACECHANDO · Oz=0.0 link=— · manos_feria_informe.json
[RANGO] ZKPUSDT_LINEAL last=0.0472 · río=WS · mercado=linear · estado=ACECHANDO · dir=— · 0=0.047 · Oz=— · Red=0.04604378376 · manos=ON · pos=flat · latido=1.50s
[RANGO] ZKPUSDT_LINEAL last=0.04719 · río=WS · mercado=linear · estado=ACECHANDO · dir=— · 0=0.047 · Oz=— · Red=0.04604378376 · manos=ON · pos=flat · latido=1.50s
[RANGO] autosello ZKP · ACECHANDO · Oz=0.0 link=— · manos_feria_informe.json
[RANGO] ZKPUSDT_LINEAL last=0.04718 · río=WS · mercado=linear · estado=ACECHANDO · dir=— · 0=0.047 · Oz=— · Red=0.04604378376 · manos=ON · pos=flat · latido=1.50s
[RANGO] autosello ZKP · ACECHANDO · Oz=0.0 link=— · manos_feria_informe.json
[RANGO] ZKPUSDT_LINEAL last=0.04715 · río=WS · mercado=linear · estado=ACECHANDO · dir=— · 0=0.047 · Oz=— · Red=0.04604378376 · manos=ON · pos=flat · latido=1.50s
[RANGO] ZKPUSDT_LINEAL last=0.04715 · río=WS · mercado=linear · estado=ACECHANDO · dir=— · 0=0.047 · Oz=— · Red=0.04604378376 · manos=ON · pos=flat · latido=1.50s
[RANGO] autosello ZKP · ACECHANDO · Oz=0.0 link=— · manos_feria_informe.json
[2026-08-31 11:47:00] [TUSK] RECONCILIACIÓN: DASHUSDT_LINEAL: interno L:0.000000/S:1.160000 -> real L:0.000000/S:1.270000
[2026-08-31 11:47:00] [TUSK] RECONCILIACIÓN: ESPUSDT_LINEAL: interno L:0.000000/S:0.000000 -> real L:1190.000000/S:0.000000
[2026-08-31 11:47:00] [TUSK] RECONCILIACIÓN: XRPUSD_INVERSE: interno L:0.000000/S:0.000000 -> real L:0.000000/S:5.000000
[2026-08-31 11:47:00] [TUSK] RECONCILIACIÓN_FANTASMA: ACUUSDT_LINEAL existe interno pero no en exchange -> reseteando
[2026-08-31 11:47:00] [TUSK] RECONCILIACIÓN_OK: 4 frentes alineados con exchange
[RANGO] ZKPUSDT_LINEAL last=0.04717 · río=WS · mercado=linear · estado=ACECHANDO · dir=— · 0=0.047 · Oz=— · Red=0.04604378376 · manos=ON · pos=flat · latido=1.50s
[RANGO] autosello ZKP · ACECHANDO · Oz=0.0 link=— · manos_feria_informe.json
[RANGO] ZKPUSDT_LINEAL last=0.04716 · río=WS · mercado=linear · estado=ACECHANDO · dir=— · 0=0.047 · Oz=— · Red=0.04604378376 · manos=ON · pos=flat · latido=1.50s
[RANGO] ZKPUSDT_LINEAL last=0.04718 · río=WS · mercado=linear · estado=ACECHANDO · dir=— · 0=0.047 · Oz=— · Red=0.04604378376 · manos=ON · pos=flat · latido=1.50s
[RANGO] autosello ZKP · ACECHANDO · Oz=0.0 link=— · manos_feria_informe.json
[RANGO] ZKPUSDT_LINEAL last=0.04717 · río=WS · mercado=linear · estado=ACECHANDO · dir=— · 0=0.047 · Oz=— · Red=0.04604378376 · manos=ON · pos=flat · latido=1.50s
[RANGO] autosello ZKP · ACECHANDO · Oz=0.0 link=— · manos_feria_informe.json
[RANGO] ZKPUSDT_LINEAL last=0.04718 · río=WS · mercado=linear · estado=ACECHANDO · dir=— · 0=0.047 · Oz=— · Red=0.04604378376 · manos=ON · pos=flat · latido=1.50s
[RANGO] ZKPUSDT_LINEAL last=0.04717 · río=WS · mercado=linear · estado=ACECHANDO · dir=— · 0=0.047 · Oz=— · Red=0.04604378376 · manos=ON · pos=flat · latido=1.50s
[RANGO] autosello ZKP · ACECHANDO · Oz=0.0 link=— · manos_feria_informe.json
[2026-08-31 11:48:01] [TUSK] RECONCILIACIÓN_FANTASMA: ETHUSD_INVERSE existe interno pero no en exchange -> reseteando
[2026-08-31 11:48:01] [TUSK] RECONCILIACIÓN_OK: 1 frentes alineados con exchange
[RANGO] ZKPUSDT_LINEAL last=0.04727 · río=WS · mercado=linear · estado=ACECHANDO · dir=— · 0=0.047 · Oz=— · Red=0.04604378376 · manos=ON · pos=flat · latido=1.50s
[RANGO] autosello ZKP · ACECHANDO · Oz=0.0 link=— · manos_feria_informe.json
[RANGO] ZKPUSDT_LINEAL last=0.04728 · río=WS · mercado=linear · estado=ACECHANDO · dir=— · 0=0.047 · Oz=— · Red=0.04604378376 · manos=ON · pos=flat · latido=1.50s
[RANGO] ZKPUSDT_LINEAL last=0.04725 · río=WS · mercado=linear · estado=ACECHANDO · dir=— · 0=0.047 · Oz=— · Red=0.04604378376 · manos=ON · pos=flat · latido=1.50s
[RANGO] autosello ZKP · ACECHANDO · Oz=0.0 link=— · manos_feria_informe.json
[RANGO] ZKPUSDT_LINEAL last=0.04727 · río=ciego/muleta · mercado=linear · estado=ACECHANDO · dir=— · 0=0.047 · Oz=— · Red=0.04604378376 · manos=ON · pos=flat · latido=1.50s
[RANGO] autosello ZKP · ACECHANDO · Oz=0.0 link=— · manos_feria_informe.json
[RANGO] ZKPUSDT_LINEAL last=0.04729 · río=WS · mercado=linear · estado=ACECHANDO · dir=— · 0=0.047 · Oz=— · Red=0.04604378376 · manos=ON · pos=flat · latido=1.50s
[RANGO] ZKPUSDT_LINEAL last=0.04729 · río=WS · mercado=linear · estado=ACECHANDO · dir=— · 0=0.047 · Oz=— · Red=0.04604378376 · manos=ON · pos=flat · latido=1.50s
[RANGO] autosello ZKP · ACECHANDO · Oz=0.0 link=— · manos_feria_informe.json
[RANGO] ZKPUSDT_LINEAL last=0.0473 · río=WS · mercado=linear · estado=ACECHANDO · dir=— · 0=0.047 · Oz=— · Red=0.04604378376 · manos=ON · pos=flat · latido=1.50s
[RANGO] autosello ZKP · ACECHANDO · Oz=0.0 link=— · manos_feria_informe.json
[RANGO] ZKPUSDT_LINEAL last=0.04731 · río=WS · mercado=linear · estado=ACECHANDO · dir=— · 0=0.047 · Oz=— · Red=0.04604378376 · manos=ON · pos=flat · latido=1.50s
[RANGO] ZKPUSDT_LINEAL last=0.04731 · río=WS · mercado=linear · estado=ACECHANDO · dir=— · 0=0.047 · Oz=— · Red=0.04604378376 · manos=ON · pos=flat · latido=1.50s
[RANGO] autosello ZKP · ACECHANDO · Oz=0.0 link=— · manos_feria_informe.json
[RANGO] ZKPUSDT_LINEAL last=0.0473 · río=WS · mercado=linear · estado=ACECHANDO · dir=— · 0=0.047 · Oz=— · Red=0.04604378376 · manos=ON · pos=flat · latido=1.50s
[RANGO] autosello ZKP · ACECHANDO · Oz=0.0 link=— · manos_feria_informe.json
[RANGO] ZKPUSDT_LINEAL last=0.04731 · río=WS · mercado=linear · estado=ACECHANDO · dir=— · 0=0.047 · Oz=— · Red=0.04604378376 · manos=ON · pos=flat · latido=1.50s
[RANGO] ZKPUSDT_LINEAL last=0.04732 · río=WS · mercado=linear · estado=ACECHANDO · dir=— · 0=0.047 · Oz=— · Red=0.04604378376 · manos=ON · pos=flat · latido=1.50s
[RANGO] autosello ZKP · ACECHANDO · Oz=0.0 link=— · manos_feria_informe.json
[RANGO] ZKPUSDT_LINEAL last=0.04731 · río=WS · mercado=linear · estado=ACECHANDO · dir=— · 0=0.047 · Oz=— · Red=0.04604378376 · manos=ON · pos=flat · latido=1.50s
[2026-08-31 11:50:03] [TUSK] RECONCILIACIÓN: NBISUSDT_LINEAL: interno L:0.000000/S:0.000000 -> real L:0.000000/S:0.050000
[2026-08-31 11:50:03] [TUSK] RECONCILIACIÓN: PEOPLEUSDT_LINEAL: interno L:0.000000/S:0.000000 -> real L:29905.000000/S:0.000000
[2026-08-31 11:50:03] [TUSK] RECONCILIACIÓN_FANTASMA: XLMUSD_INVERSE existe interno pero no en exchange -> reseteando
[2026-08-31 11:50:04] [TUSK] RECONCILIACIÓN_FANTASMA: KNCUSDT_LINEAL existe interno pero no en exchange -> reseteando
[2026-08-31 11:50:04] [TUSK] RECONCILIACIÓN_FANTASMA: ROBOUSDT_LINEAL existe interno pero no en exchange -> reseteando
[2026-08-31 11:50:04] [TUSK] RECONCILIACIÓN_OK: 5 frentes alineados con exchange
[RANGO] autosello ZKP · ACECHANDO · Oz=0.0 link=— · manos_feria_informe.json
[RANGO] ZKPUSDT_LINEAL last=0.0473 · río=WS · mercado=linear · estado=ACECHANDO · dir=— · 0=0.047 · Oz=— · Red=0.04604378376 · manos=ON · pos=flat · latido=1.50s
[RANGO] ZKPUSDT_LINEAL last=0.04731 · río=WS · mercado=linear · estado=ACECHANDO · dir=— · 0=0.047 · Oz=— · Red=0.04604378376 · manos=ON · pos=flat · latido=1.50s
[RANGO] autosello ZKP · ACECHANDO · Oz=0.0 link=— · manos_feria_informe.json
[RANGO] ZKPUSDT_LINEAL last=0.04731 · río=WS · mercado=linear · estado=ACECHANDO · dir=— · 0=0.047 · Oz=— · Red=0.04604378376 · manos=ON · pos=flat · latido=1.50s
[RANGO] autosello ZKP · ACECHANDO · Oz=0.0 link=— · manos_feria_informe.json
[RANGO] ZKPUSDT_LINEAL last=0.04733 · río=WS · mercado=linear · estado=ACECHANDO · dir=— · 0=0.047 · Oz=— · Red=0.04604378376 · manos=ON · pos=flat · latido=1.50s
[RANGO] ZKPUSDT_LINEAL last=0.04732 · río=WS · mercado=linear · estado=ACECHANDO · dir=— · 0=0.047 · Oz=— · Red=0.04604378376 · manos=ON · pos=flat · latido=1.50s
[RANGO] autosello ZKP · ACECHANDO · Oz=0.0 link=— · manos_feria_informe.json
[RANGO] ZKPUSDT_LINEAL last=0.04736 · río=WS · mercado=linear · estado=ACECHANDO · dir=— · 0=0.047 · Oz=— · Red=0.04604378376 · manos=ON · pos=flat · latido=1.50s
[RANGO] autosello ZKP · ACECHANDO · Oz=0.0 link=— · manos_feria_informe.json
[RANGO] ZKPUSDT_LINEAL last=0.04741 · río=WS · mercado=linear · estado=ACECHANDO · dir=— · 0=0.047 · Oz=— · Red=0.04604378376 · manos=ON · pos=flat · latido=1.50s
[RANGO] ZKPUSDT_LINEAL last=0.04743 · río=WS · mercado=linear · estado=ACECHANDO · dir=— · 0=0.047 · Oz=— · Red=0.04604378376 · manos=ON · pos=flat · latido=1.50s
[RANGO] autosello ZKP · ACECHANDO · Oz=0.0 link=— · manos_feria_informe.json
[RANGO] ZKPUSDT_LINEAL last=0.04741 · río=WS · mercado=linear · estado=ACECHANDO · dir=— · 0=0.047 · Oz=— · Red=0.04604378376 · manos=ON · pos=flat · latido=1.50s
[RANGO] autosello ZKP · ACECHANDO · Oz=0.0 link=— · manos_feria_informe.json
[RANGO] ZKPUSDT_LINEAL last=0.04743 · río=ciego/muleta · mercado=linear · estado=ACECHANDO · dir=— · 0=0.047 · Oz=— · Red=0.04604378376 · manos=ON · pos=flat · latido=1.50s
[RANGO] ZKPUSDT_LINEAL last=0.04739 · río=WS · mercado=linear · estado=ACECHANDO · dir=— · 0=0.047 · Oz=— · Red=0.04604378376 · manos=ON · pos=flat · latido=1.50s
[RANGO] autosello ZKP · ACECHANDO · Oz=0.0 link=— · manos_feria_informe.json
[RANGO] ZKPUSDT_LINEAL last=0.04741 · río=WS · mercado=linear · estado=ACECHANDO · dir=— · 0=0.047 · Oz=— · Red=0.04604378376 · manos=ON · pos=flat · latido=1.50s
[RANGO] autosello ZKP · ACECHANDO · Oz=0.0 link=— · manos_feria_informe.json
[RANGO] ZKPUSDT_LINEAL last=0.04736 · río=WS · mercado=linear · estado=ACECHANDO · dir=— · 0=0.047 · Oz=— · Red=0.04604378376 · manos=ON · pos=flat · latido=1.50s
[RANGO] ZKPUSDT_LINEAL last=0.04738 · río=WS · mercado=linear · estado=ACECHANDO · dir=— · 0=0.047 · Oz=— · Red=0.04604378376 · manos=ON · pos=flat · latido=1.50s
[RANGO] autosello ZKP · ACECHANDO · Oz=0.0 link=— · manos_feria_informe.json
[RANGO] ZKPUSDT_LINEAL last=0.04737 · río=WS · mercado=linear · estado=ACECHANDO · dir=— · 0=0.047 · Oz=— · Red=0.04604378376 · manos=ON · pos=flat · latido=1.50s
[RANGO] autosello ZKP · ACECHANDO · Oz=0.0 link=— · manos_feria_informe.json
[RANGO] ZKPUSDT_LINEAL last=0.04741 · río=WS · mercado=linear · estado=ACECHANDO · dir=— · 0=0.047 · Oz=— · Red=0.04604378376 · manos=ON · pos=flat · latido=1.50s
[RANGO] ZKPUSDT_LINEAL last=0.04737 · río=WS · mercado=linear · estado=ACECHANDO · dir=— · 0=0.047 · Oz=— · Red=0.04604378376 · manos=ON · pos=flat · latido=1.50s
[RANGO] autosello ZKP · ACECHANDO · Oz=0.0 link=— · manos_feria_informe.json
[RANGO] ZKPUSDT_LINEAL last=0.04738 · río=WS · mercado=linear · estado=ACECHANDO · dir=— · 0=0.047 · Oz=— · Red=0.04604378376 · manos=ON · pos=flat · latido=1.50s
[RANGO] autosello ZKP · ACECHANDO · Oz=0.0 link=— · manos_feria_informe.json
[RANGO] ZKPUSDT_LINEAL last=0.04737 · río=WS · mercado=linear · estado=ACECHANDO · dir=— · 0=0.047 · Oz=— · Red=0.04604378376 · manos=ON · pos=flat · latido=1.50s
[RANGO] ZKPUSDT_LINEAL last=0.04734 · río=WS · mercado=linear · estado=ACECHANDO · dir=— · 0=0.047 · Oz=— · Red=0.04604378376 · manos=ON · pos=flat · latido=1.50s
[RANGO] autosello ZKP · ACECHANDO · Oz=0.0 link=— · manos_feria_informe.json
[RANGO] ZKPUSDT_LINEAL last=0.04735 · río=ciego/muleta · mercado=linear · estado=ACECHANDO · dir=— · 0=0.047 · Oz=— · Red=0.04604378376 · manos=ON · pos=flat · latido=1.50s
[RANGO] autosello ZKP · ACECHANDO · Oz=0.0 link=— · manos_feria_informe.json
[RANGO] ZKPUSDT_LINEAL last=0.04735 · río=WS · mercado=linear · estado=ACECHANDO · dir=— · 0=0.047 · Oz=— · Red=0.04604378376 · manos=ON · pos=flat · latido=1.50s
[RANGO] autosello ZKP · ACECHANDO · Oz=0.0 link=— · manos_feria_informe.json
[RANGO] ZKPUSDT_LINEAL last=0.04735 · río=ciego/muleta · mercado=linear · estado=ACECHANDO · dir=— · 0=0.047 · Oz=— · Red=0.04604378376 · manos=ON · pos=flat · latido=1.50s
[RANGO] ZKPUSDT_LINEAL last=0.04735 · río=WS · mercado=linear · estado=ACECHANDO · dir=— · 0=0.047 · Oz=— · Red=0.04604378376 · manos=ON · pos=flat · latido=1.50s
[2026-08-31 11:54:09] [TUSK] RECONCILIACIÓN: MRVLUSDT_LINEAL: interno L:0.000000/S:0.000000 -> real L:1.050000/S:0.000000
[2026-08-31 11:54:09] [TUSK] RECONCILIACIÓN: DASHUSDT_LINEAL: interno L:0.000000/S:1.270000 -> real L:0.000000/S:1.160000
[2026-08-31 11:54:09] [TUSK] RECONCILIACIÓN_FANTASMA: MOVRUSDT_LINEAL existe interno pero no en exchange -> reseteando
[2026-08-31 11:54:09] [TUSK] RECONCILIACIÓN_OK: 3 frentes alineados con exchange
[RANGO] autosello ZKP · ACECHANDO · Oz=0.0 link=— · manos_feria_informe.json
[RANGO] ZKPUSDT_LINEAL last=0.04731 · río=WS · mercado=linear · estado=ACECHANDO · dir=— · 0=0.047 · Oz=— · Red=0.04604378376 · manos=ON · pos=flat · latido=1.50s
[RANGO] autosello ZKP · ACECHANDO · Oz=0.0 link=— · manos_feria_informe.json
[RANGO] ZKPUSDT_LINEAL last=0.04729 · río=WS · mercado=linear · estado=ACECHANDO · dir=— · 0=0.047 · Oz=— · Red=0.04604378376 · manos=ON · pos=flat · latido=1.50s
[RANGO] ZKPUSDT_LINEAL last=0.04732 · río=WS · mercado=linear · estado=ACECHANDO · dir=— · 0=0.047 · Oz=— · Red=0.04604378376 · manos=ON · pos=flat · latido=1.50s
[RANGO] autosello ZKP · ACECHANDO · Oz=0.0 link=— · manos_feria_informe.json
[RANGO] ZKPUSDT_LINEAL last=0.04736 · río=WS · mercado=linear · estado=ACECHANDO · dir=— · 0=0.047 · Oz=— · Red=0.04604378376 · manos=ON · pos=flat · latido=1.50s
[RANGO] autosello ZKP · ACECHANDO · Oz=0.0 link=— · manos_feria_informe.json
[RANGO] ZKPUSDT_LINEAL last=0.04732 · río=ciego/muleta · mercado=linear · estado=ACECHANDO · dir=— · 0=0.047 · Oz=— · Red=0.04604378376 · manos=ON · pos=flat · latido=1.50s
[RANGO] ZKPUSDT_LINEAL last=0.04733 · río=WS · mercado=linear · estado=ACECHANDO · dir=— · 0=0.047 · Oz=— · Red=0.04604378376 · manos=ON · pos=flat · latido=1.50s
[RANGO] autosello ZKP · ACECHANDO · Oz=0.0 link=— · manos_feria_informe.json
[2026-08-31 11:55:10] [TUSK] RECONCILIACIÓN: DASHUSDT_LINEAL: interno L:0.000000/S:1.160000 -> real L:0.000000/S:1.050000
[2026-08-31 11:55:10] [TUSK] RECONCILIACIÓN: BIOUSDT_LINEAL: interno L:0.000000/S:0.000000 -> real L:1016.000000/S:0.000000
[2026-08-31 11:55:10] [TUSK] RECONCILIACIÓN_FANTASMA: PRLUSDT_LINEAL existe interno pero no en exchange -> reseteando
[2026-08-31 11:55:10] [TUSK] RECONCILIACIÓN_OK: 3 frentes alineados con exchange
[RANGO] ZKPUSDT_LINEAL last=0.04736 · río=WS · mercado=linear · estado=ACECHANDO · dir=— · 0=0.047 · Oz=— · Red=0.04604378376 · manos=ON · pos=flat · latido=1.50s
[RANGO] autosello ZKP · ACECHANDO · Oz=0.0 link=— · manos_feria_informe.json
[RANGO] ZKPUSDT_LINEAL last=0.04733 · río=WS · mercado=linear · estado=ACECHANDO · dir=— · 0=0.047 · Oz=— · Red=0.04604378376 · manos=ON · pos=flat · latido=1.50s
[RANGO] ZKPUSDT_LINEAL last=0.04743 · río=WS · mercado=linear · estado=ACECHANDO · dir=— · 0=0.047 · Oz=— · Red=0.04604378376 · manos=ON · pos=flat · latido=1.50s
[RANGO] autosello ZKP · ACECHANDO · Oz=0.0 link=— · manos_feria_informe.json
[RANGO] ZKPUSDT_LINEAL last=0.04736 · río=ciego/muleta · mercado=linear · estado=ACECHANDO · dir=— · 0=0.047 · Oz=— · Red=0.04604378376 · manos=ON · pos=flat · latido=1.50s
[RANGO] autosello ZKP · ACECHANDO · Oz=0.0 link=— · manos_feria_informe.json
[RANGO] ZKPUSDT_LINEAL last=0.04736 · río=ciego/muleta · mercado=linear · estado=ACECHANDO · dir=— · 0=0.047 · Oz=— · Red=0.04604378376 · manos=ON · pos=flat · latido=1.50s
[RANGO] ZKPUSDT_LINEAL last=0.04733 · río=WS · mercado=linear · estado=ACECHANDO · dir=— · 0=0.047 · Oz=— · Red=0.04604378376 · manos=ON · pos=flat · latido=1.50s
[RANGO] autosello ZKP · ACECHANDO · Oz=0.0 link=— · manos_feria_informe.json
[RANGO] ZKPUSDT_LINEAL last=0.04734 · río=WS · mercado=linear · estado=ACECHANDO · dir=— · 0=0.047 · Oz=— · Red=0.04604378376 · manos=ON · pos=flat · latido=1.50s
[RANGO] autosello ZKP · ACECHANDO · Oz=0.0 link=— · manos_feria_informe.json
[RANGO] ZKPUSDT_LINEAL last=0.04741 · río=WS · mercado=linear · estado=ACECHANDO · dir=— · 0=0.047 · Oz=— · Red=0.04604378376 · manos=ON · pos=flat · latido=1.50s
[RANGO] ZKPUSDT_LINEAL last=0.04736 · río=WS · mercado=linear · estado=ACECHANDO · dir=— · 0=0.047 · Oz=— · Red=0.04604378376 · manos=ON · pos=flat · latido=1.50s
[RANGO] autosello ZKP · ACECHANDO · Oz=0.0 link=— · manos_feria_informe.json
[RANGO] ZKPUSDT_LINEAL last=0.0474 · río=WS · mercado=linear · estado=ACECHANDO · dir=— · 0=0.047 · Oz=— · Red=0.04604378376 · manos=ON · pos=flat · latido=1.50s
[RANGO] autosello ZKP · ACECHANDO · Oz=0.0 link=— · manos_feria_informe.json
[RANGO] ZKPUSDT_LINEAL last=0.04733 · río=WS · mercado=linear · estado=ACECHANDO · dir=— · 0=0.047 · Oz=— · Red=0.04604378376 · manos=ON · pos=flat · latido=1.50s
[RANGO] ZKPUSDT_LINEAL last=0.04734 · río=WS · mercado=linear · estado=ACECHANDO · dir=— · 0=0.047 · Oz=— · Red=0.04604378376 · manos=ON · pos=flat · latido=1.50s
[RANGO] autosello ZKP · ACECHANDO · Oz=0.0 link=— · manos_feria_informe.json
[RANGO] ZKPUSDT_LINEAL last=0.04733 · río=WS · mercado=linear · estado=ACECHANDO · dir=— · 0=0.047 · Oz=— · Red=0.04604378376 · manos=ON · pos=flat · latido=1.50s
[RANGO] autosello ZKP · ACECHANDO · Oz=0.0 link=— · manos_feria_informe.json
[RANGO] ZKPUSDT_LINEAL last=0.04729 · río=WS · mercado=linear · estado=ACECHANDO · dir=— · 0=0.047 · Oz=— · Red=0.04604378376 · manos=ON · pos=flat · latido=1.50s
[RANGO] ZKPUSDT_LINEAL last=0.04729 · río=WS · mercado=linear · estado=ACECHANDO · dir=— · 0=0.047 · Oz=— · Red=0.04604378376 · manos=ON · pos=flat · latido=1.50s
[RANGO] autosello ZKP · ACECHANDO · Oz=0.0 link=— · manos_feria_informe.json
[RANGO] ZKPUSDT_LINEAL last=0.04729 · río=WS · mercado=linear · estado=ACECHANDO · dir=— · 0=0.047 · Oz=— · Red=0.04604378376 · manos=ON · pos=flat · latido=1.50s
[RANGO] autosello ZKP · ACECHANDO · Oz=0.0 link=— · manos_feria_informe.json
[RANGO] ZKPUSDT_LINEAL last=0.04724 · río=ciego/muleta · mercado=linear · estado=ACECHANDO · dir=— · 0=0.047 · Oz=— · Red=0.04604378376 · manos=ON · pos=flat · latido=1.50s
[RANGO] ZKPUSDT_LINEAL last=0.04728 · río=WS · mercado=linear · estado=ACECHANDO · dir=— · 0=0.047 · Oz=— · Red=0.04604378376 · manos=ON · pos=flat · latido=1.50s
[RANGO] autosello ZKP · ACECHANDO · Oz=0.0 link=— · manos_feria_informe.json
[RANGO] ZKPUSDT_LINEAL last=0.0473 · río=WS · mercado=linear · estado=ACECHANDO · dir=— · 0=0.047 · Oz=— · Red=0.04604378376 · manos=ON · pos=flat · latido=1.50s
[RANGO] autosello ZKP · ACECHANDO · Oz=0.0 link=— · manos_feria_informe.json
[RANGO] ZKPUSDT_LINEAL last=0.04727 · río=WS · mercado=linear · estado=ACECHANDO · dir=— · 0=0.047 · Oz=— · Red=0.04604378376 · manos=ON · pos=flat · latido=1.50s
[RANGO] ZKPUSDT_LINEAL last=0.04732 · río=WS · mercado=linear · estado=ACECHANDO · dir=— · 0=0.047 · Oz=— · Red=0.04604378376 · manos=ON · pos=flat · latido=1.50s
[RANGO] autosello ZKP · ACECHANDO · Oz=0.0 link=— · manos_feria_informe.json
[RANGO] ZKPUSDT_LINEAL last=0.04732 · río=WS · mercado=linear · estado=ACECHANDO · dir=— · 0=0.047 · Oz=— · Red=0.04604378376 · manos=ON · pos=flat · latido=1.50s
[RANGO] autosello ZKP · ACECHANDO · Oz=0.0 link=— · manos_feria_informe.json
[RANGO] ZKPUSDT_LINEAL last=0.04732 · río=WS · mercado=linear · estado=ACECHANDO · dir=— · 0=0.047 · Oz=— · Red=0.04604378376 · manos=ON · pos=flat · latido=1.50s
[RANGO] ZKPUSDT_LINEAL last=0.04729 · río=WS · mercado=linear · estado=ACECHANDO · dir=— · 0=0.047 · Oz=— · Red=0.04604378376 · manos=ON · pos=flat · latido=1.50s
[RANGO] autosello ZKP · ACECHANDO · Oz=0.0 link=— · manos_feria_informe.json
[RANGO] ZKPUSDT_LINEAL last=0.04729 · río=WS · mercado=linear · estado=ACECHANDO · dir=— · 0=0.047 · Oz=— · Red=0.04604378376 · manos=ON · pos=flat · latido=1.50s
[RANGO] autosello ZKP · ACECHANDO · Oz=0.0 link=— · manos_feria_informe.json
[RANGO] ZKPUSDT_LINEAL last=0.04728 · río=WS · mercado=linear · estado=ACECHANDO · dir=— · 0=0.047 · Oz=— · Red=0.04604378376 · manos=ON · pos=flat · latido=1.50s
[RANGO] ZKPUSDT_LINEAL last=0.04729 · río=WS · mercado=linear · estado=ACECHANDO · dir=— · 0=0.047 · Oz=— · Red=0.04604378376 · manos=ON · pos=flat · latido=1.50s
[RANGO] autosello ZKP · ACECHANDO · Oz=0.0 link=— · manos_feria_informe.json
[RANGO] ZKPUSDT_LINEAL last=0.04724 · río=WS · mercado=linear · estado=ACECHANDO · dir=— · 0=0.047 · Oz=— · Red=0.04604378376 · manos=ON · pos=flat · latido=1.50s
[RANGO] autosello ZKP · ACECHANDO · Oz=0.0 link=— · manos_feria_informe.json
[RANGO] ZKPUSDT_LINEAL last=0.04727 · río=WS · mercado=linear · estado=ACECHANDO · dir=— · 0=0.047 · Oz=— · Red=0.04604378376 · manos=ON · pos=flat · latido=1.50s
[RANGO] ZKPUSDT_LINEAL last=0.04723 · río=WS · mercado=linear · estado=ACECHANDO · dir=— · 0=0.047 · Oz=— · Red=0.04604378376 · manos=ON · pos=flat · latido=1.50s
[RANGO] autosello ZKP · ACECHANDO · Oz=0.0 link=— · manos_feria_informe.json
[RANGO] ZKPUSDT_LINEAL last=0.04723 · río=WS · mercado=linear · estado=ACECHANDO · dir=— · 0=0.047 · Oz=— · Red=0.04604378376 · manos=ON · pos=flat · latido=1.50s
[RANGO] autosello ZKP · ACECHANDO · Oz=0.0 link=— · manos_feria_informe.json
[RANGO] ZKPUSDT_LINEAL last=0.04723 · río=ciego/muleta · mercado=linear · estado=ACECHANDO · dir=— · 0=0.047 · Oz=— · Red=0.04604378376 · manos=ON · pos=flat · latido=1.50s
[RANGO] ZKPUSDT_LINEAL last=0.04722 · río=WS · mercado=linear · estado=ACECHANDO · dir=— · 0=0.047 · Oz=— · Red=0.04604378376 · manos=ON · pos=flat · latido=1.50s
[RANGO] autosello ZKP · ACECHANDO · Oz=0.0 link=— · manos_feria_informe.json
[RANGO] ZKPUSDT_LINEAL last=0.04718 · río=WS · mercado=linear · estado=ACECHANDO · dir=— · 0=0.047 · Oz=— · Red=0.04604378376 · manos=ON · pos=flat · latido=1.50s
[RANGO] autosello ZKP · ACECHANDO · Oz=0.0 link=— · manos_feria_informe.json
[RANGO] ZKPUSDT_LINEAL last=0.04723 · río=WS · mercado=linear · estado=ACECHANDO · dir=— · 0=0.047 · Oz=— · Red=0.04604378376 · manos=ON · pos=flat · latido=1.50s
[RANGO] ZKPUSDT_LINEAL last=0.04725 · río=WS · mercado=linear · estado=ACECHANDO · dir=— · 0=0.047 · Oz=— · Red=0.04604378376 · manos=ON · pos=flat · latido=1.50s
[RANGO] autosello ZKP · ACECHANDO · Oz=0.0 link=— · manos_feria_informe.json
[2026-08-31 12:01:19] [TUSK] RECONCILIACIÓN: PURRUSDT_LINEAL: interno L:0.000000/S:0.000000 -> real L:3.200000/S:0.000000
[2026-08-31 12:01:19] [TUSK] RECONCILIACIÓN: BTCUSD_INVERSE: interno L:0.000000/S:0.000000 -> real L:0.000000/S:10.000000
[2026-08-31 12:01:19] [TUSK] RECONCILIACIÓN_FANTASMA: SAMSUNGUSDT_LINEAL existe interno pero no en exchange -> reseteando
[2026-08-31 12:01:19] [TUSK] RECONCILIACIÓN_OK: 3 frentes alineados con exchange
[RANGO] ZKPUSDT_LINEAL last=0.04726 · río=WS · mercado=linear · estado=ACECHANDO · dir=— · 0=0.047 · Oz=— · Red=0.04604378376 · manos=ON · pos=flat · latido=1.50s
[RANGO] autosello ZKP · ACECHANDO · Oz=0.0 link=— · manos_feria_informe.json
[RANGO] ZKPUSDT_LINEAL last=0.04727 · río=WS · mercado=linear · estado=ACECHANDO · dir=— · 0=0.047 · Oz=— · Red=0.04604378376 · manos=ON · pos=flat · latido=1.50s
[RANGO] ZKPUSDT_LINEAL last=0.04727 · río=ciego/muleta · mercado=linear · estado=ACECHANDO · dir=— · 0=0.047 · Oz=— · Red=0.04604378376 · manos=ON · pos=flat · latido=1.50s
[RANGO] autosello ZKP · ACECHANDO · Oz=0.0 link=— · manos_feria_informe.json
[RANGO] ZKPUSDT_LINEAL last=0.04729 · río=WS · mercado=linear · estado=ACECHANDO · dir=— · 0=0.047 · Oz=— · Red=0.04604378376 · manos=ON · pos=flat · latido=1.50s
[RANGO] autosello ZKP · ACECHANDO · Oz=0.0 link=— · manos_feria_informe.json
[RANGO] ZKPUSDT_LINEAL last=0.04728 · río=WS · mercado=linear · estado=ACECHANDO · dir=— · 0=0.047 · Oz=— · Red=0.04604378376 · manos=ON · pos=flat · latido=1.50s
[RANGO] ZKPUSDT_LINEAL last=0.04728 · río=WS · mercado=linear · estado=ACECHANDO · dir=— · 0=0.047 · Oz=— · Red=0.04604378376 · manos=ON · pos=flat · latido=1.50s
[RANGO] autosello ZKP · ACECHANDO · Oz=0.0 link=— · manos_feria_informe.json
[2026-08-31 12:02:20] [TUSK] RECONCILIACIÓN_FANTASMA: BTCUSD_INVERSE existe interno pero no en exchange -> reseteando
[2026-08-31 12:02:20] [TUSK] RECONCILIACIÓN_OK: 1 frentes alineados con exchange
[RANGO] ZKPUSDT_LINEAL last=0.04727 · río=ciego/muleta · mercado=linear · estado=ACECHANDO · dir=— · 0=0.047 · Oz=— · Red=0.04604378376 · manos=ON · pos=flat · latido=1.50s
[RANGO] autosello ZKP · ACECHANDO · Oz=0.0 link=— · manos_feria_informe.json
[RANGO] ZKPUSDT_LINEAL last=0.04727 · río=WS · mercado=linear · estado=ACECHANDO · dir=— · 0=0.047 · Oz=— · Red=0.04604378376 · manos=ON · pos=flat · latido=1.50s
[RANGO] autosello ZKP · ACECHANDO · Oz=0.0 link=— · manos_feria_informe.json
[RANGO] ZKPUSDT_LINEAL last=0.0472 · río=WS · mercado=linear · estado=ACECHANDO · dir=— · 0=0.047 · Oz=— · Red=0.04604378376 · manos=ON · pos=flat · latido=1.50s
[RANGO] ZKPUSDT_LINEAL last=0.04718 · río=WS · mercado=linear · estado=ACECHANDO · dir=— · 0=0.047 · Oz=— · Red=0.04604378376 · manos=ON · pos=flat · latido=1.50s
[RANGO] autosello ZKP · ACECHANDO · Oz=0.0 link=— · manos_feria_informe.json
[RANGO] ZKPUSDT_LINEAL last=0.04714 · río=WS · mercado=linear · estado=ACECHANDO · dir=— · 0=0.047 · Oz=— · Red=0.04604378376 · manos=ON · pos=flat · latido=1.50s
[RANGO] autosello ZKP · ACECHANDO · Oz=0.0 link=— · manos_feria_informe.json
[RANGO] ZKPUSDT_LINEAL last=0.04714 · río=WS · mercado=linear · estado=ACECHANDO · dir=— · 0=0.047 · Oz=— · Red=0.04604378376 · manos=ON · pos=flat · latido=1.50s
[RANGO] ZKPUSDT_LINEAL last=0.04714 · río=WS · mercado=linear · estado=ACECHANDO · dir=— · 0=0.047 · Oz=— · Red=0.04604378376 · manos=ON · pos=flat · latido=1.50s
[2026-08-31 12:03:21] [TUSK] RECONCILIACIÓN: EULUSDT_LINEAL: interno L:81.900000/S:0.000000 -> real L:77.900000/S:0.000000
[2026-08-31 12:03:21] [TUSK] RECONCILIACIÓN: SAMSUNGUSDT_LINEAL: interno L:0.000000/S:0.000000 -> real L:0.000000/S:0.110000
[2026-08-31 12:03:21] [TUSK] RECONCILIACIÓN_FANTASMA: PURRUSDT_LINEAL existe interno pero no en exchange -> reseteando
[2026-08-31 12:03:21] [TUSK] RECONCILIACIÓN_OK: 3 frentes alineados con exchange
[RANGO] autosello ZKP · ACECHANDO · Oz=0.0 link=— · manos_feria_informe.json
[RANGO] ZKPUSDT_LINEAL last=0.04714 · río=WS · mercado=linear · estado=ACECHANDO · dir=— · 0=0.047 · Oz=— · Red=0.04604378376 · manos=ON · pos=flat · latido=1.50s
[RANGO] autosello ZKP · ACECHANDO · Oz=0.0 link=— · manos_feria_informe.json
[RANGO] ZKPUSDT_LINEAL last=0.04715 · río=WS · mercado=linear · estado=ACECHANDO · dir=— · 0=0.047 · Oz=— · Red=0.04604378376 · manos=ON · pos=flat · latido=1.50s
[RANGO] ZKPUSDT_LINEAL last=0.04714 · río=WS · mercado=linear · estado=ACECHANDO · dir=— · 0=0.047 · Oz=— · Red=0.04604378376 · manos=ON · pos=flat · latido=1.50s
[RANGO] autosello ZKP · ACECHANDO · Oz=0.0 link=— · manos_feria_informe.json
[RANGO] ZKPUSDT_LINEAL last=0.04714 · río=WS · mercado=linear · estado=ACECHANDO · dir=— · 0=0.047 · Oz=— · Red=0.04604378376 · manos=ON · pos=flat · latido=1.50s
[RANGO] autosello ZKP · ACECHANDO · Oz=0.0 link=— · manos_feria_informe.json
[RANGO] ZKPUSDT_LINEAL last=0.04716 · río=WS · mercado=linear · estado=ACECHANDO · dir=— · 0=0.047 · Oz=— · Red=0.04604378376 · manos=ON · pos=flat · latido=1.50s
[RANGO] ZKPUSDT_LINEAL last=0.04719 · río=WS · mercado=linear · estado=ACECHANDO · dir=— · 0=0.047 · Oz=— · Red=0.04604378376 · manos=ON · pos=flat · latido=1.50s
[RANGO] autosello ZKP · ACECHANDO · Oz=0.0 link=— · manos_feria_informe.json
[RANGO] ZKPUSDT_LINEAL last=0.04718 · río=WS · mercado=linear · estado=ACECHANDO · dir=— · 0=0.047 · Oz=— · Red=0.04604378376 · manos=ON · pos=flat · latido=1.50s
[RANGO] autosello ZKP · ACECHANDO · Oz=0.0 link=— · manos_feria_informe.json
[RANGO] ZKPUSDT_LINEAL last=0.04718 · río=ciego/muleta · mercado=linear · estado=ACECHANDO · dir=— · 0=0.047 · Oz=— · Red=0.04604378376 · manos=ON · pos=flat · latido=1.50s
[RANGO] ZKPUSDT_LINEAL last=0.04718 · río=ciego/muleta · mercado=linear · estado=ACECHANDO · dir=— · 0=0.047 · Oz=— · Red=0.04604378376 · manos=ON · pos=flat · latido=1.50s
[RANGO] autosello ZKP · ACECHANDO · Oz=0.0 link=— · manos_feria_informe.json
[RANGO] ZKPUSDT_LINEAL last=0.04716 · río=WS · mercado=linear · estado=ACECHANDO · dir=— · 0=0.047 · Oz=— · Red=0.04604378376 · manos=ON · pos=flat · latido=1.50s
[RANGO] autosello ZKP · ACECHANDO · Oz=0.0 link=— · manos_feria_informe.json
[RANGO] ZKPUSDT_LINEAL last=0.04717 · río=WS · mercado=linear · estado=ACECHANDO · dir=— · 0=0.047 · Oz=— · Red=0.04604378376 · manos=ON · pos=flat · latido=1.50s
[RANGO] ZKPUSDT_LINEAL last=0.04719 · río=WS · mercado=linear · estado=ACECHANDO · dir=— · 0=0.047 · Oz=— · Red=0.04604378376 · manos=ON · pos=flat · latido=1.50s
[RANGO] autosello ZKP · ACECHANDO · Oz=0.0 link=— · manos_feria_informe.json
[RANGO] ZKPUSDT_LINEAL last=0.04717 · río=WS · mercado=linear · estado=ACECHANDO · dir=— · 0=0.047 · Oz=— · Red=0.04604378376 · manos=ON · pos=flat · latido=1.50s
[RANGO] autosello ZKP · ACECHANDO · Oz=0.0 link=— · manos_feria_informe.json
[RANGO] ZKPUSDT_LINEAL last=0.04714 · río=WS · mercado=linear · estado=ACECHANDO · dir=— · 0=0.047 · Oz=— · Red=0.04604378376 · manos=ON · pos=flat · latido=1.50s
[RANGO] ZKPUSDT_LINEAL last=0.04713 · río=WS · mercado=linear · estado=ACECHANDO · dir=— · 0=0.047 · Oz=— · Red=0.04604378376 · manos=ON · pos=flat · latido=1.50s
[RANGO] autosello ZKP · ACECHANDO · Oz=0.0 link=— · manos_feria_informe.json
[RANGO] ZKPUSDT_LINEAL last=0.04713 · río=WS · mercado=linear · estado=ACECHANDO · dir=— · 0=0.047 · Oz=— · Red=0.04604378376 · manos=ON · pos=flat · latido=1.50s
[RANGO] autosello ZKP · ACECHANDO · Oz=0.0 link=— · manos_feria_informe.json
[RANGO] ZKPUSDT_LINEAL last=0.04725 · río=WS · mercado=linear · estado=ACECHANDO · dir=— · 0=0.047 · Oz=— · Red=0.04604378376 · manos=ON · pos=flat · latido=1.50s
[RANGO] ZKPUSDT_LINEAL last=0.04714 · río=WS · mercado=linear · estado=ACECHANDO · dir=— · 0=0.047 · Oz=— · Red=0.04604378376 · manos=ON · pos=flat · latido=1.50s
[RANGO] autosello ZKP · ACECHANDO · Oz=0.0 link=— · manos_feria_informe.json
[RANGO] ZKPUSDT_LINEAL last=0.04714 · río=ciego/muleta · mercado=linear · estado=ACECHANDO · dir=— · 0=0.047 · Oz=— · Red=0.04604378376 · manos=ON · pos=flat · latido=1.50s
[RANGO] autosello ZKP · ACECHANDO · Oz=0.0 link=— · manos_feria_informe.json
[RANGO] ZKPUSDT_LINEAL last=0.0471 · río=WS · mercado=linear · estado=ACECHANDO · dir=— · 0=0.047 · Oz=— · Red=0.04604378376 · manos=ON · pos=flat · latido=1.50s
[RANGO] ZKPUSDT_LINEAL last=0.04709 · río=WS · mercado=linear · estado=ACECHANDO · dir=— · 0=0.047 · Oz=— · Red=0.04604378376 · manos=ON · pos=flat · latido=1.50s
[RANGO] autosello ZKP · ACECHANDO · Oz=0.0 link=— · manos_feria_informe.json
[RANGO] ZKPUSDT_LINEAL last=0.04711 · río=WS · mercado=linear · estado=ACECHANDO · dir=— · 0=0.047 · Oz=— · Red=0.04604378376 · manos=ON · pos=flat · latido=1.50s
[RANGO] autosello ZKP · ACECHANDO · Oz=0.0 link=— · manos_feria_informe.json
[RANGO] ZKPUSDT_LINEAL last=0.04714 · río=WS · mercado=linear · estado=ACECHANDO · dir=— · 0=0.047 · Oz=— · Red=0.04604378376 · manos=ON · pos=flat · latido=1.50s
[RANGO] ZKPUSDT_LINEAL last=0.04712 · río=WS · mercado=linear · estado=ACECHANDO · dir=— · 0=0.047 · Oz=— · Red=0.04604378376 · manos=ON · pos=flat · latido=1.50s
[RANGO] autosello ZKP · ACECHANDO · Oz=0.0 link=— · manos_feria_informe.json
[2026-08-31 12:07:27] [TUSK] RECONCILIACIÓN: USARUSDT_LINEAL: interno L:0.000000/S:0.000000 -> real L:0.900000/S:0.000000
[2026-08-31 12:07:27] [TUSK] RECONCILIACIÓN: DASHUSDT_LINEAL: interno L:0.000000/S:1.050000 -> real L:0.000000/S:1.160000
[2026-08-31 12:07:27] [TUSK] RECONCILIACIÓN_FANTASMA: SAMSUNGUSDT_LINEAL existe interno pero no en exchange -> reseteando
[2026-08-31 12:07:27] [TUSK] RECONCILIACIÓN_OK: 3 frentes alineados con exchange
[RANGO] ZKPUSDT_LINEAL last=0.04712 · río=WS · mercado=linear · estado=ACECHANDO · dir=— · 0=0.047 · Oz=— · Red=0.04604378376 · manos=ON · pos=flat · latido=1.50s
[RANGO] autosello ZKP · ACECHANDO · Oz=0.0 link=— · manos_feria_informe.json
[RANGO] ZKPUSDT_LINEAL last=0.0471 · río=WS · mercado=linear · estado=ACECHANDO · dir=— · 0=0.047 · Oz=— · Red=0.04604378376 · manos=ON · pos=flat · latido=1.50s
[RANGO] ZKPUSDT_LINEAL last=0.04718 · río=WS · mercado=linear · estado=ACECHANDO · dir=— · 0=0.047 · Oz=— · Red=0.04604378376 · manos=ON · pos=flat · latido=1.50s
[RANGO] autosello ZKP · ACECHANDO · Oz=0.0 link=— · manos_feria_informe.json
[RANGO] ZKPUSDT_LINEAL last=0.04711 · río=WS · mercado=linear · estado=ACECHANDO · dir=— · 0=0.047 · Oz=— · Red=0.04604378376 · manos=ON · pos=flat · latido=1.50s
[RANGO] autosello ZKP · ACECHANDO · Oz=0.0 link=— · manos_feria_informe.json
[RANGO] ZKPUSDT_LINEAL last=0.04712 · río=WS · mercado=linear · estado=ACECHANDO · dir=— · 0=0.047 · Oz=— · Red=0.04604378376 · manos=ON · pos=flat · latido=1.50s
[RANGO] ZKPUSDT_LINEAL last=0.04712 · río=WS · mercado=linear · estado=ACECHANDO · dir=— · 0=0.047 · Oz=— · Red=0.04604378376 · manos=ON · pos=flat · latido=1.50s
[RANGO] autosello ZKP · ACECHANDO · Oz=0.0 link=— · manos_feria_informe.json
[RANGO] ZKPUSDT_LINEAL last=0.04713 · río=ciego/muleta · mercado=linear · estado=ACECHANDO · dir=— · 0=0.047 · Oz=— · Red=0.04604378376 · manos=ON · pos=flat · latido=1.50s
[RANGO] autosello ZKP · ACECHANDO · Oz=0.0 link=— · manos_feria_informe.json
[RANGO] ZKPUSDT_LINEAL last=0.0471 · río=WS · mercado=linear · estado=ACECHANDO · dir=— · 0=0.047 · Oz=— · Red=0.04604378376 · manos=ON · pos=flat · latido=1.50s
[RANGO] autosello ZKP · ACECHANDO · Oz=0.0 link=— · manos_feria_informe.json
[RANGO] ZKPUSDT_LINEAL last=0.04711 · río=WS · mercado=linear · estado=ACECHANDO · dir=— · 0=0.047 · Oz=— · Red=0.04604378376 · manos=ON · pos=flat · latido=1.50s
[RANGO] ZKPUSDT_LINEAL last=0.04709 · río=WS · mercado=linear · estado=ACECHANDO · dir=— · 0=0.047 · Oz=— · Red=0.04604378376 · manos=ON · pos=flat · latido=1.50s
[RANGO] autosello ZKP · ACECHANDO · Oz=0.0 link=— · manos_feria_informe.json
[RANGO] ZKPUSDT_LINEAL last=0.04711 · río=WS · mercado=linear · estado=ACECHANDO · dir=— · 0=0.047 · Oz=— · Red=0.04604378376 · manos=ON · pos=flat · latido=1.50s
[RANGO] autosello ZKP · ACECHANDO · Oz=0.0 link=— · manos_feria_informe.json
[RANGO] ZKPUSDT_LINEAL last=0.04711 · río=WS · mercado=linear · estado=ACECHANDO · dir=— · 0=0.047 · Oz=— · Red=0.04604378376 · manos=ON · pos=flat · latido=1.50s
[2026-08-31 12:09:29] [TUSK] RECONCILIACIÓN: CHIPUSDT_LINEAL: interno L:520.000000/S:0.000000 -> real L:680.000000/S:0.000000
[2026-08-31 12:09:29] [TUSK] RECONCILIACIÓN: EULUSDT_LINEAL: interno L:77.900000/S:0.000000 -> real L:73.900000/S:0.000000
[2026-08-31 12:09:29] [TUSK] RECONCILIACIÓN_OK: 2 frentes alineados con exchange
[RANGO] ZKPUSDT_LINEAL last=0.04711 · río=WS · mercado=linear · estado=ACECHANDO · dir=— · 0=0.047 · Oz=— · Red=0.04604378376 · manos=ON · pos=flat · latido=1.50s
[RANGO] autosello ZKP · ACECHANDO · Oz=0.0 link=— · manos_feria_informe.json
[RANGO] ZKPUSDT_LINEAL last=0.04711 · río=WS · mercado=linear · estado=ACECHANDO · dir=— · 0=0.047 · Oz=— · Red=0.04604378376 · manos=ON · pos=flat · latido=1.50s
[RANGO] autosello ZKP · ACECHANDO · Oz=0.0 link=— · manos_feria_informe.json
[RANGO] ZKPUSDT_LINEAL last=0.04711 · río=WS · mercado=linear · estado=ACECHANDO · dir=— · 0=0.047 · Oz=— · Red=0.04604378376 · manos=ON · pos=flat · latido=1.50s
[RANGO] ZKPUSDT_LINEAL last=0.04714 · río=WS · mercado=linear · estado=ACECHANDO · dir=— · 0=0.047 · Oz=— · Red=0.04604378376 · manos=ON · pos=flat · latido=1.50s
[RANGO] autosello ZKP · ACECHANDO · Oz=0.0 link=— · manos_feria_informe.json
[RANGO] ZKPUSDT_LINEAL last=0.04714 · río=WS · mercado=linear · estado=ACECHANDO · dir=— · 0=0.047 · Oz=— · Red=0.04604378376 · manos=ON · pos=flat · latido=1.50s
[RANGO] autosello ZKP · ACECHANDO · Oz=0.0 link=— · manos_feria_informe.json
[RANGO] ZKPUSDT_LINEAL last=0.0471 · río=WS · mercado=linear · estado=ACECHANDO · dir=— · 0=0.047 · Oz=— · Red=0.04604378376 · manos=ON · pos=flat · latido=1.50s
[2026-08-31 12:10:30] [TUSK] RECONCILIACIÓN: POWERUSDT_LINEAL: interno L:0.000000/S:189.000000 -> real L:0.000000/S:129.000000
[2026-08-31 12:10:30] [TUSK] RECONCILIACIÓN_OK: 1 frentes alineados con exchange
[RANGO] ZKPUSDT_LINEAL last=0.04712 · río=WS · mercado=linear · estado=ACECHANDO · dir=— · 0=0.047 · Oz=— · Red=0.04604378376 · manos=ON · pos=flat · latido=1.50s
[RANGO] autosello ZKP · ACECHANDO · Oz=0.0 link=— · manos_feria_informe.json
[RANGO] ZKPUSDT_LINEAL last=0.04711 · río=WS · mercado=linear · estado=ACECHANDO · dir=— · 0=0.047 · Oz=— · Red=0.04604378376 · manos=ON · pos=flat · latido=1.50s
[RANGO] autosello ZKP · ACECHANDO · Oz=0.0 link=— · manos_feria_informe.json
[RANGO] ZKPUSDT_LINEAL last=0.04707 · río=ciego/muleta · mercado=linear · estado=ACECHANDO · dir=— · 0=0.047 · Oz=— · Red=0.04604378376 · manos=ON · pos=flat · latido=1.50s
[RANGO] ZKPUSDT_LINEAL last=0.04703 · río=WS · mercado=linear · estado=ACECHANDO · dir=— · 0=0.047 · Oz=— · Red=0.04604378376 · manos=ON · pos=flat · latido=1.50s
[RANGO] autosello ZKP · ACECHANDO · Oz=0.0 link=— · manos_feria_informe.json
[RANGO] ZKPUSDT_LINEAL last=0.04706 · río=WS · mercado=linear · estado=ACECHANDO · dir=— · 0=0.047 · Oz=— · Red=0.04604378376 · manos=ON · pos=flat · latido=1.50s
[RANGO] autosello ZKP · ACECHANDO · Oz=0.0 link=— · manos_feria_informe.json
[RANGO] ZKPUSDT_LINEAL last=0.04696 · río=WS · mercado=linear · estado=ACECHANDO · dir=— · 0=0.047 · Oz=— · Red=0.04604378376 · manos=ON · pos=flat · latido=1.50s
[RANGO] ZKPUSDT_LINEAL last=0.04696 · río=WS · mercado=linear · estado=ACECHANDO · dir=— · 0=0.047 · Oz=— · Red=0.04604378376 · manos=ON · pos=flat · latido=1.50s
[RANGO] autosello ZKP · ACECHANDO · Oz=0.0 link=— · manos_feria_informe.json
[RANGO] ZKPUSDT_LINEAL last=0.04701 · río=WS · mercado=linear · estado=ACECHANDO · dir=— · 0=0.047 · Oz=— · Red=0.04604378376 · manos=ON · pos=flat · latido=1.50s
[RANGO] autosello ZKP · ACECHANDO · Oz=0.0 link=— · manos_feria_informe.json
[RANGO] ZKPUSDT_LINEAL last=0.04705 · río=WS · mercado=linear · estado=ACECHANDO · dir=— · 0=0.047 · Oz=— · Red=0.04604378376 · manos=ON · pos=flat · latido=1.50s
[RANGO] ZKPUSDT_LINEAL last=0.04705 · río=ciego/muleta · mercado=linear · estado=ACECHANDO · dir=— · 0=0.047 · Oz=— · Red=0.04604378376 · manos=ON · pos=flat · latido=1.50s
[RANGO] autosello ZKP · ACECHANDO · Oz=0.0 link=— · manos_feria_informe.json
[RANGO] ZKPUSDT_LINEAL last=0.04705 · río=WS · mercado=linear · estado=ACECHANDO · dir=— · 0=0.047 · Oz=— · Red=0.04604378376 · manos=ON · pos=flat · latido=1.50s
[RANGO] autosello ZKP · ACECHANDO · Oz=0.0 link=— · manos_feria_informe.json
[RANGO] ZKPUSDT_LINEAL last=0.047 · río=WS · mercado=linear · estado=ACECHANDO · dir=— · 0=0.047 · Oz=— · Red=0.04604378376 · manos=ON · pos=flat · latido=1.50s
[RANGO] ZKPUSDT_LINEAL last=0.047 · río=WS · mercado=linear · estado=ACECHANDO · dir=— · 0=0.047 · Oz=— · Red=0.04604378376 · manos=ON · pos=flat · latido=1.50s
[RANGO] autosello ZKP · ACECHANDO · Oz=0.0 link=— · manos_feria_informe.json
[RANGO] ZKPUSDT_LINEAL last=0.04693 · río=WS · mercado=linear · estado=ACECHANDO · dir=— · 0=0.047 · Oz=— · Red=0.04604378376 · manos=ON · pos=flat · latido=1.50s
[RANGO] autosello ZKP · ACECHANDO · Oz=0.0 link=— · manos_feria_informe.json
[RANGO] ZKPUSDT_LINEAL last=0.04688 · río=WS · mercado=linear · estado=ACECHANDO · dir=— · 0=0.047 · Oz=— · Red=0.04604378376 · manos=ON · pos=flat · latido=1.50s
[RANGO] ZKPUSDT_LINEAL last=0.0469 · río=WS · mercado=linear · estado=ACECHANDO · dir=— · 0=0.047 · Oz=— · Red=0.04604378376 · manos=ON · pos=flat · latido=1.50s
[RANGO] autosello ZKP · ACECHANDO · Oz=0.0 link=— · manos_feria_informe.json
[RANGO] ZKPUSDT_LINEAL last=0.04685 · río=WS · mercado=linear · estado=ACECHANDO · dir=— · 0=0.047 · Oz=— · Red=0.04604378376 · manos=ON · pos=flat · latido=1.50s
[RANGO] autosello ZKP · ACECHANDO · Oz=0.0 link=— · manos_feria_informe.json
[RANGO] ZKPUSDT_LINEAL last=0.04687 · río=WS · mercado=linear · estado=ACECHANDO · dir=— · 0=0.047 · Oz=— · Red=0.04604378376 · manos=ON · pos=flat · latido=1.50s
[RANGO] ZKPUSDT_LINEAL last=0.04687 · río=WS · mercado=linear · estado=ACECHANDO · dir=— · 0=0.047 · Oz=— · Red=0.04604378376 · manos=ON · pos=flat · latido=1.50s
[RANGO] autosello ZKP · ACECHANDO · Oz=0.0 link=— · manos_feria_informe.json
[RANGO] ZKPUSDT_LINEAL last=0.04688 · río=WS · mercado=linear · estado=ACECHANDO · dir=— · 0=0.047 · Oz=— · Red=0.04604378376 · manos=ON · pos=flat · latido=1.50s
[RANGO] autosello ZKP · ACECHANDO · Oz=0.0 link=— · manos_feria_informe.json
[RANGO] ZKPUSDT_LINEAL last=0.04687 · río=WS · mercado=linear · estado=ACECHANDO · dir=— · 0=0.047 · Oz=— · Red=0.04604378376 · manos=ON · pos=flat · latido=1.50s
[RANGO] ZKPUSDT_LINEAL last=0.0469 · río=WS · mercado=linear · estado=ACECHANDO · dir=— · 0=0.047 · Oz=— · Red=0.04604378376 · manos=ON · pos=flat · latido=1.50s
[RANGO] autosello ZKP · ACECHANDO · Oz=0.0 link=— · manos_feria_informe.json
[RANGO] ZKPUSDT_LINEAL last=0.04689 · río=WS · mercado=linear · estado=ACECHANDO · dir=— · 0=0.047 · Oz=— · Red=0.04604378376 · manos=ON · pos=flat · latido=1.50s
[RANGO] autosello ZKP · ACECHANDO · Oz=0.0 link=— · manos_feria_informe.json
[RANGO] ZKPUSDT_LINEAL last=0.04691 · río=WS · mercado=linear · estado=ACECHANDO · dir=— · 0=0.047 · Oz=— · Red=0.04604378376 · manos=ON · pos=flat · latido=1.50s
[RANGO] ZKPUSDT_LINEAL last=0.04693 · río=WS · mercado=linear · estado=ACECHANDO · dir=— · 0=0.047 · Oz=— · Red=0.04604378376 · manos=ON · pos=flat · latido=1.50s
[RANGO] autosello ZKP · ACECHANDO · Oz=0.0 link=— · manos_feria_informe.json
[RANGO] ZKPUSDT_LINEAL last=0.04696 · río=WS · mercado=linear · estado=ACECHANDO · dir=— · 0=0.047 · Oz=— · Red=0.04604378376 · manos=ON · pos=flat · latido=1.50s
[RANGO] autosello ZKP · ACECHANDO · Oz=0.0 link=— · manos_feria_informe.json
[RANGO] ZKPUSDT_LINEAL last=0.04694 · río=WS · mercado=linear · estado=ACECHANDO · dir=— · 0=0.047 · Oz=— · Red=0.04604378376 · manos=ON · pos=flat · latido=1.50s
[RANGO] ZKPUSDT_LINEAL last=0.04693 · río=WS · mercado=linear · estado=ACECHANDO · dir=— · 0=0.047 · Oz=— · Red=0.04604378376 · manos=ON · pos=flat · latido=1.50s
[RANGO] autosello ZKP · ACECHANDO · Oz=0.0 link=— · manos_feria_informe.json
[RANGO] ZKPUSDT_LINEAL last=0.04692 · río=WS · mercado=linear · estado=ACECHANDO · dir=— · 0=0.047 · Oz=— · Red=0.04604378376 · manos=ON · pos=flat · latido=1.50s
[RANGO] autosello ZKP · ACECHANDO · Oz=0.0 link=— · manos_feria_informe.json
[RANGO] ZKPUSDT_LINEAL last=0.04695 · río=WS · mercado=linear · estado=ACECHANDO · dir=— · 0=0.047 · Oz=— · Red=0.04604378376 · manos=ON · pos=flat · latido=1.50s
[2026-08-31 12:15:36] [TUSK] RECONCILIACIÓN: ZKPUSDT_LINEAL: interno L:0.000000/S:0.000000 -> real L:1496.000000/S:0.000000
[2026-08-31 12:15:36] [TUSK] RECONCILIACIÓN_FANTASMA: ARCUSDT_LINEAL existe interno pero no en exchange -> reseteando
[2026-08-31 12:15:37] [TUSK] RECONCILIACIÓN_OK: 2 frentes alineados con exchange
[RANGO] ZKPUSDT_LINEAL last=0.04696 · río=WS · mercado=linear · estado=ACECHANDO · dir=— · 0=0.047 · Oz=— · Red=0.04604378376 · manos=ON · pos=LONG 1496@0.05011327 · latido=1.50s
[RANGO] autosello ZKP · ACECHANDO · Oz=0.0 link=— · manos_feria_informe.json
[RANGO] ZKPUSDT_LINEAL last=0.04697 · río=ciego/muleta · mercado=linear · estado=ACECHANDO · dir=— · 0=0.047 · Oz=— · Red=0.04604378376 · manos=ON · pos=LONG 1496@0.05011327 · latido=1.50s
[RANGO] autosello ZKP · ACECHANDO · Oz=0.0 link=— · manos_feria_informe.json
[RANGO] ZKPUSDT_LINEAL last=0.04695 · río=WS · mercado=linear · estado=ACECHANDO · dir=— · 0=0.047 · Oz=— · Red=0.04604378376 · manos=ON · pos=LONG 1496@0.05011327 · latido=1.50s
[RANGO] ZKPUSDT_LINEAL last=0.04696 · río=WS · mercado=linear · estado=ACECHANDO · dir=— · 0=0.047 · Oz=— · Red=0.04604378376 · manos=ON · pos=LONG 1496@0.05011327 · latido=1.50s
[RANGO] autosello ZKP · ACECHANDO · Oz=0.0 link=— · manos_feria_informe.json
[RANGO] ZKPUSDT_LINEAL last=0.04693 · río=WS · mercado=linear · estado=ACECHANDO · dir=— · 0=0.047 · Oz=— · Red=0.04604378376 · manos=ON · pos=LONG 1496@0.05011327 · latido=1.50s
[RANGO] autosello ZKP · ACECHANDO · Oz=0.0 link=— · manos_feria_informe.json
[RANGO] ZKPUSDT_LINEAL last=0.04694 · río=WS · mercado=linear · estado=ACECHANDO · dir=— · 0=0.047 · Oz=— · Red=0.04604378376 · manos=ON · pos=LONG 1496@0.05011327 · latido=1.50s
[RANGO] ZKPUSDT_LINEAL last=0.04694 · río=WS · mercado=linear · estado=ACECHANDO · dir=— · 0=0.047 · Oz=— · Red=0.04604378376 · manos=ON · pos=LONG 1496@0.05011327 · latido=1.50s
[RANGO] autosello ZKP · ACECHANDO · Oz=0.0 link=— · manos_feria_informe.json
[RANGO] ZKPUSDT_LINEAL last=0.04692 · río=WS · mercado=linear · estado=ACECHANDO · dir=— · 0=0.047 · Oz=— · Red=0.04604378376 · manos=ON · pos=LONG 1496@0.05011327 · latido=1.50s
[RANGO] autosello ZKP · ACECHANDO · Oz=0.0 link=— · manos_feria_informe.json
[RANGO] ZKPUSDT_LINEAL last=0.04697 · río=WS · mercado=linear · estado=ACECHANDO · dir=— · 0=0.047 · Oz=— · Red=0.04604378376 · manos=ON · pos=LONG 1496@0.05011327 · latido=1.50s
[RANGO] ZKPUSDT_LINEAL last=0.04692 · río=WS · mercado=linear · estado=ACECHANDO · dir=— · 0=0.047 · Oz=— · Red=0.04604378376 · manos=ON · pos=LONG 1496@0.05011327 · latido=1.50s
[RANGO] autosello ZKP · ACECHANDO · Oz=0.0 link=— · manos_feria_informe.json
[RANGO] ZKPUSDT_LINEAL last=0.04692 · río=WS · mercado=linear · estado=ACECHANDO · dir=— · 0=0.047 · Oz=— · Red=0.04604378376 · manos=ON · pos=LONG 1496@0.05011327 · latido=1.50s
[RANGO] autosello ZKP · ACECHANDO · Oz=0.0 link=— · manos_feria_informe.json
[RANGO] ZKPUSDT_LINEAL last=0.04701 · río=WS · mercado=linear · estado=ACECHANDO · dir=— · 0=0.047 · Oz=— · Red=0.04604378376 · manos=ON · pos=LONG 1496@0.05011327 · latido=1.50s
[RANGO] ZKPUSDT_LINEAL last=0.04695 · río=WS · mercado=linear · estado=ACECHANDO · dir=— · 0=0.047 · Oz=— · Red=0.04604378376 · manos=ON · pos=LONG 1496@0.05011327 · latido=1.50s
[RANGO] autosello ZKP · ACECHANDO · Oz=0.0 link=— · manos_feria_informe.json
[RANGO] ZKPUSDT_LINEAL last=0.04697 · río=WS · mercado=linear · estado=ACECHANDO · dir=— · 0=0.047 · Oz=— · Red=0.04604378376 · manos=ON · pos=LONG 1496@0.05011327 · latido=1.50s
[RANGO] autosello ZKP · ACECHANDO · Oz=0.0 link=— · manos_feria_informe.json
[RANGO] ZKPUSDT_LINEAL last=0.04695 · río=WS · mercado=linear · estado=ACECHANDO · dir=— · 0=0.047 · Oz=— · Red=0.04604378376 · manos=ON · pos=LONG 1496@0.05011327 · latido=1.50s
[RANGO] ZKPUSDT_LINEAL last=0.04697 · río=WS · mercado=linear · estado=ACECHANDO · dir=— · 0=0.047 · Oz=— · Red=0.04604378376 · manos=ON · pos=LONG 1496@0.05011327 · latido=1.50s
[RANGO] autosello ZKP · ACECHANDO · Oz=0.0 link=— · manos_feria_informe.json
[RANGO] ZKPUSDT_LINEAL last=0.04701 · río=ciego/muleta · mercado=linear · estado=ACECHANDO · dir=— · 0=0.047 · Oz=— · Red=0.04604378376 · manos=ON · pos=LONG 1496@0.05011327 · latido=1.50s
[RANGO] autosello ZKP · ACECHANDO · Oz=0.0 link=— · manos_feria_informe.json
[RANGO] ZKPUSDT_LINEAL last=0.04702 · río=WS · mercado=linear · estado=ACECHANDO · dir=— · 0=0.047 · Oz=— · Red=0.04604378376 · manos=ON · pos=LONG 1496@0.05011327 · latido=1.50s
[RANGO] ZKPUSDT_LINEAL last=0.04699 · río=WS · mercado=linear · estado=ACECHANDO · dir=— · 0=0.047 · Oz=— · Red=0.04604378376 · manos=ON · pos=LONG 1496@0.05011327 · latido=1.50s
[2026-08-31 12:18:40] [TUSK] RECONCILIACIÓN: CFGUSDT_LINEAL: interno L:0.000000/S:0.000000 -> real L:1266.000000/S:0.000000
[2026-08-31 12:18:40] [TUSK] RECONCILIACIÓN_FANTASMA: LITUSDT_LINEAL existe interno pero no en exchange -> reseteando
[2026-08-31 12:18:40] [TUSK] RECONCILIACIÓN_OK: 2 frentes alineados con exchange
[RANGO] autosello ZKP · ACECHANDO · Oz=0.0 link=— · manos_feria_informe.json
[RANGO] ZKPUSDT_LINEAL last=0.04702 · río=WS · mercado=linear · estado=ACECHANDO · dir=— · 0=0.047 · Oz=— · Red=0.04604378376 · manos=ON · pos=LONG 1496@0.05011327 · latido=1.50s
[RANGO] autosello ZKP · ACECHANDO · Oz=0.0 link=— · manos_feria_informe.json
[RANGO] ZKPUSDT_LINEAL last=0.04703 · río=WS · mercado=linear · estado=ACECHANDO · dir=— · 0=0.047 · Oz=— · Red=0.04604378376 · manos=ON · pos=LONG 1496@0.05011327 · latido=1.50s
[RANGO] ZKPUSDT_LINEAL last=0.04702 · río=WS · mercado=linear · estado=ACECHANDO · dir=— · 0=0.047 · Oz=— · Red=0.04604378376 · manos=ON · pos=LONG 1496@0.05011327 · latido=1.50s
[RANGO] autosello ZKP · ACECHANDO · Oz=0.0 link=— · manos_feria_informe.json
[RANGO] ZKPUSDT_LINEAL last=0.04699 · río=WS · mercado=linear · estado=ACECHANDO · dir=— · 0=0.047 · Oz=— · Red=0.04604378376 · manos=ON · pos=LONG 1496@0.05011327 · latido=1.50s
[RANGO] autosello ZKP · ACECHANDO · Oz=0.0 link=— · manos_feria_informe.json
[RANGO] ZKPUSDT_LINEAL last=0.04701 · río=WS · mercado=linear · estado=ACECHANDO · dir=— · 0=0.047 · Oz=— · Red=0.04604378376 · manos=ON · pos=LONG 1496@0.05011327 · latido=1.50s
[RANGO] ZKPUSDT_LINEAL last=0.04696 · río=WS · mercado=linear · estado=ACECHANDO · dir=— · 0=0.047 · Oz=— · Red=0.04604378376 · manos=ON · pos=LONG 1496@0.05011327 · latido=1.50s
[RANGO] autosello ZKP · ACECHANDO · Oz=0.0 link=— · manos_feria_informe.json
[RANGO] ZKPUSDT_LINEAL last=0.04695 · río=WS · mercado=linear · estado=ACECHANDO · dir=— · 0=0.047 · Oz=— · Red=0.04604378376 · manos=ON · pos=LONG 1496@0.05011327 · latido=1.50s
[RANGO] autosello ZKP · ACECHANDO · Oz=0.0 link=— · manos_feria_informe.json
[RANGO] ZKPUSDT_LINEAL last=0.04696 · río=WS · mercado=linear · estado=ACECHANDO · dir=— · 0=0.047 · Oz=— · Red=0.04604378376 · manos=ON · pos=LONG 1496@0.05011327 · latido=1.50s
[RANGO] ZKPUSDT_LINEAL last=0.04697 · río=WS · mercado=linear · estado=ACECHANDO · dir=— · 0=0.047 · Oz=— · Red=0.04604378376 · manos=ON · pos=LONG 1496@0.05011327 · latido=1.50s
[RANGO] autosello ZKP · ACECHANDO · Oz=0.0 link=— · manos_feria_informe.json
[RANGO] ZKPUSDT_LINEAL last=0.04697 · río=ciego/muleta · mercado=linear · estado=ACECHANDO · dir=— · 0=0.047 · Oz=— · Red=0.04604378376 · manos=ON · pos=LONG 1496@0.05011327 · latido=1.50s
[RANGO] autosello ZKP · ACECHANDO · Oz=0.0 link=— · manos_feria_informe.json
[RANGO] ZKPUSDT_LINEAL last=0.04694 · río=WS · mercado=linear · estado=ACECHANDO · dir=— · 0=0.047 · Oz=— · Red=0.04604378376 · manos=ON · pos=LONG 1496@0.05011327 · latido=1.50s
[RANGO] ZKPUSDT_LINEAL last=0.04696 · río=WS · mercado=linear · estado=ACECHANDO · dir=— · 0=0.047 · Oz=— · Red=0.04604378376 · manos=ON · pos=LONG 1496@0.05011327 · latido=1.50s
[RANGO] autosello ZKP · ACECHANDO · Oz=0.0 link=— · manos_feria_informe.json
[RANGO] ZKPUSDT_LINEAL last=0.04697 · río=WS · mercado=linear · estado=ACECHANDO · dir=— · 0=0.047 · Oz=— · Red=0.04604378376 · manos=ON · pos=LONG 1496@0.05011327 · latido=1.50s
[RANGO] autosello ZKP · ACECHANDO · Oz=0.0 link=— · manos_feria_informe.json
[RANGO] ZKPUSDT_LINEAL last=0.04697 · río=WS · mercado=linear · estado=ACECHANDO · dir=— · 0=0.047 · Oz=— · Red=0.04604378376 · manos=ON · pos=LONG 1496@0.05011327 · latido=1.50s
[RANGO] autosello ZKP · ACECHANDO · Oz=0.0 link=— · manos_feria_informe.json
[RANGO] ZKPUSDT_LINEAL last=0.04697 · río=ciego/muleta · mercado=linear · estado=ACECHANDO · dir=— · 0=0.047 · Oz=— · Red=0.04604378376 · manos=ON · pos=LONG 1496@0.05011327 · latido=1.50s
[RANGO] ZKPUSDT_LINEAL last=0.04696 · río=WS · mercado=linear · estado=ACECHANDO · dir=— · 0=0.047 · Oz=— · Red=0.04604378376 · manos=ON · pos=LONG 1496@0.05011327 · latido=1.50s
[RANGO] autosello ZKP · ACECHANDO · Oz=0.0 link=— · manos_feria_informe.json
[RANGO] ZKPUSDT_LINEAL last=0.04696 · río=WS · mercado=linear · estado=ACECHANDO · dir=— · 0=0.047 · Oz=— · Red=0.04604378376 · manos=ON · pos=LONG 1496@0.05011327 · latido=1.50s
[RANGO] ZKPUSDT_LINEAL last=0.04699 · río=WS · mercado=linear · estado=ACECHANDO · dir=— · 0=0.047 · Oz=— · Red=0.04604378376 · manos=ON · pos=LONG 1496@0.05011327 · latido=1.50s
[RANGO] autosello ZKP · ACECHANDO · Oz=0.0 link=— · manos_feria_informe.json
[2026-08-31 12:21:44] [TUSK] RECONCILIACIÓN: CVXUSDT_LINEAL: interno L:0.000000/S:0.000000 -> real L:28.700000/S:0.000000
[2026-08-31 12:21:44] [TUSK] RECONCILIACIÓN_FANTASMA: XANUSDT_LINEAL existe interno pero no en exchange -> reseteando
[2026-08-31 12:21:44] [TUSK] RECONCILIACIÓN_OK: 2 frentes alineados con exchange
[RANGO] ZKPUSDT_LINEAL last=0.04697 · río=WS · mercado=linear · estado=ACECHANDO · dir=— · 0=0.047 · Oz=— · Red=0.04604378376 · manos=ON · pos=LONG 1496@0.05011327 · latido=1.50s
[RANGO] autosello ZKP · ACECHANDO · Oz=0.0 link=— · manos_feria_informe.json
[RANGO] ZKPUSDT_LINEAL last=0.04697 · río=WS · mercado=linear · estado=ACECHANDO · dir=— · 0=0.047 · Oz=— · Red=0.04604378376 · manos=ON · pos=LONG 1496@0.05011327 · latido=1.50s
[RANGO] ZKPUSDT_LINEAL last=0.04699 · río=WS · mercado=linear · estado=ACECHANDO · dir=— · 0=0.047 · Oz=— · Red=0.04604378376 · manos=ON · pos=LONG 1496@0.05011327 · latido=1.50s
[RANGO] autosello ZKP · ACECHANDO · Oz=0.0 link=— · manos_feria_informe.json
[RANGO] ZKPUSDT_LINEAL last=0.04697 · río=WS · mercado=linear · estado=ACECHANDO · dir=— · 0=0.047 · Oz=— · Red=0.04604378376 · manos=ON · pos=LONG 1496@0.05011327 · latido=1.50s
[RANGO] autosello ZKP · ACECHANDO · Oz=0.0 link=— · manos_feria_informe.json
[RANGO] ZKPUSDT_LINEAL last=0.04695 · río=WS · mercado=linear · estado=ACECHANDO · dir=— · 0=0.047 · Oz=— · Red=0.04604378376 · manos=ON · pos=LONG 1496@0.05011327 · latido=1.50s
[RANGO] ZKPUSDT_LINEAL last=0.04694 · río=WS · mercado=linear · estado=ACECHANDO · dir=— · 0=0.047 · Oz=— · Red=0.04604378376 · manos=ON · pos=LONG 1496@0.05011327 · latido=1.50s
[RANGO] autosello ZKP · ACECHANDO · Oz=0.0 link=— · manos_feria_informe.json
[2026-08-31 12:22:45] [TUSK] RECONCILIACIÓN: XANUSDT_LINEAL: interno L:0.000000/S:0.000000 -> real L:203.000000/S:0.000000
[2026-08-31 12:22:45] [TUSK] RECONCILIACIÓN_FANTASMA: CRDOUSDT_LINEAL existe interno pero no en exchange -> reseteando
[2026-08-31 12:22:45] [TUSK] RECONCILIACIÓN_OK: 2 frentes alineados con exchange
[RANGO] ZKPUSDT_LINEAL last=0.04694 · río=ciego/muleta · mercado=linear · estado=ACECHANDO · dir=— · 0=0.047 · Oz=— · Red=0.04604378376 · manos=ON · pos=LONG 1496@0.05011327 · latido=1.50s
[RANGO] autosello ZKP · ACECHANDO · Oz=0.0 link=— · manos_feria_informe.json
[RANGO] ZKPUSDT_LINEAL last=0.04692 · río=WS · mercado=linear · estado=ACECHANDO · dir=— · 0=0.047 · Oz=— · Red=0.04604378376 · manos=ON · pos=LONG 1496@0.05011327 · latido=1.50s
[RANGO] autosello ZKP · ACECHANDO · Oz=0.0 link=— · manos_feria_informe.json
[RANGO] ZKPUSDT_LINEAL last=0.04692 · río=WS · mercado=linear · estado=ACECHANDO · dir=— · 0=0.047 · Oz=— · Red=0.04604378376 · manos=ON · pos=LONG 1496@0.05011327 · latido=1.50s
[RANGO] ZKPUSDT_LINEAL last=0.0469 · río=WS · mercado=linear · estado=ACECHANDO · dir=— · 0=0.047 · Oz=— · Red=0.04604378376 · manos=ON · pos=LONG 1496@0.05011327 · latido=1.50s
[RANGO] autosello ZKP · ACECHANDO · Oz=0.0 link=— · manos_feria_informe.json
[RANGO] ZKPUSDT_LINEAL last=0.04688 · río=WS · mercado=linear · estado=ACECHANDO · dir=— · 0=0.047 · Oz=— · Red=0.04604378376 · manos=ON · pos=LONG 1496@0.05011327 · latido=1.50s
[RANGO] autosello ZKP · ACECHANDO · Oz=0.0 link=— · manos_feria_informe.json
[RANGO] ZKPUSDT_LINEAL last=0.04688 · río=WS · mercado=linear · estado=ACECHANDO · dir=— · 0=0.047 · Oz=— · Red=0.04604378376 · manos=ON · pos=LONG 1496@0.05011327 · latido=1.50s
[2026-08-31 12:23:46] [TUSK] RECONCILIACIÓN: LTCUSD_INVERSE: interno L:234.000000/S:0.000000 -> real L:229.000000/S:0.000000
[2026-08-31 12:23:46] [TUSK] RECONCILIACIÓN_OK: 1 frentes alineados con exchange
[RANGO] ZKPUSDT_LINEAL last=0.04688 · río=WS · mercado=linear · estado=ACECHANDO · dir=— · 0=0.047 · Oz=— · Red=0.04604378376 · manos=ON · pos=LONG 1496@0.05011327 · latido=1.50s
[RANGO] autosello ZKP · ACECHANDO · Oz=0.0 link=— · manos_feria_informe.json
[RANGO] ZKPUSDT_LINEAL last=0.0469 · río=WS · mercado=linear · estado=ACECHANDO · dir=— · 0=0.047 · Oz=— · Red=0.04604378376 · manos=ON · pos=LONG 1496@0.05011327 · latido=1.50s
[RANGO] autosello ZKP · ACECHANDO · Oz=0.0 link=— · manos_feria_informe.json
[RANGO] ZKPUSDT_LINEAL last=0.04689 · río=WS · mercado=linear · estado=ACECHANDO · dir=— · 0=0.047 · Oz=— · Red=0.04604378376 · manos=ON · pos=LONG 1496@0.05011327 · latido=1.50s
[RANGO] ZKPUSDT_LINEAL last=0.04691 · río=WS · mercado=linear · estado=ACECHANDO · dir=— · 0=0.047 · Oz=— · Red=0.04604378376 · manos=ON · pos=LONG 1496@0.05011327 · latido=1.50s
[RANGO] autosello ZKP · ACECHANDO · Oz=0.0 link=— · manos_feria_informe.json
[RANGO] ZKPUSDT_LINEAL last=0.04691 · río=WS · mercado=linear · estado=ACECHANDO · dir=— · 0=0.047 · Oz=— · Red=0.04604378376 · manos=ON · pos=LONG 1496@0.05011327 · latido=1.50s
[RANGO] autosello ZKP · ACECHANDO · Oz=0.0 link=— · manos_feria_informe.json
[RANGO] ZKPUSDT_LINEAL last=0.04692 · río=WS · mercado=linear · estado=ACECHANDO · dir=— · 0=0.047 · Oz=— · Red=0.04604378376 · manos=ON · pos=LONG 1496@0.05011327 · latido=1.50s
[RANGO] ZKPUSDT_LINEAL last=0.0469 · río=WS · mercado=linear · estado=ACECHANDO · dir=— · 0=0.047 · Oz=— · Red=0.04604378376 · manos=ON · pos=LONG 1496@0.05011327 · latido=1.50s
[RANGO] autosello ZKP · ACECHANDO · Oz=0.0 link=— · manos_feria_informe.json
[RANGO] ZKPUSDT_LINEAL last=0.04693 · río=WS · mercado=linear · estado=ACECHANDO · dir=— · 0=0.047 · Oz=— · Red=0.04604378376 · manos=ON · pos=LONG 1496@0.05011327 · latido=1.50s
[RANGO] autosello ZKP · ACECHANDO · Oz=0.0 link=— · manos_feria_informe.json
[RANGO] ZKPUSDT_LINEAL last=0.04693 · río=WS · mercado=linear · estado=ACECHANDO · dir=— · 0=0.047 · Oz=— · Red=0.04604378376 · manos=ON · pos=LONG 1496@0.05011327 · latido=1.50s
[RANGO] ZKPUSDT_LINEAL last=0.04692 · río=WS · mercado=linear · estado=ACECHANDO · dir=— · 0=0.047 · Oz=— · Red=0.04604378376 · manos=ON · pos=LONG 1496@0.05011327 · latido=1.50s
[RANGO] autosello ZKP · ACECHANDO · Oz=0.0 link=— · manos_feria_informe.json
[RANGO] ZKPUSDT_LINEAL last=0.04692 · río=WS · mercado=linear · estado=ACECHANDO · dir=— · 0=0.047 · Oz=— · Red=0.04604378376 · manos=ON · pos=LONG 1496@0.05011327 · latido=1.50s
[RANGO] autosello ZKP · ACECHANDO · Oz=0.0 link=— · manos_feria_informe.json
[RANGO] ZKPUSDT_LINEAL last=0.04691 · río=WS · mercado=linear · estado=ACECHANDO · dir=— · 0=0.047 · Oz=— · Red=0.04604378376 · manos=ON · pos=LONG 1496@0.05011327 · latido=1.50s
[2026-08-31 12:25:49] [TUSK] RECONCILIACIÓN: ROBOUSDT_LINEAL: interno L:0.000000/S:0.000000 -> real L:3800.000000/S:0.000000
[2026-08-31 12:25:49] [TUSK] RECONCILIACIÓN_FANTASMA: UBUSDT_LINEAL existe interno pero no en exchange -> reseteando
[2026-08-31 12:25:49] [TUSK] RECONCILIACIÓN_OK: 2 frentes alineados con exchange
[RANGO] ZKPUSDT_LINEAL last=0.04691 · río=ciego/muleta · mercado=linear · estado=ACECHANDO · dir=— · 0=0.047 · Oz=— · Red=0.04604378376 · manos=ON · pos=LONG 1496@0.05011327 · latido=1.50s
[RANGO] autosello ZKP · ACECHANDO · Oz=0.0 link=— · manos_feria_informe.json
[RANGO] ZKPUSDT_LINEAL last=0.04692 · río=WS · mercado=linear · estado=ACECHANDO · dir=— · 0=0.047 · Oz=— · Red=0.04604378376 · manos=ON · pos=LONG 1496@0.05011327 · latido=1.50s
[RANGO] autosello ZKP · ACECHANDO · Oz=0.0 link=— · manos_feria_informe.json
[RANGO] ZKPUSDT_LINEAL last=0.04693 · río=WS · mercado=linear · estado=ACECHANDO · dir=— · 0=0.047 · Oz=— · Red=0.04604378376 · manos=ON · pos=LONG 1496@0.05011327 · latido=1.50s
[RANGO] ZKPUSDT_LINEAL last=0.04697 · río=WS · mercado=linear · estado=ACECHANDO · dir=— · 0=0.047 · Oz=— · Red=0.04604378376 · manos=ON · pos=LONG 1496@0.05011327 · latido=1.50s
[RANGO] autosello ZKP · ACECHANDO · Oz=0.0 link=— · manos_feria_informe.json
[RANGO] ZKPUSDT_LINEAL last=0.04695 · río=WS · mercado=linear · estado=ACECHANDO · dir=— · 0=0.047 · Oz=— · Red=0.04604378376 · manos=ON · pos=LONG 1496@0.05011327 · latido=1.50s
[RANGO] autosello ZKP · ACECHANDO · Oz=0.0 link=— · manos_feria_informe.json
[RANGO] ZKPUSDT_LINEAL last=0.04696 · río=WS · mercado=linear · estado=ACECHANDO · dir=— · 0=0.047 · Oz=— · Red=0.04604378376 · manos=ON · pos=LONG 1496@0.05011327 · latido=1.50s
[2026-08-31 12:26:50] [TUSK] RECONCILIACIÓN: EULUSDT_LINEAL: interno L:73.900000/S:0.000000 -> real L:70.000000/S:0.000000
[2026-08-31 12:26:50] [TUSK] RECONCILIACIÓN_OK: 1 frentes alineados con exchange
[RANGO] ZKPUSDT_LINEAL last=0.04695 · río=WS · mercado=linear · estado=ACECHANDO · dir=— · 0=0.047 · Oz=— · Red=0.04604378376 · manos=ON · pos=LONG 1496@0.05011327 · latido=1.50s
[RANGO] autosello ZKP · ACECHANDO · Oz=0.0 link=— · manos_feria_informe.json
[RANGO] ZKPUSDT_LINEAL last=0.04695 · río=WS · mercado=linear · estado=ACECHANDO · dir=— · 0=0.047 · Oz=— · Red=0.04604378376 · manos=ON · pos=LONG 1496@0.05011327 · latido=1.50s
[RANGO] autosello ZKP · ACECHANDO · Oz=0.0 link=— · manos_feria_informe.json
[RANGO] ZKPUSDT_LINEAL last=0.04695 · río=WS · mercado=linear · estado=ACECHANDO · dir=— · 0=0.047 · Oz=— · Red=0.04604378376 · manos=ON · pos=LONG 1496@0.05011327 · latido=1.50s
[RANGO] ZKPUSDT_LINEAL last=0.04696 · río=WS · mercado=linear · estado=ACECHANDO · dir=— · 0=0.047 · Oz=— · Red=0.04604378376 · manos=ON · pos=LONG 1496@0.05011327 · latido=1.50s
[RANGO] autosello ZKP · ACECHANDO · Oz=0.0 link=— · manos_feria_informe.json
[RANGO] ZKPUSDT_LINEAL last=0.04696 · río=WS · mercado=linear · estado=ACECHANDO · dir=— · 0=0.047 · Oz=— · Red=0.04604378376 · manos=ON · pos=LONG 1496@0.05011327 · latido=1.50s
[RANGO] autosello ZKP · ACECHANDO · Oz=0.0 link=— · manos_feria_informe.json
[RANGO] ZKPUSDT_LINEAL last=0.04695 · río=WS · mercado=linear · estado=ACECHANDO · dir=— · 0=0.047 · Oz=— · Red=0.04604378376 · manos=ON · pos=LONG 1496@0.05011327 · latido=1.50s
[2026-08-31 12:27:51] [TUSK] RECONCILIACIÓN: BEATUSDT_LINEAL: interno L:166.000000/S:0.000000 -> real L:118.000000/S:0.000000
[2026-08-31 12:27:51] [TUSK] RECONCILIACIÓN_OK: 1 frentes alineados con exchange
[RANGO] ZKPUSDT_LINEAL last=0.04695 · río=ciego/muleta · mercado=linear · estado=ACECHANDO · dir=— · 0=0.047 · Oz=— · Red=0.04604378376 · manos=ON · pos=LONG 1496@0.05011327 · latido=1.50s
[RANGO] autosello ZKP · ACECHANDO · Oz=0.0 link=— · manos_feria_informe.json
[RANGO] ZKPUSDT_LINEAL last=0.04696 · río=WS · mercado=linear · estado=ACECHANDO · dir=— · 0=0.047 · Oz=— · Red=0.04604378376 · manos=ON · pos=LONG 1496@0.05011327 · latido=1.50s
[RANGO] autosello ZKP · ACECHANDO · Oz=0.0 link=— · manos_feria_informe.json
[RANGO] ZKPUSDT_LINEAL last=0.04695 · río=WS · mercado=linear · estado=ACECHANDO · dir=— · 0=0.047 · Oz=— · Red=0.04604378376 · manos=ON · pos=LONG 1496@0.05011327 · latido=1.50s
[RANGO] ZKPUSDT_LINEAL last=0.04694 · río=WS · mercado=linear · estado=ACECHANDO · dir=— · 0=0.047 · Oz=— · Red=0.04604378376 · manos=ON · pos=LONG 1496@0.05011327 · latido=1.50s
[RANGO] autosello ZKP · ACECHANDO · Oz=0.0 link=— · manos_feria_informe.json
[RANGO] ZKPUSDT_LINEAL last=0.0469 · río=WS · mercado=linear · estado=ACECHANDO · dir=— · 0=0.047 · Oz=— · Red=0.04604378376 · manos=ON · pos=LONG 1496@0.05011327 · latido=1.50s
[RANGO] autosello ZKP · ACECHANDO · Oz=0.0 link=— · manos_feria_informe.json
[RANGO] ZKPUSDT_LINEAL last=0.04688 · río=WS · mercado=linear · estado=ACECHANDO · dir=— · 0=0.047 · Oz=— · Red=0.04604378376 · manos=ON · pos=LONG 1496@0.05011327 · latido=1.50s
[RANGO] ZKPUSDT_LINEAL last=0.04688 · río=WS · mercado=linear · estado=ACECHANDO · dir=— · 0=0.047 · Oz=— · Red=0.04604378376 · manos=ON · pos=LONG 1496@0.05011327 · latido=1.50s
[RANGO] autosello ZKP · ACECHANDO · Oz=0.0 link=— · manos_feria_informe.json
[RANGO] ZKPUSDT_LINEAL last=0.04689 · río=WS · mercado=linear · estado=ACECHANDO · dir=— · 0=0.047 · Oz=— · Red=0.04604378376 · manos=ON · pos=LONG 1496@0.05011327 · latido=1.50s
[RANGO] autosello ZKP · ACECHANDO · Oz=0.0 link=— · manos_feria_informe.json
[RANGO] ZKPUSDT_LINEAL last=0.04689 · río=WS · mercado=linear · estado=ACECHANDO · dir=— · 0=0.047 · Oz=— · Red=0.04604378376 · manos=ON · pos=LONG 1496@0.05011327 · latido=1.50s
[RANGO] ZKPUSDT_LINEAL last=0.04689 · río=WS · mercado=linear · estado=ACECHANDO · dir=— · 0=0.047 · Oz=— · Red=0.04604378376 · manos=ON · pos=LONG 1496@0.05011327 · latido=1.50s
[RANGO] autosello ZKP · ACECHANDO · Oz=0.0 link=— · manos_feria_informe.json
[RANGO] ZKPUSDT_LINEAL last=0.0469 · río=WS · mercado=linear · estado=ACECHANDO · dir=— · 0=0.047 · Oz=— · Red=0.04604378376 · manos=ON · pos=LONG 1496@0.05011327 · latido=1.50s
[RANGO] autosello ZKP · ACECHANDO · Oz=0.0 link=— · manos_feria_informe.json
[RANGO] ZKPUSDT_LINEAL last=0.0469 · río=WS · mercado=linear · estado=ACECHANDO · dir=— · 0=0.047 · Oz=— · Red=0.04604378376 · manos=ON · pos=LONG 1496@0.05011327 · latido=1.50s
[2026-08-31 12:29:54] [TUSK] RECONCILIACIÓN: DASHUSDT_LINEAL: interno L:0.000000/S:1.160000 -> real L:0.000000/S:1.270000
[2026-08-31 12:29:54] [TUSK] RECONCILIACIÓN_OK: 1 frentes alineados con exchange
[RANGO] ZKPUSDT_LINEAL last=0.0469 · río=WS · mercado=linear · estado=ACECHANDO · dir=— · 0=0.047 · Oz=— · Red=0.04604378376 · manos=ON · pos=LONG 1496@0.05011327 · latido=1.50s
[RANGO] autosello ZKP · ACECHANDO · Oz=0.0 link=— · manos_feria_informe.json
[RANGO] ZKPUSDT_LINEAL last=0.04692 · río=WS · mercado=linear · estado=ACECHANDO · dir=— · 0=0.047 · Oz=— · Red=0.04604378376 · manos=ON · pos=LONG 1496@0.05011327 · latido=1.50s
[RANGO] autosello ZKP · ACECHANDO · Oz=0.0 link=— · manos_feria_informe.json
[RANGO] ZKPUSDT_LINEAL last=0.04695 · río=WS · mercado=linear · estado=ACECHANDO · dir=— · 0=0.047 · Oz=— · Red=0.04604378376 · manos=ON · pos=LONG 1496@0.05011327 · latido=1.50s
[RANGO] ZKPUSDT_LINEAL last=0.04691 · río=WS · mercado=linear · estado=ACECHANDO · dir=— · 0=0.047 · Oz=— · Red=0.04604378376 · manos=ON · pos=LONG 1496@0.05011327 · latido=1.50s
[RANGO] autosello ZKP · ACECHANDO · Oz=0.0 link=— · manos_feria_informe.json
[RANGO] ZKPUSDT_LINEAL last=0.04694 · río=WS · mercado=linear · estado=ACECHANDO · dir=— · 0=0.047 · Oz=— · Red=0.04604378376 · manos=ON · pos=LONG 1496@0.05011327 · latido=1.50s
[RANGO] autosello ZKP · ACECHANDO · Oz=0.0 link=— · manos_feria_informe.json
[RANGO] ZKPUSDT_LINEAL last=0.04694 · río=WS · mercado=linear · estado=ACECHANDO · dir=— · 0=0.047 · Oz=— · Red=0.04604378376 · manos=ON · pos=LONG 1496@0.05011327 · latido=1.50s
[RANGO] ZKPUSDT_LINEAL last=0.04693 · río=WS · mercado=linear · estado=ACECHANDO · dir=— · 0=0.047 · Oz=— · Red=0.04604378376 · manos=ON · pos=LONG 1496@0.05011327 · latido=1.50s
[RANGO] autosello ZKP · ACECHANDO · Oz=0.0 link=— · manos_feria_informe.json
[RANGO] ZKPUSDT_LINEAL last=0.04693 · río=WS · mercado=linear · estado=ACECHANDO · dir=— · 0=0.047 · Oz=— · Red=0.04604378376 · manos=ON · pos=LONG 1496@0.05011327 · latido=1.50s
[RANGO] autosello ZKP · ACECHANDO · Oz=0.0 link=— · manos_feria_informe.json
[RANGO] ZKPUSDT_LINEAL last=0.04694 · río=WS · mercado=linear · estado=ACECHANDO · dir=— · 0=0.047 · Oz=— · Red=0.04604378376 · manos=ON · pos=LONG 1496@0.05011327 · latido=1.50s
[RANGO] ZKPUSDT_LINEAL last=0.04692 · río=WS · mercado=linear · estado=ACECHANDO · dir=— · 0=0.047 · Oz=— · Red=0.04604378376 · manos=ON · pos=LONG 1496@0.05011327 · latido=1.50s
[RANGO] autosello ZKP · ACECHANDO · Oz=0.0 link=— · manos_feria_informe.json
[RANGO] ZKPUSDT_LINEAL last=0.04695 · río=ciego/muleta · mercado=linear · estado=ACECHANDO · dir=— · 0=0.047 · Oz=— · Red=0.04604378376 · manos=ON · pos=LONG 1496@0.05011327 · latido=1.50s
[RANGO] autosello ZKP · ACECHANDO · Oz=0.0 link=— · manos_feria_informe.json
[RANGO] ZKPUSDT_LINEAL last=0.04695 · río=ciego/muleta · mercado=linear · estado=ACECHANDO · dir=— · 0=0.047 · Oz=— · Red=0.04604378376 · manos=ON · pos=LONG 1496@0.05011327 · latido=1.50s
[RANGO] ZKPUSDT_LINEAL last=0.047 · río=WS · mercado=linear · estado=ACECHANDO · dir=— · 0=0.047 · Oz=— · Red=0.04604378376 · manos=ON · pos=LONG 1496@0.05011327 · latido=1.50s
[RANGO] autosello ZKP · ACECHANDO · Oz=0.0 link=— · manos_feria_informe.json
[RANGO] ZKPUSDT_LINEAL last=0.04694 · río=WS · mercado=linear · estado=ACECHANDO · dir=— · 0=0.047 · Oz=— · Red=0.04604378376 · manos=ON · pos=LONG 1496@0.05011327 · latido=1.50s
[RANGO] autosello ZKP · ACECHANDO · Oz=0.0 link=— · manos_feria_informe.json
[RANGO] ZKPUSDT_LINEAL last=0.04694 · río=WS · mercado=linear · estado=ACECHANDO · dir=— · 0=0.047 · Oz=— · Red=0.04604378376 · manos=ON · pos=LONG 1496@0.05011327 · latido=1.50s
[RANGO] ZKPUSDT_LINEAL last=0.04695 · río=ciego/muleta · mercado=linear · estado=ACECHANDO · dir=— · 0=0.047 · Oz=— · Red=0.04604378376 · manos=ON · pos=LONG 1496@0.05011327 · latido=1.50s
[RANGO] autosello ZKP · ACECHANDO · Oz=0.0 link=— · manos_feria_informe.json
[RANGO] ZKPUSDT_LINEAL last=0.04694 · río=WS · mercado=linear · estado=ACECHANDO · dir=— · 0=0.047 · Oz=— · Red=0.04604378376 · manos=ON · pos=LONG 1496@0.05011327 · latido=1.50s
[RANGO] autosello ZKP · ACECHANDO · Oz=0.0 link=— · manos_feria_informe.json
[RANGO] ZKPUSDT_LINEAL last=0.04694 · río=WS · mercado=linear · estado=ACECHANDO · dir=— · 0=0.047 · Oz=— · Red=0.04604378376 · manos=ON · pos=LONG 1496@0.05011327 · latido=1.50s
[2026-08-31 12:32:58] [TUSK] RECONCILIACIÓN: BSPUSDT_LINEAL: interno L:0.000000/S:0.000000 -> real L:0.690000/S:0.000000
[2026-08-31 12:32:58] [TUSK] RECONCILIACIÓN_FANTASMA: AKTUSDT_LINEAL existe interno pero no en exchange -> reseteando
[2026-08-31 12:32:58] [TUSK] RECONCILIACIÓN_OK: 2 frentes alineados con exchange
[RANGO] autosello ZKP · ACECHANDO · Oz=0.0 link=— · manos_feria_informe.json
[RANGO] ZKPUSDT_LINEAL last=0.04697 · río=WS · mercado=linear · estado=ACECHANDO · dir=— · 0=0.047 · Oz=— · Red=0.04604378376 · manos=ON · pos=LONG 1496@0.05011327 · latido=1.50s
[RANGO] ZKPUSDT_LINEAL last=0.04697 · río=WS · mercado=linear · estado=ACECHANDO · dir=— · 0=0.047 · Oz=— · Red=0.04604378376 · manos=ON · pos=LONG 1496@0.05011327 · latido=1.50s
[RANGO] autosello ZKP · ACECHANDO · Oz=0.0 link=— · manos_feria_informe.json
[RANGO] ZKPUSDT_LINEAL last=0.04695 · río=WS · mercado=linear · estado=ACECHANDO · dir=— · 0=0.047 · Oz=— · Red=0.04604378376 · manos=ON · pos=LONG 1496@0.05011327 · latido=1.50s
[RANGO] autosello ZKP · ACECHANDO · Oz=0.0 link=— · manos_feria_informe.json
[RANGO] ZKPUSDT_LINEAL last=0.04692 · río=WS · mercado=linear · estado=ACECHANDO · dir=— · 0=0.047 · Oz=— · Red=0.04604378376 · manos=ON · pos=LONG 1496@0.05011327 · latido=1.50s
[RANGO] ZKPUSDT_LINEAL last=0.0469 · río=WS · mercado=linear · estado=ACECHANDO · dir=— · 0=0.047 · Oz=— · Red=0.04604378376 · manos=ON · pos=LONG 1496@0.05011327 · latido=1.50s
[RANGO] autosello ZKP · ACECHANDO · Oz=0.0 link=— · manos_feria_informe.json
[RANGO] ZKPUSDT_LINEAL last=0.0469 · río=WS · mercado=linear · estado=ACECHANDO · dir=— · 0=0.047 · Oz=— · Red=0.04604378376 · manos=ON · pos=LONG 1496@0.05011327 · latido=1.50s
[RANGO] autosello ZKP · ACECHANDO · Oz=0.0 link=— · manos_feria_informe.json
[RANGO] ZKPUSDT_LINEAL last=0.0469 · río=WS · mercado=linear · estado=ACECHANDO · dir=— · 0=0.047 · Oz=— · Red=0.04604378376 · manos=ON · pos=LONG 1496@0.05011327 · latido=1.50s
[RANGO] ZKPUSDT_LINEAL last=0.04694 · río=WS · mercado=linear · estado=ACECHANDO · dir=— · 0=0.047 · Oz=— · Red=0.04604378376 · manos=ON · pos=LONG 1496@0.05011327 · latido=1.50s
[RANGO] autosello ZKP · ACECHANDO · Oz=0.0 link=— · manos_feria_informe.json
[RANGO] ZKPUSDT_LINEAL last=0.04695 · río=WS · mercado=linear · estado=ACECHANDO · dir=— · 0=0.047 · Oz=— · Red=0.04604378376 · manos=ON · pos=LONG 1496@0.05011327 · latido=1.50s
[RANGO] autosello ZKP · ACECHANDO · Oz=0.0 link=— · manos_feria_informe.json
[RANGO] ZKPUSDT_LINEAL last=0.04697 · río=WS · mercado=linear · estado=ACECHANDO · dir=— · 0=0.047 · Oz=— · Red=0.04604378376 · manos=ON · pos=LONG 1496@0.05011327 · latido=1.50s
[RANGO] ZKPUSDT_LINEAL last=0.04697 · río=ciego/muleta · mercado=linear · estado=ACECHANDO · dir=— · 0=0.047 · Oz=— · Red=0.04604378376 · manos=ON · pos=LONG 1496@0.05011327 · latido=1.50s
[RANGO] autosello ZKP · ACECHANDO · Oz=0.0 link=— · manos_feria_informe.json
[RANGO] ZKPUSDT_LINEAL last=0.04697 · río=ciego/muleta · mercado=linear · estado=ACECHANDO · dir=— · 0=0.047 · Oz=— · Red=0.04604378376 · manos=ON · pos=LONG 1496@0.05011327 · latido=1.50s
[RANGO] autosello ZKP · ACECHANDO · Oz=0.0 link=— · manos_feria_informe.json
[RANGO] ZKPUSDT_LINEAL last=0.04688 · río=WS · mercado=linear · estado=ACECHANDO · dir=— · 0=0.047 · Oz=— · Red=0.04604378376 · manos=ON · pos=LONG 1496@0.05011327 · latido=1.50s
[RANGO] ZKPUSDT_LINEAL last=0.04691 · río=WS · mercado=linear · estado=ACECHANDO · dir=— · 0=0.047 · Oz=— · Red=0.04604378376 · manos=ON · pos=LONG 1496@0.05011327 · latido=1.50s
[RANGO] autosello ZKP · ACECHANDO · Oz=0.0 link=— · manos_feria_informe.json
[RANGO] ZKPUSDT_LINEAL last=0.04692 · río=WS · mercado=linear · estado=ACECHANDO · dir=— · 0=0.047 · Oz=— · Red=0.04604378376 · manos=ON · pos=LONG 1496@0.05011327 · latido=1.50s
[RANGO] autosello ZKP · ACECHANDO · Oz=0.0 link=— · manos_feria_informe.json
[RANGO] ZKPUSDT_LINEAL last=0.04692 · río=WS · mercado=linear · estado=ACECHANDO · dir=— · 0=0.047 · Oz=— · Red=0.04604378376 · manos=ON · pos=LONG 1496@0.05011327 · latido=1.50s
[RANGO] ZKPUSDT_LINEAL last=0.04691 · río=WS · mercado=linear · estado=ACECHANDO · dir=— · 0=0.047 · Oz=— · Red=0.04604378376 · manos=ON · pos=LONG 1496@0.05011327 · latido=1.50s
[RANGO] autosello ZKP · ACECHANDO · Oz=0.0 link=— · manos_feria_informe.json
[RANGO] ZKPUSDT_LINEAL last=0.04691 · río=ciego/muleta · mercado=linear · estado=ACECHANDO · dir=— · 0=0.047 · Oz=— · Red=0.04604378376 · manos=ON · pos=LONG 1496@0.05011327 · latido=1.50s
[RANGO] autosello ZKP · ACECHANDO · Oz=0.0 link=— · manos_feria_informe.json
[RANGO] ZKPUSDT_LINEAL last=0.04691 · río=ciego/muleta · mercado=linear · estado=ACECHANDO · dir=— · 0=0.047 · Oz=— · Red=0.04604378376 · manos=ON · pos=LONG 1496@0.05011327 · latido=1.50s
[RANGO] ZKPUSDT_LINEAL last=0.04691 · río=WS · mercado=linear · estado=ACECHANDO · dir=— · 0=0.047 · Oz=— · Red=0.04604378376 · manos=ON · pos=LONG 1496@0.05011327 · latido=1.50s
[RANGO] autosello ZKP · ACECHANDO · Oz=0.0 link=— · manos_feria_informe.json
[RANGO] ZKPUSDT_LINEAL last=0.04691 · río=ciego/muleta · mercado=linear · estado=ACECHANDO · dir=— · 0=0.047 · Oz=— · Red=0.04604378376 · manos=ON · pos=LONG 1496@0.05011327 · latido=1.50s
[RANGO] autosello ZKP · ACECHANDO · Oz=0.0 link=— · manos_feria_informe.json
[RANGO] ZKPUSDT_LINEAL last=0.04691 · río=WS · mercado=linear · estado=ACECHANDO · dir=— · 0=0.047 · Oz=— · Red=0.04604378376 · manos=ON · pos=LONG 1496@0.05011327 · latido=1.50s
[RANGO] ZKPUSDT_LINEAL last=0.04691 · río=ciego/muleta · mercado=linear · estado=ACECHANDO · dir=— · 0=0.047 · Oz=— · Red=0.04604378376 · manos=ON · pos=LONG 1496@0.05011327 · latido=1.50s
[RANGO] autosello ZKP · ACECHANDO · Oz=0.0 link=— · manos_feria_informe.json
[RANGO] ZKPUSDT_LINEAL last=0.04688 · río=WS · mercado=linear · estado=ACECHANDO · dir=— · 0=0.047 · Oz=— · Red=0.04604378376 · manos=ON · pos=LONG 1496@0.05011327 · latido=1.50s
[RANGO] autosello ZKP · ACECHANDO · Oz=0.0 link=— · manos_feria_informe.json
[RANGO] ZKPUSDT_LINEAL last=0.0469 · río=WS · mercado=linear · estado=ACECHANDO · dir=— · 0=0.047 · Oz=— · Red=0.04604378376 · manos=ON · pos=LONG 1496@0.05011327 · latido=1.50s
[RANGO] autosello ZKP · ACECHANDO · Oz=0.0 link=— · manos_feria_informe.json
[RANGO] ZKPUSDT_LINEAL last=0.04691 · río=ciego/muleta · mercado=linear · estado=ACECHANDO · dir=— · 0=0.047 · Oz=— · Red=0.04604378376 · manos=ON · pos=LONG 1496@0.05011327 · latido=1.50s
[RANGO] ZKPUSDT_LINEAL last=0.04691 · río=WS · mercado=linear · estado=ACECHANDO · dir=— · 0=0.047 · Oz=— · Red=0.04604378376 · manos=ON · pos=LONG 1496@0.05011327 · latido=1.50s
[RANGO] autosello ZKP · ACECHANDO · Oz=0.0 link=— · manos_feria_informe.json
[RANGO] ZKPUSDT_LINEAL last=0.04692 · río=WS · mercado=linear · estado=ACECHANDO · dir=— · 0=0.047 · Oz=— · Red=0.04604378376 · manos=ON · pos=LONG 1496@0.05011327 · latido=1.50s
[RANGO] autosello ZKP · ACECHANDO · Oz=0.0 link=— · manos_feria_informe.json
[RANGO] ZKPUSDT_LINEAL last=0.04692 · río=WS · mercado=linear · estado=ACECHANDO · dir=— · 0=0.047 · Oz=— · Red=0.04604378376 · manos=ON · pos=LONG 1496@0.05011327 · latido=1.50s
[RANGO] ZKPUSDT_LINEAL last=0.04692 · río=WS · mercado=linear · estado=ACECHANDO · dir=— · 0=0.047 · Oz=— · Red=0.04604378376 · manos=ON · pos=LONG 1496@0.05011327 · latido=1.50s
[RANGO] autosello ZKP · ACECHANDO · Oz=0.0 link=— · manos_feria_informe.json
[RANGO] ZKPUSDT_LINEAL last=0.04691 · río=WS · mercado=linear · estado=ACECHANDO · dir=— · 0=0.047 · Oz=— · Red=0.04604378376 · manos=ON · pos=LONG 1496@0.05011327 · latido=1.50s
[RANGO] autosello ZKP · ACECHANDO · Oz=0.0 link=— · manos_feria_informe.json
[RANGO] ZKPUSDT_LINEAL last=0.04692 · río=WS · mercado=linear · estado=ACECHANDO · dir=— · 0=0.047 · Oz=— · Red=0.04604378376 · manos=ON · pos=LONG 1496@0.05011327 · latido=1.50s
[RANGO] ZKPUSDT_LINEAL last=0.04691 · río=ciego/muleta · mercado=linear · estado=ACECHANDO · dir=— · 0=0.047 · Oz=— · Red=0.04604378376 · manos=ON · pos=LONG 1496@0.05011327 · latido=1.50s
[RANGO] autosello ZKP · ACECHANDO · Oz=0.0 link=— · manos_feria_informe.json
[RANGO] ZKPUSDT_LINEAL last=0.04691 · río=WS · mercado=linear · estado=ACECHANDO · dir=— · 0=0.047 · Oz=— · Red=0.04604378376 · manos=ON · pos=LONG 1496@0.05011327 · latido=1.50s
[RANGO] autosello ZKP · ACECHANDO · Oz=0.0 link=— · manos_feria_informe.json
[RANGO] ZKPUSDT_LINEAL last=0.04687 · río=WS · mercado=linear · estado=ACECHANDO · dir=— · 0=0.047 · Oz=— · Red=0.04604378376 · manos=ON · pos=LONG 1496@0.05011327 · latido=1.50s
[RANGO] ZKPUSDT_LINEAL last=0.04687 · río=ciego/muleta · mercado=linear · estado=ACECHANDO · dir=— · 0=0.047 · Oz=— · Red=0.04604378376 · manos=ON · pos=LONG 1496@0.05011327 · latido=1.50s
[RANGO] autosello ZKP · ACECHANDO · Oz=0.0 link=— · manos_feria_informe.json
[RANGO] ZKPUSDT_LINEAL last=0.04687 · río=WS · mercado=linear · estado=ACECHANDO · dir=— · 0=0.047 · Oz=— · Red=0.04604378376 · manos=ON · pos=LONG 1496@0.05011327 · latido=1.50s
[RANGO] autosello ZKP · ACECHANDO · Oz=0.0 link=— · manos_feria_informe.json
[RANGO] ZKPUSDT_LINEAL last=0.04687 · río=WS · mercado=linear · estado=ACECHANDO · dir=— · 0=0.047 · Oz=— · Red=0.04604378376 · manos=ON · pos=LONG 1496@0.05011327 · latido=1.50s
[RANGO] ZKPUSDT_LINEAL last=0.04687 · río=ciego/muleta · mercado=linear · estado=ACECHANDO · dir=— · 0=0.047 · Oz=— · Red=0.04604378376 · manos=ON · pos=LONG 1496@0.05011327 · latido=1.50s
[RANGO] autosello ZKP · ACECHANDO · Oz=0.0 link=— · manos_feria_informe.json
[RANGO] ZKPUSDT_LINEAL last=0.04688 · río=WS · mercado=linear · estado=ACECHANDO · dir=— · 0=0.047 · Oz=— · Red=0.04604378376 · manos=ON · pos=LONG 1496@0.05011327 · latido=1.50s
[RANGO] autosello ZKP · ACECHANDO · Oz=0.0 link=— · manos_feria_informe.json
[RANGO] ZKPUSDT_LINEAL last=0.04687 · río=ciego/muleta · mercado=linear · estado=ACECHANDO · dir=— · 0=0.047 · Oz=— · Red=0.04604378376 · manos=ON · pos=LONG 1496@0.05011327 · latido=1.50s
[RANGO] ZKPUSDT_LINEAL last=0.04688 · río=WS · mercado=linear · estado=ACECHANDO · dir=— · 0=0.047 · Oz=— · Red=0.04604378376 · manos=ON · pos=LONG 1496@0.05011327 · latido=1.50s
[RANGO] autosello ZKP · ACECHANDO · Oz=0.0 link=— · manos_feria_informe.json
[RANGO] ZKPUSDT_LINEAL last=0.04681 · río=WS · mercado=linear · estado=ACECHANDO · dir=— · 0=0.047 · Oz=— · Red=0.04604378376 · manos=ON · pos=LONG 1496@0.05011327 · latido=1.50s
[RANGO] autosello ZKP · ACECHANDO · Oz=0.0 link=— · manos_feria_informe.json
[RANGO] ZKPUSDT_LINEAL last=0.04675 · río=WS · mercado=linear · estado=ACECHANDO · dir=— · 0=0.047 · Oz=— · Red=0.04604378376 · manos=ON · pos=LONG 1496@0.05011327 · latido=1.50s
[RANGO] ZKPUSDT_LINEAL last=0.04676 · río=WS · mercado=linear · estado=ACECHANDO · dir=— · 0=0.047 · Oz=— · Red=0.04604378376 · manos=ON · pos=LONG 1496@0.05011327 · latido=1.50s
[RANGO] autosello ZKP · ACECHANDO · Oz=0.0 link=— · manos_feria_informe.json
[RANGO] ZKPUSDT_LINEAL last=0.0468 · río=WS · mercado=linear · estado=ACECHANDO · dir=— · 0=0.047 · Oz=— · Red=0.04604378376 · manos=ON · pos=LONG 1496@0.05011327 · latido=1.50s
[RANGO] autosello ZKP · ACECHANDO · Oz=0.0 link=— · manos_feria_informe.json
[RANGO] ZKPUSDT_LINEAL last=0.04684 · río=WS · mercado=linear · estado=ACECHANDO · dir=— · 0=0.047 · Oz=— · Red=0.04604378376 · manos=ON · pos=LONG 1496@0.05011327 · latido=1.50s
[RANGO] ZKPUSDT_LINEAL last=0.04683 · río=WS · mercado=linear · estado=ACECHANDO · dir=— · 0=0.047 · Oz=— · Red=0.04604378376 · manos=ON · pos=LONG 1496@0.05011327 · latido=1.50s
[RANGO] autosello ZKP · ACECHANDO · Oz=0.0 link=— · manos_feria_informe.json
[RANGO] ZKPUSDT_LINEAL last=0.04682 · río=WS · mercado=linear · estado=ACECHANDO · dir=— · 0=0.047 · Oz=— · Red=0.04604378376 · manos=ON · pos=LONG 1496@0.05011327 · latido=1.50s
[RANGO] autosello ZKP · ACECHANDO · Oz=0.0 link=— · manos_feria_informe.json
[RANGO] ZKPUSDT_LINEAL last=0.04679 · río=WS · mercado=linear · estado=ACECHANDO · dir=— · 0=0.047 · Oz=— · Red=0.04604378376 · manos=ON · pos=LONG 1496@0.05011327 · latido=1.50s
[RANGO] ZKPUSDT_LINEAL last=0.04684 · río=WS · mercado=linear · estado=ACECHANDO · dir=— · 0=0.047 · Oz=— · Red=0.04604378376 · manos=ON · pos=LONG 1496@0.05011327 · latido=1.50s
[RANGO] autosello ZKP · ACECHANDO · Oz=0.0 link=— · manos_feria_informe.json
[RANGO] ZKPUSDT_LINEAL last=0.04684 · río=ciego/muleta · mercado=linear · estado=ACECHANDO · dir=— · 0=0.047 · Oz=— · Red=0.04604378376 · manos=ON · pos=LONG 1496@0.05011327 · latido=1.50s
[RANGO] autosello ZKP · ACECHANDO · Oz=0.0 link=— · manos_feria_informe.json
[RANGO] ZKPUSDT_LINEAL last=0.04684 · río=ciego/muleta · mercado=linear · estado=ACECHANDO · dir=— · 0=0.047 · Oz=— · Red=0.04604378376 · manos=ON · pos=LONG 1496@0.05011327 · latido=1.50s
[RANGO] autosello ZKP · ACECHANDO · Oz=0.0 link=— · manos_feria_informe.json
[RANGO] ZKPUSDT_LINEAL last=0.04682 · río=WS · mercado=linear · estado=ACECHANDO · dir=— · 0=0.047 · Oz=— · Red=0.04604378376 · manos=ON · pos=LONG 1496@0.05011327 · latido=1.50s
[RANGO] ZKPUSDT_LINEAL last=0.04684 · río=WS · mercado=linear · estado=ACECHANDO · dir=— · 0=0.047 · Oz=— · Red=0.04604378376 · manos=ON · pos=LONG 1496@0.05011327 · latido=1.50s
[RANGO] autosello ZKP · ACECHANDO · Oz=0.0 link=— · manos_feria_informe.json
[RANGO] ZKPUSDT_LINEAL last=0.04682 · río=WS · mercado=linear · estado=ACECHANDO · dir=— · 0=0.047 · Oz=— · Red=0.04604378376 · manos=ON · pos=LONG 1496@0.05011327 · latido=1.50s
[RANGO] autosello ZKP · ACECHANDO · Oz=0.0 link=— · manos_feria_informe.json
[RANGO] ZKPUSDT_LINEAL last=0.04683 · río=WS · mercado=linear · estado=ACECHANDO · dir=— · 0=0.047 · Oz=— · Red=0.04604378376 · manos=ON · pos=LONG 1496@0.05011327 · latido=1.50s
[RANGO] ZKPUSDT_LINEAL last=0.04682 · río=WS · mercado=linear · estado=ACECHANDO · dir=— · 0=0.047 · Oz=— · Red=0.04604378376 · manos=ON · pos=LONG 1496@0.05011327 · latido=1.50s
[RANGO] autosello ZKP · ACECHANDO · Oz=0.0 link=— · manos_feria_informe.json
[RANGO] ZKPUSDT_LINEAL last=0.04685 · río=WS · mercado=linear · estado=ACECHANDO · dir=— · 0=0.047 · Oz=— · Red=0.04604378376 · manos=ON · pos=LONG 1496@0.05011327 · latido=1.50s
[RANGO] autosello ZKP · ACECHANDO · Oz=0.0 link=— · manos_feria_informe.json
[RANGO] ZKPUSDT_LINEAL last=0.04684 · río=ciego/muleta · mercado=linear · estado=ACECHANDO · dir=— · 0=0.047 · Oz=— · Red=0.04604378376 · manos=ON · pos=LONG 1496@0.05011327 · latido=1.50s
[RANGO] ZKPUSDT_LINEAL last=0.04689 · río=WS · mercado=linear · estado=ACECHANDO · dir=— · 0=0.047 · Oz=— · Red=0.04604378376 · manos=ON · pos=LONG 1496@0.05011327 · latido=1.50s
[RANGO] autosello ZKP · ACECHANDO · Oz=0.0 link=— · manos_feria_informe.json
[RANGO] ZKPUSDT_LINEAL last=0.04687 · río=WS · mercado=linear · estado=ACECHANDO · dir=— · 0=0.047 · Oz=— · Red=0.04604378376 · manos=ON · pos=LONG 1496@0.05011327 · latido=1.50s
[RANGO] autosello ZKP · ACECHANDO · Oz=0.0 link=— · manos_feria_informe.json
[RANGO] ZKPUSDT_LINEAL last=0.04686 · río=WS · mercado=linear · estado=ACECHANDO · dir=— · 0=0.047 · Oz=— · Red=0.04604378376 · manos=ON · pos=LONG 1496@0.05011327 · latido=1.50s
[RANGO] ZKPUSDT_LINEAL last=0.04686 · río=ciego/muleta · mercado=linear · estado=ACECHANDO · dir=— · 0=0.047 · Oz=— · Red=0.04604378376 · manos=ON · pos=LONG 1496@0.05011327 · latido=1.50s
[RANGO] autosello ZKP · ACECHANDO · Oz=0.0 link=— · manos_feria_informe.json
[RANGO] ZKPUSDT_LINEAL last=0.04686 · río=ciego/muleta · mercado=linear · estado=ACECHANDO · dir=— · 0=0.047 · Oz=— · Red=0.04604378376 · manos=ON · pos=LONG 1496@0.05011327 · latido=1.50s
[RANGO] autosello ZKP · ACECHANDO · Oz=0.0 link=— · manos_feria_informe.json
[RANGO] ZKPUSDT_LINEAL last=0.04685 · río=WS · mercado=linear · estado=ACECHANDO · dir=— · 0=0.047 · Oz=— · Red=0.04604378376 · manos=ON · pos=LONG 1496@0.05011327 · latido=1.50s
[RANGO] ZKPUSDT_LINEAL last=0.04684 · río=WS · mercado=linear · estado=ACECHANDO · dir=— · 0=0.047 · Oz=— · Red=0.04604378376 · manos=ON · pos=LONG 1496@0.05011327 · latido=1.50s
[RANGO] autosello ZKP · ACECHANDO · Oz=0.0 link=— · manos_feria_informe.json
[RANGO] ZKPUSDT_LINEAL last=0.04683 · río=WS · mercado=linear · estado=ACECHANDO · dir=— · 0=0.047 · Oz=— · Red=0.04604378376 · manos=ON · pos=LONG 1496@0.05011327 · latido=1.50s
[RANGO] autosello ZKP · ACECHANDO · Oz=0.0 link=— · manos_feria_informe.json
[RANGO] ZKPUSDT_LINEAL last=0.04699 · río=WS · mercado=linear · estado=ACECHANDO · dir=— · 0=0.047 · Oz=— · Red=0.04604378376 · manos=ON · pos=LONG 1496@0.05011327 · latido=1.50s
[RANGO] ZKPUSDT_LINEAL last=0.04691 · río=WS · mercado=linear · estado=ACECHANDO · dir=— · 0=0.047 · Oz=— · Red=0.04604378376 · manos=ON · pos=LONG 1496@0.05011327 · latido=1.50s
[RANGO] autosello ZKP · ACECHANDO · Oz=0.0 link=— · manos_feria_informe.json
[RANGO] ZKPUSDT_LINEAL last=0.04694 · río=WS · mercado=linear · estado=ACECHANDO · dir=— · 0=0.047 · Oz=— · Red=0.04604378376 · manos=ON · pos=LONG 1496@0.05011327 · latido=1.50s
[RANGO] autosello ZKP · ACECHANDO · Oz=0.0 link=— · manos_feria_informe.json
[RANGO] ZKPUSDT_LINEAL last=0.04693 · río=WS · mercado=linear · estado=ACECHANDO · dir=— · 0=0.047 · Oz=— · Red=0.04604378376 · manos=ON · pos=LONG 1496@0.05011327 · latido=1.50s
[RANGO] ZKPUSDT_LINEAL last=0.04691 · río=WS · mercado=linear · estado=ACECHANDO · dir=— · 0=0.047 · Oz=— · Red=0.04604378376 · manos=ON · pos=LONG 1496@0.05011327 · latido=1.50s
[RANGO] autosello ZKP · ACECHANDO · Oz=0.0 link=— · manos_feria_informe.json
[2026-08-31 12:45:15] [TUSK] RECONCILIACIÓN: POPCATUSDT_LINEAL: interno L:0.000000/S:0.000000 -> real L:1640.000000/S:0.000000
[2026-08-31 12:45:15] [TUSK] RECONCILIACIÓN: LTCUSD_INVERSE: interno L:229.000000/S:0.000000 -> real L:224.000000/S:0.000000
[2026-08-31 12:45:15] [TUSK] RECONCILIACIÓN_FANTASMA: ESPUSDT_LINEAL existe interno pero no en exchange -> reseteando
[2026-08-31 12:45:15] [TUSK] RECONCILIACIÓN_OK: 3 frentes alineados con exchange
[RANGO] ZKPUSDT_LINEAL last=0.04694 · río=WS · mercado=linear · estado=ACECHANDO · dir=— · 0=0.047 · Oz=— · Red=0.04604378376 · manos=ON · pos=LONG 1496@0.05011327 · latido=1.50s
[RANGO] autosello ZKP · ACECHANDO · Oz=0.0 link=— · manos_feria_informe.json
[RANGO] ZKPUSDT_LINEAL last=0.04693 · río=WS · mercado=linear · estado=ACECHANDO · dir=— · 0=0.047 · Oz=— · Red=0.04604378376 · manos=ON · pos=LONG 1496@0.05011327 · latido=1.50s
[RANGO] ZKPUSDT_LINEAL last=0.04694 · río=WS · mercado=linear · estado=ACECHANDO · dir=— · 0=0.047 · Oz=— · Red=0.04604378376 · manos=ON · pos=LONG 1496@0.05011327 · latido=1.50s
[RANGO] autosello ZKP · ACECHANDO · Oz=0.0 link=— · manos_feria_informe.json
[RANGO] ZKPUSDT_LINEAL last=0.04693 · río=ciego/muleta · mercado=linear · estado=ACECHANDO · dir=— · 0=0.047 · Oz=— · Red=0.04604378376 · manos=ON · pos=LONG 1496@0.05011327 · latido=1.50s
[RANGO] autosello ZKP · ACECHANDO · Oz=0.0 link=— · manos_feria_informe.json
[RANGO] ZKPUSDT_LINEAL last=0.04695 · río=WS · mercado=linear · estado=ACECHANDO · dir=— · 0=0.047 · Oz=— · Red=0.04604378376 · manos=ON · pos=LONG 1496@0.05011327 · latido=1.50s
[RANGO] ZKPUSDT_LINEAL last=0.04694 · río=WS · mercado=linear · estado=ACECHANDO · dir=— · 0=0.047 · Oz=— · Red=0.04604378376 · manos=ON · pos=LONG 1496@0.05011327 · latido=1.50s
[RANGO] autosello ZKP · ACECHANDO · Oz=0.0 link=— · manos_feria_informe.json
[RANGO] ZKPUSDT_LINEAL last=0.04689 · río=WS · mercado=linear · estado=ACECHANDO · dir=— · 0=0.047 · Oz=— · Red=0.04604378376 · manos=ON · pos=LONG 1496@0.05011327 · latido=1.50s
[RANGO] autosello ZKP · ACECHANDO · Oz=0.0 link=— · manos_feria_informe.json
[RANGO] ZKPUSDT_LINEAL last=0.04689 · río=WS · mercado=linear · estado=ACECHANDO · dir=— · 0=0.047 · Oz=— · Red=0.04604378376 · manos=ON · pos=LONG 1496@0.05011327 · latido=1.50s
[RANGO] ZKPUSDT_LINEAL last=0.04688 · río=WS · mercado=linear · estado=ACECHANDO · dir=— · 0=0.047 · Oz=— · Red=0.04604378376 · manos=ON · pos=LONG 1496@0.05011327 · latido=1.50s
[RANGO] autosello ZKP · ACECHANDO · Oz=0.0 link=— · manos_feria_informe.json
[RANGO] ZKPUSDT_LINEAL last=0.04686 · río=ciego/muleta · mercado=linear · estado=ACECHANDO · dir=— · 0=0.047 · Oz=— · Red=0.04604378376 · manos=ON · pos=LONG 1496@0.05011327 · latido=1.50s
[RANGO] autosello ZKP · ACECHANDO · Oz=0.0 link=— · manos_feria_informe.json
[RANGO] ZKPUSDT_LINEAL last=0.04688 · río=WS · mercado=linear · estado=ACECHANDO · dir=— · 0=0.047 · Oz=— · Red=0.04604378376 · manos=ON · pos=LONG 1496@0.05011327 · latido=1.50s
[RANGO] autosello ZKP · ACECHANDO · Oz=0.0 link=— · manos_feria_informe.json
[RANGO] ZKPUSDT_LINEAL last=0.04687 · río=WS · mercado=linear · estado=ACECHANDO · dir=— · 0=0.047 · Oz=— · Red=0.04604378376 · manos=ON · pos=LONG 1496@0.05011327 · latido=1.50s
[2026-08-31 12:47:17] [TUSK] RECONCILIACIÓN: CRVUSDT_LINEAL: interno L:0.000000/S:0.000000 -> real L:0.000000/S:46.100000
[2026-08-31 12:47:17] [TUSK] RECONCILIACIÓN_FANTASMA: PEOPLEUSDT_LINEAL existe interno pero no en exchange -> reseteando
[2026-08-31 12:47:17] [TUSK] RECONCILIACIÓN_OK: 2 frentes alineados con exchange
[RANGO] ZKPUSDT_LINEAL last=0.04685 · río=WS · mercado=linear · estado=ACECHANDO · dir=— · 0=0.047 · Oz=— · Red=0.04604378376 · manos=ON · pos=LONG 1496@0.05011327 · latido=1.50s
[RANGO] autosello ZKP · ACECHANDO · Oz=0.0 link=— · manos_feria_informe.json
[RANGO] ZKPUSDT_LINEAL last=0.04686 · río=WS · mercado=linear · estado=ACECHANDO · dir=— · 0=0.047 · Oz=— · Red=0.04604378376 · manos=ON · pos=LONG 1496@0.05011327 · latido=1.50s
[RANGO] autosello ZKP · ACECHANDO · Oz=0.0 link=— · manos_feria_informe.json
[RANGO] ZKPUSDT_LINEAL last=0.04684 · río=ciego/muleta · mercado=linear · estado=ACECHANDO · dir=— · 0=0.047 · Oz=— · Red=0.04604378376 · manos=ON · pos=LONG 1496@0.05011327 · latido=1.50s
[RANGO] ZKPUSDT_LINEAL last=0.04685 · río=WS · mercado=linear · estado=ACECHANDO · dir=— · 0=0.047 · Oz=— · Red=0.04604378376 · manos=ON · pos=LONG 1496@0.05011327 · latido=1.50s
[RANGO] autosello ZKP · ACECHANDO · Oz=0.0 link=— · manos_feria_informe.json
[RANGO] ZKPUSDT_LINEAL last=0.04684 · río=WS · mercado=linear · estado=ACECHANDO · dir=— · 0=0.047 · Oz=— · Red=0.04604378376 · manos=ON · pos=LONG 1496@0.05011327 · latido=1.50s
[RANGO] autosello ZKP · ACECHANDO · Oz=0.0 link=— · manos_feria_informe.json
[RANGO] ZKPUSDT_LINEAL last=0.04686 · río=WS · mercado=linear · estado=ACECHANDO · dir=— · 0=0.047 · Oz=— · Red=0.04604378376 · manos=ON · pos=LONG 1496@0.05011327 · latido=1.50s
[RANGO] ZKPUSDT_LINEAL last=0.04682 · río=WS · mercado=linear · estado=ACECHANDO · dir=— · 0=0.047 · Oz=— · Red=0.04604378376 · manos=ON · pos=LONG 1496@0.05011327 · latido=1.50s
[RANGO] autosello ZKP · ACECHANDO · Oz=0.0 link=— · manos_feria_informe.json
[RANGO] ZKPUSDT_LINEAL last=0.04681 · río=WS · mercado=linear · estado=ACECHANDO · dir=— · 0=0.047 · Oz=— · Red=0.04604378376 · manos=ON · pos=LONG 1496@0.05011327 · latido=1.50s
[RANGO] autosello ZKP · ACECHANDO · Oz=0.0 link=— · manos_feria_informe.json
[RANGO] ZKPUSDT_LINEAL last=0.04683 · río=WS · mercado=linear · estado=ACECHANDO · dir=— · 0=0.047 · Oz=— · Red=0.04604378376 · manos=ON · pos=LONG 1496@0.05011327 · latido=1.50s
[RANGO] ZKPUSDT_LINEAL last=0.04684 · río=WS · mercado=linear · estado=ACECHANDO · dir=— · 0=0.047 · Oz=— · Red=0.04604378376 · manos=ON · pos=LONG 1496@0.05011327 · latido=1.50s
[RANGO] autosello ZKP · ACECHANDO · Oz=0.0 link=— · manos_feria_informe.json
[RANGO] ZKPUSDT_LINEAL last=0.04682 · río=WS · mercado=linear · estado=ACECHANDO · dir=— · 0=0.047 · Oz=— · Red=0.04604378376 · manos=ON · pos=LONG 1496@0.05011327 · latido=1.50s
[RANGO] autosello ZKP · ACECHANDO · Oz=0.0 link=— · manos_feria_informe.json
[RANGO] ZKPUSDT_LINEAL last=0.04681 · río=WS · mercado=linear · estado=ACECHANDO · dir=— · 0=0.047 · Oz=— · Red=0.04604378376 · manos=ON · pos=LONG 1496@0.05011327 · latido=1.50s
[RANGO] ZKPUSDT_LINEAL last=0.04683 · río=WS · mercado=linear · estado=ACECHANDO · dir=— · 0=0.047 · Oz=— · Red=0.04604378376 · manos=ON · pos=LONG 1496@0.05011327 · latido=1.50s
[RANGO] autosello ZKP · ACECHANDO · Oz=0.0 link=— · manos_feria_informe.json
[RANGO] ZKPUSDT_LINEAL last=0.04682 · río=ciego/muleta · mercado=linear · estado=ACECHANDO · dir=— · 0=0.047 · Oz=— · Red=0.04604378376 · manos=ON · pos=LONG 1496@0.05011327 · latido=1.50s
[RANGO] autosello ZKP · ACECHANDO · Oz=0.0 link=— · manos_feria_informe.json
[RANGO] ZKPUSDT_LINEAL last=0.04682 · río=ciego/muleta · mercado=linear · estado=ACECHANDO · dir=— · 0=0.047 · Oz=— · Red=0.04604378376 · manos=ON · pos=LONG 1496@0.05011327 · latido=1.50s
[RANGO] ZKPUSDT_LINEAL last=0.04682 · río=ciego/muleta · mercado=linear · estado=ACECHANDO · dir=— · 0=0.047 · Oz=— · Red=0.04604378376 · manos=ON · pos=LONG 1496@0.05011327 · latido=1.50s
[RANGO] autosello ZKP · ACECHANDO · Oz=0.0 link=— · manos_feria_informe.json
[RANGO] ZKPUSDT_LINEAL last=0.0468 · río=WS · mercado=linear · estado=ACECHANDO · dir=— · 0=0.047 · Oz=— · Red=0.04604378376 · manos=ON · pos=LONG 1496@0.05011327 · latido=1.50s
[RANGO] autosello ZKP · ACECHANDO · Oz=0.0 link=— · manos_feria_informe.json
[RANGO] ZKPUSDT_LINEAL last=0.0468 · río=WS · mercado=linear · estado=ACECHANDO · dir=— · 0=0.047 · Oz=— · Red=0.04604378376 · manos=ON · pos=LONG 1496@0.05011327 · latido=1.50s
[2026-08-31 12:50:21] [TUSK] RECONCILIACIÓN: PEOPLEUSDT_LINEAL: interno L:0.000000/S:0.000000 -> real L:29905.000000/S:0.000000
[2026-08-31 12:50:21] [TUSK] RECONCILIACIÓN_FANTASMA: NEARUSD_INVERSE existe interno pero no en exchange -> reseteando
[2026-08-31 12:50:21] [TUSK] RECONCILIACIÓN_FANTASMA: NILUSDT_LINEAL existe interno pero no en exchange -> reseteando
[2026-08-31 12:50:21] [TUSK] RECONCILIACIÓN_OK: 3 frentes alineados con exchange
[RANGO] ZKPUSDT_LINEAL last=0.04676 · río=WS · mercado=linear · estado=ACECHANDO · dir=— · 0=0.047 · Oz=— · Red=0.04604378376 · manos=ON · pos=LONG 1496@0.05011327 · latido=1.50s
[RANGO] autosello ZKP · ACECHANDO · Oz=0.0 link=— · manos_feria_informe.json
[RANGO] ZKPUSDT_LINEAL last=0.04677 · río=WS · mercado=linear · estado=ACECHANDO · dir=— · 0=0.047 · Oz=— · Red=0.04604378376 · manos=ON · pos=LONG 1496@0.05011327 · latido=1.50s
[RANGO] autosello ZKP · ACECHANDO · Oz=0.0 link=— · manos_feria_informe.json
[RANGO] ZKPUSDT_LINEAL last=0.04677 · río=WS · mercado=linear · estado=ACECHANDO · dir=— · 0=0.047 · Oz=— · Red=0.04604378376 · manos=ON · pos=LONG 1496@0.05011327 · latido=1.50s
[RANGO] ZKPUSDT_LINEAL last=0.04675 · río=WS · mercado=linear · estado=ACECHANDO · dir=— · 0=0.047 · Oz=— · Red=0.04604378376 · manos=ON · pos=LONG 1496@0.05011327 · latido=1.50s
[RANGO] autosello ZKP · ACECHANDO · Oz=0.0 link=— · manos_feria_informe.json
[RANGO] ZKPUSDT_LINEAL last=0.04681 · río=WS · mercado=linear · estado=ACECHANDO · dir=— · 0=0.047 · Oz=— · Red=0.04604378376 · manos=ON · pos=LONG 1496@0.05011327 · latido=1.50s
[RANGO] autosello ZKP · ACECHANDO · Oz=0.0 link=— · manos_feria_informe.json
[RANGO] ZKPUSDT_LINEAL last=0.04677 · río=WS · mercado=linear · estado=ACECHANDO · dir=— · 0=0.047 · Oz=— · Red=0.04604378376 · manos=ON · pos=LONG 1496@0.05011327 · latido=1.50s
[RANGO] ZKPUSDT_LINEAL last=0.04679 · río=ciego/muleta · mercado=linear · estado=ACECHANDO · dir=— · 0=0.047 · Oz=— · Red=0.04604378376 · manos=ON · pos=LONG 1496@0.05011327 · latido=1.50s
[RANGO] autosello ZKP · ACECHANDO · Oz=0.0 link=— · manos_feria_informe.json
[RANGO] ZKPUSDT_LINEAL last=0.04677 · río=WS · mercado=linear · estado=ACECHANDO · dir=— · 0=0.047 · Oz=— · Red=0.04604378376 · manos=ON · pos=LONG 1496@0.05011327 · latido=1.50s
[RANGO] autosello ZKP · ACECHANDO · Oz=0.0 link=— · manos_feria_informe.json
[RANGO] ZKPUSDT_LINEAL last=0.04679 · río=ciego/muleta · mercado=linear · estado=ACECHANDO · dir=— · 0=0.047 · Oz=— · Red=0.04604378376 · manos=ON · pos=LONG 1496@0.05011327 · latido=1.50s
[RANGO] autosello ZKP · ACECHANDO · Oz=0.0 link=— · manos_feria_informe.json
[RANGO] ZKPUSDT_LINEAL last=0.04679 · río=ciego/muleta · mercado=linear · estado=ACECHANDO · dir=— · 0=0.047 · Oz=— · Red=0.04604378376 · manos=ON · pos=LONG 1496@0.05011327 · latido=1.50s
[RANGO] ZKPUSDT_LINEAL last=0.04679 · río=ciego/muleta · mercado=linear · estado=ACECHANDO · dir=— · 0=0.047 · Oz=— · Red=0.04604378376 · manos=ON · pos=LONG 1496@0.05011327 · latido=1.50s
[RANGO] autosello ZKP · ACECHANDO · Oz=0.0 link=— · manos_feria_informe.json
[RANGO] ZKPUSDT_LINEAL last=0.04679 · río=ciego/muleta · mercado=linear · estado=ACECHANDO · dir=— · 0=0.047 · Oz=— · Red=0.04604378376 · manos=ON · pos=LONG 1496@0.05011327 · latido=1.50s
[2026-08-31 12:52:23] [TUSK] RECONCILIACIÓN: FWDIUSDT_LINEAL: interno L:0.000000/S:0.000000 -> real L:0.000000/S:6.900000
[2026-08-31 12:52:23] [TUSK] RECONCILIACIÓN_FANTASMA: PEOPLEUSDT_LINEAL existe interno pero no en exchange -> reseteando
[2026-08-31 12:52:23] [TUSK] RECONCILIACIÓN_OK: 2 frentes alineados con exchange
[RANGO] autosello ZKP · ACECHANDO · Oz=0.0 link=— · manos_feria_informe.json
[RANGO] ZKPUSDT_LINEAL last=0.04678 · río=WS · mercado=linear · estado=ACECHANDO · dir=— · 0=0.047 · Oz=— · Red=0.04604378376 · manos=ON · pos=LONG 1496@0.05011327 · latido=1.50s
[RANGO] ZKPUSDT_LINEAL last=0.04678 · río=WS · mercado=linear · estado=ACECHANDO · dir=— · 0=0.047 · Oz=— · Red=0.04604378376 · manos=ON · pos=LONG 1496@0.05011327 · latido=1.50s
[RANGO] autosello ZKP · ACECHANDO · Oz=0.0 link=— · manos_feria_informe.json
[RANGO] ZKPUSDT_LINEAL last=0.04678 · río=ciego/muleta · mercado=linear · estado=ACECHANDO · dir=— · 0=0.047 · Oz=— · Red=0.04604378376 · manos=ON · pos=LONG 1496@0.05011327 · latido=1.50s
[RANGO] autosello ZKP · ACECHANDO · Oz=0.0 link=— · manos_feria_informe.json
[RANGO] ZKPUSDT_LINEAL last=0.04675 · río=WS · mercado=linear · estado=ACECHANDO · dir=— · 0=0.047 · Oz=— · Red=0.04604378376 · manos=ON · pos=LONG 1496@0.05011327 · latido=1.50s
[RANGO] ZKPUSDT_LINEAL last=0.04676 · río=WS · mercado=linear · estado=ACECHANDO · dir=— · 0=0.047 · Oz=— · Red=0.04604378376 · manos=ON · pos=LONG 1496@0.05011327 · latido=1.50s
[RANGO] autosello ZKP · ACECHANDO · Oz=0.0 link=— · manos_feria_informe.json
[RANGO] ZKPUSDT_LINEAL last=0.04673 · río=WS · mercado=linear · estado=ACECHANDO · dir=— · 0=0.047 · Oz=— · Red=0.04604378376 · manos=ON · pos=LONG 1496@0.05011327 · latido=1.50s
[RANGO] autosello ZKP · ACECHANDO · Oz=0.0 link=— · manos_feria_informe.json
[RANGO] ZKPUSDT_LINEAL last=0.04673 · río=WS · mercado=linear · estado=ACECHANDO · dir=— · 0=0.047 · Oz=— · Red=0.04604378376 · manos=ON · pos=LONG 1496@0.05011327 · latido=1.50s
[RANGO] ZKPUSDT_LINEAL last=0.04672 · río=WS · mercado=linear · estado=ACECHANDO · dir=— · 0=0.047 · Oz=— · Red=0.04604378376 · manos=ON · pos=LONG 1496@0.05011327 · latido=1.50s
[RANGO] autosello ZKP · ACECHANDO · Oz=0.0 link=— · manos_feria_informe.json
[RANGO] ZKPUSDT_LINEAL last=0.0467 · río=WS · mercado=linear · estado=ACECHANDO · dir=— · 0=0.047 · Oz=— · Red=0.04604378376 · manos=ON · pos=LONG 1496@0.05011327 · latido=1.50s
[RANGO] autosello ZKP · ACECHANDO · Oz=0.0 link=— · manos_feria_informe.json
[RANGO] ZKPUSDT_LINEAL last=0.0467 · río=WS · mercado=linear · estado=ACECHANDO · dir=— · 0=0.047 · Oz=— · Red=0.04604378376 · manos=ON · pos=LONG 1496@0.05011327 · latido=1.50s
[RANGO] ZKPUSDT_LINEAL last=0.04672 · río=ciego/muleta · mercado=linear · estado=ACECHANDO · dir=— · 0=0.047 · Oz=— · Red=0.04604378376 · manos=ON · pos=LONG 1496@0.05011327 · latido=1.50s
[RANGO] autosello ZKP · ACECHANDO · Oz=0.0 link=— · manos_feria_informe.json
[RANGO] ZKPUSDT_LINEAL last=0.04688 · río=WS · mercado=linear · estado=ACECHANDO · dir=— · 0=0.047 · Oz=— · Red=0.04604378376 · manos=ON · pos=LONG 1496@0.05011327 · latido=1.50s
[2026-08-31 12:54:26] [TUSK] RECONCILIACIÓN: PEOPLEUSDT_LINEAL: interno L:0.000000/S:0.000000 -> real L:29905.000000/S:0.000000
[2026-08-31 12:54:26] [TUSK] RECONCILIACIÓN: ESPUSDT_LINEAL: interno L:0.000000/S:0.000000 -> real L:1190.000000/S:0.000000
[2026-08-31 12:54:26] [TUSK] RECONCILIACIÓN_FANTASMA: POWERUSDT_LINEAL existe interno pero no en exchange -> reseteando
[2026-08-31 12:54:26] [TUSK] RECONCILIACIÓN_FANTASMA: NBISUSDT_LINEAL existe interno pero no en exchange -> reseteando
[2026-08-31 12:54:26] [TUSK] RECONCILIACIÓN_OK: 4 frentes alineados con exchange
[RANGO] autosello ZKP · ACECHANDO · Oz=0.0 link=— · manos_feria_informe.json
[RANGO] ZKPUSDT_LINEAL last=0.04691 · río=WS · mercado=linear · estado=ACECHANDO · dir=— · 0=0.047 · Oz=— · Red=0.04604378376 · manos=ON · pos=LONG 1496@0.05011327 · latido=1.50s
[RANGO] ZKPUSDT_LINEAL last=0.04692 · río=WS · mercado=linear · estado=ACECHANDO · dir=— · 0=0.047 · Oz=— · Red=0.04604378376 · manos=ON · pos=LONG 1496@0.05011327 · latido=1.50s
[RANGO] autosello ZKP · ACECHANDO · Oz=0.0 link=— · manos_feria_informe.json
[RANGO] ZKPUSDT_LINEAL last=0.0469 · río=WS · mercado=linear · estado=ACECHANDO · dir=— · 0=0.047 · Oz=— · Red=0.04604378376 · manos=ON · pos=LONG 1496@0.05011327 · latido=1.50s
[RANGO] autosello ZKP · ACECHANDO · Oz=0.0 link=— · manos_feria_informe.json
[RANGO] ZKPUSDT_LINEAL last=0.04686 · río=WS · mercado=linear · estado=ACECHANDO · dir=— · 0=0.047 · Oz=— · Red=0.04604378376 · manos=ON · pos=LONG 1496@0.05011327 · latido=1.50s
[RANGO] ZKPUSDT_LINEAL last=0.04688 · río=WS · mercado=linear · estado=ACECHANDO · dir=— · 0=0.047 · Oz=— · Red=0.04604378376 · manos=ON · pos=LONG 1496@0.05011327 · latido=1.50s
[RANGO] autosello ZKP · ACECHANDO · Oz=0.0 link=— · manos_feria_informe.json
[RANGO] ZKPUSDT_LINEAL last=0.04684 · río=WS · mercado=linear · estado=ACECHANDO · dir=— · 0=0.047 · Oz=— · Red=0.04604378376 · manos=ON · pos=LONG 1496@0.05011327 · latido=1.50s
[RANGO] autosello ZKP · ACECHANDO · Oz=0.0 link=— · manos_feria_informe.json
[RANGO] ZKPUSDT_LINEAL last=0.04684 · río=WS · mercado=linear · estado=ACECHANDO · dir=— · 0=0.047 · Oz=— · Red=0.04604378376 · manos=ON · pos=LONG 1496@0.05011327 · latido=1.50s
[RANGO] ZKPUSDT_LINEAL last=0.04684 · río=WS · mercado=linear · estado=ACECHANDO · dir=— · 0=0.047 · Oz=— · Red=0.04604378376 · manos=ON · pos=LONG 1496@0.05011327 · latido=1.50s
[RANGO] autosello ZKP · ACECHANDO · Oz=0.0 link=— · manos_feria_informe.json
[RANGO] ZKPUSDT_LINEAL last=0.04682 · río=WS · mercado=linear · estado=ACECHANDO · dir=— · 0=0.047 · Oz=— · Red=0.04604378376 · manos=ON · pos=LONG 1496@0.05011327 · latido=1.50s
[RANGO] autosello ZKP · ACECHANDO · Oz=0.0 link=— · manos_feria_informe.json
[RANGO] ZKPUSDT_LINEAL last=0.04682 · río=WS · mercado=linear · estado=ACECHANDO · dir=— · 0=0.047 · Oz=— · Red=0.04604378376 · manos=ON · pos=LONG 1496@0.05011327 · latido=1.50s
[RANGO] ZKPUSDT_LINEAL last=0.04682 · río=ciego/muleta · mercado=linear · estado=ACECHANDO · dir=— · 0=0.047 · Oz=— · Red=0.04604378376 · manos=ON · pos=LONG 1496@0.05011327 · latido=1.50s
[RANGO] autosello ZKP · ACECHANDO · Oz=0.0 link=— · manos_feria_informe.json
[RANGO] ZKPUSDT_LINEAL last=0.04682 · río=ciego/muleta · mercado=linear · estado=ACECHANDO · dir=— · 0=0.047 · Oz=— · Red=0.04604378376 · manos=ON · pos=LONG 1496@0.05011327 · latido=1.50s
[2026-08-31 12:56:28] [TUSK] RECONCILIACIÓN: AKTUSDT_LINEAL: interno L:0.000000/S:0.000000 -> real L:209.400000/S:0.000000
[2026-08-31 12:56:28] [TUSK] RECONCILIACIÓN_FANTASMA: GIGGLEUSDT_LINEAL existe interno pero no en exchange -> reseteando
[2026-08-31 12:56:28] [TUSK] RECONCILIACIÓN_OK: 2 frentes alineados con exchange
[RANGO] autosello ZKP · ACECHANDO · Oz=0.0 link=— · manos_feria_informe.json
[RANGO] ZKPUSDT_LINEAL last=0.04682 · río=ciego/muleta · mercado=linear · estado=ACECHANDO · dir=— · 0=0.047 · Oz=— · Red=0.04604378376 · manos=ON · pos=LONG 1496@0.05011327 · latido=1.50s
[RANGO] autosello ZKP · ACECHANDO · Oz=0.0 link=— · manos_feria_informe.json
[RANGO] ZKPUSDT_LINEAL last=0.04682 · río=ciego/muleta · mercado=linear · estado=ACECHANDO · dir=— · 0=0.047 · Oz=— · Red=0.04604378376 · manos=ON · pos=LONG 1496@0.05011327 · latido=1.50s
[RANGO] ZKPUSDT_LINEAL last=0.04684 · río=WS · mercado=linear · estado=ACECHANDO · dir=— · 0=0.047 · Oz=— · Red=0.04604378376 · manos=ON · pos=LONG 1496@0.05011327 · latido=1.50s
[RANGO] autosello ZKP · ACECHANDO · Oz=0.0 link=— · manos_feria_informe.json
[RANGO] ZKPUSDT_LINEAL last=0.04683 · río=ciego/muleta · mercado=linear · estado=ACECHANDO · dir=— · 0=0.047 · Oz=— · Red=0.04604378376 · manos=ON · pos=LONG 1496@0.05011327 · latido=1.50s
[RANGO] autosello ZKP · ACECHANDO · Oz=0.0 link=— · manos_feria_informe.json
[RANGO] ZKPUSDT_LINEAL last=0.04684 · río=WS · mercado=linear · estado=ACECHANDO · dir=— · 0=0.047 · Oz=— · Red=0.04604378376 · manos=ON · pos=LONG 1496@0.05011327 · latido=1.50s
[RANGO] ZKPUSDT_LINEAL last=0.04683 · río=ciego/muleta · mercado=linear · estado=ACECHANDO · dir=— · 0=0.047 · Oz=— · Red=0.04604378376 · manos=ON · pos=LONG 1496@0.05011327 · latido=1.50s
[2026-08-31 12:57:29] [TUSK] RECONCILIACIÓN: DASHUSDT_LINEAL: interno L:0.000000/S:1.270000 -> real L:0.000000/S:1.160000
[2026-08-31 12:57:29] [TUSK] RECONCILIACIÓN_OK: 1 frentes alineados con exchange
[RANGO] autosello ZKP · ACECHANDO · Oz=0.0 link=— · manos_feria_informe.json
[RANGO] ZKPUSDT_LINEAL last=0.04683 · río=ciego/muleta · mercado=linear · estado=ACECHANDO · dir=— · 0=0.047 · Oz=— · Red=0.04604378376 · manos=ON · pos=LONG 1496@0.05011327 · latido=1.50s
[RANGO] autosello ZKP · ACECHANDO · Oz=0.0 link=— · manos_feria_informe.json
[RANGO] ZKPUSDT_LINEAL last=0.04682 · río=ciego/muleta · mercado=linear · estado=ACECHANDO · dir=— · 0=0.047 · Oz=— · Red=0.04604378376 · manos=ON · pos=LONG 1496@0.05011327 · latido=1.50s
[RANGO] ZKPUSDT_LINEAL last=0.04682 · río=ciego/muleta · mercado=linear · estado=ACECHANDO · dir=— · 0=0.047 · Oz=— · Red=0.04604378376 · manos=ON · pos=LONG 1496@0.05011327 · latido=1.50s
[RANGO] autosello ZKP · ACECHANDO · Oz=0.0 link=— · manos_feria_informe.json
[RANGO] ZKPUSDT_LINEAL last=0.04682 · río=WS · mercado=linear · estado=ACECHANDO · dir=— · 0=0.047 · Oz=— · Red=0.04604378376 · manos=ON · pos=LONG 1496@0.05011327 · latido=1.50s
[RANGO] autosello ZKP · ACECHANDO · Oz=0.0 link=— · manos_feria_informe.json
[RANGO] ZKPUSDT_LINEAL last=0.04683 · río=WS · mercado=linear · estado=ACECHANDO · dir=— · 0=0.047 · Oz=— · Red=0.04604378376 · manos=ON · pos=LONG 1496@0.05011327 · latido=1.50s
[RANGO] ZKPUSDT_LINEAL last=0.04684 · río=ciego/muleta · mercado=linear · estado=ACECHANDO · dir=— · 0=0.047 · Oz=— · Red=0.04604378376 · manos=ON · pos=LONG 1496@0.05011327 · latido=1.50s
[RANGO] autosello ZKP · ACECHANDO · Oz=0.0 link=— · manos_feria_informe.json
[RANGO] ZKPUSDT_LINEAL last=0.04683 · río=WS · mercado=linear · estado=ACECHANDO · dir=— · 0=0.047 · Oz=— · Red=0.04604378376 · manos=ON · pos=LONG 1496@0.05011327 · latido=1.50s
[RANGO] autosello ZKP · ACECHANDO · Oz=0.0 link=— · manos_feria_informe.json
[RANGO] ZKPUSDT_LINEAL last=0.04683 · río=WS · mercado=linear · estado=ACECHANDO · dir=— · 0=0.047 · Oz=— · Red=0.04604378376 · manos=ON · pos=LONG 1496@0.05011327 · latido=1.50s
[RANGO] ZKPUSDT_LINEAL last=0.04683 · río=ciego/muleta · mercado=linear · estado=ACECHANDO · dir=— · 0=0.047 · Oz=— · Red=0.04604378376 · manos=ON · pos=LONG 1496@0.05011327 · latido=1.50s
[RANGO] autosello ZKP · ACECHANDO · Oz=0.0 link=— · manos_feria_informe.json
[RANGO] ZKPUSDT_LINEAL last=0.04684 · río=WS · mercado=linear · estado=ACECHANDO · dir=— · 0=0.047 · Oz=— · Red=0.04604378376 · manos=ON · pos=LONG 1496@0.05011327 · latido=1.50s
[RANGO] autosello ZKP · ACECHANDO · Oz=0.0 link=— · manos_feria_informe.json
[RANGO] ZKPUSDT_LINEAL last=0.04683 · río=WS · mercado=linear · estado=ACECHANDO · dir=— · 0=0.047 · Oz=— · Red=0.04604378376 · manos=ON · pos=LONG 1496@0.05011327 · latido=1.50s
[RANGO] autosello ZKP · ACECHANDO · Oz=0.0 link=— · manos_feria_informe.json
[RANGO] ZKPUSDT_LINEAL last=0.0468 · río=WS · mercado=linear · estado=ACECHANDO · dir=— · 0=0.047 · Oz=— · Red=0.04604378376 · manos=ON · pos=LONG 1496@0.05011327 · latido=1.50s
[RANGO] ZKPUSDT_LINEAL last=0.04682 · río=ciego/muleta · mercado=linear · estado=ACECHANDO · dir=— · 0=0.047 · Oz=— · Red=0.04604378376 · manos=ON · pos=LONG 1496@0.05011327 · latido=1.50s
[RANGO] autosello ZKP · ACECHANDO · Oz=0.0 link=— · manos_feria_informe.json
[RANGO] ZKPUSDT_LINEAL last=0.04681 · río=WS · mercado=linear · estado=ACECHANDO · dir=— · 0=0.047 · Oz=— · Red=0.04604378376 · manos=ON · pos=LONG 1496@0.05011327 · latido=1.50s
[RANGO] autosello ZKP · ACECHANDO · Oz=0.0 link=— · manos_feria_informe.json
[RANGO] ZKPUSDT_LINEAL last=0.0468 · río=WS · mercado=linear · estado=ACECHANDO · dir=— · 0=0.047 · Oz=— · Red=0.04604378376 · manos=ON · pos=LONG 1496@0.05011327 · latido=1.50s
[RANGO] ZKPUSDT_LINEAL last=0.04682 · río=WS · mercado=linear · estado=ACECHANDO · dir=— · 0=0.047 · Oz=— · Red=0.04604378376 · manos=ON · pos=LONG 1496@0.05011327 · latido=1.50s
[RANGO] autosello ZKP · ACECHANDO · Oz=0.0 link=— · manos_feria_informe.json
[RANGO] ZKPUSDT_LINEAL last=0.0468 · río=ciego/muleta · mercado=linear · estado=ACECHANDO · dir=— · 0=0.047 · Oz=— · Red=0.04604378376 · manos=ON · pos=LONG 1496@0.05011327 · latido=1.50s
[RANGO] autosello ZKP · ACECHANDO · Oz=0.0 link=— · manos_feria_informe.json
[RANGO] ZKPUSDT_LINEAL last=0.04681 · río=WS · mercado=linear · estado=ACECHANDO · dir=— · 0=0.047 · Oz=— · Red=0.04604378376 · manos=ON · pos=LONG 1496@0.05011327 · latido=1.50s
[2026-08-31 13:00:33] [TUSK] RECONCILIACIÓN: PRLUSDT_LINEAL: interno L:0.000000/S:0.000000 -> real L:1308.000000/S:0.000000
[2026-08-31 13:00:33] [TUSK] RECONCILIACIÓN_FANTASMA: AKTUSDT_LINEAL existe interno pero no en exchange -> reseteando
[2026-08-31 13:00:33] [TUSK] RECONCILIACIÓN_OK: 2 frentes alineados con exchange
[RANGO] ZKPUSDT_LINEAL last=0.04682 · río=WS · mercado=linear · estado=ACECHANDO · dir=— · 0=0.047 · Oz=— · Red=0.04604378376 · manos=ON · pos=LONG 1496@0.05011327 · latido=1.50s
[RANGO] autosello ZKP · ACECHANDO · Oz=0.0 link=— · manos_feria_informe.json
[RANGO] ZKPUSDT_LINEAL last=0.04677 · río=WS · mercado=linear · estado=ACECHANDO · dir=— · 0=0.047 · Oz=— · Red=0.04604378376 · manos=ON · pos=LONG 1496@0.05011327 · latido=1.50s
[RANGO] autosello ZKP · ACECHANDO · Oz=0.0 link=— · manos_feria_informe.json
[RANGO] ZKPUSDT_LINEAL last=0.04681 · río=WS · mercado=linear · estado=ACECHANDO · dir=— · 0=0.047 · Oz=— · Red=0.04604378376 · manos=ON · pos=LONG 1496@0.05011327 · latido=1.50s
[RANGO] ZKPUSDT_LINEAL last=0.04682 · río=WS · mercado=linear · estado=ACECHANDO · dir=— · 0=0.047 · Oz=— · Red=0.04604378376 · manos=ON · pos=LONG 1496@0.05011327 · latido=1.50s
[RANGO] autosello ZKP · ACECHANDO · Oz=0.0 link=— · manos_feria_informe.json
[RANGO] ZKPUSDT_LINEAL last=0.04682 · río=ciego/muleta · mercado=linear · estado=ACECHANDO · dir=— · 0=0.047 · Oz=— · Red=0.04604378376 · manos=ON · pos=LONG 1496@0.05011327 · latido=1.50s
[RANGO] autosello ZKP · ACECHANDO · Oz=0.0 link=— · manos_feria_informe.json
[RANGO] ZKPUSDT_LINEAL last=0.04682 · río=WS · mercado=linear · estado=ACECHANDO · dir=— · 0=0.047 · Oz=— · Red=0.04604378376 · manos=ON · pos=LONG 1496@0.05011327 · latido=1.50s
[RANGO] ZKPUSDT_LINEAL last=0.04682 · río=ciego/muleta · mercado=linear · estado=ACECHANDO · dir=— · 0=0.047 · Oz=— · Red=0.04604378376 · manos=ON · pos=LONG 1496@0.05011327 · latido=1.50s
[RANGO] autosello ZKP · ACECHANDO · Oz=0.0 link=— · manos_feria_informe.json
[RANGO] ZKPUSDT_LINEAL last=0.04682 · río=WS · mercado=linear · estado=ACECHANDO · dir=— · 0=0.047 · Oz=— · Red=0.04604378376 · manos=ON · pos=LONG 1496@0.05011327 · latido=1.50s
[RANGO] autosello ZKP · ACECHANDO · Oz=0.0 link=— · manos_feria_informe.json
[RANGO] ZKPUSDT_LINEAL last=0.04682 · río=WS · mercado=linear · estado=ACECHANDO · dir=— · 0=0.047 · Oz=— · Red=0.04604378376 · manos=ON · pos=LONG 1496@0.05011327 · latido=1.50s
[RANGO] ZKPUSDT_LINEAL last=0.04687 · río=WS · mercado=linear · estado=ACECHANDO · dir=— · 0=0.047 · Oz=— · Red=0.04604378376 · manos=ON · pos=LONG 1496@0.05011327 · latido=1.50s
[RANGO] autosello ZKP · ACECHANDO · Oz=0.0 link=— · manos_feria_informe.json
[RANGO] ZKPUSDT_LINEAL last=0.04687 · río=ciego/muleta · mercado=linear · estado=ACECHANDO · dir=— · 0=0.047 · Oz=— · Red=0.04604378376 · manos=ON · pos=LONG 1496@0.05011327 · latido=1.50s
[RANGO] autosello ZKP · ACECHANDO · Oz=0.0 link=— · manos_feria_informe.json
[RANGO] ZKPUSDT_LINEAL last=0.04685 · río=WS · mercado=linear · estado=ACECHANDO · dir=— · 0=0.047 · Oz=— · Red=0.04604378376 · manos=ON · pos=LONG 1496@0.05011327 · latido=1.50s
[RANGO] ZKPUSDT_LINEAL last=0.04688 · río=WS · mercado=linear · estado=ACECHANDO · dir=— · 0=0.047 · Oz=— · Red=0.04604378376 · manos=ON · pos=LONG 1496@0.05011327 · latido=1.50s
[RANGO] autosello ZKP · ACECHANDO · Oz=0.0 link=— · manos_feria_informe.json
[RANGO] ZKPUSDT_LINEAL last=0.04687 · río=WS · mercado=linear · estado=ACECHANDO · dir=— · 0=0.047 · Oz=— · Red=0.04604378376 · manos=ON · pos=LONG 1496@0.05011327 · latido=1.50s
[RANGO] autosello ZKP · ACECHANDO · Oz=0.0 link=— · manos_feria_informe.json
[RANGO] ZKPUSDT_LINEAL last=0.04689 · río=WS · mercado=linear · estado=ACECHANDO · dir=— · 0=0.047 · Oz=— · Red=0.04604378376 · manos=ON · pos=LONG 1496@0.05011327 · latido=1.50s
[RANGO] ZKPUSDT_LINEAL last=0.04692 · río=WS · mercado=linear · estado=ACECHANDO · dir=— · 0=0.047 · Oz=— · Red=0.04604378376 · manos=ON · pos=LONG 1496@0.05011327 · latido=1.50s
[RANGO] autosello ZKP · ACECHANDO · Oz=0.0 link=— · manos_feria_informe.json
[RANGO] ZKPUSDT_LINEAL last=0.0469 · río=WS · mercado=linear · estado=ACECHANDO · dir=— · 0=0.047 · Oz=— · Red=0.04604378376 · manos=ON · pos=LONG 1496@0.05011327 · latido=1.50s
[RANGO] autosello ZKP · ACECHANDO · Oz=0.0 link=— · manos_feria_informe.json
[RANGO] ZKPUSDT_LINEAL last=0.0469 · río=ciego/muleta · mercado=linear · estado=ACECHANDO · dir=— · 0=0.047 · Oz=— · Red=0.04604378376 · manos=ON · pos=LONG 1496@0.05011327 · latido=1.50s
[RANGO] autosello ZKP · ACECHANDO · Oz=0.0 link=— · manos_feria_informe.json
[RANGO] ZKPUSDT_LINEAL last=0.0469 · río=ciego/muleta · mercado=linear · estado=ACECHANDO · dir=— · 0=0.047 · Oz=— · Red=0.04604378376 · manos=ON · pos=LONG 1496@0.05011327 · latido=1.50s
[RANGO] ZKPUSDT_LINEAL last=0.0469 · río=WS · mercado=linear · estado=ACECHANDO · dir=— · 0=0.047 · Oz=— · Red=0.04604378376 · manos=ON · pos=LONG 1496@0.05011327 · latido=1.50s
[RANGO] autosello ZKP · ACECHANDO · Oz=0.0 link=— · manos_feria_informe.json
[RANGO] ZKPUSDT_LINEAL last=0.04692 · río=WS · mercado=linear · estado=ACECHANDO · dir=— · 0=0.047 · Oz=— · Red=0.04604378376 · manos=ON · pos=LONG 1496@0.05011327 · latido=1.50s
[RANGO] autosello ZKP · ACECHANDO · Oz=0.0 link=— · manos_feria_informe.json
[RANGO] ZKPUSDT_LINEAL last=0.04692 · río=WS · mercado=linear · estado=ACECHANDO · dir=— · 0=0.047 · Oz=— · Red=0.04604378376 · manos=ON · pos=LONG 1496@0.05011327 · latido=1.50s
[RANGO] ZKPUSDT_LINEAL last=0.04692 · río=WS · mercado=linear · estado=ACECHANDO · dir=— · 0=0.047 · Oz=— · Red=0.04604378376 · manos=ON · pos=LONG 1496@0.05011327 · latido=1.50s
[RANGO] autosello ZKP · ACECHANDO · Oz=0.0 link=— · manos_feria_informe.json
[RANGO] ZKPUSDT_LINEAL last=0.04695 · río=WS · mercado=linear · estado=ACECHANDO · dir=— · 0=0.047 · Oz=— · Red=0.04604378376 · manos=ON · pos=LONG 1496@0.05011327 · latido=1.50s
[RANGO] autosello ZKP · ACECHANDO · Oz=0.0 link=— · manos_feria_informe.json
[RANGO] ZKPUSDT_LINEAL last=0.04694 · río=WS · mercado=linear · estado=ACECHANDO · dir=— · 0=0.047 · Oz=— · Red=0.04604378376 · manos=ON · pos=LONG 1496@0.05011327 · latido=1.50s
[RANGO] ZKPUSDT_LINEAL last=0.04685 · río=WS · mercado=linear · estado=ACECHANDO · dir=— · 0=0.047 · Oz=— · Red=0.04604378376 · manos=ON · pos=LONG 1496@0.05011327 · latido=1.50s
[RANGO] autosello ZKP · ACECHANDO · Oz=0.0 link=— · manos_feria_informe.json
[RANGO] ZKPUSDT_LINEAL last=0.04684 · río=WS · mercado=linear · estado=ACECHANDO · dir=— · 0=0.047 · Oz=— · Red=0.04604378376 · manos=ON · pos=LONG 1496@0.05011327 · latido=1.50s
[RANGO] autosello ZKP · ACECHANDO · Oz=0.0 link=— · manos_feria_informe.json
[RANGO] ZKPUSDT_LINEAL last=0.04687 · río=WS · mercado=linear · estado=ACECHANDO · dir=— · 0=0.047 · Oz=— · Red=0.04604378376 · manos=ON · pos=LONG 1496@0.05011327 · latido=1.50s
[RANGO] ZKPUSDT_LINEAL last=0.04688 · río=ciego/muleta · mercado=linear · estado=ACECHANDO · dir=— · 0=0.047 · Oz=— · Red=0.04604378376 · manos=ON · pos=LONG 1496@0.05011327 · latido=1.50s
[RANGO] autosello ZKP · ACECHANDO · Oz=0.0 link=— · manos_feria_informe.json
[RANGO] ZKPUSDT_LINEAL last=0.04686 · río=WS · mercado=linear · estado=ACECHANDO · dir=— · 0=0.047 · Oz=— · Red=0.04604378376 · manos=ON · pos=LONG 1496@0.05011327 · latido=1.50s
[RANGO] autosello ZKP · ACECHANDO · Oz=0.0 link=— · manos_feria_informe.json
[RANGO] ZKPUSDT_LINEAL last=0.04684 · río=WS · mercado=linear · estado=ACECHANDO · dir=— · 0=0.047 · Oz=— · Red=0.04604378376 · manos=ON · pos=LONG 1496@0.05011327 · latido=1.50s
[RANGO] ZKPUSDT_LINEAL last=0.04684 · río=WS · mercado=linear · estado=ACECHANDO · dir=— · 0=0.047 · Oz=— · Red=0.04604378376 · manos=ON · pos=LONG 1496@0.05011327 · latido=1.50s
[RANGO] autosello ZKP · ACECHANDO · Oz=0.0 link=— · manos_feria_informe.json
[RANGO] ZKPUSDT_LINEAL last=0.04686 · río=WS · mercado=linear · estado=ACECHANDO · dir=— · 0=0.047 · Oz=— · Red=0.04604378376 · manos=ON · pos=LONG 1496@0.05011327 · latido=1.50s
[RANGO] autosello ZKP · ACECHANDO · Oz=0.0 link=— · manos_feria_informe.json
[RANGO] ZKPUSDT_LINEAL last=0.04686 · río=WS · mercado=linear · estado=ACECHANDO · dir=— · 0=0.047 · Oz=— · Red=0.04604378376 · manos=ON · pos=LONG 1496@0.05011327 · latido=1.50s
[RANGO] ZKPUSDT_LINEAL last=0.04686 · río=WS · mercado=linear · estado=ACECHANDO · dir=— · 0=0.047 · Oz=— · Red=0.04604378376 · manos=ON · pos=LONG 1496@0.05011327 · latido=1.50s
[RANGO] autosello ZKP · ACECHANDO · Oz=0.0 link=— · manos_feria_informe.json
[RANGO] ZKPUSDT_LINEAL last=0.04687 · río=WS · mercado=linear · estado=ACECHANDO · dir=— · 0=0.047 · Oz=— · Red=0.04604378376 · manos=ON · pos=LONG 1496@0.05011327 · latido=1.50s
[2026-08-31 13:06:41] [TUSK] RECONCILIACIÓN: FWDIUSDT_LINEAL: interno L:0.000000/S:6.900000 -> real L:0.000000/S:7.700000
[2026-08-31 13:06:41] [TUSK] RECONCILIACIÓN_OK: 1 frentes alineados con exchange
[RANGO] autosello ZKP · ACECHANDO · Oz=0.0 link=— · manos_feria_informe.json
[RANGO] ZKPUSDT_LINEAL last=0.04687 · río=WS · mercado=linear · estado=ACECHANDO · dir=— · 0=0.047 · Oz=— · Red=0.04604378376 · manos=ON · pos=LONG 1496@0.05011327 · latido=1.50s
[RANGO] ZKPUSDT_LINEAL last=0.0469 · río=WS · mercado=linear · estado=ACECHANDO · dir=— · 0=0.047 · Oz=— · Red=0.04604378376 · manos=ON · pos=LONG 1496@0.05011327 · latido=1.50s
[RANGO] autosello ZKP · ACECHANDO · Oz=0.0 link=— · manos_feria_informe.json
[RANGO] ZKPUSDT_LINEAL last=0.04691 · río=WS · mercado=linear · estado=ACECHANDO · dir=— · 0=0.047 · Oz=— · Red=0.04604378376 · manos=ON · pos=LONG 1496@0.05011327 · latido=1.50s
[RANGO] autosello ZKP · ACECHANDO · Oz=0.0 link=— · manos_feria_informe.json
[RANGO] ZKPUSDT_LINEAL last=0.04692 · río=WS · mercado=linear · estado=ACECHANDO · dir=— · 0=0.047 · Oz=— · Red=0.04604378376 · manos=ON · pos=LONG 1496@0.05011327 · latido=1.50s
[RANGO] ZKPUSDT_LINEAL last=0.0469 · río=WS · mercado=linear · estado=ACECHANDO · dir=— · 0=0.047 · Oz=— · Red=0.04604378376 · manos=ON · pos=LONG 1496@0.05011327 · latido=1.50s
[RANGO] autosello ZKP · ACECHANDO · Oz=0.0 link=— · manos_feria_informe.json
[RANGO] ZKPUSDT_LINEAL last=0.04681 · río=WS · mercado=linear · estado=ACECHANDO · dir=— · 0=0.047 · Oz=— · Red=0.04604378376 · manos=ON · pos=LONG 1496@0.05011327 · latido=1.50s
[RANGO] autosello ZKP · ACECHANDO · Oz=0.0 link=— · manos_feria_informe.json
[RANGO] ZKPUSDT_LINEAL last=0.04691 · río=WS · mercado=linear · estado=ACECHANDO · dir=— · 0=0.047 · Oz=— · Red=0.04604378376 · manos=ON · pos=LONG 1496@0.05011327 · latido=1.50s
[RANGO] ZKPUSDT_LINEAL last=0.04689 · río=WS · mercado=linear · estado=ACECHANDO · dir=— · 0=0.047 · Oz=— · Red=0.04604378376 · manos=ON · pos=LONG 1496@0.05011327 · latido=1.50s
[RANGO] autosello ZKP · ACECHANDO · Oz=0.0 link=— · manos_feria_informe.json
[RANGO] ZKPUSDT_LINEAL last=0.04691 · río=WS · mercado=linear · estado=ACECHANDO · dir=— · 0=0.047 · Oz=— · Red=0.04604378376 · manos=ON · pos=LONG 1496@0.05011327 · latido=1.50s
[RANGO] autosello ZKP · ACECHANDO · Oz=0.0 link=— · manos_feria_informe.json
[RANGO] ZKPUSDT_LINEAL last=0.04687 · río=WS · mercado=linear · estado=ACECHANDO · dir=— · 0=0.047 · Oz=— · Red=0.04604378376 · manos=ON · pos=LONG 1496@0.05011327 · latido=1.50s
[RANGO] ZKPUSDT_LINEAL last=0.04687 · río=WS · mercado=linear · estado=ACECHANDO · dir=— · 0=0.047 · Oz=— · Red=0.04604378376 · manos=ON · pos=LONG 1496@0.05011327 · latido=1.50s
[RANGO] autosello ZKP · ACECHANDO · Oz=0.0 link=— · manos_feria_informe.json
[RANGO] ZKPUSDT_LINEAL last=0.04687 · río=WS · mercado=linear · estado=ACECHANDO · dir=— · 0=0.047 · Oz=— · Red=0.04604378376 · manos=ON · pos=LONG 1496@0.05011327 · latido=1.50s
[2026-08-31 13:08:43] [TUSK] RECONCILIACIÓN: DASHUSDT_LINEAL: interno L:0.000000/S:1.160000 -> real L:0.000000/S:0.940000
[2026-08-31 13:08:43] [TUSK] RECONCILIACIÓN_OK: 1 frentes alineados con exchange
[RANGO] autosello ZKP · ACECHANDO · Oz=0.0 link=— · manos_feria_informe.json
[RANGO] ZKPUSDT_LINEAL last=0.04691 · río=WS · mercado=linear · estado=ACECHANDO · dir=— · 0=0.047 · Oz=— · Red=0.04604378376 · manos=ON · pos=LONG 1496@0.05011327 · latido=1.50s
[RANGO] ZKPUSDT_LINEAL last=0.04691 · río=WS · mercado=linear · estado=ACECHANDO · dir=— · 0=0.047 · Oz=— · Red=0.04604378376 · manos=ON · pos=LONG 1496@0.05011327 · latido=1.50s
[RANGO] autosello ZKP · ACECHANDO · Oz=0.0 link=— · manos_feria_informe.json
[RANGO] ZKPUSDT_LINEAL last=0.04691 · río=WS · mercado=linear · estado=ACECHANDO · dir=— · 0=0.047 · Oz=— · Red=0.04604378376 · manos=ON · pos=LONG 1496@0.05011327 · latido=1.50s
[RANGO] autosello ZKP · ACECHANDO · Oz=0.0 link=— · manos_feria_informe.json
[RANGO] ZKPUSDT_LINEAL last=0.04694 · río=WS · mercado=linear · estado=ACECHANDO · dir=— · 0=0.047 · Oz=— · Red=0.04604378376 · manos=ON · pos=LONG 1496@0.05011327 · latido=1.50s
[RANGO] ZKPUSDT_LINEAL last=0.04693 · río=WS · mercado=linear · estado=ACECHANDO · dir=— · 0=0.047 · Oz=— · Red=0.04604378376 · manos=ON · pos=LONG 1496@0.05011327 · latido=1.50s
[RANGO] autosello ZKP · ACECHANDO · Oz=0.0 link=— · manos_feria_informe.json
[RANGO] ZKPUSDT_LINEAL last=0.04693 · río=WS · mercado=linear · estado=ACECHANDO · dir=— · 0=0.047 · Oz=— · Red=0.04604378376 · manos=ON · pos=LONG 1496@0.05011327 · latido=1.50s
[2026-08-31 13:09:44] [TUSK] RECONCILIACIÓN: DASHUSDT_LINEAL: interno L:0.000000/S:0.940000 -> real L:0.000000/S:0.820000
[2026-08-31 13:09:44] [TUSK] RECONCILIACIÓN: WDCUSDT_LINEAL: interno L:0.000000/S:0.000000 -> real L:0.020000/S:0.000000
[2026-08-31 13:09:44] [TUSK] RECONCILIACIÓN_FANTASMA: ESPUSDT_LINEAL existe interno pero no en exchange -> reseteando
[2026-08-31 13:09:44] [TUSK] RECONCILIACIÓN_OK: 3 frentes alineados con exchange
[RANGO] autosello ZKP · ACECHANDO · Oz=0.0 link=— · manos_feria_informe.json
[RANGO] ZKPUSDT_LINEAL last=0.04692 · río=WS · mercado=linear · estado=ACECHANDO · dir=— · 0=0.047 · Oz=— · Red=0.04604378376 · manos=ON · pos=LONG 1496@0.05011327 · latido=1.50s
[RANGO] ZKPUSDT_LINEAL last=0.04692 · río=WS · mercado=linear · estado=ACECHANDO · dir=— · 0=0.047 · Oz=— · Red=0.04604378376 · manos=ON · pos=LONG 1496@0.05011327 · latido=1.50s
[RANGO] autosello ZKP · ACECHANDO · Oz=0.0 link=— · manos_feria_informe.json
[RANGO] ZKPUSDT_LINEAL last=0.04692 · río=WS · mercado=linear · estado=ACECHANDO · dir=— · 0=0.047 · Oz=— · Red=0.04604378376 · manos=ON · pos=LONG 1496@0.05011327 · latido=1.50s
[RANGO] autosello ZKP · ACECHANDO · Oz=0.0 link=— · manos_feria_informe.json
[RANGO] ZKPUSDT_LINEAL last=0.04691 · río=WS · mercado=linear · estado=ACECHANDO · dir=— · 0=0.047 · Oz=— · Red=0.04604378376 · manos=ON · pos=LONG 1496@0.05011327 · latido=1.50s
[RANGO] ZKPUSDT_LINEAL last=0.04693 · río=ciego/muleta · mercado=linear · estado=ACECHANDO · dir=— · 0=0.047 · Oz=— · Red=0.04604378376 · manos=ON · pos=LONG 1496@0.05011327 · latido=1.50s
[RANGO] autosello ZKP · ACECHANDO · Oz=0.0 link=— · manos_feria_informe.json
[RANGO] ZKPUSDT_LINEAL last=0.0469 · río=WS · mercado=linear · estado=ACECHANDO · dir=— · 0=0.047 · Oz=— · Red=0.04604378376 · manos=ON · pos=LONG 1496@0.05011327 · latido=1.50s
[2026-08-31 13:10:46] [TUSK] RECONCILIACIÓN: TERUSDT_LINEAL: interno L:0.000000/S:0.000000 -> real L:0.100000/S:0.000000
[2026-08-31 13:10:46] [TUSK] RECONCILIACIÓN_FANTASMA: PEOPLEUSDT_LINEAL existe interno pero no en exchange -> reseteando
[2026-08-31 13:10:46] [TUSK] RECONCILIACIÓN_OK: 2 frentes alineados con exchange
[RANGO] autosello ZKP · ACECHANDO · Oz=0.0 link=— · manos_feria_informe.json
[RANGO] ZKPUSDT_LINEAL last=0.04689 · río=WS · mercado=linear · estado=ACECHANDO · dir=— · 0=0.047 · Oz=— · Red=0.04604378376 · manos=ON · pos=LONG 1496@0.05011327 · latido=1.50s
[RANGO] ZKPUSDT_LINEAL last=0.0469 · río=ciego/muleta · mercado=linear · estado=ACECHANDO · dir=— · 0=0.047 · Oz=— · Red=0.04604378376 · manos=ON · pos=LONG 1496@0.05011327 · latido=1.50s
[RANGO] autosello ZKP · ACECHANDO · Oz=0.0 link=— · manos_feria_informe.json
[RANGO] ZKPUSDT_LINEAL last=0.04686 · río=WS · mercado=linear · estado=ACECHANDO · dir=— · 0=0.047 · Oz=— · Red=0.04604378376 · manos=ON · pos=LONG 1496@0.05011327 · latido=1.50s
[RANGO] autosello ZKP · ACECHANDO · Oz=0.0 link=— · manos_feria_informe.json
[RANGO] ZKPUSDT_LINEAL last=0.0469 · río=ciego/muleta · mercado=linear · estado=ACECHANDO · dir=— · 0=0.047 · Oz=— · Red=0.04604378376 · manos=ON · pos=LONG 1496@0.05011327 · latido=1.50s
[RANGO] ZKPUSDT_LINEAL last=0.04689 · río=WS · mercado=linear · estado=ACECHANDO · dir=— · 0=0.047 · Oz=— · Red=0.04604378376 · manos=ON · pos=LONG 1496@0.05011327 · latido=1.50s
[RANGO] autosello ZKP · ACECHANDO · Oz=0.0 link=— · manos_feria_informe.json
[RANGO] ZKPUSDT_LINEAL last=0.04685 · río=WS · mercado=linear · estado=ACECHANDO · dir=— · 0=0.047 · Oz=— · Red=0.04604378376 · manos=ON · pos=LONG 1496@0.05011327 · latido=1.50s
[RANGO] autosello ZKP · ACECHANDO · Oz=0.0 link=— · manos_feria_informe.json
[RANGO] ZKPUSDT_LINEAL last=0.0468 · río=WS · mercado=linear · estado=ACECHANDO · dir=— · 0=0.047 · Oz=— · Red=0.04604378376 · manos=ON · pos=LONG 1496@0.05011327 · latido=1.50s
[RANGO] ZKPUSDT_LINEAL last=0.04681 · río=WS · mercado=linear · estado=ACECHANDO · dir=— · 0=0.047 · Oz=— · Red=0.04604378376 · manos=ON · pos=LONG 1496@0.05011327 · latido=1.50s
[RANGO] autosello ZKP · ACECHANDO · Oz=0.0 link=— · manos_feria_informe.json
[RANGO] ZKPUSDT_LINEAL last=0.04681 · río=WS · mercado=linear · estado=ACECHANDO · dir=— · 0=0.047 · Oz=— · Red=0.04604378376 · manos=ON · pos=LONG 1496@0.05011327 · latido=1.50s
[RANGO] autosello ZKP · ACECHANDO · Oz=0.0 link=— · manos_feria_informe.json
[RANGO] ZKPUSDT_LINEAL last=0.04679 · río=WS · mercado=linear · estado=ACECHANDO · dir=— · 0=0.047 · Oz=— · Red=0.04604378376 · manos=ON · pos=LONG 1496@0.05011327 · latido=1.50s
[RANGO] ZKPUSDT_LINEAL last=0.04679 · río=WS · mercado=linear · estado=ACECHANDO · dir=— · 0=0.047 · Oz=— · Red=0.04604378376 · manos=ON · pos=LONG 1496@0.05011327 · latido=1.50s
[RANGO] autosello ZKP · ACECHANDO · Oz=0.0 link=— · manos_feria_informe.json
[RANGO] ZKPUSDT_LINEAL last=0.0468 · río=WS · mercado=linear · estado=ACECHANDO · dir=— · 0=0.047 · Oz=— · Red=0.04604378376 · manos=ON · pos=LONG 1496@0.05011327 · latido=1.50s
[RANGO] autosello ZKP · ACECHANDO · Oz=0.0 link=— · manos_feria_informe.json
[RANGO] ZKPUSDT_LINEAL last=0.04679 · río=WS · mercado=linear · estado=ACECHANDO · dir=— · 0=0.047 · Oz=— · Red=0.04604378376 · manos=ON · pos=LONG 1496@0.05011327 · latido=1.50s
[RANGO] ZKPUSDT_LINEAL last=0.04678 · río=WS · mercado=linear · estado=ACECHANDO · dir=— · 0=0.047 · Oz=— · Red=0.04604378376 · manos=ON · pos=LONG 1496@0.05011327 · latido=1.50s
[RANGO] autosello ZKP · ACECHANDO · Oz=0.0 link=— · manos_feria_informe.json
[RANGO] ZKPUSDT_LINEAL last=0.04682 · río=WS · mercado=linear · estado=ACECHANDO · dir=— · 0=0.047 · Oz=— · Red=0.04604378376 · manos=ON · pos=LONG 1496@0.05011327 · latido=1.50s
[RANGO] autosello ZKP · ACECHANDO · Oz=0.0 link=— · manos_feria_informe.json
[RANGO] ZKPUSDT_LINEAL last=0.04679 · río=WS · mercado=linear · estado=ACECHANDO · dir=— · 0=0.047 · Oz=— · Red=0.04604378376 · manos=ON · pos=LONG 1496@0.05011327 · latido=1.50s
[RANGO] ZKPUSDT_LINEAL last=0.04677 · río=WS · mercado=linear · estado=ACECHANDO · dir=— · 0=0.047 · Oz=— · Red=0.04604378376 · manos=ON · pos=LONG 1496@0.05011327 · latido=1.50s
[RANGO] autosello ZKP · ACECHANDO · Oz=0.0 link=— · manos_feria_informe.json
[RANGO] ZKPUSDT_LINEAL last=0.04677 · río=WS · mercado=linear · estado=ACECHANDO · dir=— · 0=0.047 · Oz=— · Red=0.04604378376 · manos=ON · pos=LONG 1496@0.05011327 · latido=1.50s
[RANGO] autosello ZKP · ACECHANDO · Oz=0.0 link=— · manos_feria_informe.json
[2026-08-31 13:13:49] [TUSK] RECONCILIACIÓN: ONDSUSDT_LINEAL: interno L:0.000000/S:0.000000 -> real L:2.100000/S:0.000000
[2026-08-31 13:13:49] [TUSK] RECONCILIACIÓN_FANTASMA: MRVLUSDT_LINEAL existe interno pero no en exchange -> reseteando
[2026-08-31 13:13:49] [TUSK] RECONCILIACIÓN_OK: 2 frentes alineados con exchange
[RANGO] ZKPUSDT_LINEAL last=0.04677 · río=WS · mercado=linear · estado=ACECHANDO · dir=— · 0=0.047 · Oz=— · Red=0.04604378376 · manos=ON · pos=LONG 1496@0.05011327 · latido=1.50s
[RANGO] ZKPUSDT_LINEAL last=0.04677 · río=WS · mercado=linear · estado=ACECHANDO · dir=— · 0=0.047 · Oz=— · Red=0.04604378376 · manos=ON · pos=LONG 1496@0.05011327 · latido=1.50s
[RANGO] autosello ZKP · ACECHANDO · Oz=0.0 link=— · manos_feria_informe.json
[RANGO] ZKPUSDT_LINEAL last=0.04678 · río=ciego/muleta · mercado=linear · estado=ACECHANDO · dir=— · 0=0.047 · Oz=— · Red=0.04604378376 · manos=ON · pos=LONG 1496@0.05011327 · latido=1.50s
[RANGO] autosello ZKP · ACECHANDO · Oz=0.0 link=— · manos_feria_informe.json
[RANGO] ZKPUSDT_LINEAL last=0.04677 · río=WS · mercado=linear · estado=ACECHANDO · dir=— · 0=0.047 · Oz=— · Red=0.04604378376 · manos=ON · pos=LONG 1496@0.05011327 · latido=1.50s
[RANGO] autosello ZKP · ACECHANDO · Oz=0.0 link=— · manos_feria_informe.json
[RANGO] ZKPUSDT_LINEAL last=0.04676 · río=WS · mercado=linear · estado=ACECHANDO · dir=— · 0=0.047 · Oz=— · Red=0.04604378376 · manos=ON · pos=LONG 1496@0.05011327 · latido=1.50s
[RANGO] ZKPUSDT_LINEAL last=0.04678 · río=ciego/muleta · mercado=linear · estado=ACECHANDO · dir=— · 0=0.047 · Oz=— · Red=0.04604378376 · manos=ON · pos=LONG 1496@0.05011327 · latido=1.50s
[RANGO] autosello ZKP · ACECHANDO · Oz=0.0 link=— · manos_feria_informe.json
[RANGO] ZKPUSDT_LINEAL last=0.04671 · río=WS · mercado=linear · estado=ACECHANDO · dir=— · 0=0.047 · Oz=— · Red=0.04604378376 · manos=ON · pos=LONG 1496@0.05011327 · latido=1.50s
[RANGO] autosello ZKP · ACECHANDO · Oz=0.0 link=— · manos_feria_informe.json
[RANGO] ZKPUSDT_LINEAL last=0.04672 · río=WS · mercado=linear · estado=ACECHANDO · dir=— · 0=0.047 · Oz=— · Red=0.04604378376 · manos=ON · pos=LONG 1496@0.05011327 · latido=1.50s
[RANGO] ZKPUSDT_LINEAL last=0.04673 · río=WS · mercado=linear · estado=ACECHANDO · dir=— · 0=0.047 · Oz=— · Red=0.04604378376 · manos=ON · pos=LONG 1496@0.05011327 · latido=1.50s
[RANGO] autosello ZKP · ACECHANDO · Oz=0.0 link=— · manos_feria_informe.json
[RANGO] ZKPUSDT_LINEAL last=0.04673 · río=WS · mercado=linear · estado=ACECHANDO · dir=— · 0=0.047 · Oz=— · Red=0.04604378376 · manos=ON · pos=LONG 1496@0.05011327 · latido=1.50s
[RANGO] autosello ZKP · ACECHANDO · Oz=0.0 link=— · manos_feria_informe.json
[RANGO] ZKPUSDT_LINEAL last=0.0467 · río=WS · mercado=linear · estado=ACECHANDO · dir=— · 0=0.047 · Oz=— · Red=0.04604378376 · manos=ON · pos=LONG 1496@0.05011327 · latido=1.50s
[RANGO] ZKPUSDT_LINEAL last=0.04669 · río=WS · mercado=linear · estado=ACECHANDO · dir=— · 0=0.047 · Oz=— · Red=0.04604378376 · manos=ON · pos=LONG 1496@0.05011327 · latido=1.50s
[RANGO] autosello ZKP · ACECHANDO · Oz=0.0 link=— · manos_feria_informe.json
[RANGO] ZKPUSDT_LINEAL last=0.0468 · río=WS · mercado=linear · estado=ACECHANDO · dir=— · 0=0.047 · Oz=— · Red=0.04604378376 · manos=ON · pos=LONG 1496@0.05011327 · latido=1.50s
[RANGO] autosello ZKP · ACECHANDO · Oz=0.0 link=— · manos_feria_informe.json
[RANGO] ZKPUSDT_LINEAL last=0.04671 · río=WS · mercado=linear · estado=ACECHANDO · dir=— · 0=0.047 · Oz=— · Red=0.04604378376 · manos=ON · pos=LONG 1496@0.05011327 · latido=1.50s
[RANGO] ZKPUSDT_LINEAL last=0.04667 · río=WS · mercado=linear · estado=ACECHANDO · dir=— · 0=0.047 · Oz=— · Red=0.04604378376 · manos=ON · pos=LONG 1496@0.05011327 · latido=1.50s
[RANGO] autosello ZKP · ACECHANDO · Oz=0.0 link=— · manos_feria_informe.json
[RANGO] ZKPUSDT_LINEAL last=0.04668 · río=WS · mercado=linear · estado=ACECHANDO · dir=— · 0=0.047 · Oz=— · Red=0.04604378376 · manos=ON · pos=LONG 1496@0.05011327 · latido=1.50s
[RANGO] autosello ZKP · ACECHANDO · Oz=0.0 link=— · manos_feria_informe.json
[RANGO] ZKPUSDT_LINEAL last=0.0467 · río=WS · mercado=linear · estado=ACECHANDO · dir=— · 0=0.047 · Oz=— · Red=0.04604378376 · manos=ON · pos=LONG 1496@0.05011327 · latido=1.50s
[RANGO] ZKPUSDT_LINEAL last=0.04671 · río=WS · mercado=linear · estado=ACECHANDO · dir=— · 0=0.047 · Oz=— · Red=0.04604378376 · manos=ON · pos=LONG 1496@0.05011327 · latido=1.50s
[RANGO] autosello ZKP · ACECHANDO · Oz=0.0 link=— · manos_feria_informe.json
[RANGO] ZKPUSDT_LINEAL last=0.04671 · río=WS · mercado=linear · estado=ACECHANDO · dir=— · 0=0.047 · Oz=— · Red=0.04604378376 · manos=ON · pos=LONG 1496@0.05011327 · latido=1.50s
[RANGO] autosello ZKP · ACECHANDO · Oz=0.0 link=— · manos_feria_informe.json
[RANGO] ZKPUSDT_LINEAL last=0.04671 · río=WS · mercado=linear · estado=ACECHANDO · dir=— · 0=0.047 · Oz=— · Red=0.04604378376 · manos=ON · pos=LONG 1496@0.05011327 · latido=1.50s
[RANGO] ZKPUSDT_LINEAL last=0.04671 · río=WS · mercado=linear · estado=ACECHANDO · dir=— · 0=0.047 · Oz=— · Red=0.04604378376 · manos=ON · pos=LONG 1496@0.05011327 · latido=1.50s
[RANGO] autosello ZKP · ACECHANDO · Oz=0.0 link=— · manos_feria_informe.json
[RANGO] ZKPUSDT_LINEAL last=0.0467 · río=WS · mercado=linear · estado=ACECHANDO · dir=— · 0=0.047 · Oz=— · Red=0.04604378376 · manos=ON · pos=LONG 1496@0.05011327 · latido=1.50s
[RANGO] autosello ZKP · ACECHANDO · Oz=0.0 link=— · manos_feria_informe.json
[RANGO] ZKPUSDT_LINEAL last=0.04672 · río=WS · mercado=linear · estado=ACECHANDO · dir=— · 0=0.047 · Oz=— · Red=0.04604378376 · manos=ON · pos=LONG 1496@0.05011327 · latido=1.50s
[RANGO] ZKPUSDT_LINEAL last=0.04672 · río=WS · mercado=linear · estado=ACECHANDO · dir=— · 0=0.047 · Oz=— · Red=0.04604378376 · manos=ON · pos=LONG 1496@0.05011327 · latido=1.50s
[RANGO] autosello ZKP · ACECHANDO · Oz=0.0 link=— · manos_feria_informe.json
[RANGO] ZKPUSDT_LINEAL last=0.0467 · río=WS · mercado=linear · estado=ACECHANDO · dir=— · 0=0.047 · Oz=— · Red=0.04604378376 · manos=ON · pos=LONG 1496@0.05011327 · latido=1.50s
[RANGO] autosello ZKP · ACECHANDO · Oz=0.0 link=— · manos_feria_informe.json
[RANGO] ZKPUSDT_LINEAL last=0.0467 · río=WS · mercado=linear · estado=ACECHANDO · dir=— · 0=0.047 · Oz=— · Red=0.04604378376 · manos=ON · pos=LONG 1496@0.05011327 · latido=1.50s
[RANGO] ZKPUSDT_LINEAL last=0.04668 · río=WS · mercado=linear · estado=ACECHANDO · dir=— · 0=0.047 · Oz=— · Red=0.04604378376 · manos=ON · pos=LONG 1496@0.05011327 · latido=1.50s
[RANGO] autosello ZKP · ACECHANDO · Oz=0.0 link=— · manos_feria_informe.json
[RANGO] ZKPUSDT_LINEAL last=0.04669 · río=WS · mercado=linear · estado=ACECHANDO · dir=— · 0=0.047 · Oz=— · Red=0.04604378376 · manos=ON · pos=LONG 1496@0.05011327 · latido=1.50s
[RANGO] autosello ZKP · ACECHANDO · Oz=0.0 link=— · manos_feria_informe.json
[RANGO] ZKPUSDT_LINEAL last=0.04667 · río=ciego/muleta · mercado=linear · estado=ACECHANDO · dir=— · 0=0.047 · Oz=— · Red=0.04604378376 · manos=ON · pos=LONG 1496@0.05011327 · latido=1.50s
[RANGO] ZKPUSDT_LINEAL last=0.04665 · río=WS · mercado=linear · estado=ACECHANDO · dir=— · 0=0.047 · Oz=— · Red=0.04604378376 · manos=ON · pos=LONG 1496@0.05011327 · latido=1.50s
[RANGO] autosello ZKP · ACECHANDO · Oz=0.0 link=— · manos_feria_informe.json
[RANGO] ZKPUSDT_LINEAL last=0.04664 · río=ciego/muleta · mercado=linear · estado=ACECHANDO · dir=— · 0=0.047 · Oz=— · Red=0.04604378376 · manos=ON · pos=LONG 1496@0.05011327 · latido=1.50s
[RANGO] autosello ZKP · ACECHANDO · Oz=0.0 link=— · manos_feria_informe.json
[RANGO] ZKPUSDT_LINEAL last=0.04664 · río=WS · mercado=linear · estado=ACECHANDO · dir=— · 0=0.047 · Oz=— · Red=0.04604378376 · manos=ON · pos=LONG 1496@0.05011327 · latido=1.50s
[RANGO] ZKPUSDT_LINEAL last=0.04666 · río=WS · mercado=linear · estado=ACECHANDO · dir=— · 0=0.047 · Oz=— · Red=0.04604378376 · manos=ON · pos=LONG 1496@0.05011327 · latido=1.50s
[RANGO] autosello ZKP · ACECHANDO · Oz=0.0 link=— · manos_feria_informe.json
[RANGO] ZKPUSDT_LINEAL last=0.04665 · río=WS · mercado=linear · estado=ACECHANDO · dir=— · 0=0.047 · Oz=— · Red=0.04604378376 · manos=ON · pos=LONG 1496@0.05011327 · latido=1.50s
[RANGO] autosello ZKP · ACECHANDO · Oz=0.0 link=— · manos_feria_informe.json
[RANGO] ZKPUSDT_LINEAL last=0.04665 · río=WS · mercado=linear · estado=ACECHANDO · dir=— · 0=0.047 · Oz=— · Red=0.04604378376 · manos=ON · pos=LONG 1496@0.05011327 · latido=1.50s
[RANGO] ZKPUSDT_LINEAL last=0.04662 · río=WS · mercado=linear · estado=ACECHANDO · dir=— · 0=0.047 · Oz=— · Red=0.04604378376 · manos=ON · pos=LONG 1496@0.05011327 · latido=1.50s
[RANGO] autosello ZKP · ACECHANDO · Oz=0.0 link=— · manos_feria_informe.json
[RANGO] ZKPUSDT_LINEAL last=0.04667 · río=WS · mercado=linear · estado=ACECHANDO · dir=— · 0=0.047 · Oz=— · Red=0.04604378376 · manos=ON · pos=LONG 1496@0.05011327 · latido=1.50s
[RANGO] autosello ZKP · ACECHANDO · Oz=0.0 link=— · manos_feria_informe.json
[RANGO] ZKPUSDT_LINEAL last=0.04661 · río=WS · mercado=linear · estado=ACECHANDO · dir=— · 0=0.047 · Oz=— · Red=0.04604378376 · manos=ON · pos=LONG 1496@0.05011327 · latido=1.50s
[RANGO] ZKPUSDT_LINEAL last=0.0466 · río=ciego/muleta · mercado=linear · estado=ACECHANDO · dir=— · 0=0.047 · Oz=— · Red=0.04604378376 · manos=ON · pos=LONG 1496@0.05011327 · latido=1.50s
[RANGO] autosello ZKP · ACECHANDO · Oz=0.0 link=— · manos_feria_informe.json
[RANGO] ZKPUSDT_LINEAL last=0.04659 · río=WS · mercado=linear · estado=ACECHANDO · dir=— · 0=0.047 · Oz=— · Red=0.04604378376 · manos=ON · pos=LONG 1496@0.05011327 · latido=1.50s
[RANGO] autosello ZKP · ACECHANDO · Oz=0.0 link=— · manos_feria_informe.json
[RANGO] ZKPUSDT_LINEAL last=0.04659 · río=WS · mercado=linear · estado=ACECHANDO · dir=— · 0=0.047 · Oz=— · Red=0.04604378376 · manos=ON · pos=LONG 1496@0.05011327 · latido=1.50s
[RANGO] ZKPUSDT_LINEAL last=0.04657 · río=WS · mercado=linear · estado=ACECHANDO · dir=— · 0=0.047 · Oz=— · Red=0.04604378376 · manos=ON · pos=LONG 1496@0.05011327 · latido=1.50s
[RANGO] autosello ZKP · ACECHANDO · Oz=0.0 link=— · manos_feria_informe.json
[RANGO] ZKPUSDT_LINEAL last=0.04659 · río=WS · mercado=linear · estado=ACECHANDO · dir=— · 0=0.047 · Oz=— · Red=0.04604378376 · manos=ON · pos=LONG 1496@0.05011327 · latido=1.50s
[RANGO] autosello ZKP · ACECHANDO · Oz=0.0 link=— · manos_feria_informe.json
[RANGO] ZKPUSDT_LINEAL last=0.04662 · río=WS · mercado=linear · estado=ACECHANDO · dir=— · 0=0.047 · Oz=— · Red=0.04604378376 · manos=ON · pos=LONG 1496@0.05011327 · latido=1.50s
[RANGO] ZKPUSDT_LINEAL last=0.04659 · río=ciego/muleta · mercado=linear · estado=ACECHANDO · dir=— · 0=0.047 · Oz=— · Red=0.04604378376 · manos=ON · pos=LONG 1496@0.05011327 · latido=1.50s
[RANGO] autosello ZKP · ACECHANDO · Oz=0.0 link=— · manos_feria_informe.json
[RANGO] ZKPUSDT_LINEAL last=0.04659 · río=ciego/muleta · mercado=linear · estado=ACECHANDO · dir=— · 0=0.047 · Oz=— · Red=0.04604378376 · manos=ON · pos=LONG 1496@0.05011327 · latido=1.50s
[RANGO] autosello ZKP · ACECHANDO · Oz=0.0 link=— · manos_feria_informe.json
[RANGO] ZKPUSDT_LINEAL last=0.04658 · río=WS · mercado=linear · estado=ACECHANDO · dir=— · 0=0.047 · Oz=— · Red=0.04604378376 · manos=ON · pos=LONG 1496@0.05011327 · latido=1.50s
[RANGO] autosello ZKP · ACECHANDO · Oz=0.0 link=— · manos_feria_informe.json
[RANGO] ZKPUSDT_LINEAL last=0.04659 · río=WS · mercado=linear · estado=ACECHANDO · dir=— · 0=0.047 · Oz=— · Red=0.04604378376 · manos=ON · pos=LONG 1496@0.05011327 · latido=1.50s
[RANGO] ZKPUSDT_LINEAL last=0.04656 · río=WS · mercado=linear · estado=ACECHANDO · dir=— · 0=0.047 · Oz=— · Red=0.04604378376 · manos=ON · pos=LONG 1496@0.05011327 · latido=1.50s
[RANGO] autosello ZKP · ACECHANDO · Oz=0.0 link=— · manos_feria_informe.json
[RANGO] ZKPUSDT_LINEAL last=0.04656 · río=ciego/muleta · mercado=linear · estado=ACECHANDO · dir=— · 0=0.047 · Oz=— · Red=0.04604378376 · manos=ON · pos=LONG 1496@0.05011327 · latido=1.50s
[RANGO] autosello ZKP · ACECHANDO · Oz=0.0 link=— · manos_feria_informe.json
[RANGO] ZKPUSDT_LINEAL last=0.04656 · río=WS · mercado=linear · estado=ACECHANDO · dir=— · 0=0.047 · Oz=— · Red=0.04604378376 · manos=ON · pos=LONG 1496@0.05011327 · latido=1.50s
[RANGO] ZKPUSDT_LINEAL last=0.04659 · río=WS · mercado=linear · estado=ACECHANDO · dir=— · 0=0.047 · Oz=— · Red=0.04604378376 · manos=ON · pos=LONG 1496@0.05011327 · latido=1.50s
[RANGO] autosello ZKP · ACECHANDO · Oz=0.0 link=— · manos_feria_informe.json
[RANGO] ZKPUSDT_LINEAL last=0.04658 · río=WS · mercado=linear · estado=ACECHANDO · dir=— · 0=0.047 · Oz=— · Red=0.04604378376 · manos=ON · pos=LONG 1496@0.05011327 · latido=1.50s
[RANGO] autosello ZKP · ACECHANDO · Oz=0.0 link=— · manos_feria_informe.json
[RANGO] ZKPUSDT_LINEAL last=0.04655 · río=WS · mercado=linear · estado=ACECHANDO · dir=— · 0=0.047 · Oz=— · Red=0.04604378376 · manos=ON · pos=LONG 1496@0.05011327 · latido=1.50s
[RANGO] ZKPUSDT_LINEAL last=0.04655 · río=WS · mercado=linear · estado=ACECHANDO · dir=— · 0=0.047 · Oz=— · Red=0.04604378376 · manos=ON · pos=LONG 1496@0.05011327 · latido=1.50s
[RANGO] autosello ZKP · ACECHANDO · Oz=0.0 link=— · manos_feria_informe.json
[RANGO] ZKPUSDT_LINEAL last=0.04655 · río=WS · mercado=linear · estado=ACECHANDO · dir=— · 0=0.047 · Oz=— · Red=0.04604378376 · manos=ON · pos=LONG 1496@0.05011327 · latido=1.50s
[RANGO] autosello ZKP · ACECHANDO · Oz=0.0 link=— · manos_feria_informe.json
[RANGO] ZKPUSDT_LINEAL last=0.04655 · río=WS · mercado=linear · estado=ACECHANDO · dir=— · 0=0.047 · Oz=— · Red=0.04604378376 · manos=ON · pos=LONG 1496@0.05011327 · latido=1.50s
[RANGO] ZKPUSDT_LINEAL last=0.04656 · río=WS · mercado=linear · estado=ACECHANDO · dir=— · 0=0.047 · Oz=— · Red=0.04604378376 · manos=ON · pos=LONG 1496@0.05011327 · latido=1.50s
[RANGO] autosello ZKP · ACECHANDO · Oz=0.0 link=— · manos_feria_informe.json
[RANGO] ZKPUSDT_LINEAL last=0.04653 · río=WS · mercado=linear · estado=ACECHANDO · dir=— · 0=0.047 · Oz=— · Red=0.04604378376 · manos=ON · pos=LONG 1496@0.05011327 · latido=1.50s
[RANGO] autosello ZKP · ACECHANDO · Oz=0.0 link=— · manos_feria_informe.json
[RANGO] ZKPUSDT_LINEAL last=0.04651 · río=WS · mercado=linear · estado=ACECHANDO · dir=— · 0=0.047 · Oz=— · Red=0.04604378376 · manos=ON · pos=LONG 1496@0.05011327 · latido=1.50s
[RANGO] ZKPUSDT_LINEAL last=0.04631 · río=WS · mercado=linear · estado=ACECHANDO · dir=— · 0=0.047 · Oz=— · Red=0.04604378376 · manos=ON · pos=LONG 1496@0.05011327 · latido=1.50s
[RANGO] autosello ZKP · ACECHANDO · Oz=0.0 link=— · manos_feria_informe.json
[RANGO] ZKPUSDT_LINEAL last=0.04626 · río=WS · mercado=linear · estado=ACECHANDO · dir=— · 0=0.047 · Oz=— · Red=0.04604378376 · manos=ON · pos=LONG 1496@0.05011327 · latido=1.50s
[RANGO] autosello ZKP · ACECHANDO · Oz=0.0 link=— · manos_feria_informe.json
[RANGO] ZKPUSDT_LINEAL last=0.0463 · río=WS · mercado=linear · estado=ACECHANDO · dir=— · 0=0.047 · Oz=— · Red=0.04604378376 · manos=ON · pos=LONG 1496@0.05011327 · latido=1.50s
[RANGO] ZKPUSDT_LINEAL last=0.04631 · río=WS · mercado=linear · estado=ACECHANDO · dir=— · 0=0.047 · Oz=— · Red=0.04604378376 · manos=ON · pos=LONG 1496@0.05011327 · latido=1.50s
[RANGO] autosello ZKP · ACECHANDO · Oz=0.0 link=— · manos_feria_informe.json
[RANGO] ZKPUSDT_LINEAL last=0.04632 · río=WS · mercado=linear · estado=ACECHANDO · dir=— · 0=0.047 · Oz=— · Red=0.04604378376 · manos=ON · pos=LONG 1496@0.05011327 · latido=1.50s
[RANGO] autosello ZKP · ACECHANDO · Oz=0.0 link=— · manos_feria_informe.json
[RANGO] ZKPUSDT_LINEAL last=0.04631 · río=WS · mercado=linear · estado=ACECHANDO · dir=— · 0=0.047 · Oz=— · Red=0.04604378376 · manos=ON · pos=LONG 1496@0.05011327 · latido=1.50s
[RANGO] ZKPUSDT_LINEAL last=0.04634 · río=WS · mercado=linear · estado=ACECHANDO · dir=— · 0=0.047 · Oz=— · Red=0.04604378376 · manos=ON · pos=LONG 1496@0.05011327 · latido=1.50s
[RANGO] autosello ZKP · ACECHANDO · Oz=0.0 link=— · manos_feria_informe.json
[RANGO] ZKPUSDT_LINEAL last=0.0463 · río=WS · mercado=linear · estado=ACECHANDO · dir=— · 0=0.047 · Oz=— · Red=0.04604378376 · manos=ON · pos=LONG 1496@0.05011327 · latido=1.50s
[RANGO] autosello ZKP · ACECHANDO · Oz=0.0 link=— · manos_feria_informe.json
[RANGO] ZKPUSDT_LINEAL last=0.04627 · río=WS · mercado=linear · estado=ACECHANDO · dir=— · 0=0.047 · Oz=— · Red=0.04604378376 · manos=ON · pos=LONG 1496@0.05011327 · latido=1.50s
[RANGO] ZKPUSDT_LINEAL last=0.04626 · río=WS · mercado=linear · estado=ACECHANDO · dir=— · 0=0.047 · Oz=— · Red=0.04604378376 · manos=ON · pos=LONG 1496@0.05011327 · latido=1.50s
[RANGO] autosello ZKP · ACECHANDO · Oz=0.0 link=— · manos_feria_informe.json
[RANGO] ZKPUSDT_LINEAL last=0.04627 · río=WS · mercado=linear · estado=ACECHANDO · dir=— · 0=0.047 · Oz=— · Red=0.04604378376 · manos=ON · pos=LONG 1496@0.05011327 · latido=1.50s
[RANGO] autosello ZKP · ACECHANDO · Oz=0.0 link=— · manos_feria_informe.json
[RANGO] ZKPUSDT_LINEAL last=0.04627 · río=WS · mercado=linear · estado=ACECHANDO · dir=— · 0=0.047 · Oz=— · Red=0.04604378376 · manos=ON · pos=LONG 1496@0.05011327 · latido=1.50s
[RANGO] ZKPUSDT_LINEAL last=0.04629 · río=WS · mercado=linear · estado=ACECHANDO · dir=— · 0=0.047 · Oz=— · Red=0.04604378376 · manos=ON · pos=LONG 1496@0.05011327 · latido=1.50s
[RANGO] autosello ZKP · ACECHANDO · Oz=0.0 link=— · manos_feria_informe.json
[2026-08-31 13:26:04] [TUSK] RECONCILIACIÓN: FWDIUSDT_LINEAL: interno L:0.000000/S:7.700000 -> real L:0.000000/S:8.500000
[2026-08-31 13:26:04] [TUSK] RECONCILIACIÓN_OK: 1 frentes alineados con exchange
[RANGO] ZKPUSDT_LINEAL last=0.04621 · río=WS · mercado=linear · estado=ACECHANDO · dir=— · 0=0.047 · Oz=— · Red=0.04604378376 · manos=ON · pos=LONG 1496@0.05011327 · latido=1.50s
[RANGO] autosello ZKP · ACECHANDO · Oz=0.0 link=— · manos_feria_informe.json
[RANGO] ZKPUSDT_LINEAL last=0.04624 · río=WS · mercado=linear · estado=ACECHANDO · dir=— · 0=0.047 · Oz=— · Red=0.04604378376 · manos=ON · pos=LONG 1496@0.05011327 · latido=1.50s
[RANGO] ZKPUSDT_LINEAL last=0.04625 · río=WS · mercado=linear · estado=ACECHANDO · dir=— · 0=0.047 · Oz=— · Red=0.04604378376 · manos=ON · pos=LONG 1496@0.05011327 · latido=1.50s
[RANGO] autosello ZKP · ACECHANDO · Oz=0.0 link=— · manos_feria_informe.json
[RANGO] ZKPUSDT_LINEAL last=0.04624 · río=WS · mercado=linear · estado=ACECHANDO · dir=— · 0=0.047 · Oz=— · Red=0.04604378376 · manos=ON · pos=LONG 1496@0.05011327 · latido=1.50s
[RANGO] autosello ZKP · ACECHANDO · Oz=0.0 link=— · manos_feria_informe.json
[RANGO] ZKPUSDT_LINEAL last=0.04622 · río=WS · mercado=linear · estado=ACECHANDO · dir=— · 0=0.047 · Oz=— · Red=0.04604378376 · manos=ON · pos=LONG 1496@0.05011327 · latido=1.50s
[RANGO] ZKPUSDT_LINEAL last=0.04622 · río=WS · mercado=linear · estado=ACECHANDO · dir=— · 0=0.047 · Oz=— · Red=0.04604378376 · manos=ON · pos=LONG 1496@0.05011327 · latido=1.50s
[RANGO] autosello ZKP · ACECHANDO · Oz=0.0 link=— · manos_feria_informe.json
[2026-08-31 13:27:06] [TUSK] RECONCILIACIÓN: CRVUSDT_LINEAL: interno L:0.000000/S:46.100000 -> real L:0.000000/S:61.700000
[2026-08-31 13:27:06] [TUSK] RECONCILIACIÓN_OK: 1 frentes alineados con exchange
[RANGO] ZKPUSDT_LINEAL last=0.04625 · río=WS · mercado=linear · estado=ACECHANDO · dir=— · 0=0.047 · Oz=— · Red=0.04604378376 · manos=ON · pos=LONG 1496@0.05011327 · latido=1.50s
[RANGO] autosello ZKP · ACECHANDO · Oz=0.0 link=— · manos_feria_informe.json
[RANGO] ZKPUSDT_LINEAL last=0.04624 · río=WS · mercado=linear · estado=ACECHANDO · dir=— · 0=0.047 · Oz=— · Red=0.04604378376 · manos=ON · pos=LONG 1496@0.05011327 · latido=1.50s
[RANGO] ZKPUSDT_LINEAL last=0.04624 · río=WS · mercado=linear · estado=ACECHANDO · dir=— · 0=0.047 · Oz=— · Red=0.04604378376 · manos=ON · pos=LONG 1496@0.05011327 · latido=1.50s
[RANGO] autosello ZKP · ACECHANDO · Oz=0.0 link=— · manos_feria_informe.json
[RANGO] ZKPUSDT_LINEAL last=0.0462 · río=WS · mercado=linear · estado=ACECHANDO · dir=— · 0=0.047 · Oz=— · Red=0.04604378376 · manos=ON · pos=LONG 1496@0.05011327 · latido=1.50s
[RANGO] autosello ZKP · ACECHANDO · Oz=0.0 link=— · manos_feria_informe.json
[RANGO] ZKPUSDT_LINEAL last=0.04622 · río=WS · mercado=linear · estado=ACECHANDO · dir=— · 0=0.047 · Oz=— · Red=0.04604378376 · manos=ON · pos=LONG 1496@0.05011327 · latido=1.50s
[RANGO] ZKPUSDT_LINEAL last=0.04621 · río=WS · mercado=linear · estado=ACECHANDO · dir=— · 0=0.047 · Oz=— · Red=0.04604378376 · manos=ON · pos=LONG 1496@0.05011327 · latido=1.50s
[RANGO] autosello ZKP · ACECHANDO · Oz=0.0 link=— · manos_feria_informe.json
[RANGO] ZKPUSDT_LINEAL last=0.04624 · río=WS · mercado=linear · estado=ACECHANDO · dir=— · 0=0.047 · Oz=— · Red=0.04604378376 · manos=ON · pos=LONG 1496@0.05011327 · latido=1.50s
[RANGO] autosello ZKP · ACECHANDO · Oz=0.0 link=— · manos_feria_informe.json
[RANGO] ZKPUSDT_LINEAL last=0.04625 · río=WS · mercado=linear · estado=ACECHANDO · dir=— · 0=0.047 · Oz=— · Red=0.04604378376 · manos=ON · pos=LONG 1496@0.05011327 · latido=1.50s
[RANGO] ZKPUSDT_LINEAL last=0.04622 · río=WS · mercado=linear · estado=ACECHANDO · dir=— · 0=0.047 · Oz=— · Red=0.04604378376 · manos=ON · pos=LONG 1496@0.05011327 · latido=1.50s
[RANGO] autosello ZKP · ACECHANDO · Oz=0.0 link=— · manos_feria_informe.json
[RANGO] ZKPUSDT_LINEAL last=0.0463 · río=WS · mercado=linear · estado=ACECHANDO · dir=— · 0=0.047 · Oz=— · Red=0.04604378376 · manos=ON · pos=LONG 1496@0.05011327 · latido=1.50s
[RANGO] autosello ZKP · ACECHANDO · Oz=0.0 link=— · manos_feria_informe.json
[RANGO] ZKPUSDT_LINEAL last=0.04628 · río=WS · mercado=linear · estado=ACECHANDO · dir=— · 0=0.047 · Oz=— · Red=0.04604378376 · manos=ON · pos=LONG 1496@0.05011327 · latido=1.50s
[RANGO] ZKPUSDT_LINEAL last=0.0463 · río=WS · mercado=linear · estado=ACECHANDO · dir=— · 0=0.047 · Oz=— · Red=0.04604378376 · manos=ON · pos=LONG 1496@0.05011327 · latido=1.50s
[RANGO] autosello ZKP · ACECHANDO · Oz=0.0 link=— · manos_feria_informe.json
[RANGO] ZKPUSDT_LINEAL last=0.0463 · río=WS · mercado=linear · estado=ACECHANDO · dir=— · 0=0.047 · Oz=— · Red=0.04604378376 · manos=ON · pos=LONG 1496@0.05011327 · latido=1.50s
[RANGO] autosello ZKP · ACECHANDO · Oz=0.0 link=— · manos_feria_informe.json
[RANGO] ZKPUSDT_LINEAL last=0.04629 · río=WS · mercado=linear · estado=ACECHANDO · dir=— · 0=0.047 · Oz=— · Red=0.04604378376 · manos=ON · pos=LONG 1496@0.05011327 · latido=1.50s
[RANGO] ZKPUSDT_LINEAL last=0.04629 · río=WS · mercado=linear · estado=ACECHANDO · dir=— · 0=0.047 · Oz=— · Red=0.04604378376 · manos=ON · pos=LONG 1496@0.05011327 · latido=1.50s
[RANGO] autosello ZKP · ACECHANDO · Oz=0.0 link=— · manos_feria_informe.json
[RANGO] ZKPUSDT_LINEAL last=0.04627 · río=WS · mercado=linear · estado=ACECHANDO · dir=— · 0=0.047 · Oz=— · Red=0.04604378376 · manos=ON · pos=LONG 1496@0.05011327 · latido=1.50s
[RANGO] autosello ZKP · ACECHANDO · Oz=0.0 link=— · manos_feria_informe.json
[RANGO] ZKPUSDT_LINEAL last=0.04627 · río=ciego/muleta · mercado=linear · estado=ACECHANDO · dir=— · 0=0.047 · Oz=— · Red=0.04604378376 · manos=ON · pos=LONG 1496@0.05011327 · latido=1.50s
[RANGO] ZKPUSDT_LINEAL last=0.04627 · río=WS · mercado=linear · estado=ACECHANDO · dir=— · 0=0.047 · Oz=— · Red=0.04604378376 · manos=ON · pos=LONG 1496@0.05011327 · latido=1.50s
[RANGO] autosello ZKP · ACECHANDO · Oz=0.0 link=— · manos_feria_informe.json
[RANGO] ZKPUSDT_LINEAL last=0.04626 · río=WS · mercado=linear · estado=ACECHANDO · dir=— · 0=0.047 · Oz=— · Red=0.04604378376 · manos=ON · pos=LONG 1496@0.05011327 · latido=1.50s
[RANGO] autosello ZKP · ACECHANDO · Oz=0.0 link=— · manos_feria_informe.json
[RANGO] ZKPUSDT_LINEAL last=0.04625 · río=WS · mercado=linear · estado=ACECHANDO · dir=— · 0=0.047 · Oz=— · Red=0.04604378376 · manos=ON · pos=LONG 1496@0.05011327 · latido=1.50s
[RANGO] ZKPUSDT_LINEAL last=0.04626 · río=WS · mercado=linear · estado=ACECHANDO · dir=— · 0=0.047 · Oz=— · Red=0.04604378376 · manos=ON · pos=LONG 1496@0.05011327 · latido=1.50s
[RANGO] autosello ZKP · ACECHANDO · Oz=0.0 link=— · manos_feria_informe.json
[RANGO] ZKPUSDT_LINEAL last=0.04627 · río=ciego/muleta · mercado=linear · estado=ACECHANDO · dir=— · 0=0.047 · Oz=— · Red=0.04604378376 · manos=ON · pos=LONG 1496@0.05011327 · latido=1.50s
[RANGO] autosello ZKP · ACECHANDO · Oz=0.0 link=— · manos_feria_informe.json
[RANGO] ZKPUSDT_LINEAL last=0.04626 · río=ciego/muleta · mercado=linear · estado=ACECHANDO · dir=— · 0=0.047 · Oz=— · Red=0.04604378376 · manos=ON · pos=LONG 1496@0.05011327 · latido=1.50s
[RANGO] ZKPUSDT_LINEAL last=0.04627 · río=WS · mercado=linear · estado=ACECHANDO · dir=— · 0=0.047 · Oz=— · Red=0.04604378376 · manos=ON · pos=LONG 1496@0.05011327 · latido=1.50s
[RANGO] autosello ZKP · ACECHANDO · Oz=0.0 link=— · manos_feria_informe.json
[RANGO] ZKPUSDT_LINEAL last=0.04624 · río=WS · mercado=linear · estado=ACECHANDO · dir=— · 0=0.047 · Oz=— · Red=0.04604378376 · manos=ON · pos=LONG 1496@0.05011327 · latido=1.50s
[RANGO] autosello ZKP · ACECHANDO · Oz=0.0 link=— · manos_feria_informe.json
[RANGO] ZKPUSDT_LINEAL last=0.0462 · río=WS · mercado=linear · estado=ACECHANDO · dir=— · 0=0.047 · Oz=— · Red=0.04604378376 · manos=ON · pos=LONG 1496@0.05011327 · latido=1.50s
[RANGO] ZKPUSDT_LINEAL last=0.04622 · río=ciego/muleta · mercado=linear · estado=ACECHANDO · dir=— · 0=0.047 · Oz=— · Red=0.04604378376 · manos=ON · pos=LONG 1496@0.05011327 · latido=1.50s
[RANGO] autosello ZKP · ACECHANDO · Oz=0.0 link=— · manos_feria_informe.json
[RANGO] ZKPUSDT_LINEAL last=0.04622 · río=WS · mercado=linear · estado=ACECHANDO · dir=— · 0=0.047 · Oz=— · Red=0.04604378376 · manos=ON · pos=LONG 1496@0.05011327 · latido=1.50s
[RANGO] autosello ZKP · ACECHANDO · Oz=0.0 link=— · manos_feria_informe.json
[RANGO] ZKPUSDT_LINEAL last=0.04622 · río=ciego/muleta · mercado=linear · estado=ACECHANDO · dir=— · 0=0.047 · Oz=— · Red=0.04604378376 · manos=ON · pos=LONG 1496@0.05011327 · latido=1.50s
[RANGO] autosello ZKP · ACECHANDO · Oz=0.0 link=— · manos_feria_informe.json
[RANGO] ZKPUSDT_LINEAL last=0.04622 · río=WS · mercado=linear · estado=ACECHANDO · dir=— · 0=0.047 · Oz=— · Red=0.04604378376 · manos=ON · pos=LONG 1496@0.05011327 · latido=1.50s
[RANGO] ZKPUSDT_LINEAL last=0.04621 · río=WS · mercado=linear · estado=ACECHANDO · dir=— · 0=0.047 · Oz=— · Red=0.04604378376 · manos=ON · pos=LONG 1496@0.05011327 · latido=1.50s
[RANGO] autosello ZKP · ACECHANDO · Oz=0.0 link=— · manos_feria_informe.json
[RANGO] ZKPUSDT_LINEAL last=0.04619 · río=WS · mercado=linear · estado=ACECHANDO · dir=— · 0=0.047 · Oz=— · Red=0.04604378376 · manos=ON · pos=LONG 1496@0.05011327 · latido=1.50s
[RANGO] autosello ZKP · ACECHANDO · Oz=0.0 link=— · manos_feria_informe.json
[RANGO] ZKPUSDT_LINEAL last=0.04619 · río=WS · mercado=linear · estado=ACECHANDO · dir=— · 0=0.047 · Oz=— · Red=0.04604378376 · manos=ON · pos=LONG 1496@0.05011327 · latido=1.50s
[RANGO] ZKPUSDT_LINEAL last=0.0462 · río=WS · mercado=linear · estado=ACECHANDO · dir=— · 0=0.047 · Oz=— · Red=0.04604378376 · manos=ON · pos=LONG 1496@0.05011327 · latido=1.50s
[RANGO] autosello ZKP · ACECHANDO · Oz=0.0 link=— · manos_feria_informe.json
[RANGO] ZKPUSDT_LINEAL last=0.04619 · río=WS · mercado=linear · estado=ACECHANDO · dir=— · 0=0.047 · Oz=— · Red=0.04604378376 · manos=ON · pos=LONG 1496@0.05011327 · latido=1.50s
[RANGO] autosello ZKP · ACECHANDO · Oz=0.0 link=— · manos_feria_informe.json
[RANGO] ZKPUSDT_LINEAL last=0.04621 · río=WS · mercado=linear · estado=ACECHANDO · dir=— · 0=0.047 · Oz=— · Red=0.04604378376 · manos=ON · pos=LONG 1496@0.05011327 · latido=1.50s
[RANGO] ZKPUSDT_LINEAL last=0.04625 · río=WS · mercado=linear · estado=ACECHANDO · dir=— · 0=0.047 · Oz=— · Red=0.04604378376 · manos=ON · pos=LONG 1496@0.05011327 · latido=1.50s
[RANGO] autosello ZKP · ACECHANDO · Oz=0.0 link=— · manos_feria_informe.json
[RANGO] ZKPUSDT_LINEAL last=0.04621 · río=WS · mercado=linear · estado=ACECHANDO · dir=— · 0=0.047 · Oz=— · Red=0.04604378376 · manos=ON · pos=LONG 1496@0.05011327 · latido=1.50s
[RANGO] autosello ZKP · ACECHANDO · Oz=0.0 link=— · manos_feria_informe.json
[RANGO] ZKPUSDT_LINEAL last=0.04623 · río=WS · mercado=linear · estado=ACECHANDO · dir=— · 0=0.047 · Oz=— · Red=0.04604378376 · manos=ON · pos=LONG 1496@0.05011327 · latido=1.50s
[RANGO] ZKPUSDT_LINEAL last=0.04621 · río=ciego/muleta · mercado=linear · estado=ACECHANDO · dir=— · 0=0.047 · Oz=— · Red=0.04604378376 · manos=ON · pos=LONG 1496@0.05011327 · latido=1.50s
[RANGO] autosello ZKP · ACECHANDO · Oz=0.0 link=— · manos_feria_informe.json
[RANGO] ZKPUSDT_LINEAL last=0.04618 · río=WS · mercado=linear · estado=ACECHANDO · dir=— · 0=0.047 · Oz=— · Red=0.04604378376 · manos=ON · pos=LONG 1496@0.05011327 · latido=1.50s
[RANGO] autosello ZKP · ACECHANDO · Oz=0.0 link=— · manos_feria_informe.json
[RANGO] ZKPUSDT_LINEAL last=0.04618 · río=ciego/muleta · mercado=linear · estado=ACECHANDO · dir=— · 0=0.047 · Oz=— · Red=0.04604378376 · manos=ON · pos=LONG 1496@0.05011327 · latido=1.50s
[2026-08-31 13:34:14] [TUSK] RECONCILIACIÓN: EULUSDT_LINEAL: interno L:70.000000/S:0.000000 -> real L:66.100000/S:0.000000
[2026-08-31 13:34:14] [TUSK] RECONCILIACIÓN_OK: 1 frentes alineados con exchange
[RANGO] ZKPUSDT_LINEAL last=0.04616 · río=WS · mercado=linear · estado=ACECHANDO · dir=— · 0=0.047 · Oz=— · Red=0.04604378376 · manos=ON · pos=LONG 1496@0.05011327 · latido=1.50s
[RANGO] autosello ZKP · ACECHANDO · Oz=0.0 link=— · manos_feria_informe.json
[RANGO] ZKPUSDT_LINEAL last=0.04617 · río=WS · mercado=linear · estado=ACECHANDO · dir=— · 0=0.047 · Oz=— · Red=0.04604378376 · manos=ON · pos=LONG 1496@0.05011327 · latido=1.50s
[RANGO] autosello ZKP · ACECHANDO · Oz=0.0 link=— · manos_feria_informe.json
[RANGO] ZKPUSDT_LINEAL last=0.04616 · río=WS · mercado=linear · estado=ACECHANDO · dir=— · 0=0.047 · Oz=— · Red=0.04604378376 · manos=ON · pos=LONG 1496@0.05011327 · latido=1.50s
[RANGO] ZKPUSDT_LINEAL last=0.04619 · río=WS · mercado=linear · estado=ACECHANDO · dir=— · 0=0.047 · Oz=— · Red=0.04604378376 · manos=ON · pos=LONG 1496@0.05011327 · latido=1.50s
[RANGO] autosello ZKP · ACECHANDO · Oz=0.0 link=— · manos_feria_informe.json
[RANGO] ZKPUSDT_LINEAL last=0.04619 · río=WS · mercado=linear · estado=ACECHANDO · dir=— · 0=0.047 · Oz=— · Red=0.04604378376 · manos=ON · pos=LONG 1496@0.05011327 · latido=1.50s
[RANGO] autosello ZKP · ACECHANDO · Oz=0.0 link=— · manos_feria_informe.json
[RANGO] ZKPUSDT_LINEAL last=0.04621 · río=WS · mercado=linear · estado=ACECHANDO · dir=— · 0=0.047 · Oz=— · Red=0.04604378376 · manos=ON · pos=LONG 1496@0.05011327 · latido=1.50s
[RANGO] ZKPUSDT_LINEAL last=0.04623 · río=WS · mercado=linear · estado=ACECHANDO · dir=— · 0=0.047 · Oz=— · Red=0.04604378376 · manos=ON · pos=LONG 1496@0.05011327 · latido=1.50s
[RANGO] autosello ZKP · ACECHANDO · Oz=0.0 link=— · manos_feria_informe.json
[RANGO] ZKPUSDT_LINEAL last=0.04623 · río=WS · mercado=linear · estado=ACECHANDO · dir=— · 0=0.047 · Oz=— · Red=0.04604378376 · manos=ON · pos=LONG 1496@0.05011327 · latido=1.50s
[RANGO] autosello ZKP · ACECHANDO · Oz=0.0 link=— · manos_feria_informe.json
[RANGO] ZKPUSDT_LINEAL last=0.04624 · río=ciego/muleta · mercado=linear · estado=ACECHANDO · dir=— · 0=0.047 · Oz=— · Red=0.04604378376 · manos=ON · pos=LONG 1496@0.05011327 · latido=1.50s
[RANGO] ZKPUSDT_LINEAL last=0.0462 · río=WS · mercado=linear · estado=ACECHANDO · dir=— · 0=0.047 · Oz=— · Red=0.04604378376 · manos=ON · pos=LONG 1496@0.05011327 · latido=1.50s
[RANGO] autosello ZKP · ACECHANDO · Oz=0.0 link=— · manos_feria_informe.json
[RANGO] ZKPUSDT_LINEAL last=0.0462 · río=WS · mercado=linear · estado=ACECHANDO · dir=— · 0=0.047 · Oz=— · Red=0.04604378376 · manos=ON · pos=LONG 1496@0.05011327 · latido=1.50s
[RANGO] autosello ZKP · ACECHANDO · Oz=0.0 link=— · manos_feria_informe.json
[RANGO] ZKPUSDT_LINEAL last=0.0462 · río=WS · mercado=linear · estado=ACECHANDO · dir=— · 0=0.047 · Oz=— · Red=0.04604378376 · manos=ON · pos=LONG 1496@0.05011327 · latido=1.50s
[2026-08-31 13:36:16] [TUSK] RECONCILIACIÓN: OUSDT_LINEAL: interno L:0.000000/S:34.000000 -> real L:0.000000/S:44.000000
[2026-08-31 13:36:16] [TUSK] RECONCILIACIÓN: MRVLUSDT_LINEAL: interno L:0.000000/S:0.000000 -> real L:1.050000/S:0.000000
[2026-08-31 13:36:16] [TUSK] RECONCILIACIÓN: PEOPLEUSDT_LINEAL: interno L:0.000000/S:0.000000 -> real L:29905.000000/S:0.000000
[2026-08-31 13:36:16] [TUSK] RECONCILIACIÓN_FANTASMA: DASHUSDT_LINEAL existe interno pero no en exchange -> reseteando
[2026-08-31 13:36:16] [TUSK] RECONCILIACIÓN_FANTASMA: EULUSDT_LINEAL existe interno pero no en exchange -> reseteando
[2026-08-31 13:36:16] [TUSK] RECONCILIACIÓN_OK: 5 frentes alineados con exchange
[RANGO] ZKPUSDT_LINEAL last=0.04618 · río=WS · mercado=linear · estado=ACECHANDO · dir=— · 0=0.047 · Oz=— · Red=0.04604378376 · manos=ON · pos=LONG 1496@0.05011327 · latido=1.50s
[RANGO] autosello ZKP · ACECHANDO · Oz=0.0 link=— · manos_feria_informe.json
[RANGO] ZKPUSDT_LINEAL last=0.04621 · río=WS · mercado=linear · estado=ACECHANDO · dir=— · 0=0.047 · Oz=— · Red=0.04604378376 · manos=ON · pos=LONG 1496@0.05011327 · latido=1.50s
[RANGO] autosello ZKP · ACECHANDO · Oz=0.0 link=— · manos_feria_informe.json
[RANGO] ZKPUSDT_LINEAL last=0.04617 · río=WS · mercado=linear · estado=ACECHANDO · dir=— · 0=0.047 · Oz=— · Red=0.04604378376 · manos=ON · pos=LONG 1496@0.05011327 · latido=1.50s
[RANGO] ZKPUSDT_LINEAL last=0.04622 · río=WS · mercado=linear · estado=ACECHANDO · dir=— · 0=0.047 · Oz=— · Red=0.04604378376 · manos=ON · pos=LONG 1496@0.05011327 · latido=1.50s
[RANGO] autosello ZKP · ACECHANDO · Oz=0.0 link=— · manos_feria_informe.json
[RANGO] ZKPUSDT_LINEAL last=0.0462 · río=WS · mercado=linear · estado=ACECHANDO · dir=— · 0=0.047 · Oz=— · Red=0.04604378376 · manos=ON · pos=LONG 1496@0.05011327 · latido=1.50s
[RANGO] autosello ZKP · ACECHANDO · Oz=0.0 link=— · manos_feria_informe.json
[RANGO] ZKPUSDT_LINEAL last=0.0462 · río=WS · mercado=linear · estado=ACECHANDO · dir=— · 0=0.047 · Oz=— · Red=0.04604378376 · manos=ON · pos=LONG 1496@0.05011327 · latido=1.50s
[RANGO] ZKPUSDT_LINEAL last=0.04618 · río=WS · mercado=linear · estado=ACECHANDO · dir=— · 0=0.047 · Oz=— · Red=0.04604378376 · manos=ON · pos=LONG 1496@0.05011327 · latido=1.50s
[RANGO] autosello ZKP · ACECHANDO · Oz=0.0 link=— · manos_feria_informe.json
[RANGO] ZKPUSDT_LINEAL last=0.04612 · río=WS · mercado=linear · estado=ACECHANDO · dir=— · 0=0.047 · Oz=— · Red=0.04604378376 · manos=ON · pos=LONG 1496@0.05011327 · latido=0.10s
[RANGO] autosello ZKP · ACECHANDO · Oz=0.0 link=— · manos_feria_informe.json
[RANGO] ZKPUSDT_LINEAL last=0.04619 · río=WS · mercado=linear · estado=ACECHANDO · dir=— · 0=0.047 · Oz=— · Red=0.04604378376 · manos=ON · pos=LONG 1496@0.05011327 · latido=1.50s
[RANGO] ZKPUSDT_LINEAL last=0.04619 · río=WS · mercado=linear · estado=ACECHANDO · dir=— · 0=0.047 · Oz=— · Red=0.04604378376 · manos=ON · pos=LONG 1496@0.05011327 · latido=1.50s
[RANGO] autosello ZKP · ACECHANDO · Oz=0.0 link=— · manos_feria_informe.json
[RANGO] ZKPUSDT_LINEAL last=0.04619 · río=WS · mercado=linear · estado=ACECHANDO · dir=— · 0=0.047 · Oz=— · Red=0.04604378376 · manos=ON · pos=LONG 1496@0.05011327 · latido=1.50s
[RANGO] autosello ZKP · ACECHANDO · Oz=0.0 link=— · manos_feria_informe.json
[RANGO] ZKPUSDT_LINEAL last=0.04618 · río=WS · mercado=linear · estado=ACECHANDO · dir=— · 0=0.047 · Oz=— · Red=0.04604378376 · manos=ON · pos=LONG 1496@0.05011327 · latido=1.50s
[RANGO] ZKPUSDT_LINEAL last=0.04619 · río=WS · mercado=linear · estado=ACECHANDO · dir=— · 0=0.047 · Oz=— · Red=0.04604378376 · manos=ON · pos=LONG 1496@0.05011327 · latido=1.50s
[2026-08-31 13:38:19] [TUSK] RECONCILIACIÓN: ESPUSDT_LINEAL: interno L:0.000000/S:0.000000 -> real L:1190.000000/S:0.000000
[2026-08-31 13:38:19] [TUSK] RECONCILIACIÓN_FANTASMA: BEATUSDT_LINEAL existe interno pero no en exchange -> reseteando
[2026-08-31 13:38:19] [TUSK] RECONCILIACIÓN_OK: 2 frentes alineados con exchange
[RANGO] autosello ZKP · ACECHANDO · Oz=0.0 link=— · manos_feria_informe.json
[RANGO] ZKPUSDT_LINEAL last=0.04618 · río=WS · mercado=linear · estado=ACECHANDO · dir=— · 0=0.047 · Oz=— · Red=0.04604378376 · manos=ON · pos=LONG 1496@0.05011327 · latido=1.50s
[RANGO] autosello ZKP · ACECHANDO · Oz=0.0 link=— · manos_feria_informe.json
[RANGO] ZKPUSDT_LINEAL last=0.04618 · río=WS · mercado=linear · estado=ACECHANDO · dir=— · 0=0.047 · Oz=— · Red=0.04604378376 · manos=ON · pos=LONG 1496@0.05011327 · latido=1.50s
[RANGO] ZKPUSDT_LINEAL last=0.04619 · río=ciego/muleta · mercado=linear · estado=ACECHANDO · dir=— · 0=0.047 · Oz=— · Red=0.04604378376 · manos=ON · pos=LONG 1496@0.05011327 · latido=1.50s
[RANGO] autosello ZKP · ACECHANDO · Oz=0.0 link=— · manos_feria_informe.json
[RANGO] ZKPUSDT_LINEAL last=0.04618 · río=ciego/muleta · mercado=linear · estado=ACECHANDO · dir=— · 0=0.047 · Oz=— · Red=0.04604378376 · manos=ON · pos=LONG 1496@0.05011327 · latido=1.50s
[RANGO] autosello ZKP · ACECHANDO · Oz=0.0 link=— · manos_feria_informe.json
[RANGO] ZKPUSDT_LINEAL last=0.04619 · río=WS · mercado=linear · estado=ACECHANDO · dir=— · 0=0.047 · Oz=— · Red=0.04604378376 · manos=ON · pos=LONG 1496@0.05011327 · latido=1.50s
[RANGO] ZKPUSDT_LINEAL last=0.04612 · río=WS · mercado=linear · estado=ACECHANDO · dir=— · 0=0.047 · Oz=— · Red=0.04604378376 · manos=ON · pos=LONG 1496@0.05011327 · latido=0.10s
[RANGO] autosello ZKP · ACECHANDO · Oz=0.0 link=— · manos_feria_informe.json
[RANGO] ZKPUSDT_LINEAL last=0.04615 · río=WS · mercado=linear · estado=ACECHANDO · dir=— · 0=0.047 · Oz=— · Red=0.04604378376 · manos=ON · pos=LONG 1496@0.05011327 · latido=1.50s
[RANGO] autosello ZKP · ACECHANDO · Oz=0.0 link=— · manos_feria_informe.json
[RANGO] ZKPUSDT_LINEAL last=0.04616 · río=ciego/muleta · mercado=linear · estado=ACECHANDO · dir=— · 0=0.047 · Oz=— · Red=0.04604378376 · manos=ON · pos=LONG 1496@0.05011327 · latido=1.50s
[RANGO] ZKPUSDT_LINEAL last=0.04616 · río=ciego/muleta · mercado=linear · estado=ACECHANDO · dir=— · 0=0.047 · Oz=— · Red=0.04604378376 · manos=ON · pos=LONG 1496@0.05011327 · latido=1.50s
[RANGO] autosello ZKP · ACECHANDO · Oz=0.0 link=— · manos_feria_informe.json
[RANGO] ZKPUSDT_LINEAL last=0.04617 · río=WS · mercado=linear · estado=ACECHANDO · dir=— · 0=0.047 · Oz=— · Red=0.04604378376 · manos=ON · pos=LONG 1496@0.05011327 · latido=1.50s
[RANGO] autosello ZKP · ACECHANDO · Oz=0.0 link=— · manos_feria_informe.json
[RANGO] ZKPUSDT_LINEAL last=0.0462 · río=WS · mercado=linear · estado=ACECHANDO · dir=— · 0=0.047 · Oz=— · Red=0.04604378376 · manos=ON · pos=LONG 1496@0.05011327 · latido=1.50s
[RANGO] ZKPUSDT_LINEAL last=0.04617 · río=WS · mercado=linear · estado=ACECHANDO · dir=— · 0=0.047 · Oz=— · Red=0.04604378376 · manos=ON · pos=LONG 1496@0.05011327 · latido=1.50s
[RANGO] autosello ZKP · ACECHANDO · Oz=0.0 link=— · manos_feria_informe.json
[RANGO] ZKPUSDT_LINEAL last=0.04617 · río=ciego/muleta · mercado=linear · estado=ACECHANDO · dir=— · 0=0.047 · Oz=— · Red=0.04604378376 · manos=ON · pos=LONG 1496@0.05011327 · latido=1.50s
[RANGO] autosello ZKP · ACECHANDO · Oz=0.0 link=— · manos_feria_informe.json
[RANGO] ZKPUSDT_LINEAL last=0.04621 · río=WS · mercado=linear · estado=ACECHANDO · dir=— · 0=0.047 · Oz=— · Red=0.04604378376 · manos=ON · pos=LONG 1496@0.05011327 · latido=1.50s
[RANGO] autosello ZKP · ACECHANDO · Oz=0.0 link=— · manos_feria_informe.json
[RANGO] ZKPUSDT_LINEAL last=0.04626 · río=WS · mercado=linear · estado=ACECHANDO · dir=— · 0=0.047 · Oz=— · Red=0.04604378376 · manos=ON · pos=LONG 1496@0.05011327 · latido=1.50s
[RANGO] ZKPUSDT_LINEAL last=0.04622 · río=WS · mercado=linear · estado=ACECHANDO · dir=— · 0=0.047 · Oz=— · Red=0.04604378376 · manos=ON · pos=LONG 1496@0.05011327 · latido=1.50s
[RANGO] autosello ZKP · ACECHANDO · Oz=0.0 link=— · manos_feria_informe.json
[RANGO] ZKPUSDT_LINEAL last=0.04621 · río=WS · mercado=linear · estado=ACECHANDO · dir=— · 0=0.047 · Oz=— · Red=0.04604378376 · manos=ON · pos=LONG 1496@0.05011327 · latido=1.50s
[RANGO] autosello ZKP · ACECHANDO · Oz=0.0 link=— · manos_feria_informe.json
[RANGO] ZKPUSDT_LINEAL last=0.04621 · río=WS · mercado=linear · estado=ACECHANDO · dir=— · 0=0.047 · Oz=— · Red=0.04604378376 · manos=ON · pos=LONG 1496@0.05011327 · latido=1.50s
[RANGO] ZKPUSDT_LINEAL last=0.0462 · río=ciego/muleta · mercado=linear · estado=ACECHANDO · dir=— · 0=0.047 · Oz=— · Red=0.04604378376 · manos=ON · pos=LONG 1496@0.05011327 · latido=1.50s
[RANGO] autosello ZKP · ACECHANDO · Oz=0.0 link=— · manos_feria_informe.json
[RANGO] ZKPUSDT_LINEAL last=0.04624 · río=WS · mercado=linear · estado=ACECHANDO · dir=— · 0=0.047 · Oz=— · Red=0.04604378376 · manos=ON · pos=LONG 1496@0.05011327 · latido=1.50s
[RANGO] autosello ZKP · ACECHANDO · Oz=0.0 link=— · manos_feria_informe.json
[RANGO] ZKPUSDT_LINEAL last=0.04622 · río=WS · mercado=linear · estado=ACECHANDO · dir=— · 0=0.047 · Oz=— · Red=0.04604378376 · manos=ON · pos=LONG 1496@0.05011327 · latido=1.50s
[RANGO] ZKPUSDT_LINEAL last=0.04619 · río=WS · mercado=linear · estado=ACECHANDO · dir=— · 0=0.047 · Oz=— · Red=0.04604378376 · manos=ON · pos=LONG 1496@0.05011327 · latido=1.50s
[RANGO] autosello ZKP · ACECHANDO · Oz=0.0 link=— · manos_feria_informe.json
[RANGO] ZKPUSDT_LINEAL last=0.0462 · río=WS · mercado=linear · estado=ACECHANDO · dir=— · 0=0.047 · Oz=— · Red=0.04604378376 · manos=ON · pos=LONG 1496@0.05011327 · latido=1.50s
[RANGO] autosello ZKP · ACECHANDO · Oz=0.0 link=— · manos_feria_informe.json
[RANGO] ZKPUSDT_LINEAL last=0.04617 · río=WS · mercado=linear · estado=ACECHANDO · dir=— · 0=0.047 · Oz=— · Red=0.04604378376 · manos=ON · pos=LONG 1496@0.05011327 · latido=1.50s
[RANGO] ZKPUSDT_LINEAL last=0.04619 · río=WS · mercado=linear · estado=ACECHANDO · dir=— · 0=0.047 · Oz=— · Red=0.04604378376 · manos=ON · pos=LONG 1496@0.05011327 · latido=1.50s
[RANGO] autosello ZKP · ACECHANDO · Oz=0.0 link=— · manos_feria_informe.json
[RANGO] ZKPUSDT_LINEAL last=0.04627 · río=WS · mercado=linear · estado=ACECHANDO · dir=— · 0=0.047 · Oz=— · Red=0.04604378376 · manos=ON · pos=LONG 1496@0.05011327 · latido=1.50s
[RANGO] autosello ZKP · ACECHANDO · Oz=0.0 link=— · manos_feria_informe.json
[RANGO] ZKPUSDT_LINEAL last=0.04619 · río=WS · mercado=linear · estado=ACECHANDO · dir=— · 0=0.047 · Oz=— · Red=0.04604378376 · manos=ON · pos=LONG 1496@0.05011327 · latido=1.50s
[RANGO] ZKPUSDT_LINEAL last=0.04618 · río=WS · mercado=linear · estado=ACECHANDO · dir=— · 0=0.047 · Oz=— · Red=0.04604378376 · manos=ON · pos=LONG 1496@0.05011327 · latido=1.50s
[RANGO] autosello ZKP · ACECHANDO · Oz=0.0 link=— · manos_feria_informe.json
[RANGO] ZKPUSDT_LINEAL last=0.04617 · río=ciego/muleta · mercado=linear · estado=ACECHANDO · dir=— · 0=0.047 · Oz=— · Red=0.04604378376 · manos=ON · pos=LONG 1496@0.05011327 · latido=1.50s
[RANGO] autosello ZKP · ACECHANDO · Oz=0.0 link=— · manos_feria_informe.json
[RANGO] ZKPUSDT_LINEAL last=0.04616 · río=WS · mercado=linear · estado=ACECHANDO · dir=— · 0=0.047 · Oz=— · Red=0.04604378376 · manos=ON · pos=LONG 1496@0.05011327 · latido=1.50s
[RANGO] ZKPUSDT_LINEAL last=0.04616 · río=WS · mercado=linear · estado=ACECHANDO · dir=— · 0=0.047 · Oz=— · Red=0.04604378376 · manos=ON · pos=LONG 1496@0.05011327 · latido=1.50s
[RANGO] autosello ZKP · ACECHANDO · Oz=0.0 link=— · manos_feria_informe.json
[RANGO] ZKPUSDT_LINEAL last=0.04626 · río=WS · mercado=linear · estado=ACECHANDO · dir=— · 0=0.047 · Oz=— · Red=0.04604378376 · manos=ON · pos=LONG 1496@0.05011327 · latido=1.50s
[RANGO] autosello ZKP · ACECHANDO · Oz=0.0 link=— · manos_feria_informe.json
[RANGO] ZKPUSDT_LINEAL last=0.04616 · río=WS · mercado=linear · estado=ACECHANDO · dir=— · 0=0.047 · Oz=— · Red=0.04604378376 · manos=ON · pos=LONG 1496@0.05011327 · latido=1.50s
[RANGO] ZKPUSDT_LINEAL last=0.04617 · río=WS · mercado=linear · estado=ACECHANDO · dir=— · 0=0.047 · Oz=— · Red=0.04604378376 · manos=ON · pos=LONG 1496@0.05011327 · latido=1.50s
[RANGO] autosello ZKP · ACECHANDO · Oz=0.0 link=— · manos_feria_informe.json
[RANGO] ZKPUSDT_LINEAL last=0.04618 · río=WS · mercado=linear · estado=ACECHANDO · dir=— · 0=0.047 · Oz=— · Red=0.04604378376 · manos=ON · pos=LONG 1496@0.05011327 · latido=1.50s
[RANGO] autosello ZKP · ACECHANDO · Oz=0.0 link=— · manos_feria_informe.json
[RANGO] ZKPUSDT_LINEAL last=0.04619 · río=WS · mercado=linear · estado=ACECHANDO · dir=— · 0=0.047 · Oz=— · Red=0.04604378376 · manos=ON · pos=LONG 1496@0.05011327 · latido=1.50s
[RANGO] ZKPUSDT_LINEAL last=0.04619 · río=WS · mercado=linear · estado=ACECHANDO · dir=— · 0=0.047 · Oz=— · Red=0.04604378376 · manos=ON · pos=LONG 1496@0.05011327 · latido=1.50s
[RANGO] autosello ZKP · ACECHANDO · Oz=0.0 link=— · manos_feria_informe.json
[RANGO] ZKPUSDT_LINEAL last=0.04619 · río=WS · mercado=linear · estado=ACECHANDO · dir=— · 0=0.047 · Oz=— · Red=0.04604378376 · manos=ON · pos=LONG 1496@0.05011327 · latido=1.50s
[RANGO] autosello ZKP · ACECHANDO · Oz=0.0 link=— · manos_feria_informe.json
[RANGO] ZKPUSDT_LINEAL last=0.04623 · río=ciego/muleta · mercado=linear · estado=ACECHANDO · dir=— · 0=0.047 · Oz=— · Red=0.04604378376 · manos=ON · pos=LONG 1496@0.05011327 · latido=1.50s
[RANGO] ZKPUSDT_LINEAL last=0.04622 · río=WS · mercado=linear · estado=ACECHANDO · dir=— · 0=0.047 · Oz=— · Red=0.04604378376 · manos=ON · pos=LONG 1496@0.05011327 · latido=1.50s
[RANGO] autosello ZKP · ACECHANDO · Oz=0.0 link=— · manos_feria_informe.json
[RANGO] ZKPUSDT_LINEAL last=0.0463 · río=WS · mercado=linear · estado=ACECHANDO · dir=— · 0=0.047 · Oz=— · Red=0.04604378376 · manos=ON · pos=LONG 1496@0.05011327 · latido=1.50s
[RANGO] autosello ZKP · ACECHANDO · Oz=0.0 link=— · manos_feria_informe.json
[RANGO] ZKPUSDT_LINEAL last=0.04632 · río=WS · mercado=linear · estado=ACECHANDO · dir=— · 0=0.047 · Oz=— · Red=0.04604378376 · manos=ON · pos=LONG 1496@0.05011327 · latido=1.50s
[RANGO] ZKPUSDT_LINEAL last=0.04631 · río=WS · mercado=linear · estado=ACECHANDO · dir=— · 0=0.047 · Oz=— · Red=0.04604378376 · manos=ON · pos=LONG 1496@0.05011327 · latido=1.50s
[RANGO] autosello ZKP · ACECHANDO · Oz=0.0 link=— · manos_feria_informe.json
[RANGO] ZKPUSDT_LINEAL last=0.04631 · río=WS · mercado=linear · estado=ACECHANDO · dir=— · 0=0.047 · Oz=— · Red=0.04604378376 · manos=ON · pos=LONG 1496@0.05011327 · latido=1.50s
[RANGO] autosello ZKP · ACECHANDO · Oz=0.0 link=— · manos_feria_informe.json
[RANGO] ZKPUSDT_LINEAL last=0.0463 · río=WS · mercado=linear · estado=ACECHANDO · dir=— · 0=0.047 · Oz=— · Red=0.04604378376 · manos=ON · pos=LONG 1496@0.05011327 · latido=1.50s
[RANGO] ZKPUSDT_LINEAL last=0.0463 · río=WS · mercado=linear · estado=ACECHANDO · dir=— · 0=0.047 · Oz=— · Red=0.04604378376 · manos=ON · pos=LONG 1496@0.05011327 · latido=1.50s
[RANGO] autosello ZKP · ACECHANDO · Oz=0.0 link=— · manos_feria_informe.json
[RANGO] ZKPUSDT_LINEAL last=0.04631 · río=WS · mercado=linear · estado=ACECHANDO · dir=— · 0=0.047 · Oz=— · Red=0.04604378376 · manos=ON · pos=LONG 1496@0.05011327 · latido=1.50s
[RANGO] autosello ZKP · ACECHANDO · Oz=0.0 link=— · manos_feria_informe.json
[RANGO] ZKPUSDT_LINEAL last=0.0463 · río=ciego/muleta · mercado=linear · estado=ACECHANDO · dir=— · 0=0.047 · Oz=— · Red=0.04604378376 · manos=ON · pos=LONG 1496@0.05011327 · latido=1.50s
[RANGO] ZKPUSDT_LINEAL last=0.04629 · río=WS · mercado=linear · estado=ACECHANDO · dir=— · 0=0.047 · Oz=— · Red=0.04604378376 · manos=ON · pos=LONG 1496@0.05011327 · latido=1.50s
[RANGO] autosello ZKP · ACECHANDO · Oz=0.0 link=— · manos_feria_informe.json
[RANGO] ZKPUSDT_LINEAL last=0.04629 · río=WS · mercado=linear · estado=ACECHANDO · dir=— · 0=0.047 · Oz=— · Red=0.04604378376 · manos=ON · pos=LONG 1496@0.05011327 · latido=1.50s
[RANGO] autosello ZKP · ACECHANDO · Oz=0.0 link=— · manos_feria_informe.json
[RANGO] ZKPUSDT_LINEAL last=0.0463 · río=ciego/muleta · mercado=linear · estado=ACECHANDO · dir=— · 0=0.047 · Oz=— · Red=0.04604378376 · manos=ON · pos=LONG 1496@0.05011327 · latido=1.50s
[RANGO] ZKPUSDT_LINEAL last=0.0463 · río=WS · mercado=linear · estado=ACECHANDO · dir=— · 0=0.047 · Oz=— · Red=0.04604378376 · manos=ON · pos=LONG 1496@0.05011327 · latido=1.50s
[RANGO] autosello ZKP · ACECHANDO · Oz=0.0 link=— · manos_feria_informe.json
[RANGO] ZKPUSDT_LINEAL last=0.04629 · río=WS · mercado=linear · estado=ACECHANDO · dir=— · 0=0.047 · Oz=— · Red=0.04604378376 · manos=ON · pos=LONG 1496@0.05011327 · latido=1.50s
[RANGO] autosello ZKP · ACECHANDO · Oz=0.0 link=— · manos_feria_informe.json
[RANGO] ZKPUSDT_LINEAL last=0.04629 · río=WS · mercado=linear · estado=ACECHANDO · dir=— · 0=0.047 · Oz=— · Red=0.04604378376 · manos=ON · pos=LONG 1496@0.05011327 · latido=1.50s
[RANGO] ZKPUSDT_LINEAL last=0.04629 · río=WS · mercado=linear · estado=ACECHANDO · dir=— · 0=0.047 · Oz=— · Red=0.04604378376 · manos=ON · pos=LONG 1496@0.05011327 · latido=1.50s
[RANGO] autosello ZKP · ACECHANDO · Oz=0.0 link=— · manos_feria_informe.json
[RANGO] ZKPUSDT_LINEAL last=0.04633 · río=WS · mercado=linear · estado=ACECHANDO · dir=— · 0=0.047 · Oz=— · Red=0.04604378376 · manos=ON · pos=LONG 1496@0.05011327 · latido=1.50s
[RANGO] autosello ZKP · ACECHANDO · Oz=0.0 link=— · manos_feria_informe.json
[RANGO] ZKPUSDT_LINEAL last=0.0463 · río=WS · mercado=linear · estado=ACECHANDO · dir=— · 0=0.047 · Oz=— · Red=0.04604378376 · manos=ON · pos=LONG 1496@0.05011327 · latido=1.50s
[RANGO] ZKPUSDT_LINEAL last=0.04628 · río=WS · mercado=linear · estado=ACECHANDO · dir=— · 0=0.047 · Oz=— · Red=0.04604378376 · manos=ON · pos=LONG 1496@0.05011327 · latido=1.50s
[RANGO] autosello ZKP · ACECHANDO · Oz=0.0 link=— · manos_feria_informe.json
[RANGO] ZKPUSDT_LINEAL last=0.04627 · río=WS · mercado=linear · estado=ACECHANDO · dir=— · 0=0.047 · Oz=— · Red=0.04604378376 · manos=ON · pos=LONG 1496@0.05011327 · latido=1.50s
[RANGO] autosello ZKP · ACECHANDO · Oz=0.0 link=— · manos_feria_informe.json
[RANGO] ZKPUSDT_LINEAL last=0.0463 · río=WS · mercado=linear · estado=ACECHANDO · dir=— · 0=0.047 · Oz=— · Red=0.04604378376 · manos=ON · pos=LONG 1496@0.05011327 · latido=1.50s
[RANGO] ZKPUSDT_LINEAL last=0.04629 · río=WS · mercado=linear · estado=ACECHANDO · dir=— · 0=0.047 · Oz=— · Red=0.04604378376 · manos=ON · pos=LONG 1496@0.05011327 · latido=1.50s
[RANGO] autosello ZKP · ACECHANDO · Oz=0.0 link=— · manos_feria_informe.json
[RANGO] ZKPUSDT_LINEAL last=0.04632 · río=WS · mercado=linear · estado=ACECHANDO · dir=— · 0=0.047 · Oz=— · Red=0.04604378376 · manos=ON · pos=LONG 1496@0.05011327 · latido=1.50s
[RANGO] autosello ZKP · ACECHANDO · Oz=0.0 link=— · manos_feria_informe.json
[RANGO] ZKPUSDT_LINEAL last=0.04631 · río=ciego/muleta · mercado=linear · estado=ACECHANDO · dir=— · 0=0.047 · Oz=— · Red=0.04604378376 · manos=ON · pos=LONG 1496@0.05011327 · latido=1.50s
[RANGO] autosello ZKP · ACECHANDO · Oz=0.0 link=— · manos_feria_informe.json
[RANGO] ZKPUSDT_LINEAL last=0.04631 · río=WS · mercado=linear · estado=ACECHANDO · dir=— · 0=0.047 · Oz=— · Red=0.04604378376 · manos=ON · pos=LONG 1496@0.05011327 · latido=1.50s
[RANGO] ZKPUSDT_LINEAL last=0.04634 · río=WS · mercado=linear · estado=ACECHANDO · dir=— · 0=0.047 · Oz=— · Red=0.04604378376 · manos=ON · pos=LONG 1496@0.05011327 · latido=1.50s
[RANGO] autosello ZKP · ACECHANDO · Oz=0.0 link=— · manos_feria_informe.json
[RANGO] ZKPUSDT_LINEAL last=0.04634 · río=ciego/muleta · mercado=linear · estado=ACECHANDO · dir=— · 0=0.047 · Oz=— · Red=0.04604378376 · manos=ON · pos=LONG 1496@0.05011327 · latido=1.50s
[RANGO] autosello ZKP · ACECHANDO · Oz=0.0 link=— · manos_feria_informe.json
[RANGO] ZKPUSDT_LINEAL last=0.0464 · río=WS · mercado=linear · estado=ACECHANDO · dir=— · 0=0.047 · Oz=— · Red=0.04604378376 · manos=ON · pos=LONG 1496@0.05011327 · latido=1.50s
[RANGO] ZKPUSDT_LINEAL last=0.0464 · río=WS · mercado=linear · estado=ACECHANDO · dir=— · 0=0.047 · Oz=— · Red=0.04604378376 · manos=ON · pos=LONG 1496@0.05011327 · latido=1.50s
[RANGO] autosello ZKP · ACECHANDO · Oz=0.0 link=— · manos_feria_informe.json
[RANGO] ZKPUSDT_LINEAL last=0.04646 · río=WS · mercado=linear · estado=ACECHANDO · dir=— · 0=0.047 · Oz=— · Red=0.04604378376 · manos=ON · pos=LONG 1496@0.05011327 · latido=1.50s
[RANGO] autosello ZKP · ACECHANDO · Oz=0.0 link=— · manos_feria_informe.json
[RANGO] ZKPUSDT_LINEAL last=0.04645 · río=WS · mercado=linear · estado=ACECHANDO · dir=— · 0=0.047 · Oz=— · Red=0.04604378376 · manos=ON · pos=LONG 1496@0.05011327 · latido=1.50s
[RANGO] ZKPUSDT_LINEAL last=0.04644 · río=WS · mercado=linear · estado=ACECHANDO · dir=— · 0=0.047 · Oz=— · Red=0.04604378376 · manos=ON · pos=LONG 1496@0.05011327 · latido=1.50s
[RANGO] autosello ZKP · ACECHANDO · Oz=0.0 link=— · manos_feria_informe.json
[RANGO] ZKPUSDT_LINEAL last=0.04641 · río=WS · mercado=linear · estado=ACECHANDO · dir=— · 0=0.047 · Oz=— · Red=0.04604378376 · manos=ON · pos=LONG 1496@0.05011327 · latido=1.50s
[2026-08-31 13:50:33] [TUSK] RECONCILIACIÓN: MARAUSDT_LINEAL: interno L:0.000000/S:0.000000 -> real L:0.000000/S:0.470000
[2026-08-31 13:50:33] [TUSK] RECONCILIACIÓN: CRDOUSDT_LINEAL: interno L:0.000000/S:0.000000 -> real L:0.200000/S:0.000000
[2026-08-31 13:50:33] [TUSK] RECONCILIACIÓN: MVLLUSDT_LINEAL: interno L:0.000000/S:0.000000 -> real L:3.560000/S:0.000000
[2026-08-31 13:50:33] [TUSK] RECONCILIACIÓN_FANTASMA: MRVLUSDT_LINEAL existe interno pero no en exchange -> reseteando
[2026-08-31 13:50:33] [TUSK] RECONCILIACIÓN_FANTASMA: ESPUSDT_LINEAL existe interno pero no en exchange -> reseteando
[2026-08-31 13:50:33] [TUSK] RECONCILIACIÓN_FANTASMA: PEOPLEUSDT_LINEAL existe interno pero no en exchange -> reseteando
[2026-08-31 13:50:33] [TUSK] RECONCILIACIÓN_OK: 6 frentes alineados con exchange
[RANGO] autosello ZKP · ACECHANDO · Oz=0.0 link=— · manos_feria_informe.json
[RANGO] ZKPUSDT_LINEAL last=0.0464 · río=WS · mercado=linear · estado=ACECHANDO · dir=— · 0=0.047 · Oz=— · Red=0.04604378376 · manos=ON · pos=LONG 1496@0.05011327 · latido=1.50s
[RANGO] ZKPUSDT_LINEAL last=0.04641 · río=ciego/muleta · mercado=linear · estado=ACECHANDO · dir=— · 0=0.047 · Oz=— · Red=0.04604378376 · manos=ON · pos=LONG 1496@0.05011327 · latido=1.50s
[RANGO] autosello ZKP · ACECHANDO · Oz=0.0 link=— · manos_feria_informe.json
[RANGO] ZKPUSDT_LINEAL last=0.04647 · río=WS · mercado=linear · estado=ACECHANDO · dir=— · 0=0.047 · Oz=— · Red=0.04604378376 · manos=ON · pos=LONG 1496@0.05011327 · latido=1.50s
[RANGO] autosello ZKP · ACECHANDO · Oz=0.0 link=— · manos_feria_informe.json
[RANGO] ZKPUSDT_LINEAL last=0.0464 · río=WS · mercado=linear · estado=ACECHANDO · dir=— · 0=0.047 · Oz=— · Red=0.04604378376 · manos=ON · pos=LONG 1496@0.05011327 · latido=1.50s
[RANGO] ZKPUSDT_LINEAL last=0.0464 · río=WS · mercado=linear · estado=ACECHANDO · dir=— · 0=0.047 · Oz=— · Red=0.04604378376 · manos=ON · pos=LONG 1496@0.05011327 · latido=1.50s
[RANGO] autosello ZKP · ACECHANDO · Oz=0.0 link=— · manos_feria_informe.json
[RANGO] ZKPUSDT_LINEAL last=0.04642 · río=WS · mercado=linear · estado=ACECHANDO · dir=— · 0=0.047 · Oz=— · Red=0.04604378376 · manos=ON · pos=LONG 1496@0.05011327 · latido=1.50s
[RANGO] autosello ZKP · ACECHANDO · Oz=0.0 link=— · manos_feria_informe.json
[RANGO] ZKPUSDT_LINEAL last=0.04648 · río=WS · mercado=linear · estado=ACECHANDO · dir=— · 0=0.047 · Oz=— · Red=0.04604378376 · manos=ON · pos=LONG 1496@0.05011327 · latido=1.50s
[RANGO] ZKPUSDT_LINEAL last=0.04641 · río=WS · mercado=linear · estado=ACECHANDO · dir=— · 0=0.047 · Oz=— · Red=0.04604378376 · manos=ON · pos=LONG 1496@0.05011327 · latido=1.50s
[RANGO] autosello ZKP · ACECHANDO · Oz=0.0 link=— · manos_feria_informe.json
[RANGO] ZKPUSDT_LINEAL last=0.04642 · río=ciego/muleta · mercado=linear · estado=ACECHANDO · dir=— · 0=0.047 · Oz=— · Red=0.04604378376 · manos=ON · pos=LONG 1496@0.05011327 · latido=1.50s
[RANGO] autosello ZKP · ACECHANDO · Oz=0.0 link=— · manos_feria_informe.json
[RANGO] ZKPUSDT_LINEAL last=0.04642 · río=WS · mercado=linear · estado=ACECHANDO · dir=— · 0=0.047 · Oz=— · Red=0.04604378376 · manos=ON · pos=LONG 1496@0.05011327 · latido=1.50s
[RANGO] ZKPUSDT_LINEAL last=0.04646 · río=ciego/muleta · mercado=linear · estado=ACECHANDO · dir=— · 0=0.047 · Oz=— · Red=0.04604378376 · manos=ON · pos=LONG 1496@0.05011327 · latido=1.50s
[RANGO] autosello ZKP · ACECHANDO · Oz=0.0 link=— · manos_feria_informe.json
[RANGO] ZKPUSDT_LINEAL last=0.04643 · río=WS · mercado=linear · estado=ACECHANDO · dir=— · 0=0.047 · Oz=— · Red=0.04604378376 · manos=ON · pos=LONG 1496@0.05011327 · latido=1.50s
[RANGO] autosello ZKP · ACECHANDO · Oz=0.0 link=— · manos_feria_informe.json
[RANGO] ZKPUSDT_LINEAL last=0.04643 · río=WS · mercado=linear · estado=ACECHANDO · dir=— · 0=0.047 · Oz=— · Red=0.04604378376 · manos=ON · pos=LONG 1496@0.05011327 · latido=1.50s
[RANGO] ZKPUSDT_LINEAL last=0.04644 · río=WS · mercado=linear · estado=ACECHANDO · dir=— · 0=0.047 · Oz=— · Red=0.04604378376 · manos=ON · pos=LONG 1496@0.05011327 · latido=1.50s
[RANGO] autosello ZKP · ACECHANDO · Oz=0.0 link=— · manos_feria_informe.json
[RANGO] ZKPUSDT_LINEAL last=0.04643 · río=ciego/muleta · mercado=linear · estado=ACECHANDO · dir=— · 0=0.047 · Oz=— · Red=0.04604378376 · manos=ON · pos=LONG 1496@0.05011327 · latido=1.50s
[RANGO] autosello ZKP · ACECHANDO · Oz=0.0 link=— · manos_feria_informe.json
[RANGO] ZKPUSDT_LINEAL last=0.04643 · río=WS · mercado=linear · estado=ACECHANDO · dir=— · 0=0.047 · Oz=— · Red=0.04604378376 · manos=ON · pos=LONG 1496@0.05011327 · latido=1.50s
[RANGO] ZKPUSDT_LINEAL last=0.04642 · río=WS · mercado=linear · estado=ACECHANDO · dir=— · 0=0.047 · Oz=— · Red=0.04604378376 · manos=ON · pos=LONG 1496@0.05011327 · latido=1.50s
[RANGO] autosello ZKP · ACECHANDO · Oz=0.0 link=— · manos_feria_informe.json
[RANGO] ZKPUSDT_LINEAL last=0.04642 · río=ciego/muleta · mercado=linear · estado=ACECHANDO · dir=— · 0=0.047 · Oz=— · Red=0.04604378376 · manos=ON · pos=LONG 1496@0.05011327 · latido=1.50s
[RANGO] autosello ZKP · ACECHANDO · Oz=0.0 link=— · manos_feria_informe.json
[2026-08-31 13:53:37] [TUSK] RECONCILIACIÓN: SAMSUNGUSDT_LINEAL: interno L:0.000000/S:0.000000 -> real L:0.000000/S:0.110000
[2026-08-31 13:53:37] [TUSK] RECONCILIACIÓN_FANTASMA: USARUSDT_LINEAL existe interno pero no en exchange -> reseteando
[2026-08-31 13:53:37] [TUSK] RECONCILIACIÓN_OK: 2 frentes alineados con exchange
[RANGO] ZKPUSDT_LINEAL last=0.04642 · río=WS · mercado=linear · estado=ACECHANDO · dir=— · 0=0.047 · Oz=— · Red=0.04604378376 · manos=ON · pos=LONG 1496@0.05011327 · latido=1.50s
[RANGO] ZKPUSDT_LINEAL last=0.04642 · río=ciego/muleta · mercado=linear · estado=ACECHANDO · dir=— · 0=0.047 · Oz=— · Red=0.04604378376 · manos=ON · pos=LONG 1496@0.05011327 · latido=1.50s
[RANGO] autosello ZKP · ACECHANDO · Oz=0.0 link=— · manos_feria_informe.json
[RANGO] ZKPUSDT_LINEAL last=0.04642 · río=WS · mercado=linear · estado=ACECHANDO · dir=— · 0=0.047 · Oz=— · Red=0.04604378376 · manos=ON · pos=LONG 1496@0.05011327 · latido=1.50s
[RANGO] autosello ZKP · ACECHANDO · Oz=0.0 link=— · manos_feria_informe.json
[RANGO] ZKPUSDT_LINEAL last=0.0464 · río=WS · mercado=linear · estado=ACECHANDO · dir=— · 0=0.047 · Oz=— · Red=0.04604378376 · manos=ON · pos=LONG 1496@0.05011327 · latido=1.50s
[RANGO] ZKPUSDT_LINEAL last=0.0464 · río=ciego/muleta · mercado=linear · estado=ACECHANDO · dir=— · 0=0.047 · Oz=— · Red=0.04604378376 · manos=ON · pos=LONG 1496@0.05011327 · latido=1.50s
[RANGO] autosello ZKP · ACECHANDO · Oz=0.0 link=— · manos_feria_informe.json
[RANGO] ZKPUSDT_LINEAL last=0.0464 · río=ciego/muleta · mercado=linear · estado=ACECHANDO · dir=— · 0=0.047 · Oz=— · Red=0.04604378376 · manos=ON · pos=LONG 1496@0.05011327 · latido=1.50s
[RANGO] autosello ZKP · ACECHANDO · Oz=0.0 link=— · manos_feria_informe.json
[RANGO] ZKPUSDT_LINEAL last=0.04637 · río=WS · mercado=linear · estado=ACECHANDO · dir=— · 0=0.047 · Oz=— · Red=0.04604378376 · manos=ON · pos=LONG 1496@0.05011327 · latido=1.50s
[RANGO] autosello ZKP · ACECHANDO · Oz=0.0 link=— · manos_feria_informe.json
[RANGO] ZKPUSDT_LINEAL last=0.04637 · río=WS · mercado=linear · estado=ACECHANDO · dir=— · 0=0.047 · Oz=— · Red=0.04604378376 · manos=ON · pos=LONG 1496@0.05011327 · latido=1.50s
[RANGO] ZKPUSDT_LINEAL last=0.04636 · río=WS · mercado=linear · estado=ACECHANDO · dir=— · 0=0.047 · Oz=— · Red=0.04604378376 · manos=ON · pos=LONG 1496@0.05011327 · latido=1.50s
[RANGO] autosello ZKP · ACECHANDO · Oz=0.0 link=— · manos_feria_informe.json
[RANGO] ZKPUSDT_LINEAL last=0.04637 · río=WS · mercado=linear · estado=ACECHANDO · dir=— · 0=0.047 · Oz=— · Red=0.04604378376 · manos=ON · pos=LONG 1496@0.05011327 · latido=1.50s
[RANGO] autosello ZKP · ACECHANDO · Oz=0.0 link=— · manos_feria_informe.json
[RANGO] ZKPUSDT_LINEAL last=0.04638 · río=WS · mercado=linear · estado=ACECHANDO · dir=— · 0=0.047 · Oz=— · Red=0.04604378376 · manos=ON · pos=LONG 1496@0.05011327 · latido=1.50s
[RANGO] ZKPUSDT_LINEAL last=0.04639 · río=WS · mercado=linear · estado=ACECHANDO · dir=— · 0=0.047 · Oz=— · Red=0.04604378376 · manos=ON · pos=LONG 1496@0.05011327 · latido=1.50s
[RANGO] autosello ZKP · ACECHANDO · Oz=0.0 link=— · manos_feria_informe.json
[RANGO] ZKPUSDT_LINEAL last=0.04637 · río=ciego/muleta · mercado=linear · estado=ACECHANDO · dir=— · 0=0.047 · Oz=— · Red=0.04604378376 · manos=ON · pos=LONG 1496@0.05011327 · latido=1.50s
[RANGO] autosello ZKP · ACECHANDO · Oz=0.0 link=— · manos_feria_informe.json
[RANGO] ZKPUSDT_LINEAL last=0.04637 · río=WS · mercado=linear · estado=ACECHANDO · dir=— · 0=0.047 · Oz=— · Red=0.04604378376 · manos=ON · pos=LONG 1496@0.05011327 · latido=1.50s
[RANGO] ZKPUSDT_LINEAL last=0.04637 · río=WS · mercado=linear · estado=ACECHANDO · dir=— · 0=0.047 · Oz=— · Red=0.04604378376 · manos=ON · pos=LONG 1496@0.05011327 · latido=1.50s
[RANGO] autosello ZKP · ACECHANDO · Oz=0.0 link=— · manos_feria_informe.json
[RANGO] ZKPUSDT_LINEAL last=0.04637 · río=ciego/muleta · mercado=linear · estado=ACECHANDO · dir=— · 0=0.047 · Oz=— · Red=0.04604378376 · manos=ON · pos=LONG 1496@0.05011327 · latido=1.50s
[RANGO] autosello ZKP · ACECHANDO · Oz=0.0 link=— · manos_feria_informe.json
[RANGO] ZKPUSDT_LINEAL last=0.04636 · río=WS · mercado=linear · estado=ACECHANDO · dir=— · 0=0.047 · Oz=— · Red=0.04604378376 · manos=ON · pos=LONG 1496@0.05011327 · latido=1.50s
[RANGO] ZKPUSDT_LINEAL last=0.04637 · río=ciego/muleta · mercado=linear · estado=ACECHANDO · dir=— · 0=0.047 · Oz=— · Red=0.04604378376 · manos=ON · pos=LONG 1496@0.05011327 · latido=1.50s
[RANGO] autosello ZKP · ACECHANDO · Oz=0.0 link=— · manos_feria_informe.json
[RANGO] ZKPUSDT_LINEAL last=0.04636 · río=WS · mercado=linear · estado=ACECHANDO · dir=— · 0=0.047 · Oz=— · Red=0.04604378376 · manos=ON · pos=LONG 1496@0.05011327 · latido=1.50s
[RANGO] autosello ZKP · ACECHANDO · Oz=0.0 link=— · manos_feria_informe.json
[RANGO] ZKPUSDT_LINEAL last=0.04637 · río=WS · mercado=linear · estado=ACECHANDO · dir=— · 0=0.047 · Oz=— · Red=0.04604378376 · manos=ON · pos=LONG 1496@0.05011327 · latido=1.50s
[RANGO] ZKPUSDT_LINEAL last=0.04638 · río=WS · mercado=linear · estado=ACECHANDO · dir=— · 0=0.047 · Oz=— · Red=0.04604378376 · manos=ON · pos=LONG 1496@0.05011327 · latido=1.50s
[RANGO] autosello ZKP · ACECHANDO · Oz=0.0 link=— · manos_feria_informe.json
[RANGO] ZKPUSDT_LINEAL last=0.0464 · río=WS · mercado=linear · estado=ACECHANDO · dir=— · 0=0.047 · Oz=— · Red=0.04604378376 · manos=ON · pos=LONG 1496@0.05011327 · latido=1.50s
[RANGO] autosello ZKP · ACECHANDO · Oz=0.0 link=— · manos_feria_informe.json
[RANGO] ZKPUSDT_LINEAL last=0.04637 · río=WS · mercado=linear · estado=ACECHANDO · dir=— · 0=0.047 · Oz=— · Red=0.04604378376 · manos=ON · pos=LONG 1496@0.05011327 · latido=1.50s
[RANGO] ZKPUSDT_LINEAL last=0.04637 · río=ciego/muleta · mercado=linear · estado=ACECHANDO · dir=— · 0=0.047 · Oz=— · Red=0.04604378376 · manos=ON · pos=LONG 1496@0.05011327 · latido=1.50s
[RANGO] autosello ZKP · ACECHANDO · Oz=0.0 link=— · manos_feria_informe.json
[RANGO] ZKPUSDT_LINEAL last=0.04636 · río=WS · mercado=linear · estado=ACECHANDO · dir=— · 0=0.047 · Oz=— · Red=0.04604378376 · manos=ON · pos=LONG 1496@0.05011327 · latido=1.50s
[RANGO] autosello ZKP · ACECHANDO · Oz=0.0 link=— · manos_feria_informe.json
[RANGO] ZKPUSDT_LINEAL last=0.04637 · río=ciego/muleta · mercado=linear · estado=ACECHANDO · dir=— · 0=0.047 · Oz=— · Red=0.04604378376 · manos=ON · pos=LONG 1496@0.05011327 · latido=1.50s
[RANGO] ZKPUSDT_LINEAL last=0.04638 · río=WS · mercado=linear · estado=ACECHANDO · dir=— · 0=0.047 · Oz=— · Red=0.04604378376 · manos=ON · pos=LONG 1496@0.05011327 · latido=1.50s
[RANGO] autosello ZKP · ACECHANDO · Oz=0.0 link=— · manos_feria_informe.json
[RANGO] ZKPUSDT_LINEAL last=0.04638 · río=ciego/muleta · mercado=linear · estado=ACECHANDO · dir=— · 0=0.047 · Oz=— · Red=0.04604378376 · manos=ON · pos=LONG 1496@0.05011327 · latido=1.50s
[RANGO] autosello ZKP · ACECHANDO · Oz=0.0 link=— · manos_feria_informe.json
[RANGO] ZKPUSDT_LINEAL last=0.04636 · río=ciego/muleta · mercado=linear · estado=ACECHANDO · dir=— · 0=0.047 · Oz=— · Red=0.04604378376 · manos=ON · pos=LONG 1496@0.05011327 · latido=1.50s
[RANGO] autosello ZKP · ACECHANDO · Oz=0.0 link=— · manos_feria_informe.json
[RANGO] ZKPUSDT_LINEAL last=0.04636 · río=ciego/muleta · mercado=linear · estado=ACECHANDO · dir=— · 0=0.047 · Oz=— · Red=0.04604378376 · manos=ON · pos=LONG 1496@0.05011327 · latido=1.50s
[RANGO] ZKPUSDT_LINEAL last=0.04636 · río=WS · mercado=linear · estado=ACECHANDO · dir=— · 0=0.047 · Oz=— · Red=0.04604378376 · manos=ON · pos=LONG 1496@0.05011327 · latido=1.50s
[RANGO] autosello ZKP · ACECHANDO · Oz=0.0 link=— · manos_feria_informe.json
[RANGO] ZKPUSDT_LINEAL last=0.04635 · río=WS · mercado=linear · estado=ACECHANDO · dir=— · 0=0.047 · Oz=— · Red=0.04604378376 · manos=ON · pos=LONG 1496@0.05011327 · latido=1.50s
[RANGO] autosello ZKP · ACECHANDO · Oz=0.0 link=— · manos_feria_informe.json
[RANGO] ZKPUSDT_LINEAL last=0.04636 · río=WS · mercado=linear · estado=ACECHANDO · dir=— · 0=0.047 · Oz=— · Red=0.04604378376 · manos=ON · pos=LONG 1496@0.05011327 · latido=1.50s
[RANGO] ZKPUSDT_LINEAL last=0.04637 · río=WS · mercado=linear · estado=ACECHANDO · dir=— · 0=0.047 · Oz=— · Red=0.04604378376 · manos=ON · pos=LONG 1496@0.05011327 · latido=1.50s
[RANGO] autosello ZKP · ACECHANDO · Oz=0.0 link=— · manos_feria_informe.json
[RANGO] ZKPUSDT_LINEAL last=0.04646 · río=WS · mercado=linear · estado=ACECHANDO · dir=— · 0=0.047 · Oz=— · Red=0.04604378376 · manos=ON · pos=LONG 1496@0.05011327 · latido=1.50s
[RANGO] autosello ZKP · ACECHANDO · Oz=0.0 link=— · manos_feria_informe.json
[RANGO] ZKPUSDT_LINEAL last=0.04641 · río=WS · mercado=linear · estado=ACECHANDO · dir=— · 0=0.047 · Oz=— · Red=0.04604378376 · manos=ON · pos=LONG 1496@0.05011327 · latido=1.50s
[RANGO] ZKPUSDT_LINEAL last=0.04641 · río=ciego/muleta · mercado=linear · estado=ACECHANDO · dir=— · 0=0.047 · Oz=— · Red=0.04604378376 · manos=ON · pos=LONG 1496@0.05011327 · latido=1.50s
[RANGO] autosello ZKP · ACECHANDO · Oz=0.0 link=— · manos_feria_informe.json
[RANGO] ZKPUSDT_LINEAL last=0.04636 · río=WS · mercado=linear · estado=ACECHANDO · dir=— · 0=0.047 · Oz=— · Red=0.04604378376 · manos=ON · pos=LONG 1496@0.05011327 · latido=1.50s
[RANGO] autosello ZKP · ACECHANDO · Oz=0.0 link=— · manos_feria_informe.json
[RANGO] ZKPUSDT_LINEAL last=0.04637 · río=WS · mercado=linear · estado=ACECHANDO · dir=— · 0=0.047 · Oz=— · Red=0.04604378376 · manos=ON · pos=LONG 1496@0.05011327 · latido=1.50s
[RANGO] ZKPUSDT_LINEAL last=0.04634 · río=WS · mercado=linear · estado=ACECHANDO · dir=— · 0=0.047 · Oz=— · Red=0.04604378376 · manos=ON · pos=LONG 1496@0.05011327 · latido=1.50s
[RANGO] autosello ZKP · ACECHANDO · Oz=0.0 link=— · manos_feria_informe.json
[RANGO] ZKPUSDT_LINEAL last=0.04634 · río=WS · mercado=linear · estado=ACECHANDO · dir=— · 0=0.047 · Oz=— · Red=0.04604378376 · manos=ON · pos=LONG 1496@0.05011327 · latido=1.50s
[RANGO] autosello ZKP · ACECHANDO · Oz=0.0 link=— · manos_feria_informe.json
[RANGO] ZKPUSDT_LINEAL last=0.04638 · río=WS · mercado=linear · estado=ACECHANDO · dir=— · 0=0.047 · Oz=— · Red=0.04604378376 · manos=ON · pos=LONG 1496@0.05011327 · latido=1.50s
[2026-08-31 14:00:45] [TUSK] RECONCILIACIÓN: AKTUSDT_LINEAL: interno L:0.000000/S:0.000000 -> real L:209.400000/S:0.000000
[2026-08-31 14:00:45] [TUSK] RECONCILIACIÓN: SAFEUSDT_LINEAL: interno L:0.000000/S:0.000000 -> real L:0.000000/S:46.600000
[2026-08-31 14:00:45] [TUSK] RECONCILIACIÓN: AIGENSYNUSDT_LINEAL: interno L:0.000000/S:0.000000 -> real L:1230.000000/S:0.000000
[2026-08-31 14:00:45] [TUSK] RECONCILIACIÓN: LSKUSDT_LINEAL: interno L:0.000000/S:0.000000 -> real L:94.400000/S:0.000000
[2026-08-31 14:00:45] [TUSK] RECONCILIACIÓN: ZBTUSDT_LINEAL: interno L:0.000000/S:0.000000 -> real L:0.000000/S:230.800000
[2026-08-31 14:00:45] [TUSK] RECONCILIACIÓN: CROSSUSDT_LINEAL: interno L:0.000000/S:0.000000 -> real L:700.000000/S:0.000000
[2026-08-31 14:00:45] [TUSK] RECONCILIACIÓN: HUSDT_LINEAL: interno L:0.000000/S:0.000000 -> real L:210.000000/S:0.000000
[2026-08-31 14:00:45] [TUSK] RECONCILIACIÓN: ACUUSDT_LINEAL: interno L:0.000000/S:0.000000 -> real L:215.000000/S:0.000000
[2026-08-31 14:00:45] [TUSK] RECONCILIACIÓN: ZEREBROUSDT_LINEAL: interno L:0.000000/S:0.000000 -> real L:0.000000/S:686.000000
[2026-08-31 14:00:45] [TUSK] RECONCILIACIÓN: AEROUSDT_LINEAL: interno L:0.000000/S:0.000000 -> real L:70.000000/S:0.000000
[2026-08-31 14:00:45] [TUSK] RECONCILIACIÓN: ARCUSDT_LINEAL: interno L:0.000000/S:0.000000 -> real L:45.000000/S:0.000000
[2026-08-31 14:00:45] [TUSK] RECONCILIACIÓN_FANTASMA: BSPUSDT_LINEAL existe interno pero no en exchange -> reseteando
[2026-08-31 14:00:45] [TUSK] RECONCILIACIÓN_FANTASMA: WDCUSDT_LINEAL existe interno pero no en exchange -> reseteando
[2026-08-31 14:00:45] [TUSK] RECONCILIACIÓN_FANTASMA: MVLLUSDT_LINEAL existe interno pero no en exchange -> reseteando
[2026-08-31 14:00:45] [TUSK] RECONCILIACIÓN_FANTASMA: CRDOUSDT_LINEAL existe interno pero no en exchange -> reseteando
[2026-08-31 14:00:45] [TUSK] RECONCILIACIÓN_FANTASMA: ZKPUSDT_LINEAL existe interno pero no en exchange -> reseteando
[2026-08-31 14:00:45] [TUSK] RECONCILIACIÓN_FANTASMA: CRVUSDT_LINEAL existe interno pero no en exchange -> reseteando
[2026-08-31 14:00:45] [TUSK] RECONCILIACIÓN_FANTASMA: FWDIUSDT_LINEAL existe interno pero no en exchange -> reseteando
[2026-08-31 14:00:45] [TUSK] RECONCILIACIÓN_FANTASMA: ROBOUSDT_LINEAL existe interno pero no en exchange -> reseteando
[2026-08-31 14:00:45] [TUSK] RECONCILIACIÓN_FANTASMA: TERUSDT_LINEAL existe interno pero no en exchange -> reseteando
[2026-08-31 14:00:45] [TUSK] RECONCILIACIÓN_FANTASMA: ONDSUSDT_LINEAL existe interno pero no en exchange -> reseteando
[2026-08-31 14:00:45] [TUSK] RECONCILIACIÓN_FANTASMA: MARAUSDT_LINEAL existe interno pero no en exchange -> reseteando
[2026-08-31 14:00:45] [TUSK] RECONCILIACIÓN_OK: 22 frentes alineados con exchange
[RANGO] ZKPUSDT_LINEAL last=0.04636 · río=WS · mercado=linear · estado=ACECHANDO · dir=— · 0=0.047 · Oz=— · Red=0.04604378376 · manos=ON · pos=flat · latido=1.50s
[RANGO] autosello ZKP · ACECHANDO · Oz=0.0 link=— · manos_feria_informe.json
[RANGO] ZKPUSDT_LINEAL last=0.04638 · río=WS · mercado=linear · estado=ACECHANDO · dir=— · 0=0.047 · Oz=— · Red=0.04604378376 · manos=ON · pos=flat · latido=1.50s
[RANGO] autosello ZKP · ACECHANDO · Oz=0.0 link=— · manos_feria_informe.json
[RANGO] ZKPUSDT_LINEAL last=0.0464 · río=WS · mercado=linear · estado=ACECHANDO · dir=— · 0=0.047 · Oz=— · Red=0.04604378376 · manos=ON · pos=flat · latido=1.50s
[RANGO] ZKPUSDT_LINEAL last=0.04641 · río=WS · mercado=linear · estado=ACECHANDO · dir=— · 0=0.047 · Oz=— · Red=0.04604378376 · manos=ON · pos=flat · latido=1.50s
[RANGO] autosello ZKP · ACECHANDO · Oz=0.0 link=— · manos_feria_informe.json
[RANGO] ZKPUSDT_LINEAL last=0.04642 · río=WS · mercado=linear · estado=ACECHANDO · dir=— · 0=0.047 · Oz=— · Red=0.04604378376 · manos=ON · pos=flat · latido=1.50s
[RANGO] autosello ZKP · ACECHANDO · Oz=0.0 link=— · manos_feria_informe.json
[RANGO] ZKPUSDT_LINEAL last=0.0464 · río=WS · mercado=linear · estado=ACECHANDO · dir=— · 0=0.047 · Oz=— · Red=0.04604378376 · manos=ON · pos=flat · latido=1.50s
[RANGO] ZKPUSDT_LINEAL last=0.04641 · río=WS · mercado=linear · estado=ACECHANDO · dir=— · 0=0.047 · Oz=— · Red=0.04604378376 · manos=ON · pos=flat · latido=1.50s
[RANGO] autosello ZKP · ACECHANDO · Oz=0.0 link=— · manos_feria_informe.json
[RANGO] ZKPUSDT_LINEAL last=0.04646 · río=WS · mercado=linear · estado=ACECHANDO · dir=— · 0=0.047 · Oz=— · Red=0.04604378376 · manos=ON · pos=flat · latido=1.50s
[RANGO] autosello ZKP · ACECHANDO · Oz=0.0 link=— · manos_feria_informe.json
[RANGO] ZKPUSDT_LINEAL last=0.04645 · río=WS · mercado=linear · estado=ACECHANDO · dir=— · 0=0.047 · Oz=— · Red=0.04604378376 · manos=ON · pos=flat · latido=1.50s
[RANGO] ZKPUSDT_LINEAL last=0.04643 · río=ciego/muleta · mercado=linear · estado=ACECHANDO · dir=— · 0=0.047 · Oz=— · Red=0.04604378376 · manos=ON · pos=flat · latido=1.50s
[RANGO] autosello ZKP · ACECHANDO · Oz=0.0 link=— · manos_feria_informe.json
[RANGO] ZKPUSDT_LINEAL last=0.04643 · río=WS · mercado=linear · estado=ACECHANDO · dir=— · 0=0.047 · Oz=— · Red=0.04604378376 · manos=ON · pos=flat · latido=1.50s
[RANGO] autosello ZKP · ACECHANDO · Oz=0.0 link=— · manos_feria_informe.json
[RANGO] ZKPUSDT_LINEAL last=0.04642 · río=WS · mercado=linear · estado=ACECHANDO · dir=— · 0=0.047 · Oz=— · Red=0.04604378376 · manos=ON · pos=flat · latido=1.50s
[RANGO] ZKPUSDT_LINEAL last=0.04642 · río=WS · mercado=linear · estado=ACECHANDO · dir=— · 0=0.047 · Oz=— · Red=0.04604378376 · manos=ON · pos=flat · latido=1.50s
[RANGO] autosello ZKP · ACECHANDO · Oz=0.0 link=— · manos_feria_informe.json
[RANGO] ZKPUSDT_LINEAL last=0.04645 · río=WS · mercado=linear · estado=ACECHANDO · dir=— · 0=0.047 · Oz=— · Red=0.04604378376 · manos=ON · pos=flat · latido=1.50s
[RANGO] autosello ZKP · ACECHANDO · Oz=0.0 link=— · manos_feria_informe.json
[RANGO] ZKPUSDT_LINEAL last=0.04643 · río=WS · mercado=linear · estado=ACECHANDO · dir=— · 0=0.047 · Oz=— · Red=0.04604378376 · manos=ON · pos=flat · latido=1.50s
[RANGO] ZKPUSDT_LINEAL last=0.04643 · río=WS · mercado=linear · estado=ACECHANDO · dir=— · 0=0.047 · Oz=— · Red=0.04604378376 · manos=ON · pos=flat · latido=1.50s
[RANGO] autosello ZKP · ACECHANDO · Oz=0.0 link=— · manos_feria_informe.json
[RANGO] ZKPUSDT_LINEAL last=0.04645 · río=WS · mercado=linear · estado=ACECHANDO · dir=— · 0=0.047 · Oz=— · Red=0.04604378376 · manos=ON · pos=flat · latido=1.50s
[RANGO] autosello ZKP · ACECHANDO · Oz=0.0 link=— · manos_feria_informe.json
[RANGO] ZKPUSDT_LINEAL last=0.04645 · río=ciego/muleta · mercado=linear · estado=ACECHANDO · dir=— · 0=0.047 · Oz=— · Red=0.04604378376 · manos=ON · pos=flat · latido=1.50s
[RANGO] ZKPUSDT_LINEAL last=0.04647 · río=WS · mercado=linear · estado=ACECHANDO · dir=— · 0=0.047 · Oz=— · Red=0.04604378376 · manos=ON · pos=flat · latido=1.50s
[RANGO] autosello ZKP · ACECHANDO · Oz=0.0 link=— · manos_feria_informe.json
[RANGO] ZKPUSDT_LINEAL last=0.04647 · río=WS · mercado=linear · estado=ACECHANDO · dir=— · 0=0.047 · Oz=— · Red=0.04604378376 · manos=ON · pos=flat · latido=1.50s
[RANGO] autosello ZKP · ACECHANDO · Oz=0.0 link=— · manos_feria_informe.json
[RANGO] ZKPUSDT_LINEAL last=0.04645 · río=WS · mercado=linear · estado=ACECHANDO · dir=— · 0=0.047 · Oz=— · Red=0.04604378376 · manos=ON · pos=flat · latido=1.50s
[RANGO] ZKPUSDT_LINEAL last=0.04644 · río=WS · mercado=linear · estado=ACECHANDO · dir=— · 0=0.047 · Oz=— · Red=0.04604378376 · manos=ON · pos=flat · latido=1.50s
[RANGO] autosello ZKP · ACECHANDO · Oz=0.0 link=— · manos_feria_informe.json
[RANGO] ZKPUSDT_LINEAL last=0.04647 · río=WS · mercado=linear · estado=ACECHANDO · dir=— · 0=0.047 · Oz=— · Red=0.04604378376 · manos=ON · pos=flat · latido=1.50s
[RANGO] autosello ZKP · ACECHANDO · Oz=0.0 link=— · manos_feria_informe.json
[RANGO] ZKPUSDT_LINEAL last=0.04646 · río=WS · mercado=linear · estado=ACECHANDO · dir=— · 0=0.047 · Oz=— · Red=0.04604378376 · manos=ON · pos=flat · latido=1.50s
[RANGO] ZKPUSDT_LINEAL last=0.04645 · río=WS · mercado=linear · estado=ACECHANDO · dir=— · 0=0.047 · Oz=— · Red=0.04604378376 · manos=ON · pos=flat · latido=1.50s
[RANGO] autosello ZKP · ACECHANDO · Oz=0.0 link=— · manos_feria_informe.json
[RANGO] ZKPUSDT_LINEAL last=0.04646 · río=WS · mercado=linear · estado=ACECHANDO · dir=— · 0=0.047 · Oz=— · Red=0.04604378376 · manos=ON · pos=flat · latido=1.50s
[RANGO] autosello ZKP · ACECHANDO · Oz=0.0 link=— · manos_feria_informe.json
[RANGO] ZKPUSDT_LINEAL last=0.04645 · río=WS · mercado=linear · estado=ACECHANDO · dir=— · 0=0.047 · Oz=— · Red=0.04604378376 · manos=ON · pos=flat · latido=1.50s
[RANGO] autosello ZKP · ACECHANDO · Oz=0.0 link=— · manos_feria_informe.json
[RANGO] ZKPUSDT_LINEAL last=0.04642 · río=WS · mercado=linear · estado=ACECHANDO · dir=— · 0=0.047 · Oz=— · Red=0.04604378376 · manos=ON · pos=flat · latido=1.50s
[RANGO] ZKPUSDT_LINEAL last=0.04644 · río=ciego/muleta · mercado=linear · estado=ACECHANDO · dir=— · 0=0.047 · Oz=— · Red=0.04604378376 · manos=ON · pos=flat · latido=1.50s
[RANGO] autosello ZKP · ACECHANDO · Oz=0.0 link=— · manos_feria_informe.json
[RANGO] ZKPUSDT_LINEAL last=0.04642 · río=WS · mercado=linear · estado=ACECHANDO · dir=— · 0=0.047 · Oz=— · Red=0.04604378376 · manos=ON · pos=flat · latido=1.50s
[RANGO] autosello ZKP · ACECHANDO · Oz=0.0 link=— · manos_feria_informe.json
[RANGO] ZKPUSDT_LINEAL last=0.04642 · río=WS · mercado=linear · estado=ACECHANDO · dir=— · 0=0.047 · Oz=— · Red=0.04604378376 · manos=ON · pos=flat · latido=1.50s
[RANGO] ZKPUSDT_LINEAL last=0.04641 · río=WS · mercado=linear · estado=ACECHANDO · dir=— · 0=0.047 · Oz=— · Red=0.04604378376 · manos=ON · pos=flat · latido=1.50s
[RANGO] autosello ZKP · ACECHANDO · Oz=0.0 link=— · manos_feria_informe.json
[RANGO] ZKPUSDT_LINEAL last=0.04643 · río=WS · mercado=linear · estado=ACECHANDO · dir=— · 0=0.047 · Oz=— · Red=0.04604378376 · manos=ON · pos=flat · latido=1.50s
[RANGO] autosello ZKP · ACECHANDO · Oz=0.0 link=— · manos_feria_informe.json
[RANGO] ZKPUSDT_LINEAL last=0.04642 · río=WS · mercado=linear · estado=ACECHANDO · dir=— · 0=0.047 · Oz=— · Red=0.04604378376 · manos=ON · pos=flat · latido=1.50s
[RANGO] ZKPUSDT_LINEAL last=0.04641 · río=ciego/muleta · mercado=linear · estado=ACECHANDO · dir=— · 0=0.047 · Oz=— · Red=0.04604378376 · manos=ON · pos=flat · latido=1.50s
[RANGO] autosello ZKP · ACECHANDO · Oz=0.0 link=— · manos_feria_informe.json
[RANGO] ZKPUSDT_LINEAL last=0.04641 · río=ciego/muleta · mercado=linear · estado=ACECHANDO · dir=— · 0=0.047 · Oz=— · Red=0.04604378376 · manos=ON · pos=flat · latido=1.50s
[RANGO] autosello ZKP · ACECHANDO · Oz=0.0 link=— · manos_feria_informe.json
[RANGO] ZKPUSDT_LINEAL last=0.04641 · río=WS · mercado=linear · estado=ACECHANDO · dir=— · 0=0.047 · Oz=— · Red=0.04604378376 · manos=ON · pos=flat · latido=1.50s
[RANGO] ZKPUSDT_LINEAL last=0.04644 · río=WS · mercado=linear · estado=ACECHANDO · dir=— · 0=0.047 · Oz=— · Red=0.04604378376 · manos=ON · pos=flat · latido=1.50s
[RANGO] autosello ZKP · ACECHANDO · Oz=0.0 link=— · manos_feria_informe.json
[RANGO] ZKPUSDT_LINEAL last=0.04644 · río=WS · mercado=linear · estado=ACECHANDO · dir=— · 0=0.047 · Oz=— · Red=0.04604378376 · manos=ON · pos=flat · latido=1.50s
[RANGO] autosello ZKP · ACECHANDO · Oz=0.0 link=— · manos_feria_informe.json
[RANGO] ZKPUSDT_LINEAL last=0.04641 · río=ciego/muleta · mercado=linear · estado=ACECHANDO · dir=— · 0=0.047 · Oz=— · Red=0.04604378376 · manos=ON · pos=flat · latido=1.50s
[RANGO] ZKPUSDT_LINEAL last=0.04643 · río=ciego/muleta · mercado=linear · estado=ACECHANDO · dir=— · 0=0.047 · Oz=— · Red=0.04604378376 · manos=ON · pos=flat · latido=1.50s
[RANGO] autosello ZKP · ACECHANDO · Oz=0.0 link=— · manos_feria_informe.json
[RANGO] ZKPUSDT_LINEAL last=0.04642 · río=WS · mercado=linear · estado=ACECHANDO · dir=— · 0=0.047 · Oz=— · Red=0.04604378376 · manos=ON · pos=flat · latido=1.50s
[RANGO] autosello ZKP · ACECHANDO · Oz=0.0 link=— · manos_feria_informe.json
[RANGO] ZKPUSDT_LINEAL last=0.04641 · río=WS · mercado=linear · estado=ACECHANDO · dir=— · 0=0.047 · Oz=— · Red=0.04604378376 · manos=ON · pos=flat · latido=1.50s
[RANGO] ZKPUSDT_LINEAL last=0.04643 · río=WS · mercado=linear · estado=ACECHANDO · dir=— · 0=0.047 · Oz=— · Red=0.04604378376 · manos=ON · pos=flat · latido=1.50s
[RANGO] autosello ZKP · ACECHANDO · Oz=0.0 link=— · manos_feria_informe.json
[RANGO] ZKPUSDT_LINEAL last=0.04641 · río=WS · mercado=linear · estado=ACECHANDO · dir=— · 0=0.047 · Oz=— · Red=0.04604378376 · manos=ON · pos=flat · latido=1.50s
[RANGO] autosello ZKP · ACECHANDO · Oz=0.0 link=— · manos_feria_informe.json
[RANGO] ZKPUSDT_LINEAL last=0.04638 · río=WS · mercado=linear · estado=ACECHANDO · dir=— · 0=0.047 · Oz=— · Red=0.04604378376 · manos=ON · pos=flat · latido=1.50s
[RANGO] ZKPUSDT_LINEAL last=0.04638 · río=WS · mercado=linear · estado=ACECHANDO · dir=— · 0=0.047 · Oz=— · Red=0.04604378376 · manos=ON · pos=flat · latido=1.50s
[RANGO] autosello ZKP · ACECHANDO · Oz=0.0 link=— · manos_feria_informe.json
[RANGO] ZKPUSDT_LINEAL last=0.04632 · río=WS · mercado=linear · estado=ACECHANDO · dir=— · 0=0.047 · Oz=— · Red=0.04604378376 · manos=ON · pos=flat · latido=1.50s
[RANGO] autosello ZKP · ACECHANDO · Oz=0.0 link=— · manos_feria_informe.json
[RANGO] ZKPUSDT_LINEAL last=0.04635 · río=ciego/muleta · mercado=linear · estado=ACECHANDO · dir=— · 0=0.047 · Oz=— · Red=0.04604378376 · manos=ON · pos=flat · latido=1.50s
[RANGO] ZKPUSDT_LINEAL last=0.04634 · río=WS · mercado=linear · estado=ACECHANDO · dir=— · 0=0.047 · Oz=— · Red=0.04604378376 · manos=ON · pos=flat · latido=1.50s
[RANGO] autosello ZKP · ACECHANDO · Oz=0.0 link=— · manos_feria_informe.json
[RANGO] ZKPUSDT_LINEAL last=0.04625 · río=WS · mercado=linear · estado=ACECHANDO · dir=— · 0=0.047 · Oz=— · Red=0.04604378376 · manos=ON · pos=flat · latido=1.50s
[RANGO] autosello ZKP · ACECHANDO · Oz=0.0 link=— · manos_feria_informe.json
[RANGO] ZKPUSDT_LINEAL last=0.04632 · río=WS · mercado=linear · estado=ACECHANDO · dir=— · 0=0.047 · Oz=— · Red=0.04604378376 · manos=ON · pos=flat · latido=1.50s
[RANGO] ZKPUSDT_LINEAL last=0.04626 · río=WS · mercado=linear · estado=ACECHANDO · dir=— · 0=0.047 · Oz=— · Red=0.04604378376 · manos=ON · pos=flat · latido=1.50s
[RANGO] autosello ZKP · ACECHANDO · Oz=0.0 link=— · manos_feria_informe.json
[RANGO] ZKPUSDT_LINEAL last=0.0463 · río=WS · mercado=linear · estado=ACECHANDO · dir=— · 0=0.047 · Oz=— · Red=0.04604378376 · manos=ON · pos=flat · latido=1.50s
[RANGO] autosello ZKP · ACECHANDO · Oz=0.0 link=— · manos_feria_informe.json
[RANGO] ZKPUSDT_LINEAL last=0.04629 · río=WS · mercado=linear · estado=ACECHANDO · dir=— · 0=0.047 · Oz=— · Red=0.04604378376 · manos=ON · pos=flat · latido=1.50s
[RANGO] ZKPUSDT_LINEAL last=0.0463 · río=WS · mercado=linear · estado=ACECHANDO · dir=— · 0=0.047 · Oz=— · Red=0.04604378376 · manos=ON · pos=flat · latido=1.50s
[RANGO] autosello ZKP · ACECHANDO · Oz=0.0 link=— · manos_feria_informe.json
[RANGO] ZKPUSDT_LINEAL last=0.04629 · río=WS · mercado=linear · estado=ACECHANDO · dir=— · 0=0.047 · Oz=— · Red=0.04604378376 · manos=ON · pos=flat · latido=1.50s
[RANGO] autosello ZKP · ACECHANDO · Oz=0.0 link=— · manos_feria_informe.json
[RANGO] ZKPUSDT_LINEAL last=0.04626 · río=WS · mercado=linear · estado=ACECHANDO · dir=— · 0=0.047 · Oz=— · Red=0.04604378376 · manos=ON · pos=flat · latido=1.50s
[RANGO] ZKPUSDT_LINEAL last=0.04627 · río=WS · mercado=linear · estado=ACECHANDO · dir=— · 0=0.047 · Oz=— · Red=0.04604378376 · manos=ON · pos=flat · latido=1.50s
[RANGO] autosello ZKP · ACECHANDO · Oz=0.0 link=— · manos_feria_informe.json
[RANGO] ZKPUSDT_LINEAL last=0.04627 · río=ciego/muleta · mercado=linear · estado=ACECHANDO · dir=— · 0=0.047 · Oz=— · Red=0.04604378376 · manos=ON · pos=flat · latido=1.50s
[RANGO] autosello ZKP · ACECHANDO · Oz=0.0 link=— · manos_feria_informe.json
[RANGO] ZKPUSDT_LINEAL last=0.04626 · río=WS · mercado=linear · estado=ACECHANDO · dir=— · 0=0.047 · Oz=— · Red=0.04604378376 · manos=ON · pos=flat · latido=1.50s
[RANGO] autosello ZKP · ACECHANDO · Oz=0.0 link=— · manos_feria_informe.json
[RANGO] ZKPUSDT_LINEAL last=0.04626 · río=WS · mercado=linear · estado=ACECHANDO · dir=— · 0=0.047 · Oz=— · Red=0.04604378376 · manos=ON · pos=flat · latido=1.50s
[RANGO] ZKPUSDT_LINEAL last=0.04626 · río=WS · mercado=linear · estado=ACECHANDO · dir=— · 0=0.047 · Oz=— · Red=0.04604378376 · manos=ON · pos=flat · latido=1.50s
[RANGO] autosello ZKP · ACECHANDO · Oz=0.0 link=— · manos_feria_informe.json
[RANGO] ZKPUSDT_LINEAL last=0.04625 · río=WS · mercado=linear · estado=ACECHANDO · dir=— · 0=0.047 · Oz=— · Red=0.04604378376 · manos=ON · pos=flat · latido=1.50s
[RANGO] autosello ZKP · ACECHANDO · Oz=0.0 link=— · manos_feria_informe.json
[RANGO] ZKPUSDT_LINEAL last=0.04623 · río=WS · mercado=linear · estado=ACECHANDO · dir=— · 0=0.047 · Oz=— · Red=0.04604378376 · manos=ON · pos=flat · latido=1.50s
[RANGO] ZKPUSDT_LINEAL last=0.04632 · río=WS · mercado=linear · estado=ACECHANDO · dir=— · 0=0.047 · Oz=— · Red=0.04604378376 · manos=ON · pos=flat · latido=1.50s
[RANGO] autosello ZKP · ACECHANDO · Oz=0.0 link=— · manos_feria_informe.json
[RANGO] ZKPUSDT_LINEAL last=0.0463 · río=WS · mercado=linear · estado=ACECHANDO · dir=— · 0=0.047 · Oz=— · Red=0.04604378376 · manos=ON · pos=flat · latido=1.50s
[RANGO] autosello ZKP · ACECHANDO · Oz=0.0 link=— · manos_feria_informe.json
[RANGO] ZKPUSDT_LINEAL last=0.04628 · río=WS · mercado=linear · estado=ACECHANDO · dir=— · 0=0.047 · Oz=— · Red=0.04604378376 · manos=ON · pos=flat · latido=1.50s
[RANGO] ZKPUSDT_LINEAL last=0.04628 · río=WS · mercado=linear · estado=ACECHANDO · dir=— · 0=0.047 · Oz=— · Red=0.04604378376 · manos=ON · pos=flat · latido=1.50s
[RANGO] autosello ZKP · ACECHANDO · Oz=0.0 link=— · manos_feria_informe.json
[RANGO] ZKPUSDT_LINEAL last=0.04628 · río=WS · mercado=linear · estado=ACECHANDO · dir=— · 0=0.047 · Oz=— · Red=0.04604378376 · manos=ON · pos=flat · latido=1.50s
[RANGO] autosello ZKP · ACECHANDO · Oz=0.0 link=— · manos_feria_informe.json
[RANGO] ZKPUSDT_LINEAL last=0.04628 · río=ciego/muleta · mercado=linear · estado=ACECHANDO · dir=— · 0=0.047 · Oz=— · Red=0.04604378376 · manos=ON · pos=flat · latido=1.50s
[RANGO] ZKPUSDT_LINEAL last=0.04628 · río=WS · mercado=linear · estado=ACECHANDO · dir=— · 0=0.047 · Oz=— · Red=0.04604378376 · manos=ON · pos=flat · latido=1.50s
[RANGO] autosello ZKP · ACECHANDO · Oz=0.0 link=— · manos_feria_informe.json
[RANGO] ZKPUSDT_LINEAL last=0.04627 · río=ciego/muleta · mercado=linear · estado=ACECHANDO · dir=— · 0=0.047 · Oz=— · Red=0.04604378376 · manos=ON · pos=flat · latido=1.50s
[RANGO] autosello ZKP · ACECHANDO · Oz=0.0 link=— · manos_feria_informe.json
[RANGO] ZKPUSDT_LINEAL last=0.04627 · río=WS · mercado=linear · estado=ACECHANDO · dir=— · 0=0.047 · Oz=— · Red=0.04604378376 · manos=ON · pos=flat · latido=1.50s
[RANGO] ZKPUSDT_LINEAL last=0.04627 · río=WS · mercado=linear · estado=ACECHANDO · dir=— · 0=0.047 · Oz=— · Red=0.04604378376 · manos=ON · pos=flat · latido=1.50s
[RANGO] autosello ZKP · ACECHANDO · Oz=0.0 link=— · manos_feria_informe.json
[RANGO] ZKPUSDT_LINEAL last=0.04635 · río=WS · mercado=linear · estado=ACECHANDO · dir=— · 0=0.047 · Oz=— · Red=0.04604378376 · manos=ON · pos=flat · latido=1.50s
[RANGO] autosello ZKP · ACECHANDO · Oz=0.0 link=— · manos_feria_informe.json
[RANGO] ZKPUSDT_LINEAL last=0.04633 · río=ciego/muleta · mercado=linear · estado=ACECHANDO · dir=— · 0=0.047 · Oz=— · Red=0.04604378376 · manos=ON · pos=flat · latido=1.50s
[RANGO] ZKPUSDT_LINEAL last=0.04634 · río=ciego/muleta · mercado=linear · estado=ACECHANDO · dir=— · 0=0.047 · Oz=— · Red=0.04604378376 · manos=ON · pos=flat · latido=1.50s
[RANGO] autosello ZKP · ACECHANDO · Oz=0.0 link=— · manos_feria_informe.json
[RANGO] ZKPUSDT_LINEAL last=0.04634 · río=ciego/muleta · mercado=linear · estado=ACECHANDO · dir=— · 0=0.047 · Oz=— · Red=0.04604378376 · manos=ON · pos=flat · latido=1.50s
[RANGO] autosello ZKP · ACECHANDO · Oz=0.0 link=— · manos_feria_informe.json
[RANGO] ZKPUSDT_LINEAL last=0.04646 · río=WS · mercado=linear · estado=ACECHANDO · dir=— · 0=0.047 · Oz=— · Red=0.04604378376 · manos=ON · pos=flat · latido=1.50s
[RANGO] ZKPUSDT_LINEAL last=0.04647 · río=WS · mercado=linear · estado=ACECHANDO · dir=— · 0=0.047 · Oz=— · Red=0.04604378376 · manos=ON · pos=flat · latido=1.50s
[RANGO] autosello ZKP · ACECHANDO · Oz=0.0 link=— · manos_feria_informe.json
[RANGO] ZKPUSDT_LINEAL last=0.04648 · río=WS · mercado=linear · estado=ACECHANDO · dir=— · 0=0.047 · Oz=— · Red=0.04604378376 · manos=ON · pos=flat · latido=1.50s
[RANGO] autosello ZKP · ACECHANDO · Oz=0.0 link=— · manos_feria_informe.json
[RANGO] ZKPUSDT_LINEAL last=0.04648 · río=WS · mercado=linear · estado=ACECHANDO · dir=— · 0=0.047 · Oz=— · Red=0.04604378376 · manos=ON · pos=flat · latido=1.50s
[RANGO] ZKPUSDT_LINEAL last=0.04646 · río=WS · mercado=linear · estado=ACECHANDO · dir=— · 0=0.047 · Oz=— · Red=0.04604378376 · manos=ON · pos=flat · latido=1.50s
[RANGO] autosello ZKP · ACECHANDO · Oz=0.0 link=— · manos_feria_informe.json
[RANGO] ZKPUSDT_LINEAL last=0.04646 · río=WS · mercado=linear · estado=ACECHANDO · dir=— · 0=0.047 · Oz=— · Red=0.04604378376 · manos=ON · pos=flat · latido=1.50s
[RANGO] autosello ZKP · ACECHANDO · Oz=0.0 link=— · manos_feria_informe.json
[RANGO] ZKPUSDT_LINEAL last=0.04653 · río=WS · mercado=linear · estado=ACECHANDO · dir=— · 0=0.047 · Oz=— · Red=0.04604378376 · manos=ON · pos=flat · latido=1.50s
[RANGO] ZKPUSDT_LINEAL last=0.04653 · río=ciego/muleta · mercado=linear · estado=ACECHANDO · dir=— · 0=0.047 · Oz=— · Red=0.04604378376 · manos=ON · pos=flat · latido=1.50s
[RANGO] autosello ZKP · ACECHANDO · Oz=0.0 link=— · manos_feria_informe.json
[RANGO] ZKPUSDT_LINEAL last=0.04654 · río=WS · mercado=linear · estado=ACECHANDO · dir=— · 0=0.047 · Oz=— · Red=0.04604378376 · manos=ON · pos=flat · latido=1.50s
[RANGO] autosello ZKP · ACECHANDO · Oz=0.0 link=— · manos_feria_informe.json
[RANGO] ZKPUSDT_LINEAL last=0.04654 · río=WS · mercado=linear · estado=ACECHANDO · dir=— · 0=0.047 · Oz=— · Red=0.04604378376 · manos=ON · pos=flat · latido=1.50s
[RANGO] ZKPUSDT_LINEAL last=0.04652 · río=WS · mercado=linear · estado=ACECHANDO · dir=— · 0=0.047 · Oz=— · Red=0.04604378376 · manos=ON · pos=flat · latido=1.50s
[RANGO] autosello ZKP · ACECHANDO · Oz=0.0 link=— · manos_feria_informe.json
[RANGO] ZKPUSDT_LINEAL last=0.04652 · río=WS · mercado=linear · estado=ACECHANDO · dir=— · 0=0.047 · Oz=— · Red=0.04604378376 · manos=ON · pos=flat · latido=1.50s
[2026-08-31 14:16:04] [TUSK] RECONCILIACIÓN: OUSDT_LINEAL: interno L:0.000000/S:44.000000 -> real L:0.000000/S:54.000000
[2026-08-31 14:16:04] [TUSK] RECONCILIACIÓN_FANTASMA: OPUSD_INVERSE existe interno pero no en exchange -> reseteando
[2026-08-31 14:16:04] [TUSK] RECONCILIACIÓN_OK: 2 frentes alineados con exchange
[RANGO] autosello ZKP · ACECHANDO · Oz=0.0 link=— · manos_feria_informe.json
[RANGO] ZKPUSDT_LINEAL last=0.04652 · río=ciego/muleta · mercado=linear · estado=ACECHANDO · dir=— · 0=0.047 · Oz=— · Red=0.04604378376 · manos=ON · pos=flat · latido=1.50s
[RANGO] ZKPUSDT_LINEAL last=0.04666 · río=WS · mercado=linear · estado=ACECHANDO · dir=— · 0=0.047 · Oz=— · Red=0.04604378376 · manos=ON · pos=flat · latido=1.50s
[RANGO] autosello ZKP · ACECHANDO · Oz=0.0 link=— · manos_feria_informe.json
[RANGO] ZKPUSDT_LINEAL last=0.04669 · río=WS · mercado=linear · estado=ACECHANDO · dir=— · 0=0.047 · Oz=— · Red=0.04604378376 · manos=ON · pos=flat · latido=1.50s
[RANGO] autosello ZKP · ACECHANDO · Oz=0.0 link=— · manos_feria_informe.json
[RANGO] ZKPUSDT_LINEAL last=0.04667 · río=WS · mercado=linear · estado=ACECHANDO · dir=— · 0=0.047 · Oz=— · Red=0.04604378376 · manos=ON · pos=flat · latido=1.50s
[RANGO] ZKPUSDT_LINEAL last=0.04668 · río=WS · mercado=linear · estado=ACECHANDO · dir=— · 0=0.047 · Oz=— · Red=0.04604378376 · manos=ON · pos=flat · latido=1.50s
[RANGO] autosello ZKP · ACECHANDO · Oz=0.0 link=— · manos_feria_informe.json
[RANGO] ZKPUSDT_LINEAL last=0.04664 · río=WS · mercado=linear · estado=ACECHANDO · dir=— · 0=0.047 · Oz=— · Red=0.04604378376 · manos=ON · pos=flat · latido=1.50s
[RANGO] autosello ZKP · ACECHANDO · Oz=0.0 link=— · manos_feria_informe.json
[RANGO] ZKPUSDT_LINEAL last=0.04666 · río=WS · mercado=linear · estado=ACECHANDO · dir=— · 0=0.047 · Oz=— · Red=0.04604378376 · manos=ON · pos=flat · latido=1.50s
[RANGO] ZKPUSDT_LINEAL last=0.04664 · río=WS · mercado=linear · estado=ACECHANDO · dir=— · 0=0.047 · Oz=— · Red=0.04604378376 · manos=ON · pos=flat · latido=1.50s
[RANGO] autosello ZKP · ACECHANDO · Oz=0.0 link=— · manos_feria_informe.json
[RANGO] ZKPUSDT_LINEAL last=0.04664 · río=WS · mercado=linear · estado=ACECHANDO · dir=— · 0=0.047 · Oz=— · Red=0.04604378376 · manos=ON · pos=flat · latido=1.50s
[RANGO] autosello ZKP · ACECHANDO · Oz=0.0 link=— · manos_feria_informe.json
[RANGO] ZKPUSDT_LINEAL last=0.04664 · río=WS · mercado=linear · estado=ACECHANDO · dir=— · 0=0.047 · Oz=— · Red=0.04604378376 · manos=ON · pos=flat · latido=1.50s
[RANGO] ZKPUSDT_LINEAL last=0.04664 · río=ciego/muleta · mercado=linear · estado=ACECHANDO · dir=— · 0=0.047 · Oz=— · Red=0.04604378376 · manos=ON · pos=flat · latido=1.50s
[RANGO] autosello ZKP · ACECHANDO · Oz=0.0 link=— · manos_feria_informe.json
[RANGO] ZKPUSDT_LINEAL last=0.04664 · río=WS · mercado=linear · estado=ACECHANDO · dir=— · 0=0.047 · Oz=— · Red=0.04604378376 · manos=ON · pos=flat · latido=1.50s
[RANGO] autosello ZKP · ACECHANDO · Oz=0.0 link=— · manos_feria_informe.json
[RANGO] ZKPUSDT_LINEAL last=0.04667 · río=WS · mercado=linear · estado=ACECHANDO · dir=— · 0=0.047 · Oz=— · Red=0.04604378376 · manos=ON · pos=flat · latido=1.50s
[RANGO] autosello ZKP · ACECHANDO · Oz=0.0 link=— · manos_feria_informe.json
[RANGO] ZKPUSDT_LINEAL last=0.04667 · río=WS · mercado=linear · estado=ACECHANDO · dir=— · 0=0.047 · Oz=— · Red=0.04604378376 · manos=ON · pos=flat · latido=1.50s
[RANGO] ZKPUSDT_LINEAL last=0.04669 · río=ciego/muleta · mercado=linear · estado=ACECHANDO · dir=— · 0=0.047 · Oz=— · Red=0.04604378376 · manos=ON · pos=flat · latido=1.50s
[RANGO] autosello ZKP · ACECHANDO · Oz=0.0 link=— · manos_feria_informe.json
[RANGO] ZKPUSDT_LINEAL last=0.04668 · río=WS · mercado=linear · estado=ACECHANDO · dir=— · 0=0.047 · Oz=— · Red=0.04604378376 · manos=ON · pos=flat · latido=1.50s
[RANGO] autosello ZKP · ACECHANDO · Oz=0.0 link=— · manos_feria_informe.json
[RANGO] ZKPUSDT_LINEAL last=0.04667 · río=WS · mercado=linear · estado=ACECHANDO · dir=— · 0=0.047 · Oz=— · Red=0.04604378376 · manos=ON · pos=flat · latido=1.50s
[RANGO] ZKPUSDT_LINEAL last=0.04667 · río=WS · mercado=linear · estado=ACECHANDO · dir=— · 0=0.047 · Oz=— · Red=0.04604378376 · manos=ON · pos=flat · latido=1.50s
[RANGO] autosello ZKP · ACECHANDO · Oz=0.0 link=— · manos_feria_informe.json
[2026-08-31 14:19:08] [TUSK] RECONCILIACIÓN: CRVUSDT_LINEAL: interno L:0.000000/S:0.000000 -> real L:0.000000/S:77.000000
[2026-08-31 14:19:08] [TUSK] RECONCILIACIÓN_FANTASMA: CHIPUSDT_LINEAL existe interno pero no en exchange -> reseteando
[2026-08-31 14:19:08] [TUSK] RECONCILIACIÓN_OK: 2 frentes alineados con exchange
[RANGO] ZKPUSDT_LINEAL last=0.04665 · río=WS · mercado=linear · estado=ACECHANDO · dir=— · 0=0.047 · Oz=— · Red=0.04604378376 · manos=ON · pos=flat · latido=1.50s
[RANGO] autosello ZKP · ACECHANDO · Oz=0.0 link=— · manos_feria_informe.json
[RANGO] ZKPUSDT_LINEAL last=0.04669 · río=WS · mercado=linear · estado=ACECHANDO · dir=— · 0=0.047 · Oz=— · Red=0.04604378376 · manos=ON · pos=flat · latido=1.50s
[RANGO] ZKPUSDT_LINEAL last=0.04668 · río=WS · mercado=linear · estado=ACECHANDO · dir=— · 0=0.047 · Oz=— · Red=0.04604378376 · manos=ON · pos=flat · latido=1.50s
[RANGO] autosello ZKP · ACECHANDO · Oz=0.0 link=— · manos_feria_informe.json
[RANGO] ZKPUSDT_LINEAL last=0.04671 · río=WS · mercado=linear · estado=ACECHANDO · dir=— · 0=0.047 · Oz=— · Red=0.04604378376 · manos=ON · pos=flat · latido=1.50s
[RANGO] autosello ZKP · ACECHANDO · Oz=0.0 link=— · manos_feria_informe.json
[RANGO] ZKPUSDT_LINEAL last=0.04671 · río=WS · mercado=linear · estado=ACECHANDO · dir=— · 0=0.047 · Oz=— · Red=0.04604378376 · manos=ON · pos=flat · latido=1.50s
[RANGO] ZKPUSDT_LINEAL last=0.04669 · río=WS · mercado=linear · estado=ACECHANDO · dir=— · 0=0.047 · Oz=— · Red=0.04604378376 · manos=ON · pos=flat · latido=1.50s
[RANGO] autosello ZKP · ACECHANDO · Oz=0.0 link=— · manos_feria_informe.json
[RANGO] ZKPUSDT_LINEAL last=0.04671 · río=WS · mercado=linear · estado=ACECHANDO · dir=— · 0=0.047 · Oz=— · Red=0.04604378376 · manos=ON · pos=flat · latido=1.50s
[RANGO] autosello ZKP · ACECHANDO · Oz=0.0 link=— · manos_feria_informe.json
[RANGO] ZKPUSDT_LINEAL last=0.04675 · río=WS · mercado=linear · estado=ACECHANDO · dir=— · 0=0.047 · Oz=— · Red=0.04604378376 · manos=ON · pos=flat · latido=1.50s
[RANGO] ZKPUSDT_LINEAL last=0.0467 · río=WS · mercado=linear · estado=ACECHANDO · dir=— · 0=0.047 · Oz=— · Red=0.04604378376 · manos=ON · pos=flat · latido=1.50s
[RANGO] autosello ZKP · ACECHANDO · Oz=0.0 link=— · manos_feria_informe.json
[RANGO] ZKPUSDT_LINEAL last=0.04676 · río=WS · mercado=linear · estado=ACECHANDO · dir=— · 0=0.047 · Oz=— · Red=0.04604378376 · manos=ON · pos=flat · latido=1.50s
[RANGO] autosello ZKP · ACECHANDO · Oz=0.0 link=— · manos_feria_informe.json
[RANGO] ZKPUSDT_LINEAL last=0.04675 · río=WS · mercado=linear · estado=ACECHANDO · dir=— · 0=0.047 · Oz=— · Red=0.04604378376 · manos=ON · pos=flat · latido=1.50s
[RANGO] ZKPUSDT_LINEAL last=0.04679 · río=WS · mercado=linear · estado=ACECHANDO · dir=— · 0=0.047 · Oz=— · Red=0.04604378376 · manos=ON · pos=flat · latido=1.50s
[RANGO] autosello ZKP · ACECHANDO · Oz=0.0 link=— · manos_feria_informe.json
[RANGO] ZKPUSDT_LINEAL last=0.04674 · río=WS · mercado=linear · estado=ACECHANDO · dir=— · 0=0.047 · Oz=— · Red=0.04604378376 · manos=ON · pos=flat · latido=1.50s
[RANGO] autosello ZKP · ACECHANDO · Oz=0.0 link=— · manos_feria_informe.json
[RANGO] ZKPUSDT_LINEAL last=0.04673 · río=WS · mercado=linear · estado=ACECHANDO · dir=— · 0=0.047 · Oz=— · Red=0.04604378376 · manos=ON · pos=flat · latido=1.50s
[RANGO] ZKPUSDT_LINEAL last=0.04674 · río=WS · mercado=linear · estado=ACECHANDO · dir=— · 0=0.047 · Oz=— · Red=0.04604378376 · manos=ON · pos=flat · latido=1.50s
[RANGO] autosello ZKP · ACECHANDO · Oz=0.0 link=— · manos_feria_informe.json
[RANGO] ZKPUSDT_LINEAL last=0.0467 · río=WS · mercado=linear · estado=ACECHANDO · dir=— · 0=0.047 · Oz=— · Red=0.04604378376 · manos=ON · pos=flat · latido=1.50s
[RANGO] autosello ZKP · ACECHANDO · Oz=0.0 link=— · manos_feria_informe.json
[RANGO] ZKPUSDT_LINEAL last=0.04667 · río=WS · mercado=linear · estado=ACECHANDO · dir=— · 0=0.047 · Oz=— · Red=0.04604378376 · manos=ON · pos=flat · latido=1.50s
[RANGO] ZKPUSDT_LINEAL last=0.04665 · río=WS · mercado=linear · estado=ACECHANDO · dir=— · 0=0.047 · Oz=— · Red=0.04604378376 · manos=ON · pos=flat · latido=1.50s
[RANGO] autosello ZKP · ACECHANDO · Oz=0.0 link=— · manos_feria_informe.json
[RANGO] ZKPUSDT_LINEAL last=0.04664 · río=ciego/muleta · mercado=linear · estado=ACECHANDO · dir=— · 0=0.047 · Oz=— · Red=0.04604378376 · manos=ON · pos=flat · latido=1.50s
[RANGO] autosello ZKP · ACECHANDO · Oz=0.0 link=— · manos_feria_informe.json
[RANGO] ZKPUSDT_LINEAL last=0.04671 · río=WS · mercado=linear · estado=ACECHANDO · dir=— · 0=0.047 · Oz=— · Red=0.04604378376 · manos=ON · pos=flat · latido=1.50s
[RANGO] ZKPUSDT_LINEAL last=0.04671 · río=WS · mercado=linear · estado=ACECHANDO · dir=— · 0=0.047 · Oz=— · Red=0.04604378376 · manos=ON · pos=flat · latido=1.50s
[RANGO] autosello ZKP · ACECHANDO · Oz=0.0 link=— · manos_feria_informe.json
[RANGO] ZKPUSDT_LINEAL last=0.04672 · río=WS · mercado=linear · estado=ACECHANDO · dir=— · 0=0.047 · Oz=— · Red=0.04604378376 · manos=ON · pos=flat · latido=1.50s
[RANGO] autosello ZKP · ACECHANDO · Oz=0.0 link=— · manos_feria_informe.json
[RANGO] ZKPUSDT_LINEAL last=0.04668 · río=WS · mercado=linear · estado=ACECHANDO · dir=— · 0=0.047 · Oz=— · Red=0.04604378376 · manos=ON · pos=flat · latido=1.50s
[RANGO] ZKPUSDT_LINEAL last=0.04669 · río=WS · mercado=linear · estado=ACECHANDO · dir=— · 0=0.047 · Oz=— · Red=0.04604378376 · manos=ON · pos=flat · latido=1.50s
[RANGO] autosello ZKP · ACECHANDO · Oz=0.0 link=— · manos_feria_informe.json
[RANGO] ZKPUSDT_LINEAL last=0.04664 · río=WS · mercado=linear · estado=ACECHANDO · dir=— · 0=0.047 · Oz=— · Red=0.04604378376 · manos=ON · pos=flat · latido=1.50s
[RANGO] autosello ZKP · ACECHANDO · Oz=0.0 link=— · manos_feria_informe.json
[RANGO] ZKPUSDT_LINEAL last=0.04666 · río=WS · mercado=linear · estado=ACECHANDO · dir=— · 0=0.047 · Oz=— · Red=0.04604378376 · manos=ON · pos=flat · latido=1.50s
[RANGO] ZKPUSDT_LINEAL last=0.04666 · río=WS · mercado=linear · estado=ACECHANDO · dir=— · 0=0.047 · Oz=— · Red=0.04604378376 · manos=ON · pos=flat · latido=1.50s
[RANGO] autosello ZKP · ACECHANDO · Oz=0.0 link=— · manos_feria_informe.json
[RANGO] ZKPUSDT_LINEAL last=0.04666 · río=WS · mercado=linear · estado=ACECHANDO · dir=— · 0=0.047 · Oz=— · Red=0.04604378376 · manos=ON · pos=flat · latido=1.50s
[RANGO] autosello ZKP · ACECHANDO · Oz=0.0 link=— · manos_feria_informe.json
[RANGO] ZKPUSDT_LINEAL last=0.04664 · río=WS · mercado=linear · estado=ACECHANDO · dir=— · 0=0.047 · Oz=— · Red=0.04604378376 · manos=ON · pos=flat · latido=1.50s
[RANGO] ZKPUSDT_LINEAL last=0.04665 · río=ciego/muleta · mercado=linear · estado=ACECHANDO · dir=— · 0=0.047 · Oz=— · Red=0.04604378376 · manos=ON · pos=flat · latido=1.50s
[RANGO] autosello ZKP · ACECHANDO · Oz=0.0 link=— · manos_feria_informe.json
[RANGO] ZKPUSDT_LINEAL last=0.04668 · río=WS · mercado=linear · estado=ACECHANDO · dir=— · 0=0.047 · Oz=— · Red=0.04604378376 · manos=ON · pos=flat · latido=1.50s
[RANGO] autosello ZKP · ACECHANDO · Oz=0.0 link=— · manos_feria_informe.json
[RANGO] ZKPUSDT_LINEAL last=0.04668 · río=WS · mercado=linear · estado=ACECHANDO · dir=— · 0=0.047 · Oz=— · Red=0.04604378376 · manos=ON · pos=flat · latido=1.50s
[RANGO] ZKPUSDT_LINEAL last=0.04667 · río=WS · mercado=linear · estado=ACECHANDO · dir=— · 0=0.047 · Oz=— · Red=0.04604378376 · manos=ON · pos=flat · latido=1.50s
[RANGO] autosello ZKP · ACECHANDO · Oz=0.0 link=— · manos_feria_informe.json
[RANGO] ZKPUSDT_LINEAL last=0.0467 · río=ciego/muleta · mercado=linear · estado=ACECHANDO · dir=— · 0=0.047 · Oz=— · Red=0.04604378376 · manos=ON · pos=flat · latido=1.50s
[RANGO] autosello ZKP · ACECHANDO · Oz=0.0 link=— · manos_feria_informe.json
[RANGO] ZKPUSDT_LINEAL last=0.0467 · río=ciego/muleta · mercado=linear · estado=ACECHANDO · dir=— · 0=0.047 · Oz=— · Red=0.04604378376 · manos=ON · pos=flat · latido=1.50s
[RANGO] autosello ZKP · ACECHANDO · Oz=0.0 link=— · manos_feria_informe.json
[RANGO] ZKPUSDT_LINEAL last=0.04668 · río=WS · mercado=linear · estado=ACECHANDO · dir=— · 0=0.047 · Oz=— · Red=0.04604378376 · manos=ON · pos=flat · latido=1.50s
[RANGO] ZKPUSDT_LINEAL last=0.04668 · río=WS · mercado=linear · estado=ACECHANDO · dir=— · 0=0.047 · Oz=— · Red=0.04604378376 · manos=ON · pos=flat · latido=1.50s
[RANGO] autosello ZKP · ACECHANDO · Oz=0.0 link=— · manos_feria_informe.json
[RANGO] ZKPUSDT_LINEAL last=0.0467 · río=WS · mercado=linear · estado=ACECHANDO · dir=— · 0=0.047 · Oz=— · Red=0.04604378376 · manos=ON · pos=flat · latido=1.50s
[RANGO] autosello ZKP · ACECHANDO · Oz=0.0 link=— · manos_feria_informe.json
[RANGO] ZKPUSDT_LINEAL last=0.0467 · río=WS · mercado=linear · estado=ACECHANDO · dir=— · 0=0.047 · Oz=— · Red=0.04604378376 · manos=ON · pos=flat · latido=1.50s
[RANGO] ZKPUSDT_LINEAL last=0.04671 · río=WS · mercado=linear · estado=ACECHANDO · dir=— · 0=0.047 · Oz=— · Red=0.04604378376 · manos=ON · pos=flat · latido=1.50s
[RANGO] autosello ZKP · ACECHANDO · Oz=0.0 link=— · manos_feria_informe.json
[RANGO] ZKPUSDT_LINEAL last=0.04671 · río=WS · mercado=linear · estado=ACECHANDO · dir=— · 0=0.047 · Oz=— · Red=0.04604378376 · manos=ON · pos=flat · latido=1.50s
[RANGO] autosello ZKP · ACECHANDO · Oz=0.0 link=— · manos_feria_informe.json
[RANGO] ZKPUSDT_LINEAL last=0.04671 · río=WS · mercado=linear · estado=ACECHANDO · dir=— · 0=0.047 · Oz=— · Red=0.04604378376 · manos=ON · pos=flat · latido=1.50s
[2026-08-31 14:26:17] [TUSK] RECONCILIACIÓN: CRVUSDT_LINEAL: interno L:0.000000/S:77.000000 -> real L:0.000000/S:95.100000
[2026-08-31 14:26:17] [TUSK] RECONCILIACIÓN: CVXUSDT_LINEAL: interno L:28.700000/S:0.000000 -> real L:25.560000/S:0.000000
[2026-08-31 14:26:17] [TUSK] RECONCILIACIÓN_OK: 2 frentes alineados con exchange
[RANGO] ZKPUSDT_LINEAL last=0.04671 · río=WS · mercado=linear · estado=ACECHANDO · dir=— · 0=0.047 · Oz=— · Red=0.04604378376 · manos=ON · pos=flat · latido=1.50s
[RANGO] autosello ZKP · ACECHANDO · Oz=0.0 link=— · manos_feria_informe.json
[RANGO] ZKPUSDT_LINEAL last=0.0467 · río=WS · mercado=linear · estado=ACECHANDO · dir=— · 0=0.047 · Oz=— · Red=0.04604378376 · manos=ON · pos=flat · latido=1.50s
[RANGO] autosello ZKP · ACECHANDO · Oz=0.0 link=— · manos_feria_informe.json
[RANGO] ZKPUSDT_LINEAL last=0.04673 · río=WS · mercado=linear · estado=ACECHANDO · dir=— · 0=0.047 · Oz=— · Red=0.04604378376 · manos=ON · pos=flat · latido=1.50s
[RANGO] ZKPUSDT_LINEAL last=0.04673 · río=WS · mercado=linear · estado=ACECHANDO · dir=— · 0=0.047 · Oz=— · Red=0.04604378376 · manos=ON · pos=flat · latido=1.50s
[RANGO] autosello ZKP · ACECHANDO · Oz=0.0 link=— · manos_feria_informe.json
[RANGO] ZKPUSDT_LINEAL last=0.04673 · río=WS · mercado=linear · estado=ACECHANDO · dir=— · 0=0.047 · Oz=— · Red=0.04604378376 · manos=ON · pos=flat · latido=1.50s
[RANGO] autosello ZKP · ACECHANDO · Oz=0.0 link=— · manos_feria_informe.json
[RANGO] ZKPUSDT_LINEAL last=0.04674 · río=ciego/muleta · mercado=linear · estado=ACECHANDO · dir=— · 0=0.047 · Oz=— · Red=0.04604378376 · manos=ON · pos=flat · latido=1.50s
[RANGO] ZKPUSDT_LINEAL last=0.04673 · río=WS · mercado=linear · estado=ACECHANDO · dir=— · 0=0.047 · Oz=— · Red=0.04604378376 · manos=ON · pos=flat · latido=1.50s
[RANGO] autosello ZKP · ACECHANDO · Oz=0.0 link=— · manos_feria_informe.json
[RANGO] ZKPUSDT_LINEAL last=0.04672 · río=WS · mercado=linear · estado=ACECHANDO · dir=— · 0=0.047 · Oz=— · Red=0.04604378376 · manos=ON · pos=flat · latido=1.50s
[RANGO] autosello ZKP · ACECHANDO · Oz=0.0 link=— · manos_feria_informe.json
[RANGO] ZKPUSDT_LINEAL last=0.04676 · río=WS · mercado=linear · estado=ACECHANDO · dir=— · 0=0.047 · Oz=— · Red=0.04604378376 · manos=ON · pos=flat · latido=1.50s
[RANGO] ZKPUSDT_LINEAL last=0.04676 · río=WS · mercado=linear · estado=ACECHANDO · dir=— · 0=0.047 · Oz=— · Red=0.04604378376 · manos=ON · pos=flat · latido=1.50s
[RANGO] autosello ZKP · ACECHANDO · Oz=0.0 link=— · manos_feria_informe.json
[RANGO] ZKPUSDT_LINEAL last=0.04675 · río=WS · mercado=linear · estado=ACECHANDO · dir=— · 0=0.047 · Oz=— · Red=0.04604378376 · manos=ON · pos=flat · latido=1.50s
[RANGO] autosello ZKP · ACECHANDO · Oz=0.0 link=— · manos_feria_informe.json
[RANGO] ZKPUSDT_LINEAL last=0.04671 · río=WS · mercado=linear · estado=ACECHANDO · dir=— · 0=0.047 · Oz=— · Red=0.04604378376 · manos=ON · pos=flat · latido=1.50s
[RANGO] ZKPUSDT_LINEAL last=0.0467 · río=WS · mercado=linear · estado=ACECHANDO · dir=— · 0=0.047 · Oz=— · Red=0.04604378376 · manos=ON · pos=flat · latido=1.50s
[RANGO] autosello ZKP · ACECHANDO · Oz=0.0 link=— · manos_feria_informe.json
[RANGO] ZKPUSDT_LINEAL last=0.04667 · río=WS · mercado=linear · estado=ACECHANDO · dir=— · 0=0.047 · Oz=— · Red=0.04604378376 · manos=ON · pos=flat · latido=1.50s
[RANGO] autosello ZKP · ACECHANDO · Oz=0.0 link=— · manos_feria_informe.json
[RANGO] ZKPUSDT_LINEAL last=0.04667 · río=WS · mercado=linear · estado=ACECHANDO · dir=— · 0=0.047 · Oz=— · Red=0.04604378376 · manos=ON · pos=flat · latido=1.50s
[RANGO] ZKPUSDT_LINEAL last=0.04665 · río=WS · mercado=linear · estado=ACECHANDO · dir=— · 0=0.047 · Oz=— · Red=0.04604378376 · manos=ON · pos=flat · latido=1.50s
[RANGO] autosello ZKP · ACECHANDO · Oz=0.0 link=— · manos_feria_informe.json
[RANGO] ZKPUSDT_LINEAL last=0.04666 · río=WS · mercado=linear · estado=ACECHANDO · dir=— · 0=0.047 · Oz=— · Red=0.04604378376 · manos=ON · pos=flat · latido=1.50s
[RANGO] autosello ZKP · ACECHANDO · Oz=0.0 link=— · manos_feria_informe.json
[RANGO] ZKPUSDT_LINEAL last=0.04665 · río=WS · mercado=linear · estado=ACECHANDO · dir=— · 0=0.047 · Oz=— · Red=0.04604378376 · manos=ON · pos=flat · latido=1.50s
[RANGO] ZKPUSDT_LINEAL last=0.04665 · río=ciego/muleta · mercado=linear · estado=ACECHANDO · dir=— · 0=0.047 · Oz=— · Red=0.04604378376 · manos=ON · pos=flat · latido=1.50s
[RANGO] autosello ZKP · ACECHANDO · Oz=0.0 link=— · manos_feria_informe.json
[RANGO] ZKPUSDT_LINEAL last=0.04662 · río=ciego/muleta · mercado=linear · estado=ACECHANDO · dir=— · 0=0.047 · Oz=— · Red=0.04604378376 · manos=ON · pos=flat · latido=1.50s
[RANGO] autosello ZKP · ACECHANDO · Oz=0.0 link=— · manos_feria_informe.json
[RANGO] ZKPUSDT_LINEAL last=0.04661 · río=WS · mercado=linear · estado=ACECHANDO · dir=— · 0=0.047 · Oz=— · Red=0.04604378376 · manos=ON · pos=flat · latido=1.50s
[RANGO] ZKPUSDT_LINEAL last=0.0466 · río=ciego/muleta · mercado=linear · estado=ACECHANDO · dir=— · 0=0.047 · Oz=— · Red=0.04604378376 · manos=ON · pos=flat · latido=1.50s
[RANGO] autosello ZKP · ACECHANDO · Oz=0.0 link=— · manos_feria_informe.json
[RANGO] ZKPUSDT_LINEAL last=0.04664 · río=WS · mercado=linear · estado=ACECHANDO · dir=— · 0=0.047 · Oz=— · Red=0.04604378376 · manos=ON · pos=flat · latido=1.50s
[RANGO] autosello ZKP · ACECHANDO · Oz=0.0 link=— · manos_feria_informe.json
[RANGO] ZKPUSDT_LINEAL last=0.04663 · río=WS · mercado=linear · estado=ACECHANDO · dir=— · 0=0.047 · Oz=— · Red=0.04604378376 · manos=ON · pos=flat · latido=1.50s
[RANGO] ZKPUSDT_LINEAL last=0.04662 · río=WS · mercado=linear · estado=ACECHANDO · dir=— · 0=0.047 · Oz=— · Red=0.04604378376 · manos=ON · pos=flat · latido=1.50s
[RANGO] autosello ZKP · ACECHANDO · Oz=0.0 link=— · manos_feria_informe.json
[RANGO] ZKPUSDT_LINEAL last=0.04663 · río=WS · mercado=linear · estado=ACECHANDO · dir=— · 0=0.047 · Oz=— · Red=0.04604378376 · manos=ON · pos=flat · latido=1.50s
[RANGO] autosello ZKP · ACECHANDO · Oz=0.0 link=— · manos_feria_informe.json
[RANGO] ZKPUSDT_LINEAL last=0.04664 · río=WS · mercado=linear · estado=ACECHANDO · dir=— · 0=0.047 · Oz=— · Red=0.04604378376 · manos=ON · pos=flat · latido=1.50s
[RANGO] ZKPUSDT_LINEAL last=0.04664 · río=WS · mercado=linear · estado=ACECHANDO · dir=— · 0=0.047 · Oz=— · Red=0.04604378376 · manos=ON · pos=flat · latido=1.50s
[RANGO] autosello ZKP · ACECHANDO · Oz=0.0 link=— · manos_feria_informe.json
[RANGO] ZKPUSDT_LINEAL last=0.04666 · río=WS · mercado=linear · estado=ACECHANDO · dir=— · 0=0.047 · Oz=— · Red=0.04604378376 · manos=ON · pos=flat · latido=1.50s
[RANGO] autosello ZKP · ACECHANDO · Oz=0.0 link=— · manos_feria_informe.json
[RANGO] ZKPUSDT_LINEAL last=0.04666 · río=WS · mercado=linear · estado=ACECHANDO · dir=— · 0=0.047 · Oz=— · Red=0.04604378376 · manos=ON · pos=flat · latido=1.50s
[RANGO] ZKPUSDT_LINEAL last=0.04669 · río=WS · mercado=linear · estado=ACECHANDO · dir=— · 0=0.047 · Oz=— · Red=0.04604378376 · manos=ON · pos=flat · latido=1.50s
[RANGO] autosello ZKP · ACECHANDO · Oz=0.0 link=— · manos_feria_informe.json
[RANGO] ZKPUSDT_LINEAL last=0.04668 · río=ciego/muleta · mercado=linear · estado=ACECHANDO · dir=— · 0=0.047 · Oz=— · Red=0.04604378376 · manos=ON · pos=flat · latido=1.50s
[RANGO] autosello ZKP · ACECHANDO · Oz=0.0 link=— · manos_feria_informe.json
[RANGO] ZKPUSDT_LINEAL last=0.04668 · río=ciego/muleta · mercado=linear · estado=ACECHANDO · dir=— · 0=0.047 · Oz=— · Red=0.04604378376 · manos=ON · pos=flat · latido=1.50s
[RANGO] autosello ZKP · ACECHANDO · Oz=0.0 link=— · manos_feria_informe.json
[RANGO] ZKPUSDT_LINEAL last=0.04667 · río=WS · mercado=linear · estado=ACECHANDO · dir=— · 0=0.047 · Oz=— · Red=0.04604378376 · manos=ON · pos=flat · latido=1.50s
[RANGO] ZKPUSDT_LINEAL last=0.04667 · río=WS · mercado=linear · estado=ACECHANDO · dir=— · 0=0.047 · Oz=— · Red=0.04604378376 · manos=ON · pos=flat · latido=1.50s
[RANGO] autosello ZKP · ACECHANDO · Oz=0.0 link=— · manos_feria_informe.json
[RANGO] ZKPUSDT_LINEAL last=0.04669 · río=WS · mercado=linear · estado=ACECHANDO · dir=— · 0=0.047 · Oz=— · Red=0.04604378376 · manos=ON · pos=flat · latido=1.50s
[RANGO] autosello ZKP · ACECHANDO · Oz=0.0 link=— · manos_feria_informe.json
[RANGO] ZKPUSDT_LINEAL last=0.0467 · río=WS · mercado=linear · estado=ACECHANDO · dir=— · 0=0.047 · Oz=— · Red=0.04604378376 · manos=ON · pos=flat · latido=1.50s
[2026-08-31 14:32:24] [TUSK] RECONCILIACIÓN: CRVUSDT_LINEAL: interno L:0.000000/S:95.100000 -> real L:0.000000/S:110.100000
[2026-08-31 14:32:24] [TUSK] RECONCILIACIÓN_OK: 1 frentes alineados con exchange
[RANGO] ZKPUSDT_LINEAL last=0.04676 · río=WS · mercado=linear · estado=ACECHANDO · dir=— · 0=0.047 · Oz=— · Red=0.04604378376 · manos=ON · pos=flat · latido=1.50s
[RANGO] autosello ZKP · ACECHANDO · Oz=0.0 link=— · manos_feria_informe.json
[RANGO] ZKPUSDT_LINEAL last=0.04672 · río=WS · mercado=linear · estado=ACECHANDO · dir=— · 0=0.047 · Oz=— · Red=0.04604378376 · manos=ON · pos=flat · latido=1.50s
[RANGO] autosello ZKP · ACECHANDO · Oz=0.0 link=— · manos_feria_informe.json
[RANGO] ZKPUSDT_LINEAL last=0.04671 · río=WS · mercado=linear · estado=ACECHANDO · dir=— · 0=0.047 · Oz=— · Red=0.04604378376 · manos=ON · pos=flat · latido=1.50s
[RANGO] ZKPUSDT_LINEAL last=0.0467 · río=WS · mercado=linear · estado=ACECHANDO · dir=— · 0=0.047 · Oz=— · Red=0.04604378376 · manos=ON · pos=flat · latido=1.50s
[RANGO] autosello ZKP · ACECHANDO · Oz=0.0 link=— · manos_feria_informe.json
[RANGO] ZKPUSDT_LINEAL last=0.04671 · río=ciego/muleta · mercado=linear · estado=ACECHANDO · dir=— · 0=0.047 · Oz=— · Red=0.04604378376 · manos=ON · pos=flat · latido=1.50s
[RANGO] autosello ZKP · ACECHANDO · Oz=0.0 link=— · manos_feria_informe.json
[RANGO] ZKPUSDT_LINEAL last=0.0467 · río=WS · mercado=linear · estado=ACECHANDO · dir=— · 0=0.047 · Oz=— · Red=0.04604378376 · manos=ON · pos=flat · latido=1.50s
[RANGO] ZKPUSDT_LINEAL last=0.04671 · río=WS · mercado=linear · estado=ACECHANDO · dir=— · 0=0.047 · Oz=— · Red=0.04604378376 · manos=ON · pos=flat · latido=1.50s
[RANGO] autosello ZKP · ACECHANDO · Oz=0.0 link=— · manos_feria_informe.json
[RANGO] ZKPUSDT_LINEAL last=0.04667 · río=WS · mercado=linear · estado=ACECHANDO · dir=— · 0=0.047 · Oz=— · Red=0.04604378376 · manos=ON · pos=flat · latido=1.50s
[RANGO] autosello ZKP · ACECHANDO · Oz=0.0 link=— · manos_feria_informe.json
[RANGO] ZKPUSDT_LINEAL last=0.04668 · río=ciego/muleta · mercado=linear · estado=ACECHANDO · dir=— · 0=0.047 · Oz=— · Red=0.04604378376 · manos=ON · pos=flat · latido=1.50s
[RANGO] ZKPUSDT_LINEAL last=0.04667 · río=WS · mercado=linear · estado=ACECHANDO · dir=— · 0=0.047 · Oz=— · Red=0.04604378376 · manos=ON · pos=flat · latido=1.50s
[RANGO] autosello ZKP · ACECHANDO · Oz=0.0 link=— · manos_feria_informe.json
[RANGO] ZKPUSDT_LINEAL last=0.0467 · río=WS · mercado=linear · estado=ACECHANDO · dir=— · 0=0.047 · Oz=— · Red=0.04604378376 · manos=ON · pos=flat · latido=1.50s
[RANGO] autosello ZKP · ACECHANDO · Oz=0.0 link=— · manos_feria_informe.json
[RANGO] ZKPUSDT_LINEAL last=0.04667 · río=WS · mercado=linear · estado=ACECHANDO · dir=— · 0=0.047 · Oz=— · Red=0.04604378376 · manos=ON · pos=flat · latido=1.50s
[RANGO] ZKPUSDT_LINEAL last=0.04667 · río=WS · mercado=linear · estado=ACECHANDO · dir=— · 0=0.047 · Oz=— · Red=0.04604378376 · manos=ON · pos=flat · latido=1.50s
[RANGO] autosello ZKP · ACECHANDO · Oz=0.0 link=— · manos_feria_informe.json
[RANGO] ZKPUSDT_LINEAL last=0.04667 · río=WS · mercado=linear · estado=ACECHANDO · dir=— · 0=0.047 · Oz=— · Red=0.04604378376 · manos=ON · pos=flat · latido=1.50s
[RANGO] autosello ZKP · ACECHANDO · Oz=0.0 link=— · manos_feria_informe.json
[RANGO] ZKPUSDT_LINEAL last=0.04668 · río=WS · mercado=linear · estado=ACECHANDO · dir=— · 0=0.047 · Oz=— · Red=0.04604378376 · manos=ON · pos=flat · latido=1.50s
[RANGO] ZKPUSDT_LINEAL last=0.04668 · río=WS · mercado=linear · estado=ACECHANDO · dir=— · 0=0.047 · Oz=— · Red=0.04604378376 · manos=ON · pos=flat · latido=1.50s
[RANGO] autosello ZKP · ACECHANDO · Oz=0.0 link=— · manos_feria_informe.json
[RANGO] ZKPUSDT_LINEAL last=0.04666 · río=WS · mercado=linear · estado=ACECHANDO · dir=— · 0=0.047 · Oz=— · Red=0.04604378376 · manos=ON · pos=flat · latido=1.50s
[RANGO] autosello ZKP · ACECHANDO · Oz=0.0 link=— · manos_feria_informe.json
[RANGO] ZKPUSDT_LINEAL last=0.04669 · río=WS · mercado=linear · estado=ACECHANDO · dir=— · 0=0.047 · Oz=— · Red=0.04604378376 · manos=ON · pos=flat · latido=1.50s
[RANGO] ZKPUSDT_LINEAL last=0.0467 · río=WS · mercado=linear · estado=ACECHANDO · dir=— · 0=0.047 · Oz=— · Red=0.04604378376 · manos=ON · pos=flat · latido=1.50s
[RANGO] autosello ZKP · ACECHANDO · Oz=0.0 link=— · manos_feria_informe.json
[RANGO] ZKPUSDT_LINEAL last=0.04672 · río=WS · mercado=linear · estado=ACECHANDO · dir=— · 0=0.047 · Oz=— · Red=0.04604378376 · manos=ON · pos=flat · latido=1.50s
[RANGO] autosello ZKP · ACECHANDO · Oz=0.0 link=— · manos_feria_informe.json
[RANGO] ZKPUSDT_LINEAL last=0.0467 · río=WS · mercado=linear · estado=ACECHANDO · dir=— · 0=0.047 · Oz=— · Red=0.04604378376 · manos=ON · pos=flat · latido=1.50s
[RANGO] ZKPUSDT_LINEAL last=0.04672 · río=WS · mercado=linear · estado=ACECHANDO · dir=— · 0=0.047 · Oz=— · Red=0.04604378376 · manos=ON · pos=flat · latido=1.50s
[RANGO] autosello ZKP · ACECHANDO · Oz=0.0 link=— · manos_feria_informe.json
[RANGO] ZKPUSDT_LINEAL last=0.04673 · río=WS · mercado=linear · estado=ACECHANDO · dir=— · 0=0.047 · Oz=— · Red=0.04604378376 · manos=ON · pos=flat · latido=1.50s
[RANGO] autosello ZKP · ACECHANDO · Oz=0.0 link=— · manos_feria_informe.json
[RANGO] ZKPUSDT_LINEAL last=0.04671 · río=WS · mercado=linear · estado=ACECHANDO · dir=— · 0=0.047 · Oz=— · Red=0.04604378376 · manos=ON · pos=flat · latido=1.50s
[RANGO] ZKPUSDT_LINEAL last=0.04668 · río=WS · mercado=linear · estado=ACECHANDO · dir=— · 0=0.047 · Oz=— · Red=0.04604378376 · manos=ON · pos=flat · latido=1.50s
[RANGO] autosello ZKP · ACECHANDO · Oz=0.0 link=— · manos_feria_informe.json
[RANGO] ZKPUSDT_LINEAL last=0.04667 · río=WS · mercado=linear · estado=ACECHANDO · dir=— · 0=0.047 · Oz=— · Red=0.04604378376 · manos=ON · pos=flat · latido=1.50s
[RANGO] autosello ZKP · ACECHANDO · Oz=0.0 link=— · manos_feria_informe.json
[RANGO] ZKPUSDT_LINEAL last=0.04668 · río=ciego/muleta · mercado=linear · estado=ACECHANDO · dir=— · 0=0.047 · Oz=— · Red=0.04604378376 · manos=ON · pos=flat · latido=1.50s
[RANGO] ZKPUSDT_LINEAL last=0.04668 · río=WS · mercado=linear · estado=ACECHANDO · dir=— · 0=0.047 · Oz=— · Red=0.04604378376 · manos=ON · pos=flat · latido=1.50s
[RANGO] autosello ZKP · ACECHANDO · Oz=0.0 link=— · manos_feria_informe.json
[RANGO] ZKPUSDT_LINEAL last=0.04666 · río=WS · mercado=linear · estado=ACECHANDO · dir=— · 0=0.047 · Oz=— · Red=0.04604378376 · manos=ON · pos=flat · latido=1.50s
[RANGO] autosello ZKP · ACECHANDO · Oz=0.0 link=— · manos_feria_informe.json
[RANGO] ZKPUSDT_LINEAL last=0.04667 · río=WS · mercado=linear · estado=ACECHANDO · dir=— · 0=0.047 · Oz=— · Red=0.04604378376 · manos=ON · pos=flat · latido=1.50s
[RANGO] ZKPUSDT_LINEAL last=0.04667 · río=WS · mercado=linear · estado=ACECHANDO · dir=— · 0=0.047 · Oz=— · Red=0.04604378376 · manos=ON · pos=flat · latido=1.50s
[RANGO] autosello ZKP · ACECHANDO · Oz=0.0 link=— · manos_feria_informe.json
[RANGO] ZKPUSDT_LINEAL last=0.04666 · río=WS · mercado=linear · estado=ACECHANDO · dir=— · 0=0.047 · Oz=— · Red=0.04604378376 · manos=ON · pos=flat · latido=1.50s
[RANGO] autosello ZKP · ACECHANDO · Oz=0.0 link=— · manos_feria_informe.json
[RANGO] ZKPUSDT_LINEAL last=0.04663 · río=WS · mercado=linear · estado=ACECHANDO · dir=— · 0=0.047 · Oz=— · Red=0.04604378376 · manos=ON · pos=flat · latido=1.50s
[RANGO] ZKPUSDT_LINEAL last=0.04663 · río=WS · mercado=linear · estado=ACECHANDO · dir=— · 0=0.047 · Oz=— · Red=0.04604378376 · manos=ON · pos=flat · latido=1.50s
[RANGO] autosello ZKP · ACECHANDO · Oz=0.0 link=— · manos_feria_informe.json
[RANGO] ZKPUSDT_LINEAL last=0.04664 · río=WS · mercado=linear · estado=ACECHANDO · dir=— · 0=0.047 · Oz=— · Red=0.04604378376 · manos=ON · pos=flat · latido=1.50s
[RANGO] autosello ZKP · ACECHANDO · Oz=0.0 link=— · manos_feria_informe.json
[RANGO] ZKPUSDT_LINEAL last=0.04666 · río=WS · mercado=linear · estado=ACECHANDO · dir=— · 0=0.047 · Oz=— · Red=0.04604378376 · manos=ON · pos=flat · latido=1.50s
[RANGO] ZKPUSDT_LINEAL last=0.04661 · río=WS · mercado=linear · estado=ACECHANDO · dir=— · 0=0.047 · Oz=— · Red=0.04604378376 · manos=ON · pos=flat · latido=1.50s
[RANGO] autosello ZKP · ACECHANDO · Oz=0.0 link=— · manos_feria_informe.json
[RANGO] ZKPUSDT_LINEAL last=0.04663 · río=WS · mercado=linear · estado=ACECHANDO · dir=— · 0=0.047 · Oz=— · Red=0.04604378376 · manos=ON · pos=flat · latido=1.50s
[RANGO] autosello ZKP · ACECHANDO · Oz=0.0 link=— · manos_feria_informe.json
[RANGO] ZKPUSDT_LINEAL last=0.04661 · río=WS · mercado=linear · estado=ACECHANDO · dir=— · 0=0.047 · Oz=— · Red=0.04604378376 · manos=ON · pos=flat · latido=1.50s
[RANGO] ZKPUSDT_LINEAL last=0.04661 · río=WS · mercado=linear · estado=ACECHANDO · dir=— · 0=0.047 · Oz=— · Red=0.04604378376 · manos=ON · pos=flat · latido=1.50s
[RANGO] autosello ZKP · ACECHANDO · Oz=0.0 link=— · manos_feria_informe.json
[RANGO] ZKPUSDT_LINEAL last=0.04659 · río=WS · mercado=linear · estado=ACECHANDO · dir=— · 0=0.047 · Oz=— · Red=0.04604378376 · manos=ON · pos=flat · latido=1.50s
[RANGO] autosello ZKP · ACECHANDO · Oz=0.0 link=— · manos_feria_informe.json
[RANGO] ZKPUSDT_LINEAL last=0.04665 · río=WS · mercado=linear · estado=ACECHANDO · dir=— · 0=0.047 · Oz=— · Red=0.04604378376 · manos=ON · pos=flat · latido=1.50s
[RANGO] ZKPUSDT_LINEAL last=0.04659 · río=ciego/muleta · mercado=linear · estado=ACECHANDO · dir=— · 0=0.047 · Oz=— · Red=0.04604378376 · manos=ON · pos=flat · latido=1.50s
[RANGO] autosello ZKP · ACECHANDO · Oz=0.0 link=— · manos_feria_informe.json
[RANGO] ZKPUSDT_LINEAL last=0.04659 · río=ciego/muleta · mercado=linear · estado=ACECHANDO · dir=— · 0=0.047 · Oz=— · Red=0.04604378376 · manos=ON · pos=flat · latido=1.50s
[RANGO] autosello ZKP · ACECHANDO · Oz=0.0 link=— · manos_feria_informe.json
[RANGO] ZKPUSDT_LINEAL last=0.04664 · río=WS · mercado=linear · estado=ACECHANDO · dir=— · 0=0.047 · Oz=— · Red=0.04604378376 · manos=ON · pos=flat · latido=1.50s
[RANGO] ZKPUSDT_LINEAL last=0.0466 · río=WS · mercado=linear · estado=ACECHANDO · dir=— · 0=0.047 · Oz=— · Red=0.04604378376 · manos=ON · pos=flat · latido=1.50s
[RANGO] autosello ZKP · ACECHANDO · Oz=0.0 link=— · manos_feria_informe.json
[RANGO] ZKPUSDT_LINEAL last=0.0466 · río=WS · mercado=linear · estado=ACECHANDO · dir=— · 0=0.047 · Oz=— · Red=0.04604378376 · manos=ON · pos=flat · latido=1.50s
[RANGO] autosello ZKP · ACECHANDO · Oz=0.0 link=— · manos_feria_informe.json
[RANGO] ZKPUSDT_LINEAL last=0.04661 · río=WS · mercado=linear · estado=ACECHANDO · dir=— · 0=0.047 · Oz=— · Red=0.04604378376 · manos=ON · pos=flat · latido=1.50s
[RANGO] ZKPUSDT_LINEAL last=0.04663 · río=WS · mercado=linear · estado=ACECHANDO · dir=— · 0=0.047 · Oz=— · Red=0.04604378376 · manos=ON · pos=flat · latido=1.50s
[RANGO] autosello ZKP · ACECHANDO · Oz=0.0 link=— · manos_feria_informe.json
[RANGO] ZKPUSDT_LINEAL last=0.04664 · río=WS · mercado=linear · estado=ACECHANDO · dir=— · 0=0.047 · Oz=— · Red=0.04604378376 · manos=ON · pos=flat · latido=1.50s
[RANGO] autosello ZKP · ACECHANDO · Oz=0.0 link=— · manos_feria_informe.json
[RANGO] ZKPUSDT_LINEAL last=0.04664 · río=ciego/muleta · mercado=linear · estado=ACECHANDO · dir=— · 0=0.047 · Oz=— · Red=0.04604378376 · manos=ON · pos=flat · latido=1.50s
[RANGO] autosello ZKP · ACECHANDO · Oz=0.0 link=— · manos_feria_informe.json
[RANGO] ZKPUSDT_LINEAL last=0.04663 · río=WS · mercado=linear · estado=ACECHANDO · dir=— · 0=0.047 · Oz=— · Red=0.04604378376 · manos=ON · pos=flat · latido=1.50s
[RANGO] ZKPUSDT_LINEAL last=0.04664 · río=WS · mercado=linear · estado=ACECHANDO · dir=— · 0=0.047 · Oz=— · Red=0.04604378376 · manos=ON · pos=flat · latido=1.50s
[RANGO] autosello ZKP · ACECHANDO · Oz=0.0 link=— · manos_feria_informe.json
[RANGO] ZKPUSDT_LINEAL last=0.04657 · río=WS · mercado=linear · estado=ACECHANDO · dir=— · 0=0.047 · Oz=— · Red=0.04604378376 · manos=ON · pos=flat · latido=1.50s
[RANGO] autosello ZKP · ACECHANDO · Oz=0.0 link=— · manos_feria_informe.json
[RANGO] ZKPUSDT_LINEAL last=0.04657 · río=WS · mercado=linear · estado=ACECHANDO · dir=— · 0=0.047 · Oz=— · Red=0.04604378376 · manos=ON · pos=flat · latido=1.50s
[RANGO] ZKPUSDT_LINEAL last=0.04657 · río=WS · mercado=linear · estado=ACECHANDO · dir=— · 0=0.047 · Oz=— · Red=0.04604378376 · manos=ON · pos=flat · latido=1.50s
[RANGO] autosello ZKP · ACECHANDO · Oz=0.0 link=— · manos_feria_informe.json
[RANGO] ZKPUSDT_LINEAL last=0.04658 · río=WS · mercado=linear · estado=ACECHANDO · dir=— · 0=0.047 · Oz=— · Red=0.04604378376 · manos=ON · pos=flat · latido=1.50s
[RANGO] autosello ZKP · ACECHANDO · Oz=0.0 link=— · manos_feria_informe.json
[RANGO] ZKPUSDT_LINEAL last=0.04658 · río=WS · mercado=linear · estado=ACECHANDO · dir=— · 0=0.047 · Oz=— · Red=0.04604378376 · manos=ON · pos=flat · latido=1.50s
[RANGO] ZKPUSDT_LINEAL last=0.04658 · río=ciego/muleta · mercado=linear · estado=ACECHANDO · dir=— · 0=0.047 · Oz=— · Red=0.04604378376 · manos=ON · pos=flat · latido=1.50s
[RANGO] autosello ZKP · ACECHANDO · Oz=0.0 link=— · manos_feria_informe.json
[RANGO] ZKPUSDT_LINEAL last=0.04658 · río=WS · mercado=linear · estado=ACECHANDO · dir=— · 0=0.047 · Oz=— · Red=0.04604378376 · manos=ON · pos=flat · latido=1.50s
[RANGO] autosello ZKP · ACECHANDO · Oz=0.0 link=— · manos_feria_informe.json
[RANGO] ZKPUSDT_LINEAL last=0.04658 · río=WS · mercado=linear · estado=ACECHANDO · dir=— · 0=0.047 · Oz=— · Red=0.04604378376 · manos=ON · pos=flat · latido=1.50s
[RANGO] ZKPUSDT_LINEAL last=0.04658 · río=ciego/muleta · mercado=linear · estado=ACECHANDO · dir=— · 0=0.047 · Oz=— · Red=0.04604378376 · manos=ON · pos=flat · latido=1.50s
[RANGO] autosello ZKP · ACECHANDO · Oz=0.0 link=— · manos_feria_informe.json
[RANGO] ZKPUSDT_LINEAL last=0.04658 · río=ciego/muleta · mercado=linear · estado=ACECHANDO · dir=— · 0=0.047 · Oz=— · Red=0.04604378376 · manos=ON · pos=flat · latido=1.50s
[RANGO] autosello ZKP · ACECHANDO · Oz=0.0 link=— · manos_feria_informe.json
[RANGO] ZKPUSDT_LINEAL last=0.04659 · río=ciego/muleta · mercado=linear · estado=ACECHANDO · dir=— · 0=0.047 · Oz=— · Red=0.04604378376 · manos=ON · pos=flat · latido=1.50s
[RANGO] ZKPUSDT_LINEAL last=0.04657 · río=WS · mercado=linear · estado=ACECHANDO · dir=— · 0=0.047 · Oz=— · Red=0.04604378376 · manos=ON · pos=flat · latido=1.50s
[RANGO] autosello ZKP · ACECHANDO · Oz=0.0 link=— · manos_feria_informe.json
[RANGO] ZKPUSDT_LINEAL last=0.04657 · río=WS · mercado=linear · estado=ACECHANDO · dir=— · 0=0.047 · Oz=— · Red=0.04604378376 · manos=ON · pos=flat · latido=1.50s
[RANGO] autosello ZKP · ACECHANDO · Oz=0.0 link=— · manos_feria_informe.json
[RANGO] ZKPUSDT_LINEAL last=0.04657 · río=WS · mercado=linear · estado=ACECHANDO · dir=— · 0=0.047 · Oz=— · Red=0.04604378376 · manos=ON · pos=flat · latido=1.50s
[RANGO] ZKPUSDT_LINEAL last=0.04656 · río=WS · mercado=linear · estado=ACECHANDO · dir=— · 0=0.047 · Oz=— · Red=0.04604378376 · manos=ON · pos=flat · latido=1.50s
[RANGO] autosello ZKP · ACECHANDO · Oz=0.0 link=— · manos_feria_informe.json
[RANGO] ZKPUSDT_LINEAL last=0.04656 · río=WS · mercado=linear · estado=ACECHANDO · dir=— · 0=0.047 · Oz=— · Red=0.04604378376 · manos=ON · pos=flat · latido=1.50s
[RANGO] autosello ZKP · ACECHANDO · Oz=0.0 link=— · manos_feria_informe.json
[RANGO] ZKPUSDT_LINEAL last=0.04656 · río=WS · mercado=linear · estado=ACECHANDO · dir=— · 0=0.047 · Oz=— · Red=0.04604378376 · manos=ON · pos=flat · latido=1.50s
[RANGO] ZKPUSDT_LINEAL last=0.04657 · río=WS · mercado=linear · estado=ACECHANDO · dir=— · 0=0.047 · Oz=— · Red=0.04604378376 · manos=ON · pos=flat · latido=1.50s
[RANGO] autosello ZKP · ACECHANDO · Oz=0.0 link=— · manos_feria_informe.json
[RANGO] ZKPUSDT_LINEAL last=0.04659 · río=WS · mercado=linear · estado=ACECHANDO · dir=— · 0=0.047 · Oz=— · Red=0.04604378376 · manos=ON · pos=flat · latido=1.50s
[RANGO] autosello ZKP · ACECHANDO · Oz=0.0 link=— · manos_feria_informe.json
[RANGO] ZKPUSDT_LINEAL last=0.04655 · río=ciego/muleta · mercado=linear · estado=ACECHANDO · dir=— · 0=0.047 · Oz=— · Red=0.04604378376 · manos=ON · pos=flat · latido=1.50s
[RANGO] ZKPUSDT_LINEAL last=0.04655 · río=ciego/muleta · mercado=linear · estado=ACECHANDO · dir=— · 0=0.047 · Oz=— · Red=0.04604378376 · manos=ON · pos=flat · latido=1.50s
[RANGO] autosello ZKP · ACECHANDO · Oz=0.0 link=— · manos_feria_informe.json
[RANGO] ZKPUSDT_LINEAL last=0.04654 · río=WS · mercado=linear · estado=ACECHANDO · dir=— · 0=0.047 · Oz=— · Red=0.04604378376 · manos=ON · pos=flat · latido=1.50s
[RANGO] autosello ZKP · ACECHANDO · Oz=0.0 link=— · manos_feria_informe.json
[RANGO] ZKPUSDT_LINEAL last=0.04656 · río=WS · mercado=linear · estado=ACECHANDO · dir=— · 0=0.047 · Oz=— · Red=0.04604378376 · manos=ON · pos=flat · latido=1.50s
[RANGO] autosello ZKP · ACECHANDO · Oz=0.0 link=— · manos_feria_informe.json
[RANGO] ZKPUSDT_LINEAL last=0.04666 · río=WS · mercado=linear · estado=ACECHANDO · dir=— · 0=0.047 · Oz=— · Red=0.04604378376 · manos=ON · pos=flat · latido=1.50s
[RANGO] ZKPUSDT_LINEAL last=0.04658 · río=WS · mercado=linear · estado=ACECHANDO · dir=— · 0=0.047 · Oz=— · Red=0.04604378376 · manos=ON · pos=flat · latido=1.50s
[RANGO] autosello ZKP · ACECHANDO · Oz=0.0 link=— · manos_feria_informe.json
[RANGO] ZKPUSDT_LINEAL last=0.04658 · río=ciego/muleta · mercado=linear · estado=ACECHANDO · dir=— · 0=0.047 · Oz=— · Red=0.04604378376 · manos=ON · pos=flat · latido=1.50s
[RANGO] autosello ZKP · ACECHANDO · Oz=0.0 link=— · manos_feria_informe.json
[RANGO] ZKPUSDT_LINEAL last=0.04649 · río=WS · mercado=linear · estado=ACECHANDO · dir=— · 0=0.047 · Oz=— · Red=0.04604378376 · manos=ON · pos=flat · latido=1.50s
[RANGO] ZKPUSDT_LINEAL last=0.04649 · río=WS · mercado=linear · estado=ACECHANDO · dir=— · 0=0.047 · Oz=— · Red=0.04604378376 · manos=ON · pos=flat · latido=1.50s
[RANGO] autosello ZKP · ACECHANDO · Oz=0.0 link=— · manos_feria_informe.json
[RANGO] ZKPUSDT_LINEAL last=0.0465 · río=ciego/muleta · mercado=linear · estado=ACECHANDO · dir=— · 0=0.047 · Oz=— · Red=0.04604378376 · manos=ON · pos=flat · latido=1.50s
[RANGO] autosello ZKP · ACECHANDO · Oz=0.0 link=— · manos_feria_informe.json
[RANGO] ZKPUSDT_LINEAL last=0.04648 · río=WS · mercado=linear · estado=ACECHANDO · dir=— · 0=0.047 · Oz=— · Red=0.04604378376 · manos=ON · pos=flat · latido=1.50s
[RANGO] ZKPUSDT_LINEAL last=0.04649 · río=WS · mercado=linear · estado=ACECHANDO · dir=— · 0=0.047 · Oz=— · Red=0.04604378376 · manos=ON · pos=flat · latido=1.50s
[RANGO] autosello ZKP · ACECHANDO · Oz=0.0 link=— · manos_feria_informe.json
[RANGO] ZKPUSDT_LINEAL last=0.04646 · río=WS · mercado=linear · estado=ACECHANDO · dir=— · 0=0.047 · Oz=— · Red=0.04604378376 · manos=ON · pos=flat · latido=1.50s
[RANGO] autosello ZKP · ACECHANDO · Oz=0.0 link=— · manos_feria_informe.json
[RANGO] ZKPUSDT_LINEAL last=0.04648 · río=ciego/muleta · mercado=linear · estado=ACECHANDO · dir=— · 0=0.047 · Oz=— · Red=0.04604378376 · manos=ON · pos=flat · latido=1.50s
[RANGO] ZKPUSDT_LINEAL last=0.04648 · río=ciego/muleta · mercado=linear · estado=ACECHANDO · dir=— · 0=0.047 · Oz=— · Red=0.04604378376 · manos=ON · pos=flat · latido=1.50s
[RANGO] autosello ZKP · ACECHANDO · Oz=0.0 link=— · manos_feria_informe.json
[RANGO] ZKPUSDT_LINEAL last=0.0465 · río=WS · mercado=linear · estado=ACECHANDO · dir=— · 0=0.047 · Oz=— · Red=0.04604378376 · manos=ON · pos=flat · latido=1.50s
[RANGO] autosello ZKP · ACECHANDO · Oz=0.0 link=— · manos_feria_informe.json
[RANGO] ZKPUSDT_LINEAL last=0.04649 · río=WS · mercado=linear · estado=ACECHANDO · dir=— · 0=0.047 · Oz=— · Red=0.04604378376 · manos=ON · pos=flat · latido=1.50s
[RANGO] ZKPUSDT_LINEAL last=0.04649 · río=WS · mercado=linear · estado=ACECHANDO · dir=— · 0=0.047 · Oz=— · Red=0.04604378376 · manos=ON · pos=flat · latido=1.50s
[RANGO] autosello ZKP · ACECHANDO · Oz=0.0 link=— · manos_feria_informe.json
[RANGO] ZKPUSDT_LINEAL last=0.0465 · río=ciego/muleta · mercado=linear · estado=ACECHANDO · dir=— · 0=0.047 · Oz=— · Red=0.04604378376 · manos=ON · pos=flat · latido=1.50s
[RANGO] autosello ZKP · ACECHANDO · Oz=0.0 link=— · manos_feria_informe.json
[RANGO] ZKPUSDT_LINEAL last=0.04648 · río=WS · mercado=linear · estado=ACECHANDO · dir=— · 0=0.047 · Oz=— · Red=0.04604378376 · manos=ON · pos=flat · latido=1.50s
[RANGO] ZKPUSDT_LINEAL last=0.04648 · río=WS · mercado=linear · estado=ACECHANDO · dir=— · 0=0.047 · Oz=— · Red=0.04604378376 · manos=ON · pos=flat · latido=1.50s
[RANGO] autosello ZKP · ACECHANDO · Oz=0.0 link=— · manos_feria_informe.json
[RANGO] ZKPUSDT_LINEAL last=0.04651 · río=WS · mercado=linear · estado=ACECHANDO · dir=— · 0=0.047 · Oz=— · Red=0.04604378376 · manos=ON · pos=flat · latido=1.50s
[RANGO] autosello ZKP · ACECHANDO · Oz=0.0 link=— · manos_feria_informe.json
[RANGO] ZKPUSDT_LINEAL last=0.04651 · río=ciego/muleta · mercado=linear · estado=ACECHANDO · dir=— · 0=0.047 · Oz=— · Red=0.04604378376 · manos=ON · pos=flat · latido=1.50s
[RANGO] ZKPUSDT_LINEAL last=0.04647 · río=WS · mercado=linear · estado=ACECHANDO · dir=— · 0=0.047 · Oz=— · Red=0.04604378376 · manos=ON · pos=flat · latido=1.50s
[RANGO] autosello ZKP · ACECHANDO · Oz=0.0 link=— · manos_feria_informe.json
[RANGO] ZKPUSDT_LINEAL last=0.04649 · río=WS · mercado=linear · estado=ACECHANDO · dir=— · 0=0.047 · Oz=— · Red=0.04604378376 · manos=ON · pos=flat · latido=1.50s
[RANGO] autosello ZKP · ACECHANDO · Oz=0.0 link=— · manos_feria_informe.json
[RANGO] ZKPUSDT_LINEAL last=0.04647 · río=WS · mercado=linear · estado=ACECHANDO · dir=— · 0=0.047 · Oz=— · Red=0.04604378376 · manos=ON · pos=flat · latido=1.50s
[RANGO] ZKPUSDT_LINEAL last=0.04649 · río=WS · mercado=linear · estado=ACECHANDO · dir=— · 0=0.047 · Oz=— · Red=0.04604378376 · manos=ON · pos=flat · latido=1.50s
[RANGO] autosello ZKP · ACECHANDO · Oz=0.0 link=— · manos_feria_informe.json
[RANGO] ZKPUSDT_LINEAL last=0.04647 · río=ciego/muleta · mercado=linear · estado=ACECHANDO · dir=— · 0=0.047 · Oz=— · Red=0.04604378376 · manos=ON · pos=flat · latido=1.50s
[RANGO] autosello ZKP · ACECHANDO · Oz=0.0 link=— · manos_feria_informe.json
[RANGO] ZKPUSDT_LINEAL last=0.04647 · río=ciego/muleta · mercado=linear · estado=ACECHANDO · dir=— · 0=0.047 · Oz=— · Red=0.04604378376 · manos=ON · pos=flat · latido=1.50s
[RANGO] ZKPUSDT_LINEAL last=0.04647 · río=ciego/muleta · mercado=linear · estado=ACECHANDO · dir=— · 0=0.047 · Oz=— · Red=0.04604378376 · manos=ON · pos=flat · latido=1.50s
[RANGO] autosello ZKP · ACECHANDO · Oz=0.0 link=— · manos_feria_informe.json
[RANGO] ZKPUSDT_LINEAL last=0.04647 · río=ciego/muleta · mercado=linear · estado=ACECHANDO · dir=— · 0=0.047 · Oz=— · Red=0.04604378376 · manos=ON · pos=flat · latido=1.50s
[RANGO] autosello ZKP · ACECHANDO · Oz=0.0 link=— · manos_feria_informe.json
[RANGO] ZKPUSDT_LINEAL last=0.04644 · río=WS · mercado=linear · estado=ACECHANDO · dir=— · 0=0.047 · Oz=— · Red=0.04604378376 · manos=ON · pos=flat · latido=1.50s
[RANGO] autosello ZKP · ACECHANDO · Oz=0.0 link=— · manos_feria_informe.json
[RANGO] ZKPUSDT_LINEAL last=0.0464 · río=WS · mercado=linear · estado=ACECHANDO · dir=— · 0=0.047 · Oz=— · Red=0.04604378376 · manos=ON · pos=flat · latido=1.50s
[RANGO] ZKPUSDT_LINEAL last=0.04641 · río=WS · mercado=linear · estado=ACECHANDO · dir=— · 0=0.047 · Oz=— · Red=0.04604378376 · manos=ON · pos=flat · latido=1.50s
[RANGO] autosello ZKP · ACECHANDO · Oz=0.0 link=— · manos_feria_informe.json
[RANGO] ZKPUSDT_LINEAL last=0.0464 · río=WS · mercado=linear · estado=ACECHANDO · dir=— · 0=0.047 · Oz=— · Red=0.04604378376 · manos=ON · pos=flat · latido=1.50s
[RANGO] autosello ZKP · ACECHANDO · Oz=0.0 link=— · manos_feria_informe.json
[RANGO] ZKPUSDT_LINEAL last=0.04641 · río=WS · mercado=linear · estado=ACECHANDO · dir=— · 0=0.047 · Oz=— · Red=0.04604378376 · manos=ON · pos=flat · latido=1.50s
[2026-08-31 14:50:45] [TUSK] RECONCILIACIÓN: CHIPUSDT_LINEAL: interno L:0.000000/S:0.000000 -> real L:550.000000/S:0.000000
[2026-08-31 14:50:45] [TUSK] RECONCILIACIÓN: FWDIUSDT_LINEAL: interno L:0.000000/S:0.000000 -> real L:0.000000/S:9.300000
[2026-08-31 14:50:45] [TUSK] RECONCILIACIÓN_FANTASMA: PRLUSDT_LINEAL existe interno pero no en exchange -> reseteando
[2026-08-31 14:50:45] [TUSK] RECONCILIACIÓN_FANTASMA: AEROUSDT_LINEAL existe interno pero no en exchange -> reseteando
[2026-08-31 14:50:45] [TUSK] RECONCILIACIÓN_OK: 4 frentes alineados con exchange
[RANGO] ZKPUSDT_LINEAL last=0.04642 · río=WS · mercado=linear · estado=ACECHANDO · dir=— · 0=0.047 · Oz=— · Red=0.04604378376 · manos=ON · pos=flat · latido=1.50s
[RANGO] autosello ZKP · ACECHANDO · Oz=0.0 link=— · manos_feria_informe.json
[RANGO] ZKPUSDT_LINEAL last=0.04642 · río=WS · mercado=linear · estado=ACECHANDO · dir=— · 0=0.047 · Oz=— · Red=0.04604378376 · manos=ON · pos=flat · latido=1.50s
[RANGO] autosello ZKP · ACECHANDO · Oz=0.0 link=— · manos_feria_informe.json
[RANGO] ZKPUSDT_LINEAL last=0.04639 · río=WS · mercado=linear · estado=ACECHANDO · dir=— · 0=0.047 · Oz=— · Red=0.04604378376 · manos=ON · pos=flat · latido=1.50s
[RANGO] ZKPUSDT_LINEAL last=0.04642 · río=ciego/muleta · mercado=linear · estado=ACECHANDO · dir=— · 0=0.047 · Oz=— · Red=0.04604378376 · manos=ON · pos=flat · latido=1.50s
[RANGO] autosello ZKP · ACECHANDO · Oz=0.0 link=— · manos_feria_informe.json
[RANGO] ZKPUSDT_LINEAL last=0.04642 · río=ciego/muleta · mercado=linear · estado=ACECHANDO · dir=— · 0=0.047 · Oz=— · Red=0.04604378376 · manos=ON · pos=flat · latido=1.50s
[RANGO] autosello ZKP · ACECHANDO · Oz=0.0 link=— · manos_feria_informe.json
[RANGO] ZKPUSDT_LINEAL last=0.0464 · río=ciego/muleta · mercado=linear · estado=ACECHANDO · dir=— · 0=0.047 · Oz=— · Red=0.04604378376 · manos=ON · pos=flat · latido=1.50s
[RANGO] ZKPUSDT_LINEAL last=0.04637 · río=WS · mercado=linear · estado=ACECHANDO · dir=— · 0=0.047 · Oz=— · Red=0.04604378376 · manos=ON · pos=flat · latido=1.50s
[RANGO] autosello ZKP · ACECHANDO · Oz=0.0 link=— · manos_feria_informe.json
[RANGO] ZKPUSDT_LINEAL last=0.04638 · río=WS · mercado=linear · estado=ACECHANDO · dir=— · 0=0.047 · Oz=— · Red=0.04604378376 · manos=ON · pos=flat · latido=1.50s
[RANGO] autosello ZKP · ACECHANDO · Oz=0.0 link=— · manos_feria_informe.json
[RANGO] ZKPUSDT_LINEAL last=0.04638 · río=ciego/muleta · mercado=linear · estado=ACECHANDO · dir=— · 0=0.047 · Oz=— · Red=0.04604378376 · manos=ON · pos=flat · latido=1.50s
[RANGO] ZKPUSDT_LINEAL last=0.04636 · río=WS · mercado=linear · estado=ACECHANDO · dir=— · 0=0.047 · Oz=— · Red=0.04604378376 · manos=ON · pos=flat · latido=1.50s
[RANGO] autosello ZKP · ACECHANDO · Oz=0.0 link=— · manos_feria_informe.json
[RANGO] ZKPUSDT_LINEAL last=0.04637 · río=WS · mercado=linear · estado=ACECHANDO · dir=— · 0=0.047 · Oz=— · Red=0.04604378376 · manos=ON · pos=flat · latido=1.50s
[RANGO] autosello ZKP · ACECHANDO · Oz=0.0 link=— · manos_feria_informe.json
[RANGO] ZKPUSDT_LINEAL last=0.04636 · río=WS · mercado=linear · estado=ACECHANDO · dir=— · 0=0.047 · Oz=— · Red=0.04604378376 · manos=ON · pos=flat · latido=1.50s
[RANGO] ZKPUSDT_LINEAL last=0.04636 · río=ciego/muleta · mercado=linear · estado=ACECHANDO · dir=— · 0=0.047 · Oz=— · Red=0.04604378376 · manos=ON · pos=flat · latido=1.50s
[RANGO] autosello ZKP · ACECHANDO · Oz=0.0 link=— · manos_feria_informe.json
[RANGO] ZKPUSDT_LINEAL last=0.04636 · río=WS · mercado=linear · estado=ACECHANDO · dir=— · 0=0.047 · Oz=— · Red=0.04604378376 · manos=ON · pos=flat · latido=1.50s
[RANGO] autosello ZKP · ACECHANDO · Oz=0.0 link=— · manos_feria_informe.json
[RANGO] ZKPUSDT_LINEAL last=0.04636 · río=WS · mercado=linear · estado=ACECHANDO · dir=— · 0=0.047 · Oz=— · Red=0.04604378376 · manos=ON · pos=flat · latido=1.50s
[RANGO] ZKPUSDT_LINEAL last=0.04634 · río=WS · mercado=linear · estado=ACECHANDO · dir=— · 0=0.047 · Oz=— · Red=0.04604378376 · manos=ON · pos=flat · latido=1.50s
[RANGO] autosello ZKP · ACECHANDO · Oz=0.0 link=— · manos_feria_informe.json
[RANGO] ZKPUSDT_LINEAL last=0.04634 · río=WS · mercado=linear · estado=ACECHANDO · dir=— · 0=0.047 · Oz=— · Red=0.04604378376 · manos=ON · pos=flat · latido=1.50s
[RANGO] autosello ZKP · ACECHANDO · Oz=0.0 link=— · manos_feria_informe.json
[RANGO] ZKPUSDT_LINEAL last=0.04635 · río=ciego/muleta · mercado=linear · estado=ACECHANDO · dir=— · 0=0.047 · Oz=— · Red=0.04604378376 · manos=ON · pos=flat · latido=1.50s
[RANGO] ZKPUSDT_LINEAL last=0.04635 · río=WS · mercado=linear · estado=ACECHANDO · dir=— · 0=0.047 · Oz=— · Red=0.04604378376 · manos=ON · pos=flat · latido=1.50s
[RANGO] autosello ZKP · ACECHANDO · Oz=0.0 link=— · manos_feria_informe.json
[RANGO] ZKPUSDT_LINEAL last=0.04633 · río=WS · mercado=linear · estado=ACECHANDO · dir=— · 0=0.047 · Oz=— · Red=0.04604378376 · manos=ON · pos=flat · latido=1.50s
[RANGO] autosello ZKP · ACECHANDO · Oz=0.0 link=— · manos_feria_informe.json
[RANGO] ZKPUSDT_LINEAL last=0.0462 · río=WS · mercado=linear · estado=ACECHANDO · dir=— · 0=0.047 · Oz=— · Red=0.04604378376 · manos=ON · pos=flat · latido=1.50s
[RANGO] ZKPUSDT_LINEAL last=0.04621 · río=WS · mercado=linear · estado=ACECHANDO · dir=— · 0=0.047 · Oz=— · Red=0.04604378376 · manos=ON · pos=flat · latido=1.50s
[RANGO] autosello ZKP · ACECHANDO · Oz=0.0 link=— · manos_feria_informe.json
[RANGO] ZKPUSDT_LINEAL last=0.0462 · río=WS · mercado=linear · estado=ACECHANDO · dir=— · 0=0.047 · Oz=— · Red=0.04604378376 · manos=ON · pos=flat · latido=1.50s
[RANGO] autosello ZKP · ACECHANDO · Oz=0.0 link=— · manos_feria_informe.json
[RANGO] ZKPUSDT_LINEAL last=0.04621 · río=WS · mercado=linear · estado=ACECHANDO · dir=— · 0=0.047 · Oz=— · Red=0.04604378376 · manos=ON · pos=flat · latido=1.50s
[RANGO] ZKPUSDT_LINEAL last=0.04621 · río=WS · mercado=linear · estado=ACECHANDO · dir=— · 0=0.047 · Oz=— · Red=0.04604378376 · manos=ON · pos=flat · latido=1.50s
[RANGO] autosello ZKP · ACECHANDO · Oz=0.0 link=— · manos_feria_informe.json
[RANGO] ZKPUSDT_LINEAL last=0.04621 · río=WS · mercado=linear · estado=ACECHANDO · dir=— · 0=0.047 · Oz=— · Red=0.04604378376 · manos=ON · pos=flat · latido=1.50s
[RANGO] autosello ZKP · ACECHANDO · Oz=0.0 link=— · manos_feria_informe.json
[RANGO] ZKPUSDT_LINEAL last=0.04623 · río=WS · mercado=linear · estado=ACECHANDO · dir=— · 0=0.047 · Oz=— · Red=0.04604378376 · manos=ON · pos=flat · latido=1.50s
[RANGO] ZKPUSDT_LINEAL last=0.04624 · río=WS · mercado=linear · estado=ACECHANDO · dir=— · 0=0.047 · Oz=— · Red=0.04604378376 · manos=ON · pos=flat · latido=1.50s
[RANGO] autosello ZKP · ACECHANDO · Oz=0.0 link=— · manos_feria_informe.json
[RANGO] ZKPUSDT_LINEAL last=0.04621 · río=ciego/muleta · mercado=linear · estado=ACECHANDO · dir=— · 0=0.047 · Oz=— · Red=0.04604378376 · manos=ON · pos=flat · latido=1.50s
[RANGO] autosello ZKP · ACECHANDO · Oz=0.0 link=— · manos_feria_informe.json
[RANGO] ZKPUSDT_LINEAL last=0.04623 · río=WS · mercado=linear · estado=ACECHANDO · dir=— · 0=0.047 · Oz=— · Red=0.04604378376 · manos=ON · pos=flat · latido=1.50s
[RANGO] ZKPUSDT_LINEAL last=0.04624 · río=ciego/muleta · mercado=linear · estado=ACECHANDO · dir=— · 0=0.047 · Oz=— · Red=0.04604378376 · manos=ON · pos=flat · latido=1.50s
[RANGO] autosello ZKP · ACECHANDO · Oz=0.0 link=— · manos_feria_informe.json
[RANGO] ZKPUSDT_LINEAL last=0.04625 · río=WS · mercado=linear · estado=ACECHANDO · dir=— · 0=0.047 · Oz=— · Red=0.04604378376 · manos=ON · pos=flat · latido=1.50s
[RANGO] autosello ZKP · ACECHANDO · Oz=0.0 link=— · manos_feria_informe.json
[RANGO] ZKPUSDT_LINEAL last=0.04626 · río=WS · mercado=linear · estado=ACECHANDO · dir=— · 0=0.047 · Oz=— · Red=0.04604378376 · manos=ON · pos=flat · latido=1.50s
[RANGO] autosello ZKP · ACECHANDO · Oz=0.0 link=— · manos_feria_informe.json
[RANGO] ZKPUSDT_LINEAL last=0.04625 · río=ciego/muleta · mercado=linear · estado=ACECHANDO · dir=— · 0=0.047 · Oz=— · Red=0.04604378376 · manos=ON · pos=flat · latido=1.50s
[RANGO] ZKPUSDT_LINEAL last=0.04616 · río=WS · mercado=linear · estado=ACECHANDO · dir=— · 0=0.047 · Oz=— · Red=0.04604378376 · manos=ON · pos=flat · latido=1.50s
[RANGO] autosello ZKP · ACECHANDO · Oz=0.0 link=— · manos_feria_informe.json
[RANGO] ZKPUSDT_LINEAL last=0.04616 · río=WS · mercado=linear · estado=ACECHANDO · dir=— · 0=0.047 · Oz=— · Red=0.04604378376 · manos=ON · pos=flat · latido=1.50s
[RANGO] autosello ZKP · ACECHANDO · Oz=0.0 link=— · manos_feria_informe.json
[RANGO] ZKPUSDT_LINEAL last=0.04616 · río=WS · mercado=linear · estado=ACECHANDO · dir=— · 0=0.047 · Oz=— · Red=0.04604378376 · manos=ON · pos=flat · latido=1.50s
[RANGO] ZKPUSDT_LINEAL last=0.04617 · río=WS · mercado=linear · estado=ACECHANDO · dir=— · 0=0.047 · Oz=— · Red=0.04604378376 · manos=ON · pos=flat · latido=1.50s
[RANGO] autosello ZKP · ACECHANDO · Oz=0.0 link=— · manos_feria_informe.json
[RANGO] ZKPUSDT_LINEAL last=0.0462 · río=WS · mercado=linear · estado=ACECHANDO · dir=— · 0=0.047 · Oz=— · Red=0.04604378376 · manos=ON · pos=flat · latido=1.50s
[RANGO] autosello ZKP · ACECHANDO · Oz=0.0 link=— · manos_feria_informe.json
[RANGO] ZKPUSDT_LINEAL last=0.0462 · río=WS · mercado=linear · estado=ACECHANDO · dir=— · 0=0.047 · Oz=— · Red=0.04604378376 · manos=ON · pos=flat · latido=1.50s
[RANGO] ZKPUSDT_LINEAL last=0.04619 · río=ciego/muleta · mercado=linear · estado=ACECHANDO · dir=— · 0=0.047 · Oz=— · Red=0.04604378376 · manos=ON · pos=flat · latido=1.50s
[RANGO] autosello ZKP · ACECHANDO · Oz=0.0 link=— · manos_feria_informe.json
[RANGO] ZKPUSDT_LINEAL last=0.04619 · río=WS · mercado=linear · estado=ACECHANDO · dir=— · 0=0.047 · Oz=— · Red=0.04604378376 · manos=ON · pos=flat · latido=1.50s
[RANGO] autosello ZKP · ACECHANDO · Oz=0.0 link=— · manos_feria_informe.json
[RANGO] ZKPUSDT_LINEAL last=0.04619 · río=WS · mercado=linear · estado=ACECHANDO · dir=— · 0=0.047 · Oz=— · Red=0.04604378376 · manos=ON · pos=flat · latido=1.50s
[RANGO] ZKPUSDT_LINEAL last=0.0462 · río=WS · mercado=linear · estado=ACECHANDO · dir=— · 0=0.047 · Oz=— · Red=0.04604378376 · manos=ON · pos=flat · latido=1.50s
[RANGO] autosello ZKP · ACECHANDO · Oz=0.0 link=— · manos_feria_informe.json
[RANGO] ZKPUSDT_LINEAL last=0.04621 · río=WS · mercado=linear · estado=ACECHANDO · dir=— · 0=0.047 · Oz=— · Red=0.04604378376 · manos=ON · pos=flat · latido=1.50s
[RANGO] autosello ZKP · ACECHANDO · Oz=0.0 link=— · manos_feria_informe.json
[RANGO] ZKPUSDT_LINEAL last=0.04621 · río=ciego/muleta · mercado=linear · estado=ACECHANDO · dir=— · 0=0.047 · Oz=— · Red=0.04604378376 · manos=ON · pos=flat · latido=1.50s
[RANGO] ZKPUSDT_LINEAL last=0.04622 · río=WS · mercado=linear · estado=ACECHANDO · dir=— · 0=0.047 · Oz=— · Red=0.04604378376 · manos=ON · pos=flat · latido=1.50s
[RANGO] autosello ZKP · ACECHANDO · Oz=0.0 link=— · manos_feria_informe.json
[RANGO] ZKPUSDT_LINEAL last=0.04621 · río=ciego/muleta · mercado=linear · estado=ACECHANDO · dir=— · 0=0.047 · Oz=— · Red=0.04604378376 · manos=ON · pos=flat · latido=1.50s
[RANGO] autosello ZKP · ACECHANDO · Oz=0.0 link=— · manos_feria_informe.json
[RANGO] ZKPUSDT_LINEAL last=0.04621 · río=ciego/muleta · mercado=linear · estado=ACECHANDO · dir=— · 0=0.047 · Oz=— · Red=0.04604378376 · manos=ON · pos=flat · latido=1.50s
[RANGO] ZKPUSDT_LINEAL last=0.04621 · río=WS · mercado=linear · estado=ACECHANDO · dir=— · 0=0.047 · Oz=— · Red=0.04604378376 · manos=ON · pos=flat · latido=1.50s
[RANGO] autosello ZKP · ACECHANDO · Oz=0.0 link=— · manos_feria_informe.json
[RANGO] ZKPUSDT_LINEAL last=0.04621 · río=WS · mercado=linear · estado=ACECHANDO · dir=— · 0=0.047 · Oz=— · Red=0.04604378376 · manos=ON · pos=flat · latido=1.50s
[RANGO] autosello ZKP · ACECHANDO · Oz=0.0 link=— · manos_feria_informe.json
[RANGO] ZKPUSDT_LINEAL last=0.04622 · río=WS · mercado=linear · estado=ACECHANDO · dir=— · 0=0.047 · Oz=— · Red=0.04604378376 · manos=ON · pos=flat · latido=1.50s
[RANGO] ZKPUSDT_LINEAL last=0.04622 · río=ciego/muleta · mercado=linear · estado=ACECHANDO · dir=— · 0=0.047 · Oz=— · Red=0.04604378376 · manos=ON · pos=flat · latido=1.50s
[RANGO] autosello ZKP · ACECHANDO · Oz=0.0 link=— · manos_feria_informe.json
[RANGO] ZKPUSDT_LINEAL last=0.04622 · río=ciego/muleta · mercado=linear · estado=ACECHANDO · dir=— · 0=0.047 · Oz=— · Red=0.04604378376 · manos=ON · pos=flat · latido=1.50s
[RANGO] autosello ZKP · ACECHANDO · Oz=0.0 link=— · manos_feria_informe.json
[RANGO] ZKPUSDT_LINEAL last=0.04622 · río=ciego/muleta · mercado=linear · estado=ACECHANDO · dir=— · 0=0.047 · Oz=— · Red=0.04604378376 · manos=ON · pos=flat · latido=1.50s
[RANGO] autosello ZKP · ACECHANDO · Oz=0.0 link=— · manos_feria_informe.json
[RANGO] ZKPUSDT_LINEAL last=0.04625 · río=WS · mercado=linear · estado=ACECHANDO · dir=— · 0=0.047 · Oz=— · Red=0.04604378376 · manos=ON · pos=flat · latido=1.50s
[RANGO] ZKPUSDT_LINEAL last=0.04626 · río=WS · mercado=linear · estado=ACECHANDO · dir=— · 0=0.047 · Oz=— · Red=0.04604378376 · manos=ON · pos=flat · latido=1.50s
[RANGO] autosello ZKP · ACECHANDO · Oz=0.0 link=— · manos_feria_informe.json
[RANGO] ZKPUSDT_LINEAL last=0.04627 · río=WS · mercado=linear · estado=ACECHANDO · dir=— · 0=0.047 · Oz=— · Red=0.04604378376 · manos=ON · pos=flat · latido=1.50s
[RANGO] autosello ZKP · ACECHANDO · Oz=0.0 link=— · manos_feria_informe.json
[RANGO] ZKPUSDT_LINEAL last=0.04625 · río=WS · mercado=linear · estado=ACECHANDO · dir=— · 0=0.047 · Oz=— · Red=0.04604378376 · manos=ON · pos=flat · latido=1.50s
[RANGO] ZKPUSDT_LINEAL last=0.04622 · río=WS · mercado=linear · estado=ACECHANDO · dir=— · 0=0.047 · Oz=— · Red=0.04604378376 · manos=ON · pos=flat · latido=1.50s
[RANGO] autosello ZKP · ACECHANDO · Oz=0.0 link=— · manos_feria_informe.json
[RANGO] ZKPUSDT_LINEAL last=0.04624 · río=WS · mercado=linear · estado=ACECHANDO · dir=— · 0=0.047 · Oz=— · Red=0.04604378376 · manos=ON · pos=flat · latido=1.50s
[RANGO] autosello ZKP · ACECHANDO · Oz=0.0 link=— · manos_feria_informe.json
[RANGO] ZKPUSDT_LINEAL last=0.04625 · río=WS · mercado=linear · estado=ACECHANDO · dir=— · 0=0.047 · Oz=— · Red=0.04604378376 · manos=ON · pos=flat · latido=1.50s
[RANGO] ZKPUSDT_LINEAL last=0.04625 · río=WS · mercado=linear · estado=ACECHANDO · dir=— · 0=0.047 · Oz=— · Red=0.04604378376 · manos=ON · pos=flat · latido=1.50s
[RANGO] autosello ZKP · ACECHANDO · Oz=0.0 link=— · manos_feria_informe.json
[RANGO] ZKPUSDT_LINEAL last=0.04618 · río=WS · mercado=linear · estado=ACECHANDO · dir=— · 0=0.047 · Oz=— · Red=0.04604378376 · manos=ON · pos=flat · latido=1.50s
[RANGO] autosello ZKP · ACECHANDO · Oz=0.0 link=— · manos_feria_informe.json
[RANGO] ZKPUSDT_LINEAL last=0.04621 · río=WS · mercado=linear · estado=ACECHANDO · dir=— · 0=0.047 · Oz=— · Red=0.04604378376 · manos=ON · pos=flat · latido=1.50s
[RANGO] ZKPUSDT_LINEAL last=0.0462 · río=WS · mercado=linear · estado=ACECHANDO · dir=— · 0=0.047 · Oz=— · Red=0.04604378376 · manos=ON · pos=flat · latido=1.50s
[RANGO] autosello ZKP · ACECHANDO · Oz=0.0 link=— · manos_feria_informe.json
[RANGO] ZKPUSDT_LINEAL last=0.04621 · río=WS · mercado=linear · estado=ACECHANDO · dir=— · 0=0.047 · Oz=— · Red=0.04604378376 · manos=ON · pos=flat · latido=1.50s
[RANGO] autosello ZKP · ACECHANDO · Oz=0.0 link=— · manos_feria_informe.json
[RANGO] ZKPUSDT_LINEAL last=0.04618 · río=WS · mercado=linear · estado=ACECHANDO · dir=— · 0=0.047 · Oz=— · Red=0.04604378376 · manos=ON · pos=flat · latido=1.50s
[RANGO] ZKPUSDT_LINEAL last=0.04617 · río=WS · mercado=linear · estado=ACECHANDO · dir=— · 0=0.047 · Oz=— · Red=0.04604378376 · manos=ON · pos=flat · latido=1.50s
[RANGO] autosello ZKP · ACECHANDO · Oz=0.0 link=— · manos_feria_informe.json
[RANGO] ZKPUSDT_LINEAL last=0.04617 · río=WS · mercado=linear · estado=ACECHANDO · dir=— · 0=0.047 · Oz=— · Red=0.04604378376 · manos=ON · pos=flat · latido=1.50s
[RANGO] autosello ZKP · ACECHANDO · Oz=0.0 link=— · manos_feria_informe.json
[RANGO] ZKPUSDT_LINEAL last=0.04618 · río=ciego/muleta · mercado=linear · estado=ACECHANDO · dir=— · 0=0.047 · Oz=— · Red=0.04604378376 · manos=ON · pos=flat · latido=1.50s
[RANGO] ZKPUSDT_LINEAL last=0.04619 · río=WS · mercado=linear · estado=ACECHANDO · dir=— · 0=0.047 · Oz=— · Red=0.04604378376 · manos=ON · pos=flat · latido=1.50s
[RANGO] autosello ZKP · ACECHANDO · Oz=0.0 link=— · manos_feria_informe.json
[RANGO] ZKPUSDT_LINEAL last=0.04616 · río=WS · mercado=linear · estado=ACECHANDO · dir=— · 0=0.047 · Oz=— · Red=0.04604378376 · manos=ON · pos=flat · latido=1.50s
[2026-08-31 15:03:06] [BERU_RANGO] ARMAR: RANGO_ZKP_R2_fbb6b6 RED → trailing LONG Oz @0.046062 (0,2 detrás de extremo 0.045970) Red @0.000000 ($5.00).
[BERU_RANGO] ARMAR RANGO_ZKP_R2_fbb6b6 RED direccion=LONG oz_adan=0.046061939999999996 red_adan=0.0 masa_usd=5.0 trail_extremo=0.04597
[2026-08-31 15:03:07] [BRIDGE] IDX_ONE_WAY: ZKPUSDT: casa en modo simple · reintento sin positionIdx | LINK:BRG-TRA-4-9676c127e28bbb
[2026-08-31 15:03:08] [BRIDGE] ORDEN_ENVIADA: Buy 109.0 ZKPUSDT @Market | ID:77030e65-ed2d-41e0-b0ce-058a5af26542 LINK:BRG-TRA-4-9676c127e28bbb reduceOnly=0
[RANGO] ZKP → ARMAR_RED {'ok': True, 'evento': 'ARMAR_RED', 'masa': 5.0, 'dir': 'LONG', 'escalon': 2, 'nota': 'Red meta-saco -> trailing callback 0.2'}
[2026-08-31 15:03:08] [BRIDGE] ORDEN_CANCELADA: ID:77030e65-ed2d-41e0-b0ce-058a5af26542 ZKPUSDT
[2026-08-31 15:03:09] [BERU_RANGO] ALTAR_CANCEL: ZKP PRE_MARKET_OZ link=BRG-TRA-4-9676c127e28bbb · ok
[2026-08-31 15:03:09] [BRIDGE] IDX_ONE_WAY: ZKPUSDT: casa en modo simple · reintento sin positionIdx | LINK:BRG-MKT-4-0f457ccfedf4db
[2026-08-31 15:03:09] [BRIDGE] ORDEN_ENVIADA: Buy 220.0 ZKPUSDT @Market | ID:d3ba56c8-87bf-4c61-9dba-3f61bdde5495 LINK:BRG-MKT-4-0f457ccfedf4db reduceOnly=0
[2026-08-31 15:03:09] [BERU_RANGO] OZ_COSECHA: RANGO_ZKP_R2_fbb6b6 Oz peldaño @0.045550 fill @0.045550 · wake=0.047000 · sangre act. ARRIBA 2.2% · Red trailing act. @0.045003 (callback 0.2% · $5) · extremo=0.045460.
[BERU_RANGO] OZ_COSECHA RANGO_ZKP_R2_fbb6b6 wake=0.047 oz=0.04555 fill=0.04555 sangre=ARRIBA red=0.0450034 extremo=0.04546 precio=0.04555 masa_usd=10.0
[RANGO] ZKP → OZ_COSECHA {'ok': True, 'evento': 'OZ_COSECHA', 'cero': 0.047, 'fill': 0.04555, 'oz_despliegue': 0.04555, 'sangre': 'ARRIBA', 'red': 0.0450034, 'masa_hecha': 10.0, 'trail_extremo': 0.04546, 'oz': 0.04555, 'dir': 'LONG'}
[RANGO] autosello ZKP · ACECHANDO · Oz=0.0 link=— · manos_feria_informe.json
[RANGO] ZKPUSDT_LINEAL last=0.04553 · río=WS · mercado=linear · estado=ACECHANDO · dir=— · 0=0.047 · Oz=— · Red=0.0450034 · manos=ON · pos=flat · latido=1.50s
[RANGO] ZKPUSDT_LINEAL last=0.04567 · río=WS · mercado=linear · estado=ACECHANDO · dir=— · 0=0.047 · Oz=— · Red=0.0450034 · manos=ON · pos=flat · latido=1.50s
[RANGO] autosello ZKP · ACECHANDO · Oz=0.0 link=— · manos_feria_informe.json
[RANGO] ZKPUSDT_LINEAL last=0.04578 · río=WS · mercado=linear · estado=ACECHANDO · dir=— · 0=0.047 · Oz=— · Red=0.0450034 · manos=ON · pos=flat · latido=1.50s
[RANGO] autosello ZKP · ACECHANDO · Oz=0.0 link=— · manos_feria_informe.json
[RANGO] ZKPUSDT_LINEAL last=0.04581 · río=WS · mercado=linear · estado=ACECHANDO · dir=— · 0=0.047 · Oz=— · Red=0.0450034 · manos=ON · pos=flat · latido=1.50s
[RANGO] ZKPUSDT_LINEAL last=0.04582 · río=WS · mercado=linear · estado=ACECHANDO · dir=— · 0=0.047 · Oz=— · Red=0.0450034 · manos=ON · pos=flat · latido=1.50s
[RANGO] autosello ZKP · ACECHANDO · Oz=0.0 link=— · manos_feria_informe.json
[2026-08-31 15:04:00] [TUSK] RECONCILIACIÓN: ZKPUSDT_LINEAL: interno L:0.000000/S:0.000000 -> real L:1716.000000/S:0.000000
[2026-08-31 15:04:00] [TUSK] RECONCILIACIÓN_FANTASMA: BIOUSDT_LINEAL existe interno pero no en exchange -> reseteando
[2026-08-31 15:04:01] [TUSK] RECONCILIACIÓN_OK: 2 frentes alineados con exchange
[RANGO] ZKPUSDT_LINEAL last=0.04588 · río=WS · mercado=linear · estado=ACECHANDO · dir=— · 0=0.047 · Oz=— · Red=0.0450034 · manos=ON · pos=LONG 1716@0.04952183 · latido=1.50s
[RANGO] autosello ZKP · ACECHANDO · Oz=0.0 link=— · manos_feria_informe.json
[RANGO] ZKPUSDT_LINEAL last=0.04593 · río=WS · mercado=linear · estado=ACECHANDO · dir=— · 0=0.047 · Oz=— · Red=0.0450034 · manos=ON · pos=LONG 1716@0.04952183 · latido=1.50s
[RANGO] ZKPUSDT_LINEAL last=0.04595 · río=WS · mercado=linear · estado=ACECHANDO · dir=— · 0=0.047 · Oz=— · Red=0.0450034 · manos=ON · pos=LONG 1716@0.04952183 · latido=1.50s
[RANGO] autosello ZKP · ACECHANDO · Oz=0.0 link=— · manos_feria_informe.json
[RANGO] ZKPUSDT_LINEAL last=0.04603 · río=WS · mercado=linear · estado=ACECHANDO · dir=— · 0=0.047 · Oz=— · Red=0.0450034 · manos=ON · pos=LONG 1716@0.04952183 · latido=1.50s
[RANGO] autosello ZKP · ACECHANDO · Oz=0.0 link=— · manos_feria_informe.json
[RANGO] ZKPUSDT_LINEAL last=0.04605 · río=WS · mercado=linear · estado=ACECHANDO · dir=— · 0=0.047 · Oz=— · Red=0.0450034 · manos=ON · pos=LONG 1716@0.04952183 · latido=1.50s
[RANGO] ZKPUSDT_LINEAL last=0.04604 · río=WS · mercado=linear · estado=ACECHANDO · dir=— · 0=0.047 · Oz=— · Red=0.0450034 · manos=ON · pos=LONG 1716@0.04952183 · latido=1.50s
[RANGO] autosello ZKP · ACECHANDO · Oz=0.0 link=— · manos_feria_informe.json
[RANGO] ZKPUSDT_LINEAL last=0.04604 · río=WS · mercado=linear · estado=ACECHANDO · dir=— · 0=0.047 · Oz=— · Red=0.0450034 · manos=ON · pos=LONG 1716@0.04952183 · latido=1.50s
[2026-08-31 15:05:02] [TUSK] RECONCILIACIÓN: BIOUSDT_LINEAL: interno L:0.000000/S:0.000000 -> real L:1016.000000/S:0.000000
[2026-08-31 15:05:02] [TUSK] RECONCILIACIÓN_FANTASMA: ACUUSDT_LINEAL existe interno pero no en exchange -> reseteando
[2026-08-31 15:05:02] [TUSK] RECONCILIACIÓN_OK: 2 frentes alineados con exchange
[RANGO] autosello ZKP · ACECHANDO · Oz=0.0 link=— · manos_feria_informe.json
[RANGO] ZKPUSDT_LINEAL last=0.04605 · río=WS · mercado=linear · estado=ACECHANDO · dir=— · 0=0.047 · Oz=— · Red=0.0450034 · manos=ON · pos=LONG 1716@0.04952183 · latido=1.50s
[RANGO] ZKPUSDT_LINEAL last=0.04605 · río=WS · mercado=linear · estado=ACECHANDO · dir=— · 0=0.047 · Oz=— · Red=0.0450034 · manos=ON · pos=LONG 1716@0.04952183 · latido=1.50s
[RANGO] autosello ZKP · ACECHANDO · Oz=0.0 link=— · manos_feria_informe.json
[RANGO] ZKPUSDT_LINEAL last=0.04609 · río=WS · mercado=linear · estado=ACECHANDO · dir=— · 0=0.047 · Oz=— · Red=0.0450034 · manos=ON · pos=LONG 1716@0.04952183 · latido=1.50s
[RANGO] autosello ZKP · ACECHANDO · Oz=0.0 link=— · manos_feria_informe.json
[RANGO] ZKPUSDT_LINEAL last=0.04608 · río=WS · mercado=linear · estado=ACECHANDO · dir=— · 0=0.047 · Oz=— · Red=0.0450034 · manos=ON · pos=LONG 1716@0.04952183 · latido=1.50s
[RANGO] ZKPUSDT_LINEAL last=0.04609 · río=WS · mercado=linear · estado=ACECHANDO · dir=— · 0=0.047 · Oz=— · Red=0.0450034 · manos=ON · pos=LONG 1716@0.04952183 · latido=1.50s
[RANGO] autosello ZKP · ACECHANDO · Oz=0.0 link=— · manos_feria_informe.json
[RANGO] ZKPUSDT_LINEAL last=0.04613 · río=WS · mercado=linear · estado=ACECHANDO · dir=— · 0=0.047 · Oz=— · Red=0.0450034 · manos=ON · pos=LONG 1716@0.04952183 · latido=1.50s
[RANGO] autosello ZKP · ACECHANDO · Oz=0.0 link=— · manos_feria_informe.json
[RANGO] ZKPUSDT_LINEAL last=0.04612 · río=ciego/muleta · mercado=linear · estado=ACECHANDO · dir=— · 0=0.047 · Oz=— · Red=0.0450034 · manos=ON · pos=LONG 1716@0.04952183 · latido=1.50s
[RANGO] ZKPUSDT_LINEAL last=0.04619 · río=WS · mercado=linear · estado=ACECHANDO · dir=— · 0=0.047 · Oz=— · Red=0.0450034 · manos=ON · pos=LONG 1716@0.04952183 · latido=1.50s
[RANGO] autosello ZKP · ACECHANDO · Oz=0.0 link=— · manos_feria_informe.json
[RANGO] ZKPUSDT_LINEAL last=0.04617 · río=WS · mercado=linear · estado=ACECHANDO · dir=— · 0=0.047 · Oz=— · Red=0.0450034 · manos=ON · pos=LONG 1716@0.04952183 · latido=1.50s
[RANGO] autosello ZKP · ACECHANDO · Oz=0.0 link=— · manos_feria_informe.json
[RANGO] ZKPUSDT_LINEAL last=0.04618 · río=WS · mercado=linear · estado=ACECHANDO · dir=— · 0=0.047 · Oz=— · Red=0.0450034 · manos=ON · pos=LONG 1716@0.04952183 · latido=1.50s
[RANGO] ZKPUSDT_LINEAL last=0.04623 · río=WS · mercado=linear · estado=ACECHANDO · dir=— · 0=0.047 · Oz=— · Red=0.0450034 · manos=ON · pos=LONG 1716@0.04952183 · latido=1.50s
[RANGO] autosello ZKP · ACECHANDO · Oz=0.0 link=— · manos_feria_informe.json
[RANGO] ZKPUSDT_LINEAL last=0.04629 · río=WS · mercado=linear · estado=ACECHANDO · dir=— · 0=0.047 · Oz=— · Red=0.0450034 · manos=ON · pos=LONG 1716@0.04952183 · latido=1.50s
[2026-08-31 15:07:05] [TUSK] RECONCILIACIÓN: OUSDT_LINEAL: interno L:0.000000/S:54.000000 -> real L:0.000000/S:65.000000
[2026-08-31 15:07:05] [TUSK] RECONCILIACIÓN: AEROUSDT_LINEAL: interno L:0.000000/S:0.000000 -> real L:70.000000/S:0.000000
[2026-08-31 15:07:05] [TUSK] RECONCILIACIÓN_FANTASMA: AIGENSYNUSDT_LINEAL existe interno pero no en exchange -> reseteando
[2026-08-31 15:07:05] [TUSK] RECONCILIACIÓN_OK: 3 frentes alineados con exchange
[RANGO] autosello ZKP · ACECHANDO · Oz=0.0 link=— · manos_feria_informe.json
[RANGO] ZKPUSDT_LINEAL last=0.04631 · río=WS · mercado=linear · estado=ACECHANDO · dir=— · 0=0.047 · Oz=— · Red=0.0450034 · manos=ON · pos=LONG 1716@0.04952183 · latido=1.50s
[RANGO] ZKPUSDT_LINEAL last=0.04633 · río=WS · mercado=linear · estado=ACECHANDO · dir=— · 0=0.047 · Oz=— · Red=0.0450034 · manos=ON · pos=LONG 1716@0.04952183 · latido=1.50s
[RANGO] autosello ZKP · ACECHANDO · Oz=0.0 link=— · manos_feria_informe.json
[RANGO] ZKPUSDT_LINEAL last=0.04634 · río=WS · mercado=linear · estado=ACECHANDO · dir=— · 0=0.047 · Oz=— · Red=0.0450034 · manos=ON · pos=LONG 1716@0.04952183 · latido=1.50s
